peak	chrom19	start19	end19	mapping_pass	strong_enhancer_segments	strong_enhancer_fraction	MYOD_chip_calls	MYOD_bound_fraction	strong_enhancer	MYOD_bound_enhancer	Gm12878_strong	H1hesc_strong	Hepg2_strong	Hmec_strong	Huvec_strong	K562_strong	Nhek_strong	Nhlf_strong	n_other_strong
chr10:100370970-100371831	chr10	102130727	102131588	True	2	1.0	0	0.0	True	False	False	True	True	True	True	True	True	True	7
chr10:100373100-100373924	chr10	102132857	102133681	True	1	0.1856796116504854	2	0.5315533980582524	True	True	False	False	False	True	True	True	True	True	5
chr10:114356606-114357453	chr10	116116365	116117212	True	1	0.4722550177095632	2	0.4498229043683589	True	True	False	False	False	False	False	False	False	False	0
chr10:114366872-114367769	chr10	116126631	116127528	True	1	1.0	2	0.6945373467112598	True	True	False	False	False	False	False	False	True	False	1
chr10:114374162-114375054	chr10	116133921	116134813	True	1	0.2242152466367713	2	0.7242152466367713	True	True	False	False	False	False	False	False	False	True	1
chr10:114504932-114505839	chr10	116264691	116265598	True	1	1.0	2	0.4145534729878721	True	True	False	False	True	True	True	False	True	False	4
chr10:114520102-114520946	chr10	116279861	116280705	True	1	0.4135071090047393	1	0.3210900473933649	True	True	False	False	True	True	False	False	True	True	4
chr10:114541170-114542106	chr10	116300929	116301865	True	1	0.9412393162393162	2	0.7446581196581197	True	True	False	False	False	True	False	False	True	True	3
chr10:114550356-114551250	chr10	116310115	116311009	True	2	0.4463087248322148	0	0.0	True	False	False	False	False	False	False	False	False	False	0
chr10:114564803-114565704	chr10	116324562	116325463	True	1	0.9411764705882352	2	0.4295227524972253	True	True	False	False	False	False	False	False	False	False	0
chr10:114575466-114576305	chr10	116335225	116336064	True	1	0.0643623361144219	0	0.0	True	False	False	False	False	True	False	False	True	False	2
chr10:114576890-114577742	chr10	116336649	116337501	True	1	1.0	2	0.2417840375586854	True	True	False	False	False	True	False	False	True	False	2
chr10:114584095-114585003	chr10	116343854	116344762	True	1	1.0	0	0.0	True	False	False	False	False	False	False	False	False	False	0
chr10:114623598-114624499	chr10	116383357	116384258	True	2	1.0	0	0.0	True	False	False	False	True	True	True	False	True	False	4
chr10:114631677-114632491	chr10	116391436	116392250	True	1	0.2948402948402948	2	0.4668304668304668	True	True	False	False	False	True	True	False	False	True	3
chr10:114632991-114633892	chr10	116392750	116393651	True	1	1.0	2	0.8490566037735849	True	True	False	False	False	True	True	False	True	True	4
chr10:114634412-114635229	chr10	116394171	116394988	True	4	1.0	1	0.4785801713586291	True	True	False	False	False	False	True	False	False	True	2
chr10:114638780-114639688	chr10	116398539	116399447	True	1	1.0	2	0.7004405286343612	True	True	False	False	False	True	False	False	False	True	2
chr10:114647187-114647946	chr10	116406946	116407705	True	1	0.6521739130434783	0	0.0	True	False	False	False	False	False	True	False	False	False	1
chr10:114684194-114684940	chr10	116443953	116444699	True	1	1.0	0	0.0	True	False	False	False	False	False	True	False	True	True	3
chr10:114691236-114692155	chr10	116450995	116451914	True	1	1.0	0	0.0	True	False	False	False	False	False	False	False	False	False	0
chr10:114696806-114697708	chr10	116456565	116457467	True	3	1.0	1	0.2971175166297117	True	True	False	False	False	False	True	False	False	False	1
chr10:114698463-114699296	chr10	116458222	116459055	True	1	0.7058823529411765	0	0.0	True	False	False	False	False	False	False	False	False	False	0
chr10:114825459-114826390	chr10	116585218	116586149	True	1	1.0	1	0.3200859291084855	True	True	True	False	False	True	True	False	True	True	5
chr10:114856325-114857212	chr10	116616084	116616971	True	1	1.0	0	0.0	True	False	False	False	False	True	True	False	True	True	4
chr10:125972973-125973843	chr10	127661542	127662412	True	1	0.4597701149425287	0	0.0	True	False	False	False	False	True	True	False	True	False	3
chr10:125979749-125980595	chr10	127668318	127669164	True	2	0.8912529550827423	2	0.5378250591016549	True	True	False	False	False	False	False	False	False	False	0
chr10:125982099-125982946	chr10	127670668	127671515	True	1	0.8323494687131051	1	0.2845336481700118	True	True	False	False	False	False	False	False	False	False	0
chr10:126013367-126014209	chr10	127701936	127702778	True	2	1.0	2	0.5498812351543944	True	True	False	False	False	False	False	False	False	False	0
chr10:126059086-126059896	chr10	127747655	127748465	True	2	0.808641975308642	1	0.4172839506172839	True	True	False	False	False	False	True	False	False	False	1
chr10:126060278-126061233	chr10	127748847	127749802	True	1	1.0	1	0.3581151832460733	True	True	False	False	False	False	True	False	False	True	2
chr10:126062177-126063009	chr10	127750746	127751578	True	1	1.0	2	1.0	True	True	False	False	False	True	True	False	True	True	4
chr10:126063273-126064096	chr10	127751842	127752665	True	1	1.0	0	0.0	True	False	False	False	False	True	True	False	True	True	4
chr10:126087885-126088783	chr10	127776454	127777352	True	1	0.6681514476614699	1	0.4276169265033407	True	True	False	False	False	False	False	False	False	False	0
chr10:126090626-126091528	chr10	127779195	127780097	True	3	1.0	0	0.0	True	False	False	False	False	True	False	False	True	True	3
chr10:126134028-126134853	chr10	127822597	127823422	True	1	0.4848484848484848	0	0.0	True	False	False	False	False	False	False	False	False	False	0
chr10:126147967-126148869	chr10	127836536	127837438	True	1	1.0	2	0.4268292682926829	True	True	False	False	False	False	False	False	False	True	1
chr10:126169860-126170717	chr10	127858429	127859286	True	1	1.0	0	0.0	True	False	False	False	False	False	False	False	False	False	0
chr10:126171345-126172247	chr10	127859914	127860816	True	2	1.0	0	0.0	True	False	False	False	False	False	False	False	False	True	1
chr10:126199005-126199917	chr10	127887574	127888486	True	2	1.0	0	0.0	True	False	False	False	False	False	False	True	False	False	1
chr10:126222692-126223326	chr10	127911261	127911895	True	1	1.0	0	0.0	True	False	False	False	False	False	False	False	False	False	0
chr10:126227462-126228369	chr10	127916031	127916938	True	3	1.0	2	0.4266813671444321	True	True	False	False	False	False	False	False	False	False	0
chr10:126240217-126241113	chr10	127928786	127929682	True	2	1.0	2	0.5122767857142857	True	True	False	False	False	False	False	False	False	False	0
chr10:126242623-126243387	chr10	127931192	127931956	True	1	1.0	2	0.5890052356020943	True	True	False	False	False	False	False	False	False	True	1
chr10:126243809-126244674	chr10	127932378	127933243	True	1	1.0	1	0.3976878612716763	True	True	False	False	False	False	False	False	False	True	1
chr10:126247199-126248089	chr10	127935768	127936658	True	2	1.0	2	0.7101123595505618	True	True	False	False	False	False	True	False	True	True	3
chr10:126253056-126253950	chr10	127941625	127942519	True	3	1.0	2	0.7516778523489933	True	True	False	False	False	False	False	False	True	True	2
chr10:126315416-126316308	chr10	128003985	128004877	True	2	1.0	1	0.3262331838565022	True	True	False	False	False	False	False	False	False	False	0
chr10:126350239-126351148	chr10	128038808	128039717	True	3	1.0	3	0.9592959295929592	True	True	False	False	False	True	False	False	False	False	1
chr10:126372991-126373663	chr10	128061560	128062232	True	2	1.0	2	0.7961309523809523	True	True	False	False	False	False	False	False	False	True	1
chr10:126373783-126374503	chr10	128062352	128063072	True	2	1.0	1	0.6597222222222222	True	True	False	False	False	False	False	False	False	True	1
chr10:126380480-126381333	chr10	128069049	128069902	True	1	1.0	2	0.4724501758499413	True	True	False	False	False	False	False	False	False	False	0
chr10:126384043-126384954	chr10	128072612	128073523	True	1	1.0	2	0.4324917672886937	True	True	False	False	False	False	False	False	False	False	0
chr10:126397753-126398587	chr10	128086322	128087156	True	1	1.0	1	0.3848920863309352	True	True	False	False	False	True	False	False	True	True	3
chr10:126421522-126422433	chr10	128110091	128111002	True	3	1.0	0	0.0	True	False	False	False	False	True	False	False	False	True	2
chr10:126459342-126460021	chr10	128147911	128148590	True	1	1.0	0	0.0	True	False	False	False	False	False	False	False	False	True	1
chr10:126460139-126460456	chr10	128148708	128149025	True	1	0.9526813880126184	0	0.0	True	False	False	False	False	False	False	False	False	True	1
chr10:126476045-126476933	chr10	128164614	128165502	True	1	0.8963963963963963	2	0.5416666666666666	True	True	False	False	False	False	False	False	False	False	0
chr10:29471177-29472053	chr10	29760106	29760982	True	1	0.8995433789954338	0	0.0	True	False	False	False	False	True	False	False	True	True	3
chr10:29482452-29483348	chr10	29771381	29772277	True	2	0.9854910714285714	1	0.2991071428571428	True	True	True	True	False	False	True	False	False	True	4
chr10:29501501-29502369	chr10	29790430	29791298	True	1	1.0	0	0.0	True	False	False	False	False	True	False	False	True	True	3
chr10:29598552-29599453	chr10	29887481	29888382	True	1	0.8745837957824639	1	0.6770255271920089	True	True	False	False	False	True	False	False	True	True	3
chr10:29634567-29635451	chr10	29923496	29924380	True	1	1.0	2	0.4423076923076923	True	True	False	False	False	True	True	False	True	True	4
chr10:29635922-29636855	chr10	29924851	29925784	True	1	0.5819935691318328	1	0.165058949624866	True	True	False	True	False	True	True	False	True	True	5
chr10:29658893-29659776	chr10	29947822	29948705	True	1	1.0	2	0.6715741789354474	True	True	False	False	False	True	True	False	True	True	4
chr10:29803930-29804785	chr10	30092859	30093714	True	2	1.0	2	0.6058479532163743	True	True	False	False	False	True	True	False	True	True	4
chr10:32938255-32939121	chr10	33227183	33228049	True	1	1.0	3	0.7655889145496536	True	True	False	False	True	True	True	True	True	True	6
chr10:32961692-32962555	chr10	33250620	33251483	True	2	1.0	0	0.0	True	False	False	False	False	True	True	True	True	True	5
chr10:32962989-32963779	chr10	33251917	33252707	True	1	1.0	0	0.0	True	False	False	False	False	True	True	False	True	True	4
chr10:32980312-32981195	chr10	33269240	33270123	True	1	1.0	1	0.6149490373725934	True	True	False	True	False	True	True	True	True	True	6
chr10:32983085-32983948	chr10	33272013	33272876	True	3	1.0	0	0.0	True	False	False	False	True	True	True	False	True	True	5
chr10:32985551-32986465	chr10	33274479	33275393	True	2	1.0	1	0.3030634573304157	True	True	False	False	True	True	True	False	True	True	5
chr10:33005246-33006138	chr10	33294174	33295066	True	1	0.5291479820627802	0	0.0	True	False	False	False	False	True	True	False	True	True	4
chr10:33008476-33009363	chr10	33297404	33298291	True	2	0.7857948139797069	0	0.0	True	False	False	False	False	True	True	False	True	True	4
chr10:33010049-33010971	chr10	33298977	33299899	True	3	1.0	2	0.4815618221258134	True	True	False	False	False	True	False	False	True	True	3
chr10:33015534-33016419	chr10	33304462	33305347	True	1	0.8271186440677966	0	0.0	True	False	False	False	False	False	False	False	False	False	0
chr10:33032360-33033244	chr10	33321288	33322172	True	3	1.0	0	0.0	True	False	False	False	False	True	True	False	True	True	4
chr10:33073854-33074757	chr10	33362782	33363685	True	1	0.8859357696566998	1	0.4086378737541528	True	True	False	False	False	False	False	False	False	False	0
chr10:33099586-33100413	chr10	33388514	33389341	True	1	1.0	0	0.0	True	False	False	False	False	False	False	False	False	False	0
chr10:73553170-73554027	chr10	75312928	75313785	True	1	1.0	2	0.721120186697783	True	True	False	False	False	False	False	False	False	False	0
chr10:73586487-73587336	chr10	75346245	75347094	True	1	0.8822143698468787	0	0.0	True	False	False	False	True	True	False	True	False	False	3
chr10:73591887-73592248	chr10	75351645	75352006	True	1	0.9667590027700832	0	0.0	True	False	False	False	True	True	False	True	False	True	4
chr10:73655636-73656443	chr10	75415394	75416201	True	2	1.0	2	0.5712515489467163	True	True	True	False	False	False	False	False	False	False	1
chr10:73660574-73661482	chr10	75420332	75421240	True	1	0.9317180616740088	0	0.0	True	False	False	False	False	False	False	True	False	False	1
chr10:86597830-86598700	chr10	88357587	88358457	True	4	1.0	2	0.4298850574712644	True	True	False	False	False	False	False	False	False	False	0
chr10:86600050-86600946	chr10	88359807	88360703	True	1	0.9073660714285714	0	0.0	True	False	False	False	False	False	False	False	False	False	0
chr10:86602985-86603877	chr10	88362742	88363634	True	1	0.984304932735426	0	0.0	True	False	False	False	False	False	False	False	False	False	0
chr10:86635128-86636012	chr10	88394885	88395769	True	1	1.0	0	0.0	True	False	False	False	False	False	False	False	False	True	1
chr10:86668036-86668940	chr10	88427793	88428697	True	2	0.9148230088495576	2	0.3252212389380531	True	True	False	False	False	False	False	False	False	False	0
chr10:86732983-86733860	chr10	88492740	88493617	True	2	0.9087799315849489	2	0.6966932725199544	True	True	False	False	False	False	False	False	False	False	0
chr10:86775006-86775870	chr10	88534763	88535627	True	2	0.925925925925926	0	0.0	True	False	True	False	False	True	False	True	False	True	4
chr10:86795079-86795951	chr10	88554836	88555708	True	1	0.7889908256880734	0	0.0	True	False	False	False	False	False	False	False	False	False	0
chr10:91587828-91588741	chr10	93347585	93348498	True	3	1.0	0	0.0	True	False	False	False	False	False	True	True	False	True	3
chr10:91590268-91591106	chr10	93350025	93350863	True	1	1.0	0	0.0	True	False	False	False	False	False	True	True	False	True	3
chr10:91596811-91597564	chr10	93356568	93357321	True	1	1.0	0	0.0	True	False	False	False	False	True	True	False	True	True	4
chr10:91598336-91599245	chr10	93358093	93359002	True	1	0.7997799779977998	0	0.0	True	False	False	False	False	True	False	False	True	True	3
chr10:91604836-91605755	chr10	93364593	93365512	True	2	0.8998911860718172	0	0.0	True	False	False	False	False	False	True	False	False	True	2
chr10:91608450-91609269	chr10	93368207	93369026	True	3	1.0	0	0.0	True	False	False	False	False	False	False	True	True	True	3
chr10:91613337-91614237	chr10	93373094	93373994	True	1	1.0	3	0.5977777777777777	True	True	False	False	False	True	True	True	True	True	5
chr10:91616979-91617795	chr10	93376736	93377552	True	1	0.4901960784313725	1	0.3884803921568627	True	True	False	False	False	False	False	True	True	True	3
chr10:91632748-91633665	chr10	93392505	93393422	True	1	0.0021810250817884	2	0.6619411123227917	True	True	False	False	False	True	False	False	False	True	2
chr10:91642521-91643428	chr10	93402278	93403185	True	1	0.402425578831312	1	0.4928335170893054	True	True	False	False	False	False	False	False	False	False	0
chr10:91652131-91653036	chr10	93411888	93412793	True	1	1.0	1	0.2585635359116022	True	True	False	False	False	True	False	False	True	True	3
chr10:91671941-91672835	chr10	93431698	93432592	True	1	0.6711409395973155	2	0.6767337807606264	True	True	False	False	False	False	False	False	True	False	1
chr10:91683717-91684611	chr10	93443474	93444368	True	1	0.610738255033557	2	0.558165548098434	True	True	False	False	False	True	False	False	True	False	2
chr10:91689502-91690390	chr10	93449259	93450147	True	1	0.6756756756756757	0	0.0	True	False	False	False	False	True	False	False	True	False	2
chr10:95260367-95261229	chr10	97020124	97020986	True	2	1.0	1	0.41415313225058	True	True	False	False	True	True	True	True	True	True	6
chr10:95273213-95274133	chr10	97032970	97033890	True	3	0.9565217391304348	0	0.0	True	False	False	False	True	True	True	False	True	True	5
chr10:95275363-95276212	chr10	97035120	97035969	True	1	0.8939929328621908	0	0.0	True	False	False	False	False	True	True	False	True	True	4
chr10:95307332-95307929	chr10	97067089	97067686	True	1	0.1273031825795645	0	0.0	True	False	False	False	False	False	False	False	False	True	1
chr10:95308482-95309381	chr10	97068239	97069138	True	2	1.0	0	0.0	True	False	True	False	False	True	True	True	True	True	6
chr10:95333894-95334715	chr10	97093651	97094472	True	1	0.9244823386114496	1	0.3337393422655298	True	True	False	False	False	True	True	False	True	True	4
chr10:95445223-95445754	chr10	97204980	97205511	True	1	1.0	0	0.0	True	False	False	False	False	True	True	False	True	False	3
chr10:95473953-95474861	chr10	97233710	97234618	True	3	1.0	0	0.0	True	False	False	False	True	False	True	False	False	False	2
chr10:95479574-95480318	chr10	97239331	97240075	True	1	1.0	0	0.0	True	False	False	False	True	False	True	False	False	False	2
chr10:95513796-95514687	chr10	97273553	97274444	True	1	0.9618406285072952	0	0.0	True	False	False	False	True	False	True	False	False	False	2
chr10:95517280-95518196	chr10	97277037	97277953	True	1	0.3744541484716157	2	0.5229257641921398	True	True	False	False	False	False	True	True	False	False	2
chr10:95528626-95529539	chr10	97288383	97289296	True	1	0.6571741511500547	1	0.4238773274917853	True	True	False	False	True	False	False	True	False	False	2
chr10:95544549-95545460	chr10	97304306	97305217	True	3	0.9923161361141604	2	0.4171240395170142	True	True	False	False	True	False	False	True	False	False	2
chr10:97490394-97491301	chr10	99250151	99251058	True	1	0.9349503858875412	2	0.4211686879823594	True	True	False	False	False	False	False	False	False	False	0
chr10:97539515-97540336	chr10	99299272	99300093	True	2	0.8319123020706456	0	0.0	True	False	False	False	False	True	True	False	False	True	3
chr10:97540509-97541344	chr10	99300266	99301101	True	2	1.0	2	0.4778443113772455	True	True	False	False	False	False	True	False	False	True	2
chr10:97541878-97542692	chr10	99301635	99302449	True	2	1.0	2	0.7383292383292384	True	True	False	True	False	True	True	True	True	True	6
chr10:97542993-97543841	chr10	99302750	99303598	True	1	1.0	2	0.8584905660377359	True	True	False	False	False	True	True	True	True	True	5
chr10:97572170-97572778	chr10	99331927	99332535	True	1	1.0	1	0.6167763157894737	True	True	False	False	False	True	False	False	True	False	2
chr10:97572890-97573469	chr10	99332647	99333226	True	1	0.9723661485319516	1	0.613126079447323	True	True	False	False	False	True	False	False	True	False	2
chr10:97574401-97575291	chr10	99334158	99335048	True	2	1.0	1	0.3764044943820224	True	True	False	False	False	True	True	False	True	False	3
chr10:97648768-97649671	chr10	99408525	99409428	True	3	1.0	0	0.0	True	False	True	False	False	True	True	True	True	True	6
chr11:107664691-107665591	chr11	107535417	107536317	True	2	1.0	2	0.5011111111111111	True	True	False	False	False	False	False	False	False	False	0
chr11:107669121-107669996	chr11	107539847	107540722	True	1	0.392	0	0.0	True	False	False	False	False	False	False	False	False	False	0
chr11:107695890-107696792	chr11	107566616	107567518	True	1	1.0	2	0.4390243902439024	True	True	False	False	False	False	True	False	False	True	2
chr11:107704785-107705642	chr11	107575511	107576368	True	2	1.0	0	0.0	True	False	False	False	False	False	False	False	False	True	1
chr11:107719720-107720622	chr11	107590446	107591348	True	3	1.0	0	0.0	True	False	False	False	False	False	False	False	False	False	0
chr11:107747357-107748247	chr11	107618083	107618973	True	1	0.8797752808988764	1	0.4134831460674157	True	True	False	False	False	False	False	False	False	False	0
chr11:107752886-107753795	chr11	107623612	107624521	True	1	0.44004400440044	1	0.2497249724972497	True	True	False	False	False	False	False	False	False	False	0
chr11:107768896-107769739	chr11	107639622	107640465	True	1	1.0	1	0.3748517200474496	True	True	False	False	False	False	False	False	False	False	0
chr11:107770764-107771384	chr11	107641490	107642110	True	1	0.4838709677419355	0	0.0	True	False	False	False	False	False	False	False	False	True	1
chr11:111829083-111829875	chr11	111699807	111700598	True	1	1.0	1	0.3780025284450063	True	True	True	False	False	False	False	False	False	True	2
chr11:111878710-111879609	chr11	111749434	111750333	True	1	0.1590656284760845	2	0.3926585094549499	True	True	False	False	False	False	True	False	False	False	1
chr11:111910371-111911163	chr11	111781095	111781887	True	1	0.6275252525252525	0	0.0	True	False	False	False	False	False	False	True	False	False	1
chr11:111911643-111912512	chr11	111782367	111783236	True	1	1.0	1	1.0	True	True	False	False	False	True	False	True	False	True	3
chr11:111913798-111914694	chr11	111784522	111785418	True	1	0.96875	0	0.0	True	False	False	False	False	False	True	False	False	True	2
chr11:111918490-111919371	chr11	111789214	111790095	True	2	0.8808172531214529	2	0.4597048808172531	True	True	False	False	True	False	False	True	True	False	3
chr11:111922762-111923518	chr11	111793486	111794242	True	2	0.8624338624338624	0	0.0	True	False	False	False	True	False	True	True	False	True	4
chr11:111926649-111927568	chr11	111797373	111798292	True	2	0.5647442872687704	0	0.0	True	False	True	True	True	True	True	True	True	True	8
chr11:111936658-111937569	chr11	111807382	111808293	True	1	0.1130625686059275	0	0.0	True	False	False	False	False	False	True	True	False	False	2
chr11:111938555-111939465	chr11	111809279	111810189	True	1	1.0	0	0.0	True	False	True	False	False	False	True	True	True	True	5
chr11:111941727-111942610	chr11	111812451	111813334	True	2	1.0	2	0.4960362400906002	True	True	False	False	False	True	False	False	True	False	2
chr11:111944443-111945251	chr11	111815167	111815975	True	1	1.0	0	0.0	True	False	False	False	False	True	True	False	True	True	4
chr11:111988608-111989480	chr11	111859332	111860204	True	1	0.9174311926605504	0	0.0	True	False	False	False	True	True	False	True	True	True	5
chr11:112877979-112878842	chr11	112748702	112749565	True	3	0.8980301274623407	2	0.5701042873696408	True	True	False	False	False	False	False	False	False	False	0
chr11:112884185-112885066	chr11	112754908	112755789	True	2	0.9069239500567536	0	0.0	True	False	False	False	False	False	False	False	False	False	0
chr11:112958442-112959343	chr11	112829165	112830066	True	1	1.0	0	0.0	True	False	False	False	False	False	False	False	False	False	0
chr11:112968938-112969800	chr11	112839660	112840522	True	1	0.6148491879350348	3	0.7366589327146171	True	True	False	False	False	False	False	False	False	False	0
chr11:112977521-112978433	chr11	112848243	112849155	True	1	0.4385964912280701	0	0.0	True	False	False	False	False	False	False	False	False	False	0
chr11:113106304-113107201	chr11	112977026	112977923	True	2	1.0	2	0.8450390189520625	True	True	False	False	False	False	False	False	False	False	0
chr11:113114141-113114969	chr11	112984863	112985691	True	2	0.6364734299516909	0	0.0	True	False	False	False	False	False	False	False	False	False	0
chr11:113118917-113119757	chr11	112989639	112990479	True	2	0.655952380952381	0	0.0	True	False	False	False	False	False	False	False	False	False	0
chr11:113163072-113163854	chr11	113033794	113034576	True	2	0.5063938618925832	0	0.0	True	False	False	False	False	False	False	False	False	False	0
chr11:113176715-113177598	chr11	113047437	113048320	True	3	1.0	3	0.5424688561721405	True	True	False	False	False	False	False	False	False	False	0
chr11:113184255-113185152	chr11	113054977	113055874	True	1	0.8918617614269788	1	0.3277591973244147	True	True	False	False	False	True	False	False	True	False	2
chr11:113190024-113190920	chr11	113060746	113061642	True	1	1.0	2	0.5245535714285714	True	True	False	False	False	True	False	True	True	True	4
chr11:113241360-113242185	chr11	113112082	113112907	True	3	1.0	2	0.6375757575757576	True	True	False	False	False	False	False	False	False	False	0
chr11:113242734-113243464	chr11	113113456	113114186	True	2	1.0	0	0.0	True	False	False	False	False	False	False	False	False	False	0
chr11:113286811-113287694	chr11	113157533	113158416	True	1	1.0	2	0.7848244620611552	True	True	False	False	False	False	False	False	False	False	0
chr11:113311255-113312163	chr11	113181977	113182885	True	2	1.0	2	0.4361233480176211	True	True	False	False	False	False	False	False	False	False	0
chr11:113314166-113315045	chr11	113184888	113185767	True	1	0.3435722411831627	0	0.0	True	False	True	False	False	True	False	False	True	False	3
chr11:117143867-117144782	chr11	117014583	117015498	True	1	0.0076502732240437	1	0.4513661202185792	True	True	False	False	False	False	True	False	True	False	2
chr11:117179599-117180389	chr11	117050315	117051105	True	1	0.9050632911392406	1	0.5430379746835443	True	True	True	False	False	True	False	True	True	True	5
chr11:117197594-117198326	chr11	117068310	117069042	True	1	0.0710382513661202	0	0.0	True	False	False	True	False	False	False	False	False	True	2
chr11:117198809-117199671	chr11	117069525	117070387	True	1	0.3074245939675174	0	0.0	True	False	False	True	False	False	False	False	False	True	2
chr11:117220676-117221518	chr11	117091392	117092234	True	2	1.0	2	0.5712589073634204	True	True	False	False	False	True	False	True	False	True	3
chr11:117221739-117222614	chr11	117092455	117093330	True	2	0.84	0	0.0	True	False	False	False	False	True	False	True	False	True	3
chr11:117239064-117239944	chr11	117109780	117110660	True	1	0.9204545454545454	0	0.0	True	False	False	False	False	False	True	False	False	True	2
chr11:117259182-117260059	chr11	117129898	117130775	True	1	1.0	1	0.0364880273660205	True	True	False	False	False	False	False	False	False	True	1
chr11:117273383-117274276	chr11	117144099	117144992	True	1	0.8980963045912654	1	0.3281075027995521	True	True	False	False	False	False	False	False	False	True	1
chr11:117280914-117281811	chr11	117151630	117152527	True	1	1.0	0	0.0	True	False	False	False	False	False	True	False	True	True	3
chr11:125983781-125984691	chr11	125853676	125854586	True	1	0.4395604395604395	0	0.0	True	False	False	False	True	False	False	False	False	False	1
chr11:126109697-126110621	chr11	125979592	125980516	True	4	1.0	2	0.7705627705627706	True	True	False	False	False	False	False	False	False	False	0
chr11:126113357-126114242	chr11	125983252	125984137	True	2	1.0	1	0.3604519774011299	True	True	False	False	False	False	False	False	False	True	1
chr11:126115650-126116472	chr11	125985545	125986367	True	1	1.0	0	0.0	True	False	False	False	True	False	False	False	False	True	2
chr11:126139194-126140088	chr11	126009089	126009983	True	1	1.0	2	0.5827740492170023	True	True	False	False	False	False	False	False	False	False	0
chr11:126140806-126141630	chr11	126010701	126011525	True	1	0.8361650485436893	0	0.0	True	False	False	False	False	False	False	False	False	False	0
chr11:126162775-126163662	chr11	126032670	126033557	True	2	1.0	2	0.4892897406989853	True	True	False	False	False	True	False	False	False	True	2
chr11:1749928-1750593	chr11	1771158	1771823	True	1	1.0	1	0.7097744360902256	True	True	False	False	False	False	False	False	False	True	1
chr11:1760162-1761052	chr11	1781392	1782282	True	3	0.9640449438202248	2	0.5112359550561798	True	True	False	False	False	False	True	True	False	True	3
chr11:1763644-1764472	chr11	1784874	1785702	True	1	0.0942028985507246	2	0.3973429951690821	True	True	False	False	False	False	False	False	False	False	0
chr11:17649919-17650798	chr11	17671466	17672345	True	1	1.0	3	0.8100113765642776	True	True	False	False	False	False	False	False	False	False	0
chr11:17652327-17652866	chr11	17673874	17674413	True	1	1.0	1	0.5640074211502782	True	True	False	False	False	False	False	False	False	False	0
chr11:17653349-17654252	chr11	17674896	17675799	True	2	1.0	2	0.832779623477298	True	True	False	False	False	False	False	False	False	False	0
chr11:17673762-17674639	chr11	17695309	17696186	True	1	1.0	0	0.0	True	False	False	False	False	False	False	False	False	False	0
chr11:17683162-17684095	chr11	17704709	17705642	True	1	1.0	1	0.5916398713826366	True	True	False	False	False	False	True	False	False	False	1
chr11:17685885-17686785	chr11	17707432	17708332	True	1	0.5644444444444444	2	0.4622222222222222	True	True	False	False	False	False	False	False	False	False	0
chr11:17687691-17688585	chr11	17709238	17710132	True	1	1.0	2	0.5425055928411633	True	True	False	False	False	False	False	False	False	False	0
chr11:17695540-17696403	chr11	17717087	17717950	True	2	0.7682502896871379	2	0.8771726535341831	True	True	False	False	False	False	False	False	False	False	0
chr11:17696914-17697783	chr11	17718461	17719330	True	1	1.0	3	0.7744533947065593	True	True	False	False	False	False	False	False	False	False	0
chr11:17699240-17700107	chr11	17720787	17721654	True	3	1.0	2	0.9411764705882352	True	True	False	False	False	False	False	False	False	False	0
chr11:17714073-17714965	chr11	17735620	17736512	True	1	0.9955156950672646	1	0.5930493273542601	True	True	False	False	False	False	False	False	False	False	0
chr11:1772244-1773139	chr11	1793474	1794369	True	1	0.6145251396648045	0	0.0	True	False	False	False	False	True	True	True	True	True	5
chr11:17786612-17787518	chr11	17808159	17809065	True	1	0.7075055187637969	0	0.0	True	False	False	False	False	True	False	False	True	True	3
chr11:1826741-1827558	chr11	1847971	1848788	True	1	1.0	2	0.8298653610771114	True	True	False	False	False	True	False	False	True	True	3
chr11:1863222-1864043	chr11	1884452	1885273	True	1	1.0	1	0.8830694275274056	True	True	False	False	False	False	False	False	False	False	0
chr11:1876348-1877303	chr11	1897578	1898533	True	1	1.0	2	0.669109947643979	True	True	False	False	True	False	True	False	True	False	3
chr11:1880073-1880969	chr11	1901303	1902199	True	1	1.0	0	0.0	True	False	False	False	False	False	False	False	False	False	0
chr11:1882161-1883026	chr11	1903391	1904256	True	1	0.500578034682081	2	0.3953757225433526	True	True	False	False	False	False	False	False	False	False	0
chr11:1917005-1917764	chr11	1938235	1938994	True	1	1.0	3	0.7378129117259552	True	True	False	False	False	False	False	False	False	False	0
chr11:1920908-1921711	chr11	1942138	1942941	True	2	0.8929016189290162	4	0.7608966376089664	True	True	False	False	False	False	False	False	False	False	0
chr11:19218592-19219518	chr11	19240139	19241065	True	2	0.8639308855291576	2	0.8768898488120951	True	True	False	False	False	False	False	False	True	False	1
chr11:19349084-19349987	chr11	19370631	19371534	True	2	1.0	2	0.583610188261351	True	True	False	False	False	False	False	False	False	False	0
chr11:19366994-19367888	chr11	19388541	19389435	True	3	1.0	1	0.2986577181208054	True	True	False	False	False	False	True	False	False	True	2
chr11:19370227-19371129	chr11	19391774	19392676	True	1	0.9423503325942352	0	0.0	True	False	False	False	False	False	True	False	False	True	2
chr11:19373936-19374834	chr11	19395483	19396381	True	1	1.0	1	0.3630289532293986	True	True	False	False	False	True	True	False	True	True	4
chr11:19380142-19381041	chr11	19401689	19402588	True	1	1.0	1	0.3848720800889877	True	True	False	False	False	True	True	False	True	True	4
chr11:19419111-19420009	chr11	19440658	19441556	True	1	1.0	1	0.2628062360801781	True	True	False	False	False	False	False	False	False	True	1
chr11:19432189-19433088	chr11	19453736	19454635	True	1	0.2224694104560622	1	0.353726362625139	True	True	True	False	False	False	False	False	False	True	2
chr11:19627703-19628617	chr11	19649249	19650163	True	1	1.0	1	0.4026258205689278	True	True	False	False	False	True	True	False	False	False	2
chr11:19631565-19632436	chr11	19653111	19653982	True	1	1.0	2	0.4006888633754305	True	True	False	False	False	True	False	False	False	False	1
chr11:19679880-19680783	chr11	19701426	19702329	True	3	1.0	3	0.6411960132890365	True	True	False	False	False	True	True	False	True	True	4
chr11:19712265-19713148	chr11	19733811	19734694	True	2	0.5469988674971688	0	0.0	True	False	False	False	False	True	True	False	False	True	3
chr11:19715095-19715956	chr11	19736641	19737502	True	2	0.7677119628339141	2	0.6794425087108014	True	True	False	False	False	True	True	False	False	True	3
chr11:19756631-19757479	chr11	19778177	19779025	True	1	0.7075471698113207	1	0.419811320754717	True	True	False	False	False	False	False	False	False	False	0
chr11:19842238-19843135	chr11	19863784	19864681	True	2	1.0	2	0.4949832775919732	True	True	False	False	False	False	False	False	False	True	1
chr11:19849195-19850077	chr11	19870741	19871623	True	2	1.0	2	0.8503401360544217	True	True	False	False	False	False	False	False	False	True	1
chr11:19868264-19869108	chr11	19889810	19890654	True	1	1.0	3	0.8116113744075829	True	True	False	False	False	True	True	False	False	True	3
chr11:19889222-19890020	chr11	19910768	19911566	True	1	1.0	0	0.0	True	False	False	False	False	False	False	False	False	True	1
chr11:19890156-19890953	chr11	19911702	19912499	True	2	1.0	0	0.0	True	False	False	False	False	False	False	False	False	True	1
chr11:19903341-19904252	chr11	19924887	19925798	True	1	0.150384193194292	0	0.0	True	False	False	False	False	False	False	False	False	False	0
chr11:19918892-19919764	chr11	19940438	19941310	True	1	1.0	1	0.3291284403669725	True	True	False	False	False	True	True	False	True	True	4
chr11:19931184-19931955	chr11	19952730	19953501	True	3	1.0	1	0.2438391699092088	True	True	False	False	False	False	False	False	False	True	1
chr11:19934808-19935295	chr11	19956354	19956841	True	1	0.8562628336755647	0	0.0	True	False	False	False	False	False	True	False	False	True	2
chr11:19980985-19981902	chr11	20002531	20003448	True	1	0.7557251908396947	0	0.0	True	False	False	False	True	False	True	True	False	True	4
chr11:20031114-20032023	chr11	20052660	20053569	True	1	1.0	1	0.33003300330033	True	True	False	True	True	True	False	False	True	True	5
chr11:20035414-20036310	chr11	20056960	20057856	True	3	1.0	3	0.8482142857142857	True	True	False	False	True	True	False	False	True	True	4
chr11:20086930-20087848	chr11	20108476	20109394	True	2	0.7821350762527233	0	0.0	True	False	False	False	False	False	False	False	False	False	0
chr11:20112067-20112993	chr11	20133613	20134539	True	1	1.0	2	0.652267818574514	True	True	False	False	False	True	True	True	True	True	5
chr11:47254505-47255359	chr11	47276056	47276910	True	1	0.8032786885245902	0	0.0	True	False	False	False	True	False	True	False	False	True	3
chr11:47269437-47270260	chr11	47290988	47291811	True	1	0.2867557715674362	0	0.0	True	False	True	False	True	True	True	False	True	True	6
chr11:47393110-47394016	chr11	47414661	47415567	True	2	0.8200883002207505	2	0.488962472406181	True	True	True	False	False	False	True	True	False	True	4
chr11:47413616-47414513	chr11	47435167	47436064	True	2	1.0	2	0.391304347826087	True	True	False	False	False	False	False	False	False	True	1
chr11:47415784-47416675	chr11	47437335	47438226	True	4	1.0	2	0.7070707070707071	True	True	False	False	False	True	True	False	True	True	4
chr11:47434213-47435070	chr11	47455764	47456621	True	1	0.4667444574095682	0	0.0	True	False	False	False	False	False	False	False	False	False	0
chr11:47448686-47449588	chr11	47470238	47471140	True	1	0.3503325942350332	0	0.0	True	False	False	False	False	False	False	False	False	False	0
chr11:57214236-57215104	chr11	56981710	56982578	True	3	1.0	0	0.0	True	False	False	False	False	False	False	False	False	False	0
chr11:57224290-57225169	chr11	56991764	56992643	True	1	0.9783845278725825	0	0.0	True	False	False	False	False	False	False	False	False	False	0
chr11:57277680-57278561	chr11	57045154	57046035	True	3	0.6935300794551645	0	0.0	True	False	False	True	False	True	True	False	True	True	5
chr11:57279468-57280268	chr11	57046942	57047742	True	1	0.3975	0	0.0	True	False	False	False	False	True	False	False	True	True	3
chr11:57288849-57289664	chr11	57056323	57057138	True	2	1.0	2	0.5325153374233129	True	True	False	False	False	True	True	False	True	True	4
chr11:57290251-57290991	chr11	57057725	57058465	True	1	0.6743243243243243	0	0.0	True	False	False	False	False	True	False	False	False	True	2
chr11:57292890-57293815	chr11	57060364	57061289	True	1	1.0	2	0.72	True	True	False	False	False	True	False	False	True	False	2
chr11:57294475-57295322	chr11	57061949	57062796	True	3	1.0	0	0.0	True	False	False	False	False	True	False	False	True	False	2
chr11:57303975-57304879	chr11	57071449	57072353	True	1	1.0	0	0.0	True	False	False	False	False	True	False	False	True	False	2
chr11:57311010-57311907	chr11	57078484	57079381	True	2	0.3311036789297659	2	0.8617614269788183	True	True	False	True	False	True	True	True	True	True	6
chr11:57322181-57323029	chr11	57089655	57090503	True	1	0.3290094339622642	0	0.0	True	False	False	False	True	True	True	True	True	False	5
chr11:57324586-57325498	chr11	57092060	57092972	True	1	0.1622807017543859	0	0.0	True	False	True	True	False	True	True	True	True	True	7
chr11:64659509-64660356	chr11	64426981	64427828	True	1	1.0	2	0.7804014167650531	True	True	False	False	False	True	False	True	True	True	4
chr11:64686934-64687734	chr11	64454406	64455206	True	1	0.7275	2	0.9225	True	True	False	False	False	False	False	False	False	False	0
chr11:64688296-64689198	chr11	64455768	64456670	True	2	0.7272727272727273	2	0.6829268292682927	True	True	False	False	False	False	False	False	False	False	0
chr11:64759753-64760668	chr11	64527225	64528140	True	1	0.4371584699453552	2	0.7650273224043715	True	True	False	True	False	False	False	False	False	False	1
chr11:64854679-64855580	chr11	64622151	64623052	True	1	1.0	3	0.779134295227525	True	True	True	False	True	True	True	True	True	True	7
chr11:64856272-64857182	chr11	64623744	64624654	True	2	1.0	2	0.5417582417582417	True	True	True	False	True	True	True	True	True	True	7
chr11:66638087-66639007	chr11	66405558	66406478	True	1	0.2891304347826087	0	0.0	True	False	False	True	True	True	True	True	True	True	7
chr11:66856012-66856846	chr11	66623483	66624317	True	1	0.1690647482014388	2	0.617505995203837	True	True	False	True	False	True	True	True	False	False	4
chr11:66866302-66867241	chr11	66633773	66634712	True	2	1.0	2	1.0	True	True	False	False	False	False	False	False	False	False	0
chr11:66967433-66968310	chr11	66734904	66735781	True	1	0.6841505131128849	0	0.0	True	False	False	False	False	True	True	False	True	True	4
chr11:66970605-66971482	chr11	66738076	66738953	True	1	1.0	1	0.2166476624857468	True	True	False	False	True	True	True	False	True	True	5
chr11:66996689-66997590	chr11	66764160	66765061	True	1	0.9289678135405104	1	0.709211986681465	True	True	False	False	False	False	False	False	False	False	0
chr11:67032578-67033384	chr11	66800049	66800855	True	2	0.2866004962779156	0	0.0	True	False	False	False	False	True	False	False	True	True	3
chr11:67033605-67034448	chr11	66801076	66801919	True	1	0.4128113879003559	1	0.3309608540925267	True	True	False	False	False	True	False	False	True	True	3
chr12:102481099-102481976	chr12	102874877	102875754	True	1	0.6761687571265679	1	0.4253135689851767	True	True	True	False	False	False	False	False	False	False	1
chr12:102539563-102540458	chr12	102933341	102934236	True	1	1.0	0	0.0	True	False	False	False	False	False	False	False	False	True	1
chr12:102543093-102543937	chr12	102936871	102937715	True	1	1.0	2	0.4786729857819905	True	True	False	False	False	False	False	False	False	False	0
chr12:102566789-102567715	chr12	102960567	102961493	True	1	1.0	1	0.3045356371490281	True	True	False	False	False	False	False	False	False	True	1
chr12:117487056-117487953	chr12	117924861	117925758	True	1	0.2229654403567447	1	0.3121516164994425	True	True	False	False	False	False	True	False	False	False	1
chr12:119176104-119176958	chr12	119613909	119614763	True	1	0.360655737704918	2	0.6100702576112412	True	True	False	False	False	False	False	False	True	True	2
chr12:119178338-119179240	chr12	119616143	119617045	True	1	0.2527716186252771	2	0.4556541019955654	True	True	False	False	False	False	True	False	False	True	2
chr12:26062301-26063175	chr12	26215234	26216108	True	2	0.4576659038901602	0	0.0	True	False	False	False	False	False	False	False	False	False	0
chr12:26113931-26114865	chr12	26266864	26267798	True	2	0.3576017130620985	2	0.8361884368308351	True	True	False	False	False	True	True	True	True	True	5
chr12:26150550-26151429	chr12	26303483	26304362	True	1	0.9431171786120592	0	0.0	True	False	False	False	False	False	False	False	False	True	1
chr12:26153199-26154085	chr12	26306132	26307018	True	3	1.0	1	0.3871331828442438	True	True	False	False	False	True	True	False	True	True	4
chr12:26195345-26196103	chr12	26348278	26349036	True	1	0.3997361477572559	2	1.0	True	True	False	False	False	True	True	False	True	True	4
chr12:26239143-26240038	chr12	26392076	26392971	True	2	1.0	1	0.2558659217877095	True	True	False	False	False	True	False	False	True	False	2
chr12:26269234-26270129	chr12	26422167	26423062	True	1	1.0	2	0.5363128491620112	True	True	False	False	False	False	False	False	False	False	0
chr12:26271580-26272477	chr12	26424513	26425410	True	1	0.8918617614269788	0	0.0	True	False	True	False	False	True	True	True	True	False	5
chr12:26274445-26275361	chr12	26427378	26428294	True	4	1.0	2	0.3941048034934498	True	True	True	False	True	True	True	True	True	True	7
chr12:26277635-26278531	chr12	26430568	26431464	True	1	1.0	0	0.0	True	False	False	False	False	False	False	False	False	False	0
chr12:26287501-26288418	chr12	26440434	26441351	True	1	1.0	2	0.5517993456924755	True	True	False	False	False	True	False	False	True	False	2
chr12:2890403-2891232	chr12	2999569	3000398	True	1	0.2050663449939686	0	0.0	True	False	True	False	True	False	True	True	True	False	5
chr12:2925259-2926164	chr12	3034425	3035330	True	2	0.5679558011049723	0	0.0	True	False	False	False	False	False	False	False	True	True	2
chr12:2958709-2959636	chr12	3067875	3068802	True	1	0.0690399137001078	0	0.0	True	False	False	False	False	False	False	False	False	False	0
chr12:2974311-2975198	chr12	3083477	3084364	True	1	0.4509582863585118	1	0.5839909808342728	True	True	False	False	False	False	True	False	False	False	1
chr12:2980347-2981261	chr12	3089513	3090427	True	2	0.7527352297592997	0	0.0	True	False	False	False	False	False	False	False	False	False	0
chr12:2982084-2982995	chr12	3091250	3092161	True	1	0.9758507135016464	1	0.6498353457738749	True	True	False	False	False	False	False	False	False	False	0
chr12:2998627-2999448	chr12	3107793	3108614	True	4	1.0	2	0.6138855054811205	True	True	False	False	False	False	False	True	False	False	1
chr12:3003257-3004145	chr12	3112423	3113311	True	3	1.0	1	0.588963963963964	True	True	False	False	False	False	False	False	False	False	0
chr12:3004597-3005325	chr12	3113763	3114491	True	1	0.2417582417582417	2	0.5494505494505495	True	True	False	False	False	False	False	False	False	False	0
chr12:3013677-3014563	chr12	3122843	3123729	True	2	1.0	2	0.827313769751693	True	True	False	False	False	False	True	False	False	False	1
chr12:3030703-3031629	chr12	3139869	3140795	True	1	1.0	1	0.1792656587473002	True	True	False	False	False	False	False	False	False	False	0
chr12:3033959-3034564	chr12	3143125	3143730	True	1	1.0	2	0.7785123966942149	True	True	False	False	False	False	True	False	False	False	1
chr12:3046229-3047100	chr12	3155395	3156266	True	1	0.6888633754305397	2	0.6153846153846154	True	True	False	False	False	False	False	False	False	False	0
chr12:3060895-3061755	chr12	3170061	3170921	True	1	0.9093023255813952	1	0.5348837209302325	True	True	False	False	False	False	False	False	False	False	0
chr12:3073210-3074067	chr12	3182376	3183233	True	3	0.809801633605601	0	0.0	True	False	False	False	False	False	True	False	False	False	1
chr12:3106838-3107685	chr12	3216004	3216851	True	2	0.3683589138134592	0	0.0	True	False	False	False	False	False	False	False	True	False	1
chr12:55659305-55660151	chr12	56053089	56053935	True	3	0.9479905437352246	0	0.0	True	False	False	False	False	False	False	False	False	False	0
chr12:55681060-55681978	chr12	56074844	56075762	True	1	0.2494553376906318	3	0.6884531590413944	True	True	False	False	False	False	False	False	False	False	0
chr12:55703900-55704682	chr12	56097684	56098466	True	1	1.0	2	0.8414322250639387	True	True	False	False	False	False	False	False	False	False	0
chr12:55713476-55714371	chr12	56107260	56108155	True	2	0.9754189944134078	0	0.0	True	False	False	False	False	False	False	False	False	True	1
chr12:55715774-55716586	chr12	56109558	56110370	True	1	0.2155172413793103	0	0.0	True	False	False	False	False	True	True	True	True	True	5
chr12:55719786-55720603	chr12	56113570	56114387	True	1	1.0	2	0.5801713586291309	True	True	False	False	True	True	True	False	False	True	4
chr12:55720868-55721667	chr12	56114652	56115451	True	1	1.0	2	0.8961201501877347	True	True	False	False	True	True	True	False	False	True	4
chr12:55738203-55739029	chr12	56131987	56132813	True	1	0.9031476997578692	0	0.0	True	False	False	False	False	True	True	True	True	True	5
chr12:55742826-55743649	chr12	56136610	56137433	True	1	0.1494532199270959	2	0.261239368165249	True	True	False	False	False	False	False	True	False	False	1
chr12:56054574-56055420	chr12	56448358	56449204	True	1	0.2364066193853428	0	0.0	True	False	False	False	False	False	False	False	False	False	0
chr12:56117772-56118656	chr12	56511556	56512440	True	1	0.1210407239819004	2	0.7432126696832579	True	True	False	False	False	True	True	False	True	True	4
chr12:56119269-56120053	chr12	56513053	56513837	True	1	1.0	0	0.0	True	False	True	False	True	True	True	True	True	True	7
chr12:56125882-56126766	chr12	56519666	56520550	True	1	0.6979638009049773	2	0.5316742081447964	True	True	True	True	True	True	True	True	True	True	8
chr12:56127627-56128545	chr12	56521411	56522329	True	1	0.3507625272331154	0	0.0	True	False	True	False	True	True	True	True	True	True	7
chr12:56157750-56158579	chr12	56551534	56552363	True	1	0.2400482509047044	0	0.0	True	False	False	False	False	True	False	False	False	False	1
chr12:56159048-56159779	chr12	56552832	56553563	True	1	0.3146374829001368	0	0.0	True	False	True	True	True	True	False	True	True	False	6
chr12:56196603-56197507	chr12	56590387	56591291	True	1	0.6172566371681416	0	0.0	True	False	False	False	False	False	True	False	False	True	2
chr12:56221502-56222336	chr12	56615286	56616120	True	1	0.224220623501199	0	0.0	True	False	False	False	False	True	True	False	False	True	3
chr12:56256192-56257077	chr12	56649976	56650861	True	1	1.0	0	0.0	True	False	True	False	False	True	True	False	True	True	5
chr12:80624969-80625720	chr12	81018748	81019499	True	1	0.8388814913448736	0	0.0	True	False	False	False	False	False	False	False	False	False	0
chr12:80627558-80628476	chr12	81021337	81022255	True	2	0.7821350762527233	0	0.0	True	False	False	False	False	False	True	False	False	True	2
chr12:80634615-80635486	chr12	81028394	81029265	True	1	0.4592422502870264	0	0.0	True	False	False	False	False	False	False	False	False	False	0
chr12:80648688-80649534	chr12	81042467	81043313	True	1	1.0	0	0.0	True	False	False	False	False	False	False	False	False	False	0
chr12:80679105-80680024	chr12	81072884	81073803	True	1	0.5810663764961915	2	0.3667029379760609	True	True	False	False	False	False	False	False	False	False	0
chr12:80702623-80703470	chr12	81096402	81097249	True	1	1.0	1	0.3766233766233766	True	True	False	False	False	False	False	False	False	False	0
chr12:80716510-80717372	chr12	81110289	81111151	True	1	0.2088167053364269	0	0.0	True	False	False	False	False	False	False	False	False	False	0
chr12:80777813-80778723	chr12	81171592	81172502	True	1	0.5241758241758242	0	0.0	True	False	True	False	True	True	True	False	True	True	6
chr13:110216293-110217203	chr13	110868640	110869550	True	1	1.0	0	0.0	True	False	False	False	False	False	True	False	False	True	2
chr13:110232835-110233731	chr13	110885182	110886078	True	1	1.0	0	0.0	True	False	False	False	False	False	True	False	False	True	2
chr13:110247454-110248339	chr13	110899801	110900686	True	1	1.0	1	0.3638418079096045	True	True	False	False	False	False	True	False	False	True	2
chr13:110250090-110250896	chr13	110902437	110903243	True	3	1.0	0	0.0	True	False	False	False	False	False	True	False	True	True	3
chr13:110253824-110254684	chr13	110906171	110907031	True	1	0.9302325581395348	2	0.477906976744186	True	True	False	False	False	False	False	False	False	True	1
chr13:110259057-110259928	chr13	110911404	110912275	True	1	1.0	0	0.0	True	False	False	False	False	True	True	False	True	True	4
chr13:110262615-110263453	chr13	110914962	110915800	True	1	0.477326968973747	2	0.4069212410501193	True	True	False	False	False	False	True	False	False	True	2
chr13:110301400-110302331	chr13	110953747	110954678	True	2	1.0	0	0.0	True	False	False	False	False	False	False	False	False	True	1
chr13:110303982-110304896	chr13	110956329	110957243	True	2	0.4857768052516411	0	0.0	True	False	False	False	False	False	True	False	False	True	2
chr13:110312359-110313214	chr13	110964706	110965561	True	1	0.8105263157894737	0	0.0	True	False	False	False	False	True	False	False	True	True	3
chr13:110319704-110320511	chr13	110972051	110972858	True	1	1.0	0	0.0	True	False	False	False	False	True	True	False	True	True	4
chr13:110323009-110323924	chr13	110975356	110976271	True	3	1.0	2	1.0	True	True	False	False	False	False	True	False	False	True	2
chr13:110326060-110326925	chr13	110978407	110979272	True	1	0.7780346820809249	2	0.5791907514450867	True	True	False	False	False	False	False	False	False	True	1
chr13:110329825-110330686	chr13	110982172	110983033	True	1	1.0	0	0.0	True	False	False	False	False	False	False	False	False	True	1
chr13:110331180-110331944	chr13	110983527	110984291	True	2	1.0	0	0.0	True	False	False	False	False	False	False	False	False	True	1
chr13:110332581-110333464	chr13	110984928	110985811	True	1	1.0	2	0.4258210645526614	True	True	False	False	False	False	False	False	False	False	0
chr13:110340771-110341678	chr13	110993118	110994025	True	1	1.0	1	0.3814773980154355	True	True	False	False	False	True	True	False	False	True	3
chr13:110347536-110348370	chr13	110999883	111000717	True	1	1.0	1	0.5899280575539568	True	True	False	False	False	True	True	False	True	True	4
chr13:110361128-110362004	chr13	111013475	111014351	True	2	0.771689497716895	0	0.0	True	False	False	False	False	False	False	False	False	True	1
chr13:110381940-110382823	chr13	111034287	111035170	True	2	0.7734994337485843	2	0.4586636466591166	True	True	False	False	False	True	True	False	True	True	4
chr13:110387449-110388159	chr13	111039796	111040506	True	2	1.0	4	0.9492957746478872	True	True	False	False	False	True	True	False	True	True	4
chr13:110388329-110389137	chr13	111040676	111041484	True	1	1.0	4	0.6633663366336634	True	True	False	True	False	True	False	False	True	True	4
chr13:110396669-110397506	chr13	111049016	111049853	True	1	1.0	0	0.0	True	False	False	False	False	True	False	False	False	True	2
chr13:110400585-110401469	chr13	111052932	111053816	True	1	1.0	0	0.0	True	False	False	False	False	False	False	False	False	True	1
chr13:110405575-110406474	chr13	111057922	111058821	True	3	1.0	2	0.474972191323693	True	True	False	False	False	False	True	False	False	True	2
chr13:110409317-110410227	chr13	111061664	111062574	True	1	1.0	0	0.0	True	False	False	False	False	True	True	False	False	True	3
chr13:110411884-110412793	chr13	111064231	111065140	True	1	1.0	1	0.187018701870187	True	True	False	False	False	True	True	False	True	True	4
chr13:110422815-110423569	chr13	111075162	111075916	True	1	0.3143236074270557	0	0.0	True	False	False	False	False	True	True	False	False	True	3
chr13:110444044-110444792	chr13	111096391	111097139	True	1	1.0	2	0.7633689839572193	True	True	True	False	False	True	True	False	False	True	4
chr13:110447995-110448889	chr13	111100342	111101236	True	1	1.0	0	0.0	True	False	False	False	False	True	False	False	True	True	3
chr13:48400587-48401485	chr13	48974723	48975621	True	1	0.6681514476614699	0	0.0	True	False	True	False	True	True	True	False	True	True	6
chr13:48412747-48413634	chr13	48986883	48987770	True	1	0.2254791431792559	0	0.0	True	False	False	False	False	False	True	False	True	False	2
chr13:48432057-48432838	chr13	49006193	49006974	True	1	0.7759282970550576	1	0.2496798975672215	True	True	False	False	True	True	False	False	False	False	2
chr13:48446224-48447136	chr13	49020360	49021272	True	1	0.8771929824561403	0	0.0	True	False	False	False	False	False	True	False	False	False	1
chr13:48498801-48499706	chr13	49072937	49073842	True	1	1.0	0	0.0	True	False	False	False	False	False	False	False	False	False	0
chr13:48500503-48501406	chr13	49074639	49075542	True	1	1.0	1	0.3289036544850498	True	True	True	False	False	True	False	False	False	True	3
chr13:48505526-48506406	chr13	49079662	49080542	True	1	1.0	2	0.3897727272727272	True	True	True	False	False	True	False	False	True	True	4
chr13:48559473-48560388	chr13	49133609	49134524	True	1	1.0	1	0.4021857923497268	True	True	False	False	False	True	False	False	False	False	1
chr13:48567642-48568545	chr13	49141778	49142681	True	3	1.0	0	0.0	True	False	False	False	False	True	False	False	False	False	1
chr13:48571239-48572083	chr13	49145375	49146219	True	2	1.0	3	0.7701421800947867	True	True	True	False	False	True	False	False	False	False	2
chr13:73055771-73056684	chr13	73629909	73630822	True	1	0.8762322015334063	0	0.0	True	False	False	False	False	True	True	False	True	False	3
chr13:73158586-73159495	chr13	73732723	73733632	True	1	0.44004400440044	0	0.0	True	False	False	False	False	True	False	False	False	False	1
chr14:103422720-103423624	chr14	103889057	103889961	True	1	0.8738938053097345	0	0.0	True	False	True	False	False	False	False	True	False	True	3
chr14:103427366-103428261	chr14	103893703	103894598	True	1	1.0	0	0.0	True	False	True	False	False	True	False	True	False	True	4
chr14:103512694-103513611	chr14	103979031	103979948	True	3	1.0	1	0.5932388222464559	True	True	False	False	False	True	False	False	True	True	3
chr14:103536965-103537769	chr14	104003302	104004106	True	1	1.0	1	0.5870646766169154	True	True	False	False	False	False	False	False	False	False	0
chr14:103540312-103541225	chr14	104006649	104007562	True	1	1.0	4	0.6451259583789705	True	True	False	False	False	True	False	False	True	True	3
chr14:103542136-103543091	chr14	104008473	104009428	True	1	1.0	2	0.8	True	True	False	True	False	False	False	False	False	False	1
chr14:103552009-103552905	chr14	104018346	104019242	True	2	1.0	0	0.0	True	False	False	False	False	True	False	False	False	True	2
chr14:103558089-103558975	chr14	104024426	104025312	True	1	0.6772009029345373	1	0.2753950338600451	True	True	False	False	False	False	False	False	False	True	1
chr14:103576355-103577259	chr14	104042692	104043596	True	1	0.8285398230088495	0	0.0	True	False	False	False	False	True	True	False	True	True	4
chr14:103594056-103594959	chr14	104060393	104061296	True	1	0.9401993355481728	0	0.0	True	False	False	True	False	True	False	False	True	False	3
chr14:103595381-103596012	chr14	104061718	104062349	True	1	0.5213946117274167	2	0.5293185419968305	True	True	False	False	False	True	False	False	False	False	1
chr14:23308118-23308954	chr14	23777327	23778163	True	1	0.2787081339712918	0	0.0	True	False	False	False	True	True	False	False	True	False	3
chr14:23320813-23321707	chr14	23790022	23790916	True	1	0.378076062639821	2	0.3657718120805369	True	True	False	True	True	True	True	True	True	True	7
chr14:96104428-96105342	chr14	96570765	96571679	True	3	0.9649890590809628	2	0.5021881838074398	True	True	False	False	False	True	False	False	False	True	2
chr14:96145513-96145882	chr14	96611850	96612219	True	1	1.0	0	0.0	True	False	False	False	False	False	False	False	False	True	1
chr14:96145987-96146601	chr14	96612324	96612938	True	2	1.0	0	0.0	True	False	False	False	False	False	False	False	False	True	1
chr14:96225553-96226472	chr14	96691890	96692809	True	1	1.0	1	0.2404787812840043	True	True	False	False	False	True	False	False	True	False	2
chr14:96246059-96246958	chr14	96712396	96713295	True	1	1.0	0	0.0	True	False	False	False	False	True	False	False	True	True	3
chr14:96252939-96253741	chr14	96719276	96720078	True	2	1.0	0	0.0	True	False	False	False	False	False	False	False	False	True	1
chr14:96255268-96256137	chr14	96721605	96722474	True	2	1.0	0	0.0	True	False	False	False	False	True	False	False	True	True	3
chr14:96256467-96257160	chr14	96722804	96723497	True	1	1.0	1	0.2784992784992785	True	True	False	False	False	True	False	False	True	False	2
chr14:96260278-96261112	chr14	96726615	96727449	True	1	1.0	4	0.5431654676258992	True	True	False	False	False	False	False	False	False	True	1
chr14:96267007-96267927	chr14	96733344	96734264	True	1	1.0	2	0.7032608695652174	True	True	False	False	False	True	False	False	True	True	3
chr14:96268793-96269699	chr14	96735130	96736036	True	1	0.7913907284768212	0	0.0	True	False	False	False	False	True	False	False	True	True	3
chr15:34708120-34709024	chr15	35000321	35001225	True	1	0.793141592920354	0	0.0	True	False	False	False	False	False	False	True	False	False	1
chr15:34721788-34722595	chr15	35013989	35014796	True	3	1.0	2	0.5824039653035935	True	True	False	False	False	False	True	False	False	False	1
chr15:34725321-34726198	chr15	35017522	35018399	True	3	1.0	2	0.6989737742303307	True	True	False	False	False	False	False	False	False	False	0
chr15:34795202-34796115	chr15	35087403	35088316	True	1	0.4468784227820372	3	0.9375684556407448	True	True	False	False	False	False	False	False	False	False	0
chr15:34799086-34799956	chr15	35091287	35092157	True	1	1.0	2	0.7448275862068966	True	True	False	False	False	False	False	False	False	False	0
chr15:34810294-34811226	chr15	35102495	35103427	True	1	1.0	3	0.7156652360515021	True	True	False	False	False	True	False	False	True	True	3
chr15:34813513-34814452	chr15	35105714	35106653	True	1	0.6325878594249201	0	0.0	True	False	False	False	False	False	False	False	False	False	0
chr15:34837038-34837936	chr15	35129239	35130137	True	1	0.6681514476614699	1	0.3641425389755011	True	True	False	False	False	False	False	False	False	False	0
chr15:34840951-34841867	chr15	35133152	35134068	True	1	1.0	0	0.0	True	False	False	False	False	False	False	False	False	False	0
chr15:56823996-56824871	chr15	57116194	57117069	True	3	1.0	2	0.6377142857142857	True	True	False	False	False	False	False	False	False	False	0
chr15:56984848-56985642	chr15	57277046	57277840	True	2	1.0	0	0.0	True	False	True	False	False	True	True	False	True	True	5
chr15:57111933-57112808	chr15	57404131	57405006	True	1	0.4571428571428571	2	0.7554285714285714	True	True	False	False	False	False	False	False	False	False	0
chr15:57146316-57147199	chr15	57438514	57439397	True	1	0.2265005662514156	0	0.0	True	False	True	False	False	True	True	False	False	True	4
chr15:57156214-57157110	chr15	57448412	57449308	True	1	0.4464285714285714	1	0.34375	True	True	False	False	False	False	False	False	False	False	0
chr15:57158345-57159222	chr15	57450543	57451420	True	1	1.0	2	0.4903078677309008	True	True	False	False	False	False	False	False	False	True	1
chr15:57216030-57216880	chr15	57508228	57509078	True	3	1.0	1	0.4211764705882353	True	True	False	False	False	False	True	False	False	True	2
chr15:57217540-57218449	chr15	57509738	57510647	True	2	0.3399339933993399	2	0.4147414741474147	True	True	False	False	False	False	False	False	False	True	1
chr15:57244856-57245768	chr15	57537054	57537966	True	2	1.0	2	0.5361842105263158	True	True	False	False	False	False	False	False	False	False	0
chr15:57251239-57251991	chr15	57543437	57544189	True	1	1.0	2	0.488031914893617	True	True	False	False	False	False	False	False	False	True	1
chr15:57298023-57298699	chr15	57590221	57590897	True	1	0.279585798816568	0	0.0	True	False	True	False	False	False	False	False	False	False	1
chr15:57298815-57299445	chr15	57591013	57591643	True	1	0.4682539682539682	2	0.5222222222222223	True	True	True	False	False	False	False	False	False	False	1
chr15:57326729-57327545	chr15	57618927	57619743	True	2	1.0	2	0.6029411764705882	True	True	False	False	False	False	False	False	False	True	1
chr15:57327940-57328742	chr15	57620138	57620940	True	1	1.0	0	0.0	True	False	False	False	False	False	False	True	False	True	2
chr15:57356348-57357159	chr15	57648546	57649357	True	1	1.0	2	0.5647348951911221	True	True	False	True	False	False	False	False	False	False	1
chr15:63896541-63897403	chr15	64188740	64189602	True	1	1.0	2	0.7262180974477959	True	True	True	False	False	False	True	True	False	False	3
chr15:63909620-63910540	chr15	64201819	64202739	True	1	0.8608695652173913	1	0.6608695652173913	True	True	False	False	False	False	True	False	True	False	2
chr15:63915909-63916865	chr15	64208108	64209064	True	2	1.0	3	0.8451882845188284	True	True	False	False	False	False	True	False	False	False	1
chr15:63939514-63940381	chr15	64231713	64232580	True	5	1.0	2	0.4901960784313725	True	True	True	False	True	False	True	True	False	False	4
chr15:63950686-63951604	chr15	64242885	64243803	True	1	0.8714596949891068	0	0.0	True	False	False	False	False	False	False	False	False	True	1
chr15:63998898-63999763	chr15	64291097	64291962	True	1	0.7514450867052023	2	0.476300578034682	True	True	True	False	False	False	False	False	False	True	2
chr15:64010511-64011406	chr15	64302710	64303605	True	2	0.9351955307262568	2	0.5687150837988827	True	True	True	False	False	True	False	False	True	False	3
chr15:64071132-64071999	chr15	64363331	64364198	True	1	0.461361014994233	0	0.0	True	False	False	False	True	False	True	True	False	True	4
chr15:99473682-99474470	chr15	100013887	100014675	True	1	0.5050761421319797	1	0.5203045685279187	True	True	False	False	False	False	False	False	False	False	0
chr15:99476280-99477159	chr15	100016485	100017364	True	2	1.0	1	0.3208191126279863	True	True	False	False	False	True	True	False	True	True	4
chr15:99511662-99512523	chr15	100051867	100052728	True	1	0.9291521486643438	2	0.8710801393728222	True	True	True	False	False	False	False	False	False	False	1
chr15:99536370-99537286	chr15	100076575	100077491	True	1	1.0	3	0.8417030567685589	True	True	False	False	False	False	True	False	False	False	1
chr15:99651054-99651898	chr15	100191259	100192103	True	2	0.4739336492890995	1	0.3127962085308057	True	True	False	False	False	True	False	False	True	False	2
chr15:99703351-99704149	chr15	100243556	100244354	True	2	1.0	0	0.0	True	False	True	False	False	True	True	True	True	False	5
chr15:99704270-99704957	chr15	100244475	100245162	True	1	0.2940320232896652	0	0.0	True	False	True	False	False	True	True	True	True	False	5
chr15:99707171-99707841	chr15	100247376	100248046	True	1	1.0	0	0.0	True	False	True	False	False	True	True	False	True	True	5
chr15:99708369-99709242	chr15	100248574	100249447	True	2	1.0	2	0.5017182130584192	True	True	False	False	False	True	True	False	True	True	4
chr15:99716881-99717665	chr15	100257086	100257870	True	1	0.7563775510204082	2	0.7155612244897959	True	True	True	False	False	False	False	False	False	False	1
chr15:99718695-99719436	chr15	100258900	100259641	True	1	0.5087719298245614	2	0.282051282051282	True	True	True	False	False	False	False	False	False	False	1
chr16:1052849-1053714	chr16	1102849	1103714	True	1	0.6358381502890174	2	0.8959537572254336	True	True	False	False	False	False	False	False	False	False	0
chr16:1097517-1098410	chr16	1147517	1148410	True	2	0.9876819708846584	1	0.4266517357222844	True	True	False	False	False	False	False	False	False	False	0
chr16:1180602-1181495	chr16	1230602	1231495	True	1	0.555431131019037	1	0.7402015677491601	True	True	False	False	False	False	False	False	False	False	0
chr16:1182021-1182930	chr16	1232021	1232930	True	3	0.7799779977997799	0	0.0	True	False	False	False	False	False	False	False	False	True	1
chr16:1296780-1297652	chr16	1346781	1347653	True	1	0.9793577981651376	2	0.4243119266055046	True	True	False	False	True	True	False	True	True	True	5
chr16:15618116-15619015	chr16	15711973	15712872	True	1	1.0	0	0.0	True	False	False	False	False	False	False	False	False	False	0
chr16:15672497-15673411	chr16	15766354	15767268	True	2	0.7811816192560175	0	0.0	True	False	False	False	True	True	True	False	True	True	5
chr16:15811806-15812716	chr16	15905663	15906573	True	1	0.2593406593406593	2	0.6461538461538462	True	True	False	False	False	False	False	False	False	True	1
chr16:15879206-15880086	chr16	15973063	15973943	True	1	1.0	0	0.0	True	False	True	False	False	True	True	True	True	True	6
chr16:15880590-15881317	chr16	15974447	15975174	True	1	0.6217331499312242	0	0.0	True	False	False	False	False	True	False	True	True	True	4
chr16:15888231-15889109	chr16	15982088	15982966	True	1	0.3041002277904328	0	0.0	True	False	True	True	True	True	True	True	True	False	7
chr16:15919764-15920596	chr16	16013621	16014453	True	1	0.4807692307692308	1	0.3834134615384615	True	True	False	False	False	True	False	False	True	True	3
chr16:15945980-15946866	chr16	16039837	16040723	True	1	0.6772009029345373	0	0.0	True	False	False	False	False	True	False	False	True	True	3
chr16:15949162-15950073	chr16	16043019	16043930	True	1	0.3073545554335894	0	0.0	True	False	False	False	False	False	True	False	False	True	2
chr16:2003598-2004474	chr16	2053599	2054475	True	1	0.3150684931506849	2	0.7865296803652968	True	True	False	True	False	False	True	True	False	True	4
chr16:2005414-2006038	chr16	2055415	2056039	True	1	0.2948717948717949	3	0.5865384615384616	True	True	False	False	False	False	True	False	False	False	1
chr16:2007650-2008560	chr16	2057651	2058561	True	1	0.3978021978021978	2	0.6043956043956044	True	True	False	False	False	True	True	True	True	True	5
chr16:2032234-2032983	chr16	2082235	2082984	True	1	0.246995994659546	1	0.4018691588785046	True	True	False	False	False	False	True	True	False	True	3
chr16:2033273-2034162	chr16	2083274	2084163	True	1	1.0	0	0.0	True	False	False	False	True	False	True	True	False	True	4
chr16:2035347-2036275	chr16	2085348	2086276	True	1	0.7295258620689655	0	0.0	True	False	False	False	True	False	True	False	False	True	3
chr16:2040485-2041345	chr16	2090486	2091346	True	1	1.0	2	0.7151162790697675	True	True	False	False	True	True	False	False	False	True	3
chr16:2106854-2107738	chr16	2156855	2157739	True	1	1.0	1	0.3518099547511312	True	True	False	False	False	False	False	False	False	False	0
chr16:2124692-2125452	chr16	2174693	2175453	True	1	1.0	0	0.0	True	False	False	True	False	True	True	False	True	True	5
chr16:2126091-2126988	chr16	2176092	2176989	True	1	1.0	2	0.8717948717948718	True	True	False	False	False	True	True	False	True	True	4
chr16:2128025-2128856	chr16	2178026	2178857	True	1	0.5511432009626955	0	0.0	True	False	True	True	True	True	False	False	True	True	6
chr16:2129234-2129907	chr16	2179235	2179908	True	1	0.4591381872213967	0	0.0	True	False	False	False	True	True	False	False	True	True	4
chr16:2133491-2134283	chr16	2183492	2184284	True	1	0.86489898989899	0	0.0	True	False	False	False	True	True	False	False	True	False	3
chr16:2135680-2136553	chr16	2185681	2186554	True	1	0.1775486827033219	0	0.0	True	False	False	False	False	False	True	False	True	False	2
chr16:2159101-2159969	chr16	2209102	2209970	True	1	0.8029953917050692	0	0.0	True	False	False	False	False	True	True	False	True	True	4
chr16:2160869-2161775	chr16	2210870	2211776	True	3	1.0	2	0.5518763796909493	True	True	True	False	False	True	False	False	True	True	4
chr16:2482505-2483412	chr16	2532506	2533413	True	1	0.8974641675854466	3	1.0	True	True	False	False	False	False	False	False	False	True	1
chr16:2497048-2497960	chr16	2547049	2547961	True	1	0.219298245614035	1	0.6743421052631579	True	True	False	False	False	False	False	True	False	False	1
chr16:2535317-2536226	chr16	2585318	2586227	True	1	1.0	2	0.396039603960396	True	True	False	False	True	False	False	True	False	True	3
chr16:28802160-28802998	chr16	28813481	28814319	True	1	0.0238663484486873	0	0.0	True	False	False	False	False	True	False	False	True	False	2
chr16:28803354-28804177	chr16	28814675	28815498	True	1	0.5151883353584447	0	0.0	True	False	False	False	False	True	False	False	False	False	1
chr16:28875045-28875921	chr16	28886366	28887242	True	1	0.8481735159817352	2	0.7796803652968036	True	True	False	False	False	False	False	False	False	False	0
chr16:30796618-30797537	chr16	30807939	30808858	True	1	0.2176278563656148	1	0.2665941240478781	True	True	False	False	False	False	False	False	False	False	0
chr16:30876728-30877560	chr16	30888049	30888881	True	1	0.0600961538461538	0	0.0	True	False	False	False	False	False	True	True	True	True	4
chr16:30896701-30897328	chr16	30908022	30908649	True	1	0.3189792663476874	0	0.0	True	False	True	False	False	True	True	False	False	False	3
chr16:30901871-30902796	chr16	30913192	30914117	True	1	0.3318918918918919	2	0.6962162162162162	True	True	False	False	False	False	True	True	True	True	4
chr16:30984722-30985527	chr16	30996043	30996848	True	1	0.4335403726708075	3	0.6260869565217392	True	True	False	False	False	False	False	True	False	True	2
chr16:30985676-30986457	chr16	30996997	30997778	True	1	0.6427656850192062	2	0.7157490396927016	True	True	False	False	True	False	False	True	False	True	3
chr16:31451462-31452186	chr16	31462783	31463507	True	1	0.011049723756906	1	0.3397790055248619	True	True	False	False	False	True	False	True	True	True	4
chr16:31452509-31453328	chr16	31463830	31464649	True	1	1.0	0	0.0	True	False	False	False	False	True	True	True	True	True	5
chr16:31453661-31454575	chr16	31464982	31465896	True	1	0.3468271334792122	0	0.0	True	False	False	True	False	True	False	True	True	True	5
chr16:31471547-31472396	chr16	31482868	31483717	True	1	0.2720848056537102	0	0.0	True	False	False	False	False	False	True	False	False	True	2
chr16:31512875-31513786	chr16	31524196	31525107	True	1	1.0	1	0.3896816684961581	True	True	False	False	False	False	False	False	False	False	0
chr16:3938887-3939823	chr16	3988888	3989824	True	2	1.0	0	0.0	True	False	False	False	False	False	False	False	False	True	1
chr16:3945878-3946777	chr16	3995879	3996778	True	4	1.0	2	0.3692992213570634	True	True	False	False	False	False	False	False	False	True	1
chr16:3950210-3951046	chr16	4000211	4001047	True	2	1.0	0	0.0	True	False	False	False	False	False	False	False	False	True	1
chr16:3971249-3972137	chr16	4021250	4022138	True	3	1.0	2	0.3817567567567567	True	True	False	False	False	False	False	False	False	False	0
chr16:3999150-3999918	chr16	4049151	4049919	True	3	1.0	2	0.3059895833333333	True	True	False	True	False	False	False	False	False	True	2
chr16:4013113-4013988	chr16	4063114	4063989	True	1	1.0	0	0.0	True	False	False	False	True	False	True	False	False	True	3
chr16:4018116-4018962	chr16	4068117	4068963	True	1	0.4302600472813239	2	0.491725768321513	True	True	False	False	False	False	False	False	False	False	0
chr16:4053455-4054324	chr16	4103456	4104325	True	1	1.0	2	0.3578826237054085	True	True	False	False	False	True	True	False	True	True	4
chr16:4212696-4213359	chr16	4262697	4263360	True	1	0.7571644042232277	0	0.0	True	False	False	False	False	True	False	False	True	True	3
chr16:4213983-4214855	chr16	4263984	4264856	True	1	0.7052752293577982	0	0.0	True	False	False	False	False	True	False	False	True	True	3
chr16:56269485-56270394	chr16	56303397	56304306	True	1	0.9922992299229924	1	0.5632563256325632	True	True	False	False	False	False	False	True	False	False	1
chr16:56294362-56295270	chr16	56328274	56329182	True	1	1.0	0	0.0	True	False	False	False	False	False	False	False	False	False	0
chr16:56356186-56357037	chr16	56390098	56390949	True	1	0.2937720329024677	1	0.408930669800235	True	True	False	False	False	True	True	False	False	True	3
chr16:56389313-56390205	chr16	56423225	56424117	True	3	1.0	0	0.0	True	False	False	False	False	False	False	False	False	True	1
chr16:57736643-57737350	chr16	57770555	57771262	True	1	1.0	1	0.4611032531824611	True	True	False	False	True	True	True	True	True	True	6
chr16:57764207-57765023	chr16	57798119	57798935	True	1	0.4901960784313725	0	0.0	True	False	False	False	False	True	True	True	True	True	5
chr16:57781878-57782788	chr16	57815790	57816700	True	1	0.7791208791208791	1	0.4	True	True	False	False	True	False	True	False	False	False	2
chr16:57791032-57791855	chr16	57824944	57825767	True	1	1.0	2	0.7739975698663426	True	True	False	False	False	False	False	False	False	False	0
chr16:57801124-57801848	chr16	57835036	57835760	True	1	0.3632596685082873	2	0.5262430939226519	True	True	False	False	False	True	True	True	True	False	4
chr16:57809952-57810861	chr16	57843864	57844773	True	1	0.9185918591859186	3	0.8514851485148515	True	True	True	True	True	True	True	True	True	False	7
chr16:57816079-57816988	chr16	57849983	57850892	True	2	1.0	0	0.0	True	False	False	False	False	True	False	True	True	True	4
chr16:57826607-57827375	chr16	57860511	57861279	True	1	1.0	3	0.98828125	True	True	False	False	True	False	False	False	False	False	1
chr16:57835196-57836019	chr16	57869100	57869923	True	1	0.2417982989064398	0	0.0	True	False	False	False	False	True	False	False	True	False	2
chr16:57863380-57864100	chr16	57897284	57898004	True	1	0.2986111111111111	0	0.0	True	False	False	False	True	False	False	False	False	False	1
chr16:57871216-57872111	chr16	57905120	57906015	True	2	0.646927374301676	0	0.0	True	False	False	False	False	False	False	False	True	False	1
chr16:69726248-69727148	chr16	69760151	69761051	True	1	1.0	2	0.7544444444444445	True	True	False	True	False	True	True	False	True	True	5
chr16:69736953-69737816	chr16	69770856	69771719	True	1	0.2317497103128621	1	0.3858632676709154	True	True	False	False	False	False	True	False	False	False	1
chr16:82584504-82585336	chr16	82618109	82618941	True	1	0.7716346153846154	0	0.0	True	False	False	False	False	False	False	False	False	False	0
chr16:82585550-82586345	chr16	82619155	82619950	True	1	0.4327044025157233	0	0.0	True	False	False	False	False	False	False	False	False	False	0
chr16:82629498-82630389	chr16	82663103	82663994	True	1	1.0	0	0.0	True	False	False	False	False	True	True	False	True	True	4
chr16:82631538-82632466	chr16	82665143	82666071	True	1	1.0	1	0.375	True	True	False	False	False	True	True	False	True	True	4
chr16:82633789-82634694	chr16	82667394	82668299	True	1	1.0	2	0.9546961325966852	True	True	False	False	False	True	True	False	True	True	4
chr16:82638023-82638881	chr16	82671628	82672486	True	1	1.0	0	0.0	True	False	False	False	False	True	True	False	True	True	4
chr16:82639449-82640353	chr16	82673054	82673958	True	1	0.713495575221239	0	0.0	True	False	False	False	False	True	True	False	True	True	4
chr16:82653595-82654451	chr16	82687200	82688056	True	1	1.0	1	0.433411214953271	True	True	True	False	False	True	True	False	True	True	5
chr16:82655164-82656011	chr16	82688769	82689616	True	1	1.0	1	0.3447461629279811	True	True	True	False	False	True	True	False	True	True	5
chr16:82659958-82660841	chr16	82693563	82694446	True	1	0.3805209513023782	2	0.5843714609286523	True	True	False	False	False	True	False	False	True	False	2
chr16:82694302-82695177	chr16	82727907	82728782	True	1	1.0	2	0.4194285714285714	True	True	False	False	False	False	False	False	False	False	0
chr16:82699451-82700322	chr16	82733056	82733927	True	2	1.0	0	0.0	True	False	False	False	False	True	True	False	True	True	4
chr16:82715657-82716499	chr16	82749262	82750104	True	1	0.2375296912114014	2	0.5142517814726841	True	True	False	False	False	False	False	False	False	False	0
chr16:82891986-82892840	chr16	82925591	82926445	True	1	0.468384074941452	0	0.0	True	False	False	False	False	False	False	False	False	False	0
chr16:82993705-82994595	chr16	83027310	83028200	True	1	1.0	1	0.4247191011235955	True	True	False	False	False	False	False	False	False	False	0
chr16:82995853-82996730	chr16	83029458	83030335	True	1	0.9532497149372862	0	0.0	True	False	False	False	False	False	True	False	False	True	2
chr16:83574115-83575005	chr16	83607720	83608610	True	1	1.0	2	0.4617977528089887	True	True	False	False	False	True	False	False	True	False	2
chr16:83615057-83615889	chr16	83648662	83649494	True	1	1.0	0	0.0	True	False	False	False	False	False	False	False	False	False	0
chr16:83652637-83653540	chr16	83686242	83687145	True	1	0.9368770764119602	0	0.0	True	False	False	False	False	False	False	False	False	False	0
chr16:83689144-83690057	chr16	83722749	83723662	True	2	0.8214676889375685	0	0.0	True	False	False	False	False	False	False	False	True	False	1
chr16:83701144-83702071	chr16	83734749	83735676	True	2	0.8090614886731392	3	0.7745415318230853	True	True	False	False	False	False	False	False	False	False	0
chr16:83704314-83705169	chr16	83737919	83738774	True	1	0.4444444444444444	0	0.0	True	False	False	False	False	False	False	False	False	False	0
chr16:83705897-83706653	chr16	83739502	83740258	True	1	1.0	0	0.0	True	False	False	False	False	False	False	False	False	False	0
chr16:83715135-83716045	chr16	83748740	83749650	True	1	1.0	2	0.7384615384615385	True	True	False	False	False	False	False	False	False	False	0
chr16:83717558-83718422	chr16	83751163	83752027	True	3	1.0	1	0.5706018518518519	True	True	False	False	False	False	True	False	False	False	1
chr16:83744190-83745094	chr16	83777795	83778699	True	1	1.0	0	0.0	True	False	False	False	False	False	False	False	False	False	0
chr16:89172596-89173368	chr16	89239004	89239776	True	1	0.3588082901554404	2	0.8290155440414507	True	True	False	False	False	False	False	False	False	False	0
chr16:89174717-89175583	chr16	89241125	89241991	True	1	1.0	2	0.9953810623556582	True	True	False	False	False	False	False	False	False	False	0
chr16:89216112-89216855	chr16	89282520	89283263	True	1	0.4899057873485868	1	0.4293405114401076	True	True	False	False	False	True	True	True	False	False	3
chr16:89217280-89218134	chr16	89283688	89284542	True	1	0.0128805620608899	0	0.0	True	False	False	False	False	True	True	True	False	False	3
chr16:89229995-89230906	chr16	89296403	89297314	True	3	1.0	2	0.7793633369923162	True	True	False	False	False	False	False	False	False	False	0
chr17:10337741-10338604	chr17	10241058	10241921	True	1	0.2514484356894554	1	0.4101969872537659	True	True	False	False	False	False	False	False	False	False	0
chr17:10380363-10381254	chr17	10283680	10284571	True	1	1.0	1	0.7317620650953984	True	True	False	False	False	False	False	False	False	False	0
chr17:10383936-10384799	chr17	10287253	10288116	True	2	1.0	2	0.5979142526071842	True	True	False	False	False	False	False	False	False	False	0
chr17:10385867-10386642	chr17	10289184	10289959	True	3	1.0	0	0.0	True	False	False	False	False	False	False	False	False	False	0
chr17:10513032-10513955	chr17	10416349	10417272	True	3	1.0	0	0.0	True	False	False	False	False	False	False	False	False	False	0
chr17:10543282-10544168	chr17	10446599	10447485	True	3	0.6884875846501128	0	0.0	True	False	False	False	False	False	False	False	False	False	0
chr17:10556095-10556869	chr17	10459412	10460186	True	3	1.0	2	0.4418604651162791	True	True	False	False	False	False	False	False	False	False	0
chr17:10557266-10558103	chr17	10460583	10461420	True	1	1.0	1	0.3381123058542413	True	True	False	False	False	False	False	False	False	False	0
chr17:10613571-10614256	chr17	10516888	10517573	True	1	1.0	0	0.0	True	False	False	False	False	False	False	False	False	False	0
chr17:10614372-10615004	chr17	10517689	10518321	True	1	0.6107594936708861	0	0.0	True	False	False	False	False	False	False	False	False	False	0
chr17:10622651-10623409	chr17	10525968	10526726	True	1	0.5949868073878628	0	0.0	True	False	False	False	False	True	False	False	True	False	2
chr17:10624701-10625611	chr17	10528018	10528928	True	1	0.9417582417582416	2	0.6285714285714286	True	True	False	False	False	False	False	False	True	False	1
chr17:10648841-10649685	chr17	10552158	10553002	True	1	0.8613744075829384	2	0.0485781990521327	True	True	False	False	False	False	False	False	False	False	0
chr17:10668580-10669497	chr17	10571897	10572814	True	1	0.4122137404580153	1	0.3522355507088331	True	True	False	False	False	False	False	False	False	False	0
chr17:10674531-10675421	chr17	10577848	10578738	True	1	0.9696629213483146	2	0.8842696629213483	True	True	False	False	False	False	False	False	False	False	0
chr17:10681829-10682699	chr17	10585146	10586016	True	1	1.0	0	0.0	True	False	False	False	False	False	False	False	False	False	0
chr17:1422639-1423523	chr17	1325933	1326817	True	1	1.0	0	0.0	True	False	False	False	False	True	True	False	True	True	4
chr17:1438443-1439345	chr17	1341737	1342639	True	1	1.0	0	0.0	True	False	False	False	False	False	False	True	False	True	2
chr17:1454970-1455595	chr17	1358264	1358889	True	1	0.2976	0	0.0	True	False	False	False	False	True	True	True	True	False	4
chr17:1487794-1488680	chr17	1391088	1391974	True	3	1.0	0	0.0	True	False	False	False	True	True	True	True	True	True	6
chr17:1495041-1495945	chr17	1398335	1399239	True	3	1.0	0	0.0	True	False	False	False	False	False	False	False	False	False	0
chr17:1511707-1512517	chr17	1415001	1415811	True	3	1.0	0	0.0	True	False	False	False	False	True	True	True	True	False	4
chr17:1515314-1515866	chr17	1418608	1419160	True	2	0.8007246376811594	0	0.0	True	False	True	False	False	True	True	True	True	True	6
chr17:1520826-1521722	chr17	1424120	1425016	True	1	1.0	2	0.7645089285714286	True	True	False	False	False	False	False	False	False	False	0
chr17:1576929-1577828	chr17	1480223	1481122	True	1	0.525027808676307	2	0.6362625139043382	True	True	True	False	False	True	True	False	True	True	5
chr17:1585493-1586396	chr17	1488787	1489690	True	1	0.2214839424141749	3	0.7120708748615725	True	True	False	True	False	False	False	False	False	False	1
chr17:1589921-1590717	chr17	1493215	1494011	True	2	1.0	2	0.6884422110552764	True	True	False	False	True	True	True	True	True	True	6
chr17:18187996-18188898	chr17	18091310	18092212	True	1	1.0	1	0.3458980044345898	True	True	False	False	False	True	True	False	True	True	4
chr17:18235474-18236372	chr17	18138788	18139686	True	1	1.0	0	0.0	True	False	False	False	False	True	True	False	True	False	3
chr17:18260206-18261018	chr17	18163520	18164332	True	1	0.437192118226601	2	0.7401477832512315	True	True	False	False	False	True	True	True	True	True	5
chr17:39643000-39643887	chr17	37799253	37800140	True	1	0.4509582863585118	2	0.4250281848928974	True	True	False	False	False	False	False	False	False	False	0
chr17:44014555-44015400	chr17	42091923	42092768	True	1	0.2366863905325443	0	0.0	True	False	False	False	False	False	True	False	False	False	1
chr17:44070346-44071237	chr17	42147714	42148605	True	1	0.1795735129068462	0	0.0	True	False	True	False	True	True	True	False	True	True	6
chr17:44086545-44087462	chr17	42163913	42164830	True	1	0.3882224645583424	0	0.0	True	False	False	False	True	True	True	True	True	True	6
chr17:44095367-44096238	chr17	42172735	42173606	True	2	0.5407577497129736	2	0.9598163030998852	True	True	True	True	True	True	True	True	True	True	8
chr17:44097113-44097862	chr17	42174481	42175230	True	1	1.0	1	0.472630173564753	True	True	True	False	True	False	True	True	False	True	5
chr17:44098031-44098589	chr17	42175399	42175957	True	1	0.1344086021505376	0	0.0	True	False	True	False	False	False	False	False	False	False	1
chr17:44108452-44109229	chr17	42185820	42186597	True	1	1.0	0	0.0	True	False	False	False	True	False	False	False	False	True	2
chr17:44137817-44138726	chr17	42215185	42216094	True	2	0.462046204620462	1	0.4917491749174917	True	True	False	True	True	True	True	True	True	True	7
chr17:44170283-44171127	chr17	42247651	42248495	True	4	0.9751184834123224	2	0.764218009478673	True	True	False	True	False	False	False	False	False	False	1
chr17:44210129-44211021	chr17	42287497	42288389	True	1	1.0	2	0.6995515695067265	True	True	True	True	False	False	True	True	True	True	6
chr17:44218325-44219129	chr17	42295693	42296497	True	1	0.2251243781094527	1	0.1368159203980099	True	True	False	False	False	False	True	False	False	False	1
chr17:44222089-44222962	chr17	42299457	42300330	True	1	1.0	0	0.0	True	False	False	False	False	True	True	False	False	True	3
chr17:47119457-47120268	chr17	45196823	45197634	True	1	0.2872996300863132	0	0.0	True	False	False	False	False	False	False	False	False	True	1
chr17:47120659-47121403	chr17	45198025	45198769	True	2	1.0	1	0.5887096774193549	True	True	False	False	False	False	False	False	False	False	0
chr17:47197593-47198494	chr17	45274959	45275860	True	1	1.0	2	0.4705882352941176	True	True	False	False	False	False	False	True	False	False	1
chr17:47203737-47204458	chr17	45281103	45281824	True	2	1.0	2	0.4979195561719833	True	True	True	False	False	False	False	True	False	True	3
chr17:47205359-47206039	chr17	45282725	45283405	True	2	1.0	2	0.5308823529411765	True	True	True	False	False	True	False	False	False	True	3
chr17:47208471-47209388	chr17	45285837	45286754	True	2	1.0	2	0.7742639040348964	True	True	False	False	False	False	False	True	False	False	1
chr17:47210044-47210858	chr17	45287410	45288224	True	1	0.9717444717444718	2	0.5110565110565111	True	True	False	False	False	False	False	True	False	False	1
chr17:47225027-47225906	chr17	45302393	45303272	True	2	0.919226393629124	0	0.0	True	False	False	False	False	False	True	True	False	True	3
chr17:47229519-47230420	chr17	45306885	45307786	True	1	0.4273029966703662	0	0.0	True	False	False	False	False	False	True	True	False	True	3
chr17:47239752-47240671	chr17	45317118	45318037	True	3	1.0	0	0.0	True	False	False	False	False	True	True	True	True	True	5
chr17:47257560-47258466	chr17	45334926	45335832	True	1	0.8830022075055187	0	0.0	True	False	False	False	False	False	True	True	False	True	3
chr17:47265738-47266563	chr17	45343104	45343929	True	1	1.0	1	0.3296969696969697	True	True	False	False	False	False	True	True	False	True	3
chr17:47267114-47267980	chr17	45344480	45345346	True	2	1.0	0	0.0	True	False	False	False	False	False	True	False	False	True	2
chr17:47278957-47279879	chr17	45356323	45357245	True	1	1.0	0	0.0	True	False	True	False	False	True	True	True	False	True	5
chr17:47286230-47287139	chr17	45363596	45364505	True	1	0.9944994499449944	0	0.0	True	False	True	False	False	False	False	True	False	False	2
chr17:47294026-47294934	chr17	45371392	45372300	True	2	0.5495594713656388	0	0.0	True	False	False	False	False	False	True	False	False	True	2
chr17:47305276-47306169	chr17	45382642	45383535	True	1	1.0	2	0.5251959686450168	True	True	False	False	False	True	True	False	False	True	3
chr17:47315440-47316264	chr17	45392806	45393630	True	2	1.0	0	0.0	True	False	False	False	False	False	True	True	False	True	3
chr17:4908779-4909665	chr17	4812074	4812960	True	2	1.0	2	0.6433408577878104	True	True	False	True	False	True	True	False	True	True	5
chr17:4944986-4945834	chr17	4848281	4849129	True	1	1.0	2	0.5058962264150944	True	True	True	False	True	True	True	True	True	True	7
chr17:4949686-4950477	chr17	4852981	4853772	True	1	0.147914032869785	0	0.0	True	False	False	False	False	True	True	False	True	True	4
chr17:4953113-4954040	chr17	4856408	4857335	True	1	1.0	2	0.9050701186623517	True	True	False	False	False	False	True	False	False	True	2
chr17:50064313-50065188	chr17	48141677	48142552	True	1	1.0	2	0.6262857142857143	True	True	False	False	False	True	True	False	True	True	4
chr17:50079351-50080191	chr17	48156715	48157555	True	1	0.6595238095238095	3	0.8535714285714285	True	True	False	False	False	False	False	False	False	False	0
chr17:50099661-50100465	chr17	48177025	48177829	True	1	0.2835820895522388	1	0.4713930348258706	True	True	False	False	False	False	False	False	False	False	0
chr17:50132808-50133669	chr17	48210172	48211033	True	1	0.4645760743321719	0	0.0	True	False	False	False	True	False	False	False	False	True	2
chr17:50165690-50166546	chr17	48243051	48243907	True	1	0.175233644859813	2	0.8820093457943925	True	True	False	False	False	False	False	False	False	False	0
chr17:50173287-50174172	chr17	48250648	48251533	True	2	1.0	1	0.3932203389830508	True	True	False	False	False	True	False	False	False	True	2
chr17:50178024-50178931	chr17	48255385	48256292	True	1	1.0	2	0.8302094818081588	True	True	False	False	False	True	True	False	True	True	4
chr17:50181221-50182136	chr17	48258582	48259497	True	2	1.0	2	0.892896174863388	True	True	False	False	False	False	False	False	False	False	0
chr17:50196526-50197382	chr17	48273887	48274743	True	1	1.0	2	0.7161214953271028	True	True	False	False	False	False	False	False	False	True	1
chr17:50197976-50198894	chr17	48275337	48276255	True	1	1.0	2	0.4052287581699346	True	True	False	False	False	False	False	False	False	True	1
chr17:50206738-50207596	chr17	48284099	48284957	True	1	1.0	0	0.0	True	False	False	False	False	False	False	False	False	True	1
chr17:50209388-50210111	chr17	48286749	48287472	True	3	1.0	2	1.0	True	True	False	True	False	False	False	True	False	True	3
chr17:50210232-50210945	chr17	48287593	48288306	True	1	1.0	2	0.8288920056100981	True	True	False	True	False	True	True	True	True	True	6
chr17:50218653-50219469	chr17	48296014	48296830	True	1	1.0	0	0.0	True	False	False	False	False	True	False	False	True	True	3
chr17:50221955-50222800	chr17	48299316	48300161	True	2	1.0	0	0.0	True	False	False	False	False	True	False	False	True	True	3
chr17:50269868-50270781	chr17	48347229	48348142	True	1	0.6265060240963856	0	0.0	True	False	False	True	False	False	False	False	False	True	2
chr17:50272799-50273682	chr17	48350160	48351043	True	1	0.4994337485843714	0	0.0	True	False	False	False	False	True	False	False	False	True	2
chr17:50278880-50279763	chr17	48356241	48357124	True	1	0.3657984144960362	0	0.0	True	False	False	False	False	False	False	False	False	False	0
chr17:50289779-50290699	chr17	48367140	48368060	True	2	1.0	0	0.0	True	False	True	False	False	True	True	True	True	True	6
chr17:50882526-50883404	chr17	48959887	48960765	True	1	0.4555808656036446	0	0.0	True	False	False	False	False	True	False	False	True	False	2
chr17:50904431-50905291	chr17	48981792	48982652	True	2	1.0	0	0.0	True	False	True	True	True	True	False	False	True	True	6
chr17:50919422-50920311	chr17	48996783	48997672	True	1	0.4499437570303712	0	0.0	True	False	False	True	False	True	False	False	True	True	4
chr17:50930944-50931706	chr17	49008305	49009067	True	1	1.0	0	0.0	True	False	False	False	False	True	True	False	True	True	4
chr17:50935077-50935972	chr17	49012438	49013333	True	1	1.0	1	0.7720670391061453	True	True	False	False	False	True	False	True	False	False	2
chr17:50950201-50950994	chr17	49027562	49028355	True	1	1.0	2	0.5762925598991173	True	True	False	True	True	True	False	True	True	True	6
chr17:50951833-50952644	chr17	49029194	49030005	True	1	0.995067817509248	2	0.6177558569667078	True	True	False	False	False	True	False	False	True	True	3
chr17:50953945-50954827	chr17	49031306	49032188	True	1	1.0	3	0.873015873015873	True	True	False	True	True	True	True	False	True	True	6
chr17:50956556-50957409	chr17	49033917	49034770	True	1	0.2344665885111371	0	0.0	True	False	False	False	False	True	False	False	False	False	1
chr17:50986822-50987714	chr17	49064183	49065075	True	1	0.531390134529148	0	0.0	True	False	False	False	False	False	False	False	False	False	0
chr17:51029587-51030443	chr17	49106948	49107804	True	1	0.2371495327102804	0	0.0	True	False	True	False	False	False	True	False	False	True	3
chr17:51056734-51057657	chr17	49134095	49135018	True	1	1.0	2	0.7053087757313109	True	True	False	True	True	True	True	True	True	True	7
chr17:51112395-51113312	chr17	49189756	49190673	True	1	0.4362050163576881	1	0.3773173391494002	True	True	False	False	True	False	False	False	False	False	1
chr17:51120491-51121370	chr17	49197852	49198731	True	1	0.1478953356086461	0	0.0	True	False	False	False	False	False	True	False	True	False	2
chr17:51132815-51133726	chr17	49210176	49211087	True	1	0.6586169045005489	0	0.0	True	False	False	False	False	False	True	True	False	False	2
chr17:66957761-66958668	chr17	64953877	64954784	True	1	0.4917309812568908	2	0.5689084895259096	True	True	False	False	False	False	False	False	False	False	0
chr17:69575080-69576000	chr17	67571221	67572141	True	1	1.0	1	0.0434782608695652	True	True	False	False	False	False	False	False	False	True	1
chr17:69593130-69594049	chr17	67589271	67590190	True	1	0.8541893362350381	0	0.0	True	False	False	False	False	False	True	False	False	True	2
chr17:69606915-69607801	chr17	67603056	67603942	True	2	1.0	2	0.3905191873589165	True	True	True	False	True	True	True	False	True	True	6
chr17:69608704-69609540	chr17	67604845	67605681	True	1	1.0	2	0.5430622009569378	True	True	False	False	False	True	True	False	True	True	4
chr17:7440536-7441296	chr17	7343855	7344615	True	2	1.0	2	0.5763157894736842	True	True	False	False	False	False	False	False	False	False	0
chr17:7466431-7467304	chr17	7369750	7370623	True	2	1.0	0	0.0	True	False	True	False	False	False	False	True	False	True	3
chr17:7479123-7479967	chr17	7382442	7383286	True	1	0.2488151658767772	0	0.0	True	False	False	False	False	True	True	True	True	True	5
chr17:7483184-7483757	chr17	7386503	7387076	True	1	0.6509598603839442	2	0.6701570680628273	True	True	True	True	False	True	True	True	False	True	6
chr17:75632804-75633617	chr17	73628884	73629697	True	2	1.0	2	0.7662976629766297	True	True	False	False	True	True	True	True	True	True	6
chr17:75633777-75634509	chr17	73629857	73630589	True	1	1.0	2	0.8128415300546448	True	True	False	False	True	True	True	True	True	True	6
chr17:75693275-75694194	chr17	73689355	73690274	True	1	1.0	2	0.6343852013057671	True	True	False	True	False	True	True	False	True	False	4
chr17:75700153-75701006	chr17	73696233	73697086	True	3	1.0	1	0.4982415005861664	True	True	False	False	False	True	True	False	True	False	3
chr17:75772619-75773493	chr17	73768700	73769574	True	2	0.6510297482837528	2	0.9508009153318078	True	True	False	False	False	False	False	False	False	False	0
chr17:75782964-75783686	chr17	73779045	73779767	True	1	0.778393351800554	0	0.0	True	False	True	False	True	True	True	True	True	True	7
chr17:75784416-75785332	chr17	73780497	73781413	True	2	0.1266375545851528	0	0.0	True	False	False	True	False	True	True	True	True	True	6
chr17:75831894-75832771	chr17	73827975	73828852	True	1	0.5096921322690992	0	0.0	True	False	True	False	False	False	False	False	False	False	1
chr17:75834027-75834928	chr17	73830108	73831009	True	1	0.2219755826859045	2	0.8645948945615982	True	True	False	False	False	False	False	False	False	False	0
chr17:75853754-75854429	chr17	73849835	73850510	True	2	1.0	2	0.4740740740740741	True	True	True	False	True	True	True	True	True	True	7
chr17:76337113-76337981	chr17	74333194	74334062	True	1	0.934331797235023	2	0.4838709677419355	True	True	False	False	False	False	True	False	False	False	1
chr17:76370357-76371246	chr17	74366438	74367327	True	2	1.0	0	0.0	True	False	False	False	True	True	True	False	True	True	5
chr17:76446470-76447367	chr17	74442552	74443449	True	2	1.0	2	0.6655518394648829	True	True	True	False	True	True	True	True	True	True	7
chr17:78172318-78173219	chr17	76168399	76169300	True	1	0.9933407325194228	0	0.0	True	False	True	False	False	False	False	False	False	False	1
chr17:78179096-78179990	chr17	76175177	76176071	True	3	1.0	2	0.7718120805369127	True	True	False	False	False	False	False	False	False	True	1
chr17:78224314-78225193	chr17	76220395	76221274	True	1	0.2275312855517633	1	0.2525597269624573	True	True	False	False	False	False	True	False	False	False	1
chr17:80028950-80029744	chr17	78002749	78003543	True	1	1.0	2	0.5201511335012594	True	True	False	False	True	False	False	False	False	True	2
chr17:80070909-80071765	chr17	78044708	78045564	True	1	0.7009345794392523	1	0.3843457943925233	True	True	False	False	False	False	True	False	False	True	2
chr17:80151167-80151870	chr17	78124966	78125669	True	1	0.6600284495021337	0	0.0	True	False	False	False	False	False	False	False	False	True	1
chr17:80151995-80152760	chr17	78125794	78126559	True	1	0.7986928104575164	0	0.0	True	False	False	False	False	False	False	True	False	True	2
chr18:27921744-27922590	chr18	25501708	25502554	True	3	1.0	0	0.0	True	False	False	False	False	False	False	False	True	False	1
chr18:27953920-27954815	chr18	25533884	25534779	True	1	0.2234636871508379	0	0.0	True	False	False	False	False	False	False	False	False	False	0
chr18:28062922-28063789	chr18	25642886	25643753	True	2	1.0	0	0.0	True	False	False	False	False	False	True	False	False	False	1
chr18:28065123-28065985	chr18	25645087	25645949	True	1	1.0	0	0.0	True	False	False	False	False	False	True	False	False	False	1
chr18:28075190-28076103	chr18	25655154	25656067	True	2	1.0	2	0.4753559693318729	True	True	False	False	False	False	False	False	False	False	0
chr18:28086713-28087507	chr18	25666677	25667471	True	3	1.0	0	0.0	True	False	False	False	True	False	True	False	False	False	2
chr18:28111823-28112713	chr18	25691787	25692677	True	2	0.550561797752809	0	0.0	True	False	False	False	False	False	True	False	False	True	2
chr18:28114885-28115716	chr18	25694849	25695680	True	1	1.0	0	0.0	True	False	False	False	False	False	True	False	True	True	3
chr18:28203952-28204870	chr18	25783916	25784834	True	1	1.0	0	0.0	True	False	False	False	False	True	True	False	True	True	4
chr18:2978283-2979190	chr18	2978281	2979188	True	3	1.0	0	0.0	True	False	True	False	False	False	True	False	False	True	3
chr18:2980984-2981848	chr18	2980982	2981846	True	3	1.0	0	0.0	True	False	True	False	False	False	True	False	False	True	3
chr18:3155337-3156225	chr18	3155335	3156223	True	1	0.9009009009009008	0	0.0	True	False	False	False	False	False	False	False	False	False	0
chr18:3179283-3180134	chr18	3179281	3180132	True	3	1.0	2	0.882491186839013	True	True	True	False	False	False	False	False	False	False	1
chr18:3250503-3251329	chr18	3250501	3251327	True	1	1.0	0	0.0	True	False	True	False	False	True	True	True	True	True	6
chr18:3256471-3257348	chr18	3256469	3257346	True	1	1.0	2	0.3945267958950969	True	True	True	False	True	False	True	False	False	True	4
chr18:3269090-3269930	chr18	3269088	3269928	True	2	1.0	0	0.0	True	False	False	False	False	True	True	False	True	True	4
chr18:3281200-3282058	chr18	3281198	3282056	True	1	0.2983682983682983	0	0.0	True	False	False	False	False	False	True	False	False	False	1
chr18:3294523-3295358	chr18	3294521	3295356	True	1	0.718562874251497	2	0.5293413173652695	True	True	False	False	False	False	False	True	False	False	1
chr18:3305105-3305954	chr18	3305103	3305952	True	1	0.8857479387514723	2	0.408716136631331	True	True	False	False	False	True	False	True	True	True	4
chr18:34592793-34593672	chr18	32172757	32173636	True	1	0.5062571103526735	2	0.4846416382252559	True	True	False	True	False	False	False	False	False	False	1
chr18:34659398-34660295	chr18	32239362	32240259	True	1	0.955406911928651	0	0.0	True	False	False	True	False	True	True	False	False	True	4
chr18:34707412-34708267	chr18	32287376	32288231	True	2	0.2678362573099415	0	0.0	True	False	False	False	False	True	True	False	True	True	4
chr18:34708799-34709671	chr18	32288763	32289635	True	1	1.0	0	0.0	True	False	False	False	False	True	False	False	True	True	3
chr18:34709964-34710764	chr18	32289928	32290728	True	3	1.0	0	0.0	True	False	False	False	False	True	False	False	True	True	3
chr18:34772619-34773417	chr18	32352583	32353381	True	4	1.0	0	0.0	True	False	False	False	False	False	True	False	False	True	2
chr18:34773838-34774681	chr18	32353802	32354645	True	1	0.9489916963226572	2	0.5516014234875445	True	True	False	False	False	False	True	False	False	True	2
chr18:34801575-34802409	chr18	32381539	32382373	True	1	0.4448441247002398	1	0.3968824940047961	True	True	False	False	False	False	False	False	False	True	1
chr18:55272520-55273411	chr18	52939751	52940642	True	1	1.0	0	0.0	True	False	False	False	False	False	False	False	False	True	1
chr18:55275224-55276083	chr18	52942455	52943314	True	1	0.6984866123399301	0	0.0	True	False	False	False	False	False	False	False	False	True	1
chr18:55301981-55302927	chr18	52969212	52970158	True	2	0.6342494714587738	0	0.0	True	False	False	True	False	False	False	True	False	True	3
chr18:55328021-55328934	chr18	52995252	52996165	True	1	0.8214676889375685	0	0.0	True	False	False	False	False	False	True	False	False	False	1
chr18:55337687-55338587	chr18	53004918	53005818	True	2	0.8888888888888888	0	0.0	True	False	False	True	False	False	True	False	False	False	2
chr18:55405575-55406475	chr18	53072806	53073706	True	1	0.8844444444444445	0	0.0	True	False	False	False	False	False	True	False	False	True	2
chr18:55421825-55422645	chr18	53089056	53089876	True	1	0.0902439024390243	0	0.0	True	False	False	False	False	False	True	False	False	False	1
chr18:55477414-55478169	chr18	53144645	53145400	True	1	0.5271523178807948	0	0.0	True	False	False	False	False	False	True	False	False	False	1
chr18:55500056-55500940	chr18	53167287	53168171	True	2	1.0	0	0.0	True	False	False	False	False	False	True	False	False	True	2
chr18:55509650-55510508	chr18	53176881	53177739	True	1	1.0	1	0.2762237762237762	True	True	False	False	False	False	True	False	True	False	2
chr18:55510657-55511443	chr18	53177888	53178674	True	2	1.0	0	0.0	True	False	False	True	False	False	True	False	False	True	3
chr18:55546550-55547452	chr18	53213781	53214683	True	2	1.0	2	0.5798226164079823	True	True	False	False	False	False	False	True	False	False	1
chr18:55651018-55651891	chr18	53318249	53319122	True	1	0.6334478808705613	1	0.2520045819014891	True	True	False	False	False	True	False	False	False	False	1
chr18:55706604-55707490	chr18	53373835	53374721	True	1	1.0	2	0.6151241534988713	True	True	False	False	False	False	False	False	False	False	0
chr18:55732115-55733032	chr18	53399346	53400263	True	1	0.7153762268266085	0	0.0	True	False	False	False	False	False	True	True	False	False	2
chr18:55763007-55763902	chr18	53430238	53431133	True	2	1.0	2	0.4536312849162011	True	True	False	False	False	False	True	False	False	False	1
chr19:1605283-1606159	chr19	1605282	1606158	True	1	0.1803652968036529	0	0.0	True	False	True	True	False	False	True	True	True	False	5
chr19:17125814-17126694	chr19	17236624	17237504	True	4	1.0	0	0.0	True	False	True	True	False	True	False	False	False	True	4
chr19:17135191-17136105	chr19	17246001	17246915	True	1	0.3446389496717724	1	0.3041575492341357	True	True	True	True	True	True	True	False	True	True	7
chr19:17144492-17145309	chr19	17255302	17256119	True	1	0.6352509179926561	1	0.1774785801713586	True	True	False	False	False	False	False	False	False	False	0
chr19:17214989-17215903	chr19	17325798	17326712	True	1	0.0021881838074398	0	0.0	True	False	False	False	False	True	False	True	True	True	4
chr19:17219940-17220845	chr19	17330749	17331654	True	1	0.2209944751381215	0	0.0	True	False	False	False	False	False	False	True	True	True	3
chr19:2427288-2428205	chr19	2427286	2428203	True	2	0.4394765539803708	0	0.0	True	False	False	True	True	False	True	False	False	True	4
chr19:2446140-2447054	chr19	2446138	2447052	True	2	0.6564551422319475	2	0.6137855579868708	True	True	True	False	False	False	False	False	False	False	1
chr19:2456550-2457440	chr19	2456548	2457438	True	1	0.2247191011235955	0	0.0	True	False	False	False	True	False	True	False	False	True	3
chr19:2469116-2469982	chr19	2469114	2469980	True	1	0.6928406466512702	1	0.5219399538106235	True	True	False	False	False	False	True	False	False	False	1
chr19:2491134-2492002	chr19	2491132	2492000	True	2	1.0	2	0.8191244239631337	True	True	False	False	False	True	True	False	True	True	4
chr19:2495079-2495839	chr19	2495077	2495837	True	2	1.0	2	0.6618421052631579	True	True	False	False	False	False	True	False	False	True	2
chr19:2503354-2504290	chr19	2503352	2504288	True	3	1.0	0	0.0	True	False	False	False	False	True	True	True	True	True	5
chr19:2506885-2507785	chr19	2506883	2507783	True	1	0.4444444444444444	0	0.0	True	False	False	False	False	False	True	True	False	True	3
chr19:2523429-2524304	chr19	2523427	2524302	True	1	1.0	0	0.0	True	False	False	False	False	False	False	False	False	True	1
chr19:2524809-2525622	chr19	2524807	2525620	True	1	1.0	2	0.5387453874538746	True	True	False	True	False	False	False	False	True	True	3
chr19:2529335-2530210	chr19	2529333	2530208	True	1	0.6857142857142857	1	0.3268571428571428	True	True	False	False	True	True	True	True	True	True	6
chr19:2532373-2533284	chr19	2532371	2533282	True	1	1.0	0	0.0	True	False	False	False	False	True	True	False	True	True	4
chr19:2540499-2541402	chr19	2540497	2541400	True	2	0.5570321151716501	2	0.7297895902547066	True	True	False	True	True	True	True	False	True	True	6
chr19:2543313-2544207	chr19	2543311	2544205	True	2	1.0	2	0.3959731543624161	True	True	True	True	True	True	True	False	True	True	7
chr19:2549450-2550365	chr19	2549448	2550363	True	3	1.0	1	0.3770491803278688	True	True	False	False	False	True	True	False	False	True	3
chr19:2575798-2576676	chr19	2575796	2576674	True	1	0.9111617312072892	0	0.0	True	False	False	True	True	False	False	False	False	True	3
chr19:35088253-35089160	chr19	35579157	35580064	True	1	1.0	2	0.721058434399118	True	True	False	False	False	True	False	False	False	False	1
chr19:35120249-35121134	chr19	35611153	35612038	True	2	0.6779661016949152	1	0.4621468926553672	True	True	False	False	False	True	False	False	True	False	2
chr19:35124201-35125051	chr19	35615105	35615955	True	1	0.5352941176470588	0	0.0	True	False	True	False	False	True	False	True	True	False	4
chr19:35139007-35139689	chr19	35629911	35630593	True	1	1.0	1	1.0	True	True	False	False	True	False	False	False	False	True	2
chr19:36136696-36137555	chr19	36627598	36628457	True	2	0.8870779976717112	0	0.0	True	False	False	False	False	True	True	True	True	True	5
chr19:36139534-36140370	chr19	36630436	36631272	True	1	0.1483253588516746	1	0.3564593301435406	True	True	False	False	False	True	True	False	True	False	3
chr19:36152190-36153109	chr19	36643092	36644011	True	2	0.7083786724700761	1	0.3710554951033732	True	True	False	False	False	False	True	False	True	False	2
chr19:38374200-38375103	chr19	38864840	38865743	True	1	0.35437430786268	2	0.7751937984496124	True	True	False	False	False	True	False	True	True	True	4
chr19:38434452-38435320	chr19	38925092	38925960	True	1	1.0	2	0.8202764976958525	True	True	False	True	False	False	False	True	False	False	2
chr19:38650928-38651828	chr19	39141568	39142468	True	1	1.0	1	0.43	True	True	False	False	True	True	True	True	True	True	6
chr19:38652473-38652942	chr19	39143113	39143582	True	1	1.0	1	0.6609808102345416	True	True	False	True	True	True	True	True	True	True	7
chr19:38653045-38653573	chr19	39143685	39144213	True	1	1.0	2	0.5132575757575758	True	True	False	False	True	True	True	True	True	True	6
chr19:38656145-38656998	chr19	39146785	39147638	True	1	1.0	0	0.0	True	False	True	False	True	True	True	False	True	True	6
chr19:38657432-38658160	chr19	39148072	39148800	True	1	1.0	1	0.3997252747252747	True	True	True	False	True	True	True	False	True	True	6
chr19:38658379-38659211	chr19	39149019	39149851	True	1	1.0	0	0.0	True	False	False	False	True	True	True	False	True	True	5
chr19:38659577-38660313	chr19	39150217	39150953	True	1	1.0	1	0.2676630434782608	True	True	False	False	True	True	True	False	True	True	5
chr19:38665723-38666618	chr19	39156363	39157258	True	3	1.0	1	0.5664804469273743	True	True	True	True	True	True	True	True	True	True	8
chr19:38667061-38667655	chr19	39157701	39158295	True	1	1.0	0	0.0	True	False	True	True	False	True	True	True	True	True	7
chr19:38667773-38668465	chr19	39158413	39159105	True	2	1.0	0	0.0	True	False	True	True	False	True	True	False	True	True	6
chr19:38676064-38676940	chr19	39166704	39167580	True	1	0.9771689497716894	0	0.0	True	False	True	True	False	True	True	True	True	True	7
chr19:38831395-38832193	chr19	39322035	39322833	True	1	1.0	1	0.8847117794486216	True	True	False	False	False	True	True	True	True	True	5
chr19:38849882-38850776	chr19	39340522	39341416	True	1	0.0626398210290827	1	0.2774049217002237	True	True	False	False	True	True	True	True	True	True	6
chr19:38851673-38852501	chr19	39342313	39343141	True	1	0.2983091787439613	0	0.0	True	False	False	True	True	True	True	True	True	True	7
chr19:38862137-38863055	chr19	39352777	39353695	True	1	0.8006535947712419	2	0.3834422657952069	True	True	False	False	False	False	True	True	False	False	2
chr19:40285080-40285905	chr19	40790987	40791812	True	1	0.3054545454545455	1	0.3381818181818182	True	True	True	False	True	False	True	True	True	True	6
chr19:40335994-40336903	chr19	40841901	40842810	True	1	0.8800880088008801	0	0.0	True	False	False	False	False	False	False	False	False	False	0
chr19:40341410-40342323	chr19	40847317	40848230	True	2	1.0	0	0.0	True	False	False	False	False	True	False	False	True	True	3
chr19:41262026-41262871	chr19	41767931	41768776	True	1	0.5076923076923077	1	0.2142011834319526	True	True	False	False	False	True	True	True	True	True	5
chr19:41298007-41298882	chr19	41803912	41804787	True	1	1.0	2	0.5405714285714286	True	True	True	False	False	False	False	False	False	True	2
chr19:41299416-41300327	chr19	41805321	41806232	True	1	0.920965971459934	1	0.4445664105378705	True	True	True	False	False	False	False	False	False	True	2
chr19:41308207-41309010	chr19	41814112	41814915	True	2	0.6911581569115816	1	0.1818181818181818	True	True	True	True	True	True	True	False	True	True	7
chr19:41309823-41310745	chr19	41815728	41816650	True	1	0.0347071583514099	0	0.0	True	False	False	False	False	False	True	True	False	False	2
chr19:41321459-41322348	chr19	41827364	41828253	True	3	1.0	2	0.7536557930258717	True	True	False	False	True	False	True	True	False	True	4
chr19:41323307-41324155	chr19	41829212	41830060	True	3	1.0	4	0.5931603773584906	True	True	False	False	True	False	True	True	True	True	5
chr19:41325706-41326574	chr19	41831611	41832479	True	1	1.0	1	0.7960829493087558	True	True	True	False	True	False	True	True	False	True	5
chr19:41327424-41328289	chr19	41833329	41834194	True	2	1.0	2	0.4716763005780346	True	True	True	False	False	True	True	True	True	True	6
chr19:41339811-41340665	chr19	41845716	41846570	True	1	0.468384074941452	0	0.0	True	False	False	False	False	False	False	False	False	False	0
chr19:41367535-41368445	chr19	41873440	41874350	True	1	0.8681318681318682	0	0.0	True	False	True	False	True	True	True	True	True	True	7
chr19:41414835-41415743	chr19	41920740	41921648	True	1	0.9030837004405288	2	0.9240088105726872	True	True	False	False	False	False	False	False	False	False	0
chr19:41431084-41431796	chr19	41936989	41937701	True	1	0.8019662921348315	1	0.2134831460674157	True	True	False	False	False	False	False	False	False	False	0
chr19:45376349-45376828	chr19	45879607	45880086	True	1	1.0	0	0.0	True	False	False	False	True	True	True	False	True	True	5
chr19:45379468-45380375	chr19	45882726	45883633	True	1	1.0	2	0.7034178610804851	True	True	False	False	False	False	False	False	False	True	1
chr19:45402126-45403018	chr19	45905384	45906276	True	1	0.3542600896860987	1	0.3867713004484305	True	True	False	False	False	True	True	True	True	False	4
chr19:45717101-45718005	chr19	46220359	46221263	True	1	0.1139380530973451	0	0.0	True	False	True	True	False	True	True	True	True	True	7
chr19:45769019-45769838	chr19	46272277	46273096	True	1	0.166056166056166	2	0.5677655677655677	True	True	False	False	False	True	False	False	False	True	2
chr19:45770275-45771145	chr19	46273533	46274403	True	2	0.9505747126436782	2	0.6816091954022988	True	True	False	False	False	False	False	False	False	False	0
chr19:45782653-45783563	chr19	46285911	46286821	True	1	0.5065934065934066	1	0.123076923076923	True	True	False	False	False	True	False	False	False	True	2
chr19:45792446-45793338	chr19	46295704	46296596	True	1	0.2242152466367713	1	0.2589686098654709	True	True	False	False	True	True	True	False	False	True	4
chr19:45798734-45799606	chr19	46301992	46302864	True	1	0.5779816513761468	3	0.4885321100917431	True	True	False	False	False	False	False	False	False	False	0
chr19:45799930-45800772	chr19	46303188	46304030	True	1	0.4418052256532066	0	0.0	True	False	False	False	False	False	False	False	False	False	0
chr19:45809482-45810322	chr19	46312740	46313580	True	2	0.7380952380952381	2	0.5011904761904762	True	True	True	False	False	True	True	True	True	True	6
chr19:49084900-49085779	chr19	49588157	49589036	True	1	0.2627986348122867	0	0.0	True	False	False	False	False	False	True	False	False	False	1
chr19:49136520-49137407	chr19	49639777	49640664	True	1	0.4509582863585118	2	0.4081172491544532	True	True	False	False	False	False	False	False	False	True	1
chr19:49155683-49156269	chr19	49658940	49659526	True	1	1.0	1	0.7986348122866894	True	True	False	False	False	False	False	True	False	False	1
chr19:49198499-49199343	chr19	49701756	49702600	True	1	0.2369668246445497	1	0.2748815165876777	True	True	False	False	False	False	True	False	True	False	2
chr19:49203853-49204762	chr19	49707110	49708019	True	1	1.0	2	0.6138613861386139	True	True	False	False	False	True	False	False	True	False	2
chr19:49207838-49208706	chr19	49711095	49711963	True	2	0.7983870967741935	0	0.0	True	False	False	False	False	True	False	True	False	False	2
chr19:49217157-49218043	chr19	49720414	49721300	True	2	1.0	2	0.6512415349887133	True	True	False	False	False	False	False	False	False	False	0
chr19:55113323-55114195	chr19	55624691	55625563	True	1	0.4587155963302752	0	0.0	True	False	True	False	False	False	True	False	False	True	3
chr19:55209791-55210668	chr19	55721159	55722036	True	1	1.0	1	0.4150513112884835	True	True	False	False	True	True	True	True	True	True	6
chr19:55216328-55217256	chr19	55727696	55728624	True	1	0.646551724137931	0	0.0	True	False	False	False	True	True	True	True	True	True	6
chr19:768168-769082	chr19	768168	769082	True	3	0.7461706783369803	0	0.0	True	False	False	False	False	False	False	False	False	False	0
chr19:778696-779589	chr19	778696	779589	True	1	0.6595744680851063	0	0.0	True	False	False	False	False	True	True	False	True	True	4
chr19:782197-783071	chr19	782197	783071	True	1	1.0	0	0.0	True	False	False	True	False	False	True	False	True	True	4
chr19:801056-801851	chr19	801056	801851	True	1	0.3157232704402515	2	0.6515723270440251	True	True	False	False	False	True	True	True	True	True	5
chr19:869161-870057	chr19	869161	870057	True	1	0.4464285714285714	0	0.0	True	False	False	False	False	False	True	True	True	True	4
chr1:115668516-115669429	chr1	116211137	116212050	True	1	1.0	0	0.0	True	False	False	False	False	True	True	True	True	True	5
chr1:115678873-115679759	chr1	116221494	116222380	True	2	0.4514672686230248	0	0.0	True	False	False	False	False	True	False	False	True	False	2
chr1:115727552-115728457	chr1	116270173	116271078	True	2	1.0	2	0.6596685082872928	True	True	False	False	False	False	False	False	False	True	1
chr1:115748235-115749113	chr1	116290856	116291734	True	1	0.9760820045558086	0	0.0	True	False	False	False	False	True	False	False	True	True	3
chr1:115771530-115772441	chr1	116314151	116315062	True	1	0.3578485181119649	0	0.0	True	False	False	False	False	True	False	False	True	False	2
chr1:115781109-115781910	chr1	116323730	116324531	True	3	1.0	2	0.4681647940074906	True	True	False	False	False	True	False	False	True	False	2
chr1:115782649-115783538	chr1	116325270	116326159	True	2	1.0	2	0.4510686164229471	True	True	False	False	False	True	False	False	True	True	3
chr1:115829033-115829883	chr1	116371654	116372504	True	2	0.9682352941176472	0	0.0	True	False	False	False	False	False	False	False	True	False	1
chr1:115865720-115866601	chr1	116408341	116409222	True	1	0.3916004540295119	0	0.0	True	False	False	False	False	True	False	False	False	False	1
chr1:147676112-147677008	chr1	147148228	147149124	True	1	1.0	0	0.0	True	False	False	False	True	True	True	False	True	False	4
chr1:148951803-148952702	chr1	144931786	144932685	True	1	0.2691879866518353	2	0.8932146829810901	True	True	False	True	False	True	False	False	False	True	3
chr1:148975215-148976106	chr1	144908367	144909258	True	2	1.0	0	0.0	True	False	True	False	False	True	True	False	True	True	5
chr1:148991956-148992793	chr1	144891680	144892517	True	1	1.0	1	0.6762246117084827	True	True	False	False	False	True	True	False	True	True	4
chr1:149047437-149048232	chr1	144836210	144837005	True	1	0.7962264150943397	0	0.0	True	False	False	False	False	False	False	False	False	False	0
chr1:149123687-149124544	chr1	144572754	144573611	True	1	0.5705950991831972	0	0.0	True	False	False	False	False	True	False	True	False	False	2
chr1:149128349-149129223	chr1	144568062	144568936	True	1	1.0	0	0.0	True	False	False	False	False	True	False	False	True	True	3
chr1:149137367-149138239	chr1	144558733	144559608	True	1	0.8742857142857143	0	0.0	True	False	False	False	False	False	False	False	False	False	0
chr1:154185912-154186801	chr1	154158388	154159277	True	1	0.3385826771653543	1	0.3532058492688414	True	True	False	True	False	False	False	True	False	False	2
chr1:154190283-154191164	chr1	154162759	154163640	True	1	0.0726447219069239	0	0.0	True	False	False	False	False	False	True	False	False	False	1
chr1:154191890-154192725	chr1	154164366	154165201	True	2	1.0	2	0.4155688622754491	True	True	False	False	False	False	False	False	False	False	0
chr1:155224378-155225299	chr1	155194169	155195090	True	1	1.0	0	0.0	True	False	True	False	False	False	True	True	True	True	5
chr1:155244285-155245146	chr1	155214076	155214937	True	1	0.4192799070847851	4	0.6120789779326364	True	True	False	False	False	True	True	True	False	True	4
chr1:155255143-155256020	chr1	155224934	155225811	True	1	0.4960091220068415	0	0.0	True	False	False	False	False	True	True	True	True	True	5
chr1:155305556-155306461	chr1	155275347	155276252	True	1	1.0	1	0.6585635359116022	True	True	False	False	True	False	False	True	True	False	3
chr1:155834156-155835077	chr1	155803947	155804868	True	1	0.2171552660152008	0	0.0	True	False	False	False	False	False	False	True	False	True	2
chr1:155856794-155857710	chr1	155826585	155827501	True	1	0.2183406113537118	1	0.2882096069868995	True	True	False	True	False	True	False	False	False	True	3
chr1:155858961-155859793	chr1	155828752	155829584	True	1	0.25	0	0.0	True	False	False	False	False	False	False	False	True	False	1
chr1:155860183-155861028	chr1	155829974	155830819	True	1	1.0	0	0.0	True	False	True	True	False	False	True	True	False	False	4
chr1:155883872-155884779	chr1	155853663	155854570	True	2	1.0	2	0.4068357221609702	True	True	False	False	False	False	False	True	False	True	2
chr1:155892670-155893382	chr1	155862461	155863173	True	2	1.0	0	0.0	True	False	False	False	True	True	True	False	True	True	5
chr1:155893510-155894222	chr1	155863301	155864013	True	2	1.0	0	0.0	True	False	False	False	True	True	True	False	True	True	5
chr1:155910923-155911767	chr1	155880714	155881558	True	1	0.2156398104265403	0	0.0	True	False	False	False	True	True	True	True	True	True	6
chr1:155931039-155931857	chr1	155900830	155901648	True	1	0.8215158924205379	0	0.0	True	False	False	False	False	True	False	True	True	False	3
chr1:155961760-155962626	chr1	155931551	155932417	True	2	1.0	1	0.3764434180138568	True	True	False	False	False	True	True	False	True	True	4
chr1:155968462-155969306	chr1	155938253	155939097	True	1	1.0	2	1.0	True	True	False	False	True	False	True	False	False	True	3
chr1:155970363-155971195	chr1	155940154	155940986	True	1	1.0	2	0.7740384615384616	True	True	True	False	False	False	True	True	False	True	4
chr1:155981104-155982017	chr1	155950895	155951808	True	1	1.0	1	0.2979189485213581	True	True	True	False	True	True	True	True	True	True	7
chr1:155983189-155984096	chr1	155952980	155953887	True	2	1.0	1	0.2877618522601984	True	True	True	True	True	True	True	True	True	True	8
chr1:156456450-156457073	chr1	156426242	156426865	True	1	0.463884430176565	0	0.0	True	False	True	False	False	True	True	True	True	True	6
chr1:156457180-156457571	chr1	156426972	156427363	True	1	1.0	0	0.0	True	False	True	False	False	True	True	True	True	True	6
chr1:156475308-156476211	chr1	156445100	156446003	True	1	0.9158361018826136	2	0.7375415282392026	True	True	False	False	False	False	False	False	True	True	2
chr1:156490226-156491067	chr1	156460018	156460859	True	1	1.0	1	0.4185493460166468	True	True	True	True	False	False	True	True	False	True	5
chr1:156496115-156496916	chr1	156465907	156466708	True	1	1.0	2	0.5255930087390761	True	True	True	False	False	False	True	False	False	True	3
chr1:156502680-156503631	chr1	156472472	156473423	True	1	1.0	0	0.0	True	False	True	True	False	True	True	True	True	True	7
chr1:156504841-156505733	chr1	156474633	156475525	True	2	0.5515695067264574	2	0.905829596412556	True	True	True	True	False	True	True	True	True	True	7
chr1:156508204-156509109	chr1	156477996	156478901	True	2	1.0	0	0.0	True	False	True	False	False	False	False	True	False	True	3
chr1:156510454-156511362	chr1	156480246	156481154	True	2	0.8568281938325991	0	0.0	True	False	False	False	False	False	False	False	False	True	1
chr1:156571080-156571874	chr1	156540872	156541666	True	1	1.0	0	0.0	True	False	False	False	False	True	True	False	True	True	4
chr1:156572204-156573046	chr1	156541996	156542838	True	1	0.2137767220902612	0	0.0	True	False	False	False	False	True	True	False	False	False	2
chr1:156581670-156582625	chr1	156551462	156552417	True	1	1.0	3	0.7528795811518325	True	True	True	False	False	False	False	False	False	False	1
chr1:160098470-160099354	chr1	160068260	160069144	True	1	0.1900452488687782	0	0.0	True	False	True	True	False	False	True	True	True	False	5
chr1:160100750-160101660	chr1	160070540	160071450	True	1	0.5208791208791209	2	0.3252747252747253	True	True	False	True	True	True	False	True	True	False	5
chr1:160102458-160103383	chr1	160072248	160073173	True	2	1.0	2	0.5816216216216217	True	True	False	False	False	False	False	False	False	False	0
chr1:160124525-160125360	chr1	160094315	160095150	True	1	1.0	2	0.7413173652694611	True	True	False	False	False	True	False	False	True	False	2
chr1:160125675-160126446	chr1	160095465	160096236	True	2	1.0	0	0.0	True	False	False	False	False	True	False	False	False	False	1
chr1:160127859-160128723	chr1	160097649	160098513	True	1	1.0	2	0.4733796296296296	True	True	False	False	False	False	False	False	False	False	0
chr1:160149473-160150306	chr1	160119263	160120096	True	1	0.6158463385354142	0	0.0	True	False	False	False	False	False	False	False	False	False	0
chr1:160156061-160156942	chr1	160125851	160126732	True	3	0.7729852440408627	1	0.3643586833144154	True	True	False	False	False	False	False	False	False	False	0
chr1:160157782-160158682	chr1	160127572	160128472	True	1	1.0	2	0.4433333333333333	True	True	False	False	False	False	False	False	False	False	0
chr1:160159710-160160616	chr1	160129500	160130406	True	1	0.5253863134657837	0	0.0	True	False	False	False	False	False	False	False	False	False	0
chr1:160192901-160193790	chr1	160162691	160163580	True	1	0.4499437570303712	0	0.0	True	False	False	True	False	False	False	True	False	False	2
chr1:160206140-160207051	chr1	160175930	160176841	True	1	0.5104281009879253	0	0.0	True	False	True	False	False	True	True	False	True	True	5
chr1:160260653-160261446	chr1	160230443	160231236	True	1	1.0	0	0.0	True	False	False	False	False	True	True	True	True	True	5
chr1:160291653-160292445	chr1	160261443	160262235	True	1	1.0	2	0.5404040404040404	True	True	False	False	False	False	False	False	False	False	0
chr1:201266492-201267313	chr1	201235620	201236441	True	2	1.0	0	0.0	True	False	False	False	False	True	False	False	True	True	3
chr1:201268393-201269278	chr1	201237521	201238406	True	2	1.0	2	0.6112994350282486	True	True	False	False	False	True	False	False	True	True	3
chr1:201275010-201275907	chr1	201244138	201245035	True	1	1.0	2	1.0	True	True	False	False	False	True	False	False	True	False	2
chr1:201283017-201283922	chr1	201252145	201253050	True	1	0.256353591160221	2	0.6839779005524862	True	True	False	False	False	True	False	False	True	False	2
chr1:201295665-201296512	chr1	201264793	201265640	True	1	1.0	0	0.0	True	False	False	False	False	True	False	False	True	False	2
chr1:201302287-201303163	chr1	201271415	201272291	True	1	0.228310502283105	0	0.0	True	False	False	False	False	True	False	False	True	False	2
chr1:201307105-201307840	chr1	201276233	201276968	True	1	1.0	0	0.0	True	False	False	False	False	True	False	False	True	False	2
chr1:201309132-201309995	chr1	201278260	201279123	True	1	1.0	0	0.0	True	False	False	False	False	True	False	False	True	False	2
chr1:201310938-201311804	chr1	201280066	201280932	True	2	1.0	2	0.5438799076212472	True	True	False	False	False	True	False	False	True	False	2
chr1:201318718-201319616	chr1	201287846	201288744	True	1	1.0	0	0.0	True	False	False	False	False	True	False	False	True	False	2
chr1:201377403-201378263	chr1	201346531	201347391	True	2	0.5348837209302325	1	0.8825581395348837	True	True	False	True	False	False	False	False	False	False	1
chr1:201383798-201384687	chr1	201352926	201353815	True	1	1.0	2	0.7874015748031497	True	True	False	False	False	False	False	False	False	True	1
chr1:201385310-201385970	chr1	201354438	201355098	True	1	0.2106060606060606	0	0.0	True	False	False	True	False	False	False	False	False	False	1
chr1:201419444-201420370	chr1	201388572	201389498	True	1	1.0	4	0.8801295896328294	True	True	False	False	False	False	False	False	False	False	0
chr1:201426194-201427110	chr1	201395322	201396238	True	1	0.4967248908296943	2	0.8144104803493449	True	True	False	False	False	False	False	False	False	False	0
chr1:201430622-201431528	chr1	201399750	201400656	True	2	1.0	2	0.9514348785871964	True	True	False	False	False	False	False	False	False	False	0
chr1:201447912-201448799	chr1	201417040	201417927	True	1	1.0	1	0.4013528748590755	True	True	False	False	False	True	False	False	True	False	2
chr1:201450636-201451543	chr1	201419764	201420671	True	1	1.0	2	0.794928335170893	True	True	False	False	False	True	False	False	False	True	2
chr1:201453787-201454675	chr1	201422915	201423803	True	1	1.0	0	0.0	True	False	False	False	False	True	False	False	True	False	2
chr1:201456673-201457518	chr1	201425801	201426646	True	1	1.0	1	0.4627218934911242	True	True	True	False	False	True	False	True	True	True	5
chr1:201460933-201461555	chr1	201430061	201430683	True	2	1.0	1	0.1366559485530546	True	True	False	False	False	True	True	True	True	True	5
chr1:201461678-201462421	chr1	201430806	201431549	True	1	1.0	2	0.8869448183041723	True	True	False	False	False	True	True	True	True	True	5
chr1:201466276-201467112	chr1	201435404	201436240	True	2	0.5215311004784688	0	0.0	True	False	False	False	False	True	False	False	True	False	2
chr1:201468832-201469754	chr1	201437960	201438882	True	1	0.113882863340564	3	0.8177874186550976	True	True	False	False	False	True	False	False	False	False	1
chr1:201480145-201481078	chr1	201449273	201450206	True	2	1.0	2	0.744908896034298	True	True	False	False	False	False	False	False	True	False	1
chr1:201488978-201489867	chr1	201458106	201458995	True	3	1.0	0	0.0	True	False	False	False	False	True	True	False	True	True	4
chr1:201500487-201501269	chr1	201469615	201470397	True	3	1.0	0	0.0	True	False	False	True	False	True	True	False	False	True	4
chr1:201503200-201504097	chr1	201472328	201473225	True	1	1.0	1	0.6454849498327759	True	True	False	False	True	True	True	False	True	True	5
chr1:201505187-201506068	chr1	201474315	201475196	True	1	0.978433598183882	0	0.0	True	False	True	False	False	True	True	False	True	True	5
chr1:201511722-201512387	chr1	201480850	201481515	True	2	1.0	1	0.5052631578947369	True	True	True	True	False	False	True	False	False	True	4
chr1:201512741-201513622	chr1	201481869	201482750	True	2	1.0	0	0.0	True	False	False	False	False	True	True	True	False	True	4
chr1:202957858-202958700	chr1	202926986	202927828	True	1	0.2980997624703088	1	0.3610451306413301	True	True	False	False	False	True	False	True	True	False	3
chr1:202959294-202959969	chr1	202928422	202929097	True	1	1.0	0	0.0	True	False	False	False	False	True	False	True	True	False	3
chr1:202964601-202965500	chr1	202933729	202934628	True	1	1.0	2	0.9276974416017798	True	True	False	False	False	True	False	False	True	False	2
chr1:203026020-203026900	chr1	202995148	202996028	True	1	0.2272727272727272	0	0.0	True	False	False	False	False	True	False	True	True	True	4
chr1:203037999-203038877	chr1	203007127	203008005	True	3	1.0	2	0.9612756264236902	True	True	False	False	False	False	False	False	False	False	0
chr1:203039375-203039932	chr1	203008503	203009060	True	1	1.0	1	0.5368043087971275	True	True	False	False	False	False	False	False	True	False	1
chr1:203046995-203047889	chr1	203016123	203017017	True	1	1.0	0	0.0	True	False	False	False	False	False	False	False	False	True	1
chr1:203051517-203052439	chr1	203020645	203021567	True	3	1.0	2	0.8080260303687635	True	True	False	False	False	False	False	False	False	False	0
chr1:203069098-203069942	chr1	203038226	203039070	True	3	1.0	2	0.4680094786729857	True	True	True	False	False	False	False	False	False	False	1
chr1:203089366-203090174	chr1	203058494	203059302	True	1	1.0	2	0.5532178217821783	True	True	False	False	False	True	False	False	True	False	2
chr1:203090749-203091480	chr1	203059877	203060608	True	2	1.0	0	0.0	True	False	False	False	False	True	False	False	False	False	1
chr1:203091609-203092395	chr1	203060737	203061523	True	2	1.0	2	0.5368956743002544	True	True	False	False	False	True	False	False	False	False	1
chr1:203115894-203116803	chr1	203085022	203085931	True	1	0.3894389438943894	2	0.8932893289328933	True	True	False	False	False	False	False	False	False	False	0
chr1:203117574-203118450	chr1	203086702	203087578	True	1	0.3139269406392694	0	0.0	True	False	False	False	False	False	False	False	False	False	0
chr1:203129566-203130490	chr1	203098694	203099618	True	1	0.2608225108225108	1	0.5119047619047619	True	True	False	False	False	False	False	False	False	False	0
chr1:203135843-203136644	chr1	203104971	203105772	True	1	0.4993757802746567	1	0.383270911360799	True	True	False	False	False	False	False	False	False	False	0
chr1:203152092-203153001	chr1	203121220	203122129	True	1	1.0	1	0.3223322332233223	True	True	False	False	False	True	True	False	False	False	2
chr1:203154088-203154931	chr1	203123216	203124059	True	1	0.9027283511269276	0	0.0	True	False	False	False	False	True	True	False	False	False	2
chr1:203177333-203178187	chr1	203146461	203147315	True	1	1.0	1	0.477751756440281	True	True	False	False	False	False	False	False	False	True	1
chr1:203196141-203196884	chr1	203165269	203166012	True	1	0.8546433378196501	1	0.3687752355316285	True	True	False	False	False	False	False	False	False	False	0
chr1:203197427-203198324	chr1	203166555	203167452	True	1	1.0	2	0.4158305462653289	True	True	False	False	False	False	False	False	False	True	1
chr1:203199683-203200616	chr1	203168811	203169744	True	1	1.0	0	0.0	True	False	False	False	False	False	False	False	False	True	1
chr1:203202273-203203159	chr1	203171401	203172287	True	1	1.0	0	0.0	True	False	False	False	False	False	False	False	False	True	1
chr1:203204485-203205238	chr1	203173613	203174366	True	1	1.0	0	0.0	True	False	False	False	False	False	False	False	False	False	0
chr1:203205851-203206772	chr1	203174979	203175900	True	2	1.0	2	0.6286644951140065	True	True	False	False	False	False	False	False	False	False	0
chr1:203215922-203216768	chr1	203185050	203185896	True	1	1.0	1	0.2068557919621749	True	True	False	False	False	False	False	False	False	False	0
chr1:203250725-203251586	chr1	203219853	203220714	True	1	0.8559814169570267	0	0.0	True	False	False	False	False	True	False	False	False	False	1
chr1:203263890-203264768	chr1	203233018	203233896	True	2	1.0	2	0.4316628701594533	True	True	False	False	False	False	False	False	True	False	1
chr1:203267120-203268022	chr1	203236248	203237150	True	2	0.6352549889135255	0	0.0	True	False	True	False	False	True	False	False	False	False	2
chr1:203268811-203269677	chr1	203237939	203238805	True	1	0.9237875288683602	0	0.0	True	False	True	False	False	False	False	False	True	False	2
chr1:203272897-203273785	chr1	203242025	203242913	True	1	0.6036036036036037	2	0.4087837837837837	True	True	False	False	False	True	False	False	True	False	2
chr1:210584157-210585061	chr1	210757501	210758405	True	1	0.4424778761061947	2	0.3451327433628318	True	True	False	False	False	False	False	False	False	False	0
chr1:210597755-210598648	chr1	210771099	210771992	True	1	1.0	4	0.858902575587906	True	True	False	False	False	True	False	True	True	True	4
chr1:210687309-210688200	chr1	210860651	210861542	True	2	1.0	0	0.0	True	False	False	False	False	False	False	False	False	False	0
chr1:210764270-210765172	chr1	210937612	210938514	True	2	0.7782705099778271	1	0.3658536585365853	True	True	False	False	False	False	False	False	False	False	0
chr1:211036841-211037726	chr1	211210183	211211068	True	2	1.0	0	0.0	True	False	False	False	False	False	False	False	False	True	1
chr1:211041547-211042458	chr1	211214889	211215800	True	1	0.2195389681668496	0	0.0	True	False	False	False	False	False	False	False	False	False	0
chr1:211126379-211127238	chr1	211299721	211300580	True	1	0.2363213038416763	0	0.0	True	False	False	False	False	False	False	False	False	True	1
chr1:211133744-211134598	chr1	211307086	211307940	True	1	0.1908665105386416	1	0.0070257611241217	True	True	False	False	False	False	False	False	False	False	0
chr1:21966104-21966901	chr1	22292597	22293394	True	1	0.2509410288582183	0	0.0	True	False	False	False	False	False	False	False	False	False	0
chr1:21974518-21975428	chr1	22301011	22301921	True	1	0.2197802197802197	2	0.3846153846153846	True	True	False	False	True	False	True	False	True	False	3
chr1:22018855-22019769	chr1	22345348	22346262	True	1	0.9463894967177244	1	0.4606126914660831	True	True	True	False	False	True	True	True	True	True	6
chr1:22044477-22045399	chr1	22370970	22371892	True	3	0.9533622559652928	0	0.0	True	False	True	False	False	True	False	False	True	True	4
chr1:22077494-22078376	chr1	22403987	22404869	True	2	0.4535147392290249	1	0.3333333333333333	True	True	False	False	False	False	False	False	False	False	0
chr1:22132270-22133093	chr1	22458763	22459586	True	2	0.7569866342648846	2	0.6184690157958688	True	True	False	False	False	False	False	False	False	False	0
chr1:226778377-226779289	chr1	226966078	226966990	True	1	0.2335526315789473	2	0.3969298245614035	True	True	False	False	False	False	True	False	True	False	2
chr1:226783928-226784859	chr1	226971629	226972560	True	1	1.0	2	0.3823845327604726	True	True	False	False	False	False	True	False	False	False	1
chr1:226814667-226815587	chr1	227002368	227003288	True	2	0.8695652173913043	1	0.6956521739130435	True	True	False	False	False	True	True	False	True	True	4
chr1:226821067-226821935	chr1	227008768	227009636	True	2	0.7695852534562212	4	0.6036866359447005	True	True	False	False	False	False	True	False	False	True	2
chr1:226872246-226873161	chr1	227059947	227060862	True	2	0.4699453551912568	2	0.4961748633879781	True	True	False	False	False	False	False	False	False	False	0
chr1:229408338-229409241	chr1	229544085	229544988	True	2	1.0	2	0.6345514950166113	True	True	False	False	False	False	False	False	False	False	0
chr1:229410791-229411675	chr1	229546538	229547422	True	3	0.9490950226244343	2	0.7669683257918553	True	True	False	False	False	False	False	False	False	False	0
chr1:229440611-229441527	chr1	229576358	229577274	True	1	0.5425764192139738	1	0.2947598253275109	True	True	True	False	False	False	False	False	False	True	2
chr1:236715917-236716818	chr1	236879217	236880118	True	1	1.0	2	0.4483906770255272	True	True	False	False	False	False	False	False	False	False	0
chr1:236724302-236725209	chr1	236887602	236888509	True	2	0.7794928335170893	1	0.4619625137816979	True	True	False	False	False	False	False	False	False	False	0
chr1:236854432-236855062	chr1	237017732	237018362	True	1	0.6349206349206349	0	0.0	True	False	False	False	False	False	False	False	False	False	0
chr1:31306054-31306962	chr1	31778901	31779809	True	3	1.0	0	0.0	True	False	False	False	False	True	True	False	True	True	4
chr1:31373141-31373884	chr1	31845988	31846731	True	1	0.8411843876177658	0	0.0	True	False	False	True	False	False	True	False	False	True	3
chr1:31374639-31375452	chr1	31847486	31848299	True	1	0.4022140221402214	2	0.3960639606396064	True	True	False	True	False	False	False	False	False	True	2
chr1:31376499-31377389	chr1	31849346	31850236	True	2	0.4752808988764045	2	0.4640449438202247	True	True	False	False	False	False	False	False	False	True	1
chr1:31381393-31382300	chr1	31854240	31855147	True	1	1.0	2	0.5523704520396913	True	True	False	False	False	False	False	False	False	False	0
chr1:31396878-31397775	chr1	31869725	31870622	True	1	1.0	1	0.4180602006688963	True	True	False	False	False	True	False	False	True	True	3
chr1:31405275-31406178	chr1	31878122	31879025	True	3	1.0	2	0.8571428571428571	True	True	False	False	False	False	False	False	False	False	0
chr1:31410633-31411372	chr1	31883480	31884219	True	2	1.0	0	0.0	True	False	False	False	False	False	False	True	False	True	2
chr1:31421237-31422023	chr1	31894084	31894870	True	2	1.0	2	0.7188295165394402	True	True	False	False	False	True	False	False	True	True	3
chr1:31422429-31423286	chr1	31895276	31896133	True	1	0.6266044340723453	0	0.0	True	False	False	False	True	True	True	False	True	True	5
chr1:94801727-94802617	chr1	95267283	95268173	True	1	0.3696629213483146	0	0.0	True	False	False	False	True	True	True	False	True	True	5
chr1:94803279-94804149	chr1	95268835	95269705	True	1	0.6632183908045977	2	0.5011494252873563	True	True	False	False	True	True	False	False	False	True	3
chr1:94854376-94855211	chr1	95319932	95320767	True	2	0.5209580838323353	4	0.8407185628742515	True	True	False	False	False	True	True	False	True	True	4
chr1:94863690-94864503	chr1	95329246	95330059	True	1	1.0	0	0.0	True	False	False	False	False	True	True	False	True	True	4
chr1:94866281-94867084	chr1	95331837	95332640	True	1	1.0	0	0.0	True	False	False	True	False	False	False	False	False	True	2
chr1:94873647-94874564	chr1	95339203	95340120	True	1	1.0	1	0.8429661941112323	True	True	False	False	False	False	False	False	False	False	0
chr1:94883646-94884528	chr1	95349202	95350084	True	1	1.0	0	0.0	True	False	False	False	False	True	False	False	False	True	2
chr1:94892585-94893489	chr1	95358141	95359045	True	1	1.0	2	0.620575221238938	True	True	False	False	False	False	False	False	False	False	0
chr1:94922428-94923328	chr1	95387984	95388884	True	1	0.92	2	0.3088888888888889	True	True	False	False	True	False	False	False	False	True	2
chr1:94938842-94939667	chr1	95404398	95405223	True	1	0.2424242424242424	0	0.0	True	False	False	False	False	False	False	False	False	False	0
chr1:94947212-94948092	chr1	95412768	95413648	True	1	0.9090909090909092	0	0.0	True	False	False	False	False	False	False	False	False	True	1
chr1:94971229-94972056	chr1	95436785	95437612	True	1	1.0	2	0.7956469165659008	True	True	False	False	False	True	True	False	True	True	4
chr1:94974564-94975362	chr1	95440120	95440918	True	1	1.0	0	0.0	True	False	False	False	False	True	False	False	True	True	3
chr1:94983036-94983922	chr1	95448592	95449478	True	1	0.6997742663656885	1	0.3024830699774266	True	True	False	False	False	False	True	False	False	False	1
chr1:95002419-95003204	chr1	95467975	95468760	True	2	0.5095541401273885	0	0.0	True	False	False	False	True	False	False	False	False	True	2
chr1:95012132-95013028	chr1	95477688	95478584	True	1	1.0	1	0.4475446428571428	True	True	False	False	False	False	False	False	False	True	1
chr1:95018372-95019244	chr1	95483928	95484800	True	1	0.6743119266055045	0	0.0	True	False	False	False	False	True	False	False	False	False	1
chr1:95021654-95022591	chr1	95487210	95488147	True	1	1.0	2	0.2390608324439701	True	True	False	False	False	True	False	False	False	True	2
chr1:95023388-95024308	chr1	95488944	95489864	True	1	1.0	0	0.0	True	False	False	False	False	True	True	False	False	True	3
chr1:99817959-99818828	chr1	100283515	100284384	True	1	0.4602991944764096	1	0.4418872266973532	True	True	False	False	False	False	False	False	False	False	0
chr20:45770980-45771871	chr20	44399619	44400510	True	1	0.4489337822671156	0	0.0	True	False	False	False	False	True	False	False	False	True	2
chr20:45778835-45779655	chr20	44407474	44408294	True	1	1.0	2	0.8207317073170731	True	True	False	False	False	True	True	False	True	True	4
chr20:45781299-45782102	chr20	44409938	44410741	True	2	1.0	1	0.6127023661270237	True	True	False	False	False	True	True	False	True	True	4
chr20:45812036-45812935	chr20	44440675	44441574	True	2	0.353726362625139	0	0.0	True	False	True	False	True	True	True	False	True	False	5
chr20:45817500-45818375	chr20	44446139	44447014	True	1	0.976	0	0.0	True	False	False	False	False	True	True	False	False	True	3
chr20:45826222-45827103	chr20	44454861	44455742	True	1	1.0	2	0.6685584562996595	True	True	False	False	False	False	False	False	False	True	1
chr20:45828464-45829387	chr20	44457103	44458026	True	1	0.9642470205850489	2	0.6013001083423619	True	True	False	False	False	False	False	False	False	False	0
chr20:45833406-45834264	chr20	44462045	44462903	True	1	0.1724941724941724	0	0.0	True	False	False	False	False	True	True	False	True	False	3
chr20:45835632-45836521	chr20	44464271	44465160	True	1	0.5871766029246345	1	0.3813273340832396	True	True	False	False	False	False	False	True	False	True	2
chr20:45884710-45885610	chr20	44513349	44514249	True	1	0.4444444444444444	1	0.2733333333333333	True	True	True	False	False	True	True	True	True	True	6
chr20:45917613-45918430	chr20	44546252	44547069	True	1	0.8274173806609547	1	0.4002447980416156	True	True	False	False	False	False	False	False	False	True	1
chr20:45919583-45920408	chr20	44548222	44549047	True	1	1.0	2	0.08	True	True	False	False	False	False	True	False	False	True	2
chr20:45924228-45925142	chr20	44552867	44553781	True	2	0.5754923413566739	2	0.4070021881838074	True	True	False	False	False	False	False	False	False	True	1
chr20:4601398-4602261	chr20	4582044	4582907	True	2	0.5874855156431055	1	0.8099652375434531	True	True	False	False	False	True	False	False	False	False	1
chr20:4633406-4634327	chr20	4614052	4614973	True	3	1.0	1	0.5678610206297503	True	True	False	False	False	True	True	False	False	True	3
chr20:49508340-49509236	chr20	48124877	48125773	True	1	0.6473214285714286	3	0.7310267857142857	True	True	False	False	False	False	False	False	False	False	0
chr20:49510445-49511359	chr20	48126982	48127896	True	3	1.0	2	0.7450765864332604	True	True	False	False	False	False	False	False	False	False	0
chr20:49562088-49562974	chr20	48178625	48179511	True	2	0.8668171557562077	1	0.4977426636568848	True	True	False	True	False	False	True	False	False	False	2
chr20:49573737-49574604	chr20	48190274	48191141	True	1	0.8292964244521338	0	0.0	True	False	False	False	False	False	False	False	False	True	1
chr20:49575347-49576248	chr20	48191884	48192785	True	1	1.0	1	0.5760266370699223	True	True	False	False	False	False	False	False	False	False	0
chr20:49583371-49584243	chr20	48199908	48200780	True	2	0.9025229357798163	2	0.6788990825688074	True	True	False	False	True	False	False	False	False	True	2
chr20:49593909-49594815	chr20	48210446	48211352	True	1	1.0	2	0.3763796909492273	True	True	False	False	False	False	True	False	False	True	2
chr20:49595692-49596552	chr20	48212229	48213089	True	1	1.0	2	0.45	True	True	False	False	False	False	False	False	False	True	1
chr20:49604233-49605072	chr20	48220770	48221609	True	1	0.734207389749702	0	0.0	True	False	False	False	False	False	False	False	False	False	0
chr20:49605598-49606447	chr20	48222135	48222984	True	1	0.7750294464075382	2	0.6054181389870436	True	True	False	False	False	False	False	False	False	False	0
chr20:61166257-61167018	chr20	59741313	59742074	True	2	1.0	1	0.052562417871222	True	True	False	False	False	False	False	False	False	True	1
chr20:61185722-61186667	chr20	59760778	59761723	True	1	1.0	2	0.9904761904761904	True	True	False	False	False	True	False	False	True	True	3
chr20:61555812-61556716	chr20	60130868	60131772	True	3	1.0	1	0.3816371681415929	True	True	False	False	False	False	False	False	True	False	1
chr20:61588293-61588837	chr20	60163349	60163893	True	2	1.0	0	0.0	True	False	False	False	False	False	False	False	False	True	1
chr20:61588947-61589568	chr20	60164003	60164624	True	2	1.0	0	0.0	True	False	False	False	False	False	False	False	False	True	1
chr20:61628472-61629326	chr20	60203528	60204382	True	1	0.6756440281030445	3	0.936768149882904	True	True	False	False	False	False	False	False	False	False	0
chr20:61629563-61630355	chr20	60204619	60205411	True	1	0.9924242424242424	2	0.928030303030303	True	True	False	False	False	False	False	False	False	False	0
chr21:25929665-25930581	chr21	27301977	27302893	True	2	0.6550218340611353	2	0.4748908296943231	True	True	False	False	False	True	True	False	True	True	4
chr21:25934578-25935481	chr21	27306892	27307795	True	1	0.9590254706533776	1	0.3698781838316722	True	True	False	False	False	True	True	False	True	True	4
chr21:25936594-25937456	chr21	27308908	27309770	True	1	0.2320185614849187	0	0.0	True	False	False	False	False	False	True	False	False	False	1
chr21:26041484-26042373	chr21	27413799	27414688	True	1	0.3712035995500562	2	0.4083239595050618	True	True	False	False	False	False	False	False	False	True	1
chr21:26072749-26073605	chr21	27445065	27445921	True	1	0.9252336448598132	0	0.0	True	False	False	False	False	False	False	False	False	True	1
chr21:26112163-26113036	chr21	27484480	27485353	True	1	0.4581901489117984	0	0.0	True	False	False	False	False	False	False	False	False	False	0
chr21:26115750-26116510	chr21	27488067	27488827	True	1	0.6552631578947369	0	0.0	True	False	False	False	False	True	True	False	True	False	3
chr21:26124236-26125117	chr21	27496553	27497434	True	2	0.3461975028376844	0	0.0	True	False	False	False	False	True	True	False	True	True	4
chr21:26127645-26128537	chr21	27499962	27500854	True	2	1.0	0	0.0	True	False	False	False	False	False	True	False	True	True	3
chr21:26139885-26140799	chr21	27512203	27513117	True	3	1.0	0	0.0	True	False	False	False	False	False	True	False	False	True	2
chr21:26177019-26177877	chr21	27549337	27550196	True	2	1.0	2	0.5774155995343423	True	True	False	False	False	False	False	False	False	False	0
chr21:26194577-26195512	chr21	27566896	27567831	True	1	0.6770053475935829	0	0.0	True	False	False	False	False	False	False	False	False	False	0
chr21:26199319-26200212	chr21	27571638	27572531	True	1	0.7737961926091825	0	0.0	True	False	False	False	False	True	False	False	True	False	2
chr21:26232276-26233151	chr21	27604595	27605470	True	1	0.8468571428571429	2	0.4262857142857142	True	True	False	False	False	False	False	False	False	False	0
chr21:26236055-26236961	chr21	27608374	27609280	True	1	0.6125827814569537	2	0.3984547461368653	True	True	False	False	False	False	False	False	False	False	0
chr21:39451376-39452257	chr21	40823302	40824183	True	1	0.5141884222474461	1	0.4324631101021566	True	True	False	True	False	False	False	True	False	False	2
chr21:46025052-46025968	chr21	47444966	47445882	True	1	0.2183406113537118	0	0.0	True	False	False	False	False	False	False	False	False	True	1
chr21:46028233-46029063	chr21	47448147	47448977	True	1	1.0	0	0.0	True	False	False	False	False	False	False	False	False	True	1
chr21:46038626-46039541	chr21	47458540	47459455	True	2	1.0	1	0.7978142076502732	True	True	False	False	False	False	True	False	False	True	2
chr21:46049000-46049919	chr21	47468914	47469833	True	1	1.0	2	0.8291621327529923	True	True	False	True	False	True	False	False	False	True	3
chr21:46052955-46053722	chr21	47472869	47473636	True	1	1.0	3	0.5997392438070405	True	True	False	False	False	True	False	False	False	True	2
chr21:46054254-46055158	chr21	47474168	47475072	True	1	0.4469026548672566	0	0.0	True	False	False	False	False	False	False	False	False	True	1
chr21:46056282-46057155	chr21	47476196	47477069	True	2	1.0	0	0.0	True	False	False	False	False	False	False	False	False	True	1
chr21:46060395-46061299	chr21	47480309	47481213	True	2	1.0	0	0.0	True	False	False	False	False	False	False	False	False	True	1
chr21:46065109-46065969	chr21	47485023	47485883	True	2	0.8267441860465117	0	0.0	True	False	False	False	False	False	False	False	False	True	1
chr21:46092092-46092998	chr21	47512006	47512912	True	1	1.0	1	0.304635761589404	True	True	False	False	False	False	False	False	False	True	1
chr21:46188207-46188904	chr21	47608121	47608818	True	1	0.6398852223816356	2	0.460545193687231	True	True	False	False	False	True	True	True	True	False	4
chr21:46189023-46189789	chr21	47608937	47609703	True	2	0.5678851174934726	0	0.0	True	False	False	False	False	True	True	True	True	False	4
chr22:31055309-31056202	chr22	31451295	31452188	True	1	0.7894736842105263	0	0.0	True	False	False	False	True	True	True	False	True	True	5
chr22:31082520-31083340	chr22	31478506	31479326	True	1	0.1536585365853658	1	0.4158536585365853	True	True	False	False	False	True	True	True	True	True	5
chr22:31084576-31085444	chr22	31480562	31481430	True	1	0.0437788018433179	0	0.0	True	False	False	False	False	True	True	True	True	True	5
chr22:31155276-31156143	chr22	31551262	31552129	True	1	0.6920415224913494	0	0.0	True	False	False	False	False	False	True	False	False	False	1
chr22:31173330-31174195	chr22	31569316	31570181	True	1	1.0	0	0.0	True	False	False	False	False	True	True	False	True	True	4
chr22:31177165-31178074	chr22	31573151	31574060	True	3	1.0	0	0.0	True	False	False	False	False	True	False	False	True	True	3
chr22:33380525-33381341	chr22	33776511	33777327	True	2	0.8909313725490197	1	0.3529411764705882	True	True	False	False	False	True	False	False	True	False	2
chr22:33381659-33382485	chr22	33777645	33778471	True	2	1.0	2	0.5217917675544794	True	True	False	False	False	False	False	False	False	False	0
chr22:33437962-33438870	chr22	33833948	33834856	True	1	0.8810572687224669	1	0.76431718061674	True	True	False	False	False	True	False	False	True	False	2
chr22:33544411-33545310	chr22	33940397	33941296	True	1	0.6674082313681868	1	0.3448275862068966	True	True	False	False	False	False	False	False	False	False	0
chr22:33710123-33711015	chr22	34106109	34107001	True	1	1.0	2	0.6625560538116592	True	True	False	False	False	False	False	False	False	False	0
chr22:33803189-33804074	chr22	34199176	34200061	True	1	1.0	0	0.0	True	False	False	False	False	False	False	False	True	True	2
chr22:33866896-33867796	chr22	34262884	34263784	True	1	1.0	2	0.55	True	True	False	False	True	False	False	False	False	True	2
chr22:33883714-33884648	chr22	34279702	34280636	True	2	1.0	2	0.8768736616702355	True	True	False	False	False	False	False	False	False	False	0
chr22:33908773-33909668	chr22	34304761	34305656	True	2	0.6703910614525139	2	0.4223463687150838	True	True	False	False	False	False	False	False	False	False	0
chr22:35535801-35536707	chr22	35931848	35932754	True	3	1.0	2	0.6766004415011038	True	True	False	False	False	False	False	False	False	False	0
chr22:35589051-35589962	chr22	35985098	35986009	True	1	0.8298572996706916	0	0.0	True	False	False	False	False	True	False	False	True	False	2
chr22:35627223-35628171	chr22	36023270	36024218	True	1	0.8059071729957806	2	0.3154008438818565	True	True	True	True	False	True	True	False	True	True	6
chr22:35629626-35630501	chr22	36025673	36026548	True	1	0.4354285714285714	2	0.408	True	True	True	False	False	True	True	False	True	True	5
chr22:35638183-35639086	chr22	36034230	36035133	True	1	0.6644518272425249	0	0.0	True	False	False	False	False	True	False	False	False	True	2
chr22:35646427-35647345	chr22	36042474	36043392	True	2	1.0	0	0.0	True	False	True	False	True	False	False	False	False	True	3
chr22:35648069-35648827	chr22	36044116	36044874	True	1	0.1820580474934037	2	0.4683377308707124	True	True	True	False	False	True	True	False	True	False	4
chr22:36201463-36202371	chr22	36597509	36598417	True	1	0.3799559471365639	0	0.0	True	False	False	False	False	False	False	True	False	False	1
chr22:36220190-36221115	chr22	36616236	36617161	True	1	0.7643243243243243	1	0.5275675675675676	True	True	False	False	False	False	False	False	False	False	0
chr22:36239155-36240067	chr22	36635201	36636113	True	1	0.5032894736842105	2	0.6896929824561403	True	True	True	True	True	False	True	False	False	False	4
chr22:36244372-36245294	chr22	36640418	36641340	True	1	0.9067245119305856	0	0.0	True	False	False	False	False	False	False	False	False	False	0
chr22:36323494-36324340	chr22	36719539	36720385	True	1	1.0	0	0.0	True	False	False	False	False	True	True	False	True	True	4
chr22:36329143-36329943	chr22	36725188	36725988	True	1	1.0	3	0.9075	True	True	True	True	True	True	True	True	True	True	8
chr22:36334998-36335897	chr22	36731043	36731942	True	1	1.0	2	0.6585094549499444	True	True	False	False	False	True	True	True	True	True	5
chr22:36338990-36339887	chr22	36735035	36735932	True	1	1.0	2	0.4871794871794871	True	True	False	False	False	True	True	False	False	True	3
chr22:36343813-36344695	chr22	36739858	36740740	True	2	1.0	2	1.0	True	True	False	False	True	True	True	False	True	False	4
chr22:36350517-36351457	chr22	36746562	36747502	True	2	0.902127659574468	0	0.0	True	False	False	False	True	True	True	False	True	True	5
chr22:36352375-36353254	chr22	36748420	36749299	True	1	1.0	1	0.4129692832764505	True	True	False	False	True	True	True	False	True	True	5
chr22:36354670-36355581	chr22	36750715	36751626	True	2	1.0	0	0.0	True	False	True	False	True	True	True	True	True	True	7
chr22:36357791-36358391	chr22	36753836	36754436	True	2	1.0	1	0.685	True	True	True	False	True	True	True	False	False	True	5
chr22:36358493-36358905	chr22	36754538	36754950	True	3	1.0	0	0.0	True	False	True	False	True	False	True	False	False	True	4
chr22:36362713-36363472	chr22	36758758	36759517	True	1	0.8735177865612648	0	0.0	True	False	True	False	True	True	True	False	True	True	6
chr22:36364727-36365612	chr22	36760772	36761657	True	4	1.0	1	0.3581920903954802	True	True	True	True	True	True	True	False	True	True	7
chr22:36368452-36369247	chr22	36764497	36765292	True	3	1.0	2	0.6377358490566037	True	True	False	True	True	True	True	True	True	True	7
chr22:36370440-36371068	chr22	36766485	36767113	True	1	1.0	0	0.0	True	False	True	True	True	True	True	True	True	True	8
chr22:36418974-36419750	chr22	36815019	36815795	True	1	0.6971649484536082	0	0.0	True	False	True	False	True	False	True	False	False	True	4
chr22:36420018-36420922	chr22	36816063	36816967	True	1	1.0	2	0.6316371681415929	True	True	False	False	True	False	False	False	False	True	2
chr22:36425976-36426873	chr22	36822021	36822918	True	1	0.2229654403567447	0	0.0	True	False	False	False	True	False	False	True	False	False	2
chr22:36439507-36440425	chr22	36835552	36836470	True	1	1.0	2	0.4705882352941176	True	True	False	False	False	True	True	False	True	True	4
chr22:36443093-36443934	chr22	36839138	36839979	True	1	1.0	2	0.4268727705112961	True	True	False	False	False	False	False	False	False	False	0
chr22:36444917-36445819	chr22	36840967	36841869	True	1	1.0	2	0.4124168514412417	True	True	False	False	False	False	False	False	False	True	1
chr22:36457643-36458559	chr22	36853690	36854606	True	1	0.6550218340611353	0	0.0	True	False	False	True	False	False	False	False	False	True	2
chr22:36461845-36462747	chr22	36857892	36858794	True	4	1.0	2	0.5454545454545454	True	True	False	False	False	True	True	False	True	True	4
chr22:36464973-36465837	chr22	36861020	36861884	True	1	1.0	0	0.0	True	False	False	False	False	True	True	False	True	True	4
chr22:36467731-36468512	chr22	36863778	36864559	True	1	1.0	2	0.7592829705505761	True	True	False	False	False	True	True	True	True	True	5
chr22:36469962-36470818	chr22	36866009	36866865	True	2	1.0	0	0.0	True	False	False	False	True	True	True	False	True	True	5
chr22:36471372-36472159	chr22	36867419	36868206	True	2	1.0	1	0.5374841168996188	True	True	False	False	False	True	True	False	True	True	4
chr22:36478771-36479664	chr22	36874818	36875711	True	1	0.4479283314669653	2	0.3337066069428891	True	True	False	False	False	False	False	True	False	False	1
chr22:36822905-36823804	chr22	37218949	37219848	True	3	0.7775305895439377	2	0.5517241379310345	True	True	False	False	False	False	True	False	False	False	1
chr22:38012515-38013407	chr22	38408522	38409414	True	1	0.852017937219731	2	0.437219730941704	True	True	False	False	True	False	True	True	False	False	3
chr22:38069153-38070036	chr22	38465160	38466043	True	2	0.6670441676104191	1	0.9501698754246886	True	True	False	False	False	False	False	False	False	False	0
chr22:50282075-50282905	chr22	50720504	50721334	True	2	0.5180722891566265	4	0.7734939759036145	True	True	False	False	False	True	False	False	True	False	2
chr22:50293157-50293989	chr22	50731586	50732418	True	1	0.4146634615384615	2	0.5360576923076923	True	True	True	True	True	True	True	False	True	True	7
chr22:50305596-50306478	chr22	50744025	50744907	True	1	0.0544217687074829	3	0.81859410430839	True	True	True	False	True	True	True	True	True	True	7
chr2:11583926-11584822	chr2	11724052	11724948	True	1	0.3314732142857143	0	0.0	True	False	False	False	True	False	False	False	False	True	2
chr2:11696980-11697830	chr2	11837106	11837956	True	2	0.9494117647058824	1	0.4070588235294117	True	True	False	False	False	False	False	False	False	True	1
chr2:11802475-11803356	chr2	11942601	11943482	True	1	0.2270147559591373	2	0.438138479001135	True	True	False	False	False	False	False	False	False	False	0
chr2:11829852-11830706	chr2	11969978	11970832	True	1	1.0	0	0.0	True	False	True	True	False	True	True	True	True	True	7
chr2:11863527-11864438	chr2	12003653	12004564	True	2	1.0	0	0.0	True	False	True	False	False	True	True	True	False	False	4
chr2:11899232-11900086	chr2	12039358	12040212	True	1	0.5421545667447307	0	0.0	True	False	False	False	False	True	False	False	False	False	1
chr2:11914237-11915148	chr2	12054363	12055274	True	1	1.0	2	0.6377607025246982	True	True	False	False	False	False	False	False	False	False	0
chr2:127007414-127008300	chr2	127764990	127765876	True	1	0.3905191873589165	0	0.0	True	False	False	False	False	False	False	False	False	False	0
chr2:127014384-127015285	chr2	127771960	127772861	True	2	0.632630410654828	0	0.0	True	False	False	False	False	True	False	False	True	True	3
chr2:127064486-127065403	chr2	127822062	127822979	True	2	1.0	2	0.777535441657579	True	True	True	True	False	True	True	True	True	True	7
chr2:127066774-127067601	chr2	127824350	127825177	True	1	0.2986698911729141	0	0.0	True	False	False	False	False	False	False	False	False	True	1
chr2:127072756-127073626	chr2	127830332	127831202	True	1	0.2298850574712643	1	0.2919540229885057	True	True	False	False	False	False	False	False	False	False	0
chr2:127080619-127081533	chr2	127838195	127839109	True	1	1.0	1	0.486870897155361	True	True	True	False	False	False	False	False	False	False	1
chr2:127083723-127084578	chr2	127841299	127842154	True	1	1.0	3	0.8807017543859649	True	True	False	False	False	False	False	False	False	True	1
chr2:127087100-127087914	chr2	127844676	127845490	True	1	1.0	1	0.2137592137592137	True	True	True	False	False	False	True	False	False	True	3
chr2:127094405-127095313	chr2	127851981	127852889	True	1	1.0	0	0.0	True	False	False	False	False	False	True	False	False	False	1
chr2:127096498-127097383	chr2	127854074	127854959	True	1	1.0	1	0.6011299435028249	True	True	False	False	False	False	False	False	False	False	0
chr2:127100516-127101403	chr2	127858092	127858979	True	2	1.0	2	0.4351747463359639	True	True	False	False	False	False	False	False	False	False	0
chr2:127144019-127144802	chr2	127901595	127902378	True	1	1.0	0	0.0	True	False	False	False	False	False	True	False	False	True	2
chr2:127145360-127146179	chr2	127902936	127903755	True	1	0.9694749694749696	1	0.7728937728937729	True	True	False	False	False	False	False	False	True	False	1
chr2:127146824-127147723	chr2	127904400	127905299	True	1	1.0	0	0.0	True	False	False	False	False	False	False	False	False	False	0
chr2:127149116-127150012	chr2	127906692	127907588	True	1	0.8928571428571429	0	0.0	True	False	False	False	False	False	True	False	True	True	3
chr2:127153416-127154334	chr2	127910992	127911910	True	1	1.0	0	0.0	True	False	False	False	False	False	True	False	False	True	2
chr2:127193500-127194389	chr2	127951076	127951965	True	3	0.9392575928009	0	0.0	True	False	False	True	False	False	False	False	False	False	1
chr2:174761632-174762441	chr2	175626360	175627169	True	1	0.7342398022249691	2	0.5092707045735476	True	True	False	False	False	False	True	False	False	True	2
chr2:174764202-174765083	chr2	175628930	175629811	True	1	0.0646992054483541	2	1.0	True	True	False	False	False	False	True	False	False	True	2
chr2:174765518-174766213	chr2	175630246	175630941	True	2	1.0	0	0.0	True	False	False	False	False	False	False	False	False	True	1
chr2:174771418-174772248	chr2	175636146	175636976	True	1	0.5084337349397591	1	0.0578313253012048	True	True	False	True	False	False	False	False	False	True	2
chr2:174778271-174779188	chr2	175642999	175643916	True	2	1.0	2	0.5376226826608506	True	True	False	False	False	False	False	False	False	True	1
chr2:174787580-174788390	chr2	175652308	175653118	True	2	1.0	0	0.0	True	False	False	True	False	False	False	False	False	True	2
chr2:174802228-174803120	chr2	175666956	175667848	True	1	1.0	0	0.0	True	False	False	False	False	False	False	False	False	True	1
chr2:174807187-174808084	chr2	175671915	175672812	True	2	1.0	2	0.391304347826087	True	True	False	False	False	False	False	False	False	True	1
chr2:174815323-174816249	chr2	175680051	175680977	True	1	0.4568034557235421	0	0.0	True	False	False	False	False	False	False	False	False	True	1
chr2:174827371-174828280	chr2	175692099	175693008	True	3	1.0	0	0.0	True	False	False	True	False	False	True	False	False	True	3
chr2:174835580-174836296	chr2	175700308	175701024	True	1	1.0	0	0.0	True	False	False	True	False	True	False	False	True	True	4
chr2:174836418-174837168	chr2	175701146	175701896	True	1	1.0	0	0.0	True	False	False	True	False	True	True	False	True	True	5
chr2:174840142-174841051	chr2	175704870	175705779	True	1	1.0	2	0.6897689768976898	True	True	False	False	False	False	False	False	False	True	1
chr2:174878274-174879191	chr2	175743002	175743919	True	1	0.218102508178844	0	0.0	True	False	False	False	False	False	False	False	False	False	0
chr2:188902673-188903589	chr2	189767399	189768315	True	1	0.6550218340611353	0	0.0	True	False	False	False	False	False	True	False	False	False	1
chr2:188968987-188969864	chr2	189833713	189834590	True	1	0.2759407069555302	2	0.3785632839224629	True	True	False	False	False	False	False	False	False	False	0
chr2:188983238-188984054	chr2	189847964	189848780	True	1	1.0	0	0.0	True	False	False	False	False	False	False	False	False	True	1
chr2:188984402-188985249	chr2	189849128	189849975	True	2	1.0	2	0.5466351829988194	True	True	False	False	False	False	False	False	False	True	1
chr2:189021895-189022712	chr2	189886621	189887438	True	1	0.8984088127294981	0	0.0	True	False	False	False	False	False	False	False	False	True	1
chr2:189082649-189083498	chr2	189947375	189948224	True	1	1.0	2	0.535924617196702	True	True	False	False	False	False	False	False	False	True	1
chr2:189086412-189087301	chr2	189951138	189952027	True	3	1.0	1	0.2868391451068616	True	True	False	False	False	False	False	False	False	True	1
chr2:189092697-189093582	chr2	189957423	189958308	True	3	1.0	0	0.0	True	False	False	False	False	False	False	False	False	True	1
chr2:189094176-189094993	chr2	189958902	189959719	True	1	1.0	0	0.0	True	False	False	False	False	False	False	False	False	True	1
chr2:189096555-189097463	chr2	189961281	189962189	True	1	1.0	0	0.0	True	False	False	False	False	False	True	False	False	True	2
chr2:210302095-210302962	chr2	211166819	211167686	True	1	0.3817762399077278	0	0.0	True	False	False	False	False	False	False	False	False	False	0
chr2:219362285-219363199	chr2	220227007	220227921	True	1	0.3993435448577681	2	0.4573304157549234	True	True	False	False	False	False	False	False	False	False	0
chr2:219397348-219398137	chr2	220262070	220262859	True	1	1.0	0	0.0	True	False	False	False	False	False	False	False	False	False	0
chr2:219406613-219407532	chr2	220271335	220272254	True	2	1.0	0	0.0	True	False	False	False	False	False	False	True	False	True	2
chr2:219417176-219417848	chr2	220281898	220282570	True	1	1.0	2	0.6116071428571429	True	True	False	False	False	False	False	False	False	False	0
chr2:219417969-219418707	chr2	220282691	220283429	True	1	0.3590785907859078	2	0.8577235772357723	True	True	False	False	False	False	False	False	False	False	0
chr2:219433626-219434521	chr2	220298348	220299243	True	1	0.3206703910614525	0	0.0	True	False	False	False	False	False	False	False	False	False	0
chr2:219452621-219453487	chr2	220317343	220318209	True	1	1.0	2	0.569284064665127	True	True	False	False	False	True	False	True	True	True	4
chr2:232567906-232568768	chr2	233432616	233433478	True	1	1.0	1	0.4907192575406032	True	True	False	False	False	True	False	False	True	True	3
chr2:232574362-232575266	chr2	233439072	233439976	True	3	0.9778761061946902	2	0.1946902654867256	True	True	False	False	True	True	False	False	False	False	2
chr2:232576785-232577573	chr2	233441495	233442283	True	1	1.0	1	0.4137055837563452	True	True	False	False	False	False	False	False	False	False	0
chr2:232588593-232589495	chr2	233453303	233454205	True	1	0.8869179600886918	0	0.0	True	False	False	False	False	True	False	False	True	True	3
chr2:237254381-237254987	chr2	238163024	238163630	True	1	0.6089108910891089	0	0.0	True	False	False	False	False	False	False	False	False	True	1
chr2:237255097-237255672	chr2	238163740	238164315	True	1	1.0	0	0.0	True	False	False	False	False	True	False	False	False	True	2
chr2:237256559-237257451	chr2	238165202	238166094	True	1	0.672645739910314	0	0.0	True	False	False	False	False	False	True	False	False	True	2
chr2:237279964-237280858	chr2	238188607	238189501	True	1	1.0	0	0.0	True	False	False	False	False	False	False	False	False	True	1
chr2:237281562-237282446	chr2	238190205	238191089	True	1	1.0	0	0.0	True	False	False	False	False	False	False	False	False	True	1
chr2:237282796-237283329	chr2	238191439	238191972	True	1	0.9587242026266416	1	0.5140712945590994	True	True	False	False	False	False	False	False	False	True	1
chr2:237291112-237292028	chr2	238199755	238200671	True	3	1.0	1	0.4639737991266375	True	True	False	False	False	True	True	False	True	True	4
chr2:237296512-237297293	chr2	238205155	238205936	True	1	0.2560819462227913	0	0.0	True	False	False	False	False	False	False	False	False	True	1
chr2:237299708-237300534	chr2	238208351	238209177	True	1	0.3753026634382566	2	0.5121065375302664	True	True	False	False	False	True	False	False	True	True	3
chr2:237308910-237309800	chr2	238217553	238218443	True	1	1.0	2	0.4382022471910112	True	True	False	False	False	False	False	False	False	True	1
chr2:237314916-237315832	chr2	238223559	238224475	True	3	1.0	2	0.3908296943231441	True	True	False	False	False	False	False	False	False	True	1
chr2:237402927-237403843	chr2	238311570	238312486	True	1	1.0	2	0.4159388646288209	True	True	False	False	False	False	False	False	False	True	1
chr2:237408023-237408926	chr2	238316666	238317569	True	3	1.0	1	0.6013289036544851	True	True	False	False	False	False	False	False	False	True	1
chr2:237421320-237422206	chr2	238329963	238330849	True	2	0.8893905191873589	0	0.0	True	False	False	False	False	False	False	False	False	True	1
chr2:237431137-237431914	chr2	238339780	238340557	True	1	1.0	0	0.0	True	False	False	False	False	True	False	False	True	True	3
chr2:237432423-237433330	chr2	238341066	238341973	True	1	1.0	1	0.6163175303197354	True	True	False	False	False	True	False	False	True	True	3
chr2:237434577-237435436	chr2	238343220	238344079	True	1	1.0	0	0.0	True	False	False	False	False	False	False	False	False	False	0
chr2:237435808-237436586	chr2	238344451	238345229	True	1	1.0	0	0.0	True	False	False	False	False	True	False	False	False	False	1
chr2:237459480-237460360	chr2	238368123	238369003	True	1	1.0	0	0.0	True	False	False	False	False	True	False	False	False	True	2
chr2:237473977-237474830	chr2	238382620	238383473	True	1	0.9859320046893316	0	0.0	True	False	False	False	False	True	False	False	False	True	2
chr2:237483136-237483988	chr2	238391779	238392631	True	1	0.8004694835680751	0	0.0	True	False	False	False	False	False	False	False	False	True	1
chr2:237497660-237498481	chr2	238406303	238407124	True	2	1.0	1	0.440925700365408	True	True	False	False	False	False	False	False	False	False	0
chr2:237500574-237501469	chr2	238409217	238410112	True	1	1.0	1	0.9150837988826817	True	True	False	False	False	False	False	False	False	True	1
chr2:237502155-237503013	chr2	238410798	238411656	True	1	0.7727272727272727	0	0.0	True	False	False	False	False	False	False	False	False	True	1
chr2:24015420-24016293	chr2	24238290	24239163	True	2	0.5349369988545246	0	0.0	True	False	False	False	True	True	True	True	False	True	5
chr2:24123137-24123988	chr2	24346007	24346858	True	1	0.190364277320799	0	0.0	True	False	False	False	False	False	False	False	False	False	0
chr2:26961314-26962232	chr2	27184182	27185100	True	1	0.3420479302832244	2	0.8703703703703703	True	True	False	False	False	False	False	False	False	False	0
chr2:26975953-26976834	chr2	27198821	27199702	True	1	0.7661748013620885	0	0.0	True	False	False	False	False	False	False	False	False	False	0
chr2:27015630-27016358	chr2	27238498	27239226	True	1	0.728021978021978	0	0.0	True	False	False	False	True	False	True	True	True	True	5
chr2:27020138-27020802	chr2	27243006	27243670	True	1	0.5632530120481928	0	0.0	True	False	False	False	False	False	False	True	False	False	1
chr2:27021291-27022176	chr2	27244159	27245044	True	1	1.0	1	0.6248587570621469	True	True	False	False	False	True	False	False	False	False	1
chr2:27080890-27081761	chr2	27303758	27304629	True	1	0.1584385763490241	2	0.5958668197474167	True	True	True	True	True	True	True	True	False	True	7
chr2:79717143-79718015	chr2	79944269	79945141	True	1	1.0	2	0.3509174311926605	True	True	False	False	False	False	False	False	False	False	0
chr2:86279981-86280903	chr2	86507104	86508026	True	2	0.851409978308026	2	0.4186550976138828	True	True	False	False	False	False	False	False	False	False	0
chr2:86393336-86394233	chr2	86620459	86621356	True	1	1.0	3	0.6265328874024526	True	True	False	False	False	False	False	False	False	False	0
chr3:113166487-113167387	chr3	112885334	112886234	True	1	0.8044444444444444	1	0.2488888888888888	True	True	False	True	False	False	False	False	False	False	1
chr3:113231338-113232291	chr3	112950185	112951138	True	1	0.8688352570828961	1	0.2749213011542497	True	True	False	False	False	True	False	False	True	True	3
chr3:113234433-113235297	chr3	112953280	112954144	True	1	0.6944444444444444	2	0.4317129629629629	True	True	False	False	False	True	False	False	True	False	2
chr3:113241787-113242625	chr3	112960634	112961472	True	2	1.0	0	0.0	True	False	False	True	False	False	False	False	True	False	2
chr3:113245503-113246377	chr3	112964350	112965224	True	1	1.0	2	0.4187643020594965	True	True	False	False	False	False	False	False	False	False	0
chr3:113248969-113249758	chr3	112967816	112968605	True	3	1.0	2	0.8555133079847909	True	True	False	False	False	True	False	False	True	True	3
chr3:113253923-113254786	chr3	112972770	112973633	True	1	0.1425260718424102	0	0.0	True	False	False	False	False	False	False	False	False	False	0
chr3:113255968-113256854	chr3	112974815	112975701	True	2	0.7844243792325056	4	0.7200902934537246	True	True	False	False	False	False	False	False	False	False	0
chr3:113262005-113262917	chr3	112980852	112981764	True	2	0.7807017543859649	2	0.5361842105263158	True	True	False	False	False	True	False	False	False	False	1
chr3:113275786-113276678	chr3	112994633	112995525	True	1	1.0	0	0.0	True	False	True	False	False	True	True	False	False	False	3
chr3:113286866-113287735	chr3	113005713	113006582	True	1	0.7733026467203682	0	0.0	True	False	False	False	False	True	True	True	True	True	5
chr3:123571228-123572135	chr3	123290075	123290982	True	1	0.6615214994487321	0	0.0	True	False	False	False	False	False	False	False	False	False	0
chr3:123600621-123601522	chr3	123319468	123320369	True	1	0.2219755826859045	1	0.3784683684794672	True	True	False	False	False	True	False	False	True	False	2
chr3:123605018-123605851	chr3	123323865	123324698	True	1	0.2256902761104441	0	0.0	True	False	True	False	True	True	False	False	True	True	5
chr3:123652088-123652824	chr3	123370935	123371671	True	1	0.21875	0	0.0	True	False	False	False	False	False	False	False	False	False	0
chr3:123653152-123654011	chr3	123371999	123372858	True	1	1.0	1	0.7392316647264261	True	True	False	False	True	False	True	False	False	True	3
chr3:123657837-123658718	chr3	123376684	123377565	True	1	1.0	0	0.0	True	False	False	False	False	False	True	False	False	True	2
chr3:123660675-123661578	chr3	123379522	123380425	True	1	1.0	1	0.3222591362126246	True	True	False	False	False	False	False	False	False	True	1
chr3:123677896-123678808	chr3	123396743	123397655	True	1	1.0	2	0.6041666666666666	True	True	False	False	False	False	False	False	False	False	0
chr3:123688086-123688991	chr3	123406933	123407838	True	2	1.0	0	0.0	True	False	False	False	True	True	True	False	False	True	4
chr3:123717197-123718105	chr3	123436044	123436952	True	1	1.0	0	0.0	True	False	False	False	False	False	False	False	False	False	0
chr3:123718923-123719743	chr3	123437770	123438590	True	1	1.0	2	0.4341463414634146	True	True	False	False	False	False	False	False	False	True	1
chr3:123733852-123734773	chr3	123452699	123453620	True	1	1.0	0	0.0	True	False	False	False	False	True	False	False	True	True	3
chr3:123739539-123740421	chr3	123458386	123459268	True	1	0.8594104308390023	0	0.0	True	False	False	False	False	True	False	False	True	True	3
chr3:123749459-123750225	chr3	123468306	123469072	True	2	1.0	0	0.0	True	False	False	False	True	False	True	False	False	True	3
chr3:123750527-123751373	chr3	123469374	123470220	True	2	1.0	2	0.7186761229314421	True	True	False	False	True	True	True	False	False	True	4
chr3:123757924-123758575	chr3	123476771	123477422	True	1	1.0	3	0.8387096774193549	True	True	False	False	True	False	False	False	False	True	2
chr3:123760699-123761548	chr3	123479546	123480395	True	1	0.8998822143698468	0	0.0	True	False	False	False	False	False	False	False	False	False	0
chr3:123773505-123774366	chr3	123492352	123493213	True	3	1.0	2	0.4529616724738676	True	True	False	False	False	False	False	False	False	True	1
chr3:123780646-123781516	chr3	123499493	123500363	True	1	0.5206896551724138	0	0.0	True	False	False	False	False	False	False	False	False	False	0
chr3:123791578-123792364	chr3	123510425	123511211	True	1	1.0	3	0.7086513994910941	True	True	False	False	False	False	False	False	False	False	0
chr3:123799567-123800419	chr3	123518414	123519266	True	3	1.0	0	0.0	True	False	False	False	False	True	False	False	True	True	3
chr3:123813700-123814619	chr3	123532547	123533466	True	1	0.8302502720348205	2	0.6343852013057671	True	True	False	False	False	True	True	False	False	False	2
chr3:123816524-123817183	chr3	123535371	123536030	True	1	1.0	0	0.0	True	False	False	False	False	True	False	False	False	True	2
chr3:123817297-123817885	chr3	123536144	123536732	True	1	1.0	2	0.7636054421768708	True	True	False	False	False	True	False	False	False	True	2
chr3:123834415-123835314	chr3	123553262	123554161	True	1	0.946607341490545	1	0.3081201334816463	True	True	False	False	False	True	False	False	True	True	3
chr3:123869797-123870690	chr3	123588644	123589537	True	3	1.0	2	0.4703247480403135	True	True	False	False	False	True	False	False	False	False	1
chr3:124701469-124702288	chr3	124420316	124421135	True	1	0.9694749694749696	0	0.0	True	False	False	False	True	False	False	False	False	False	1
chr3:124761075-124761716	chr3	124479922	124480563	True	2	1.0	0	0.0	True	False	False	False	True	False	False	False	False	True	2
chr3:124770433-124771289	chr3	124489280	124490136	True	1	1.0	0	0.0	True	False	True	False	False	False	True	False	False	False	2
chr3:124772067-124772977	chr3	124490914	124491824	True	2	1.0	2	0.5186813186813187	True	True	False	False	False	False	True	False	False	True	2
chr3:124774052-124774966	chr3	124492899	124493813	True	1	1.0	1	0.3982494529540481	True	True	False	True	False	False	True	False	False	True	3
chr3:124786488-124787282	chr3	124505335	124506129	True	2	1.0	0	0.0	True	False	False	False	True	False	True	False	True	True	4
chr3:124787408-124788227	chr3	124506255	124507074	True	2	1.0	0	0.0	True	False	False	False	True	False	False	False	True	False	2
chr3:124791321-124792201	chr3	124510168	124511048	True	3	1.0	2	0.5909090909090909	True	True	False	False	False	False	False	False	True	True	2
chr3:124807672-124808561	chr3	124526519	124527408	True	1	0.7851518560179978	0	0.0	True	False	False	False	False	True	True	False	True	False	3
chr3:124811126-124811806	chr3	124529973	124530653	True	2	1.0	0	0.0	True	False	False	False	False	False	False	False	False	True	1
chr3:124812484-124813352	chr3	124531331	124532199	True	1	1.0	2	0.478110599078341	True	True	False	False	True	False	False	True	False	True	3
chr3:124818514-124819420	chr3	124537361	124538267	True	2	1.0	2	0.4536423841059602	True	True	False	False	False	False	False	False	False	False	0
chr3:124832671-124833553	chr3	124551518	124552400	True	2	1.0	0	0.0	True	False	False	False	True	False	True	False	False	True	3
chr3:124834822-124835700	chr3	124553669	124554547	True	1	1.0	2	0.9521640091116174	True	True	True	True	True	True	True	False	True	True	7
chr3:124837481-124838375	chr3	124556328	124557222	True	2	1.0	2	0.3982102908277405	True	True	False	False	True	True	True	False	True	True	5
chr3:124845260-124846032	chr3	124564107	124564879	True	2	1.0	0	0.0	True	False	False	False	False	True	True	False	True	True	4
chr3:124846155-124846800	chr3	124565002	124565647	True	1	0.4775193798449612	0	0.0	True	False	False	False	False	False	False	False	True	True	2
chr3:124850331-124851172	chr3	124569178	124570019	True	2	1.0	0	0.0	True	False	False	False	False	False	False	False	False	False	0
chr3:124858806-124859489	chr3	124577653	124578336	True	1	1.0	0	0.0	True	False	False	False	False	False	True	False	False	True	2
chr3:124860359-124861253	chr3	124579206	124580100	True	1	1.0	1	0.5548098434004475	True	True	False	False	False	False	True	False	False	True	2
chr3:124878580-124879492	chr3	124597427	124598339	True	1	1.0	0	0.0	True	False	False	False	True	True	True	True	True	True	6
chr3:124950862-124951611	chr3	124669706	124670455	True	1	0.1935914552736982	0	0.0	True	False	False	False	False	False	False	False	False	False	0
chr3:124951734-124952409	chr3	124670578	124671253	True	1	0.4918518518518519	2	0.5525925925925926	True	True	False	False	False	False	False	False	False	False	0
chr3:124985959-124986855	chr3	124704803	124705699	True	3	1.0	2	0.5412946428571429	True	True	False	False	False	True	True	False	True	True	4
chr3:138338573-138339446	chr3	138057415	138058288	True	1	1.0	2	0.561282932416953	True	True	False	False	False	False	False	False	False	False	0
chr3:138356441-138357333	chr3	138075283	138076175	True	2	1.0	1	0.5762331838565022	True	True	False	False	False	False	False	False	False	False	0
chr3:138381439-138382338	chr3	138100281	138101180	True	1	0.5228031145717463	1	0.3882091212458287	True	True	False	False	True	True	False	False	True	False	3
chr3:138389985-138390816	chr3	138108827	138109658	True	2	1.0	2	0.4753309265944645	True	True	False	False	False	True	False	False	True	True	3
chr3:138408516-138409403	chr3	138127358	138128245	True	1	0.8478015783540023	2	0.5490417136414881	True	True	False	True	False	False	False	False	False	False	1
chr3:138412690-138413597	chr3	138131532	138132439	True	1	0.4410143329658214	0	0.0	True	False	False	False	False	False	False	False	False	False	0
chr3:138417276-138418020	chr3	138136118	138136862	True	2	0.4731182795698925	0	0.0	True	False	False	False	False	False	False	False	False	False	0
chr3:138418410-138419264	chr3	138137252	138138106	True	2	1.0	2	0.6124121779859485	True	True	False	False	False	False	False	False	False	False	0
chr3:138494076-138494974	chr3	138212918	138213816	True	1	0.2138084632516703	0	0.0	True	False	False	False	False	True	False	False	True	False	2
chr3:149442670-149443555	chr3	149160457	149161342	True	1	0.9401129943502824	0	0.0	True	False	False	False	False	False	False	False	False	True	1
chr3:149448189-149449083	chr3	149165976	149166870	True	1	1.0	0	0.0	True	False	False	False	False	True	True	False	True	True	4
chr3:149449982-149450782	chr3	149167769	149168569	True	1	0.67625	0	0.0	True	False	False	False	False	False	False	False	False	True	1
chr3:149454574-149455479	chr3	149172361	149173266	True	1	0.4419889502762431	0	0.0	True	False	False	False	False	False	False	False	False	False	0
chr3:149459832-149460690	chr3	149177619	149178477	True	1	0.5722610722610723	1	0.4405594405594406	True	True	False	False	False	False	False	False	False	False	0
chr3:149462364-149463265	chr3	149180151	149181052	True	1	1.0	0	0.0	True	False	False	False	False	False	False	False	False	False	0
chr3:149465952-149466857	chr3	149183739	149184644	True	1	1.0	1	0.3458563535911602	True	True	False	False	False	False	True	False	False	True	2
chr3:149472105-149472834	chr3	149189892	149190621	True	1	1.0	2	0.5116598079561042	True	True	False	False	False	False	False	False	False	True	1
chr3:149473338-149474258	chr3	149191125	149192045	True	1	1.0	2	0.6	True	True	False	False	True	False	False	False	False	True	2
chr3:149480104-149480968	chr3	149197891	149198755	True	1	0.4849537037037037	0	0.0	True	False	False	False	True	False	True	False	False	True	3
chr3:149507674-149508510	chr3	149225461	149226297	True	2	1.0	2	0.4354066985645933	True	True	False	False	False	False	True	False	False	False	1
chr3:149532529-149533401	chr3	149250316	149251188	True	2	1.0	2	0.5240825688073395	True	True	True	False	False	False	True	False	False	True	3
chr3:149534436-149535351	chr3	149252223	149253138	True	1	1.0	2	0.3300546448087432	True	True	False	False	False	True	True	False	False	True	3
chr3:149536204-149537100	chr3	149253991	149254887	True	1	1.0	2	0.4118303571428571	True	True	False	False	False	True	True	False	False	True	3
chr3:149539773-149540416	chr3	149257560	149258203	True	1	1.0	0	0.0	True	False	False	False	False	True	True	False	True	True	4
chr3:149540942-149541840	chr3	149258729	149259627	True	1	1.0	0	0.0	True	False	False	False	False	False	True	False	False	True	2
chr3:149542203-149543019	chr3	149259990	149260806	True	1	1.0	2	0.3504901960784313	True	True	False	False	False	False	True	False	False	False	1
chr3:149547921-149548831	chr3	149265708	149266618	True	3	1.0	1	0.3241758241758242	True	True	False	False	True	True	True	False	False	True	4
chr3:149555749-149556620	chr3	149273536	149274407	True	1	1.0	1	0.2686567164179104	True	True	False	False	False	True	True	False	True	True	4
chr3:149572576-149573464	chr3	149290363	149291251	True	4	1.0	0	0.0	True	False	False	False	False	True	True	False	True	True	4
chr3:149576046-149576537	chr3	149293833	149294324	True	2	1.0	0	0.0	True	False	True	True	False	True	True	True	True	True	7
chr3:149579550-149580477	chr3	149297337	149298264	True	1	1.0	1	0.2286947141316073	True	True	True	False	False	True	True	False	True	True	5
chr3:149581359-149582271	chr3	149299146	149300058	True	1	1.0	2	0.7127192982456141	True	True	True	False	False	True	True	False	True	True	5
chr3:149588820-149589775	chr3	149306607	149307562	True	1	1.0	2	0.475392670157068	True	True	False	False	False	True	True	False	False	True	3
chr3:149590746-149591524	chr3	149308533	149309311	True	1	1.0	2	0.4987146529562982	True	True	False	False	False	False	True	False	False	False	1
chr3:149592539-149593444	chr3	149310326	149311231	True	1	1.0	2	0.538121546961326	True	True	False	False	False	False	True	False	False	False	1
chr3:149595895-149596797	chr3	149313682	149314584	True	2	0.8869179600886918	0	0.0	True	False	False	False	False	False	True	False	False	False	1
chr3:149603192-149604037	chr3	149320979	149321824	True	1	1.0	0	0.0	True	False	True	False	False	True	True	False	True	True	5
chr3:149604176-149605046	chr3	149321963	149322833	True	1	1.0	2	0.6655172413793103	True	True	False	False	True	True	True	False	True	True	5
chr3:149605659-149606518	chr3	149323446	149324305	True	2	1.0	1	0.2770663562281723	True	True	False	False	True	True	True	False	False	True	4
chr3:149620966-149621874	chr3	149338753	149339661	True	1	1.0	1	0.2907488986784141	True	True	True	False	False	True	True	False	True	True	5
chr3:149638533-149639454	chr3	149356320	149357241	True	2	1.0	0	0.0	True	False	False	False	False	True	True	False	True	True	4
chr3:149654003-149654868	chr3	149371790	149372655	True	3	1.0	2	0.4080924855491329	True	True	False	False	False	True	True	False	True	False	3
chr3:149662182-149663111	chr3	149379969	149380898	True	1	0.4305705059203444	0	0.0	True	False	False	False	False	False	False	False	False	False	0
chr3:149702744-149703678	chr3	149420531	149421465	True	1	0.8340471092077087	0	0.0	True	False	False	False	False	True	False	False	False	True	2
chr3:149736003-149736905	chr3	149453790	149454692	True	1	0.8669623059866962	0	0.0	True	False	False	False	False	True	False	False	True	False	2
chr3:149783665-149784538	chr3	149501452	149502325	True	1	1.0	0	0.0	True	False	False	False	False	True	False	False	True	True	3
chr3:149790008-149790919	chr3	149507795	149508706	True	1	0.6586169045005489	0	0.0	True	False	False	False	False	True	False	False	True	False	2
chr3:149812557-149813422	chr3	149530344	149531209	True	1	0.423121387283237	0	0.0	True	False	False	False	False	True	True	True	True	True	5
chr3:159634797-159635561	chr3	159352586	159353350	True	2	0.418848167539267	1	0.281413612565445	True	True	False	False	False	False	False	False	False	False	0
chr3:159637672-159638552	chr3	159355461	159356341	True	1	0.9602272727272728	0	0.0	True	False	False	False	False	False	False	False	False	False	0
chr3:159711391-159712307	chr3	159429180	159430096	True	3	1.0	0	0.0	True	False	False	False	False	True	True	False	True	True	4
chr3:159733173-159733965	chr3	159450962	159451754	True	2	1.0	1	0.3333333333333333	True	True	False	False	False	False	False	False	False	False	0
chr3:159763514-159764383	chr3	159481303	159482172	True	1	0.003452243958573	0	0.0	True	False	False	False	False	True	True	False	False	True	3
chr3:159775261-159776168	chr3	159493050	159493957	True	1	1.0	2	0.3164277839029768	True	True	False	True	False	True	True	False	True	True	5
chr3:159796502-159797308	chr3	159514291	159515097	True	1	1.0	0	0.0	True	False	False	False	False	True	True	False	False	True	3
chr3:159804831-159805656	chr3	159522620	159523445	True	1	0.2424242424242424	0	0.0	True	False	False	False	False	True	True	False	False	False	2
chr3:159824003-159824904	chr3	159541792	159542693	True	3	1.0	2	0.4128745837957824	True	True	False	False	False	True	True	False	True	False	3
chr3:159828131-159828979	chr3	159545920	159546768	True	1	0.3089622641509434	0	0.0	True	False	False	False	False	True	True	False	True	True	4
chr3:159829352-159830237	chr3	159547141	159548026	True	2	1.0	2	0.431638418079096	True	True	False	False	False	True	True	False	True	True	4
chr3:159830703-159831441	chr3	159548492	159549230	True	1	0.8130081300813008	1	0.1585365853658536	True	True	False	False	False	True	False	False	False	False	1
chr3:159836643-159837542	chr3	159554432	159555331	True	1	1.0	2	0.5450500556173526	True	True	False	False	False	True	True	False	True	False	3
chr3:159852730-159853608	chr3	159570519	159571397	True	1	1.0	2	0.4726651480637813	True	True	False	False	False	True	True	False	True	True	4
chr3:159854384-159855288	chr3	159572173	159573077	True	1	1.0	2	0.6515486725663717	True	True	False	False	False	True	True	False	True	True	4
chr3:159864669-159865429	chr3	159582458	159583218	True	1	0.6736842105263158	0	0.0	True	False	False	False	False	False	False	False	False	True	1
chr3:159865887-159866780	chr3	159583676	159584569	True	1	1.0	0	0.0	True	False	False	False	False	False	True	False	False	True	2
chr3:159872177-159873056	chr3	159589966	159590845	True	1	1.0	0	0.0	True	False	False	False	False	True	True	False	True	True	4
chr3:159877606-159878499	chr3	159595395	159596288	True	1	0.671892497200448	0	0.0	True	False	False	False	False	True	False	False	True	False	2
chr3:159879362-159880265	chr3	159597151	159598054	True	1	1.0	1	0.2724252491694352	True	True	False	False	False	False	False	False	False	False	0
chr3:159882822-159883593	chr3	159600611	159601382	True	2	1.0	1	0.3631647211413748	True	True	False	False	False	True	True	False	True	True	4
chr3:159891920-159892842	chr3	159609709	159610631	True	1	1.0	1	0.3741865509761388	True	True	False	False	False	False	False	False	False	False	0
chr3:159919536-159920456	chr3	159637325	159638245	True	1	1.0	0	0.0	True	False	True	False	False	False	False	False	False	False	1
chr3:159928497-159929334	chr3	159646286	159647123	True	3	1.0	1	0.6594982078853047	True	True	True	False	False	True	True	False	True	True	5
chr3:159946971-159947881	chr3	159664759	159665669	True	1	0.8384615384615385	0	0.0	True	False	False	False	False	False	False	False	False	True	1
chr3:159987091-159987916	chr3	159704879	159705704	True	2	0.7248484848484849	2	0.446060606060606	True	True	False	False	False	False	False	False	False	False	0
chr3:184464992-184465851	chr3	184182780	184183639	True	2	1.0	3	0.6635622817229336	True	True	False	False	False	False	False	False	False	True	1
chr3:184565482-184566384	chr3	184283270	184284172	True	1	1.0	2	0.7760532150776053	True	True	False	False	False	True	False	False	True	True	3
chr3:184568692-184569554	chr3	184286480	184287342	True	2	0.3039443155452436	0	0.0	True	False	False	False	False	True	False	False	True	True	3
chr3:184583336-184584108	chr3	184301124	184301896	True	1	0.2357512953367875	2	0.3834196891191709	True	True	False	False	False	False	False	False	True	True	2
chr3:184636591-184637486	chr3	184354379	184355274	True	1	0.4111731843575419	0	0.0	True	False	False	False	False	True	False	False	False	False	1
chr3:184651749-184652591	chr3	184369537	184370379	True	1	0.7125890736342043	1	0.3895486935866983	True	True	False	False	False	True	False	False	True	False	2
chr3:184657068-184657892	chr3	184374856	184375680	True	2	1.0	2	0.5218446601941747	True	True	True	False	False	True	False	False	True	False	3
chr3:184659500-184660390	chr3	184377288	184378178	True	1	1.0	2	0.7853932584269663	True	True	False	True	False	True	False	False	False	False	2
chr3:186882600-186883490	chr3	186600389	186601279	True	1	0.2247191011235955	0	0.0	True	False	False	False	False	True	True	True	True	False	4
chr3:41117122-41118029	chr3	41158613	41159520	True	1	0.7982359426681367	0	0.0	True	False	False	False	True	True	True	True	True	True	6
chr3:41174137-41174950	chr3	41215628	41216441	True	1	1.0	3	0.8782287822878229	True	True	False	False	False	False	False	False	False	False	0
chr3:41175246-41176048	chr3	41216737	41217539	True	3	1.0	2	0.6221945137157108	True	True	False	False	False	False	False	False	False	False	0
chr3:41176504-41177212	chr3	41217995	41218703	True	1	0.2838983050847458	2	0.5833333333333334	True	True	False	False	False	False	False	False	False	False	0
chr3:41202670-41203543	chr3	41244161	41245034	True	1	0.4982817869415807	0	0.0	True	False	False	False	False	False	True	False	True	False	2
chr3:41259178-41260088	chr3	41300669	41301579	True	1	0.6593406593406593	0	0.0	True	False	False	False	False	True	False	False	False	False	1
chr3:41267827-41268727	chr3	41309318	41310218	True	1	0.7533333333333333	1	0.2755555555555555	True	True	False	False	True	True	False	False	True	True	4
chr3:41274594-41275498	chr3	41316085	41316989	True	1	0.2212389380530973	1	0.2710176991150442	True	True	False	False	True	False	False	False	False	False	1
chr3:41317398-41318162	chr3	41358889	41359653	True	1	0.7853403141361257	0	0.0	True	False	False	False	False	False	False	False	False	False	0
chr3:42473293-42474174	chr3	42514785	42515666	True	2	0.4540295119182747	2	0.4914869466515323	True	True	False	False	False	False	True	False	False	False	1
chr3:46898409-46899306	chr3	46939899	46940796	True	1	0.4459308807134894	3	0.6956521739130435	True	True	False	False	False	False	False	False	False	False	0
chr3:46908091-46908978	chr3	46949581	46950468	True	2	0.306651634723788	0	0.0	True	False	False	False	False	False	False	False	False	False	0
chr3:46909297-46910187	chr3	46950787	46951677	True	3	0.9089887640449438	2	0.5235955056179775	True	True	False	False	False	False	False	False	False	False	0
chr3:46925756-46926653	chr3	46967246	46968143	True	3	1.0	2	0.6800445930880713	True	True	True	False	False	False	True	False	False	True	3
chr3:46931496-46932049	chr3	46972986	46973539	True	1	1.0	0	0.0	True	False	True	False	True	True	True	False	True	True	6
chr3:46935176-46936028	chr3	46976666	46977518	True	1	1.0	2	0.6525821596244131	True	True	False	False	False	True	True	True	True	True	5
chr3:46936716-46937424	chr3	46978206	46978914	True	1	0.8333333333333334	0	0.0	True	False	False	False	False	False	True	False	False	True	2
chr3:4898372-4899222	chr3	4940056	4940907	True	1	0.4042303172737955	0	0.0	True	False	True	False	False	False	False	True	False	False	2
chr3:4975817-4976552	chr3	5017502	5018237	True	1	0.8666666666666667	2	0.5197278911564626	True	True	True	False	False	True	True	True	False	False	4
chr3:4977170-4977934	chr3	5018855	5019619	True	1	0.4515706806282722	2	0.5471204188481675	True	True	True	False	True	True	True	True	True	True	7
chr3:4983681-4984591	chr3	5025366	5026276	True	1	1.0	2	0.8274725274725274	True	True	True	False	True	True	True	True	True	True	7
chr3:4986547-4987439	chr3	5028232	5029124	True	2	0.3273542600896861	2	0.938340807174888	True	True	True	False	True	True	True	True	True	True	7
chr3:4989029-4989869	chr3	5030714	5031554	True	1	1.0	1	0.4011904761904762	True	True	False	False	False	False	False	True	True	True	3
chr3:4994673-4995572	chr3	5036358	5037257	True	1	1.0	2	0.4627363737486095	True	True	True	False	False	True	True	True	True	True	6
chr3:5017687-5018592	chr3	5059372	5060277	True	1	0.969060773480663	0	0.0	True	False	False	False	False	True	True	True	True	True	5
chr3:5022977-5023889	chr3	5064662	5065574	True	1	1.0	1	0.4539473684210526	True	True	True	False	False	True	True	True	True	True	6
chr3:5026441-5027275	chr3	5068126	5068960	True	2	1.0	0	0.0	True	False	True	False	False	True	True	False	True	True	5
chr3:5051521-5052315	chr3	5093206	5094000	True	1	0.5037783375314862	2	0.4848866498740554	True	True	True	False	False	False	False	False	False	False	1
chr3:5053088-5053984	chr3	5094773	5095669	True	2	1.0	0	0.0	True	False	False	False	False	False	False	False	False	True	1
chr3:5057654-5058300	chr3	5099339	5099985	True	1	1.0	0	0.0	True	False	False	False	False	False	False	True	False	False	1
chr3:5058417-5059105	chr3	5100102	5100790	True	1	1.0	0	0.0	True	False	False	False	False	False	False	False	False	False	0
chr3:52411926-52412727	chr3	52445942	52446743	True	1	0.0224719101123595	0	0.0	True	False	False	False	False	False	False	True	False	False	1
chr3:52449737-52450623	chr3	52483753	52484639	True	1	0.9920993227990972	2	0.7505643340857788	True	True	False	True	False	False	False	False	False	False	1
chr3:8658116-8659008	chr3	8699802	8700694	True	1	1.0	2	0.8789237668161435	True	True	False	False	True	False	True	False	False	False	2
chr3:8660182-8661011	chr3	8701868	8702697	True	1	1.0	0	0.0	True	False	False	False	False	False	False	False	False	False	0
chr3:8712261-8713085	chr3	8753947	8754771	True	1	1.0	3	0.720873786407767	True	True	False	False	False	False	False	False	False	False	0
chr3:8713896-8714622	chr3	8755582	8756308	True	2	0.8512396694214877	0	0.0	True	False	False	False	False	False	False	False	False	False	0
chr3:8733438-8733968	chr3	8775124	8775654	True	1	0.5207547169811321	2	0.8075471698113208	True	True	False	False	False	False	False	False	False	False	0
chr3:8739814-8740707	chr3	8781500	8782393	True	1	1.0	0	0.0	True	False	False	False	False	True	False	False	True	False	2
chr3:8741455-8742400	chr3	8783141	8784086	True	1	1.0	2	0.5195767195767196	True	True	False	False	False	True	False	False	False	True	2
chr3:8743007-8743761	chr3	8784693	8785447	True	1	0.6724137931034483	0	0.0	True	False	False	False	False	False	False	False	False	False	0
chr3:8757835-8758737	chr3	8799521	8800423	True	2	1.0	2	0.5221729490022173	True	True	False	False	False	False	False	False	False	False	0
chr3:8762572-8763475	chr3	8804258	8805161	True	2	0.6644518272425249	0	0.0	True	False	False	False	False	False	False	False	False	False	0
chr3:8769057-8769965	chr3	8810743	8811651	True	1	0.276431718061674	0	0.0	True	False	False	False	False	False	False	False	False	False	0
chr4:122738865-122739773	chr4	123660020	123660928	True	3	1.0	2	0.435022026431718	True	True	False	False	False	True	False	False	False	True	2
chr4:122746249-122747124	chr4	123667404	123668279	True	1	0.6857142857142857	0	0.0	True	False	False	False	False	False	False	True	False	False	1
chr4:122764618-122765224	chr4	123685773	123686379	True	2	1.0	0	0.0	True	False	False	False	False	True	True	True	True	True	5
chr4:122765531-122766385	chr4	123686686	123687540	True	1	0.7775175644028103	0	0.0	True	False	False	False	True	True	False	True	True	True	5
chr4:122777683-122778599	chr4	123698838	123699754	True	1	1.0	0	0.0	True	False	False	False	False	False	False	False	False	True	1
chr4:122783056-122783953	chr4	123704211	123705108	True	1	1.0	1	0.3110367892976589	True	True	False	True	False	True	True	True	True	True	6
chr4:122796733-122797380	chr4	123717888	123718535	True	1	0.9041731066460588	2	0.4683153013910355	True	True	False	True	False	False	False	True	False	True	3
chr4:122797881-122798775	chr4	123719036	123719930	True	1	1.0	0	0.0	True	False	False	True	False	True	True	True	True	True	6
chr4:122854424-122855332	chr4	123775579	123776487	True	1	1.0	0	0.0	True	False	False	False	False	True	False	False	True	True	3
chr4:122873927-122874771	chr4	123795082	123795926	True	1	0.5545023696682464	0	0.0	True	False	False	False	False	True	True	False	True	True	4
chr4:122915027-122915417	chr4	123836182	123836572	True	1	0.4307692307692308	0	0.0	True	False	False	False	False	False	False	False	False	False	0
chr4:184733784-184734661	chr4	185654938	185655815	True	1	0.4663625997719498	2	0.6020524515393386	True	True	False	False	False	False	False	False	False	False	0
chr4:184745703-184746242	chr4	185666857	185667396	True	1	0.3525046382189239	0	0.0	True	False	False	False	False	True	False	True	True	True	4
chr4:184746350-184746962	chr4	185667504	185668116	True	1	1.0	0	0.0	True	False	False	False	False	True	False	True	True	True	4
chr4:184747943-184748847	chr4	185669097	185670001	True	1	1.0	2	0.6150442477876106	True	True	False	False	False	True	False	False	True	False	2
chr4:184750910-184751815	chr4	185672064	185672969	True	1	1.0	2	0.7712707182320442	True	True	False	False	False	False	False	False	False	False	0
chr4:184754971-184755763	chr4	185676125	185676917	True	1	0.8977272727272727	1	0.4419191919191919	True	True	False	False	False	True	False	False	False	False	1
chr4:184756221-184757072	chr4	185677375	185678226	True	1	0.7414806110458284	1	0.4324324324324324	True	True	False	False	False	False	False	False	False	False	0
chr4:184814818-184815744	chr4	185735972	185736898	True	2	0.7473002159827213	2	0.531317494600432	True	True	True	False	False	True	False	True	True	False	4
chr4:184845351-184846234	chr4	185766505	185767388	True	1	1.0	1	0.3318233295583239	True	True	False	False	False	True	False	True	True	False	3
chr4:24769941-24770762	chr4	24771563	24772384	True	1	0.730816077953715	0	0.0	True	False	False	False	False	True	False	False	True	True	3
chr4:57022829-57023722	chr4	57888995	57889888	True	1	1.0	0	0.0	True	False	False	False	False	False	False	False	True	False	1
chr4:57043623-57044501	chr4	57909789	57910667	True	1	1.0	0	0.0	True	False	False	False	False	True	False	False	False	True	2
chr4:57061163-57062069	chr4	57927329	57928235	True	1	1.0	2	0.3178807947019867	True	True	False	False	False	False	False	False	False	True	1
chr4:57064791-57065719	chr4	57930957	57931885	True	3	0.9073275862068966	0	0.0	True	False	False	False	False	False	True	False	False	True	2
chr4:57080986-57081910	chr4	57947152	57948076	True	1	1.0	0	0.0	True	False	False	False	False	True	True	False	True	True	4
chr4:57094596-57095292	chr4	57960762	57961458	True	1	1.0	1	0.3807471264367816	True	True	False	False	False	False	True	False	False	True	2
chr4:57098547-57099376	chr4	57964713	57965542	True	1	1.0	0	0.0	True	False	False	False	False	False	False	False	False	True	1
chr4:57101779-57102688	chr4	57967945	57968854	True	2	0.7799779977997799	0	0.0	True	False	False	False	False	False	True	False	True	True	3
chr4:57118890-57119798	chr4	57985056	57985964	True	2	0.3392070484581498	0	0.0	True	False	False	False	False	True	True	False	True	False	3
chr5:138518814-138519724	chr5	137854503	137855413	True	1	0.6593406593406593	0	0.0	True	False	False	False	False	False	False	False	False	False	0
chr5:138603266-138604173	chr5	137938955	137939862	True	1	0.6615214994487321	2	0.4079382579933848	True	True	True	False	False	False	False	False	False	False	1
chr5:138706677-138707572	chr5	138042366	138043261	True	1	0.4469273743016759	0	0.0	True	False	False	False	False	False	False	False	False	False	0
chr5:138818827-138819736	chr5	138154516	138155425	True	2	0.7964796479647965	2	0.6072607260726073	True	True	False	False	False	False	False	False	False	False	0
chr5:138843462-138844231	chr5	138179151	138179920	True	2	0.5448634590377113	0	0.0	True	False	False	False	False	True	False	False	True	True	3
chr5:138844870-138845761	chr5	138180559	138181450	True	3	1.0	2	0.4264870931537598	True	True	False	False	False	True	True	False	True	True	4
chr5:138869828-138870658	chr5	138205517	138206347	True	2	1.0	1	0.0867469879518072	True	True	False	False	False	True	False	False	True	False	2
chr5:138874890-138875727	chr5	138210579	138211416	True	1	1.0	0	0.0	True	False	False	False	False	True	False	False	False	False	1
chr5:138905331-138906196	chr5	138241020	138241885	True	1	1.0	1	0.0728323699421965	True	True	False	False	False	False	False	False	False	False	0
chr5:139027579-139028458	chr5	138363268	138364147	True	1	0.9476678043230944	2	0.7030716723549488	True	True	False	False	False	False	True	False	False	False	1
chr5:140241135-140242018	chr5	139620720	139621603	True	1	0.4382785956964892	0	0.0	True	False	False	True	True	True	True	False	True	True	6
chr5:140246152-140247027	chr5	139625737	139626612	True	1	1.0	1	0.1805714285714285	True	True	False	False	False	False	True	False	True	True	3
chr5:140251261-140252167	chr5	139630846	139631752	True	2	1.0	0	0.0	True	False	True	False	False	True	True	False	True	True	5
chr5:140257759-140258664	chr5	139637344	139638249	True	1	0.7425414364640884	1	0.3005524861878453	True	True	False	False	False	True	False	False	True	True	3
chr5:140261213-140262096	chr5	139640798	139641681	True	3	1.0	0	0.0	True	False	False	False	True	True	True	True	True	True	6
chr5:140295111-140296010	chr5	139674696	139675595	True	1	0.2224694104560622	0	0.0	True	False	False	False	True	True	True	False	False	True	4
chr5:140298030-140298937	chr5	139677615	139678522	True	1	1.0	0	0.0	True	False	False	False	True	True	True	False	True	True	5
chr5:140310638-140311501	chr5	139690223	139691086	True	1	0.6952491309385863	0	0.0	True	False	False	False	False	True	True	True	True	True	5
chr5:140317645-140318541	chr5	139697230	139698126	True	1	0.6696428571428571	0	0.0	True	False	False	False	False	True	False	False	True	False	2
chr5:140322599-140323471	chr5	139702184	139703056	True	4	1.0	2	0.7729357798165137	True	True	False	False	False	True	True	False	True	True	4
chr5:140324494-140325417	chr5	139704079	139705002	True	1	1.0	1	0.3716143011917659	True	True	False	False	False	False	True	False	False	True	2
chr5:151023320-151024167	chr5	150402881	150403728	True	2	1.0	2	0.6174734356552538	True	True	False	False	False	False	True	True	True	True	4
chr5:151037790-151038660	chr5	150417351	150418221	True	2	0.935632183908046	0	0.0	True	False	False	False	False	False	True	False	False	True	2
chr5:151059615-151060413	chr5	150439176	150439974	True	1	0.4598997493734336	0	0.0	True	False	True	False	False	False	False	False	False	False	1
chr5:151060557-151061423	chr5	150440118	150440984	True	1	1.0	2	0.4515011547344111	True	True	True	False	False	False	False	False	False	False	1
chr5:151063021-151063887	chr5	150442582	150443448	True	1	0.9711316397228638	0	0.0	True	False	False	False	False	False	True	True	False	True	3
chr5:151068321-151069106	chr5	150447882	150448667	True	2	1.0	2	0.7006369426751592	True	True	True	False	False	False	True	False	False	True	3
chr5:151072021-151072924	chr5	150451582	150452485	True	1	1.0	0	0.0	True	False	False	False	False	True	True	False	True	False	3
chr5:151075674-151076606	chr5	150455235	150456167	True	1	1.0	2	0.6995708154506438	True	True	True	False	False	True	False	False	True	True	4
chr5:151085378-151086308	chr5	150464939	150465869	True	1	1.0	0	0.0	True	False	True	False	False	True	True	False	True	False	4
chr5:151086941-151087739	chr5	150466502	150467300	True	1	1.0	3	1.0	True	True	True	False	False	True	False	False	True	False	3
chr5:151092435-151093275	chr5	150471996	150472836	True	2	1.0	2	0.8107142857142857	True	True	True	False	False	True	True	False	True	True	5
chr5:151093464-151094229	chr5	150473025	150473790	True	1	1.0	1	0.1594771241830065	True	True	True	False	False	True	True	False	True	True	5
chr5:151104561-151105459	chr5	150484122	150485020	True	2	0.5400890868596881	1	0.4610244988864143	True	True	False	False	False	False	False	False	False	True	1
chr5:151592604-151593482	chr5	150972165	150973043	True	1	0.7312072892938497	2	0.7539863325740319	True	True	False	False	False	False	False	False	False	False	0
chr5:151596953-151597802	chr5	150976514	150977363	True	2	1.0	2	0.508833922261484	True	True	False	False	False	False	False	False	True	False	1
chr5:151612778-151613647	chr5	150992339	150993208	True	1	0.3084004602991945	2	0.7686996547756041	True	True	True	False	False	True	False	False	True	False	3
chr5:151658775-151659621	chr5	151038336	151039182	True	1	0.6796690307328606	0	0.0	True	False	False	False	False	False	True	False	False	True	2
chr5:151660535-151661351	chr5	151040096	151040912	True	1	0.4901960784313725	0	0.0	True	False	True	False	False	True	False	False	True	True	4
chr5:151665008-151665866	chr5	151044569	151045427	True	1	1.0	0	0.0	True	False	True	False	False	False	True	False	False	True	3
chr5:151671141-151671699	chr5	151050702	151051260	True	1	0.8118279569892473	0	0.0	True	False	False	False	False	True	True	False	True	True	4
chr5:151671822-151672633	chr5	151051383	151052194	True	3	1.0	1	0.3168927250308261	True	True	False	False	False	True	True	False	True	True	4
chr5:151678036-151678893	chr5	151057597	151058454	True	1	1.0	2	0.3372228704784131	True	True	True	False	False	False	True	False	False	True	3
chr5:151682011-151682702	chr5	151061572	151062263	True	1	1.0	0	0.0	True	False	False	False	False	True	True	False	True	True	4
chr5:151682829-151683614	chr5	151062390	151063175	True	1	1.0	2	0.532484076433121	True	True	False	False	False	True	True	False	True	True	4
chr5:151686662-151687589	chr5	151066223	151067150	True	1	0.3700107874865156	2	0.6817691477885652	True	True	True	False	False	True	True	False	True	True	5
chr5:151693750-151694669	chr5	151073311	151074230	True	1	0.8705114254624592	0	0.0	True	False	False	False	True	True	False	False	False	False	2
chr5:151696227-151697131	chr5	151075788	151076692	True	1	1.0	0	0.0	True	False	False	False	False	True	False	False	False	True	2
chr5:151698875-151699764	chr5	151078436	151079325	True	1	1.0	0	0.0	True	False	False	False	False	True	True	False	True	True	4
chr5:151740057-151740900	chr5	151119618	151120461	True	1	1.0	2	0.7532621589561092	True	True	True	True	False	True	True	False	True	True	6
chr5:151742606-151743457	chr5	151122167	151123018	True	1	0.5170387779083431	0	0.0	True	False	False	False	False	True	True	False	True	True	4
chr5:151744998-151745903	chr5	151124559	151125464	True	2	1.0	0	0.0	True	False	True	False	False	True	True	False	True	True	5
chr5:151758221-151759106	chr5	151137782	151138667	True	1	0.2937853107344633	0	0.0	True	False	False	False	False	True	True	True	False	True	4
chr5:151771230-151772152	chr5	151150791	151151713	True	1	0.2342733188720173	0	0.0	True	False	False	False	False	True	True	False	False	False	2
chr5:156326586-156327500	chr5	155753596	155754510	True	1	0.2472647702407002	1	0.4617067833698031	True	True	False	False	False	False	False	False	False	False	0
chr5:156359237-156360120	chr5	155786247	155787130	True	1	1.0	3	0.8267270668176671	True	True	False	False	False	False	False	False	False	False	0
chr5:156367321-156368218	chr5	155794331	155795228	True	1	1.0	2	0.4860646599777034	True	True	False	False	False	False	False	False	False	False	0
chr5:156380586-156381510	chr5	155807596	155808520	True	1	0.8939393939393939	0	0.0	True	False	False	False	False	False	False	False	False	False	0
chr5:156383296-156384207	chr5	155810306	155811217	True	1	1.0	2	0.4785949506037321	True	True	False	False	False	False	False	False	False	False	0
chr5:156394637-156395330	chr5	155821647	155822340	True	1	0.7474747474747475	0	0.0	True	False	False	False	False	False	False	False	False	False	0
chr5:156395947-156396794	chr5	155822957	155823804	True	1	1.0	0	0.0	True	False	False	False	False	False	False	False	False	False	0
chr5:156410934-156411859	chr5	155837944	155838869	True	2	0.9491891891891892	0	0.0	True	False	False	False	False	False	False	False	False	True	1
chr5:156414213-156415098	chr5	155841223	155842108	True	1	0.6779661016949152	0	0.0	True	False	False	False	False	False	False	False	False	False	0
chr5:173291974-173292827	chr5	172718977	172719830	True	1	0.4689331770222743	0	0.0	True	False	True	True	True	True	True	False	True	False	6
chr5:173310640-173311545	chr5	172737643	172738548	True	1	0.4419889502762431	0	0.0	True	False	False	False	False	False	False	False	False	True	1
chr5:173323747-173324641	chr5	172750750	172751644	True	1	1.0	2	0.4765100671140939	True	True	False	False	False	False	True	True	False	True	3
chr5:173331703-173332606	chr5	172758706	172759609	True	1	0.4429678848283499	0	0.0	True	False	False	False	True	False	True	False	False	False	2
chr5:173334165-173334994	chr5	172761168	172761997	True	2	1.0	2	0.226779252110977	True	True	False	False	False	False	True	False	True	True	3
chr5:173341812-173342719	chr5	172768815	172769722	True	1	0.2205071664829107	2	0.3638368246968026	True	True	False	False	False	False	False	False	False	False	0
chr5:173395025-173395851	chr5	172822028	172822854	True	1	0.5569007263922519	1	0.2566585956416465	True	True	False	False	False	False	False	False	False	False	0
chr5:177447628-177448535	chr5	176874629	176875536	True	1	1.0	0	0.0	True	False	True	True	True	True	True	False	False	False	5
chr5:177480448-177480796	chr5	176907449	176907797	True	1	0.9913793103448276	0	0.0	True	False	False	False	False	False	False	False	False	True	1
chr5:177494524-177495100	chr5	176921525	176922101	True	1	1.0	1	0.2586805555555556	True	True	True	True	False	True	True	True	True	True	7
chr5:177495222-177495922	chr5	176922223	176922923	True	1	1.0	2	0.7671428571428571	True	True	True	True	False	True	True	True	True	True	7
chr5:177500682-177501573	chr5	176927683	176928574	True	1	0.797979797979798	2	0.4365881032547699	True	True	True	False	False	False	False	True	False	True	3
chr5:177516680-177517599	chr5	176943681	176944600	True	1	0.0065288356909684	2	0.6692056583242655	True	True	False	False	False	False	True	False	False	False	1
chr5:177520754-177521679	chr5	176947755	176948680	True	1	1.0	2	0.5837837837837838	True	True	False	False	False	False	False	False	False	False	0
chr5:177537417-177538338	chr5	176964418	176965339	True	1	1.0	2	0.4364820846905538	True	True	False	False	False	True	False	False	True	True	3
chr5:177539131-177540043	chr5	176966132	176967044	True	4	1.0	0	0.0	True	False	False	False	False	True	False	False	True	True	3
chr5:177545081-177545991	chr5	176972082	176972992	True	2	1.0	2	0.4659340659340659	True	True	False	False	True	True	False	False	True	True	4
chr5:177546182-177547024	chr5	176973183	176974025	True	1	1.0	2	0.8764845605700713	True	True	False	False	True	True	True	False	True	True	5
chr5:177547721-177548379	chr5	176974722	176975380	True	1	1.0	2	0.5623100303951368	True	True	False	False	False	False	False	False	False	True	1
chr5:53397590-53398481	chr5	52693420	52694311	True	1	0.5252525252525253	1	0.3052749719416386	True	True	False	False	False	True	False	False	False	True	2
chr5:53399957-53400843	chr5	52695787	52696673	True	1	0.6772009029345373	0	0.0	True	False	False	False	False	False	False	False	False	True	1
chr5:53403105-53403933	chr5	52698935	52699763	True	1	1.0	0	0.0	True	False	False	False	False	False	False	False	False	True	1
chr5:53406435-53407276	chr5	52702265	52703106	True	1	1.0	0	0.0	True	False	False	False	False	True	False	False	True	True	3
chr5:53418789-53419636	chr5	52714619	52715466	True	1	1.0	0	0.0	True	False	False	False	False	True	True	False	True	True	4
chr5:53438615-53439552	chr5	52734445	52735382	True	3	0.8516542155816436	1	0.3991462113127001	True	True	False	False	False	True	False	False	False	False	1
chr5:53463701-53464585	chr5	52759531	52760415	True	1	1.0	2	0.6730769230769231	True	True	False	False	True	False	False	False	False	False	1
chr5:53469965-53470820	chr5	52765795	52766650	True	1	0.4678362573099415	0	0.0	True	False	False	False	False	True	False	False	True	False	2
chr5:53482843-53483518	chr5	52778673	52779348	True	2	0.8444444444444444	0	0.0	True	False	False	False	True	True	False	False	True	True	4
chr5:53490528-53491431	chr5	52786358	52787261	True	2	1.0	1	0.4296788482834994	True	True	False	False	False	True	False	False	True	True	3
chr5:81247412-81248327	chr5	80543231	80544146	True	1	0.985792349726776	0	0.0	True	False	False	False	False	False	False	False	False	False	0
chr5:81268575-81269488	chr5	80564394	80565307	True	1	0.9309967141292442	0	0.0	True	False	False	False	True	True	False	False	True	True	4
chr5:88731963-88732808	chr5	88027780	88028625	True	1	0.7100591715976331	0	0.0	True	False	True	False	False	False	False	True	False	True	3
chr5:88746297-88747194	chr5	88042114	88043011	True	1	0.855072463768116	1	0.4202898550724637	True	True	True	False	False	False	False	False	False	False	1
chr5:88785576-88786411	chr5	88081393	88082228	True	1	1.0	0	0.0	True	False	True	False	False	True	True	True	True	True	6
chr5:88826872-88827764	chr5	88122689	88123581	True	1	0.672645739910314	0	0.0	True	False	False	False	False	False	True	True	False	True	3
chr5:88833183-88834004	chr5	88129000	88129821	True	1	0.9464068209500608	0	0.0	True	False	True	False	False	False	True	False	False	True	3
chr5:88860332-88861208	chr5	88156149	88157025	True	1	0.4349315068493151	0	0.0	True	False	False	False	False	False	False	False	False	False	0
chr5:88889159-88890087	chr5	88184976	88185904	True	1	0.2887931034482758	2	0.3157327586206896	True	True	False	False	False	False	True	False	False	False	1
chr5:88942412-88943312	chr5	88238229	88239129	True	2	1.0	0	0.0	True	False	False	False	False	False	False	False	False	True	1
chr5:88944736-88945652	chr5	88240553	88241469	True	1	1.0	2	0.5294759825327511	True	True	False	False	False	False	False	False	False	False	0
chr5:88954284-88955158	chr5	88250101	88250975	True	2	1.0	2	0.4691075514874142	True	True	False	False	False	False	False	False	False	False	0
chr6:125020085-125020925	chr6	125341231	125342071	True	1	0.3214285714285714	0	0.0	True	False	False	True	False	False	False	False	True	False	2
chr6:125094371-125095009	chr6	125415517	125416155	True	1	0.6269592476489029	0	0.0	True	False	False	False	False	True	False	False	True	False	2
chr6:125095478-125096375	chr6	125416624	125417521	True	1	0.9777034559643256	0	0.0	True	False	False	False	False	True	False	False	True	True	3
chr6:125099297-125100197	chr6	125420443	125421343	True	1	0.0644444444444444	1	0.4533333333333333	True	True	False	False	False	True	False	False	False	True	2
chr6:125102643-125103526	chr6	125423789	125424672	True	1	1.0	0	0.0	True	False	False	False	False	True	True	False	True	True	4
chr6:125104228-125105105	chr6	125425374	125426251	True	1	1.0	2	0.4663625997719498	True	True	False	False	False	True	False	True	True	True	4
chr6:125129078-125129950	chr6	125450224	125451096	True	1	0.7763761467889908	2	0.5080275229357798	True	True	False	False	False	False	False	False	False	False	0
chr6:125149234-125150130	chr6	125470380	125471276	True	1	0.3582589285714285	0	0.0	True	False	False	False	False	False	True	False	True	False	2
chr6:125191959-125192817	chr6	125513105	125513963	True	1	0.4615384615384615	2	0.4382284382284382	True	True	False	False	False	True	False	False	True	False	2
chr6:125201746-125202639	chr6	125522892	125523785	True	1	0.9059350503919372	0	0.0	True	False	False	False	False	True	False	True	True	True	4
chr6:125251389-125252211	chr6	125572535	125573357	True	2	0.5547445255474452	0	0.0	True	False	False	False	False	False	False	False	False	False	0
chr6:125252708-125253542	chr6	125573854	125574688	True	1	1.0	2	0.3645083932853717	True	True	False	False	False	False	False	False	True	False	1
chr6:125262308-125263117	chr6	125583454	125584263	True	1	0.799752781211372	0	0.0	True	False	False	False	False	False	False	False	False	True	1
chr6:128882706-128883613	chr6	129203851	129204758	True	1	0.2822491730981257	2	0.5997794928335171	True	True	False	False	False	False	False	False	False	False	0
chr6:129030795-129031723	chr6	129351940	129352868	True	1	1.0	1	0.3351293103448275	True	True	False	False	False	False	False	False	False	False	0
chr6:129102478-129103362	chr6	129423623	129424507	True	1	1.0	2	0.665158371040724	True	True	False	False	False	False	False	False	False	False	0
chr6:129104237-129104933	chr6	129425382	129426078	True	2	1.0	2	0.4741379310344827	True	True	False	False	False	False	True	False	False	False	1
chr6:129120631-129121538	chr6	129441776	129442683	True	3	1.0	0	0.0	True	False	False	False	False	False	False	False	False	False	0
chr6:129133527-129134391	chr6	129454672	129455536	True	1	0.9594907407407408	0	0.0	True	False	False	False	False	False	False	False	False	False	0
chr6:129140269-129141161	chr6	129461414	129462306	True	1	0.8957399103139013	0	0.0	True	False	False	False	False	False	False	False	False	False	0
chr6:129141540-129142206	chr6	129462685	129463351	True	1	0.6336336336336337	0	0.0	True	False	False	False	False	False	False	False	False	False	0
chr6:129184626-129185471	chr6	129505771	129506616	True	1	1.0	0	0.0	True	False	False	False	False	False	False	False	False	True	1
chr6:129186717-129187634	chr6	129507862	129508779	True	1	0.2671755725190839	0	0.0	True	False	False	False	False	False	False	False	False	False	0
chr6:129490426-129491296	chr6	129811571	129812441	True	1	1.0	0	0.0	True	False	True	False	False	True	True	True	True	True	6
chr6:129493306-129494210	chr6	129814451	129815355	True	1	1.0	0	0.0	True	False	False	False	False	True	True	False	True	True	4
chr6:129498672-129499604	chr6	129819817	129820749	True	3	1.0	0	0.0	True	False	False	False	False	True	True	False	True	True	4
chr6:129501125-129502004	chr6	129822270	129823149	True	3	1.0	0	0.0	True	False	False	False	False	True	True	True	True	True	5
chr6:34490984-34491430	chr6	34458761	34459207	True	1	0.1367713004484305	0	0.0	True	False	False	False	False	False	False	True	False	False	1
chr6:34629796-34630705	chr6	34597573	34598482	True	1	1.0	0	0.0	True	False	False	False	False	True	True	False	True	True	4
chr6:34655862-34656562	chr6	34623639	34624339	True	1	0.1671428571428571	0	0.0	True	False	True	False	True	True	True	True	True	True	7
chr6:36051886-36052771	chr6	36019663	36020548	True	1	0.2259887005649717	0	0.0	True	False	False	False	False	False	False	False	False	True	1
chr6:36127221-36128064	chr6	36094998	36095841	True	1	1.0	0	0.0	True	False	False	False	True	False	True	True	False	True	4
chr6:36131583-36132502	chr6	36099360	36100279	True	1	0.8705114254624592	2	0.3960826985854189	True	True	True	False	True	False	True	False	False	True	4
chr6:36160118-36161033	chr6	36127895	36128810	True	1	0.2185792349726776	0	0.0	True	False	False	False	False	False	False	False	False	False	0
chr6:36577034-36577938	chr6	36544811	36545715	True	1	1.0	2	0.5696902654867256	True	True	False	False	False	True	False	False	True	True	3
chr6:36579449-36580378	chr6	36547226	36548155	True	1	0.8568353067814855	0	0.0	True	False	False	False	True	True	False	True	True	False	4
chr6:36585282-36586172	chr6	36553059	36553949	True	2	0.6325842696629214	0	0.0	True	False	False	False	False	False	False	False	False	False	0
chr6:36593826-36594746	chr6	36561603	36562523	True	1	0.2380434782608695	0	0.0	True	False	False	False	False	True	True	True	True	True	5
chr6:36616732-36617650	chr6	36584509	36585427	True	3	0.7821350762527233	3	0.8202614379084967	True	True	False	False	False	True	True	False	True	False	3
chr6:36623123-36624007	chr6	36590900	36591784	True	1	0.8619909502262444	1	0.2375565610859728	True	True	True	False	False	False	False	False	False	False	1
chr6:36624890-36625780	chr6	36592667	36593557	True	2	1.0	2	0.7640449438202247	True	True	False	False	False	False	False	False	False	True	1
chr6:36642836-36643724	chr6	36610613	36611501	True	1	0.2252252252252252	0	0.0	True	False	False	False	True	True	False	False	False	True	3
chr6:36666803-36667713	chr6	36634580	36635490	True	2	1.0	2	0.4835164835164835	True	True	True	True	True	True	False	False	True	True	6
chr6:36676094-36676896	chr6	36643871	36644673	True	1	1.0	0	0.0	True	False	True	True	True	True	True	False	True	True	7
chr6:36678190-36679070	chr6	36645967	36646847	True	1	0.2897727272727273	2	0.8	True	True	True	False	True	True	True	False	True	True	6
chr6:36728841-36729780	chr6	36696618	36697557	True	1	0.2129925452609158	0	0.0	True	False	False	False	False	False	False	False	False	False	0
chr7:100801907-100802722	chr7	100399529	100400344	True	3	1.0	2	0.5423312883435583	True	True	True	False	True	True	False	True	True	True	6
chr7:100803311-100804191	chr7	100400933	100401813	True	2	1.0	1	0.3375	True	True	True	False	False	True	False	True	True	True	5
chr7:100874613-100875506	chr7	100472235	100473127	True	1	0.0325112107623318	0	0.0	True	False	False	True	False	True	True	True	True	True	6
chr7:112434860-112435768	chr7	112074915	112075823	True	1	0.8810572687224669	0	0.0	True	False	False	False	False	True	False	False	False	False	1
chr7:112452075-112452850	chr7	112092130	112092905	True	1	0.44	0	0.0	True	False	False	False	False	False	True	True	True	True	4
chr7:112453414-112454164	chr7	112093469	112094219	True	2	1.0	0	0.0	True	False	False	False	False	False	True	False	True	True	3
chr7:112480119-112480929	chr7	112120174	112120984	True	1	0.2716049382716049	0	0.0	True	False	False	False	False	False	True	True	False	True	3
chr7:112481623-112482589	chr7	112121678	112122644	True	2	1.0	1	0.2857142857142857	True	True	False	False	False	True	True	True	True	True	5
chr7:112484467-112485392	chr7	112124522	112125447	True	3	1.0	2	0.3718918918918918	True	True	False	False	False	False	True	True	False	True	3
chr7:151028037-151028908	chr7	150725124	150725995	True	1	0.1641791044776119	2	0.8737083811710677	True	True	False	True	False	False	True	True	False	False	3
chr7:151038942-151039807	chr7	150736029	150736894	True	2	1.0	2	0.6520231213872832	True	True	False	False	False	True	True	True	False	True	4
chr7:151057712-151058585	chr7	150754799	150755672	True	1	0.4639175257731959	2	0.6231386025200458	True	True	False	False	False	True	True	True	True	True	5
chr7:151059338-151060148	chr7	150756425	150757235	True	1	0.2987654320987654	0	0.0	True	False	False	False	False	True	True	False	True	True	4
chr7:151062155-151062664	chr7	150759242	150759751	True	1	1.0	0	0.0	True	False	False	True	False	False	False	True	True	True	4
chr7:151062785-151063571	chr7	150759872	150760658	True	3	1.0	0	0.0	True	False	False	True	False	False	False	True	True	True	4
chr7:151067908-151068775	chr7	150764995	150765862	True	3	0.7693194925028836	2	0.5674740484429066	True	True	False	False	False	False	False	False	False	False	0
chr7:43968311-43969235	chr7	44007910	44008834	True	1	1.0	0	0.0	True	False	False	False	False	False	True	True	True	True	4
chr7:43992637-43993523	chr7	44032236	44033122	True	1	0.6772009029345373	1	0.3860045146726862	True	True	True	False	False	True	False	False	True	False	3
chr7:44018802-44019677	chr7	44058401	44059276	True	1	0.2285714285714285	0	0.0	True	False	True	False	False	True	True	True	False	False	4
chr7:44072091-44072989	chr7	44111690	44112588	True	2	1.0	0	0.0	True	False	False	False	True	False	True	False	True	True	4
chr7:44073559-44074394	chr7	44113158	44113993	True	1	1.0	2	0.8287425149700599	True	True	False	False	False	False	True	False	True	False	2
chr7:44087915-44088677	chr7	44127514	44128276	True	2	1.0	0	0.0	True	False	False	False	False	True	True	False	False	True	3
chr7:44100318-44101170	chr7	44139917	44140769	True	3	1.0	4	0.7687793427230047	True	True	False	False	False	False	False	False	False	True	1
chr7:44161972-44162818	chr7	44201571	44202417	True	1	0.640661938534279	1	0.4278959810874704	True	True	False	False	False	False	False	False	False	False	0
chr7:44163342-44164232	chr7	44202941	44203831	True	2	1.0	2	0.4696629213483146	True	True	False	False	False	True	False	False	False	False	1
chr7:44195999-44196922	chr7	44235598	44236521	True	1	0.866738894907909	3	0.6966413867822319	True	True	False	False	False	False	False	False	False	False	0
chr7:44257554-44258449	chr7	44297153	44298048	True	2	0.8636871508379889	0	0.0	True	False	True	False	False	False	True	True	True	True	5
chr7:44259252-44260123	chr7	44298851	44299722	True	1	1.0	1	0.0975889781859931	True	True	False	False	False	True	True	False	True	True	4
chr7:44367365-44368281	chr7	44406964	44407880	True	1	0.4421397379912664	1	0.4530567685589519	True	True	False	False	False	False	False	False	False	False	0
chr7:44368577-44369426	chr7	44408176	44409025	True	2	0.5877502944640753	1	0.425206124852768	True	True	False	False	False	False	True	False	False	False	1
chr7:44372542-44373378	chr7	44412141	44412977	True	1	0.361244019138756	0	0.0	True	False	False	False	False	False	False	False	False	False	0
chr7:44382284-44382916	chr7	44421883	44422515	True	2	1.0	2	0.4145569620253164	True	True	False	False	False	False	True	False	False	True	2
chr7:44383318-44384209	chr7	44422917	44423808	True	1	1.0	2	0.5140291806958474	True	True	False	False	False	False	True	False	False	True	2
chr7:44386219-44387071	chr7	44425818	44426670	True	1	0.9330985915492958	0	0.0	True	False	False	False	False	False	False	False	False	False	0
chr7:44414864-44415757	chr7	44454463	44455356	True	1	0.9092945128779396	1	0.2362821948488241	True	True	False	False	False	True	False	False	True	False	2
chr7:45881809-45882689	chr7	45921408	45922288	True	2	0.7579545454545454	0	0.0	True	False	False	False	True	False	False	False	False	False	1
chr7:45885167-45886086	chr7	45924766	45925685	True	2	1.0	2	0.4428726877040261	True	True	False	False	True	False	False	False	False	False	1
chr7:45917397-45918271	chr7	45956996	45957870	True	1	0.6807780320366132	1	0.3775743707093821	True	True	False	False	False	False	False	False	False	False	0
chr7:45922964-45923742	chr7	45962563	45963341	True	3	1.0	0	0.0	True	False	False	False	False	False	False	False	False	False	0
chr7:45924129-45924978	chr7	45963728	45964577	True	2	1.0	2	0.4746760895170789	True	True	False	False	False	True	False	False	False	False	1
chr7:45977882-45978773	chr7	46017481	46018372	True	1	1.0	1	0.5409652076318743	True	True	False	False	True	True	True	False	True	True	5
chr7:45980278-45981176	chr7	46019877	46020775	True	1	0.888641425389755	0	0.0	True	False	False	False	False	False	False	False	False	False	0
chr7:46015162-46016060	chr7	46054761	46055659	True	2	0.6503340757238307	2	0.8485523385300668	True	True	False	False	False	False	False	False	False	False	0
chr7:80330174-80331075	chr7	79959490	79960391	True	1	1.0	1	0.4805771365149833	True	True	False	False	False	False	False	False	False	False	0
chr7:80335130-80336070	chr7	79964446	79965386	True	1	1.0	2	0.7425531914893617	True	True	False	False	False	False	False	False	False	False	0
chr7:80378747-80379639	chr7	80008063	80008955	True	1	1.0	0	0.0	True	False	False	False	False	False	False	False	False	False	0
chr7:80498153-80498839	chr7	80127469	80128155	True	1	0.8673469387755102	0	0.0	True	False	False	False	False	True	False	False	True	True	3
chr7:80499038-80499862	chr7	80128354	80129178	True	1	1.0	1	0.4259708737864077	True	True	False	False	False	True	True	False	True	True	4
chr7:80721597-80722153	chr7	80350913	80351469	True	2	1.0	0	0.0	True	False	False	False	False	True	False	False	True	True	3
chr7:80722529-80723402	chr7	80351845	80352718	True	3	1.0	1	0.4959908361970218	True	True	False	False	False	True	False	False	True	True	3
chr7:80724250-80725133	chr7	80353566	80354449	True	2	1.0	2	0.8958097395243488	True	True	False	True	False	True	False	False	True	True	4
chr7:80740934-80741811	chr7	80370250	80371127	True	3	0.984036488027366	0	0.0	True	False	False	False	False	False	False	False	False	False	0
chr8:1962895-1963805	chr8	1911061	1911971	True	1	0.6593406593406593	0	0.0	True	False	False	False	False	False	False	False	False	False	0
chr8:1966054-1966928	chr8	1914220	1915094	True	1	0.2288329519450801	0	0.0	True	False	False	False	False	False	False	False	False	False	0
chr8:1993935-1994798	chr8	1942101	1942964	True	2	1.0	2	0.7079953650057937	True	True	False	False	False	False	True	False	False	False	1
chr8:2007099-2007854	chr8	1955265	1956020	True	1	0.6993377483443709	0	0.0	True	False	False	False	False	False	False	False	False	False	0
chr8:2020264-2021136	chr8	1968425	1969297	True	1	0.5779816513761468	2	0.6272935779816514	True	True	False	False	False	False	False	False	False	False	0
chr8:2021461-2022238	chr8	1969622	1970399	True	1	0.22007722007722	2	0.6293436293436293	True	True	False	False	False	False	False	False	False	False	0
chr8:2054118-2054980	chr8	2002236	2003098	True	1	0.2320185614849187	2	0.3967517401392111	True	True	False	False	False	False	False	False	False	False	0
chr8:22560668-22561497	chr8	22418181	22419010	True	1	1.0	0	0.0	True	False	False	False	False	False	False	False	True	True	2
chr8:22561758-22562554	chr8	22419271	22420067	True	1	1.0	0	0.0	True	False	False	False	False	True	True	False	True	True	4
chr8:22574051-22574950	chr8	22431564	22432463	True	1	0.4449388209121245	0	0.0	True	False	False	False	False	False	False	False	True	True	2
chr8:22585368-22586266	chr8	22442881	22443779	True	2	0.5545657015590201	0	0.0	True	False	False	False	False	False	False	False	False	True	1
chr8:22594916-22595808	chr8	22452429	22453321	True	1	0.9708520179372198	0	0.0	True	False	False	False	True	True	True	False	False	True	4
chr8:22597101-22597971	chr8	22454614	22455484	True	3	1.0	2	0.725287356321839	True	True	False	True	True	True	True	True	True	True	7
chr8:22600534-22601215	chr8	22458047	22458728	True	1	1.0	2	0.5242290748898678	True	True	False	False	False	True	True	False	True	True	4
chr8:22604351-22605213	chr8	22461864	22462726	True	1	0.2215777262180974	0	0.0	True	False	True	True	False	True	True	True	True	True	7
chr8:22622394-22623275	chr8	22479907	22480788	True	2	1.0	1	0.3484676503972758	True	True	False	False	False	True	True	True	True	True	5
chr8:22629064-22629948	chr8	22486577	22487461	True	1	0.9117647058823528	1	0.3959276018099547	True	True	False	False	False	False	False	False	False	False	0
chr8:22640733-22641481	chr8	22498246	22498994	True	1	0.4532085561497326	1	0.4879679144385027	True	True	False	False	False	False	False	False	False	True	1
chr8:22641915-22642743	chr8	22499428	22500256	True	3	1.0	2	0.5289855072463768	True	True	False	False	False	False	False	False	False	True	1
chr8:22643176-22644017	chr8	22500689	22501530	True	1	1.0	0	0.0	True	False	False	False	False	False	False	False	False	True	1
chr8:22646012-22646918	chr8	22503525	22504431	True	1	1.0	0	0.0	True	False	False	False	False	False	False	False	True	True	2
chr8:22650705-22651598	chr8	22508218	22509111	True	1	1.0	2	0.4042553191489361	True	True	False	False	False	True	False	False	True	True	3
chr8:22652224-22652995	chr8	22509737	22510508	True	2	0.9312581063553826	0	0.0	True	False	False	False	False	True	False	False	True	True	3
chr8:22658650-22659492	chr8	22516163	22517005	True	1	1.0	2	0.8515439429928741	True	True	False	True	False	True	True	True	False	True	5
chr8:22668719-22669459	chr8	22526232	22526972	True	1	0.4283783783783784	0	0.0	True	False	False	False	False	False	True	False	False	True	2
chr8:22672880-22673792	chr8	22530393	22531305	True	3	1.0	1	0.6337719298245614	True	True	False	False	False	True	True	True	True	True	5
chr8:27614303-27615047	chr8	27471820	27472564	True	1	0.6223118279569892	2	1.0	True	True	False	False	False	False	True	False	False	True	2
chr8:27616802-27617722	chr8	27474319	27475239	True	3	1.0	2	0.7467391304347826	True	True	False	False	False	True	True	True	True	True	5
chr8:27620160-27620948	chr8	27477677	27478465	True	1	0.2538071065989847	0	0.0	True	False	False	False	True	False	True	False	False	False	2
chr8:78610611-78611502	chr8	79522846	79523737	True	1	0.6722783389450057	2	0.4612794612794613	True	True	False	False	False	False	False	False	False	False	0
chr8:78612498-78613414	chr8	79524733	79525649	True	1	0.9956331877729258	3	0.7041484716157205	True	True	False	False	False	False	False	False	False	False	0
chr8:78665626-78666512	chr8	79577861	79578747	True	1	0.2076749435665914	1	0.2528216704288939	True	True	False	False	False	False	True	False	True	False	2
chr9:121156134-121157021	chr9	123918412	123919299	True	1	0.6764374295377678	0	0.0	True	False	True	False	False	True	False	False	True	True	4
chr9:121212916-121213818	chr9	123975194	123976096	True	1	0.4268292682926829	2	0.328159645232816	True	True	True	False	False	True	True	True	True	True	6
chr9:121242124-121243058	chr9	124004402	124005336	True	1	1.0	0	0.0	True	False	False	False	False	False	False	False	False	True	1
chr9:121246757-121247609	chr9	124009035	124009887	True	2	1.0	2	0.676056338028169	True	True	False	False	False	True	False	False	False	True	2
chr9:121257625-121258529	chr9	124019903	124020807	True	1	1.0	0	0.0	True	False	False	False	False	False	False	False	False	True	1
chr9:121260766-121261667	chr9	124023044	124023945	True	1	1.0	2	0.5904550499445061	True	True	False	False	False	False	True	False	False	False	1
chr9:121271710-121272582	chr9	124033988	124034860	True	2	1.0	2	0.6605504587155964	True	True	False	False	False	False	False	False	False	True	1
chr9:121278263-121279184	chr9	124040541	124041462	True	1	1.0	2	0.6710097719869706	True	True	False	False	False	True	True	False	True	True	4
chr9:121282024-121282901	chr9	124044302	124045179	True	3	1.0	1	0.2576966932725199	True	True	False	False	True	True	True	True	True	True	6
chr9:121285627-121286368	chr9	124047905	124048646	True	1	1.0	0	0.0	True	False	False	False	True	True	True	True	True	True	6
chr9:121286809-121287670	chr9	124049087	124049948	True	1	1.0	0	0.0	True	False	False	False	True	True	True	True	True	True	6
chr9:121289143-121289984	chr9	124051421	124052262	True	2	1.0	2	0.5505350772889417	True	True	False	False	True	True	True	True	True	True	6
chr9:121348748-121349612	chr9	124111026	124111890	True	1	1.0	0	0.0	True	False	False	False	False	False	False	False	False	True	1
chr9:121350956-121351850	chr9	124113234	124114128	True	1	0.8333333333333334	0	0.0	True	False	False	False	False	True	True	True	False	True	4
chr9:121360805-121361652	chr9	124123083	124123930	True	2	1.0	0	0.0	True	False	False	False	False	True	True	False	True	True	4
chr9:121362665-121363511	chr9	124124943	124125789	True	2	1.0	0	0.0	True	False	False	False	False	True	True	False	True	True	4
chr9:121372763-121373595	chr9	124135041	124135873	True	3	1.0	2	0.4567307692307692	True	True	False	False	True	True	False	True	True	True	5
chr9:121393117-121394004	chr9	124155395	124156282	True	1	0.7925591882750845	0	0.0	True	False	False	False	False	True	True	True	True	False	4
chr9:121398074-121398976	chr9	124160352	124161254	True	2	1.0	1	0.3880266075388026	True	True	False	False	False	True	True	False	True	True	4
chr9:121399808-121400706	chr9	124162086	124162984	True	2	0.5489977728285078	2	0.4142538975501114	True	True	False	False	False	True	True	False	True	True	4
chr9:127796228-127797058	chr9	130558507	130559337	True	1	0.2409638554216867	1	0.3698795180722891	True	True	True	False	False	False	False	False	False	True	2
chr9:127828205-127829105	chr9	130590484	130591384	True	2	1.0	2	0.4211111111111111	True	True	False	False	False	False	True	True	False	True	3
chr9:127835708-127836615	chr9	130597987	130598894	True	1	1.0	2	0.721058434399118	True	True	False	False	False	False	True	False	False	True	2
chr9:127838256-127839145	chr9	130600535	130601424	True	3	1.0	2	0.84251968503937	True	True	False	False	False	False	True	False	False	True	2
chr9:127846815-127847661	chr9	130609094	130609940	True	3	1.0	2	0.5401891252955082	True	True	False	False	False	False	True	False	False	True	2
chr9:127875411-127876235	chr9	130637690	130638514	True	1	0.1638349514563107	1	0.5315533980582524	True	True	False	False	False	False	False	False	False	False	0
chr9:127877229-127878091	chr9	130639508	130640370	True	1	0.314385150812065	0	0.0	True	False	False	False	False	True	True	True	True	False	4
chr9:127897023-127897852	chr9	130659302	130660131	True	1	0.4246079613992762	0	0.0	True	False	False	False	True	False	False	True	False	True	3
chr9:127898275-127899057	chr9	130660554	130661336	True	1	0.0319693094629156	2	0.4987212276214833	True	True	False	False	False	True	False	False	False	True	2
chr9:127919084-127919996	chr9	130681363	130682275	True	1	0.8771929824561403	0	0.0	True	False	False	False	False	True	True	True	True	True	5
chr9:127923465-127924297	chr9	130685744	130686576	True	1	0.4807692307692308	0	0.0	True	False	False	False	False	True	False	False	True	True	3
chr9:127930393-127931291	chr9	130692672	130693570	True	1	0.2126948775055679	0	0.0	True	False	False	False	False	True	True	True	False	True	4
chr9:127965260-127966170	chr9	130727539	130728449	True	2	1.0	0	0.0	True	False	False	False	True	True	False	True	True	True	5
chr9:127968425-127969314	chr9	130730704	130731593	True	1	0.984251968503937	0	0.0	True	False	False	False	False	True	False	True	True	True	4
chr9:128523250-128524124	chr9	131285529	131286403	True	1	0.2288329519450801	2	0.4736842105263157	True	True	False	False	False	False	True	False	False	False	1
chr9:128554259-128555147	chr9	131316538	131317426	True	1	1.0	2	0.5833333333333334	True	True	True	False	True	True	True	False	True	True	6
chr9:128558438-128559365	chr9	131320717	131321644	True	1	1.0	1	0.2308522114347357	True	True	True	False	False	True	True	False	True	True	5
chr9:128575490-128576372	chr9	131337769	131338651	True	2	1.0	0	0.0	True	False	False	False	False	False	False	False	False	False	0
chr9:128635107-128635984	chr9	131397386	131398263	True	1	1.0	4	1.0	True	True	False	True	False	True	True	False	True	True	5
chr9:128656367-128657286	chr9	131418646	131419565	True	1	0.2023939064200217	2	0.4167573449401523	True	True	False	False	False	True	True	True	True	False	4
chr9:129023323-129024216	chr9	131785602	131786495	True	2	0.3538633818589026	2	0.7178051511758119	True	True	False	False	False	False	False	True	False	True	2
chr9:129121255-129122069	chr9	131883534	131884348	True	2	1.0	2	0.4766584766584766	True	True	False	False	False	False	False	False	False	False	0
chr9:129138647-129139333	chr9	131900926	131901612	True	1	1.0	1	0.1428571428571428	True	True	True	True	True	True	True	True	True	True	8
chr9:129139741-129140591	chr9	131902020	131902870	True	1	1.0	0	0.0	True	False	True	True	False	True	True	True	True	True	7
chr9:129141268-129142169	chr9	131903547	131904448	True	1	1.0	2	0.6248612652608213	True	True	True	True	True	True	True	True	True	True	8
chr9:129142926-129143673	chr9	131905205	131905952	True	1	1.0	0	0.0	True	False	True	True	False	True	True	False	False	True	5
chr9:129145639-129146557	chr9	131907918	131908836	True	1	1.0	2	0.4368191721132897	True	True	False	True	False	False	True	False	False	True	3
chr9:129167944-129168699	chr9	131930223	131930978	True	1	0.471523178807947	1	0.4741721854304636	True	True	False	True	False	True	True	True	True	True	6
chr9:129198076-129198983	chr9	131960355	131961262	True	3	0.8820286659316428	0	0.0	True	False	False	False	False	False	False	False	False	True	1
chr9:130693280-130694165	chr9	133568667	133569552	True	1	0.3525423728813559	2	0.3988700564971751	True	True	False	False	False	False	False	False	False	False	0
chr9:130780628-130781552	chr9	133656015	133656939	True	1	1.0	0	0.0	True	False	False	False	False	True	False	False	False	True	2
chr9:130782413-130783140	chr9	133657800	133658527	True	1	0.796423658872077	2	0.3328748280605227	True	True	False	False	False	False	False	False	True	True	2
chr9:130823228-130824115	chr9	133698615	133699502	True	3	0.8151071025930101	2	0.5005636978579482	True	True	False	False	False	False	False	False	False	True	1
chr9:130824800-130825663	chr9	133700187	133701050	True	2	1.0	1	0.3128621089223638	True	True	False	True	False	False	False	False	False	True	2
chr9:130833274-130833968	chr9	133708661	133709355	True	1	1.0	0	0.0	True	False	False	False	False	False	True	False	False	True	2
chr9:130834607-130835509	chr9	133709994	133710896	True	1	0.2050997782705099	2	0.1751662971175166	True	True	False	False	False	True	True	False	True	True	4
chr9:130847343-130848204	chr9	133722730	133723591	True	1	1.0	0	0.0	True	False	False	True	False	True	True	False	True	True	5
chr9:130858069-130858854	chr9	133733456	133734241	True	1	1.0	1	0.8191082802547771	True	True	False	False	False	True	True	False	False	True	3
chr9:130860472-130861360	chr9	133735859	133736747	True	1	1.0	2	0.5765765765765766	True	True	False	False	False	True	True	False	False	True	3
chr9:130928182-130929078	chr9	133803569	133804465	True	4	0.6808035714285714	2	0.4564732142857143	True	True	True	False	False	True	False	False	True	True	4
chr9:136567862-136568636	chr9	139462314	139463088	True	1	1.0	0	0.0	True	False	False	True	False	True	True	False	True	True	5
chr9:136634644-136635549	chr9	139529096	139530001	True	1	0.8839779005524862	0	0.0	True	False	False	False	False	False	False	False	True	False	1
chr9:33160778-33161649	chr9	33160776	33161647	True	2	0.5407577497129736	0	0.0	True	False	True	False	False	True	True	False	True	True	5
chr9:33180570-33181478	chr9	33180568	33181476	True	1	0.2202643171806167	0	0.0	True	False	False	False	False	True	False	False	True	True	3
chr9:33189171-33190068	chr9	33189169	33190066	True	1	0.8918617614269788	2	0.7591973244147158	True	True	False	False	False	False	False	False	False	False	0
chr9:33197938-33198801	chr9	33197936	33198799	True	1	0.4623406720741599	2	0.3986095017381228	True	True	False	False	False	False	False	False	True	False	1
chr9:33225293-33226211	chr9	33225291	33226209	True	1	0.2178649237472767	0	0.0	True	False	False	False	False	False	True	False	True	False	2
chr9:33233726-33234613	chr9	33233724	33234611	True	1	0.9143179255918829	1	0.3900789177001127	True	True	False	False	False	True	False	False	True	True	3
chr9:33320143-33321056	chr9	33320141	33321054	True	2	1.0	0	0.0	True	False	False	False	False	True	True	False	True	True	4
chr9:33328933-33329836	chr9	33328931	33329834	True	1	0.7408637873754153	0	0.0	True	False	False	False	False	True	True	False	True	True	4
chr9:33350018-33350826	chr9	33350016	33350824	True	1	0.2475247524752475	1	0.2809405940594059	True	True	False	False	False	False	False	False	True	True	2
chr9:35603719-35604590	chr9	35603716	35604587	True	1	0.0964408725602755	0	0.0	True	False	False	False	False	True	True	True	False	False	3
chr9:35605108-35605828	chr9	35605105	35605825	True	1	0.1319444444444444	0	0.0	True	False	False	False	False	True	True	False	False	False	2
chr9:35609179-35610081	chr9	35609176	35610078	True	1	1.0	2	0.8481152993348116	True	True	False	False	False	False	False	False	False	False	0
chr9:35644338-35645238	chr9	35644335	35645235	True	1	0.4444444444444444	1	0.3955555555555555	True	True	False	False	False	False	False	False	False	False	0
chr9:35669207-35670139	chr9	35669204	35670136	True	1	0.8540772532188842	2	0.4045064377682403	True	True	False	False	True	True	False	False	True	False	3
chr9:35690636-35691551	chr9	35690633	35691548	True	1	0.380327868852459	2	0.0295081967213114	True	True	False	False	False	False	True	True	False	True	3
chr9:35726631-35727392	chr9	35726628	35727389	True	1	0.7739816031537451	2	0.4362680683311432	True	True	True	False	True	True	True	True	False	True	6
chr9:35727862-35728785	chr9	35727859	35728782	True	1	1.0	2	0.71397616468039	True	True	True	True	True	True	True	True	True	True	8
chr9:35729602-35730437	chr9	35729599	35730434	True	1	1.0	0	0.0	True	False	True	False	True	True	True	True	True	True	7
chr9:98860645-98861480	chr9	101622927	101623762	True	2	0.4586826347305389	1	0.3796407185628742	True	True	False	False	False	False	False	False	False	False	0
chr9:98861940-98862777	chr9	101624222	101625059	True	2	1.0	2	0.4623655913978494	True	True	False	False	False	False	False	True	False	True	2
chr9:98867469-98868368	chr9	101629751	101630650	True	1	0.921023359288098	2	0.60734149054505	True	True	False	False	False	False	False	True	False	True	2
chr9:98881918-98882705	chr9	101644200	101644987	True	1	0.735705209656925	0	0.0	True	False	False	False	False	False	False	False	False	False	0
chr9:98906480-98907387	chr9	101668762	101669669	True	1	1.0	2	0.5854465270121278	True	True	False	False	False	False	False	False	False	True	1
chr9:98908420-98909222	chr9	101670702	101671504	True	2	1.0	2	0.7768079800498753	True	True	False	False	False	False	False	False	False	True	1
chr9:98958084-98958987	chr9	101720366	101721269	True	2	1.0	2	0.4573643410852713	True	True	False	False	False	False	False	False	False	True	1
chr9:98961722-98962673	chr9	101724004	101724955	True	3	1.0	2	0.4689800210304942	True	True	False	False	False	False	False	False	False	True	1
chr9:98970938-98971833	chr9	101733220	101734115	True	1	0.3754189944134078	0	0.0	True	False	False	False	False	False	False	False	False	True	1
chr9:98983121-98984008	chr9	101745403	101746290	True	1	1.0	2	0.4002254791431792	True	True	False	False	False	False	False	False	False	True	1
chr9:98989398-98990286	chr9	101751680	101752568	True	1	1.0	2	0.7387387387387387	True	True	False	False	False	False	False	False	False	True	1
chr9:98998502-98999341	chr9	101760784	101761623	True	1	0.4707985697258641	0	0.0	True	False	False	False	False	False	False	True	False	True	2
chr9:99019519-99020410	chr9	101781801	101782692	True	1	1.0	0	0.0	True	False	False	False	False	True	True	False	True	True	4
chr9:99029845-99030747	chr9	101792127	101793029	True	1	1.0	0	0.0	True	False	False	False	False	False	False	False	False	True	1
chr9:99040968-99041872	chr9	101803250	101804154	True	2	1.0	0	0.0	True	False	False	False	False	False	False	False	False	True	1
chr9:99050016-99050930	chr9	101812298	101813212	True	1	1.0	2	0.5153172866520788	True	True	False	False	False	False	False	True	False	False	1
chr9:99056895-99057570	chr9	101819177	101819852	True	2	1.0	0	0.0	True	False	False	False	False	False	False	True	True	False	2
chr9:99057693-99058465	chr9	101819975	101820747	True	1	1.0	2	0.5168393782383419	True	True	True	False	False	True	False	True	True	False	4
chr9:99071131-99071953	chr9	101833413	101834235	True	1	1.0	0	0.0	True	False	False	False	False	False	False	True	False	False	1
chr9:99075178-99076089	chr9	101837460	101838371	True	2	1.0	2	0.703622392974753	True	True	False	False	False	False	False	True	False	True	2
chr9:99086013-99086928	chr9	101848295	101849210	True	1	0.966120218579235	0	0.0	True	False	False	False	False	False	False	False	False	False	0
chr9:99090362-99091257	chr9	101852644	101853539	True	1	1.0	0	0.0	True	False	False	False	False	False	False	False	False	False	0
chr9:99109282-99110181	chr9	101871564	101872463	True	1	1.0	2	0.4193548387096774	True	True	False	False	False	False	False	False	False	False	0
chr9:99127388-99128296	chr9	101889670	101890578	True	1	0.2202643171806167	0	0.0	True	False	True	False	False	True	False	False	True	False	3
chrX:136168966-136169787	chrX	135251125	135251946	True	1	0.2582216808769793	0	0.0	True	False	False	False	False	False	True	False	False	True	2
chrX:136170020-136170832	chrX	135252179	135252991	True	1	0.1908866995073891	0	0.0	True	False	False	False	False	False	True	False	False	True	2
chrX:136176062-136176965	chrX	135258221	135259124	True	1	1.0	0	0.0	True	False	False	False	False	True	False	False	False	True	2
chrX:136192638-136193542	chrX	135274797	135275701	True	1	1.0	0	0.0	True	False	False	False	False	False	False	False	False	True	1
chrX:136204336-136205229	chrX	135286495	135287388	True	1	0.4916013437849944	0	0.0	True	False	False	False	False	False	False	False	False	True	1
chrX:136214244-136215147	chrX	135296403	135297306	True	1	1.0	0	0.0	True	False	False	False	False	False	True	False	False	True	2
chrX:153726521-153727345	chrX	152991976	152992800	True	1	0.2354368932038835	0	0.0	True	False	True	False	False	False	True	True	False	True	4
chrX:153780622-153781386	chrX	153046077	153046841	True	2	1.0	0	0.0	True	False	False	False	False	False	False	False	False	False	0
chrX:153781529-153782236	chrX	153046984	153047691	True	1	0.314002828854314	0	0.0	True	False	False	False	False	False	False	False	False	False	0
chrX:31125935-31126819	chrX	31144052	31144936	True	1	0.2262443438914027	0	0.0	True	False	False	False	False	False	False	False	False	False	0
chrX:31220862-31221781	chrX	31238979	31239898	True	1	0.455930359085963	0	0.0	True	False	False	False	True	True	True	False	True	False	4
chrX:31226982-31227758	chrX	31245099	31245875	True	1	0.2577319587628865	0	0.0	True	False	False	False	False	False	False	False	False	False	0
chrX:31228305-31229168	chrX	31246422	31247285	True	1	0.4634994206257242	0	0.0	True	False	True	False	False	False	False	False	False	True	2
chrX:31314656-31315506	chrX	31332773	31333623	True	1	0.1247058823529411	0	0.0	True	False	False	False	False	False	False	False	False	False	0
chrX:31333070-31333967	chrX	31351187	31352084	True	1	0.6688963210702341	0	0.0	True	False	False	False	False	True	True	False	False	False	2
chrX:31483097-31483994	chrX	31501214	31502111	True	1	0.6688963210702341	0	0.0	True	False	False	False	False	True	True	False	False	False	2
chrX:31545887-31546752	chrX	31564004	31564869	True	1	1.0	0	0.0	True	False	False	False	False	True	True	False	True	False	3
chrX:31580479-31581310	chrX	31598596	31599427	True	1	1.0	0	0.0	True	False	False	False	False	True	False	False	False	False	1
chrX:33183126-33184024	chrX	33201243	33202141	True	1	0.2917594654788418	0	0.0	True	False	False	False	False	False	True	False	False	False	1
chrX:33194795-33195671	chrX	33212912	33213788	True	3	0.5810502283105022	0	0.0	True	False	False	False	False	False	True	False	False	True	2
chrX:33204722-33205551	chrX	33222839	33223668	True	1	0.0482509047044632	0	0.0	True	False	False	False	False	True	False	False	False	False	1
chrX:33211177-33212043	chrX	33229294	33230160	True	1	0.0935334872979214	0	0.0	True	False	False	False	False	False	True	False	False	False	1
chrX:33307691-33308612	chrX	33325808	33326729	True	1	0.8686210640608035	0	0.0	True	False	False	False	False	True	False	False	False	False	1
chrX:71056655-71057563	chrX	70276505	70277413	True	1	1.0	0	0.0	True	False	False	False	False	False	False	False	False	False	0
