config	gsm	metric	high_mean	low_mean
D000	GSM6339597	total_rna_umi	25641.42261904762	25556.26785714286
D000	GSM6339597	total_open_peaks	17437.714285714286	17444.20238095238
D000	GSM6339597	state_score	0.5352151097907042	0.5144161256375909
D000	GSM6339597	percent_mito	9.957964525412105	9.76855711144253
D000	GSM6339601	total_rna_umi	17197.24705882353	17178.576470588236
D000	GSM6339601	total_open_peaks	11738.64705882353	11735.24705882353
D000	GSM6339601	state_score	0.4862967888833003	0.47624709711331303
D000	GSM6339601	percent_mito	12.111736797503058	12.617587641491749
D001	GSM6339597	total_rna_umi	21976.45	22016.6125
D001	GSM6339597	total_open_peaks	18187.825	18217.3625
D001	GSM6339597	state_score	0.4603910495728088	0.4615584532446295
D001	GSM6339597	percent_mito	10.392080879685315	10.492685602115781
D001	GSM6339601	total_rna_umi	15849.46511627907	15870.496124031008
D001	GSM6339601	total_open_peaks	11332.410852713178	11309.720930232557
D001	GSM6339601	state_score	0.42158052061296436	0.42209002370952586
D001	GSM6339601	percent_mito	12.23929910548582	12.211083137849373
D002	GSM6339597	total_rna_umi	26602.07981220657	26419.455399061033
D002	GSM6339597	total_open_peaks	16230.544600938967	16247.87323943662
D002	GSM6339597	state_score	0.5460941277672389	0.5279047600647504
D002	GSM6339597	percent_mito	10.164072651410466	9.837856049515436
D002	GSM6339601	total_rna_umi	17708.65993265993	17676.801346801345
D002	GSM6339601	total_open_peaks	11214.114478114478	11205.703703703704
D002	GSM6339601	state_score	0.4909001156416613	0.47613811927783256
D002	GSM6339601	percent_mito	12.221836937516708	12.635963564049407
D003	GSM6339597	total_rna_umi	23006.014598540147	22973.408759124086
D003	GSM6339597	total_open_peaks	16983.56204379562	16927.75182481752
D003	GSM6339597	state_score	0.4753171055663695	0.47618342013515386
D003	GSM6339597	percent_mito	10.452410542932286	10.189235127950635
D003	GSM6339601	total_rna_umi	16248.880952380952	16302.804761904761
D003	GSM6339601	total_open_peaks	11392.190476190477	11420.642857142857
D003	GSM6339601	state_score	0.441823032333661	0.44122064582341913
D003	GSM6339601	percent_mito	12.232360845043289	12.377518616242448
D004	GSM6339597	total_rna_umi	26880.442477876106	26595.33628318584
D004	GSM6339597	total_open_peaks	15892.482300884956	15939.181415929204
D004	GSM6339597	state_score	0.5495185675867783	0.5274779170162402
D004	GSM6339597	percent_mito	10.128970860582221	9.870587434916706
D004	GSM6339601	total_rna_umi	17746.616666666665	17703.106666666667
D004	GSM6339601	total_open_peaks	11123.296666666667	11115.87
D004	GSM6339601	state_score	0.4912493901322164	0.47765535218952315
D004	GSM6339601	percent_mito	12.198667565179958	12.631623333721587
D005	GSM6339597	total_rna_umi	24715.4010989011	24534.934065934067
D005	GSM6339597	total_open_peaks	16585.5989010989	16581.17032967033
D005	GSM6339597	state_score	0.5058137924837411	0.5064395001587833
D005	GSM6339597	percent_mito	10.386027002274954	9.679179703260445
D005	GSM6339601	total_rna_umi	17081.19475655431	17044.082397003745
D005	GSM6339601	total_open_peaks	11255.101123595505	11151.921348314607
D005	GSM6339601	state_score	0.46778577957709205	0.46741048968625626
D005	GSM6339601	percent_mito	12.200476585241205	12.66066375097188
D006	GSM6339597	total_rna_umi	26790.625550660792	26514.09691629956
D006	GSM6339597	total_open_peaks	15840.687224669604	15886.31718061674
D006	GSM6339597	state_score	0.5488805234472433	0.5271470866882176
D006	GSM6339597	percent_mito	10.112239133273723	9.86800241140763
D006	GSM6339601	total_rna_umi	17766.817275747508	17723.900332225912
D006	GSM6339601	total_open_peaks	11088.55149501661	11081.734219269103
D006	GSM6339601	state_score	0.49096807206895915	0.47760937305158935
D006	GSM6339601	percent_mito	12.202772786541589	12.633012720970857
D007	GSM6339597	total_rna_umi	25608.73267326733	25097.955445544554
D007	GSM6339597	total_open_peaks	16215.539603960397	16246.68811881188
D007	GSM6339597	state_score	0.5173105872466988	0.5173504932212488
D007	GSM6339597	percent_mito	10.297516763492224	9.992740844547154
D007	GSM6339601	total_rna_umi	17449.864768683274	17332.427046263347
D007	GSM6339601	total_open_peaks	11246.921708185053	11109.551601423487
D007	GSM6339601	state_score	0.4769502151161248	0.4765896711769611
D007	GSM6339601	percent_mito	12.256546383782888	12.501289885441826
D008	GSM6339597	total_rna_umi	30925.275	31152.55
D008	GSM6339597	total_open_peaks	20228.775	20183.55
D008	GSM6339597	state_score	0.597251789373083	0.5434082134619198
D008	GSM6339597	percent_mito	9.343368108232953	9.505176580127522
D008	GSM6339601	total_rna_umi	20106.36170212766	20191.936170212764
D008	GSM6339601	total_open_peaks	12879.787234042553	12803.425531914894
D008	GSM6339601	state_score	0.5439541437301868	0.4888410847773548
D008	GSM6339601	percent_mito	11.376928797015447	13.118080202215356
D009	GSM6339597	total_rna_umi	25186.0625	25517.4375
D009	GSM6339597	total_open_peaks	19842.1875	19682.6875
D009	GSM6339597	state_score	0.4964793776264059	0.49697001156506204
D009	GSM6339597	percent_mito	11.41675386647437	10.412125766258743
D009	GSM6339601	total_rna_umi	17345.35	17459.45
D009	GSM6339601	total_open_peaks	12746.8	12715.1
D009	GSM6339601	state_score	0.4064996155135686	0.413279049748258
D009	GSM6339601	percent_mito	12.742809882525787	12.608709622870943
D010	GSM6339597	total_rna_umi	30728.239130434784	30964.043478260868
D010	GSM6339597	total_open_peaks	17923.195652173912	17871.5
D010	GSM6339597	state_score	0.5902352616596545	0.5421181285043903
D010	GSM6339597	percent_mito	9.586819489819339	9.820968213307333
D010	GSM6339601	total_rna_umi	20259.155172413793	20332.672413793105
D010	GSM6339601	total_open_peaks	11552.98275862069	11489.568965517241
D010	GSM6339601	state_score	0.551564277740657	0.48415233516329065
D010	GSM6339601	percent_mito	11.500768288604608	12.899530616467466
D011	GSM6339597	total_rna_umi	25819.85185185185	26561.555555555555
D011	GSM6339597	total_open_peaks	18265.59259259259	18094.51851851852
D011	GSM6339597	state_score	0.5111872275720909	0.513011209961805
D011	GSM6339597	percent_mito	10.911162285852422	10.313578655764443
D011	GSM6339601	total_rna_umi	18919.685714285715	19310.02857142857
D011	GSM6339601	total_open_peaks	12469.057142857142	12419.885714285714
D011	GSM6339601	state_score	0.4593672329675914	0.4613920144903781
D011	GSM6339601	percent_mito	11.982755994419428	12.750573003615168
D012	GSM6339597	total_rna_umi	31318.666666666668	31466.07843137255
D012	GSM6339597	total_open_peaks	16827.980392156864	16829.882352941175
D012	GSM6339597	state_score	0.6005942541908892	0.5444685757205916
D012	GSM6339597	percent_mito	9.671347742174063	10.027316320334094
D012	GSM6339601	total_rna_umi	20259.155172413793	20332.672413793105
D012	GSM6339601	total_open_peaks	11552.98275862069	11489.568965517241
D012	GSM6339601	state_score	0.551564277740657	0.48415233516329065
D012	GSM6339601	percent_mito	11.500768288604608	12.899530616467466
D013	GSM6339597	total_rna_umi	29348.025	29260.05
D013	GSM6339597	total_open_peaks	18787.225	18736.35
D013	GSM6339597	state_score	0.5427670650133725	0.5434148103891887
D013	GSM6339597	percent_mito	10.219458742524216	9.936517303994307
D013	GSM6339601	total_rna_umi	19293.041666666668	19218.979166666668
D013	GSM6339601	total_open_peaks	11820.958333333334	11775.645833333334
D013	GSM6339601	state_score	0.4997447287543902	0.5022962885506446
D013	GSM6339601	percent_mito	11.834017344752818	11.934597987603269
D014	GSM6339597	total_rna_umi	31318.666666666668	31466.07843137255
D014	GSM6339597	total_open_peaks	16827.980392156864	16829.882352941175
D014	GSM6339597	state_score	0.6005942541908892	0.5444685757205916
D014	GSM6339597	percent_mito	9.671347742174063	10.027316320334094
D014	GSM6339601	total_rna_umi	20259.155172413793	20332.672413793105
D014	GSM6339601	total_open_peaks	11552.98275862069	11489.568965517241
D014	GSM6339601	state_score	0.551564277740657	0.48415233516329065
D014	GSM6339601	percent_mito	11.500768288604608	12.899530616467466
D015	GSM6339597	total_rna_umi	30634.71111111111	30576.48888888889
D015	GSM6339597	total_open_peaks	17898.422222222223	17797.222222222223
D015	GSM6339597	state_score	0.5746109467347013	0.5743421434799433
D015	GSM6339597	percent_mito	10.082270153443964	9.636985506570777
D015	GSM6339601	total_rna_umi	19930.51923076923	19571.30769230769
D015	GSM6339601	total_open_peaks	11593.442307692309	11500.615384615385
D015	GSM6339601	state_score	0.5156844833815855	0.5173831816935592
D015	GSM6339601	percent_mito	11.686106341943628	11.94168878972351
D016	GSM6339597	total_rna_umi	40019.142857142855	40280.57142857143
D016	GSM6339597	total_open_peaks	19764.571428571428	19964.285714285714
D016	GSM6339597	state_score	0.8153650303275733	0.588477476293064
D016	GSM6339597	percent_mito	10.071617773772422	9.135928550835446
D016	GSM6339601	total_rna_umi	18327.714285714286	18379.85714285714
D016	GSM6339601	total_open_peaks	15253.0	15229.57142857143
D016	GSM6339601	state_score	0.5213410939171014	0.4600861607550603
D016	GSM6339601	percent_mito	10.534836116715047	13.617065647092122
D017	GSM6339597	total_rna_umi	35702.5	37249.0
D017	GSM6339597	total_open_peaks	19124.5	18601.0
D017	GSM6339597	state_score	0.6950637393235493	0.6855757239644598
D017	GSM6339597	percent_mito	13.040765800106733	10.096177793965925
D017	GSM6339601	total_rna_umi	15447.5	15639.5
D017	GSM6339601	total_open_peaks	16710.5	16793.5
D017	GSM6339601	state_score	0.4061428788287372	0.4162157362933206
D017	GSM6339601	percent_mito	13.660146199996841	11.499562436921092
D018	GSM6339597	total_rna_umi	37892.77777777778	38501.444444444445
D018	GSM6339597	total_open_peaks	15657.777777777777	15799.555555555555
D018	GSM6339597	state_score	0.7899189523339504	0.5592786190351485
D018	GSM6339597	percent_mito	9.749229714034726	10.109224233218882
D018	GSM6339601	total_rna_umi	19570.75	19931.375
D018	GSM6339601	total_open_peaks	14549.0	14512.75
D018	GSM6339601	state_score	0.5550316821242569	0.46178430113888835
D018	GSM6339601	percent_mito	10.506358795108124	13.369855797921637
D019	GSM6339597	total_rna_umi	34943.25	34900.5
D019	GSM6339597	total_open_peaks	17681.25	16735.25
D019	GSM6339597	state_score	0.6886274925901751	0.6815216954131837
D019	GSM6339597	percent_mito	12.56575601074448	11.155219292419156
D019	GSM6339601	total_rna_umi	17068.0	17105.8
D019	GSM6339601	total_open_peaks	15185.8	15082.2
D019	GSM6339601	state_score	0.4553560616489126	0.458050681362289
D019	GSM6339601	percent_mito	10.315564262787294	12.481608064129635
D020	GSM6339597	total_rna_umi	34166.545454545456	34542.09090909091
D020	GSM6339597	total_open_peaks	13855.09090909091	13852.181818181818
D020	GSM6339597	state_score	0.7436021097311051	0.5320499735182623
D020	GSM6339597	percent_mito	9.994703912341144	10.155901716928714
D020	GSM6339601	total_rna_umi	19570.75	19931.375
D020	GSM6339601	total_open_peaks	14549.0	14512.75
D020	GSM6339601	state_score	0.5550316821242569	0.46178430113888835
D020	GSM6339601	percent_mito	10.506358795108124	13.369855797921637
D021	GSM6339597	total_rna_umi	34568.625	34139.25
D021	GSM6339597	total_open_peaks	18516.75	18025.5
D021	GSM6339597	state_score	0.6978302701320355	0.6974164290162901
D021	GSM6339597	percent_mito	12.329442103525526	9.195965058769676
D021	GSM6339601	total_rna_umi	19570.75	18979.25
D021	GSM6339601	total_open_peaks	14549.0	14395.125
D021	GSM6339601	state_score	0.555031682124257	0.5613413591313552
D021	GSM6339601	percent_mito	10.506358795108122	9.32176361096873
D022	GSM6339597	total_rna_umi	34166.545454545456	34542.09090909091
D022	GSM6339597	total_open_peaks	13855.09090909091	13852.181818181818
D022	GSM6339597	state_score	0.7436021097311051	0.5320499735182623
D022	GSM6339597	percent_mito	9.994703912341144	10.155901716928714
D022	GSM6339601	total_rna_umi	19570.75	19931.375
D022	GSM6339601	total_open_peaks	14549.0	14512.75
D022	GSM6339601	state_score	0.5550316821242569	0.46178430113888835
D022	GSM6339601	percent_mito	10.506358795108124	13.369855797921637
D023	GSM6339597	total_rna_umi	34568.625	34120.5
D023	GSM6339597	total_open_peaks	18516.75	16920.0
D023	GSM6339597	state_score	0.6978302701320355	0.6931267695465446
D023	GSM6339597	percent_mito	12.329442103525526	9.775729615716852
D023	GSM6339601	total_rna_umi	19570.75	19067.0
D023	GSM6339601	total_open_peaks	14549.0	14201.25
D023	GSM6339601	state_score	0.555031682124257	0.5605135372434158
D023	GSM6339601	percent_mito	10.506358795108122	8.012656533855631
D024	GSM6339597	total_rna_umi	20440.580158730158	20417.755555555555
D024	GSM6339597	total_open_peaks	14034.083333333334	14033.319047619048
D024	GSM6339597	state_score	0.4888275658177286	0.47531655919696647
D024	GSM6339597	percent_mito	10.06740955728774	10.14365942461909
D024	GSM6339601	total_rna_umi	15575.556311881188	15571.837871287129
D024	GSM6339601	total_open_peaks	10724.685643564357	10730.81745049505
D024	GSM6339601	state_score	0.4612484432793407	0.43981112489321483
D024	GSM6339601	percent_mito	12.32718857387784	12.19778156122818
D025	GSM6339597	total_rna_umi	18730.59574468085	18731.97659574468
D025	GSM6339597	total_open_peaks	14291.186170212766	14291.920212765957
D025	GSM6339597	state_score	0.45340699134745566	0.4531733943626599
D025	GSM6339597	percent_mito	10.254048962261917	10.045666519617093
D025	GSM6339601	total_rna_umi	14757.251628664495	14751.264657980457
D025	GSM6339601	total_open_peaks	11221.252442996743	11216.764657980457
D025	GSM6339601	state_score	0.4254571918240191	0.4251500293202791
D025	GSM6339601	percent_mito	12.230786025506172	12.223765796871584
D026	GSM6339597	total_rna_umi	20820.316148597423	20774.40106141016
D026	GSM6339597	total_open_peaks	13767.141015921152	13771.996967399546
D026	GSM6339597	state_score	0.49252879364105073	0.47709792029913267
D026	GSM6339597	percent_mito	10.047770547502335	10.132110653573436
D026	GSM6339601	total_rna_umi	15643.6515973478	15627.53405666064
D026	GSM6339601	total_open_peaks	10552.520192887281	10561.103074141049
D026	GSM6339601	state_score	0.4623333518126007	0.4399953383773564
D026	GSM6339601	percent_mito	12.335789170950944	12.183511612385647
D027	GSM6339597	total_rna_umi	19661.690972222223	19611.87673611111
D027	GSM6339597	total_open_peaks	14182.204861111111	14156.956597222223
D027	GSM6339597	state_score	0.4658201761480747	0.4655213718917397
D027	GSM6339597	percent_mito	10.206966210198532	10.162640701439171
D027	GSM6339601	total_rna_umi	15118.374331550802	15107.895721925133
D027	GSM6339601	total_open_peaks	10806.957887700535	10810.392379679144
D027	GSM6339601	state_score	0.44264757273272626	0.442078724391234
D027	GSM6339601	percent_mito	12.272915261154555	12.26162727976951
D028	GSM6339597	total_rna_umi	21153.16480238628	21055.712900820283
D028	GSM6339597	total_open_peaks	13609.041014168532	13616.936614466817
D028	GSM6339597	state_score	0.49459559741537656	0.4775012299908233
D028	GSM6339597	percent_mito	10.069010892969322	10.123541950099227
D028	GSM6339601	total_rna_umi	15635.7578125	15617.746995192309
D028	GSM6339601	total_open_peaks	10531.67608173077	10541.454326923076
D028	GSM6339601	state_score	0.462339751895344	0.4399874691959536
D028	GSM6339601	percent_mito	12.325114763674465	12.180693572460434
D029	GSM6339597	total_rna_umi	20209.599842146803	20049.585635359115
D029	GSM6339597	total_open_peaks	13728.35043409629	13694.91002367798
D029	GSM6339597	state_score	0.47659478237141045	0.47641240641270033
D029	GSM6339597	percent_mito	10.116441327543491	10.224166707356218
D029	GSM6339601	total_rna_umi	15449.103791174643	15364.371037911746
D029	GSM6339601	total_open_peaks	10611.743940335613	10579.848353014295
D029	GSM6339601	state_score	0.45406817869786775	0.4538089110878654
D029	GSM6339601	percent_mito	12.338051069671259	12.212233001520595
D030	GSM6339597	total_rna_umi	21219.252976190477	21101.487351190477
D030	GSM6339597	total_open_peaks	13582.136160714286	13590.410714285714
D030	GSM6339597	state_score	0.49469634702955456	0.47768627028795424
D030	GSM6339597	percent_mito	10.07501278601044	10.12004138327412
D030	GSM6339601	total_rna_umi	15635.7578125	15617.746995192309
D030	GSM6339601	total_open_peaks	10531.67608173077	10541.454326923076
D030	GSM6339601	state_score	0.462339751895344	0.4399874691959536
D030	GSM6339601	percent_mito	12.325114763674465	12.180693572460434
D031	GSM6339597	total_rna_umi	20379.115354637568	20146.762275915822
D031	GSM6339597	total_open_peaks	13694.038191738115	13659.881527669524
D031	GSM6339597	state_score	0.4789209896178234	0.4789817830297782
D031	GSM6339597	percent_mito	10.100393740223918	10.124249001837166
D031	GSM6339601	total_rna_umi	15560.85225885226	15417.817460317461
D031	GSM6339601	total_open_peaks	10556.319291819293	10527.823565323566
D031	GSM6339601	state_score	0.4577588866519433	0.4575571765913115
D031	GSM6339601	percent_mito	12.336248413473877	12.182577629858011
D032	GSM6339597	total_rna_umi	25709.205741626793	25639.88995215311
D032	GSM6339597	total_open_peaks	16621.105263157893	16583.612440191388
D032	GSM6339597	state_score	0.5331231574877124	0.496432932616523
D032	GSM6339597	percent_mito	10.061240727009558	10.202887263521426
D032	GSM6339601	total_rna_umi	17438.15593220339	17434.538983050847
D032	GSM6339601	total_open_peaks	11238.671186440679	11247.50847457627
D032	GSM6339601	state_score	0.48791327090685577	0.457245115996006
D032	GSM6339601	percent_mito	12.21128681934012	12.1730816370666
D033	GSM6339597	total_rna_umi	22595.879432624115	22613.794326241135
D033	GSM6339597	total_open_peaks	16748.517730496453	16766.41843971631
D033	GSM6339597	state_score	0.47284484932983495	0.4715681557741039
D033	GSM6339597	percent_mito	10.623972576582032	10.199984098012385
D033	GSM6339601	total_rna_umi	16168.519047619047	16142.804761904761
D033	GSM6339601	total_open_peaks	11530.533333333333	11515.333333333334
D033	GSM6339601	state_score	0.43734645957229773	0.4364169780887357
D033	GSM6339601	percent_mito	12.134512366597786	12.276705888910865
D034	GSM6339597	total_rna_umi	26293.432432432433	26173.932432432433
D034	GSM6339597	total_open_peaks	16077.450450450451	16050.738738738739
D034	GSM6339597	state_score	0.5432466100482641	0.49983304606452444
D034	GSM6339597	percent_mito	10.095421451658998	10.187800375240709
D034	GSM6339601	total_rna_umi	17669.16611295681	17661.43853820598
D034	GSM6339601	total_open_peaks	11092.870431893687	11105.126245847176
D034	GSM6339601	state_score	0.48999225744757874	0.45756438645528213
D034	GSM6339601	percent_mito	12.196446265062425	12.182152095347005
D035	GSM6339597	total_rna_umi	24043.135869565216	23991.364130434784
D035	GSM6339597	total_open_peaks	16392.641304347828	16380.010869565218
D035	GSM6339597	state_score	0.49237756107293956	0.49239437010617904
D035	GSM6339597	percent_mito	10.343054014499739	10.12759164795782
D035	GSM6339601	total_rna_umi	16732.530303030304	16704.140151515152
D035	GSM6339601	total_open_peaks	11338.875	11326.094696969696
D035	GSM6339601	state_score	0.4604482846656398	0.45959693566265836
D035	GSM6339601	percent_mito	12.205255075018723	12.278231724813043
D036	GSM6339597	total_rna_umi	26667.74778761062	26494.061946902653
D036	GSM6339597	total_open_peaks	15905.849557522124	15889.0
D036	GSM6339597	state_score	0.5491500642050643	0.5000326234295231
D036	GSM6339597	percent_mito	10.1087303447302	10.184716367532396
D036	GSM6339601	total_rna_umi	17714.21523178808	17702.559602649006
D036	GSM6339601	total_open_peaks	11058.53642384106	11071.069536423842
D036	GSM6339601	state_score	0.49058557933756936	0.4575471488312986
D036	GSM6339601	percent_mito	12.190884268014587	12.182907351195864
D037	GSM6339597	total_rna_umi	24839.422885572138	24460.67661691542
D037	GSM6339597	total_open_peaks	16169.910447761195	16177.73631840796
D037	GSM6339597	state_score	0.5071040018687307	0.5069575386698854
D037	GSM6339597	percent_mito	10.19040316794895	10.299281331039342
D037	GSM6339601	total_rna_umi	17454.36518771331	17306.0204778157
D037	GSM6339601	total_open_peaks	10984.911262798634	10986.37542662116
D037	GSM6339601	state_score	0.4802363970107876	0.47938399150622363
D037	GSM6339601	percent_mito	12.262388140786278	12.073445138573067
D038	GSM6339597	total_rna_umi	26790.625550660792	26573.616740088106
D038	GSM6339597	total_open_peaks	15840.687224669604	15823.757709251102
D038	GSM6339597	state_score	0.5488805234472433	0.4998799722256274
D038	GSM6339597	percent_mito	10.11223913327372	10.194182925916143
D038	GSM6339601	total_rna_umi	17714.21523178808	17702.559602649006
D038	GSM6339601	total_open_peaks	11058.53642384106	11071.069536423842
D038	GSM6339601	state_score	0.49058557933756936	0.4575471488312986
D038	GSM6339601	percent_mito	12.190884268014587	12.182907351195864
D039	GSM6339597	total_rna_umi	25394.710144927536	24799.028985507248
D039	GSM6339597	total_open_peaks	16149.038647342995	16154.19806763285
D039	GSM6339597	state_score	0.514935352868214	0.5144385519947671
D039	GSM6339597	percent_mito	10.180303697722149	10.349313828296106
D039	GSM6339601	total_rna_umi	17566.20608108108	17344.462837837837
D039	GSM6339601	total_open_peaks	11069.047297297297	11055.371621621622
D039	GSM6339601	state_score	0.4837888119295455	0.4830429312021075
D039	GSM6339601	percent_mito	12.23990382756233	12.114922985503462
D040	GSM6339597	total_rna_umi	25801.417061611373	25747.284360189573
D040	GSM6339597	total_open_peaks	16649.303317535545	16634.104265402842
D040	GSM6339597	state_score	0.5344458976896771	0.49774471384894237
D040	GSM6339597	percent_mito	10.112862317181357	10.33318597948296
D040	GSM6339601	total_rna_umi	17535.622895622895	17523.215488215486
D040	GSM6339601	total_open_peaks	11217.878787878788	11221.626262626263
D040	GSM6339601	state_score	0.4892068747096601	0.4618335136676606
D040	GSM6339601	percent_mito	12.195779890354677	12.244699809446523
D041	GSM6339597	total_rna_umi	23076.554054054053	23108.743243243243
D041	GSM6339597	total_open_peaks	17083.412162162163	17088.27027027027
D041	GSM6339597	state_score	0.4771216660061043	0.4771765365756011
D041	GSM6339597	percent_mito	10.665318562707187	10.037743977281607
D041	GSM6339601	total_rna_umi	16487.315789473683	16460.42105263158
D041	GSM6339601	total_open_peaks	11559.434210526315	11550.631578947368
D041	GSM6339601	state_score	0.4464349036068429	0.44482095404605126
D041	GSM6339601	percent_mito	12.259442944556604	12.2520210243032
D042	GSM6339597	total_rna_umi	26518.29910714286	26396.785714285714
D042	GSM6339597	total_open_peaks	15959.214285714286	15949.53125
D042	GSM6339597	state_score	0.5449067478659294	0.5034640750634363
D042	GSM6339597	percent_mito	10.09408512263503	10.341327293387044
D042	GSM6339601	total_rna_umi	17669.16611295681	17650.35215946844
D042	GSM6339601	total_open_peaks	11092.870431893687	11096.514950166113
D042	GSM6339601	state_score	0.48999225744757874	0.46123011314997836
D042	GSM6339601	percent_mito	12.196446265062425	12.255505069781625
D043	GSM6339597	total_rna_umi	24519.719576719577	24557.32804232804
D043	GSM6339597	total_open_peaks	16523.698412698413	16472.59259259259
D043	GSM6339597	state_score	0.5011256088401894	0.5011081594279507
D043	GSM6339597	percent_mito	10.271372095119313	9.963932228383815
D043	GSM6339601	total_rna_umi	16849.71747211896	16821.49814126394
D043	GSM6339601	total_open_peaks	11289.527881040893	11262.561338289963
D043	GSM6339601	state_score	0.46463553476214287	0.4637591470919034
D043	GSM6339601	percent_mito	12.229924569702648	12.282942160813272
D044	GSM6339597	total_rna_umi	26790.625550660792	26631.330396475772
D044	GSM6339597	total_open_peaks	15840.687224669604	15835.881057268722
D044	GSM6339597	state_score	0.5488805234472433	0.5038810945000365
D044	GSM6339597	percent_mito	10.11223913327372	10.34001329961419
D044	GSM6339601	total_rna_umi	17714.21523178808	17691.509933774836
D044	GSM6339601	total_open_peaks	11058.53642384106	11062.486754966887
D044	GSM6339601	state_score	0.4905855793375695	0.4612007373581315
D044	GSM6339601	percent_mito	12.190884268014587	12.25601743498666
D045	GSM6339597	total_rna_umi	25606.272727272728	25351.454545454544
D045	GSM6339597	total_open_peaks	16361.526315789473	16311.22009569378
D045	GSM6339597	state_score	0.5224040893268206	0.5224187663853361
D045	GSM6339597	percent_mito	10.203681067108434	10.117664334306967
D045	GSM6339601	total_rna_umi	17454.36518771331	17299.17406143345
D045	GSM6339601	total_open_peaks	10984.911262798634	10993.266211604096
D045	GSM6339601	state_score	0.4802363970107876	0.47988973487427566
D045	GSM6339601	percent_mito	12.262388140786278	12.11204394447391
D046	GSM6339597	total_rna_umi	26790.625550660792	26631.330396475772
D046	GSM6339597	total_open_peaks	15840.687224669604	15835.881057268722
D046	GSM6339597	state_score	0.5488805234472433	0.5038810945000365
D046	GSM6339597	percent_mito	10.11223913327372	10.34001329961419
D046	GSM6339601	total_rna_umi	17714.21523178808	17691.509933774836
D046	GSM6339601	total_open_peaks	11058.53642384106	11062.486754966887
D046	GSM6339601	state_score	0.4905855793375695	0.4612007373581315
D046	GSM6339601	percent_mito	12.190884268014587	12.25601743498666
D047	GSM6339597	total_rna_umi	26034.57276995305	25645.31455399061
D047	GSM6339597	total_open_peaks	16211.342723004695	16170.610328638497
D047	GSM6339597	state_score	0.5263044812404596	0.5260400500118382
D047	GSM6339597	percent_mito	10.264747339901978	10.147727470150722
D047	GSM6339601	total_rna_umi	17622.117845117846	17390.535353535353
D047	GSM6339601	total_open_peaks	11096.124579124578	11062.3367003367
D047	GSM6339601	state_score	0.48477033577019846	0.4845573825430498
D047	GSM6339601	percent_mito	12.229276071048002	12.206170319462368
D048	GSM6339597	total_rna_umi	32422.076923076922	32520.30769230769
D048	GSM6339597	total_open_peaks	22316.923076923078	22165.153846153848
D048	GSM6339597	state_score	0.639758642718716	0.49616329860154007
D048	GSM6339597	percent_mito	9.121954288705076	9.512907944275836
D048	GSM6339601	total_rna_umi	20893.652173913044	21202.608695652172
D048	GSM6339601	total_open_peaks	14318.652173913044	14158.826086956522
D048	GSM6339601	state_score	0.5764138990063234	0.47407021187227155
D048	GSM6339601	percent_mito	11.977746747223838	13.31547046151471
D049	GSM6339597	total_rna_umi	32138.666666666668	32861.666666666664
D049	GSM6339597	total_open_peaks	24121.5	24212.333333333332
D049	GSM6339597	state_score	0.5426865794675064	0.5331204403316915
D049	GSM6339597	percent_mito	11.066741497582177	11.4179934221762
D049	GSM6339601	total_rna_umi	20786.375	21036.875
D049	GSM6339601	total_open_peaks	16719.25	16874.25
D049	GSM6339601	state_score	0.44305376210631897	0.4421802782206706
D049	GSM6339601	percent_mito	14.110636301444751	12.703255783514702
D050	GSM6339597	total_rna_umi	30935.105263157893	31670.315789473683
D050	GSM6339597	total_open_peaks	18538.842105263157	18498.42105263158
D050	GSM6339597	state_score	0.6070010543292975	0.5189039510669421
D050	GSM6339597	percent_mito	9.346690449820581	10.627163336445236
D050	GSM6339601	total_rna_umi	20225.88888888889	20833.666666666668
D050	GSM6339601	total_open_peaks	12403.666666666666	12282.444444444445
D050	GSM6339601	state_score	0.5619011960050453	0.4934261538377298
D050	GSM6339601	percent_mito	11.834175876436955	12.989645732609594
D051	GSM6339597	total_rna_umi	28945.916666666668	30386.25
D051	GSM6339597	total_open_peaks	20171.583333333332	20329.916666666668
D051	GSM6339597	state_score	0.5101742554544563	0.5075491816677656
D051	GSM6339597	percent_mito	10.702971831263596	11.006800983278644
D051	GSM6339601	total_rna_umi	19717.105263157893	20263.0
D051	GSM6339601	total_open_peaks	14418.473684210527	14397.894736842105
D051	GSM6339601	state_score	0.46922216422819246	0.4689835999284489
D051	GSM6339601	percent_mito	12.67332521650822	12.334209719493616
D052	GSM6339597	total_rna_umi	27458.4	29083.066666666666
D052	GSM6339597	total_open_peaks	16234.8	16218.866666666667
D052	GSM6339597	state_score	0.5651121618146522	0.514173255040235
D052	GSM6339597	percent_mito	9.726105752369147	10.222722710414518
D052	GSM6339601	total_rna_umi	18307.048387096773	20034.40322580645
D052	GSM6339601	total_open_peaks	10931.58064516129	10882.58064516129
D052	GSM6339601	state_score	0.5355053473247505	0.49074968753857157
D052	GSM6339601	percent_mito	12.414690251108492	12.783999012573682
D053	GSM6339597	total_rna_umi	27190.82608695652	29616.304347826088
D053	GSM6339597	total_open_peaks	18501.0	18479.82608695652
D053	GSM6339597	state_score	0.5234668458267521	0.5199816290397463
D053	GSM6339597	percent_mito	10.612976846958649	10.100046758838165
D053	GSM6339601	total_rna_umi	18630.166666666668	20223.928571428572
D053	GSM6339601	total_open_peaks	11751.92857142857	12121.02380952381
D053	GSM6339601	state_score	0.47943742439334885	0.4811109551122333
D053	GSM6339601	percent_mito	12.300457562178448	12.34271252494556
D054	GSM6339597	total_rna_umi	24807.159090909092	27719.659090909092
D054	GSM6339597	total_open_peaks	14930.386363636364	14895.522727272728
D054	GSM6339597	state_score	0.538709330856616	0.5093704309812259
D054	GSM6339597	percent_mito	10.109872057300146	9.86771134829643
D054	GSM6339601	total_rna_umi	17222.89285714286	19879.654761904763
D054	GSM6339601	total_open_peaks	10777.738095238095	10737.142857142857
D054	GSM6339601	state_score	0.5168941857789401	0.4838009605276226
D054	GSM6339601	percent_mito	12.641717297587393	12.97953479497086
D055	GSM6339597	total_rna_umi	25265.0	28559.970588235294
D055	GSM6339597	total_open_peaks	17484.58823529412	17424.323529411766
D055	GSM6339597	state_score	0.5275414075221928	0.525514106474797
D055	GSM6339597	percent_mito	10.213804933912865	10.375134441897877
D055	GSM6339601	total_rna_umi	17366.076923076922	20087.292307692307
D055	GSM6339601	total_open_peaks	11386.461538461539	11590.492307692308
D055	GSM6339601	state_score	0.4963569700919367	0.4932939862656532
D055	GSM6339601	percent_mito	12.86920999829056	12.392304237914292
D056	GSM6339597	total_rna_umi	27067.17142857143	26971.25
D056	GSM6339597	total_open_peaks	18045.22142857143	18035.442857142858
D056	GSM6339597	state_score	0.5505262287364296	0.525543471116989
D056	GSM6339597	percent_mito	10.024682915375667	9.849202381041977
D056	GSM6339601	total_rna_umi	17348.837606837606	17311.863247863246
D056	GSM6339601	total_open_peaks	11892.726495726496	11887.68376068376
D056	GSM6339601	state_score	0.4935812101655067	0.48466189865050396
D056	GSM6339601	percent_mito	12.163908848526797	12.597199621661852
D057	GSM6339597	total_rna_umi	23647.09677419355	23602.8064516129
D057	GSM6339597	total_open_peaks	18879.209677419356	18879.177419354837
D057	GSM6339597	state_score	0.4805782347162463	0.48064214784184794
D057	GSM6339597	percent_mito	10.443545935444279	10.456785158534613
D057	GSM6339601	total_rna_umi	16148.212962962964	16160.722222222223
D057	GSM6339601	total_open_peaks	11570.666666666666	11576.351851851852
D057	GSM6339601	state_score	0.4275265731778346	0.42847114503814115
D057	GSM6339601	percent_mito	12.556458546351607	12.389419634262742
D058	GSM6339597	total_rna_umi	28302.64640883978	28110.591160220996
D058	GSM6339597	total_open_peaks	16728.74585635359	16748.82320441989
D058	GSM6339597	state_score	0.5681262639871101	0.5401778293762681
D058	GSM6339597	percent_mito	10.12318838928975	9.979571479421558
D058	GSM6339601	total_rna_umi	17947.263736263736	17888.93772893773
D058	GSM6339601	total_open_peaks	11356.992673992674	11352.531135531135
D058	GSM6339601	state_score	0.4984283816165437	0.48435180384049625
D058	GSM6339601	percent_mito	12.253704371506014	12.528190469275254
D059	GSM6339597	total_rna_umi	24711.863636363636	24583.272727272728
D059	GSM6339597	total_open_peaks	17744.78181818182	17729.372727272726
D059	GSM6339597	state_score	0.4954221799920233	0.4956038647343231
D059	GSM6339597	percent_mito	10.403473056498346	10.250977235416093
D059	GSM6339601	total_rna_umi	16668.229946524065	16711.005347593582
D059	GSM6339601	total_open_peaks	11602.652406417112	11627.010695187166
D059	GSM6339601	state_score	0.4500275637912733	0.44908101263319855
D059	GSM6339601	percent_mito	12.260668236873268	12.744093384294368
D060	GSM6339597	total_rna_umi	28425.525510204083	28113.40306122449
D060	GSM6339597	total_open_peaks	16162.69387755102	16213.311224489797
D060	GSM6339597	state_score	0.5692243862321394	0.5390696466727861
D060	GSM6339597	percent_mito	10.108475012623718	10.071959161662924
D060	GSM6339601	total_rna_umi	18039.523465703973	17962.98916967509
D060	GSM6339601	total_open_peaks	11226.108303249097	11223.870036101083
D060	GSM6339601	state_score	0.49964794174410276	0.4856745278711373
D060	GSM6339601	percent_mito	12.21901717207661	12.527369001908262
D061	GSM6339597	total_rna_umi	26179.18181818182	25949.14935064935
D061	GSM6339597	total_open_peaks	17049.31818181818	16962.675324675325
D061	GSM6339597	state_score	0.5265507484366958	0.5269487531711906
D061	GSM6339597	percent_mito	10.372587794447822	9.71558615284654
D061	GSM6339601	total_rna_umi	17368.47967479675	17362.256097560974
D061	GSM6339601	total_open_peaks	11393.056910569107	11237.630081300813
D061	GSM6339601	state_score	0.47658419715523	0.4758626374429069
D061	GSM6339601	percent_mito	12.257737681860062	12.838887206075507
D062	GSM6339597	total_rna_umi	28314.187817258884	28012.086294416244
D062	GSM6339597	total_open_peaks	16101.639593908629	16151.005076142132
D062	GSM6339597	state_score	0.5683891484741707	0.5386295948244729
D062	GSM6339597	percent_mito	10.089299346374625	10.067958288245126
D062	GSM6339601	total_rna_umi	18039.523465703973	17962.98916967509
D062	GSM6339601	total_open_peaks	11226.108303249097	11223.870036101083
D062	GSM6339601	state_score	0.49964794174410276	0.4856745278711373
D062	GSM6339601	percent_mito	12.21901717207661	12.527369001908262
D063	GSM6339597	total_rna_umi	26857.95348837209	26424.802325581397
D063	GSM6339597	total_open_peaks	16487.18604651163	16435.3488372093
D063	GSM6339597	state_score	0.5348763065218421	0.5348550556556296
D063	GSM6339597	percent_mito	10.280000231551524	10.07540997013582
D063	GSM6339601	total_rna_umi	17761.509652509652	17688.660231660233
D063	GSM6339601	total_open_peaks	11371.413127413127	11182.486486486487
D063	GSM6339601	state_score	0.4868729285857275	0.486445455164073
D063	GSM6339601	percent_mito	12.288019652601212	12.589805546468611
D064	GSM6339597	total_rna_umi	31736.22857142857	31901.342857142856
D064	GSM6339597	total_open_peaks	20922.685714285715	20867.14285714286
D064	GSM6339597	state_score	0.6051703047550518	0.5568763720401286
D064	GSM6339597	percent_mito	9.633810839005251	9.835560292988106
D064	GSM6339601	total_rna_umi	20120.044444444444	20165.555555555555
D064	GSM6339601	total_open_peaks	12742.133333333333	12632.266666666666
D064	GSM6339601	state_score	0.5498844072178779	0.49055369594507464
D064	GSM6339601	percent_mito	11.298711851078668	13.016000629614814
D065	GSM6339597	total_rna_umi	24794.5	25187.571428571428
D065	GSM6339597	total_open_peaks	19035.571428571428	18915.714285714286
D065	GSM6339597	state_score	0.5060388878064	0.5053943601460653
D065	GSM6339597	percent_mito	11.565364834547816	10.18878367548166
D065	GSM6339601	total_rna_umi	17579.071428571428	17758.928571428572
D065	GSM6339601	total_open_peaks	13301.714285714286	13300.214285714286
D065	GSM6339601	state_score	0.41362397507852566	0.4173898858510943
D065	GSM6339601	percent_mito	13.239459159205525	12.609926293627145
D066	GSM6339597	total_rna_umi	32002.975609756097	32194.414634146342
D066	GSM6339597	total_open_peaks	18371.121951219513	18326.170731707316
D066	GSM6339597	state_score	0.6112964526837966	0.5569737084505358
D066	GSM6339597	percent_mito	9.39222263457908	10.112685052067771
D066	GSM6339601	total_rna_umi	20268.69090909091	20334.109090909093
D066	GSM6339601	total_open_peaks	11547.763636363636	11455.818181818182
D066	GSM6339601	state_score	0.5586348227404188	0.48860555967097824
D066	GSM6339601	percent_mito	11.507080970157665	12.940937165920785
D067	GSM6339597	total_rna_umi	27644.91304347826	28324.17391304348
D067	GSM6339597	total_open_peaks	19513.130434782608	19429.260869565216
D067	GSM6339597	state_score	0.532705129469254	0.5314386503057661
D067	GSM6339597	percent_mito	10.80578701178887	10.369252950794534
D067	GSM6339601	total_rna_umi	18863.25806451613	19300.8064516129
D067	GSM6339601	total_open_peaks	12758.290322580646	12682.225806451614
D067	GSM6339601	state_score	0.4663579647383026	0.46763834013778693
D067	GSM6339601	percent_mito	12.09150627391103	12.899598631630559
D068	GSM6339597	total_rna_umi	32428.191489361703	32438.531914893618
D068	GSM6339597	total_open_peaks	16836.212765957447	16884.659574468085
D068	GSM6339597	state_score	0.6170700470992684	0.5564409699069413
D068	GSM6339597	percent_mito	9.587621313514047	10.358175750658917
D068	GSM6339601	total_rna_umi	20268.69090909091	20334.109090909093
D068	GSM6339601	total_open_peaks	11547.763636363636	11455.818181818182
D068	GSM6339601	state_score	0.5586348227404188	0.48860555967097824
D068	GSM6339601	percent_mito	11.507080970157665	12.940937165920785
D069	GSM6339597	total_rna_umi	30577.61111111111	30451.833333333332
D069	GSM6339597	total_open_peaks	19015.666666666668	18972.25
D069	GSM6339597	state_score	0.5578518847351435	0.557268307036103
D069	GSM6339597	percent_mito	10.171050460701432	10.035283658924957
D069	GSM6339601	total_rna_umi	19240.28888888889	19103.933333333334
D069	GSM6339601	total_open_peaks	11832.444444444445	11719.6
D069	GSM6339601	state_score	0.5049318693772368	0.507348961849688
D069	GSM6339601	percent_mito	11.86394944817199	11.97087784199306
D070	GSM6339597	total_rna_umi	32428.191489361703	32438.531914893618
D070	GSM6339597	total_open_peaks	16836.212765957447	16884.659574468085
D070	GSM6339597	state_score	0.6170700470992684	0.5564409699069413
D070	GSM6339597	percent_mito	9.587621313514047	10.358175750658917
D070	GSM6339601	total_rna_umi	20268.69090909091	20334.109090909093
D070	GSM6339601	total_open_peaks	11547.763636363636	11455.818181818182
D070	GSM6339601	state_score	0.5586348227404188	0.48860555967097824
D070	GSM6339601	percent_mito	11.507080970157665	12.940937165920785
D071	GSM6339597	total_rna_umi	31839.878048780487	31709.560975609755
D071	GSM6339597	total_open_peaks	18012.29268292683	17998.634146341465
D071	GSM6339597	state_score	0.5909628744632152	0.5904791063178955
D071	GSM6339597	percent_mito	10.026381068030764	9.845825004448466
D071	GSM6339601	total_rna_umi	20030.98	19616.82
D071	GSM6339601	total_open_peaks	11441.1	11272.02
D071	GSM6339601	state_score	0.5257284962813007	0.526570994746359
D071	GSM6339601	percent_mito	11.705978646715012	12.132148148571753
D072	GSM6339597	total_rna_umi	42918.0	43124.833333333336
D072	GSM6339597	total_open_peaks	22650.166666666668	22896.666666666668
D072	GSM6339597	state_score	0.7908568096933606	0.6180479580361096
D072	GSM6339597	percent_mito	11.735488422210613	9.21267908072018
D072	GSM6339601	total_rna_umi	18327.714285714286	18379.85714285714
D072	GSM6339601	total_open_peaks	15253.0	15229.57142857143
D072	GSM6339601	state_score	0.5213410939171014	0.4600861607550603
D072	GSM6339601	percent_mito	10.534836116715047	13.617065647092122
D073	GSM6339597	total_rna_umi	35702.5	37249.0
D073	GSM6339597	total_open_peaks	19124.5	18601.0
D073	GSM6339597	state_score	0.6950637393235493	0.6855757239644598
D073	GSM6339597	percent_mito	13.040765800106733	10.096177793965925
D073	GSM6339601	total_rna_umi	20253.0	20561.0
D073	GSM6339601	total_open_peaks	23537.0	24124.0
D073	GSM6339601	state_score	0.5023532495844661	0.5021941387218387
D073	GSM6339601	percent_mito	17.444329235175037	11.439132337921306
D074	GSM6339597	total_rna_umi	37892.77777777778	38264.444444444445
D074	GSM6339597	total_open_peaks	15657.777777777777	15813.444444444445
D074	GSM6339597	state_score	0.7899189523339503	0.5657228104699245
D074	GSM6339597	percent_mito	9.749229714034726	10.410717251578237
D074	GSM6339601	total_rna_umi	19570.75	19931.375
D074	GSM6339601	total_open_peaks	14549.0	14512.75
D074	GSM6339601	state_score	0.5550316821242569	0.46178430113888835
D074	GSM6339601	percent_mito	10.506358795108124	13.369855797921637
D075	GSM6339597	total_rna_umi	35969.4	36346.0
D075	GSM6339597	total_open_peaks	19521.4	19150.2
D075	GSM6339597	state_score	0.6584680560031048	0.6478400036772598
D075	GSM6339597	percent_mito	12.021462422010766	10.45142571878151
D075	GSM6339601	total_rna_umi	17068.0	17004.8
D075	GSM6339601	total_open_peaks	15185.8	15275.0
D075	GSM6339601	state_score	0.4553560616489126	0.4585064681528196
D075	GSM6339601	percent_mito	10.315564262787294	12.364850915997646
D076	GSM6339597	total_rna_umi	34166.545454545456	34257.90909090909
D076	GSM6339597	total_open_peaks	13855.09090909091	13978.818181818182
D076	GSM6339597	state_score	0.7436021097311051	0.538900484189228
D076	GSM6339597	percent_mito	9.994703912341144	10.60874463725104
D076	GSM6339601	total_rna_umi	19570.75	19931.375
D076	GSM6339601	total_open_peaks	14549.0	14512.75
D076	GSM6339601	state_score	0.5550316821242569	0.46178430113888835
D076	GSM6339601	percent_mito	10.506358795108124	13.369855797921637
D077	GSM6339597	total_rna_umi	34568.625	34237.75
D077	GSM6339597	total_open_peaks	18516.75	17930.375
D077	GSM6339597	state_score	0.6978302701320354	0.6936103294951748
D077	GSM6339597	percent_mito	12.329442103525526	9.568669885883322
D077	GSM6339601	total_rna_umi	19570.75	18905.875
D077	GSM6339601	total_open_peaks	14549.0	14365.375
D077	GSM6339601	state_score	0.555031682124257	0.5606987559587997
D077	GSM6339601	percent_mito	10.506358795108122	9.340379825620603
D078	GSM6339597	total_rna_umi	34166.545454545456	34257.90909090909
D078	GSM6339597	total_open_peaks	13855.09090909091	13978.818181818182
D078	GSM6339597	state_score	0.7436021097311051	0.538900484189228
D078	GSM6339597	percent_mito	9.994703912341144	10.60874463725104
D078	GSM6339601	total_rna_umi	19570.75	19931.375
D078	GSM6339601	total_open_peaks	14549.0	14512.75
D078	GSM6339601	state_score	0.5550316821242569	0.46178430113888835
D078	GSM6339601	percent_mito	10.506358795108124	13.369855797921637
D079	GSM6339597	total_rna_umi	34568.625	33996.375
D079	GSM6339597	total_open_peaks	18516.75	17078.5
D079	GSM6339597	state_score	0.6978302701320354	0.6952965063549994
D079	GSM6339597	percent_mito	12.329442103525526	10.059208985505776
D079	GSM6339601	total_rna_umi	19570.75	18905.875
D079	GSM6339601	total_open_peaks	14549.0	14365.375
D079	GSM6339601	state_score	0.555031682124257	0.5606987559587997
D079	GSM6339601	percent_mito	10.506358795108122	9.340379825620603
D080	GSM6339597	total_rna_umi	21705.431085043987	21698.945259042033
D080	GSM6339597	total_open_peaks	14773.012707722386	14771.789833822091
D080	GSM6339597	state_score	0.5021952068700255	0.4855628691534682
D080	GSM6339597	percent_mito	10.150648629502967	10.329448476912681
D080	GSM6339601	total_rna_umi	15956.755855216466	15956.362668559263
D080	GSM6339601	total_open_peaks	10943.958836053938	10946.193044712561
D080	GSM6339601	state_score	0.4713730658592757	0.4505153009580825
D080	GSM6339601	percent_mito	12.465331745187395	12.266372859659725
D081	GSM6339597	total_rna_umi	19943.31241473397	19953.30559345157
D081	GSM6339597	total_open_peaks	15182.466575716235	15187.218281036836
D081	GSM6339597	state_score	0.46182548831658415	0.4615953978630208
D081	GSM6339597	percent_mito	10.449076815167343	10.260723027293077
D081	GSM6339601	total_rna_umi	15063.726829268293	15061.922926829267
D081	GSM6339601	total_open_peaks	11454.642926829269	11457.980487804878
D081	GSM6339601	state_score	0.43312957419941456	0.43299942626705695
D081	GSM6339601	percent_mito	12.360885924321915	12.307011177948201
D082	GSM6339597	total_rna_umi	22124.80054894785	22085.884720951508
D082	GSM6339597	total_open_peaks	14346.504117108874	14350.925892040255
D082	GSM6339597	state_score	0.5063519524843934	0.4870714165176284
D082	GSM6339597	percent_mito	10.126528536730891	10.309158081324968
D082	GSM6339601	total_rna_umi	16006.655006858711	15992.764060356652
D082	GSM6339601	total_open_peaks	10729.923868312757	10732.755829903977
D082	GSM6339601	state_score	0.47238663151310595	0.45017133471311915
D082	GSM6339601	percent_mito	12.461567698876289	12.248218853634171
D083	GSM6339597	total_rna_umi	20873.29126213592	20861.471413160732
D083	GSM6339597	total_open_peaks	14974.881337648329	14947.133764832794
D083	GSM6339597	state_score	0.47598525661669494	0.4756233715207307
D083	GSM6339597	percent_mito	10.328326937187125	10.283328136957236
D083	GSM6339601	total_rna_umi	15468.873456790123	15448.50848765432
D083	GSM6339601	total_open_peaks	11043.185185185184	11045.864197530864
D083	GSM6339601	state_score	0.4511718978868801	0.45078301791805975
D083	GSM6339601	percent_mito	12.410501327402443	12.244350711651393
D084	GSM6339597	total_rna_umi	22482.555058191585	22378.99194270367
D084	GSM6339597	total_open_peaks	14119.41897940913	14126.752014324082
D084	GSM6339597	state_score	0.5085778547317948	0.4876181997781516
D084	GSM6339597	percent_mito	10.15023148193066	10.303393902648368
D084	GSM6339601	total_rna_umi	16013.131326949384	15997.490424076608
D084	GSM6339601	total_open_peaks	10706.812585499316	10710.432968536252
D084	GSM6339601	state_score	0.47240427210793934	0.45010754258415714
D084	GSM6339601	percent_mito	12.456397183952207	12.2454438067591
D085	GSM6339597	total_rna_umi	21453.53173076923	21293.950961538463
D085	GSM6339597	total_open_peaks	14321.382692307692	14287.148076923077
D085	GSM6339597	state_score	0.48818272915618893	0.4877665555774164
D085	GSM6339597	percent_mito	10.214724558981256	10.430748454843856
D085	GSM6339601	total_rna_umi	15796.921930447126	15724.040454222853
D085	GSM6339601	total_open_peaks	10817.52590489709	10800.704045422286
D085	GSM6339601	state_score	0.46369973762152367	0.46347407048393297
D085	GSM6339601	percent_mito	12.467368725358329	12.234212764167975
D086	GSM6339597	total_rna_umi	22558.3	22430.376785714285
D086	GSM6339597	total_open_peaks	14085.766071428572	14093.555357142857
D086	GSM6339597	state_score	0.5086613017938538	0.48781314910849277
D086	GSM6339597	percent_mito	10.157216198430996	10.298711476156768
D086	GSM6339601	total_rna_umi	16013.131326949384	15997.490424076608
D086	GSM6339601	total_open_peaks	10706.812585499316	10710.432968536252
D086	GSM6339601	state_score	0.47240427210793934	0.45010754258415714
D086	GSM6339601	percent_mito	12.456397183952207	12.2454438067591
D087	GSM6339597	total_rna_umi	21648.700378071833	21347.91965973535
D087	GSM6339597	total_open_peaks	14260.66257088847	14230.916824196598
D087	GSM6339597	state_score	0.4907752500277319	0.49078950030572555
D087	GSM6339597	percent_mito	10.181534248396503	10.429048253100513
D087	GSM6339601	total_rna_umi	15909.46875	15781.097222222223
D087	GSM6339601	total_open_peaks	10731.865972222222	10709.017361111111
D087	GSM6339601	state_score	0.4675840552721575	0.46761799678439936
D087	GSM6339601	percent_mito	12.457471501256249	12.148348954597415
D088	GSM6339597	total_rna_umi	27062.36931818182	26967.36931818182
D088	GSM6339597	total_open_peaks	17173.420454545456	17142.68181818182
D088	GSM6339597	state_score	0.5531036466588752	0.5014500661455835
D088	GSM6339597	percent_mito	10.050074751495908	10.546030784212894
D088	GSM6339601	total_rna_umi	17670.669144981413	17667.39033457249
D088	GSM6339601	total_open_peaks	11452.263940520446	11453.35687732342
D088	GSM6339601	state_score	0.49658643306235145	0.4694766086745841
D088	GSM6339601	percent_mito	12.274439924359303	12.254987808819166
D089	GSM6339597	total_rna_umi	23902.129310344826	23881.887931034482
D089	GSM6339597	total_open_peaks	17234.189655172413	17286.758620689656
D089	GSM6339597	state_score	0.48497831731555024	0.4838005283360544
D089	GSM6339597	percent_mito	10.661704188615866	10.08974328062733
D089	GSM6339601	total_rna_umi	16515.589189189188	16496.443243243244
D089	GSM6339601	total_open_peaks	11616.827027027028	11596.416216216216
D089	GSM6339601	state_score	0.4441737734186244	0.4441227468720777
D089	GSM6339601	percent_mito	12.218158464099282	12.274559325916325
D090	GSM6339597	total_rna_umi	27822.047120418847	27671.07329842932
D090	GSM6339597	total_open_peaks	16465.15706806283	16456.905759162302
D090	GSM6339597	state_score	0.5629413784847084	0.5045957647340029
D090	GSM6339597	percent_mito	10.068880118637056	10.511547687027612
D090	GSM6339601	total_rna_umi	17878.92391304348	17877.869565217392
D090	GSM6339601	total_open_peaks	11263.789855072464	11269.050724637682
D090	GSM6339601	state_score	0.49881402590184426	0.46934954318953054
D090	GSM6339601	percent_mito	12.224214534998094	12.234174960842266
D091	GSM6339597	total_rna_umi	25495.46405228758	25497.993464052288
D091	GSM6339597	total_open_peaks	16940.503267973858	16963.555555555555
D091	GSM6339597	state_score	0.5066570398515395	0.5059362944504028
D091	GSM6339597	percent_mito	10.360094634374724	10.10189012846239
D091	GSM6339601	total_rna_umi	16996.15702479339	16971.37603305785
D091	GSM6339601	total_open_peaks	11459.11570247934	11456.13223140496
D091	GSM6339601	state_score	0.46713280757006775	0.4666985263339356
D091	GSM6339601	percent_mito	12.2299912436104	12.216974835848157
D092	GSM6339597	total_rna_umi	28180.275510204083	27957.38775510204
D092	GSM6339597	total_open_peaks	16178.107142857143	16180.862244897959
D092	GSM6339597	state_score	0.5687994792715916	0.5044210283910273
D092	GSM6339597	percent_mito	10.085136458631077	10.503025336996886
D092	GSM6339601	total_rna_umi	17981.39928057554	17978.201438848922
D092	GSM6339601	total_open_peaks	11193.007194244605	11199.410071942446
D092	GSM6339601	state_score	0.4992012055046969	0.4701296185078075
D092	GSM6339601	percent_mito	12.206043873584923	12.245215938623703
D093	GSM6339597	total_rna_umi	26113.579881656806	25777.662721893492
D093	GSM6339597	total_open_peaks	16468.094674556214	16522.455621301775
D093	GSM6339597	state_score	0.5212819959615934	0.5206461572223254
D093	GSM6339597	percent_mito	10.166417295943727	10.389302189114753
D093	GSM6339601	total_rna_umi	17707.304832713755	17583.21189591078
D093	GSM6339601	total_open_peaks	11117.312267657993	11159.130111524164
D093	GSM6339601	state_score	0.4882169312063961	0.4874157760626344
D093	GSM6339601	percent_mito	12.284434472738226	12.033979500568893
D094	GSM6339597	total_rna_umi	28314.187817258884	28041.629441624365
D094	GSM6339597	total_open_peaks	16101.639593908629	16104.203045685279
D094	GSM6339597	state_score	0.5683891484741708	0.5042228546435866
D094	GSM6339597	percent_mito	10.089299346374625	10.512317721685443
D094	GSM6339601	total_rna_umi	17981.39928057554	17978.201438848922
D094	GSM6339601	total_open_peaks	11193.007194244605	11199.410071942446
D094	GSM6339601	state_score	0.4992012055046969	0.4701296185078075
D094	GSM6339601	percent_mito	12.206043873584923	12.245215938623703
D095	GSM6339597	total_rna_umi	26853.830508474577	26105.186440677968
D095	GSM6339597	total_open_peaks	16491.74011299435	16554.474576271186
D095	GSM6339597	state_score	0.5308949235627556	0.5300312118449197
D095	GSM6339597	percent_mito	10.166308211362441	10.323133800391366
D095	GSM6339601	total_rna_umi	17826.22426470588	17600.823529411766
D095	GSM6339601	total_open_peaks	11207.411764705883	11226.16911764706
D095	GSM6339601	state_score	0.4919947739025928	0.4913262410526373
D095	GSM6339601	percent_mito	12.259723091450931	12.044647211011783
D096	GSM6339597	total_rna_umi	27177.433333333334	27087.13888888889
D096	GSM6339597	total_open_peaks	17109.777777777777	17089.68888888889
D096	GSM6339597	state_score	0.5540075322173833	0.5076131746521984
D096	GSM6339597	percent_mito	10.111065007426543	10.566701911434189
D096	GSM6339601	total_rna_umi	17831.639705882353	17819.238970588234
D096	GSM6339601	total_open_peaks	11393.702205882353	11392.621323529413
D096	GSM6339601	state_score	0.4977127421992319	0.47814030413228975
D096	GSM6339601	percent_mito	12.244564769938147	12.21236696313766
D097	GSM6339597	total_rna_umi	24301.22950819672	24308.139344262294
D097	GSM6339597	total_open_peaks	17418.90163934426	17471.67213114754
D097	GSM6339597	state_score	0.4939034602088508	0.493782256943703
D097	GSM6339597	percent_mito	10.653533873611316	10.096579567462683
D097	GSM6339601	total_rna_umi	16880.633663366338	16869.925742574258
D097	GSM6339601	total_open_peaks	11576.272277227723	11564.133663366336
D097	GSM6339601	state_score	0.45341808466731653	0.4531221812916766
D097	GSM6339601	percent_mito	12.331149177337895	12.269303510341562
D098	GSM6339597	total_rna_umi	28023.309278350516	27836.798969072166
D098	GSM6339597	total_open_peaks	16242.530927835052	16227.814432989691
D098	GSM6339597	state_score	0.5641025512827609	0.5134088006951176
D098	GSM6339597	percent_mito	10.06798327553048	10.562115647063074
D098	GSM6339601	total_rna_umi	17933.41155234657	17924.71119133574
D098	GSM6339601	total_open_peaks	11230.801444043322	11231.032490974729
D098	GSM6339601	state_score	0.49858758000751247	0.47749407877580746
D098	GSM6339601	percent_mito	12.212142504332105	12.18827235235316
D099	GSM6339597	total_rna_umi	25977.54375	26013.13125
D099	GSM6339597	total_open_peaks	16979.175	16959.9
D099	GSM6339597	state_score	0.5190515903240036	0.5187143607001415
D099	GSM6339597	percent_mito	10.234271613195757	9.876186591950336
D099	GSM6339601	total_rna_umi	17118.445344129555	17120.647773279354
D099	GSM6339601	total_open_peaks	11402.939271255062	11387.838056680162
D099	GSM6339601	state_score	0.4715576968876271	0.47074708425269096
D099	GSM6339601	percent_mito	12.256357289063912	12.39446791244272
D100	GSM6339597	total_rna_umi	28314.187817258884	28085.13197969543
D100	GSM6339597	total_open_peaks	16101.639593908629	16092.619289340102
D100	GSM6339597	state_score	0.5683891484741709	0.5137378831073675
D100	GSM6339597	percent_mito	10.089299346374625	10.557239293522638
D100	GSM6339601	total_rna_umi	17981.39928057554	17968.43525179856
D100	GSM6339601	total_open_peaks	11193.007194244605	11193.58273381295
D100	GSM6339601	state_score	0.4992012055046969	0.4774036634709026
D100	GSM6339601	percent_mito	12.206043873584923	12.189070794832832
D101	GSM6339597	total_rna_umi	27119.290502793297	26896.083798882682
D101	GSM6339597	total_open_peaks	16773.91061452514	16747.882681564246
D101	GSM6339597	state_score	0.5429674603224466	0.542802279178749
D101	GSM6339597	percent_mito	10.158625356822208	10.104682199347565
D101	GSM6339601	total_rna_umi	17707.304832713755	17594.68401486989
D101	GSM6339601	total_open_peaks	11117.312267657993	11164.788104089219
D101	GSM6339601	state_score	0.4882169312063961	0.4878471756811914
D101	GSM6339601	percent_mito	12.284434472738226	12.2394476151259
D102	GSM6339597	total_rna_umi	28314.187817258884	28085.13197969543
D102	GSM6339597	total_open_peaks	16101.639593908629	16092.619289340102
D102	GSM6339597	state_score	0.5683891484741709	0.5137378831073675
D102	GSM6339597	percent_mito	10.089299346374625	10.557239293522638
D102	GSM6339601	total_rna_umi	17981.39928057554	17968.43525179856
D102	GSM6339601	total_open_peaks	11193.007194244605	11193.58273381295
D102	GSM6339601	state_score	0.4992012055046969	0.4774036634709026
D102	GSM6339601	percent_mito	12.206043873584923	12.189070794832832
D103	GSM6339597	total_rna_umi	27697.07027027027	27128.535135135135
D103	GSM6339597	total_open_peaks	16644.421621621623	16602.297297297297
D103	GSM6339597	state_score	0.5476735444195858	0.5466807824231151
D103	GSM6339597	percent_mito	10.240410707948921	10.0937232061611
D103	GSM6339601	total_rna_umi	17886.0989010989	17683.652014652016
D103	GSM6339601	total_open_peaks	11236.362637362638	11232.992673992674
D103	GSM6339601	state_score	0.49303252708464723	0.4927013109961929
D103	GSM6339601	percent_mito	12.248088428635384	12.213076505739656
D104	GSM6339597	total_rna_umi	34164.13333333333	34309.53333333333
D104	GSM6339597	total_open_peaks	21543.333333333332	21486.133333333335
D104	GSM6339597	state_score	0.6762628325575094	0.5418081053711182
D104	GSM6339597	percent_mito	9.70916897165989	9.290423767718902
D104	GSM6339601	total_rna_umi	20877.904761904763	21127.380952380954
D104	GSM6339601	total_open_peaks	14230.57142857143	14088.047619047618
D104	GSM6339601	state_score	0.5625187249350195	0.49501118945914835
D104	GSM6339601	percent_mito	11.822704001821561	13.722708332251866
D105	GSM6339597	total_rna_umi	34033.857142857145	34974.857142857145
D105	GSM6339597	total_open_peaks	24007.428571428572	23991.85714285714
D105	GSM6339597	state_score	0.5926493516202964	0.5845771556200736
D105	GSM6339597	percent_mito	11.793579644111919	11.242582997806533
D105	GSM6339601	total_rna_umi	19528.375	19784.0
D105	GSM6339601	total_open_peaks	16517.0	16605.0
D105	GSM6339601	state_score	0.435050157908737	0.43462896458835015
D105	GSM6339601	percent_mito	13.90746496895045	12.07991196417683
D106	GSM6339597	total_rna_umi	33762.055555555555	34333.11111111111
D106	GSM6339597	total_open_peaks	19165.777777777777	19023.0
D106	GSM6339597	state_score	0.6646484178237627	0.5792811826361431
D106	GSM6339597	percent_mito	9.504075293306988	9.846253827391084
D106	GSM6339601	total_rna_umi	20098.885714285716	20741.77142857143
D106	GSM6339601	total_open_peaks	12987.714285714286	12809.171428571428
D106	GSM6339601	state_score	0.561868019742126	0.4931427659423493
D106	GSM6339601	percent_mito	12.155139218167617	13.502999300598082
D107	GSM6339597	total_rna_umi	32811.63636363636	33947.09090909091
D107	GSM6339597	total_open_peaks	22647.636363636364	22852.454545454544
D107	GSM6339597	state_score	0.5598511041272003	0.5522415764146941
D107	GSM6339597	percent_mito	10.883332417133092	10.763370563682193
D107	GSM6339601	total_rna_umi	19422.352941176472	19964.764705882353
D107	GSM6339601	total_open_peaks	14820.176470588236	14794.0
D107	GSM6339601	state_score	0.4641667737315383	0.46339681589623544
D107	GSM6339601	percent_mito	13.11453467125589	12.491483408264136
D108	GSM6339597	total_rna_umi	28818.515151515152	30914.333333333332
D108	GSM6339597	total_open_peaks	17715.484848484848	17609.878787878788
D108	GSM6339597	state_score	0.5926257048037483	0.5585542207757574
D108	GSM6339597	percent_mito	10.040444886018856	10.750689352802773
D108	GSM6339601	total_rna_umi	18628.581818181818	20136.0
D108	GSM6339601	total_open_peaks	11325.836363636363	11236.290909090909
D108	GSM6339601	state_score	0.5376575887216342	0.4830694846900524
D108	GSM6339601	percent_mito	12.556545673570588	13.244082892055022
D109	GSM6339597	total_rna_umi	29774.5	31978.636363636364
D109	GSM6339597	total_open_peaks	20691.5	20359.090909090908
D109	GSM6339597	state_score	0.5652845258142651	0.5589681467741469
D109	GSM6339597	percent_mito	11.278654216644945	10.47210406998267
D109	GSM6339601	total_rna_umi	18851.736842105263	20253.42105263158
D109	GSM6339601	total_open_peaks	12319.0	12441.5
D109	GSM6339601	state_score	0.48611431280530076	0.48786873308372014
D109	GSM6339601	percent_mito	12.605478193943606	12.461700538693048
D110	GSM6339597	total_rna_umi	26743.488372093023	29829.767441860466
D110	GSM6339597	total_open_peaks	16049.279069767443	15907.767441860466
D110	GSM6339597	state_score	0.5676510490214443	0.5578596002092546
D110	GSM6339597	percent_mito	10.49582693942641	10.748673680344302
D110	GSM6339601	total_rna_umi	17401.30769230769	20054.5641025641
D110	GSM6339601	total_open_peaks	10902.73076923077	10886.76923076923
D110	GSM6339601	state_score	0.5171308186578978	0.482899989726051
D110	GSM6339601	percent_mito	12.745678924601144	13.033099470078621
D111	GSM6339597	total_rna_umi	27052.333333333332	30784.88888888889
D111	GSM6339597	total_open_peaks	17708.305555555555	18076.13888888889
D111	GSM6339597	state_score	0.5607333629162542	0.5602816755875422
D111	GSM6339597	percent_mito	10.61657095905499	10.385276783542185
D111	GSM6339601	total_rna_umi	17749.033333333333	20418.4
D111	GSM6339601	total_open_peaks	11772.566666666668	11759.8
D111	GSM6339601	state_score	0.4940371162136375	0.49247419504955375
D111	GSM6339601	percent_mito	12.93073721323379	12.777886416360014
D112	GSM6339597	total_rna_umi	23197.4	23514.0
D112	GSM6339597	total_open_peaks	21441.9	21338.6
D112	GSM6339597	state_score	0.4511297174156077	0.4854965784703123
D112	GSM6339597	percent_mito	12.762086067362477	10.045000195220233
D112	GSM6339601	total_rna_umi	17024.59375	16943.375
D112	GSM6339601	total_open_peaks	12728.71875	12786.625
D112	GSM6339601	state_score	0.4246930685456328	0.45245909565626347
D112	GSM6339601	percent_mito	12.411564890748508	12.140373985460363
D113	GSM6339597	total_rna_umi	19283.666666666668	19748.333333333332
D113	GSM6339597	total_open_peaks	22035.333333333332	21813.666666666668
D113	GSM6339597	state_score	0.4510764838294179	0.4509366545469873
D113	GSM6339597	percent_mito	11.011262936699234	10.35082267224159
D113	GSM6339601	total_rna_umi	17032.18181818182	16898.18181818182
D113	GSM6339601	total_open_peaks	12324.272727272728	12275.181818181818
D113	GSM6339601	state_score	0.4030241204612881	0.3981944844966039
D113	GSM6339601	percent_mito	12.589260475245931	11.083126998303566
D114	GSM6339597	total_rna_umi	22596.70588235294	22328.941176470587
D114	GSM6339597	total_open_peaks	19993.470588235294	20296.0
D114	GSM6339597	state_score	0.47244232136938935	0.47413479690980437
D114	GSM6339597	percent_mito	11.372228649456755	10.298488011969123
D114	GSM6339601	total_rna_umi	17513.160714285714	17465.35714285714
D114	GSM6339601	total_open_peaks	11109.357142857143	11158.107142857143
D114	GSM6339601	state_score	0.4260776707595696	0.4507702381459585
D114	GSM6339601	percent_mito	11.821024352060123	12.157547530632481
D115	GSM6339597	total_rna_umi	19995.2	20409.4
D115	GSM6339597	total_open_peaks	20339.6	20241.6
D115	GSM6339597	state_score	0.4539333954762207	0.4549722436950061
D115	GSM6339597	percent_mito	11.716496821127617	11.601416755580416
D115	GSM6339601	total_rna_umi	17239.5	17094.821428571428
D115	GSM6339601	total_open_peaks	11743.32142857143	11860.17857142857
D115	GSM6339601	state_score	0.40146857519379286	0.4017647119785351
D115	GSM6339601	percent_mito	11.883396458007311	10.95459303054856
D116	GSM6339597	total_rna_umi	26386.956521739132	26058.956521739132
D116	GSM6339597	total_open_peaks	21275.565217391304	22104.695652173912
D116	GSM6339597	state_score	0.47068875673988264	0.4706229369869053
D116	GSM6339597	percent_mito	11.234928202780125	9.965577670805832
D116	GSM6339601	total_rna_umi	17423.830769230768	17277.23076923077
D116	GSM6339601	total_open_peaks	10902.876923076923	10916.553846153845
D116	GSM6339601	state_score	0.42608878330888456	0.44706676970286746
D116	GSM6339601	percent_mito	11.864992746044242	12.216865734389412
D117	GSM6339597	total_rna_umi	24601.909090909092	24557.636363636364
D117	GSM6339597	total_open_peaks	20286.18181818182	20766.909090909092
D117	GSM6339597	state_score	0.4612362239771772	0.46085007245650705
D117	GSM6339597	percent_mito	11.60971411129927	10.994507193276421
D117	GSM6339601	total_rna_umi	16638.229166666668	16459.666666666668
D117	GSM6339601	total_open_peaks	10524.4375	10646.3125
D117	GSM6339601	state_score	0.3946294941305371	0.3942707926037292
D117	GSM6339601	percent_mito	11.708633587732805	12.17259611246312
D118	GSM6339597	total_rna_umi	27162.56	26790.12
D118	GSM6339597	total_open_peaks	21221.36	22498.28
D118	GSM6339597	state_score	0.4737721353915946	0.4731087003112526
D118	GSM6339597	percent_mito	11.24116619390781	9.705130341447969
D118	GSM6339601	total_rna_umi	17423.830769230768	17277.23076923077
D118	GSM6339601	total_open_peaks	10902.876923076923	10916.553846153845
D118	GSM6339601	state_score	0.42608878330888456	0.44706676970286746
D118	GSM6339601	percent_mito	11.864992746044242	12.216865734389412
D119	GSM6339597	total_rna_umi	23284.14285714286	23648.428571428572
D119	GSM6339597	total_open_peaks	19187.5	20036.14285714286
D119	GSM6339597	state_score	0.4711900903429653	0.46994801184606966
D119	GSM6339597	percent_mito	11.100270021383281	10.429853670467361
D119	GSM6339601	total_rna_umi	17081.035087719298	17298.140350877195
D119	GSM6339601	total_open_peaks	11342.842105263158	11350.245614035088
D119	GSM6339601	state_score	0.4054588524579336	0.4038030101916169
D119	GSM6339601	percent_mito	11.740356416491474	12.339126039497733
D120	GSM6339597	total_rna_umi	26936.25	27198.5
D120	GSM6339597	total_open_peaks	22664.75	22110.5
D120	GSM6339597	state_score	0.470170973863026	0.5313868860927227
D120	GSM6339597	percent_mito	13.790770732898014	8.50592786187255
D120	GSM6339601	total_rna_umi	15305.0	15396.333333333334
D120	GSM6339601	total_open_peaks	12719.166666666666	12610.333333333334
D120	GSM6339601	state_score	0.38732681049197976	0.3944971668430559
D120	GSM6339601	percent_mito	12.42261418046236	12.429767891347623
D121	GSM6339601	total_rna_umi	15468.666666666666	15420.0
D121	GSM6339601	total_open_peaks	13641.666666666666	13604.666666666666
D121	GSM6339601	state_score	0.3743526729449968	0.37281064245378204
D121	GSM6339601	percent_mito	13.24784957738233	11.18873609395874
D122	GSM6339597	total_rna_umi	26754.5	27198.5
D122	GSM6339597	total_open_peaks	22178.0	22110.5
D122	GSM6339597	state_score	0.500444694961292	0.5313868860927227
D122	GSM6339597	percent_mito	12.077073110821887	8.50592786187255
D122	GSM6339601	total_rna_umi	15334.666666666666	15586.111111111111
D122	GSM6339601	total_open_peaks	11578.111111111111	11564.666666666666
D122	GSM6339601	state_score	0.38331178430692253	0.40056221545053167
D122	GSM6339601	percent_mito	11.951840843343009	12.436174407385343
D123	GSM6339597	total_rna_umi	19516.0	18642.0
D123	GSM6339597	total_open_peaks	19801.0	18576.0
D123	GSM6339597	state_score	0.4487031652787236	0.4421610376529858
D123	GSM6339597	percent_mito	12.230989956958393	15.100311125415727
D123	GSM6339601	total_rna_umi	16949.0	16609.75
D123	GSM6339601	total_open_peaks	15207.25	15946.0
D123	GSM6339601	state_score	0.3938808142096494	0.4026760929652645
D123	GSM6339601	percent_mito	12.38095497172305	11.42340712487851
D124	GSM6339597	total_rna_umi	35060.375	33029.25
D124	GSM6339597	total_open_peaks	23408.125	24816.875
D124	GSM6339597	state_score	0.4918133904984144	0.48939023999807
D124	GSM6339597	percent_mito	11.689587533565478	9.174894253930535
D124	GSM6339601	total_rna_umi	15410.5	15511.916666666666
D124	GSM6339601	total_open_peaks	9235.75	9258.25
D124	GSM6339601	state_score	0.38583558589675104	0.4112158178787173
D124	GSM6339601	percent_mito	12.391782489463155	12.60316849894802
D125	GSM6339597	total_rna_umi	30708.333333333332	27317.0
D125	GSM6339597	total_open_peaks	21758.333333333332	21237.0
D125	GSM6339597	state_score	0.43647018134274135	0.4361682926218556
D125	GSM6339597	percent_mito	12.59744334876462	12.588746449049339
D125	GSM6339601	total_rna_umi	14925.181818181818	14798.454545454546
D125	GSM6339601	total_open_peaks	9990.0	10214.272727272728
D125	GSM6339601	state_score	0.382170191363223	0.3843249397890677
D125	GSM6339601	percent_mito	12.16139721294981	13.472457590992347
D126	GSM6339597	total_rna_umi	35060.375	33029.25
D126	GSM6339597	total_open_peaks	23408.125	24816.875
D126	GSM6339597	state_score	0.4918133904984144	0.48939023999807
D126	GSM6339597	percent_mito	11.689587533565478	9.174894253930535
D126	GSM6339601	total_rna_umi	15410.5	15511.916666666666
D126	GSM6339601	total_open_peaks	9235.75	9258.25
D126	GSM6339601	state_score	0.38583558589675104	0.4112158178787173
D126	GSM6339601	percent_mito	12.391782489463155	12.60316849894802
D127	GSM6339597	total_rna_umi	30708.333333333332	27317.0
D127	GSM6339597	total_open_peaks	21758.333333333332	21237.0
D127	GSM6339597	state_score	0.43647018134274135	0.4361682926218556
D127	GSM6339597	percent_mito	12.59744334876462	12.588746449049339
D127	GSM6339601	total_rna_umi	15410.5	15469.0
D127	GSM6339601	total_open_peaks	9235.75	9633.666666666666
D127	GSM6339601	state_score	0.38583558589675104	0.38770774042491185
D127	GSM6339601	percent_mito	12.391782489463154	13.059201190268368
D128	GSM6339601	total_rna_umi	10642.0	10547.0
D128	GSM6339601	total_open_peaks	9884.0	10037.0
D128	GSM6339601	state_score	0.3099325080730082	0.3725292080370306
D128	GSM6339601	percent_mito	9.875963164818645	14.155684080781263
D130	GSM6339601	total_rna_umi	13194.5	13575.5
D130	GSM6339601	total_open_peaks	12447.5	12866.5
D130	GSM6339601	state_score	0.355157554828886	0.40323232669054876
D130	GSM6339601	percent_mito	11.145513175728684	14.87114485898856
D132	GSM6339601	total_rna_umi	13194.5	13575.5
D132	GSM6339601	total_open_peaks	12447.5	12866.5
D132	GSM6339601	state_score	0.355157554828886	0.40323232669054876
D132	GSM6339601	percent_mito	11.145513175728684	14.87114485898856
D133	GSM6339601	total_rna_umi	13194.5	14104.0
D133	GSM6339601	total_open_peaks	12447.5	13700.0
D133	GSM6339601	state_score	0.355157554828886	0.36177775251306726
D133	GSM6339601	percent_mito	11.145513175728684	14.032106974642419
D134	GSM6339601	total_rna_umi	13194.5	13575.5
D134	GSM6339601	total_open_peaks	12447.5	12866.5
D134	GSM6339601	state_score	0.355157554828886	0.40323232669054876
D134	GSM6339601	percent_mito	11.145513175728684	14.87114485898856
D135	GSM6339601	total_rna_umi	13194.5	14104.0
D135	GSM6339601	total_open_peaks	12447.5	13700.0
D135	GSM6339601	state_score	0.355157554828886	0.36177775251306726
D135	GSM6339601	percent_mito	11.145513175728684	14.032106974642419
D136	GSM6339597	total_rna_umi	24871.42372881356	24975.915254237287
D136	GSM6339597	total_open_peaks	18545.118644067796	18469.474576271186
D136	GSM6339597	state_score	0.4774544965276205	0.464123776664678
D136	GSM6339597	percent_mito	10.094057455880563	10.523456858561048
D136	GSM6339601	total_rna_umi	15246.0703125	15286.7421875
D136	GSM6339601	total_open_peaks	10633.9375	10642.22265625
D136	GSM6339601	state_score	0.41136714833031385	0.41248153081524347
D136	GSM6339601	percent_mito	12.239283002656926	12.534840999970607
D137	GSM6339597	total_rna_umi	23285.722222222223	23494.222222222223
D137	GSM6339597	total_open_peaks	17836.444444444445	17777.11111111111
D137	GSM6339597	state_score	0.44769575804321643	0.4479264013082243
D137	GSM6339597	percent_mito	10.662287926220465	10.91460879109818
D137	GSM6339601	total_rna_umi	13877.897260273972	13858.684931506848
D137	GSM6339601	total_open_peaks	10324.54109589041	10349.205479452055
D137	GSM6339601	state_score	0.3828888461822391	0.3848483279726999
D137	GSM6339601	percent_mito	12.064323352087683	11.985997687283978
D138	GSM6339597	total_rna_umi	23709.7	23780.777777777777
D138	GSM6339597	total_open_peaks	18715.944444444445	18702.966666666667
D138	GSM6339597	state_score	0.4727492429637293	0.45787203723548525
D138	GSM6339597	percent_mito	10.510061140130349	10.535095174352893
D138	GSM6339601	total_rna_umi	15721.259136212624	15763.189368770763
D138	GSM6339601	total_open_peaks	10437.308970099668	10444.269102990032
D138	GSM6339601	state_score	0.4191548492716525	0.41441678809716015
D138	GSM6339601	percent_mito	12.301527853420657	12.411381975512263
D139	GSM6339597	total_rna_umi	22858.255319148935	22610.297872340427
D139	GSM6339597	total_open_peaks	18110.893617021276	18012.44680851064
D139	GSM6339597	state_score	0.4524231842353699	0.4505971558971151
D139	GSM6339597	percent_mito	10.976345160978427	11.395572243872333
D139	GSM6339601	total_rna_umi	14814.715555555556	14814.373333333333
D139	GSM6339601	total_open_peaks	10337.111111111111	10322.76
D139	GSM6339601	state_score	0.39066051065562235	0.3908474432745287
D139	GSM6339601	percent_mito	12.095980182027507	11.937595898274319
D140	GSM6339597	total_rna_umi	23220.78431372549	23345.08823529412
D140	GSM6339597	total_open_peaks	17199.117647058825	17180.607843137255
D140	GSM6339597	state_score	0.47683065819677833	0.4561932451899161
D140	GSM6339597	percent_mito	10.37368791217359	10.417787442515555
D140	GSM6339601	total_rna_umi	15857.079617834395	15807.79617834395
D140	GSM6339601	total_open_peaks	10290.289808917198	10288.003184713376
D140	GSM6339601	state_score	0.4219464903264986	0.41503695433444665
D140	GSM6339601	percent_mito	12.29804923888685	12.415605135271393
D141	GSM6339597	total_rna_umi	22168.45	21919.55
D141	GSM6339597	total_open_peaks	17560.2875	16874.15
D141	GSM6339597	state_score	0.4542320077318392	0.45142983242835477
D141	GSM6339597	percent_mito	10.606371820690933	10.96279209456963
D141	GSM6339601	total_rna_umi	15132.731884057972	15097.768115942028
D141	GSM6339601	total_open_peaks	10502.800724637682	10520.583333333334
D141	GSM6339601	state_score	0.39970990992868727	0.39966997568373125
D141	GSM6339601	percent_mito	12.22696191764663	12.041771421575497
D142	GSM6339597	total_rna_umi	23196.14150943396	23322.14150943396
D142	GSM6339597	total_open_peaks	16774.22641509434	16757.962264150945
D142	GSM6339597	state_score	0.4762150001225294	0.4559501879928185
D142	GSM6339597	percent_mito	10.361257023739602	10.465945047523077
D142	GSM6339601	total_rna_umi	15961.246835443038	15864.072784810127
D142	GSM6339601	total_open_peaks	10247.148734177215	10244.120253164558
D142	GSM6339601	state_score	0.4218932787383711	0.41573085561879053
D142	GSM6339601	percent_mito	12.282191202460806	12.414340757958115
D143	GSM6339597	total_rna_umi	22377.5	21920.08695652174
D143	GSM6339597	total_open_peaks	17405.902173913044	17040.358695652172
D143	GSM6339597	state_score	0.45852458810740926	0.45719815016082566
D143	GSM6339597	percent_mito	10.469237690821638	11.032301467861092
D143	GSM6339601	total_rna_umi	15262.308474576272	15225.55593220339
D143	GSM6339601	total_open_peaks	10395.305084745763	10394.762711864407
D143	GSM6339601	state_score	0.40768855471432064	0.40734438799356115
D143	GSM6339601	percent_mito	12.238349313587365	11.945495239446762
D144	GSM6339597	total_rna_umi	27817.555555555555	27753.0
D144	GSM6339597	total_open_peaks	19958.222222222223	19736.722222222223
D144	GSM6339597	state_score	0.4788770048676542	0.47136836971926244
D144	GSM6339597	percent_mito	11.337126611299263	9.651281410617242
D144	GSM6339601	total_rna_umi	16362.235294117647	16434.607843137255
D144	GSM6339601	total_open_peaks	11360.70588235294	11355.745098039215
D144	GSM6339601	state_score	0.4104680489428948	0.42184033630019785
D144	GSM6339601	percent_mito	11.890674118978897	12.778562444662644
D145	GSM6339597	total_rna_umi	22121.6	22276.6
D145	GSM6339597	total_open_peaks	17562.4	17513.6
D145	GSM6339597	state_score	0.43999477140666937	0.43879311345659777
D145	GSM6339597	percent_mito	13.114268277043056	10.21081920138075
D145	GSM6339601	total_rna_umi	15045.916666666666	15028.5
D145	GSM6339601	total_open_peaks	11292.027777777777	11316.888888888889
D145	GSM6339601	state_score	0.3922949012582826	0.39408266150777044
D145	GSM6339601	percent_mito	12.171085531884435	11.791369698601969
D146	GSM6339597	total_rna_umi	27162.56	27209.52
D146	GSM6339597	total_open_peaks	21221.36	21018.6
D146	GSM6339597	state_score	0.47377213539159463	0.4672682726154656
D146	GSM6339597	percent_mito	11.24116619390781	9.81645129024189
D146	GSM6339601	total_rna_umi	16951.5873015873	16994.85714285714
D146	GSM6339601	total_open_peaks	11147.587301587302	11144.984126984127
D146	GSM6339601	state_score	0.42375511443179226	0.4152566468492343
D146	GSM6339601	percent_mito	11.906574759605482	12.41281286031899
D147	GSM6339597	total_rna_umi	23200.272727272728	23032.18181818182
D147	GSM6339597	total_open_peaks	17149.18181818182	17217.272727272728
D147	GSM6339597	state_score	0.4421148995869725	0.4430004931886517
D147	GSM6339597	percent_mito	11.930910643723564	11.163915386637669
D147	GSM6339601	total_rna_umi	16216.943396226416	16313.018867924528
D147	GSM6339601	total_open_peaks	11163.32075471698	11169.981132075472
D147	GSM6339601	state_score	0.40011338202816066	0.39992912680605486
D147	GSM6339601	percent_mito	11.909366140313965	12.163020676322516
D148	GSM6339597	total_rna_umi	27162.56	27209.52
D148	GSM6339597	total_open_peaks	21221.36	21018.6
D148	GSM6339597	state_score	0.47377213539159463	0.4672682726154656
D148	GSM6339597	percent_mito	11.24116619390781	9.81645129024189
D148	GSM6339601	total_rna_umi	17180.890625	17154.890625
D148	GSM6339601	total_open_peaks	11040.015625	11033.21875
D148	GSM6339601	state_score	0.4259325375297743	0.41684029749957574
D148	GSM6339601	percent_mito	11.91162916331807	12.497206456417292
D149	GSM6339597	total_rna_umi	24094.222222222223	23285.277777777777
D149	GSM6339597	total_open_peaks	19445.555555555555	18922.38888888889
D149	GSM6339597	state_score	0.4507638346107055	0.4495680806124105
D149	GSM6339597	percent_mito	11.646172562652511	10.469945033034755
D149	GSM6339601	total_rna_umi	16515.542372881355	16689.084745762713
D149	GSM6339601	total_open_peaks	11207.440677966102	11168.135593220339
D149	GSM6339601	state_score	0.40484225116955896	0.4049350928987849
D149	GSM6339601	percent_mito	11.757188577674356	12.391271934787058
D150	GSM6339597	total_rna_umi	27162.56	27209.52
D150	GSM6339597	total_open_peaks	21221.36	21018.6
D150	GSM6339597	state_score	0.47377213539159463	0.4672682726154656
D150	GSM6339597	percent_mito	11.24116619390781	9.81645129024189
D150	GSM6339601	total_rna_umi	17423.830769230768	17298.676923076924
D150	GSM6339601	total_open_peaks	10902.876923076923	10889.784615384615
D150	GSM6339601	state_score	0.42608878330888456	0.42383812217481104
D150	GSM6339601	percent_mito	11.864992746044242	12.555033900779907
D151	GSM6339597	total_rna_umi	26167.260869565216	24845.91304347826
D151	GSM6339597	total_open_peaks	20944.782608695652	20539.347826086956
D151	GSM6339597	state_score	0.4641155148932841	0.4631143813941912
D151	GSM6339597	percent_mito	11.448327914702935	11.016858828326773
D151	GSM6339601	total_rna_umi	16652.583333333332	16730.966666666667
D151	GSM6339601	total_open_peaks	11193.616666666667	11134.316666666668
D151	GSM6339601	state_score	0.41021163829338836	0.40958014307215956
D151	GSM6339601	percent_mito	11.830389502678733	12.301720538265489
D152	GSM6339597	total_rna_umi	26855.0	26903.772727272728
D152	GSM6339597	total_open_peaks	20936.227272727272	20759.090909090908
D152	GSM6339597	state_score	0.47541994924556474	0.4656785273199862
D152	GSM6339597	percent_mito	11.23876817216089	9.862201762509997
D152	GSM6339601	total_rna_umi	16493.79245283019	16552.33962264151
D152	GSM6339601	total_open_peaks	11228.094339622641	11165.396226415094
D152	GSM6339601	state_score	0.4117168580199214	0.42676899369742183
D152	GSM6339601	percent_mito	11.924126399400686	12.6499745761595
D153	GSM6339597	total_rna_umi	22296.14285714286	22661.571428571428
D153	GSM6339597	total_open_peaks	19318.285714285714	19165.571428571428
D153	GSM6339597	state_score	0.45162442449344165	0.4484521738424405
D153	GSM6339597	percent_mito	12.660874519609084	10.156496845538424
D153	GSM6339601	total_rna_umi	15622.692307692309	15617.692307692309
D153	GSM6339601	total_open_peaks	11492.23076923077	11518.51282051282
D153	GSM6339601	state_score	0.39849476849705406	0.3998632664571168
D153	GSM6339601	percent_mito	12.093308140269396	11.857790346182641
D154	GSM6339597	total_rna_umi	27162.56	27277.6
D154	GSM6339597	total_open_peaks	21221.36	21152.12
D154	GSM6339597	state_score	0.4737721353915947	0.47005613866435086
D154	GSM6339597	percent_mito	11.241166193907814	9.958254015914054
D154	GSM6339601	total_rna_umi	17423.830769230768	17420.215384615385
D154	GSM6339601	total_open_peaks	10902.876923076923	10836.246153846154
D154	GSM6339601	state_score	0.42608878330888456	0.43214459174613895
D154	GSM6339601	percent_mito	11.864992746044242	12.467483017101193
D155	GSM6339597	total_rna_umi	24151.583333333332	24229.166666666668
D155	GSM6339597	total_open_peaks	18576.166666666668	18465.833333333332
D155	GSM6339597	state_score	0.44585343690231954	0.4460687390002749
D155	GSM6339597	percent_mito	11.836300244767552	11.270161159124996
D155	GSM6339601	total_rna_umi	16967.089285714286	17047.73214285714
D155	GSM6339601	total_open_peaks	11328.607142857143	11346.964285714286
D155	GSM6339601	state_score	0.40701673685369194	0.40677145830009004
D155	GSM6339601	percent_mito	11.903198781376904	12.137562299678885
D156	GSM6339597	total_rna_umi	27162.56	27277.6
D156	GSM6339597	total_open_peaks	21221.36	21152.12
D156	GSM6339597	state_score	0.4737721353915947	0.47005613866435086
D156	GSM6339597	percent_mito	11.241166193907814	9.958254015914054
D156	GSM6339601	total_rna_umi	17423.830769230768	17420.215384615385
D156	GSM6339601	total_open_peaks	10902.876923076923	10836.246153846154
D156	GSM6339601	state_score	0.42608878330888456	0.43214459174613895
D156	GSM6339601	percent_mito	11.864992746044242	12.467483017101193
D157	GSM6339597	total_rna_umi	25101.8	24521.35
D157	GSM6339597	total_open_peaks	20186.75	19877.9
D157	GSM6339597	state_score	0.4517681800419317	0.45120735641980037
D157	GSM6339597	percent_mito	11.577802925743795	10.868134539871175
D157	GSM6339601	total_rna_umi	16767.4	16810.683333333334
D157	GSM6339601	total_open_peaks	11091.7	11138.766666666666
D157	GSM6339601	state_score	0.4074800501951103	0.40715728138748414
D157	GSM6339601	percent_mito	11.765069711333306	12.489625855426214
D158	GSM6339597	total_rna_umi	27162.56	27277.6
D158	GSM6339597	total_open_peaks	21221.36	21152.12
D158	GSM6339597	state_score	0.4737721353915947	0.47005613866435086
D158	GSM6339597	percent_mito	11.241166193907814	9.958254015914054
D158	GSM6339601	total_rna_umi	17423.830769230768	17420.215384615385
D158	GSM6339601	total_open_peaks	10902.876923076923	10836.246153846154
D158	GSM6339601	state_score	0.42608878330888456	0.43214459174613895
D158	GSM6339601	percent_mito	11.864992746044242	12.467483017101193
D159	GSM6339597	total_rna_umi	26185.25	25594.125
D159	GSM6339597	total_open_peaks	20917.541666666668	20554.958333333332
D159	GSM6339597	state_score	0.4703091193427893	0.46991593014630695
D159	GSM6339597	percent_mito	11.305130059202128	11.151118891162843
D159	GSM6339601	total_rna_umi	17099.612903225807	17094.564516129034
D159	GSM6339601	total_open_peaks	11220.209677419354	11225.09677419355
D159	GSM6339601	state_score	0.41837859825731283	0.4175176207610515
D159	GSM6339601	percent_mito	11.855304256806166	12.312159745631137
D160	GSM6339597	total_rna_umi	32656.0	32454.0
D160	GSM6339597	total_open_peaks	35696.0	34097.0
D160	GSM6339597	state_score	0.5449782815351686	0.5022055044572369
D160	GSM6339597	percent_mito	12.138657520823129	9.764589881062427
D160	GSM6339601	total_rna_umi	22023.0	22332.5
D160	GSM6339601	total_open_peaks	19143.5	18866.5
D160	GSM6339601	state_score	0.4189267879042389	0.37746073954842474
D160	GSM6339601	percent_mito	11.148963260988424	11.970392996235802
D161	GSM6339601	total_rna_umi	22656.0	22875.0
D161	GSM6339601	total_open_peaks	18383.0	18163.0
D161	GSM6339601	state_score	0.3853883378048703	0.3663612603202958
D161	GSM6339601	percent_mito	12.51765536723164	11.825136612021858
D162	GSM6339597	total_rna_umi	30096.666666666668	31491.666666666668
D162	GSM6339597	total_open_peaks	25117.0	25633.666666666668
D162	GSM6339597	state_score	0.5073057263457671	0.5473863345986307
D162	GSM6339597	percent_mito	10.302214777340263	8.184418461335563
D162	GSM6339601	total_rna_umi	19742.25	20404.75
D162	GSM6339601	total_open_peaks	13421.5	13383.25
D162	GSM6339601	state_score	0.403891934359057	0.4737048760236464
D162	GSM6339601	percent_mito	11.54785706710162	12.531461834461517
D163	GSM6339601	total_rna_umi	20598.0	20799.333333333332
D163	GSM6339601	total_open_peaks	15907.333333333334	17058.333333333332
D163	GSM6339601	state_score	0.4202081162309946	0.42517326971507674
D163	GSM6339601	percent_mito	11.928923445121425	12.957303889456453
D164	GSM6339597	total_rna_umi	29549.6	30590.4
D164	GSM6339597	total_open_peaks	21040.4	21570.6
D164	GSM6339597	state_score	0.4994035046374437	0.5012421424129879
D164	GSM6339597	percent_mito	10.901743875984023	9.241564789256689
D164	GSM6339601	total_rna_umi	18049.3	19648.1
D164	GSM6339601	total_open_peaks	10337.8	10607.8
D164	GSM6339601	state_score	0.4045040988926745	0.4558534386916445
D164	GSM6339601	percent_mito	12.244754051619577	12.6778642929763
D165	GSM6339601	total_rna_umi	18711.2	20449.6
D165	GSM6339601	total_open_peaks	14207.8	15293.0
D165	GSM6339601	state_score	0.4136095657793035	0.4177704087639259
D165	GSM6339601	percent_mito	12.156757587947274	11.903675161257313
D166	GSM6339597	total_rna_umi	25157.444444444445	29083.11111111111
D166	GSM6339597	total_open_peaks	20629.444444444445	20509.11111111111
D166	GSM6339597	state_score	0.4727839592476918	0.5017860594797303
D166	GSM6339597	percent_mito	12.134530122363365	8.131221439005
D166	GSM6339601	total_rna_umi	16996.071428571428	19590.785714285714
D166	GSM6339601	total_open_peaks	11102.357142857143	11393.214285714286
D166	GSM6339601	state_score	0.4114170504910747	0.4632982642992383
D166	GSM6339601	percent_mito	12.35751086669426	12.13179523037509
D167	GSM6339597	total_rna_umi	20074.666666666668	26512.0
D167	GSM6339597	total_open_peaks	14275.0	16783.333333333332
D167	GSM6339597	state_score	0.44421223268592597	0.4478256837100405
D167	GSM6339597	percent_mito	14.205987629614876	7.404035813268325
D167	GSM6339601	total_rna_umi	18422.625	20458.0
D167	GSM6339601	total_open_peaks	11611.25	12746.75
D167	GSM6339601	state_score	0.40709269086536914	0.4093293697569443
D167	GSM6339601	percent_mito	12.476684913469587	12.208832331238561
D168	GSM6339597	total_rna_umi	25641.42261904762	25556.26785714286
D168	GSM6339597	total_open_peaks	17437.714285714286	17444.20238095238
D168	GSM6339597	state_score	0.5352151097907042	0.5144161256375909
D168	GSM6339597	percent_mito	9.957964525412105	9.76855711144253
D168	GSM6339601	total_rna_umi	17172.015748031496	17154.240157480315
D168	GSM6339601	total_open_peaks	11779.122047244095	11775.570866141732
D168	GSM6339601	state_score	0.4855154510336846	0.47662726854256804
D168	GSM6339601	percent_mito	12.094059732023549	12.616045003040066
D169	GSM6339597	total_rna_umi	21976.45	22016.6125
D169	GSM6339597	total_open_peaks	18187.825	18217.3625
D169	GSM6339597	state_score	0.4603910495728088	0.4615584532446295
D169	GSM6339597	percent_mito	10.392080879685315	10.492685602115781
D169	GSM6339601	total_rna_umi	15849.46511627907	15870.496124031008
D169	GSM6339601	total_open_peaks	11332.410852713178	11309.720930232557
D169	GSM6339601	state_score	0.42158052061296436	0.42209002370952586
D169	GSM6339601	percent_mito	12.23929910548582	12.211083137849373
D170	GSM6339597	total_rna_umi	26557.11374407583	26387.905213270144
D170	GSM6339597	total_open_peaks	16374.0	16391.08530805687
D170	GSM6339597	state_score	0.5439829066794555	0.5280829971660064
D170	GSM6339597	percent_mito	10.144643337668091	9.785400861406536
D170	GSM6339601	total_rna_umi	17688.736486486487	17657.60135135135
D170	GSM6339601	total_open_peaks	11247.074324324325	11238.516891891892
D170	GSM6339601	state_score	0.49024519507732334	0.4764639792953842
D170	GSM6339601	percent_mito	12.207040064233663	12.634701894305588
D171	GSM6339597	total_rna_umi	23006.014598540147	22973.408759124086
D171	GSM6339597	total_open_peaks	16983.56204379562	16927.75182481752
D171	GSM6339597	state_score	0.4753171055663695	0.47618342013515386
D171	GSM6339597	percent_mito	10.452410542932286	10.189235127950635
D171	GSM6339601	total_rna_umi	16248.880952380952	16302.804761904761
D171	GSM6339601	total_open_peaks	11392.190476190477	11420.642857142857
D171	GSM6339601	state_score	0.441823032333661	0.44122064582341913
D171	GSM6339601	percent_mito	12.232360845043289	12.377518616242448
D172	GSM6339597	total_rna_umi	26804.85777777778	26544.653333333332
D172	GSM6339597	total_open_peaks	15959.004444444445	16005.493333333334
D172	GSM6339597	state_score	0.5477922086426067	0.5274337054961331
D172	GSM6339597	percent_mito	10.113185892029994	9.823922417756402
D172	GSM6339601	total_rna_umi	17727.020066889632	17684.1872909699
D172	GSM6339601	total_open_peaks	11155.622073578596	11148.053511705686
D172	GSM6339601	state_score	0.4906022088193284	0.4779830170661352
D172	GSM6339601	percent_mito	12.18394166596886	12.630359807051025
D173	GSM6339597	total_rna_umi	24715.4010989011	24534.934065934067
D173	GSM6339597	total_open_peaks	16585.5989010989	16581.17032967033
D173	GSM6339597	state_score	0.5058137924837411	0.5064395001587834
D173	GSM6339597	percent_mito	10.386027002274954	9.679179703260445
D173	GSM6339601	total_rna_umi	17081.19475655431	17044.082397003745
D173	GSM6339601	total_open_peaks	11255.101123595505	11151.921348314607
D173	GSM6339601	state_score	0.46778577957709205	0.46741048968625626
D173	GSM6339601	percent_mito	12.200476585241205	12.66066375097188
D174	GSM6339597	total_rna_umi	26714.977876106193	26463.278761061945
D174	GSM6339597	total_open_peaks	15906.685840707965	15952.101769911504
D174	GSM6339597	state_score	0.5471589800553045	0.5271016069432967
D174	GSM6339597	percent_mito	10.096449975523456	9.82153243846702
D174	GSM6339601	total_rna_umi	17747.353333333333	17705.113333333335
D174	GSM6339601	total_open_peaks	11120.653333333334	11113.696666666667
D174	GSM6339601	state_score	0.4903221103002367	0.4779357924481529
D174	GSM6339601	percent_mito	12.1881096577324	12.631758037346694
D175	GSM6339597	total_rna_umi	25608.73267326733	25097.955445544554
D175	GSM6339597	total_open_peaks	16215.539603960397	16246.68811881188
D175	GSM6339597	state_score	0.5173105872466988	0.5173504932212488
D175	GSM6339597	percent_mito	10.297516763492224	9.992740844547154
D175	GSM6339601	total_rna_umi	17449.864768683274	17332.427046263347
D175	GSM6339601	total_open_peaks	11246.921708185053	11109.551601423487
D175	GSM6339601	state_score	0.4769502151161248	0.4765896711769611
D175	GSM6339601	percent_mito	12.256546383782888	12.501289885441826
D176	GSM6339597	total_rna_umi	30925.275	31152.55
D176	GSM6339597	total_open_peaks	20228.775	20183.55
D176	GSM6339597	state_score	0.597251789373083	0.5434082134619198
D176	GSM6339597	percent_mito	9.343368108232953	9.505176580127522
D176	GSM6339601	total_rna_umi	20106.36170212766	20191.936170212764
D176	GSM6339601	total_open_peaks	12879.787234042553	12803.425531914894
D176	GSM6339601	state_score	0.5439541437301868	0.4888410847773548
D176	GSM6339601	percent_mito	11.376928797015447	13.118080202215356
D177	GSM6339597	total_rna_umi	25186.0625	25517.4375
D177	GSM6339597	total_open_peaks	19842.1875	19682.6875
D177	GSM6339597	state_score	0.4964793776264059	0.49697001156506204
D177	GSM6339597	percent_mito	11.41675386647437	10.412125766258743
D177	GSM6339601	total_rna_umi	17345.35	17459.45
D177	GSM6339601	total_open_peaks	12746.8	12715.1
D177	GSM6339601	state_score	0.4064996155135686	0.413279049748258
D177	GSM6339601	percent_mito	12.742809882525787	12.608709622870943
D178	GSM6339597	total_rna_umi	30728.239130434784	30964.043478260868
D178	GSM6339597	total_open_peaks	17923.195652173912	17871.5
D178	GSM6339597	state_score	0.5902352616596545	0.5421181285043903
D178	GSM6339597	percent_mito	9.586819489819339	9.820968213307333
D178	GSM6339601	total_rna_umi	20259.155172413793	20332.672413793105
D178	GSM6339601	total_open_peaks	11552.98275862069	11489.568965517241
D178	GSM6339601	state_score	0.551564277740657	0.48415233516329065
D178	GSM6339601	percent_mito	11.500768288604608	12.899530616467466
D179	GSM6339597	total_rna_umi	25819.85185185185	26561.555555555555
D179	GSM6339597	total_open_peaks	18265.59259259259	18094.51851851852
D179	GSM6339597	state_score	0.5111872275720909	0.513011209961805
D179	GSM6339597	percent_mito	10.911162285852422	10.313578655764443
D179	GSM6339601	total_rna_umi	18919.685714285715	19310.02857142857
D179	GSM6339601	total_open_peaks	12469.057142857142	12419.885714285714
D179	GSM6339601	state_score	0.4593672329675914	0.4613920144903781
D179	GSM6339601	percent_mito	11.982755994419428	12.750573003615168
D180	GSM6339597	total_rna_umi	31318.666666666668	31466.07843137255
D180	GSM6339597	total_open_peaks	16827.980392156864	16829.882352941175
D180	GSM6339597	state_score	0.6005942541908892	0.5444685757205916
D180	GSM6339597	percent_mito	9.671347742174063	10.027316320334094
D180	GSM6339601	total_rna_umi	20259.155172413793	20332.672413793105
D180	GSM6339601	total_open_peaks	11552.98275862069	11489.568965517241
D180	GSM6339601	state_score	0.551564277740657	0.48415233516329065
D180	GSM6339601	percent_mito	11.500768288604608	12.899530616467466
D181	GSM6339597	total_rna_umi	29348.025	29260.05
D181	GSM6339597	total_open_peaks	18787.225	18736.35
D181	GSM6339597	state_score	0.5427670650133725	0.5434148103891887
D181	GSM6339597	percent_mito	10.219458742524216	9.936517303994307
D181	GSM6339601	total_rna_umi	19293.041666666668	19218.979166666668
D181	GSM6339601	total_open_peaks	11820.958333333334	11775.645833333334
D181	GSM6339601	state_score	0.4997447287543902	0.5022962885506446
D181	GSM6339601	percent_mito	11.834017344752818	11.934597987603269
D182	GSM6339597	total_rna_umi	31318.666666666668	31466.07843137255
D182	GSM6339597	total_open_peaks	16827.980392156864	16829.882352941175
D182	GSM6339597	state_score	0.6005942541908892	0.5444685757205916
D182	GSM6339597	percent_mito	9.671347742174063	10.027316320334094
D182	GSM6339601	total_rna_umi	20259.155172413793	20332.672413793105
D182	GSM6339601	total_open_peaks	11552.98275862069	11489.568965517241
D182	GSM6339601	state_score	0.551564277740657	0.48415233516329065
D182	GSM6339601	percent_mito	11.500768288604608	12.899530616467466
D183	GSM6339597	total_rna_umi	30634.71111111111	30576.48888888889
D183	GSM6339597	total_open_peaks	17898.422222222223	17797.222222222223
D183	GSM6339597	state_score	0.5746109467347013	0.5743421434799433
D183	GSM6339597	percent_mito	10.082270153443964	9.636985506570777
D183	GSM6339601	total_rna_umi	19930.51923076923	19571.30769230769
D183	GSM6339601	total_open_peaks	11593.442307692309	11500.615384615385
D183	GSM6339601	state_score	0.5156844833815855	0.5173831816935592
D183	GSM6339601	percent_mito	11.686106341943628	11.94168878972351
D184	GSM6339597	total_rna_umi	40019.142857142855	40280.57142857143
D184	GSM6339597	total_open_peaks	19764.571428571428	19964.285714285714
D184	GSM6339597	state_score	0.8153650303275733	0.588477476293064
D184	GSM6339597	percent_mito	10.071617773772422	9.135928550835446
D184	GSM6339601	total_rna_umi	18327.714285714286	18379.85714285714
D184	GSM6339601	total_open_peaks	15253.0	15229.57142857143
D184	GSM6339601	state_score	0.5213410939171014	0.4600861607550603
D184	GSM6339601	percent_mito	10.534836116715047	13.617065647092122
D185	GSM6339597	total_rna_umi	35702.5	37249.0
D185	GSM6339597	total_open_peaks	19124.5	18601.0
D185	GSM6339597	state_score	0.6950637393235493	0.6855757239644598
D185	GSM6339597	percent_mito	13.040765800106733	10.096177793965925
D185	GSM6339601	total_rna_umi	15447.5	15639.5
D185	GSM6339601	total_open_peaks	16710.5	16793.5
D185	GSM6339601	state_score	0.4061428788287372	0.4162157362933206
D185	GSM6339601	percent_mito	13.660146199996841	11.499562436921092
D186	GSM6339597	total_rna_umi	37892.77777777778	38501.444444444445
D186	GSM6339597	total_open_peaks	15657.777777777777	15799.555555555555
D186	GSM6339597	state_score	0.7899189523339504	0.5592786190351485
D186	GSM6339597	percent_mito	9.749229714034726	10.109224233218882
D186	GSM6339601	total_rna_umi	19570.75	19931.375
D186	GSM6339601	total_open_peaks	14549.0	14512.75
D186	GSM6339601	state_score	0.5550316821242569	0.46178430113888835
D186	GSM6339601	percent_mito	10.506358795108124	13.369855797921637
D187	GSM6339597	total_rna_umi	34943.25	34900.5
D187	GSM6339597	total_open_peaks	17681.25	16735.25
D187	GSM6339597	state_score	0.6886274925901751	0.6815216954131837
D187	GSM6339597	percent_mito	12.56575601074448	11.155219292419156
D187	GSM6339601	total_rna_umi	17068.0	17105.8
D187	GSM6339601	total_open_peaks	15185.8	15082.2
D187	GSM6339601	state_score	0.4553560616489126	0.458050681362289
D187	GSM6339601	percent_mito	10.315564262787294	12.481608064129635
D188	GSM6339597	total_rna_umi	34166.545454545456	34542.09090909091
D188	GSM6339597	total_open_peaks	13855.09090909091	13852.181818181818
D188	GSM6339597	state_score	0.7436021097311051	0.5320499735182623
D188	GSM6339597	percent_mito	9.994703912341144	10.155901716928714
D188	GSM6339601	total_rna_umi	19570.75	19931.375
D188	GSM6339601	total_open_peaks	14549.0	14512.75
D188	GSM6339601	state_score	0.5550316821242569	0.46178430113888835
D188	GSM6339601	percent_mito	10.506358795108124	13.369855797921637
D189	GSM6339597	total_rna_umi	34568.625	34139.25
D189	GSM6339597	total_open_peaks	18516.75	18025.5
D189	GSM6339597	state_score	0.6978302701320355	0.6974164290162901
D189	GSM6339597	percent_mito	12.329442103525526	9.195965058769676
D189	GSM6339601	total_rna_umi	19570.75	18979.25
D189	GSM6339601	total_open_peaks	14549.0	14395.125
D189	GSM6339601	state_score	0.555031682124257	0.5613413591313552
D189	GSM6339601	percent_mito	10.506358795108122	9.32176361096873
D190	GSM6339597	total_rna_umi	34166.545454545456	34542.09090909091
D190	GSM6339597	total_open_peaks	13855.09090909091	13852.181818181818
D190	GSM6339597	state_score	0.7436021097311051	0.5320499735182623
D190	GSM6339597	percent_mito	9.994703912341144	10.155901716928714
D190	GSM6339601	total_rna_umi	19570.75	19931.375
D190	GSM6339601	total_open_peaks	14549.0	14512.75
D190	GSM6339601	state_score	0.5550316821242569	0.46178430113888835
D190	GSM6339601	percent_mito	10.506358795108124	13.369855797921637
D191	GSM6339597	total_rna_umi	34568.625	34120.5
D191	GSM6339597	total_open_peaks	18516.75	16920.0
D191	GSM6339597	state_score	0.6978302701320355	0.6931267695465446
D191	GSM6339597	percent_mito	12.329442103525526	9.775729615716852
D191	GSM6339601	total_rna_umi	19570.75	19067.0
D191	GSM6339601	total_open_peaks	14549.0	14201.25
D191	GSM6339601	state_score	0.555031682124257	0.5605135372434158
D191	GSM6339601	percent_mito	10.506358795108122	8.012656533855631
D192	GSM6339597	total_rna_umi	20449.625596184418	20427.14626391097
D192	GSM6339597	total_open_peaks	14054.865659777424	14054.072337042926
D192	GSM6339597	state_score	0.48889769001840905	0.475345527251374
D192	GSM6339597	percent_mito	10.049884924318638	10.136344779377929
D192	GSM6339601	total_rna_umi	15570.583900928792	15567.362848297214
D192	GSM6339601	total_open_peaks	10730.423529411764	10736.626006191951
D192	GSM6339601	state_score	0.46111004813419754	0.4397771774830058
D192	GSM6339601	percent_mito	12.324541810499872	12.196240321272555
D193	GSM6339597	total_rna_umi	18739.081023454157	18740.97654584222
D193	GSM6339597	total_open_peaks	14319.606609808103	14320.304904051172
D193	GSM6339597	state_score	0.4534255149034421	0.4531650313379009
D193	GSM6339597	percent_mito	10.23094372829051	10.03564753291839
D193	GSM6339601	total_rna_umi	14757.251628664495	14751.264657980457
D193	GSM6339601	total_open_peaks	11221.252442996743	11216.764657980457
D193	GSM6339601	state_score	0.4254571918240191	0.4251500293202791
D193	GSM6339601	percent_mito	12.230786025506172	12.223765796871584
D194	GSM6339597	total_rna_umi	20812.012158054713	20769.493920972644
D194	GSM6339597	total_open_peaks	13796.360182370821	13801.24924012158
D194	GSM6339597	state_score	0.49226298677457514	0.47714338384139654
D194	GSM6339597	percent_mito	10.02822793007678	10.12566736741107
D194	GSM6339601	total_rna_umi	15638.849215922799	15623.208685162846
D194	GSM6339601	total_open_peaks	10558.00542822678	10566.658624849217
D194	GSM6339601	state_score	0.4621992002740765	0.4399623824943628
D194	GSM6339601	percent_mito	12.33321623834639	12.182001737550195
D195	GSM6339597	total_rna_umi	19670.231304347824	19620.600869565216
D195	GSM6339597	total_open_peaks	14205.19652173913	14179.817391304348
D195	GSM6339597	state_score	0.465856873074263	0.4655533133082253
D195	GSM6339597	percent_mito	10.188038492833916	10.156546940701325
D195	GSM6339601	total_rna_umi	15118.374331550802	15107.824197860962
D195	GSM6339601	total_open_peaks	10806.957887700535	10810.380347593584
D195	GSM6339601	state_score	0.44264757273272626	0.44206619373628764
D195	GSM6339601	percent_mito	12.272915261154555	12.267103588577882
D196	GSM6339597	total_rna_umi	21126.691847419595	21032.871353777115
D196	GSM6339597	total_open_peaks	13647.18100224383	13654.981301421092
D196	GSM6339597	state_score	0.4941422458188057	0.47740142481893294
D196	GSM6339597	percent_mito	10.049182682641272	10.120090806526605
D196	GSM6339601	total_rna_umi	15630.965123271197	15613.428743235118
D196	GSM6339601	total_open_peaks	10537.132291040289	10546.981358989777
D196	GSM6339601	state_score	0.46220600754730407	0.4399546076666784
D196	GSM6339601	percent_mito	12.322543148120873	12.179186542684663
D197	GSM6339597	total_rna_umi	20232.129746835442	20068.410601265823
D197	GSM6339597	total_open_peaks	13758.89161392405	13726.917721518987
D197	GSM6339597	state_score	0.47668491277622643	0.4764806332835154
D197	GSM6339597	percent_mito	10.101048129386157	10.223031715723527
D197	GSM6339601	total_rna_umi	15444.031094527363	15355.246890547263
D197	GSM6339601	total_open_peaks	10617.436567164179	10585.40671641791
D197	GSM6339601	state_score	0.4539247157476266	0.4536633339514324
D197	GSM6339601	percent_mito	12.335399539596866	12.20317217525049
D198	GSM6339597	total_rna_umi	21211.996271439224	21088.424310216258
D198	GSM6339597	total_open_peaks	13610.396718866517	13618.639821029083
D198	GSM6339597	state_score	0.49444034466108605	0.47762057292242555
D198	GSM6339597	percent_mito	10.055895442373972	10.115316312992015
D198	GSM6339601	total_rna_umi	15630.965123271197	15613.428743235118
D198	GSM6339601	total_open_peaks	10537.132291040289	10546.981358989777
D198	GSM6339601	state_score	0.46220600754730407	0.4399546076666784
D198	GSM6339601	percent_mito	12.322543148120873	12.179186542684663
D199	GSM6339597	total_rna_umi	20387.902419984388	20156.23887587822
D199	GSM6339597	total_open_peaks	13713.916471506636	13679.768149882904
D199	GSM6339597	state_score	0.47897438781614976	0.4790042230997777
D199	GSM6339597	percent_mito	10.083235254736598	10.118792485257297
D199	GSM6339601	total_rna_umi	15555.937690897985	15409.13317043372
D199	GSM6339601	total_open_peaks	10561.877214416616	10533.215638362859
D199	GSM6339601	state_score	0.4576202197514952	0.457425412129101
D199	GSM6339601	percent_mito	12.333642754942524	12.175213927550667
D200	GSM6339597	total_rna_umi	25709.205741626793	25639.88995215311
D200	GSM6339597	total_open_peaks	16621.105263157893	16583.612440191388
D200	GSM6339597	state_score	0.5331231574877124	0.496432932616523
D200	GSM6339597	percent_mito	10.061240727009558	10.202887263521426
D200	GSM6339601	total_rna_umi	17417.1768707483	17416.255102040817
D200	GSM6339601	total_open_peaks	11271.938775510203	11280.880952380952
D200	GSM6339601	state_score	0.48724373576475094	0.4569074592517364
D200	GSM6339601	percent_mito	12.196353402299449	12.184036969365282
D201	GSM6339597	total_rna_umi	22595.879432624115	22613.794326241135
D201	GSM6339597	total_open_peaks	16748.517730496453	16766.41843971631
D201	GSM6339597	state_score	0.47284484932983495	0.4715681557741039
D201	GSM6339597	percent_mito	10.623972576582032	10.199984098012385
D201	GSM6339601	total_rna_umi	16168.519047619047	16142.804761904761
D201	GSM6339601	total_open_peaks	11530.533333333333	11515.333333333334
D201	GSM6339601	state_score	0.43734645957229773	0.4364169780887357
D201	GSM6339601	percent_mito	12.134512366597786	12.276705888910865
D202	GSM6339597	total_rna_umi	26213.823529411766	26112.46153846154
D202	GSM6339597	total_open_peaks	16146.013574660634	16119.470588235294
D202	GSM6339597	state_score	0.5414606248899967	0.5000256280226042
D202	GSM6339597	percent_mito	10.079198975038295	10.191425924505253
D202	GSM6339601	total_rna_umi	17649.376666666667	17644.27666666667
D202	GSM6339601	total_open_peaks	11124.986666666666	11137.356666666667
D202	GSM6339601	state_score	0.48934304296345166	0.4572345470807623
D202	GSM6339601	percent_mito	12.181762047848308	12.19291855586065
D203	GSM6339597	total_rna_umi	24043.135869565216	23991.364130434784
D203	GSM6339597	total_open_peaks	16392.641304347828	16380.010869565218
D203	GSM6339597	state_score	0.49237756107293956	0.49239437010617904
D203	GSM6339597	percent_mito	10.343054014499739	10.12759164795782
D203	GSM6339601	total_rna_umi	16732.530303030304	16704.140151515152
D203	GSM6339601	total_open_peaks	11338.875	11326.094696969696
D203	GSM6339601	state_score	0.4604482846656398	0.45959693566265836
D203	GSM6339601	percent_mito	12.205255075018723	12.278231724813043
D204	GSM6339597	total_rna_umi	26591.217777777776	26435.106666666667
D204	GSM6339597	total_open_peaks	15972.431111111111	15955.791111111112
D204	GSM6339597	state_score	0.547422067468085	0.5002226687188591
D204	GSM6339597	percent_mito	10.092855418329737	10.188263755886867
D204	GSM6339601	total_rna_umi	17694.64119601329	17685.591362126244
D204	GSM6339601	total_open_peaks	11090.431893687708	11103.079734219269
D204	GSM6339601	state_score	0.4899404928812634	0.45721834800080036
D204	GSM6339601	percent_mito	12.176230357179762	12.193640551893346
D205	GSM6339597	total_rna_umi	24839.422885572138	24460.67661691542
D205	GSM6339597	total_open_peaks	16169.910447761195	16177.73631840796
D205	GSM6339597	state_score	0.5071040018687307	0.5069575386698854
D205	GSM6339597	percent_mito	10.19040316794895	10.299281331039342
D205	GSM6339601	total_rna_umi	17433.29794520548	17274.229452054795
D205	GSM6339601	total_open_peaks	11017.537671232876	11018.284246575342
D205	GSM6339601	state_score	0.47953598534751735	0.4787146683325889
D205	GSM6339601	percent_mito	12.247527444592748	12.06684039276325
D206	GSM6339597	total_rna_umi	26714.977876106193	26515.274336283186
D206	GSM6339597	total_open_peaks	15906.685840707965	15889.964601769912
D206	GSM6339597	state_score	0.5471589800553045	0.5000685011587989
D206	GSM6339597	percent_mito	10.096449975523457	10.19775650528844
D206	GSM6339601	total_rna_umi	17694.64119601329	17685.591362126244
D206	GSM6339601	total_open_peaks	11090.431893687708	11103.079734219269
D206	GSM6339601	state_score	0.4899404928812634	0.45721834800080036
D206	GSM6339601	percent_mito	12.176230357179762	12.193640551893346
D207	GSM6339597	total_rna_umi	25394.710144927536	24799.028985507248
D207	GSM6339597	total_open_peaks	16149.038647342995	16154.19806763285
D207	GSM6339597	state_score	0.514935352868214	0.5144385519947671
D207	GSM6339597	percent_mito	10.180303697722149	10.349313828296106
D207	GSM6339601	total_rna_umi	17545.73220338983	17313.125423728812
D207	GSM6339601	total_open_peaks	11101.627118644068	11087.189830508474
D207	GSM6339601	state_score	0.48310756518121956	0.48239281789022453
D207	GSM6339601	percent_mito	12.225118039081872	12.108526009471134
D208	GSM6339597	total_rna_umi	25801.417061611373	25747.284360189573
D208	GSM6339597	total_open_peaks	16649.303317535545	16634.104265402842
D208	GSM6339597	state_score	0.5344458976896771	0.49774471384894237
D208	GSM6339597	percent_mito	10.112862317181357	10.33318597948296
D208	GSM6339601	total_rna_umi	17515.114864864863	17503.49662162162
D208	GSM6339601	total_open_peaks	11250.851351351352	11254.493243243243
D208	GSM6339601	state_score	0.48854623373676814	0.46211104731490765
D208	GSM6339601	percent_mito	12.180894986506898	12.242116302693914
D209	GSM6339597	total_rna_umi	23076.554054054053	23108.743243243243
D209	GSM6339597	total_open_peaks	17083.412162162163	17088.27027027027
D209	GSM6339597	state_score	0.4771216660061043	0.4771765365756011
D209	GSM6339597	percent_mito	10.665318562707187	10.037743977281607
D209	GSM6339601	total_rna_umi	16487.315789473683	16460.42105263158
D209	GSM6339601	total_open_peaks	11559.434210526315	11550.631578947368
D209	GSM6339601	state_score	0.4464349036068429	0.44482095404605126
D209	GSM6339601	percent_mito	12.259442944556604	12.2520210243032
D210	GSM6339597	total_rna_umi	26440.412556053812	26335.44394618834
D210	GSM6339597	total_open_peaks	16026.632286995517	16016.762331838565
D210	GSM6339597	state_score	0.5431442250759766	0.5031778882810954
D210	GSM6339597	percent_mito	10.07800214657136	10.327792363186017
D210	GSM6339601	total_rna_umi	17649.376666666667	17631.32
D210	GSM6339601	total_open_peaks	11124.986666666666	11128.526666666667
D210	GSM6339601	state_score	0.48934304296345166	0.4615019350135365
D210	GSM6339601	percent_mito	12.18176204784831	12.252992027320166
D211	GSM6339597	total_rna_umi	24519.719576719577	24557.32804232804
D211	GSM6339597	total_open_peaks	16523.698412698413	16472.59259259259
D211	GSM6339597	state_score	0.5011256088401894	0.5011081594279507
D211	GSM6339597	percent_mito	10.271372095119313	9.963932228383815
D211	GSM6339601	total_rna_umi	16849.71747211896	16821.49814126394
D211	GSM6339601	total_open_peaks	11289.527881040893	11262.561338289963
D211	GSM6339601	state_score	0.46463553476214287	0.4637591470919034
D211	GSM6339601	percent_mito	12.229924569702648	12.282942160813272
D212	GSM6339597	total_rna_umi	26714.977876106193	26571.840707964602
D212	GSM6339597	total_open_peaks	15906.685840707965	15901.716814159292
D212	GSM6339597	state_score	0.5471589800553045	0.5036005518760304
D212	GSM6339597	percent_mito	10.096449975523456	10.326652222496483
D212	GSM6339601	total_rna_umi	17694.64119601329	17672.677740863786
D212	GSM6339601	total_open_peaks	11090.431893687708	11094.279069767443
D212	GSM6339601	state_score	0.4899404928812634	0.46147155856502714
D212	GSM6339601	percent_mito	12.17623035717976	12.253514443713463
D213	GSM6339597	total_rna_umi	25606.272727272728	25351.454545454544
D213	GSM6339597	total_open_peaks	16361.526315789473	16311.22009569378
D213	GSM6339597	state_score	0.5224040893268206	0.5224187663853361
D213	GSM6339597	percent_mito	10.203681067108432	10.117664334306967
D213	GSM6339601	total_rna_umi	17433.29794520548	17267.359589041094
D213	GSM6339601	total_open_peaks	11017.537671232876	11025.198630136987
D213	GSM6339601	state_score	0.4795359853475174	0.4792221436984767
D213	GSM6339601	percent_mito	12.247527444592746	12.105571386355532
D214	GSM6339597	total_rna_umi	26714.977876106193	26571.840707964602
D214	GSM6339597	total_open_peaks	15906.685840707965	15901.716814159292
D214	GSM6339597	state_score	0.5471589800553045	0.5036005518760304
D214	GSM6339597	percent_mito	10.096449975523456	10.326652222496483
D214	GSM6339601	total_rna_umi	17694.64119601329	17672.677740863786
D214	GSM6339601	total_open_peaks	11090.431893687708	11094.279069767443
D214	GSM6339601	state_score	0.4899404928812634	0.46147155856502714
D214	GSM6339601	percent_mito	12.17623035717976	12.253514443713463
D215	GSM6339597	total_rna_umi	26034.57276995305	25645.31455399061
D215	GSM6339597	total_open_peaks	16211.342723004695	16170.610328638497
D215	GSM6339597	state_score	0.5263044812404596	0.5260400500118382
D215	GSM6339597	percent_mito	10.264747339901978	10.147727470150722
D215	GSM6339601	total_rna_umi	17601.902027027027	17359.45945945946
D215	GSM6339601	total_open_peaks	11128.68581081081	11094.070945945947
D215	GSM6339601	state_score	0.4840947064900785	0.4839145819495885
D215	GSM6339601	percent_mito	12.214504329972835	12.200103222855688
D216	GSM6339597	total_rna_umi	32422.076923076922	32520.30769230769
D216	GSM6339597	total_open_peaks	22316.923076923078	22165.153846153848
D216	GSM6339597	state_score	0.639758642718716	0.49616329860154007
D216	GSM6339597	percent_mito	9.121954288705076	9.512907944275836
D216	GSM6339601	total_rna_umi	20893.652173913044	21202.608695652172
D216	GSM6339601	total_open_peaks	14318.652173913044	14158.826086956522
D216	GSM6339601	state_score	0.5764138990063234	0.47407021187227155
D216	GSM6339601	percent_mito	11.977746747223838	13.31547046151471
D217	GSM6339597	total_rna_umi	32138.666666666668	32861.666666666664
D217	GSM6339597	total_open_peaks	24121.5	24212.333333333332
D217	GSM6339597	state_score	0.5426865794675064	0.5331204403316915
D217	GSM6339597	percent_mito	11.066741497582177	11.4179934221762
D217	GSM6339601	total_rna_umi	20786.375	21036.875
D217	GSM6339601	total_open_peaks	16719.25	16874.25
D217	GSM6339601	state_score	0.44305376210631897	0.4421802782206706
D217	GSM6339601	percent_mito	14.110636301444751	12.703255783514702
D218	GSM6339597	total_rna_umi	30935.105263157893	31670.315789473683
D218	GSM6339597	total_open_peaks	18538.842105263157	18498.42105263158
D218	GSM6339597	state_score	0.6070010543292975	0.5189039510669421
D218	GSM6339597	percent_mito	9.346690449820581	10.627163336445236
D218	GSM6339601	total_rna_umi	20225.88888888889	20833.666666666668
D218	GSM6339601	total_open_peaks	12403.666666666666	12282.444444444445
D218	GSM6339601	state_score	0.5619011960050453	0.4934261538377298
D218	GSM6339601	percent_mito	11.834175876436955	12.989645732609594
D219	GSM6339597	total_rna_umi	28945.916666666668	30386.25
D219	GSM6339597	total_open_peaks	20171.583333333332	20329.916666666668
D219	GSM6339597	state_score	0.5101742554544563	0.5075491816677656
D219	GSM6339597	percent_mito	10.702971831263596	11.006800983278644
D219	GSM6339601	total_rna_umi	19717.105263157893	20263.0
D219	GSM6339601	total_open_peaks	14418.473684210527	14397.894736842105
D219	GSM6339601	state_score	0.46922216422819246	0.4689835999284489
D219	GSM6339601	percent_mito	12.67332521650822	12.334209719493616
D220	GSM6339597	total_rna_umi	27458.4	29083.066666666666
D220	GSM6339597	total_open_peaks	16234.8	16218.866666666667
D220	GSM6339597	state_score	0.5651121618146522	0.514173255040235
D220	GSM6339597	percent_mito	9.726105752369147	10.222722710414518
D220	GSM6339601	total_rna_umi	18307.048387096773	20034.40322580645
D220	GSM6339601	total_open_peaks	10931.58064516129	10882.58064516129
D220	GSM6339601	state_score	0.5355053473247505	0.49074968753857157
D220	GSM6339601	percent_mito	12.414690251108492	12.783999012573682
D221	GSM6339597	total_rna_umi	27190.82608695652	29616.304347826088
D221	GSM6339597	total_open_peaks	18501.0	18479.82608695652
D221	GSM6339597	state_score	0.5234668458267521	0.5199816290397463
D221	GSM6339597	percent_mito	10.612976846958649	10.100046758838165
D221	GSM6339601	total_rna_umi	18630.166666666668	20223.928571428572
D221	GSM6339601	total_open_peaks	11751.92857142857	12121.02380952381
D221	GSM6339601	state_score	0.47943742439334885	0.4811109551122333
D221	GSM6339601	percent_mito	12.300457562178448	12.34271252494556
D222	GSM6339597	total_rna_umi	24807.159090909092	27719.659090909092
D222	GSM6339597	total_open_peaks	14930.386363636364	14895.522727272728
D222	GSM6339597	state_score	0.538709330856616	0.5093704309812259
D222	GSM6339597	percent_mito	10.109872057300146	9.86771134829643
D222	GSM6339601	total_rna_umi	17222.89285714286	19879.654761904763
D222	GSM6339601	total_open_peaks	10777.738095238095	10737.142857142857
D222	GSM6339601	state_score	0.5168941857789401	0.4838009605276226
D222	GSM6339601	percent_mito	12.641717297587393	12.97953479497086
D223	GSM6339597	total_rna_umi	25265.0	28559.970588235294
D223	GSM6339597	total_open_peaks	17484.58823529412	17424.323529411766
D223	GSM6339597	state_score	0.5275414075221928	0.525514106474797
D223	GSM6339597	percent_mito	10.213804933912865	10.375134441897877
D223	GSM6339601	total_rna_umi	17366.076923076922	20087.292307692307
D223	GSM6339601	total_open_peaks	11386.461538461539	11590.492307692308
D223	GSM6339601	state_score	0.4963569700919367	0.4932939862656532
D223	GSM6339601	percent_mito	12.86920999829056	12.392304237914292
D224	GSM6339597	total_rna_umi	27067.17142857143	26971.25
D224	GSM6339597	total_open_peaks	18045.22142857143	18035.442857142858
D224	GSM6339597	state_score	0.5505262287364296	0.525543471116989
D224	GSM6339597	percent_mito	10.024682915375667	9.849202381041977
D224	GSM6339601	total_rna_umi	17321.982832618025	17280.91416309013
D224	GSM6339601	total_open_peaks	11937.510729613734	11932.175965665236
D224	GSM6339601	state_score	0.49276071491863893	0.48333338955441657
D224	GSM6339601	percent_mito	12.144862485519196	12.56045057453311
D225	GSM6339597	total_rna_umi	23647.09677419355	23602.8064516129
D225	GSM6339597	total_open_peaks	18879.209677419356	18879.177419354837
D225	GSM6339597	state_score	0.4805782347162463	0.48064214784184794
D225	GSM6339597	percent_mito	10.443545935444279	10.456785158534613
D225	GSM6339601	total_rna_umi	16148.212962962964	16160.722222222223
D225	GSM6339601	total_open_peaks	11570.666666666666	11576.351851851852
D225	GSM6339601	state_score	0.4275265731778346	0.42847114503814115
D225	GSM6339601	percent_mito	12.556458546351607	12.389419634262742
D226	GSM6339597	total_rna_umi	28268.64245810056	28092.296089385476
D226	GSM6339597	total_open_peaks	16903.41340782123	16923.234636871508
D226	GSM6339597	state_score	0.5658837870201686	0.5405250593594417
D226	GSM6339597	percent_mito	10.099828871279232	9.919322240141307
D226	GSM6339601	total_rna_umi	17926.459558823528	17864.547794117647
D226	GSM6339601	total_open_peaks	11393.386029411764	11388.676470588236
D226	GSM6339601	state_score	0.49774335139202486	0.4832126394500611
D226	GSM6339601	percent_mito	12.237719051440607	12.49645687687311
D227	GSM6339597	total_rna_umi	24711.863636363636	24583.272727272728
D227	GSM6339597	total_open_peaks	17744.78181818182	17729.372727272726
D227	GSM6339597	state_score	0.4954221799920233	0.4956038647343231
D227	GSM6339597	percent_mito	10.403473056498346	10.250977235416093
D227	GSM6339601	total_rna_umi	16668.229946524065	16711.005347593582
D227	GSM6339601	total_open_peaks	11602.652406417112	11627.010695187166
D227	GSM6339601	state_score	0.4500275637912733	0.44908101263319855
D227	GSM6339601	percent_mito	12.260668236873268	12.744093384294368
D228	GSM6339597	total_rna_umi	28346.235897435898	28062.707692307693
D228	GSM6339597	total_open_peaks	16240.835897435898	16291.23076923077
D228	GSM6339597	state_score	0.5673334890844817	0.5390780781478243
D228	GSM6339597	percent_mito	10.090156480458539	10.019147586615114
D228	GSM6339601	total_rna_umi	18019.355072463768	17939.221014492752
D228	GSM6339601	total_open_peaks	11261.5	11259.02536231884
D228	GSM6339601	state_score	0.4989772581899667	0.4845566655879209
D228	GSM6339601	percent_mito	12.203137845057693	12.496092340311343
D229	GSM6339597	total_rna_umi	26179.18181818182	25949.14935064935
D229	GSM6339597	total_open_peaks	17049.31818181818	16962.675324675325
D229	GSM6339597	state_score	0.5265507484366958	0.5269487531711907
D229	GSM6339597	percent_mito	10.372587794447822	9.71558615284654
D229	GSM6339601	total_rna_umi	17368.47967479675	17362.256097560974
D229	GSM6339601	total_open_peaks	11393.056910569107	11237.630081300813
D229	GSM6339601	state_score	0.47658419715523	0.4758626374429069
D229	GSM6339601	percent_mito	12.257737681860062	12.838887206075507
D230	GSM6339597	total_rna_umi	28234.73469387755	27961.132653061224
D230	GSM6339597	total_open_peaks	16179.07142857143	16228.209183673469
D230	GSM6339597	state_score	0.5665036373438074	0.53863573811929
D230	GSM6339597	percent_mito	10.070976441076366	10.015395747389306
D230	GSM6339601	total_rna_umi	18019.355072463768	17939.221014492752
D230	GSM6339601	total_open_peaks	11261.5	11259.02536231884
D230	GSM6339601	state_score	0.4989772581899667	0.4845566655879209
D230	GSM6339601	percent_mito	12.203137845057693	12.496092340311343
D231	GSM6339597	total_rna_umi	26857.95348837209	26424.802325581397
D231	GSM6339597	total_open_peaks	16487.18604651163	16435.3488372093
D231	GSM6339597	state_score	0.5348763065218421	0.5348550556556296
D231	GSM6339597	percent_mito	10.280000231551524	10.075409970135821
D231	GSM6339601	total_rna_umi	17761.509652509652	17688.660231660233
D231	GSM6339601	total_open_peaks	11371.413127413127	11182.486486486487
D231	GSM6339601	state_score	0.4868729285857275	0.486445455164073
D231	GSM6339601	percent_mito	12.288019652601212	12.589805546468611
D232	GSM6339597	total_rna_umi	31736.22857142857	31901.342857142856
D232	GSM6339597	total_open_peaks	20922.685714285715	20867.14285714286
D232	GSM6339597	state_score	0.6051703047550518	0.5568763720401286
D232	GSM6339597	percent_mito	9.633810839005251	9.835560292988106
D232	GSM6339601	total_rna_umi	20120.044444444444	20165.555555555555
D232	GSM6339601	total_open_peaks	12742.133333333333	12632.266666666666
D232	GSM6339601	state_score	0.5498844072178779	0.49055369594507464
D232	GSM6339601	percent_mito	11.298711851078668	13.016000629614814
D233	GSM6339597	total_rna_umi	24794.5	25187.571428571428
D233	GSM6339597	total_open_peaks	19035.571428571428	18915.714285714286
D233	GSM6339597	state_score	0.5060388878064	0.5053943601460653
D233	GSM6339597	percent_mito	11.565364834547816	10.18878367548166
D233	GSM6339601	total_rna_umi	17579.071428571428	17758.928571428572
D233	GSM6339601	total_open_peaks	13301.714285714286	13300.214285714286
D233	GSM6339601	state_score	0.41362397507852566	0.4173898858510943
D233	GSM6339601	percent_mito	13.239459159205525	12.609926293627145
D234	GSM6339597	total_rna_umi	32002.975609756097	32194.414634146342
D234	GSM6339597	total_open_peaks	18371.121951219513	18326.170731707316
D234	GSM6339597	state_score	0.6112964526837966	0.5569737084505358
D234	GSM6339597	percent_mito	9.39222263457908	10.112685052067771
D234	GSM6339601	total_rna_umi	20268.69090909091	20334.109090909093
D234	GSM6339601	total_open_peaks	11547.763636363636	11455.818181818182
D234	GSM6339601	state_score	0.5586348227404188	0.48860555967097824
D234	GSM6339601	percent_mito	11.507080970157665	12.940937165920785
D235	GSM6339597	total_rna_umi	27644.91304347826	28324.17391304348
D235	GSM6339597	total_open_peaks	19513.130434782608	19429.260869565216
D235	GSM6339597	state_score	0.532705129469254	0.5314386503057661
D235	GSM6339597	percent_mito	10.80578701178887	10.369252950794534
D235	GSM6339601	total_rna_umi	18863.25806451613	19300.8064516129
D235	GSM6339601	total_open_peaks	12758.290322580646	12682.225806451614
D235	GSM6339601	state_score	0.4663579647383026	0.46763834013778693
D235	GSM6339601	percent_mito	12.09150627391103	12.899598631630559
D236	GSM6339597	total_rna_umi	32428.191489361703	32438.531914893618
D236	GSM6339597	total_open_peaks	16836.212765957447	16884.659574468085
D236	GSM6339597	state_score	0.6170700470992684	0.5564409699069413
D236	GSM6339597	percent_mito	9.587621313514047	10.358175750658917
D236	GSM6339601	total_rna_umi	20268.69090909091	20334.109090909093
D236	GSM6339601	total_open_peaks	11547.763636363636	11455.818181818182
D236	GSM6339601	state_score	0.5586348227404188	0.48860555967097824
D236	GSM6339601	percent_mito	11.507080970157665	12.940937165920785
D237	GSM6339597	total_rna_umi	30577.61111111111	30451.833333333332
D237	GSM6339597	total_open_peaks	19015.666666666668	18972.25
D237	GSM6339597	state_score	0.5578518847351435	0.557268307036103
D237	GSM6339597	percent_mito	10.171050460701432	10.035283658924957
D237	GSM6339601	total_rna_umi	19240.28888888889	19103.933333333334
D237	GSM6339601	total_open_peaks	11832.444444444445	11719.6
D237	GSM6339601	state_score	0.5049318693772368	0.507348961849688
D237	GSM6339601	percent_mito	11.86394944817199	11.97087784199306
D238	GSM6339597	total_rna_umi	32428.191489361703	32438.531914893618
D238	GSM6339597	total_open_peaks	16836.212765957447	16884.659574468085
D238	GSM6339597	state_score	0.6170700470992684	0.5564409699069413
D238	GSM6339597	percent_mito	9.587621313514047	10.358175750658917
D238	GSM6339601	total_rna_umi	20268.69090909091	20334.109090909093
D238	GSM6339601	total_open_peaks	11547.763636363636	11455.818181818182
D238	GSM6339601	state_score	0.5586348227404188	0.48860555967097824
D238	GSM6339601	percent_mito	11.507080970157665	12.940937165920785
D239	GSM6339597	total_rna_umi	31839.878048780487	31709.560975609755
D239	GSM6339597	total_open_peaks	18012.29268292683	17998.634146341465
D239	GSM6339597	state_score	0.5909628744632152	0.5904791063178955
D239	GSM6339597	percent_mito	10.026381068030764	9.845825004448466
D239	GSM6339601	total_rna_umi	20030.98	19616.82
D239	GSM6339601	total_open_peaks	11441.1	11272.02
D239	GSM6339601	state_score	0.5257284962813007	0.526570994746359
D239	GSM6339601	percent_mito	11.705978646715012	12.132148148571753
D240	GSM6339597	total_rna_umi	42918.0	43124.833333333336
D240	GSM6339597	total_open_peaks	22650.166666666668	22896.666666666668
D240	GSM6339597	state_score	0.7908568096933606	0.6180479580361096
D240	GSM6339597	percent_mito	11.735488422210613	9.21267908072018
D240	GSM6339601	total_rna_umi	18327.714285714286	18379.85714285714
D240	GSM6339601	total_open_peaks	15253.0	15229.57142857143
D240	GSM6339601	state_score	0.5213410939171014	0.4600861607550603
D240	GSM6339601	percent_mito	10.534836116715047	13.617065647092122
D241	GSM6339597	total_rna_umi	35702.5	37249.0
D241	GSM6339597	total_open_peaks	19124.5	18601.0
D241	GSM6339597	state_score	0.6950637393235493	0.6855757239644598
D241	GSM6339597	percent_mito	13.040765800106733	10.096177793965925
D241	GSM6339601	total_rna_umi	20253.0	20561.0
D241	GSM6339601	total_open_peaks	23537.0	24124.0
D241	GSM6339601	state_score	0.5023532495844661	0.5021941387218387
D241	GSM6339601	percent_mito	17.444329235175037	11.439132337921306
D242	GSM6339597	total_rna_umi	37892.77777777778	38264.444444444445
D242	GSM6339597	total_open_peaks	15657.777777777777	15813.444444444445
D242	GSM6339597	state_score	0.7899189523339503	0.5657228104699245
D242	GSM6339597	percent_mito	9.749229714034726	10.410717251578237
D242	GSM6339601	total_rna_umi	19570.75	19931.375
D242	GSM6339601	total_open_peaks	14549.0	14512.75
D242	GSM6339601	state_score	0.5550316821242569	0.46178430113888835
D242	GSM6339601	percent_mito	10.506358795108124	13.369855797921637
D243	GSM6339597	total_rna_umi	35969.4	36346.0
D243	GSM6339597	total_open_peaks	19521.4	19150.2
D243	GSM6339597	state_score	0.6584680560031048	0.6478400036772598
D243	GSM6339597	percent_mito	12.021462422010766	10.45142571878151
D243	GSM6339601	total_rna_umi	17068.0	17004.8
D243	GSM6339601	total_open_peaks	15185.8	15275.0
D243	GSM6339601	state_score	0.4553560616489126	0.4585064681528196
D243	GSM6339601	percent_mito	10.315564262787294	12.364850915997646
D244	GSM6339597	total_rna_umi	34166.545454545456	34257.90909090909
D244	GSM6339597	total_open_peaks	13855.09090909091	13978.818181818182
D244	GSM6339597	state_score	0.7436021097311051	0.538900484189228
D244	GSM6339597	percent_mito	9.994703912341144	10.60874463725104
D244	GSM6339601	total_rna_umi	19570.75	19931.375
D244	GSM6339601	total_open_peaks	14549.0	14512.75
D244	GSM6339601	state_score	0.5550316821242569	0.46178430113888835
D244	GSM6339601	percent_mito	10.506358795108124	13.369855797921637
D245	GSM6339597	total_rna_umi	34568.625	34237.75
D245	GSM6339597	total_open_peaks	18516.75	17930.375
D245	GSM6339597	state_score	0.6978302701320354	0.6936103294951748
D245	GSM6339597	percent_mito	12.329442103525526	9.568669885883322
D245	GSM6339601	total_rna_umi	19570.75	18905.875
D245	GSM6339601	total_open_peaks	14549.0	14365.375
D245	GSM6339601	state_score	0.555031682124257	0.5606987559587997
D245	GSM6339601	percent_mito	10.506358795108122	9.340379825620603
D246	GSM6339597	total_rna_umi	34166.545454545456	34257.90909090909
D246	GSM6339597	total_open_peaks	13855.09090909091	13978.818181818182
D246	GSM6339597	state_score	0.7436021097311051	0.538900484189228
D246	GSM6339597	percent_mito	9.994703912341144	10.60874463725104
D246	GSM6339601	total_rna_umi	19570.75	19931.375
D246	GSM6339601	total_open_peaks	14549.0	14512.75
D246	GSM6339601	state_score	0.5550316821242569	0.46178430113888835
D246	GSM6339601	percent_mito	10.506358795108124	13.369855797921637
D247	GSM6339597	total_rna_umi	34568.625	33996.375
D247	GSM6339597	total_open_peaks	18516.75	17078.5
D247	GSM6339597	state_score	0.6978302701320354	0.6952965063549994
D247	GSM6339597	percent_mito	12.329442103525526	10.059208985505776
D247	GSM6339601	total_rna_umi	19570.75	18905.875
D247	GSM6339601	total_open_peaks	14549.0	14365.375
D247	GSM6339601	state_score	0.555031682124257	0.5606987559587997
D247	GSM6339601	percent_mito	10.506358795108122	9.340379825620603
D248	GSM6339597	total_rna_umi	21719.05386875612	21713.025465230166
D248	GSM6339597	total_open_peaks	14800.066601371205	14798.807051909893
D248	GSM6339597	state_score	0.5023077940654812	0.4856186325544061
D248	GSM6339597	percent_mito	10.12921913867956	10.32079985241827
D248	GSM6339601	total_rna_umi	15951.32315340909	15951.49502840909
D248	GSM6339601	total_open_peaks	10950.696022727272	10952.947443181818
D248	GSM6339601	state_score	0.47122151505187054	0.45044001622949364
D248	GSM6339601	percent_mito	12.462393975525384	12.268726665709732
D249	GSM6339597	total_rna_umi	19957.79315068493	19969.156164383563
D249	GSM6339597	total_open_peaks	15213.719178082192	15218.689041095891
D249	GSM6339597	state_score	0.4617661504727362	0.4615364767196028
D249	GSM6339597	percent_mito	10.419245946851097	10.240851783321133
D249	GSM6339601	total_rna_umi	15063.726829268293	15061.922926829267
D249	GSM6339601	total_open_peaks	11454.642926829269	11457.980487804878
D249	GSM6339601	state_score	0.43312957419941456	0.43299942626705695
D249	GSM6339601	percent_mito	12.360885924321916	12.307011177948201
D250	GSM6339597	total_rna_umi	22118.365137614677	22081.883486238534
D250	GSM6339597	total_open_peaks	14383.37614678899	14387.893577981651
D250	GSM6339597	state_score	0.5060690787598503	0.48710594551207764
D250	GSM6339597	percent_mito	10.103150728873695	10.305971881313363
D250	GSM6339601	total_rna_umi	16001.439258750857	15988.08510638298
D250	GSM6339601	total_open_peaks	10736.287577213452	10739.136582017845
D250	GSM6339601	state_score	0.47224087312520435	0.450098345787863
D250	GSM6339601	percent_mito	12.45872614518348	12.250481039572664
D251	GSM6339597	total_rna_umi	20886.528648648648	20875.019459459458
D251	GSM6339597	total_open_peaks	15005.17945945946	14977.263783783785
D251	GSM6339597	state_score	0.47605285837459094	0.47568492463231615
D251	GSM6339597	percent_mito	10.305057582035419	10.276013055900494
D251	GSM6339601	total_rna_umi	15468.873456790123	15447.956018518518
D251	GSM6339601	total_open_peaks	11043.185185185184	11045.833333333334
D251	GSM6339601	state_score	0.4511718978868801	0.4507612983555124
D251	GSM6339601	percent_mito	12.410501327402443	12.243511841430857
D252	GSM6339597	total_rna_umi	22455.531895777178	22354.657681940702
D252	GSM6339597	total_open_peaks	14167.069182389938	14174.341419586703
D252	GSM6339597	state_score	0.5080835132624781	0.48748784439451004
D252	GSM6339597	percent_mito	10.126704586285772	10.303915459833785
D252	GSM6339601	total_rna_umi	16007.934291581108	15992.827515400411
D252	GSM6339601	total_open_peaks	10713.143052703628	10716.780971937029
D252	GSM6339601	state_score	0.472258924859084	0.45003470982835486
D252	GSM6339601	percent_mito	12.453559870984824	12.24769789975397
D253	GSM6339597	total_rna_umi	21466.44605009634	21306.857418111755
D253	GSM6339597	total_open_peaks	14347.123314065511	14312.726396917149
D253	GSM6339597	state_score	0.48826647344437074	0.48784480509218503
D253	GSM6339597	percent_mito	10.193769493208865	10.424513763763205
D253	GSM6339601	total_rna_umi	15791.375710227272	15714.24502840909
D253	GSM6339601	total_open_peaks	10824.173295454546	10807.167613636364
D253	GSM6339601	state_score	0.46354273700713156	0.46331210838097403
D253	GSM6339601	percent_mito	12.46443240241519	12.216257090960676
D254	GSM6339597	total_rna_umi	22553.18442256043	22416.617726051925
D254	GSM6339597	total_open_peaks	14121.04655326768	14128.852282900627
D254	GSM6339597	state_score	0.5083914680321496	0.4877148201585934
D254	GSM6339597	percent_mito	10.13448589621144	10.297525223089728
D254	GSM6339601	total_rna_umi	16007.934291581108	15992.827515400411
D254	GSM6339601	total_open_peaks	10713.143052703628	10716.780971937029
D254	GSM6339601	state_score	0.472258924859084	0.45003470982835486
D254	GSM6339601	percent_mito	12.453559870984824	12.24769789975397
D255	GSM6339597	total_rna_umi	21679.785781990522	21382.061611374407
D255	GSM6339597	total_open_peaks	14298.767772511848	14268.771563981043
D255	GSM6339597	state_score	0.49092355925489445	0.49090196350231446
D255	GSM6339597	percent_mito	10.163276690379146	10.429302788604867
D255	GSM6339601	total_rna_umi	15904.12022237665	15771.831827658096
D255	GSM6339601	total_open_peaks	10738.3106323836	10715.236970118138
D255	GSM6339601	state_score	0.4674331361982078	0.46747257818160337
D255	GSM6339601	percent_mito	12.45459155690042	12.13248907388263
D256	GSM6339597	total_rna_umi	27062.36931818182	26967.36931818182
D256	GSM6339597	total_open_peaks	17173.420454545456	17142.68181818182
D256	GSM6339597	state_score	0.5531036466588752	0.5014500661455835
D256	GSM6339597	percent_mito	10.050074751495908	10.546030784212894
D256	GSM6339601	total_rna_umi	17648.5223880597	17648.201492537315
D256	GSM6339601	total_open_peaks	11489.555970149253	11490.735074626866
D256	GSM6339601	state_score	0.4958843055637569	0.4691518340845219
D256	GSM6339601	percent_mito	12.258293388893115	12.267311591907095
D257	GSM6339597	total_rna_umi	23902.129310344826	23881.887931034482
D257	GSM6339597	total_open_peaks	17234.189655172413	17286.758620689656
D257	GSM6339597	state_score	0.48497831731555024	0.48380052833605447
D257	GSM6339597	percent_mito	10.661704188615866	10.08974328062733
D257	GSM6339601	total_rna_umi	16515.589189189188	16496.443243243244
D257	GSM6339601	total_open_peaks	11616.827027027028	11596.416216216216
D257	GSM6339601	state_score	0.4441737734186244	0.4441227468720777
D257	GSM6339601	percent_mito	12.218158464099282	12.274559325916325
D258	GSM6339597	total_rna_umi	27737.494736842105	27607.452631578948
D258	GSM6339597	total_open_peaks	16546.947368421053	16538.98947368421
D258	GSM6339597	state_score	0.560967652423968	0.504844834899293
D258	GSM6339597	percent_mito	10.049871125657075	10.517468706497356
D258	GSM6339601	total_rna_umi	17858.098181818183	17859.934545454544
D258	GSM6339601	total_open_peaks	11299.447272727273	11304.807272727272
D258	GSM6339601	state_score	0.4981378710771757	0.46903257353272426
D258	GSM6339601	percent_mito	12.208296364473368	12.246109364549861
D259	GSM6339597	total_rna_umi	25495.46405228758	25497.993464052288
D259	GSM6339597	total_open_peaks	16940.503267973858	16963.555555555555
D259	GSM6339597	state_score	0.5066570398515395	0.5059362944504028
D259	GSM6339597	percent_mito	10.360094634374724	10.10189012846239
D259	GSM6339601	total_rna_umi	16996.15702479339	16971.37603305785
D259	GSM6339601	total_open_peaks	11459.11570247934	11456.13223140496
D259	GSM6339601	state_score	0.46713280757006775	0.4666985263339356
D259	GSM6339601	percent_mito	12.2299912436104	12.216974835848157
D260	GSM6339597	total_rna_umi	28099.728205128205	27896.866666666665
D260	GSM6339597	total_open_peaks	16256.328205128206	16259.42564102564
D260	GSM6339597	state_score	0.5669064031138797	0.5046628160580127
D260	GSM6339597	percent_mito	10.066698241573627	10.508750831095453
D260	GSM6339601	total_rna_umi	17961.093862815884	17960.758122743682
D260	GSM6339601	total_open_peaks	11228.151624548736	11234.657039711192
D260	GSM6339601	state_score	0.49853133042462117	0.4698177535969647
D260	GSM6339601	percent_mito	12.190175037643723	12.257104032477024
D261	GSM6339597	total_rna_umi	26113.579881656806	25777.662721893492
D261	GSM6339597	total_open_peaks	16468.094674556214	16522.455621301775
D261	GSM6339597	state_score	0.5212819959615934	0.5206461572223254
D261	GSM6339597	percent_mito	10.166417295943727	10.389302189114755
D261	GSM6339601	total_rna_umi	17685.294776119405	17549.608208955226
D261	GSM6339601	total_open_peaks	11153.35447761194	11194.541044776119
D261	GSM6339601	state_score	0.4874835742232644	0.48671648284567576
D261	GSM6339601	percent_mito	12.268325230363006	12.026636025141762
D262	GSM6339597	total_rna_umi	28234.73469387755	27981.84693877551
D262	GSM6339597	total_open_peaks	16179.07142857143	16181.974489795919
D262	GSM6339597	state_score	0.5665036373438074	0.504462397609478
D262	GSM6339597	percent_mito	10.070976441076366	10.518061414205388
D262	GSM6339601	total_rna_umi	17961.093862815884	17960.758122743682
D262	GSM6339601	total_open_peaks	11228.151624548736	11234.657039711192
D262	GSM6339601	state_score	0.49853133042462117	0.4698177535969647
D262	GSM6339601	percent_mito	12.190175037643723	12.257104032477024
D263	GSM6339597	total_rna_umi	26853.830508474577	26105.186440677968
D263	GSM6339597	total_open_peaks	16491.74011299435	16554.474576271186
D263	GSM6339597	state_score	0.5308949235627556	0.5300312118449199
D263	GSM6339597	percent_mito	10.16630821136244	10.323133800391368
D263	GSM6339601	total_rna_umi	17804.89667896679	17567.656826568265
D263	GSM6339601	total_open_peaks	11243.387453874539	11261.435424354244
D263	GSM6339601	state_score	0.4912834756414005	0.4906491188491136
D263	GSM6339601	percent_mito	12.243700994263303	12.03742439291574
D264	GSM6339597	total_rna_umi	27177.433333333334	27087.13888888889
D264	GSM6339597	total_open_peaks	17109.777777777777	17089.68888888889
D264	GSM6339597	state_score	0.5540075322173833	0.5076131746521984
D264	GSM6339597	percent_mito	10.111065007426543	10.566701911434189
D264	GSM6339601	total_rna_umi	17810.332103321034	17800.82287822878
D264	GSM6339601	total_open_peaks	11430.365313653136	11429.361623616236
D264	GSM6339601	state_score	0.4970225434520494	0.4778510941888249
D264	GSM6339601	percent_mito	12.228486737984788	12.224397048089264
D265	GSM6339597	total_rna_umi	24301.22950819672	24308.139344262294
D265	GSM6339597	total_open_peaks	17418.90163934426	17471.67213114754
D265	GSM6339597	state_score	0.4939034602088508	0.493782256943703
D265	GSM6339597	percent_mito	10.653533873611316	10.096579567462683
D265	GSM6339601	total_rna_umi	16880.633663366338	16869.925742574258
D265	GSM6339601	total_open_peaks	11576.272277227723	11564.133663366336
D265	GSM6339601	state_score	0.45341808466731653	0.4531221812916766
D265	GSM6339601	percent_mito	12.331149177337895	12.269303510341562
D266	GSM6339597	total_rna_umi	27941.113989637306	27773.38341968912
D266	GSM6339597	total_open_peaks	16321.896373056994	16306.937823834196
D266	GSM6339597	state_score	0.5621655213410892	0.5131296559965149
D266	GSM6339597	percent_mito	10.049265112269842	10.547620822808392
D266	GSM6339601	total_rna_umi	17912.858695652172	17907.010869565216
D266	GSM6339601	total_open_peaks	11266.210144927536	11266.521739130434
D266	GSM6339601	state_score	0.4979130545630263	0.47720776674669346
D266	GSM6339601	percent_mito	12.196238269096723	12.199997201668737
D267	GSM6339597	total_rna_umi	25977.54375	26013.13125
D267	GSM6339597	total_open_peaks	16979.175	16959.9
D267	GSM6339597	state_score	0.5190515903240036	0.5187143607001415
D267	GSM6339597	percent_mito	10.234271613195759	9.876186591950335
D267	GSM6339601	total_rna_umi	17118.445344129555	17120.647773279354
D267	GSM6339601	total_open_peaks	11402.939271255062	11387.838056680162
D267	GSM6339601	state_score	0.4715576968876271	0.47074708425269096
D267	GSM6339601	percent_mito	12.256357289063912	12.39446791244272
D268	GSM6339597	total_rna_umi	28234.73469387755	28023.95408163265
D268	GSM6339597	total_open_peaks	16179.07142857143	16169.841836734693
D268	GSM6339597	state_score	0.5665036373438074	0.5134646900236017
D268	GSM6339597	percent_mito	10.070976441076366	10.542941449468078
D268	GSM6339601	total_rna_umi	17961.093862815884	17950.95667870036
D268	GSM6339601	total_open_peaks	11228.151624548736	11228.808664259928
D268	GSM6339601	state_score	0.4985313304246211	0.47711805865017926
D268	GSM6339601	percent_mito	12.190175037643723	12.200756198636366
D269	GSM6339597	total_rna_umi	27119.290502793297	26896.083798882682
D269	GSM6339597	total_open_peaks	16773.91061452514	16747.882681564246
D269	GSM6339597	state_score	0.5429674603224466	0.542802279178749
D269	GSM6339597	percent_mito	10.158625356822208	10.104682199347565
D269	GSM6339601	total_rna_umi	17685.294776119405	17561.123134328358
D269	GSM6339601	total_open_peaks	11153.35447761194	11200.220149253732
D269	GSM6339601	state_score	0.4874835742232644	0.48714949216430203
D269	GSM6339601	percent_mito	12.268325230363004	12.23287081176801
D270	GSM6339597	total_rna_umi	28234.73469387755	28023.95408163265
D270	GSM6339597	total_open_peaks	16179.07142857143	16169.841836734693
D270	GSM6339597	state_score	0.5665036373438074	0.5134646900236017
D270	GSM6339597	percent_mito	10.070976441076366	10.542941449468078
D270	GSM6339601	total_rna_umi	17961.093862815884	17950.95667870036
D270	GSM6339601	total_open_peaks	11228.151624548736	11228.808664259928
D270	GSM6339601	state_score	0.4985313304246211	0.47711805865017926
D270	GSM6339601	percent_mito	12.190175037643723	12.200756198636366
D271	GSM6339597	total_rna_umi	27697.07027027027	27128.535135135135
D271	GSM6339597	total_open_peaks	16644.421621621623	16602.297297297297
D271	GSM6339597	state_score	0.5476735444195858	0.546680782423115
D271	GSM6339597	percent_mito	10.24041070794892	10.0937232061611
D271	GSM6339601	total_rna_umi	17865.069852941175	17650.91176470588
D271	GSM6339601	total_open_peaks	11272.3125	11268.154411764706
D271	GSM6339601	state_score	0.4923276591596434	0.49203173361673935
D271	GSM6339601	percent_mito	12.232082461721184	12.20649946747017
D272	GSM6339597	total_rna_umi	34164.13333333333	34309.53333333333
D272	GSM6339597	total_open_peaks	21543.333333333332	21486.133333333335
D272	GSM6339597	state_score	0.6762628325575094	0.5418081053711182
D272	GSM6339597	percent_mito	9.70916897165989	9.290423767718902
D272	GSM6339601	total_rna_umi	20877.904761904763	21127.380952380954
D272	GSM6339601	total_open_peaks	14230.57142857143	14088.047619047618
D272	GSM6339601	state_score	0.5625187249350195	0.49501118945914835
D272	GSM6339601	percent_mito	11.822704001821561	13.722708332251866
D273	GSM6339597	total_rna_umi	34033.857142857145	34974.857142857145
D273	GSM6339597	total_open_peaks	24007.428571428572	23991.85714285714
D273	GSM6339597	state_score	0.5926493516202964	0.5845771556200736
D273	GSM6339597	percent_mito	11.793579644111919	11.242582997806533
D273	GSM6339601	total_rna_umi	19528.375	19784.0
D273	GSM6339601	total_open_peaks	16517.0	16605.0
D273	GSM6339601	state_score	0.435050157908737	0.43462896458835015
D273	GSM6339601	percent_mito	13.90746496895045	12.07991196417683
D274	GSM6339597	total_rna_umi	33762.055555555555	34333.11111111111
D274	GSM6339597	total_open_peaks	19165.777777777777	19023.0
D274	GSM6339597	state_score	0.6646484178237627	0.5792811826361431
D274	GSM6339597	percent_mito	9.504075293306988	9.846253827391084
D274	GSM6339601	total_rna_umi	20098.885714285716	20741.77142857143
D274	GSM6339601	total_open_peaks	12987.714285714286	12809.171428571428
D274	GSM6339601	state_score	0.561868019742126	0.4931427659423493
D274	GSM6339601	percent_mito	12.155139218167617	13.502999300598082
D275	GSM6339597	total_rna_umi	32811.63636363636	33947.09090909091
D275	GSM6339597	total_open_peaks	22647.636363636364	22852.454545454544
D275	GSM6339597	state_score	0.5598511041272003	0.5522415764146941
D275	GSM6339597	percent_mito	10.883332417133092	10.763370563682193
D275	GSM6339601	total_rna_umi	19422.352941176472	19964.764705882353
D275	GSM6339601	total_open_peaks	14820.176470588236	14794.0
D275	GSM6339601	state_score	0.4641667737315383	0.46339681589623544
D275	GSM6339601	percent_mito	13.11453467125589	12.491483408264136
D276	GSM6339597	total_rna_umi	29070.96875	31092.0625
D276	GSM6339597	total_open_peaks	17570.34375	17477.03125
D276	GSM6339597	state_score	0.5916915881970136	0.5611700011793923
D276	GSM6339597	percent_mito	10.240901170577725	10.780304993167206
D276	GSM6339601	total_rna_umi	18628.581818181818	20136.0
D276	GSM6339601	total_open_peaks	11325.836363636363	11236.290909090909
D276	GSM6339601	state_score	0.5376575887216342	0.4830694846900524
D276	GSM6339601	percent_mito	12.556545673570588	13.244082892055022
D277	GSM6339597	total_rna_umi	30158.95238095238	32300.14285714286
D277	GSM6339597	total_open_peaks	20817.0	20287.571428571428
D277	GSM6339597	state_score	0.5693047691253369	0.5629738086272282
D277	GSM6339597	percent_mito	11.16445731800611	10.50396669897514
D277	GSM6339601	total_rna_umi	18851.736842105263	20253.42105263158
D277	GSM6339601	total_open_peaks	12319.0	12441.5
D277	GSM6339601	state_score	0.48611431280530076	0.48786873308372014
D277	GSM6339601	percent_mito	12.605478193943606	12.461700538693048
D278	GSM6339597	total_rna_umi	26743.488372093023	29844.86046511628
D278	GSM6339597	total_open_peaks	16049.279069767443	15942.023255813954
D278	GSM6339597	state_score	0.5676510490214443	0.5622096503584287
D278	GSM6339597	percent_mito	10.49582693942641	10.836155175479526
D278	GSM6339601	total_rna_umi	17401.30769230769	20054.5641025641
D278	GSM6339601	total_open_peaks	10902.73076923077	10886.76923076923
D278	GSM6339601	state_score	0.5171308186578978	0.482899989726051
D278	GSM6339601	percent_mito	12.745678924601144	13.033099470078621
D279	GSM6339597	total_rna_umi	27052.333333333332	30857.027777777777
D279	GSM6339597	total_open_peaks	17708.305555555555	17831.88888888889
D279	GSM6339597	state_score	0.5607333629162542	0.5598800550510138
D279	GSM6339597	percent_mito	10.61657095905499	10.115667052062983
D279	GSM6339601	total_rna_umi	17749.033333333333	20418.4
D279	GSM6339601	total_open_peaks	11772.566666666668	11759.8
D279	GSM6339601	state_score	0.4940371162136375	0.49247419504955375
D279	GSM6339601	percent_mito	12.93073721323379	12.777886416360014
D280	GSM6339597	total_rna_umi	23197.4	23514.0
D280	GSM6339597	total_open_peaks	21441.9	21338.6
D280	GSM6339597	state_score	0.4511297174156077	0.4854965784703123
D280	GSM6339597	percent_mito	12.762086067362477	10.045000195220233
D280	GSM6339601	total_rna_umi	17024.59375	16943.375
D280	GSM6339601	total_open_peaks	12728.71875	12786.625
D280	GSM6339601	state_score	0.4246930685456328	0.45245909565626347
D280	GSM6339601	percent_mito	12.411564890748508	12.140373985460363
D281	GSM6339597	total_rna_umi	19283.666666666668	19748.333333333332
D281	GSM6339597	total_open_peaks	22035.333333333332	21813.666666666668
D281	GSM6339597	state_score	0.4510764838294179	0.4509366545469873
D281	GSM6339597	percent_mito	11.011262936699234	10.35082267224159
D281	GSM6339601	total_rna_umi	17032.18181818182	16898.18181818182
D281	GSM6339601	total_open_peaks	12324.272727272728	12275.181818181818
D281	GSM6339601	state_score	0.4030241204612881	0.3981944844966039
D281	GSM6339601	percent_mito	12.589260475245931	11.083126998303566
D282	GSM6339597	total_rna_umi	22596.70588235294	22328.941176470587
D282	GSM6339597	total_open_peaks	19993.470588235294	20296.0
D282	GSM6339597	state_score	0.47244232136938935	0.47413479690980437
D282	GSM6339597	percent_mito	11.372228649456755	10.298488011969123
D282	GSM6339601	total_rna_umi	17513.160714285714	17465.35714285714
D282	GSM6339601	total_open_peaks	11109.357142857143	11158.107142857143
D282	GSM6339601	state_score	0.4260776707595696	0.4507702381459585
D282	GSM6339601	percent_mito	11.821024352060123	12.157547530632481
D283	GSM6339597	total_rna_umi	19995.2	20409.4
D283	GSM6339597	total_open_peaks	20339.6	20241.6
D283	GSM6339597	state_score	0.4539333954762207	0.4549722436950061
D283	GSM6339597	percent_mito	11.716496821127617	11.601416755580416
D283	GSM6339601	total_rna_umi	17239.5	17094.821428571428
D283	GSM6339601	total_open_peaks	11743.32142857143	11860.17857142857
D283	GSM6339601	state_score	0.40146857519379286	0.4017647119785351
D283	GSM6339601	percent_mito	11.883396458007311	10.95459303054856
D284	GSM6339597	total_rna_umi	26386.956521739132	26058.956521739132
D284	GSM6339597	total_open_peaks	21275.565217391304	22104.695652173912
D284	GSM6339597	state_score	0.47068875673988264	0.4706229369869053
D284	GSM6339597	percent_mito	11.234928202780125	9.965577670805832
D284	GSM6339601	total_rna_umi	17423.830769230768	17277.23076923077
D284	GSM6339601	total_open_peaks	10902.876923076923	10916.553846153845
D284	GSM6339601	state_score	0.42608878330888456	0.44706676970286746
D284	GSM6339601	percent_mito	11.864992746044242	12.216865734389412
D285	GSM6339597	total_rna_umi	24601.909090909092	24557.636363636364
D285	GSM6339597	total_open_peaks	20286.18181818182	20766.909090909092
D285	GSM6339597	state_score	0.4612362239771772	0.46085007245650705
D285	GSM6339597	percent_mito	11.60971411129927	10.994507193276421
D285	GSM6339601	total_rna_umi	16638.229166666668	16459.666666666668
D285	GSM6339601	total_open_peaks	10524.4375	10646.3125
D285	GSM6339601	state_score	0.3946294941305371	0.3942707926037292
D285	GSM6339601	percent_mito	11.708633587732805	12.17259611246312
D286	GSM6339597	total_rna_umi	27162.56	26790.12
D286	GSM6339597	total_open_peaks	21221.36	22498.28
D286	GSM6339597	state_score	0.4737721353915946	0.4731087003112526
D286	GSM6339597	percent_mito	11.24116619390781	9.705130341447969
D286	GSM6339601	total_rna_umi	17423.830769230768	17277.23076923077
D286	GSM6339601	total_open_peaks	10902.876923076923	10916.553846153845
D286	GSM6339601	state_score	0.42608878330888456	0.44706676970286746
D286	GSM6339601	percent_mito	11.864992746044242	12.216865734389412
D287	GSM6339597	total_rna_umi	23284.14285714286	23648.428571428572
D287	GSM6339597	total_open_peaks	19187.5	20036.14285714286
D287	GSM6339597	state_score	0.4711900903429653	0.46994801184606966
D287	GSM6339597	percent_mito	11.100270021383281	10.429853670467361
D287	GSM6339601	total_rna_umi	17081.035087719298	17298.140350877195
D287	GSM6339601	total_open_peaks	11342.842105263158	11350.245614035088
D287	GSM6339601	state_score	0.4054588524579336	0.4038030101916169
D287	GSM6339601	percent_mito	11.740356416491474	12.339126039497733
D288	GSM6339597	total_rna_umi	26936.25	27198.5
D288	GSM6339597	total_open_peaks	22664.75	22110.5
D288	GSM6339597	state_score	0.470170973863026	0.5313868860927227
D288	GSM6339597	percent_mito	13.790770732898014	8.50592786187255
D288	GSM6339601	total_rna_umi	15305.0	15396.333333333334
D288	GSM6339601	total_open_peaks	12719.166666666666	12610.333333333334
D288	GSM6339601	state_score	0.38732681049197976	0.3944971668430559
D288	GSM6339601	percent_mito	12.42261418046236	12.429767891347623
D289	GSM6339601	total_rna_umi	15468.666666666666	15420.0
D289	GSM6339601	total_open_peaks	13641.666666666666	13604.666666666666
D289	GSM6339601	state_score	0.3743526729449968	0.37281064245378204
D289	GSM6339601	percent_mito	13.24784957738233	11.18873609395874
D290	GSM6339597	total_rna_umi	26754.5	27198.5
D290	GSM6339597	total_open_peaks	22178.0	22110.5
D290	GSM6339597	state_score	0.500444694961292	0.5313868860927227
D290	GSM6339597	percent_mito	12.077073110821887	8.50592786187255
D290	GSM6339601	total_rna_umi	15334.666666666666	15586.111111111111
D290	GSM6339601	total_open_peaks	11578.111111111111	11564.666666666666
D290	GSM6339601	state_score	0.38331178430692253	0.40056221545053167
D290	GSM6339601	percent_mito	11.951840843343009	12.436174407385343
D291	GSM6339597	total_rna_umi	19516.0	18642.0
D291	GSM6339597	total_open_peaks	19801.0	18576.0
D291	GSM6339597	state_score	0.4487031652787236	0.4421610376529858
D291	GSM6339597	percent_mito	12.230989956958393	15.100311125415727
D291	GSM6339601	total_rna_umi	16949.0	16609.75
D291	GSM6339601	total_open_peaks	15207.25	15946.0
D291	GSM6339601	state_score	0.3938808142096494	0.4026760929652645
D291	GSM6339601	percent_mito	12.38095497172305	11.42340712487851
D292	GSM6339597	total_rna_umi	35060.375	33029.25
D292	GSM6339597	total_open_peaks	23408.125	24816.875
D292	GSM6339597	state_score	0.4918133904984144	0.48939023999807
D292	GSM6339597	percent_mito	11.689587533565478	9.174894253930535
D292	GSM6339601	total_rna_umi	15410.5	15511.916666666666
D292	GSM6339601	total_open_peaks	9235.75	9258.25
D292	GSM6339601	state_score	0.38583558589675104	0.4112158178787173
D292	GSM6339601	percent_mito	12.391782489463155	12.60316849894802
D293	GSM6339597	total_rna_umi	30708.333333333332	27317.0
D293	GSM6339597	total_open_peaks	21758.333333333332	21237.0
D293	GSM6339597	state_score	0.43647018134274135	0.4361682926218556
D293	GSM6339597	percent_mito	12.59744334876462	12.588746449049339
D293	GSM6339601	total_rna_umi	14925.181818181818	14798.454545454546
D293	GSM6339601	total_open_peaks	9990.0	10214.272727272728
D293	GSM6339601	state_score	0.382170191363223	0.3843249397890677
D293	GSM6339601	percent_mito	12.16139721294981	13.472457590992347
D294	GSM6339597	total_rna_umi	35060.375	33029.25
D294	GSM6339597	total_open_peaks	23408.125	24816.875
D294	GSM6339597	state_score	0.4918133904984144	0.48939023999807
D294	GSM6339597	percent_mito	11.689587533565478	9.174894253930535
D294	GSM6339601	total_rna_umi	15410.5	15511.916666666666
D294	GSM6339601	total_open_peaks	9235.75	9258.25
D294	GSM6339601	state_score	0.38583558589675104	0.4112158178787173
D294	GSM6339601	percent_mito	12.391782489463155	12.60316849894802
D295	GSM6339597	total_rna_umi	30708.333333333332	27317.0
D295	GSM6339597	total_open_peaks	21758.333333333332	21237.0
D295	GSM6339597	state_score	0.43647018134274135	0.4361682926218556
D295	GSM6339597	percent_mito	12.59744334876462	12.588746449049339
D295	GSM6339601	total_rna_umi	15410.5	15469.0
D295	GSM6339601	total_open_peaks	9235.75	9633.666666666666
D295	GSM6339601	state_score	0.38583558589675104	0.38770774042491185
D295	GSM6339601	percent_mito	12.391782489463154	13.059201190268368
D296	GSM6339601	total_rna_umi	10642.0	10547.0
D296	GSM6339601	total_open_peaks	9884.0	10037.0
D296	GSM6339601	state_score	0.3099325080730082	0.3725292080370306
D296	GSM6339601	percent_mito	9.875963164818645	14.155684080781263
D298	GSM6339601	total_rna_umi	13194.5	13575.5
D298	GSM6339601	total_open_peaks	12447.5	12866.5
D298	GSM6339601	state_score	0.355157554828886	0.40323232669054876
D298	GSM6339601	percent_mito	11.145513175728684	14.87114485898856
D300	GSM6339601	total_rna_umi	13194.5	13575.5
D300	GSM6339601	total_open_peaks	12447.5	12866.5
D300	GSM6339601	state_score	0.355157554828886	0.40323232669054876
D300	GSM6339601	percent_mito	11.145513175728684	14.87114485898856
D301	GSM6339601	total_rna_umi	13194.5	14104.0
D301	GSM6339601	total_open_peaks	12447.5	13700.0
D301	GSM6339601	state_score	0.355157554828886	0.36177775251306726
D301	GSM6339601	percent_mito	11.145513175728684	14.032106974642419
D302	GSM6339601	total_rna_umi	13194.5	13575.5
D302	GSM6339601	total_open_peaks	12447.5	12866.5
D302	GSM6339601	state_score	0.355157554828886	0.40323232669054876
D302	GSM6339601	percent_mito	11.145513175728684	14.87114485898856
D303	GSM6339601	total_rna_umi	13194.5	14104.0
D303	GSM6339601	total_open_peaks	12447.5	13700.0
D303	GSM6339601	state_score	0.355157554828886	0.36177775251306726
D303	GSM6339601	percent_mito	11.145513175728684	14.032106974642419
D304	GSM6339597	total_rna_umi	24871.42372881356	24975.915254237287
D304	GSM6339597	total_open_peaks	18545.118644067796	18469.474576271186
D304	GSM6339597	state_score	0.4774544965276205	0.464123776664678
D304	GSM6339597	percent_mito	10.094057455880563	10.523456858561048
D304	GSM6339601	total_rna_umi	15246.0703125	15286.7421875
D304	GSM6339601	total_open_peaks	10633.9375	10642.22265625
D304	GSM6339601	state_score	0.41136714833031385	0.41248153081524347
D304	GSM6339601	percent_mito	12.239283002656926	12.534840999970607
D305	GSM6339597	total_rna_umi	23285.722222222223	23494.222222222223
D305	GSM6339597	total_open_peaks	17836.444444444445	17777.11111111111
D305	GSM6339597	state_score	0.44769575804321643	0.4479264013082243
D305	GSM6339597	percent_mito	10.662287926220465	10.91460879109818
D305	GSM6339601	total_rna_umi	13877.897260273972	13858.684931506848
D305	GSM6339601	total_open_peaks	10324.54109589041	10349.205479452055
D305	GSM6339601	state_score	0.3828888461822391	0.3848483279726999
D305	GSM6339601	percent_mito	12.064323352087683	11.985997687283978
D306	GSM6339597	total_rna_umi	23709.7	23780.777777777777
D306	GSM6339597	total_open_peaks	18715.944444444445	18702.966666666667
D306	GSM6339597	state_score	0.4727492429637293	0.45787203723548525
D306	GSM6339597	percent_mito	10.510061140130349	10.535095174352893
D306	GSM6339601	total_rna_umi	15721.259136212624	15763.189368770763
D306	GSM6339601	total_open_peaks	10437.308970099668	10444.269102990032
D306	GSM6339601	state_score	0.4191548492716525	0.41441678809716015
D306	GSM6339601	percent_mito	12.301527853420657	12.411381975512263
D307	GSM6339597	total_rna_umi	22858.255319148935	22610.297872340427
D307	GSM6339597	total_open_peaks	18110.893617021276	18012.44680851064
D307	GSM6339597	state_score	0.4524231842353699	0.4505971558971151
D307	GSM6339597	percent_mito	10.976345160978427	11.395572243872333
D307	GSM6339601	total_rna_umi	14855.0625	14852.580357142857
D307	GSM6339601	total_open_peaks	10380.6875	10366.22767857143
D307	GSM6339601	state_score	0.39075462377740483	0.3909339903938131
D307	GSM6339601	percent_mito	12.061111674454041	11.929305000350329
D308	GSM6339597	total_rna_umi	23220.78431372549	23345.08823529412
D308	GSM6339597	total_open_peaks	17199.117647058825	17180.607843137255
D308	GSM6339597	state_score	0.47683065819677833	0.4561932451899161
D308	GSM6339597	percent_mito	10.37368791217359	10.417787442515555
D308	GSM6339601	total_rna_umi	15857.079617834395	15807.79617834395
D308	GSM6339601	total_open_peaks	10290.289808917198	10288.003184713376
D308	GSM6339601	state_score	0.4219464903264986	0.41503695433444665
D308	GSM6339601	percent_mito	12.29804923888685	12.415605135271393
D309	GSM6339597	total_rna_umi	22168.45	21919.55
D309	GSM6339597	total_open_peaks	17560.2875	16874.15
D309	GSM6339597	state_score	0.4542320077318392	0.45142983242835477
D309	GSM6339597	percent_mito	10.606371820690933	10.96279209456963
D309	GSM6339601	total_rna_umi	15132.731884057972	15099.391304347826
D309	GSM6339601	total_open_peaks	10502.800724637682	10520.590579710144
D309	GSM6339601	state_score	0.39970990992868727	0.39966623019231695
D309	GSM6339601	percent_mito	12.22696191764663	11.99233086956302
D310	GSM6339597	total_rna_umi	23196.14150943396	23322.14150943396
D310	GSM6339597	total_open_peaks	16774.22641509434	16757.962264150945
D310	GSM6339597	state_score	0.4762150001225294	0.4559501879928185
D310	GSM6339597	percent_mito	10.361257023739602	10.465945047523077
D310	GSM6339601	total_rna_umi	15961.246835443038	15864.072784810127
D310	GSM6339601	total_open_peaks	10247.148734177215	10244.120253164558
D310	GSM6339601	state_score	0.4218932787383711	0.41573085561879053
D310	GSM6339601	percent_mito	12.282191202460806	12.414340757958115
D311	GSM6339597	total_rna_umi	22377.5	21920.08695652174
D311	GSM6339597	total_open_peaks	17405.902173913044	17040.358695652172
D311	GSM6339597	state_score	0.45852458810740926	0.45719815016082566
D311	GSM6339597	percent_mito	10.469237690821638	11.032301467861092
D311	GSM6339601	total_rna_umi	15262.308474576272	15227.074576271187
D311	GSM6339601	total_open_peaks	10395.305084745763	10394.769491525423
D311	GSM6339601	state_score	0.40768855471432064	0.407340883737187
D311	GSM6339601	percent_mito	12.238349313587365	11.899238994174068
D312	GSM6339597	total_rna_umi	27817.555555555555	27753.0
D312	GSM6339597	total_open_peaks	19958.222222222223	19736.722222222223
D312	GSM6339597	state_score	0.4788770048676542	0.47136836971926244
D312	GSM6339597	percent_mito	11.337126611299263	9.651281410617242
D312	GSM6339601	total_rna_umi	16362.235294117647	16434.607843137255
D312	GSM6339601	total_open_peaks	11360.70588235294	11355.745098039215
D312	GSM6339601	state_score	0.4104680489428948	0.42184033630019785
D312	GSM6339601	percent_mito	11.890674118978897	12.778562444662644
D313	GSM6339597	total_rna_umi	22121.6	22276.6
D313	GSM6339597	total_open_peaks	17562.4	17513.6
D313	GSM6339597	state_score	0.43999477140666937	0.43879311345659777
D313	GSM6339597	percent_mito	13.114268277043056	10.21081920138075
D313	GSM6339601	total_rna_umi	15045.916666666666	15028.5
D313	GSM6339601	total_open_peaks	11292.027777777777	11316.888888888889
D313	GSM6339601	state_score	0.3922949012582826	0.3940826615077704
D313	GSM6339601	percent_mito	12.171085531884435	11.791369698601969
D314	GSM6339597	total_rna_umi	27162.56	27209.52
D314	GSM6339597	total_open_peaks	21221.36	21018.6
D314	GSM6339597	state_score	0.47377213539159463	0.4672682726154656
D314	GSM6339597	percent_mito	11.24116619390781	9.81645129024189
D314	GSM6339601	total_rna_umi	16951.5873015873	16994.85714285714
D314	GSM6339601	total_open_peaks	11147.587301587302	11144.984126984127
D314	GSM6339601	state_score	0.42375511443179226	0.4152566468492343
D314	GSM6339601	percent_mito	11.906574759605482	12.41281286031899
D315	GSM6339597	total_rna_umi	23200.272727272728	23032.18181818182
D315	GSM6339597	total_open_peaks	17149.18181818182	17217.272727272728
D315	GSM6339597	state_score	0.4421148995869725	0.4430004931886517
D315	GSM6339597	percent_mito	11.930910643723564	11.163915386637669
D315	GSM6339601	total_rna_umi	16216.943396226416	16313.018867924528
D315	GSM6339601	total_open_peaks	11163.32075471698	11169.981132075472
D315	GSM6339601	state_score	0.40011338202816066	0.39992912680605486
D315	GSM6339601	percent_mito	11.909366140313965	12.163020676322516
D316	GSM6339597	total_rna_umi	27162.56	27209.52
D316	GSM6339597	total_open_peaks	21221.36	21018.6
D316	GSM6339597	state_score	0.47377213539159463	0.4672682726154656
D316	GSM6339597	percent_mito	11.24116619390781	9.81645129024189
D316	GSM6339601	total_rna_umi	17180.890625	17154.890625
D316	GSM6339601	total_open_peaks	11040.015625	11033.21875
D316	GSM6339601	state_score	0.4259325375297743	0.41684029749957574
D316	GSM6339601	percent_mito	11.91162916331807	12.497206456417292
D317	GSM6339597	total_rna_umi	24094.222222222223	23285.277777777777
D317	GSM6339597	total_open_peaks	19445.555555555555	18922.38888888889
D317	GSM6339597	state_score	0.4507638346107055	0.4495680806124105
D317	GSM6339597	percent_mito	11.646172562652511	10.469945033034755
D317	GSM6339601	total_rna_umi	16515.542372881355	16689.084745762713
D317	GSM6339601	total_open_peaks	11207.440677966102	11168.135593220339
D317	GSM6339601	state_score	0.40484225116955896	0.4049350928987849
D317	GSM6339601	percent_mito	11.757188577674356	12.391271934787058
D318	GSM6339597	total_rna_umi	27162.56	27209.52
D318	GSM6339597	total_open_peaks	21221.36	21018.6
D318	GSM6339597	state_score	0.47377213539159463	0.4672682726154656
D318	GSM6339597	percent_mito	11.24116619390781	9.81645129024189
D318	GSM6339601	total_rna_umi	17423.830769230768	17298.676923076924
D318	GSM6339601	total_open_peaks	10902.876923076923	10889.784615384615
D318	GSM6339601	state_score	0.42608878330888456	0.42383812217481104
D318	GSM6339601	percent_mito	11.864992746044242	12.555033900779907
D319	GSM6339597	total_rna_umi	26167.260869565216	24845.91304347826
D319	GSM6339597	total_open_peaks	20944.782608695652	20539.347826086956
D319	GSM6339597	state_score	0.4641155148932841	0.4631143813941912
D319	GSM6339597	percent_mito	11.448327914702935	11.016858828326773
D319	GSM6339601	total_rna_umi	16652.583333333332	16730.966666666667
D319	GSM6339601	total_open_peaks	11193.616666666667	11134.316666666668
D319	GSM6339601	state_score	0.41021163829338836	0.40958014307215956
D319	GSM6339601	percent_mito	11.830389502678733	12.301720538265489
D320	GSM6339597	total_rna_umi	26855.0	26903.772727272728
D320	GSM6339597	total_open_peaks	20936.227272727272	20759.090909090908
D320	GSM6339597	state_score	0.47541994924556474	0.4656785273199862
D320	GSM6339597	percent_mito	11.23876817216089	9.862201762509997
D320	GSM6339601	total_rna_umi	16493.79245283019	16552.33962264151
D320	GSM6339601	total_open_peaks	11228.094339622641	11165.396226415094
D320	GSM6339601	state_score	0.4117168580199214	0.42676899369742183
D320	GSM6339601	percent_mito	11.924126399400686	12.6499745761595
D321	GSM6339597	total_rna_umi	22296.14285714286	22661.571428571428
D321	GSM6339597	total_open_peaks	19318.285714285714	19165.571428571428
D321	GSM6339597	state_score	0.45162442449344165	0.4484521738424405
D321	GSM6339597	percent_mito	12.660874519609084	10.156496845538424
D321	GSM6339601	total_rna_umi	15622.692307692309	15617.692307692309
D321	GSM6339601	total_open_peaks	11492.23076923077	11518.51282051282
D321	GSM6339601	state_score	0.39849476849705406	0.3998632664571168
D321	GSM6339601	percent_mito	12.093308140269396	11.857790346182641
D322	GSM6339597	total_rna_umi	27162.56	27277.6
D322	GSM6339597	total_open_peaks	21221.36	21152.12
D322	GSM6339597	state_score	0.4737721353915947	0.47005613866435086
D322	GSM6339597	percent_mito	11.241166193907814	9.958254015914054
D322	GSM6339601	total_rna_umi	17423.830769230768	17420.215384615385
D322	GSM6339601	total_open_peaks	10902.876923076923	10836.246153846154
D322	GSM6339601	state_score	0.42608878330888456	0.43214459174613895
D322	GSM6339601	percent_mito	11.864992746044242	12.467483017101193
D323	GSM6339597	total_rna_umi	24151.583333333332	24229.166666666668
D323	GSM6339597	total_open_peaks	18576.166666666668	18465.833333333332
D323	GSM6339597	state_score	0.44585343690231954	0.4460687390002749
D323	GSM6339597	percent_mito	11.836300244767552	11.270161159124996
D323	GSM6339601	total_rna_umi	16967.089285714286	17047.73214285714
D323	GSM6339601	total_open_peaks	11328.607142857143	11346.964285714286
D323	GSM6339601	state_score	0.40701673685369194	0.40677145830009004
D323	GSM6339601	percent_mito	11.903198781376904	12.137562299678885
D324	GSM6339597	total_rna_umi	27162.56	27277.6
D324	GSM6339597	total_open_peaks	21221.36	21152.12
D324	GSM6339597	state_score	0.4737721353915947	0.47005613866435086
D324	GSM6339597	percent_mito	11.241166193907814	9.958254015914054
D324	GSM6339601	total_rna_umi	17423.830769230768	17420.215384615385
D324	GSM6339601	total_open_peaks	10902.876923076923	10836.246153846154
D324	GSM6339601	state_score	0.42608878330888456	0.43214459174613895
D324	GSM6339601	percent_mito	11.864992746044242	12.467483017101193
D325	GSM6339597	total_rna_umi	25101.8	24521.35
D325	GSM6339597	total_open_peaks	20186.75	19877.9
D325	GSM6339597	state_score	0.4517681800419317	0.45120735641980037
D325	GSM6339597	percent_mito	11.577802925743795	10.868134539871175
D325	GSM6339601	total_rna_umi	16767.4	16810.683333333334
D325	GSM6339601	total_open_peaks	11091.7	11138.766666666666
D325	GSM6339601	state_score	0.4074800501951103	0.40715728138748414
D325	GSM6339601	percent_mito	11.765069711333306	12.489625855426214
D326	GSM6339597	total_rna_umi	27162.56	27277.6
D326	GSM6339597	total_open_peaks	21221.36	21152.12
D326	GSM6339597	state_score	0.4737721353915947	0.47005613866435086
D326	GSM6339597	percent_mito	11.241166193907814	9.958254015914054
D326	GSM6339601	total_rna_umi	17423.830769230768	17420.215384615385
D326	GSM6339601	total_open_peaks	10902.876923076923	10836.246153846154
D326	GSM6339601	state_score	0.42608878330888456	0.43214459174613895
D326	GSM6339601	percent_mito	11.864992746044242	12.467483017101193
D327	GSM6339597	total_rna_umi	26185.25	25594.125
D327	GSM6339597	total_open_peaks	20917.541666666668	20554.958333333332
D327	GSM6339597	state_score	0.4703091193427893	0.46991593014630695
D327	GSM6339597	percent_mito	11.305130059202128	11.151118891162843
D327	GSM6339601	total_rna_umi	17099.612903225807	17094.564516129034
D327	GSM6339601	total_open_peaks	11220.209677419354	11225.09677419355
D327	GSM6339601	state_score	0.41837859825731283	0.4175176207610515
D327	GSM6339601	percent_mito	11.855304256806166	12.312159745631137
D328	GSM6339597	total_rna_umi	32656.0	32454.0
D328	GSM6339597	total_open_peaks	35696.0	34097.0
D328	GSM6339597	state_score	0.5449782815351686	0.5022055044572369
D328	GSM6339597	percent_mito	12.138657520823129	9.764589881062427
D328	GSM6339601	total_rna_umi	22023.0	22332.5
D328	GSM6339601	total_open_peaks	19143.5	18866.5
D328	GSM6339601	state_score	0.4189267879042389	0.37746073954842474
D328	GSM6339601	percent_mito	11.148963260988424	11.970392996235802
D329	GSM6339601	total_rna_umi	22656.0	22875.0
D329	GSM6339601	total_open_peaks	18383.0	18163.0
D329	GSM6339601	state_score	0.3853883378048703	0.3663612603202958
D329	GSM6339601	percent_mito	12.51765536723164	11.825136612021858
D330	GSM6339597	total_rna_umi	30096.666666666668	31491.666666666668
D330	GSM6339597	total_open_peaks	25117.0	25633.666666666668
D330	GSM6339597	state_score	0.5073057263457671	0.5473863345986307
D330	GSM6339597	percent_mito	10.302214777340263	8.184418461335563
D330	GSM6339601	total_rna_umi	19742.25	20404.75
D330	GSM6339601	total_open_peaks	13421.5	13383.25
D330	GSM6339601	state_score	0.403891934359057	0.4737048760236464
D330	GSM6339601	percent_mito	11.54785706710162	12.531461834461517
D331	GSM6339601	total_rna_umi	20598.0	20799.333333333332
D331	GSM6339601	total_open_peaks	15907.333333333334	17058.333333333332
D331	GSM6339601	state_score	0.4202081162309946	0.42517326971507674
D331	GSM6339601	percent_mito	11.928923445121425	12.957303889456453
D332	GSM6339597	total_rna_umi	29549.6	30590.4
D332	GSM6339597	total_open_peaks	21040.4	21570.6
D332	GSM6339597	state_score	0.4994035046374437	0.5012421424129879
D332	GSM6339597	percent_mito	10.901743875984023	9.241564789256689
D332	GSM6339601	total_rna_umi	18049.3	19648.1
D332	GSM6339601	total_open_peaks	10337.8	10607.8
D332	GSM6339601	state_score	0.4045040988926745	0.4558534386916445
D332	GSM6339601	percent_mito	12.244754051619577	12.6778642929763
D333	GSM6339601	total_rna_umi	18711.2	20449.6
D333	GSM6339601	total_open_peaks	14207.8	15293.0
D333	GSM6339601	state_score	0.4136095657793035	0.4177704087639259
D333	GSM6339601	percent_mito	12.156757587947274	11.903675161257313
D334	GSM6339597	total_rna_umi	25157.444444444445	29083.11111111111
D334	GSM6339597	total_open_peaks	20629.444444444445	20509.11111111111
D334	GSM6339597	state_score	0.4727839592476918	0.5017860594797303
D334	GSM6339597	percent_mito	12.134530122363365	8.131221439005
D334	GSM6339601	total_rna_umi	16996.071428571428	19590.785714285714
D334	GSM6339601	total_open_peaks	11102.357142857143	11393.214285714286
D334	GSM6339601	state_score	0.4114170504910747	0.4632982642992383
D334	GSM6339601	percent_mito	12.35751086669426	12.13179523037509
D335	GSM6339597	total_rna_umi	20074.666666666668	26512.0
D335	GSM6339597	total_open_peaks	14275.0	16783.333333333332
D335	GSM6339597	state_score	0.44421223268592597	0.4478256837100405
D335	GSM6339597	percent_mito	14.205987629614876	7.404035813268325
D335	GSM6339601	total_rna_umi	18422.625	20458.0
D335	GSM6339601	total_open_peaks	11611.25	12746.75
D335	GSM6339601	state_score	0.40709269086536914	0.4093293697569443
D335	GSM6339601	percent_mito	12.476684913469587	12.208832331238561
