set_id	gate	contrast	stem_minus_diff_delta_pp	ci_low_pp	ci_high_pp	p_interaction	n_pairs	module	promoter_kb	reciprocal_overlap	n_peaks	n_genes	genes	scope	column	q_within_family
P1_O25_All_external_mapped	TSS_ge_2	2plus_vs_1	-0.18026288483926914	-0.335678806454954	-0.024846963223584255	0.02300743045772012	1020	All_external_mapped	1	0.25	4462	221	ABL1;ABLIM1;ACHE;ACSL1;ACTA1;ACTC1;ACTN2;ACTN3;ADAM12;ADCY9;AEBP1;AGL;AGRN;AK1;AKT2;ANKRD2;APLNR;APOD;APP;ATP2A1;ATP6AP1;BAG1;BDKRB2;BHLHE40;BIN1;BNIP2;BOC;CACNA1H;CACNG1;CAMK2B;CASQ1;CASQ2;CAV3;CD36;CDC42;CDH13;CDH15;CDH2;CDH4;CDKN1A;CDON;CFD;CHRNA1;CHRNB1;CHRNG;CKB;CKM;CKMT2;CLU;CNN3;COL15A1;COL1A1;COL3A1;COL4A2;COL6A2;COL6A3;COX6A2;COX7A1;CRAT;CRYAB;CSRP3;CTF1;CTNNA1;CTNNA2;CTNNB1;DAPK2;DES;DMD;DMPK;DTNA;EFS;EIF4A2;ENO3;EPHB3;ERBB3;FABP3;FDPS;FGF2;FHL1;FKBP1B;FLII;FOXO4;FST;FXYD1;GAA;GABARAPL2;GADD45B;GJA5;GNAO1;GPX3;GSN;HBEGF;HDAC5;HRC;HSPB2;HSPB8;IFRD1;IGF1;IGFBP3;IGFBP7;ITGA7;ITGB1;ITGB4;ITGB5;KCNH1;KCNH2;KIFC3;KLF5;LAMA2;LARGE1;LDB3;LPIN1;LSP1;MAP2K6;MAPK11;MAPK12;MAPK14;MAPRE3;MB;MEF2A;MEF2B;MEF2C;MEF2D;MRAS;MYBPC3;MYBPH;MYF5;MYF6;MYH1;MYH11;MYH2;MYH3;MYH4;MYH7;MYH8;MYH9;MYL1;MYL2;MYL3;MYL4;MYL6B;MYL7;MYLK;MYO1C;MYOD1;MYOG;MYOM1;MYOM2;MYOZ1;NAV2;NCAM1;NEO1;NOS1;NOTCH1;NQO1;NTN3;OCEL1;PC;PDE4DIP;PDLIM7;PFKM;PGAM2;PICK1;PKIA;PLXNB2;PPFIA4;PPP1R3C;PRNP;PSEN2;PTGIS;PTP4A3;PVALB;PYGM;RB1;REEP1;RIT1;RYR1;SCD;SCHIP1;SGCA;SGCD;SGCG;SH2B1;SH3BGR;SIRT2;SLC6A8;SLN;SMTN;SOD3;SORBS1;SORBS3;SPAG9;SPARC;SPDEF;SPEG;SPHK1;SPTAN1;SSPN;STC2;SVIL;SYNGR2;TAGLN;TCAP;TCF12;TCF3;TCF4;TEAD4;TGFB1;TNNC1;TNNC2;TNNI1;TNNI2;TNNT1;TNNT2;TNNT3;TPD52L1;TPM2;TPM3;TSC2;VIPR1;WWTR1	programme	30	0.2300743045772012
P1_O25_All_external_mapped	TSS_ge_2	3plus_vs_1	-0.1605277391941128	-0.5206456707536774	0.1995901923654517	0.38229140674855433	212	All_external_mapped	1	0.25	4462	221	ABL1;ABLIM1;ACHE;ACSL1;ACTA1;ACTC1;ACTN2;ACTN3;ADAM12;ADCY9;AEBP1;AGL;AGRN;AK1;AKT2;ANKRD2;APLNR;APOD;APP;ATP2A1;ATP6AP1;BAG1;BDKRB2;BHLHE40;BIN1;BNIP2;BOC;CACNA1H;CACNG1;CAMK2B;CASQ1;CASQ2;CAV3;CD36;CDC42;CDH13;CDH15;CDH2;CDH4;CDKN1A;CDON;CFD;CHRNA1;CHRNB1;CHRNG;CKB;CKM;CKMT2;CLU;CNN3;COL15A1;COL1A1;COL3A1;COL4A2;COL6A2;COL6A3;COX6A2;COX7A1;CRAT;CRYAB;CSRP3;CTF1;CTNNA1;CTNNA2;CTNNB1;DAPK2;DES;DMD;DMPK;DTNA;EFS;EIF4A2;ENO3;EPHB3;ERBB3;FABP3;FDPS;FGF2;FHL1;FKBP1B;FLII;FOXO4;FST;FXYD1;GAA;GABARAPL2;GADD45B;GJA5;GNAO1;GPX3;GSN;HBEGF;HDAC5;HRC;HSPB2;HSPB8;IFRD1;IGF1;IGFBP3;IGFBP7;ITGA7;ITGB1;ITGB4;ITGB5;KCNH1;KCNH2;KIFC3;KLF5;LAMA2;LARGE1;LDB3;LPIN1;LSP1;MAP2K6;MAPK11;MAPK12;MAPK14;MAPRE3;MB;MEF2A;MEF2B;MEF2C;MEF2D;MRAS;MYBPC3;MYBPH;MYF5;MYF6;MYH1;MYH11;MYH2;MYH3;MYH4;MYH7;MYH8;MYH9;MYL1;MYL2;MYL3;MYL4;MYL6B;MYL7;MYLK;MYO1C;MYOD1;MYOG;MYOM1;MYOM2;MYOZ1;NAV2;NCAM1;NEO1;NOS1;NOTCH1;NQO1;NTN3;OCEL1;PC;PDE4DIP;PDLIM7;PFKM;PGAM2;PICK1;PKIA;PLXNB2;PPFIA4;PPP1R3C;PRNP;PSEN2;PTGIS;PTP4A3;PVALB;PYGM;RB1;REEP1;RIT1;RYR1;SCD;SCHIP1;SGCA;SGCD;SGCG;SH2B1;SH3BGR;SIRT2;SLC6A8;SLN;SMTN;SOD3;SORBS1;SORBS3;SPAG9;SPARC;SPDEF;SPEG;SPHK1;SPTAN1;SSPN;STC2;SVIL;SYNGR2;TAGLN;TCAP;TCF12;TCF3;TCF4;TEAD4;TGFB1;TNNC1;TNNC2;TNNI1;TNNI2;TNNT1;TNNT2;TNNT3;TPD52L1;TPM2;TPM3;TSC2;VIPR1;WWTR1	programme	30	0.9326959730241441
P1_O25_All_external_mapped	TSS_ge_3	2plus_vs_1	-0.1960111119043055	-0.3658555810671303	-0.026166642741480756	0.023702303442170926	958	All_external_mapped	1	0.25	4462	221	ABL1;ABLIM1;ACHE;ACSL1;ACTA1;ACTC1;ACTN2;ACTN3;ADAM12;ADCY9;AEBP1;AGL;AGRN;AK1;AKT2;ANKRD2;APLNR;APOD;APP;ATP2A1;ATP6AP1;BAG1;BDKRB2;BHLHE40;BIN1;BNIP2;BOC;CACNA1H;CACNG1;CAMK2B;CASQ1;CASQ2;CAV3;CD36;CDC42;CDH13;CDH15;CDH2;CDH4;CDKN1A;CDON;CFD;CHRNA1;CHRNB1;CHRNG;CKB;CKM;CKMT2;CLU;CNN3;COL15A1;COL1A1;COL3A1;COL4A2;COL6A2;COL6A3;COX6A2;COX7A1;CRAT;CRYAB;CSRP3;CTF1;CTNNA1;CTNNA2;CTNNB1;DAPK2;DES;DMD;DMPK;DTNA;EFS;EIF4A2;ENO3;EPHB3;ERBB3;FABP3;FDPS;FGF2;FHL1;FKBP1B;FLII;FOXO4;FST;FXYD1;GAA;GABARAPL2;GADD45B;GJA5;GNAO1;GPX3;GSN;HBEGF;HDAC5;HRC;HSPB2;HSPB8;IFRD1;IGF1;IGFBP3;IGFBP7;ITGA7;ITGB1;ITGB4;ITGB5;KCNH1;KCNH2;KIFC3;KLF5;LAMA2;LARGE1;LDB3;LPIN1;LSP1;MAP2K6;MAPK11;MAPK12;MAPK14;MAPRE3;MB;MEF2A;MEF2B;MEF2C;MEF2D;MRAS;MYBPC3;MYBPH;MYF5;MYF6;MYH1;MYH11;MYH2;MYH3;MYH4;MYH7;MYH8;MYH9;MYL1;MYL2;MYL3;MYL4;MYL6B;MYL7;MYLK;MYO1C;MYOD1;MYOG;MYOM1;MYOM2;MYOZ1;NAV2;NCAM1;NEO1;NOS1;NOTCH1;NQO1;NTN3;OCEL1;PC;PDE4DIP;PDLIM7;PFKM;PGAM2;PICK1;PKIA;PLXNB2;PPFIA4;PPP1R3C;PRNP;PSEN2;PTGIS;PTP4A3;PVALB;PYGM;RB1;REEP1;RIT1;RYR1;SCD;SCHIP1;SGCA;SGCD;SGCG;SH2B1;SH3BGR;SIRT2;SLC6A8;SLN;SMTN;SOD3;SORBS1;SORBS3;SPAG9;SPARC;SPDEF;SPEG;SPHK1;SPTAN1;SSPN;STC2;SVIL;SYNGR2;TAGLN;TCAP;TCF12;TCF3;TCF4;TEAD4;TGFB1;TNNC1;TNNC2;TNNI1;TNNI2;TNNT1;TNNT2;TNNT3;TPD52L1;TPM2;TPM3;TSC2;VIPR1;WWTR1	programme	30	0.23702303442170924
P1_O25_All_external_mapped	TSS_ge_3	3plus_vs_1	-0.17201950003793168	-0.5048494619938375	0.16081046191797427	0.31106694442373495	201	All_external_mapped	1	0.25	4462	221	ABL1;ABLIM1;ACHE;ACSL1;ACTA1;ACTC1;ACTN2;ACTN3;ADAM12;ADCY9;AEBP1;AGL;AGRN;AK1;AKT2;ANKRD2;APLNR;APOD;APP;ATP2A1;ATP6AP1;BAG1;BDKRB2;BHLHE40;BIN1;BNIP2;BOC;CACNA1H;CACNG1;CAMK2B;CASQ1;CASQ2;CAV3;CD36;CDC42;CDH13;CDH15;CDH2;CDH4;CDKN1A;CDON;CFD;CHRNA1;CHRNB1;CHRNG;CKB;CKM;CKMT2;CLU;CNN3;COL15A1;COL1A1;COL3A1;COL4A2;COL6A2;COL6A3;COX6A2;COX7A1;CRAT;CRYAB;CSRP3;CTF1;CTNNA1;CTNNA2;CTNNB1;DAPK2;DES;DMD;DMPK;DTNA;EFS;EIF4A2;ENO3;EPHB3;ERBB3;FABP3;FDPS;FGF2;FHL1;FKBP1B;FLII;FOXO4;FST;FXYD1;GAA;GABARAPL2;GADD45B;GJA5;GNAO1;GPX3;GSN;HBEGF;HDAC5;HRC;HSPB2;HSPB8;IFRD1;IGF1;IGFBP3;IGFBP7;ITGA7;ITGB1;ITGB4;ITGB5;KCNH1;KCNH2;KIFC3;KLF5;LAMA2;LARGE1;LDB3;LPIN1;LSP1;MAP2K6;MAPK11;MAPK12;MAPK14;MAPRE3;MB;MEF2A;MEF2B;MEF2C;MEF2D;MRAS;MYBPC3;MYBPH;MYF5;MYF6;MYH1;MYH11;MYH2;MYH3;MYH4;MYH7;MYH8;MYH9;MYL1;MYL2;MYL3;MYL4;MYL6B;MYL7;MYLK;MYO1C;MYOD1;MYOG;MYOM1;MYOM2;MYOZ1;NAV2;NCAM1;NEO1;NOS1;NOTCH1;NQO1;NTN3;OCEL1;PC;PDE4DIP;PDLIM7;PFKM;PGAM2;PICK1;PKIA;PLXNB2;PPFIA4;PPP1R3C;PRNP;PSEN2;PTGIS;PTP4A3;PVALB;PYGM;RB1;REEP1;RIT1;RYR1;SCD;SCHIP1;SGCA;SGCD;SGCG;SH2B1;SH3BGR;SIRT2;SLC6A8;SLN;SMTN;SOD3;SORBS1;SORBS3;SPAG9;SPARC;SPDEF;SPEG;SPHK1;SPTAN1;SSPN;STC2;SVIL;SYNGR2;TAGLN;TCAP;TCF12;TCF3;TCF4;TEAD4;TGFB1;TNNC1;TNNC2;TNNI1;TNNI2;TNNT1;TNNT2;TNNT3;TPD52L1;TPM2;TPM3;TSC2;VIPR1;WWTR1	programme	30	0.8533733253590076
P1_O25_All_opening	TSS_ge_2	2plus_vs_1	-0.03823945135884444	-0.5281058981958882	0.4516269954781992	0.8784008814625545	1020	All_opening	1	0.25	288	144	ABLIM1;ACHE;ACSL1;ACTA1;ACTN2;ADAM12;AEBP1;AGL;AK1;AKT2;ANKRD2;APLNR;APOD;APP;ATP2A1;ATP6AP1;BAG1;BDKRB2;BIN1;BNIP2;BOC;CACNA1H;CAMK2B;CASQ1;CASQ2;CAV3;CDH13;CDH15;CDH4;CDON;CHRNG;CKB;CKM;CNN3;COL15A1;COL1A1;COL4A2;COL6A2;COX6A2;CRAT;CSRP3;CTF1;CTNNA1;DAPK2;DES;DMPK;DTNA;EIF4A2;ENO3;ERBB3;FDPS;FXYD1;GAA;GABARAPL2;GNAO1;GPX3;HBEGF;HDAC5;HRC;IFRD1;IGFBP7;ITGA7;ITGB1;ITGB4;ITGB5;KCNH1;KCNH2;KIFC3;LARGE1;LDB3;LPIN1;LSP1;MAPRE3;MB;MEF2A;MEF2B;MEF2C;MRAS;MYBPC3;MYBPH;MYH11;MYH2;MYH3;MYL1;MYL2;MYL3;MYL4;MYL6B;MYL7;MYLK;MYO1C;MYOD1;MYOG;MYOM1;MYOZ1;NAV2;NCAM1;NEO1;NOTCH1;NTN3;PFKM;PGAM2;PLXNB2;PPFIA4;PSEN2;PVALB;RB1;REEP1;RIT1;RYR1;SCD;SGCA;SGCD;SH2B1;SIRT2;SLC6A8;SMTN;SOD3;SORBS1;SORBS3;SPARC;SPEG;SPTAN1;SSPN;STC2;SVIL;TAGLN;TCAP;TCF12;TCF3;TEAD4;TGFB1;TNNC1;TNNC2;TNNI1;TNNI2;TNNT1;TNNT2;TNNT3;TPD52L1;TPM3;TSC2;VIPR1;WWTR1	programme	31	0.8784008814625545
P1_O25_All_opening	TSS_ge_2	3plus_vs_1	0.7115615309748499	-0.43635745204838333	1.8594805139980832	0.2243948628937904	212	All_opening	1	0.25	288	144	ABLIM1;ACHE;ACSL1;ACTA1;ACTN2;ADAM12;AEBP1;AGL;AK1;AKT2;ANKRD2;APLNR;APOD;APP;ATP2A1;ATP6AP1;BAG1;BDKRB2;BIN1;BNIP2;BOC;CACNA1H;CAMK2B;CASQ1;CASQ2;CAV3;CDH13;CDH15;CDH4;CDON;CHRNG;CKB;CKM;CNN3;COL15A1;COL1A1;COL4A2;COL6A2;COX6A2;CRAT;CSRP3;CTF1;CTNNA1;DAPK2;DES;DMPK;DTNA;EIF4A2;ENO3;ERBB3;FDPS;FXYD1;GAA;GABARAPL2;GNAO1;GPX3;HBEGF;HDAC5;HRC;IFRD1;IGFBP7;ITGA7;ITGB1;ITGB4;ITGB5;KCNH1;KCNH2;KIFC3;LARGE1;LDB3;LPIN1;LSP1;MAPRE3;MB;MEF2A;MEF2B;MEF2C;MRAS;MYBPC3;MYBPH;MYH11;MYH2;MYH3;MYL1;MYL2;MYL3;MYL4;MYL6B;MYL7;MYLK;MYO1C;MYOD1;MYOG;MYOM1;MYOZ1;NAV2;NCAM1;NEO1;NOTCH1;NTN3;PFKM;PGAM2;PLXNB2;PPFIA4;PSEN2;PVALB;RB1;REEP1;RIT1;RYR1;SCD;SGCA;SGCD;SH2B1;SIRT2;SLC6A8;SMTN;SOD3;SORBS1;SORBS3;SPARC;SPEG;SPTAN1;SSPN;STC2;SVIL;TAGLN;TCAP;TCF12;TCF3;TEAD4;TGFB1;TNNC1;TNNC2;TNNI1;TNNI2;TNNT1;TNNT2;TNNT3;TPD52L1;TPM3;TSC2;VIPR1;WWTR1	programme	31	0.892655193121275
P1_O25_All_opening	TSS_ge_3	2plus_vs_1	-0.13785362451226887	-0.658243913288515	0.38253666426397726	0.6036192675151033	958	All_opening	1	0.25	288	144	ABLIM1;ACHE;ACSL1;ACTA1;ACTN2;ADAM12;AEBP1;AGL;AK1;AKT2;ANKRD2;APLNR;APOD;APP;ATP2A1;ATP6AP1;BAG1;BDKRB2;BIN1;BNIP2;BOC;CACNA1H;CAMK2B;CASQ1;CASQ2;CAV3;CDH13;CDH15;CDH4;CDON;CHRNG;CKB;CKM;CNN3;COL15A1;COL1A1;COL4A2;COL6A2;COX6A2;CRAT;CSRP3;CTF1;CTNNA1;DAPK2;DES;DMPK;DTNA;EIF4A2;ENO3;ERBB3;FDPS;FXYD1;GAA;GABARAPL2;GNAO1;GPX3;HBEGF;HDAC5;HRC;IFRD1;IGFBP7;ITGA7;ITGB1;ITGB4;ITGB5;KCNH1;KCNH2;KIFC3;LARGE1;LDB3;LPIN1;LSP1;MAPRE3;MB;MEF2A;MEF2B;MEF2C;MRAS;MYBPC3;MYBPH;MYH11;MYH2;MYH3;MYL1;MYL2;MYL3;MYL4;MYL6B;MYL7;MYLK;MYO1C;MYOD1;MYOG;MYOM1;MYOZ1;NAV2;NCAM1;NEO1;NOTCH1;NTN3;PFKM;PGAM2;PLXNB2;PPFIA4;PSEN2;PVALB;RB1;REEP1;RIT1;RYR1;SCD;SGCA;SGCD;SH2B1;SIRT2;SLC6A8;SMTN;SOD3;SORBS1;SORBS3;SPARC;SPEG;SPTAN1;SSPN;STC2;SVIL;TAGLN;TCAP;TCF12;TCF3;TEAD4;TGFB1;TNNC1;TNNC2;TNNI1;TNNI2;TNNT1;TNNT2;TNNT3;TPD52L1;TPM3;TSC2;VIPR1;WWTR1	programme	31	0.8623132393072905
P1_O25_All_opening	TSS_ge_3	3plus_vs_1	0.3528918198700936	-0.8034089273918061	1.5091925671319935	0.5497317923121554	201	All_opening	1	0.25	288	144	ABLIM1;ACHE;ACSL1;ACTA1;ACTN2;ADAM12;AEBP1;AGL;AK1;AKT2;ANKRD2;APLNR;APOD;APP;ATP2A1;ATP6AP1;BAG1;BDKRB2;BIN1;BNIP2;BOC;CACNA1H;CAMK2B;CASQ1;CASQ2;CAV3;CDH13;CDH15;CDH4;CDON;CHRNG;CKB;CKM;CNN3;COL15A1;COL1A1;COL4A2;COL6A2;COX6A2;CRAT;CSRP3;CTF1;CTNNA1;DAPK2;DES;DMPK;DTNA;EIF4A2;ENO3;ERBB3;FDPS;FXYD1;GAA;GABARAPL2;GNAO1;GPX3;HBEGF;HDAC5;HRC;IFRD1;IGFBP7;ITGA7;ITGB1;ITGB4;ITGB5;KCNH1;KCNH2;KIFC3;LARGE1;LDB3;LPIN1;LSP1;MAPRE3;MB;MEF2A;MEF2B;MEF2C;MRAS;MYBPC3;MYBPH;MYH11;MYH2;MYH3;MYL1;MYL2;MYL3;MYL4;MYL6B;MYL7;MYLK;MYO1C;MYOD1;MYOG;MYOM1;MYOZ1;NAV2;NCAM1;NEO1;NOTCH1;NTN3;PFKM;PGAM2;PLXNB2;PPFIA4;PSEN2;PVALB;RB1;REEP1;RIT1;RYR1;SCD;SGCA;SGCD;SH2B1;SIRT2;SLC6A8;SMTN;SOD3;SORBS1;SORBS3;SPARC;SPEG;SPTAN1;SSPN;STC2;SVIL;TAGLN;TCAP;TCF12;TCF3;TEAD4;TGFB1;TNNC1;TNNC2;TNNI1;TNNI2;TNNT1;TNNT2;TNNT3;TPD52L1;TPM3;TSC2;VIPR1;WWTR1	programme	31	0.8533733253590076
P1_O25_Closing	TSS_ge_2	2plus_vs_1	-0.13900699892924623	-0.6713267681280176	0.39331277026952516	0.6087811897270079	1020	Closing	1	0.25	214	108	ABL1;ABLIM1;ACSL1;ACTC1;ADAM12;ADCY9;AEBP1;AK1;ANKRD2;APLNR;APP;BAG1;BDKRB2;BIN1;CASQ1;CAV3;CD36;CDC42;CDH13;CDH2;CDH4;CDKN1A;CDON;CHRNA1;CKB;CKM;CKMT2;CLU;CNN3;COL15A1;COL1A1;COL3A1;COL4A2;COL6A3;CRYAB;CTNNB1;DAPK2;DMD;DTNA;EPHB3;FABP3;FGF2;FKBP1B;FST;GADD45B;GPX3;GSN;HBEGF;HDAC5;HSPB2;IGF1;IGFBP3;IGFBP7;ITGA7;ITGB1;ITGB5;LAMA2;LARGE1;LPIN1;MAP2K6;MAPK14;MB;MEF2A;MEF2C;MEF2D;MYF5;MYF6;MYH4;MYH8;MYL4;MYL7;MYLK;MYO1C;MYOD1;MYOM2;MYOZ1;NAV2;NCAM1;PC;PDE4DIP;PDLIM7;PGAM2;PPP1R3C;PTGIS;RB1;RIT1;RYR1;SCHIP1;SGCA;SGCD;SLN;SMTN;SOD3;SORBS1;SORBS3;SPAG9;SPARC;SPHK1;SSPN;STC2;SVIL;TAGLN;TCF12;TNNC2;TNNI1;TNNT2;TPM3;WWTR1	programme	35	0.7549785265442398
P1_O25_Closing	TSS_ge_2	3plus_vs_1	0.35327200713873586	-0.8574579882238296	1.564002002501301	0.5673987187182904	212	Closing	1	0.25	214	108	ABL1;ABLIM1;ACSL1;ACTC1;ADAM12;ADCY9;AEBP1;AK1;ANKRD2;APLNR;APP;BAG1;BDKRB2;BIN1;CASQ1;CAV3;CD36;CDC42;CDH13;CDH2;CDH4;CDKN1A;CDON;CHRNA1;CKB;CKM;CKMT2;CLU;CNN3;COL15A1;COL1A1;COL3A1;COL4A2;COL6A3;CRYAB;CTNNB1;DAPK2;DMD;DTNA;EPHB3;FABP3;FGF2;FKBP1B;FST;GADD45B;GPX3;GSN;HBEGF;HDAC5;HSPB2;IGF1;IGFBP3;IGFBP7;ITGA7;ITGB1;ITGB5;LAMA2;LARGE1;LPIN1;MAP2K6;MAPK14;MB;MEF2A;MEF2C;MEF2D;MYF5;MYF6;MYH4;MYH8;MYL4;MYL7;MYLK;MYO1C;MYOD1;MYOM2;MYOZ1;NAV2;NCAM1;PC;PDE4DIP;PDLIM7;PGAM2;PPP1R3C;PTGIS;RB1;RIT1;RYR1;SCHIP1;SGCA;SGCD;SLN;SMTN;SOD3;SORBS1;SORBS3;SPAG9;SPARC;SPHK1;SSPN;STC2;SVIL;TAGLN;TCF12;TNNC2;TNNI1;TNNT2;TPM3;WWTR1	programme	35	0.9326959730241441
P1_O25_Closing	TSS_ge_3	2plus_vs_1	-0.09984471607721815	-0.6731332410289516	0.47344380887451526	0.7328400986254848	958	Closing	1	0.25	214	108	ABL1;ABLIM1;ACSL1;ACTC1;ADAM12;ADCY9;AEBP1;AK1;ANKRD2;APLNR;APP;BAG1;BDKRB2;BIN1;CASQ1;CAV3;CD36;CDC42;CDH13;CDH2;CDH4;CDKN1A;CDON;CHRNA1;CKB;CKM;CKMT2;CLU;CNN3;COL15A1;COL1A1;COL3A1;COL4A2;COL6A3;CRYAB;CTNNB1;DAPK2;DMD;DTNA;EPHB3;FABP3;FGF2;FKBP1B;FST;GADD45B;GPX3;GSN;HBEGF;HDAC5;HSPB2;IGF1;IGFBP3;IGFBP7;ITGA7;ITGB1;ITGB5;LAMA2;LARGE1;LPIN1;MAP2K6;MAPK14;MB;MEF2A;MEF2C;MEF2D;MYF5;MYF6;MYH4;MYH8;MYL4;MYL7;MYLK;MYO1C;MYOD1;MYOM2;MYOZ1;NAV2;NCAM1;PC;PDE4DIP;PDLIM7;PGAM2;PPP1R3C;PTGIS;RB1;RIT1;RYR1;SCHIP1;SGCA;SGCD;SLN;SMTN;SOD3;SORBS1;SORBS3;SPAG9;SPARC;SPHK1;SSPN;STC2;SVIL;TAGLN;TCF12;TNNC2;TNNI1;TNNT2;TPM3;WWTR1	programme	35	0.916050123281856
P1_O25_Closing	TSS_ge_3	3plus_vs_1	0.29164915686611015	-0.9147853131140242	1.4980836268462445	0.6356347364812638	201	Closing	1	0.25	214	108	ABL1;ABLIM1;ACSL1;ACTC1;ADAM12;ADCY9;AEBP1;AK1;ANKRD2;APLNR;APP;BAG1;BDKRB2;BIN1;CASQ1;CAV3;CD36;CDC42;CDH13;CDH2;CDH4;CDKN1A;CDON;CHRNA1;CKB;CKM;CKMT2;CLU;CNN3;COL15A1;COL1A1;COL3A1;COL4A2;COL6A3;CRYAB;CTNNB1;DAPK2;DMD;DTNA;EPHB3;FABP3;FGF2;FKBP1B;FST;GADD45B;GPX3;GSN;HBEGF;HDAC5;HSPB2;IGF1;IGFBP3;IGFBP7;ITGA7;ITGB1;ITGB5;LAMA2;LARGE1;LPIN1;MAP2K6;MAPK14;MB;MEF2A;MEF2C;MEF2D;MYF5;MYF6;MYH4;MYH8;MYL4;MYL7;MYLK;MYO1C;MYOD1;MYOM2;MYOZ1;NAV2;NCAM1;PC;PDE4DIP;PDLIM7;PGAM2;PPP1R3C;PTGIS;RB1;RIT1;RYR1;SCHIP1;SGCA;SGCD;SLN;SMTN;SOD3;SORBS1;SORBS3;SPAG9;SPARC;SPHK1;SSPN;STC2;SVIL;TAGLN;TCF12;TNNC2;TNNI1;TNNT2;TPM3;WWTR1	programme	35	0.8533733253590076
P1_O25_Earliest_20pct	TSS_ge_2	2plus_vs_1	-0.39405868113195325	-1.1348732425455488	0.3467558802816423	0.29715387844741936	1020	Earliest_20pct	1	0.25	60	51	ABLIM1;ACSL1;ACTA1;AEBP1;AKT2;ATP6AP1;BAG1;BIN1;CACNA1H;CDH13;CDH4;CHRNG;CNN3;COL6A2;COX6A2;CTNNA1;ENO3;ERBB3;FDPS;GAA;HRC;ITGA7;KCNH2;KIFC3;LPIN1;MRAS;MYH3;MYL4;MYL6B;MYL7;MYLK;MYOD1;MYOG;MYOZ1;NAV2;PFKM;PGAM2;PPFIA4;PVALB;RYR1;SPARC;SVIL;TAGLN;TCF3;TGFB1;TNNC1;TNNI1;TNNT1;TNNT2;VIPR1;WWTR1	programme	37	0.5943077568948387
P1_O25_Earliest_20pct	TSS_ge_2	3plus_vs_1	0.15680625478955043	-1.3599422843477884	1.673554793926889	0.8394263757217297	212	Earliest_20pct	1	0.25	60	51	ABLIM1;ACSL1;ACTA1;AEBP1;AKT2;ATP6AP1;BAG1;BIN1;CACNA1H;CDH13;CDH4;CHRNG;CNN3;COL6A2;COX6A2;CTNNA1;ENO3;ERBB3;FDPS;GAA;HRC;ITGA7;KCNH2;KIFC3;LPIN1;MRAS;MYH3;MYL4;MYL6B;MYL7;MYLK;MYOD1;MYOG;MYOZ1;NAV2;PFKM;PGAM2;PPFIA4;PVALB;RYR1;SPARC;SVIL;TAGLN;TCF3;TGFB1;TNNC1;TNNI1;TNNT1;TNNT2;VIPR1;WWTR1	programme	37	0.9326959730241441
P1_O25_Earliest_20pct	TSS_ge_3	2plus_vs_1	-0.5287177036290124	-1.3343566821297805	0.2769212748717558	0.19834953791106147	958	Earliest_20pct	1	0.25	60	51	ABLIM1;ACSL1;ACTA1;AEBP1;AKT2;ATP6AP1;BAG1;BIN1;CACNA1H;CDH13;CDH4;CHRNG;CNN3;COL6A2;COX6A2;CTNNA1;ENO3;ERBB3;FDPS;GAA;HRC;ITGA7;KCNH2;KIFC3;LPIN1;MRAS;MYH3;MYL4;MYL6B;MYL7;MYLK;MYOD1;MYOG;MYOZ1;NAV2;PFKM;PGAM2;PPFIA4;PVALB;RYR1;SPARC;SVIL;TAGLN;TCF3;TGFB1;TNNC1;TNNI1;TNNT1;TNNT2;VIPR1;WWTR1	programme	37	0.39669907582212294
P1_O25_Earliest_20pct	TSS_ge_3	3plus_vs_1	-0.14928729428825782	-1.7324708636164223	1.4338962750399067	0.8533733253590076	201	Earliest_20pct	1	0.25	60	51	ABLIM1;ACSL1;ACTA1;AEBP1;AKT2;ATP6AP1;BAG1;BIN1;CACNA1H;CDH13;CDH4;CHRNG;CNN3;COL6A2;COX6A2;CTNNA1;ENO3;ERBB3;FDPS;GAA;HRC;ITGA7;KCNH2;KIFC3;LPIN1;MRAS;MYH3;MYL4;MYL6B;MYL7;MYLK;MYOD1;MYOG;MYOZ1;NAV2;PFKM;PGAM2;PPFIA4;PVALB;RYR1;SPARC;SVIL;TAGLN;TCF3;TGFB1;TNNC1;TNNI1;TNNT1;TNNT2;VIPR1;WWTR1	programme	37	0.8533733253590076
P1_O25_Earliest_25pct	TSS_ge_2	2plus_vs_1	-0.5389270618795743	-1.2181068344427348	0.14025271068358627	0.11989239766108305	1020	Earliest_25pct	1	0.25	71	55	ABLIM1;ACSL1;ACTA1;AEBP1;AKT2;ATP6AP1;BAG1;BIN1;CACNA1H;CDH13;CDH4;CDON;CHRNG;CNN3;COL6A2;COX6A2;CRAT;CTNNA1;ENO3;ERBB3;FDPS;GAA;HRC;IGFBP7;ITGA7;KCNH2;KIFC3;LPIN1;MRAS;MYH3;MYL4;MYL6B;MYL7;MYLK;MYOD1;MYOG;MYOZ1;NAV2;NEO1;PFKM;PGAM2;PPFIA4;PVALB;RYR1;SPARC;SVIL;TAGLN;TCF3;TGFB1;TNNC1;TNNI1;TNNT1;TNNT2;VIPR1;WWTR1	programme	38	0.3996413255369435
P1_O25_Earliest_25pct	TSS_ge_2	3plus_vs_1	0.01764508419430863	-1.3552266666142725	1.3905168350028898	0.9799027799154266	212	Earliest_25pct	1	0.25	71	55	ABLIM1;ACSL1;ACTA1;AEBP1;AKT2;ATP6AP1;BAG1;BIN1;CACNA1H;CDH13;CDH4;CDON;CHRNG;CNN3;COL6A2;COX6A2;CRAT;CTNNA1;ENO3;ERBB3;FDPS;GAA;HRC;IGFBP7;ITGA7;KCNH2;KIFC3;LPIN1;MRAS;MYH3;MYL4;MYL6B;MYL7;MYLK;MYOD1;MYOG;MYOZ1;NAV2;NEO1;PFKM;PGAM2;PPFIA4;PVALB;RYR1;SPARC;SVIL;TAGLN;TCF3;TGFB1;TNNC1;TNNI1;TNNT1;TNNT2;VIPR1;WWTR1	programme	38	0.9799027799154266
P1_O25_Earliest_25pct	TSS_ge_3	2plus_vs_1	-0.5847386694963399	-1.325403605624368	0.15592626663168824	0.12177924729550241	958	Earliest_25pct	1	0.25	71	55	ABLIM1;ACSL1;ACTA1;AEBP1;AKT2;ATP6AP1;BAG1;BIN1;CACNA1H;CDH13;CDH4;CDON;CHRNG;CNN3;COL6A2;COX6A2;CRAT;CTNNA1;ENO3;ERBB3;FDPS;GAA;HRC;IGFBP7;ITGA7;KCNH2;KIFC3;LPIN1;MRAS;MYH3;MYL4;MYL6B;MYL7;MYLK;MYOD1;MYOG;MYOZ1;NAV2;NEO1;PFKM;PGAM2;PPFIA4;PVALB;RYR1;SPARC;SVIL;TAGLN;TCF3;TGFB1;TNNC1;TNNI1;TNNT1;TNNT2;VIPR1;WWTR1	programme	38	0.324991816856875
P1_O25_Earliest_25pct	TSS_ge_3	3plus_vs_1	-0.25985967848836455	-1.674787638337305	1.155068281360576	0.718878028402187	201	Earliest_25pct	1	0.25	71	55	ABLIM1;ACSL1;ACTA1;AEBP1;AKT2;ATP6AP1;BAG1;BIN1;CACNA1H;CDH13;CDH4;CDON;CHRNG;CNN3;COL6A2;COX6A2;CRAT;CTNNA1;ENO3;ERBB3;FDPS;GAA;HRC;IGFBP7;ITGA7;KCNH2;KIFC3;LPIN1;MRAS;MYH3;MYL4;MYL6B;MYL7;MYLK;MYOD1;MYOG;MYOZ1;NAV2;NEO1;PFKM;PGAM2;PPFIA4;PVALB;RYR1;SPARC;SVIL;TAGLN;TCF3;TGFB1;TNNC1;TNNI1;TNNT1;TNNT2;VIPR1;WWTR1	programme	38	0.8533733253590076
P1_O25_Earliest_33pct	TSS_ge_2	2plus_vs_1	-0.4326245404845429	-1.0716980607660558	0.2064489797969699	0.1845718622992727	1020	Earliest_33pct	1	0.25	94	75	ABLIM1;ACSL1;ACTA1;ACTN2;ADAM12;AEBP1;AKT2;APP;ATP6AP1;BAG1;BIN1;CACNA1H;CASQ1;CASQ2;CDH13;CDH15;CDH4;CDON;CHRNG;CKB;CNN3;COL6A2;COX6A2;CRAT;CTNNA1;ENO3;ERBB3;FDPS;GAA;GABARAPL2;HRC;IFRD1;IGFBP7;ITGA7;ITGB4;KCNH2;KIFC3;LPIN1;MB;MEF2A;MRAS;MYH3;MYL1;MYL4;MYL6B;MYL7;MYLK;MYOD1;MYOG;MYOZ1;NAV2;NEO1;NOTCH1;PFKM;PGAM2;PLXNB2;PPFIA4;PVALB;RYR1;SCD;SMTN;SORBS1;SPARC;SSPN;SVIL;TAGLN;TCF3;TGFB1;TNNC1;TNNI1;TNNT1;TNNT2;TPD52L1;VIPR1;WWTR1	programme	39	0.46142965574818173
P1_O25_Earliest_33pct	TSS_ge_2	3plus_vs_1	0.26447917447080915	-1.140944984705533	1.6699033336471516	0.7122506953398703	212	Earliest_33pct	1	0.25	94	75	ABLIM1;ACSL1;ACTA1;ACTN2;ADAM12;AEBP1;AKT2;APP;ATP6AP1;BAG1;BIN1;CACNA1H;CASQ1;CASQ2;CDH13;CDH15;CDH4;CDON;CHRNG;CKB;CNN3;COL6A2;COX6A2;CRAT;CTNNA1;ENO3;ERBB3;FDPS;GAA;GABARAPL2;HRC;IFRD1;IGFBP7;ITGA7;ITGB4;KCNH2;KIFC3;LPIN1;MB;MEF2A;MRAS;MYH3;MYL1;MYL4;MYL6B;MYL7;MYLK;MYOD1;MYOG;MYOZ1;NAV2;NEO1;NOTCH1;PFKM;PGAM2;PLXNB2;PPFIA4;PVALB;RYR1;SCD;SMTN;SORBS1;SPARC;SSPN;SVIL;TAGLN;TCF3;TGFB1;TNNC1;TNNI1;TNNT1;TNNT2;TPD52L1;VIPR1;WWTR1	programme	39	0.9326959730241441
P1_O25_Earliest_33pct	TSS_ge_3	2plus_vs_1	-0.5361326378107042	-1.230135935420628	0.15787065979921974	0.12999672674275	958	Earliest_33pct	1	0.25	94	75	ABLIM1;ACSL1;ACTA1;ACTN2;ADAM12;AEBP1;AKT2;APP;ATP6AP1;BAG1;BIN1;CACNA1H;CASQ1;CASQ2;CDH13;CDH15;CDH4;CDON;CHRNG;CKB;CNN3;COL6A2;COX6A2;CRAT;CTNNA1;ENO3;ERBB3;FDPS;GAA;GABARAPL2;HRC;IFRD1;IGFBP7;ITGA7;ITGB4;KCNH2;KIFC3;LPIN1;MB;MEF2A;MRAS;MYH3;MYL1;MYL4;MYL6B;MYL7;MYLK;MYOD1;MYOG;MYOZ1;NAV2;NEO1;NOTCH1;PFKM;PGAM2;PLXNB2;PPFIA4;PVALB;RYR1;SCD;SMTN;SORBS1;SPARC;SSPN;SVIL;TAGLN;TCF3;TGFB1;TNNC1;TNNI1;TNNT1;TNNT2;TPD52L1;VIPR1;WWTR1	programme	39	0.324991816856875
P1_O25_Earliest_33pct	TSS_ge_3	3plus_vs_1	-0.14538059955509838	-1.6258994599888297	1.3351382608786329	0.8473818555734751	201	Earliest_33pct	1	0.25	94	75	ABLIM1;ACSL1;ACTA1;ACTN2;ADAM12;AEBP1;AKT2;APP;ATP6AP1;BAG1;BIN1;CACNA1H;CASQ1;CASQ2;CDH13;CDH15;CDH4;CDON;CHRNG;CKB;CNN3;COL6A2;COX6A2;CRAT;CTNNA1;ENO3;ERBB3;FDPS;GAA;GABARAPL2;HRC;IFRD1;IGFBP7;ITGA7;ITGB4;KCNH2;KIFC3;LPIN1;MB;MEF2A;MRAS;MYH3;MYL1;MYL4;MYL6B;MYL7;MYLK;MYOD1;MYOG;MYOZ1;NAV2;NEO1;NOTCH1;PFKM;PGAM2;PLXNB2;PPFIA4;PVALB;RYR1;SCD;SMTN;SORBS1;SPARC;SSPN;SVIL;TAGLN;TCF3;TGFB1;TNNC1;TNNI1;TNNT1;TNNT2;TPD52L1;VIPR1;WWTR1	programme	39	0.8533733253590076
P1_O25_Early_by24h	TSS_ge_2	2plus_vs_1	-0.11130829597176918	-0.6393215781618167	0.41670498621827823	0.6794806738898158	1020	Early_by24h	1	0.25	238	130	ABLIM1;ACHE;ACSL1;ACTA1;ACTN2;ADAM12;AEBP1;AKT2;APLNR;APP;ATP2A1;ATP6AP1;BAG1;BIN1;BOC;CACNA1H;CASQ1;CASQ2;CAV3;CDH13;CDH15;CDH4;CDON;CHRNG;CKB;CKM;CNN3;COL1A1;COL4A2;COL6A2;COX6A2;CRAT;CSRP3;CTF1;CTNNA1;DAPK2;DTNA;EIF4A2;ENO3;ERBB3;FDPS;FXYD1;GAA;GABARAPL2;GNAO1;GPX3;HBEGF;HDAC5;HRC;IFRD1;IGFBP7;ITGA7;ITGB4;ITGB5;KCNH1;KCNH2;KIFC3;LARGE1;LDB3;LPIN1;LSP1;MAPRE3;MB;MEF2A;MEF2B;MEF2C;MRAS;MYBPC3;MYBPH;MYH11;MYH2;MYH3;MYL1;MYL2;MYL3;MYL4;MYL6B;MYL7;MYLK;MYO1C;MYOD1;MYOG;MYOM1;MYOZ1;NAV2;NCAM1;NEO1;NOTCH1;NTN3;PFKM;PGAM2;PLXNB2;PPFIA4;PSEN2;PVALB;RB1;REEP1;RYR1;SCD;SGCA;SGCD;SH2B1;SIRT2;SLC6A8;SMTN;SOD3;SORBS1;SPARC;SPTAN1;SSPN;STC2;SVIL;TAGLN;TCAP;TCF12;TCF3;TEAD4;TGFB1;TNNC1;TNNC2;TNNI1;TNNI2;TNNT1;TNNT2;TNNT3;TPD52L1;TPM3;TSC2;VIPR1;WWTR1	programme	32	0.7549785265442398
P1_O25_Early_by24h	TSS_ge_2	3plus_vs_1	0.6740443172583771	-0.5181239397620895	1.8662125742788436	0.26779655793638246	212	Early_by24h	1	0.25	238	130	ABLIM1;ACHE;ACSL1;ACTA1;ACTN2;ADAM12;AEBP1;AKT2;APLNR;APP;ATP2A1;ATP6AP1;BAG1;BIN1;BOC;CACNA1H;CASQ1;CASQ2;CAV3;CDH13;CDH15;CDH4;CDON;CHRNG;CKB;CKM;CNN3;COL1A1;COL4A2;COL6A2;COX6A2;CRAT;CSRP3;CTF1;CTNNA1;DAPK2;DTNA;EIF4A2;ENO3;ERBB3;FDPS;FXYD1;GAA;GABARAPL2;GNAO1;GPX3;HBEGF;HDAC5;HRC;IFRD1;IGFBP7;ITGA7;ITGB4;ITGB5;KCNH1;KCNH2;KIFC3;LARGE1;LDB3;LPIN1;LSP1;MAPRE3;MB;MEF2A;MEF2B;MEF2C;MRAS;MYBPC3;MYBPH;MYH11;MYH2;MYH3;MYL1;MYL2;MYL3;MYL4;MYL6B;MYL7;MYLK;MYO1C;MYOD1;MYOG;MYOM1;MYOZ1;NAV2;NCAM1;NEO1;NOTCH1;NTN3;PFKM;PGAM2;PLXNB2;PPFIA4;PSEN2;PVALB;RB1;REEP1;RYR1;SCD;SGCA;SGCD;SH2B1;SIRT2;SLC6A8;SMTN;SOD3;SORBS1;SPARC;SPTAN1;SSPN;STC2;SVIL;TAGLN;TCAP;TCF12;TCF3;TEAD4;TGFB1;TNNC1;TNNC2;TNNI1;TNNI2;TNNT1;TNNT2;TNNT3;TPD52L1;TPM3;TSC2;VIPR1;WWTR1	programme	32	0.892655193121275
P1_O25_Early_by24h	TSS_ge_3	2plus_vs_1	-0.16681580378553498	-0.7319817576585388	0.39835015008746877	0.5629212673109084	958	Early_by24h	1	0.25	238	130	ABLIM1;ACHE;ACSL1;ACTA1;ACTN2;ADAM12;AEBP1;AKT2;APLNR;APP;ATP2A1;ATP6AP1;BAG1;BIN1;BOC;CACNA1H;CASQ1;CASQ2;CAV3;CDH13;CDH15;CDH4;CDON;CHRNG;CKB;CKM;CNN3;COL1A1;COL4A2;COL6A2;COX6A2;CRAT;CSRP3;CTF1;CTNNA1;DAPK2;DTNA;EIF4A2;ENO3;ERBB3;FDPS;FXYD1;GAA;GABARAPL2;GNAO1;GPX3;HBEGF;HDAC5;HRC;IFRD1;IGFBP7;ITGA7;ITGB4;ITGB5;KCNH1;KCNH2;KIFC3;LARGE1;LDB3;LPIN1;LSP1;MAPRE3;MB;MEF2A;MEF2B;MEF2C;MRAS;MYBPC3;MYBPH;MYH11;MYH2;MYH3;MYL1;MYL2;MYL3;MYL4;MYL6B;MYL7;MYLK;MYO1C;MYOD1;MYOG;MYOM1;MYOZ1;NAV2;NCAM1;NEO1;NOTCH1;NTN3;PFKM;PGAM2;PLXNB2;PPFIA4;PSEN2;PVALB;RB1;REEP1;RYR1;SCD;SGCA;SGCD;SH2B1;SIRT2;SLC6A8;SMTN;SOD3;SORBS1;SPARC;SPTAN1;SSPN;STC2;SVIL;TAGLN;TCAP;TCF12;TCF3;TEAD4;TGFB1;TNNC1;TNNC2;TNNI1;TNNI2;TNNT1;TNNT2;TNNT3;TPD52L1;TPM3;TSC2;VIPR1;WWTR1	programme	32	0.8623132393072905
P1_O25_Early_by24h	TSS_ge_3	3plus_vs_1	0.34724576285893705	-0.8720235803846322	1.5665151061025062	0.5767117175202455	201	Early_by24h	1	0.25	238	130	ABLIM1;ACHE;ACSL1;ACTA1;ACTN2;ADAM12;AEBP1;AKT2;APLNR;APP;ATP2A1;ATP6AP1;BAG1;BIN1;BOC;CACNA1H;CASQ1;CASQ2;CAV3;CDH13;CDH15;CDH4;CDON;CHRNG;CKB;CKM;CNN3;COL1A1;COL4A2;COL6A2;COX6A2;CRAT;CSRP3;CTF1;CTNNA1;DAPK2;DTNA;EIF4A2;ENO3;ERBB3;FDPS;FXYD1;GAA;GABARAPL2;GNAO1;GPX3;HBEGF;HDAC5;HRC;IFRD1;IGFBP7;ITGA7;ITGB4;ITGB5;KCNH1;KCNH2;KIFC3;LARGE1;LDB3;LPIN1;LSP1;MAPRE3;MB;MEF2A;MEF2B;MEF2C;MRAS;MYBPC3;MYBPH;MYH11;MYH2;MYH3;MYL1;MYL2;MYL3;MYL4;MYL6B;MYL7;MYLK;MYO1C;MYOD1;MYOG;MYOM1;MYOZ1;NAV2;NCAM1;NEO1;NOTCH1;NTN3;PFKM;PGAM2;PLXNB2;PPFIA4;PSEN2;PVALB;RB1;REEP1;RYR1;SCD;SGCA;SGCD;SH2B1;SIRT2;SLC6A8;SMTN;SOD3;SORBS1;SPARC;SPTAN1;SSPN;STC2;SVIL;TAGLN;TCAP;TCF12;TCF3;TEAD4;TGFB1;TNNC1;TNNC2;TNNI1;TNNI2;TNNT1;TNNT2;TNNT3;TPD52L1;TPM3;TSC2;VIPR1;WWTR1	programme	32	0.8533733253590076
P1_O25_Late_after48h	TSS_ge_2	2plus_vs_1	0.9108180972832647	-1.7013655743413167	3.5230017689078466	0.4943530690246072	1020	Late_after48h	1	0.25	6	6	BDKRB2;BIN1;BNIP2;DMPK;MEF2B;TCAP	programme	34	0.7549785265442398
P1_O25_Late_after48h	TSS_ge_2	3plus_vs_1	-0.8623616486725028	-7.0959029492751124	5.371179651930107	0.7862789921494214	212	Late_after48h	1	0.25	6	6	BDKRB2;BIN1;BNIP2;DMPK;MEF2B;TCAP	programme	34	0.9326959730241441
P1_O25_Late_after48h	TSS_ge_3	2plus_vs_1	-0.017007009611808573	-2.742885896139371	2.7088718769157536	0.990243394829152	958	Late_after48h	1	0.25	6	6	BDKRB2;BIN1;BNIP2;DMPK;MEF2B;TCAP	programme	34	0.9953937064161528
P1_O25_Late_after48h	TSS_ge_3	3plus_vs_1	-3.341869280685814	-9.898523681393916	3.214785120022289	0.3178060926830548	201	Late_after48h	1	0.25	6	6	BDKRB2;BIN1;BNIP2;DMPK;MEF2B;TCAP	programme	34	0.8533733253590076
P1_O25_Low_change_profile	TSS_ge_2	2plus_vs_1	-0.3155585851714455	-0.6848529696072363	0.05373579926434523	0.09397920462358003	1020	Low_change_profile	1	0.25	666	204	ABLIM1;ACHE;ACSL1;ACTA1;ACTC1;ACTN2;ACTN3;ADAM12;ADCY9;AEBP1;AGL;AGRN;AK1;AKT2;ANKRD2;APLNR;APP;ATP2A1;ATP6AP1;BAG1;BDKRB2;BHLHE40;BIN1;BOC;CACNA1H;CAMK2B;CASQ1;CASQ2;CAV3;CD36;CDC42;CDH13;CDH15;CDH2;CDKN1A;CDON;CFD;CHRNA1;CHRNB1;CHRNG;CKB;CKM;CKMT2;CLU;CNN3;COL15A1;COL1A1;COL3A1;COL4A2;COL6A2;COL6A3;COX7A1;CRAT;CRYAB;CSRP3;CTF1;CTNNA1;CTNNB1;DES;DMD;DMPK;DTNA;EFS;EIF4A2;ENO3;EPHB3;ERBB3;FABP3;FDPS;FGF2;FHL1;FKBP1B;FLII;FOXO4;FST;FXYD1;GAA;GABARAPL2;GADD45B;GJA5;GNAO1;GPX3;GSN;HBEGF;HDAC5;HRC;HSPB2;HSPB8;IFRD1;IGF1;IGFBP3;IGFBP7;ITGA7;ITGB1;ITGB4;ITGB5;KCNH1;KCNH2;KIFC3;KLF5;LAMA2;LARGE1;LDB3;LPIN1;LSP1;MAP2K6;MAPK11;MAPK12;MAPK14;MAPRE3;MB;MEF2A;MEF2B;MEF2C;MEF2D;MRAS;MYBPC3;MYBPH;MYF5;MYF6;MYH1;MYH11;MYH2;MYH3;MYH4;MYH7;MYH8;MYH9;MYL2;MYL3;MYL4;MYL6B;MYL7;MYLK;MYO1C;MYOD1;MYOG;MYOM1;MYOM2;MYOZ1;NAV2;NCAM1;NOTCH1;OCEL1;PC;PDE4DIP;PDLIM7;PFKM;PGAM2;PICK1;PKIA;PLXNB2;PPFIA4;PPP1R3C;PSEN2;PTGIS;PTP4A3;PVALB;PYGM;RB1;REEP1;RIT1;RYR1;SCD;SCHIP1;SGCA;SGCD;SH2B1;SH3BGR;SIRT2;SLC6A8;SLN;SMTN;SORBS1;SORBS3;SPAG9;SPARC;SPDEF;SPEG;SPTAN1;SSPN;STC2;SVIL;SYNGR2;TAGLN;TCAP;TCF12;TCF3;TCF4;TEAD4;TGFB1;TNNC1;TNNC2;TNNI1;TNNI2;TNNT1;TNNT2;TNNT3;TPD52L1;TPM2;TPM3;TSC2;VIPR1;WWTR1	programme	36	0.3996413255369435
P1_O25_Low_change_profile	TSS_ge_2	3plus_vs_1	-0.18758391135656993	-0.9875744733343118	0.6124066506211719	0.645819469326261	212	Low_change_profile	1	0.25	666	204	ABLIM1;ACHE;ACSL1;ACTA1;ACTC1;ACTN2;ACTN3;ADAM12;ADCY9;AEBP1;AGL;AGRN;AK1;AKT2;ANKRD2;APLNR;APP;ATP2A1;ATP6AP1;BAG1;BDKRB2;BHLHE40;BIN1;BOC;CACNA1H;CAMK2B;CASQ1;CASQ2;CAV3;CD36;CDC42;CDH13;CDH15;CDH2;CDKN1A;CDON;CFD;CHRNA1;CHRNB1;CHRNG;CKB;CKM;CKMT2;CLU;CNN3;COL15A1;COL1A1;COL3A1;COL4A2;COL6A2;COL6A3;COX7A1;CRAT;CRYAB;CSRP3;CTF1;CTNNA1;CTNNB1;DES;DMD;DMPK;DTNA;EFS;EIF4A2;ENO3;EPHB3;ERBB3;FABP3;FDPS;FGF2;FHL1;FKBP1B;FLII;FOXO4;FST;FXYD1;GAA;GABARAPL2;GADD45B;GJA5;GNAO1;GPX3;GSN;HBEGF;HDAC5;HRC;HSPB2;HSPB8;IFRD1;IGF1;IGFBP3;IGFBP7;ITGA7;ITGB1;ITGB4;ITGB5;KCNH1;KCNH2;KIFC3;KLF5;LAMA2;LARGE1;LDB3;LPIN1;LSP1;MAP2K6;MAPK11;MAPK12;MAPK14;MAPRE3;MB;MEF2A;MEF2B;MEF2C;MEF2D;MRAS;MYBPC3;MYBPH;MYF5;MYF6;MYH1;MYH11;MYH2;MYH3;MYH4;MYH7;MYH8;MYH9;MYL2;MYL3;MYL4;MYL6B;MYL7;MYLK;MYO1C;MYOD1;MYOG;MYOM1;MYOM2;MYOZ1;NAV2;NCAM1;NOTCH1;OCEL1;PC;PDE4DIP;PDLIM7;PFKM;PGAM2;PICK1;PKIA;PLXNB2;PPFIA4;PPP1R3C;PSEN2;PTGIS;PTP4A3;PVALB;PYGM;RB1;REEP1;RIT1;RYR1;SCD;SCHIP1;SGCA;SGCD;SH2B1;SH3BGR;SIRT2;SLC6A8;SLN;SMTN;SORBS1;SORBS3;SPAG9;SPARC;SPDEF;SPEG;SPTAN1;SSPN;STC2;SVIL;SYNGR2;TAGLN;TCAP;TCF12;TCF3;TCF4;TEAD4;TGFB1;TNNC1;TNNC2;TNNI1;TNNI2;TNNT1;TNNT2;TNNT3;TPD52L1;TPM2;TPM3;TSC2;VIPR1;WWTR1	programme	36	0.9326959730241441
P1_O25_Low_change_profile	TSS_ge_3	2plus_vs_1	-0.3145705761480459	-0.7131508918082107	0.0840097395121189	0.12189758147752351	958	Low_change_profile	1	0.25	666	204	ABLIM1;ACHE;ACSL1;ACTA1;ACTC1;ACTN2;ACTN3;ADAM12;ADCY9;AEBP1;AGL;AGRN;AK1;AKT2;ANKRD2;APLNR;APP;ATP2A1;ATP6AP1;BAG1;BDKRB2;BHLHE40;BIN1;BOC;CACNA1H;CAMK2B;CASQ1;CASQ2;CAV3;CD36;CDC42;CDH13;CDH15;CDH2;CDKN1A;CDON;CFD;CHRNA1;CHRNB1;CHRNG;CKB;CKM;CKMT2;CLU;CNN3;COL15A1;COL1A1;COL3A1;COL4A2;COL6A2;COL6A3;COX7A1;CRAT;CRYAB;CSRP3;CTF1;CTNNA1;CTNNB1;DES;DMD;DMPK;DTNA;EFS;EIF4A2;ENO3;EPHB3;ERBB3;FABP3;FDPS;FGF2;FHL1;FKBP1B;FLII;FOXO4;FST;FXYD1;GAA;GABARAPL2;GADD45B;GJA5;GNAO1;GPX3;GSN;HBEGF;HDAC5;HRC;HSPB2;HSPB8;IFRD1;IGF1;IGFBP3;IGFBP7;ITGA7;ITGB1;ITGB4;ITGB5;KCNH1;KCNH2;KIFC3;KLF5;LAMA2;LARGE1;LDB3;LPIN1;LSP1;MAP2K6;MAPK11;MAPK12;MAPK14;MAPRE3;MB;MEF2A;MEF2B;MEF2C;MEF2D;MRAS;MYBPC3;MYBPH;MYF5;MYF6;MYH1;MYH11;MYH2;MYH3;MYH4;MYH7;MYH8;MYH9;MYL2;MYL3;MYL4;MYL6B;MYL7;MYLK;MYO1C;MYOD1;MYOG;MYOM1;MYOM2;MYOZ1;NAV2;NCAM1;NOTCH1;OCEL1;PC;PDE4DIP;PDLIM7;PFKM;PGAM2;PICK1;PKIA;PLXNB2;PPFIA4;PPP1R3C;PSEN2;PTGIS;PTP4A3;PVALB;PYGM;RB1;REEP1;RIT1;RYR1;SCD;SCHIP1;SGCA;SGCD;SH2B1;SH3BGR;SIRT2;SLC6A8;SLN;SMTN;SORBS1;SORBS3;SPAG9;SPARC;SPDEF;SPEG;SPTAN1;SSPN;STC2;SVIL;SYNGR2;TAGLN;TCAP;TCF12;TCF3;TCF4;TEAD4;TGFB1;TNNC1;TNNC2;TNNI1;TNNI2;TNNT1;TNNT2;TNNT3;TPD52L1;TPM2;TPM3;TSC2;VIPR1;WWTR1	programme	36	0.324991816856875
P1_O25_Low_change_profile	TSS_ge_3	3plus_vs_1	-0.25220032379214047	-1.011461298919446	0.5070606513351651	0.5150255239377732	201	Low_change_profile	1	0.25	666	204	ABLIM1;ACHE;ACSL1;ACTA1;ACTC1;ACTN2;ACTN3;ADAM12;ADCY9;AEBP1;AGL;AGRN;AK1;AKT2;ANKRD2;APLNR;APP;ATP2A1;ATP6AP1;BAG1;BDKRB2;BHLHE40;BIN1;BOC;CACNA1H;CAMK2B;CASQ1;CASQ2;CAV3;CD36;CDC42;CDH13;CDH15;CDH2;CDKN1A;CDON;CFD;CHRNA1;CHRNB1;CHRNG;CKB;CKM;CKMT2;CLU;CNN3;COL15A1;COL1A1;COL3A1;COL4A2;COL6A2;COL6A3;COX7A1;CRAT;CRYAB;CSRP3;CTF1;CTNNA1;CTNNB1;DES;DMD;DMPK;DTNA;EFS;EIF4A2;ENO3;EPHB3;ERBB3;FABP3;FDPS;FGF2;FHL1;FKBP1B;FLII;FOXO4;FST;FXYD1;GAA;GABARAPL2;GADD45B;GJA5;GNAO1;GPX3;GSN;HBEGF;HDAC5;HRC;HSPB2;HSPB8;IFRD1;IGF1;IGFBP3;IGFBP7;ITGA7;ITGB1;ITGB4;ITGB5;KCNH1;KCNH2;KIFC3;KLF5;LAMA2;LARGE1;LDB3;LPIN1;LSP1;MAP2K6;MAPK11;MAPK12;MAPK14;MAPRE3;MB;MEF2A;MEF2B;MEF2C;MEF2D;MRAS;MYBPC3;MYBPH;MYF5;MYF6;MYH1;MYH11;MYH2;MYH3;MYH4;MYH7;MYH8;MYH9;MYL2;MYL3;MYL4;MYL6B;MYL7;MYLK;MYO1C;MYOD1;MYOG;MYOM1;MYOM2;MYOZ1;NAV2;NCAM1;NOTCH1;OCEL1;PC;PDE4DIP;PDLIM7;PFKM;PGAM2;PICK1;PKIA;PLXNB2;PPFIA4;PPP1R3C;PSEN2;PTGIS;PTP4A3;PVALB;PYGM;RB1;REEP1;RIT1;RYR1;SCD;SCHIP1;SGCA;SGCD;SH2B1;SH3BGR;SIRT2;SLC6A8;SLN;SMTN;SORBS1;SORBS3;SPAG9;SPARC;SPDEF;SPEG;SPTAN1;SSPN;STC2;SVIL;SYNGR2;TAGLN;TCAP;TCF12;TCF3;TCF4;TEAD4;TGFB1;TNNC1;TNNC2;TNNI1;TNNI2;TNNT1;TNNT2;TNNT3;TPD52L1;TPM2;TPM3;TSC2;VIPR1;WWTR1	programme	36	0.8533733253590076
P1_O25_Middle_24to48h	TSS_ge_2	2plus_vs_1	0.22757963332350675	-0.5348905996414728	0.9900498662884863	0.5585452487295821	1020	Middle_24to48h	1	0.25	44	37	ACTN2;AGL;AK1;ANKRD2;APOD;CACNA1H;CAMK2B;COL15A1;COL1A1;CTNNA1;DES;HRC;ITGB1;KIFC3;LARGE1;LDB3;MEF2B;MRAS;MYBPH;MYH2;MYH3;MYL7;MYOM1;PSEN2;PVALB;RB1;REEP1;RIT1;RYR1;SGCA;SLC6A8;SORBS3;SPEG;SVIL;TNNC1;TNNT2;TPD52L1	programme	33	0.7549785265442398
P1_O25_Middle_24to48h	TSS_ge_2	3plus_vs_1	1.1291214387568018	-0.6761311880091018	2.9343740655227055	0.22024086228535233	212	Middle_24to48h	1	0.25	44	37	ACTN2;AGL;AK1;ANKRD2;APOD;CACNA1H;CAMK2B;COL15A1;COL1A1;CTNNA1;DES;HRC;ITGB1;KIFC3;LARGE1;LDB3;MEF2B;MRAS;MYBPH;MYH2;MYH3;MYL7;MYOM1;PSEN2;PVALB;RB1;REEP1;RIT1;RYR1;SGCA;SLC6A8;SORBS3;SPEG;SVIL;TNNC1;TNNT2;TPD52L1	programme	33	0.892655193121275
P1_O25_Middle_24to48h	TSS_ge_3	2plus_vs_1	0.002326352252153617	-0.7874599570178525	0.7921126615221596	0.9953937064161528	958	Middle_24to48h	1	0.25	44	37	ACTN2;AGL;AK1;ANKRD2;APOD;CACNA1H;CAMK2B;COL15A1;COL1A1;CTNNA1;DES;HRC;ITGB1;KIFC3;LARGE1;LDB3;MEF2B;MRAS;MYBPH;MYH2;MYH3;MYL7;MYOM1;PSEN2;PVALB;RB1;REEP1;RIT1;RYR1;SGCA;SLC6A8;SORBS3;SPEG;SVIL;TNNC1;TNNT2;TPD52L1	programme	33	0.9953937064161528
P1_O25_Middle_24to48h	TSS_ge_3	3plus_vs_1	0.8872629146880896	-0.9152166513583138	2.689742480734493	0.3346530359718911	201	Middle_24to48h	1	0.25	44	37	ACTN2;AGL;AK1;ANKRD2;APOD;CACNA1H;CAMK2B;COL15A1;COL1A1;CTNNA1;DES;HRC;ITGB1;KIFC3;LARGE1;LDB3;MEF2B;MRAS;MYBPH;MYH2;MYH3;MYL7;MYOM1;PSEN2;PVALB;RB1;REEP1;RIT1;RYR1;SGCA;SLC6A8;SORBS3;SPEG;SVIL;TNNC1;TNNT2;TPD52L1	programme	33	0.8533733253590076
P1_O50_All_external_mapped	TSS_ge_2	2plus_vs_1	-0.1876054497366097	-0.34934003428250304	-0.02587086519071633	0.022997425778184158	1020	All_external_mapped	1	0.5	3324	221	ABL1;ABLIM1;ACHE;ACSL1;ACTA1;ACTC1;ACTN2;ACTN3;ADAM12;ADCY9;AEBP1;AGL;AGRN;AK1;AKT2;ANKRD2;APLNR;APOD;APP;ATP2A1;ATP6AP1;BAG1;BDKRB2;BHLHE40;BIN1;BNIP2;BOC;CACNA1H;CACNG1;CAMK2B;CASQ1;CASQ2;CAV3;CD36;CDC42;CDH13;CDH15;CDH2;CDH4;CDKN1A;CDON;CFD;CHRNA1;CHRNB1;CHRNG;CKB;CKM;CKMT2;CLU;CNN3;COL15A1;COL1A1;COL3A1;COL4A2;COL6A2;COL6A3;COX6A2;COX7A1;CRAT;CRYAB;CSRP3;CTF1;CTNNA1;CTNNA2;CTNNB1;DAPK2;DES;DMD;DMPK;DTNA;EFS;EIF4A2;ENO3;EPHB3;ERBB3;FABP3;FDPS;FGF2;FHL1;FKBP1B;FLII;FOXO4;FST;FXYD1;GAA;GABARAPL2;GADD45B;GJA5;GNAO1;GPX3;GSN;HBEGF;HDAC5;HRC;HSPB2;HSPB8;IFRD1;IGF1;IGFBP3;IGFBP7;ITGA7;ITGB1;ITGB4;ITGB5;KCNH1;KCNH2;KIFC3;KLF5;LAMA2;LARGE1;LDB3;LPIN1;LSP1;MAP2K6;MAPK11;MAPK12;MAPK14;MAPRE3;MB;MEF2A;MEF2B;MEF2C;MEF2D;MRAS;MYBPC3;MYBPH;MYF5;MYF6;MYH1;MYH11;MYH2;MYH3;MYH4;MYH7;MYH8;MYH9;MYL1;MYL2;MYL3;MYL4;MYL6B;MYL7;MYLK;MYO1C;MYOD1;MYOG;MYOM1;MYOM2;MYOZ1;NAV2;NCAM1;NEO1;NOS1;NOTCH1;NQO1;NTN3;OCEL1;PC;PDE4DIP;PDLIM7;PFKM;PGAM2;PICK1;PKIA;PLXNB2;PPFIA4;PPP1R3C;PRNP;PSEN2;PTGIS;PTP4A3;PVALB;PYGM;RB1;REEP1;RIT1;RYR1;SCD;SCHIP1;SGCA;SGCD;SGCG;SH2B1;SH3BGR;SIRT2;SLC6A8;SLN;SMTN;SOD3;SORBS1;SORBS3;SPAG9;SPARC;SPDEF;SPEG;SPHK1;SPTAN1;SSPN;STC2;SVIL;SYNGR2;TAGLN;TCAP;TCF12;TCF3;TCF4;TEAD4;TGFB1;TNNC1;TNNC2;TNNI1;TNNI2;TNNT1;TNNT2;TNNT3;TPD52L1;TPM2;TPM3;TSC2;VIPR1;WWTR1	programme	20	0.20964761472617832
P1_O50_All_external_mapped	TSS_ge_2	3plus_vs_1	-0.07293914798586043	-0.45812842225707723	0.3122501262853564	0.7105352784214745	212	All_external_mapped	1	0.5	3324	221	ABL1;ABLIM1;ACHE;ACSL1;ACTA1;ACTC1;ACTN2;ACTN3;ADAM12;ADCY9;AEBP1;AGL;AGRN;AK1;AKT2;ANKRD2;APLNR;APOD;APP;ATP2A1;ATP6AP1;BAG1;BDKRB2;BHLHE40;BIN1;BNIP2;BOC;CACNA1H;CACNG1;CAMK2B;CASQ1;CASQ2;CAV3;CD36;CDC42;CDH13;CDH15;CDH2;CDH4;CDKN1A;CDON;CFD;CHRNA1;CHRNB1;CHRNG;CKB;CKM;CKMT2;CLU;CNN3;COL15A1;COL1A1;COL3A1;COL4A2;COL6A2;COL6A3;COX6A2;COX7A1;CRAT;CRYAB;CSRP3;CTF1;CTNNA1;CTNNA2;CTNNB1;DAPK2;DES;DMD;DMPK;DTNA;EFS;EIF4A2;ENO3;EPHB3;ERBB3;FABP3;FDPS;FGF2;FHL1;FKBP1B;FLII;FOXO4;FST;FXYD1;GAA;GABARAPL2;GADD45B;GJA5;GNAO1;GPX3;GSN;HBEGF;HDAC5;HRC;HSPB2;HSPB8;IFRD1;IGF1;IGFBP3;IGFBP7;ITGA7;ITGB1;ITGB4;ITGB5;KCNH1;KCNH2;KIFC3;KLF5;LAMA2;LARGE1;LDB3;LPIN1;LSP1;MAP2K6;MAPK11;MAPK12;MAPK14;MAPRE3;MB;MEF2A;MEF2B;MEF2C;MEF2D;MRAS;MYBPC3;MYBPH;MYF5;MYF6;MYH1;MYH11;MYH2;MYH3;MYH4;MYH7;MYH8;MYH9;MYL1;MYL2;MYL3;MYL4;MYL6B;MYL7;MYLK;MYO1C;MYOD1;MYOG;MYOM1;MYOM2;MYOZ1;NAV2;NCAM1;NEO1;NOS1;NOTCH1;NQO1;NTN3;OCEL1;PC;PDE4DIP;PDLIM7;PFKM;PGAM2;PICK1;PKIA;PLXNB2;PPFIA4;PPP1R3C;PRNP;PSEN2;PTGIS;PTP4A3;PVALB;PYGM;RB1;REEP1;RIT1;RYR1;SCD;SCHIP1;SGCA;SGCD;SGCG;SH2B1;SH3BGR;SIRT2;SLC6A8;SLN;SMTN;SOD3;SORBS1;SORBS3;SPAG9;SPARC;SPDEF;SPEG;SPHK1;SPTAN1;SSPN;STC2;SVIL;SYNGR2;TAGLN;TCAP;TCF12;TCF3;TCF4;TEAD4;TGFB1;TNNC1;TNNC2;TNNI1;TNNI2;TNNT1;TNNT2;TNNT3;TPD52L1;TPM2;TPM3;TSC2;VIPR1;WWTR1	programme	20	0.8076583867178643
P1_O50_All_external_mapped	TSS_ge_3	2plus_vs_1	-0.179120216054363	-0.3579316833998923	-0.0003087487088337254	0.049605728490481414	958	All_external_mapped	1	0.5	3324	221	ABL1;ABLIM1;ACHE;ACSL1;ACTA1;ACTC1;ACTN2;ACTN3;ADAM12;ADCY9;AEBP1;AGL;AGRN;AK1;AKT2;ANKRD2;APLNR;APOD;APP;ATP2A1;ATP6AP1;BAG1;BDKRB2;BHLHE40;BIN1;BNIP2;BOC;CACNA1H;CACNG1;CAMK2B;CASQ1;CASQ2;CAV3;CD36;CDC42;CDH13;CDH15;CDH2;CDH4;CDKN1A;CDON;CFD;CHRNA1;CHRNB1;CHRNG;CKB;CKM;CKMT2;CLU;CNN3;COL15A1;COL1A1;COL3A1;COL4A2;COL6A2;COL6A3;COX6A2;COX7A1;CRAT;CRYAB;CSRP3;CTF1;CTNNA1;CTNNA2;CTNNB1;DAPK2;DES;DMD;DMPK;DTNA;EFS;EIF4A2;ENO3;EPHB3;ERBB3;FABP3;FDPS;FGF2;FHL1;FKBP1B;FLII;FOXO4;FST;FXYD1;GAA;GABARAPL2;GADD45B;GJA5;GNAO1;GPX3;GSN;HBEGF;HDAC5;HRC;HSPB2;HSPB8;IFRD1;IGF1;IGFBP3;IGFBP7;ITGA7;ITGB1;ITGB4;ITGB5;KCNH1;KCNH2;KIFC3;KLF5;LAMA2;LARGE1;LDB3;LPIN1;LSP1;MAP2K6;MAPK11;MAPK12;MAPK14;MAPRE3;MB;MEF2A;MEF2B;MEF2C;MEF2D;MRAS;MYBPC3;MYBPH;MYF5;MYF6;MYH1;MYH11;MYH2;MYH3;MYH4;MYH7;MYH8;MYH9;MYL1;MYL2;MYL3;MYL4;MYL6B;MYL7;MYLK;MYO1C;MYOD1;MYOG;MYOM1;MYOM2;MYOZ1;NAV2;NCAM1;NEO1;NOS1;NOTCH1;NQO1;NTN3;OCEL1;PC;PDE4DIP;PDLIM7;PFKM;PGAM2;PICK1;PKIA;PLXNB2;PPFIA4;PPP1R3C;PRNP;PSEN2;PTGIS;PTP4A3;PVALB;PYGM;RB1;REEP1;RIT1;RYR1;SCD;SCHIP1;SGCA;SGCD;SGCG;SH2B1;SH3BGR;SIRT2;SLC6A8;SLN;SMTN;SOD3;SORBS1;SORBS3;SPAG9;SPARC;SPDEF;SPEG;SPHK1;SPTAN1;SSPN;STC2;SVIL;SYNGR2;TAGLN;TCAP;TCF12;TCF3;TCF4;TEAD4;TGFB1;TNNC1;TNNC2;TNNI1;TNNI2;TNNT1;TNNT2;TNNT3;TPD52L1;TPM2;TPM3;TSC2;VIPR1;WWTR1	programme	20	0.40464425588837016
P1_O50_All_external_mapped	TSS_ge_3	3plus_vs_1	-0.11582973394425133	-0.47288694246474083	0.24122747457623822	0.5248974150878717	201	All_external_mapped	1	0.5	3324	221	ABL1;ABLIM1;ACHE;ACSL1;ACTA1;ACTC1;ACTN2;ACTN3;ADAM12;ADCY9;AEBP1;AGL;AGRN;AK1;AKT2;ANKRD2;APLNR;APOD;APP;ATP2A1;ATP6AP1;BAG1;BDKRB2;BHLHE40;BIN1;BNIP2;BOC;CACNA1H;CACNG1;CAMK2B;CASQ1;CASQ2;CAV3;CD36;CDC42;CDH13;CDH15;CDH2;CDH4;CDKN1A;CDON;CFD;CHRNA1;CHRNB1;CHRNG;CKB;CKM;CKMT2;CLU;CNN3;COL15A1;COL1A1;COL3A1;COL4A2;COL6A2;COL6A3;COX6A2;COX7A1;CRAT;CRYAB;CSRP3;CTF1;CTNNA1;CTNNA2;CTNNB1;DAPK2;DES;DMD;DMPK;DTNA;EFS;EIF4A2;ENO3;EPHB3;ERBB3;FABP3;FDPS;FGF2;FHL1;FKBP1B;FLII;FOXO4;FST;FXYD1;GAA;GABARAPL2;GADD45B;GJA5;GNAO1;GPX3;GSN;HBEGF;HDAC5;HRC;HSPB2;HSPB8;IFRD1;IGF1;IGFBP3;IGFBP7;ITGA7;ITGB1;ITGB4;ITGB5;KCNH1;KCNH2;KIFC3;KLF5;LAMA2;LARGE1;LDB3;LPIN1;LSP1;MAP2K6;MAPK11;MAPK12;MAPK14;MAPRE3;MB;MEF2A;MEF2B;MEF2C;MEF2D;MRAS;MYBPC3;MYBPH;MYF5;MYF6;MYH1;MYH11;MYH2;MYH3;MYH4;MYH7;MYH8;MYH9;MYL1;MYL2;MYL3;MYL4;MYL6B;MYL7;MYLK;MYO1C;MYOD1;MYOG;MYOM1;MYOM2;MYOZ1;NAV2;NCAM1;NEO1;NOS1;NOTCH1;NQO1;NTN3;OCEL1;PC;PDE4DIP;PDLIM7;PFKM;PGAM2;PICK1;PKIA;PLXNB2;PPFIA4;PPP1R3C;PRNP;PSEN2;PTGIS;PTP4A3;PVALB;PYGM;RB1;REEP1;RIT1;RYR1;SCD;SCHIP1;SGCA;SGCD;SGCG;SH2B1;SH3BGR;SIRT2;SLC6A8;SLN;SMTN;SOD3;SORBS1;SORBS3;SPAG9;SPARC;SPDEF;SPEG;SPHK1;SPTAN1;SSPN;STC2;SVIL;SYNGR2;TAGLN;TCAP;TCF12;TCF3;TCF4;TEAD4;TGFB1;TNNC1;TNNC2;TNNI1;TNNI2;TNNT1;TNNT2;TNNT3;TPD52L1;TPM2;TPM3;TSC2;VIPR1;WWTR1	programme	20	0.8927605381308601
P1_O50_All_opening	TSS_ge_2	2plus_vs_1	0.006253936757827599	-0.5324680102211728	0.5449758837368281	0.9818473723941579	1020	All_opening	1	0.5	230	127	ABLIM1;ACSL1;ACTA1;ACTN2;ADAM12;AGL;AK1;AKT2;ANKRD2;APLNR;APOD;APP;ATP2A1;BAG1;BDKRB2;BIN1;BNIP2;BOC;CACNA1H;CAMK2B;CASQ1;CASQ2;CAV3;CDH13;CDH15;CDH4;CDON;CHRNG;CKM;CNN3;COL15A1;COL1A1;COL4A2;CRAT;CSRP3;CTF1;CTNNA1;DAPK2;DTNA;EIF4A2;ENO3;ERBB3;FDPS;FXYD1;GAA;GABARAPL2;GNAO1;GPX3;HBEGF;HRC;IGFBP7;ITGA7;ITGB1;ITGB4;ITGB5;KCNH2;KIFC3;LARGE1;LDB3;LPIN1;LSP1;MAPRE3;MB;MEF2A;MEF2B;MEF2C;MRAS;MYBPH;MYH11;MYH2;MYH3;MYL1;MYL2;MYL3;MYL4;MYL6B;MYL7;MYLK;MYO1C;MYOD1;MYOG;MYOM1;MYOZ1;NAV2;NCAM1;NEO1;NOTCH1;NTN3;PFKM;PLXNB2;PPFIA4;PSEN2;PVALB;RB1;REEP1;RIT1;RYR1;SCD;SGCA;SGCD;SH2B1;SIRT2;SLC6A8;SMTN;SOD3;SORBS1;SPARC;SPTAN1;SSPN;STC2;SVIL;TAGLN;TCAP;TCF3;TEAD4;TGFB1;TNNC1;TNNI1;TNNI2;TNNT1;TNNT2;TNNT3;TPD52L1;TPM3;TSC2;VIPR1;WWTR1	programme	21	0.9818473723941579
P1_O50_All_opening	TSS_ge_2	3plus_vs_1	1.0471892796726487	-0.23411857378701928	2.3284971331323163	0.10919045987538124	212	All_opening	1	0.5	230	127	ABLIM1;ACSL1;ACTA1;ACTN2;ADAM12;AGL;AK1;AKT2;ANKRD2;APLNR;APOD;APP;ATP2A1;BAG1;BDKRB2;BIN1;BNIP2;BOC;CACNA1H;CAMK2B;CASQ1;CASQ2;CAV3;CDH13;CDH15;CDH4;CDON;CHRNG;CKM;CNN3;COL15A1;COL1A1;COL4A2;CRAT;CSRP3;CTF1;CTNNA1;DAPK2;DTNA;EIF4A2;ENO3;ERBB3;FDPS;FXYD1;GAA;GABARAPL2;GNAO1;GPX3;HBEGF;HRC;IGFBP7;ITGA7;ITGB1;ITGB4;ITGB5;KCNH2;KIFC3;LARGE1;LDB3;LPIN1;LSP1;MAPRE3;MB;MEF2A;MEF2B;MEF2C;MRAS;MYBPH;MYH11;MYH2;MYH3;MYL1;MYL2;MYL3;MYL4;MYL6B;MYL7;MYLK;MYO1C;MYOD1;MYOG;MYOM1;MYOZ1;NAV2;NCAM1;NEO1;NOTCH1;NTN3;PFKM;PLXNB2;PPFIA4;PSEN2;PVALB;RB1;REEP1;RIT1;RYR1;SCD;SGCA;SGCD;SH2B1;SIRT2;SLC6A8;SMTN;SOD3;SORBS1;SPARC;SPTAN1;SSPN;STC2;SVIL;TAGLN;TCAP;TCF3;TEAD4;TGFB1;TNNC1;TNNI1;TNNI2;TNNT1;TNNT2;TNNT3;TPD52L1;TPM3;TSC2;VIPR1;WWTR1	programme	21	0.5459522993769061
P1_O50_All_opening	TSS_ge_3	2plus_vs_1	-0.05253377746377261	-0.6252502575967277	0.5201827026691825	0.8573234444481739	958	All_opening	1	0.5	230	127	ABLIM1;ACSL1;ACTA1;ACTN2;ADAM12;AGL;AK1;AKT2;ANKRD2;APLNR;APOD;APP;ATP2A1;BAG1;BDKRB2;BIN1;BNIP2;BOC;CACNA1H;CAMK2B;CASQ1;CASQ2;CAV3;CDH13;CDH15;CDH4;CDON;CHRNG;CKM;CNN3;COL15A1;COL1A1;COL4A2;CRAT;CSRP3;CTF1;CTNNA1;DAPK2;DTNA;EIF4A2;ENO3;ERBB3;FDPS;FXYD1;GAA;GABARAPL2;GNAO1;GPX3;HBEGF;HRC;IGFBP7;ITGA7;ITGB1;ITGB4;ITGB5;KCNH2;KIFC3;LARGE1;LDB3;LPIN1;LSP1;MAPRE3;MB;MEF2A;MEF2B;MEF2C;MRAS;MYBPH;MYH11;MYH2;MYH3;MYL1;MYL2;MYL3;MYL4;MYL6B;MYL7;MYLK;MYO1C;MYOD1;MYOG;MYOM1;MYOZ1;NAV2;NCAM1;NEO1;NOTCH1;NTN3;PFKM;PLXNB2;PPFIA4;PSEN2;PVALB;RB1;REEP1;RIT1;RYR1;SCD;SGCA;SGCD;SH2B1;SIRT2;SLC6A8;SMTN;SOD3;SORBS1;SPARC;SPTAN1;SSPN;STC2;SVIL;TAGLN;TCAP;TCF3;TEAD4;TGFB1;TNNC1;TNNI1;TNNI2;TNNT1;TNNT2;TNNT3;TPD52L1;TPM3;TSC2;VIPR1;WWTR1	programme	21	0.8573234444481739
P1_O50_All_opening	TSS_ge_3	3plus_vs_1	0.720054448090547	-0.6203375272955277	2.0604464234766215	0.2923929560920323	201	All_opening	1	0.5	230	127	ABLIM1;ACSL1;ACTA1;ACTN2;ADAM12;AGL;AK1;AKT2;ANKRD2;APLNR;APOD;APP;ATP2A1;BAG1;BDKRB2;BIN1;BNIP2;BOC;CACNA1H;CAMK2B;CASQ1;CASQ2;CAV3;CDH13;CDH15;CDH4;CDON;CHRNG;CKM;CNN3;COL15A1;COL1A1;COL4A2;CRAT;CSRP3;CTF1;CTNNA1;DAPK2;DTNA;EIF4A2;ENO3;ERBB3;FDPS;FXYD1;GAA;GABARAPL2;GNAO1;GPX3;HBEGF;HRC;IGFBP7;ITGA7;ITGB1;ITGB4;ITGB5;KCNH2;KIFC3;LARGE1;LDB3;LPIN1;LSP1;MAPRE3;MB;MEF2A;MEF2B;MEF2C;MRAS;MYBPH;MYH11;MYH2;MYH3;MYL1;MYL2;MYL3;MYL4;MYL6B;MYL7;MYLK;MYO1C;MYOD1;MYOG;MYOM1;MYOZ1;NAV2;NCAM1;NEO1;NOTCH1;NTN3;PFKM;PLXNB2;PPFIA4;PSEN2;PVALB;RB1;REEP1;RIT1;RYR1;SCD;SGCA;SGCD;SH2B1;SIRT2;SLC6A8;SMTN;SOD3;SORBS1;SPARC;SPTAN1;SSPN;STC2;SVIL;TAGLN;TCAP;TCF3;TEAD4;TGFB1;TNNC1;TNNI1;TNNI2;TNNT1;TNNT2;TNNT3;TPD52L1;TPM3;TSC2;VIPR1;WWTR1	programme	21	0.8927605381308601
P1_O50_Closing	TSS_ge_2	2plus_vs_1	-0.21813194358741278	-0.7928351495217547	0.35657126234692915	0.45692746014946073	1020	Closing	1	0.5	178	99	ABL1;ABLIM1;ACSL1;ACTC1;ADAM12;ADCY9;AK1;ANKRD2;APLNR;APP;BAG1;BDKRB2;BIN1;CASQ1;CAV3;CD36;CDC42;CDH13;CDH2;CDH4;CDKN1A;CDON;CHRNA1;CKB;CKMT2;CLU;CNN3;COL15A1;COL1A1;COL3A1;COL4A2;COL6A3;CRYAB;CTNNB1;DAPK2;DMD;DTNA;EPHB3;FABP3;FGF2;FST;GADD45B;GSN;HBEGF;HDAC5;HSPB2;IGF1;IGFBP3;IGFBP7;ITGA7;ITGB1;ITGB5;LAMA2;LARGE1;LPIN1;MAPK14;MB;MEF2A;MEF2C;MEF2D;MYF5;MYF6;MYH4;MYH8;MYL4;MYLK;MYO1C;MYOD1;MYOM2;MYOZ1;NAV2;NCAM1;PDLIM7;PPP1R3C;PTGIS;RB1;RIT1;RYR1;SCHIP1;SGCA;SGCD;SLN;SMTN;SOD3;SORBS1;SORBS3;SPAG9;SPARC;SPHK1;SSPN;STC2;SVIL;TAGLN;TCF12;TNNC2;TNNI1;TNNT2;TPM3;WWTR1	programme	25	0.6527535144992297
P1_O50_Closing	TSS_ge_2	3plus_vs_1	0.4645871065265844	-0.8086772711118859	1.7378514841650545	0.4745168574553439	212	Closing	1	0.5	178	99	ABL1;ABLIM1;ACSL1;ACTC1;ADAM12;ADCY9;AK1;ANKRD2;APLNR;APP;BAG1;BDKRB2;BIN1;CASQ1;CAV3;CD36;CDC42;CDH13;CDH2;CDH4;CDKN1A;CDON;CHRNA1;CKB;CKMT2;CLU;CNN3;COL15A1;COL1A1;COL3A1;COL4A2;COL6A3;CRYAB;CTNNB1;DAPK2;DMD;DTNA;EPHB3;FABP3;FGF2;FST;GADD45B;GSN;HBEGF;HDAC5;HSPB2;IGF1;IGFBP3;IGFBP7;ITGA7;ITGB1;ITGB5;LAMA2;LARGE1;LPIN1;MAPK14;MB;MEF2A;MEF2C;MEF2D;MYF5;MYF6;MYH4;MYH8;MYL4;MYLK;MYO1C;MYOD1;MYOM2;MYOZ1;NAV2;NCAM1;PDLIM7;PPP1R3C;PTGIS;RB1;RIT1;RYR1;SCHIP1;SGCA;SGCD;SLN;SMTN;SOD3;SORBS1;SORBS3;SPAG9;SPARC;SPHK1;SSPN;STC2;SVIL;TAGLN;TCF12;TNNC2;TNNI1;TNNT2;TPM3;WWTR1	programme	25	0.8076583867178643
P1_O50_Closing	TSS_ge_3	2plus_vs_1	-0.09939179571671815	-0.7172949306762584	0.518511339242822	0.7525590954067005	958	Closing	1	0.5	178	99	ABL1;ABLIM1;ACSL1;ACTC1;ADAM12;ADCY9;AK1;ANKRD2;APLNR;APP;BAG1;BDKRB2;BIN1;CASQ1;CAV3;CD36;CDC42;CDH13;CDH2;CDH4;CDKN1A;CDON;CHRNA1;CKB;CKMT2;CLU;CNN3;COL15A1;COL1A1;COL3A1;COL4A2;COL6A3;CRYAB;CTNNB1;DAPK2;DMD;DTNA;EPHB3;FABP3;FGF2;FST;GADD45B;GSN;HBEGF;HDAC5;HSPB2;IGF1;IGFBP3;IGFBP7;ITGA7;ITGB1;ITGB5;LAMA2;LARGE1;LPIN1;MAPK14;MB;MEF2A;MEF2C;MEF2D;MYF5;MYF6;MYH4;MYH8;MYL4;MYLK;MYO1C;MYOD1;MYOM2;MYOZ1;NAV2;NCAM1;PDLIM7;PPP1R3C;PTGIS;RB1;RIT1;RYR1;SCHIP1;SGCA;SGCD;SLN;SMTN;SOD3;SORBS1;SORBS3;SPAG9;SPARC;SPHK1;SSPN;STC2;SVIL;TAGLN;TCF12;TNNC2;TNNI1;TNNT2;TPM3;WWTR1	programme	25	0.8412720879350633
P1_O50_Closing	TSS_ge_3	3plus_vs_1	0.4535282792315975	-0.8160032519799489	1.7230598104431438	0.48381563507600023	201	Closing	1	0.5	178	99	ABL1;ABLIM1;ACSL1;ACTC1;ADAM12;ADCY9;AK1;ANKRD2;APLNR;APP;BAG1;BDKRB2;BIN1;CASQ1;CAV3;CD36;CDC42;CDH13;CDH2;CDH4;CDKN1A;CDON;CHRNA1;CKB;CKMT2;CLU;CNN3;COL15A1;COL1A1;COL3A1;COL4A2;COL6A3;CRYAB;CTNNB1;DAPK2;DMD;DTNA;EPHB3;FABP3;FGF2;FST;GADD45B;GSN;HBEGF;HDAC5;HSPB2;IGF1;IGFBP3;IGFBP7;ITGA7;ITGB1;ITGB5;LAMA2;LARGE1;LPIN1;MAPK14;MB;MEF2A;MEF2C;MEF2D;MYF5;MYF6;MYH4;MYH8;MYL4;MYLK;MYO1C;MYOD1;MYOM2;MYOZ1;NAV2;NCAM1;PDLIM7;PPP1R3C;PTGIS;RB1;RIT1;RYR1;SCHIP1;SGCA;SGCD;SLN;SMTN;SOD3;SORBS1;SORBS3;SPAG9;SPARC;SPHK1;SSPN;STC2;SVIL;TAGLN;TCF12;TNNC2;TNNI1;TNNT2;TPM3;WWTR1	programme	25	0.8927605381308601
P1_O50_Earliest_20pct	TSS_ge_2	2plus_vs_1	-0.4040815957105122	-1.200070824399174	0.3919076329781496	0.31975087279300796	1020	Earliest_20pct	1	0.5	51	44	ABLIM1;ACSL1;ACTA1;AKT2;BAG1;BIN1;CACNA1H;CDH13;CDH4;CHRNG;CNN3;CTNNA1;ENO3;ERBB3;FDPS;GAA;HRC;ITGA7;KCNH2;KIFC3;LPIN1;MRAS;MYL4;MYL6B;MYLK;MYOD1;MYOG;MYOZ1;NAV2;PFKM;PPFIA4;PVALB;RYR1;SPARC;SVIL;TAGLN;TCF3;TGFB1;TNNC1;TNNI1;TNNT1;TNNT2;VIPR1;WWTR1	programme	27	0.6395017455860159
P1_O50_Earliest_20pct	TSS_ge_2	3plus_vs_1	0.619139487125058	-1.0546786323322366	2.2929576065823527	0.46846194125460483	212	Earliest_20pct	1	0.5	51	44	ABLIM1;ACSL1;ACTA1;AKT2;BAG1;BIN1;CACNA1H;CDH13;CDH4;CHRNG;CNN3;CTNNA1;ENO3;ERBB3;FDPS;GAA;HRC;ITGA7;KCNH2;KIFC3;LPIN1;MRAS;MYL4;MYL6B;MYLK;MYOD1;MYOG;MYOZ1;NAV2;PFKM;PPFIA4;PVALB;RYR1;SPARC;SVIL;TAGLN;TCF3;TGFB1;TNNC1;TNNI1;TNNT1;TNNT2;VIPR1;WWTR1	programme	27	0.8076583867178643
P1_O50_Earliest_20pct	TSS_ge_3	2plus_vs_1	-0.5744906306201993	-1.433761062803623	0.28477980156322424	0.19006331944998744	958	Earliest_20pct	1	0.5	51	44	ABLIM1;ACSL1;ACTA1;AKT2;BAG1;BIN1;CACNA1H;CDH13;CDH4;CHRNG;CNN3;CTNNA1;ENO3;ERBB3;FDPS;GAA;HRC;ITGA7;KCNH2;KIFC3;LPIN1;MRAS;MYL4;MYL6B;MYLK;MYOD1;MYOG;MYOZ1;NAV2;PFKM;PPFIA4;PVALB;RYR1;SPARC;SVIL;TAGLN;TCF3;TGFB1;TNNC1;TNNI1;TNNT1;TNNT2;VIPR1;WWTR1	programme	27	0.4177162997798676
P1_O50_Earliest_20pct	TSS_ge_3	3plus_vs_1	0.30853049428048407	-1.446703663306576	2.0637646518675443	0.7304572347801881	201	Earliest_20pct	1	0.5	51	44	ABLIM1;ACSL1;ACTA1;AKT2;BAG1;BIN1;CACNA1H;CDH13;CDH4;CHRNG;CNN3;CTNNA1;ENO3;ERBB3;FDPS;GAA;HRC;ITGA7;KCNH2;KIFC3;LPIN1;MRAS;MYL4;MYL6B;MYLK;MYOD1;MYOG;MYOZ1;NAV2;PFKM;PPFIA4;PVALB;RYR1;SPARC;SVIL;TAGLN;TCF3;TGFB1;TNNC1;TNNI1;TNNT1;TNNT2;VIPR1;WWTR1	programme	27	0.9119206031065592
P1_O50_Earliest_25pct	TSS_ge_2	2plus_vs_1	-0.47484493391469274	-1.2243260509933	0.27463618316391447	0.21432350166053027	1020	Earliest_25pct	1	0.5	58	46	ABLIM1;ACSL1;ACTA1;AKT2;BAG1;BIN1;CACNA1H;CDH13;CDH4;CDON;CHRNG;CNN3;CRAT;CTNNA1;ENO3;ERBB3;FDPS;GAA;HRC;ITGA7;KCNH2;KIFC3;LPIN1;MRAS;MYL4;MYL6B;MYLK;MYOD1;MYOG;MYOZ1;NAV2;PFKM;PPFIA4;PVALB;RYR1;SPARC;SVIL;TAGLN;TCF3;TGFB1;TNNC1;TNNI1;TNNT1;TNNT2;VIPR1;WWTR1	programme	28	0.5358087541513257
P1_O50_Earliest_25pct	TSS_ge_2	3plus_vs_1	0.43603936471365057	-1.0859426758402826	1.9580214052675837	0.5744439529252059	212	Earliest_25pct	1	0.5	58	46	ABLIM1;ACSL1;ACTA1;AKT2;BAG1;BIN1;CACNA1H;CDH13;CDH4;CDON;CHRNG;CNN3;CRAT;CTNNA1;ENO3;ERBB3;FDPS;GAA;HRC;ITGA7;KCNH2;KIFC3;LPIN1;MRAS;MYL4;MYL6B;MYLK;MYOD1;MYOG;MYOZ1;NAV2;PFKM;PPFIA4;PVALB;RYR1;SPARC;SVIL;TAGLN;TCF3;TGFB1;TNNC1;TNNI1;TNNT1;TNNT2;VIPR1;WWTR1	programme	28	0.8076583867178643
P1_O50_Earliest_25pct	TSS_ge_3	2plus_vs_1	-0.5203400242702068	-1.3318610208996469	0.2911809723592335	0.2088581498899338	958	Earliest_25pct	1	0.5	58	46	ABLIM1;ACSL1;ACTA1;AKT2;BAG1;BIN1;CACNA1H;CDH13;CDH4;CDON;CHRNG;CNN3;CRAT;CTNNA1;ENO3;ERBB3;FDPS;GAA;HRC;ITGA7;KCNH2;KIFC3;LPIN1;MRAS;MYL4;MYL6B;MYLK;MYOD1;MYOG;MYOZ1;NAV2;PFKM;PPFIA4;PVALB;RYR1;SPARC;SVIL;TAGLN;TCF3;TGFB1;TNNC1;TNNI1;TNNT1;TNNT2;VIPR1;WWTR1	programme	28	0.4177162997798676
P1_O50_Earliest_25pct	TSS_ge_3	3plus_vs_1	0.2095769721219205	-1.4104336489566551	1.8295875932004964	0.7998386384231164	201	Earliest_25pct	1	0.5	58	46	ABLIM1;ACSL1;ACTA1;AKT2;BAG1;BIN1;CACNA1H;CDH13;CDH4;CDON;CHRNG;CNN3;CRAT;CTNNA1;ENO3;ERBB3;FDPS;GAA;HRC;ITGA7;KCNH2;KIFC3;LPIN1;MRAS;MYL4;MYL6B;MYLK;MYOD1;MYOG;MYOZ1;NAV2;PFKM;PPFIA4;PVALB;RYR1;SPARC;SVIL;TAGLN;TCF3;TGFB1;TNNC1;TNNI1;TNNT1;TNNT2;VIPR1;WWTR1	programme	28	0.9119206031065592
P1_O50_Earliest_33pct	TSS_ge_2	2plus_vs_1	-0.511428168550381	-1.207343130839784	0.18448679373902194	0.14976040744577976	1020	Earliest_33pct	1	0.5	77	62	ABLIM1;ACSL1;ACTA1;ACTN2;AKT2;APP;BAG1;BIN1;CACNA1H;CASQ1;CASQ2;CDH13;CDH15;CDH4;CDON;CHRNG;CNN3;CRAT;CTNNA1;ENO3;ERBB3;FDPS;GAA;GABARAPL2;HRC;IGFBP7;ITGA7;ITGB4;KCNH2;KIFC3;LPIN1;MB;MRAS;MYL1;MYL4;MYL6B;MYLK;MYOD1;MYOG;MYOZ1;NAV2;NEO1;NOTCH1;PFKM;PPFIA4;PVALB;RYR1;SMTN;SORBS1;SPARC;SSPN;SVIL;TAGLN;TCF3;TGFB1;TNNC1;TNNI1;TNNT1;TNNT2;TPD52L1;VIPR1;WWTR1	programme	29	0.4992013581525992
P1_O50_Earliest_33pct	TSS_ge_2	3plus_vs_1	0.395132033813173	-1.1423641332288914	1.9326282008552373	0.6144686720417718	212	Earliest_33pct	1	0.5	77	62	ABLIM1;ACSL1;ACTA1;ACTN2;AKT2;APP;BAG1;BIN1;CACNA1H;CASQ1;CASQ2;CDH13;CDH15;CDH4;CDON;CHRNG;CNN3;CRAT;CTNNA1;ENO3;ERBB3;FDPS;GAA;GABARAPL2;HRC;IGFBP7;ITGA7;ITGB4;KCNH2;KIFC3;LPIN1;MB;MRAS;MYL1;MYL4;MYL6B;MYLK;MYOD1;MYOG;MYOZ1;NAV2;NEO1;NOTCH1;PFKM;PPFIA4;PVALB;RYR1;SMTN;SORBS1;SPARC;SSPN;SVIL;TAGLN;TCF3;TGFB1;TNNC1;TNNI1;TNNT1;TNNT2;TPD52L1;VIPR1;WWTR1	programme	29	0.8076583867178643
P1_O50_Earliest_33pct	TSS_ge_3	2plus_vs_1	-0.5938838048349336	-1.345353781490986	0.15758617182111853	0.12139327676651104	958	Earliest_33pct	1	0.5	77	62	ABLIM1;ACSL1;ACTA1;ACTN2;AKT2;APP;BAG1;BIN1;CACNA1H;CASQ1;CASQ2;CDH13;CDH15;CDH4;CDON;CHRNG;CNN3;CRAT;CTNNA1;ENO3;ERBB3;FDPS;GAA;GABARAPL2;HRC;IGFBP7;ITGA7;ITGB4;KCNH2;KIFC3;LPIN1;MB;MRAS;MYL1;MYL4;MYL6B;MYLK;MYOD1;MYOG;MYOZ1;NAV2;NEO1;NOTCH1;PFKM;PPFIA4;PVALB;RYR1;SMTN;SORBS1;SPARC;SSPN;SVIL;TAGLN;TCF3;TGFB1;TNNC1;TNNI1;TNNT1;TNNT2;TPD52L1;VIPR1;WWTR1	programme	29	0.40464425588837016
P1_O50_Earliest_33pct	TSS_ge_3	3plus_vs_1	-0.010191642209703767	-1.6280481651939442	1.6076648807745366	0.9901489781345265	201	Earliest_33pct	1	0.5	77	62	ABLIM1;ACSL1;ACTA1;ACTN2;AKT2;APP;BAG1;BIN1;CACNA1H;CASQ1;CASQ2;CDH13;CDH15;CDH4;CDON;CHRNG;CNN3;CRAT;CTNNA1;ENO3;ERBB3;FDPS;GAA;GABARAPL2;HRC;IGFBP7;ITGA7;ITGB4;KCNH2;KIFC3;LPIN1;MB;MRAS;MYL1;MYL4;MYL6B;MYLK;MYOD1;MYOG;MYOZ1;NAV2;NEO1;NOTCH1;PFKM;PPFIA4;PVALB;RYR1;SMTN;SORBS1;SPARC;SSPN;SVIL;TAGLN;TCF3;TGFB1;TNNC1;TNNI1;TNNT1;TNNT2;TPD52L1;VIPR1;WWTR1	programme	29	0.9901489781345265
P1_O50_Early_by24h	TSS_ge_2	2plus_vs_1	-0.06899222902656806	-0.6449563174193745	0.5069718593662385	0.8143829477197517	1020	Early_by24h	1	0.5	193	115	ABLIM1;ACSL1;ACTA1;ACTN2;ADAM12;AKT2;APLNR;APP;ATP2A1;BAG1;BIN1;BOC;CACNA1H;CASQ1;CASQ2;CAV3;CDH13;CDH15;CDH4;CDON;CHRNG;CKM;CNN3;COL1A1;COL4A2;CRAT;CSRP3;CTF1;CTNNA1;DAPK2;DTNA;EIF4A2;ENO3;ERBB3;FDPS;FXYD1;GAA;GABARAPL2;GNAO1;GPX3;HBEGF;HRC;IGFBP7;ITGA7;ITGB4;ITGB5;KCNH2;KIFC3;LARGE1;LDB3;LPIN1;LSP1;MAPRE3;MB;MEF2A;MEF2B;MEF2C;MRAS;MYBPH;MYH11;MYH2;MYH3;MYL1;MYL2;MYL3;MYL4;MYL6B;MYLK;MYO1C;MYOD1;MYOG;MYOZ1;NAV2;NCAM1;NEO1;NOTCH1;NTN3;PFKM;PLXNB2;PPFIA4;PSEN2;PVALB;RB1;REEP1;RYR1;SCD;SGCA;SGCD;SH2B1;SIRT2;SLC6A8;SMTN;SOD3;SORBS1;SPARC;SPTAN1;SSPN;STC2;SVIL;TAGLN;TCAP;TCF3;TEAD4;TGFB1;TNNC1;TNNI1;TNNI2;TNNT1;TNNT2;TNNT3;TPD52L1;TPM3;TSC2;VIPR1;WWTR1	programme	22	0.9048699419108353
P1_O50_Early_by24h	TSS_ge_2	3plus_vs_1	0.9251953277255219	-0.3980787859236012	2.248469441374645	0.17057747413796098	212	Early_by24h	1	0.5	193	115	ABLIM1;ACSL1;ACTA1;ACTN2;ADAM12;AKT2;APLNR;APP;ATP2A1;BAG1;BIN1;BOC;CACNA1H;CASQ1;CASQ2;CAV3;CDH13;CDH15;CDH4;CDON;CHRNG;CKM;CNN3;COL1A1;COL4A2;CRAT;CSRP3;CTF1;CTNNA1;DAPK2;DTNA;EIF4A2;ENO3;ERBB3;FDPS;FXYD1;GAA;GABARAPL2;GNAO1;GPX3;HBEGF;HRC;IGFBP7;ITGA7;ITGB4;ITGB5;KCNH2;KIFC3;LARGE1;LDB3;LPIN1;LSP1;MAPRE3;MB;MEF2A;MEF2B;MEF2C;MRAS;MYBPH;MYH11;MYH2;MYH3;MYL1;MYL2;MYL3;MYL4;MYL6B;MYLK;MYO1C;MYOD1;MYOG;MYOZ1;NAV2;NCAM1;NEO1;NOTCH1;NTN3;PFKM;PLXNB2;PPFIA4;PSEN2;PVALB;RB1;REEP1;RYR1;SCD;SGCA;SGCD;SH2B1;SIRT2;SLC6A8;SMTN;SOD3;SORBS1;SPARC;SPTAN1;SSPN;STC2;SVIL;TAGLN;TCAP;TCF3;TEAD4;TGFB1;TNNC1;TNNI1;TNNI2;TNNT1;TNNT2;TNNT3;TPD52L1;TPM3;TSC2;VIPR1;WWTR1	programme	22	0.56859158045987
P1_O50_Early_by24h	TSS_ge_3	2plus_vs_1	-0.11844472240977509	-0.7322848024753997	0.4953953576558496	0.7052904093699596	958	Early_by24h	1	0.5	193	115	ABLIM1;ACSL1;ACTA1;ACTN2;ADAM12;AKT2;APLNR;APP;ATP2A1;BAG1;BIN1;BOC;CACNA1H;CASQ1;CASQ2;CAV3;CDH13;CDH15;CDH4;CDON;CHRNG;CKM;CNN3;COL1A1;COL4A2;CRAT;CSRP3;CTF1;CTNNA1;DAPK2;DTNA;EIF4A2;ENO3;ERBB3;FDPS;FXYD1;GAA;GABARAPL2;GNAO1;GPX3;HBEGF;HRC;IGFBP7;ITGA7;ITGB4;ITGB5;KCNH2;KIFC3;LARGE1;LDB3;LPIN1;LSP1;MAPRE3;MB;MEF2A;MEF2B;MEF2C;MRAS;MYBPH;MYH11;MYH2;MYH3;MYL1;MYL2;MYL3;MYL4;MYL6B;MYLK;MYO1C;MYOD1;MYOG;MYOZ1;NAV2;NCAM1;NEO1;NOTCH1;NTN3;PFKM;PLXNB2;PPFIA4;PSEN2;PVALB;RB1;REEP1;RYR1;SCD;SGCA;SGCD;SH2B1;SIRT2;SLC6A8;SMTN;SOD3;SORBS1;SPARC;SPTAN1;SSPN;STC2;SVIL;TAGLN;TCAP;TCF3;TEAD4;TGFB1;TNNC1;TNNI1;TNNI2;TNNT1;TNNT2;TNNT3;TPD52L1;TPM3;TSC2;VIPR1;WWTR1	programme	22	0.8412720879350633
P1_O50_Early_by24h	TSS_ge_3	3plus_vs_1	0.5825288289744583	-0.7920955755961033	1.9571532335450201	0.4062109424217796	201	Early_by24h	1	0.5	193	115	ABLIM1;ACSL1;ACTA1;ACTN2;ADAM12;AKT2;APLNR;APP;ATP2A1;BAG1;BIN1;BOC;CACNA1H;CASQ1;CASQ2;CAV3;CDH13;CDH15;CDH4;CDON;CHRNG;CKM;CNN3;COL1A1;COL4A2;CRAT;CSRP3;CTF1;CTNNA1;DAPK2;DTNA;EIF4A2;ENO3;ERBB3;FDPS;FXYD1;GAA;GABARAPL2;GNAO1;GPX3;HBEGF;HRC;IGFBP7;ITGA7;ITGB4;ITGB5;KCNH2;KIFC3;LARGE1;LDB3;LPIN1;LSP1;MAPRE3;MB;MEF2A;MEF2B;MEF2C;MRAS;MYBPH;MYH11;MYH2;MYH3;MYL1;MYL2;MYL3;MYL4;MYL6B;MYLK;MYO1C;MYOD1;MYOG;MYOZ1;NAV2;NCAM1;NEO1;NOTCH1;NTN3;PFKM;PLXNB2;PPFIA4;PSEN2;PVALB;RB1;REEP1;RYR1;SCD;SGCA;SGCD;SH2B1;SIRT2;SLC6A8;SMTN;SOD3;SORBS1;SPARC;SPTAN1;SSPN;STC2;SVIL;TAGLN;TCAP;TCF3;TEAD4;TGFB1;TNNC1;TNNI1;TNNI2;TNNT1;TNNT2;TNNT3;TPD52L1;TPM3;TSC2;VIPR1;WWTR1	programme	22	0.8927605381308601
P1_O50_Late_after48h	TSS_ge_2	2plus_vs_1	0.635914550057479	-2.5135073921686786	3.785336492283636	0.69229277316184	1020	Late_after48h	1	0.5	4	4	BDKRB2;BIN1;BNIP2;MEF2B	programme	24	0.8653659664523
P1_O50_Late_after48h	TSS_ge_2	3plus_vs_1	1.4132206151965765	-6.5173893760476265	9.343830606440779	0.7268925480460778	212	Late_after48h	1	0.5	4	4	BDKRB2;BIN1;BNIP2;MEF2B	programme	24	0.8076583867178643
P1_O50_Late_after48h	TSS_ge_3	2plus_vs_1	-0.5105297777873237	-3.7463502482613236	2.7252906926866767	0.7571448791415569	958	Late_after48h	1	0.5	4	4	BDKRB2;BIN1;BNIP2;MEF2B	programme	24	0.8412720879350633
P1_O50_Late_after48h	TSS_ge_3	3plus_vs_1	-2.5487375058512516	-10.613761501708977	5.5162864900064745	0.5356563228785161	201	Late_after48h	1	0.5	4	4	BDKRB2;BIN1;BNIP2;MEF2B	programme	24	0.8927605381308601
P1_O50_Low_change_profile	TSS_ge_2	2plus_vs_1	-0.3948538374360565	-0.7752943469231043	-0.014413327949008717	0.041929522945235664	1020	Low_change_profile	1	0.5	474	193	ABLIM1;ACHE;ACSL1;ACTA1;ACTC1;ACTN2;ACTN3;ADAM12;ADCY9;AEBP1;AGL;AGRN;AK1;AKT2;ANKRD2;APLNR;APP;ATP2A1;ATP6AP1;BAG1;BDKRB2;BHLHE40;BIN1;BOC;CACNA1H;CAMK2B;CASQ1;CASQ2;CAV3;CDC42;CDH13;CDH15;CDH2;CDKN1A;CFD;CHRNA1;CHRNB1;CHRNG;CKB;CKM;CKMT2;CLU;CNN3;COL15A1;COL1A1;COL3A1;COL4A2;COL6A2;COL6A3;COX7A1;CRAT;CRYAB;CTF1;CTNNA1;CTNNB1;DES;DMD;DMPK;DTNA;EFS;EIF4A2;ENO3;EPHB3;ERBB3;FABP3;FDPS;FGF2;FHL1;FKBP1B;FLII;FOXO4;FST;FXYD1;GAA;GABARAPL2;GADD45B;GJA5;GPX3;GSN;HBEGF;HDAC5;HRC;HSPB2;HSPB8;IFRD1;IGF1;IGFBP3;IGFBP7;ITGA7;ITGB1;ITGB4;ITGB5;KCNH1;KCNH2;KIFC3;LAMA2;LARGE1;LDB3;LPIN1;MAP2K6;MAPK11;MAPK12;MAPK14;MAPRE3;MB;MEF2A;MEF2B;MEF2C;MEF2D;MRAS;MYBPC3;MYBPH;MYF5;MYF6;MYH1;MYH11;MYH2;MYH3;MYH4;MYH7;MYH8;MYH9;MYL2;MYL3;MYL4;MYL6B;MYL7;MYLK;MYO1C;MYOD1;MYOG;MYOM1;MYOM2;MYOZ1;NAV2;NCAM1;NOTCH1;OCEL1;PC;PDE4DIP;PDLIM7;PFKM;PGAM2;PICK1;PKIA;PLXNB2;PPFIA4;PPP1R3C;PSEN2;PTGIS;PTP4A3;PVALB;PYGM;RB1;REEP1;RIT1;RYR1;SCD;SCHIP1;SGCA;SGCD;SH2B1;SH3BGR;SIRT2;SLC6A8;SLN;SMTN;SORBS1;SORBS3;SPARC;SPDEF;SPEG;SPTAN1;SSPN;SVIL;SYNGR2;TAGLN;TCAP;TCF12;TCF3;TCF4;TEAD4;TGFB1;TNNC2;TNNI1;TNNT1;TNNT2;TPD52L1;TPM2;TPM3;TSC2;VIPR1;WWTR1	programme	26	0.20964761472617832
P1_O50_Low_change_profile	TSS_ge_2	3plus_vs_1	-0.045646928406830614	-0.914311770727845	0.8230179139141838	0.9179685836334133	212	Low_change_profile	1	0.5	474	193	ABLIM1;ACHE;ACSL1;ACTA1;ACTC1;ACTN2;ACTN3;ADAM12;ADCY9;AEBP1;AGL;AGRN;AK1;AKT2;ANKRD2;APLNR;APP;ATP2A1;ATP6AP1;BAG1;BDKRB2;BHLHE40;BIN1;BOC;CACNA1H;CAMK2B;CASQ1;CASQ2;CAV3;CDC42;CDH13;CDH15;CDH2;CDKN1A;CFD;CHRNA1;CHRNB1;CHRNG;CKB;CKM;CKMT2;CLU;CNN3;COL15A1;COL1A1;COL3A1;COL4A2;COL6A2;COL6A3;COX7A1;CRAT;CRYAB;CTF1;CTNNA1;CTNNB1;DES;DMD;DMPK;DTNA;EFS;EIF4A2;ENO3;EPHB3;ERBB3;FABP3;FDPS;FGF2;FHL1;FKBP1B;FLII;FOXO4;FST;FXYD1;GAA;GABARAPL2;GADD45B;GJA5;GPX3;GSN;HBEGF;HDAC5;HRC;HSPB2;HSPB8;IFRD1;IGF1;IGFBP3;IGFBP7;ITGA7;ITGB1;ITGB4;ITGB5;KCNH1;KCNH2;KIFC3;LAMA2;LARGE1;LDB3;LPIN1;MAP2K6;MAPK11;MAPK12;MAPK14;MAPRE3;MB;MEF2A;MEF2B;MEF2C;MEF2D;MRAS;MYBPC3;MYBPH;MYF5;MYF6;MYH1;MYH11;MYH2;MYH3;MYH4;MYH7;MYH8;MYH9;MYL2;MYL3;MYL4;MYL6B;MYL7;MYLK;MYO1C;MYOD1;MYOG;MYOM1;MYOM2;MYOZ1;NAV2;NCAM1;NOTCH1;OCEL1;PC;PDE4DIP;PDLIM7;PFKM;PGAM2;PICK1;PKIA;PLXNB2;PPFIA4;PPP1R3C;PSEN2;PTGIS;PTP4A3;PVALB;PYGM;RB1;REEP1;RIT1;RYR1;SCD;SCHIP1;SGCA;SGCD;SH2B1;SH3BGR;SIRT2;SLC6A8;SLN;SMTN;SORBS1;SORBS3;SPARC;SPDEF;SPEG;SPTAN1;SSPN;SVIL;SYNGR2;TAGLN;TCAP;TCF12;TCF3;TCF4;TEAD4;TGFB1;TNNC2;TNNI1;TNNT1;TNNT2;TPD52L1;TPM2;TPM3;TSC2;VIPR1;WWTR1	programme	26	0.9179685836334133
P1_O50_Low_change_profile	TSS_ge_3	2plus_vs_1	-0.35912712985063433	-0.766798059266376	0.048543799565107244	0.08424322306066963	958	Low_change_profile	1	0.5	474	193	ABLIM1;ACHE;ACSL1;ACTA1;ACTC1;ACTN2;ACTN3;ADAM12;ADCY9;AEBP1;AGL;AGRN;AK1;AKT2;ANKRD2;APLNR;APP;ATP2A1;ATP6AP1;BAG1;BDKRB2;BHLHE40;BIN1;BOC;CACNA1H;CAMK2B;CASQ1;CASQ2;CAV3;CDC42;CDH13;CDH15;CDH2;CDKN1A;CFD;CHRNA1;CHRNB1;CHRNG;CKB;CKM;CKMT2;CLU;CNN3;COL15A1;COL1A1;COL3A1;COL4A2;COL6A2;COL6A3;COX7A1;CRAT;CRYAB;CTF1;CTNNA1;CTNNB1;DES;DMD;DMPK;DTNA;EFS;EIF4A2;ENO3;EPHB3;ERBB3;FABP3;FDPS;FGF2;FHL1;FKBP1B;FLII;FOXO4;FST;FXYD1;GAA;GABARAPL2;GADD45B;GJA5;GPX3;GSN;HBEGF;HDAC5;HRC;HSPB2;HSPB8;IFRD1;IGF1;IGFBP3;IGFBP7;ITGA7;ITGB1;ITGB4;ITGB5;KCNH1;KCNH2;KIFC3;LAMA2;LARGE1;LDB3;LPIN1;MAP2K6;MAPK11;MAPK12;MAPK14;MAPRE3;MB;MEF2A;MEF2B;MEF2C;MEF2D;MRAS;MYBPC3;MYBPH;MYF5;MYF6;MYH1;MYH11;MYH2;MYH3;MYH4;MYH7;MYH8;MYH9;MYL2;MYL3;MYL4;MYL6B;MYL7;MYLK;MYO1C;MYOD1;MYOG;MYOM1;MYOM2;MYOZ1;NAV2;NCAM1;NOTCH1;OCEL1;PC;PDE4DIP;PDLIM7;PFKM;PGAM2;PICK1;PKIA;PLXNB2;PPFIA4;PPP1R3C;PSEN2;PTGIS;PTP4A3;PVALB;PYGM;RB1;REEP1;RIT1;RYR1;SCD;SCHIP1;SGCA;SGCD;SH2B1;SH3BGR;SIRT2;SLC6A8;SLN;SMTN;SORBS1;SORBS3;SPARC;SPDEF;SPEG;SPTAN1;SSPN;SVIL;SYNGR2;TAGLN;TCAP;TCF12;TCF3;TCF4;TEAD4;TGFB1;TNNC2;TNNI1;TNNT1;TNNT2;TPD52L1;TPM2;TPM3;TSC2;VIPR1;WWTR1	programme	26	0.40464425588837016
P1_O50_Low_change_profile	TSS_ge_3	3plus_vs_1	-0.0941370810173762	-0.9083416053966633	0.720067443361911	0.8207285427959033	201	Low_change_profile	1	0.5	474	193	ABLIM1;ACHE;ACSL1;ACTA1;ACTC1;ACTN2;ACTN3;ADAM12;ADCY9;AEBP1;AGL;AGRN;AK1;AKT2;ANKRD2;APLNR;APP;ATP2A1;ATP6AP1;BAG1;BDKRB2;BHLHE40;BIN1;BOC;CACNA1H;CAMK2B;CASQ1;CASQ2;CAV3;CDC42;CDH13;CDH15;CDH2;CDKN1A;CFD;CHRNA1;CHRNB1;CHRNG;CKB;CKM;CKMT2;CLU;CNN3;COL15A1;COL1A1;COL3A1;COL4A2;COL6A2;COL6A3;COX7A1;CRAT;CRYAB;CTF1;CTNNA1;CTNNB1;DES;DMD;DMPK;DTNA;EFS;EIF4A2;ENO3;EPHB3;ERBB3;FABP3;FDPS;FGF2;FHL1;FKBP1B;FLII;FOXO4;FST;FXYD1;GAA;GABARAPL2;GADD45B;GJA5;GPX3;GSN;HBEGF;HDAC5;HRC;HSPB2;HSPB8;IFRD1;IGF1;IGFBP3;IGFBP7;ITGA7;ITGB1;ITGB4;ITGB5;KCNH1;KCNH2;KIFC3;LAMA2;LARGE1;LDB3;LPIN1;MAP2K6;MAPK11;MAPK12;MAPK14;MAPRE3;MB;MEF2A;MEF2B;MEF2C;MEF2D;MRAS;MYBPC3;MYBPH;MYF5;MYF6;MYH1;MYH11;MYH2;MYH3;MYH4;MYH7;MYH8;MYH9;MYL2;MYL3;MYL4;MYL6B;MYL7;MYLK;MYO1C;MYOD1;MYOG;MYOM1;MYOM2;MYOZ1;NAV2;NCAM1;NOTCH1;OCEL1;PC;PDE4DIP;PDLIM7;PFKM;PGAM2;PICK1;PKIA;PLXNB2;PPFIA4;PPP1R3C;PSEN2;PTGIS;PTP4A3;PVALB;PYGM;RB1;REEP1;RIT1;RYR1;SCD;SCHIP1;SGCA;SGCD;SH2B1;SH3BGR;SIRT2;SLC6A8;SLN;SMTN;SORBS1;SORBS3;SPARC;SPDEF;SPEG;SPTAN1;SSPN;SVIL;SYNGR2;TAGLN;TCAP;TCF12;TCF3;TCF4;TEAD4;TGFB1;TNNC2;TNNI1;TNNT1;TNNT2;TPD52L1;TPM2;TPM3;TSC2;VIPR1;WWTR1	programme	26	0.9119206031065592
P1_O50_Middle_24to48h	TSS_ge_2	2plus_vs_1	0.3700074986726794	-0.4929848402702276	1.2329998376155866	0.40072142420285306	1020	Middle_24to48h	1	0.5	33	28	AGL;AK1;ANKRD2;APOD;CACNA1H;CAMK2B;COL15A1;HRC;ITGB1;LARGE1;LDB3;MEF2B;MRAS;MYH2;MYH3;MYL7;MYOM1;PSEN2;PVALB;RB1;REEP1;RIT1;RYR1;SLC6A8;SVIL;TNNC1;TNNT2;TPD52L1	programme	23	0.6527535144992297
P1_O50_Middle_24to48h	TSS_ge_2	3plus_vs_1	1.71630162463326	-0.2708894467803542	3.703492696046874	0.09049619448896144	212	Middle_24to48h	1	0.5	33	28	AGL;AK1;ANKRD2;APOD;CACNA1H;CAMK2B;COL15A1;HRC;ITGB1;LARGE1;LDB3;MEF2B;MRAS;MYH2;MYH3;MYL7;MYOM1;PSEN2;PVALB;RB1;REEP1;RIT1;RYR1;SLC6A8;SVIL;TNNC1;TNNT2;TPD52L1	programme	23	0.5459522993769061
P1_O50_Middle_24to48h	TSS_ge_3	2plus_vs_1	0.38846005210813483	-0.5053072691087191	1.282227373324989	0.3942898863902162	958	Middle_24to48h	1	0.5	33	28	AGL;AK1;ANKRD2;APOD;CACNA1H;CAMK2B;COL15A1;HRC;ITGB1;LARGE1;LDB3;MEF2B;MRAS;MYH2;MYH3;MYL7;MYOM1;PSEN2;PVALB;RB1;REEP1;RIT1;RYR1;SLC6A8;SVIL;TNNC1;TNNT2;TPD52L1	programme	23	0.6571498106503604
P1_O50_Middle_24to48h	TSS_ge_3	3plus_vs_1	1.9205881543079055	-0.17632833766975076	4.017504646285562	0.07262950263812297	201	Middle_24to48h	1	0.5	33	28	AGL;AK1;ANKRD2;APOD;CACNA1H;CAMK2B;COL15A1;HRC;ITGB1;LARGE1;LDB3;MEF2B;MRAS;MYH2;MYH3;MYL7;MYOM1;PSEN2;PVALB;RB1;REEP1;RIT1;RYR1;SLC6A8;SVIL;TNNC1;TNNT2;TPD52L1	programme	23	0.7262950263812297
P2_O25_All_external_mapped	TSS_ge_2	2plus_vs_1	-0.18077489723786533	-0.33603802978744995	-0.02551176468828069	0.02248864842684171	1020	All_external_mapped	2	0.25	4465	221	ABL1;ABLIM1;ACHE;ACSL1;ACTA1;ACTC1;ACTN2;ACTN3;ADAM12;ADCY9;AEBP1;AGL;AGRN;AK1;AKT2;ANKRD2;APLNR;APOD;APP;ATP2A1;ATP6AP1;BAG1;BDKRB2;BHLHE40;BIN1;BNIP2;BOC;CACNA1H;CACNG1;CAMK2B;CASQ1;CASQ2;CAV3;CD36;CDC42;CDH13;CDH15;CDH2;CDH4;CDKN1A;CDON;CFD;CHRNA1;CHRNB1;CHRNG;CKB;CKM;CKMT2;CLU;CNN3;COL15A1;COL1A1;COL3A1;COL4A2;COL6A2;COL6A3;COX6A2;COX7A1;CRAT;CRYAB;CSRP3;CTF1;CTNNA1;CTNNA2;CTNNB1;DAPK2;DES;DMD;DMPK;DTNA;EFS;EIF4A2;ENO3;EPHB3;ERBB3;FABP3;FDPS;FGF2;FHL1;FKBP1B;FLII;FOXO4;FST;FXYD1;GAA;GABARAPL2;GADD45B;GJA5;GNAO1;GPX3;GSN;HBEGF;HDAC5;HRC;HSPB2;HSPB8;IFRD1;IGF1;IGFBP3;IGFBP7;ITGA7;ITGB1;ITGB4;ITGB5;KCNH1;KCNH2;KIFC3;KLF5;LAMA2;LARGE1;LDB3;LPIN1;LSP1;MAP2K6;MAPK11;MAPK12;MAPK14;MAPRE3;MB;MEF2A;MEF2B;MEF2C;MEF2D;MRAS;MYBPC3;MYBPH;MYF5;MYF6;MYH1;MYH11;MYH2;MYH3;MYH4;MYH7;MYH8;MYH9;MYL1;MYL2;MYL3;MYL4;MYL6B;MYL7;MYLK;MYO1C;MYOD1;MYOG;MYOM1;MYOM2;MYOZ1;NAV2;NCAM1;NEO1;NOS1;NOTCH1;NQO1;NTN3;OCEL1;PC;PDE4DIP;PDLIM7;PFKM;PGAM2;PICK1;PKIA;PLXNB2;PPFIA4;PPP1R3C;PRNP;PSEN2;PTGIS;PTP4A3;PVALB;PYGM;RB1;REEP1;RIT1;RYR1;SCD;SCHIP1;SGCA;SGCD;SGCG;SH2B1;SH3BGR;SIRT2;SLC6A8;SLN;SMTN;SOD3;SORBS1;SORBS3;SPAG9;SPARC;SPDEF;SPEG;SPHK1;SPTAN1;SSPN;STC2;SVIL;SYNGR2;TAGLN;TCAP;TCF12;TCF3;TCF4;TEAD4;TGFB1;TNNC1;TNNC2;TNNI1;TNNI2;TNNT1;TNNT2;TNNT3;TPD52L1;TPM2;TPM3;TSC2;VIPR1;WWTR1	programme	10	0.2248864842684171
P2_O25_All_external_mapped	TSS_ge_2	3plus_vs_1	-0.1615415601541959	-0.5217718889963326	0.1986887686879408	0.3794416442838332	212	All_external_mapped	2	0.25	4465	221	ABL1;ABLIM1;ACHE;ACSL1;ACTA1;ACTC1;ACTN2;ACTN3;ADAM12;ADCY9;AEBP1;AGL;AGRN;AK1;AKT2;ANKRD2;APLNR;APOD;APP;ATP2A1;ATP6AP1;BAG1;BDKRB2;BHLHE40;BIN1;BNIP2;BOC;CACNA1H;CACNG1;CAMK2B;CASQ1;CASQ2;CAV3;CD36;CDC42;CDH13;CDH15;CDH2;CDH4;CDKN1A;CDON;CFD;CHRNA1;CHRNB1;CHRNG;CKB;CKM;CKMT2;CLU;CNN3;COL15A1;COL1A1;COL3A1;COL4A2;COL6A2;COL6A3;COX6A2;COX7A1;CRAT;CRYAB;CSRP3;CTF1;CTNNA1;CTNNA2;CTNNB1;DAPK2;DES;DMD;DMPK;DTNA;EFS;EIF4A2;ENO3;EPHB3;ERBB3;FABP3;FDPS;FGF2;FHL1;FKBP1B;FLII;FOXO4;FST;FXYD1;GAA;GABARAPL2;GADD45B;GJA5;GNAO1;GPX3;GSN;HBEGF;HDAC5;HRC;HSPB2;HSPB8;IFRD1;IGF1;IGFBP3;IGFBP7;ITGA7;ITGB1;ITGB4;ITGB5;KCNH1;KCNH2;KIFC3;KLF5;LAMA2;LARGE1;LDB3;LPIN1;LSP1;MAP2K6;MAPK11;MAPK12;MAPK14;MAPRE3;MB;MEF2A;MEF2B;MEF2C;MEF2D;MRAS;MYBPC3;MYBPH;MYF5;MYF6;MYH1;MYH11;MYH2;MYH3;MYH4;MYH7;MYH8;MYH9;MYL1;MYL2;MYL3;MYL4;MYL6B;MYL7;MYLK;MYO1C;MYOD1;MYOG;MYOM1;MYOM2;MYOZ1;NAV2;NCAM1;NEO1;NOS1;NOTCH1;NQO1;NTN3;OCEL1;PC;PDE4DIP;PDLIM7;PFKM;PGAM2;PICK1;PKIA;PLXNB2;PPFIA4;PPP1R3C;PRNP;PSEN2;PTGIS;PTP4A3;PVALB;PYGM;RB1;REEP1;RIT1;RYR1;SCD;SCHIP1;SGCA;SGCD;SGCG;SH2B1;SH3BGR;SIRT2;SLC6A8;SLN;SMTN;SOD3;SORBS1;SORBS3;SPAG9;SPARC;SPDEF;SPEG;SPHK1;SPTAN1;SSPN;STC2;SVIL;SYNGR2;TAGLN;TCAP;TCF12;TCF3;TCF4;TEAD4;TGFB1;TNNC1;TNNC2;TNNI1;TNNI2;TNNT1;TNNT2;TNNT3;TPD52L1;TPM2;TPM3;TSC2;VIPR1;WWTR1	programme	10	0.8657382853703975
P2_O25_All_external_mapped	TSS_ge_3	2plus_vs_1	-0.19589303861811597	-0.365571023718365	-0.026215053517866946	0.023649490877960203	958	All_external_mapped	2	0.25	4465	221	ABL1;ABLIM1;ACHE;ACSL1;ACTA1;ACTC1;ACTN2;ACTN3;ADAM12;ADCY9;AEBP1;AGL;AGRN;AK1;AKT2;ANKRD2;APLNR;APOD;APP;ATP2A1;ATP6AP1;BAG1;BDKRB2;BHLHE40;BIN1;BNIP2;BOC;CACNA1H;CACNG1;CAMK2B;CASQ1;CASQ2;CAV3;CD36;CDC42;CDH13;CDH15;CDH2;CDH4;CDKN1A;CDON;CFD;CHRNA1;CHRNB1;CHRNG;CKB;CKM;CKMT2;CLU;CNN3;COL15A1;COL1A1;COL3A1;COL4A2;COL6A2;COL6A3;COX6A2;COX7A1;CRAT;CRYAB;CSRP3;CTF1;CTNNA1;CTNNA2;CTNNB1;DAPK2;DES;DMD;DMPK;DTNA;EFS;EIF4A2;ENO3;EPHB3;ERBB3;FABP3;FDPS;FGF2;FHL1;FKBP1B;FLII;FOXO4;FST;FXYD1;GAA;GABARAPL2;GADD45B;GJA5;GNAO1;GPX3;GSN;HBEGF;HDAC5;HRC;HSPB2;HSPB8;IFRD1;IGF1;IGFBP3;IGFBP7;ITGA7;ITGB1;ITGB4;ITGB5;KCNH1;KCNH2;KIFC3;KLF5;LAMA2;LARGE1;LDB3;LPIN1;LSP1;MAP2K6;MAPK11;MAPK12;MAPK14;MAPRE3;MB;MEF2A;MEF2B;MEF2C;MEF2D;MRAS;MYBPC3;MYBPH;MYF5;MYF6;MYH1;MYH11;MYH2;MYH3;MYH4;MYH7;MYH8;MYH9;MYL1;MYL2;MYL3;MYL4;MYL6B;MYL7;MYLK;MYO1C;MYOD1;MYOG;MYOM1;MYOM2;MYOZ1;NAV2;NCAM1;NEO1;NOS1;NOTCH1;NQO1;NTN3;OCEL1;PC;PDE4DIP;PDLIM7;PFKM;PGAM2;PICK1;PKIA;PLXNB2;PPFIA4;PPP1R3C;PRNP;PSEN2;PTGIS;PTP4A3;PVALB;PYGM;RB1;REEP1;RIT1;RYR1;SCD;SCHIP1;SGCA;SGCD;SGCG;SH2B1;SH3BGR;SIRT2;SLC6A8;SLN;SMTN;SOD3;SORBS1;SORBS3;SPAG9;SPARC;SPDEF;SPEG;SPHK1;SPTAN1;SSPN;STC2;SVIL;SYNGR2;TAGLN;TCAP;TCF12;TCF3;TCF4;TEAD4;TGFB1;TNNC1;TNNC2;TNNI1;TNNI2;TNNT1;TNNT2;TNNT3;TPD52L1;TPM2;TPM3;TSC2;VIPR1;WWTR1	programme	10	0.23649490877960203
P2_O25_All_external_mapped	TSS_ge_3	3plus_vs_1	-0.17251999709784013	-0.505242552701395	0.1602025585057146	0.30950508096025675	201	All_external_mapped	2	0.25	4465	221	ABL1;ABLIM1;ACHE;ACSL1;ACTA1;ACTC1;ACTN2;ACTN3;ADAM12;ADCY9;AEBP1;AGL;AGRN;AK1;AKT2;ANKRD2;APLNR;APOD;APP;ATP2A1;ATP6AP1;BAG1;BDKRB2;BHLHE40;BIN1;BNIP2;BOC;CACNA1H;CACNG1;CAMK2B;CASQ1;CASQ2;CAV3;CD36;CDC42;CDH13;CDH15;CDH2;CDH4;CDKN1A;CDON;CFD;CHRNA1;CHRNB1;CHRNG;CKB;CKM;CKMT2;CLU;CNN3;COL15A1;COL1A1;COL3A1;COL4A2;COL6A2;COL6A3;COX6A2;COX7A1;CRAT;CRYAB;CSRP3;CTF1;CTNNA1;CTNNA2;CTNNB1;DAPK2;DES;DMD;DMPK;DTNA;EFS;EIF4A2;ENO3;EPHB3;ERBB3;FABP3;FDPS;FGF2;FHL1;FKBP1B;FLII;FOXO4;FST;FXYD1;GAA;GABARAPL2;GADD45B;GJA5;GNAO1;GPX3;GSN;HBEGF;HDAC5;HRC;HSPB2;HSPB8;IFRD1;IGF1;IGFBP3;IGFBP7;ITGA7;ITGB1;ITGB4;ITGB5;KCNH1;KCNH2;KIFC3;KLF5;LAMA2;LARGE1;LDB3;LPIN1;LSP1;MAP2K6;MAPK11;MAPK12;MAPK14;MAPRE3;MB;MEF2A;MEF2B;MEF2C;MEF2D;MRAS;MYBPC3;MYBPH;MYF5;MYF6;MYH1;MYH11;MYH2;MYH3;MYH4;MYH7;MYH8;MYH9;MYL1;MYL2;MYL3;MYL4;MYL6B;MYL7;MYLK;MYO1C;MYOD1;MYOG;MYOM1;MYOM2;MYOZ1;NAV2;NCAM1;NEO1;NOS1;NOTCH1;NQO1;NTN3;OCEL1;PC;PDE4DIP;PDLIM7;PFKM;PGAM2;PICK1;PKIA;PLXNB2;PPFIA4;PPP1R3C;PRNP;PSEN2;PTGIS;PTP4A3;PVALB;PYGM;RB1;REEP1;RIT1;RYR1;SCD;SCHIP1;SGCA;SGCD;SGCG;SH2B1;SH3BGR;SIRT2;SLC6A8;SLN;SMTN;SOD3;SORBS1;SORBS3;SPAG9;SPARC;SPDEF;SPEG;SPHK1;SPTAN1;SSPN;STC2;SVIL;SYNGR2;TAGLN;TCAP;TCF12;TCF3;TCF4;TEAD4;TGFB1;TNNC1;TNNC2;TNNI1;TNNI2;TNNT1;TNNT2;TNNT3;TPD52L1;TPM2;TPM3;TSC2;VIPR1;WWTR1	programme	10	0.7572040026176262
P2_O25_All_opening	TSS_ge_2	2plus_vs_1	-0.05018546436680738	-0.52839139766327	0.42802046892965523	0.8370338474951884	1020	All_opening	2	0.25	290	146	ABLIM1;ACHE;ACSL1;ACTA1;ACTN2;ADAM12;AEBP1;AGL;AK1;AKT2;ANKRD2;APLNR;APOD;APP;ATP2A1;ATP6AP1;BAG1;BDKRB2;BIN1;BNIP2;BOC;CACNA1H;CAMK2B;CASQ1;CASQ2;CAV3;CDH13;CDH15;CDH4;CDON;CHRNG;CKB;CKM;CNN3;COL15A1;COL1A1;COL4A2;COL6A2;COX6A2;CRAT;CSRP3;CTF1;CTNNA1;DAPK2;DES;DMD;DMPK;DTNA;EIF4A2;ENO3;EPHB3;ERBB3;FABP3;FDPS;FXYD1;GABARAPL2;GNAO1;GPX3;HBEGF;HDAC5;HRC;IFRD1;IGFBP7;ITGA7;ITGB1;ITGB4;ITGB5;KCNH1;KCNH2;KIFC3;LARGE1;LDB3;LPIN1;LSP1;MAPRE3;MB;MEF2A;MEF2B;MEF2C;MRAS;MYBPC3;MYBPH;MYH11;MYH2;MYH3;MYL1;MYL2;MYL3;MYL4;MYL6B;MYL7;MYLK;MYO1C;MYOD1;MYOG;MYOM1;MYOZ1;NAV2;NCAM1;NEO1;NOTCH1;NTN3;PFKM;PGAM2;PLXNB2;PPFIA4;PSEN2;PVALB;RB1;REEP1;RIT1;RYR1;SCD;SGCA;SGCD;SH2B1;SIRT2;SLC6A8;SMTN;SOD3;SORBS1;SORBS3;SPARC;SPEG;SPTAN1;SSPN;STC2;SVIL;TAGLN;TCAP;TCF12;TCF3;TEAD4;TGFB1;TNNC1;TNNC2;TNNI1;TNNI2;TNNT1;TNNT2;TNNT3;TPD52L1;TPM3;TSC2;VIPR1;WWTR1	programme	11	0.8370338474951884
P2_O25_All_opening	TSS_ge_2	3plus_vs_1	0.7058062651588968	-0.40009463684377067	1.8117071671615643	0.2109764339575142	212	All_opening	2	0.25	290	146	ABLIM1;ACHE;ACSL1;ACTA1;ACTN2;ADAM12;AEBP1;AGL;AK1;AKT2;ANKRD2;APLNR;APOD;APP;ATP2A1;ATP6AP1;BAG1;BDKRB2;BIN1;BNIP2;BOC;CACNA1H;CAMK2B;CASQ1;CASQ2;CAV3;CDH13;CDH15;CDH4;CDON;CHRNG;CKB;CKM;CNN3;COL15A1;COL1A1;COL4A2;COL6A2;COX6A2;CRAT;CSRP3;CTF1;CTNNA1;DAPK2;DES;DMD;DMPK;DTNA;EIF4A2;ENO3;EPHB3;ERBB3;FABP3;FDPS;FXYD1;GABARAPL2;GNAO1;GPX3;HBEGF;HDAC5;HRC;IFRD1;IGFBP7;ITGA7;ITGB1;ITGB4;ITGB5;KCNH1;KCNH2;KIFC3;LARGE1;LDB3;LPIN1;LSP1;MAPRE3;MB;MEF2A;MEF2B;MEF2C;MRAS;MYBPC3;MYBPH;MYH11;MYH2;MYH3;MYL1;MYL2;MYL3;MYL4;MYL6B;MYL7;MYLK;MYO1C;MYOD1;MYOG;MYOM1;MYOZ1;NAV2;NCAM1;NEO1;NOTCH1;NTN3;PFKM;PGAM2;PLXNB2;PPFIA4;PSEN2;PVALB;RB1;REEP1;RIT1;RYR1;SCD;SGCA;SGCD;SH2B1;SIRT2;SLC6A8;SMTN;SOD3;SORBS1;SORBS3;SPARC;SPEG;SPTAN1;SSPN;STC2;SVIL;TAGLN;TCAP;TCF12;TCF3;TEAD4;TGFB1;TNNC1;TNNC2;TNNI1;TNNI2;TNNT1;TNNT2;TNNT3;TPD52L1;TPM3;TSC2;VIPR1;WWTR1	programme	11	0.8657382853703975
P2_O25_All_opening	TSS_ge_3	2plus_vs_1	-0.17439267138584982	-0.6821633131776883	0.3333779704059886	0.500854939413596	958	All_opening	2	0.25	290	146	ABLIM1;ACHE;ACSL1;ACTA1;ACTN2;ADAM12;AEBP1;AGL;AK1;AKT2;ANKRD2;APLNR;APOD;APP;ATP2A1;ATP6AP1;BAG1;BDKRB2;BIN1;BNIP2;BOC;CACNA1H;CAMK2B;CASQ1;CASQ2;CAV3;CDH13;CDH15;CDH4;CDON;CHRNG;CKB;CKM;CNN3;COL15A1;COL1A1;COL4A2;COL6A2;COX6A2;CRAT;CSRP3;CTF1;CTNNA1;DAPK2;DES;DMD;DMPK;DTNA;EIF4A2;ENO3;EPHB3;ERBB3;FABP3;FDPS;FXYD1;GABARAPL2;GNAO1;GPX3;HBEGF;HDAC5;HRC;IFRD1;IGFBP7;ITGA7;ITGB1;ITGB4;ITGB5;KCNH1;KCNH2;KIFC3;LARGE1;LDB3;LPIN1;LSP1;MAPRE3;MB;MEF2A;MEF2B;MEF2C;MRAS;MYBPC3;MYBPH;MYH11;MYH2;MYH3;MYL1;MYL2;MYL3;MYL4;MYL6B;MYL7;MYLK;MYO1C;MYOD1;MYOG;MYOM1;MYOZ1;NAV2;NCAM1;NEO1;NOTCH1;NTN3;PFKM;PGAM2;PLXNB2;PPFIA4;PSEN2;PVALB;RB1;REEP1;RIT1;RYR1;SCD;SGCA;SGCD;SH2B1;SIRT2;SLC6A8;SMTN;SOD3;SORBS1;SORBS3;SPARC;SPEG;SPTAN1;SSPN;STC2;SVIL;TAGLN;TCAP;TCF12;TCF3;TEAD4;TGFB1;TNNC1;TNNC2;TNNI1;TNNI2;TNNT1;TNNT2;TNNT3;TPD52L1;TPM3;TSC2;VIPR1;WWTR1	programme	11	0.626068674266995
P2_O25_All_opening	TSS_ge_3	3plus_vs_1	0.327428116214219	-0.7856248833001807	1.4404811157286188	0.5642334015234182	201	All_opening	2	0.25	290	146	ABLIM1;ACHE;ACSL1;ACTA1;ACTN2;ADAM12;AEBP1;AGL;AK1;AKT2;ANKRD2;APLNR;APOD;APP;ATP2A1;ATP6AP1;BAG1;BDKRB2;BIN1;BNIP2;BOC;CACNA1H;CAMK2B;CASQ1;CASQ2;CAV3;CDH13;CDH15;CDH4;CDON;CHRNG;CKB;CKM;CNN3;COL15A1;COL1A1;COL4A2;COL6A2;COX6A2;CRAT;CSRP3;CTF1;CTNNA1;DAPK2;DES;DMD;DMPK;DTNA;EIF4A2;ENO3;EPHB3;ERBB3;FABP3;FDPS;FXYD1;GABARAPL2;GNAO1;GPX3;HBEGF;HDAC5;HRC;IFRD1;IGFBP7;ITGA7;ITGB1;ITGB4;ITGB5;KCNH1;KCNH2;KIFC3;LARGE1;LDB3;LPIN1;LSP1;MAPRE3;MB;MEF2A;MEF2B;MEF2C;MRAS;MYBPC3;MYBPH;MYH11;MYH2;MYH3;MYL1;MYL2;MYL3;MYL4;MYL6B;MYL7;MYLK;MYO1C;MYOD1;MYOG;MYOM1;MYOZ1;NAV2;NCAM1;NEO1;NOTCH1;NTN3;PFKM;PGAM2;PLXNB2;PPFIA4;PSEN2;PVALB;RB1;REEP1;RIT1;RYR1;SCD;SGCA;SGCD;SH2B1;SIRT2;SLC6A8;SMTN;SOD3;SORBS1;SORBS3;SPARC;SPEG;SPTAN1;SSPN;STC2;SVIL;TAGLN;TCAP;TCF12;TCF3;TEAD4;TGFB1;TNNC1;TNNC2;TNNI1;TNNI2;TNNT1;TNNT2;TNNT3;TPD52L1;TPM3;TSC2;VIPR1;WWTR1	programme	11	0.7572040026176262
P2_O25_Closing	TSS_ge_2	2plus_vs_1	-0.13876316460828977	-0.6694052420280113	0.39187891281143183	0.6082790471746857	1020	Closing	2	0.25	214	105	ABL1;ABLIM1;ACSL1;ACTC1;ADAM12;ADCY9;AEBP1;AK1;APLNR;APP;BAG1;BDKRB2;BIN1;CAV3;CD36;CDC42;CDH13;CDH2;CDH4;CDKN1A;CDON;CHRNA1;CKB;CKM;CKMT2;CLU;CNN3;COL15A1;COL1A1;COL3A1;COL4A2;COL6A3;CRYAB;CTNNB1;DAPK2;DMD;DTNA;EPHB3;FABP3;FGF2;FKBP1B;FST;GADD45B;GPX3;GSN;HBEGF;HDAC5;HSPB2;IGF1;IGFBP3;IGFBP7;ITGA7;ITGB1;ITGB5;LAMA2;LARGE1;LPIN1;MAPK14;MB;MEF2A;MEF2C;MEF2D;MYF5;MYF6;MYH4;MYH8;MYL4;MYL7;MYLK;MYO1C;MYOD1;MYOM2;MYOZ1;NAV2;NCAM1;PC;PDE4DIP;PDLIM7;PGAM2;PPP1R3C;PTGIS;RB1;RIT1;RYR1;SCHIP1;SGCA;SGCD;SLN;SMTN;SOD3;SORBS1;SORBS3;SPAG9;SPARC;SPHK1;SSPN;STC2;SVIL;TAGLN;TCF12;TNNC2;TNNI1;TNNT2;TPM3;WWTR1	programme	15	0.675865607971873
P2_O25_Closing	TSS_ge_2	3plus_vs_1	0.41857942728554115	-0.7821971075495643	1.6193559621206464	0.4944646491458796	212	Closing	2	0.25	214	105	ABL1;ABLIM1;ACSL1;ACTC1;ADAM12;ADCY9;AEBP1;AK1;APLNR;APP;BAG1;BDKRB2;BIN1;CAV3;CD36;CDC42;CDH13;CDH2;CDH4;CDKN1A;CDON;CHRNA1;CKB;CKM;CKMT2;CLU;CNN3;COL15A1;COL1A1;COL3A1;COL4A2;COL6A3;CRYAB;CTNNB1;DAPK2;DMD;DTNA;EPHB3;FABP3;FGF2;FKBP1B;FST;GADD45B;GPX3;GSN;HBEGF;HDAC5;HSPB2;IGF1;IGFBP3;IGFBP7;ITGA7;ITGB1;ITGB5;LAMA2;LARGE1;LPIN1;MAPK14;MB;MEF2A;MEF2C;MEF2D;MYF5;MYF6;MYH4;MYH8;MYL4;MYL7;MYLK;MYO1C;MYOD1;MYOM2;MYOZ1;NAV2;NCAM1;PC;PDE4DIP;PDLIM7;PGAM2;PPP1R3C;PTGIS;RB1;RIT1;RYR1;SCHIP1;SGCA;SGCD;SLN;SMTN;SOD3;SORBS1;SORBS3;SPAG9;SPARC;SPHK1;SSPN;STC2;SVIL;TAGLN;TCF12;TNNC2;TNNI1;TNNT2;TPM3;WWTR1	programme	15	0.8657382853703975
P2_O25_Closing	TSS_ge_3	2plus_vs_1	-0.0819928516356318	-0.6538522179936991	0.48986651472243553	0.778696244147407	958	Closing	2	0.25	214	105	ABL1;ABLIM1;ACSL1;ACTC1;ADAM12;ADCY9;AEBP1;AK1;APLNR;APP;BAG1;BDKRB2;BIN1;CAV3;CD36;CDC42;CDH13;CDH2;CDH4;CDKN1A;CDON;CHRNA1;CKB;CKM;CKMT2;CLU;CNN3;COL15A1;COL1A1;COL3A1;COL4A2;COL6A3;CRYAB;CTNNB1;DAPK2;DMD;DTNA;EPHB3;FABP3;FGF2;FKBP1B;FST;GADD45B;GPX3;GSN;HBEGF;HDAC5;HSPB2;IGF1;IGFBP3;IGFBP7;ITGA7;ITGB1;ITGB5;LAMA2;LARGE1;LPIN1;MAPK14;MB;MEF2A;MEF2C;MEF2D;MYF5;MYF6;MYH4;MYH8;MYL4;MYL7;MYLK;MYO1C;MYOD1;MYOM2;MYOZ1;NAV2;NCAM1;PC;PDE4DIP;PDLIM7;PGAM2;PPP1R3C;PTGIS;RB1;RIT1;RYR1;SCHIP1;SGCA;SGCD;SLN;SMTN;SOD3;SORBS1;SORBS3;SPAG9;SPARC;SPHK1;SSPN;STC2;SVIL;TAGLN;TCF12;TNNC2;TNNI1;TNNT2;TPM3;WWTR1	programme	15	0.8652180490526744
P2_O25_Closing	TSS_ge_3	3plus_vs_1	0.35080504766054016	-0.85489258354552	1.5565026788666003	0.5684990448062219	201	Closing	2	0.25	214	105	ABL1;ABLIM1;ACSL1;ACTC1;ADAM12;ADCY9;AEBP1;AK1;APLNR;APP;BAG1;BDKRB2;BIN1;CAV3;CD36;CDC42;CDH13;CDH2;CDH4;CDKN1A;CDON;CHRNA1;CKB;CKM;CKMT2;CLU;CNN3;COL15A1;COL1A1;COL3A1;COL4A2;COL6A3;CRYAB;CTNNB1;DAPK2;DMD;DTNA;EPHB3;FABP3;FGF2;FKBP1B;FST;GADD45B;GPX3;GSN;HBEGF;HDAC5;HSPB2;IGF1;IGFBP3;IGFBP7;ITGA7;ITGB1;ITGB5;LAMA2;LARGE1;LPIN1;MAPK14;MB;MEF2A;MEF2C;MEF2D;MYF5;MYF6;MYH4;MYH8;MYL4;MYL7;MYLK;MYO1C;MYOD1;MYOM2;MYOZ1;NAV2;NCAM1;PC;PDE4DIP;PDLIM7;PGAM2;PPP1R3C;PTGIS;RB1;RIT1;RYR1;SCHIP1;SGCA;SGCD;SLN;SMTN;SOD3;SORBS1;SORBS3;SPAG9;SPARC;SPHK1;SSPN;STC2;SVIL;TAGLN;TCF12;TNNC2;TNNI1;TNNT2;TPM3;WWTR1	programme	15	0.7572040026176262
P2_O25_Earliest_20pct	TSS_ge_2	2plus_vs_1	-0.21421903035735043	-0.950555991698627	0.5221179309839261	0.5685399848067658	1020	Earliest_20pct	2	0.25	58	51	ABLIM1;ACSL1;ACTA1;AEBP1;AK1;ATP6AP1;BAG1;BIN1;CACNA1H;CDH13;CDH4;CHRNG;CKB;CNN3;COL6A2;COX6A2;CRAT;CTNNA1;ENO3;ERBB3;FDPS;GABARAPL2;HRC;ITGA7;KCNH2;KIFC3;LPIN1;MRAS;MYH3;MYL6B;MYL7;MYLK;MYOD1;MYOG;MYOZ1;NAV2;PFKM;PGAM2;PPFIA4;PVALB;SPARC;SSPN;SVIL;TAGLN;TCF3;TGFB1;TNNI1;TNNT1;TNNT2;VIPR1;WWTR1	programme	17	0.675865607971873
P2_O25_Earliest_20pct	TSS_ge_2	3plus_vs_1	0.33922813932788637	-1.1455777515186658	1.8240340301744384	0.6543078207515791	212	Earliest_20pct	2	0.25	58	51	ABLIM1;ACSL1;ACTA1;AEBP1;AK1;ATP6AP1;BAG1;BIN1;CACNA1H;CDH13;CDH4;CHRNG;CKB;CNN3;COL6A2;COX6A2;CRAT;CTNNA1;ENO3;ERBB3;FDPS;GABARAPL2;HRC;ITGA7;KCNH2;KIFC3;LPIN1;MRAS;MYH3;MYL6B;MYL7;MYLK;MYOD1;MYOG;MYOZ1;NAV2;PFKM;PGAM2;PPFIA4;PVALB;SPARC;SSPN;SVIL;TAGLN;TCF3;TGFB1;TNNI1;TNNT1;TNNT2;VIPR1;WWTR1	programme	17	0.8657382853703975
P2_O25_Earliest_20pct	TSS_ge_3	2plus_vs_1	-0.2799271214377631	-1.0810389630243007	0.5211847201487745	0.4934341437384816	958	Earliest_20pct	2	0.25	58	51	ABLIM1;ACSL1;ACTA1;AEBP1;AK1;ATP6AP1;BAG1;BIN1;CACNA1H;CDH13;CDH4;CHRNG;CKB;CNN3;COL6A2;COX6A2;CRAT;CTNNA1;ENO3;ERBB3;FDPS;GABARAPL2;HRC;ITGA7;KCNH2;KIFC3;LPIN1;MRAS;MYH3;MYL6B;MYL7;MYLK;MYOD1;MYOG;MYOZ1;NAV2;PFKM;PGAM2;PPFIA4;PVALB;SPARC;SSPN;SVIL;TAGLN;TCF3;TGFB1;TNNI1;TNNT1;TNNT2;VIPR1;WWTR1	programme	17	0.626068674266995
P2_O25_Earliest_20pct	TSS_ge_3	3plus_vs_1	0.25797740774957917	-1.266995500786244	1.7829503162854021	0.7402183531943365	201	Earliest_20pct	2	0.25	58	51	ABLIM1;ACSL1;ACTA1;AEBP1;AK1;ATP6AP1;BAG1;BIN1;CACNA1H;CDH13;CDH4;CHRNG;CKB;CNN3;COL6A2;COX6A2;CRAT;CTNNA1;ENO3;ERBB3;FDPS;GABARAPL2;HRC;ITGA7;KCNH2;KIFC3;LPIN1;MRAS;MYH3;MYL6B;MYL7;MYLK;MYOD1;MYOG;MYOZ1;NAV2;PFKM;PGAM2;PPFIA4;PVALB;SPARC;SSPN;SVIL;TAGLN;TCF3;TGFB1;TNNI1;TNNT1;TNNT2;VIPR1;WWTR1	programme	17	0.7572040026176262
P2_O25_Earliest_25pct	TSS_ge_2	2plus_vs_1	-0.4720720009139045	-1.158871575716214	0.214727573888405	0.17792157908824657	1020	Earliest_25pct	2	0.25	71	56	ABLIM1;ACSL1;ACTA1;AEBP1;AK1;AKT2;ATP6AP1;BAG1;BIN1;CACNA1H;CDH13;CDH4;CDON;CHRNG;CKB;CNN3;COL6A2;COX6A2;CRAT;CTNNA1;ENO3;ERBB3;FDPS;GABARAPL2;HRC;IGFBP7;ITGA7;KCNH2;KIFC3;LPIN1;MRAS;MYH3;MYL6B;MYL7;MYLK;MYOD1;MYOG;MYOZ1;NAV2;PFKM;PGAM2;PPFIA4;PVALB;RYR1;SPARC;SSPN;SVIL;TAGLN;TCF3;TGFB1;TNNC1;TNNI1;TNNT1;TNNT2;VIPR1;WWTR1	programme	18	0.38649855348799345
P2_O25_Earliest_25pct	TSS_ge_2	3plus_vs_1	-0.12025708949152283	-1.5143170764550635	1.273802897472018	0.8657382853703975	212	Earliest_25pct	2	0.25	71	56	ABLIM1;ACSL1;ACTA1;AEBP1;AK1;AKT2;ATP6AP1;BAG1;BIN1;CACNA1H;CDH13;CDH4;CDON;CHRNG;CKB;CNN3;COL6A2;COX6A2;CRAT;CTNNA1;ENO3;ERBB3;FDPS;GABARAPL2;HRC;IGFBP7;ITGA7;KCNH2;KIFC3;LPIN1;MRAS;MYH3;MYL6B;MYL7;MYLK;MYOD1;MYOG;MYOZ1;NAV2;PFKM;PGAM2;PPFIA4;PVALB;RYR1;SPARC;SSPN;SVIL;TAGLN;TCF3;TGFB1;TNNC1;TNNI1;TNNT1;TNNT2;VIPR1;WWTR1	programme	18	0.8657382853703975
P2_O25_Earliest_25pct	TSS_ge_3	2plus_vs_1	-0.5853721389290745	-1.3350359210527272	0.16429164319457834	0.12591020658267454	958	Earliest_25pct	2	0.25	71	56	ABLIM1;ACSL1;ACTA1;AEBP1;AK1;AKT2;ATP6AP1;BAG1;BIN1;CACNA1H;CDH13;CDH4;CDON;CHRNG;CKB;CNN3;COL6A2;COX6A2;CRAT;CTNNA1;ENO3;ERBB3;FDPS;GABARAPL2;HRC;IGFBP7;ITGA7;KCNH2;KIFC3;LPIN1;MRAS;MYH3;MYL6B;MYL7;MYLK;MYOD1;MYOG;MYOZ1;NAV2;PFKM;PGAM2;PPFIA4;PVALB;RYR1;SPARC;SSPN;SVIL;TAGLN;TCF3;TGFB1;TNNC1;TNNI1;TNNT1;TNNT2;VIPR1;WWTR1	programme	18	0.3981305800245055
P2_O25_Earliest_25pct	TSS_ge_3	3plus_vs_1	-0.4113232967760029	-1.834057857408182	1.011411263856176	0.5709585367373562	201	Earliest_25pct	2	0.25	71	56	ABLIM1;ACSL1;ACTA1;AEBP1;AK1;AKT2;ATP6AP1;BAG1;BIN1;CACNA1H;CDH13;CDH4;CDON;CHRNG;CKB;CNN3;COL6A2;COX6A2;CRAT;CTNNA1;ENO3;ERBB3;FDPS;GABARAPL2;HRC;IGFBP7;ITGA7;KCNH2;KIFC3;LPIN1;MRAS;MYH3;MYL6B;MYL7;MYLK;MYOD1;MYOG;MYOZ1;NAV2;PFKM;PGAM2;PPFIA4;PVALB;RYR1;SPARC;SSPN;SVIL;TAGLN;TCF3;TGFB1;TNNC1;TNNI1;TNNT1;TNNT2;VIPR1;WWTR1	programme	18	0.7572040026176262
P2_O25_Earliest_33pct	TSS_ge_2	2plus_vs_1	-0.472060396641551	-1.1086332463507478	0.16451245306764573	0.14610122048976978	1020	Earliest_33pct	2	0.25	95	76	ABLIM1;ACSL1;ACTA1;ACTN2;ADAM12;AEBP1;AK1;AKT2;APP;ATP6AP1;BAG1;BIN1;CACNA1H;CASQ1;CASQ2;CDH13;CDH15;CDH4;CDON;CHRNG;CKB;CNN3;COL6A2;COX6A2;CRAT;CTNNA1;DMD;ENO3;ERBB3;FDPS;GABARAPL2;GPX3;HRC;IFRD1;IGFBP7;ITGA7;ITGB4;KCNH2;KIFC3;LPIN1;MEF2A;MRAS;MYH2;MYH3;MYL1;MYL4;MYL6B;MYL7;MYLK;MYOD1;MYOG;MYOZ1;NAV2;NEO1;NOTCH1;PFKM;PGAM2;PLXNB2;PPFIA4;PVALB;RYR1;SCD;SMTN;SPARC;SSPN;SVIL;TAGLN;TCF3;TGFB1;TNNC1;TNNI1;TNNT1;TNNT2;TPD52L1;VIPR1;WWTR1	programme	19	0.38649855348799345
P2_O25_Earliest_33pct	TSS_ge_2	3plus_vs_1	0.15111112472564509	-1.223017076493688	1.5252393259449781	0.8293504312569226	212	Earliest_33pct	2	0.25	95	76	ABLIM1;ACSL1;ACTA1;ACTN2;ADAM12;AEBP1;AK1;AKT2;APP;ATP6AP1;BAG1;BIN1;CACNA1H;CASQ1;CASQ2;CDH13;CDH15;CDH4;CDON;CHRNG;CKB;CNN3;COL6A2;COX6A2;CRAT;CTNNA1;DMD;ENO3;ERBB3;FDPS;GABARAPL2;GPX3;HRC;IFRD1;IGFBP7;ITGA7;ITGB4;KCNH2;KIFC3;LPIN1;MEF2A;MRAS;MYH2;MYH3;MYL1;MYL4;MYL6B;MYL7;MYLK;MYOD1;MYOG;MYOZ1;NAV2;NEO1;NOTCH1;PFKM;PGAM2;PLXNB2;PPFIA4;PVALB;RYR1;SCD;SMTN;SPARC;SSPN;SVIL;TAGLN;TCF3;TGFB1;TNNC1;TNNI1;TNNT1;TNNT2;TPD52L1;VIPR1;WWTR1	programme	19	0.8657382853703975
P2_O25_Earliest_33pct	TSS_ge_3	2plus_vs_1	-0.6076139285898027	-1.2975316347549086	0.08230377757530316	0.0843204388950817	958	Earliest_33pct	2	0.25	95	76	ABLIM1;ACSL1;ACTA1;ACTN2;ADAM12;AEBP1;AK1;AKT2;APP;ATP6AP1;BAG1;BIN1;CACNA1H;CASQ1;CASQ2;CDH13;CDH15;CDH4;CDON;CHRNG;CKB;CNN3;COL6A2;COX6A2;CRAT;CTNNA1;DMD;ENO3;ERBB3;FDPS;GABARAPL2;GPX3;HRC;IFRD1;IGFBP7;ITGA7;ITGB4;KCNH2;KIFC3;LPIN1;MEF2A;MRAS;MYH2;MYH3;MYL1;MYL4;MYL6B;MYL7;MYLK;MYOD1;MYOG;MYOZ1;NAV2;NEO1;NOTCH1;PFKM;PGAM2;PLXNB2;PPFIA4;PVALB;RYR1;SCD;SMTN;SPARC;SSPN;SVIL;TAGLN;TCF3;TGFB1;TNNC1;TNNI1;TNNT1;TNNT2;TPD52L1;VIPR1;WWTR1	programme	19	0.3981305800245055
P2_O25_Earliest_33pct	TSS_ge_3	3plus_vs_1	-0.22776052392456508	-1.6717065854223299	1.2161855375731996	0.7572040026176262	201	Earliest_33pct	2	0.25	95	76	ABLIM1;ACSL1;ACTA1;ACTN2;ADAM12;AEBP1;AK1;AKT2;APP;ATP6AP1;BAG1;BIN1;CACNA1H;CASQ1;CASQ2;CDH13;CDH15;CDH4;CDON;CHRNG;CKB;CNN3;COL6A2;COX6A2;CRAT;CTNNA1;DMD;ENO3;ERBB3;FDPS;GABARAPL2;GPX3;HRC;IFRD1;IGFBP7;ITGA7;ITGB4;KCNH2;KIFC3;LPIN1;MEF2A;MRAS;MYH2;MYH3;MYL1;MYL4;MYL6B;MYL7;MYLK;MYOD1;MYOG;MYOZ1;NAV2;NEO1;NOTCH1;PFKM;PGAM2;PLXNB2;PPFIA4;PVALB;RYR1;SCD;SMTN;SPARC;SSPN;SVIL;TAGLN;TCF3;TGFB1;TNNC1;TNNI1;TNNT1;TNNT2;TPD52L1;VIPR1;WWTR1	programme	19	0.7572040026176262
P2_O25_Early_by24h	TSS_ge_2	2plus_vs_1	-0.1775335727966633	-0.6956649012662621	0.3405977556729356	0.5018599986900092	1020	Early_by24h	2	0.25	239	134	ABLIM1;ACHE;ACSL1;ACTA1;ACTN2;ADAM12;AEBP1;AGL;AK1;AKT2;APLNR;APP;ATP2A1;ATP6AP1;BAG1;BIN1;BOC;CACNA1H;CASQ1;CASQ2;CAV3;CDH13;CDH15;CDH4;CDON;CHRNG;CKB;CKM;CNN3;COL1A1;COL4A2;COL6A2;COX6A2;CRAT;CSRP3;CTF1;CTNNA1;DAPK2;DMD;DTNA;EIF4A2;ENO3;EPHB3;ERBB3;FABP3;FDPS;FXYD1;GABARAPL2;GNAO1;GPX3;HBEGF;HDAC5;HRC;IFRD1;IGFBP7;ITGA7;ITGB4;ITGB5;KCNH1;KCNH2;KIFC3;LARGE1;LDB3;LPIN1;LSP1;MAPRE3;MB;MEF2A;MEF2B;MEF2C;MRAS;MYBPC3;MYBPH;MYH11;MYH2;MYH3;MYL1;MYL2;MYL3;MYL4;MYL6B;MYL7;MYLK;MYO1C;MYOD1;MYOG;MYOM1;MYOZ1;NAV2;NCAM1;NEO1;NOTCH1;NTN3;PFKM;PGAM2;PLXNB2;PPFIA4;PSEN2;PVALB;RB1;REEP1;RYR1;SCD;SGCA;SGCD;SH2B1;SIRT2;SLC6A8;SMTN;SOD3;SORBS1;SPARC;SPTAN1;SSPN;STC2;SVIL;TAGLN;TCAP;TCF12;TCF3;TEAD4;TGFB1;TNNC1;TNNC2;TNNI1;TNNI2;TNNT1;TNNT2;TNNT3;TPD52L1;TPM3;TSC2;VIPR1;WWTR1	programme	12	0.675865607971873
P2_O25_Early_by24h	TSS_ge_2	3plus_vs_1	0.6385553596678928	-0.5081462064344529	1.7852569257702386	0.27508332776812605	212	Early_by24h	2	0.25	239	134	ABLIM1;ACHE;ACSL1;ACTA1;ACTN2;ADAM12;AEBP1;AGL;AK1;AKT2;APLNR;APP;ATP2A1;ATP6AP1;BAG1;BIN1;BOC;CACNA1H;CASQ1;CASQ2;CAV3;CDH13;CDH15;CDH4;CDON;CHRNG;CKB;CKM;CNN3;COL1A1;COL4A2;COL6A2;COX6A2;CRAT;CSRP3;CTF1;CTNNA1;DAPK2;DMD;DTNA;EIF4A2;ENO3;EPHB3;ERBB3;FABP3;FDPS;FXYD1;GABARAPL2;GNAO1;GPX3;HBEGF;HDAC5;HRC;IFRD1;IGFBP7;ITGA7;ITGB4;ITGB5;KCNH1;KCNH2;KIFC3;LARGE1;LDB3;LPIN1;LSP1;MAPRE3;MB;MEF2A;MEF2B;MEF2C;MRAS;MYBPC3;MYBPH;MYH11;MYH2;MYH3;MYL1;MYL2;MYL3;MYL4;MYL6B;MYL7;MYLK;MYO1C;MYOD1;MYOG;MYOM1;MYOZ1;NAV2;NCAM1;NEO1;NOTCH1;NTN3;PFKM;PGAM2;PLXNB2;PPFIA4;PSEN2;PVALB;RB1;REEP1;RYR1;SCD;SGCA;SGCD;SH2B1;SIRT2;SLC6A8;SMTN;SOD3;SORBS1;SPARC;SPTAN1;SSPN;STC2;SVIL;TAGLN;TCAP;TCF12;TCF3;TEAD4;TGFB1;TNNC1;TNNC2;TNNI1;TNNI2;TNNT1;TNNT2;TNNT3;TPD52L1;TPM3;TSC2;VIPR1;WWTR1	programme	12	0.8657382853703975
P2_O25_Early_by24h	TSS_ge_3	2plus_vs_1	-0.2625399102426656	-0.8170640385419007	0.2919842180565695	0.3534352803568792	958	Early_by24h	2	0.25	239	134	ABLIM1;ACHE;ACSL1;ACTA1;ACTN2;ADAM12;AEBP1;AGL;AK1;AKT2;APLNR;APP;ATP2A1;ATP6AP1;BAG1;BIN1;BOC;CACNA1H;CASQ1;CASQ2;CAV3;CDH13;CDH15;CDH4;CDON;CHRNG;CKB;CKM;CNN3;COL1A1;COL4A2;COL6A2;COX6A2;CRAT;CSRP3;CTF1;CTNNA1;DAPK2;DMD;DTNA;EIF4A2;ENO3;EPHB3;ERBB3;FABP3;FDPS;FXYD1;GABARAPL2;GNAO1;GPX3;HBEGF;HDAC5;HRC;IFRD1;IGFBP7;ITGA7;ITGB4;ITGB5;KCNH1;KCNH2;KIFC3;LARGE1;LDB3;LPIN1;LSP1;MAPRE3;MB;MEF2A;MEF2B;MEF2C;MRAS;MYBPC3;MYBPH;MYH11;MYH2;MYH3;MYL1;MYL2;MYL3;MYL4;MYL6B;MYL7;MYLK;MYO1C;MYOD1;MYOG;MYOM1;MYOZ1;NAV2;NCAM1;NEO1;NOTCH1;NTN3;PFKM;PGAM2;PLXNB2;PPFIA4;PSEN2;PVALB;RB1;REEP1;RYR1;SCD;SGCA;SGCD;SH2B1;SIRT2;SLC6A8;SMTN;SOD3;SORBS1;SPARC;SPTAN1;SSPN;STC2;SVIL;TAGLN;TCAP;TCF12;TCF3;TEAD4;TGFB1;TNNC1;TNNC2;TNNI1;TNNI2;TNNT1;TNNT2;TNNT3;TPD52L1;TPM3;TSC2;VIPR1;WWTR1	programme	12	0.626068674266995
P2_O25_Early_by24h	TSS_ge_3	3plus_vs_1	0.28960468160248387	-0.8808889521754383	1.4600983153804061	0.6277215963018778	201	Early_by24h	2	0.25	239	134	ABLIM1;ACHE;ACSL1;ACTA1;ACTN2;ADAM12;AEBP1;AGL;AK1;AKT2;APLNR;APP;ATP2A1;ATP6AP1;BAG1;BIN1;BOC;CACNA1H;CASQ1;CASQ2;CAV3;CDH13;CDH15;CDH4;CDON;CHRNG;CKB;CKM;CNN3;COL1A1;COL4A2;COL6A2;COX6A2;CRAT;CSRP3;CTF1;CTNNA1;DAPK2;DMD;DTNA;EIF4A2;ENO3;EPHB3;ERBB3;FABP3;FDPS;FXYD1;GABARAPL2;GNAO1;GPX3;HBEGF;HDAC5;HRC;IFRD1;IGFBP7;ITGA7;ITGB4;ITGB5;KCNH1;KCNH2;KIFC3;LARGE1;LDB3;LPIN1;LSP1;MAPRE3;MB;MEF2A;MEF2B;MEF2C;MRAS;MYBPC3;MYBPH;MYH11;MYH2;MYH3;MYL1;MYL2;MYL3;MYL4;MYL6B;MYL7;MYLK;MYO1C;MYOD1;MYOG;MYOM1;MYOZ1;NAV2;NCAM1;NEO1;NOTCH1;NTN3;PFKM;PGAM2;PLXNB2;PPFIA4;PSEN2;PVALB;RB1;REEP1;RYR1;SCD;SGCA;SGCD;SH2B1;SIRT2;SLC6A8;SMTN;SOD3;SORBS1;SPARC;SPTAN1;SSPN;STC2;SVIL;TAGLN;TCAP;TCF12;TCF3;TEAD4;TGFB1;TNNC1;TNNC2;TNNI1;TNNI2;TNNT1;TNNT2;TNNT3;TPD52L1;TPM3;TSC2;VIPR1;WWTR1	programme	12	0.7572040026176262
P2_O25_Late_after48h	TSS_ge_2	2plus_vs_1	0.9108180972832647	-1.7013655743413167	3.5230017689078466	0.4943530690246072	1020	Late_after48h	2	0.25	6	6	BDKRB2;BIN1;BNIP2;DMPK;MEF2B;TCAP	programme	14	0.675865607971873
P2_O25_Late_after48h	TSS_ge_2	3plus_vs_1	-0.8623616486725028	-7.0959029492751124	5.371179651930107	0.7862789921494214	212	Late_after48h	2	0.25	6	6	BDKRB2;BIN1;BNIP2;DMPK;MEF2B;TCAP	programme	14	0.8657382853703975
P2_O25_Late_after48h	TSS_ge_3	2plus_vs_1	-0.017007009611808573	-2.742885896139371	2.7088718769157536	0.990243394829152	958	Late_after48h	2	0.25	6	6	BDKRB2;BIN1;BNIP2;DMPK;MEF2B;TCAP	programme	14	0.990243394829152
P2_O25_Late_after48h	TSS_ge_3	3plus_vs_1	-3.341869280685814	-9.898523681393916	3.214785120022289	0.3178060926830548	201	Late_after48h	2	0.25	6	6	BDKRB2;BIN1;BNIP2;DMPK;MEF2B;TCAP	programme	14	0.7572040026176262
P2_O25_Low_change_profile	TSS_ge_2	2plus_vs_1	-0.29250853495521756	-0.6615876006195242	0.07657053070908898	0.12034133509616199	1020	Low_change_profile	2	0.25	665	203	ABLIM1;ACHE;ACSL1;ACTA1;ACTC1;ACTN2;ACTN3;ADAM12;ADCY9;AEBP1;AGL;AGRN;AK1;AKT2;ANKRD2;APLNR;APP;ATP2A1;ATP6AP1;BAG1;BDKRB2;BHLHE40;BIN1;BOC;CACNA1H;CAMK2B;CASQ1;CASQ2;CAV3;CD36;CDC42;CDH13;CDH15;CDH2;CDKN1A;CFD;CHRNA1;CHRNB1;CHRNG;CKB;CKM;CKMT2;CLU;CNN3;COL15A1;COL1A1;COL3A1;COL4A2;COL6A2;COL6A3;COX7A1;CRAT;CRYAB;CSRP3;CTF1;CTNNA1;CTNNB1;DES;DMD;DMPK;DTNA;EFS;EIF4A2;ENO3;EPHB3;ERBB3;FABP3;FDPS;FGF2;FHL1;FKBP1B;FLII;FOXO4;FST;FXYD1;GAA;GABARAPL2;GADD45B;GJA5;GNAO1;GPX3;GSN;HBEGF;HDAC5;HRC;HSPB2;HSPB8;IFRD1;IGF1;IGFBP3;IGFBP7;ITGA7;ITGB1;ITGB4;ITGB5;KCNH1;KCNH2;KIFC3;KLF5;LAMA2;LARGE1;LDB3;LPIN1;LSP1;MAP2K6;MAPK11;MAPK12;MAPK14;MAPRE3;MB;MEF2A;MEF2B;MEF2C;MEF2D;MRAS;MYBPC3;MYBPH;MYF5;MYF6;MYH1;MYH11;MYH2;MYH3;MYH4;MYH7;MYH8;MYH9;MYL2;MYL3;MYL4;MYL6B;MYL7;MYLK;MYO1C;MYOD1;MYOG;MYOM1;MYOM2;MYOZ1;NAV2;NCAM1;NOTCH1;OCEL1;PC;PDE4DIP;PDLIM7;PFKM;PGAM2;PICK1;PKIA;PLXNB2;PPFIA4;PPP1R3C;PSEN2;PTGIS;PTP4A3;PVALB;PYGM;RB1;REEP1;RIT1;RYR1;SCD;SCHIP1;SGCA;SGCD;SH2B1;SH3BGR;SIRT2;SLC6A8;SLN;SMTN;SORBS1;SORBS3;SPAG9;SPARC;SPDEF;SPEG;SPTAN1;SSPN;STC2;SVIL;SYNGR2;TAGLN;TCAP;TCF12;TCF3;TCF4;TEAD4;TGFB1;TNNC1;TNNC2;TNNI1;TNNI2;TNNT1;TNNT2;TNNT3;TPD52L1;TPM2;TPM3;TSC2;VIPR1;WWTR1	programme	16	0.38649855348799345
P2_O25_Low_change_profile	TSS_ge_2	3plus_vs_1	-0.12320035603953271	-0.9417895721387028	0.6953888600596374	0.768008398569999	212	Low_change_profile	2	0.25	665	203	ABLIM1;ACHE;ACSL1;ACTA1;ACTC1;ACTN2;ACTN3;ADAM12;ADCY9;AEBP1;AGL;AGRN;AK1;AKT2;ANKRD2;APLNR;APP;ATP2A1;ATP6AP1;BAG1;BDKRB2;BHLHE40;BIN1;BOC;CACNA1H;CAMK2B;CASQ1;CASQ2;CAV3;CD36;CDC42;CDH13;CDH15;CDH2;CDKN1A;CFD;CHRNA1;CHRNB1;CHRNG;CKB;CKM;CKMT2;CLU;CNN3;COL15A1;COL1A1;COL3A1;COL4A2;COL6A2;COL6A3;COX7A1;CRAT;CRYAB;CSRP3;CTF1;CTNNA1;CTNNB1;DES;DMD;DMPK;DTNA;EFS;EIF4A2;ENO3;EPHB3;ERBB3;FABP3;FDPS;FGF2;FHL1;FKBP1B;FLII;FOXO4;FST;FXYD1;GAA;GABARAPL2;GADD45B;GJA5;GNAO1;GPX3;GSN;HBEGF;HDAC5;HRC;HSPB2;HSPB8;IFRD1;IGF1;IGFBP3;IGFBP7;ITGA7;ITGB1;ITGB4;ITGB5;KCNH1;KCNH2;KIFC3;KLF5;LAMA2;LARGE1;LDB3;LPIN1;LSP1;MAP2K6;MAPK11;MAPK12;MAPK14;MAPRE3;MB;MEF2A;MEF2B;MEF2C;MEF2D;MRAS;MYBPC3;MYBPH;MYF5;MYF6;MYH1;MYH11;MYH2;MYH3;MYH4;MYH7;MYH8;MYH9;MYL2;MYL3;MYL4;MYL6B;MYL7;MYLK;MYO1C;MYOD1;MYOG;MYOM1;MYOM2;MYOZ1;NAV2;NCAM1;NOTCH1;OCEL1;PC;PDE4DIP;PDLIM7;PFKM;PGAM2;PICK1;PKIA;PLXNB2;PPFIA4;PPP1R3C;PSEN2;PTGIS;PTP4A3;PVALB;PYGM;RB1;REEP1;RIT1;RYR1;SCD;SCHIP1;SGCA;SGCD;SH2B1;SH3BGR;SIRT2;SLC6A8;SLN;SMTN;SORBS1;SORBS3;SPAG9;SPARC;SPDEF;SPEG;SPTAN1;SSPN;STC2;SVIL;SYNGR2;TAGLN;TCAP;TCF12;TCF3;TCF4;TEAD4;TGFB1;TNNC1;TNNC2;TNNI1;TNNI2;TNNT1;TNNT2;TNNT3;TPD52L1;TPM2;TPM3;TSC2;VIPR1;WWTR1	programme	16	0.8657382853703975
P2_O25_Low_change_profile	TSS_ge_3	2plus_vs_1	-0.2893149895222185	-0.6921642434465547	0.11353426440211764	0.1592522320098022	958	Low_change_profile	2	0.25	665	203	ABLIM1;ACHE;ACSL1;ACTA1;ACTC1;ACTN2;ACTN3;ADAM12;ADCY9;AEBP1;AGL;AGRN;AK1;AKT2;ANKRD2;APLNR;APP;ATP2A1;ATP6AP1;BAG1;BDKRB2;BHLHE40;BIN1;BOC;CACNA1H;CAMK2B;CASQ1;CASQ2;CAV3;CD36;CDC42;CDH13;CDH15;CDH2;CDKN1A;CFD;CHRNA1;CHRNB1;CHRNG;CKB;CKM;CKMT2;CLU;CNN3;COL15A1;COL1A1;COL3A1;COL4A2;COL6A2;COL6A3;COX7A1;CRAT;CRYAB;CSRP3;CTF1;CTNNA1;CTNNB1;DES;DMD;DMPK;DTNA;EFS;EIF4A2;ENO3;EPHB3;ERBB3;FABP3;FDPS;FGF2;FHL1;FKBP1B;FLII;FOXO4;FST;FXYD1;GAA;GABARAPL2;GADD45B;GJA5;GNAO1;GPX3;GSN;HBEGF;HDAC5;HRC;HSPB2;HSPB8;IFRD1;IGF1;IGFBP3;IGFBP7;ITGA7;ITGB1;ITGB4;ITGB5;KCNH1;KCNH2;KIFC3;KLF5;LAMA2;LARGE1;LDB3;LPIN1;LSP1;MAP2K6;MAPK11;MAPK12;MAPK14;MAPRE3;MB;MEF2A;MEF2B;MEF2C;MEF2D;MRAS;MYBPC3;MYBPH;MYF5;MYF6;MYH1;MYH11;MYH2;MYH3;MYH4;MYH7;MYH8;MYH9;MYL2;MYL3;MYL4;MYL6B;MYL7;MYLK;MYO1C;MYOD1;MYOG;MYOM1;MYOM2;MYOZ1;NAV2;NCAM1;NOTCH1;OCEL1;PC;PDE4DIP;PDLIM7;PFKM;PGAM2;PICK1;PKIA;PLXNB2;PPFIA4;PPP1R3C;PSEN2;PTGIS;PTP4A3;PVALB;PYGM;RB1;REEP1;RIT1;RYR1;SCD;SCHIP1;SGCA;SGCD;SH2B1;SH3BGR;SIRT2;SLC6A8;SLN;SMTN;SORBS1;SORBS3;SPAG9;SPARC;SPDEF;SPEG;SPTAN1;SSPN;STC2;SVIL;SYNGR2;TAGLN;TCAP;TCF12;TCF3;TCF4;TEAD4;TGFB1;TNNC1;TNNC2;TNNI1;TNNI2;TNNT1;TNNT2;TNNT3;TPD52L1;TPM2;TPM3;TSC2;VIPR1;WWTR1	programme	16	0.3981305800245055
P2_O25_Low_change_profile	TSS_ge_3	3plus_vs_1	-0.18383238157071807	-0.972970819750723	0.6053060566092867	0.6479729399879215	201	Low_change_profile	2	0.25	665	203	ABLIM1;ACHE;ACSL1;ACTA1;ACTC1;ACTN2;ACTN3;ADAM12;ADCY9;AEBP1;AGL;AGRN;AK1;AKT2;ANKRD2;APLNR;APP;ATP2A1;ATP6AP1;BAG1;BDKRB2;BHLHE40;BIN1;BOC;CACNA1H;CAMK2B;CASQ1;CASQ2;CAV3;CD36;CDC42;CDH13;CDH15;CDH2;CDKN1A;CFD;CHRNA1;CHRNB1;CHRNG;CKB;CKM;CKMT2;CLU;CNN3;COL15A1;COL1A1;COL3A1;COL4A2;COL6A2;COL6A3;COX7A1;CRAT;CRYAB;CSRP3;CTF1;CTNNA1;CTNNB1;DES;DMD;DMPK;DTNA;EFS;EIF4A2;ENO3;EPHB3;ERBB3;FABP3;FDPS;FGF2;FHL1;FKBP1B;FLII;FOXO4;FST;FXYD1;GAA;GABARAPL2;GADD45B;GJA5;GNAO1;GPX3;GSN;HBEGF;HDAC5;HRC;HSPB2;HSPB8;IFRD1;IGF1;IGFBP3;IGFBP7;ITGA7;ITGB1;ITGB4;ITGB5;KCNH1;KCNH2;KIFC3;KLF5;LAMA2;LARGE1;LDB3;LPIN1;LSP1;MAP2K6;MAPK11;MAPK12;MAPK14;MAPRE3;MB;MEF2A;MEF2B;MEF2C;MEF2D;MRAS;MYBPC3;MYBPH;MYF5;MYF6;MYH1;MYH11;MYH2;MYH3;MYH4;MYH7;MYH8;MYH9;MYL2;MYL3;MYL4;MYL6B;MYL7;MYLK;MYO1C;MYOD1;MYOG;MYOM1;MYOM2;MYOZ1;NAV2;NCAM1;NOTCH1;OCEL1;PC;PDE4DIP;PDLIM7;PFKM;PGAM2;PICK1;PKIA;PLXNB2;PPFIA4;PPP1R3C;PSEN2;PTGIS;PTP4A3;PVALB;PYGM;RB1;REEP1;RIT1;RYR1;SCD;SCHIP1;SGCA;SGCD;SH2B1;SH3BGR;SIRT2;SLC6A8;SLN;SMTN;SORBS1;SORBS3;SPAG9;SPARC;SPDEF;SPEG;SPTAN1;SSPN;STC2;SVIL;SYNGR2;TAGLN;TCAP;TCF12;TCF3;TCF4;TEAD4;TGFB1;TNNC1;TNNC2;TNNI1;TNNI2;TNNT1;TNNT2;TNNT3;TPD52L1;TPM2;TPM3;TSC2;VIPR1;WWTR1	programme	16	0.7572040026176262
P2_O25_Middle_24to48h	TSS_ge_2	2plus_vs_1	0.4980406810739752	-0.25224500665019706	1.2483263687981476	0.19324927674399672	1020	Middle_24to48h	2	0.25	45	39	ACTN2;AK1;ANKRD2;APOD;CACNA1H;CAMK2B;CASQ1;COL15A1;COL1A1;CTNNA1;DES;ENO3;HRC;ITGB1;KIFC3;LARGE1;LDB3;MEF2B;MRAS;MYBPH;MYH2;MYH3;MYL7;MYO1C;MYOM1;PSEN2;PVALB;RB1;REEP1;RIT1;RYR1;SGCA;SLC6A8;SORBS3;SPEG;SVIL;TNNC1;TNNT2;TPD52L1	programme	13	0.38649855348799345
P2_O25_Middle_24to48h	TSS_ge_2	3plus_vs_1	1.272072351721973	-0.5550424682620282	3.099187171705974	0.17238997325221672	212	Middle_24to48h	2	0.25	45	39	ACTN2;AK1;ANKRD2;APOD;CACNA1H;CAMK2B;CASQ1;COL15A1;COL1A1;CTNNA1;DES;ENO3;HRC;ITGB1;KIFC3;LARGE1;LDB3;MEF2B;MRAS;MYBPH;MYH2;MYH3;MYL7;MYO1C;MYOM1;PSEN2;PVALB;RB1;REEP1;RIT1;RYR1;SGCA;SLC6A8;SORBS3;SPEG;SVIL;TNNC1;TNNT2;TPD52L1	programme	13	0.8657382853703975
P2_O25_Middle_24to48h	TSS_ge_3	2plus_vs_1	0.2727823534171482	-0.5043230107999295	1.0498877176342258	0.49145675394758226	958	Middle_24to48h	2	0.25	45	39	ACTN2;AK1;ANKRD2;APOD;CACNA1H;CAMK2B;CASQ1;COL15A1;COL1A1;CTNNA1;DES;ENO3;HRC;ITGB1;KIFC3;LARGE1;LDB3;MEF2B;MRAS;MYBPH;MYH2;MYH3;MYL7;MYO1C;MYOM1;PSEN2;PVALB;RB1;REEP1;RIT1;RYR1;SGCA;SLC6A8;SORBS3;SPEG;SVIL;TNNC1;TNNT2;TPD52L1	programme	13	0.626068674266995
P2_O25_Middle_24to48h	TSS_ge_3	3plus_vs_1	1.0175522329609978	-0.8054776557787073	2.840582121700703	0.27396194765683146	201	Middle_24to48h	2	0.25	45	39	ACTN2;AK1;ANKRD2;APOD;CACNA1H;CAMK2B;CASQ1;COL15A1;COL1A1;CTNNA1;DES;ENO3;HRC;ITGB1;KIFC3;LARGE1;LDB3;MEF2B;MRAS;MYBPH;MYH2;MYH3;MYL7;MYO1C;MYOM1;PSEN2;PVALB;RB1;REEP1;RIT1;RYR1;SGCA;SLC6A8;SORBS3;SPEG;SVIL;TNNC1;TNNT2;TPD52L1	programme	13	0.7572040026176262
P2_O50_All_external_mapped	TSS_ge_2	2plus_vs_1	-0.1876054497366097	-0.34934003428250304	-0.02587086519071633	0.022997425778184158	1020	All_external_mapped	2	0.5	3324	221	ABL1;ABLIM1;ACHE;ACSL1;ACTA1;ACTC1;ACTN2;ACTN3;ADAM12;ADCY9;AEBP1;AGL;AGRN;AK1;AKT2;ANKRD2;APLNR;APOD;APP;ATP2A1;ATP6AP1;BAG1;BDKRB2;BHLHE40;BIN1;BNIP2;BOC;CACNA1H;CACNG1;CAMK2B;CASQ1;CASQ2;CAV3;CD36;CDC42;CDH13;CDH15;CDH2;CDH4;CDKN1A;CDON;CFD;CHRNA1;CHRNB1;CHRNG;CKB;CKM;CKMT2;CLU;CNN3;COL15A1;COL1A1;COL3A1;COL4A2;COL6A2;COL6A3;COX6A2;COX7A1;CRAT;CRYAB;CSRP3;CTF1;CTNNA1;CTNNA2;CTNNB1;DAPK2;DES;DMD;DMPK;DTNA;EFS;EIF4A2;ENO3;EPHB3;ERBB3;FABP3;FDPS;FGF2;FHL1;FKBP1B;FLII;FOXO4;FST;FXYD1;GAA;GABARAPL2;GADD45B;GJA5;GNAO1;GPX3;GSN;HBEGF;HDAC5;HRC;HSPB2;HSPB8;IFRD1;IGF1;IGFBP3;IGFBP7;ITGA7;ITGB1;ITGB4;ITGB5;KCNH1;KCNH2;KIFC3;KLF5;LAMA2;LARGE1;LDB3;LPIN1;LSP1;MAP2K6;MAPK11;MAPK12;MAPK14;MAPRE3;MB;MEF2A;MEF2B;MEF2C;MEF2D;MRAS;MYBPC3;MYBPH;MYF5;MYF6;MYH1;MYH11;MYH2;MYH3;MYH4;MYH7;MYH8;MYH9;MYL1;MYL2;MYL3;MYL4;MYL6B;MYL7;MYLK;MYO1C;MYOD1;MYOG;MYOM1;MYOM2;MYOZ1;NAV2;NCAM1;NEO1;NOS1;NOTCH1;NQO1;NTN3;OCEL1;PC;PDE4DIP;PDLIM7;PFKM;PGAM2;PICK1;PKIA;PLXNB2;PPFIA4;PPP1R3C;PRNP;PSEN2;PTGIS;PTP4A3;PVALB;PYGM;RB1;REEP1;RIT1;RYR1;SCD;SCHIP1;SGCA;SGCD;SGCG;SH2B1;SH3BGR;SIRT2;SLC6A8;SLN;SMTN;SOD3;SORBS1;SORBS3;SPAG9;SPARC;SPDEF;SPEG;SPHK1;SPTAN1;SSPN;STC2;SVIL;SYNGR2;TAGLN;TCAP;TCF12;TCF3;TCF4;TEAD4;TGFB1;TNNC1;TNNC2;TNNI1;TNNI2;TNNT1;TNNT2;TNNT3;TPD52L1;TPM2;TPM3;TSC2;VIPR1;WWTR1	programme	0	0.16219088889310537
P2_O50_All_external_mapped	TSS_ge_2	3plus_vs_1	-0.07293914798586043	-0.45812842225707723	0.3122501262853564	0.7105352784214745	212	All_external_mapped	2	0.5	3324	221	ABL1;ABLIM1;ACHE;ACSL1;ACTA1;ACTC1;ACTN2;ACTN3;ADAM12;ADCY9;AEBP1;AGL;AGRN;AK1;AKT2;ANKRD2;APLNR;APOD;APP;ATP2A1;ATP6AP1;BAG1;BDKRB2;BHLHE40;BIN1;BNIP2;BOC;CACNA1H;CACNG1;CAMK2B;CASQ1;CASQ2;CAV3;CD36;CDC42;CDH13;CDH15;CDH2;CDH4;CDKN1A;CDON;CFD;CHRNA1;CHRNB1;CHRNG;CKB;CKM;CKMT2;CLU;CNN3;COL15A1;COL1A1;COL3A1;COL4A2;COL6A2;COL6A3;COX6A2;COX7A1;CRAT;CRYAB;CSRP3;CTF1;CTNNA1;CTNNA2;CTNNB1;DAPK2;DES;DMD;DMPK;DTNA;EFS;EIF4A2;ENO3;EPHB3;ERBB3;FABP3;FDPS;FGF2;FHL1;FKBP1B;FLII;FOXO4;FST;FXYD1;GAA;GABARAPL2;GADD45B;GJA5;GNAO1;GPX3;GSN;HBEGF;HDAC5;HRC;HSPB2;HSPB8;IFRD1;IGF1;IGFBP3;IGFBP7;ITGA7;ITGB1;ITGB4;ITGB5;KCNH1;KCNH2;KIFC3;KLF5;LAMA2;LARGE1;LDB3;LPIN1;LSP1;MAP2K6;MAPK11;MAPK12;MAPK14;MAPRE3;MB;MEF2A;MEF2B;MEF2C;MEF2D;MRAS;MYBPC3;MYBPH;MYF5;MYF6;MYH1;MYH11;MYH2;MYH3;MYH4;MYH7;MYH8;MYH9;MYL1;MYL2;MYL3;MYL4;MYL6B;MYL7;MYLK;MYO1C;MYOD1;MYOG;MYOM1;MYOM2;MYOZ1;NAV2;NCAM1;NEO1;NOS1;NOTCH1;NQO1;NTN3;OCEL1;PC;PDE4DIP;PDLIM7;PFKM;PGAM2;PICK1;PKIA;PLXNB2;PPFIA4;PPP1R3C;PRNP;PSEN2;PTGIS;PTP4A3;PVALB;PYGM;RB1;REEP1;RIT1;RYR1;SCD;SCHIP1;SGCA;SGCD;SGCG;SH2B1;SH3BGR;SIRT2;SLC6A8;SLN;SMTN;SOD3;SORBS1;SORBS3;SPAG9;SPARC;SPDEF;SPEG;SPHK1;SPTAN1;SSPN;STC2;SVIL;SYNGR2;TAGLN;TCAP;TCF12;TCF3;TCF4;TEAD4;TGFB1;TNNC1;TNNC2;TNNI1;TNNI2;TNNT1;TNNT2;TNNT3;TPD52L1;TPM2;TPM3;TSC2;VIPR1;WWTR1	programme	0	0.904583135099118
P2_O50_All_external_mapped	TSS_ge_3	2plus_vs_1	-0.179120216054363	-0.3579316833998923	-0.0003087487088337254	0.049605728490481414	958	All_external_mapped	2	0.5	3324	221	ABL1;ABLIM1;ACHE;ACSL1;ACTA1;ACTC1;ACTN2;ACTN3;ADAM12;ADCY9;AEBP1;AGL;AGRN;AK1;AKT2;ANKRD2;APLNR;APOD;APP;ATP2A1;ATP6AP1;BAG1;BDKRB2;BHLHE40;BIN1;BNIP2;BOC;CACNA1H;CACNG1;CAMK2B;CASQ1;CASQ2;CAV3;CD36;CDC42;CDH13;CDH15;CDH2;CDH4;CDKN1A;CDON;CFD;CHRNA1;CHRNB1;CHRNG;CKB;CKM;CKMT2;CLU;CNN3;COL15A1;COL1A1;COL3A1;COL4A2;COL6A2;COL6A3;COX6A2;COX7A1;CRAT;CRYAB;CSRP3;CTF1;CTNNA1;CTNNA2;CTNNB1;DAPK2;DES;DMD;DMPK;DTNA;EFS;EIF4A2;ENO3;EPHB3;ERBB3;FABP3;FDPS;FGF2;FHL1;FKBP1B;FLII;FOXO4;FST;FXYD1;GAA;GABARAPL2;GADD45B;GJA5;GNAO1;GPX3;GSN;HBEGF;HDAC5;HRC;HSPB2;HSPB8;IFRD1;IGF1;IGFBP3;IGFBP7;ITGA7;ITGB1;ITGB4;ITGB5;KCNH1;KCNH2;KIFC3;KLF5;LAMA2;LARGE1;LDB3;LPIN1;LSP1;MAP2K6;MAPK11;MAPK12;MAPK14;MAPRE3;MB;MEF2A;MEF2B;MEF2C;MEF2D;MRAS;MYBPC3;MYBPH;MYF5;MYF6;MYH1;MYH11;MYH2;MYH3;MYH4;MYH7;MYH8;MYH9;MYL1;MYL2;MYL3;MYL4;MYL6B;MYL7;MYLK;MYO1C;MYOD1;MYOG;MYOM1;MYOM2;MYOZ1;NAV2;NCAM1;NEO1;NOS1;NOTCH1;NQO1;NTN3;OCEL1;PC;PDE4DIP;PDLIM7;PFKM;PGAM2;PICK1;PKIA;PLXNB2;PPFIA4;PPP1R3C;PRNP;PSEN2;PTGIS;PTP4A3;PVALB;PYGM;RB1;REEP1;RIT1;RYR1;SCD;SCHIP1;SGCA;SGCD;SGCG;SH2B1;SH3BGR;SIRT2;SLC6A8;SLN;SMTN;SOD3;SORBS1;SORBS3;SPAG9;SPARC;SPDEF;SPEG;SPHK1;SPTAN1;SSPN;STC2;SVIL;SYNGR2;TAGLN;TCAP;TCF12;TCF3;TCF4;TEAD4;TGFB1;TNNC1;TNNC2;TNNI1;TNNI2;TNNT1;TNNT2;TNNT3;TPD52L1;TPM2;TPM3;TSC2;VIPR1;WWTR1	programme	0	0.24492583258974543
P2_O50_All_external_mapped	TSS_ge_3	3plus_vs_1	-0.11582973394425133	-0.47288694246474083	0.24122747457623822	0.5248974150878717	201	All_external_mapped	2	0.5	3324	221	ABL1;ABLIM1;ACHE;ACSL1;ACTA1;ACTC1;ACTN2;ACTN3;ADAM12;ADCY9;AEBP1;AGL;AGRN;AK1;AKT2;ANKRD2;APLNR;APOD;APP;ATP2A1;ATP6AP1;BAG1;BDKRB2;BHLHE40;BIN1;BNIP2;BOC;CACNA1H;CACNG1;CAMK2B;CASQ1;CASQ2;CAV3;CD36;CDC42;CDH13;CDH15;CDH2;CDH4;CDKN1A;CDON;CFD;CHRNA1;CHRNB1;CHRNG;CKB;CKM;CKMT2;CLU;CNN3;COL15A1;COL1A1;COL3A1;COL4A2;COL6A2;COL6A3;COX6A2;COX7A1;CRAT;CRYAB;CSRP3;CTF1;CTNNA1;CTNNA2;CTNNB1;DAPK2;DES;DMD;DMPK;DTNA;EFS;EIF4A2;ENO3;EPHB3;ERBB3;FABP3;FDPS;FGF2;FHL1;FKBP1B;FLII;FOXO4;FST;FXYD1;GAA;GABARAPL2;GADD45B;GJA5;GNAO1;GPX3;GSN;HBEGF;HDAC5;HRC;HSPB2;HSPB8;IFRD1;IGF1;IGFBP3;IGFBP7;ITGA7;ITGB1;ITGB4;ITGB5;KCNH1;KCNH2;KIFC3;KLF5;LAMA2;LARGE1;LDB3;LPIN1;LSP1;MAP2K6;MAPK11;MAPK12;MAPK14;MAPRE3;MB;MEF2A;MEF2B;MEF2C;MEF2D;MRAS;MYBPC3;MYBPH;MYF5;MYF6;MYH1;MYH11;MYH2;MYH3;MYH4;MYH7;MYH8;MYH9;MYL1;MYL2;MYL3;MYL4;MYL6B;MYL7;MYLK;MYO1C;MYOD1;MYOG;MYOM1;MYOM2;MYOZ1;NAV2;NCAM1;NEO1;NOS1;NOTCH1;NQO1;NTN3;OCEL1;PC;PDE4DIP;PDLIM7;PFKM;PGAM2;PICK1;PKIA;PLXNB2;PPFIA4;PPP1R3C;PRNP;PSEN2;PTGIS;PTP4A3;PVALB;PYGM;RB1;REEP1;RIT1;RYR1;SCD;SCHIP1;SGCA;SGCD;SGCG;SH2B1;SH3BGR;SIRT2;SLC6A8;SLN;SMTN;SOD3;SORBS1;SORBS3;SPAG9;SPARC;SPDEF;SPEG;SPHK1;SPTAN1;SSPN;STC2;SVIL;SYNGR2;TAGLN;TCAP;TCF12;TCF3;TCF4;TEAD4;TGFB1;TNNC1;TNNC2;TNNI1;TNNI2;TNNT1;TNNT2;TNNT3;TPD52L1;TPM2;TPM3;TSC2;VIPR1;WWTR1	programme	0	0.7652233183978802
P2_O50_All_opening	TSS_ge_2	2plus_vs_1	-0.01339506808341597	-0.5464754300376309	0.5196852938707989	0.9607205987539159	1020	All_opening	2	0.5	229	128	ACSL1;ACTA1;ACTN2;ADAM12;AGL;AK1;AKT2;ANKRD2;APLNR;APOD;APP;ATP2A1;BAG1;BDKRB2;BIN1;BNIP2;BOC;CACNA1H;CAMK2B;CASQ1;CASQ2;CAV3;CDH13;CDH15;CDH4;CDON;CHRNG;CKB;CKM;CNN3;COL15A1;COL1A1;COL4A2;CRAT;CSRP3;CTF1;CTNNA1;DAPK2;DMD;DTNA;EIF4A2;ENO3;ERBB3;FABP3;FDPS;FXYD1;GABARAPL2;GNAO1;GPX3;HBEGF;HRC;IGFBP7;ITGA7;ITGB1;ITGB4;ITGB5;KCNH2;KIFC3;LARGE1;LDB3;LPIN1;LSP1;MAPRE3;MB;MEF2A;MEF2B;MEF2C;MRAS;MYBPH;MYH11;MYH2;MYH3;MYL1;MYL2;MYL3;MYL4;MYL6B;MYL7;MYLK;MYO1C;MYOD1;MYOG;MYOM1;MYOZ1;NAV2;NCAM1;NEO1;NOTCH1;NTN3;PFKM;PLXNB2;PPFIA4;PSEN2;PVALB;RB1;REEP1;RIT1;RYR1;SCD;SGCA;SGCD;SH2B1;SIRT2;SLC6A8;SMTN;SOD3;SORBS1;SPARC;SPTAN1;SSPN;STC2;SVIL;TAGLN;TCAP;TCF3;TEAD4;TGFB1;TNNC1;TNNI1;TNNI2;TNNT1;TNNT2;TNNT3;TPD52L1;TPM3;TSC2;VIPR1;WWTR1	programme	1	0.9607205987539159
P2_O50_All_opening	TSS_ge_2	3plus_vs_1	0.9948562273807509	-0.25226163370148985	2.241974088462992	0.11793247277726915	212	All_opening	2	0.5	229	128	ACSL1;ACTA1;ACTN2;ADAM12;AGL;AK1;AKT2;ANKRD2;APLNR;APOD;APP;ATP2A1;BAG1;BDKRB2;BIN1;BNIP2;BOC;CACNA1H;CAMK2B;CASQ1;CASQ2;CAV3;CDH13;CDH15;CDH4;CDON;CHRNG;CKB;CKM;CNN3;COL15A1;COL1A1;COL4A2;CRAT;CSRP3;CTF1;CTNNA1;DAPK2;DMD;DTNA;EIF4A2;ENO3;ERBB3;FABP3;FDPS;FXYD1;GABARAPL2;GNAO1;GPX3;HBEGF;HRC;IGFBP7;ITGA7;ITGB1;ITGB4;ITGB5;KCNH2;KIFC3;LARGE1;LDB3;LPIN1;LSP1;MAPRE3;MB;MEF2A;MEF2B;MEF2C;MRAS;MYBPH;MYH11;MYH2;MYH3;MYL1;MYL2;MYL3;MYL4;MYL6B;MYL7;MYLK;MYO1C;MYOD1;MYOG;MYOM1;MYOZ1;NAV2;NCAM1;NEO1;NOTCH1;NTN3;PFKM;PLXNB2;PPFIA4;PSEN2;PVALB;RB1;REEP1;RIT1;RYR1;SCD;SGCA;SGCD;SH2B1;SIRT2;SLC6A8;SMTN;SOD3;SORBS1;SPARC;SPTAN1;SSPN;STC2;SVIL;TAGLN;TCAP;TCF3;TEAD4;TGFB1;TNNC1;TNNI1;TNNI2;TNNT1;TNNT2;TNNT3;TPD52L1;TPM3;TSC2;VIPR1;WWTR1	programme	1	0.5896623638863457
P2_O50_All_opening	TSS_ge_3	2plus_vs_1	-0.09973503345459522	-0.6658222232124742	0.4663521563032836	0.7298593296952633	958	All_opening	2	0.5	229	128	ACSL1;ACTA1;ACTN2;ADAM12;AGL;AK1;AKT2;ANKRD2;APLNR;APOD;APP;ATP2A1;BAG1;BDKRB2;BIN1;BNIP2;BOC;CACNA1H;CAMK2B;CASQ1;CASQ2;CAV3;CDH13;CDH15;CDH4;CDON;CHRNG;CKB;CKM;CNN3;COL15A1;COL1A1;COL4A2;CRAT;CSRP3;CTF1;CTNNA1;DAPK2;DMD;DTNA;EIF4A2;ENO3;ERBB3;FABP3;FDPS;FXYD1;GABARAPL2;GNAO1;GPX3;HBEGF;HRC;IGFBP7;ITGA7;ITGB1;ITGB4;ITGB5;KCNH2;KIFC3;LARGE1;LDB3;LPIN1;LSP1;MAPRE3;MB;MEF2A;MEF2B;MEF2C;MRAS;MYBPH;MYH11;MYH2;MYH3;MYL1;MYL2;MYL3;MYL4;MYL6B;MYL7;MYLK;MYO1C;MYOD1;MYOG;MYOM1;MYOZ1;NAV2;NCAM1;NEO1;NOTCH1;NTN3;PFKM;PLXNB2;PPFIA4;PSEN2;PVALB;RB1;REEP1;RIT1;RYR1;SCD;SGCA;SGCD;SH2B1;SIRT2;SLC6A8;SMTN;SOD3;SORBS1;SPARC;SPTAN1;SSPN;STC2;SVIL;TAGLN;TCAP;TCF3;TEAD4;TGFB1;TNNC1;TNNI1;TNNI2;TNNT1;TNNT2;TNNT3;TPD52L1;TPM3;TSC2;VIPR1;WWTR1	programme	1	0.7571448791415569
P2_O50_All_opening	TSS_ge_3	3plus_vs_1	0.6370216746208496	-0.6665100293338184	1.9405533785755176	0.33815709066030575	201	All_opening	2	0.5	229	128	ACSL1;ACTA1;ACTN2;ADAM12;AGL;AK1;AKT2;ANKRD2;APLNR;APOD;APP;ATP2A1;BAG1;BDKRB2;BIN1;BNIP2;BOC;CACNA1H;CAMK2B;CASQ1;CASQ2;CAV3;CDH13;CDH15;CDH4;CDON;CHRNG;CKB;CKM;CNN3;COL15A1;COL1A1;COL4A2;CRAT;CSRP3;CTF1;CTNNA1;DAPK2;DMD;DTNA;EIF4A2;ENO3;ERBB3;FABP3;FDPS;FXYD1;GABARAPL2;GNAO1;GPX3;HBEGF;HRC;IGFBP7;ITGA7;ITGB1;ITGB4;ITGB5;KCNH2;KIFC3;LARGE1;LDB3;LPIN1;LSP1;MAPRE3;MB;MEF2A;MEF2B;MEF2C;MRAS;MYBPH;MYH11;MYH2;MYH3;MYL1;MYL2;MYL3;MYL4;MYL6B;MYL7;MYLK;MYO1C;MYOD1;MYOG;MYOM1;MYOZ1;NAV2;NCAM1;NEO1;NOTCH1;NTN3;PFKM;PLXNB2;PPFIA4;PSEN2;PVALB;RB1;REEP1;RIT1;RYR1;SCD;SGCA;SGCD;SH2B1;SIRT2;SLC6A8;SMTN;SOD3;SORBS1;SPARC;SPTAN1;SSPN;STC2;SVIL;TAGLN;TCAP;TCF3;TEAD4;TGFB1;TNNC1;TNNI1;TNNI2;TNNT1;TNNT2;TNNT3;TPD52L1;TPM3;TSC2;VIPR1;WWTR1	programme	1	0.7652233183978802
P2_O50_Closing	TSS_ge_2	2plus_vs_1	-0.24538256748777007	-0.8107253891464142	0.3199602541708741	0.39493223307263725	1020	Closing	2	0.5	181	97	ABL1;ABLIM1;ACSL1;ACTC1;ADAM12;ADCY9;AK1;APLNR;APP;BAG1;BDKRB2;BIN1;CAV3;CD36;CDC42;CDH13;CDH2;CDH4;CDKN1A;CDON;CHRNA1;CKB;CKMT2;CLU;CNN3;COL15A1;COL1A1;COL3A1;COL4A2;COL6A3;CRYAB;CTNNB1;DAPK2;DMD;DTNA;EPHB3;FABP3;FGF2;FST;GADD45B;GSN;HBEGF;HDAC5;HSPB2;IGF1;IGFBP3;IGFBP7;ITGA7;ITGB1;ITGB5;LAMA2;LARGE1;LPIN1;MAPK14;MB;MEF2A;MEF2C;MEF2D;MYF5;MYF6;MYH4;MYH8;MYL4;MYLK;MYO1C;MYOD1;MYOM2;MYOZ1;NAV2;NCAM1;PDLIM7;PPP1R3C;PTGIS;RB1;RIT1;RYR1;SCHIP1;SGCA;SGCD;SLN;SMTN;SOD3;SORBS1;SORBS3;SPAG9;SPARC;SPHK1;SSPN;STC2;SVIL;TAGLN;TCF12;TNNC2;TNNI1;TNNT2;TPM3;WWTR1	programme	5	0.6582203884543955
P2_O50_Closing	TSS_ge_2	3plus_vs_1	0.513159551187571	-0.7459483807397764	1.7722674831149186	0.42440693285065323	212	Closing	2	0.5	181	97	ABL1;ABLIM1;ACSL1;ACTC1;ADAM12;ADCY9;AK1;APLNR;APP;BAG1;BDKRB2;BIN1;CAV3;CD36;CDC42;CDH13;CDH2;CDH4;CDKN1A;CDON;CHRNA1;CKB;CKMT2;CLU;CNN3;COL15A1;COL1A1;COL3A1;COL4A2;COL6A3;CRYAB;CTNNB1;DAPK2;DMD;DTNA;EPHB3;FABP3;FGF2;FST;GADD45B;GSN;HBEGF;HDAC5;HSPB2;IGF1;IGFBP3;IGFBP7;ITGA7;ITGB1;ITGB5;LAMA2;LARGE1;LPIN1;MAPK14;MB;MEF2A;MEF2C;MEF2D;MYF5;MYF6;MYH4;MYH8;MYL4;MYLK;MYO1C;MYOD1;MYOM2;MYOZ1;NAV2;NCAM1;PDLIM7;PPP1R3C;PTGIS;RB1;RIT1;RYR1;SCHIP1;SGCA;SGCD;SLN;SMTN;SOD3;SORBS1;SORBS3;SPAG9;SPARC;SPHK1;SSPN;STC2;SVIL;TAGLN;TCF12;TNNC2;TNNI1;TNNT2;TPM3;WWTR1	programme	5	0.8488138657013065
P2_O50_Closing	TSS_ge_3	2plus_vs_1	-0.13242698953105328	-0.7442859014344232	0.4794319223723167	0.6714180781712711	958	Closing	2	0.5	181	97	ABL1;ABLIM1;ACSL1;ACTC1;ADAM12;ADCY9;AK1;APLNR;APP;BAG1;BDKRB2;BIN1;CAV3;CD36;CDC42;CDH13;CDH2;CDH4;CDKN1A;CDON;CHRNA1;CKB;CKMT2;CLU;CNN3;COL15A1;COL1A1;COL3A1;COL4A2;COL6A3;CRYAB;CTNNB1;DAPK2;DMD;DTNA;EPHB3;FABP3;FGF2;FST;GADD45B;GSN;HBEGF;HDAC5;HSPB2;IGF1;IGFBP3;IGFBP7;ITGA7;ITGB1;ITGB5;LAMA2;LARGE1;LPIN1;MAPK14;MB;MEF2A;MEF2C;MEF2D;MYF5;MYF6;MYH4;MYH8;MYL4;MYLK;MYO1C;MYOD1;MYOM2;MYOZ1;NAV2;NCAM1;PDLIM7;PPP1R3C;PTGIS;RB1;RIT1;RYR1;SCHIP1;SGCA;SGCD;SLN;SMTN;SOD3;SORBS1;SORBS3;SPAG9;SPARC;SPHK1;SSPN;STC2;SVIL;TAGLN;TCF12;TNNC2;TNNI1;TNNT2;TPM3;WWTR1	programme	5	0.7571448791415569
P2_O50_Closing	TSS_ge_3	3plus_vs_1	0.4358186058703143	-0.8467282955916717	1.7183655073323003	0.5054048534210143	201	Closing	2	0.5	181	97	ABL1;ABLIM1;ACSL1;ACTC1;ADAM12;ADCY9;AK1;APLNR;APP;BAG1;BDKRB2;BIN1;CAV3;CD36;CDC42;CDH13;CDH2;CDH4;CDKN1A;CDON;CHRNA1;CKB;CKMT2;CLU;CNN3;COL15A1;COL1A1;COL3A1;COL4A2;COL6A3;CRYAB;CTNNB1;DAPK2;DMD;DTNA;EPHB3;FABP3;FGF2;FST;GADD45B;GSN;HBEGF;HDAC5;HSPB2;IGF1;IGFBP3;IGFBP7;ITGA7;ITGB1;ITGB5;LAMA2;LARGE1;LPIN1;MAPK14;MB;MEF2A;MEF2C;MEF2D;MYF5;MYF6;MYH4;MYH8;MYL4;MYLK;MYO1C;MYOD1;MYOM2;MYOZ1;NAV2;NCAM1;PDLIM7;PPP1R3C;PTGIS;RB1;RIT1;RYR1;SCHIP1;SGCA;SGCD;SLN;SMTN;SOD3;SORBS1;SORBS3;SPAG9;SPARC;SPHK1;SSPN;STC2;SVIL;TAGLN;TCF12;TNNC2;TNNI1;TNNT2;TPM3;WWTR1	programme	5	0.7652233183978802
P2_O50_Earliest_20pct	TSS_ge_2	2plus_vs_1	-0.1856602415787175	-0.9849451561934586	0.6136246730360236	0.6489177567088706	1020	Earliest_20pct	2	0.5	48	43	ACSL1;ACTA1;AK1;BAG1;BIN1;CACNA1H;CDH13;CDH4;CHRNG;CKB;CNN3;CRAT;CTNNA1;ENO3;ERBB3;FDPS;GABARAPL2;HRC;ITGA7;KCNH2;KIFC3;LPIN1;MRAS;MYL6B;MYLK;MYOD1;MYOG;MYOZ1;NAV2;PFKM;PPFIA4;PVALB;SPARC;SSPN;SVIL;TAGLN;TCF3;TGFB1;TNNI1;TNNT1;TNNT2;VIPR1;WWTR1	programme	7	0.7692141924020445
P2_O50_Earliest_20pct	TSS_ge_2	3plus_vs_1	0.8178309518959332	-0.794756829263273	2.4304187330551392	0.3202207672111742	212	Earliest_20pct	2	0.5	48	43	ACSL1;ACTA1;AK1;BAG1;BIN1;CACNA1H;CDH13;CDH4;CHRNG;CKB;CNN3;CRAT;CTNNA1;ENO3;ERBB3;FDPS;GABARAPL2;HRC;ITGA7;KCNH2;KIFC3;LPIN1;MRAS;MYL6B;MYLK;MYOD1;MYOG;MYOZ1;NAV2;PFKM;PPFIA4;PVALB;SPARC;SSPN;SVIL;TAGLN;TCF3;TGFB1;TNNI1;TNNT1;TNNT2;VIPR1;WWTR1	programme	7	0.8005519180279355
P2_O50_Earliest_20pct	TSS_ge_3	2plus_vs_1	-0.2578803246241983	-1.1178078493435013	0.6020472000951047	0.5566893783974061	958	Earliest_20pct	2	0.5	48	43	ACSL1;ACTA1;AK1;BAG1;BIN1;CACNA1H;CDH13;CDH4;CHRNG;CKB;CNN3;CRAT;CTNNA1;ENO3;ERBB3;FDPS;GABARAPL2;HRC;ITGA7;KCNH2;KIFC3;LPIN1;MRAS;MYL6B;MYLK;MYOD1;MYOG;MYOZ1;NAV2;PFKM;PPFIA4;PVALB;SPARC;SSPN;SVIL;TAGLN;TCF3;TGFB1;TNNI1;TNNT1;TNNT2;VIPR1;WWTR1	programme	7	0.7571448791415569
P2_O50_Earliest_20pct	TSS_ge_3	3plus_vs_1	0.7836378280144299	-0.8914844369401884	2.4587600929690487	0.35920057673405814	201	Earliest_20pct	2	0.5	48	43	ACSL1;ACTA1;AK1;BAG1;BIN1;CACNA1H;CDH13;CDH4;CHRNG;CKB;CNN3;CRAT;CTNNA1;ENO3;ERBB3;FDPS;GABARAPL2;HRC;ITGA7;KCNH2;KIFC3;LPIN1;MRAS;MYL6B;MYLK;MYOD1;MYOG;MYOZ1;NAV2;PFKM;PPFIA4;PVALB;SPARC;SSPN;SVIL;TAGLN;TCF3;TGFB1;TNNI1;TNNT1;TNNT2;VIPR1;WWTR1	programme	7	0.7652233183978802
P2_O50_Earliest_25pct	TSS_ge_2	2plus_vs_1	-0.36239180668561244	-1.1271875977351182	0.4024039843638933	0.3530384545780981	1020	Earliest_25pct	2	0.5	58	46	ACSL1;ACTA1;AK1;AKT2;BAG1;BIN1;CACNA1H;CDH13;CDH4;CHRNG;CKB;CNN3;CRAT;CTNNA1;ENO3;ERBB3;FDPS;GABARAPL2;HRC;ITGA7;KCNH2;KIFC3;LPIN1;MRAS;MYL6B;MYLK;MYOD1;MYOG;MYOZ1;NAV2;PFKM;PPFIA4;PVALB;RYR1;SPARC;SSPN;SVIL;TAGLN;TCF3;TGFB1;TNNC1;TNNI1;TNNT1;TNNT2;VIPR1;WWTR1	programme	8	0.6582203884543955
P2_O50_Earliest_25pct	TSS_ge_2	3plus_vs_1	0.35869575034093465	-1.180106189794261	1.8974976904761303	0.6477652777786642	212	Earliest_25pct	2	0.5	58	46	ACSL1;ACTA1;AK1;AKT2;BAG1;BIN1;CACNA1H;CDH13;CDH4;CHRNG;CKB;CNN3;CRAT;CTNNA1;ENO3;ERBB3;FDPS;GABARAPL2;HRC;ITGA7;KCNH2;KIFC3;LPIN1;MRAS;MYL6B;MYLK;MYOD1;MYOG;MYOZ1;NAV2;PFKM;PPFIA4;PVALB;RYR1;SPARC;SSPN;SVIL;TAGLN;TCF3;TGFB1;TNNC1;TNNI1;TNNT1;TNNT2;VIPR1;WWTR1	programme	8	0.904583135099118
P2_O50_Earliest_25pct	TSS_ge_3	2plus_vs_1	-0.4515449239917885	-1.2780509790901047	0.37496113110652757	0.2842652955757792	958	Earliest_25pct	2	0.5	58	46	ACSL1;ACTA1;AK1;AKT2;BAG1;BIN1;CACNA1H;CDH13;CDH4;CHRNG;CKB;CNN3;CRAT;CTNNA1;ENO3;ERBB3;FDPS;GABARAPL2;HRC;ITGA7;KCNH2;KIFC3;LPIN1;MRAS;MYL6B;MYLK;MYOD1;MYOG;MYOZ1;NAV2;PFKM;PPFIA4;PVALB;RYR1;SPARC;SSPN;SVIL;TAGLN;TCF3;TGFB1;TNNC1;TNNI1;TNNT1;TNNT2;VIPR1;WWTR1	programme	8	0.5685305911515584
P2_O50_Earliest_25pct	TSS_ge_3	3plus_vs_1	0.08835037832572187	-1.50575447470501	1.6824552313564538	0.9134979805054614	201	Earliest_25pct	2	0.5	58	46	ACSL1;ACTA1;AK1;AKT2;BAG1;BIN1;CACNA1H;CDH13;CDH4;CHRNG;CKB;CNN3;CRAT;CTNNA1;ENO3;ERBB3;FDPS;GABARAPL2;HRC;ITGA7;KCNH2;KIFC3;LPIN1;MRAS;MYL6B;MYLK;MYOD1;MYOG;MYOZ1;NAV2;PFKM;PPFIA4;PVALB;RYR1;SPARC;SSPN;SVIL;TAGLN;TCF3;TGFB1;TNNC1;TNNI1;TNNT1;TNNT2;VIPR1;WWTR1	programme	8	0.9134979805054614
P2_O50_Earliest_33pct	TSS_ge_2	2plus_vs_1	-0.5620386386521403	-1.2526584357708808	0.12858115846660018	0.1107002838815199	1020	Earliest_33pct	2	0.5	76	62	ACSL1;ACTA1;ACTN2;AK1;AKT2;APP;BAG1;BIN1;CACNA1H;CASQ1;CASQ2;CDH13;CDH15;CDH4;CDON;CHRNG;CKB;CNN3;CRAT;CTNNA1;DMD;ENO3;ERBB3;FDPS;GABARAPL2;GPX3;HRC;IGFBP7;ITGA7;ITGB4;KCNH2;KIFC3;LPIN1;MEF2A;MRAS;MYL1;MYL4;MYL6B;MYLK;MYOD1;MYOG;MYOZ1;NAV2;NEO1;NOTCH1;PFKM;PPFIA4;PVALB;RYR1;SPARC;SSPN;SVIL;TAGLN;TCF3;TGFB1;TNNC1;TNNI1;TNNT1;TNNT2;TPD52L1;VIPR1;WWTR1	programme	9	0.2767507097037997
P2_O50_Earliest_33pct	TSS_ge_2	3plus_vs_1	0.1766166792005467	-1.2957371467770225	1.648970505178116	0.8141248215892063	212	Earliest_33pct	2	0.5	76	62	ACSL1;ACTA1;ACTN2;AK1;AKT2;APP;BAG1;BIN1;CACNA1H;CASQ1;CASQ2;CDH13;CDH15;CDH4;CDON;CHRNG;CKB;CNN3;CRAT;CTNNA1;DMD;ENO3;ERBB3;FDPS;GABARAPL2;GPX3;HRC;IGFBP7;ITGA7;ITGB4;KCNH2;KIFC3;LPIN1;MEF2A;MRAS;MYL1;MYL4;MYL6B;MYLK;MYOD1;MYOG;MYOZ1;NAV2;NEO1;NOTCH1;PFKM;PPFIA4;PVALB;RYR1;SPARC;SSPN;SVIL;TAGLN;TCF3;TGFB1;TNNC1;TNNI1;TNNT1;TNNT2;TPD52L1;VIPR1;WWTR1	programme	9	0.904583135099118
P2_O50_Earliest_33pct	TSS_ge_3	2plus_vs_1	-0.6730582237995301	-1.417326449812903	0.07121000221384267	0.07632174661609192	958	Earliest_33pct	2	0.5	76	62	ACSL1;ACTA1;ACTN2;AK1;AKT2;APP;BAG1;BIN1;CACNA1H;CASQ1;CASQ2;CDH13;CDH15;CDH4;CDON;CHRNG;CKB;CNN3;CRAT;CTNNA1;DMD;ENO3;ERBB3;FDPS;GABARAPL2;GPX3;HRC;IGFBP7;ITGA7;ITGB4;KCNH2;KIFC3;LPIN1;MEF2A;MRAS;MYL1;MYL4;MYL6B;MYLK;MYOD1;MYOG;MYOZ1;NAV2;NEO1;NOTCH1;PFKM;PPFIA4;PVALB;RYR1;SPARC;SSPN;SVIL;TAGLN;TCF3;TGFB1;TNNC1;TNNI1;TNNT1;TNNT2;TPD52L1;VIPR1;WWTR1	programme	9	0.24492583258974543
P2_O50_Earliest_33pct	TSS_ge_3	3plus_vs_1	-0.15968670609530305	-1.7158742122272548	1.3965008000366486	0.8406048635909471	201	Earliest_33pct	2	0.5	76	62	ACSL1;ACTA1;ACTN2;AK1;AKT2;APP;BAG1;BIN1;CACNA1H;CASQ1;CASQ2;CDH13;CDH15;CDH4;CDON;CHRNG;CKB;CNN3;CRAT;CTNNA1;DMD;ENO3;ERBB3;FDPS;GABARAPL2;GPX3;HRC;IGFBP7;ITGA7;ITGB4;KCNH2;KIFC3;LPIN1;MEF2A;MRAS;MYL1;MYL4;MYL6B;MYLK;MYOD1;MYOG;MYOZ1;NAV2;NEO1;NOTCH1;PFKM;PPFIA4;PVALB;RYR1;SPARC;SSPN;SVIL;TAGLN;TCF3;TGFB1;TNNC1;TNNI1;TNNT1;TNNT2;TPD52L1;VIPR1;WWTR1	programme	9	0.9134979805054614
P2_O50_Early_by24h	TSS_ge_2	2plus_vs_1	-0.1582183404692418	-0.7322788229187567	0.415842141980273	0.5890653872908244	1020	Early_by24h	2	0.5	191	117	ACSL1;ACTA1;ACTN2;ADAM12;AGL;AK1;AKT2;APLNR;APP;ATP2A1;BAG1;BIN1;BOC;CACNA1H;CASQ1;CASQ2;CAV3;CDH13;CDH15;CDH4;CDON;CHRNG;CKB;CKM;CNN3;COL1A1;COL4A2;CRAT;CSRP3;CTF1;CTNNA1;DAPK2;DMD;DTNA;EIF4A2;ENO3;ERBB3;FABP3;FDPS;FXYD1;GABARAPL2;GNAO1;GPX3;HBEGF;HRC;IGFBP7;ITGA7;ITGB4;ITGB5;KCNH2;KIFC3;LARGE1;LDB3;LPIN1;LSP1;MAPRE3;MB;MEF2A;MEF2B;MEF2C;MRAS;MYBPH;MYH11;MYH2;MYH3;MYL1;MYL2;MYL3;MYL4;MYL6B;MYLK;MYOD1;MYOG;MYOZ1;NAV2;NCAM1;NEO1;NOTCH1;NTN3;PFKM;PLXNB2;PPFIA4;PSEN2;PVALB;RB1;REEP1;RYR1;SCD;SGCA;SGCD;SH2B1;SIRT2;SLC6A8;SMTN;SOD3;SORBS1;SPARC;SPTAN1;SSPN;STC2;SVIL;TAGLN;TCAP;TCF3;TEAD4;TGFB1;TNNC1;TNNI1;TNNI2;TNNT1;TNNT2;TNNT3;TPD52L1;TPM3;TSC2;VIPR1;WWTR1	programme	2	0.7692141924020445
P2_O50_Early_by24h	TSS_ge_2	3plus_vs_1	0.8270645417503603	-0.45818135772386914	2.1123104412245897	0.2072186985716914	212	Early_by24h	2	0.5	191	117	ACSL1;ACTA1;ACTN2;ADAM12;AGL;AK1;AKT2;APLNR;APP;ATP2A1;BAG1;BIN1;BOC;CACNA1H;CASQ1;CASQ2;CAV3;CDH13;CDH15;CDH4;CDON;CHRNG;CKB;CKM;CNN3;COL1A1;COL4A2;CRAT;CSRP3;CTF1;CTNNA1;DAPK2;DMD;DTNA;EIF4A2;ENO3;ERBB3;FABP3;FDPS;FXYD1;GABARAPL2;GNAO1;GPX3;HBEGF;HRC;IGFBP7;ITGA7;ITGB4;ITGB5;KCNH2;KIFC3;LARGE1;LDB3;LPIN1;LSP1;MAPRE3;MB;MEF2A;MEF2B;MEF2C;MRAS;MYBPH;MYH11;MYH2;MYH3;MYL1;MYL2;MYL3;MYL4;MYL6B;MYLK;MYOD1;MYOG;MYOZ1;NAV2;NCAM1;NEO1;NOTCH1;NTN3;PFKM;PLXNB2;PPFIA4;PSEN2;PVALB;RB1;REEP1;RYR1;SCD;SGCA;SGCD;SH2B1;SIRT2;SLC6A8;SMTN;SOD3;SORBS1;SPARC;SPTAN1;SSPN;STC2;SVIL;TAGLN;TCAP;TCF3;TEAD4;TGFB1;TNNC1;TNNI1;TNNI2;TNNT1;TNNT2;TNNT3;TPD52L1;TPM3;TSC2;VIPR1;WWTR1	programme	2	0.6907289952389714
P2_O50_Early_by24h	TSS_ge_3	2plus_vs_1	-0.2397341972471124	-0.8503659687922567	0.37089757429803183	0.44160699712979024	958	Early_by24h	2	0.5	191	117	ACSL1;ACTA1;ACTN2;ADAM12;AGL;AK1;AKT2;APLNR;APP;ATP2A1;BAG1;BIN1;BOC;CACNA1H;CASQ1;CASQ2;CAV3;CDH13;CDH15;CDH4;CDON;CHRNG;CKB;CKM;CNN3;COL1A1;COL4A2;CRAT;CSRP3;CTF1;CTNNA1;DAPK2;DMD;DTNA;EIF4A2;ENO3;ERBB3;FABP3;FDPS;FXYD1;GABARAPL2;GNAO1;GPX3;HBEGF;HRC;IGFBP7;ITGA7;ITGB4;ITGB5;KCNH2;KIFC3;LARGE1;LDB3;LPIN1;LSP1;MAPRE3;MB;MEF2A;MEF2B;MEF2C;MRAS;MYBPH;MYH11;MYH2;MYH3;MYL1;MYL2;MYL3;MYL4;MYL6B;MYLK;MYOD1;MYOG;MYOZ1;NAV2;NCAM1;NEO1;NOTCH1;NTN3;PFKM;PLXNB2;PPFIA4;PSEN2;PVALB;RB1;REEP1;RYR1;SCD;SGCA;SGCD;SH2B1;SIRT2;SLC6A8;SMTN;SOD3;SORBS1;SPARC;SPTAN1;SSPN;STC2;SVIL;TAGLN;TCAP;TCF3;TEAD4;TGFB1;TNNC1;TNNI1;TNNI2;TNNT1;TNNT2;TNNT3;TPD52L1;TPM3;TSC2;VIPR1;WWTR1	programme	2	0.7360116618829837
P2_O50_Early_by24h	TSS_ge_3	3plus_vs_1	0.44996451404424	-0.878825872817814	1.7787549009062942	0.5068842365073425	201	Early_by24h	2	0.5	191	117	ACSL1;ACTA1;ACTN2;ADAM12;AGL;AK1;AKT2;APLNR;APP;ATP2A1;BAG1;BIN1;BOC;CACNA1H;CASQ1;CASQ2;CAV3;CDH13;CDH15;CDH4;CDON;CHRNG;CKB;CKM;CNN3;COL1A1;COL4A2;CRAT;CSRP3;CTF1;CTNNA1;DAPK2;DMD;DTNA;EIF4A2;ENO3;ERBB3;FABP3;FDPS;FXYD1;GABARAPL2;GNAO1;GPX3;HBEGF;HRC;IGFBP7;ITGA7;ITGB4;ITGB5;KCNH2;KIFC3;LARGE1;LDB3;LPIN1;LSP1;MAPRE3;MB;MEF2A;MEF2B;MEF2C;MRAS;MYBPH;MYH11;MYH2;MYH3;MYL1;MYL2;MYL3;MYL4;MYL6B;MYLK;MYOD1;MYOG;MYOZ1;NAV2;NCAM1;NEO1;NOTCH1;NTN3;PFKM;PLXNB2;PPFIA4;PSEN2;PVALB;RB1;REEP1;RYR1;SCD;SGCA;SGCD;SH2B1;SIRT2;SLC6A8;SMTN;SOD3;SORBS1;SPARC;SPTAN1;SSPN;STC2;SVIL;TAGLN;TCAP;TCF3;TEAD4;TGFB1;TNNC1;TNNI1;TNNI2;TNNT1;TNNT2;TNNT3;TPD52L1;TPM3;TSC2;VIPR1;WWTR1	programme	2	0.7652233183978802
P2_O50_Late_after48h	TSS_ge_2	2plus_vs_1	0.635914550057479	-2.5135073921686786	3.785336492283636	0.69229277316184	1020	Late_after48h	2	0.5	4	4	BDKRB2;BIN1;BNIP2;MEF2B	programme	4	0.7692141924020445
P2_O50_Late_after48h	TSS_ge_2	3plus_vs_1	1.4132206151965765	-6.5173893760476265	9.343830606440779	0.7268925480460778	212	Late_after48h	2	0.5	4	4	BDKRB2;BIN1;BNIP2;MEF2B	programme	4	0.904583135099118
P2_O50_Late_after48h	TSS_ge_3	2plus_vs_1	-0.5105297777873237	-3.7463502482613236	2.7252906926866767	0.7571448791415569	958	Late_after48h	2	0.5	4	4	BDKRB2;BIN1;BNIP2;MEF2B	programme	4	0.7571448791415569
P2_O50_Late_after48h	TSS_ge_3	3plus_vs_1	-2.5487375058512516	-10.613761501708977	5.5162864900064745	0.5356563228785161	201	Late_after48h	2	0.5	4	4	BDKRB2;BIN1;BNIP2;MEF2B	programme	4	0.7652233183978802
P2_O50_Low_change_profile	TSS_ge_2	2plus_vs_1	-0.42088361292381676	-0.8065445162701967	-0.03522270957743673	0.032438177778621076	1020	Low_change_profile	2	0.5	470	192	ABLIM1;ACHE;ACSL1;ACTA1;ACTC1;ACTN2;ACTN3;ADAM12;ADCY9;AEBP1;AGL;AGRN;AK1;AKT2;ANKRD2;APLNR;APP;ATP2A1;ATP6AP1;BAG1;BDKRB2;BHLHE40;BIN1;BOC;CACNA1H;CAMK2B;CASQ1;CASQ2;CAV3;CDC42;CDH13;CDH15;CDH2;CDKN1A;CFD;CHRNA1;CHRNB1;CHRNG;CKB;CKM;CKMT2;CLU;CNN3;COL15A1;COL1A1;COL3A1;COL4A2;COL6A2;COL6A3;COX7A1;CRAT;CRYAB;CTF1;CTNNA1;CTNNB1;DES;DMD;DMPK;DTNA;EFS;EIF4A2;ENO3;EPHB3;ERBB3;FABP3;FDPS;FGF2;FHL1;FKBP1B;FLII;FOXO4;FST;FXYD1;GAA;GABARAPL2;GADD45B;GJA5;GPX3;GSN;HBEGF;HDAC5;HRC;HSPB2;HSPB8;IFRD1;IGF1;IGFBP3;IGFBP7;ITGA7;ITGB1;ITGB4;ITGB5;KCNH1;KCNH2;KIFC3;LAMA2;LARGE1;LDB3;LPIN1;LSP1;MAP2K6;MAPK11;MAPK12;MAPK14;MAPRE3;MB;MEF2A;MEF2C;MEF2D;MRAS;MYBPC3;MYBPH;MYF5;MYF6;MYH1;MYH11;MYH2;MYH3;MYH4;MYH7;MYH8;MYH9;MYL2;MYL3;MYL4;MYL6B;MYL7;MYLK;MYO1C;MYOD1;MYOG;MYOM1;MYOZ1;NAV2;NCAM1;NOTCH1;OCEL1;PC;PDE4DIP;PDLIM7;PFKM;PGAM2;PICK1;PKIA;PLXNB2;PPFIA4;PPP1R3C;PSEN2;PTGIS;PTP4A3;PVALB;PYGM;RB1;REEP1;RIT1;RYR1;SCD;SCHIP1;SGCA;SGCD;SH2B1;SH3BGR;SIRT2;SLN;SMTN;SORBS1;SORBS3;SPARC;SPDEF;SPEG;SPTAN1;SSPN;SVIL;SYNGR2;TAGLN;TCAP;TCF12;TCF3;TCF4;TEAD4;TGFB1;TNNC2;TNNI1;TNNI2;TNNT1;TNNT2;TNNT3;TPD52L1;TPM2;TPM3;TSC2;WWTR1	programme	6	0.16219088889310537
P2_O50_Low_change_profile	TSS_ge_2	3plus_vs_1	-0.029060821851310294	-0.9079651323389117	0.8498434886362911	0.9483285625281463	212	Low_change_profile	2	0.5	470	192	ABLIM1;ACHE;ACSL1;ACTA1;ACTC1;ACTN2;ACTN3;ADAM12;ADCY9;AEBP1;AGL;AGRN;AK1;AKT2;ANKRD2;APLNR;APP;ATP2A1;ATP6AP1;BAG1;BDKRB2;BHLHE40;BIN1;BOC;CACNA1H;CAMK2B;CASQ1;CASQ2;CAV3;CDC42;CDH13;CDH15;CDH2;CDKN1A;CFD;CHRNA1;CHRNB1;CHRNG;CKB;CKM;CKMT2;CLU;CNN3;COL15A1;COL1A1;COL3A1;COL4A2;COL6A2;COL6A3;COX7A1;CRAT;CRYAB;CTF1;CTNNA1;CTNNB1;DES;DMD;DMPK;DTNA;EFS;EIF4A2;ENO3;EPHB3;ERBB3;FABP3;FDPS;FGF2;FHL1;FKBP1B;FLII;FOXO4;FST;FXYD1;GAA;GABARAPL2;GADD45B;GJA5;GPX3;GSN;HBEGF;HDAC5;HRC;HSPB2;HSPB8;IFRD1;IGF1;IGFBP3;IGFBP7;ITGA7;ITGB1;ITGB4;ITGB5;KCNH1;KCNH2;KIFC3;LAMA2;LARGE1;LDB3;LPIN1;LSP1;MAP2K6;MAPK11;MAPK12;MAPK14;MAPRE3;MB;MEF2A;MEF2C;MEF2D;MRAS;MYBPC3;MYBPH;MYF5;MYF6;MYH1;MYH11;MYH2;MYH3;MYH4;MYH7;MYH8;MYH9;MYL2;MYL3;MYL4;MYL6B;MYL7;MYLK;MYO1C;MYOD1;MYOG;MYOM1;MYOZ1;NAV2;NCAM1;NOTCH1;OCEL1;PC;PDE4DIP;PDLIM7;PFKM;PGAM2;PICK1;PKIA;PLXNB2;PPFIA4;PPP1R3C;PSEN2;PTGIS;PTP4A3;PVALB;PYGM;RB1;REEP1;RIT1;RYR1;SCD;SCHIP1;SGCA;SGCD;SH2B1;SH3BGR;SIRT2;SLN;SMTN;SORBS1;SORBS3;SPARC;SPDEF;SPEG;SPTAN1;SSPN;SVIL;SYNGR2;TAGLN;TCAP;TCF12;TCF3;TCF4;TEAD4;TGFB1;TNNC2;TNNI1;TNNI2;TNNT1;TNNT2;TNNT3;TPD52L1;TPM2;TPM3;TSC2;WWTR1	programme	6	0.9483285625281463
P2_O50_Low_change_profile	TSS_ge_3	2plus_vs_1	-0.3563285036399281	-0.7710843340354225	0.0584273267555664	0.09220859724059328	958	Low_change_profile	2	0.5	470	192	ABLIM1;ACHE;ACSL1;ACTA1;ACTC1;ACTN2;ACTN3;ADAM12;ADCY9;AEBP1;AGL;AGRN;AK1;AKT2;ANKRD2;APLNR;APP;ATP2A1;ATP6AP1;BAG1;BDKRB2;BHLHE40;BIN1;BOC;CACNA1H;CAMK2B;CASQ1;CASQ2;CAV3;CDC42;CDH13;CDH15;CDH2;CDKN1A;CFD;CHRNA1;CHRNB1;CHRNG;CKB;CKM;CKMT2;CLU;CNN3;COL15A1;COL1A1;COL3A1;COL4A2;COL6A2;COL6A3;COX7A1;CRAT;CRYAB;CTF1;CTNNA1;CTNNB1;DES;DMD;DMPK;DTNA;EFS;EIF4A2;ENO3;EPHB3;ERBB3;FABP3;FDPS;FGF2;FHL1;FKBP1B;FLII;FOXO4;FST;FXYD1;GAA;GABARAPL2;GADD45B;GJA5;GPX3;GSN;HBEGF;HDAC5;HRC;HSPB2;HSPB8;IFRD1;IGF1;IGFBP3;IGFBP7;ITGA7;ITGB1;ITGB4;ITGB5;KCNH1;KCNH2;KIFC3;LAMA2;LARGE1;LDB3;LPIN1;LSP1;MAP2K6;MAPK11;MAPK12;MAPK14;MAPRE3;MB;MEF2A;MEF2C;MEF2D;MRAS;MYBPC3;MYBPH;MYF5;MYF6;MYH1;MYH11;MYH2;MYH3;MYH4;MYH7;MYH8;MYH9;MYL2;MYL3;MYL4;MYL6B;MYL7;MYLK;MYO1C;MYOD1;MYOG;MYOM1;MYOZ1;NAV2;NCAM1;NOTCH1;OCEL1;PC;PDE4DIP;PDLIM7;PFKM;PGAM2;PICK1;PKIA;PLXNB2;PPFIA4;PPP1R3C;PSEN2;PTGIS;PTP4A3;PVALB;PYGM;RB1;REEP1;RIT1;RYR1;SCD;SCHIP1;SGCA;SGCD;SH2B1;SH3BGR;SIRT2;SLN;SMTN;SORBS1;SORBS3;SPARC;SPDEF;SPEG;SPTAN1;SSPN;SVIL;SYNGR2;TAGLN;TCAP;TCF12;TCF3;TCF4;TEAD4;TGFB1;TNNC2;TNNI1;TNNI2;TNNT1;TNNT2;TNNT3;TPD52L1;TPM2;TPM3;TSC2;WWTR1	programme	6	0.24492583258974543
P2_O50_Low_change_profile	TSS_ge_3	3plus_vs_1	-0.06489253318444764	-0.8926785732390674	0.762893506870172	0.8778878988960933	201	Low_change_profile	2	0.5	470	192	ABLIM1;ACHE;ACSL1;ACTA1;ACTC1;ACTN2;ACTN3;ADAM12;ADCY9;AEBP1;AGL;AGRN;AK1;AKT2;ANKRD2;APLNR;APP;ATP2A1;ATP6AP1;BAG1;BDKRB2;BHLHE40;BIN1;BOC;CACNA1H;CAMK2B;CASQ1;CASQ2;CAV3;CDC42;CDH13;CDH15;CDH2;CDKN1A;CFD;CHRNA1;CHRNB1;CHRNG;CKB;CKM;CKMT2;CLU;CNN3;COL15A1;COL1A1;COL3A1;COL4A2;COL6A2;COL6A3;COX7A1;CRAT;CRYAB;CTF1;CTNNA1;CTNNB1;DES;DMD;DMPK;DTNA;EFS;EIF4A2;ENO3;EPHB3;ERBB3;FABP3;FDPS;FGF2;FHL1;FKBP1B;FLII;FOXO4;FST;FXYD1;GAA;GABARAPL2;GADD45B;GJA5;GPX3;GSN;HBEGF;HDAC5;HRC;HSPB2;HSPB8;IFRD1;IGF1;IGFBP3;IGFBP7;ITGA7;ITGB1;ITGB4;ITGB5;KCNH1;KCNH2;KIFC3;LAMA2;LARGE1;LDB3;LPIN1;LSP1;MAP2K6;MAPK11;MAPK12;MAPK14;MAPRE3;MB;MEF2A;MEF2C;MEF2D;MRAS;MYBPC3;MYBPH;MYF5;MYF6;MYH1;MYH11;MYH2;MYH3;MYH4;MYH7;MYH8;MYH9;MYL2;MYL3;MYL4;MYL6B;MYL7;MYLK;MYO1C;MYOD1;MYOG;MYOM1;MYOZ1;NAV2;NCAM1;NOTCH1;OCEL1;PC;PDE4DIP;PDLIM7;PFKM;PGAM2;PICK1;PKIA;PLXNB2;PPFIA4;PPP1R3C;PSEN2;PTGIS;PTP4A3;PVALB;PYGM;RB1;REEP1;RIT1;RYR1;SCD;SCHIP1;SGCA;SGCD;SH2B1;SH3BGR;SIRT2;SLN;SMTN;SORBS1;SORBS3;SPARC;SPDEF;SPEG;SPTAN1;SSPN;SVIL;SYNGR2;TAGLN;TCAP;TCF12;TCF3;TCF4;TEAD4;TGFB1;TNNC2;TNNI1;TNNI2;TNNT1;TNNT2;TNNT3;TPD52L1;TPM2;TPM3;TSC2;WWTR1	programme	6	0.9134979805054614
P2_O50_Middle_24to48h	TSS_ge_2	2plus_vs_1	0.7237815952439124	-0.12362520257235415	1.5711883930601789	0.09412436550429908	1020	Middle_24to48h	2	0.5	34	30	AK1;ANKRD2;APOD;CACNA1H;CAMK2B;CASQ1;COL15A1;ENO3;HRC;ITGB1;LARGE1;LDB3;MEF2B;MRAS;MYH2;MYH3;MYL7;MYO1C;MYOM1;PSEN2;PVALB;RB1;REEP1;RIT1;RYR1;SLC6A8;SVIL;TNNC1;TNNT2;TPD52L1	programme	3	0.2767507097037997
P2_O50_Middle_24to48h	TSS_ge_2	3plus_vs_1	1.8882313569143265	-0.13066979116599514	3.907132504994648	0.06678639320933212	212	Middle_24to48h	2	0.5	34	30	AK1;ANKRD2;APOD;CACNA1H;CAMK2B;CASQ1;COL15A1;ENO3;HRC;ITGB1;LARGE1;LDB3;MEF2B;MRAS;MYH2;MYH3;MYL7;MYO1C;MYOM1;PSEN2;PVALB;RB1;REEP1;RIT1;RYR1;SLC6A8;SVIL;TNNC1;TNNT2;TPD52L1	programme	3	0.5896623638863457
P2_O50_Middle_24to48h	TSS_ge_3	2plus_vs_1	0.7350596507130988	-0.1355670146976507	1.6056863161238482	0.09797033303589818	958	Middle_24to48h	2	0.5	34	30	AK1;ANKRD2;APOD;CACNA1H;CAMK2B;CASQ1;COL15A1;ENO3;HRC;ITGB1;LARGE1;LDB3;MEF2B;MRAS;MYH2;MYH3;MYL7;MYO1C;MYOM1;PSEN2;PVALB;RB1;REEP1;RIT1;RYR1;SLC6A8;SVIL;TNNC1;TNNT2;TPD52L1	programme	3	0.24492583258974543
P2_O50_Middle_24to48h	TSS_ge_3	3plus_vs_1	2.062637980268524	-0.04940737138732568	4.174683331924374	0.055605556088585535	201	Middle_24to48h	2	0.5	34	30	AK1;ANKRD2;APOD;CACNA1H;CAMK2B;CASQ1;COL15A1;ENO3;HRC;ITGB1;LARGE1;LDB3;MEF2B;MRAS;MYH2;MYH3;MYL7;MYO1C;MYOM1;PSEN2;PVALB;RB1;REEP1;RIT1;RYR1;SLC6A8;SVIL;TNNC1;TNNT2;TPD52L1	programme	3	0.5560555608858553
