gsm	barcode	nucleosome_free	mononucleosomal	nucleosome_signal
GSM6339597	AAACAGCCAACTAGCC-1	16451	12208	0.7420825481733633
GSM6339597	AAACAGCCACAAAGAC-1	36164	41768	1.1549607344320318
GSM6339597	AAACAGCCAGGCATCT-1	16556	10382	0.6270838366755255
GSM6339597	AAACAGCCAGGCTGTT-1	27884	19600	0.7029120642662459
GSM6339597	AAACAGCCATTGCGGT-1	4850	3083	0.6356701030927835
GSM6339597	AAACATGCAACTAACT-1	3598	2885	0.80183435241801
GSM6339597	AAACATGCAATACTGT-1	9447	8020	0.8489467555837832
GSM6339597	AAACATGCAGCAAGAT-1	11298	9569	0.8469640644361834
GSM6339597	AAACATGCAGGATGGC-1	7923	6316	0.7971727880853212
GSM6339597	AAACATGCAGTAGGAT-1	4173	2723	0.6525281572010544
GSM6339597	AAACATGCATCTAGCA-1	8123	6429	0.7914563584882433
GSM6339597	AAACATGCATTATGCG-1	14061	10689	0.7601877533603585
GSM6339597	AAACCAACAATAATCC-1	12795	7536	0.5889800703399766
GSM6339597	AAACCAACATGCTTAG-1	22327	15651	0.7009898329376988
GSM6339597	AAACCGAAGCGGATAA-1	9912	6725	0.6784705407586763
GSM6339597	AAACCGAAGTAACGAG-1	14851	12257	0.8253316274998317
GSM6339597	AAACCGCGTAACAGGG-1	7355	4337	0.5896668932698844
GSM6339597	AAACCGCGTAATGACT-1	9943	6859	0.6898320426430655
GSM6339597	AAACCGCGTCATCCTG-1	8982	5895	0.656312625250501
GSM6339597	AAACCGCGTCCTTCAG-1	6518	5053	0.7752378030070574
GSM6339597	AAACCGCGTGTTTCAC-1	22193	15807	0.7122516108682918
GSM6339597	AAACCGGCAAACGGGC-1	23291	18647	0.800609677557855
GSM6339597	AAACCGGCAATGAGGT-1	16047	12939	0.8063189381192746
GSM6339597	AAACGCGCACCTCACC-1	9354	6879	0.7354073123797306
GSM6339597	AAACGCGCACCTCAGG-1	893	530	0.593505039193729
GSM6339597	AAACGCGCAGCTACGT-1	3311	2372	0.7163998791905769
GSM6339597	AAACGCGCAGCTTAAT-1	12683	9747	0.7685090278325317
GSM6339597	AAACGCGCAGTGAACG-1	8435	4698	0.5569650266745703
GSM6339597	AAACGCGCATAGACCC-1	11008	8755	0.7953306686046512
GSM6339597	AAACGCGCATGAAATG-1	1414	985	0.6966053748231966
GSM6339597	AAACGGATCAGCAAAG-1	28162	25968	0.9220936013067254
GSM6339597	AAACGGATCATGAAGG-1	16107	10849	0.6735580803377413
GSM6339597	AAACGGATCCTGATTT-1	5118	3281	0.6410707307542008
GSM6339597	AAACGGATCGCATTAA-1	18406	11879	0.6453873736824949
GSM6339597	AAACGGATCTAGCGAT-1	10687	8819	0.8252081968747076
GSM6339597	AAAGCAAGTGTTTCAC-1	2644	1920	0.7261724659606656
GSM6339597	AAAGCAAGTTCCGGGA-1	425	195	0.4588235294117647
GSM6339597	AAAGCAAGTTTACGTC-1	1939	1454	0.7498710675605983
GSM6339597	AAAGCACCACTTCACT-1	563	357	0.6341030195381883
GSM6339597	AAAGCACCAGTAAAGC-1	12182	8882	0.7291085207683468
GSM6339597	AAAGCACCAGTTGCGT-1	543	393	0.7237569060773481
GSM6339597	AAAGCACCATTAAACC-1	21122	14583	0.6904175740933624
GSM6339597	AAAGCCCGTAAGGTTT-1	5901	4208	0.713099474665311
GSM6339597	AAAGCCCGTGCATCGG-1	1816	1230	0.6773127753303965
GSM6339597	AAAGCCCGTGTGCACG-1	17332	12667	0.7308446803600277
GSM6339597	AAAGCCCGTTTATGGG-1	10865	6970	0.6415094339622641
GSM6339597	AAAGCCGCAGTCTAGC-1	973	848	0.8715313463514902
GSM6339597	AAAGCGGGTGTCCTGC-1	2970	2390	0.8047138047138047
GSM6339597	AAAGCGGGTGTGCAAC-1	4685	3409	0.7276414087513341
GSM6339597	AAAGCGGGTTTGTGGA-1	18357	16198	0.8823881897913602
GSM6339597	AAAGCTTGTCATCAAG-1	847	406	0.4793388429752066
GSM6339597	AAAGCTTGTTTGGCGG-1	4844	3504	0.7233691164327003
GSM6339597	AAAGGACGTCGCGCAA-1	1582	916	0.5790139064475348
GSM6339597	AAAGGACGTTAGGATT-1	4913	3263	0.6641563199674333
GSM6339597	AAAGGACGTTGCGTAA-1	558	403	0.7222222222222222
GSM6339597	AAAGGAGCAAAGCCTC-1	869	693	0.7974683544303798
GSM6339597	AAAGGAGCAATAATGG-1	15506	14903	0.9611118276796079
GSM6339597	AAAGGAGCACCTCGCT-1	15086	11326	0.7507622961686332
GSM6339597	AAAGGAGCATTCCTCG-1	6067	4655	0.7672655348607219
GSM6339597	AAAGGCTCAACCTAAT-1	10771	8507	0.7898059604493547
GSM6339597	AAAGGCTCAAGTGTCC-1	10615	8668	0.816580310880829
GSM6339597	AAAGGCTCAGAACCGA-1	14116	12559	0.8896996316236895
GSM6339597	AAAGGCTCAGGCCTTG-1	2416	1723	0.7131622516556292
GSM6339597	AAAGGCTCATGTCAAT-1	11235	8196	0.7295060080106809
GSM6339597	AAAGGCTCATTTAAGC-1	3887	2393	0.6156418832004116
GSM6339597	AAAGGTTAGACACCGC-1	2366	1253	0.5295857988165681
GSM6339597	AAAGGTTAGCTCGCTT-1	19656	19349	0.9843813593813594
GSM6339597	AAAGGTTAGCTTAGTA-1	19940	15791	0.791925777331996
GSM6339597	AAATCCGGTAGCTGGT-1	12074	8376	0.6937220473745238
GSM6339597	AAATCCGGTCATTGTC-1	33490	29355	0.8765303075544939
GSM6339597	AAATCCGGTGAATCGC-1	19616	15087	0.7691170473083198
GSM6339597	AAATCCGGTGGACCTG-1	17575	12596	0.7166998577524893
GSM6339597	AAATCCGGTTTGCGCC-1	10036	8242	0.8212435233160622
GSM6339597	AAATGCCTCAAACACC-1	19775	17148	0.8671554993678887
GSM6339597	AAATGCCTCAAGCCTG-1	9881	7014	0.7098471814593664
GSM6339597	AAATGCCTCAGTATTG-1	451	377	0.835920177383592
GSM6339597	AAATGCCTCCCGTTTA-1	12061	9756	0.8088881518945361
GSM6339597	AAATGGCCAGGTTATT-1	17289	12063	0.6977268783619642
GSM6339597	AAATGGCCATCGCTTT-1	8041	6219	0.7734112672553165
GSM6339597	AAATGGCCATCTAGCA-1	10108	8289	0.8200435298773249
GSM6339597	AAATGGCCATGCAACC-1	13167	9497	0.721272879167616
GSM6339597	AACAAAGGTAGCCTAA-1	876	551	0.6289954337899544
GSM6339597	AACAAAGGTGGTTCCC-1	1306	754	0.5773353751914242
GSM6339597	AACAAAGGTTAGTTGG-1	1703	1747	1.025836758661186
GSM6339597	AACAAAGGTTTATCGC-1	13082	10131	0.7744228711206238
GSM6339597	AACAAGCCAGCCTGCA-1	14845	12531	0.8441226002020883
GSM6339597	AACAAGCCAGCTAATT-1	1107	839	0.7579042457091237
GSM6339597	AACAAGCCATTGTCCT-1	15886	11646	0.733098325569684
GSM6339597	AACAGATAGTGAAGTG-1	2865	1815	0.6335078534031413
GSM6339597	AACAGCAAGATAACCC-1	7707	5809	0.7537303749837809
GSM6339597	AACAGCAAGCCTGACA-1	9581	7084	0.7393800229621125
GSM6339597	AACAGCAAGGCCTGGT-1	4785	3317	0.6932079414838036
GSM6339597	AACAGGATCGCTTGCT-1	18781	17200	0.915819178957457
GSM6339597	AACAGGATCTTGATGA-1	4151	3799	0.915201156347868
GSM6339597	AACATAGCAATGAATG-1	20923	17942	0.8575252114897481
GSM6339597	AACATAGCAGAAATTG-1	22595	18867	0.8350077450763443
GSM6339597	AACATAGCATAGCGAG-1	12528	8623	0.6882982120051085
GSM6339597	AACATAGCATATTGAC-1	17526	14217	0.8111947963026361
GSM6339597	AACATAGCATGAGTTT-1	12180	9646	0.7919540229885057
GSM6339597	AACATAGCATGGCCTG-1	4516	3380	0.7484499557130204
GSM6339597	AACATAGCATTGACAT-1	14844	14123	0.9514281864726489
GSM6339597	AACATCATCAGCACGC-1	2036	1504	0.7387033398821218
GSM6339597	AACATCATCATGCCTC-1	2282	1368	0.5994741454864154
GSM6339597	AACATCATCGCATCCT-1	2326	1918	0.8245915735167669
GSM6339597	AACATCATCGCCTGTT-1	7392	5233	0.7079274891774892
GSM6339597	AACATCATCGTCCTTA-1	1247	821	0.6583801122694467
GSM6339597	AACATTGTCAGGTTTA-1	786	552	0.7022900763358778
GSM6339597	AACATTGTCATAACTG-1	1907	1747	0.9160985841636078
GSM6339597	AACATTGTCATGAAGG-1	3683	2554	0.6934564213956014
GSM6339597	AACATTGTCATGCATA-1	6585	4686	0.7116173120728929
GSM6339597	AACATTGTCATTACGA-1	385	251	0.6519480519480519
GSM6339597	AACATTGTCCGGTATG-1	11602	9621	0.829253576969488
GSM6339597	AACATTGTCGATCAGT-1	9613	7787	0.8100488921252471
GSM6339597	AACATTGTCGCGCTAA-1	12451	8919	0.7163280057826681
GSM6339597	AACATTGTCGGTAACT-1	4036	2533	0.627601585728444
GSM6339597	AACCCGCAGGCTTAGT-1	7464	5935	0.795150053590568
GSM6339597	AACCCGCAGTTGGATC-1	3098	1987	0.6413815364751453
GSM6339597	AACCCGCAGTTTGCGG-1	11169	11849	1.060882800608828
GSM6339597	AACCGCTCAAAGGTAC-1	9970	7333	0.7355065195586761
GSM6339597	AACCGCTCAACTAACT-1	23553	21018	0.892370398675328
GSM6339597	AACCGGCTCAAGCTAC-1	13646	8945	0.6555034442327422
GSM6339597	AACCGGCTCACCATTT-1	12511	9920	0.7929022460234993
GSM6339597	AACCGGCTCACTCAAA-1	12459	10976	0.8809695802231319
GSM6339597	AACCGGCTCCATCAGG-1	15103	10709	0.7090644242865656
GSM6339597	AACCGGCTCCGCCTAT-1	14203	13460	0.9476871083573892
GSM6339597	AACCGGCTCCGGTATG-1	13471	12454	0.9245044911290922
GSM6339597	AACCGGCTCTAAATCG-1	9497	7046	0.7419185005791302
GSM6339597	AACCGGCTCTAACTGA-1	1549	1428	0.921885087153002
GSM6339597	AACCGGCTCTCCTCTT-1	5886	3411	0.5795107033639144
GSM6339597	AACCTAATCAGGCCTA-1	19572	14544	0.7431023911710607
GSM6339597	AACCTAATCCTCCATA-1	19617	17900	0.9124738747005149
GSM6339597	AACCTAATCGTGCCTT-1	16418	15218	0.9269094895846023
GSM6339597	AACCTAATCTGTGAGT-1	1017	800	0.7866273352999017
GSM6339597	AACCTCACAAACCCTA-1	9955	7621	0.7655449522852837
GSM6339597	AACCTCACAGGGAGGA-1	14921	13165	0.8823135178607332
GSM6339597	AACCTCACAGTAGGTG-1	12093	9009	0.7449764326469859
GSM6339597	AACCTCCTCCTAATGA-1	12579	8367	0.6651562127355116
GSM6339597	AACCTCCTCTCACTAT-1	12390	9568	0.7722356739305892
GSM6339597	AACCTTAAGATACTTG-1	545	540	0.9908256880733946
GSM6339597	AACCTTAAGCAGCTAT-1	2908	1946	0.6691884456671252
GSM6339597	AACCTTAAGCTCAATA-1	9908	8257	0.833366976180864
GSM6339597	AACCTTAAGGGACTAA-1	13835	11980	0.8659197687025659
GSM6339597	AACCTTGCAACTGGGA-1	5599	3712	0.662975531344883
GSM6339597	AACCTTGCACTAAGCC-1	2603	1966	0.7552823665001921
GSM6339597	AACCTTGCAGGCTGTT-1	14765	11724	0.7940399593633592
GSM6339597	AACCTTGCATAACGGG-1	6950	3927	0.5650359712230216
GSM6339597	AACGACAAGAACCTGT-1	17891	20292	1.134201553853893
GSM6339597	AACGACAAGCGCTAAT-1	2888	2380	0.8240997229916898
GSM6339597	AACGACAAGGTGAAAT-1	10636	7407	0.6964084242196315
GSM6339597	AACGACAAGTCATTAG-1	6765	4398	0.6501108647450111
GSM6339597	AACGACAAGTCGCTAG-1	8679	6342	0.7307293466989284
GSM6339597	AACGACAAGTTGGCCA-1	6101	3805	0.623668251106376
GSM6339597	AACGCCCAGCTAATCA-1	8759	6526	0.7450622217148076
GSM6339597	AACGCCCAGCTATATG-1	7644	4390	0.5743066457352172
GSM6339597	AACGCCCAGTAGCGGG-1	7039	6456	0.9171757351896577
GSM6339597	AACGCCCAGTTGCCTC-1	558	385	0.6899641577060932
GSM6339597	AACGCTAGTAGTAAGA-1	2359	1789	0.758372191606613
GSM6339597	AACGCTAGTCACACCC-1	10412	8256	0.7929312331924703
GSM6339597	AACGCTAGTCCCGGAA-1	1290	880	0.6821705426356589
GSM6339597	AACGCTAGTGAGGTAG-1	8059	5598	0.6946271249534681
GSM6339597	AACGGTAAGCCGCAAC-1	10622	9855	0.9277913763886274
GSM6339597	AACGGTAAGTTAGCCG-1	5846	4411	0.7545330140266849
GSM6339597	AACTACTCAACGTGCT-1	8624	5793	0.6717300556586271
GSM6339597	AACTAGCTCAAAGGCA-1	14388	11749	0.8165832638309702
GSM6339597	AACTAGCTCAAGCGCC-1	13513	11780	0.8717531266188115
GSM6339597	AACTAGCTCACGCCAA-1	11792	9842	0.8346336499321574
GSM6339597	AACTAGCTCATCCACC-1	19923	14018	0.7036088942428349
GSM6339597	AACTAGCTCCACCCTG-1	9612	5794	0.6027881814398668
GSM6339597	AACTAGCTCTAATCAG-1	760	641	0.843421052631579
GSM6339597	AACTAGTGTACAATGT-1	12365	9120	0.7375657096643753
GSM6339597	AACTAGTGTAGCCATA-1	16310	11217	0.6877375843041079
GSM6339597	AACTAGTGTTACTAGG-1	4561	3345	0.7333918000438501
GSM6339597	AACTAGTGTTTATTCG-1	9550	5975	0.6256544502617801
GSM6339597	AACTCACAGAATCTCA-1	20063	14239	0.7097143996411305
GSM6339597	AACTGTTCAGGAATCG-1	25333	19170	0.7567204831642521
GSM6339597	AACTGTTCAGGATAAC-1	7006	4716	0.6731373108763916
GSM6339597	AACTGTTCATATTGAC-1	2495	1669	0.668937875751503
GSM6339597	AACTGTTCATCGCTTT-1	2678	1655	0.6179985063480209
GSM6339597	AACTTAGTCCAAACAC-1	729	445	0.6104252400548696
GSM6339597	AACTTAGTCCCGTTGT-1	19892	14094	0.7085260406193444
GSM6339597	AACTTAGTCGTGCCTT-1	29436	22242	0.7556053811659192
GSM6339597	AAGAACAGTCCTAAGA-1	19658	13576	0.6906094211008241
GSM6339597	AAGAACAGTGATTTGG-1	727	584	0.8033012379642366
GSM6339597	AAGAACAGTTAGAGCC-1	3815	2399	0.6288335517693315
GSM6339597	AAGAACAGTTGCCTCA-1	1506	973	0.6460823373173971
GSM6339597	AAGAATCAGCTGAGGG-1	16888	12080	0.7153008053055424
GSM6339597	AAGAATCAGTAACGGA-1	5094	3991	0.7834707499018453
GSM6339597	AAGAATCAGTCATTTC-1	14190	11944	0.8417195207892882
GSM6339597	AAGAATCAGTTTAACG-1	6828	4733	0.6931751611013474
GSM6339597	AAGACAAGTACTTCAC-1	3595	2641	0.7346314325452017
GSM6339597	AAGACAAGTGTGTGGT-1	4577	3135	0.6849464714878741
GSM6339597	AAGACATAGGCTAATC-1	14790	13697	0.9260987153482082
GSM6339597	AAGACATAGTTATGTG-1	22170	21233	0.9577356788452864
GSM6339597	AAGACCAAGCTGTACG-1	1850	1388	0.7502702702702703
GSM6339597	AAGACCAAGCTTGCTC-1	11140	7922	0.7111310592459605
GSM6339597	AAGACCAAGGCTAGAA-1	6488	4600	0.7090012330456227
GSM6339597	AAGACCAAGTTAGTGC-1	3667	2906	0.7924734115080447
GSM6339597	AAGCAAGTCAATCTCT-1	9181	5523	0.6015684565951421
GSM6339597	AAGCAAGTCAATTACG-1	35288	25231	0.7150022670596237
GSM6339597	AAGCAAGTCCACCCTG-1	15754	9867	0.6263171258093183
GSM6339597	AAGCAAGTCCGGCTAA-1	11558	8556	0.7402664820903271
GSM6339597	AAGCAAGTCGTTCACC-1	3741	2858	0.7639668537824111
GSM6339597	AAGCAAGTCTTGCTAT-1	9863	6641	0.6733245462840921
GSM6339597	AAGCATGAGGTACCGC-1	11184	8474	0.757689556509299
GSM6339597	AAGCATGAGTCATCCC-1	8584	5184	0.6039142590866728
GSM6339597	AAGCATGAGTTGTCCC-1	15168	11810	0.7786128691983122
GSM6339597	AAGCCACGTCCGTAGG-1	3597	2715	0.7547956630525438
GSM6339597	AAGCCACGTGAAGCCT-1	13423	11616	0.8653803173657155
GSM6339597	AAGCCACGTTTAACCC-1	7271	6108	0.8400495117590427
GSM6339597	AAGCCTCCAAGGTGCA-1	9206	7614	0.8270693026287204
GSM6339597	AAGCCTCCACTGGCCA-1	19391	14947	0.7708215151358878
GSM6339597	AAGCCTCCATCCAGGT-1	10003	7070	0.7067879636109167
GSM6339597	AAGCCTGTCATGAGCT-1	8785	5657	0.643938531587934
GSM6339597	AAGCCTGTCCTAATAG-1	15930	10913	0.6850596359070935
GSM6339597	AAGCCTTAGACTTACA-1	10803	6814	0.6307507173933167
GSM6339597	AAGCCTTAGAGGATAT-1	3550	1835	0.5169014084507042
GSM6339597	AAGCGAATCATTTGTC-1	3036	1987	0.6544795783926218
GSM6339597	AAGCGAATCGTTAGCG-1	21466	16580	0.772384235535265
GSM6339597	AAGCGAATCTGTGAGT-1	29339	24500	0.8350659531681379
GSM6339597	AAGCGAGGTCAAGTAT-1	4345	2735	0.6294591484464902
GSM6339597	AAGCGAGGTCACAAAT-1	7833	5587	0.7132643942295417
GSM6339597	AAGCGAGGTTACAACG-1	3763	2865	0.7613606165293648
GSM6339597	AAGCGAGGTTTAAAGC-1	12685	11991	0.9452897122585732
GSM6339597	AAGCGAGGTTTACTTG-1	16684	11303	0.6774754255574202
GSM6339597	AAGCGCTGTCACCTAT-1	15766	11646	0.7386781682100723
GSM6339597	AAGCGCTGTGCAATGC-1	16553	12179	0.7357578686642905
GSM6339597	AAGCGCTGTGTTAAAC-1	8563	5906	0.6897115496905291
GSM6339597	AAGCGCTGTTGGTTAG-1	5282	3526	0.6675501703900037
GSM6339597	AAGCGGGTCAAGTGTC-1	8505	6629	0.7794238683127572
GSM6339597	AAGCGGGTCAATCTCT-1	10218	9195	0.8998825601879037
GSM6339597	AAGCGGGTCAATGTGC-1	9508	6526	0.6863693731594447
GSM6339597	AAGCGGGTCCCAGTAG-1	7072	5948	0.8410633484162896
GSM6339597	AAGCGGGTCCTAAGGT-1	7273	6410	0.8813419496768872
GSM6339597	AAGCGGGTCGTGCCTT-1	11494	9026	0.7852792761440752
GSM6339597	AAGCGGGTCTCACAAA-1	10402	9373	0.9010767160161507
GSM6339597	AAGCGGGTCTGGCATG-1	10666	8623	0.8084567785486593
GSM6339597	AAGCGTTTCAACAAGG-1	13923	10424	0.7486892192774546
GSM6339597	AAGCGTTTCAGTGAAG-1	13278	10754	0.809911131194457
GSM6339597	AAGCGTTTCCACCCTG-1	4496	3484	0.7749110320284698
GSM6339597	AAGCGTTTCCGTAAAC-1	2324	1952	0.8399311531841652
GSM6339597	AAGCTAGAGGCGCACT-1	14003	11472	0.8192530172105977
GSM6339597	AAGCTAGAGGTCCTAG-1	8987	7332	0.8158451096027596
GSM6339597	AAGCTATGTAGACAAA-1	31335	25633	0.8180309558002234
GSM6339597	AAGCTATGTTAGTGAT-1	13138	8499	0.6469021159993911
GSM6339597	AAGCTCCCAATTAAGG-1	9993	6727	0.6731712198538977
GSM6339597	AAGCTCCCACCATATG-1	15063	13028	0.8649007501825665
GSM6339597	AAGCTCCCAGCAAGGC-1	3776	2155	0.5707097457627118
GSM6339597	AAGCTCCCAGCTCAAC-1	2349	1566	0.6666666666666666
GSM6339597	AAGCTCCCATGTTGGC-1	11550	9227	0.7988744588744588
GSM6339597	AAGCTTGGTCCCGAAG-1	8116	4941	0.6087974371611631
GSM6339597	AAGCTTGGTGACATAT-1	4874	3062	0.6282314320886335
GSM6339597	AAGCTTGGTGATTTGG-1	11029	7313	0.6630700879499501
GSM6339597	AAGCTTGGTGTTTGTC-1	19926	20853	1.0465221318879856
GSM6339597	AAGCTTGGTTGCCTCA-1	4464	3212	0.7195340501792115
GSM6339597	AAGGAAGCAGCTTAAT-1	2454	1687	0.6874490627546862
GSM6339597	AAGGATCCACTTGTTC-1	4664	3282	0.7036878216123499
GSM6339597	AAGGATCCAGAAATGC-1	32902	25970	0.7893137195307276
GSM6339597	AAGGATGTCCACCTTA-1	5738	3709	0.646392471244336
GSM6339597	AAGGATGTCCGGCTAA-1	13610	12415	0.9121969140337987
GSM6339597	AAGGATGTCGTTATAG-1	14127	12662	0.8962978693282367
GSM6339597	AAGGATGTCTCCTCAA-1	1306	1513	1.1584992343032159
GSM6339597	AAGGATTAGATGGACA-1	29594	29903	1.0104413056700683
GSM6339597	AAGGATTAGCCTCTCG-1	6161	4684	0.7602661905534815
GSM6339597	AAGGATTAGCTGTCAG-1	13833	9058	0.6548109593002241
GSM6339597	AAGGATTAGGCGCACT-1	885	510	0.576271186440678
GSM6339597	AAGGATTAGGCTCATG-1	547	359	0.6563071297989032
GSM6339597	AAGGATTAGGTCCTGA-1	28547	23552	0.8250253967141906
GSM6339597	AAGGATTAGTCACTAA-1	25041	21162	0.8450940457649455
GSM6339597	AAGGCCCTCAAGTGTC-1	1454	1140	0.7840440165061898
GSM6339597	AAGGCCCTCCCTCAGT-1	18504	13773	0.744325551232166
GSM6339597	AAGGCCCTCTGTGCAG-1	1669	1414	0.8472139005392451
GSM6339597	AAGGCCCTCTTGATGA-1	8084	5027	0.621845620979713
GSM6339597	AAGGCCCTCTTGTTCG-1	17338	12926	0.7455300496020302
GSM6339597	AAGGTATAGACACCGC-1	6558	3761	0.5734980176883197
GSM6339597	AAGGTATAGAGAGGAG-1	12826	10611	0.8273039139248402
GSM6339597	AAGGTATAGGTAACGA-1	19738	14190	0.7189178234876887
GSM6339597	AAGGTATAGTGAACAG-1	12933	9118	0.7050181705714065
GSM6339597	AAGGTATAGTTCCTGC-1	22929	18492	0.8064895983252649
GSM6339597	AAGGTCAAGCATGCAT-1	11538	9847	0.8534408042988386
GSM6339597	AAGGTCAAGCGATACT-1	3945	2697	0.6836501901140685
GSM6339597	AAGGTCAAGCGGTTAT-1	10707	7647	0.7142056598486971
GSM6339597	AAGGTCAAGGTCCTGA-1	18256	16864	0.9237510955302366
GSM6339597	AAGGTGCAGGATCCGC-1	7604	6100	0.8022093634928985
GSM6339597	AAGTAGCCACAATGCC-1	13441	10960	0.8154155196785954
GSM6339597	AAGTAGCCACATAACT-1	10322	7243	0.701705095911645
GSM6339597	AAGTAGCCACGGTTTA-1	7873	3960	0.5029848850501715
GSM6339597	AAGTAGCCAGACAAAC-1	17054	12115	0.7103905242171924
GSM6339597	AAGTCTATCAGGCTAT-1	619	450	0.7269789983844911
GSM6339597	AAGTCTATCATTCATC-1	485	421	0.8680412371134021
GSM6339597	AAGTCTATCCCTGATC-1	9841	6785	0.6894624530027437
GSM6339597	AAGTCTATCCCTGGAA-1	719	602	0.8372739916550765
GSM6339597	AAGTCTATCGGTCAAT-1	30310	24951	0.823193665456945
GSM6339597	AAGTGAAGTAGCTAAT-1	861	540	0.627177700348432
GSM6339597	AAGTGAAGTCCGGTTC-1	9985	7313	0.7323985978968452
GSM6339597	AAGTGAAGTCGTTACT-1	1523	875	0.5745239658568615
GSM6339597	AAGTGAAGTTAGCAGC-1	7430	5877	0.7909825033647375
GSM6339597	AAGTGAAGTTAGGACC-1	27251	21566	0.7913838024292686
GSM6339597	AAGTGAAGTTGTTGGA-1	7589	4756	0.6266965344577679
GSM6339597	AAGTGCAAGAATGACG-1	13853	11197	0.8082725763372555
GSM6339597	AAGTGCAAGCAATAGG-1	5423	3254	0.6000368799557441
GSM6339597	AAGTGCAAGCACTAAC-1	29191	23921	0.8194649035661676
GSM6339597	AAGTGCAAGCCGGTAC-1	12534	9208	0.7346417743737035
GSM6339597	AAGTGCAAGGATCCGC-1	578	449	0.7768166089965398
GSM6339597	AAGTGCAAGTTTGCGG-1	4333	2653	0.6122778675282714
GSM6339597	AAGTGTTGTCCAAGAC-1	7889	5312	0.6733426289770567
GSM6339597	AAGTGTTGTGATGAGG-1	10188	6409	0.6290734197094621
GSM6339597	AAGTGTTGTGCGCAAT-1	14705	10093	0.6863651819109147
GSM6339597	AAGTGTTGTTAAGCCA-1	22613	18683	0.8262061645955866
GSM6339597	AAGTGTTGTTAGTTGG-1	18399	12049	0.6548725474210555
GSM6339597	AAGTTACGTAAAGCAA-1	1506	1117	0.7416998671978752
GSM6339597	AAGTTACGTACCCACC-1	1285	914	0.711284046692607
GSM6339597	AAGTTACGTAGCTGGT-1	8438	6080	0.7205498933396539
GSM6339597	AAGTTACGTGCATTTC-1	20723	17208	0.8303817014910968
GSM6339597	AAGTTACGTGCTTAGA-1	5305	4441	0.8371347785108388
GSM6339597	AAGTTACGTGGTTATG-1	6826	4729	0.6927922648696162
GSM6339597	AAGTTACGTGTCCTGC-1	7370	7139	0.9686567164179104
GSM6339597	AAGTTACGTTACAAAC-1	10378	7178	0.6916554249373675
GSM6339597	AAGTTACGTTCCGGCT-1	7097	4541	0.6398478230238129
GSM6339597	AAGTTACGTTGAAGCC-1	16099	12366	0.768122243617616
GSM6339597	AAGTTACGTTGCGGAT-1	14057	9913	0.7052002561001636
GSM6339597	AAGTTAGCACATGCTA-1	7949	5059	0.6364322556296389
GSM6339597	AAGTTAGCAGCTTAGC-1	16404	11005	0.670872957815167
GSM6339597	AAGTTAGCAGGAACTG-1	10134	8268	0.8158673771462404
GSM6339597	AAGTTAGCATAATGTC-1	2567	2047	0.7974289053369692
GSM6339597	AAGTTAGCATAGACCC-1	27237	25184	0.9246245915482616
GSM6339597	AAGTTAGCATAGCTGC-1	4715	2481	0.5261930010604454
GSM6339597	AAGTTAGCATGAAATG-1	14950	11773	0.7874916387959866
GSM6339597	AAGTTAGCATGAGTTT-1	26197	18911	0.7218765507500858
GSM6339597	AAGTTTGTCATTGTCT-1	14924	11163	0.7479898150629858
GSM6339597	AAGTTTGTCCCTCTAA-1	9649	5966	0.618302414758006
GSM6339597	AAGTTTGTCGCCTGTT-1	3840	3208	0.8354166666666667
GSM6339597	AAGTTTGTCGGTCAGC-1	8406	6326	0.7525576968831786
GSM6339597	AATACCGGTCAAGTAT-1	4984	3345	0.6711476725521669
GSM6339597	AATACCGGTCCCGGAA-1	17242	14232	0.8254262846537525
GSM6339597	AATACCGGTGAGGTGA-1	26827	24624	0.9178812390502106
GSM6339597	AATACCGGTGATGGCT-1	1905	1433	0.7522309711286089
GSM6339597	AATACCGGTGCGCGTA-1	9207	7320	0.7950472466601499
GSM6339597	AATACCGGTTGTCATC-1	820	486	0.5926829268292683
GSM6339597	AATACCGGTTTAGCTC-1	2241	1632	0.7282463186077643
GSM6339597	AATAGAGGTAACTACG-1	22022	15969	0.7251384978657706
GSM6339597	AATAGAGGTTCGGTAA-1	6148	3933	0.6397202342225113
GSM6339597	AATAGCTGTAACCACA-1	20866	17595	0.8432378031247004
GSM6339597	AATAGCTGTAACGTGC-1	10075	6710	0.6660049627791563
GSM6339597	AATAGCTGTGACATAT-1	3247	2224	0.6849399445642131
GSM6339597	AATAGCTGTGCTTTAC-1	14218	12114	0.8520185680123786
GSM6339597	AATAGCTGTGGACCTG-1	15042	13851	0.9208216992421221
GSM6339597	AATAGCTGTGTCCAAA-1	12081	9914	0.8206274315040145
GSM6339597	AATAGCTGTTAACGGC-1	10461	7916	0.756715419175987
GSM6339597	AATAGCTGTTTACGTC-1	14273	10275	0.7198907027254257
GSM6339597	AATATCCCAAACGCGA-1	11494	8366	0.7278580128762833
GSM6339597	AATATCCCAGCACGTT-1	8061	5959	0.7392383079022454
GSM6339597	AATATCCCAGCATGGA-1	2158	1426	0.6607970342910102
GSM6339597	AATATCCCAGGCTACT-1	27472	26416	0.9615608619685498
GSM6339597	AATCAGGAGACAGGCG-1	22791	16206	0.7110701592733973
GSM6339597	AATCAGGAGCATGGTT-1	12283	8406	0.6843604982496133
GSM6339597	AATCAGGAGCATGTTA-1	7535	4743	0.6294625082946251
GSM6339597	AATCAGGAGCCTGTGA-1	21136	20459	0.9679693414080243
GSM6339597	AATCAGGAGCTGGCTA-1	11332	8109	0.7155841863748676
GSM6339597	AATCAGGAGGATTTGC-1	500	271	0.542
GSM6339597	AATCAGGAGGTTAGCT-1	13305	9519	0.715445321307779
GSM6339597	AATCAGGAGTAGGCGG-1	8936	5587	0.6252238137869293
GSM6339597	AATCATCCAAACCTTG-1	14636	11052	0.7551243509155507
GSM6339597	AATCATCCACCTATAG-1	23306	16353	0.7016648073457479
GSM6339597	AATCATCCAGCAGGTA-1	6970	4974	0.7136298421807747
GSM6339597	AATCATCCAGTGAACG-1	12138	9439	0.7776404679518867
GSM6339597	AATCATCCAGTTATCG-1	7743	5857	0.7564251582074132
GSM6339597	AATCATCCATAATCGT-1	4823	3049	0.6321791416131038
GSM6339597	AATCATCCATTAGGTT-1	3255	2026	0.6224270353302611
GSM6339597	AATCATGTCACAAGCT-1	4050	2375	0.5864197530864198
GSM6339597	AATCATGTCACGCCAA-1	10264	6652	0.6480904130943103
GSM6339597	AATCATGTCCCATAAA-1	16974	11610	0.6839872746553552
GSM6339597	AATCATGTCGGTAACT-1	9396	7220	0.7684120902511707
GSM6339597	AATCATGTCTTGCTAT-1	18153	13794	0.7598744009254669
GSM6339597	AATCCATCAAAGCTCC-1	1300	773	0.5946153846153847
GSM6339597	AATCCATCAAATGCCC-1	27018	21897	0.8104596935376416
GSM6339597	AATCCATCAACTAGGG-1	26782	21577	0.8056530505563438
GSM6339597	AATCCATCAATAGCAA-1	10095	7982	0.7906884596334819
GSM6339597	AATCCATCAGGCCTTG-1	3450	2315	0.6710144927536232
GSM6339597	AATCCCTGTAAGCTCA-1	6526	4176	0.6399019307385841
GSM6339597	AATCCCTGTATTGAGT-1	19459	18133	0.9318567243948815
GSM6339597	AATCCCTGTGCCTCAC-1	5142	3768	0.7327887981330222
GSM6339597	AATCCCTGTTTAAAGC-1	27260	18083	0.6633528980190756
GSM6339597	AATCCCTGTTTAGCGA-1	11350	8804	0.7756828193832599
GSM6339597	AATCCGTAGAGCAAGC-1	1287	856	0.6651126651126651
GSM6339597	AATCCGTAGGCCGGAA-1	15919	12937	0.8126766756705823
GSM6339597	AATCCGTAGGGACTAA-1	8624	5986	0.6941094619666048
GSM6339597	AATCCGTAGGTTTGAC-1	18190	15287	0.8404068169323804
GSM6339597	AATCCGTAGTAACCAC-1	5366	3085	0.5749161386507641
GSM6339597	AATCCGTAGTAGCGGG-1	819	601	0.7338217338217338
GSM6339597	AATCCTAAGGTCAAAG-1	3511	2249	0.6405582455140986
GSM6339597	AATCCTAAGTAAGGGC-1	2890	2415	0.8356401384083045
GSM6339597	AATCCTAAGTAAGTGG-1	5618	3572	0.6358134567461731
GSM6339597	AATCGCCCAAACGGGC-1	9551	7483	0.7834781698251492
GSM6339597	AATCGCCCAGGCATCT-1	9745	6466	0.6635197537198564
GSM6339597	AATCGCCCAGGCGATA-1	6887	4765	0.6918832583127632
GSM6339597	AATCGCCCATAGCTTG-1	5910	4832	0.8175972927241962
GSM6339597	AATCGCCCATTGGGAG-1	2932	1933	0.6592769440654843
GSM6339597	AATCTCAAGCTTACTT-1	10587	8420	0.7953150089732691
GSM6339597	AATCTCAAGGAGGTTA-1	9701	7834	0.8075456138542418
GSM6339597	AATCTCAAGGCTGGCT-1	12410	9265	0.7465753424657534
GSM6339597	AATCTCAAGTCACGAT-1	10329	8681	0.840449220640914
GSM6339597	AATCTCAAGTGAGCAA-1	30471	36093	1.1845032982179777
GSM6339597	AATCTTGAGAGGAGGA-1	4658	2828	0.6071275225418634
GSM6339597	AATCTTGAGCCTGGTA-1	19300	12490	0.6471502590673575
GSM6339597	AATCTTGAGTCACTAA-1	7406	4830	0.6521739130434783
GSM6339597	AATCTTGAGTCTTGAA-1	4052	3307	0.8161401776900297
GSM6339597	AATGAAGGTAGTTGGC-1	7431	5487	0.7383932176019379
GSM6339597	AATGAAGGTGCATCGG-1	4279	3174	0.741762093947184
GSM6339597	AATGAAGGTTGGTTAG-1	7875	6258	0.7946666666666666
GSM6339597	AATGCAACATAAACCT-1	11164	9044	0.8101039054102472
GSM6339597	AATGCAACATCGCTCC-1	1968	1245	0.6326219512195121
GSM6339597	AATGCATGTGCATTTC-1	9649	6461	0.6696030676754068
GSM6339597	AATGCATGTGCCTCAC-1	5649	3968	0.7024252080014162
GSM6339597	AATGCATGTTGTTCAC-1	2830	1644	0.5809187279151944
GSM6339597	AATGCGCGTAAAGCAA-1	854	544	0.6370023419203747
GSM6339597	AATGCGCGTGAAACAA-1	15452	12962	0.838855811545431
GSM6339597	AATGCGCGTGCTAGCG-1	10677	7625	0.7141519153320222
GSM6339597	AATGCGCGTTGTAAAC-1	10255	8870	0.8649439297903462
GSM6339597	AATGGCGCAACAGCCT-1	3967	3130	0.7890093269473154
GSM6339597	AATGGCGCAAGGAATC-1	3683	2801	0.7605213141460766
GSM6339597	AATGGCGCACGGTTTA-1	13289	10378	0.7809466476032809
GSM6339597	AATGGCGCACTTAGGC-1	1253	794	0.6336791699920191
GSM6339597	AATGTCATCGGTCATG-1	658	531	0.8069908814589666
GSM6339597	AATGTCATCTCAATTC-1	3010	2327	0.7730897009966777
GSM6339597	AATGTCCAGCCTCTCG-1	24097	16572	0.6877204631281902
GSM6339597	AATGTCCAGCCTTAAA-1	11346	8304	0.7318878900052882
GSM6339597	AATGTCCAGCTGTACG-1	10948	9484	0.866276945560833
GSM6339597	AATGTCCAGTAAGTCC-1	1218	918	0.7536945812807881
GSM6339597	AATGTCCAGTGACCTG-1	10275	7097	0.690705596107056
GSM6339597	AATGTCCAGTTAGTGC-1	3488	2360	0.676605504587156
GSM6339597	AATGTCCAGTTGTCTT-1	11032	7801	0.7071247280638143
GSM6339597	AATTACCCACAAAGAC-1	15072	12946	0.858943736730361
GSM6339597	AATTACCCACCTGGTG-1	7981	6345	0.7950131562460845
GSM6339597	AATTACCCAGGTCCTG-1	14980	12499	0.8343791722296395
GSM6339597	AATTAGCGTAATCACG-1	3218	2492	0.7743940335612182
GSM6339597	AATTAGCGTAATGACT-1	18567	14318	0.7711531211288846
GSM6339597	AATTAGCGTAGCCATA-1	10077	6783	0.6731169991068771
GSM6339597	AATTAGCGTTGAGCCG-1	12482	9708	0.7777599743630829
GSM6339597	AATTAGGCAATTGACT-1	6675	6054	0.9069662921348315
GSM6339597	AATTAGGCACGAATTT-1	1553	1157	0.7450096587250483
GSM6339597	AATTCGTCAATATACC-1	11595	9546	0.8232858990944373
GSM6339597	AATTCGTCAATTAGCT-1	2088	1580	0.7567049808429118
GSM6339597	AATTCGTCACCTCGCT-1	6138	4100	0.6679700228087325
GSM6339597	AATTCGTCACTTCACT-1	12753	9062	0.7105779032384537
GSM6339597	AATTCGTCATCGTTCT-1	18873	16227	0.8597997138769671
GSM6339597	AATTGACGTCCAAATG-1	705	479	0.6794326241134752
GSM6339597	AATTGACGTCGTTATC-1	1234	879	0.7123176661264181
GSM6339597	AATTGACGTGTAATAC-1	22369	14610	0.6531360364790558
GSM6339597	AATTGACGTGTCACGG-1	18367	13297	0.7239614526052158
GSM6339597	AATTGACGTTCCAGGG-1	6403	4394	0.6862408246134625
GSM6339597	AATTGACGTTGTCCAT-1	1272	836	0.6572327044025157
GSM6339597	AATTGCCAGCACAGCC-1	6489	4332	0.6675913083680074
GSM6339597	AATTGCCAGCAGGTTT-1	1389	1043	0.7508999280057596
GSM6339597	AATTGCCAGCCTGGTA-1	6049	4348	0.7187964952884774
GSM6339597	AATTGCCAGCGCCTTT-1	24410	16983	0.6957394510446538
GSM6339597	AATTGCCAGGACCTTG-1	7524	5513	0.7327219564061669
GSM6339597	AATTGCTCAATGCCTA-1	14769	13089	0.8862482226284786
GSM6339597	AATTGGACAACTAACT-1	29282	22474	0.7675022197937299
GSM6339597	AATTGGACAATAACGA-1	6499	4409	0.6784120633943683
GSM6339597	AATTGGACATAACGGG-1	15879	11194	0.7049562315007242
GSM6339597	AATTGGACATTGTGAT-1	7694	5254	0.6828697686508968
GSM6339597	AATTGGGAGGACAATG-1	5641	3959	0.7018259173905336
GSM6339597	AATTGGGAGGGTCCAC-1	11849	9586	0.8090134188539118
GSM6339597	AATTGGGAGGTGCGGA-1	2001	1227	0.6131934032983508
GSM6339597	AATTGGGAGTGAGAGC-1	22142	16866	0.7617198085087165
GSM6339597	AATTGGGAGTTAGTGC-1	5745	4342	0.7557876414273281
GSM6339597	AATTGTGTCATGCTTT-1	3859	3141	0.813941435605079
GSM6339597	AATTGTGTCATTGTTC-1	52839	28670	0.5425916463218456
GSM6339597	AATTGTGTCCAAACAC-1	9394	8464	0.9010006387055567
GSM6339597	AATTGTGTCCTTTACG-1	2823	1937	0.6861494863620262
GSM6339597	AATTTCCTCCAAGTGT-1	7898	5362	0.6789060521651051
GSM6339597	AATTTCCTCCCTGTTA-1	16675	14123	0.8469565217391304
GSM6339597	AATTTCCTCGGGCCAT-1	29342	18519	0.6311430713652785
GSM6339597	AATTTGCCAAGCCAGA-1	30531	32774	1.073466312927844
GSM6339597	AATTTGGTCGCTCACT-1	3407	2613	0.7669503962430291
GSM6339597	AATTTGGTCGTACCGA-1	26414	19659	0.7442644052396457
GSM6339597	AATTTGGTCGTTATAG-1	17763	16102	0.9064910206609244
GSM6339597	ACAAACTGTAATAGCT-1	31148	23004	0.7385385899576217
GSM6339597	ACAAACTGTTAGCTGA-1	6589	4911	0.7453331309758688
GSM6339597	ACAAACTGTTTATGGG-1	3312	2399	0.7243357487922706
GSM6339597	ACAAAGGTCATGCATA-1	9625	8187	0.8505974025974026
GSM6339597	ACAAAGGTCCTCACTA-1	11996	8848	0.7375791930643548
GSM6339597	ACAACAACACCTGCTC-1	9705	7012	0.7225141679546625
GSM6339597	ACAACAACAGTTATCG-1	27074	22253	0.8219324813474181
GSM6339597	ACAACACTCAGGCTAT-1	5370	4586	0.8540037243947859
GSM6339597	ACAACACTCGTGCCTT-1	12471	9322	0.7474941865127095
GSM6339597	ACAACACTCTAACTGA-1	4233	2852	0.6737538388849516
GSM6339597	ACAACAGAGAGGATAT-1	9749	6310	0.6472458713714228
GSM6339597	ACAACAGAGATACTTG-1	1213	876	0.7221764220939819
GSM6339597	ACAACAGAGCAAGACA-1	30938	24265	0.7843105565970651
GSM6339597	ACAACAGAGCTGTCAG-1	5082	2992	0.5887445887445888
GSM6339597	ACAACAGAGGCATTAC-1	12964	10110	0.7798518975624807
GSM6339597	ACAACATGTAGCCTCC-1	866	656	0.7575057736720554
GSM6339597	ACAACATGTGGGTACT-1	2106	1466	0.6961063627730294
GSM6339597	ACAACATGTTGAAGCC-1	528	325	0.615530303030303
GSM6339597	ACAACATGTTGCACGG-1	5724	4565	0.7975192173305381
GSM6339597	ACACAATGTAATGACT-1	23060	17390	0.7541196877710321
GSM6339597	ACACAATGTGAAGCCT-1	3029	2185	0.7213601848794982
GSM6339597	ACACAATGTTTACTTG-1	10894	7587	0.6964384064622728
GSM6339597	ACACCTTGTAAGCACC-1	10281	8036	0.781636027623772
GSM6339597	ACACCTTGTGAAACAA-1	21962	17780	0.8095801839541026
GSM6339597	ACACCTTGTGATTACG-1	12565	8511	0.677357739753283
GSM6339597	ACACCTTGTTTAAAGC-1	27992	22204	0.7932266361817663
GSM6339597	ACACGGACAAGCTTAT-1	1478	894	0.6048714479025711
GSM6339597	ACACGGACACCTGCCT-1	18815	16363	0.8696784480467712
GSM6339597	ACACGGACATTGTTGG-1	1923	1112	0.578263130525221
GSM6339597	ACACTAATCAAGCTTA-1	8273	6568	0.7939078931463798
GSM6339597	ACACTAATCCATCAGG-1	6363	4492	0.705956309916706
GSM6339597	ACACTAGGTGTGTCCC-1	24706	19050	0.7710677568202056
GSM6339597	ACACTTAAGCTGTACG-1	16263	12985	0.7984381725388919
GSM6339597	ACACTTAAGGCAATAG-1	2913	1828	0.6275317542052866
GSM6339597	ACACTTAAGGCCATCA-1	24856	20389	0.8202848406823302
GSM6339597	ACACTTAAGTGAAGTG-1	2045	1446	0.7070904645476772
GSM6339597	ACACTTGCAAACTGTT-1	10013	9248	0.9235993208828522
GSM6339597	ACACTTGCAGGCCAAA-1	25055	22458	0.8963480343244862
GSM6339597	ACACTTGCAGGTTCAC-1	18833	14677	0.7793235278500504
GSM6339597	ACACTTGCATCGTTCT-1	7629	5650	0.7405950976536899
GSM6339597	ACAGCCGGTCATGAGC-1	9420	7217	0.766135881104034
GSM6339597	ACAGCGCTCAGAAACG-1	6585	5293	0.8037965072133637
GSM6339597	ACAGCGCTCTAATCCT-1	15572	12737	0.8179424608271256
GSM6339597	ACAGGAATCCTAGTTT-1	37439	28839	0.770293009962873
GSM6339597	ACAGGAATCCTTCGTA-1	4749	3682	0.7753211202358391
GSM6339597	ACAGGAATCGGTCATG-1	8263	5457	0.6604138932591068
GSM6339597	ACAGGATCAACAGGTG-1	11739	9510	0.8101201124456938
GSM6339597	ACAGGATCATTAGGTT-1	18721	12840	0.685860798034293
GSM6339597	ACAGGATCATTTAAGC-1	7503	4662	0.6213514594162335
GSM6339597	ACAGGCTGTATTTGCC-1	4559	3392	0.7440228120201798
GSM6339597	ACAGGCTGTCCAAATG-1	1198	901	0.7520868113522537
GSM6339597	ACAGGCTGTGATGGCT-1	15541	12434	0.8000772151084229
GSM6339597	ACAGGCTGTGCATTTC-1	12738	10491	0.8235986811116345
GSM6339597	ACAGGCTGTGCTTAGA-1	965	682	0.7067357512953368
GSM6339597	ACAGGCTGTTAACAGT-1	23873	21553	0.9028190843211997
GSM6339597	ACAGGTAAGCTGTACG-1	20728	19361	0.9340505596294867
GSM6339597	ACAGTATGTAGCCTCC-1	9812	8806	0.8974724826742764
GSM6339597	ACAGTATGTTACTTCA-1	9212	6342	0.6884498480243161
GSM6339597	ACAGTATGTTCTTTAG-1	9887	6586	0.666127237786993
GSM6339597	ACATAGCTCAATCATG-1	2631	1658	0.6301786393006461
GSM6339597	ACATAGCTCATGACCG-1	28329	25926	0.9151752620989092
GSM6339597	ACATCAATCACAGGAA-1	6026	4019	0.6669432459342848
GSM6339597	ACATCAATCCGCATGA-1	5347	4887	0.9139704507200299
GSM6339597	ACATCAATCGATCAGT-1	6708	4333	0.6459451401311866
GSM6339597	ACATCATCAAACGGGC-1	12605	8256	0.6549781832606109
GSM6339597	ACATCATCAAGGACCA-1	25673	19800	0.7712382658824446
GSM6339597	ACATCATCAGGAAGCC-1	5894	3675	0.6235154394299287
GSM6339597	ACATCATCATGCAACC-1	14471	10098	0.6978094119273028
GSM6339597	ACATCATCATGCTCCC-1	4187	3056	0.729878194411273
GSM6339597	ACATCATCATTAAAGG-1	4210	3534	0.8394299287410927
GSM6339597	ACATTAGTCCCTGGAA-1	8517	6286	0.738053305154397
GSM6339597	ACATTAGTCCTCCCTC-1	3424	2447	0.7146612149532711
GSM6339597	ACATTAGTCCTTTACG-1	37507	30153	0.8039299330791586
GSM6339597	ACATTAGTCGCTAGTG-1	14972	12015	0.8024979962596848
GSM6339597	ACATTAGTCTCGCCTG-1	16680	12148	0.7282973621103117
GSM6339597	ACATTGCAGCGATAAG-1	14648	12867	0.878413435281267
GSM6339597	ACATTGCAGCTGTCAG-1	18944	18129	0.9569784628378378
GSM6339597	ACATTGCAGGCGCTTA-1	2116	1496	0.7069943289224953
GSM6339597	ACATTGCAGGGTGAAC-1	3928	2510	0.6390020366598778
GSM6339597	ACCAAACTCCGGTATG-1	1782	1251	0.702020202020202
GSM6339597	ACCAAACTCTAAATCG-1	7013	4688	0.6684728361614145
GSM6339597	ACCAAACTCTCCATAT-1	968	752	0.7768595041322314
GSM6339597	ACCAAGCGTATTGTGG-1	7276	5654	0.7770753161077515
GSM6339597	ACCAAGCGTTAAATGC-1	1372	823	0.5998542274052479
GSM6339597	ACCAAGCGTTTGAGCA-1	16815	12178	0.7242343146000595
GSM6339597	ACCAAGCGTTTGTGGA-1	12022	7875	0.65504907669273
GSM6339597	ACCAAGTTCAATGTGC-1	13115	8979	0.6846359130766299
GSM6339597	ACCAAGTTCATAACCA-1	4529	3838	0.8474276882313977
GSM6339597	ACCAAGTTCATAACGC-1	2100	1220	0.580952380952381
GSM6339597	ACCAAGTTCATGAAGG-1	12137	11141	0.9179368872044162
GSM6339597	ACCAAGTTCCCGTTAC-1	13665	10304	0.7540431759970728
GSM6339597	ACCAAGTTCCTAGTTT-1	17860	15162	0.8489361702127659
GSM6339597	ACCAAGTTCTCAATGA-1	12375	10600	0.8565656565656565
GSM6339597	ACCAAGTTCTCACATT-1	16219	14005	0.8634934336272273
GSM6339597	ACCAATATCACTAATG-1	1912	1330	0.6956066945606695
GSM6339597	ACCAATATCAGCATTA-1	12619	10194	0.8078294635074095
GSM6339597	ACCAATATCATAGCCG-1	9544	6563	0.6876571668063705
GSM6339597	ACCAATATCATGCTAA-1	2846	1918	0.673928320449754
GSM6339597	ACCAATATCATTACAG-1	2769	2020	0.7295052365474901
GSM6339597	ACCAATATCCACCCTG-1	6592	4586	0.6956917475728155
GSM6339597	ACCAATATCCCTGATC-1	6927	4158	0.6002598527501083
GSM6339597	ACCAATATCGAGGTGG-1	8746	6945	0.7940772924765607
GSM6339597	ACCACACCAACTAACT-1	28410	22206	0.7816261879619852
GSM6339597	ACCACACCACCACAAC-1	3565	2018	0.5660589060308555
GSM6339597	ACCACACCACCAGCAT-1	11857	10352	0.8730707598886733
GSM6339597	ACCACACCAGGCTTCG-1	6462	4502	0.6966883317858248
GSM6339597	ACCACATAGCAAGGAC-1	18877	14818	0.7849764263389309
GSM6339597	ACCACATAGGCATTAC-1	2217	1457	0.6571944068561119
GSM6339597	ACCACATAGGTAAGGC-1	3766	2203	0.5849707912904939
GSM6339597	ACCACATAGTATCGCG-1	7354	5846	0.7949415284199075
GSM6339597	ACCACATAGTGAGCAA-1	8741	5839	0.6680013728406361
GSM6339597	ACCAGCTCAAGCTAAA-1	13691	9029	0.6594843327733547
GSM6339597	ACCAGCTCACAAAGAC-1	5081	3654	0.719149773666601
GSM6339597	ACCAGCTCACATAACT-1	8820	8755	0.9926303854875284
GSM6339597	ACCAGCTCATGCTTAG-1	12636	9622	0.7614751503640392
GSM6339597	ACCAGCTCATTAAAGG-1	13233	14988	1.132622987984584
GSM6339597	ACCAGGACAAGCCAGA-1	1317	1118	0.8488990129081245
GSM6339597	ACCAGGACAATAGTCT-1	16360	14414	0.8810513447432763
GSM6339597	ACCAGGACAGGACCAA-1	8448	6625	0.7842092803030303
GSM6339597	ACCAGGACATGGTTAT-1	9418	5349	0.5679549798258654
GSM6339597	ACCAGGCTCAGCTAAC-1	12590	9514	0.7556791104050834
GSM6339597	ACCAGGCTCCCGCATT-1	6784	4496	0.6627358490566038
GSM6339597	ACCAGGCTCCCGTTTA-1	4795	2710	0.5651720542231491
GSM6339597	ACCAGGCTCCCTCAAC-1	16457	11816	0.7179923436835389
GSM6339597	ACCAGGCTCCCTCGCA-1	6121	4166	0.6806077438327071
GSM6339597	ACCAGGCTCCTGTTCA-1	8593	6328	0.736413359711393
GSM6339597	ACCAGGCTCTAGCTTT-1	3404	2429	0.713572267920094
GSM6339597	ACCAGGGAGCATGACT-1	8533	5975	0.7002226649478496
GSM6339597	ACCAGGGAGCTTCTCA-1	13081	13702	1.0474734347526948
GSM6339597	ACCAGGGAGGCAAGTA-1	21470	16996	0.791616208663251
GSM6339597	ACCAGGGAGGCACAGG-1	16240	13663	0.8413177339901478
GSM6339597	ACCAGGGAGGCCAATT-1	5742	4565	0.7950191570881227
GSM6339597	ACCAGGGAGGCGCACT-1	3364	1821	0.5413198573127229
GSM6339597	ACCAGGGAGGGTCTAT-1	15164	12588	0.830123977842258
GSM6339597	ACCAGGGAGTCAGGCC-1	6969	5974	0.8572248529200747
GSM6339597	ACCATAATCATTTGCT-1	16701	14845	0.8888689300041913
GSM6339597	ACCATAATCCTGGCTT-1	13086	10054	0.7683020021396912
GSM6339597	ACCATAATCGGTTAGT-1	17607	13986	0.7943431589708638
GSM6339597	ACCATTAAGAAGCTAG-1	5588	4254	0.7612741589119542
GSM6339597	ACCATTAAGGAACGCG-1	2515	1597	0.6349900596421472
GSM6339597	ACCATTAAGGAAGCTA-1	1171	757	0.6464560204953032
GSM6339597	ACCATTAAGGCCTAAT-1	3702	2950	0.7968665586169638
GSM6339597	ACCATTAAGTCATTAG-1	6717	4957	0.7379782641059996
GSM6339597	ACCCAACCACAGAAAC-1	13078	12255	0.9370698883621349
GSM6339597	ACCCAACCAGCCTGCA-1	5929	3782	0.63788159892056
GSM6339597	ACCCAACCATTAGCGC-1	3304	2191	0.663135593220339
GSM6339597	ACCCAGGGTTACTAGG-1	9801	8051	0.8214467911437608
GSM6339597	ACCCAGGGTTAGGCGT-1	13513	10391	0.7689632206023829
GSM6339597	ACCCGCTGTGAATCGC-1	9433	6327	0.6707304145022792
GSM6339597	ACCCGCTGTGCATCGG-1	990	654	0.6606060606060606
GSM6339597	ACCCGCTGTGGACATC-1	838	641	0.7649164677804295
GSM6339597	ACCCGCTGTTATAGCG-1	5199	3553	0.6834006539719176
GSM6339597	ACCCGGTAGCCTGGTA-1	7692	5957	0.7744409776391056
GSM6339597	ACCCGGTAGGGCCACT-1	2254	1712	0.7595385980479148
GSM6339597	ACCCGGTAGTTCCCAC-1	6869	4867	0.7085456398311254
GSM6339597	ACCCGTAAGGAAGCTA-1	6298	4318	0.6856144807875516
GSM6339597	ACCCGTAAGGCGGATG-1	11537	8274	0.717170841639941
GSM6339597	ACCCGTAAGGGTCTAT-1	10512	9721	0.9247526636225266
GSM6339597	ACCCGTAAGTCACGAT-1	2211	1447	0.6544549977385798
GSM6339597	ACCCTCCCAAAGCTAA-1	3978	3182	0.7998994469582705
GSM6339597	ACCCTCCCAGTGAACG-1	10208	8755	0.85766065830721
GSM6339597	ACCCTGTTCAGGAACA-1	10457	7900	0.7554748015683275
GSM6339597	ACCCTGTTCCTTAGTT-1	16994	14469	0.8514181475814994
GSM6339597	ACCCTGTTCTTGCTAT-1	15877	14465	0.9110663223530894
GSM6339597	ACCGAAGCAATCATGT-1	15691	13805	0.8798037091326238
GSM6339597	ACCGAAGCACCTAATG-1	35520	30685	0.8638795045045045
GSM6339597	ACCGAAGCAGCTTACA-1	25941	22900	0.8827724451640261
GSM6339597	ACCGAAGCAGGCATGA-1	5769	4155	0.7202288091523661
GSM6339597	ACCGAAGCATGCATAT-1	11874	10802	0.909718713154792
GSM6339597	ACCGCAATCATGCTTT-1	2370	1924	0.8118143459915612
GSM6339597	ACCGCAATCATTGCGG-1	11287	10177	0.9016567732789935
GSM6339597	ACCGCAATCCCGCATT-1	16215	13167	0.8120259019426457
GSM6339597	ACCGCAATCGGTTTCC-1	16599	12919	0.7782998975841918
GSM6339597	ACCGGCTAGGCAACAA-1	3701	2292	0.6192920832207511
GSM6339597	ACCGGCTAGTAGAGGC-1	1823	1272	0.6977509599561162
GSM6339597	ACCTAAATCAGCAAAG-1	15569	10081	0.6475046566895755
GSM6339597	ACCTAAATCCTACCTA-1	5999	3737	0.6229371561926987
GSM6339597	ACCTAAGGTAATCACG-1	679	380	0.5596465390279823
GSM6339597	ACCTAAGGTATGGTGC-1	18172	16109	0.8864736957957297
GSM6339597	ACCTAAGGTCACTCGC-1	520	336	0.6461538461538462
GSM6339597	ACCTAAGGTGGTGAGA-1	7151	4695	0.65655153125437
GSM6339597	ACCTAAGGTTCACCCA-1	17278	16340	0.9457113091793031
GSM6339597	ACCTAAGGTTGTGATG-1	10831	8281	0.7645646754685624
GSM6339597	ACCTACCTCCGCAACA-1	7508	6247	0.8320458177943527
GSM6339597	ACCTACCTCTTGACCC-1	3721	2809	0.7549045955388336
GSM6339597	ACCTCACTCATGTCAA-1	7890	5525	0.7002534854245881
GSM6339597	ACCTCACTCCCTGATC-1	11135	8840	0.7938931297709924
GSM6339597	ACCTGGATCAGGGCCT-1	11765	9032	0.767700807479813
GSM6339597	ACCTGGATCCGCAAGC-1	22107	17755	0.8031392771520333
GSM6339597	ACCTGGATCTGTGCAG-1	1491	1231	0.8256203890006707
GSM6339597	ACCTGGATCTTTGAGA-1	23539	16983	0.7214834954755937
GSM6339597	ACCTGGTCAACTAGCC-1	7421	5149	0.693841800296456
GSM6339597	ACCTGGTCAATAATCC-1	5652	4224	0.7473460721868365
GSM6339597	ACCTGGTCACCAGGTT-1	1220	872	0.7147540983606557
GSM6339597	ACCTGGTCAGGAAGCC-1	6020	4317	0.717109634551495
GSM6339597	ACCTGGTCATGAATAG-1	12286	7738	0.6298225622659939
GSM6339597	ACCTGGTCATTTGCTC-1	7220	5236	0.725207756232687
GSM6339597	ACCTGTTGTTGTTGTC-1	10877	7341	0.674910361312862
GSM6339597	ACCTTCATCATAGCCG-1	14345	12550	0.874869292436389
GSM6339597	ACCTTCATCATGCAAC-1	8361	5919	0.707929673484033
GSM6339597	ACCTTCATCCGCTAGA-1	15646	9659	0.6173462865908219
GSM6339597	ACCTTCATCCTCGATC-1	17428	14337	0.8226417259582282
GSM6339597	ACCTTCATCCTGCGAA-1	1212	766	0.6320132013201321
GSM6339597	ACCTTCATCGCCTAAG-1	4376	3468	0.7925045703839122
GSM6339597	ACCTTCCAGGAAGCAC-1	16396	12824	0.7821419858502073
GSM6339597	ACCTTCCAGGACCTGC-1	14031	9443	0.6730097640937923
GSM6339597	ACCTTGCTCAGGTCCA-1	8369	5885	0.7031903453220217
GSM6339597	ACCTTGCTCCGCAAGC-1	17633	15340	0.8699597345885556
GSM6339597	ACCTTGCTCGCTTGCT-1	22626	20676	0.9138159639352956
GSM6339597	ACCTTGTGTAATGGAA-1	1229	867	0.7054515866558178
GSM6339597	ACCTTGTGTATTTGCC-1	10594	7591	0.7165376628280159
GSM6339597	ACGAACAAGTCACCTC-1	2090	1378	0.6593301435406699
GSM6339597	ACGAACAAGTCATTTC-1	19557	16270	0.8319271871964002
GSM6339597	ACGAACAAGTTGCGTG-1	4956	2787	0.5623486682808717
GSM6339597	ACGAAGTCAAACATAG-1	3326	2794	0.8400481058328322
GSM6339597	ACGAAGTCAAGCTTAT-1	2255	1556	0.6900221729490023
GSM6339597	ACGAAGTCAATACTGT-1	12008	8357	0.6959526982011992
GSM6339597	ACGAAGTCATCCTGAA-1	10838	6034	0.5567447868610444
GSM6339597	ACGAATCTCATGCTCC-1	5294	3946	0.7453721193804307
GSM6339597	ACGAATCTCCCAGTAG-1	8640	6194	0.7168981481481481
GSM6339597	ACGAATCTCCCGAACA-1	10417	8473	0.8133819717769032
GSM6339597	ACGAATCTCGGTCAGC-1	7638	5354	0.700968840010474
GSM6339597	ACGAATCTCTAAGTGC-1	9855	7832	0.7947234906139016
GSM6339597	ACGAATCTCTTGAGGT-1	11949	8878	0.7429910452757553
GSM6339597	ACGACAAAGAAACTGG-1	11984	12349	1.0304572763684914
GSM6339597	ACGACAAAGCATGGTT-1	17220	13472	0.7823461091753775
GSM6339597	ACGACAAAGGATTGCT-1	4418	2678	0.606156631960163
GSM6339597	ACGACAAAGGCATGAA-1	10626	7248	0.6821005081874647
GSM6339597	ACGACAAAGGTCGAGG-1	17167	14704	0.8565270577270344
GSM6339597	ACGACAAAGTAGCTTA-1	13256	11748	0.8862401931200966
GSM6339597	ACGACAAAGTTAGACC-1	7251	5340	0.7364501448076127
GSM6339597	ACGACAAAGTTTAACG-1	12788	8420	0.658429777916797
GSM6339597	ACGACTTAGAATGACG-1	3649	2386	0.6538777747328035
GSM6339597	ACGACTTAGACAACGA-1	14807	10369	0.7002768960626731
GSM6339597	ACGACTTAGAGGGACT-1	5455	3466	0.6353803849679194
GSM6339597	ACGACTTAGCCGCAGT-1	12115	9504	0.7844820470491126
GSM6339597	ACGACTTAGGTGTTAC-1	9237	6739	0.7295658763667857
GSM6339597	ACGACTTAGTGTGATC-1	11637	8822	0.7580991664518346
GSM6339597	ACGACTTAGTTATGGC-1	9042	6855	0.7581287325812873
GSM6339597	ACGAGTAAGCAGCTCA-1	4947	3716	0.7511623205983424
GSM6339597	ACGAGTAAGCCTCTCG-1	11440	7765	0.6787587412587412
GSM6339597	ACGAGTAAGGACTTAC-1	9985	7852	0.7863795693540311
GSM6339597	ACGAGTAAGGCGCATC-1	1118	839	0.7504472271914132
GSM6339597	ACGAGTAAGGGTGGAT-1	17510	10939	0.6247287264420331
GSM6339597	ACGATTCAGCAAGGAC-1	7228	4198	0.5807969009407858
GSM6339597	ACGATTCAGCACGATT-1	9263	7660	0.8269459138508043
GSM6339597	ACGATTCAGCGATACT-1	18710	12767	0.6823623730625334
GSM6339597	ACGATTCAGTAAAGGT-1	11833	8421	0.7116538494042086
GSM6339597	ACGATTCAGTTAGTTG-1	1969	1465	0.7440325038090401
GSM6339597	ACGCAAGCAAAGCCTC-1	4445	3068	0.6902137232845894
GSM6339597	ACGCAAGCAACCTGGT-1	5811	3870	0.6659783169850284
GSM6339597	ACGCAAGCACCACAAC-1	13821	11331	0.8198393748643369
GSM6339597	ACGCAAGCATAAGTCT-1	18729	16546	0.8834427892573015
GSM6339597	ACGCAAGCATAATTGC-1	11916	7057	0.592228935884525
GSM6339597	ACGCAAGCATACCCGG-1	14449	9037	0.6254412070039449
GSM6339597	ACGCACGGTAGTAAGA-1	5896	4475	0.7589891451831751
GSM6339597	ACGCACGGTATTCGCT-1	25657	17249	0.6722921619830845
GSM6339597	ACGCACGGTCACCTAT-1	12025	9895	0.8228690228690229
GSM6339597	ACGCACGGTCATCAAG-1	1734	1213	0.6995386389850058
GSM6339597	ACGCACGGTGAAACAA-1	1447	887	0.612992398064962
GSM6339597	ACGCACGGTGAACAAA-1	2212	1508	0.6817359855334539
GSM6339597	ACGCACGGTGCTAGAC-1	1828	1253	0.6854485776805251
GSM6339597	ACGCACGGTTTGTCTA-1	10385	6795	0.6543090996629755
GSM6339597	ACGCCACAGCACAGCC-1	5338	3858	0.7227426002248033
GSM6339597	ACGCCACAGCCATCAG-1	10506	8325	0.7924043403769274
GSM6339597	ACGCCTAAGGCATTAC-1	14269	11984	0.8398626392879669
GSM6339597	ACGCCTTTCCTTGAGG-1	28472	28666	1.0068137117167744
GSM6339597	ACGCCTTTCGCTAGCA-1	6492	4492	0.6919285274183611
GSM6339597	ACGCTTGAGAGAGCCG-1	29315	22581	0.7702882483370288
GSM6339597	ACGCTTGAGCAATAGG-1	9916	10147	1.023295683743445
GSM6339597	ACGCTTGAGCTCATAA-1	7934	5558	0.7005293672800605
GSM6339597	ACGCTTGAGCTGCACA-1	12388	10315	0.8326606393283823
GSM6339597	ACGCTTGAGGCCATCA-1	1039	661	0.6361886429258903
GSM6339597	ACGCTTGAGTAACCAC-1	14777	10160	0.6875549840969074
GSM6339597	ACGGGAAGTTTAGTCC-1	13008	8246	0.6339175891758918
GSM6339597	ACGGTACGTTAAGGTT-1	4827	2834	0.5871141495753056
GSM6339597	ACGGTACGTTGTTGTC-1	15207	13052	0.8582889458801868
GSM6339597	ACGGTTAGTAATCGCA-1	9695	7090	0.7313047962867457
GSM6339597	ACGGTTAGTCCTAACT-1	24282	17833	0.7344123218845235
GSM6339597	ACGGTTTAGCCTGTTC-1	1537	1038	0.675341574495771
GSM6339597	ACGGTTTAGTCATCCC-1	590	468	0.7932203389830509
GSM6339597	ACGGTTTAGTTTCCGC-1	5308	3820	0.7196684250188395
GSM6339597	ACGTACCCAAACAACA-1	11639	8112	0.6969670933929032
GSM6339597	ACGTACCCAAGCCAGA-1	3657	2329	0.6368608148755811
GSM6339597	ACGTACCCAATAAGCA-1	7107	5659	0.7962572112002251
GSM6339597	ACGTACCCACCCACCT-1	8988	6785	0.7548954161103694
GSM6339597	ACGTACCCACGTTACA-1	6856	4214	0.6146441073512252
GSM6339597	ACGTACCCACTAGGTC-1	7241	4721	0.6519817704736914
GSM6339597	ACGTACCCAGCCGCTA-1	11290	11018	0.9759078830823738
GSM6339597	ACGTACCCATAACGGG-1	8657	5119	0.5913133880097031
GSM6339597	ACGTACCCATCCTAGA-1	6375	4798	0.7526274509803922
GSM6339597	ACGTCAAGTAACAGGG-1	6858	6133	0.8942840478273549
GSM6339597	ACGTCAAGTGAGGTGA-1	6620	4816	0.7274924471299093
GSM6339597	ACGTCAAGTGGCTTCC-1	9176	7893	0.860178727114211
GSM6339597	ACGTCAAGTGGTGAGA-1	2521	1356	0.5378817929393098
GSM6339597	ACGTCAAGTTAGCCAA-1	13996	14431	1.031080308659617
GSM6339597	ACGTCAAGTTCCGGGA-1	4215	3335	0.7912218268090154
GSM6339597	ACGTCCAAGACCATAC-1	5855	4711	0.8046114432109308
GSM6339597	ACGTCCAAGCGCAATT-1	12036	8665	0.7199235626453971
GSM6339597	ACGTCCAAGGAACCGG-1	14058	10659	0.7582159624413145
GSM6339597	ACGTCCAAGGGACGCA-1	7037	5490	0.7801620008526361
GSM6339597	ACGTCCAAGTTGGGCC-1	5979	3630	0.6071249372804817
GSM6339597	ACGTCCTTCCGGTATG-1	3535	2204	0.6234794908062234
GSM6339597	ACGTCCTTCTGTAAGC-1	4848	3737	0.7708333333333334
GSM6339597	ACGTCCTTCTTTGTAC-1	18233	16271	0.8923929139472385
GSM6339597	ACGTTACAGGCTTAGT-1	2260	1183	0.5234513274336283
GSM6339597	ACGTTACAGTTAGTGC-1	16113	13570	0.842177124061317
GSM6339597	ACGTTGTAGCAAGGTA-1	1016	760	0.7480314960629921
GSM6339597	ACGTTGTAGGCACAGG-1	5113	3437	0.6722080970076276
GSM6339597	ACTAAAGCAAGCTACC-1	1466	1191	0.8124147339699863
GSM6339597	ACTAAAGCAATTTAGC-1	34905	28301	0.8108007448789571
GSM6339597	ACTAACCAGAATCGCT-1	6579	4808	0.7308101535187719
GSM6339597	ACTAACCAGCATTTCT-1	5103	3935	0.7711150303742896
GSM6339597	ACTAACCAGCCTAACG-1	14084	8868	0.6296506674240273
GSM6339597	ACTAACCAGGCTACAT-1	1109	862	0.7772768259693418
GSM6339597	ACTAACCAGTCTATGA-1	1309	850	0.6493506493506493
GSM6339597	ACTAACGGTCGCATAA-1	818	564	0.6894865525672371
GSM6339597	ACTAACTCAAAGCGGC-1	35753	30372	0.8494951472603698
GSM6339597	ACTAACTCAACATAAG-1	16821	12339	0.7335473515248796
GSM6339597	ACTAACTCATAATGAG-1	459	332	0.7233115468409586
GSM6339597	ACTAACTCATGGCCTG-1	13887	12210	0.8792395765824152
GSM6339597	ACTAATCCAGTACCGT-1	4956	3517	0.7096448748991122
GSM6339597	ACTAGGCGTATACTGG-1	12823	10145	0.7911565156359667
GSM6339597	ACTAGGCGTTTATTCG-1	3943	2344	0.5944712148110576
GSM6339597	ACTAGGCGTTTCCACG-1	570	294	0.5157894736842106
GSM6339597	ACTATCCGTCAATACG-1	3876	3123	0.8057275541795665
GSM6339597	ACTATCCGTGTGAGAG-1	7016	5138	0.7323261117445838
GSM6339597	ACTATCCGTTCACTGT-1	7750	5046	0.6510967741935484
GSM6339597	ACTATCCGTTGGCCGA-1	32699	26895	0.8225022171931864
GSM6339597	ACTATGTCAACCTGGT-1	10118	6902	0.6821506226526982
GSM6339597	ACTATGTCAGGAACTG-1	8567	5489	0.6407143690906969
GSM6339597	ACTATGTCAGGCGATA-1	21888	18719	0.8552174707602339
GSM6339597	ACTATGTCATGCTATG-1	4253	2564	0.602868563367035
GSM6339597	ACTCACCTCACAGACT-1	17294	15451	0.8934312478316179
GSM6339597	ACTCACCTCATAACGC-1	1293	1227	0.9489559164733179
GSM6339597	ACTCACCTCCAAATCA-1	4171	3184	0.7633660992567729
GSM6339597	ACTCACTGTCGCGCAA-1	4611	3214	0.6970288440685317
GSM6339597	ACTCACTGTGCTCACC-1	8607	5482	0.6369234344138492
GSM6339597	ACTCAGTAGATAAAGC-1	11185	8422	0.7529727313366116
GSM6339597	ACTCAGTAGTTAGAGG-1	5605	2849	0.5082961641391615
GSM6339597	ACTCCTCAGAATCGCT-1	11511	9169	0.7965424376683172
GSM6339597	ACTCCTCAGAGGCTAA-1	24194	19249	0.7956104819376705
GSM6339597	ACTCCTCAGATTCCTT-1	450	348	0.7733333333333333
GSM6339597	ACTCCTCAGCAGCTCA-1	1546	1228	0.7943078913324709
GSM6339597	ACTCCTCAGTTAGCTA-1	9613	7676	0.7985020285030687
GSM6339597	ACTCGCGCAAACTCAT-1	4916	3377	0.6869406021155411
GSM6339597	ACTCGCGCAATTAACC-1	10080	7545	0.7485119047619048
GSM6339597	ACTCGCGCACAGCCTG-1	7349	4601	0.6260715743638591
GSM6339597	ACTCGCGCAGTACCGT-1	18409	20818	1.1308599054810147
GSM6339597	ACTCGCGCAGTTATCG-1	5418	3968	0.7323735695828719
GSM6339597	ACTCGCGCATGACTAT-1	11492	6440	0.5603898364079359
GSM6339597	ACTCGCTTCATAACCA-1	8300	6399	0.7709638554216868
GSM6339597	ACTCGCTTCATGCATA-1	10387	7994	0.769615865986329
GSM6339597	ACTCGCTTCCTCACTA-1	7564	6836	0.9037546271813856
GSM6339597	ACTCGCTTCCTTAGGG-1	20327	16846	0.8287499385054361
GSM6339597	ACTGAAACACCAGGTT-1	7325	5917	0.8077815699658704
GSM6339597	ACTGAAACAGCCAGAA-1	7093	4349	0.613139715212181
GSM6339597	ACTGAATGTAACGGGA-1	14067	10218	0.7263808914480699
GSM6339597	ACTGAATGTAACTACG-1	9118	6278	0.688528186005703
GSM6339597	ACTGAATGTCATAGAT-1	1837	1026	0.5585193249863909
GSM6339597	ACTGAATGTGAGCAAG-1	7241	5144	0.7103991161441789
GSM6339597	ACTGAATGTGCTAGAC-1	939	678	0.7220447284345048
GSM6339597	ACTGAATGTGTTGCAA-1	30587	25820	0.8441494752672704
GSM6339597	ACTGAATGTTAAGGTT-1	12883	9054	0.7027866180237522
GSM6339597	ACTGAATGTTACATCC-1	21312	15271	0.7165446696696697
GSM6339597	ACTGAATGTTAGCGTA-1	14073	9391	0.6673061891565409
GSM6339597	ACTGAATGTTGTTCAC-1	16343	12644	0.7736645658691794
GSM6339597	ACTGAATGTTTGAGGC-1	17544	12806	0.7299361605107159
GSM6339597	ACTTACAAGAGAGCCG-1	14409	11924	0.827538344090499
GSM6339597	ACTTACAAGCTCCCTG-1	11486	7584	0.6602820825352603
GSM6339597	ACTTACAAGGAACCGG-1	13967	11287	0.8081191379680676
GSM6339597	ACTTACAAGGACCTCA-1	1822	1016	0.557628979143798
GSM6339597	ACTTACAAGGACCTTG-1	16386	12468	0.7608934456243135
GSM6339597	ACTTACAAGGTCCACA-1	7181	5784	0.8054588497423757
GSM6339597	ACTTACTTCAATCATG-1	6917	4998	0.722567587104236
GSM6339597	ACTTACTTCAATGAGG-1	3900	2700	0.6923076923076923
GSM6339597	ACTTACTTCATCCTAT-1	11671	9172	0.7858795304601148
GSM6339597	ACTTACTTCCGGTTAG-1	4592	2693	0.5864547038327527
GSM6339597	ACTTACTTCCTTAGTT-1	10788	9502	0.8807934742306266
GSM6339597	ACTTACTTCGCTCACT-1	9937	7758	0.7807185267183254
GSM6339597	ACTTACTTCTAACCAA-1	6103	4039	0.661805669342946
GSM6339597	ACTTACTTCTTGATGA-1	799	470	0.5882352941176471
GSM6339597	ACTTAGGGTCAGGCCA-1	1305	967	0.7409961685823755
GSM6339597	ACTTAGGGTCATAAGT-1	8871	6494	0.7320482470972833
GSM6339597	ACTTAGGGTGACATGC-1	6561	4483	0.6832799878067368
GSM6339597	ACTTAGGGTGTTTCAC-1	22784	19241	0.8444961376404494
GSM6339597	ACTTAGTCAAGGACCA-1	10222	6905	0.6755038153003327
GSM6339597	ACTTAGTCAATTGACT-1	13924	10187	0.731614478598104
GSM6339597	ACTTAGTCACATACTG-1	1327	1103	0.8311981914091937
GSM6339597	ACTTAGTCACCGGTAT-1	1392	872	0.6264367816091954
GSM6339597	ACTTAGTCACTTAACG-1	6035	4138	0.6856669428334714
GSM6339597	ACTTAGTCAGGACCAA-1	11340	9846	0.8682539682539683
GSM6339597	ACTTAGTCATAATTGC-1	14990	9887	0.6595730486991328
GSM6339597	ACTTAGTCATTAGCCA-1	9483	6498	0.6852261942423283
GSM6339597	ACTTATCTCAATTGGC-1	8805	6568	0.7459398069278819
GSM6339597	ACTTATCTCACAGCCA-1	5364	4593	0.8562639821029083
GSM6339597	ACTTATCTCGTCATTT-1	4737	3770	0.7958623601435507
GSM6339597	ACTTATCTCTCCTCTT-1	12869	9601	0.7460564146398322
GSM6339597	ACTTATGAGCTGCACA-1	7099	4354	0.6133258205381039
GSM6339597	ACTTATGAGTGCTGTG-1	6126	4906	0.8008488410055501
GSM6339597	ACTTATGAGTTTCCGC-1	7680	4359	0.567578125
GSM6339597	ACTTCGCTCCAGGTTG-1	19632	17278	0.8800937245313774
GSM6339597	ACTTCGCTCGCTAGTG-1	13266	10212	0.7697874265038445
GSM6339597	ACTTGAATCCCTGTTA-1	23893	16797	0.7030092495710041
GSM6339597	ACTTGAATCCGGTTGA-1	15514	12679	0.8172618280262989
GSM6339597	ACTTGAATCCTGGTCT-1	6727	4992	0.7420841385461573
GSM6339597	ACTTGAATCGACCTGA-1	6593	5026	0.7623236766267253
GSM6339597	ACTTGAATCGGTTTCC-1	8336	6872	0.8243761996161229
GSM6339597	ACTTGAATCTAGCGAT-1	16905	16709	0.9884057971014493
GSM6339597	ACTTGCACAAACCTAT-1	21057	18201	0.8643681436102009
GSM6339597	ACTTGCACACCACAAC-1	10490	7269	0.6929456625357483
GSM6339597	ACTTGCACAGCAATAA-1	956	619	0.647489539748954
GSM6339597	ACTTGCACAGCCTTGG-1	6662	4367	0.6555088561993395
GSM6339597	ACTTGCACAGTTTACG-1	11654	8683	0.7450660717350266
GSM6339597	ACTTGTAAGCGCAATT-1	3442	2357	0.6847762928529925
GSM6339597	ACTTGTAAGGTCGAGG-1	5165	3315	0.6418199419167473
GSM6339597	ACTTGTAAGTCATTAG-1	4051	2776	0.6852628980498642
GSM6339597	ACTTGTAAGTGAACCT-1	2447	1912	0.7813649366571311
GSM6339597	ACTTGTCGTCGCATAA-1	1525	1308	0.8577049180327869
GSM6339597	ACTTGTCGTTACAACG-1	7047	6252	0.887186036611324
GSM6339597	ACTTGTCGTTGGTTGA-1	3071	2342	0.7626180397264735
GSM6339597	ACTTTGTTCATCCTCA-1	27478	21633	0.7872843729529078
GSM6339597	ACTTTGTTCATTGACA-1	24084	15528	0.6447433981066268
GSM6339597	ACTTTGTTCCGCACAA-1	1270	826	0.6503937007874016
GSM6339597	ACTTTGTTCGTTAAGC-1	6696	4830	0.7213261648745519
GSM6339597	AGAAACCCATTGACAT-1	15814	13388	0.8465916276716833
GSM6339597	AGAAACTAGCCTCTCG-1	9494	6000	0.6319780914261639
GSM6339597	AGAAACTAGTCACGAT-1	7808	5805	0.743468237704918
GSM6339597	AGAAAGGCACGGTACT-1	16825	11732	0.697295690936107
GSM6339597	AGAAAGGCATGAGCAG-1	5955	4432	0.7442485306465155
GSM6339597	AGAACAAGTAACCACA-1	9686	7596	0.7842246541399959
GSM6339597	AGAACAAGTCCTCCAA-1	2544	1719	0.6757075471698113
GSM6339597	AGAACAAGTTACTTCA-1	12517	8300	0.6630981864664057
GSM6339597	AGAACAAGTTAGTGAT-1	15066	11791	0.7826231249170317
GSM6339597	AGAACAAGTTTGGGCG-1	13119	10199	0.7774220596082019
GSM6339597	AGAACCAAGGTTTGCG-1	30037	23503	0.7824682891100976
GSM6339597	AGAACCGCAAACATAG-1	4602	4525	0.9832681442850935
GSM6339597	AGAACCGCACAACAAA-1	9382	5921	0.6311021104242166
GSM6339597	AGAACCGCACTTAACG-1	11391	7932	0.696339215169871
GSM6339597	AGAAGGTGTAGCTAGC-1	8957	5910	0.6598191358713855
GSM6339597	AGAAGGTGTCGACTAA-1	9674	7611	0.7867479842877817
GSM6339597	AGAATCGAGCCTGAGC-1	5279	3946	0.7474900549346467
GSM6339597	AGAATCGAGGAGGACT-1	10902	9162	0.8403962575674189
GSM6339597	AGAATCGAGGAGTCTT-1	7331	5744	0.7835220297367345
GSM6339597	AGAATCGAGGTACCGC-1	5048	2964	0.5871632329635499
GSM6339597	AGAATCGAGGTGTTAC-1	8411	5795	0.6889787183450243
GSM6339597	AGAATCGAGTCTTGAA-1	14822	10861	0.7327621103764674
GSM6339597	AGAATCGAGTTATGGC-1	21351	15485	0.7252587700810267
GSM6339597	AGAATCTGTCAAGTAT-1	5050	3094	0.6126732673267327
GSM6339597	AGAATCTGTCAATACG-1	8233	5762	0.6998663913518766
GSM6339597	AGAATCTGTCCAAGAC-1	6227	3874	0.6221294363256785
GSM6339597	AGAATCTGTCTCAGCC-1	13447	11395	0.847400907265561
GSM6339597	AGAATCTGTGCCGCAA-1	34340	31623	0.920879440885265
GSM6339597	AGAATCTGTGGTGAGA-1	15125	11899	0.7867107438016528
GSM6339597	AGAATCTGTTAGGATT-1	8518	6233	0.7317445409720592
GSM6339597	AGACAATAGAGCAAGC-1	437	250	0.5720823798627003
GSM6339597	AGACAATAGCACGATT-1	22040	16980	0.7704174228675136
GSM6339597	AGACAATAGCAGGTTT-1	16182	14018	0.8662711654925226
GSM6339597	AGACAATAGCGATAAG-1	27328	24630	0.901273419203747
GSM6339597	AGACAATAGCTTAGTA-1	9696	8183	0.8439562706270627
GSM6339597	AGACAATAGGAACCAA-1	6728	5089	0.7563912009512486
GSM6339597	AGACACGCAAACGCGA-1	10744	6720	0.6254653760238272
GSM6339597	AGACACGCAATTGAGA-1	9300	6798	0.7309677419354839
GSM6339597	AGACACGCACATGCTA-1	5782	4489	0.776374956762366
GSM6339597	AGACACGCAGAAATTG-1	4200	3373	0.8030952380952381
GSM6339597	AGACACGCAGGCTTCG-1	6909	5368	0.7769575915472572
GSM6339597	AGACACGCAGTTTGTG-1	13270	10127	0.7631499623210248
GSM6339597	AGACCCGGTCATCCTG-1	17549	11915	0.6789560658726993
GSM6339597	AGAGAAGCAGCAAGAT-1	497	396	0.7967806841046278
GSM6339597	AGAGAAGCATGTCAAT-1	17506	10204	0.582885867702502
GSM6339597	AGAGAGGAGAGAGCCG-1	21470	15483	0.7211457848160223
GSM6339597	AGAGAGGAGCAGGCCT-1	27834	21096	0.7579219659409355
GSM6339597	AGAGAGGAGCCGCAAC-1	21652	18020	0.8322556807685202
GSM6339597	AGAGAGGAGGATTGAG-1	13480	9526	0.7066765578635015
GSM6339597	AGAGAGGAGGCTGTGC-1	7004	4473	0.6386350656767561
GSM6339597	AGAGATTAGCCAGGTC-1	812	524	0.645320197044335
GSM6339597	AGAGATTAGCCAGTAT-1	7624	5510	0.7227177334732424
GSM6339597	AGAGATTAGCTCCTAC-1	7573	6060	0.8002112769047933
GSM6339597	AGAGATTAGCTTAGCG-1	8665	5667	0.6540103866128102
GSM6339597	AGAGATTAGGCCCAGT-1	25613	20683	0.8075196189435052
GSM6339597	AGAGATTAGGGCTTAT-1	11593	10910	0.9410851375830243
GSM6339597	AGAGATTAGGTGCGGA-1	6563	4650	0.7085174462898065
GSM6339597	AGAGATTAGTTTGAGC-1	13634	10742	0.7878832330937362
GSM6339597	AGAGGAACAAACTGTT-1	3047	2132	0.6997046275024614
GSM6339597	AGAGGAACAAGCGAGC-1	18197	16945	0.9311974501291421
GSM6339597	AGAGGAACAAGTTATC-1	20486	14025	0.684613882651567
GSM6339597	AGAGGAACAATACTGT-1	15395	11553	0.7504384540435206
GSM6339597	AGAGGAACACATAACT-1	6172	4471	0.724400518470512
GSM6339597	AGAGGAACACCCTCAC-1	7385	5088	0.6889641164522681
GSM6339597	AGAGGAACAGTAAAGC-1	14462	10286	0.7112432581938875
GSM6339597	AGAGGATGTAAACAAG-1	16667	15164	0.9098218035639287
GSM6339597	AGATGAAGTAACGAGG-1	1853	1084	0.5849973016729627
GSM6339597	AGATGAAGTATACTGG-1	23126	17990	0.7779123064948543
GSM6339597	AGATGAAGTCATGCAA-1	6603	4374	0.6624261699227624
GSM6339597	AGATGAAGTCCGGTTC-1	29807	28061	0.9414231556345825
GSM6339597	AGATGAAGTGCGCATG-1	17328	14132	0.8155586334256695
GSM6339597	AGATGAAGTGTGAGGA-1	3709	3152	0.8498247506066325
GSM6339597	AGATGAAGTTAATCGG-1	3407	3141	0.9219254476078662
GSM6339597	AGATGAAGTTAGGATT-1	6375	4779	0.7496470588235294
GSM6339597	AGATGAAGTTGAGGTC-1	18079	15586	0.8621052049339012
GSM6339597	AGATGCTTCACTAATG-1	2051	1451	0.7074597757191614
GSM6339597	AGATGCTTCATCCTCA-1	17976	14009	0.7793168669336894
GSM6339597	AGATGCTTCCGCTAGA-1	6751	4608	0.68256554584506
GSM6339597	AGATGCTTCCTAAGAC-1	32341	30643	0.9474969852509199
GSM6339597	AGATGCTTCCTCCTAA-1	5760	3723	0.6463541666666667
GSM6339597	AGATGCTTCCTTAGTT-1	9164	7941	0.866542994325622
GSM6339597	AGATGCTTCGTTCACC-1	6063	3710	0.6119082962229919
GSM6339597	AGATGCTTCTTAAGTG-1	1478	1084	0.7334235453315291
GSM6339597	AGCAAATAGTTTGCGG-1	22693	16775	0.739214735821619
GSM6339597	AGCAACAAGCTTATGA-1	1338	991	0.7406576980568012
GSM6339597	AGCAACAAGGAATAAC-1	1374	1053	0.7663755458515283
GSM6339597	AGCAACAAGGTGAGAC-1	1228	838	0.6824104234527687
GSM6339597	AGCAACAAGTTAGCTA-1	8811	7728	0.8770854613551243
GSM6339597	AGCAAGGGTTAGCCAA-1	6762	4115	0.6085477669328601
GSM6339597	AGCAATACAAAGCTAA-1	7602	5104	0.6714022625624836
GSM6339597	AGCAATACACTTCATC-1	34417	27910	0.8109364558212512
GSM6339597	AGCAATACAGCTTACA-1	1055	808	0.7658767772511849
GSM6339597	AGCAATACATAATCGT-1	1678	1227	0.731227651966627
GSM6339597	AGCAATACATAATGTC-1	1034	635	0.6141199226305609
GSM6339597	AGCAATACATGTCGCG-1	1677	906	0.5402504472271914
GSM6339597	AGCAATTGTCAAGACC-1	4259	3356	0.7879783986851373
GSM6339597	AGCAATTGTCACAAAT-1	24521	18498	0.7543738020472248
GSM6339597	AGCAATTGTCGCGCAA-1	9056	6397	0.7063825088339223
GSM6339597	AGCAATTGTGAGCAAG-1	675	405	0.6
GSM6339597	AGCAATTGTTACGCAA-1	1475	992	0.672542372881356
GSM6339597	AGCAATTGTTCACCCA-1	7196	6109	0.8489438576987215
GSM6339597	AGCACAGCACCTACGG-1	12683	8690	0.6851691240242844
GSM6339597	AGCACAGCACTTAACG-1	2613	1907	0.7298124760811328
GSM6339597	AGCACAGCAGGCATCT-1	11580	8645	0.7465457685664939
GSM6339597	AGCACAGCATAAACCT-1	494	299	0.6052631578947368
GSM6339597	AGCACAGCATGCTTAG-1	10200	8192	0.8031372549019608
GSM6339597	AGCACAGCATTGTGAT-1	4982	4090	0.820955439582497
GSM6339597	AGCACAGCATTGTTGG-1	13840	11726	0.8472543352601156
GSM6339597	AGCACTAGTACCGGAT-1	5881	4501	0.765346029586805
GSM6339597	AGCACTAGTATCTGGA-1	4709	7897	1.6770014865151837
GSM6339597	AGCACTAGTCGCATAA-1	900	709	0.7877777777777778
GSM6339597	AGCACTAGTGAGGTGA-1	11549	10827	0.9374837648281237
GSM6339597	AGCACTAGTGCAATGC-1	1429	914	0.6396081175647306
GSM6339597	AGCACTAGTTGAATCG-1	6072	4285	0.7056982872200264
GSM6339597	AGCACTAGTTGCAATG-1	13017	9956	0.7648459706537605
GSM6339597	AGCACTAGTTGCGGAT-1	2492	1582	0.6348314606741573
GSM6339597	AGCACTAGTTGTTCAC-1	12778	10103	0.7906558146814838
GSM6339597	AGCACTAGTTTAGCTC-1	7144	4910	0.6872900335946248
GSM6339597	AGCACTAGTTTCCTCC-1	1219	861	0.7063166529942576
GSM6339597	AGCACTTAGCGATAGA-1	14630	13040	0.8913192071086808
GSM6339597	AGCACTTAGCTGTACG-1	30638	22170	0.7236112017755728
GSM6339597	AGCACTTAGGCATGTT-1	8009	4983	0.6221750530653015
GSM6339597	AGCACTTAGTAGGCGG-1	9086	6176	0.6797270526084085
GSM6339597	AGCACTTAGTTAGGCT-1	18218	15972	0.876715336480404
GSM6339597	AGCAGGTAGCATGCAT-1	4332	2351	0.5427054478301016
GSM6339597	AGCAGGTAGCGCTCAA-1	36352	25376	0.6980633802816901
GSM6339597	AGCAGGTAGCTGGACC-1	6963	5526	0.7936234381732012
GSM6339597	AGCAGGTAGGCTACAT-1	1855	1174	0.6328840970350404
GSM6339597	AGCATCCCAACATAAG-1	3550	2728	0.7684507042253521
GSM6339597	AGCATCCCAACTCGCG-1	9998	8110	0.8111622324464893
GSM6339597	AGCATCCCAATGAAGC-1	9382	6739	0.7182903432104029
GSM6339597	AGCATCCCACACAATT-1	9408	6528	0.6938775510204082
GSM6339597	AGCATCCCAGAGGCTA-1	7427	5119	0.6892419550289485
GSM6339597	AGCATCCCATGGAGGC-1	646	444	0.6873065015479877
GSM6339597	AGCATTTCACAGAAAC-1	4280	3209	0.749766355140187
GSM6339597	AGCATTTCATAGCGGA-1	8004	5353	0.6687906046976512
GSM6339597	AGCCAGTGTGCGCGTA-1	19974	14711	0.7365074596976069
GSM6339597	AGCCAGTGTTAGGCTA-1	505	342	0.6772277227722773
GSM6339597	AGCCAGTGTTCCTCCT-1	1409	1029	0.730305180979418
GSM6339597	AGCCGCTAGCACTAGT-1	2137	1782	0.8338792700046794
GSM6339597	AGCCGCTAGGCTTAAC-1	14181	13113	0.9246879627670828
GSM6339597	AGCCGGTTCCACCCTG-1	3832	2153	0.5618475991649269
GSM6339597	AGCCGGTTCCTCACTA-1	3314	2093	0.6315630657815329
GSM6339597	AGCCGGTTCCTTAAGA-1	1007	812	0.8063555114200596
GSM6339597	AGCCTAAGTAACGGGA-1	2749	1529	0.5562022553655875
GSM6339597	AGCCTAAGTGACATAT-1	2295	1702	0.7416122004357298
GSM6339597	AGCCTAAGTGCTAGCG-1	5142	3398	0.6608323609490471
GSM6339597	AGCCTAAGTTTACCGT-1	4116	2549	0.619290573372206
GSM6339597	AGCCTAGTCATGCCTC-1	908	584	0.6431718061674009
GSM6339597	AGCCTAGTCATGGTTA-1	14911	10927	0.732814700556636
GSM6339597	AGCCTCCGTTGGTTAG-1	10946	8879	0.8111638954869359
GSM6339597	AGCCTGGGTGCGCATG-1	19899	11885	0.5972661942811196
GSM6339597	AGCGATTTCCACCTGT-1	31229	20699	0.6628134106119312
GSM6339597	AGCGATTTCCGGTATG-1	16122	13516	0.8383575238804118
GSM6339597	AGCGCCTAGAATGACG-1	15716	11203	0.7128404174090099
GSM6339597	AGCGCTCAGCTTATGA-1	1367	1041	0.761521580102414
GSM6339597	AGCGCTCAGGTACCGC-1	7605	5425	0.7133464825772519
GSM6339597	AGCGGACCAACACCTA-1	13104	10093	0.7702228327228328
GSM6339597	AGCGGACCACCTATAG-1	5403	4117	0.761984082916898
GSM6339597	AGCGGACCAGGAACTG-1	12285	9579	0.7797313797313797
GSM6339597	AGCGGACCAGGCCAAA-1	2780	1991	0.7161870503597122
GSM6339597	AGCGGACCATAAGCAA-1	11993	9180	0.7654465104644376
GSM6339597	AGCGGATAGCTAGAAG-1	575	302	0.5252173913043479
GSM6339597	AGCGGATAGGATAAAC-1	14618	13982	0.9564919961691066
GSM6339597	AGCGGATAGTTTGTCT-1	8807	6014	0.682865902123311
GSM6339597	AGCGTGCTCCAATTAG-1	5725	4022	0.7025327510917031
GSM6339597	AGCGTGCTCGCAGGCT-1	10412	8185	0.7861121782558587
GSM6339597	AGCGTGCTCTTAAGTG-1	3581	2468	0.6891929628595365
GSM6339597	AGCGTGCTCTTGAGCG-1	8164	5637	0.6904703576678098
GSM6339597	AGCTAAACACCAAAGG-1	17736	13418	0.7565403698691926
GSM6339597	AGCTAAACACCTGGTG-1	12970	10314	0.7952197378565922
GSM6339597	AGCTAAACACTCGCTC-1	17928	15723	0.8770080321285141
GSM6339597	AGCTAAACAGAGAGCC-1	14640	15503	1.0589480874316939
GSM6339597	AGCTAAACATAGCGAG-1	8036	5081	0.6322797411647586
GSM6339597	AGCTAAACATTAGGCC-1	11140	9366	0.840754039497307
GSM6339597	AGCTAACTCAAACACC-1	9310	7659	0.8226638023630505
GSM6339597	AGCTAACTCTCGCCCA-1	1124	759	0.6752669039145908
GSM6339597	AGCTAACTCTCTAGCC-1	14996	10387	0.6926513736996532
GSM6339597	AGCTACGTCAATGAGG-1	13738	10611	0.7723831707672151
GSM6339597	AGCTACTAGACACCGC-1	4724	2781	0.5886960203217613
GSM6339597	AGCTACTAGACAGGCG-1	13741	11364	0.8270140455570919
GSM6339597	AGCTACTAGGGACGCA-1	17187	12891	0.7500436376330948
GSM6339597	AGCTACTAGTAACCAC-1	17504	12137	0.6933843692870201
GSM6339597	AGCTAGTTCAAAGGCA-1	1437	1049	0.7299930410577592
GSM6339597	AGCTAGTTCACGCATG-1	3070	2087	0.6798045602605863
GSM6339597	AGCTAGTTCCTGATTT-1	387	278	0.7183462532299741
GSM6339597	AGCTATATCCGCTAGA-1	18893	13282	0.7030116974540835
GSM6339597	AGCTATATCCTTGAGG-1	20619	17924	0.8692953101508317
GSM6339597	AGCTATATCTAGCTTT-1	6274	4518	0.7201147593241951
GSM6339597	AGCTCATAGTAGGCGG-1	11278	7955	0.7053555594963646
GSM6339597	AGCTCATAGTATTGCA-1	15777	12628	0.8004056537998352
GSM6339597	AGCTCATAGTGAACAG-1	4810	3428	0.7126819126819127
GSM6339597	AGCTCATAGTGGACAA-1	3551	2421	0.6817797803435652
GSM6339597	AGCTGCTCATCCTGAA-1	7341	5884	0.8015256777005858
GSM6339597	AGCTTAATCATTCATC-1	20165	18242	0.9046367468385818
GSM6339597	AGCTTAATCGATAACC-1	26039	22458	0.8624755174929912
GSM6339597	AGCTTCCTCGATAACC-1	10746	6753	0.6284198771635957
GSM6339597	AGCTTCCTCTGCAAAC-1	12641	9304	0.7360177201170793
GSM6339597	AGCTTGGTCAACCAAC-1	1228	815	0.6636807817589576
GSM6339597	AGCTTGGTCACCGGTA-1	5282	3545	0.6711472926921621
GSM6339597	AGCTTGGTCACTAAGC-1	7968	5790	0.7266566265060241
GSM6339597	AGCTTGGTCATCGTTT-1	428	313	0.7313084112149533
GSM6339597	AGCTTGGTCTCGCCCA-1	507	343	0.6765285996055227
GSM6339597	AGCTTTAAGAGGGACT-1	10765	8525	0.7919182535996284
GSM6339597	AGCTTTAAGCATTAGC-1	7265	5356	0.7372333103922918
GSM6339597	AGCTTTAAGCCTAATA-1	6398	3942	0.6161300406376993
GSM6339597	AGCTTTAAGTCAATTG-1	13043	11182	0.8573181016637277
GSM6339597	AGGAAACGTTCCTGTG-1	15119	11882	0.7858985382631126
GSM6339597	AGGAACCAGCCGGTAC-1	4905	3237	0.6599388379204894
GSM6339597	AGGAACCAGGGTCCAC-1	8074	6009	0.7442407728511271
GSM6339597	AGGAACCAGTCGCTAG-1	19177	17382	0.9063982896177712
GSM6339597	AGGAACCAGTGAACGA-1	10370	7475	0.7208293153326905
GSM6339597	AGGAACCAGTTCCTCA-1	11547	10229	0.8858577985623972
GSM6339597	AGGAACGGTCAGGCCA-1	4194	3067	0.7312827849308536
GSM6339597	AGGAACGGTTATCCGT-1	2207	1826	0.8273674671499773
GSM6339597	AGGACGTAGTTAGGCT-1	1338	1112	0.8310911808669657
GSM6339597	AGGACTAAGACTTACA-1	39265	30801	0.7844390678721508
GSM6339597	AGGACTAAGTGAACCT-1	11411	8454	0.7408640785207257
GSM6339597	AGGACTAAGTTTGGGT-1	22198	14441	0.6505541039733309
GSM6339597	AGGAGCTAGCATTATG-1	19365	18580	0.9594629486186419
GSM6339597	AGGAGCTAGCCGCAAC-1	8074	5653	0.7001486252167451
GSM6339597	AGGAGCTAGCGAGCGA-1	19034	14560	0.764946937059998
GSM6339597	AGGAGCTAGGAACACA-1	16734	11910	0.7117246324847616
GSM6339597	AGGAGCTAGGATTTGC-1	12388	8548	0.6900226025185664
GSM6339597	AGGAGCTAGTAACCCG-1	34526	27537	0.7975728436540578
GSM6339597	AGGAGCTAGTGAGCGG-1	5689	4048	0.7115486025663561
GSM6339597	AGGATATAGCGTGCAC-1	369	252	0.6829268292682927
GSM6339597	AGGATCCGTGGATTCA-1	9905	7973	0.8049469964664311
GSM6339597	AGGATCCGTTACAAAC-1	19111	13095	0.6852074721364659
GSM6339597	AGGATCCGTTAGGCGT-1	30137	22767	0.7554501111590404
GSM6339597	AGGATCCGTTGGCGTG-1	2755	1936	0.7027223230490018
GSM6339597	AGGATGCAGGACACTT-1	18599	17386	0.9347814398623582
GSM6339597	AGGATGCAGGATTGAG-1	11411	9251	0.8107089650337393
GSM6339597	AGGATGCAGTTGTCCC-1	7953	5717	0.718848233371055
GSM6339597	AGGATGTCAAGATTCT-1	10278	8584	0.8351819420120646
GSM6339597	AGGATGTCACAAAGCG-1	2142	1437	0.6708683473389355
GSM6339597	AGGATGTCACAGCCTG-1	15840	13941	0.8801136363636364
GSM6339597	AGGATGTCAGGCAAGC-1	8064	6542	0.8112599206349206
GSM6339597	AGGATGTCAGGCATCT-1	5924	5034	0.849763673193788
GSM6339597	AGGATGTCAGTTTGTG-1	14654	12603	0.8600382148218917
GSM6339597	AGGATGTCATTCAGCA-1	7988	6591	0.8251126690035052
GSM6339597	AGGATGTCATTGCAGC-1	8138	5257	0.6459818137134431
GSM6339597	AGGATTGAGCAAACCT-1	7131	6480	0.9087084560370214
GSM6339597	AGGATTGAGGACAACA-1	29830	20330	0.6815286624203821
GSM6339597	AGGATTGAGTCATTGA-1	993	668	0.6727089627391742
GSM6339597	AGGATTGAGTCGCTAG-1	13610	9231	0.6782512858192505
GSM6339597	AGGCAATCAATGCGCT-1	11586	8974	0.7745554980148455
GSM6339597	AGGCAATCAGAGAGCC-1	923	594	0.6435536294691224
GSM6339597	AGGCAATCAGCTACGT-1	1676	1128	0.6730310262529833
GSM6339597	AGGCAATCATCCATCT-1	6810	4011	0.5889867841409692
GSM6339597	AGGCAATCATTAAAGG-1	1152	688	0.5972222222222222
GSM6339597	AGGCAGGTCCCTCAGT-1	4033	2551	0.6325316141829903
GSM6339597	AGGCAGGTCCTTGTTG-1	6441	3899	0.6053407855922993
GSM6339597	AGGCAGGTCGGCCAGT-1	13581	10616	0.7816802886385391
GSM6339597	AGGCAGGTCTAACCTT-1	15601	11384	0.7296968143067752
GSM6339597	AGGCAGGTCTCCTCAA-1	9681	8298	0.8571428571428571
GSM6339597	AGGCAGGTCTTGGACG-1	15574	10706	0.687427764222422
GSM6339597	AGGCCCAGTATTGCAG-1	4191	2835	0.6764495347172512
GSM6339597	AGGCCCAGTTTGAGCA-1	3954	2255	0.5703085483055134
GSM6339597	AGGCCCAGTTTGCAGA-1	22241	20693	0.9303988130030124
GSM6339597	AGGCGGATCATTTAGG-1	1963	1447	0.7371370351502802
GSM6339597	AGGCGGATCTCAATGA-1	5617	3978	0.708207228057682
GSM6339597	AGGCGGATCTTTGTAC-1	13882	11893	0.8567209335830572
GSM6339597	AGGCTAAAGAACCTAC-1	10237	6913	0.675295496727557
GSM6339597	AGGCTAAAGCACAGGG-1	13024	10472	0.8040540540540541
GSM6339597	AGGCTAAAGCCTCTGT-1	10186	9220	0.9051639505203221
GSM6339597	AGGCTAAAGCGGGCAA-1	11124	6881	0.6185724559510968
GSM6339597	AGGCTAAAGGTATTGC-1	1862	1427	0.7663802363050484
GSM6339597	AGGCTAGCAATATACC-1	8263	5567	0.6737262495461697
GSM6339597	AGGCTAGCACAATTAC-1	9202	8357	0.908172136492067
GSM6339597	AGGGCCTTCAGTGAAG-1	1789	1380	0.7713806595863612
GSM6339597	AGGGCCTTCATGAGCT-1	1734	1170	0.6747404844290658
GSM6339597	AGGGCCTTCATTTGCT-1	9963	7283	0.731004717454582
GSM6339597	AGGGCCTTCCGGTTAG-1	8163	6775	0.8299644738454
GSM6339597	AGGGCCTTCTAAGGAG-1	16793	12566	0.7482879771333294
GSM6339597	AGGGCTACAGCACGAA-1	4638	3240	0.6985769728331177
GSM6339597	AGGGTTGCACTGGCCA-1	3960	2825	0.7133838383838383
GSM6339597	AGGGTTGCAGCACCAT-1	12603	9678	0.767912401809093
GSM6339597	AGGGTTGCAGCTTACA-1	6365	4795	0.753338570306363
GSM6339597	AGGGTTGCATGAATCT-1	20533	13825	0.6733063848439098
GSM6339597	AGGGTTGCATGGTTAT-1	10433	10645	1.0203201380235791
GSM6339597	AGGTAACCAACAACAA-1	1164	946	0.8127147766323024
GSM6339597	AGGTAACCAGAAATGC-1	29367	23736	0.8082541628358362
GSM6339597	AGGTACGCAAGGAATC-1	6199	4546	0.7333440877560897
GSM6339597	AGGTACGCACGTTACA-1	8310	5230	0.6293622141997594
GSM6339597	AGGTACGCAGGATAAC-1	558	441	0.7903225806451613
GSM6339597	AGGTACGCAGTATGTT-1	1885	1422	0.7543766578249337
GSM6339597	AGGTATTGTAAGGTTT-1	680	554	0.8147058823529412
GSM6339597	AGGTATTGTAGACAAA-1	8668	5986	0.6905860636825104
GSM6339597	AGGTATTGTAGTAAGA-1	12419	10338	0.8324341734439166
GSM6339597	AGGTATTGTGAAGCCT-1	8192	6499	0.7933349609375
GSM6339597	AGGTATTGTGACATGC-1	5786	3416	0.5903905979951607
GSM6339597	AGGTATTGTTTGGCTT-1	18037	16242	0.900482341852858
GSM6339597	AGGTCAAAGACTTACA-1	15079	9301	0.6168180913853704
GSM6339597	AGGTCAAAGTCAGGCC-1	29577	25125	0.8494776346485444
GSM6339597	AGGTCATTCAACCAAC-1	453	314	0.6931567328918322
GSM6339597	AGGTCATTCAGGCCTA-1	1851	1307	0.7061048082117775
GSM6339597	AGGTCATTCATTGACA-1	19744	16261	0.8235919773095624
GSM6339597	AGGTCATTCCTTTACG-1	4663	3291	0.7057688183572807
GSM6339597	AGGTCCGGTCTTACTA-1	10243	8808	0.859904324904813
GSM6339597	AGGTCCGGTTAGAGCC-1	15874	12386	0.7802696232833565
GSM6339597	AGGTCCGGTTGTCATC-1	12593	9423	0.7482728499960295
GSM6339597	AGGTCCGGTTGTTCAC-1	2136	1198	0.5608614232209738
GSM6339597	AGGTCTTAGAATCGCT-1	11432	9224	0.8068579426172149
GSM6339597	AGGTCTTAGAATGACG-1	7544	5912	0.7836691410392365
GSM6339597	AGGTCTTAGCTCCTAC-1	7214	5778	0.8009426115885777
GSM6339597	AGGTCTTAGGTGTCCA-1	7425	6489	0.8739393939393939
GSM6339597	AGGTGAATCACAGCCA-1	16035	12158	0.7582164016214531
GSM6339597	AGGTGAATCAGCCAAT-1	4042	2279	0.5638297872340425
GSM6339597	AGGTGAATCATTAGCA-1	2726	2255	0.8272193690388848
GSM6339597	AGGTGAATCCAGGTCA-1	5319	3872	0.7279563827787178
GSM6339597	AGGTGAATCGCAAACT-1	5402	3269	0.6051462421325435
GSM6339597	AGGTGAATCGCTAGAT-1	3048	2057	0.6748687664041995
GSM6339597	AGGTGAATCGTCAAGT-1	20149	16320	0.8099657551243238
GSM6339597	AGGTGAATCGTTATCT-1	22817	16012	0.7017574615418328
GSM6339597	AGGTGAATCTAAGTGC-1	18648	15192	0.8146718146718147
GSM6339597	AGGTGAATCTTGATGA-1	11748	8516	0.724889342866871
GSM6339597	AGGTGAGGTATTTGGG-1	3325	2210	0.6646616541353384
GSM6339597	AGGTGAGGTCAGGCCA-1	910	690	0.7582417582417582
GSM6339597	AGGTGAGGTGACCTGG-1	7282	5321	0.7307058500411975
GSM6339597	AGGTGAGGTGTTGTGA-1	4383	3268	0.7456080310289755
GSM6339597	AGGTTAACACAAAGAC-1	9169	8337	0.909259461228051
GSM6339597	AGGTTAACACTTAGGC-1	483	377	0.7805383022774327
GSM6339597	AGGTTAACAGCCGCTA-1	17820	11411	0.640347923681257
GSM6339597	AGGTTAACAGGTTAAA-1	7120	4032	0.5662921348314607
GSM6339597	AGGTTAACATAAGTCT-1	6900	4436	0.6428985507246376
GSM6339597	AGGTTACTCACCATTT-1	13897	10673	0.7680074836295603
GSM6339597	AGGTTACTCTAATCAG-1	7138	4991	0.6992154665172318
GSM6339597	AGGTTAGAGACTAAGG-1	3498	2331	0.6663807890222985
GSM6339597	AGGTTAGAGCATGAAG-1	4382	3509	0.8007759014148791
GSM6339597	AGGTTAGAGCTATTGA-1	6511	3795	0.5828597757640915
GSM6339597	AGGTTAGAGCTTATGA-1	8698	5921	0.6807312025753046
GSM6339597	AGGTTAGAGTAACCCG-1	6001	4042	0.6735544075987335
GSM6339597	AGGTTAGAGTTGTCAA-1	9836	6975	0.7091297275315169
GSM6339597	AGGTTGCGTAATCGGC-1	1364	691	0.5065982404692082
GSM6339597	AGGTTGCGTACAAAGA-1	11871	9453	0.7963103361132171
GSM6339597	AGGTTGCGTGCCGCAA-1	24553	19623	0.7992098725206696
GSM6339597	AGGTTGCGTTAGCGTA-1	15979	12155	0.7606859002440703
GSM6339597	AGGTTGCGTTCACTGT-1	6560	4494	0.6850609756097561
GSM6339597	AGGTTGCGTTTAGCTC-1	8435	5359	0.6353289863663307
GSM6339597	AGGTTTATCGCTATGG-1	1523	1158	0.7603414313854235
GSM6339597	AGGTTTATCGGTTTCC-1	5603	4095	0.7308584686774942
GSM6339597	AGGTTTATCTTGACCC-1	7334	4627	0.6308971911644395
GSM6339597	AGGTTTGGTAACCTAG-1	3886	2457	0.6322696860524961
GSM6339597	AGGTTTGGTATTCGCT-1	28221	16453	0.5830055632330534
GSM6339597	AGGTTTGGTCAAACTG-1	1853	1214	0.6551538046411225
GSM6339597	AGGTTTGGTTTAGCTC-1	12064	8495	0.7041611405835544
GSM6339597	AGTAAACAGAATCGCT-1	13552	11646	0.8593565525383707
GSM6339597	AGTAACACACAACCTA-1	21817	13122	0.6014575789521932
GSM6339597	AGTAACACACAGACTC-1	9704	7058	0.7273289365210223
GSM6339597	AGTAACACACCCTCAC-1	11749	10453	0.8896927398076432
GSM6339597	AGTAACACAGCTTAGC-1	15332	11120	0.7252804591703627
GSM6339597	AGTAACACATGCTCCC-1	771	531	0.688715953307393
GSM6339597	AGTAACCTCACTAATG-1	12928	9439	0.7301206683168316
GSM6339597	AGTAACCTCAGTGAAG-1	13562	10219	0.7535024332694293
GSM6339597	AGTAACCTCATAACGC-1	9230	7889	0.8547128927410618
GSM6339597	AGTAACGAGCAAACCT-1	14245	10942	0.7681291681291681
GSM6339597	AGTAACGAGCTATTAG-1	11957	10132	0.8473697415739734
GSM6339597	AGTAACGAGTATTGCA-1	8152	5764	0.7070657507360157
GSM6339597	AGTAACGAGTCAGTAC-1	10243	6573	0.6417065312896613
GSM6339597	AGTAACGAGTGAACCT-1	2233	1446	0.6475593372145096
GSM6339597	AGTAACGAGTTTGGGT-1	10943	8260	0.7548204331536141
GSM6339597	AGTAAGTAGCATGACT-1	9861	6509	0.6600750430990772
GSM6339597	AGTAAGTAGCTGGAAA-1	11794	8870	0.752077327454638
GSM6339597	AGTAATCGTAAAGCGG-1	9984	6878	0.6889022435897436
GSM6339597	AGTAATCGTCCGTAGG-1	7001	5759	0.82259677188973
GSM6339597	AGTAATGCAAGATTCT-1	14755	13876	0.9404269739071501
GSM6339597	AGTAATGCAATTGCGC-1	17388	11628	0.6687370600414079
GSM6339597	AGTAATGCACCGTTCC-1	452	371	0.8207964601769911
GSM6339597	AGTAATGCACTAGCGT-1	7989	6687	0.8370259106271123
GSM6339597	AGTAATGCAGGCAAGC-1	21562	15692	0.7277618031722475
GSM6339597	AGTAATGCAGTAATAG-1	12694	8767	0.6906412478336221
GSM6339597	AGTAATGCATAGTCAT-1	12110	10876	0.8981007431874484
GSM6339597	AGTAATGCATCACAGC-1	4123	2998	0.7271404317244725
GSM6339597	AGTAATGCATGAAATG-1	26284	24081	0.9161847511794248
GSM6339597	AGTAATGCATTATGCG-1	11477	8747	0.7621329615753245
GSM6339597	AGTACGCGTCACAGCG-1	14248	12977	0.9107944974733296
GSM6339597	AGTACGCGTTAGCAGC-1	3829	2466	0.6440323844345782
GSM6339597	AGTACGCGTTAGCTGA-1	11307	11147	0.9858494737773061
GSM6339597	AGTACGCGTTGCTGGG-1	18249	17169	0.9408186749958902
GSM6339597	AGTAGCTTCGAGGTGG-1	3335	1887	0.5658170914542728
GSM6339597	AGTAGCTTCGGGATTT-1	7460	5833	0.7819034852546917
GSM6339597	AGTAGCTTCGTACCGA-1	5489	4830	0.8799417015849882
GSM6339597	AGTAGCTTCTCCATGC-1	6294	4720	0.74992055926279
GSM6339597	AGTAGGATCGCTTCTA-1	9067	6869	0.7575824418219919
GSM6339597	AGTAGGATCGGTTTGG-1	1362	937	0.6879588839941263
GSM6339597	AGTAGGATCGTAATCA-1	9208	5552	0.6029539530842746
GSM6339597	AGTATAGCAGTCTAGC-1	8841	6369	0.7203936206311503
GSM6339597	AGTATAGCATGTGGGA-1	12486	8837	0.7077526830049655
GSM6339597	AGTCAAGAGCACGTTG-1	6966	4810	0.6904966982486362
GSM6339597	AGTCAAGAGCCACATG-1	7525	5569	0.7400664451827242
GSM6339597	AGTCAAGAGCTAAAGG-1	10114	7911	0.7821831125173028
GSM6339597	AGTCAAGAGTCACCTC-1	3862	2498	0.6468151216986018
GSM6339597	AGTCAATGTAACGTGC-1	13645	11063	0.8107731769879076
GSM6339597	AGTCAATGTCAATAGT-1	16137	14698	0.9108260519303464
GSM6339597	AGTCAGGCAGGAAGCC-1	5914	4508	0.7622590463307406
GSM6339597	AGTCAGGCATAAGTTC-1	8440	6005	0.7114928909952607
GSM6339597	AGTCAGGCATTGTCAG-1	15259	12537	0.8216134740153352
GSM6339597	AGTCCTGAGAAGGTGC-1	9911	7989	0.8060740591262234
GSM6339597	AGTCCTGAGCAGCTCA-1	11120	9289	0.835341726618705
GSM6339597	AGTCCTGAGCTGTCAG-1	8997	7620	0.8469489829943314
GSM6339597	AGTCCTGAGGAACCGG-1	4834	3303	0.6832850641290856
GSM6339597	AGTCCTGAGGCCATCA-1	12540	8507	0.6783891547049442
GSM6339597	AGTCCTGAGGCTCATG-1	3727	2541	0.6817815937751542
GSM6339597	AGTCCTGAGTCATTAG-1	6807	4856	0.713383281915675
GSM6339597	AGTCCTTGTAACCTAG-1	4358	3249	0.7455254703992658
GSM6339597	AGTCCTTGTGTCCAAA-1	11316	9482	0.8379285966772712
GSM6339597	AGTCCTTGTTCCTGTG-1	8552	4928	0.5762394761459307
GSM6339597	AGTCCTTGTTTACGTC-1	10344	7562	0.7310518174787316
GSM6339597	AGTCGCATCAAAGGCA-1	11352	9007	0.7934284707540521
GSM6339597	AGTCGCATCAGGTTTA-1	26875	22631	0.8420837209302325
GSM6339597	AGTCGCATCGTTTCGC-1	22833	16680	0.730521613454211
GSM6339597	AGTCGCATCTCTAGCC-1	4872	3711	0.7616995073891626
GSM6339597	AGTCGCATCTTACTCG-1	6950	5253	0.7558273381294964
GSM6339597	AGTCTTGCACAGCCAT-1	27749	23951	0.8631302028901943
GSM6339597	AGTCTTGCACCTATAG-1	2693	2207	0.8195321203119198
GSM6339597	AGTCTTGCACTTCACT-1	5266	5540	1.052031902772503
GSM6339597	AGTCTTGCAGTCTAGC-1	7256	5169	0.7123759647188533
GSM6339597	AGTCTTGCATCCCTCA-1	16259	13299	0.8179469832092995
GSM6339597	AGTCTTGCATTGTCAG-1	12827	9756	0.7605831449286661
GSM6339597	AGTGAACCAAGGTAAC-1	11037	8447	0.7653347830026275
GSM6339597	AGTGAACCAGCCTAAC-1	4164	2503	0.601104707012488
GSM6339597	AGTGAACCATCATGGC-1	7950	5807	0.7304402515723271
GSM6339597	AGTGAGTCACCCACCT-1	10151	7644	0.7530292582011624
GSM6339597	AGTGAGTCATGCTATG-1	9514	9152	0.9619508093336137
GSM6339597	AGTGATGAGACAGGCG-1	9786	7648	0.7815246270181893
GSM6339597	AGTGCACGTATTGCAG-1	6954	4733	0.6806154731090021
GSM6339597	AGTGCACGTGGCTTCC-1	37051	29959	0.8085881622628269
GSM6339597	AGTGCACGTTAAGCGC-1	8624	6131	0.7109230055658627
GSM6339597	AGTGCCGGTGCACGCA-1	18016	14830	0.8231571936056838
GSM6339597	AGTGCCGGTGCTTACT-1	3024	1849	0.611441798941799
GSM6339597	AGTGCCGGTTAGTTGG-1	562	298	0.5302491103202847
GSM6339597	AGTGCCGGTTATAGCG-1	9104	7347	0.8070079086115993
GSM6339597	AGTGCCGGTTTATCTG-1	4381	2678	0.6112759643916914
GSM6339597	AGTGCCGGTTTGCGAA-1	2123	1402	0.6603862458784738
GSM6339597	AGTGCGGAGCCAGTAT-1	1352	1046	0.7736686390532544
GSM6339597	AGTGCGGAGGACCGCT-1	7703	5237	0.6798649876671427
GSM6339597	AGTGCGGAGTTAGTGC-1	2625	2028	0.7725714285714286
GSM6339597	AGTGGACAGTGACCTG-1	17826	16773	0.9409289801413665
GSM6339597	AGTGGACAGTTTGAGC-1	10975	7271	0.66250569476082
GSM6339597	AGTGGACAGTTTGCGG-1	16756	15713	0.9377536404869897
GSM6339597	AGTGTGGCAAACGCGA-1	8585	6017	0.7008736167734421
GSM6339597	AGTGTGGCAACAGGTG-1	3535	2669	0.755021216407355
GSM6339597	AGTGTGGCAGGGAGGA-1	1050	843	0.8028571428571428
GSM6339597	AGTGTGGCAGGTTATT-1	13155	10987	0.835195743063474
GSM6339597	AGTGTGGCAGGTTCAC-1	36969	26026	0.7039952392545106
GSM6339597	AGTGTGGCATCTTGAG-1	11993	10645	0.8876011006420412
GSM6339597	AGTGTTTCAATCGCAC-1	11630	8980	0.7721410146173688
GSM6339597	AGTGTTTCAATGCGCT-1	5196	3522	0.6778290993071594
GSM6339597	AGTGTTTCACTTGTTC-1	1284	877	0.6830218068535826
GSM6339597	AGTGTTTCATAATCAC-1	3215	2239	0.6964230171073095
GSM6339597	AGTTACATCACGCATG-1	15122	12188	0.8059780452321121
GSM6339597	AGTTACATCATGTTTC-1	2066	1396	0.675701839303001
GSM6339597	AGTTACATCGATATTG-1	3880	2929	0.7548969072164948
GSM6339597	AGTTACATCGCTAGAT-1	14414	10265	0.7121548494519218
GSM6339597	AGTTACTCATGAATAG-1	31311	23004	0.7346938775510204
GSM6339597	AGTTACTCATTGCAGC-1	9037	7105	0.7862122385747483
GSM6339597	AGTTATGTCAAGCGCC-1	12079	7947	0.6579187018792947
GSM6339597	AGTTATGTCAATGACC-1	13959	11621	0.8325094920839602
GSM6339597	AGTTATGTCAGGTTTA-1	15028	11576	0.7702954484961405
GSM6339597	AGTTATGTCGTTATAG-1	27543	22742	0.8256907381185782
GSM6339597	AGTTATGTCTATTGTC-1	9844	6099	0.6195652173913043
GSM6339597	AGTTATGTCTCAATTC-1	10625	8687	0.8176
GSM6339597	AGTTGCAGTAATAACC-1	4157	2638	0.634592254029348
GSM6339597	AGTTGCAGTGGAAACG-1	3684	2931	0.7956026058631922
GSM6339597	AGTTGCAGTGGTTCTT-1	1323	1009	0.762660619803477
GSM6339597	AGTTGCAGTTAACAGT-1	15836	11916	0.7524627431169487
GSM6339597	AGTTGCAGTTCAAGCA-1	13880	12028	0.8665706051873199
GSM6339597	AGTTGCGTCATAATCG-1	5543	4445	0.801912321847375
GSM6339597	AGTTGCGTCATTAGGC-1	7168	4704	0.65625
GSM6339597	AGTTGCGTCCTACCTA-1	14398	13121	0.9113071259897207
GSM6339597	AGTTGCGTCTACTAAG-1	13413	11714	0.8733318422426004
GSM6339597	AGTTGCGTCTGTTGCC-1	11460	9541	0.8325479930191972
GSM6339597	AGTTGGCGTAACTACG-1	5360	3995	0.7453358208955224
GSM6339597	AGTTGGCGTATGGTGC-1	13682	9628	0.7036982897237246
GSM6339597	AGTTGGCGTTACAAAC-1	26731	26448	0.9894130410384946
GSM6339597	AGTTGTCAGGCTATGT-1	1697	1007	0.5934001178550383
GSM6339597	AGTTTGATCAAGCTAC-1	18074	11633	0.6436317361956402
GSM6339597	AGTTTGATCGCGACAC-1	13815	10061	0.7282663771263119
GSM6339597	AGTTTGATCTCAATGA-1	13152	10949	0.8324969586374696
GSM6339597	AGTTTGCAGACTATTG-1	17270	14123	0.8177764910248987
GSM6339597	AGTTTGCAGGTGAAAT-1	12649	9558	0.7556328563522808
GSM6339597	ATAACGACAAAGGTAC-1	15324	11013	0.7186765857478465
GSM6339597	ATAACGACACAACAGG-1	17316	11807	0.6818549318549318
GSM6339597	ATAACGACAGGTCCTG-1	3011	1838	0.6104284290933245
GSM6339597	ATAACGACATAAGCAA-1	11173	8462	0.7573614964646916
GSM6339597	ATAACGACATTGTCCT-1	12081	10509	0.8698783213310156
GSM6339597	ATAAGCCTCAAGGACA-1	5682	3390	0.5966209081309398
GSM6339597	ATAAGCCTCCAAACAC-1	700	504	0.72
GSM6339597	ATAAGCCTCCAAATCA-1	13999	11283	0.8059861418672762
GSM6339597	ATAAGCCTCCTAATTC-1	10897	6858	0.6293475268422501
GSM6339597	ATAAGCCTCTAATCCT-1	977	658	0.6734902763561924
GSM6339597	ATAAGCCTCTGTTGCC-1	3133	2152	0.6868815831471433
GSM6339597	ATAAGTCGTCTAACCT-1	31585	24595	0.7786924172866867
GSM6339597	ATAAGTCGTGCACGCA-1	3343	2472	0.7394555788214179
GSM6339597	ATAAGTCGTGTTTGTC-1	9055	5775	0.6377691882937604
GSM6339597	ATAAGTCGTTACAACG-1	688	479	0.6962209302325582
GSM6339597	ATAAGTCGTTGTTGCT-1	1889	1095	0.5796717840127051
GSM6339597	ATAATGGCAAGGATTA-1	2396	1352	0.5642737896494157
GSM6339597	ATAATGGCACCTAAGC-1	4578	4166	0.910004368719965
GSM6339597	ATAATGGCAGGGAGGA-1	433	298	0.6882217090069284
GSM6339597	ATAATGGCATGTTGTG-1	15990	10973	0.6862414008755472
GSM6339597	ATACCTGCAAGTAAGC-1	19519	13545	0.6939392386905067
GSM6339597	ATACCTGCATCGCTTT-1	12814	9238	0.7209302325581395
GSM6339597	ATAGATGCAACTGGCT-1	21009	17400	0.8282164786520063
GSM6339597	ATAGATGCACAAGCCT-1	23644	19618	0.8297242429368973
GSM6339597	ATAGATGCAGGAATCG-1	30092	27151	0.9022663830918517
GSM6339597	ATAGATGCAGGCCATT-1	13773	12650	0.918463660785595
GSM6339597	ATAGATGCAGTTTACG-1	18530	14045	0.7579600647598489
GSM6339597	ATAGATGCATAGCTTG-1	30926	25128	0.8125202095324322
GSM6339597	ATAGATGCATAGTCAT-1	17976	13603	0.7567311971517579
GSM6339597	ATAGCATGTACCGTAA-1	2125	1352	0.636235294117647
GSM6339597	ATAGCATGTGGACCTG-1	19756	18082	0.9152662482283863
GSM6339597	ATAGCATGTTACGCAA-1	1574	1004	0.6378653113087674
GSM6339597	ATAGCATGTTGACTTC-1	8119	7775	0.9576302500307919
GSM6339597	ATAGCATGTTGAGGTC-1	12775	9548	0.7473972602739726
GSM6339597	ATAGGTACAACCCTCC-1	15285	10698	0.6999018645731109
GSM6339597	ATAGGTACAAGTGTCC-1	5562	4624	0.8313556274721323
GSM6339597	ATAGGTACAATTAACC-1	2638	1738	0.6588324488248674
GSM6339597	ATAGGTACACTAAATC-1	25248	16383	0.6488830798479087
GSM6339597	ATAGGTACACTTACAG-1	16120	12842	0.7966501240694789
GSM6339597	ATAGGTACAGGATAAC-1	3119	1564	0.5014427701186278
GSM6339597	ATAGGTACAGGCCATT-1	9853	8813	0.8944483913528875
GSM6339597	ATAGGTACAGGCTTCG-1	452	349	0.7721238938053098
GSM6339597	ATAGGTACAGTAAAGC-1	20743	18272	0.8808754760642145
GSM6339597	ATAGGTACATAGGCGA-1	19276	15702	0.8145880888151069
GSM6339597	ATAGGTACATTAAACC-1	7256	4620	0.6367144432194046
GSM6339597	ATATAGGCACAGAAAC-1	6853	5028	0.7336932730191157
GSM6339597	ATATAGGCAGCACGAA-1	6430	5157	0.8020217729393468
GSM6339597	ATATAGGCAGGCTTCG-1	14267	10968	0.7687670848811944
GSM6339597	ATATAGGCAGGTTCAC-1	13121	10150	0.7735690877219724
GSM6339597	ATATAGGCATCCTGAA-1	6490	4065	0.6263482280431433
GSM6339597	ATATAGGCATGAAATG-1	791	488	0.6169405815423514
GSM6339597	ATATGCATCAGGCTAT-1	25051	23622	0.9429563690072252
GSM6339597	ATATGCATCCTAATTC-1	8282	5614	0.6778555904370925
GSM6339597	ATATGCATCGGCTATG-1	1445	1033	0.714878892733564
GSM6339597	ATATGCATCTAGCTTT-1	1039	699	0.6727622714148219
GSM6339597	ATATGCTCAACAGCCT-1	17515	16057	0.9167570653725379
GSM6339597	ATATGCTCAAGTTATC-1	14472	11140	0.7697622996130459
GSM6339597	ATATGCTCACCGTTCC-1	8634	7683	0.889854065323141
GSM6339597	ATATGCTCACTCGCTC-1	14685	8808	0.5997957099080694
GSM6339597	ATATGCTCATGAGCAG-1	13477	11551	0.8570898567930548
GSM6339597	ATATGGTGTCATTGAG-1	2658	1446	0.5440180586907449
GSM6339597	ATATGGTGTCATTGTC-1	1644	1222	0.7433090024330901
GSM6339597	ATATGGTGTGAGCAAG-1	6711	4359	0.6495306213679034
GSM6339597	ATATGGTGTTGGGTTA-1	7894	4784	0.6060298961236382
GSM6339597	ATATGGTGTTGTAACG-1	3075	2281	0.7417886178861789
GSM6339597	ATATGTCCACTTCATC-1	1505	1107	0.7355481727574751
GSM6339597	ATATGTCCATAGCGAG-1	1019	859	0.8429833169774289
GSM6339597	ATATGTCCATAGTCAT-1	483	217	0.4492753623188406
GSM6339597	ATATGTCCATCAGTAT-1	8521	6365	0.7469780542189883
GSM6339597	ATCAAGACAATAATGG-1	4303	2757	0.6407157796885894
GSM6339597	ATCAAGACACATTGCA-1	4511	3356	0.7439592108180004
GSM6339597	ATCAAGACATTGTGGC-1	7293	5316	0.7289181406828465
GSM6339597	ATCAAGCTCCCATAGG-1	8087	5466	0.6758995919376778
GSM6339597	ATCAAGCTCTAACCAA-1	3550	2471	0.696056338028169
GSM6339597	ATCAATCCATTGTCCT-1	8000	5884	0.7355
GSM6339597	ATCACAATCCCTCATA-1	9532	6309	0.6618757868233319
GSM6339597	ATCACAATCTACTAAG-1	7010	5300	0.7560627674750356
GSM6339597	ATCACACAGGAAGCTA-1	10193	7079	0.6944962228980673
GSM6339597	ATCACACAGGACTTAC-1	4605	3759	0.8162866449511401
GSM6339597	ATCACACAGGCCAATT-1	2279	1406	0.6169372531812198
GSM6339597	ATCACACAGGGATGAC-1	33730	30550	0.9057219092795731
GSM6339597	ATCACACAGTCATGCG-1	17089	11479	0.6717186494236058
GSM6339597	ATCACCCTCAGTTCCC-1	16984	11623	0.684349976448422
GSM6339597	ATCACCCTCCCTGGAA-1	25838	18515	0.7165802306680084
GSM6339597	ATCACCCTCTCAATGA-1	6143	4769	0.7763307830050464
GSM6339597	ATCACTAAGAATGACG-1	20135	14775	0.7337968711199404
GSM6339597	ATCACTAAGCAGCTCA-1	16695	14585	0.8736148547469302
GSM6339597	ATCAGGTTCAACCAAC-1	10832	8356	0.7714180206794683
GSM6339597	ATCAGGTTCACAAGCT-1	12224	7504	0.6138743455497382
GSM6339597	ATCAGGTTCTACTAAG-1	16425	12728	0.7749162861491629
GSM6339597	ATCATCAAGCACAGAA-1	3047	2115	0.694125369215622
GSM6339597	ATCATCAAGCACGTTG-1	18894	16168	0.8557213930348259
GSM6339597	ATCATCAAGCCTCTGT-1	11166	6795	0.608543793659323
GSM6339597	ATCATCAAGCTATGAC-1	19216	18008	0.9371357202331391
GSM6339597	ATCATCAAGTTTGTCT-1	19915	15671	0.7868943007783078
GSM6339597	ATCATGTCACAAAGAC-1	8144	5813	0.7137770137524558
GSM6339597	ATCATGTCACCTATAG-1	12141	7899	0.6506053867062022
GSM6339597	ATCATGTCATAATGAG-1	1844	1507	0.8172451193058569
GSM6339597	ATCATGTCATTGACAT-1	8935	6010	0.6726357022943481
GSM6339597	ATCATGTCATTTAAGC-1	7915	5435	0.6866708780795957
GSM6339597	ATCCAACAGGACCTGC-1	25026	22635	0.9044593622632462
GSM6339597	ATCCAACAGGTTACGT-1	10110	7866	0.7780415430267063
GSM6339597	ATCCAACAGTCACCAG-1	14938	13067	0.8747489623778284
GSM6339597	ATCCACCTCCTCATGC-1	16506	16081	0.9742517872288865
GSM6339597	ATCCACCTCTAGCGAT-1	1792	1153	0.6434151785714286
GSM6339597	ATCCACCTCTTGTTCG-1	2578	1400	0.5430566330488751
GSM6339597	ATCCATAAGCTAAAGG-1	11104	7133	0.6423811239193083
GSM6339597	ATCCATAAGGCGGATG-1	12520	9637	0.7697284345047923
GSM6339597	ATCCATAAGGGACGCA-1	9934	6142	0.6182806523052145
GSM6339597	ATCCATAAGGTGAAAT-1	4463	2880	0.6453058480842483
GSM6339597	ATCCCGCGTAAAGCGG-1	17140	13747	0.8020420070011669
GSM6339597	ATCCCGCGTTAATGAC-1	6133	3953	0.644545899233654
GSM6339597	ATCCGTGAGAGAGCCG-1	30803	22105	0.7176249066649353
GSM6339597	ATCCGTGAGCCGCTTT-1	3334	2340	0.7018596280743852
GSM6339597	ATCCGTGAGGATCCGC-1	8619	6519	0.7563522450400278
GSM6339597	ATCCTCATCAATCTAG-1	1220	957	0.7844262295081967
GSM6339597	ATCCTCATCCAAACAC-1	1165	920	0.7896995708154506
GSM6339597	ATCCTCATCGAGGAAC-1	25052	23984	0.9573686731598275
GSM6339597	ATCCTGACAATTGACT-1	3756	2662	0.7087326943556975
GSM6339597	ATCCTGACAGCCTAAC-1	10201	6789	0.6655229879423586
GSM6339597	ATCCTGACATAGACCC-1	1132	745	0.6581272084805654
GSM6339597	ATCCTGACATGAAATG-1	15663	11916	0.760773798122965
GSM6339597	ATCCTTAGTACCGTAA-1	695	469	0.6748201438848921
GSM6339597	ATCGAGGCACGAATCC-1	9820	7297	0.7430753564154786
GSM6339597	ATCGAGGCACTGACCG-1	7564	4681	0.6188524590163934
GSM6339597	ATCGAGGCAGCGCTTG-1	13537	10159	0.750461697569624
GSM6339597	ATCGCCCGTACTGATG-1	12629	9476	0.7503365270409376
GSM6339597	ATCGCCCGTCATTACC-1	3563	2431	0.6822902048835251
GSM6339597	ATCGCCCGTCCTAAGA-1	7756	5833	0.7520629190304281
GSM6339597	ATCGCCCGTCCTCCAA-1	557	419	0.7522441651705566
GSM6339597	ATCGCCCGTGAAACAA-1	28862	23948	0.829741528653593
GSM6339597	ATCGCTTGTAACCACA-1	711	449	0.6315049226441631
GSM6339597	ATCGCTTGTAACGGGA-1	1102	720	0.6533575317604355
GSM6339597	ATCGCTTGTCAACAAT-1	945	703	0.7439153439153439
GSM6339597	ATCGCTTGTCAAGTGC-1	1015	599	0.5901477832512315
GSM6339597	ATCGCTTGTCAGGCCA-1	1371	1083	0.7899343544857768
GSM6339597	ATCGGCCAGAGAGGCT-1	1934	1392	0.7197518097207859
GSM6339597	ATCGGCCAGGACGTAA-1	10162	7223	0.7107852784884865
GSM6339597	ATCGGCCAGGCTACAT-1	37955	25783	0.6793044394677908
GSM6339597	ATCGGCCAGTTGCCTC-1	2689	2092	0.7779843808107103
GSM6339597	ATCTATGAGAGGATAT-1	10067	8408	0.8352041323134995
GSM6339597	ATCTATGAGGACCTTG-1	1242	703	0.5660225442834138
GSM6339597	ATCTATGAGTCACTCC-1	9085	6611	0.727682993946065
GSM6339597	ATCTTTGGTATGGTGC-1	1651	962	0.5826771653543307
GSM6339597	ATCTTTGGTTCAAGAT-1	1286	843	0.6555209953343701
GSM6339597	ATCTTTGGTTTACGTC-1	932	621	0.6663090128755365
GSM6339597	ATCTTTGGTTTCGCGC-1	6002	4813	0.8018993668777075
GSM6339597	ATGAAGCCAACCTGGT-1	3990	3138	0.7864661654135339
GSM6339597	ATGAAGCCAATGCCTA-1	9655	6122	0.6340756084930088
GSM6339597	ATGAAGCCACTCAACA-1	11637	7999	0.6873764715992094
GSM6339597	ATGAAGCCACTGACCG-1	6229	5009	0.8041419168405843
GSM6339597	ATGAAGCCATCGCTTT-1	25817	16928	0.655691985900763
GSM6339597	ATGAAGTAGCGGTTAT-1	8424	5007	0.5943732193732194
GSM6339597	ATGAAGTAGGACTTAC-1	13853	10945	0.7900815707788926
GSM6339597	ATGAAGTAGGGACTAA-1	11171	8226	0.7363709605227822
GSM6339597	ATGAATGCAATAGCAA-1	10687	9108	0.8522503976794236
GSM6339597	ATGAATGCAGTTGCGT-1	13381	8637	0.6454674538524774
GSM6339597	ATGACAACAAGGTAAC-1	16659	12353	0.7415210997058647
GSM6339597	ATGACAACATGAGTTT-1	9686	6856	0.7078257278546356
GSM6339597	ATGACAACATTGACAT-1	27748	23412	0.8437364855124694
GSM6339597	ATGACCAGTTAAGCGC-1	25953	20151	0.7764420298231418
GSM6339597	ATGACGAAGACTTATG-1	20023	14378	0.7180742146531489
GSM6339597	ATGACGAAGCAAGATG-1	35561	31449	0.884367706194989
GSM6339597	ATGACGAAGCACTAGT-1	6302	3998	0.634401777213583
GSM6339597	ATGACTCAGGCGCATC-1	6016	5153	0.8565492021276596
GSM6339597	ATGACTCAGTTTGGGT-1	4970	3244	0.6527162977867204
GSM6339597	ATGAGCCGTAAAGCAA-1	5779	4106	0.7105035473265271
GSM6339597	ATGAGCCGTTTGCGAA-1	8047	5186	0.644463775319995
GSM6339597	ATGAGCCGTTTGGGCG-1	9031	6523	0.7222898903775883
GSM6339597	ATGATGACAATGCGCT-1	2681	1635	0.6098470719880642
GSM6339597	ATGATGACAGAAATGC-1	2972	1953	0.6571332436069987
GSM6339597	ATGATGACAGCAAGAT-1	548	394	0.718978102189781
GSM6339597	ATGATGGAGAACAAGT-1	10597	8718	0.8226856657544588
GSM6339597	ATGATGGAGAAGCTAG-1	12390	8677	0.7003228410008071
GSM6339597	ATGATGGAGGAGCAAC-1	22556	17262	0.7652952651179287
GSM6339597	ATGATGGAGGTGTTAC-1	6482	4121	0.6357605677260105
GSM6339597	ATGCAAACAAGCTAAA-1	22698	15554	0.6852586130936646
GSM6339597	ATGCAAACACGCAACT-1	2132	1765	0.8278611632270169
GSM6339597	ATGCAAACACTTAGGC-1	5293	3516	0.664273568864538
GSM6339597	ATGCAAACAGCAACCT-1	15426	9937	0.6441721768442888
GSM6339597	ATGCAAACAGGTTACC-1	21541	17331	0.8045587484332204
GSM6339597	ATGCAAACATGTTTGG-1	24009	23875	0.9944187596318047
GSM6339597	ATGCAGGCACATTAAC-1	21224	16908	0.7966453071993969
GSM6339597	ATGCAGGCACCTAAGC-1	1142	748	0.6549912434325744
GSM6339597	ATGCAGGCACGTAAGG-1	12537	9646	0.7694025683975433
GSM6339597	ATGCATTCAAAGCTAA-1	9448	6734	0.7127434377646062
GSM6339597	ATGCATTCATCAGCAC-1	15065	12918	0.8574842349817458
GSM6339597	ATGCCTGAGAAAGGAA-1	15360	10726	0.6983072916666667
GSM6339597	ATGCCTGAGCCTTAAA-1	13337	12361	0.9268201244657719
GSM6339597	ATGCCTGAGCGATACT-1	6700	4392	0.6555223880597015
GSM6339597	ATGCCTGAGCTTATGA-1	16005	12200	0.7622617931896283
GSM6339597	ATGCGATTCCCTCACG-1	8319	5585	0.6713547301358337
GSM6339597	ATGCGATTCTTAAGTG-1	8325	7501	0.901021021021021
GSM6339597	ATGCTTAAGCACGATT-1	27298	22273	0.8159205802622903
GSM6339597	ATGCTTAAGCATGTTA-1	9398	7304	0.777186635454352
GSM6339597	ATGCTTAAGCCATCAG-1	14292	11781	0.8243073047858942
GSM6339597	ATGCTTAAGGTATTGC-1	858	579	0.6748251748251748
GSM6339597	ATGGACAAGACACCGC-1	9278	7584	0.8174175468851046
GSM6339597	ATGGACAAGAGGAGTC-1	10245	5728	0.5591020009760859
GSM6339597	ATGGACAAGGACCTTG-1	9487	8420	0.8875303046273848
GSM6339597	ATGGACAAGTTACCGG-1	8426	5707	0.6773083313553288
GSM6339597	ATGGACAAGTTATCCT-1	10828	9481	0.8756002955301071
GSM6339597	ATGGCCCAGCACTAGT-1	26330	21690	0.823775161412837
GSM6339597	ATGGCCCAGCGCAATT-1	35270	28622	0.811511199319535
GSM6339597	ATGGCCCAGCTGGAAA-1	12020	7665	0.6376871880199667
GSM6339597	ATGGCCCAGGCCCAGT-1	4216	2685	0.6368595825426945
GSM6339597	ATGGCCCAGGGTGAGT-1	1665	980	0.5885885885885885
GSM6339597	ATGGCCCAGTATGTGC-1	811	647	0.7977805178791615
GSM6339597	ATGGCCGGTGAGGTGA-1	5330	3309	0.6208255159474672
GSM6339597	ATGGCTAGTATTGCAG-1	923	761	0.8244853737811484
GSM6339597	ATGGCTAGTCATCATC-1	10434	8835	0.8467510063254744
GSM6339597	ATGGCTAGTTAATCGG-1	523	401	0.7667304015296367
GSM6339597	ATGGCTGTCACATTGA-1	6102	3793	0.6215994755817764
GSM6339597	ATGGCTGTCATGGTTA-1	27606	17747	0.642867492574078
GSM6339597	ATGGCTGTCATGTCAA-1	5713	3428	0.6000350078767722
GSM6339597	ATGGCTGTCTTTGAGA-1	13519	9412	0.6962053406317035
GSM6339597	ATGGCTTAGAGAAGGG-1	22538	18758	0.8322832549472002
GSM6339597	ATGGCTTAGCGGTTAT-1	13438	11024	0.8203601726447388
GSM6339597	ATGGCTTAGGAGCATA-1	15002	10318	0.6877749633382215
GSM6339597	ATGGCTTAGTTGTCCC-1	15210	13434	0.8832347140039448
GSM6339597	ATGGTCTAGGTTACGT-1	25748	24230	0.9410439645797732
GSM6339597	ATGGTCTAGTAGCGCC-1	14949	12575	0.8411933908622651
GSM6339597	ATGGTGCGTATTGTGG-1	11919	8510	0.7139860726571021
GSM6339597	ATGGTGCGTATTTGGG-1	3370	2544	0.7548961424332344
GSM6339597	ATGGTGCGTCCGGTTC-1	11069	8019	0.7244556870539344
GSM6339597	ATGGTGCGTGCTAGAC-1	11843	10427	0.8804357004137465
GSM6339597	ATGGTGCGTGTTGTAG-1	4864	3379	0.6946957236842105
GSM6339597	ATGGTGCGTTACTAGG-1	12217	8627	0.7061471719734795
GSM6339597	ATGGTTATCAGGTTTA-1	5510	3909	0.709437386569873
GSM6339597	ATGGTTATCCACCTGT-1	761	521	0.6846254927726675
GSM6339597	ATGGTTATCCGGTTAG-1	13697	10928	0.7978389428341973
GSM6339597	ATGGTTATCCTGCGAA-1	1005	874	0.8696517412935323
GSM6339597	ATGGTTATCTCACACC-1	5012	3359	0.6701915403032721
GSM6339597	ATGGTTATCTCACTAT-1	8917	6434	0.7215431198833688
GSM6339597	ATGTAACGTACGGGTT-1	4789	3696	0.7717686364585509
GSM6339597	ATGTAACGTCAAGACC-1	3451	2248	0.6514053897421037
GSM6339597	ATGTAACGTGAGCAAG-1	22096	18473	0.8360336712527154
GSM6339597	ATGTAACGTGGATTGC-1	21308	17058	0.8005443964708091
GSM6339597	ATGTAACGTGGGTACT-1	3071	2037	0.6633018560729405
GSM6339597	ATGTAACGTTCCGGGA-1	12861	8334	0.6480055983205039
GSM6339597	ATGTAAGCAATAACGA-1	801	574	0.7166042446941323
GSM6339597	ATGTAAGCACCAGCAT-1	1685	1149	0.6818991097922849
GSM6339597	ATGTAAGCATCCGTAA-1	665	338	0.5082706766917293
GSM6339597	ATGTAAGCATTTGCTC-1	1937	1109	0.572534847702633
GSM6339597	ATGTCAATCATTATGG-1	5899	3788	0.6421427360569588
GSM6339597	ATGTCAATCATTGACA-1	8406	6622	0.7877706400190341
GSM6339597	ATGTCAATCCATTACT-1	26991	19796	0.7334296617390982
GSM6339597	ATGTCAATCGCCTAAG-1	14457	11624	0.8040395656083558
GSM6339597	ATGTCAATCGCGCTAA-1	8324	6849	0.822801537722249
GSM6339597	ATGTCATCACTAAGCC-1	6777	5461	0.8058137819093995
GSM6339597	ATGTCATCAGGATGGC-1	10163	7779	0.7654235953950606
GSM6339597	ATGTCATCAGGCGATA-1	12684	9945	0.7840586565752129
GSM6339597	ATGTCCACAGCAAGAT-1	1763	1150	0.6522972206466251
GSM6339597	ATGTCCACATCATGTG-1	8524	6963	0.8168700140778977
GSM6339597	ATGTGAGAGCATGCAT-1	17148	18212	1.0620480522509914
GSM6339597	ATGTGAGAGCCAGTAT-1	9300	7070	0.7602150537634409
GSM6339597	ATGTGAGAGCGATAAG-1	18587	16077	0.8649593802119762
GSM6339597	ATGTGAGAGGCGTAAA-1	6304	4077	0.6467322335025381
GSM6339597	ATGTGAGAGGGACTAA-1	12274	7368	0.6002933029167346
GSM6339597	ATGTGAGAGTTGTCCC-1	2391	1634	0.6833960685905479
GSM6339597	ATGTTCAAGAGCAAGC-1	7574	5273	0.6961975178241352
GSM6339597	ATGTTCAAGGCACAGG-1	4766	3522	0.7389844733529165
GSM6339597	ATGTTCAAGGCCTTAG-1	12097	8220	0.6795073158634373
GSM6339597	ATGTTCAAGGTACCGC-1	12430	11837	0.9522928399034594
GSM6339597	ATGTTCAAGTAAGTGG-1	3461	2459	0.7104882981797168
GSM6339597	ATGTTCAAGTCATTTC-1	8919	6252	0.7009754456777666
GSM6339597	ATGTTCAAGTTCCTCA-1	38371	30218	0.7875218263792969
GSM6339597	ATGTTCAAGTTTCCTG-1	13379	9951	0.7437775618506615
GSM6339597	ATGTTGTCAGGCCAAA-1	18080	16629	0.9197455752212389
GSM6339597	ATGTTGTCAGGTTATT-1	5475	3661	0.668675799086758
GSM6339597	ATGTTGTCAGTTAGCC-1	12374	7389	0.5971391627606272
GSM6339597	ATGTTTGAGCTAATCA-1	29434	23391	0.7946932119317796
GSM6339597	ATGTTTGAGGCGGATG-1	14182	10802	0.761669722183049
GSM6339597	ATGTTTGAGGGCCATC-1	8056	5544	0.6881827209533267
GSM6339597	ATGTTTGAGGTAAGGC-1	1616	943	0.5835396039603961
GSM6339597	ATGTTTGAGTCACTCC-1	11066	8490	0.7672148924634014
GSM6339597	ATTAACCCAATGCGCT-1	10059	7987	0.7940153096729298
GSM6339597	ATTAACCCAATTAGGA-1	6071	4767	0.7852083676494811
GSM6339597	ATTAACCCATCCTAGA-1	2817	1691	0.6002839900603479
GSM6339597	ATTACCCGTGAAACAA-1	14541	11929	0.8203699883089196
GSM6339597	ATTACCCGTTGAGCCG-1	17027	14108	0.8285663945498326
GSM6339597	ATTACCGCAGGGAGGA-1	771	678	0.8793774319066148
GSM6339597	ATTACCGCATGAAGTA-1	657	416	0.6331811263318112
GSM6339597	ATTACGTCAACACTTG-1	13669	10750	0.7864510937157071
GSM6339597	ATTACGTCACGAATTT-1	12289	8733	0.7106355277077061
GSM6339597	ATTACGTCAGCCAGTT-1	13521	10543	0.7797500184897567
GSM6339597	ATTACGTCAGCTTAGC-1	15413	11882	0.7709076753389995
GSM6339597	ATTACGTCATCAATCG-1	23233	16729	0.7200533723582835
GSM6339597	ATTACGTCATGGCCTG-1	30839	22668	0.7350432893414184
GSM6339597	ATTACGTCATGTCGCG-1	13868	9756	0.7034900490337468
GSM6339597	ATTACTGAGCATGCAT-1	25016	21320	0.8522545570834665
GSM6339597	ATTACTGAGTAAACCC-1	723	559	0.7731673582295989
GSM6339597	ATTACTGAGTAAGTCC-1	12865	9224	0.7169840652934318
GSM6339597	ATTACTGAGTCACGAT-1	12129	9520	0.7848957045098525
GSM6339597	ATTAGCGGTACTTCAC-1	1566	1099	0.7017879948914432
GSM6339597	ATTAGCGGTCACACCC-1	12020	10050	0.8361064891846922
GSM6339597	ATTAGCGGTGACATGC-1	2719	2125	0.7815373299006988
GSM6339597	ATTAGCGGTGCATTAG-1	6509	3853	0.5919496082347518
GSM6339597	ATTAGCGGTTCGCTCA-1	12310	9063	0.7362307067424858
GSM6339597	ATTAGCTCAAGGTCGA-1	23605	17385	0.736496504977759
GSM6339597	ATTAGCTCAGCAAGGC-1	28679	20150	0.702604693329614
GSM6339597	ATTAGGTGTAACTACG-1	4241	2763	0.6514972883753831
GSM6339597	ATTAGGTGTATGTGGC-1	428	229	0.5350467289719626
GSM6339597	ATTAGGTGTCAAAGGG-1	14636	13565	0.9268242689259361
GSM6339597	ATTAGGTGTGATTACG-1	12458	9094	0.7299727082998876
GSM6339597	ATTAGGTGTTACTTGC-1	23577	16330	0.6926241676209866
GSM6339597	ATTAGGTGTTAGAGGG-1	22041	17647	0.8006442538904769
GSM6339597	ATTAGGTGTTGGGTTA-1	1554	1262	0.8120978120978121
GSM6339597	ATTAGTCCAACCTAAT-1	9907	7373	0.7442212576965782
GSM6339597	ATTAGTCCACTAAGTT-1	8549	6294	0.7362264592349983
GSM6339597	ATTAGTCCAGCTAATT-1	1544	1158	0.75
GSM6339597	ATTAGTCCAGTTATGT-1	22336	18122	0.8113359598853869
GSM6339597	ATTAGTCCATTGTCCT-1	13340	11467	0.8595952023988006
GSM6339597	ATTATCCTCAGCAAGA-1	9486	5642	0.5947712418300654
GSM6339597	ATTATGGTCCTAACGG-1	8110	5374	0.6626387176325524
GSM6339597	ATTATGGTCGGTTACG-1	3751	2764	0.736870167955212
GSM6339597	ATTCAACCAACCCTAA-1	10592	6900	0.6514350453172205
GSM6339597	ATTCAACCACCTGGTG-1	17829	14322	0.8032979976442874
GSM6339597	ATTCAACCAGCATGGA-1	17299	19357	1.118966414243598
GSM6339597	ATTCAACCAGGGAGGA-1	6473	4504	0.695813378649776
GSM6339597	ATTCAACCATCAGTAT-1	2028	2669	1.3160749506903353
GSM6339597	ATTCAACCATGTTGCA-1	9964	9205	0.9238257727820153
GSM6339597	ATTCAACCATTATGCG-1	10834	7289	0.6727893668081965
GSM6339597	ATTCACTTCAAGCTTA-1	7613	6008	0.7891764087744647
GSM6339597	ATTCACTTCATGCTTT-1	14043	8419	0.5995157729829809
GSM6339597	ATTCACTTCCGCAACA-1	6493	3481	0.5361158170337287
GSM6339597	ATTCACTTCCTCACAC-1	4786	2988	0.6243209360635186
GSM6339597	ATTCACTTCGTTAGTA-1	4327	3176	0.7339958400739542
GSM6339597	ATTCACTTCTAAATCG-1	2710	2058	0.759409594095941
GSM6339597	ATTCACTTCTCAATAG-1	3167	2001	0.631828228607515
GSM6339597	ATTCACTTCTCAATTC-1	11724	8081	0.6892698737632208
GSM6339597	ATTCACTTCTGGCATG-1	20283	13534	0.6672582951239955
GSM6339597	ATTCATGAGACAACAG-1	21094	17453	0.8273916753579217
GSM6339597	ATTCATGAGATTCCTT-1	11487	8696	0.7570296857316967
GSM6339597	ATTCATGAGTGAACCT-1	10649	10581	0.9936144238895671
GSM6339597	ATTCATGAGTGAGGGT-1	6993	4765	0.6813956813956814
GSM6339597	ATTCATGAGTTTGGGT-1	1908	1261	0.660901467505241
GSM6339597	ATTCCGGAGCATGCAT-1	6678	4796	0.7181790955375861
GSM6339597	ATTCCGGAGGAGGTTA-1	14872	12610	0.8479020979020979
GSM6339597	ATTCCTAGTAGGTTGC-1	12461	9651	0.774496428858037
GSM6339597	ATTCCTAGTCAAGTAT-1	525	298	0.5676190476190476
GSM6339597	ATTCCTAGTCCTTAGT-1	8637	6324	0.732198680097256
GSM6339597	ATTCCTCCAATTGAAG-1	2565	2136	0.8327485380116959
GSM6339597	ATTCCTCCACAAAGCG-1	21425	15366	0.7171995332555426
GSM6339597	ATTCCTCCACCTAATG-1	6960	4578	0.6577586206896552
GSM6339597	ATTCCTCCAGCAGGTA-1	16907	14749	0.872360560714497
GSM6339597	ATTCCTCCAGTTGCGT-1	2288	1488	0.6503496503496503
GSM6339597	ATTCCTCCATAGACTT-1	6452	4239	0.6570055796652201
GSM6339597	ATTCCTCCATCCATCT-1	13377	10166	0.7599611273080661
GSM6339597	ATTCGTTTCAAGCGCC-1	18265	12340	0.6756090884204763
GSM6339597	ATTCGTTTCAAGGACA-1	7462	5414	0.7255427499329938
GSM6339597	ATTCGTTTCAATTGGC-1	1604	1041	0.649002493765586
GSM6339597	ATTCGTTTCTTACTCG-1	2827	1605	0.5677396533427662
GSM6339597	ATTCGTTTCTTTGACT-1	6910	4843	0.7008683068017366
GSM6339597	ATTGAAGCAATAAGCA-1	4420	3025	0.6843891402714932
GSM6339597	ATTGAAGCAGGCCAAA-1	17094	16946	0.9913419913419913
GSM6339597	ATTGAAGCAGGCCATT-1	25922	19792	0.7635213332304606
GSM6339597	ATTGAAGCATCATGTG-1	11994	9396	0.783391695847924
GSM6339597	ATTGAAGCATCCGTAA-1	11736	8877	0.7563905930470347
GSM6339597	ATTGAAGCATTAGGCC-1	21221	14817	0.6982234578954809
GSM6339597	ATTGACTCAAACTAAG-1	5906	3994	0.6762614290551981
GSM6339597	ATTGACTCAGCATTAT-1	4747	3123	0.6578891931746366
GSM6339597	ATTGACTCAGGAACTG-1	14438	10785	0.74698711732927
GSM6339597	ATTGCACAGCATGAAG-1	10135	6820	0.672915638875185
GSM6339597	ATTGCACAGGACTTAC-1	7988	8790	1.100400600901352
GSM6339597	ATTGCACAGGCAACAA-1	887	598	0.6741826381059752
GSM6339597	ATTGCACAGGTCCTGA-1	7230	5679	0.7854771784232365
GSM6339597	ATTGCACAGTGAGAGC-1	15468	12821	0.8288725109904319
GSM6339597	ATTGCACAGTGATTCA-1	13874	10098	0.7278362404497621
GSM6339597	ATTGCACAGTTCCCAC-1	14566	14271	0.9797473568584375
GSM6339597	ATTGCAGGTCTTACTA-1	15663	13921	0.888782481006193
GSM6339597	ATTGCAGGTTCGGTAA-1	13831	10562	0.7636468801966597
GSM6339597	ATTGCAGGTTGGGTTA-1	9731	7318	0.75202959613606
GSM6339597	ATTGCGCCAACATAAG-1	4754	3056	0.6428270929743374
GSM6339597	ATTGCGCCAAGGTCGA-1	11331	10703	0.9445768246403672
GSM6339597	ATTGCGCCAATTAACC-1	7131	5437	0.7624456597952601
GSM6339597	ATTGCGCCAGGCTGTT-1	20400	13424	0.6580392156862745
GSM6339597	ATTGCTCGTCATTAGG-1	830	442	0.5325301204819277
GSM6339597	ATTGCTCGTCTCACTG-1	2573	1728	0.6715895841430237
GSM6339597	ATTGCTCGTGGAGCAA-1	3749	2739	0.7305948252867431
GSM6339597	ATTGCTCGTTGCAATG-1	10300	8674	0.842135922330097
GSM6339597	ATTGCTCGTTGTAACG-1	9757	7407	0.7591472788767039
GSM6339597	ATTGCTCGTTTAAAGC-1	6613	4535	0.6857704521397248
GSM6339597	ATTGGCTAGACACTTA-1	16536	12235	0.7399008224479923
GSM6339597	ATTGGCTAGGAGGGTT-1	15996	14046	0.8780945236309077
GSM6339597	ATTGGTTCACCTGCTC-1	33971	24897	0.7328898177857585
GSM6339597	ATTGGTTCAGGAACAT-1	16718	16026	0.958607488934083
GSM6339597	ATTGGTTCAGGATGGC-1	13229	11396	0.861440774056996
GSM6339597	ATTGGTTCATTTAAGC-1	20188	16134	0.7991876362195364
GSM6339597	ATTGTCCGTAAACAAG-1	3209	2249	0.7008413836086008
GSM6339597	ATTGTGATCCGGTATG-1	13461	11517	0.855582794740361
GSM6339597	ATTGTGATCGATATTG-1	5808	3773	0.6496212121212122
GSM6339597	ATTGTGATCGCTCACT-1	13301	9755	0.7334035034959777
GSM6339597	ATTGTGATCTTAAGTG-1	5146	3759	0.730470268169452
GSM6339597	ATTTAGCCAAGCTACC-1	27979	25228	0.9016762571928947
GSM6339597	ATTTAGCCACAACAGG-1	9776	7610	0.7784369885433715
GSM6339597	ATTTAGCCACCAAAGG-1	5102	3753	0.735593884751078
GSM6339597	ATTTAGCCAGCAACCT-1	9911	7587	0.7655130662899808
GSM6339597	ATTTAGCCAGGACACA-1	3556	1945	0.546962879640045
GSM6339597	ATTTAGCCATACTCCT-1	4130	2908	0.7041162227602905
GSM6339597	ATTTAGCCATGTCAGC-1	9749	7069	0.7251000102574623
GSM6339597	ATTTAGGTCAAGCTTA-1	549	347	0.6320582877959927
GSM6339597	ATTTAGGTCAATAGCC-1	718	407	0.5668523676880223
GSM6339597	ATTTAGGTCGGGACTC-1	2117	1517	0.7165800661313179
GSM6339597	ATTTAGGTCTGTAAGC-1	9114	6847	0.7512617950405969
GSM6339597	ATTTGCAAGCGGCTGT-1	7226	4810	0.6656518128978688
GSM6339597	ATTTGCAAGCTTACTT-1	7945	6200	0.7803650094398993
GSM6339597	ATTTGCAAGGGTTATC-1	5410	3865	0.7144177449168208
GSM6339597	ATTTGCAAGTTTCCTG-1	26856	26173	0.9745680667262436
GSM6339597	ATTTGCGCAATCGCAC-1	10633	7966	0.749177090190915
GSM6339597	ATTTGTGAGCGCCTAA-1	10873	8861	0.814954474386094
GSM6339597	ATTTGTGAGGAACGGT-1	11155	7311	0.6554011653966831
GSM6339597	ATTTGTGAGTATTGCA-1	2013	1529	0.7595628415300546
GSM6339597	ATTTGTGAGTCTCACC-1	8980	6230	0.6937639198218263
GSM6339597	CAAACAACAACAACAA-1	7353	5179	0.7043383652930777
GSM6339597	CAAACAACACCCTCAC-1	6347	3132	0.4934614778635576
GSM6339597	CAAACAACAGAGGCTA-1	13441	9444	0.7026262926865561
GSM6339597	CAAACACTCATTACTC-1	15556	11776	0.7570069426587812
GSM6339597	CAAACACTCCGGTTGA-1	10707	8159	0.7620248435602877
GSM6339597	CAAACATGTAAGCTTG-1	9088	5764	0.6342429577464789
GSM6339597	CAAACATGTCATTGAG-1	9707	6852	0.7058823529411765
GSM6339597	CAAACATGTCCGTAGG-1	17651	14505	0.8217664721545521
GSM6339597	CAAACCGTCACTTTAC-1	13657	11305	0.8277806253203486
GSM6339597	CAAACCGTCCATCAGG-1	10035	7876	0.784853014449427
GSM6339597	CAAACCGTCCCTCAGT-1	5747	4463	0.7765790847398643
GSM6339597	CAAACCGTCCTTAAGA-1	5617	3933	0.7001958340751291
GSM6339597	CAAACCGTCTAATCCT-1	34194	25612	0.7490202959583553
GSM6339597	CAAACCGTCTAGCTTT-1	8494	5864	0.6903696727101484
GSM6339597	CAAACGCGTGCGCATG-1	9198	7239	0.7870189171559034
GSM6339597	CAAACGCGTGCTGGTG-1	629	374	0.5945945945945946
GSM6339597	CAAACGCGTTTATTCG-1	6303	4436	0.7037918451531017
GSM6339597	CAAACTGGTAGCTAAT-1	11423	9922	0.8685984417403484
GSM6339597	CAAACTGGTTTCGCCA-1	3209	2291	0.7139295730757246
GSM6339597	CAAAGCGCAGCACGTT-1	1190	831	0.6983193277310924
GSM6339597	CAAAGCGCATAGGCGA-1	8732	5632	0.6449839670178653
GSM6339597	CAAAGCGCATATAACC-1	11670	7846	0.6723221936589546
GSM6339597	CAAAGGATCACATTGA-1	4826	2887	0.598217985909656
GSM6339597	CAAAGGATCATGCATA-1	7987	5228	0.6545636659571804
GSM6339597	CAAAGTGAGAATCGCT-1	11927	10409	0.8727257483021715
GSM6339597	CAAAGTGAGCGTGCAC-1	466	290	0.6223175965665236
GSM6339597	CAAAGTGAGGAACCAA-1	5699	4062	0.7127566239691174
GSM6339597	CAAAGTGAGGATGATG-1	4230	3280	0.7754137115839244
GSM6339597	CAAATCATCGCTAGTG-1	9091	6637	0.7300626993730063
GSM6339597	CAAATCATCGCTATGG-1	8223	6551	0.7966678827678463
GSM6339597	CAAATCATCGTCCTTA-1	5030	3489	0.693638170974155
GSM6339597	CAAATCATCTGGTCCT-1	462	291	0.6298701298701299
GSM6339597	CAACAATGTGCACGCA-1	20807	15288	0.7347527274474936
GSM6339597	CAACAATGTGTGAGAG-1	10762	9400	0.8734435978442668
GSM6339597	CAACAGGCAATTGAGA-1	3622	2005	0.5535615681943677
GSM6339597	CAACAGGCAGAGAGCC-1	10140	7209	0.7109467455621302
GSM6339597	CAACAGGCAGCAAATA-1	9999	7650	0.7650765076507651
GSM6339597	CAACAGGCAGCAAGGC-1	3177	2690	0.8467107333962858
GSM6339597	CAACCCGCACATACTG-1	6781	4554	0.6715823624834095
GSM6339597	CAACCCGCATAGCTGC-1	1999	1566	0.783391695847924
GSM6339597	CAACCCTTCTTGGACG-1	8071	5687	0.7046214843266014
GSM6339597	CAACCGGGTTAGACCA-1	705	401	0.5687943262411348
GSM6339597	CAACTAATCACACAGT-1	16057	11329	0.7055489817525067
GSM6339597	CAACTAATCACAGGAA-1	14146	11314	0.7998020641877562
GSM6339597	CAACTAATCAGGGCCT-1	15864	14697	0.9264372163388804
GSM6339597	CAACTAATCATTGTCT-1	5973	4343	0.7271053072158045
GSM6339597	CAACTAATCTTAAGTG-1	9246	7767	0.8400389357560026
GSM6339597	CAACTAGGTGAACAAA-1	12712	9844	0.7743864065449969
GSM6339597	CAACTAGGTGTTAAAC-1	9829	7677	0.7810560586020958
GSM6339597	CAAGAACCAATTGCGC-1	6182	3758	0.6078938854739566
GSM6339597	CAAGAACCAGAACCGA-1	16758	16537	0.986812268767156
GSM6339597	CAAGAACCAGGTCCTG-1	10613	9624	0.9068123998869311
GSM6339597	CAAGACAAGACAGGCG-1	37820	30445	0.8049973558963511
GSM6339597	CAAGACAAGGAGCACG-1	10468	6345	0.6061329766908674
GSM6339597	CAAGACAAGGTTAGCT-1	5826	3721	0.638688637143838
GSM6339597	CAAGACAAGTGAGCGG-1	8736	5867	0.6715888278388278
GSM6339597	CAAGCTAGTAATGGAA-1	628	454	0.7229299363057324
GSM6339597	CAAGCTAGTAGGTGTC-1	5271	3504	0.6647694934547524
GSM6339597	CAAGCTAGTTTAACGG-1	13374	10586	0.7915358157619261
GSM6339597	CAAGGCCTCATGCCTC-1	735	511	0.6952380952380952
GSM6339597	CAAGGCCTCCGGTATG-1	7654	5545	0.7244577998432192
GSM6339597	CAAGGCCTCCTAATAG-1	3138	2963	0.944231994901211
GSM6339597	CAAGGCCTCTTAAGTG-1	3989	3114	0.7806467786412635
GSM6339597	CAAGGCTGTCTTTGAC-1	7332	6062	0.8267866884888162
GSM6339597	CAAGGCTGTGAGGTGA-1	31634	27467	0.8682746412088259
GSM6339597	CAAGGCTGTTGTAACG-1	5412	4018	0.7424242424242424
GSM6339597	CAAGGGAGTCTTGCAT-1	4172	2945	0.7058964525407478
GSM6339597	CAAGGGAGTTGGGTTA-1	4057	2534	0.6245994577273848
GSM6339597	CAAGGGAGTTTATGGG-1	1171	920	0.7856532877882152
GSM6339597	CAAGGGAGTTTATTCG-1	1292	787	0.6091331269349846
GSM6339597	CAAGGTAAGACAAACG-1	27506	21331	0.7755035265033083
GSM6339597	CAAGGTAAGGGACCTC-1	6916	4721	0.68262001156738
GSM6339597	CAAGGTAAGGGTGAAC-1	12722	9694	0.7619871089451344
GSM6339597	CAAGGTAAGGTCCAAT-1	16480	13136	0.7970873786407767
GSM6339597	CAAGGTAAGTTGCGTG-1	1627	1157	0.7111247695144438
GSM6339597	CAAGGTTTCCGGTTAG-1	12159	9452	0.7773665597499795
GSM6339597	CAAGGTTTCCTCCTAA-1	23166	16168	0.6979193645860312
GSM6339597	CAAGGTTTCTAGCGTG-1	2539	1788	0.7042142575817251
GSM6339597	CAAGTAACAGCCAGAA-1	14084	11272	0.8003408122692417
GSM6339597	CAAGTAACAGGCTACT-1	632	388	0.6139240506329114
GSM6339597	CAAGTAACATTGCGAC-1	8168	5702	0.6980901077375122
GSM6339597	CAAGTATGTAAGGTCC-1	19733	14695	0.7446916333046166
GSM6339597	CAAGTATGTCATCCTG-1	3362	2605	0.7748364069006544
GSM6339597	CAAGTATGTGTAATAC-1	15314	10679	0.697335771189761
GSM6339597	CAAGTGAAGCTCGCTT-1	8743	5600	0.6405124099279423
GSM6339597	CAAGTGAAGGCTGGCT-1	8136	5310	0.6526548672566371
GSM6339597	CAAGTGAAGGGCCACT-1	14586	14301	0.9804607157548334
GSM6339597	CAAGTGAAGGTTACGT-1	7125	4607	0.6465964912280702
GSM6339597	CAAGTTATCAAGCCTG-1	32590	23374	0.7172138692850568
GSM6339597	CAAGTTATCATGAAGG-1	15467	13720	0.8870498480636193
GSM6339597	CAAGTTATCTGTAATG-1	7481	5183	0.6928218152653388
GSM6339597	CAATAAGCAACAGGAT-1	12127	6881	0.5674115609796322
GSM6339597	CAATAAGCAATGAGGT-1	16900	12095	0.7156804733727811
GSM6339597	CAATAAGCAATTTGGT-1	2330	1432	0.6145922746781116
GSM6339597	CAATAGCTCACGAATC-1	2998	2263	0.7548365577051368
GSM6339597	CAATAGCTCCAGGGAG-1	4411	3349	0.7592382679664476
GSM6339597	CAATAGCTCGGTCAAT-1	30246	22470	0.7429081531442174
GSM6339597	CAATAGCTCGTTAGCG-1	14014	9199	0.6564150135578707
GSM6339597	CAATAGCTCTACCTAT-1	658	494	0.7507598784194529
GSM6339597	CAATAGCTCTCATCAT-1	10302	7906	0.7674238012036497
GSM6339597	CAATAGCTCTTGTTCG-1	3977	2436	0.6125220015086749
GSM6339597	CAATATGTCAAACCGT-1	7249	4089	0.5640778038350117
GSM6339597	CAATATGTCATAACCA-1	4993	2977	0.5962347286200681
GSM6339597	CAATATGTCCTCCCTC-1	5350	3337	0.6237383177570094
GSM6339597	CAATATGTCGGTAACT-1	1684	1026	0.6092636579572447
GSM6339597	CAATCCCTCACTTTAC-1	7020	4436	0.631908831908832
GSM6339597	CAATCCCTCATGTGGT-1	11028	7949	0.7208015959376134
GSM6339597	CAATCCCTCCATAAGC-1	4407	4804	1.0900839573405945
GSM6339597	CAATCCCTCCGCAAGC-1	11249	6628	0.5892079295937417
GSM6339597	CAATCCCTCCTGATTT-1	11713	8109	0.6923076923076923
GSM6339597	CAATCCTGTGATTTGG-1	5402	3909	0.7236208811551277
GSM6339597	CAATCCTGTTTATGGG-1	6371	3757	0.5897033432742113
GSM6339597	CAATCGCCAGAAATTG-1	9393	5901	0.6282337911210476
GSM6339597	CAATCGCCAGCGCTTG-1	10369	6817	0.6574404474877037
GSM6339597	CAATCGCCATTGTGAT-1	21192	16226	0.7656662891657229
GSM6339597	CAATCTAAGGCGGGTA-1	4061	2676	0.6589509972913076
GSM6339597	CAATCTAAGTACTGGT-1	11611	10477	0.9023339936267333
GSM6339597	CAATGAACAACAGGAT-1	16811	11352	0.6752721432395455
GSM6339597	CAATGAACACAGACTC-1	27436	19220	0.7005394372357486
GSM6339597	CAATGAACACATACTG-1	9488	6864	0.7234401349072512
GSM6339597	CAATGAACAGGATGGC-1	3268	2286	0.6995104039167687
GSM6339597	CAATGAACATTTGCTC-1	8542	6142	0.7190353547178646
GSM6339597	CAATGACTCAATCTCT-1	12042	9671	0.803105796379339
GSM6339597	CAATGACTCATGAGCT-1	3772	3341	0.8857370095440085
GSM6339597	CAATGACTCCCGTTAC-1	25704	23266	0.9051509492685963
GSM6339597	CAATGACTCCGGGACT-1	8869	6315	0.7120306686210396
GSM6339597	CAATGACTCGTTATCT-1	20172	15586	0.772655165576046
GSM6339597	CAATGACTCTAACCAA-1	20505	17189	0.8382833455254816
GSM6339597	CAATGCCCAGTTATGT-1	5769	3682	0.6382388628878488
GSM6339597	CAATGCCCATTGACAT-1	7698	5136	0.6671862821512081
GSM6339597	CAATGTCAGCTCAAAC-1	10952	8433	0.7699963476990505
GSM6339597	CAATGTCAGGTCAAAG-1	8244	6494	0.7877244056283358
GSM6339597	CAATGTCAGGTCTTGG-1	6237	5035	0.807279140612474
GSM6339597	CAATGTCAGTCCTTCA-1	4077	3347	0.8209467745891587
GSM6339597	CAATGTCAGTGGCGGA-1	7751	6415	0.8276351438524061
GSM6339597	CAATGTGGTAATAGCT-1	7087	5611	0.7917313390715395
GSM6339597	CAATGTGGTACGGGTT-1	340	303	0.8911764705882353
GSM6339597	CAATGTGGTAGGATTT-1	7777	5214	0.6704384724186704
GSM6339597	CAATGTGGTCTTGCAT-1	2094	1169	0.558261700095511
GSM6339597	CAATGTGGTTACTAGG-1	2088	1407	0.6738505747126436
GSM6339597	CAATGTGGTTAGAGCC-1	1886	1465	0.7767762460233298
GSM6339597	CAATGTGGTTTCAGGA-1	11313	9709	0.8582162114381685
GSM6339597	CAATGTGGTTTGAGCA-1	37317	29981	0.8034139936222097
GSM6339597	CAATGTGGTTTGAGGC-1	14664	13474	0.918848881614839
GSM6339597	CACAAGCGTGTGAGAG-1	20377	16120	0.791087991362811
GSM6339597	CACAATATCCCGAACA-1	8564	5376	0.6277440448388604
GSM6339597	CACAATATCCGGTTGA-1	1979	1583	0.7998989388580091
GSM6339597	CACAATATCCTAAGGT-1	5338	4400	0.8242787560884226
GSM6339597	CACAATATCCTGATTT-1	8475	5571	0.6573451327433628
GSM6339597	CACAATATCCTTAGGG-1	17134	13282	0.7751838449865764
GSM6339597	CACAATATCGTGCCTT-1	16571	13668	0.8248144348560739
GSM6339597	CACAGGGAGCTTTGTT-1	10286	6017	0.5849698619482793
GSM6339597	CACAGGGAGGCTTAAC-1	5596	3500	0.6254467476769121
GSM6339597	CACAGGGAGGGACTAA-1	10888	7607	0.6986590742101396
GSM6339597	CACAGGGAGGTGAAAT-1	14142	11847	0.8377174374204497
GSM6339597	CACAGGGAGTAAGTGG-1	13024	11173	0.8578777641277642
GSM6339597	CACAGGGAGTCACTCC-1	4341	3395	0.7820778622437227
GSM6339597	CACAGGGAGTCATTGA-1	1354	954	0.7045790251107829
GSM6339597	CACAGGGAGTCTGGGC-1	1549	922	0.5952227243382827
GSM6339597	CACATAATCAAACTCA-1	1086	777	0.7154696132596685
GSM6339597	CACATAATCAATTACG-1	2201	1563	0.7101317582916856
GSM6339597	CACATAATCATTGCGG-1	14500	9752	0.6725517241379311
GSM6339597	CACATAATCCGGTTAG-1	13509	11174	0.8271522688577985
GSM6339597	CACATAATCTAACTGA-1	1312	977	0.7446646341463414
GSM6339597	CACATACAGCCGCAGT-1	9372	6153	0.6565300896286812
GSM6339597	CACATACAGGAGCACG-1	28660	24386	0.8508722958827635
GSM6339597	CACATACAGGCATGAA-1	11448	6895	0.602288609364081
GSM6339597	CACATACAGGCATGTT-1	1051	744	0.7078972407231209
GSM6339597	CACATACAGGTCCACA-1	11439	9172	0.8018183407640528
GSM6339597	CACATACAGTTTGGGT-1	2300	1745	0.758695652173913
GSM6339597	CACATTAAGCTTAGTA-1	25232	22654	0.8978281547241598
GSM6339597	CACATTAAGGAGGGTT-1	6634	4138	0.6237564063913175
GSM6339597	CACATTAAGGTATTGC-1	1353	884	0.6533628972653363
GSM6339597	CACATTAAGGTGTCCA-1	7440	5231	0.7030913978494624
GSM6339597	CACATTAAGTGAACCT-1	6003	3867	0.6441779110444777
GSM6339597	CACATTAAGTGATTCA-1	13653	9246	0.6772137991650187
GSM6339597	CACCAACCAATATACC-1	4466	2708	0.606359158083296
GSM6339597	CACCAACCACACAATT-1	13381	12251	0.9155519019505268
GSM6339597	CACCAACCACCTCGCT-1	858	690	0.8041958041958042
GSM6339597	CACCAACCAGCTCAAC-1	3817	3246	0.8504060780717841
GSM6339597	CACCAACCAGTCTAAT-1	2443	1788	0.7318870241506344
GSM6339597	CACCAACCATAACGGG-1	30437	25243	0.8293524328941748
GSM6339597	CACCGGTAGCAAGGGT-1	10880	8688	0.7985294117647059
GSM6339597	CACCGGTAGCTAGAAG-1	679	414	0.6097201767304861
GSM6339597	CACCGGTAGTGTGATC-1	10744	7184	0.6686522710349962
GSM6339597	CACCGGTAGTTACCGG-1	15618	12464	0.7980535279805353
GSM6339597	CACCTCAGTATTTGGG-1	3725	2408	0.6464429530201342
GSM6339597	CACCTCAGTCAATAGT-1	18879	15393	0.8153503893214683
GSM6339597	CACCTCAGTGGAAGGC-1	8265	5346	0.6468239564428312
GSM6339597	CACCTCAGTTGAGCCG-1	17162	12239	0.7131453210581518
GSM6339597	CACCTGTTCAAATCGC-1	16118	10460	0.6489638913016503
GSM6339597	CACCTGTTCCTTTACG-1	17099	14112	0.8253114217205685
GSM6339597	CACCTGTTCTAGCGTG-1	18860	17580	0.9321314952279958
GSM6339597	CACGCAATCACTAGGT-1	18252	13389	0.7335634451019066
GSM6339597	CACGCAATCCGTTATT-1	1718	1231	0.7165308498253784
GSM6339597	CACGCAATCCTGTTCA-1	5728	3839	0.6702164804469274
GSM6339597	CACGCAATCGTTAGCG-1	4243	2537	0.5979259957577185
GSM6339597	CACGCAATCTAGCTTT-1	6944	4956	0.7137096774193549
GSM6339597	CACGCTAAGACAAACG-1	10943	8711	0.7960339943342776
GSM6339597	CACGCTAAGCATTAGC-1	9614	6293	0.6545662575410859
GSM6339597	CACGCTAAGGCACAGG-1	8593	6380	0.7424647969277319
GSM6339597	CACGCTAAGTATTGCA-1	18687	13533	0.7241932894525606
GSM6339597	CACGCTAAGTTACCGG-1	34205	28642	0.837362958631779
GSM6339597	CACGCTAAGTTATGTG-1	13007	9776	0.7515952948412393
GSM6339597	CACTAAGGTTCACCCA-1	11737	7747	0.6600494163755645
GSM6339597	CACTAAGGTTCGCGCT-1	10708	7654	0.7147926783713112
GSM6339597	CACTAAGGTTGCACGG-1	21352	21443	1.004261895841139
GSM6339597	CACTAGCCAAACTCAT-1	820	846	1.0317073170731708
GSM6339597	CACTAGCCAATCATGT-1	9193	5591	0.6081801370608071
GSM6339597	CACTAGCCACACCAAC-1	17503	17313	0.9891447180483346
GSM6339597	CACTAGCCACCTCGCT-1	20616	17126	0.8307140085370586
GSM6339597	CACTAGCCAGCCAGTT-1	29167	23891	0.8191106387355573
GSM6339597	CACTAGCCAGCTACGT-1	6599	5159	0.7817851189574178
GSM6339597	CACTAGCCAGTTAGCC-1	7135	5808	0.8140154169586545
GSM6339597	CACTAGCCATGTCAAT-1	12521	9050	0.7227857199904161
GSM6339597	CACTGACCAAAGGCCA-1	16067	11181	0.6958984253438726
GSM6339597	CACTGACCAAATTCGT-1	2882	2084	0.7231089521165857
GSM6339597	CACTGACCAGTTAGCC-1	436	261	0.5986238532110092
GSM6339597	CACTGACCATAGCTGC-1	536	263	0.4906716417910448
GSM6339597	CACTGACCATCACTTC-1	3017	1797	0.5956247928405701
GSM6339597	CACTGACCATCGCTTT-1	29260	22370	0.764524948735475
GSM6339597	CACTTAAAGAGGGACT-1	2486	1675	0.673773129525342
GSM6339597	CACTTAAAGGACCGCT-1	20553	15769	0.767235926628716
GSM6339597	CACTTAAAGGATTGAG-1	7782	6062	0.7789771267026472
GSM6339597	CACTTAAAGGTCTTGG-1	6620	4466	0.6746223564954683
GSM6339597	CACTTAAAGTGCTGTG-1	5262	3416	0.6491828202204485
GSM6339597	CACTTAAAGTTAGTGC-1	7883	5929	0.75212482557402
GSM6339597	CACTTTGTCCCTGGAA-1	20705	18482	0.8926346293165902
GSM6339597	CACTTTGTCCTAATAG-1	28286	22512	0.7958707487803154
GSM6339597	CACTTTGTCCTAGTCC-1	13671	12309	0.9003730524467851
GSM6339597	CACTTTGTCTCACACC-1	21353	16352	0.7657940336252517
GSM6339597	CAGAACCGTATTTGCC-1	2465	1366	0.554158215010142
GSM6339597	CAGAACCGTGGGAACA-1	12944	9038	0.698238566131026
GSM6339597	CAGAACCGTTAGGCTA-1	7844	5543	0.7066547679755227
GSM6339597	CAGAATCTCAACCAAC-1	14050	8227	0.5855516014234875
GSM6339597	CAGAATCTCCAATTAG-1	12785	10764	0.8419241298396558
GSM6339597	CAGAATCTCCTAATTC-1	9815	6173	0.6289353031074886
GSM6339597	CAGAATCTCCTTAGGG-1	12939	9682	0.7482803926114847
GSM6339597	CAGAATCTCCTTCGTA-1	4528	3267	0.7215106007067138
GSM6339597	CAGAATCTCGCTTCTA-1	2845	1868	0.6565905096660808
GSM6339597	CAGAATCTCGGTTAGT-1	4649	3446	0.7412346741234674
GSM6339597	CAGAATCTCGTTATAG-1	7722	5111	0.6618751618751618
GSM6339597	CAGATTCAGCATGAAG-1	6475	5198	0.8027799227799228
GSM6339597	CAGATTCAGCCGCAAC-1	35403	27557	0.7783803632460526
GSM6339597	CAGATTCAGCGCTAAT-1	5571	3431	0.61586788727338
GSM6339597	CAGATTCAGCTGTAAC-1	9048	7082	0.7827144120247569
GSM6339597	CAGATTCAGTTTGCGG-1	12292	8772	0.7136348844777091
GSM6339597	CAGCAAGCAGCTCATA-1	9912	6868	0.6928974979822438
GSM6339597	CAGCAAGCAGTTGCGT-1	9556	7595	0.7947886144830473
GSM6339597	CAGCATGTCACCTGCT-1	8357	6287	0.7523034581787723
GSM6339597	CAGCATGTCATGCTCC-1	10785	6375	0.5910987482614742
GSM6339597	CAGCATGTCCACAATA-1	16195	13869	0.8563754245137388
GSM6339597	CAGCATGTCCTGAATA-1	14749	13990	0.948538883992135
GSM6339597	CAGCATGTCCTTAGTT-1	21577	14905	0.6907818510450943
GSM6339597	CAGCATGTCTCACTCA-1	13620	10528	0.7729809104258444
GSM6339597	CAGCATTAGAAAGCAT-1	6535	3955	0.6052027543993879
GSM6339597	CAGCATTAGAGGCTAA-1	3803	2409	0.6334472784643702
GSM6339597	CAGCATTAGCTACTGG-1	6678	4955	0.7419886193471099
GSM6339597	CAGCATTAGGAAGCAC-1	6387	3849	0.6026303428839831
GSM6339597	CAGCATTAGGTCATTA-1	15779	12474	0.7905443944483174
GSM6339597	CAGCATTAGGTCCGTA-1	9651	7357	0.762304424411978
GSM6339597	CAGCATTAGTCATTAG-1	6924	5291	0.764153668399769
GSM6339597	CAGCCAATCATTGTCT-1	10807	9007	0.833441288054039
GSM6339597	CAGCCAATCCTCAGCT-1	13901	11463	0.8246169340335228
GSM6339597	CAGCCAATCGATAACC-1	15998	12724	0.7953494186773347
GSM6339597	CAGCCTAAGCACAGAA-1	4168	2687	0.6446737044145874
GSM6339597	CAGCCTAAGCAGGTGG-1	8107	5926	0.7309732330085111
GSM6339597	CAGCCTAAGCGGGCAA-1	12736	10808	0.8486180904522613
GSM6339597	CAGCCTAAGGCGGGTA-1	21599	15491	0.7172091300523172
GSM6339597	CAGCCTAAGTAAGTGG-1	12247	9094	0.7425491957214012
GSM6339597	CAGCCTAAGTCTATGA-1	451	286	0.6341463414634146
GSM6339597	CAGCCTTTCAAGTGTC-1	6367	4753	0.7465054185644731
GSM6339597	CAGCCTTTCAGGAACA-1	4936	3422	0.6932739059967585
GSM6339597	CAGCCTTTCCCGAAGC-1	15993	13682	0.8554992809354093
GSM6339597	CAGCCTTTCGGCCAGT-1	1506	977	0.648738379814077
GSM6339597	CAGCCTTTCTTAGCCC-1	2012	1243	0.6177932405566601
GSM6339597	CAGCTAAGTATTGGAT-1	29576	27407	0.9266635109548282
GSM6339597	CAGCTAAGTCGAAGTC-1	11999	8359	0.6966413867822319
GSM6339597	CAGCTAAGTTATTGCC-1	28471	22596	0.7936496786203505
GSM6339597	CAGCTAAGTTGGTTCT-1	38866	28319	0.7286317089486956
GSM6339597	CAGCTATAGGCGGATG-1	6059	4003	0.6606700775705562
GSM6339597	CAGCTATAGGCTTAGT-1	1833	1350	0.7364975450081833
GSM6339597	CAGCTCAAGAGGAGTC-1	29225	22738	0.77803250641574
GSM6339597	CAGCTCAAGCTAATCA-1	13284	10105	0.7606895513399579
GSM6339597	CAGCTCAAGCTGGACC-1	10123	8259	0.8158648621950014
GSM6339597	CAGCTCAAGGCTGTCA-1	11780	10831	0.9194397283531409
GSM6339597	CAGCTCAAGTTATTCC-1	6758	4397	0.650636282923942
GSM6339597	CAGGAAGGTCATCCTG-1	9068	6951	0.7665416850463167
GSM6339597	CAGGAAGGTGATCATG-1	5452	4000	0.7336757153338225
GSM6339597	CAGGACACAAACTGTT-1	12277	9788	0.7972631750427629
GSM6339597	CAGGACACACAACAAA-1	9043	6577	0.7273028862103285
GSM6339597	CAGGACACACAGAAAC-1	14316	14919	1.0421207041072926
GSM6339597	CAGGACACACCTGCCT-1	9628	6946	0.7214374740340673
GSM6339597	CAGGACACACTGGCTG-1	4444	2878	0.6476147614761476
GSM6339597	CAGGACACATGAATAG-1	32827	26852	0.8179851951137783
GSM6339597	CAGGACACATGTCGCG-1	14551	10629	0.7304652601195795
GSM6339597	CAGGACCTCACCAATA-1	28038	19780	0.705471146301448
GSM6339597	CAGGACCTCCTAAGTA-1	9607	8265	0.8603101904861039
GSM6339597	CAGGACCTCCTAGTAA-1	13487	11970	0.8875213168236079
GSM6339597	CAGGACCTCGCTATGG-1	5194	4220	0.8124759337697343
GSM6339597	CAGGACCTCTTCAATC-1	10187	6479	0.6360066751742417
GSM6339597	CAGGATGCAATGAATG-1	2459	1786	0.7263115087433917
GSM6339597	CAGGATGCAATTGCGC-1	798	453	0.5676691729323309
GSM6339597	CAGGATGCACAAGCCT-1	35773	28266	0.7901489950521343
GSM6339597	CAGGATGCAGGATTAA-1	1886	1353	0.717391304347826
GSM6339597	CAGGATGCATAGCGAG-1	1144	784	0.6853146853146853
GSM6339597	CAGGCTATCATCCTCA-1	6587	4861	0.7379687262790344
GSM6339597	CAGGCTATCCTTGCGT-1	10439	7290	0.6983427531372737
GSM6339597	CAGGCTGGTACGGGTT-1	1330	871	0.6548872180451127
GSM6339597	CAGGCTGGTGGTTCTT-1	3843	2793	0.726775956284153
GSM6339597	CAGGCTGGTTTATCTG-1	26979	22630	0.8388005485748175
GSM6339597	CAGGCTGGTTTGGCGG-1	3176	1944	0.6120906801007556
GSM6339597	CAGGGCTTCAGCACCA-1	1031	636	0.6168768186226964
GSM6339597	CAGGGCTTCCCAGTAG-1	4732	3139	0.6633558748943365
GSM6339597	CAGGGCTTCCTCACAC-1	7825	5977	0.7638338658146965
GSM6339597	CAGGGCTTCTGTTGCC-1	5607	3764	0.6713037274835028
GSM6339597	CAGGGTGAGCATGCAT-1	40460	23723	0.5863321799307959
GSM6339597	CAGGGTGAGCCTGTTC-1	6697	4916	0.7340600268777064
GSM6339597	CAGGGTGAGGAGCACG-1	20127	19271	0.9574700650866994
GSM6339597	CAGGGTGAGGTGAGAC-1	1509	1301	0.8621603711066932
GSM6339597	CAGGTCCAGCGATAAG-1	5017	3665	0.7305162447677895
GSM6339597	CAGGTCCAGCTCAAAC-1	13008	11110	0.8540897908979089
GSM6339597	CAGGTCCAGCTCCTAC-1	2654	2167	0.8165033911077618
GSM6339597	CAGGTCCAGGAGTCTT-1	7699	6526	0.8476425509806469
GSM6339597	CAGGTGGAGCGATACT-1	8082	6154	0.7614451868349419
GSM6339597	CAGGTGGAGGACCAGG-1	4168	3208	0.7696737044145874
GSM6339597	CAGGTGGAGTAACCCG-1	6410	4651	0.725585023400936
GSM6339597	CAGGTGGAGTAGCCAT-1	14917	9935	0.6660186364550513
GSM6339597	CAGGTGGAGTTCCCAC-1	34575	26426	0.7643094721619668
GSM6339597	CAGGTGGAGTTCCTGC-1	20749	17320	0.8347390235674008
GSM6339597	CAGGTTAGTAACTACG-1	7175	4209	0.5866202090592334
GSM6339597	CAGGTTAGTACCGGAT-1	563	327	0.5808170515097691
GSM6339597	CAGGTTTAGCTCCTAC-1	21512	15066	0.7003532911863146
GSM6339597	CAGGTTTAGGTTAGAG-1	12646	9178	0.7257630871421793
GSM6339597	CAGGTTTAGTCACCTC-1	1267	855	0.6748224151539068
GSM6339597	CAGTACCCAACGTGCT-1	34455	32407	0.9405601509214918
GSM6339597	CAGTACCCATTAGGTT-1	6437	5240	0.8140438092279012
GSM6339597	CAGTATGGTGCTGTAA-1	8151	5902	0.7240829346092504
GSM6339597	CATAACGGTACTTCAC-1	7983	5715	0.7158962795941376
GSM6339597	CATAACGGTGGGTACT-1	14796	10272	0.6942416869424168
GSM6339597	CATAAGCTCAAGCGCC-1	7273	4417	0.6073147256977863
GSM6339597	CATAAGCTCACAGACT-1	36782	26183	0.71184274917079
GSM6339597	CATAAGCTCCCTGATC-1	19000	19251	1.0132105263157896
GSM6339597	CATAAGCTCCTTAGTT-1	22617	18755	0.8292434894106203
GSM6339597	CATAAGCTCTGGCAAT-1	6065	4146	0.6835943940643033
GSM6339597	CATAAGCTCTGTGCCT-1	10336	7061	0.6831462848297214
GSM6339597	CATAATCCAACAGCCT-1	23206	17426	0.750926484529863
GSM6339597	CATAATCCAACTAGAA-1	16410	12636	0.770018281535649
GSM6339597	CATAATCCAAGCTACC-1	18480	12131	0.656439393939394
GSM6339597	CATAATCCACGTAATT-1	5746	3406	0.5927601809954751
GSM6339597	CATAATCCAGCAATAA-1	2279	1636	0.717858709960509
GSM6339597	CATAATCCAGTAAAGC-1	23266	15896	0.6832287458093355
GSM6339597	CATAATCCATTTGCTC-1	3716	2594	0.6980624327233584
GSM6339597	CATAATGTCAAGGACA-1	960	679	0.7072916666666667
GSM6339597	CATAATGTCCTACCTA-1	1514	961	0.6347424042272127
GSM6339597	CATAATGTCGTTATAG-1	683	553	0.8096632503660323
GSM6339597	CATAGACTCAGTGAAG-1	5311	3217	0.6057239691206929
GSM6339597	CATAGACTCATGCATA-1	11265	7524	0.6679094540612517
GSM6339597	CATAGACTCCGCAACA-1	6884	4727	0.686664729808251
GSM6339597	CATAGACTCCTTCTAG-1	4277	3421	0.7998597147533317
GSM6339597	CATAGACTCGGGACTC-1	6217	5721	0.9202187550265402
GSM6339597	CATAGACTCGTTATCT-1	8792	6878	0.782302092811647
GSM6339597	CATAGACTCTCTAGCC-1	22032	22468	1.0197893972403775
GSM6339597	CATAGCTAGTCATTTC-1	6184	5001	0.8086998706338939
GSM6339597	CATAGGCGTAACCTAG-1	5687	3948	0.6942148760330579
GSM6339597	CATAGGCGTAATAGCT-1	2707	2237	0.8263760620613225
GSM6339597	CATAGGCGTCACAGAC-1	8291	6053	0.7300687492461706
GSM6339597	CATAGGCGTCACAGCG-1	33781	25902	0.7667623812202126
GSM6339597	CATAGGCGTTGGATAT-1	12558	8267	0.6583054626532887
GSM6339597	CATAGGTTCACCAATA-1	3819	2555	0.6690233045299817
GSM6339597	CATAGGTTCCGGCTAA-1	13443	8579	0.638176002380421
GSM6339597	CATAGTCAGAGCCGCT-1	6083	4948	0.8134144336675982
GSM6339597	CATAGTCAGGTATTGC-1	1623	1092	0.6728280961182994
GSM6339597	CATATCGCAACTAGAA-1	604	258	0.4271523178807947
GSM6339597	CATATCGCAATATACC-1	20248	16898	0.8345515606479652
GSM6339597	CATATCGCAGCCTAAC-1	9231	5791	0.6273426497670892
GSM6339597	CATATCGCAGGCTGTT-1	10618	8943	0.8422490111132039
GSM6339597	CATCAATCAAGGTCGA-1	7259	6421	0.8845571015291362
GSM6339597	CATCAATCAATTAACC-1	15794	10088	0.6387235659111055
GSM6339597	CATCAATCACCTCGCT-1	2420	1765	0.7293388429752066
GSM6339597	CATCAATCAGTAGGTG-1	7829	5153	0.6581938944948269
GSM6339597	CATCACACACAAGCCT-1	8439	6432	0.7621756132243157
GSM6339597	CATCACACACAGCCAT-1	18162	16751	0.9223103182468891
GSM6339597	CATCACACAGGAAGCC-1	12163	9185	0.7551590890405327
GSM6339597	CATCACACAGGGAGGA-1	6662	4461	0.6696187331131792
GSM6339597	CATCACACAGGTTCAC-1	5510	4069	0.7384754990925589
GSM6339597	CATCACACAGTTTACG-1	7270	5628	0.7741403026134801
GSM6339597	CATCACACAGTTTGTG-1	10359	7551	0.7289313640312771
GSM6339597	CATCAGCCAAATACCT-1	752	607	0.8071808510638298
GSM6339597	CATCAGCCACCAACCG-1	2004	1359	0.6781437125748503
GSM6339597	CATCAGCCAGGCTTCG-1	854	513	0.6007025761124122
GSM6339597	CATCAGCCAGTAAGTA-1	2732	2386	0.8733528550512445
GSM6339597	CATCATAAGCCTGGTA-1	3271	1980	0.6053194741669214
GSM6339597	CATCATAAGCTATATG-1	4830	3762	0.7788819875776397
GSM6339597	CATCATAAGGGATGCG-1	9718	6503	0.66917061123688
GSM6339597	CATCATAAGGTCCACA-1	3092	2374	0.7677878395860285
GSM6339597	CATCATGCAACATAAG-1	13778	11322	0.8217448105675715
GSM6339597	CATCATGCACCGTTCC-1	501	400	0.7984031936127745
GSM6339597	CATCATGCAGGCTTGT-1	2921	1974	0.6757959602875727
GSM6339597	CATCATGCATCCTGAA-1	2636	2123	0.8053869499241275
GSM6339597	CATCATGCATTGTGTG-1	3463	2264	0.6537684088940225
GSM6339597	CATCCCAGTCATCCTG-1	8521	6785	0.7962680436568478
GSM6339597	CATCCCAGTGATTACG-1	12212	9685	0.7930723878152637
GSM6339597	CATCCCAGTGTAACCA-1	756	634	0.8386243386243386
GSM6339597	CATCCCAGTTTATGGG-1	5755	4628	0.8041702867072111
GSM6339597	CATCCTCAGAGCAAGC-1	2215	1728	0.7801354401805869
GSM6339597	CATCCTCAGCAAGGAC-1	12376	10110	0.8169036845507434
GSM6339597	CATCCTCAGCTATTGA-1	16454	13404	0.8146347392731251
GSM6339597	CATCCTCAGGAGCAAC-1	11893	9699	0.8155217354746489
GSM6339597	CATCCTCAGTCCTTCA-1	22193	19131	0.8620285675663497
GSM6339597	CATCCTGGTTAAGGCC-1	1005	671	0.6676616915422886
GSM6339597	CATCGCTTCAATCTCT-1	7822	5249	0.6710559959089747
GSM6339597	CATCGCTTCGCTAGTG-1	6995	4198	0.6001429592566119
GSM6339597	CATGAGGCAAACTCAT-1	6788	4231	0.623305833824396
GSM6339597	CATGAGGCACCTAAGC-1	8572	5498	0.6413905739617359
GSM6339597	CATGAGGCAGGACCAA-1	7727	5383	0.6966481169923644
GSM6339597	CATGAGGCAGGATGGC-1	24960	17978	0.720272435897436
GSM6339597	CATGAGGCATACTCCT-1	2406	1876	0.7797173732335827
GSM6339597	CATGAGGCATTGTCCT-1	39239	28063	0.7151813247024644
GSM6339597	CATGCAAGTACCGTTT-1	25863	24028	0.9290492208947144
GSM6339597	CATGCAAGTCAAGACC-1	2556	1745	0.6827073552425665
GSM6339597	CATGCAAGTTCAAGCA-1	14138	12037	0.851393407837035
GSM6339597	CATGCAAGTTGTTGGA-1	11115	7557	0.6798920377867747
GSM6339597	CATGCATAGCGAAGTA-1	12467	9041	0.7251945135156814
GSM6339597	CATGCATAGGCGCACT-1	6486	4363	0.6726796176379896
GSM6339597	CATGCATAGTTAGGCT-1	16415	12937	0.7881206213828815
GSM6339597	CATGCGCAGCAGGTGG-1	26574	20114	0.7569052457289079
GSM6339597	CATGCGCAGGAACCGG-1	8922	6223	0.6974893521631921
GSM6339597	CATGCGCAGGACCTCA-1	5941	4541	0.764349436121865
GSM6339597	CATGCGCAGGAGGCAT-1	28693	30430	1.0605374133063814
GSM6339597	CATGCGGGTCATGAGC-1	11083	6888	0.6214923757105477
GSM6339597	CATGCGGGTCCTAACT-1	6720	4742	0.705654761904762
GSM6339597	CATGCGGGTGTAATAC-1	7645	6389	0.8357096141268803
GSM6339597	CATGCGGGTTGAGGTC-1	21752	18015	0.8281997057741817
GSM6339597	CATGCGGGTTGCTTCG-1	12001	10998	0.916423631364053
GSM6339597	CATGGATTCAAGTGTC-1	7647	5620	0.7349287302210017
GSM6339597	CATGGATTCACCATTT-1	11609	8461	0.7288310793349987
GSM6339597	CATGGATTCACTAAGC-1	14702	12642	0.8598830091144062
GSM6339597	CATGGATTCGGCCAGT-1	4627	2858	0.6176788415820186
GSM6339597	CATGGCGGTATGGTGC-1	14296	10653	0.7451734750979295
GSM6339597	CATGGCGGTGTCCTGC-1	6259	4041	0.6456302923789743
GSM6339597	CATGGCGGTTACAAAC-1	11200	8280	0.7392857142857143
GSM6339597	CATGGCGGTTAGGATT-1	3484	1880	0.539609644087256
GSM6339597	CATGGCGGTTAGGCTA-1	3309	2316	0.699909338168631
GSM6339597	CATGGCGGTTCCTCCT-1	1694	1053	0.6216056670602125
GSM6339597	CATGGCGGTTGCAATG-1	17075	11835	0.6931185944363104
GSM6339597	CATGGCGGTTTGCTGT-1	12720	10679	0.8395440251572327
GSM6339597	CATGGCGGTTTGGCTT-1	651	483	0.7419354838709677
GSM6339597	CATTATCTCATAAGCC-1	10872	8509	0.7826526857983812
GSM6339597	CATTATCTCCAAGTGT-1	6568	3926	0.5977466504263094
GSM6339597	CATTATCTCCTCCATA-1	5836	3880	0.6648389307745031
GSM6339597	CATTATCTCTTGATGA-1	1922	1354	0.704474505723205
GSM6339597	CATTATCTCTTGCTAT-1	16059	10854	0.6758826826078834
GSM6339597	CATTATGAGCCTGACA-1	13299	10564	0.7943454395067299
GSM6339597	CATTATGAGCGGATTT-1	12876	10385	0.8065392979186082
GSM6339597	CATTATGAGGACCTTG-1	26522	20337	0.766797375763517
GSM6339597	CATTATGAGGTCAAAG-1	9621	8160	0.8481446835048332
GSM6339597	CATTCATTCATCACTT-1	13018	11143	0.8559686587801506
GSM6339597	CATTCATTCCGCTAGA-1	11112	8756	0.7879769618430525
GSM6339597	CATTCATTCGCAAACT-1	9642	7593	0.7874922215308028
GSM6339597	CATTCATTCGCTAGCA-1	875	569	0.6502857142857142
GSM6339597	CATTCATTCTCAATGA-1	17273	19327	1.1189139118856017
GSM6339597	CATTCCTCACCTGGTG-1	6103	4053	0.6640996231361626
GSM6339597	CATTCCTCATAGCGGA-1	2767	1621	0.5858330321647994
GSM6339597	CATTCCTCATTCCTCG-1	22930	17997	0.784866986480593
GSM6339597	CATTGCGAGATGGAGC-1	8851	6257	0.7069257710993108
GSM6339597	CATTGTAAGCAAACCT-1	21954	18542	0.8445841304545869
GSM6339597	CATTGTAAGCACGTTG-1	16566	11989	0.7237112157430883
GSM6339597	CATTGTAAGCCATCAG-1	20262	18105	0.8935445661830027
GSM6339597	CATTGTAAGCCTTAAA-1	11123	8779	0.7892654859300549
GSM6339597	CATTGTAAGCTGCACA-1	8970	6657	0.7421404682274247
GSM6339597	CATTGTAAGGTGCTGC-1	24290	20124	0.8284890901605599
GSM6339597	CATTGTAAGTAACCCG-1	17126	15565	0.9088520378372066
GSM6339597	CATTGTAAGTTAACCA-1	19380	13516	0.6974200206398349
GSM6339597	CATTGTAAGTTAGGCT-1	22999	15352	0.6675072829253446
GSM6339597	CATTGTGCAAACCTTG-1	13211	8426	0.6378018318068276
GSM6339597	CATTGTGCAAGTAAGC-1	13245	8818	0.665760664401661
GSM6339597	CATTGTGCAGCAACCT-1	15341	11126	0.7252460726158659
GSM6339597	CATTGTGCAGCAGGTA-1	19138	15454	0.8075033963841571
GSM6339597	CATTGTGCATGGTTAT-1	8396	6687	0.7964506908051453
GSM6339597	CATTGTGCATTCCTCG-1	6560	5172	0.7884146341463415
GSM6339597	CATTTGTTCACAGCCA-1	11812	8503	0.7198611581442601
GSM6339597	CATTTGTTCCAGGGAG-1	3963	2616	0.660105980317941
GSM6339597	CATTTGTTCCGTAAAC-1	12015	9099	0.7573033707865169
GSM6339597	CATTTGTTCGTCAAGT-1	7908	5502	0.6957511380880121
GSM6339597	CATTTGTTCTGTAAGC-1	19867	18781	0.9453364876428247
GSM6339597	CCAAACCCACAGGATG-1	9371	6599	0.7041937893501227
GSM6339597	CCAAACCCAGGCTAAG-1	5504	3429	0.6230014534883721
GSM6339597	CCAAACCCATTGCGAC-1	8521	7236	0.849196103743692
GSM6339597	CCAAACTAGCTCCTAC-1	8161	6555	0.8032103908834701
GSM6339597	CCAAACTAGTCATTTC-1	12060	9790	0.8117744610281924
GSM6339597	CCAAATCAGCTGTCAG-1	17212	15179	0.8818847315826168
GSM6339597	CCAAATCAGGAGTCTT-1	8271	5283	0.6387377584330794
GSM6339597	CCAACATAGCCTGTTC-1	10062	7819	0.7770820910355795
GSM6339597	CCAACATAGCTATGAC-1	6762	4696	0.6944690919846199
GSM6339597	CCAACATAGGAGCACG-1	16318	14973	0.9175756832945214
GSM6339597	CCAACATAGGCTAATC-1	2473	1693	0.6845936109987869
GSM6339597	CCAACATAGTGGCGGA-1	11626	9705	0.8347669017718906
GSM6339597	CCAACCAAGCATGCAT-1	13898	10567	0.7603252266513167
GSM6339597	CCAACCAAGCTATTGA-1	8880	6012	0.677027027027027
GSM6339597	CCAACCAAGGTGTCCA-1	18422	12979	0.7045380523287373
GSM6339597	CCAACCCGTCAAGACC-1	1290	896	0.6945736434108527
GSM6339597	CCAACCCGTCACGGAT-1	2658	1814	0.6824680210684725
GSM6339597	CCAACCCGTCGTTACT-1	9692	6054	0.6246388774246802
GSM6339597	CCAACCCGTGTCCAGG-1	11156	7995	0.7166547149515956
GSM6339597	CCAAGGCTCGCTAGTG-1	11459	6919	0.6038048695348635
GSM6339597	CCAAGGCTCGGTTACG-1	4107	2372	0.5775505234964694
GSM6339597	CCAAGGCTCTAATCTC-1	11615	7394	0.6365906155832974
GSM6339597	CCAAGTTAGAATCTCA-1	12977	11949	0.920782923634122
GSM6339597	CCAAGTTAGCCGCTAA-1	13288	10710	0.8059903672486454
GSM6339597	CCAAGTTAGCTTGCTC-1	15375	14536	0.9454308943089431
GSM6339597	CCAAGTTAGGAACCAA-1	8442	5871	0.6954513148542999
GSM6339597	CCAAGTTAGGAGTCTT-1	17057	13379	0.7843700533505306
GSM6339597	CCAAGTTAGGATTTGC-1	4682	3001	0.640965399401965
GSM6339597	CCAAGTTAGGCATTAC-1	12872	10168	0.7899316345556247
GSM6339597	CCAAGTTAGGTCCGTA-1	10225	8086	0.7908068459657702
GSM6339597	CCAAGTTAGTTCCTCA-1	14821	13205	0.890965521894609
GSM6339597	CCAAGTTAGTTGGCCA-1	5086	3659	0.7194258749508454
GSM6339597	CCAATATCAATTAGGA-1	10482	7148	0.6819309292119824
GSM6339597	CCAATATCACATAGCC-1	14244	13641	0.9576663858466723
GSM6339597	CCAATATCATGTTGTG-1	933	532	0.5702036441586281
GSM6339597	CCACAATAGATAGACG-1	442	318	0.7194570135746606
GSM6339597	CCACAATAGCAAACCT-1	408	273	0.6691176470588235
GSM6339597	CCACAATAGCACTAAC-1	4610	3257	0.7065075921908893
GSM6339597	CCACAATAGCGGATTT-1	11330	7763	0.6851721094439541
GSM6339597	CCACAATAGGTTTGAC-1	5005	3588	0.7168831168831169
GSM6339597	CCACAATAGTGATTCA-1	16592	13633	0.8216610414657667
GSM6339597	CCACAATAGTGTTGTA-1	1759	1342	0.762933484934622
GSM6339597	CCACAATAGTTACCGG-1	8529	5345	0.6266854261929886
GSM6339597	CCACACAAGCACTAGT-1	33680	27210	0.8078978622327792
GSM6339597	CCACACAAGCCGCAAC-1	3411	2769	0.8117854001759015
GSM6339597	CCACACAAGCGCTAAT-1	1108	771	0.6958483754512635
GSM6339597	CCACACAAGGCTGTCA-1	12524	9508	0.7591823698498882
GSM6339597	CCACAGGGTAACCAGC-1	2537	1674	0.6598344501379583
GSM6339597	CCACAGGGTCAGGAAG-1	9530	6983	0.7327387198321091
GSM6339597	CCACAGGGTCATGCCC-1	19098	16521	0.8650644046497016
GSM6339597	CCACAGGGTCGTTATC-1	771	611	0.7924773022049286
GSM6339597	CCACAGGGTCTCAGCC-1	10694	7580	0.7088086777632318
GSM6339597	CCACAGGGTTAGGACC-1	4841	3667	0.7574881222887833
GSM6339597	CCACATTGTCCTTTAA-1	9165	6016	0.6564102564102564
GSM6339597	CCACTTGGTAAAGCGG-1	8538	5908	0.6919653314593581
GSM6339597	CCACTTGGTACTTCAC-1	10768	6554	0.6086552748885586
GSM6339597	CCACTTGGTCAGGCCA-1	7239	6584	0.909517889211217
GSM6339597	CCACTTGGTCCAAATG-1	6150	4739	0.770569105691057
GSM6339597	CCACTTGGTCCCGAAG-1	22879	17591	0.7688710170899078
GSM6339597	CCACTTGGTTGCAATG-1	16803	15439	0.9188240195203238
GSM6339597	CCACTTGGTTTGTCTA-1	37328	28267	0.757259965709387
GSM6339597	CCAGACTCAACAGGAT-1	18506	14446	0.7806116935048093
GSM6339597	CCAGACTCAGGCATCT-1	5091	3488	0.6851306226674524
GSM6339597	CCAGACTCATGGAGGC-1	10473	7603	0.7259619975174257
GSM6339597	CCAGACTCATTCCTGT-1	7112	5493	0.7723565804274466
GSM6339597	CCAGCCTGTGGATGTC-1	12887	9364	0.7266237293396446
GSM6339597	CCAGCCTGTGGATTAT-1	16484	14351	0.87060179568066
GSM6339597	CCAGCCTGTGTCCAGG-1	32744	24586	0.7508551184949914
GSM6339597	CCAGCCTGTTCCGCAC-1	1712	1188	0.6939252336448598
GSM6339597	CCAGCCTGTTGCGGAT-1	11870	9273	0.7812131423757371
GSM6339597	CCAGCCTGTTGTGATG-1	2120	1440	0.6792452830188679
GSM6339597	CCAGCTAAGTACCGCA-1	8874	6143	0.692247013748028
GSM6339597	CCAGCTAAGTCACTCC-1	21289	19440	0.9131476349288364
GSM6339597	CCAGCTGCAACAGCCT-1	18815	14880	0.7908583576933298
GSM6339597	CCAGCTGCACACTAAT-1	5353	3444	0.6433775453017
GSM6339597	CCAGCTGCATGAGCAG-1	6593	4307	0.6532686182314577
GSM6339597	CCAGGAACACTGGCCA-1	14249	10676	0.7492455610920065
GSM6339597	CCAGGAACAGGACACA-1	6844	5380	0.7860900058445354
GSM6339597	CCAGGAACAGGTTTGC-1	4549	2992	0.6577269729610904
GSM6339597	CCAGGAACAGTAATAG-1	18305	17358	0.9482655012291723
GSM6339597	CCAGGAACATGAAGTA-1	8943	6478	0.7243654254724365
GSM6339597	CCAGGATGTGATCAGC-1	7122	4967	0.6974164560516709
GSM6339597	CCAGTTTGTCGCGCAA-1	10312	7768	0.7532971295577967
GSM6339597	CCAGTTTGTTACTTCA-1	5341	3347	0.6266616738438495
GSM6339597	CCAGTTTGTTATCCTA-1	848	603	0.7110849056603774
GSM6339597	CCATAAATCCGCTAGA-1	14338	9533	0.6648765518203376
GSM6339597	CCATAAATCCTCCCTC-1	3885	2139	0.5505791505791506
GSM6339597	CCATAAATCTCACAAA-1	3331	1831	0.5496847793455418
GSM6339597	CCATAAGGTTAGCCAA-1	431	295	0.6844547563805105
GSM6339597	CCATAATCAATAGCAA-1	1255	806	0.6422310756972112
GSM6339597	CCATAATCACATTAAC-1	20050	18451	0.9202493765586035
GSM6339597	CCATAATCACGAACAG-1	2050	1509	0.7360975609756097
GSM6339597	CCATAATCAGGTCCTG-1	23278	19626	0.8431136695592405
GSM6339597	CCATAATCAGTAAGTA-1	7729	5718	0.7398111010480011
GSM6339597	CCATAATCAGTCTAGC-1	3191	2626	0.8229395173926669
GSM6339597	CCATAGCCAAAGCTCC-1	1697	1231	0.7253977607542722
GSM6339597	CCATAGCCACCAGCAT-1	15412	13000	0.8434985725408772
GSM6339597	CCATAGCCAGCGCTTG-1	36424	27286	0.7491214583790907
GSM6339597	CCATAGCCAGGCTAAG-1	7486	6270	0.8375634517766497
GSM6339597	CCATAGCCAGGTTTGC-1	577	441	0.7642980935875217
GSM6339597	CCATAGCCATTGCAGC-1	612	410	0.6699346405228758
GSM6339597	CCATATTTCCCGCCTA-1	13846	11166	0.8064422938032645
GSM6339597	CCATATTTCCCTGTTA-1	11966	9327	0.7794584656526826
GSM6339597	CCATCACTCCCTCAGT-1	9568	6343	0.6629389632107023
GSM6339597	CCATCATGTAAGCTCA-1	23815	16975	0.7127860592063825
GSM6339597	CCATCATGTATGGTGC-1	13180	10005	0.7591047040971168
GSM6339597	CCATCATGTCAAAGGG-1	2394	1684	0.7034252297410192
GSM6339597	CCATCATGTCACTCGC-1	530	363	0.6849056603773584
GSM6339597	CCATCATGTCTTTGAC-1	10611	7804	0.7354631985675243
GSM6339597	CCATCATGTGAGGTGA-1	5854	3404	0.5814827468397676
GSM6339597	CCATCATGTGATGATT-1	14067	10488	0.745574749413521
GSM6339597	CCATCATGTGCCGCAA-1	16104	12966	0.8051415797317437
GSM6339597	CCATCATGTTACATCC-1	11756	8943	0.7607179312691391
GSM6339597	CCATCATGTTGCGGAT-1	4219	3278	0.7769613652524295
GSM6339597	CCATCATGTTGGTGAC-1	5326	4237	0.7955313556139693
GSM6339597	CCATCATGTTTCGCGC-1	1040	759	0.7298076923076923
GSM6339597	CCATTATTCAAAGGCA-1	9025	6898	0.7643213296398892
GSM6339597	CCATTATTCCGGTTGA-1	865	629	0.7271676300578035
GSM6339597	CCATTGTGTACTTAGG-1	2408	1878	0.7799003322259136
GSM6339597	CCATTGTGTTTACTTG-1	17868	17847	0.9988247145735393
GSM6339597	CCATTGTGTTTGCTGT-1	3112	1930	0.6201799485861182
GSM6339597	CCCAAACCACGTAATT-1	8253	5327	0.6454622561492791
GSM6339597	CCCAAACCAGATTCAT-1	23645	17853	0.7550433495453585
GSM6339597	CCCAAACCAGCCAGTT-1	22984	16037	0.6977462582666203
GSM6339597	CCCAAACCAGCTTAGC-1	6425	4815	0.7494163424124514
GSM6339597	CCCAAACCATCCCTCA-1	3975	2898	0.7290566037735849
GSM6339597	CCCAAATAGCAAGATG-1	31789	23557	0.7410424989776337
GSM6339597	CCCAAATAGGGTCCAC-1	7234	5274	0.7290572297484103
GSM6339597	CCCAACCGTTTATGGG-1	8744	6831	0.7812214089661482
GSM6339597	CCCAATTGTAACGGGA-1	11143	6675	0.5990307816566455
GSM6339597	CCCAATTGTAATAGCT-1	3560	1960	0.550561797752809
GSM6339597	CCCAATTGTACTGATG-1	7056	4785	0.6781462585034014
GSM6339597	CCCAATTGTCATAGAT-1	4359	4461	1.0233998623537508
GSM6339597	CCCAATTGTCCTAATC-1	20276	13845	0.6828269875715132
GSM6339597	CCCAATTGTCTAACCT-1	23863	22352	0.9366802162343377
GSM6339597	CCCAATTGTGATCAGC-1	18467	14464	0.7832349596577679
GSM6339597	CCCAATTGTGGATTAT-1	15646	12950	0.8276875878818868
GSM6339597	CCCAATTGTTAACGGC-1	15704	13846	0.8816861946001019
GSM6339597	CCCAATTGTTACTAGG-1	6227	4421	0.7099726995342862
GSM6339597	CCCAGCACAACTGGGA-1	2680	2386	0.8902985074626866
GSM6339597	CCCAGCACAAGGTAAC-1	11919	9673	0.8115613725983724
GSM6339597	CCCAGCACAGAACCGA-1	6317	4244	0.6718378977362672
GSM6339597	CCCAGCACATGCTTAG-1	6120	5844	0.9549019607843138
GSM6339597	CCCAGCACATTAGCCA-1	12813	10747	0.8387575119019746
GSM6339597	CCCAGTTTCATGGTGT-1	1736	1470	0.8467741935483871
GSM6339597	CCCAGTTTCCCTCTAA-1	28714	20881	0.727206240858118
GSM6339597	CCCGCAACAAACCCTA-1	6933	4084	0.5890667820568296
GSM6339597	CCCGCAACACATAGCC-1	3467	1993	0.574848572252668
GSM6339597	CCCGCAACACCCACCT-1	16580	13254	0.7993968636911942
GSM6339597	CCCGCAACATGTTGCA-1	15159	13315	0.8783560920905072
GSM6339597	CCCGCTTCAAACATAG-1	897	567	0.6321070234113713
GSM6339597	CCCGCTTCAAATACCT-1	4077	3028	0.7427029678685307
GSM6339597	CCCGCTTCAAGGTATA-1	8346	6405	0.767433501078361
GSM6339597	CCCGCTTCAGCTAATT-1	1828	1107	0.6055798687089715
GSM6339597	CCCGCTTCAGGAACTG-1	6900	4994	0.723768115942029
GSM6339597	CCCGCTTCATTAAACC-1	13849	11250	0.8123330204346885
GSM6339597	CCCGTAAAGGCGAAAC-1	26407	24357	0.9223690688075131
GSM6339597	CCCGTAAAGTTATCCT-1	14729	11259	0.7644103469346187
GSM6339597	CCCGTAAAGTTTGGTA-1	4981	3870	0.7769524191929331
GSM6339597	CCCGTTGTCTATCGCC-1	3447	2705	0.7847403539309544
GSM6339597	CCCTAATGTAAGCACC-1	9978	6770	0.67849268390459
GSM6339597	CCCTAATGTAGCTAAT-1	3276	3062	0.9346764346764347
GSM6339597	CCCTAATGTGCAATGC-1	9644	6320	0.6553297386976359
GSM6339597	CCCTAATGTTAAATGC-1	15693	12848	0.8187089785254572
GSM6339597	CCCTAATGTTACCGGG-1	10170	6025	0.5924287118977385
GSM6339597	CCCTAATGTTGCGCGA-1	1860	1210	0.6505376344086021
GSM6339597	CCCTAATGTTTGCTGT-1	9119	5805	0.6365829586577476
GSM6339597	CCCTCACCACCAGCAT-1	8575	7222	0.8422157434402332
GSM6339597	CCCTCACCACCCACCT-1	36615	31372	0.8568073194046156
GSM6339597	CCCTCACCACCTGGTG-1	15631	11136	0.712430426716141
GSM6339597	CCCTCACCAGAGAGCC-1	1972	1471	0.7459432048681541
GSM6339597	CCCTCACCATGGAGGC-1	12979	8677	0.6685414900993913
GSM6339597	CCCTCACCATTAAGTC-1	16077	13910	0.8652111712384152
GSM6339597	CCCTCACCATTGTGCA-1	5988	4045	0.6755177020708083
GSM6339597	CCCTCAGTCAACCAAC-1	11630	8573	0.7371453138435081
GSM6339597	CCCTCAGTCCGGTTAG-1	7066	3981	0.5634022077554486
GSM6339597	CCCTCAGTCCTTCTAG-1	25010	21769	0.8704118352658936
GSM6339597	CCCTCAGTCCTTTACG-1	7084	4663	0.6582439299830605
GSM6339597	CCCTCAGTCTAAGTCA-1	3888	2627	0.6756687242798354
GSM6339597	CCCTCATAGAGGGACT-1	16225	11909	0.7339907550077042
GSM6339597	CCCTCATAGCCTGTTC-1	11163	7559	0.6771477201469139
GSM6339597	CCCTCATAGCGCCTAA-1	27725	26429	0.9532551848512173
GSM6339597	CCCTCATAGCTTATGA-1	6119	4545	0.7427684262134335
GSM6339597	CCCTCATAGTGTGATC-1	12936	9663	0.7469851576994434
GSM6339597	CCCTGGACAAACTCAT-1	14696	10217	0.695223189983669
GSM6339597	CCCTGGACATGTTGTG-1	14234	14073	0.9886890543768442
GSM6339597	CCCTGGACATTGTGCA-1	14095	10048	0.7128769067045051
GSM6339597	CCCTGTTAGCAACAAG-1	623	367	0.5890850722311396
GSM6339597	CCCTGTTAGGACTTAC-1	5007	4174	0.8336329139205113
GSM6339597	CCCTTAATCCTTGCGT-1	35199	38545	1.0950595187363277
GSM6339597	CCCTTAATCGCGCTAA-1	16294	16335	1.0025162636553333
GSM6339597	CCGACAGGTAAATTGC-1	624	378	0.6057692307692307
GSM6339597	CCGACAGGTTACGCAA-1	1978	1539	0.7780586450960566
GSM6339597	CCGACAGGTTGGTTAG-1	4782	3520	0.7360936846507737
GSM6339597	CCGATGCAGACTATTG-1	9782	6853	0.7005724800654263
GSM6339597	CCGATGCAGAGAGGAG-1	26958	19398	0.7195637658580013
GSM6339597	CCGATGCAGAGAGGCT-1	716	572	0.7988826815642458
GSM6339597	CCGATGCAGCAAGGTA-1	34031	31047	0.9123152419852487
GSM6339597	CCGATGCAGGAAGCTA-1	16577	11208	0.6761175122157206
GSM6339597	CCGATGCAGTTTGGTA-1	10344	7596	0.734338747099768
GSM6339597	CCGCAAATCAAGGACA-1	18001	14188	0.7881784345314149
GSM6339597	CCGCAAATCAATAGCC-1	24408	18962	0.77687643395608
GSM6339597	CCGCAAATCATGTCAA-1	1356	934	0.6887905604719764
GSM6339597	CCGCAAATCCTAGTTT-1	20517	20196	0.9843544377833017
GSM6339597	CCGCAAATCCTGATTT-1	8653	6615	0.7644747486420894
GSM6339597	CCGCAAATCGTTTCGC-1	4442	3690	0.8307068887888338
GSM6339597	CCGCAAGGTCAAGTAT-1	586	473	0.8071672354948806
GSM6339597	CCGCAAGGTCATTGTC-1	1864	1285	0.6893776824034334
GSM6339597	CCGCAAGGTCGACTAA-1	10913	7138	0.654082287180427
GSM6339597	CCGCACACAAGATTCT-1	7363	4740	0.6437593372266739
GSM6339597	CCGCACACAAGCTTAT-1	17519	11762	0.6713853530452651
GSM6339597	CCGCACACACTGGCTG-1	8140	5272	0.6476658476658477
GSM6339597	CCGCACACAGCAATAA-1	25383	18943	0.7462868849229799
GSM6339597	CCGCACACAGTGAACG-1	7432	5738	0.7720667384284177
GSM6339597	CCGCACACATAGCGAG-1	19310	17563	0.9095287415846711
GSM6339597	CCGCCAACAGCACGAA-1	23535	18490	0.7856384108774166
GSM6339597	CCGCCAACAGCTACGT-1	4563	3421	0.7497260574183651
GSM6339597	CCGCCAACAGGAATCG-1	5897	3887	0.659148719687977
GSM6339597	CCGCCAACAGTCTATG-1	6177	4497	0.7280233122875183
GSM6339597	CCGCCAACATCAGTAT-1	12568	10162	0.8085614258434118
GSM6339597	CCGCTAAAGGAACGCG-1	31333	20001	0.6383365780487027
GSM6339597	CCGCTAAAGTAGGCGG-1	4516	3208	0.7103631532329495
GSM6339597	CCGCTAAAGTGAGCGG-1	2780	1775	0.6384892086330936
GSM6339597	CCGCTAAAGTTGCCTC-1	3462	2414	0.6972848064702484
GSM6339597	CCGCTAAAGTTGCGTG-1	2671	2100	0.7862223886184949
GSM6339597	CCGCTAGCATTTGCTC-1	3145	2064	0.6562798092209857
GSM6339597	CCGCTTAGTAGTTAAC-1	11284	8854	0.7846508330379298
GSM6339597	CCGCTTAGTCAAAGAA-1	31100	23315	0.7496784565916399
GSM6339597	CCGCTTAGTTAAGGTT-1	12226	9676	0.7914281040405693
GSM6339597	CCGCTTAGTTCCATTA-1	15482	13348	0.8621625113034491
GSM6339597	CCGGTAGGTACAATGT-1	13932	10386	0.7454780361757106
GSM6339597	CCGGTAGGTCATAACG-1	9814	6873	0.7003260648053801
GSM6339597	CCGGTTAAGCACCACA-1	11082	8704	0.7854177946219094
GSM6339597	CCGGTTAAGCCTGGTA-1	6734	4683	0.6954261954261954
GSM6339597	CCGGTTAAGCGCTAAT-1	408	276	0.6764705882352942
GSM6339597	CCGGTTAAGCTTACTT-1	8163	7102	0.8700232757564621
GSM6339597	CCGGTTAAGGGTCTAT-1	19732	19529	0.9897121427123454
GSM6339597	CCGGTTAAGTTGTCCC-1	3779	5245	1.387933315691982
GSM6339597	CCGTGCTGTCACAAAT-1	411	241	0.5863746958637469
GSM6339597	CCGTGCTGTGGAAACG-1	7483	5712	0.7633302151543498
GSM6339597	CCGTGCTGTTACCTGT-1	3658	2214	0.6052487698195735
GSM6339597	CCGTGCTGTTCATCTA-1	18273	17079	0.9346576916762437
GSM6339597	CCGTTAACAGAAATGC-1	681	570	0.8370044052863436
GSM6339597	CCGTTAACAGCCTAAC-1	13088	12537	0.9579003667481663
GSM6339597	CCGTTAACATAAGTTC-1	5907	5528	0.9358388352801761
GSM6339597	CCGTTAACATGCTCCC-1	1553	1150	0.7405022537025112
GSM6339597	CCGTTACTCAATCTAG-1	19444	14811	0.761725982308167
GSM6339597	CCGTTACTCATGCTCC-1	8899	6648	0.7470502303629621
GSM6339597	CCGTTACTCATTTGCT-1	7069	6243	0.8831517895034658
GSM6339597	CCGTTACTCCTGATGG-1	10632	7723	0.7263920240782543
GSM6339597	CCGTTACTCGGTTAGT-1	12564	8929	0.710681311684177
GSM6339597	CCGTTATGTATTGGAT-1	9986	6409	0.6417985179250951
GSM6339597	CCGTTATGTCCTTTAA-1	11663	8771	0.7520363542827746
GSM6339597	CCGTTATGTCTTTGAC-1	5655	4629	0.8185676392572945
GSM6339597	CCGTTATGTGGATTCA-1	3617	2193	0.6063035664915676
GSM6339597	CCGTTGCGTCAATACG-1	5549	3601	0.6489457559920706
GSM6339597	CCGTTGCGTTTATTCG-1	13903	9918	0.7133712148457168
GSM6339597	CCGTTTGGTAGGTGTC-1	8087	6036	0.7463830839619142
GSM6339597	CCGTTTGGTGATGAAA-1	1495	874	0.5846153846153846
GSM6339597	CCGTTTGGTGTTTGAG-1	11062	7457	0.6741095642740915
GSM6339597	CCGTTTGGTTCACCCA-1	14566	11980	0.8224632706302348
GSM6339597	CCTAAAGGTCACTCGC-1	404	333	0.8242574257425742
GSM6339597	CCTAAAGGTCATTGAG-1	3046	1451	0.4763624425476034
GSM6339597	CCTAAAGGTCTTACTA-1	14548	9941	0.6833241682705526
GSM6339597	CCTAAAGGTTAGGCTA-1	10213	6563	0.6426123568001567
GSM6339597	CCTAAAGGTTCAAGCA-1	6858	4141	0.6038203557888597
GSM6339597	CCTAAAGGTTGTTCAC-1	14670	12500	0.8520790729379687
GSM6339597	CCTAAATCAATTGCGC-1	3389	2043	0.6028326940100325
GSM6339597	CCTAAATCACATAGCC-1	1925	1659	0.8618181818181818
GSM6339597	CCTAAATCAGGCATCT-1	17685	15186	0.8586938083121289
GSM6339597	CCTAAATCAGGGAGCT-1	12920	11153	0.8632352941176471
GSM6339597	CCTAAATCAGTTAGCC-1	7620	5746	0.7540682414698163
GSM6339597	CCTAAGGTCCTCATGC-1	2669	1640	0.6144623454477333
GSM6339597	CCTAAGGTCCTGATTT-1	19918	16470	0.826890250025103
GSM6339597	CCTAAGGTCGCATTAA-1	9631	6485	0.67334648530786
GSM6339597	CCTAAGGTCTGGTCCT-1	10442	7348	0.7036966098448573
GSM6339597	CCTAAGTAGCCTGTGA-1	7873	5273	0.6697573987044328
GSM6339597	CCTAAGTAGTAATCCA-1	2859	1739	0.6082546344875831
GSM6339597	CCTAATAAGTAAGTCC-1	8040	5338	0.6639303482587064
GSM6339597	CCTAATAAGTCACCTC-1	1295	851	0.6571428571428571
GSM6339597	CCTAATAAGTTATGTG-1	13385	8298	0.6199477026522227
GSM6339597	CCTAATAAGTTGGGCC-1	22140	25393	1.1469286359530262
GSM6339597	CCTAATAAGTTTAACG-1	21130	18143	0.8586370089919546
GSM6339597	CCTAATCGTATGTGGC-1	1207	859	0.7116818558409279
GSM6339597	CCTAATCGTCATGCAA-1	17603	14284	0.8114525933079588
GSM6339597	CCTAATCGTGCTTAGA-1	667	466	0.6986506746626686
GSM6339597	CCTAATCGTGTTTGCT-1	9252	6863	0.7417855598789451
GSM6339597	CCTAATCGTTATCCGT-1	7494	5936	0.792100346944222
GSM6339597	CCTAATCGTTTATCTG-1	9923	7934	0.7995565857099668
GSM6339597	CCTACTGGTAATCGTG-1	17239	16330	0.9472707233598237
GSM6339597	CCTACTGGTAGCTAGC-1	2411	1756	0.7283284944006636
GSM6339597	CCTACTGGTCAAAGGG-1	6821	4614	0.6764404046327518
GSM6339597	CCTACTGGTGCTCACC-1	6663	5074	0.7615188353594476
GSM6339597	CCTACTGGTGGGAACA-1	18199	12568	0.6905873949118083
GSM6339597	CCTACTGGTTAGTACG-1	3797	2273	0.5986304977613905
GSM6339597	CCTACTGGTTGCACGG-1	21904	18136	0.8279766252739226
GSM6339597	CCTACTTCAAGTGAAC-1	676	582	0.8609467455621301
GSM6339597	CCTACTTCACCTACGG-1	1978	1700	0.8594539939332659
GSM6339597	CCTAGTTGTAGCTGGT-1	13913	10442	0.750521095378423
GSM6339597	CCTAGTTGTTGCATCT-1	6826	5132	0.7518312335188984
GSM6339597	CCTATAGCAATCCCTT-1	5210	3850	0.7389635316698656
GSM6339597	CCTATAGCATTAAAGG-1	5645	3847	0.6814880425155004
GSM6339597	CCTATATTCACAGACT-1	17610	14862	0.8439522998296423
GSM6339597	CCTATATTCACTTTAC-1	10547	8236	0.780885559874846
GSM6339597	CCTATATTCGCTAGTG-1	6267	5445	0.8688367640019148
GSM6339597	CCTATTGTCAAGGACA-1	19109	13895	0.727144277565545
GSM6339597	CCTATTGTCAATAGCC-1	4072	2763	0.6785363457760314
GSM6339597	CCTATTGTCAATGACC-1	510	452	0.8862745098039215
GSM6339597	CCTATTGTCAATGTCA-1	9941	7215	0.7257821144754049
GSM6339597	CCTATTGTCCCGAAGC-1	2509	1717	0.6843363889996015
GSM6339597	CCTATTGTCCGGGACT-1	7042	4848	0.6884407838682193
GSM6339597	CCTATTGTCCTGTTCA-1	8809	6607	0.7500283800658417
GSM6339597	CCTATTGTCGATATTG-1	6624	4848	0.7318840579710145
GSM6339597	CCTATTTAGCACGATT-1	18850	16659	0.8837665782493369
GSM6339597	CCTATTTAGCTAAGTC-1	12286	9264	0.7540289760703239
GSM6339597	CCTATTTAGCTCCTTA-1	24969	18827	0.754014978573431
GSM6339597	CCTATTTAGCTCGCTT-1	2530	1783	0.7047430830039526
GSM6339597	CCTATTTAGCTTACTT-1	7682	6367	0.8288206196303046
GSM6339597	CCTATTTAGCTTAGCG-1	5546	4203	0.7578434908041832
GSM6339597	CCTATTTAGGACCTGC-1	5152	3841	0.7455357142857143
GSM6339597	CCTATTTAGGGTCTAT-1	10240	6964	0.680078125
GSM6339597	CCTATTTAGTGAGGTA-1	7444	5235	0.7032509403546481
GSM6339597	CCTCAAACAAGCCACT-1	4464	2685	0.6014784946236559
GSM6339597	CCTCAAACAAGGCCAA-1	6395	4821	0.7538702111024238
GSM6339597	CCTCAAACACGTAATT-1	6464	4056	0.6274752475247525
GSM6339597	CCTCAAACAGTACCGT-1	27869	19285	0.6919875130072841
GSM6339597	CCTCAAACATGAGCAG-1	5864	3408	0.5811732605729877
GSM6339597	CCTCAAACATTAAACC-1	10014	7200	0.7189934092270821
GSM6339597	CCTCAATGTACAAAGA-1	6009	4536	0.7548676984523215
GSM6339597	CCTCAATGTACGATTG-1	515	404	0.7844660194174757
GSM6339597	CCTCAATGTAGCTGCG-1	2684	1525	0.5681818181818182
GSM6339597	CCTCAATGTCATCCTG-1	5316	3469	0.6525583145221971
GSM6339597	CCTCAATGTTACGCGG-1	6306	5412	0.8582302568981922
GSM6339597	CCTCAGTTCAGGTTTA-1	1941	1462	0.753219989696033
GSM6339597	CCTCAGTTCATAGACC-1	7527	5639	0.7491696559054072
GSM6339597	CCTCAGTTCATCACTT-1	6897	4690	0.6800057996230245
GSM6339597	CCTCAGTTCCTAGTTT-1	4501	2959	0.6574094645634303
GSM6339597	CCTCAGTTCCTTGAGG-1	6490	4506	0.6942989214175654
GSM6339597	CCTCCTCTCACGCCAA-1	13692	10552	0.7706690037978382
GSM6339597	CCTCCTCTCATGACCG-1	19579	12109	0.6184687675570765
GSM6339597	CCTCCTCTCCCTCTAA-1	13412	9957	0.7423948702654339
GSM6339597	CCTCCTCTCTTGGATA-1	14342	9714	0.6773113931111421
GSM6339597	CCTCCTGAGACAAACG-1	8007	6931	0.8656175846134632
GSM6339597	CCTCCTGAGCATGCAT-1	9843	6192	0.629076501066748
GSM6339597	CCTCCTGAGCTACTGG-1	10068	6961	0.6913984902661899
GSM6339597	CCTCCTGAGCTCATAA-1	9694	6581	0.6788735300185682
GSM6339597	CCTCCTGAGGCGCATC-1	7119	6028	0.846748138783537
GSM6339597	CCTGAATAGATAACCC-1	8891	7010	0.7884377460353166
GSM6339597	CCTGAATAGCCTGAGC-1	4893	3240	0.6621704475781729
GSM6339597	CCTGAATAGGCAGGTG-1	11546	9487	0.8216698423696518
GSM6339597	CCTGACTTCATTTGCT-1	1642	943	0.574299634591961
GSM6339597	CCTGAGTCAACCTGGT-1	17792	14749	0.8289680755395683
GSM6339597	CCTGAGTCAGGCTAAG-1	10605	7990	0.7534181989627534
GSM6339597	CCTGAGTCAGTAGGAT-1	8008	6558	0.8189310689310689
GSM6339597	CCTGAGTCATAAACCT-1	5643	4151	0.7356016303384725
GSM6339597	CCTGATGAGCACTTGG-1	14102	11827	0.838675365196426
GSM6339597	CCTGATGAGGAGGTTA-1	8659	7449	0.8602610001154868
GSM6339597	CCTGATGAGGTATTGC-1	2797	2749	0.9828387558097962
GSM6339597	CCTGATGAGTTATCCT-1	8370	7405	0.8847072879330944
GSM6339597	CCTGCTCCACCAGGTT-1	13751	11612	0.8444476765326158
GSM6339597	CCTGCTCCACTAAATC-1	5996	4379	0.7303202134756505
GSM6339597	CCTGCTCCATTAAACC-1	412	270	0.6553398058252428
GSM6339597	CCTGGATCAGCTTAGC-1	3864	2908	0.7525879917184265
GSM6339597	CCTGGATCATTAAGTC-1	7989	6234	0.7803229440480661
GSM6339597	CCTGGATCATTTGCTC-1	20677	14439	0.6983121342554529
GSM6339597	CCTGGTAAGCAGCTCA-1	20602	18537	0.8997670129113678
GSM6339597	CCTGTAACAACCTGGT-1	7086	4985	0.7034998588766582
GSM6339597	CCTGTAACAATAGCCC-1	10646	7890	0.7411234266391132
GSM6339597	CCTGTAACAATGCCCG-1	1970	1489	0.7558375634517767
GSM6339597	CCTGTAACACATGCTA-1	1703	1325	0.7780387551379918
GSM6339597	CCTGTAACATTGCGTA-1	16453	11973	0.7277092323588403
GSM6339597	CCTGTATGTACGATTG-1	9517	7331	0.7703057686245666
GSM6339597	CCTGTATGTCCTTCAG-1	22045	17541	0.7956906327965525
GSM6339597	CCTGTATGTGTCCAAA-1	13732	11167	0.8132100203903292
GSM6339597	CCTGTATGTTAGGACC-1	13639	12778	0.93687220470709
GSM6339597	CCTGTTGGTCCGCTGT-1	24826	18852	0.7593651816643842
GSM6339597	CCTGTTGGTGTCCAAA-1	37780	23358	0.6182636315510852
GSM6339597	CCTGTTGGTGTTTCAC-1	13249	9161	0.6914484112008453
GSM6339597	CCTGTTGGTTTAGCGA-1	3055	1750	0.5728314238952537
GSM6339597	CCTTAACGTAGGTTAT-1	11856	9665	0.8151990553306343
GSM6339597	CCTTAACGTGTTTGAG-1	4954	3517	0.7099313685910376
GSM6339597	CCTTAACGTTAACGAT-1	18783	20450	1.0887504658467764
GSM6339597	CCTTAACGTTGGATCA-1	6496	5392	0.8300492610837439
GSM6339597	CCTTACTCAAGGTACG-1	18183	14425	0.7933234339767915
GSM6339597	CCTTACTCAATAATCC-1	2494	1871	0.7502004811547714
GSM6339597	CCTTACTCAATCCCTT-1	18291	11845	0.64758624460117
GSM6339597	CCTTACTCATTAGGCC-1	10745	8915	0.8296882270823639
GSM6339597	CCTTAGTGTACAAAGA-1	11242	9154	0.814267923856965
GSM6339597	CCTTAGTGTTTGGTTC-1	471	356	0.7558386411889597
GSM6339597	CCTTATGTCAGTATTG-1	8668	6385	0.7366174434702354
GSM6339597	CCTTATGTCATGCTTT-1	13672	9567	0.6997513165593915
GSM6339597	CCTTATGTCCATAAGC-1	30131	25805	0.8564269357140487
GSM6339597	CCTTATGTCGGCCATA-1	14407	11342	0.7872561949052543
GSM6339597	CCTTATGTCGTGCTAG-1	3000	1742	0.5806666666666667
GSM6339597	CCTTATGTCTTTGTAC-1	6741	4356	0.6461949265687583
GSM6339597	CCTTCAATCCGGTTGA-1	2092	1416	0.6768642447418738
GSM6339597	CCTTCAATCCTGCGAA-1	6760	5436	0.8041420118343195
GSM6339597	CCTTCAGGTGTGCACG-1	15931	10099	0.6339212855439081
GSM6339597	CCTTCAGGTGTTTGCT-1	13510	10406	0.7702442635085122
GSM6339597	CCTTCGGTCCGTAAAC-1	570	345	0.6052631578947368
GSM6339597	CCTTCGGTCGGGCCAT-1	1526	990	0.6487549148099607
GSM6339597	CCTTCGGTCTTGAGGT-1	370	246	0.6648648648648648
GSM6339597	CCTTCGGTCTTGCAGG-1	1601	963	0.6014990630855716
GSM6339597	CCTTCGTAGGAACGGT-1	6983	3907	0.5595016468566518
GSM6339597	CCTTCGTAGGGCCATC-1	22313	17256	0.773360821046027
GSM6339597	CCTTGCGTCATGGTGT-1	15050	11765	0.7817275747508305
GSM6339597	CCTTGCGTCCTTGCAC-1	9602	7573	0.7886898562799417
GSM6339597	CCTTGTTCACCAGCAT-1	5067	3277	0.6467337675152951
GSM6339597	CCTTGTTCACCTCACC-1	12466	9622	0.7718594577250121
GSM6339597	CCTTGTTCAGTTAGCC-1	21686	15151	0.6986535091764272
GSM6339597	CCTTGTTCATAGGCGA-1	27270	23288	0.853978731206454
GSM6339597	CCTTGTTCATGTTTGG-1	10906	8356	0.7661837520630845
GSM6339597	CCTTTAGTCCTAAGTA-1	14997	12547	0.8366339934653597
GSM6339597	CCTTTAGTCTTAATGG-1	13019	9293	0.7138029034488056
GSM6339597	CGAAATGAGCCGCTTT-1	13380	7857	0.587219730941704
GSM6339597	CGAAATGAGCCTGATG-1	18616	14949	0.8030189084658358
GSM6339597	CGAAATGAGCTCCTAC-1	13644	10248	0.751099384344767
GSM6339597	CGAACAAAGCTGGCTA-1	14403	11343	0.7875442616121642
GSM6339597	CGAACAAAGTTGGCCA-1	13372	9452	0.7068501346096321
GSM6339597	CGAACCGGTGATGAAA-1	497	325	0.6539235412474849
GSM6339597	CGAACCGGTGTTAAAC-1	4481	3197	0.7134568176746262
GSM6339597	CGAACCGGTTAGTACG-1	17062	12778	0.7489157191419529
GSM6339597	CGAAGAATCAGCCAAT-1	9886	8445	0.8542383168116529
GSM6339597	CGAAGAATCCCATAGG-1	8009	5212	0.6507678861281059
GSM6339597	CGAAGAATCCGTCCAT-1	10904	7773	0.7128576669112252
GSM6339597	CGAAGAATCCTAACGG-1	596	442	0.7416107382550335
GSM6339597	CGAAGAATCTGTGAGT-1	15519	10483	0.6754945550615374
GSM6339597	CGAAGCCTCAAGACTC-1	1627	1390	0.8543331284572834
GSM6339597	CGAAGCCTCTACCTGC-1	15283	10785	0.7056860564025388
GSM6339597	CGAAGCCTCTCCATAT-1	19957	20064	1.0053615272836598
GSM6339597	CGAAGCCTCTTCAATC-1	8327	5546	0.6660261798967215
GSM6339597	CGAAGCGAGCCAGTAT-1	6086	6437	1.0576733486690766
GSM6339597	CGAAGCGAGGAGTCTT-1	30199	24893	0.8242988178416504
GSM6339597	CGAAGCGAGTTGTCCC-1	7139	4639	0.6498108978848578
GSM6339597	CGAAGGCCAAAGCTAA-1	9112	5960	0.6540825285338016
GSM6339597	CGAAGGCCAAGCCACT-1	13721	12001	0.8746447051964142
GSM6339597	CGAAGGCCAAGCTTAT-1	14561	11501	0.789849598241879
GSM6339597	CGAAGGCCAGATAGAC-1	4626	3134	0.67747514051016
GSM6339597	CGAAGTAAGACACCGC-1	4825	3441	0.7131606217616581
GSM6339597	CGAAGTAAGGAACCAA-1	2968	2055	0.6923854447439353
GSM6339597	CGAAGTAAGGCATTAC-1	12696	9190	0.7238500315059861
GSM6339597	CGAAGTAAGTGACCTG-1	11575	8356	0.7219006479481641
GSM6339597	CGAATATGTCACCAAA-1	3957	2934	0.7414708112206216
GSM6339597	CGAATATGTCACCTAT-1	7925	5656	0.7136908517350158
GSM6339597	CGAATATGTGAGCAAG-1	19094	13510	0.707552110610663
GSM6339597	CGACAAGCAAATGCCC-1	3317	2011	0.6062707265601447
GSM6339597	CGACAAGCAGCGCTTG-1	8411	6177	0.734395434549994
GSM6339597	CGACAAGCAGGCTGTT-1	5890	4778	0.8112054329371816
GSM6339597	CGACAAGCATCTTGAG-1	10686	7321	0.6851020026202508
GSM6339597	CGACCTGCACAGAACG-1	19371	12764	0.6589231325176811
GSM6339597	CGACCTGCAGTTAAAG-1	5697	3224	0.5659118834474285
GSM6339597	CGACCTGCATGTTTGG-1	10981	8360	0.7613149986340042
GSM6339597	CGACTAAGTAATGGAA-1	467	309	0.6616702355460385
GSM6339597	CGACTAAGTATTGGAT-1	835	571	0.6838323353293413
GSM6339597	CGACTAAGTCCCGAAG-1	5867	3969	0.6764956536560423
GSM6339597	CGACTAAGTCGCAATA-1	4517	3186	0.7053353996015054
GSM6339597	CGACTAAGTCGCATAA-1	951	732	0.7697160883280757
GSM6339597	CGAGCGAAGGACCTCA-1	8800	5599	0.63625
GSM6339597	CGAGCGAAGGGACGCA-1	11010	7829	0.7110808356039964
GSM6339597	CGAGCGAAGTAACGGA-1	17460	14796	0.8474226804123711
GSM6339597	CGAGCGAAGTGAAGTG-1	7070	4106	0.5807637906647808
GSM6339597	CGAGGAAGTCCGTGAG-1	37683	27307	0.7246503728471725
GSM6339597	CGAGGAAGTCTTACTA-1	16346	13687	0.8373302336963171
GSM6339597	CGAGGAAGTGATGAAA-1	4652	2834	0.6092003439380912
GSM6339597	CGAGGAAGTTAGGCGT-1	4474	3080	0.6884219937416183
GSM6339597	CGAGGCAAGAACAAGT-1	11323	8241	0.727810650887574
GSM6339597	CGAGGCAAGCAGCTCA-1	12467	9484	0.7607283227721184
GSM6339597	CGAGGCAAGTTTGGTA-1	30437	25738	0.8456155337254
GSM6339597	CGAGGTGAGGATGATG-1	6449	4922	0.7632191037370135
GSM6339597	CGAGTCGGTAATGGAA-1	1156	831	0.7188581314878892
GSM6339597	CGAGTCGGTATTGGAT-1	14987	10434	0.6962033762594249
GSM6339597	CGAGTCGGTCACAGAC-1	11746	10091	0.8591009705431636
GSM6339597	CGAGTCGGTTATGTGG-1	16776	11849	0.7063066285169289
GSM6339597	CGATATTCAGGAACTG-1	5154	3178	0.6166084594489717
GSM6339597	CGATATTCATGAATCT-1	8384	5803	0.6921517175572519
GSM6339597	CGATCCTTCACTAGGT-1	8502	6447	0.7582921665490473
GSM6339597	CGATCCTTCCTTGTTG-1	5004	3739	0.7472022382094324
GSM6339597	CGATCCTTCGAAGTAG-1	1759	1449	0.8237635019897669
GSM6339597	CGATGTCCAACCGCCA-1	20467	15708	0.7674793570137294
GSM6339597	CGATGTCCAATAAGCA-1	4407	3231	0.7331518039482642
GSM6339597	CGATGTCCAGGATGGC-1	10172	7664	0.7534408179315769
GSM6339597	CGATGTCCATGTTTGG-1	13580	9239	0.680338733431517
GSM6339597	CGATGTCCATTAGGCC-1	20869	18240	0.8740236714744357
GSM6339597	CGATTATCAGGAACTG-1	3564	2991	0.8392255892255892
GSM6339597	CGATTATCAGGACCAA-1	12034	8554	0.7108193451886322
GSM6339597	CGATTCCTCAGAAACG-1	4376	2871	0.6560786106032906
GSM6339597	CGATTCCTCCTGAGTG-1	7233	4387	0.6065256463431494
GSM6339597	CGATTCCTCTATGACA-1	2759	1856	0.6727075027183762
GSM6339597	CGATTGAGTTGAAGCC-1	3775	2380	0.6304635761589404
GSM6339597	CGATTTGCAAGCTTTG-1	13248	12685	0.9575030193236715
GSM6339597	CGATTTGCAATAAGCA-1	7986	5775	0.7231404958677686
GSM6339597	CGATTTGCAGCCGCTA-1	11954	9068	0.758574535720261
GSM6339597	CGATTTGCATAATCCG-1	8192	6645	0.8111572265625
GSM6339597	CGCAAATTCAGTATTG-1	3395	2283	0.672459499263623
GSM6339597	CGCAAATTCGAGCTAT-1	2355	1524	0.6471337579617834
GSM6339597	CGCAATAGTGTTTGAG-1	7680	4656	0.60625
GSM6339597	CGCAATCCAACAACAA-1	17341	16110	0.9290121676950579
GSM6339597	CGCAATCCAAGGATTA-1	3451	1901	0.5508548246884961
GSM6339597	CGCAATCCACAATTAC-1	6285	4705	0.7486077963404932
GSM6339597	CGCAATCCAGTTTCTC-1	9449	7090	0.7503439517409249
GSM6339597	CGCAATCCATCCCTCA-1	13060	10290	0.7879019908116386
GSM6339597	CGCAATCCATGACTAT-1	17241	11049	0.6408560988341744
GSM6339597	CGCAATCCATTGCAGC-1	6241	4314	0.6912353789456818
GSM6339597	CGCAATGTCAGTTCCC-1	27844	19337	0.6944763683378825
GSM6339597	CGCAATGTCATGCGTG-1	8122	6080	0.7485840925880325
GSM6339597	CGCAATGTCCTCATCA-1	20824	15801	0.7587879369957741
GSM6339597	CGCAATGTCCTGGCTT-1	14587	10312	0.7069308288201823
GSM6339597	CGCAATTAGCTTTGTT-1	13910	12858	0.9243709561466571
GSM6339597	CGCAATTAGGCGGGTA-1	10206	6494	0.6362923770331178
GSM6339597	CGCACAATCACCAATA-1	17795	13727	0.7713964596796853
GSM6339597	CGCACAATCAGGTTTA-1	15034	13712	0.912065983770121
GSM6339597	CGCACAATCATGAAGG-1	11298	8268	0.7318109399893786
GSM6339597	CGCACAATCGCTAAAC-1	12742	10433	0.8187882592999529
GSM6339597	CGCACAATCGTAATCA-1	8681	7989	0.9202856813731137
GSM6339597	CGCACAATCTCGCCCA-1	586	466	0.7952218430034129
GSM6339597	CGCACAATCTGTGCAG-1	1544	1049	0.6794041450777202
GSM6339597	CGCACACAGACAAGTG-1	10557	8583	0.8130150610969026
GSM6339597	CGCACACAGACTATTG-1	21139	16692	0.7896305407067505
GSM6339597	CGCACCACAACAGGAT-1	12363	10419	0.8427566124727008
GSM6339597	CGCACCACAAGTCGCT-1	4233	2832	0.669029057406095
GSM6339597	CGCACCACATTATGCG-1	5090	5144	1.0106090373280943
GSM6339597	CGCATATAGCATTAGC-1	5215	3843	0.7369127516778523
GSM6339597	CGCATATAGCTTATGA-1	7371	5222	0.7084520417853751
GSM6339597	CGCATATAGCTTCTCA-1	8436	5912	0.7008060692271219
GSM6339597	CGCATATAGGCCTGGT-1	8703	7003	0.8046650580259681
GSM6339597	CGCATGATCATGCAAC-1	11092	8166	0.7362062747926433
GSM6339597	CGCATGATCCGCCTAT-1	9119	5901	0.647110428775085
GSM6339597	CGCATGATCCTAGTTT-1	27884	28147	1.0094319322909195
GSM6339597	CGCATGATCTGTTCAT-1	5649	4564	0.8079306071871127
GSM6339597	CGCATTACACGAACAG-1	17207	11776	0.6843726390422502
GSM6339597	CGCATTACATATTGAC-1	5077	3133	0.6170967106558991
GSM6339597	CGCATTTGTAGTAAGA-1	1586	1139	0.7181588902900379
GSM6339597	CGCATTTGTGGTTATG-1	15095	10854	0.7190460417356741
GSM6339597	CGCATTTGTTCAAGCA-1	4985	3958	0.7939819458375126
GSM6339597	CGCATTTGTTCCTGTG-1	12708	9521	0.749213094113944
GSM6339597	CGCATTTGTTGTTGCT-1	11839	7215	0.6094264718303911
GSM6339597	CGCCAAATCACAGCGC-1	703	465	0.6614509246088194
GSM6339597	CGCCAAATCGTTAACA-1	8001	5714	0.7141607299087614
GSM6339597	CGCCAAATCTCTAGCC-1	9979	7875	0.7891572301833851
GSM6339597	CGCCACACAAATATCC-1	4287	2847	0.6641007697690693
GSM6339597	CGCCACACACCTACGG-1	2922	2033	0.6957563312799453
GSM6339597	CGCCACACATGAGCAG-1	26182	26433	1.0095867389809794
GSM6339597	CGCCACACATGTTGCA-1	16544	16050	0.9701402321083172
GSM6339597	CGCCACACATTGTCCT-1	12582	8782	0.6979812430456207
GSM6339597	CGCCTCATCCGCCAAA-1	23423	21064	0.8992870255731545
GSM6339597	CGCCTCATCTAACTGA-1	16088	13867	0.8619467926404774
GSM6339597	CGCCTGTGTAAGGTTT-1	15907	11552	0.7262211604953794
GSM6339597	CGCCTGTGTAATGGCC-1	18471	14376	0.7783011206756537
GSM6339597	CGCCTGTGTCATTGTC-1	17713	15247	0.8607802179190425
GSM6339597	CGCCTGTGTGTTGTGA-1	26532	21300	0.8028041610131162
GSM6339597	CGCCTGTGTTACTAGG-1	3740	3161	0.8451871657754011
GSM6339597	CGCCTGTGTTCGCTCA-1	11148	9817	0.8806063867958378
GSM6339597	CGCGATTCAATCCTGA-1	5009	3577	0.7141145937312837
GSM6339597	CGCGATTCACCAGGTT-1	5624	3721	0.661628733997155
GSM6339597	CGCGATTCAGCCAGAA-1	7160	4260	0.5949720670391061
GSM6339597	CGCGATTCAGCTAACC-1	3369	2524	0.7491837340457109
GSM6339597	CGCGGATTCAATACGC-1	9695	7115	0.7338834450747808
GSM6339597	CGCGGATTCGATTATG-1	8838	5696	0.64448970355284
GSM6339597	CGCGGATTCGTCCTTA-1	3911	2334	0.59677831756584
GSM6339597	CGCGGATTCTGTGCCT-1	6060	4287	0.7074257425742574
GSM6339597	CGCTAACCAATTATGC-1	9288	8244	0.8875968992248062
GSM6339597	CGCTAACCACAAGCCT-1	1392	950	0.6824712643678161
GSM6339597	CGCTAACCACACAATT-1	4461	2526	0.5662407531943511
GSM6339597	CGCTAACCACAGGAAT-1	9120	6091	0.6678728070175438
GSM6339597	CGCTAACCAGGGAGGA-1	7134	4588	0.6431174656574152
GSM6339597	CGCTAACCAGTATGTT-1	17737	13483	0.7601623724417883
GSM6339597	CGCTAACCATAACGGG-1	8795	5660	0.6435474701534963
GSM6339597	CGCTAATAGGCGCACT-1	5486	3852	0.7021509296390813
GSM6339597	CGCTAATAGGCTAATC-1	6899	5002	0.7250326134222351
GSM6339597	CGCTAATAGGTTACGT-1	7359	4770	0.6481858948226661
GSM6339597	CGCTAATAGTGAGGGT-1	14660	10090	0.6882673942701227
GSM6339597	CGCTACTTCAAATCGC-1	33873	29864	0.8816461488501166
GSM6339597	CGCTACTTCACGCCAA-1	3061	2563	0.8373080692584123
GSM6339597	CGCTACTTCGCGCTAA-1	13132	10189	0.7758909533962839
GSM6339597	CGCTACTTCGCTCCAT-1	30571	23924	0.7825717182951163
GSM6339597	CGCTACTTCTCACACC-1	8682	7151	0.8236581432849573
GSM6339597	CGCTATGAGACAAACG-1	8983	6001	0.6680396304130023
GSM6339597	CGCTATGAGCAAGACA-1	870	602	0.6919540229885057
GSM6339597	CGCTATGAGCATTTCT-1	2000	1305	0.6525
GSM6339597	CGCTATGAGGTGAAAT-1	2332	1368	0.5866209262435678
GSM6339597	CGCTCAGCAGGCAAGC-1	29123	23256	0.7985441060330323
GSM6339597	CGCTCAGCAGGCTAAG-1	23074	17777	0.770434255005634
GSM6339597	CGCTCAGCATGAATCT-1	14473	13068	0.9029226836177711
GSM6339597	CGCTCCATCATTTGTC-1	1629	1295	0.7949662369551872
GSM6339597	CGCTCCATCCTTAGGG-1	15632	11263	0.7205092118730808
GSM6339597	CGCTCCATCGTTATAG-1	16045	14643	0.9126207541290121
GSM6339597	CGCTGTGCACCTCGCT-1	718	489	0.6810584958217271
GSM6339597	CGCTGTGCACGAATTT-1	8743	6552	0.7493995196156925
GSM6339597	CGCTGTGCAGCAACCT-1	2748	2102	0.764919941775837
GSM6339597	CGCTGTGCATAGCAGG-1	1468	1086	0.7397820163487738
GSM6339597	CGCTTAACAAGGTGCA-1	10788	7452	0.6907675194660734
GSM6339597	CGCTTAACATTATGCG-1	12335	8513	0.6901499797324686
GSM6339597	CGCTTACTCACTCGCT-1	554	451	0.8140794223826715
GSM6339597	CGCTTACTCATCCTAT-1	24243	17736	0.731592624675164
GSM6339597	CGCTTACTCCCATAAA-1	17989	18005	1.00088943243093
GSM6339597	CGCTTACTCGCTAAGT-1	18059	14918	0.8260701035494767
GSM6339597	CGCTTACTCGCTTGCT-1	10328	8063	0.7806932610379551
GSM6339597	CGCTTACTCGTTTCGC-1	26794	24641	0.9196461894453982
GSM6339597	CGCTTACTCTAACCAA-1	10336	7681	0.7431308049535603
GSM6339597	CGCTTCTAGAGAGGAG-1	26219	17830	0.6800411915023457
GSM6339597	CGCTTCTAGCATGGTT-1	12596	10119	0.8033502699269609
GSM6339597	CGCTTCTAGCCTGACA-1	4943	3713	0.7511632611774226
GSM6339597	CGCTTCTAGCTGCACA-1	7520	6753	0.8980053191489362
GSM6339597	CGCTTCTAGGGCCATC-1	20101	20354	1.0125864384856476
GSM6339597	CGCTTCTAGTAGAGGC-1	23611	19450	0.823768582440388
GSM6339597	CGCTTGCGTATTTGGG-1	5935	4359	0.7344566133108678
GSM6339597	CGCTTGCGTGAATCGC-1	11895	10055	0.8453131567885667
GSM6339597	CGCTTGCGTGGAAACG-1	21788	21768	0.9990820635212043
GSM6339597	CGCTTGCGTTGGTGAC-1	28589	22741	0.7954458008324881
GSM6339597	CGCTTGCGTTTCGCCA-1	1767	1254	0.7096774193548387
GSM6339597	CGGAATCGTCCCGAAG-1	17440	15392	0.8825688073394495
GSM6339597	CGGAATCGTGACATAT-1	1391	983	0.706685837526959
GSM6339597	CGGAATCGTTTCCACG-1	440	309	0.7022727272727273
GSM6339597	CGGACAACAAAGCGCA-1	14014	9856	0.7032967032967034
GSM6339597	CGGACAACAACCCTCC-1	6371	4557	0.7152723277350495
GSM6339597	CGGACAACAAGCGAGC-1	9863	6485	0.6575078576498022
GSM6339597	CGGACAACAAGTGTTT-1	7481	5247	0.7013768212805774
GSM6339597	CGGACAACACTAAGAA-1	12864	8563	0.6656560945273632
GSM6339597	CGGACAACATTCAGCA-1	7821	4750	0.6073392149341517
GSM6339597	CGGACAACATTGGGAG-1	511	320	0.6262230919765166
GSM6339597	CGGACCTAGAAGCTAG-1	24361	20341	0.8349821435901646
GSM6339597	CGGACCTAGATAAAGC-1	7037	4415	0.627398038937047
GSM6339597	CGGACCTAGGCAAGTA-1	27653	24731	0.8943333453874805
GSM6339597	CGGACCTAGGTTTACA-1	29299	28934	0.9875422369364142
GSM6339597	CGGACCTAGTAAGTGG-1	11889	9757	0.8206745731348305
GSM6339597	CGGACCTAGTCATCCC-1	27865	21976	0.7886596088282792
GSM6339597	CGGACCTAGTTACCGG-1	15473	11556	0.7468493504814838
GSM6339597	CGGACCTAGTTAGACC-1	12694	11977	0.943516622026154
GSM6339597	CGGAGCAAGCCGCTTT-1	4553	2970	0.6523171535251483
GSM6339597	CGGAGCAAGTCCTTCA-1	33746	26477	0.7845966929413857
GSM6339597	CGGAGTCTCAACAAGG-1	11082	8028	0.7244179750947483
GSM6339597	CGGAGTCTCACTTCAT-1	16071	10966	0.6823470848111505
GSM6339597	CGGAGTCTCGTTCACC-1	19934	15905	0.7978830139460219
GSM6339597	CGGAGTCTCTAGCGTG-1	13942	10715	0.7685410988380433
GSM6339597	CGGAGTCTCTGTTCAT-1	18740	13817	0.7372998932764141
GSM6339597	CGGATAAAGCACGTTG-1	13830	10187	0.736587129428778
GSM6339597	CGGATAAAGCACTAGT-1	4919	3151	0.640577353120553
GSM6339597	CGGATAAAGGAGGGTT-1	7923	5275	0.6657831629433295
GSM6339597	CGGATAAAGTATTGTG-1	970	632	0.6515463917525773
GSM6339597	CGGATTAGTGATGAGG-1	9388	6554	0.6981252662974009
GSM6339597	CGGATTAGTGCGCGTA-1	24615	17844	0.7249238269347958
GSM6339597	CGGATTAGTGGATGTC-1	27715	25939	0.9359191773407902
GSM6339597	CGGATTAGTTAATGCG-1	14128	15444	1.0931483578708947
GSM6339597	CGGCAATGTAGTTACG-1	724	510	0.7044198895027625
GSM6339597	CGGCAATGTCATTGTC-1	5185	3272	0.6310511089681774
GSM6339597	CGGCAATGTTTCCGGC-1	12642	9381	0.7420503084954913
GSM6339597	CGGCAATGTTTGGCGG-1	1566	715	0.4565772669220945
GSM6339597	CGGCAATGTTTGGGTA-1	31523	28139	0.8926498112489294
GSM6339597	CGGCCATAGATGGAGC-1	4626	2686	0.58063121487246
GSM6339597	CGGCCATAGCGAGCGA-1	14288	12412	0.8687010078387458
GSM6339597	CGGCCATAGGCTCATG-1	7281	6425	0.8824337316302706
GSM6339597	CGGCCATAGGCTGTCA-1	6170	4695	0.7609400324149108
GSM6339597	CGGCCATAGTAGGCGG-1	10777	8080	0.7497448269462744
GSM6339597	CGGCTAATCATGGTTA-1	11871	9090	0.7657316148597423
GSM6339597	CGGCTAATCCTAATGA-1	24116	19254	0.7983911096367556
GSM6339597	CGGCTAATCGAAGCGG-1	914	516	0.5645514223194749
GSM6339597	CGGCTCACATATAACC-1	12303	9471	0.7698122409168495
GSM6339597	CGGGACAAGCACTTGG-1	13795	10156	0.7362087712939471
GSM6339597	CGGGACAAGGCTAATC-1	9474	7866	0.8302723242558582
GSM6339597	CGGGCTTAGAGGAAGG-1	21335	16371	0.7673306772908367
GSM6339597	CGGGCTTAGCATTATG-1	8799	5347	0.6076826912149108
GSM6339597	CGGGCTTAGTGAGCGG-1	7820	6045	0.7730179028132992
GSM6339597	CGGGTATGTTAATGAC-1	9197	5998	0.6521691856040013
GSM6339597	CGGGTATGTTCCGGGA-1	17981	15700	0.8731438740893165
GSM6339597	CGGGTATGTTGTTGGA-1	16531	12528	0.7578488899643094
GSM6339597	CGGGTCTAGAGGGACT-1	5310	3370	0.6346516007532956
GSM6339597	CGGGTCTAGTACCGCA-1	4447	2598	0.5842140769057792
GSM6339597	CGGGTCTAGTATCGCG-1	8506	6833	0.803315306842229
GSM6339597	CGGTAACGTAATGACT-1	31887	25402	0.7966255840938313
GSM6339597	CGGTAACGTGAACAAA-1	31270	24042	0.7688519347617525
GSM6339597	CGGTAACGTTACTTGC-1	28536	21414	0.7504205214465938
GSM6339597	CGGTAACGTTAGGTTG-1	14365	10940	0.7615732683605987
GSM6339597	CGGTAACGTTGGCCGA-1	1631	1239	0.759656652360515
GSM6339597	CGGTAACGTTTACCGT-1	5121	3745	0.731302479984378
GSM6339597	CGGTGAACAGAACCGA-1	8569	6505	0.7591317539969658
GSM6339597	CGGTGAACAGCTTAGC-1	15081	14027	0.9301107353623765
GSM6339597	CGGTGAACAGGAAGCC-1	11610	8297	0.7146425495262705
GSM6339597	CGGTGAACATGCAACC-1	15731	11487	0.7302142266861611
GSM6339597	CGGTGAGAGAAACTGG-1	11511	7983	0.6935105551211884
GSM6339597	CGGTGAGAGCTTAGTA-1	6647	5032	0.7570332480818415
GSM6339597	CGGTGAGAGGAACGGT-1	4031	3247	0.8055073182833044
GSM6339597	CGGTGAGAGTAACGGA-1	36391	26470	0.7273776483196395
GSM6339597	CGGTGAGAGTCAGTAC-1	4052	2598	0.6411648568608095
GSM6339597	CGGTGAGAGTCGCAAT-1	474	337	0.7109704641350211
GSM6339597	CGGTGAGAGTGAACGA-1	25717	18900	0.7349224248551541
GSM6339597	CGGTTATAGCCAGTAT-1	9013	7493	0.8313547098635304
GSM6339597	CGGTTATAGCCGCAGT-1	8228	6171	0.75
GSM6339597	CGGTTATAGCGGTTAT-1	18563	14557	0.7841943651349459
GSM6339597	CGGTTATAGGTCAAAG-1	14069	11495	0.8170445660672401
GSM6339597	CGGTTATAGTAAGTGG-1	25318	18872	0.7453985306896279
GSM6339597	CGGTTATAGTTAGGCT-1	8612	6867	0.7973757547607989
GSM6339597	CGGTTCCGTAAACAAG-1	9087	6473	0.7123363046109827
GSM6339597	CGGTTCCGTATTGTCC-1	10448	7254	0.6942955589586524
GSM6339597	CGGTTCCGTCGTAAAT-1	30001	26378	0.8792373587547082
GSM6339597	CGGTTCCGTGGATTCA-1	7906	5103	0.6454591449532001
GSM6339597	CGGTTCCGTTAGACCA-1	6202	4877	0.7863592389551758
GSM6339597	CGGTTCCGTTGACTTC-1	6804	4898	0.7198706643151087
GSM6339597	CGGTTGGGTCGACTAA-1	17472	14473	0.8283539377289377
GSM6339597	CGGTTGGGTCGCAATA-1	2856	1640	0.5742296918767507
GSM6339597	CGGTTGGGTGCTCACC-1	9423	7310	0.7757614347872227
GSM6339597	CGGTTGGGTTTGGCTT-1	22113	17796	0.8047754714421381
GSM6339597	CGGTTTCTCGTTATAG-1	12865	11210	0.8713563933151963
GSM6339597	CGGTTTGAGCTTCTCA-1	26712	23656	0.8855944893680743
GSM6339597	CGGTTTGAGGTTAGAG-1	13583	12002	0.8836045056320401
GSM6339597	CGTAACCCAAACCCTA-1	13161	10976	0.8339791809133045
GSM6339597	CGTAACCCACATAACT-1	12527	9422	0.7521353875628642
GSM6339597	CGTAACCCAGCTTACA-1	1441	1048	0.7272727272727273
GSM6339597	CGTAACCCAGGCGATA-1	4383	2583	0.5893223819301848
GSM6339597	CGTAACTAGATTCCTT-1	581	329	0.5662650602409639
GSM6339597	CGTAACTAGCCTCTGT-1	10643	7636	0.7174668796391995
GSM6339597	CGTAACTAGGTCCTGA-1	9121	8660	0.9494572963490845
GSM6339597	CGTAACTAGTCCTTTG-1	572	345	0.6031468531468531
GSM6339597	CGTAACTAGTCTCACC-1	10337	9404	0.9097417045564478
GSM6339597	CGTAACTAGTTAACCA-1	7718	5891	0.7632806426535372
GSM6339597	CGTAACTAGTTATGGC-1	4122	3928	0.952935468219311
GSM6339597	CGTAATGGTCCCGAAG-1	18261	15137	0.8289250314878703
GSM6339597	CGTAATGGTGGTTCTT-1	13375	9446	0.7062429906542056
GSM6339597	CGTACGGGTAGCTGCG-1	23047	17774	0.7712066646418189
GSM6339597	CGTACGGGTAGCTGGT-1	10633	7888	0.7418414370356438
GSM6339597	CGTACGGGTATGGTGC-1	9577	6882	0.7185966377780099
GSM6339597	CGTACGGGTCATAACG-1	4780	3214	0.6723849372384937
GSM6339597	CGTACGGGTTCAAGAT-1	20018	17449	0.8716655010490558
GSM6339597	CGTAGCGGTAGACAAA-1	2688	1709	0.6357886904761905
GSM6339597	CGTAGCGGTCCAAATG-1	1027	664	0.6465433300876339
GSM6339597	CGTAGCGGTGATGGCT-1	4942	3580	0.7244030756778632
GSM6339597	CGTAGCGGTGGACATC-1	6020	3408	0.5661129568106312
GSM6339597	CGTAGTTAGAACAAGT-1	23512	23207	0.9870279006464784
GSM6339597	CGTAGTTAGTAAAGGT-1	1265	978	0.7731225296442688
GSM6339597	CGTAGTTAGTTTGTCT-1	19252	13931	0.723613131103262
GSM6339597	CGTATTGCACTAGGTC-1	9982	7094	0.7106792226006812
GSM6339597	CGTATTGCAGCCAGAA-1	23812	17836	0.7490341004535528
GSM6339597	CGTATTGCATAGCGAG-1	18424	12933	0.7019648284845853
GSM6339597	CGTATTGCATGCTCCC-1	3108	2172	0.6988416988416989
GSM6339597	CGTATTGCATTATGCG-1	17429	12758	0.7319983934821275
GSM6339597	CGTATTGCATTATGGT-1	3315	2341	0.706184012066365
GSM6339597	CGTCAATAGCAAGGAC-1	28262	19771	0.699561248319298
GSM6339597	CGTCAATAGGGCTAAA-1	6771	4552	0.6722788362132625
GSM6339597	CGTCAATAGGTAGCTT-1	8677	6971	0.803388267834505
GSM6339597	CGTCATTGTGGACATC-1	8071	6291	0.7794573163176806
GSM6339597	CGTCATTGTGTTGTGA-1	34695	31497	0.9078253350626891
GSM6339597	CGTCATTGTTTAGCGA-1	9120	5212	0.5714912280701754
GSM6339597	CGTCCTAGTGGATGTC-1	10373	7843	0.7560975609756098
GSM6339597	CGTCCTAGTGGGTGAA-1	14097	10143	0.7195147903809321
GSM6339597	CGTGACATCAATGAGG-1	10954	8424	0.7690341427788936
GSM6339597	CGTGACATCACAGACT-1	8585	5148	0.5996505532906232
GSM6339597	CGTGACATCCCGTTGT-1	6612	5915	0.8945856019358742
GSM6339597	CGTGACATCCTAACGG-1	1617	1090	0.6740878169449598
GSM6339597	CGTGACATCCTGAATA-1	7883	6727	0.8533553215780794
GSM6339597	CGTGACATCGCTCACT-1	11699	8951	0.765108128899906
GSM6339597	CGTGACATCGGGCCAT-1	13120	11157	0.8503810975609756
GSM6339597	CGTGAGGAGCGTGCGT-1	17395	13579	0.7806266168439207
GSM6339597	CGTGAGGAGTGAACGA-1	3789	2754	0.7268408551068883
GSM6339597	CGTGAGGAGTTTGTCT-1	13039	10422	0.7992944244190505
GSM6339597	CGTGCACAGAAGCTAG-1	5734	3595	0.6269619811649808
GSM6339597	CGTGCACAGATTGAGG-1	11335	7741	0.6829289810322011
GSM6339597	CGTGCACAGCGTGCAC-1	7830	5745	0.7337164750957854
GSM6339597	CGTGCACAGGACAACA-1	2889	1588	0.5496711664935964
GSM6339597	CGTGCACAGGATAAAC-1	9895	6933	0.7006568974229409
GSM6339597	CGTGCACAGGTAACGA-1	613	538	0.8776508972267537
GSM6339597	CGTGCACAGTCACTAA-1	30435	23108	0.7592574338754723
GSM6339597	CGTGCACAGTGTTGCG-1	15392	12457	0.8093165280665281
GSM6339597	CGTGCTGCAGGAACCA-1	37555	32488	0.865077885767541
GSM6339597	CGTGCTGCATGTTGTG-1	8678	6862	0.7907351924406545
GSM6339597	CGTGCTTTCAATACGC-1	488	289	0.5922131147540983
GSM6339597	CGTGCTTTCAATGAGG-1	11868	11143	0.9389113582743512
GSM6339597	CGTGCTTTCACGCCAA-1	612	410	0.6699346405228758
GSM6339597	CGTGCTTTCCAAATCA-1	8418	6035	0.7169161320978855
GSM6339597	CGTGCTTTCTGGCAAT-1	2595	1732	0.6674373795761079
GSM6339597	CGTGCTTTCTTTGTAC-1	5099	4014	0.7872131790547167
GSM6339597	CGTGGTTCATCACAGC-1	22548	17527	0.7773194961859144
GSM6339597	CGTGGTTCATGACTAT-1	18540	15896	0.8573894282632146
GSM6339597	CGTGTGTCACCAACCG-1	20265	14622	0.721539600296077
GSM6339597	CGTGTGTCAGGCAAGC-1	12869	9969	0.774652265133266
GSM6339597	CGTGTTACAACTGGGA-1	6968	4967	0.7128300803673938
GSM6339597	CGTGTTACAAGGTATA-1	1576	1111	0.7049492385786802
GSM6339597	CGTGTTACACGTTACA-1	7925	5569	0.7027129337539432
GSM6339597	CGTGTTACACTGGCTG-1	10156	6808	0.6703426545884207
GSM6339597	CGTTAAATCAACCAAC-1	12480	9543	0.7646634615384615
GSM6339597	CGTTAAATCAGGTTTA-1	5297	4200	0.7929016424391164
GSM6339597	CGTTAAATCATAATCG-1	3214	2510	0.7809583074051026
GSM6339597	CGTTAAATCCAGGTCA-1	8266	7071	0.8554318896685217
GSM6339597	CGTTAAATCTTAGTCT-1	13238	7953	0.6007705091403536
GSM6339597	CGTTAACAGCTTTGTT-1	25767	23426	0.9091473590251097
GSM6339597	CGTTAACAGGAGTCTT-1	17843	15823	0.8867903379476545
GSM6339597	CGTTAACAGTTAGCCG-1	9665	7248	0.7499224004138645
GSM6339597	CGTTAGGTCGCCTGTT-1	1710	1028	0.6011695906432749
GSM6339597	CGTTAGGTCGCTTGCT-1	14799	10579	0.7148455976755186
GSM6339597	CGTTAGGTCGGTTACG-1	1330	966	0.7263157894736842
GSM6339597	CGTTAGGTCTCCTCTT-1	3816	2965	0.7769916142557652
GSM6339597	CGTTAGTAGATAACCC-1	12619	11262	0.8924637451462081
GSM6339597	CGTTAGTAGCATGACT-1	4506	6624	1.470039946737683
GSM6339597	CGTTAGTAGGCTGTCA-1	7530	4883	0.6484727755644091
GSM6339597	CGTTAGTAGGTATTGC-1	1258	952	0.7567567567567568
GSM6339597	CGTTATCGTCGTTACT-1	7149	4799	0.6712826968806826
GSM6339597	CGTTATCGTCTCACTG-1	9041	7149	0.7907311138148435
GSM6339597	CGTTATCGTCTCAGCC-1	1612	1687	1.0465260545905708
GSM6339597	CGTTATCGTGGATGTC-1	27538	20707	0.7519427699905585
GSM6339597	CGTTATTTCCCGTTAC-1	2321	1460	0.6290392072382593
GSM6339597	CGTTATTTCCTGGTCT-1	4963	3238	0.6524279669554705
GSM6339597	CGTTGCAAGCAAGGTA-1	19707	13440	0.6819911706500228
GSM6339597	CGTTGCAAGTCACGAT-1	9141	5847	0.6396455530029537
GSM6339597	CGTTGCAAGTTGCGTG-1	4663	2976	0.6382157409393094
GSM6339597	CGTTGCGCAAACTGTT-1	6192	4824	0.7790697674418605
GSM6339597	CGTTGCGCAGGCATGA-1	3876	3198	0.8250773993808049
GSM6339597	CGTTGCGCATCAATCG-1	1010	564	0.5584158415841585
GSM6339597	CGTTGCGCATTTGCTC-1	2315	1266	0.5468682505399568
GSM6339597	CGTTTGGAGAGAGGAG-1	1356	849	0.6261061946902655
GSM6339597	CGTTTGGAGCAAGGAC-1	6616	4766	0.7203748488512697
GSM6339597	CGTTTGGAGCGATACT-1	11822	9011	0.7622229741160548
GSM6339597	CGTTTGGAGGACCTGC-1	2311	1384	0.5988749459108611
GSM6339597	CGTTTGGAGGCTTAAC-1	9065	5970	0.65857694429123
GSM6339597	CGTTTGGAGTCCTTCA-1	27320	23319	0.8535505124450952
GSM6339597	CTAAAGCTCTTGCTAT-1	10629	8371	0.7875623294759619
GSM6339597	CTAAATGTCAAATCGC-1	2303	1651	0.7168910117238385
GSM6339597	CTAAATGTCAATTACG-1	6369	5106	0.8016957136128121
GSM6339597	CTAAATGTCATGGCTG-1	7304	5143	0.7041347207009858
GSM6339597	CTAAATGTCCCGTTAC-1	10292	8532	0.8289933929265448
GSM6339597	CTAAATGTCCCTCACG-1	5434	3381	0.6221935958778064
GSM6339597	CTAAATGTCCTCCATA-1	5811	5213	0.8970917225950783
GSM6339597	CTAAATGTCGTGCTTC-1	15299	11282	0.7374338192038695
GSM6339597	CTAAATGTCTAATCAG-1	8610	6211	0.7213704994192799
GSM6339597	CTAAATGTCTGCAACG-1	14997	13502	0.9003133960125358
GSM6339597	CTAAATGTCTTTGTAC-1	2858	1978	0.6920923722883136
GSM6339597	CTAACCACACTTGTTC-1	10622	8686	0.8177367727358313
GSM6339597	CTAACCACAGTTATGT-1	5266	4333	0.8228256741359665
GSM6339597	CTAACCACATTGTGCA-1	22257	16335	0.7339264051758997
GSM6339597	CTAACCCTCAAGCCTG-1	6999	5184	0.7406772396056579
GSM6339597	CTAACCCTCAAGTGAG-1	3070	1692	0.5511400651465798
GSM6339597	CTAACCCTCACGTTAA-1	21877	18747	0.8569273666407643
GSM6339597	CTAACCCTCCAAGTGT-1	18882	12759	0.6757229107086113
GSM6339597	CTAACCCTCCGTAAAC-1	5839	4491	0.7691385511217674
GSM6339597	CTAACCCTCGGTTAGT-1	28853	23013	0.7975947041902055
GSM6339597	CTAACCTGTAGCAGCT-1	11572	8193	0.7080020739716557
GSM6339597	CTAACCTGTTTACTTG-1	14979	11086	0.7401028106015087
GSM6339597	CTAACCTGTTTGTCTA-1	2521	1868	0.7409758032526775
GSM6339597	CTAAGGTTCAAGGACA-1	11665	8471	0.7261894556365195
GSM6339597	CTAAGGTTCTAGCTTT-1	12763	11553	0.9051947034396302
GSM6339597	CTAAGTCAGGCCAATT-1	1187	924	0.7784330244313395
GSM6339597	CTAAGTCAGGCGCACT-1	1358	997	0.7341678939617083
GSM6339597	CTAAGTCAGTAATCCA-1	13700	10965	0.8003649635036496
GSM6339597	CTAATAGTCAAACCTA-1	8426	5934	0.7042487538571089
GSM6339597	CTAATAGTCACGCCAA-1	11081	8931	0.8059741900550492
GSM6339597	CTAATAGTCAGGCCTA-1	13497	11905	0.8820478624879603
GSM6339597	CTAATAGTCATCCTAT-1	6942	5207	0.7500720253529243
GSM6339597	CTAATAGTCCGCTAGA-1	32129	23463	0.7302748295932024
GSM6339597	CTAATAGTCCTGAATA-1	3735	2556	0.6843373493975904
GSM6339597	CTAATCCGTACGGGTT-1	474	335	0.7067510548523207
GSM6339597	CTAATCCGTGAAGCCT-1	6346	4297	0.6771194453198865
GSM6339597	CTAATCCGTTGCACGG-1	8003	5012	0.6262651505685368
GSM6339597	CTAATCCGTTGGATAT-1	7024	5211	0.741884965831435
GSM6339597	CTAATCGCAACTGGCT-1	7494	5306	0.7080330931411796
GSM6339597	CTAATCGCACCTCAGG-1	1556	1079	0.6934447300771208
GSM6339597	CTAATCGCACTTGTTC-1	1009	698	0.6917740336967294
GSM6339597	CTAATCGCAGCACGAA-1	13909	10781	0.7751096412394852
GSM6339597	CTAATCGCAGCTCAAC-1	1148	939	0.8179442508710801
GSM6339597	CTAATCGCATTGTGGC-1	785	505	0.643312101910828
GSM6339597	CTAATCTTCAGGGCCT-1	426	319	0.7488262910798122
GSM6339597	CTAATCTTCATCGTTT-1	2891	2252	0.7789692148045659
GSM6339597	CTAATCTTCCATAAGC-1	1566	1044	0.6666666666666666
GSM6339597	CTAATCTTCCATAATG-1	11045	10853	0.9826165685830692
GSM6339597	CTAATGTCAAACGCGA-1	11459	8690	0.7583558774762196
GSM6339597	CTAATGTCAATCCCTT-1	15828	12897	0.8148218347232752
GSM6339597	CTAATGTCATAATCCG-1	832	606	0.7283653846153846
GSM6339597	CTAATGTCATTGCGAC-1	10137	6948	0.6854098845812371
GSM6339597	CTAATTGAGAACCTGT-1	2037	1388	0.6813942071674031
GSM6339597	CTAATTGAGGATCACT-1	28381	24026	0.8465522708854515
GSM6339597	CTAATTGAGTAACGAG-1	9561	7871	0.823240246836105
GSM6339597	CTAATTGAGTTAGAGG-1	21412	16697	0.7797963758640015
GSM6339597	CTACAACAGCAGCTCA-1	25555	20574	0.8050870671101545
GSM6339597	CTACAACAGCATGTTA-1	7340	4643	0.6325613079019073
GSM6339597	CTACAACAGCCGCAGT-1	12266	8659	0.7059351051687591
GSM6339597	CTACAACAGTAACGGA-1	27557	21339	0.7743586021700475
GSM6339597	CTACAACAGTTAGCCG-1	7538	5628	0.7466171398248872
GSM6339597	CTACAACAGTTATTCC-1	26490	20052	0.7569648924122311
GSM6339597	CTACCGGCACCTAAGC-1	19322	12925	0.6689266121519511
GSM6339597	CTACCGGCAGAGGGAG-1	4187	2665	0.6364939097205636
GSM6339597	CTACCGGCAGATAGAC-1	6241	3953	0.6333920846018266
GSM6339597	CTACCGGCAGCAACAG-1	5663	3943	0.696274059685679
GSM6339597	CTACCGGCAGGCTAAG-1	14424	12140	0.8416528008874099
GSM6339597	CTACCGGCATCAATCG-1	14254	10171	0.7135540900799775
GSM6339597	CTACCTCAGCTCGCTT-1	1576	1197	0.7595177664974619
GSM6339597	CTACCTCAGGACCTTG-1	8349	6514	0.7802131991855312
GSM6339597	CTACCTCAGGCATGAA-1	32387	29674	0.916231821409825
GSM6339597	CTACCTCAGTCTGGGC-1	4155	2740	0.6594464500601684
GSM6339597	CTACGAAGTATTCGCT-1	6969	5188	0.7444396613574401
GSM6339597	CTACGAAGTCAGGAAG-1	39451	29461	0.746774479734354
GSM6339597	CTACGAAGTGATCATG-1	1648	967	0.5867718446601942
GSM6339597	CTACGAAGTTGTAAAC-1	21546	19399	0.900352733686067
GSM6339597	CTACTAAAGCTCAATA-1	20627	15963	0.7738885926213216
GSM6339597	CTACTAAAGGACACTT-1	8599	6392	0.7433422490987324
GSM6339597	CTACTAAAGGAGCAAC-1	32412	22636	0.6983833148216709
GSM6339597	CTACTAAAGGTCAAAG-1	14823	14005	0.9448154894420833
GSM6339597	CTACTAAAGTATTGTG-1	1902	1237	0.6503680336487907
GSM6339597	CTACTAAAGTTTGGGT-1	1590	1155	0.7264150943396226
GSM6339597	CTACTTAGTCATGAGC-1	13021	9683	0.7436448813455188
GSM6339597	CTACTTAGTGAAACAA-1	17219	11927	0.6926650792728962
GSM6339597	CTACTTAGTTAGTGAT-1	12310	9787	0.7950446791226645
GSM6339597	CTAGATTCACTGGCTG-1	4641	3220	0.693815987933635
GSM6339597	CTAGATTCAGGTTCAC-1	13908	11379	0.8181622088006902
GSM6339597	CTAGATTCAGTCTAAT-1	2134	1416	0.6635426429240863
GSM6339597	CTAGATTCATACCCGG-1	1963	1130	0.5756495160468671
GSM6339597	CTAGCGGGTAATAGCT-1	2123	1668	0.7856806406029204
GSM6339597	CTAGCGGGTTGCACAA-1	2376	1965	0.827020202020202
GSM6339597	CTAGCTGAGGACGTAA-1	35992	29698	0.8251278061791509
GSM6339597	CTAGCTGAGGCTGGCT-1	11883	7624	0.6415888243709501
GSM6339597	CTAGCTGAGTAACTCA-1	1734	1245	0.7179930795847751
GSM6339597	CTAGCTTGTACGATTG-1	390	279	0.7153846153846154
GSM6339597	CTAGCTTGTAGCTGCG-1	12037	10252	0.8517072360222647
GSM6339597	CTAGCTTGTCATGCCC-1	34852	27040	0.7758521749110524
GSM6339597	CTAGCTTGTGATCATG-1	15058	14656	0.973303227520255
GSM6339597	CTAGCTTGTTGACTTC-1	4193	2871	0.684712616265204
GSM6339597	CTAGCTTGTTGGCCGA-1	5103	2893	0.5669214187732706
GSM6339597	CTAGGACGTCTCAGCC-1	8882	6998	0.7878856113487953
GSM6339597	CTAGGACGTGAAGCCT-1	25971	19153	0.7374764160024643
GSM6339597	CTAGGACGTTGAAGCC-1	2173	1741	0.801196502531063
GSM6339597	CTAGGACGTTGGCCGA-1	14217	9831	0.6914960962228318
GSM6339597	CTAGGCGGTCCCGGAA-1	3033	1564	0.5156610616551269
GSM6339597	CTAGGCGGTGAGCACT-1	1693	1221	0.7212049616066155
GSM6339597	CTAGGCGGTTAGTGAT-1	10203	6254	0.6129569734391845
GSM6339597	CTAGTAATCCCTCATA-1	12631	10805	0.855435040772702
GSM6339597	CTAGTAATCCGGCTAA-1	16987	15233	0.8967445693765821
GSM6339597	CTAGTAATCCTGAATA-1	7356	5322	0.7234910277324633
GSM6339597	CTAGTAATCGCATTAA-1	11486	9518	0.8286609785826223
GSM6339597	CTAGTAGGTCAATGTG-1	1102	624	0.5662431941923775
GSM6339597	CTAGTAGGTCAGGAAG-1	2178	1693	0.7773186409550046
GSM6339597	CTAGTAGGTCATGCCC-1	13125	8971	0.683504761904762
GSM6339597	CTAGTCGAGCAGGCCT-1	15195	11893	0.7826916748930569
GSM6339597	CTAGTCGAGGTTTGAC-1	27202	26228	0.9641938092787296
GSM6339597	CTAGTCGAGTTTCCTG-1	7277	5330	0.7324446887453621
GSM6339597	CTAGTGAGTACAATGT-1	15200	11678	0.7682894736842105
GSM6339597	CTAGTGAGTCATAAGT-1	10012	7570	0.7560926887734718
GSM6339597	CTAGTGAGTGGCTTCC-1	15471	11732	0.7583220218473272
GSM6339597	CTAGTGAGTGTTGTAG-1	10288	7333	0.7127721617418351
GSM6339597	CTAGTGAGTTGCTTCG-1	766	605	0.7898172323759791
GSM6339597	CTAGTTGCAACTGGGA-1	7453	5220	0.7003891050583657
GSM6339597	CTAGTTGCAGGAACCA-1	9896	8130	0.8215440582053355
GSM6339597	CTAGTTGCATGGCCCA-1	20789	14119	0.6791572466208091
GSM6339597	CTATAACCAACACCTA-1	9961	5894	0.5917076598735067
GSM6339597	CTATAACCAATAGCAA-1	2442	1745	0.7145782145782146
GSM6339597	CTATAACCAGCATGTC-1	14861	12417	0.8355426956463226
GSM6339597	CTATAACCAGGAACCA-1	10380	7240	0.697495183044316
GSM6339597	CTATAACCATATTGAC-1	12461	10359	0.831313698740069
GSM6339597	CTATAACCATTATGGT-1	2014	1162	0.576961271102284
GSM6339597	CTATGACAGGAAGCTA-1	635	505	0.7952755905511811
GSM6339597	CTATGACAGGAGTCTT-1	722	484	0.6703601108033241
GSM6339597	CTATGACAGGTGAAAT-1	2126	1369	0.6439322671683914
GSM6339597	CTATGACAGGTGAGAC-1	1192	815	0.6837248322147651
GSM6339597	CTATGACAGTTGCGTG-1	1966	1228	0.624618514750763
GSM6339597	CTATGAGGTAAACAAG-1	16925	13591	0.80301329394387
GSM6339597	CTATGAGGTAAGCTCA-1	12808	9837	0.7680356027482823
GSM6339597	CTATGAGGTAGTTAAC-1	16866	14335	0.8499347800308312
GSM6339597	CTATGAGGTCACAGAC-1	11154	10589	0.9493455262686032
GSM6339597	CTATGAGGTCACCAAA-1	24638	18508	0.7511973374462213
GSM6339597	CTATGAGGTCGTTACT-1	999	492	0.4924924924924925
GSM6339597	CTATGAGGTGGATTAT-1	12488	9666	0.7740230621396541
GSM6339597	CTATGAGGTGGTTCTT-1	7439	4548	0.6113724963032666
GSM6339597	CTATGATCAGGACCAA-1	20343	17139	0.8425011060315588
GSM6339597	CTATGATCATTATGAC-1	5718	4519	0.7903112976565233
GSM6339597	CTATGGCCACAAAGGT-1	13586	11573	0.8518327690269395
GSM6339597	CTATGGCCACTAGGTC-1	8915	7045	0.7902411665731912
GSM6339597	CTATGGCCATGCTATG-1	7082	4259	0.6013837898898616
GSM6339597	CTATTACTCACCAATA-1	36391	26620	0.7314995465911901
GSM6339597	CTATTACTCAGGTCCA-1	14222	11731	0.8248488257629025
GSM6339597	CTATTACTCCACCTTA-1	7768	5448	0.7013388259526262
GSM6339597	CTATTACTCCTGAATA-1	21811	25324	1.1610655173994773
GSM6339597	CTATTACTCCTGGTCT-1	708	335	0.4731638418079096
GSM6339597	CTATTACTCGACCTGA-1	10660	8021	0.7524390243902439
GSM6339597	CTATTACTCGCTAAGT-1	13304	13227	0.9942122669873722
GSM6339597	CTATTACTCTACCTCA-1	1026	653	0.6364522417153996
GSM6339597	CTATTCAGTAATCGGC-1	597	322	0.5393634840871022
GSM6339597	CTATTCAGTACGGTAC-1	2776	1422	0.5122478386167147
GSM6339597	CTATTCAGTGGTGAGA-1	4043	3353	0.8293346524857779
GSM6339597	CTATTCAGTGTCCTGC-1	14978	10313	0.6885431966884764
GSM6339597	CTATTCAGTTAGCTGA-1	4126	2749	0.6662627241880756
GSM6339597	CTATTCAGTTAGTGAT-1	3464	2047	0.5909353348729792
GSM6339597	CTATTCAGTTGCCTCA-1	786	544	0.6921119592875318
GSM6339597	CTATTCAGTTTAGCGA-1	11404	8179	0.7172044896527534
GSM6339597	CTATTGAAGGGACTAA-1	21010	15023	0.7150404569252736
GSM6339597	CTATTGAAGGGCTAAA-1	37809	27999	0.7405379671506784
GSM6339597	CTCAATAAGACTATTG-1	7121	4957	0.6961100968965033
GSM6339597	CTCAATAAGCCTGACA-1	8308	6651	0.8005536831969187
GSM6339597	CTCAATAAGGAGCACG-1	31162	24473	0.7853475386688916
GSM6339597	CTCAATAAGGCAAGTA-1	15526	10997	0.7082957619477006
GSM6339597	CTCAATAAGGCTACTG-1	17519	16997	0.9702037787544951
GSM6339597	CTCACAACAAAGCTAA-1	22182	15740	0.7095843476692814
GSM6339597	CTCACAACATTAAACC-1	3149	2111	0.6703715465227056
GSM6339597	CTCACACTCCAAACAC-1	567	417	0.7354497354497355
GSM6339597	CTCACACTCCTAATAG-1	398	288	0.7236180904522613
GSM6339597	CTCACACTCTAATTGG-1	18835	15990	0.8489514202282984
GSM6339597	CTCACACTCTCACAAA-1	12378	9711	0.7845370819195346
GSM6339597	CTCACACTCTCGCCTG-1	11144	8458	0.7589734386216799
GSM6339597	CTCACACTCTTGTTCG-1	438	255	0.5821917808219178
GSM6339597	CTCACTCAGCAACATC-1	12397	9577	0.7725256110349278
GSM6339597	CTCACTCAGCACCACA-1	3866	3114	0.8054837040869115
GSM6339597	CTCACTCAGGATTGCT-1	3733	2306	0.6177337262255559
GSM6339597	CTCACTCAGGCTACAT-1	11284	9250	0.8197447713576745
GSM6339597	CTCACTCAGGTTTGCG-1	1214	961	0.7915980230642504
GSM6339597	CTCACTCAGTTATTCC-1	8808	7363	0.83594459582198
GSM6339597	CTCAGGATCAGCACGC-1	26027	18034	0.692895838936489
GSM6339597	CTCAGGATCATGCGTG-1	1764	1245	0.70578231292517
GSM6339597	CTCAGGATCCACAATA-1	1270	920	0.7244094488188977
GSM6339597	CTCAGGATCCGGTTGA-1	10004	7558	0.7554978008796481
GSM6339597	CTCAGGATCGGTACGC-1	9854	6269	0.6361883499086666
GSM6339597	CTCAGGATCTAGCGAT-1	1816	1569	0.8639867841409692
GSM6339597	CTCAGGATCTCAATAG-1	1085	818	0.7539170506912443
GSM6339597	CTCATCATCAGTATTG-1	4827	3215	0.6660451626268904
GSM6339597	CTCATCATCATCAGTA-1	19646	17025	0.866588618548305
GSM6339597	CTCATCATCCGCATGA-1	13116	10272	0.7831655992680695
GSM6339597	CTCATCATCTCGCCCA-1	3469	2527	0.7284520034592101
GSM6339597	CTCATCATCTTTGAGA-1	28491	24220	0.8500930118282967
GSM6339597	CTCATGACAGCAAGAT-1	8529	6204	0.7274006331340134
GSM6339597	CTCATGACAGCTAATT-1	8014	5865	0.7318442725230846
GSM6339597	CTCATGACATCACAGC-1	10118	8035	0.7941292745601898
GSM6339597	CTCATGACATCATGTG-1	5101	4657	0.9129582434816702
GSM6339597	CTCATGACATCCTAGA-1	12221	9106	0.745110874723836
GSM6339597	CTCATGACATCGCTTT-1	12716	7523	0.5916168606480026
GSM6339597	CTCATGCTCAGCTAAC-1	1762	1332	0.7559591373439274
GSM6339597	CTCATGCTCCCGAACA-1	1513	1200	0.7931262392597488
GSM6339597	CTCATTAGTCAAAGAA-1	771	465	0.603112840466926
GSM6339597	CTCATTAGTGAGGTAG-1	800	594	0.7425
GSM6339597	CTCATTGTCAACCAAC-1	1782	933	0.5235690235690236
GSM6339597	CTCATTGTCAATCTAG-1	934	649	0.6948608137044968
GSM6339597	CTCATTGTCAGGAACA-1	7981	5289	0.6626989099110387
GSM6339597	CTCATTGTCCTGGCTT-1	505	293	0.5801980198019802
GSM6339597	CTCATTTAGCTATATG-1	16139	15195	0.941508147964558
GSM6339597	CTCATTTAGGTCCTGA-1	23404	16600	0.7092804648777987
GSM6339597	CTCATTTAGTTTAACG-1	12353	10476	0.8480531045090262
GSM6339597	CTCCAAACAAATACCT-1	878	663	0.755125284738041
GSM6339597	CTCCAAACAATTTAGC-1	17194	13374	0.7778294753983948
GSM6339597	CTCCAAACACCAGCAT-1	20493	13021	0.6353876933587078
GSM6339597	CTCCAAACACCGGTAT-1	3290	2099	0.6379939209726444
GSM6339597	CTCCAACTCAATACGC-1	1211	828	0.6837324525185797
GSM6339597	CTCCAACTCATGGTGT-1	19800	14822	0.7485858585858586
GSM6339597	CTCCAACTCCGGTTGA-1	15925	15125	0.9497645211930926
GSM6339597	CTCCAACTCGACAAAG-1	9220	6338	0.6874186550976139
GSM6339597	CTCCAACTCGTTAAGC-1	8152	5309	0.6512512266928361
GSM6339597	CTCCATCAGAGAGGAG-1	1788	1571	0.8786353467561522
GSM6339597	CTCCATCAGCGCCTAA-1	3267	2364	0.7235996326905417
GSM6339597	CTCCATCAGCGGATAA-1	1354	908	0.670605612998523
GSM6339597	CTCCATCAGGACCTCA-1	736	578	0.7853260869565217
GSM6339597	CTCCCTGAGATAACCC-1	12444	10428	0.8379942140790743
GSM6339597	CTCCCTGAGCATGGTT-1	3739	2114	0.5653918159935811
GSM6339597	CTCCCTGAGCTAATTG-1	13358	10789	0.8076807905375056
GSM6339597	CTCCCTGAGCTATTGA-1	35206	27405	0.7784184514003295
GSM6339597	CTCCCTGAGGAGCACG-1	31576	25760	0.8158094755510514
GSM6339597	CTCCCTGAGTATTGTG-1	651	349	0.5360983102918587
GSM6339597	CTCCCTGAGTGGCGGA-1	17488	11611	0.6639409881061299
GSM6339597	CTCCCTGAGTTAGACC-1	7544	4397	0.582847295864263
GSM6339597	CTCCGGACAAGTGTTT-1	10952	8018	0.7321037253469685
GSM6339597	CTCCGGACATTAAACC-1	9891	6822	0.6897179253867152
GSM6339597	CTCCGTCCACGAATTT-1	10307	6998	0.6789560492868923
GSM6339597	CTCCGTCCACGTAATT-1	7911	6245	0.7894071545948679
GSM6339597	CTCCGTCCACTATGGC-1	36715	30764	0.8379136592673294
GSM6339597	CTCCGTCCAGGTTACC-1	12606	9110	0.722671743614152
GSM6339597	CTCCGTCCAGGTTTGC-1	1199	909	0.7581317764804003
GSM6339597	CTCCTAATCAGAAACG-1	23053	17163	0.7445018001995402
GSM6339597	CTCCTAATCAGGCTAT-1	12022	12043	1.0017467975378473
GSM6339597	CTCCTAATCATGCATA-1	15926	12413	0.7794173050357905
GSM6339597	CTCCTAATCCACCTTA-1	12035	9663	0.8029081844619859
GSM6339597	CTCCTAATCGCGACAC-1	5282	3652	0.691404770920106
GSM6339597	CTCCTAATCTGCAACG-1	10894	9342	0.8575362584909124
GSM6339597	CTCCTCACAACCTAAT-1	1478	1104	0.7469553450608931
GSM6339597	CTCCTCACAATGCCCG-1	3406	2518	0.7392836171462126
GSM6339597	CTCCTCACAGCAACAG-1	13024	8412	0.6458845208845209
GSM6339597	CTCCTCACAGTTTGTG-1	8496	6326	0.7445856873822976
GSM6339597	CTCCTGAGTAAAGCAA-1	568	483	0.8503521126760564
GSM6339597	CTCCTGAGTAATCACG-1	1420	973	0.6852112676056338
GSM6339597	CTCCTGAGTATGGTGC-1	7534	5206	0.6910007963897
GSM6339597	CTCCTGAGTGTGTGGT-1	15432	13189	0.8546526697770865
GSM6339597	CTCCTGAGTTGGTGAC-1	11203	8519	0.7604213157190038
GSM6339597	CTCCTGAGTTGGTTAG-1	14044	8997	0.64062945029906
GSM6339597	CTCCTGAGTTTATCTG-1	23561	17715	0.7518781036458554
GSM6339597	CTCGACAAGCAAGGAC-1	12100	10929	0.9032231404958677
GSM6339597	CTCGACAAGCATTATG-1	7771	4955	0.6376270750225196
GSM6339597	CTCGACAAGCGGCTGT-1	4920	3267	0.6640243902439025
GSM6339597	CTCGACAAGCTCCCTG-1	11492	9343	0.8130003480682214
GSM6339597	CTCGACAAGTAACGGA-1	12893	7858	0.6094780113239743
GSM6339597	CTCGCTAGTGAAACAA-1	11944	8999	0.7534326858673811
GSM6339597	CTCGCTAGTTCAAGAT-1	15218	11095	0.7290708371665133
GSM6339597	CTCGCTCCAAGACTCC-1	16066	14735	0.9171542387650939
GSM6339597	CTCGCTCCAGCTTACA-1	2875	2356	0.8194782608695652
GSM6339597	CTCGCTCCATTGTGGC-1	7739	4464	0.5768187104277038
GSM6339597	CTCGTTATCCCTCATA-1	1842	1176	0.6384364820846905
GSM6339597	CTCGTTATCGTAATCA-1	10085	8513	0.8441249380267725
GSM6339597	CTCTAAGCAGGCTAGA-1	633	341	0.5387045813586098
GSM6339597	CTCTAAGCATAATGTC-1	33945	25461	0.7500662836942112
GSM6339597	CTCTAGCTCAATCTCT-1	20790	18123	0.8717171717171717
GSM6339597	CTCTAGCTCACCTGCT-1	7934	5367	0.6764557600201664
GSM6339597	CTCTAGCTCAGGTCCA-1	15199	13882	0.9133495624712152
GSM6339597	CTCTAGCTCATAAGCC-1	21831	15692	0.718794374971371
GSM6339597	CTCTAGCTCCCGAAGC-1	26560	20659	0.7778237951807229
GSM6339597	CTCTATGTCCCGTTAC-1	30579	22295	0.729095130645214
GSM6339597	CTCTATGTCCCTTGCG-1	22279	17039	0.7648009336146147
GSM6339597	CTCTATGTCCTGAGTG-1	3952	2792	0.7064777327935222
GSM6339597	CTCTATGTCTCACACC-1	8951	7691	0.8592336051837783
GSM6339597	CTCTCACAGCCGGTAC-1	3764	2345	0.6230074388947928
GSM6339597	CTCTCACAGCGAGTAA-1	1233	891	0.7226277372262774
GSM6339597	CTCTCACAGTCAATTG-1	13938	9869	0.7080642846893385
GSM6339597	CTCTCACAGTCTCACC-1	16056	14325	0.8921898355754858
GSM6339597	CTCTGTTCAAGGGTTG-1	14779	8946	0.6053183571283578
GSM6339597	CTCTGTTCACAATGTT-1	9508	6720	0.70677324358435
GSM6339597	CTCTGTTCACTTCACT-1	8757	5790	0.6611853374443303
GSM6339597	CTCTTGATCAATGAGG-1	26064	18169	0.6970917740945365
GSM6339597	CTCTTGATCATTCATC-1	20138	13967	0.6935644056013507
GSM6339597	CTCTTGATCTGTTCAT-1	9283	6320	0.6808143918991705
GSM6339597	CTGAAACTCATTAGCA-1	11229	8155	0.7262445453735863
GSM6339597	CTGAAACTCGAAGTAG-1	7986	6445	0.8070373153017781
GSM6339597	CTGAAACTCGTTAAGC-1	26916	18466	0.6860603358597117
GSM6339597	CTGAATATCAATTGGC-1	948	765	0.8069620253164557
GSM6339597	CTGAATATCCAGGTCA-1	17057	14865	0.8714897109691035
GSM6339597	CTGAATATCGCAAACT-1	2643	1511	0.5716988270904275
GSM6339597	CTGAATATCGCTAAGT-1	8266	5333	0.645172997822405
GSM6339597	CTGACATAGAGCAAGC-1	722	525	0.7271468144044322
GSM6339597	CTGACATAGCAGGTGG-1	6985	4659	0.6670007158196135
GSM6339597	CTGACATAGCCTGACA-1	3069	2183	0.7113066145324209
GSM6339597	CTGACATAGCCTGAGC-1	5332	3886	0.7288072018004501
GSM6339597	CTGACATAGTTCCTCA-1	36268	29632	0.8170287857064078
GSM6339597	CTGACATAGTTGTCAA-1	4972	2596	0.5221238938053098
GSM6339597	CTGACCAAGACTTACA-1	17444	15617	0.8952648475120385
GSM6339597	CTGACCAAGGAAGCTA-1	28687	20430	0.7121692752814864
GSM6339597	CTGACCAAGGCGGGTA-1	14624	14601	0.9984272428884027
GSM6339597	CTGATCACAATTAACC-1	20426	16297	0.7978556741408009
GSM6339597	CTGATCACACCAAAGG-1	37582	29458	0.7838326858602522
GSM6339597	CTGATCACACGTAATT-1	4306	2846	0.6609382257315374
GSM6339597	CTGATCACAGATTCAT-1	6729	4379	0.6507653440332888
GSM6339597	CTGATCACAGCTTAGC-1	3538	2670	0.7546636517806671
GSM6339597	CTGATCACAGGAACTG-1	2880	1884	0.6541666666666667
GSM6339597	CTGCAATAGCAACATC-1	11626	8288	0.7128849131257526
GSM6339597	CTGCAATAGCATGACT-1	18125	15735	0.8681379310344828
GSM6339597	CTGCAATAGGATCACT-1	13328	10627	0.79734393757503
GSM6339597	CTGCAATAGGTGTCCA-1	13615	9207	0.676239441792141
GSM6339597	CTGCAATAGTGGACAA-1	1368	1087	0.7945906432748538
GSM6339597	CTGCTACTCCCGTTTA-1	7583	5258	0.693393116180931
GSM6339597	CTGCTACTCCGCTAGA-1	7804	4958	0.6353152229625832
GSM6339597	CTGCTCCCAAACGGGC-1	13552	9540	0.7039551357733176
GSM6339597	CTGCTCCCAAGCCAGA-1	10582	6724	0.6354186354186354
GSM6339597	CTGCTCCCAATCCTGA-1	4477	2762	0.6169309805673442
GSM6339597	CTGCTCCCAATTAGCT-1	12712	10240	0.8055380742605412
GSM6339597	CTGCTCCCACCGGCTA-1	8751	6543	0.7476859787452863
GSM6339597	CTGCTCCCAGGAATCG-1	12005	9750	0.812161599333611
GSM6339597	CTGGACCAGAAAGCAT-1	21176	15269	0.7210521344918775
GSM6339597	CTGGACCAGACTAAGG-1	10526	9701	0.9216226486794604
GSM6339597	CTGGACCAGCAAGGAC-1	3708	3086	0.8322545846817692
GSM6339597	CTGGACCAGGTGAAGC-1	8562	6824	0.7970100443821537
GSM6339597	CTGGATGTCAAGTGTC-1	13671	13005	0.9512837393021725
GSM6339597	CTGGATGTCATTACTC-1	2742	1848	0.6739606126914661
GSM6339597	CTGGATGTCCATAATG-1	22494	20647	0.9178892149017516
GSM6339597	CTGGATGTCGCATCCT-1	539	366	0.6790352504638218
GSM6339597	CTGGATGTCGCTTCTA-1	2942	1549	0.526512576478586
GSM6339597	CTGGATGTCGGTCAAT-1	16662	10473	0.6285559956787901
GSM6339597	CTGGATGTCTTAGGAC-1	3464	2138	0.6172055427251733
GSM6339597	CTGGCTAAGAATCTCA-1	10008	7105	0.7099320543565147
GSM6339597	CTGGCTAAGCATTAGC-1	18008	12698	0.7051310528653931
GSM6339597	CTGGCTAAGGAGCATA-1	9364	5831	0.6227039726612559
GSM6339597	CTGGCTAAGGATCACT-1	31507	23505	0.7460246929253816
GSM6339597	CTGGCTAAGGGTCTAT-1	19851	13967	0.7035917586015817
GSM6339597	CTGGCTTTCATGGCCA-1	12602	8174	0.6486272020314235
GSM6339597	CTGGTAAGTATCTGGA-1	11591	7879	0.6797515313605383
GSM6339597	CTGGTAAGTCGTTACT-1	13625	10468	0.7682935779816513
GSM6339597	CTGGTAAGTTGCACGG-1	12280	9454	0.7698697068403909
GSM6339597	CTGGTAAGTTGTTCAC-1	15807	12351	0.7813626874169671
GSM6339597	CTGGTAAGTTGTTGTC-1	2725	1930	0.708256880733945
GSM6339597	CTGGTAAGTTTAGTCC-1	10379	8534	0.8222372097504577
GSM6339597	CTGGTCAAGACAACGA-1	9673	4881	0.5046004341982839
GSM6339597	CTGGTCAAGCGAGCGA-1	15689	13079	0.833641404805915
GSM6339597	CTGGTCAAGCGATACT-1	7867	5552	0.7057328079318673
GSM6339597	CTGGTCAAGCTAGAAG-1	610	304	0.49836065573770494
GSM6339597	CTGGTCAAGGACTTAC-1	6029	4997	0.8288273345496766
GSM6339597	CTGGTCAAGGGTGAGT-1	3753	2744	0.731148414601652
GSM6339597	CTGGTCAAGTCCTGAG-1	21331	16839	0.7894144672073508
GSM6339597	CTGGTTACAAGCTACC-1	10125	9608	0.9489382716049383
GSM6339597	CTGGTTACAAGGCCAA-1	14930	11890	0.796383121232418
GSM6339597	CTGGTTACACCTACGG-1	7929	6528	0.8233068482784714
GSM6339597	CTGGTTACACGTAAGG-1	5400	3793	0.7024074074074074
GSM6339597	CTGGTTACATCTAGCA-1	4569	2872	0.6285839352155833
GSM6339597	CTGGTTACATGCTATG-1	10751	8158	0.7588131336619849
GSM6339597	CTGGTTTGTAACGTGC-1	7416	4492	0.6057173678532902
GSM6339597	CTGGTTTGTAGTTAAC-1	2445	1398	0.5717791411042945
GSM6339597	CTGGTTTGTCATCCTG-1	4316	3311	0.7671455050973123
GSM6339597	CTGGTTTGTTGCTTCG-1	3478	2639	0.7587694077055779
GSM6339597	CTGGTTTGTTTAGTCC-1	12716	9811	0.7715476564957534
GSM6339597	CTGTAACAGCCATCAG-1	14888	14078	0.9455937667920473
GSM6339597	CTGTAACAGGGCTAAA-1	12120	9662	0.7971947194719472
GSM6339597	CTGTAACAGGTTTGCG-1	8751	7324	0.8369329219517769
GSM6339597	CTGTAACAGTGTGATC-1	27414	17958	0.6550667542131757
GSM6339597	CTGTAACAGTTATGTG-1	10660	8983	0.8426829268292683
GSM6339597	CTGTACCTCCAAGTGT-1	1282	724	0.5647425897035881
GSM6339597	CTGTACCTCCTAAGTA-1	7623	5572	0.7309458218549127
GSM6339597	CTGTATTTCAAGGACA-1	5681	3822	0.6727688787185355
GSM6339597	CTGTATTTCATAGACC-1	705	638	0.9049645390070922
GSM6339597	CTGTATTTCTAAGGTC-1	6334	4295	0.6780865172087148
GSM6339597	CTGTGTGAGCTAAGTC-1	2417	1467	0.6069507654116674
GSM6339597	CTGTGTGAGCTTAACA-1	9982	7023	0.7035664195551994
GSM6339597	CTGTGTGAGCTTAGTA-1	12197	10380	0.8510289415430023
GSM6339597	CTGTGTGAGCTTTGGG-1	14309	12208	0.8531693339856035
GSM6339597	CTGTGTGAGTTTCCGC-1	17150	13154	0.766997084548105
GSM6339597	CTGTTCATCCCATAGG-1	9121	6786	0.7439973687095713
GSM6339597	CTGTTCATCCCGAACA-1	11583	8846	0.763705430372097
GSM6339597	CTGTTCATCCCGTTTA-1	8935	6213	0.6953553441522105
GSM6339597	CTGTTCATCGATAACC-1	12625	9631	0.7628514851485149
GSM6339597	CTGTTCATCTCCATAT-1	11415	10500	0.9198423127463863
GSM6339597	CTGTTCATCTTAGTGA-1	10028	7353	0.7332469086557638
GSM6339597	CTGTTCATCTTGAGGT-1	14856	13915	0.9366585891222402
GSM6339597	CTGTTGGAGACTCGCA-1	17981	15870	0.8825982982036594
GSM6339597	CTGTTGGAGCACTAAC-1	28106	19254	0.6850494556322494
GSM6339597	CTGTTGGAGCTGTCAG-1	5210	3988	0.7654510556621881
GSM6339597	CTGTTGGAGGTTTGAC-1	10542	8143	0.772434073230886
GSM6339597	CTGTTGGAGTAACTCA-1	29037	22661	0.7804180872679685
GSM6339597	CTGTTGGAGTCAATCA-1	7477	7144	0.9554634211582186
GSM6339597	CTGTTTAGTAAGCTCA-1	8705	7113	0.8171165996553704
GSM6339597	CTGTTTAGTACCGTTT-1	12008	10134	0.8439373750832778
GSM6339597	CTGTTTAGTAGCTGCG-1	2407	1569	0.6518487744079767
GSM6339597	CTGTTTAGTGTGAGAG-1	4185	3022	0.7221027479091995
GSM6339597	CTGTTTAGTTAAGTGT-1	1104	842	0.7626811594202898
GSM6339597	CTGTTTAGTTGCGCGA-1	8893	5876	0.660744405712358
GSM6339597	CTTAACAAGACTTACA-1	739	405	0.5480378890392422
GSM6339597	CTTAACAAGCCTGGTA-1	12151	9450	0.7777137684141223
GSM6339597	CTTAACAAGGAGTAAT-1	1256	772	0.6146496815286624
GSM6339597	CTTAACAAGGGTGGAT-1	9170	5018	0.5472191930207198
GSM6339597	CTTAACAAGGTTACAC-1	8563	5763	0.6730117949316828
GSM6339597	CTTAACAAGTTAGTGC-1	432	382	0.8842592592592593
GSM6339597	CTTAACAAGTTTGAGC-1	1404	933	0.6645299145299145
GSM6339597	CTTAAGATCACAAGCT-1	12737	10285	0.8074899897935149
GSM6339597	CTTAAGATCCATTACT-1	15644	14247	0.9107005880848887
GSM6339597	CTTAAGATCCGCCTAT-1	32225	23969	0.7438013964313421
GSM6339597	CTTAAGATCCTCATGC-1	8020	6917	0.8624688279301745
GSM6339597	CTTAAGATCTTAGGAC-1	10746	7324	0.6815559277870835
GSM6339597	CTTAAGGGTACGGTAC-1	7885	5228	0.6630310716550413
GSM6339597	CTTAAGGGTATTGTGG-1	4339	3073	0.7082277022355381
GSM6339597	CTTAAGGGTGCATCGG-1	6182	4698	0.7599482368165642
GSM6339597	CTTAAGGGTTACAAAC-1	5040	3630	0.7202380952380952
GSM6339597	CTTAAGGGTTTGCTGT-1	1981	1364	0.6885411408379606
GSM6339597	CTTAATGAGGCTGTCA-1	24221	24070	0.9937657404731431
GSM6339597	CTTAATGAGTATTGTG-1	2981	2472	0.8292519288829252
GSM6339597	CTTACCGGTACGTTTC-1	37204	29265	0.7866089667777658
GSM6339597	CTTACCGGTATGGTGC-1	18951	16927	0.893198248113556
GSM6339597	CTTACCGGTCATTACC-1	718	489	0.6810584958217271
GSM6339597	CTTACCGGTGCGCATG-1	2032	1438	0.7076771653543307
GSM6339597	CTTACCGGTTGCACAA-1	9443	7533	0.7977337710473367
GSM6339597	CTTACCTCACGGTACT-1	21439	15698	0.7322169877326368
GSM6339597	CTTACTAGTGATGGCT-1	7872	6170	0.7837906504065041
GSM6339597	CTTACTAGTTACTTGC-1	7612	4942	0.6492380451918024
GSM6339597	CTTACTAGTTGTTGTC-1	26167	18192	0.6952268123972943
GSM6339597	CTTAGGAGTAAACAAG-1	14581	12275	0.8418489815513339
GSM6339597	CTTAGGAGTTCACCCA-1	5599	4062	0.7254866940525094
GSM6339597	CTTAGTTTCGCCTAAG-1	4184	2661	0.6359942638623327
GSM6339597	CTTAGTTTCTATGACA-1	2900	2105	0.7258620689655172
GSM6339597	CTTAGTTTCTTAGGAC-1	9483	8629	0.9099441105135506
GSM6339597	CTTATGTTCCAGGAAA-1	1388	774	0.5576368876080692
GSM6339597	CTTATGTTCCGTAAAC-1	17258	15587	0.9031753389732298
GSM6339597	CTTATGTTCGGCCATA-1	6871	4878	0.7099403289186436
GSM6339597	CTTATGTTCGGCTAGC-1	12950	8838	0.6824710424710425
GSM6339597	CTTATGTTCGTACCGA-1	4994	3086	0.617941529835803
GSM6339597	CTTATGTTCGTTAGCG-1	1532	1067	0.6964751958224543
GSM6339597	CTTATGTTCTACCTAT-1	652	478	0.7331288343558282
GSM6339597	CTTATGTTCTCGCCCA-1	411	325	0.7907542579075426
GSM6339597	CTTATTGGTAATGGCC-1	20489	20053	0.9787202889355264
GSM6339597	CTTATTGGTGGCTTCC-1	13433	10415	0.7753294126405121
GSM6339597	CTTATTGGTTGAAGCC-1	18008	14469	0.8034762327854287
GSM6339597	CTTATTGGTTGAGCCG-1	25443	23617	0.9282317336792045
GSM6339597	CTTCAAGCAGAACCGA-1	28610	24991	0.8735057672142608
GSM6339597	CTTCAAGCAGAATGAC-1	10068	7408	0.7357965832340088
GSM6339597	CTTCAAGCATTGTCCT-1	9093	7098	0.7806004618937644
GSM6339597	CTTCAATTCAATAGCC-1	5221	4198	0.8040605248036774
GSM6339597	CTTCAATTCCAGGTTG-1	15369	10231	0.6656906760361767
GSM6339597	CTTCAATTCGCATTAA-1	27308	21762	0.7969093305990919
GSM6339597	CTTCAATTCTCACAAA-1	10585	9619	0.9087387812942843
GSM6339597	CTTCACTCACACCAAC-1	4364	3127	0.7165444546287809
GSM6339597	CTTCACTCACATAACT-1	9070	7198	0.7936052921719956
GSM6339597	CTTCACTCAGAATGAC-1	28210	21318	0.7556894718185041
GSM6339597	CTTCAGGAGCGCCTTT-1	16482	13071	0.7930469603203495
GSM6339597	CTTCAGGAGTAGCGCC-1	11192	8603	0.768674052894925
GSM6339597	CTTCAGGAGTTTGTCT-1	9874	7170	0.7261494834919991
GSM6339597	CTTCATCCAACTGGGA-1	7704	5313	0.6896417445482866
GSM6339597	CTTCATCCAGGCATCT-1	5726	3714	0.6486203283269298
GSM6339597	CTTCGCGTCATTAGTG-1	8818	5549	0.6292810161034248
GSM6339597	CTTCGCGTCCATAAGC-1	10927	7301	0.6681614349775785
GSM6339597	CTTCGCGTCCTAGTTT-1	7564	3948	0.5219460602855632
GSM6339597	CTTCTAAGTAAGCTCA-1	8737	7128	0.8158406775781161
GSM6339597	CTTCTAAGTCAGTAAT-1	12714	9873	0.7765455403492213
GSM6339597	CTTCTAAGTCTATCGT-1	15186	15916	1.0480705913341235
GSM6339597	CTTCTAAGTTACATCC-1	9651	5938	0.615273028701689
GSM6339597	CTTCTCAAGATGCCTG-1	5631	4610	0.8186822944414847
GSM6339597	CTTCTCAAGCACAGAA-1	7105	4597	0.647009148486981
GSM6339597	CTTCTCAAGCGGTTAT-1	3077	1960	0.6369840753981151
GSM6339597	CTTCTCAAGGAAACTG-1	3134	1997	0.6372048500319081
GSM6339597	CTTCTCAAGGACCTGC-1	10900	9273	0.8507339449541285
GSM6339597	CTTCTCAAGTCCTTCA-1	4360	3408	0.781651376146789
GSM6339597	CTTCTCAAGTCTATGA-1	1291	700	0.5422153369481022
GSM6339597	CTTGAACAGGAAGCTA-1	8101	6610	0.8159486483150228
GSM6339597	CTTGAACAGTCAGGCC-1	11981	9072	0.7571988982555713
GSM6339597	CTTGAACAGTGACCTG-1	15536	14410	0.9275231719876416
GSM6339597	CTTGAATCAATTGAAG-1	21740	17827	0.8200091996320147
GSM6339597	CTTGAATCACACCAAC-1	4876	3396	0.6964725184577523
GSM6339597	CTTGAATCACATGCTA-1	26235	19964	0.760968172288927
GSM6339597	CTTGAATCAGCGCTTG-1	9979	7485	0.7500751578314461
GSM6339597	CTTGAATCAGTTTGTG-1	11659	7170	0.6149755553649541
GSM6339597	CTTGAATCATTAAACC-1	3517	2611	0.7423940858686381
GSM6339597	CTTGAATCATTATGCG-1	9576	6524	0.6812865497076024
GSM6339597	CTTGACGAGCACTTGG-1	2122	1256	0.5918944392082941
GSM6339597	CTTGACGAGCATGTTA-1	5086	3176	0.6244593000393236
GSM6339597	CTTGACGAGCCAAATC-1	3814	2536	0.6649187205034085
GSM6339597	CTTGACGAGCCTCTCG-1	9056	5059	0.5586351590106007
GSM6339597	CTTGACGAGGAACGGT-1	4445	3266	0.7347581552305962
GSM6339597	CTTGCAACAATTGAAG-1	10890	9506	0.872910927456382
GSM6339597	CTTGCAACATAATGAG-1	1365	869	0.6366300366300366
GSM6339597	CTTGCAACATGAGCAG-1	8428	5798	0.6879449454200285
GSM6339597	CTTGCAACATTAGCGC-1	12370	9957	0.8049312853678254
GSM6339597	CTTGCAACATTAGGTT-1	11586	6780	0.585189021232522
GSM6339597	CTTGCATGTCGAAGTC-1	14299	10673	0.7464158332750542
GSM6339597	CTTGCATGTGCAATGC-1	5686	3728	0.655645444952515
GSM6339597	CTTGCATGTTATCGAG-1	6915	5216	0.7543022415039768
GSM6339597	CTTGCATGTTATTGCC-1	5579	4138	0.7417099838680767
GSM6339597	CTTGCGCGTAGGATTT-1	3352	2181	0.6506563245823389
GSM6339597	CTTGCGCGTCAAAGAA-1	11265	8710	0.7731913004882379
GSM6339597	CTTGCGCGTCCGTGAG-1	12628	10405	0.8239626227431105
GSM6339597	CTTGCGCGTCTAACAG-1	737	571	0.7747625508819539
GSM6339597	CTTGCGCGTGAACAAA-1	2035	1451	0.713022113022113
GSM6339597	CTTGCGCGTGACCTGG-1	4930	3932	0.7975659229208925
GSM6339597	CTTGCGCGTTCGCTTG-1	498	389	0.7811244979919679
GSM6339597	CTTGCTCAGAGGAGTC-1	8270	5140	0.6215235792019347
GSM6339597	CTTGCTCAGAGGATAT-1	5690	4637	0.8149384885764499
GSM6339597	CTTGCTCAGGCAACAA-1	2582	1662	0.6436870642912471
GSM6339597	CTTGCTCAGGCGCTTA-1	2655	2009	0.7566854990583805
GSM6339597	CTTGCTCAGGGATGCG-1	9028	8293	0.9185866194062915
GSM6339597	CTTGCTCAGGTATTGC-1	2823	1981	0.7017357421183138
GSM6339597	CTTGCTCAGTGAACAG-1	14117	8619	0.6105404831054757
GSM6339597	CTTGCTCAGTGAGGGT-1	26381	19996	0.7579697509571283
GSM6339597	CTTGCTCAGTTTCCGC-1	12224	8972	0.7339659685863874
GSM6339597	CTTGGACCAAAGCTCC-1	6670	4842	0.7259370314842579
GSM6339597	CTTGGACCAAGTGAAC-1	1901	1396	0.7343503419253025
GSM6339597	CTTGGACCAGCATGAG-1	5411	3666	0.6775087784143412
GSM6339597	CTTGGACCAGCATTAT-1	7862	5808	0.7387433223098449
GSM6339597	CTTGGACCAGCCGCTA-1	2064	1749	0.8473837209302325
GSM6339597	CTTGTAAAGTAATCCA-1	16303	12570	0.7710237379623383
GSM6339597	CTTGTAAAGTAGAGGC-1	16845	12007	0.7127931136835857
GSM6339597	CTTGTAAAGTTGCCTC-1	2140	1904	0.8897196261682243
GSM6339597	CTTGTCCAGCCTGATG-1	4509	3705	0.8216899534264803
GSM6339597	CTTGTCCAGGGTGGAT-1	7762	6281	0.8091986601391394
GSM6339597	CTTGTTCCAAACTAAG-1	8964	5234	0.5838911200356983
GSM6339597	CTTGTTCCACAAGCCT-1	14247	10054	0.7056924264757493
GSM6339597	CTTGTTCCATCCGTAA-1	15877	12797	0.8060086918183536
GSM6339597	CTTGTTTAGAACCTAC-1	627	375	0.5980861244019139
GSM6339597	CTTGTTTAGACTTACA-1	581	363	0.6247848537005164
GSM6339597	CTTGTTTAGGAATAAC-1	3480	2794	0.8028735632183908
GSM6339597	CTTGTTTAGTGTTGTA-1	869	556	0.6398158803222095
GSM6339597	CTTTAGTTCGGTTCCT-1	28724	25671	0.8937125748502994
GSM6339597	CTTTAGTTCTTTAAGG-1	11238	9775	0.8698166933618081
GSM6339597	CTTTATCAGAGGATAT-1	828	516	0.6231884057971014
GSM6339597	CTTTATCAGCATGTTA-1	681	504	0.7400881057268722
GSM6339597	CTTTATCAGCGTGCGT-1	2422	2075	0.856729975227085
GSM6339597	CTTTATCAGCTAAGTC-1	5754	4450	0.7733750434480362
GSM6339597	CTTTATGGTCCTTAGT-1	13674	10489	0.7670762030130174
GSM6339597	CTTTATGGTGTTGCAA-1	11111	7899	0.7109171091710917
GSM6339597	CTTTATGGTTCCGCAC-1	1204	803	0.6669435215946844
GSM6339597	CTTTATGGTTTGGTTC-1	11293	7389	0.6542991233507482
GSM6339597	CTTTCTTGTCGACTCC-1	1357	937	0.6904937361827561
GSM6339597	CTTTCTTGTGAATCGC-1	17515	12942	0.7389095061375963
GSM6339597	CTTTCTTGTGACATAT-1	12986	10452	0.8048667796088095
GSM6339597	CTTTCTTGTTACATCC-1	9476	7283	0.7685732376530181
GSM6339597	CTTTGAGCAAACCTTG-1	1808	2746	1.5188053097345133
GSM6339597	CTTTGAGCAAGGCCAA-1	15319	13128	0.8569749983680397
GSM6339597	CTTTGAGCACTTGTTC-1	2978	1894	0.6359973136333109
GSM6339597	CTTTGAGCAGGATAAC-1	1981	1474	0.7440686521958607
GSM6339597	CTTTGAGCATACCCGG-1	7250	5406	0.7456551724137931
GSM6339597	CTTTGAGCATGTTGTG-1	38549	27323	0.708786220135412
GSM6339597	CTTTGGGAGCAAACCT-1	12836	10530	0.82034901838579
GSM6339597	CTTTGGGAGCCTGGTA-1	8521	6575	0.7716230489379181
GSM6339597	CTTTGGGAGGACCGCT-1	31803	24815	0.7802723013552181
GSM6339597	CTTTGGGAGGCCATCA-1	6738	5228	0.775897892549718
GSM6339597	CTTTGGGAGTAGCGGG-1	9711	6841	0.7044588610853671
GSM6339597	CTTTGGGAGTTGTCCC-1	8725	6038	0.6920343839541547
GSM6339597	CTTTGGTGTCAATGTG-1	2178	1496	0.6868686868686869
GSM6339597	CTTTGGTGTCGTAAAT-1	8936	6616	0.7403760071620412
GSM6339597	CTTTGGTGTGCATTAG-1	27228	22137	0.8130233583076245
GSM6339597	CTTTGGTGTGGTTAGC-1	7301	5454	0.7470209560334201
GSM6339597	CTTTGTCCAAGTGTTT-1	21107	18098	0.8574406594968493
GSM6339597	CTTTGTCCACCCACCT-1	16508	13627	0.8254785558517083
GSM6339597	CTTTGTCCAGGGAGCT-1	1055	813	0.7706161137440758
GSM6339597	GAAACCCGTGTAACCA-1	5098	3091	0.6063162024323264
GSM6339597	GAAACCCGTTAGGATT-1	3287	2530	0.7696988135077578
GSM6339597	GAAACCCGTTAGTTGG-1	6367	4521	0.7100675357311136
GSM6339597	GAAACTGAGCCGGTAC-1	3090	2042	0.6608414239482201
GSM6339597	GAAACTGAGCGGATTT-1	7264	5450	0.7502753303964758
GSM6339597	GAAACTGAGGTGAAGC-1	9610	5786	0.6020811654526534
GSM6339597	GAAACTGAGTTAGAGG-1	5065	4502	0.8888450148075024
GSM6339597	GAAAGCCAGCTCAAAC-1	13162	12052	0.9156663121106214
GSM6339597	GAAAGCCAGCTCGCTT-1	15733	12404	0.7884065340367381
GSM6339597	GAAAGCCAGGTGAGAC-1	888	540	0.6081081081081081
GSM6339597	GAAAGCCAGTAAGGGC-1	11716	7966	0.6799248890406282
GSM6339597	GAAAGGCTCGCTAGCA-1	9550	7358	0.7704712041884817
GSM6339597	GAACACAAGCATGCAT-1	22616	20611	0.9113459497700743
GSM6339597	GAACACAAGCTTAGTA-1	11031	8869	0.8040068896745536
GSM6339597	GAACACAAGGACTAAG-1	1162	703	0.6049913941480206
GSM6339597	GAACACAAGGCTACTG-1	29526	24071	0.8152475784054731
GSM6339597	GAACCAAAGACAAGTG-1	7489	4594	0.6134330351181734
GSM6339597	GAACCAAAGCTTTGGG-1	10191	8782	0.8617407516436071
GSM6339597	GAACCAAAGCTTTGTT-1	18480	15755	0.85254329004329
GSM6339597	GAACCAAAGGATGATG-1	12316	10117	0.8214517700552127
GSM6339597	GAACCAAAGGCTTAAC-1	8901	6007	0.674867992360409
GSM6339597	GAACCAAAGTAAGAAC-1	7923	6612	0.8345323741007195
GSM6339597	GAACCAAAGTCACGAT-1	5050	3179	0.6295049504950495
GSM6339597	GAACCAGCAATAAGCA-1	13015	7730	0.593930080676143
GSM6339597	GAACCAGCACCGTTCC-1	5891	4216	0.7156679680869122
GSM6339597	GAACCAGCAGGAACAT-1	39309	28280	0.7194281207865884
GSM6339597	GAACCAGCATTATGGT-1	9958	6425	0.6452098815023097
GSM6339597	GAACCGCTCAGCACCA-1	601	360	0.5990016638935108
GSM6339597	GAACCGCTCATTACGA-1	11414	10572	0.9262309444541791
GSM6339597	GAACCGCTCCTCAGCT-1	28674	24480	0.8537350910232266
GSM6339597	GAACCGCTCGCATTAA-1	12183	9163	0.7521136009193138
GSM6339597	GAACCTGTCCAATTAG-1	2655	1908	0.7186440677966102
GSM6339597	GAACCTGTCCTCACTA-1	4852	3368	0.6941467436108821
GSM6339597	GAACCTGTCGCTAGCA-1	10421	7996	0.7672968045293158
GSM6339597	GAACCTGTCTCCATAT-1	24466	17814	0.7281124826289544
GSM6339597	GAACCTTAGGGACCTC-1	2840	1824	0.6422535211267606
GSM6339597	GAACCTTAGGTCCTAG-1	9677	8532	0.8816782060555958
GSM6339597	GAACCTTAGTCTCACC-1	8362	5372	0.6424300406601292
GSM6339597	GAACCTTAGTTATTCC-1	24918	18193	0.7301147764668111
GSM6339597	GAACCTTAGTTTGAGC-1	14479	11483	0.7930796325713102
GSM6339597	GAACGAATCATGAAGG-1	6226	3773	0.6060070671378092
GSM6339597	GAACGAATCATGCATA-1	18233	15861	0.8699062140075687
GSM6339597	GAACGAATCATTGTCT-1	5584	4107	0.7354942693409742
GSM6339597	GAACGAATCCGGTTAG-1	35194	23393	0.6646871625845314
GSM6339597	GAACGAATCCGTTAAA-1	18541	13900	0.7496898764899412
GSM6339597	GAACGAATCCTAGTCC-1	9663	7262	0.7515264410638518
GSM6339597	GAACGAATCCTTGAGG-1	11541	9168	0.7943852352482453
GSM6339597	GAACGAATCGACCTGA-1	10320	7950	0.7703488372093024
GSM6339597	GAACGAATCTTGAGGT-1	11259	8454	0.7508659738875566
GSM6339597	GAACGAATCTTTAGGA-1	25146	22981	0.913902807603595
GSM6339597	GAACTTATCATTACTC-1	11031	9021	0.8177862387816155
GSM6339597	GAACTTATCCTTGCAC-1	1449	991	0.68391994478951
GSM6339597	GAACTTATCTTTGACT-1	7857	5041	0.6415934835178821
GSM6339597	GAAGCCTGTATTTGCC-1	8195	6149	0.7503355704697987
GSM6339597	GAAGCCTGTTCATTTG-1	12903	11596	0.8987057273502286
GSM6339597	GAAGCTAAGAATGACG-1	1044	884	0.8467432950191571
GSM6339597	GAAGCTAAGCCTGGTA-1	7104	5674	0.798704954954955
GSM6339597	GAAGCTAAGGGATGCG-1	7247	5175	0.7140885883813992
GSM6339597	GAAGCTAAGGTAGCTT-1	15954	14308	0.8968283815970917
GSM6339597	GAAGGAACACAGACTC-1	11814	8609	0.728711697985441
GSM6339597	GAAGGAACAGTGAACG-1	6542	4183	0.6394069092020789
GSM6339597	GAAGGAACATCAATCG-1	23957	19156	0.7995992820470009
GSM6339597	GAAGGAACATTGTTGG-1	12507	10187	0.814503877828416
GSM6339597	GAAGGATGTACTGATG-1	12148	8341	0.6866150806717155
GSM6339597	GAAGGATGTCATAGAT-1	9148	5797	0.6336904241364233
GSM6339597	GAAGGATGTCCTCCAA-1	32706	25064	0.7663425671130679
GSM6339597	GAAGGCCCACAAAGCG-1	7737	6877	0.8888458058679075
GSM6339597	GAAGGCCCACATACTG-1	22184	16037	0.7229084024522178
GSM6339597	GAAGGCCCACGTTACA-1	12768	8283	0.6487312030075187
GSM6339597	GAAGGCCCAGGAACTG-1	31258	24426	0.7814319534199246
GSM6339597	GAAGGCCCATCATGTG-1	11098	7617	0.6863398810596504
GSM6339597	GAAGGCCCATCCCTCA-1	2874	1792	0.6235212247738344
GSM6339597	GAAGGCCCATTAGGTT-1	13680	12008	0.8777777777777778
GSM6339597	GAAGGCCCATTGTGGC-1	10024	7915	0.7896049481245012
GSM6339597	GAAGGCTAGAATCGCT-1	9979	6485	0.6498647159033971
GSM6339597	GAAGGCTAGCGATACT-1	2220	1547	0.6968468468468468
GSM6339597	GAAGGCTAGGAGTCGG-1	832	391	0.4699519230769231
GSM6339597	GAAGGCTAGGGCCACT-1	15636	11679	0.7469301611665388
GSM6339597	GAAGGCTAGGTCTTGG-1	2500	1510	0.604
GSM6339597	GAAGTAAGTCTTACTA-1	19487	15756	0.8085390260173448
GSM6339597	GAAGTAAGTGATCAGC-1	5994	4196	0.7000333667000334
GSM6339597	GAAGTAAGTGTGTGGT-1	8439	5044	0.5977011494252874
GSM6339597	GAAGTAAGTTCCGGGA-1	10418	7254	0.6962948742560953
GSM6339597	GAAGTAAGTTGGTTAG-1	5645	3068	0.5434898139946855
GSM6339597	GAAGTATAGCACGATT-1	17903	12813	0.7156901078031614
GSM6339597	GAAGTATAGGACCAGG-1	5884	4027	0.6843983684568321
GSM6339597	GAAGTATAGGTCCGTA-1	5827	4179	0.717178651106916
GSM6339597	GAAGTCAAGCTCAAAC-1	3124	1742	0.557618437900128
GSM6339597	GAAGTCAAGGCCAATT-1	16287	12654	0.7769386627371523
GSM6339597	GAAGTCAAGTAACAGG-1	2479	1922	0.7753126260588947
GSM6339597	GAAGTCAAGTGAGAGC-1	4505	2570	0.5704772475027747
GSM6339597	GAAGTGATCAAGCGCC-1	11115	10194	0.9171390013495276
GSM6339597	GAAGTGATCATCACTT-1	13796	9686	0.7020875616120614
GSM6339597	GAAGTGATCCTCATGC-1	4980	3359	0.6744979919678715
GSM6339597	GAAGTGATCCTGGTCT-1	4684	3296	0.703672075149445
GSM6339597	GAAGTGATCGGTTAGT-1	7070	5474	0.7742574257425743
GSM6339597	GAAGTGATCGGTTTCC-1	31879	27905	0.8753411336616581
GSM6339597	GAAGTGATCTTGAGGT-1	11901	8297	0.6971683051844383
GSM6339597	GAATTTGTCATAACGC-1	718	475	0.6615598885793872
GSM6339597	GAATTTGTCCGGTTAG-1	31505	27655	0.8777971750515791
GSM6339597	GAATTTGTCGCTATGG-1	5809	3958	0.6813565157514202
GSM6339597	GACAATACAGGCCATT-1	12820	9827	0.7665366614664587
GSM6339597	GACAATACATAGACTT-1	1460	914	0.626027397260274
GSM6339597	GACAATACATCATGTG-1	10891	9409	0.8639243411991553
GSM6339597	GACACCGGTAACGGGA-1	7740	5092	0.6578811369509044
GSM6339597	GACACCGGTCACACCC-1	14030	11834	0.8434782608695652
GSM6339597	GACACCGGTGAGACTC-1	10867	8281	0.7620318395141253
GSM6339597	GACACCGGTGTTCCCA-1	2087	1404	0.6727359846669861
GSM6339597	GACACCGGTTGGTGAC-1	16511	13205	0.7997698504027618
GSM6339597	GACATAGAGAAAGCAT-1	5371	3404	0.6337739713274996
GSM6339597	GACATAGAGACAACGA-1	11972	9780	0.8169061142666221
GSM6339597	GACATAGAGCAAGACA-1	31623	24928	0.7882870062928881
GSM6339597	GACATAGAGGCAACAA-1	1430	1014	0.7090909090909091
GSM6339597	GACATAGAGTACCGCA-1	13992	13028	0.9311034877072613
GSM6339597	GACATAGAGTCTTGAA-1	15867	12921	0.8143316316884099
GSM6339597	GACATAGAGTTATGGC-1	3044	2398	0.7877792378449409
GSM6339597	GACATAGAGTTGGGCC-1	18620	14182	0.7616541353383459
GSM6339597	GACATTATCGGTACGC-1	25678	22364	0.8709401043694992
GSM6339597	GACCGAACAAGGCCAA-1	14865	12261	0.8248234106962664
GSM6339597	GACCGAACATTGCGAC-1	4183	3072	0.734401147501793
GSM6339597	GACCGTTCATGTGGGA-1	17758	12257	0.6902241243383264
GSM6339597	GACCTAAGTAATAGCT-1	7767	6338	0.8160164799794001
GSM6339597	GACCTAAGTAGTTACG-1	1416	878	0.6200564971751412
GSM6339597	GACCTAGTCCGCCAAA-1	3464	2452	0.707852193995381
GSM6339597	GACCTAGTCCTCAGCT-1	20947	18675	0.891535780780064
GSM6339597	GACCTAGTCGGCCAGT-1	8307	6587	0.7929457084386662
GSM6339597	GACCTAGTCTGTTGCC-1	5298	3614	0.6821442053605135
GSM6339597	GACCTCAAGGACGTAA-1	13849	10658	0.7695862517149252
GSM6339597	GACCTCAAGTCACTAA-1	21980	15919	0.7242493175614195
GSM6339597	GACCTCAAGTTAGTGC-1	10131	6797	0.6709110650478729
GSM6339597	GACCTGATCATGTCAA-1	1725	1241	0.7194202898550724
GSM6339597	GACCTGATCCACCCTG-1	20856	18111	0.8683831990794016
GSM6339597	GACCTGATCGAGGTGG-1	14853	11293	0.7603177809196795
GSM6339597	GACCTGATCTAAGGAG-1	14918	10400	0.6971443893283282
GSM6339597	GACCTGCAGACACTTA-1	16836	14778	0.8777619387027797
GSM6339597	GACCTGCAGGCGCATC-1	10773	8397	0.7794486215538847
GSM6339597	GACCTGCAGGTAAGCA-1	21200	17861	0.8425
GSM6339597	GACCTGCAGGTCGATT-1	4128	3019	0.7313468992248062
GSM6339597	GACCTGCAGTTAACCA-1	6527	4998	0.765742301210357
GSM6339597	GACCTTTGTAATGGAA-1	731	485	0.6634746922024624
GSM6339597	GACCTTTGTACAAAGA-1	27805	24596	0.8845891026793742
GSM6339597	GACCTTTGTAGCAGCT-1	5649	4095	0.724907063197026
GSM6339597	GACCTTTGTGATCATG-1	23140	17436	0.7535004321521176
GSM6339597	GACCTTTGTTTGGGTA-1	1749	925	0.5288736420811893
GSM6339597	GACGCAACAAAGCTAA-1	2996	1644	0.5487316421895861
GSM6339597	GACGCAACACAACAGG-1	7417	5066	0.6830254820008089
GSM6339597	GACGCAACACCTATAG-1	9961	8470	0.8503162333099087
GSM6339597	GACGCCTAGAAGCTAG-1	13612	9492	0.6973258889215398
GSM6339597	GACGCCTAGACTATTG-1	10411	7765	0.745845740082605
GSM6339597	GACGCCTAGCAAGACA-1	7007	6076	0.8671328671328671
GSM6339597	GACGCCTAGCCTGGTA-1	13888	11348	0.8171082949308756
GSM6339597	GACGCCTAGCGCAATT-1	21435	19768	0.9222299976673665
GSM6339597	GACGCCTAGGCTACAT-1	4995	3706	0.741941941941942
GSM6339597	GACGCCTAGGTCCGTA-1	4726	3644	0.7710537452391029
GSM6339597	GACGCCTAGGTTTGAC-1	19432	15773	0.8117023466447097
GSM6339597	GACGTAAAGCAGGTTT-1	8919	7834	0.8783495907612962
GSM6339597	GACGTAAAGCGGATAA-1	3293	1969	0.5979350136653507
GSM6339597	GACGTAAAGGAACGCG-1	9368	7486	0.7991033304867634
GSM6339597	GACGTAAAGGTCATTA-1	3553	2640	0.7430340557275542
GSM6339597	GACGTAAAGGTTACGT-1	13300	10960	0.8240601503759398
GSM6339597	GACGTAAAGTGAGAGC-1	2839	1846	0.6502289538569919
GSM6339597	GACGTAAAGTGTTGCG-1	10760	7997	0.7432156133828997
GSM6339597	GACGTAAAGTTACCGG-1	8089	6226	0.7696872295710224
GSM6339597	GACTAATGTCATTGAG-1	4116	2481	0.6027696793002916
GSM6339597	GACTAATGTTCCGCAC-1	11357	7703	0.678260103900678
GSM6339597	GACTAATGTTGTTGCT-1	2307	1476	0.6397919375812744
GSM6339597	GACTATTCAAGCTTTG-1	3857	2950	0.7648431423386052
GSM6339597	GACTATTCACCTATAG-1	12657	10610	0.8382713123172948
GSM6339597	GACTATTCACTCGCTC-1	26326	22880	0.8691027881182102
GSM6339597	GACTATTCAGGAACAT-1	5547	5083	0.9163511808184605
GSM6339597	GACTATTCATGTCGCG-1	8528	6034	0.7075515947467167
GSM6339597	GACTCACCACCATATG-1	21400	18529	0.8658411214953271
GSM6339597	GACTCACCACCCACCT-1	11001	8257	0.7505681301699846
GSM6339597	GACTCACCATAAGTCT-1	10804	7481	0.692428730099963
GSM6339597	GACTCACCATTGCGGT-1	1117	808	0.7233661593554163
GSM6339597	GACTCACCATTGTCAG-1	2755	2006	0.7281306715063521
GSM6339597	GACTTACAGCCTGACA-1	16517	13124	0.7945752860688987
GSM6339597	GACTTACAGCGTGCGT-1	1214	924	0.7611202635914333
GSM6339597	GACTTACAGCTAAGTC-1	9755	7678	0.7870835468990262
GSM6339597	GACTTACAGGCCTAAT-1	8132	6500	0.7993113625184457
GSM6339597	GACTTACAGGCTGTCA-1	5431	4410	0.8120051555882895
GSM6339597	GACTTAGGTAAATTGC-1	25035	18758	0.7492710205712003
GSM6339597	GACTTAGGTAACCAGC-1	795	482	0.6062893081761006
GSM6339597	GACTTAGGTCAGTAAT-1	8420	6122	0.7270783847980997
GSM6339597	GACTTAGGTCTTACTA-1	6962	4564	0.6555587474863545
GSM6339597	GACTTAGGTGGTGAGA-1	6010	4690	0.7803660565723793
GSM6339597	GACTTAGGTTCCGCAC-1	13104	8620	0.6578144078144078
GSM6339597	GACTTAGGTTTGCGAA-1	1112	753	0.677158273381295
GSM6339597	GACTTGGTCATAGCCG-1	6360	3796	0.5968553459119497
GSM6339597	GACTTGGTCCTGATTT-1	6410	4744	0.7400936037441498
GSM6339597	GAGAACCAGCCTGACA-1	11788	10274	0.8715643026806922
GSM6339597	GAGAACCAGGCATTGT-1	12394	10674	0.861223172502824
GSM6339597	GAGAACCAGTAGCCAT-1	7331	5346	0.729232028372664
GSM6339597	GAGAACCAGTAGCGGG-1	4556	3211	0.7047848990342406
GSM6339597	GAGAGGCGTAGACAAA-1	11813	8981	0.760264115804622
GSM6339597	GAGAGGCGTGATCATG-1	7228	5514	0.7628666297731046
GSM6339597	GAGAGGCGTTATCGAG-1	10869	8018	0.7376943601067255
GSM6339597	GAGAGGCGTTGAGCCG-1	10966	8240	0.7514134597847894
GSM6339597	GAGAGGCGTTTAACGG-1	8978	7686	0.8560926709734907
GSM6339597	GAGAGGCGTTTGGGTA-1	20527	15738	0.7666975203390656
GSM6339597	GAGATAAGTAAGGTTT-1	1710	934	0.5461988304093567
GSM6339597	GAGATAAGTCATCATC-1	20573	19557	0.9506148835852817
GSM6339597	GAGATAAGTGAATCGC-1	11068	11443	1.0338814600650523
GSM6339597	GAGATAAGTTAGACCA-1	9065	5805	0.6403750689464975
GSM6339597	GAGATAAGTTGTGATG-1	10508	8516	0.8104301484583175
GSM6339597	GAGCAAATCATTGTCT-1	3133	1692	0.5400574529205234
GSM6339597	GAGCAAATCGCCTGTT-1	10624	7826	0.7366340361445783
GSM6339597	GAGCAAGGTGCTTAGA-1	8633	6599	0.7643924475848488
GSM6339597	GAGCATGCAATTGCGC-1	3126	1741	0.5569417786308382
GSM6339597	GAGCATGCACAGGGAC-1	25663	18979	0.7395472080427073
GSM6339597	GAGCATGCAGCTAATT-1	1101	705	0.6403269754768393
GSM6339597	GAGCATGCAGGACCTT-1	11002	7216	0.6558807489547355
GSM6339597	GAGCATGCAGTAGCCT-1	9631	6163	0.6399127816426124
GSM6339597	GAGCATGCATAATGTC-1	6166	4216	0.6837495945507622
GSM6339597	GAGCCACTCACTTTAC-1	7257	5212	0.7182031142345322
GSM6339597	GAGCCACTCAGGAACA-1	12269	10741	0.8754584725731518
GSM6339597	GAGCCACTCGAGCAAA-1	4089	2826	0.6911225238444607
GSM6339597	GAGCCACTCGCTCACT-1	37908	30536	0.8055291758995463
GSM6339597	GAGCCACTCGTTTCCA-1	14553	12206	0.8387274101559816
GSM6339597	GAGCCACTCTCCTCTT-1	15557	13276	0.8533779006235135
GSM6339597	GAGCCTTCAAGGTGGC-1	14888	11519	0.7737103707684041
GSM6339597	GAGCCTTCACATTAAC-1	16806	14501	0.8628466024039033
GSM6339597	GAGCCTTCATACCCGG-1	7725	6825	0.883495145631068
GSM6339597	GAGCGAAGTAATGGCC-1	12379	10795	0.8720413603683658
GSM6339597	GAGCGAAGTAATTAGC-1	11520	9946	0.8633680555555555
GSM6339597	GAGCGAAGTCACCAAA-1	14148	12392	0.8758835171048911
GSM6339597	GAGCGATAGATAAAGC-1	4628	3712	0.8020743301642178
GSM6339597	GAGCGATAGCTGGACC-1	3900	2503	0.6417948717948718
GSM6339597	GAGCGATAGGATGATG-1	14060	11463	0.8152916073968706
GSM6339597	GAGCGATAGTAAGTGG-1	12206	9521	0.7800262166147797
GSM6339597	GAGCGATAGTCTGGGC-1	1499	763	0.5090060040026685
GSM6339597	GAGCGGTCAAAGGCCA-1	23190	17797	0.7674428633031479
GSM6339597	GAGCGGTCAACAGCCT-1	16282	11471	0.7045203291978872
GSM6339597	GAGCGGTCAGCTTAGC-1	2603	2124	0.815981559738763
GSM6339597	GAGCTAGCAAACTGTT-1	9083	7248	0.7979742375867004
GSM6339597	GAGCTAGCAATGCCCG-1	22362	17339	0.7753778731777122
GSM6339597	GAGCTAGCACAAAGCG-1	7125	5824	0.8174035087719298
GSM6339597	GAGCTAGCAGTTTGGC-1	11256	8388	0.7452025586353944
GSM6339597	GAGCTAGCATGTTTGG-1	6519	4947	0.7588587206626783
GSM6339597	GAGCTTAGTAATCGCA-1	14606	10751	0.7360673695741476
GSM6339597	GAGCTTAGTCAGGCAT-1	15687	11604	0.739720787913559
GSM6339597	GAGCTTAGTGGGTACT-1	3456	2421	0.7005208333333334
GSM6339597	GAGCTTAGTTACTTCA-1	6488	3924	0.6048088779284834
GSM6339597	GAGCTTAGTTATGTGG-1	20625	17843	0.8651151515151515
GSM6339597	GAGCTTAGTTTACTTG-1	15415	12801	0.8304249108011676
GSM6339597	GAGCTTAGTTTCGCGC-1	12637	11465	0.9072564690986785
GSM6339597	GAGCTTGTCATTGTTC-1	8033	5625	0.7002365243371095
GSM6339597	GAGCTTGTCGCCTGTT-1	7370	4358	0.5913161465400272
GSM6339597	GAGCTTGTCGGTCAGC-1	10448	7343	0.7028139356814701
GSM6339597	GAGCTTGTCTTAGTGA-1	9320	7309	0.7842274678111588
GSM6339597	GAGGACTAGACAAAGT-1	5738	5137	0.8952596723597073
GSM6339597	GAGGACTAGCGAAGTA-1	8074	5429	0.672405251424325
GSM6339597	GAGGACTAGGAAGCTA-1	22777	22125	0.9713746323045177
GSM6339597	GAGGACTAGTATTGCA-1	2258	1756	0.7776793622674933
GSM6339597	GAGGACTAGTATTGTG-1	2001	1516	0.7576211894052973
GSM6339597	GAGGACTAGTCTATGA-1	572	325	0.5681818181818182
GSM6339597	GAGGAGGCACGAATCC-1	8211	6831	0.8319327731092437
GSM6339597	GAGGAGGCATTGCGTA-1	10677	7403	0.693359557928257
GSM6339597	GAGGCAAGTAATGACT-1	1221	950	0.778050778050778
GSM6339597	GAGGCAAGTTAAATGC-1	16867	14609	0.8661291278828481
GSM6339597	GAGGCAAGTTCACTGT-1	1646	1375	0.8353584447144593
GSM6339597	GAGGCAAGTTGGGTTA-1	926	667	0.7203023758099352
GSM6339597	GAGGCAAGTTGGTTAG-1	14265	9460	0.6631615842972309
GSM6339597	GAGGCCTTCATCACTT-1	10518	7283	0.6924320212968245
GSM6339597	GAGGCCTTCATTCATC-1	16082	11109	0.6907722920034821
GSM6339597	GAGGCCTTCCCGTTGT-1	14390	10478	0.7281445448227936
GSM6339597	GAGGCCTTCCGCAACA-1	4859	3719	0.7653838238320642
GSM6339597	GAGGCCTTCCGCCTAT-1	2879	1917	0.6658562000694686
GSM6339597	GAGGCCTTCGGTACGC-1	15821	13239	0.836799190948739
GSM6339597	GAGGCTACAAATGCCC-1	2066	1679	0.8126815101645692
GSM6339597	GAGGCTACAACACCTA-1	7499	5202	0.693692492332311
GSM6339597	GAGGCTACACAGAACG-1	12035	7730	0.6422933111757374
GSM6339597	GAGGCTTGTAAGGTCC-1	13424	10293	0.7667610250297974
GSM6339597	GAGGCTTGTTAAGCTG-1	552	548	0.9927536231884058
GSM6339597	GAGGCTTGTTACGCGG-1	7329	4347	0.5931232091690545
GSM6339597	GAGGGAGCAGCTTAAT-1	13021	8738	0.6710698103064281
GSM6339597	GAGGGAGCATAATGTC-1	3606	2187	0.6064891846921797
GSM6339597	GAGGTACAGCCTGGTA-1	16560	12295	0.7424516908212561
GSM6339597	GAGGTACAGCGATACT-1	13626	11006	0.807720534272714
GSM6339597	GAGGTACAGCGGTTAT-1	5808	4922	0.8474517906336089
GSM6339597	GAGGTACAGTCAGGCC-1	7207	4536	0.6293880949077286
GSM6339597	GAGGTAGGTAACAGGG-1	17579	11029	0.6273963251607031
GSM6339597	GAGGTAGGTCAAGACC-1	2076	1454	0.7003853564547207
GSM6339597	GAGGTAGGTTAGGCGT-1	2732	2105	0.7704978038067349
GSM6339597	GAGGTAGGTTATCGAG-1	2589	1620	0.6257242178447276
GSM6339597	GAGGTAGGTTCGCGCT-1	4440	3227	0.7268018018018018
GSM6339597	GAGGTGAGTAAGGTTT-1	2230	1932	0.8663677130044843
GSM6339597	GAGGTGAGTACGATTG-1	385	282	0.7324675324675325
GSM6339597	GAGGTGAGTCCAAATG-1	1517	970	0.6394199077125906
GSM6339597	GAGGTGAGTCTTGCTG-1	834	590	0.7074340527577938
GSM6339597	GAGGTGAGTGCTTACT-1	3538	2491	0.7040700960994912
GSM6339597	GAGGTGAGTTAATCGG-1	5367	3394	0.6323830817961618
GSM6339597	GAGGTGAGTTTAACCC-1	10051	8197	0.815540742214705
GSM6339597	GAGGTTAAGACTAAGG-1	13826	10134	0.7329668740054969
GSM6339597	GAGGTTAAGCAGGCCT-1	13471	9625	0.714497810110608
GSM6339597	GAGGTTAAGCAGGTGG-1	9664	6359	0.6580091059602649
GSM6339597	GAGGTTAAGGCCCAGT-1	15301	12684	0.8289654270962682
GSM6339597	GAGGTTAAGTAACGGA-1	776	507	0.6533505154639175
GSM6339597	GAGGTTAAGTCAGGCC-1	4594	3430	0.7466260339573356
GSM6339597	GAGGTTAAGTGAACCT-1	1317	627	0.4760820045558087
GSM6339597	GAGTAACCAGCATGTC-1	24968	20486	0.8204902274911887
GSM6339597	GAGTAACCATAGGCGA-1	7708	4953	0.642579138557343
GSM6339597	GAGTAACCATTAAGCT-1	9597	7890	0.82213191622382
GSM6339597	GAGTAATAGGCATGTT-1	3625	2578	0.7111724137931035
GSM6339597	GAGTATCTCCATAAGC-1	10200	7513	0.7365686274509804
GSM6339597	GAGTATCTCCCATAGG-1	6826	4384	0.6422502197480223
GSM6339597	GAGTATCTCCTGAATA-1	1761	1296	0.7359454855195912
GSM6339597	GAGTATCTCCTTCGTA-1	31049	24128	0.7770942703468711
GSM6339597	GAGTCAAAGACTATTG-1	12521	16259	1.2985384553949364
GSM6339597	GAGTCAAAGCAAGATG-1	10009	7574	0.7567189529423519
GSM6339597	GAGTCAAAGCCACAAT-1	5399	3611	0.6688275606593813
GSM6339597	GAGTCAAAGTCGCAAT-1	1096	696	0.635036496350365
GSM6339597	GAGTCATTCAGCCAAT-1	13567	10344	0.7624382693299919
GSM6339597	GAGTCATTCGGTACGC-1	887	595	0.6708004509582863
GSM6339597	GAGTCATTCTTAAGTG-1	1820	1316	0.7230769230769231
GSM6339597	GAGTGAGGTGAGACTC-1	3585	2038	0.5684797768479777
GSM6339597	GAGTGAGGTTAAGGTT-1	8913	7225	0.810613710310782
GSM6339597	GAGTGAGGTTGACTTC-1	7211	5990	0.8306753570933296
GSM6339597	GAGTGATCAAGTTATC-1	13132	8474	0.6452939384709108
GSM6339597	GAGTGATCACAAGCCT-1	11945	8297	0.6946002511511092
GSM6339597	GAGTGATCACAGGGAC-1	15151	11107	0.7330869249554485
GSM6339597	GAGTGATCAGCACGAA-1	6815	5263	0.7722670579603815
GSM6339597	GAGTGATCATAAGTCT-1	6083	4579	0.7527535755383856
GSM6339597	GAGTGATCATGAATAG-1	15992	11479	0.7177963981990996
GSM6339597	GAGTGATCATGTGGGA-1	9185	5657	0.6158954817637452
GSM6339597	GAGTGTTTCATAGACC-1	9387	6675	0.7110898050495366
GSM6339597	GAGTTACTCACAGCCA-1	17323	15055	0.8690757951855914
GSM6339597	GAGTTACTCGAAGTGA-1	6862	4552	0.6633634508889537
GSM6339597	GAGTTACTCGGCCATA-1	17343	14983	0.8639220434757539
GSM6339597	GAGTTGCGTACCGTAA-1	3528	2754	0.7806122448979592
GSM6339597	GAGTTGCGTATTGCAG-1	8950	6647	0.7426815642458101
GSM6339597	GAGTTGCGTGAAGCCT-1	18319	12940	0.7063704350674164
GSM6339597	GAGTTTGGTAAGGTCC-1	6550	4257	0.6499236641221374
GSM6339597	GAGTTTGGTATTGTGG-1	8354	5331	0.638137419200383
GSM6339597	GAGTTTGGTGCGCGTA-1	22045	16187	0.7342708097074166
GSM6339597	GAGTTTGGTTAATGAC-1	11771	9681	0.8224449919293179
GSM6339597	GAGTTTGGTTCGCTTG-1	3095	1947	0.6290791599353797
GSM6339597	GATAAAGGTCCTAAGA-1	1814	1424	0.7850055126791621
GSM6339597	GATAAAGGTGACCTGG-1	11657	8887	0.762374538903663
GSM6339597	GATAAAGGTGCAACTA-1	1673	1196	0.7148834429169157
GSM6339597	GATAAAGGTGGTGAGA-1	3513	2264	0.6444634215769998
GSM6339597	GATAAAGGTTTAGTCC-1	8205	5998	0.7310176721511273
GSM6339597	GATAACGAGCGGGCAA-1	18220	16602	0.9111964873765094
GSM6339597	GATAACGAGGACAATG-1	27902	23232	0.832628485413232
GSM6339597	GATAACGAGGTCCGTA-1	5097	3200	0.6278202864430057
GSM6339597	GATAACGAGTGATTCA-1	8472	5007	0.5910056657223796
GSM6339597	GATAACGAGTTGCCTC-1	1891	1278	0.6758328926493918
GSM6339597	GATAAGCCAATTTGGT-1	13879	12244	0.8821961236400317
GSM6339597	GATAAGCCACATTGCA-1	4225	3580	0.8473372781065088
GSM6339597	GATAAGCCACGGTTTA-1	35951	28119	0.7821479235626269
GSM6339597	GATAAGCCAGGTTACC-1	4848	3487	0.7192656765676567
GSM6339597	GATAATCGTACGGGTT-1	1149	621	0.5404699738903395
GSM6339597	GATAATCGTCACACCC-1	19434	17531	0.9020788309148914
GSM6339597	GATAATCGTCCTTAGT-1	16659	10132	0.6081997718950717
GSM6339597	GATAATCGTGAAACAA-1	10516	6757	0.642544693799924
GSM6339597	GATAATCGTTAAGCTG-1	629	380	0.604133545310016
GSM6339597	GATAATCGTTCCATTA-1	3276	2635	0.8043345543345544
GSM6339597	GATAGACCAACTGGGA-1	5753	3790	0.6587867199721884
GSM6339597	GATAGACCAATAGCAA-1	464	249	0.5366379310344828
GSM6339597	GATAGACCAGTCTAGC-1	4285	5865	1.368728121353559
GSM6339597	GATCAAGAGAGAGGCT-1	695	441	0.6345323741007194
GSM6339597	GATCAAGAGGACAATG-1	3938	2283	0.579735906551549
GSM6339597	GATCACTAGGAGGGTT-1	12291	7635	0.6211862338296315
GSM6339597	GATCACTAGGATCCGC-1	13475	11991	0.8898701298701299
GSM6339597	GATCACTAGTTACCGG-1	10412	8783	0.843545908567038
GSM6339597	GATCAGGCAAGGATTA-1	688	365	0.5305232558139535
GSM6339597	GATCAGGCAAGTGAAC-1	1038	601	0.5789980732177264
GSM6339597	GATCAGGCAGCTTAGC-1	10913	8404	0.7700907174928984
GSM6339597	GATCAGGCATTGTGCA-1	10909	7814	0.7162893024108534
GSM6339597	GATCAGTTCAATGTCA-1	15185	13044	0.8590055976292393
GSM6339597	GATCAGTTCACGCATG-1	17915	16665	0.9302260675411667
GSM6339597	GATCAGTTCCGTAAAC-1	22996	16145	0.7020786223691077
GSM6339597	GATCAGTTCGATTATG-1	5285	3387	0.6408703878902554
GSM6339597	GATCAGTTCTTGATGA-1	14277	12519	0.8768648875814247
GSM6339597	GATCCGTCACCTACGG-1	789	553	0.7008871989860583
GSM6339597	GATCGAGCAACTCGCG-1	24133	19404	0.8040442547548999
GSM6339597	GATCGAGCACCTCACC-1	15049	14259	0.9475048175958536
GSM6339597	GATCGAGCATGCTCCC-1	1574	1402	0.8907242693773825
GSM6339597	GATCGAGCATGTCGCG-1	5801	3562	0.6140320634373384
GSM6339597	GATCGATTCAGCAAGA-1	5599	4098	0.7319164136452938
GSM6339597	GATCGATTCGCGACAC-1	7877	5410	0.686809699124032
GSM6339597	GATCGCTCAGATAGAC-1	7047	4787	0.6792961543919398
GSM6339597	GATCGCTCATCAGCAC-1	15759	11094	0.7039786788501808
GSM6339597	GATCGCTCATTGTGCA-1	6880	4986	0.7247093023255814
GSM6339597	GATGACTTCAGGGCCT-1	18846	14427	0.7655205348615091
GSM6339597	GATGACTTCCTGTTCA-1	6742	4766	0.7069118955799466
GSM6339597	GATGACTTCTTAGTCT-1	2117	1300	0.6140765233821446
GSM6339597	GATGAGGGTACCCACC-1	2102	1224	0.582302568981922
GSM6339597	GATGAGGGTCAGGAAG-1	1160	732	0.6310344827586207
GSM6339597	GATGAGGGTGCTAGAC-1	1745	1238	0.7094555873925501
GSM6339597	GATGAGGGTGTCCAAA-1	4631	7534	1.6268624487151804
GSM6339597	GATGCAGCAAACCCTA-1	8543	6103	0.7143860470560693
GSM6339597	GATGCAGCAGCTTAAT-1	20088	12743	0.6343588211867782
GSM6339597	GATGCAGCAGGAATCG-1	12049	8664	0.7190638227238775
GSM6339597	GATGCAGCATGTCAGC-1	14780	11403	0.7715155615696888
GSM6339597	GATGCATTCAAGACTC-1	4451	4052	0.9103572230959335
GSM6339597	GATGCATTCATGCGTG-1	12965	10177	0.7849595063632858
GSM6339597	GATGCATTCCCTCTAA-1	10611	7107	0.6697766468758836
GSM6339597	GATGCATTCCTTGCGT-1	17022	14574	0.8561861120902362
GSM6339597	GATGCGACAAACTCAT-1	1219	1038	0.8515176374077112
GSM6339597	GATGCGACACCAAAGG-1	544	442	0.8125
GSM6339597	GATGCGACAGTTTGGC-1	7301	6088	0.8338583755649911
GSM6339597	GATGCGACATAATGTC-1	6153	3831	0.6226231106777181
GSM6339597	GATGCGACATTTAAGC-1	1868	1106	0.5920770877944326
GSM6339597	GATGCTTAGCACAGCC-1	10893	9405	0.8633985128063895
GSM6339597	GATGCTTAGGAAGTAT-1	4071	3230	0.7934168508965856
GSM6339597	GATGCTTAGGGCCACT-1	11026	10420	0.9450389987302739
GSM6339597	GATGCTTAGGTTTGCG-1	34007	29392	0.8642926456317817
GSM6339597	GATGCTTAGTGTTGCG-1	11706	8639	0.7379976080642405
GSM6339597	GATGCTTAGTTAGTGC-1	35670	27675	0.7758620689655172
GSM6339597	GATGGACAGCGATACT-1	10173	6465	0.6355057505160719
GSM6339597	GATGGACAGCTTAACA-1	16170	12051	0.7452690166975882
GSM6339597	GATGGACAGTGAGCAA-1	4541	2593	0.5710195992072231
GSM6339597	GATGGCTGTAGGATCC-1	9801	8282	0.8450158147127844
GSM6339597	GATGGCTGTCTATCGT-1	11480	7661	0.6673344947735191
GSM6339597	GATGGCTGTGCAACTA-1	1266	760	0.6003159557661928
GSM6339597	GATGGCTGTGGTGAGA-1	12975	10264	0.7910597302504817
GSM6339597	GATGGCTGTTTGCAGA-1	1911	1441	0.7540554683411826
GSM6339597	GATTAAGCAAACTCAT-1	9559	7774	0.8132649858771838
GSM6339597	GATTAAGCAACACTTG-1	14980	11486	0.7667556742323097
GSM6339597	GATTAAGCAAGCGATG-1	15481	10677	0.6896841289322395
GSM6339597	GATTAAGCAGAAACGT-1	1366	953	0.6976573938506588
GSM6339597	GATTAAGCATAATTGC-1	26542	22833	0.8602592118152362
GSM6339597	GATTACGGTCATAGAT-1	2302	1405	0.610338835794961
GSM6339597	GATTACGGTTCATTTG-1	1561	1010	0.6470211402946829
GSM6339597	GATTACGGTTTCCGGC-1	1882	1481	0.7869287991498406
GSM6339597	GATTACTCAACAGCCT-1	23171	15976	0.6894825428337146
GSM6339597	GATTACTCAATCCCTT-1	12268	8715	0.7103847407890447
GSM6339597	GATTACTCAGCAAATA-1	4184	2776	0.6634799235181644
GSM6339597	GATTACTCATAAGTCT-1	22029	14389	0.6531844386944482
GSM6339597	GATTAGCTCAAAGGCA-1	14500	8786	0.6059310344827586
GSM6339597	GATTAGCTCATAGACC-1	1887	1296	0.6868044515103339
GSM6339597	GATTAGCTCATGGTGT-1	3560	1863	0.523314606741573
GSM6339597	GATTAGCTCTTGCAAA-1	18118	16266	0.8977812120543106
GSM6339597	GATTAGTGTAGTTAAC-1	10729	7544	0.7031410196663249
GSM6339597	GATTAGTGTCCGGTTC-1	20696	13947	0.6738983378430614
GSM6339597	GATTAGTGTGACATAT-1	20483	17698	0.8640335888297612
GSM6339597	GATTAGTGTGCTCACC-1	12526	10298	0.8221299696631007
GSM6339597	GATTAGTGTTCGGTAA-1	8326	5606	0.6733125150132117
GSM6339597	GATTAGTGTTGGTTGA-1	1261	1004	0.796193497224425
GSM6339597	GATTATGTCAGGAACA-1	7949	5817	0.7317901622845641
GSM6339597	GATTATGTCATCACTT-1	8389	5464	0.6513291214685898
GSM6339597	GATTCAATCCGCAAGC-1	1638	1295	0.7905982905982906
GSM6339597	GATTCAATCCTAGTCC-1	966	558	0.577639751552795
GSM6339597	GATTCAATCGATAACC-1	14270	9750	0.6832515767344078
GSM6339597	GATTCAATCGTCAAGT-1	4247	2347	0.5526253826230281
GSM6339597	GATTCAATCTTAGGGT-1	7121	4308	0.6049712119084398
GSM6339597	GATTCAGGTTAATGCG-1	12046	9253	0.7681388012618297
GSM6339597	GATTCATCAAGCTTTG-1	4852	3269	0.6737427864798021
GSM6339597	GATTCATCACTCGCTC-1	34892	23176	0.6642210248767626
GSM6339597	GATTCCTGTGATTTGG-1	1652	1080	0.6537530266343826
GSM6339597	GATTGATGTATTGTGG-1	3941	2084	0.5287997970058361
GSM6339597	GATTGATGTGACCTGG-1	4347	3531	0.8122843340234644
GSM6339597	GATTGATGTTCACTGT-1	10930	7223	0.6608417200365965
GSM6339597	GATTGATGTTGGCCGA-1	6817	4137	0.6068651899662608
GSM6339597	GATTGATGTTGTAAAC-1	17927	11527	0.6429965973113181
GSM6339597	GATTGCAGTAAAGCAA-1	16228	11547	0.7115479418289377
GSM6339597	GATTGCAGTGTTTGAG-1	35306	28294	0.8013935308446156
GSM6339597	GATTGCAGTTGGTTCT-1	6052	3964	0.6549900859220092
GSM6339597	GATTGCGTCAATGTGC-1	4634	8215	1.7727665084160553
GSM6339597	GATTGCGTCACACAGT-1	9387	7579	0.8073932033663578
GSM6339597	GATTGCGTCCACCCTG-1	5791	3506	0.6054222068727335
GSM6339597	GATTGCGTCGACCTGA-1	2784	1827	0.65625
GSM6339597	GATTGGCGTACTTAGG-1	11926	8163	0.6844709039074292
GSM6339597	GATTGGCGTCACAGCG-1	773	507	0.6558861578266494
GSM6339597	GATTGGCGTTATAGCG-1	7380	5481	0.7426829268292683
GSM6339597	GATTGGCGTTGTCATC-1	17306	15738	0.9093955853461227
GSM6339597	GATTGGCGTTTACCGT-1	13114	9883	0.753622083269788
GSM6339597	GATTGGCGTTTATGGG-1	4827	3498	0.7246737103791174
GSM6339597	GATTGGTTCATGCTTT-1	3988	3247	0.8141925777331996
GSM6339597	GATTGTTCAAGTAAGC-1	5299	4261	0.8041139837705228
GSM6339597	GATTGTTCAGAGAGCC-1	18412	14743	0.8007277862263741
GSM6339597	GATTGTTCATAATGTC-1	14330	10938	0.7632937892533147
GSM6339597	GATTTGCAGATAAAGC-1	7351	5073	0.6901101890899197
GSM6339597	GATTTGCAGATGGACA-1	7458	5377	0.7209707696433361
GSM6339597	GATTTGCAGGATAAAC-1	13942	12177	0.8734041027112323
GSM6339597	GATTTGCAGGATTTGC-1	8927	8376	0.9382771367760726
GSM6339597	GATTTGCAGGCTGTCA-1	9889	7839	0.7926989584386692
GSM6339597	GATTTGCAGTAAGTGG-1	18676	14383	0.7701327907474834
GSM6339597	GATTTGCAGTGCACGC-1	2147	1796	0.8365160689333955
GSM6339597	GATTTGCAGTGGCGGA-1	6793	4819	0.7094067422346533
GSM6339597	GATTTGCAGTTGCCTC-1	15321	12644	0.825272501794922
GSM6339597	GCAAACAAGCTGCACA-1	13671	11360	0.8309560383293102
GSM6339597	GCAAACAAGGAATAAC-1	5664	4078	0.7199858757062146
GSM6339597	GCAAACAAGTCCTGAG-1	1786	1436	0.8040313549832027
GSM6339597	GCAAACCGTAACGAGG-1	1003	746	0.7437686939182453
GSM6339597	GCAAACCGTATACTGG-1	18116	14089	0.7777103113270037
GSM6339597	GCAAACCGTCGCAATA-1	1743	1572	0.9018932874354562
GSM6339597	GCAAACCGTTATGTGG-1	28197	20921	0.7419583643650034
GSM6339597	GCAAACCGTTCCGCAC-1	2445	2003	0.8192229038854806
GSM6339597	GCAAACTTCGCAAACT-1	12259	10212	0.8330206378986866
GSM6339597	GCAAACTTCGTACCGA-1	1176	746	0.6343537414965986
GSM6339597	GCAACAGCAAACTAAG-1	15347	12145	0.7913598748941161
GSM6339597	GCAACAGCAATTGACT-1	14276	14070	0.9855701877276548
GSM6339597	GCAAGCCTCCGGAACC-1	13230	10521	0.7952380952380952
GSM6339597	GCAAGCCTCCGGCTAA-1	12667	10118	0.798768453461751
GSM6339597	GCAAGCCTCCTGTTCA-1	6889	5930	0.8607925678618087
GSM6339597	GCAAGTCGTTCACCAT-1	5078	3482	0.6857030326900354
GSM6339597	GCAAGTGCAAAGCTAA-1	12682	9936	0.7834726383851127
GSM6339597	GCAAGTGCACTTACAG-1	6527	4578	0.7013942086716716
GSM6339597	GCAAGTGCATTAAAGG-1	8301	4899	0.5901698590531261
GSM6339597	GCAATAGAGCGGATTT-1	6363	4859	0.7636335062077636
GSM6339597	GCAATAGAGGCCAATT-1	12390	10719	0.8651331719128329
GSM6339597	GCAATATGTTATCGAG-1	896	842	0.9397321428571429
GSM6339597	GCAATCTAGCTTACTT-1	11209	7730	0.6896244089570881
GSM6339597	GCAATCTAGTCGCAAT-1	533	420	0.7879924953095685
GSM6339597	GCAATGTTCAAGCTTA-1	9858	8187	0.8304930006086427
GSM6339597	GCAATGTTCCTGAGTG-1	4902	3290	0.6711546307629539
GSM6339597	GCAATGTTCTAAATCG-1	6361	4932	0.7753497877692187
GSM6339597	GCAATGTTCTAAGGAG-1	4218	2884	0.6837363679468943
GSM6339597	GCACATTAGAGGAAGG-1	16563	15272	0.9220551832397512
GSM6339597	GCACATTAGCAAGGTA-1	8218	5761	0.7010221465076661
GSM6339597	GCACATTAGGTCCGTA-1	13219	9434	0.7136697178303957
GSM6339597	GCACATTAGTTATTCC-1	27068	19441	0.7182281661001921
GSM6339597	GCACCTAAGCAAGGTA-1	5263	3722	0.7072012160364811
GSM6339597	GCACCTAAGGACTAAG-1	1155	665	0.5757575757575758
GSM6339597	GCACGAACAACAGGTG-1	8882	7121	0.8017338437288899
GSM6339597	GCACGCTAGACTAAGG-1	1406	863	0.6137980085348507
GSM6339597	GCACGCTAGCTATTGA-1	4744	2978	0.6277403035413154
GSM6339597	GCACGCTAGGAATAAC-1	1652	947	0.5732445520581114
GSM6339597	GCACGCTAGGCGGATG-1	13221	10319	0.7805007185538159
GSM6339597	GCACGCTAGTGAAGTG-1	9930	7129	0.7179254783484391
GSM6339597	GCACGGTTCCATAAGC-1	22761	16920	0.7433768287860815
GSM6339597	GCACGGTTCGTCCTTA-1	5703	4078	0.7150622479396809
GSM6339597	GCACGGTTCTAATTGG-1	31331	26919	0.859181002840637
GSM6339597	GCACGGTTCTCGACCT-1	14799	10854	0.7334279343198865
GSM6339597	GCACGGTTCTGTTGCC-1	4068	2822	0.6937069813176008
GSM6339597	GCACTAAGTAATCGTG-1	5031	3276	0.6511627906976745
GSM6339597	GCACTAAGTACCGTTT-1	22110	16661	0.7535504296698327
GSM6339597	GCACTAAGTACTGAAT-1	26441	20406	0.7717559850232594
GSM6339597	GCACTAAGTATGGTGC-1	2899	2362	0.8147637116246982
GSM6339597	GCACTAAGTCGTAAAT-1	9347	8425	0.9013587247245105
GSM6339597	GCACTAAGTTAGAGCC-1	2247	1533	0.6822429906542056
GSM6339597	GCACTAAGTTATCCTA-1	1364	769	0.5637829912023461
GSM6339597	GCACTAAGTTTGGGTA-1	4634	3532	0.762192490289167
GSM6339597	GCAGCAACAAGATTCT-1	15392	12887	0.8372531185031185
GSM6339597	GCAGCAACACCACAAC-1	2340	1681	0.7183760683760684
GSM6339597	GCAGCAACAGGCGATA-1	9859	5770	0.585252053960848
GSM6339597	GCAGCAACATGTCAGC-1	12758	9556	0.749020222605424
GSM6339597	GCAGCCAGTCGACTAA-1	16439	12873	0.7830768294908449
GSM6339597	GCAGCCAGTTAGTGAT-1	397	197	0.49622166246851385
GSM6339597	GCAGCCAGTTGGGTTA-1	701	400	0.5706134094151213
GSM6339597	GCAGCCAGTTGTTGGA-1	15612	11932	0.7642838841916475
GSM6339597	GCAGCTATCATCACTT-1	6021	4526	0.7517023750207606
GSM6339597	GCAGCTATCATTATGG-1	5528	5403	0.9773878437047757
GSM6339597	GCAGCTATCATTTGTC-1	17628	13680	0.7760381211708646
GSM6339597	GCAGGAAGTCATAGAT-1	14718	10308	0.7003668976763148
GSM6339597	GCAGGAAGTGACATAT-1	15388	10469	0.6803353262282298
GSM6339597	GCAGGAAGTGTGAGAG-1	3744	2772	0.7403846153846154
GSM6339597	GCAGGAAGTTATCCGT-1	6753	5275	0.7811343106767362
GSM6339597	GCAGGACCAAATTCGT-1	1905	1282	0.6729658792650919
GSM6339597	GCAGGACCAATACTGT-1	13663	10610	0.7765498060455244
GSM6339597	GCAGGACCAATGCGCT-1	14979	13152	0.8780292409373123
GSM6339597	GCAGGACCACCTCGCT-1	814	525	0.644963144963145
GSM6339597	GCAGGACCAGCAATAA-1	3268	2313	0.7077723378212974
GSM6339597	GCAGGACCAGGCCAAA-1	24378	17913	0.7348018705390106
GSM6339597	GCAGGACCAGGCTACT-1	7496	5421	0.7231856990394877
GSM6339597	GCAGGACCATCCCTCA-1	9527	7044	0.7393723102760575
GSM6339597	GCAGGATAGATTCCTT-1	1469	944	0.6426140231449966
GSM6339597	GCAGGATAGCACCACA-1	13423	9704	0.7229382403337555
GSM6339597	GCAGGATAGCAGGCCT-1	2627	2017	0.7677959649790635
GSM6339597	GCAGGATAGTTGCGTG-1	4190	2720	0.649164677804296
GSM6339597	GCAGGCAAGTTGGCCA-1	9633	6631	0.6883629191321499
GSM6339597	GCAGGCTTCACTCAAA-1	7831	5384	0.6875239433022603
GSM6339597	GCAGGCTTCCTCATCA-1	16761	12454	0.7430344251536305
GSM6339597	GCAGGCTTCGGCTATG-1	12511	10782	0.8618016145791704
GSM6339597	GCAGGCTTCTCCTCAA-1	9351	7255	0.7758528499625709
GSM6339597	GCAGGTGAGACAAACG-1	13229	10541	0.7968100385516668
GSM6339597	GCAGGTGAGACTAAGG-1	30381	27067	0.8909186662716829
GSM6339597	GCAGGTGAGAGGAGGA-1	19122	16428	0.8591151553184814
GSM6339597	GCAGGTGAGGTGCGGA-1	3142	2487	0.7915340547422024
GSM6339597	GCAGGTTGTAACGGGA-1	10033	6936	0.6913186484600817
GSM6339597	GCAGGTTGTAAGCTTG-1	15033	11964	0.7958491319097984
GSM6339597	GCAGGTTGTACGGTAC-1	4914	3547	0.7218152218152218
GSM6339597	GCAGGTTGTAGCTGGT-1	15891	10723	0.6747844691964004
GSM6339597	GCATATATCATGCTTT-1	7202	5007	0.6952235490141627
GSM6339597	GCATATATCCAGGTTG-1	4777	3795	0.7944316516642244
GSM6339597	GCATATATCTTAATGG-1	10419	8508	0.8165850849409733
GSM6339597	GCATCCTTCATTACGA-1	31167	26411	0.8474027015753842
GSM6339597	GCATCCTTCATTGTTC-1	10469	6779	0.6475308052345019
GSM6339597	GCATCCTTCCCAGTAG-1	15220	8464	0.5561103810775295
GSM6339597	GCATCCTTCGTTTCCA-1	7907	6876	0.869609207031744
GSM6339597	GCATCCTTCTCACAAA-1	16129	14024	0.869489738979478
GSM6339597	GCATGAAAGACTTATG-1	12680	7431	0.5860410094637224
GSM6339597	GCATGAAAGCTCCTTA-1	13553	12419	0.9163284881576035
GSM6339597	GCATGAAAGTAAAGGT-1	6332	4230	0.668035375868604
GSM6339597	GCATGAAAGTGTGATC-1	5628	3771	0.670042643923241
GSM6339597	GCATGAGCAACACTTG-1	10880	8078	0.7424632352941176
GSM6339597	GCATGAGCACATACTG-1	13348	8511	0.637623614024573
GSM6339597	GCATGAGCAGGAACCA-1	11118	7082	0.6369850692570607
GSM6339597	GCATTAGGTAGGTTGC-1	10305	6858	0.6655021834061136
GSM6339597	GCATTAGGTATTGTGG-1	5732	4466	0.7791346824842986
GSM6339597	GCATTAGGTCACGGAT-1	3357	2382	0.709562109025916
GSM6339597	GCATTAGGTCGCATAA-1	1510	943	0.6245033112582782
GSM6339597	GCATTGCCACGGTTTA-1	7564	4057	0.5363564251718668
GSM6339597	GCCAACATCCACCCTG-1	26051	18881	0.7247706422018348
GSM6339597	GCCAACATCCCTCACG-1	5937	4485	0.7554320363820111
GSM6339597	GCCAACATCCTAGTTT-1	13277	11466	0.863598704526625
GSM6339597	GCCAACATCCTGATTT-1	9074	5963	0.6571523032841085
GSM6339597	GCCAACATCTTAGCCC-1	8078	6091	0.7540232730873979
GSM6339597	GCCAATAGTATTGTCC-1	1511	1056	0.698874917273329
GSM6339597	GCCAATAGTCACAGCG-1	8707	6661	0.7650166532674859
GSM6339597	GCCAATAGTCGTTACT-1	5897	3872	0.6566050534169917
GSM6339597	GCCAATAGTTACTAGG-1	2964	1811	0.6109986504723347
GSM6339597	GCCAATAGTTCCTCCT-1	1352	862	0.6375739644970414
GSM6339597	GCCAATAGTTGAGGTC-1	9751	7933	0.8135575838375552
GSM6339597	GCCAATTAGAGCCGGA-1	1043	703	0.6740172579098753
GSM6339597	GCCAATTAGATAACCC-1	19110	16932	0.8860282574568289
GSM6339597	GCCAATTAGCAGCTAT-1	2042	1653	0.8095004897159648
GSM6339597	GCCAATTAGGAGTCTT-1	4271	3622	0.8480449543432451
GSM6339597	GCCAATTAGTCTTGAA-1	15288	12163	0.7955913134484563
GSM6339597	GCCAATTAGTTTCCTG-1	12786	11026	0.8623494447051463
GSM6339597	GCCACAATCAATCTAG-1	17391	11411	0.6561439825196941
GSM6339597	GCCACAATCACGCCAA-1	14406	10021	0.6956129390531723
GSM6339597	GCCACAATCCGTCCAT-1	12960	12225	0.9432870370370371
GSM6339597	GCCACAATCCTTGCAC-1	18959	14076	0.742444221741653
GSM6339597	GCCACACAGTGAGGTA-1	4253	2588	0.6085116388431695
GSM6339597	GCCACACAGTGTTGCG-1	12069	8363	0.6929323059076974
GSM6339597	GCCACACAGTTAGAGG-1	17184	10959	0.6377444134078212
GSM6339597	GCCACTAAGAGGAGGA-1	14330	11803	0.8236566643405443
GSM6339597	GCCACTAAGCATTAGC-1	7392	6464	0.8744588744588745
GSM6339597	GCCACTAAGCATTTCT-1	12773	9940	0.7782040241133641
GSM6339597	GCCACTAAGTCAGTAC-1	1353	1064	0.78640059127864
GSM6339597	GCCAGGAAGACAGGCG-1	9737	7736	0.7944952244017665
GSM6339597	GCCAGGAAGTTTAACG-1	3815	2518	0.6600262123197903
GSM6339597	GCCAGGTTCCTGGTGA-1	10110	6958	0.6882294757665678
GSM6339597	GCCAGGTTCGCCTGTT-1	10151	8222	0.8099694611368338
GSM6339597	GCCAGGTTCTAGCGAT-1	30030	28386	0.9452547452547453
GSM6339597	GCCATGATCAATAGCC-1	10452	8143	0.7790853425181783
GSM6339597	GCCATGATCAATTACG-1	15511	15408	0.993359551286184
GSM6339597	GCCATGATCCGGTATG-1	10808	7635	0.7064211695040711
GSM6339597	GCCATGATCGCTATAA-1	10534	8687	0.8246629960129106
GSM6339597	GCCATGATCTTGGATA-1	6693	5869	0.876886299118482
GSM6339597	GCCATTACAAACCTAT-1	8787	6381	0.7261864117446227
GSM6339597	GCCATTACAACACCTA-1	24432	19705	0.8065242305173543
GSM6339597	GCCATTACAGATTCAT-1	33174	21056	0.6347139325978176
GSM6339597	GCCATTACAGGAATCG-1	7360	5196	0.7059782608695652
GSM6339597	GCCCAAATCAAACCGT-1	19675	16553	0.8413214739517154
GSM6339597	GCCCAAATCAAAGGCA-1	6037	3750	0.6211694550273315
GSM6339597	GCCCAAATCAAGCGCC-1	18686	16295	0.8720432409290377
GSM6339597	GCCCATAAGACTATTG-1	5644	3345	0.5926647767540751
GSM6339597	GCCCATAAGCTTGCTC-1	11490	8034	0.6992167101827677
GSM6339597	GCCCATAAGGCGAATA-1	11499	8304	0.7221497521523611
GSM6339597	GCCCGTTGTCCCGGAA-1	1032	672	0.6511627906976745
GSM6339597	GCCCGTTGTGATTTGG-1	6382	5007	0.7845502977123159
GSM6339597	GCCCGTTGTGGGTACT-1	7324	4225	0.5768705625341344
GSM6339597	GCCCGTTGTGTTTGAG-1	13961	14538	1.041329417663491
GSM6339597	GCCCGTTGTTCGCGCT-1	629	431	0.685214626391097
GSM6339597	GCCCGTTGTTGGATCA-1	8893	7643	0.8594400089958394
GSM6339597	GCCCTCATCCTAACGG-1	2384	1857	0.7789429530201343
GSM6339597	GCCGTGAGTAGTAAGA-1	6835	5935	0.8683247988295537
GSM6339597	GCCGTGAGTCATCCTG-1	18406	17841	0.9693034879930458
GSM6339597	GCCGTGAGTTAGGCGT-1	15935	11514	0.7225604016316285
GSM6339597	GCCGTGAGTTGCACAA-1	7937	5432	0.6843895678467935
GSM6339597	GCCGTGAGTTTAACCC-1	5139	3116	0.6063436466238568
GSM6339597	GCCTAATAGAGAGCCG-1	4315	2546	0.590034762456547
GSM6339597	GCCTAATAGCATGAAG-1	7965	6222	0.7811676082862523
GSM6339597	GCCTACTTCCAGGTTG-1	12186	11544	0.947316592811423
GSM6339597	GCCTACTTCCCGCAAA-1	21266	22305	1.0488573309508136
GSM6339597	GCCTACTTCCCTGTTA-1	21541	19364	0.8989369110069171
GSM6339597	GCCTACTTCGACAAAG-1	12026	8181	0.6802760685182105
GSM6339597	GCCTACTTCGGTTAGT-1	1119	806	0.7202859696157283
GSM6339597	GCCTATTGTGAGCGAA-1	12754	10704	0.8392661125921279
GSM6339597	GCCTATTGTTAAGTGT-1	7569	5289	0.6987713040031708
GSM6339597	GCCTATTGTTGGCCGA-1	25548	19135	0.7489823078127447
GSM6339597	GCCTCAAAGCGGATTT-1	10323	7172	0.6947592754044367
GSM6339597	GCCTCAAAGCTTAGTA-1	37494	25291	0.6745345922014189
GSM6339597	GCCTCAAAGGAGGGTT-1	5145	3634	0.7063168124392614
GSM6339597	GCCTCAAAGGCAGGTG-1	11849	8167	0.68925647733986
GSM6339597	GCCTCAAAGGTGAAAT-1	20092	18372	0.9143937885725661
GSM6339597	GCCTCAAAGTTGGATC-1	1488	1105	0.7426075268817204
GSM6339597	GCCTCCATCCTAAGAC-1	1169	765	0.6544054747647562
GSM6339597	GCCTCCATCTTGGACG-1	2403	1706	0.7099459009571369
GSM6339597	GCCTCGACACGTGCTG-1	15534	11487	0.7394747006566241
GSM6339597	GCCTGACAGCACAGGG-1	13161	11219	0.8524428234936555
GSM6339597	GCCTGACAGCGCCTAA-1	21559	14748	0.684076255856023
GSM6339597	GCCTGACAGGGATTAG-1	1908	1524	0.7987421383647799
GSM6339597	GCCTGACAGTTTGTCT-1	14127	12363	0.8751327245699724
GSM6339597	GCCTGAGGTATTGTCC-1	4259	2968	0.6968772012209439
GSM6339597	GCCTGAGGTCAAGTGC-1	11678	8522	0.729748244562425
GSM6339597	GCCTGAGGTCATTAGG-1	4818	3238	0.6720630967206309
GSM6339597	GCCTGAGGTTACCGGG-1	10016	6909	0.6897963258785943
GSM6339597	GCCTGCTGTAAAGCAA-1	489	345	0.7055214723926381
GSM6339597	GCCTGCTGTCATTGTC-1	3078	1839	0.5974658869395711
GSM6339597	GCCTGCTGTTAATCGG-1	553	319	0.5768535262206148
GSM6339597	GCCTGTGCAAACAACA-1	3275	1858	0.5673282442748092
GSM6339597	GCCTGTGCAAGGTCGA-1	9664	7343	0.7598302980132451
GSM6339597	GCCTGTGCAGGGAGGA-1	4048	3650	0.9016798418972332
GSM6339597	GCCTGTGCAGTTAAAG-1	13709	9193	0.6705813699029834
GSM6339597	GCCTGTGCAGTTATGT-1	7895	5227	0.6620645978467384
GSM6339597	GCCTGTGCATGTTGTG-1	5105	3408	0.6675808031341822
GSM6339597	GCCTGTGCATGTTTGG-1	8363	6763	0.8086810953007294
GSM6339597	GCCTGTGCATTTGCTC-1	7645	4632	0.6058862001308044
GSM6339597	GCCTTAACAACTGGGA-1	1303	859	0.659247889485802
GSM6339597	GCCTTACTCATGCATA-1	6516	5250	0.8057090239410681
GSM6339597	GCCTTACTCATTGCGG-1	3483	2525	0.7249497559575079
GSM6339597	GCCTTACTCCTAGTAA-1	9162	5859	0.6394891944990176
GSM6339597	GCCTTACTCGGGATTT-1	7236	4766	0.6586511885019348
GSM6339597	GCCTTAGAGGGCCATC-1	17840	16818	0.942713004484305
GSM6339597	GCCTTAGAGGGTGAAC-1	31992	24952	0.7799449862465616
GSM6339597	GCCTTAGAGGTCCTAG-1	19877	17016	0.8560647985108417
GSM6339597	GCCTTAGAGTTACCGG-1	11293	7156	0.6336668732843355
GSM6339597	GCCTTAGAGTTGCGTG-1	17473	15559	0.8904595661878326
GSM6339597	GCCTTGCGTATTACCC-1	1324	970	0.7326283987915407
GSM6339597	GCCTTGCGTTTACGTC-1	27018	24195	0.8955141017099711
GSM6339597	GCCTTGCGTTTCGCGC-1	6540	3931	0.6010703363914373
GSM6339597	GCCTTTATCAATGTCA-1	15810	15750	0.9962049335863378
GSM6339597	GCCTTTATCACAGACT-1	14364	11070	0.7706766917293233
GSM6339597	GCCTTTATCACAGCGC-1	17541	13135	0.7488170571803204
GSM6339597	GCCTTTATCATTGCGG-1	1939	1535	0.7916451779267664
GSM6339597	GCCTTTATCCGTAAAC-1	20394	17843	0.874914190448171
GSM6339597	GCCTTTGGTAATAGCT-1	9687	5975	0.6168060286982554
GSM6339597	GCCTTTGGTTGTCATC-1	16827	12235	0.7271052475188685
GSM6339597	GCGAAGCCAGGTATTT-1	10405	8484	0.8153772224891879
GSM6339597	GCGAAGCCAGTAAAGC-1	19828	18343	0.9251059108331652
GSM6339597	GCGAAGTAGGAACGCG-1	15175	10435	0.6876441515650741
GSM6339597	GCGAAGTAGGAATAAC-1	4182	2537	0.606647537063606
GSM6339597	GCGAAGTAGGAGCAAC-1	10492	8201	0.7816431566908121
GSM6339597	GCGAAGTAGTCTGGGC-1	6125	4390	0.7167346938775511
GSM6339597	GCGAGTGAGCGCTAAT-1	683	378	0.5534407027818448
GSM6339597	GCGAGTGAGTCACGAT-1	3682	2530	0.6871265616512765
GSM6339597	GCGAGTGAGTGAGCAA-1	10526	9235	0.8773513205396162
GSM6339597	GCGATATTCGCTATAA-1	9785	7426	0.7589167092488502
GSM6339597	GCGATATTCTTGGATA-1	13694	10535	0.7693150284796261
GSM6339597	GCGATTAGTAACCTAG-1	21565	18056	0.8372826338975191
GSM6339597	GCGATTAGTTTATGGG-1	5597	3852	0.688225835268894
GSM6339597	GCGATTAGTTTGAGGC-1	13660	8689	0.636090775988287
GSM6339597	GCGATTTAGAGCCGCT-1	16225	13832	0.8525115562403698
GSM6339597	GCGATTTAGCACTTGG-1	3695	2201	0.5956698240866035
GSM6339597	GCGATTTAGCTTACTT-1	17036	14627	0.8585935665649214
GSM6339597	GCGATTTAGGCTCATG-1	886	772	0.871331828442438
GSM6339597	GCGATTTAGGTCATTA-1	7567	5355	0.7076780758556892
GSM6339597	GCGATTTAGTTAGACC-1	30470	22812	0.7486708237610765
GSM6339597	GCGCAAACAATCCTAG-1	1300	892	0.6861538461538461
GSM6339597	GCGCAAACACTCGCTC-1	19807	18199	0.9188165799969708
GSM6339597	GCGCAAACACTTGTTC-1	17973	14058	0.7821732598898348
GSM6339597	GCGCAATGTCATAGAT-1	5342	4262	0.7978285286409584
GSM6339597	GCGCAATGTCATCATC-1	10069	6972	0.6924222862250472
GSM6339597	GCGCAATGTCCTAACT-1	10486	8350	0.796299828342552
GSM6339597	GCGCAATGTTATGTGG-1	10956	8484	0.7743702081051479
GSM6339597	GCGCCTTGTAATAGCT-1	9639	5562	0.5770308123249299
GSM6339597	GCGCCTTGTATTGCAG-1	5058	2991	0.5913404507710558
GSM6339597	GCGCCTTGTCAGGAAG-1	9433	8384	0.8887946570550196
GSM6339597	GCGCCTTGTCCAAGAC-1	38612	29296	0.7587278566248834
GSM6339597	GCGCCTTGTTGTAAAC-1	25925	19311	0.7448794599807136
GSM6339597	GCGCGATTCAAACACC-1	11202	8000	0.7141581860382075
GSM6339597	GCGCGATTCAAGCTTA-1	10539	7843	0.7441882531549483
GSM6339597	GCGCGATTCATCCTAT-1	21857	19370	0.886214942581324
GSM6339597	GCGCGATTCCTCCATA-1	3805	2558	0.6722733245729303
GSM6339597	GCGCGATTCTATGACA-1	11804	8932	0.756692646560488
GSM6339597	GCGCTTAAGCTTAGTA-1	7529	4712	0.6258467259928278
GSM6339597	GCGCTTAAGGGCCATC-1	5946	3952	0.6646485031954255
GSM6339597	GCGCTTGCAAACCTTG-1	6613	4882	0.73824285498261
GSM6339597	GCGCTTGCAATAGTCT-1	3162	2570	0.8127767235926628
GSM6339597	GCGCTTGCACCTGCTC-1	981	768	0.7828746177370031
GSM6339597	GCGCTTGCAGCTTAGC-1	7728	5527	0.7151915113871635
GSM6339597	GCGGAACCACAGAAAC-1	9704	7588	0.7819455894476505
GSM6339597	GCGGAACCACCTGGTG-1	10175	7564	0.7433906633906634
GSM6339597	GCGGAACCAGTTTCTC-1	5492	3990	0.7265112891478515
GSM6339597	GCGGAACCATCCTGAA-1	5055	3524	0.6971315529179031
GSM6339597	GCGGAACCATTGCAGC-1	24627	19764	0.8025338043610671
GSM6339597	GCGGATACAAGCGAGC-1	19798	17155	0.8665016668350338
GSM6339597	GCGGATACAAGGTGCA-1	3619	2541	0.7021276595744681
GSM6339597	GCGGATACACCAAAGG-1	2771	1996	0.7203175748827139
GSM6339597	GCGGATACACCTAATG-1	11352	9467	0.8339499647639183
GSM6339597	GCGGATACAGGCTTGT-1	8094	5036	0.6221892760069188
GSM6339597	GCGGATACATGACTAT-1	13511	11056	0.8182962030937755
GSM6339597	GCGGGTTTCAGGCTAT-1	7201	4652	0.6460213859186225
GSM6339597	GCGGGTTTCGGTTTCC-1	12489	9054	0.7249579630074465
GSM6339597	GCGGTTATCCCTGATC-1	9550	6708	0.7024083769633508
GSM6339597	GCGGTTATCGACAAAG-1	34313	21891	0.6379797744295165
GSM6339597	GCGGTTATCGCGCTAA-1	18836	16980	0.9014652792524952
GSM6339597	GCGGTTGGTACTTAGG-1	10063	7492	0.7445095895856106
GSM6339597	GCGGTTGGTCAAGTGC-1	10776	7651	0.710003711952487
GSM6339597	GCGGTTGGTGTTTGAG-1	34201	27493	0.8038653840530978
GSM6339597	GCGGTTGGTGTTTGCT-1	8325	5913	0.7102702702702702
GSM6339597	GCGGTTGGTTAGAGCC-1	34459	26397	0.7660408021126556
GSM6339597	GCGGTTGGTTCCAGGG-1	6280	3917	0.6237261146496815
GSM6339597	GCGGTTGGTTCCTGAT-1	4788	2928	0.6115288220551378
GSM6339597	GCGTAACGTAAGCTCA-1	3675	2026	0.5512925170068027
GSM6339597	GCGTAACGTTCTTTAG-1	14069	12863	0.914279621863672
GSM6339597	GCGTAACGTTTATTCG-1	19549	13881	0.7100618957491431
GSM6339597	GCGTGCTAGGACAACA-1	11943	8193	0.6860085405676966
GSM6339597	GCGTGCTAGTAACGAG-1	13068	10362	0.7929292929292929
GSM6339597	GCGTTTCTCAGGTTTA-1	1763	1257	0.7129892229154849
GSM6339597	GCGTTTCTCCCGTTGT-1	9109	7051	0.7740696014930288
GSM6339597	GCGTTTCTCCCTCACG-1	12860	12914	1.004199066874028
GSM6339597	GCGTTTCTCCGTTAAA-1	22160	19025	0.858528880866426
GSM6339597	GCGTTTCTCCTTGCGT-1	3103	1877	0.6048984853367708
GSM6339597	GCTAACAGTCAATAGT-1	1780	1427	0.8016853932584269
GSM6339597	GCTAACAGTGGATTAT-1	3744	2592	0.6923076923076923
GSM6339597	GCTAACAGTGGTTCTT-1	12349	10689	0.8655761600129566
GSM6339597	GCTAACCCAATCCCTT-1	23825	17524	0.7355299055613851
GSM6339597	GCTAACCCACATACTG-1	30622	21108	0.6893083404088564
GSM6339597	GCTAACCCATAGGCGA-1	10585	8132	0.7682569674067076
GSM6339597	GCTAACCCATGTCAGC-1	29215	23871	0.8170802669861372
GSM6339597	GCTAACCCATTAGCGC-1	16322	11934	0.7311603970101703
GSM6339597	GCTAAGAAGGAACCGG-1	7567	4644	0.6137174573807321
GSM6339597	GCTAAGAAGGTCCTAG-1	18648	11913	0.6388352638352638
GSM6339597	GCTAAGCGTAACGTGC-1	7670	5469	0.7130378096479791
GSM6339597	GCTAAGCGTCCTAATC-1	11157	7941	0.7117504705566012
GSM6339597	GCTAAGCGTGCTTTAC-1	832	587	0.7055288461538461
GSM6339597	GCTAAGCGTTTCGCGC-1	8193	5722	0.6984010740876357
GSM6339597	GCTAAGTTCCTTGAGG-1	13641	9694	0.7106517117513379
GSM6339597	GCTAAGTTCGCTTGCT-1	3682	2144	0.5822922324823465
GSM6339597	GCTAAGTTCGTTACAA-1	8097	8831	1.090650858342596
GSM6339597	GCTAAGTTCTGCAAGT-1	5780	3649	0.6313148788927335
GSM6339597	GCTAAGTTCTTGCAAA-1	10859	8725	0.8034809835159775
GSM6339597	GCTAATATCAATTACG-1	1048	617	0.5887404580152672
GSM6339597	GCTAATATCAGGCTAT-1	11740	9096	0.7747870528109029
GSM6339597	GCTAATATCCGCTAGA-1	14436	8409	0.5825020781379884
GSM6339597	GCTAGCCAGCGGCTGT-1	10775	9076	0.8423201856148492
GSM6339597	GCTAGCCAGGCGCTAC-1	13144	10074	0.7664333536214242
GSM6339597	GCTAGCCAGGGATGCG-1	8265	6402	0.7745916515426498
GSM6339597	GCTAGCCAGTGAGGTA-1	2511	2046	0.8148148148148148
GSM6339597	GCTAGCGGTAGGTTAT-1	4326	2803	0.6479426722145168
GSM6339597	GCTAGCGGTATTCGCT-1	7500	4941	0.6588
GSM6339597	GCTAGCGGTTAGGCTA-1	10955	7387	0.6743039707895938
GSM6339597	GCTAGCTCACGTAATT-1	24188	17357	0.7175872333388457
GSM6339597	GCTAGCTCAGAGGGAG-1	4901	3359	0.6853703325851866
GSM6339597	GCTAGCTCAGGCTTCG-1	10527	7385	0.7015294005889617
GSM6339597	GCTAGTGTCCTTGAGG-1	15531	12892	0.830081771939991
GSM6339597	GCTAGTGTCGAGGTGG-1	10808	8902	0.8236491487786824
GSM6339597	GCTAGTGTCGGCCATA-1	4500	2945	0.6544444444444445
GSM6339597	GCTAGTGTCGTCATTT-1	2179	1605	0.7365764111977972
GSM6339597	GCTAGTGTCTAACCAA-1	17632	15784	0.8951905626134301
GSM6339597	GCTAGTGTCTCAATAG-1	10286	6190	0.6017888391989111
GSM6339597	GCTATAGGTGCAATGC-1	3049	2262	0.7418825844539193
GSM6339597	GCTATCCTCACAGACT-1	8690	5551	0.6387802071346376
GSM6339597	GCTATCCTCTCAATAG-1	7166	4654	0.6494557633268211
GSM6339597	GCTATCCTCTGTGAGT-1	24746	17522	0.7080740321668149
GSM6339597	GCTATCCTCTTGAGGT-1	11370	7954	0.6995602462620932
GSM6339597	GCTATTGCAAAGCGGC-1	6152	5044	0.8198959687906372
GSM6339597	GCTATTGCATATAACC-1	10490	11761	1.121163012392755
GSM6339597	GCTATTGCATCCTGAA-1	6877	4777	0.6946342882070671
GSM6339597	GCTATTGCATCGCTTT-1	5596	3951	0.7060400285918513
GSM6339597	GCTCAACCACAACAGG-1	13994	10255	0.7328140631699299
GSM6339597	GCTCAACCACACAATT-1	33061	33564	1.0152143008378451
GSM6339597	GCTCAACCAGAGGCTA-1	2969	2035	0.6854159649713708
GSM6339597	GCTCAACCAGCTAATT-1	7605	4654	0.611965811965812
GSM6339597	GCTCACAAGAGAAGGG-1	16329	13225	0.8099087513013656
GSM6339597	GCTCACAAGCCATCAG-1	16073	12770	0.7945000933242083
GSM6339597	GCTCACAAGGTAAGGC-1	2991	1916	0.6405884319625543
GSM6339597	GCTCACAAGGTGAGAC-1	2879	1533	0.5324765543591525
GSM6339597	GCTCACAAGTAGCGCC-1	5789	3576	0.6177232682674036
GSM6339597	GCTCATTGTAATGGAA-1	858	618	0.7202797202797203
GSM6339597	GCTCATTGTATTTGGG-1	3578	2176	0.6081609837898267
GSM6339597	GCTCATTGTTCCGGCT-1	14660	11795	0.8045702592087313
GSM6339597	GCTCATTGTTTAGCTC-1	8643	6077	0.7031123452504917
GSM6339597	GCTCCTTAGACACTTA-1	28514	22605	0.7927684646138738
GSM6339597	GCTCCTTAGCCTGTTC-1	11109	8151	0.7337294085876317
GSM6339597	GCTCCTTAGGCATGTT-1	14742	10060	0.6824040157373491
GSM6339597	GCTCCTTAGGCTAGAA-1	8369	5122	0.6120205520372805
GSM6339597	GCTCCTTAGTCACGAT-1	3244	2375	0.7321208384710234
GSM6339597	GCTCGATCAAGTGTCC-1	3437	2356	0.6854815245853942
GSM6339597	GCTCGATCACAATTAC-1	10780	8486	0.7871985157699444
GSM6339597	GCTCGATCACATGCTA-1	14728	10550	0.7163226507332972
GSM6339597	GCTCGATCAGCACGAA-1	9080	7842	0.8636563876651983
GSM6339597	GCTCGATCAGTTATCG-1	9320	7788	0.8356223175965666
GSM6339597	GCTCTGGCAAACGGGC-1	8208	5989	0.7296539961013645
GSM6339597	GCTCTGGCATCACTTC-1	1220	981	0.8040983606557377
GSM6339597	GCTCTGTTCACCAATA-1	10247	7664	0.7479262223089684
GSM6339597	GCTCTGTTCCCTGTTA-1	10287	6925	0.6731797414212113
GSM6339597	GCTCTGTTCCGCCTCA-1	13270	10474	0.7892991710625471
GSM6339597	GCTCTGTTCCTAAATG-1	12811	8228	0.6422605573335415
GSM6339597	GCTCTGTTCGAGGTGG-1	10501	7287	0.6939339110560899
GSM6339597	GCTCTGTTCTAGCGAT-1	15428	11991	0.7772232304900182
GSM6339597	GCTCTGTTCTCACAAA-1	6630	5174	0.7803921568627451
GSM6339597	GCTCTGTTCTTAAGTG-1	9042	6855	0.7581287325812873
GSM6339597	GCTGACATCACGTTAA-1	10939	8840	0.8081177438522716
GSM6339597	GCTGACATCACTAAGC-1	10832	8768	0.8094534711964549
GSM6339597	GCTGACATCCAATTAG-1	9902	7318	0.7390426176529994
GSM6339597	GCTGACATCGGGCCAT-1	2060	1523	0.7393203883495145
GSM6339597	GCTGACATCTAACCAA-1	22996	14910	0.6483736301965559
GSM6339597	GCTGACATCTACCTGC-1	3247	1737	0.534955343393902
GSM6339597	GCTGACCAGACACCGC-1	14368	11936	0.8307349665924276
GSM6339597	GCTGAGGAGCAACATC-1	7792	7710	0.989476386036961
GSM6339597	GCTGAGGAGCCTAACG-1	17121	14573	0.8511769172361427
GSM6339597	GCTGAGGAGGACAACA-1	31557	22527	0.7138511265329404
GSM6339597	GCTGAGGAGGCTAAGA-1	359	251	0.6991643454038997
GSM6339597	GCTGAGGAGGGCTTAT-1	12693	13733	1.0819349247616796
GSM6339597	GCTGATCCAAGGTCCT-1	14016	11546	0.8237728310502284
GSM6339597	GCTGATCCACAATACT-1	9950	8114	0.8154773869346734
GSM6339597	GCTGATCCACAATTAC-1	11124	9376	0.8428622797554837
GSM6339597	GCTGATCCACGCAACT-1	1521	1199	0.7882971729125575
GSM6339597	GCTGATCCACTTAGGC-1	3135	2643	0.8430622009569378
GSM6339597	GCTGATCCAGCCTGCA-1	20082	15888	0.7911562593367194
GSM6339597	GCTGATCCATGCTATG-1	10323	8252	0.7993800251864768
GSM6339597	GCTGCAATCAAACCGT-1	14863	12955	0.871627531453946
GSM6339597	GCTGCAATCAAACCTA-1	17235	11259	0.6532637075718015
GSM6339597	GCTGCAATCAACAAGG-1	10305	7091	0.6881125667151868
GSM6339597	GCTGCAATCAAGCGCC-1	20052	13681	0.6822760821863155
GSM6339597	GCTGCAATCCACAATA-1	3202	2200	0.6870705808869456
GSM6339597	GCTGCAATCCGCTAGA-1	2995	2008	0.6704507512520869
GSM6339597	GCTGCAATCCTCCATA-1	9583	7775	0.8113325680893249
GSM6339597	GCTGCAATCGTGCTTC-1	16056	14342	0.893248629795715
GSM6339597	GCTGCAATCTGTAATG-1	6794	5149	0.7578745952310862
GSM6339597	GCTGCACAGAATCTCA-1	7892	5537	0.7015965534718702
GSM6339597	GCTGCACAGGAGGACT-1	801	567	0.7078651685393258
GSM6339597	GCTGCACAGGTAAGGC-1	743	436	0.5868102288021534
GSM6339597	GCTGCACAGGTTAGCT-1	12385	7172	0.5790876059749698
GSM6339597	GCTGCACAGTTGCGTG-1	15879	11187	0.704515397695069
GSM6339597	GCTGCATCAATAGCCC-1	1781	1149	0.6451431779898933
GSM6339597	GCTGCATCATCCAGGT-1	14985	13440	0.8968968968968969
GSM6339597	GCTGCATCATGAAATG-1	8784	5468	0.6224954462659381
GSM6339597	GCTGCATCATTGCAGC-1	6588	5476	0.8312082574377656
GSM6339597	GCTGGATGTGCTGTAA-1	14499	10319	0.7117042554658942
GSM6339597	GCTGGTTCAAAGCGCA-1	8889	6002	0.6752165597930025
GSM6339597	GCTGGTTCAACACCTA-1	19886	18292	0.9198431057025043
GSM6339597	GCTGGTTCAAGGTGCA-1	13195	10648	0.8069723380068208
GSM6339597	GCTGGTTCACAAAGCG-1	2878	2042	0.7095205003474635
GSM6339597	GCTGGTTCATTGCGGT-1	2490	1916	0.7694779116465863
GSM6339597	GCTGTAAGTAGTTGGC-1	16915	13104	0.7746970144841856
GSM6339597	GCTGTAAGTATTCGTC-1	12536	8393	0.6695118059987237
GSM6339597	GCTGTAAGTCTTGCTG-1	515	394	0.7650485436893204
GSM6339597	GCTGTAAGTTAGCATG-1	2598	1649	0.6347190146266358
GSM6339597	GCTGTACCAGTGAACG-1	10146	6713	0.6616400551941651
GSM6339597	GCTGTACCATAGTCAT-1	10209	5794	0.567538446468802
GSM6339597	GCTGTACCATTCAGCA-1	13802	12174	0.8820460802782205
GSM6339597	GCTGTGATCACCGGTA-1	14071	9905	0.7039300689361098
GSM6339597	GCTGTGATCGTGCCTT-1	9139	6600	0.7221796695480907
GSM6339597	GCTGTGATCTTGTCTG-1	6682	4575	0.6846752469320563
GSM6339597	GCTGTGCAGAGGATAT-1	6980	4717	0.6757879656160458
GSM6339597	GCTGTGCAGGCGTAAA-1	17852	11530	0.6458660094107103
GSM6339597	GCTGTGCAGGTATTGC-1	732	539	0.7363387978142076
GSM6339597	GCTTAAATCCAAACAC-1	19984	16586	0.8299639711769415
GSM6339597	GCTTAAATCCTCCCTC-1	9428	8329	0.8834323292320747
GSM6339597	GCTTAACAGCACAGAA-1	8867	6252	0.7050862749520694
GSM6339597	GCTTAACAGGAATAAC-1	15994	11036	0.6900087532824809
GSM6339597	GCTTAACAGGCTTAGT-1	7645	6037	0.7896664486592544
GSM6339597	GCTTAACAGTAACCAC-1	12991	8712	0.6706181202370872
GSM6339597	GCTTAACAGTCCTGAG-1	8102	6372	0.7864724759318686
GSM6339597	GCTTAACAGTTCCTCA-1	18367	12871	0.7007676811673109
GSM6339597	GCTTAACAGTTTCCTG-1	3503	2740	0.782186697116757
GSM6339597	GCTTACCTCACAGGAA-1	13606	12460	0.9157724533294135
GSM6339597	GCTTACCTCGGGACCT-1	30328	22515	0.7423832761804273
GSM6339597	GCTTACCTCTGCAACG-1	16701	13722	0.821627447458236
GSM6339597	GCTTAGTAGGGACCTC-1	4608	3658	0.7938368055555556
GSM6339597	GCTTAGTAGTCGCTAG-1	21068	14995	0.7117429276628061
GSM6339597	GCTTAGTAGTGGACAA-1	1195	767	0.6418410041841004
GSM6339597	GCTTAGTAGTTGGGCC-1	5153	3392	0.6582573258296138
GSM6339597	GCTTATCGTGATGAAA-1	17099	12281	0.7182291362067957
GSM6339597	GCTTATCGTGCCGCAA-1	37841	29688	0.7845458629528818
GSM6339597	GCTTATCGTGCTCCGT-1	20115	15617	0.7763857817549092
GSM6339597	GCTTATCGTGGGAACA-1	13036	10774	0.8264805154955508
GSM6339597	GCTTATCGTGGGTACT-1	34605	30673	0.8863748013292877
GSM6339597	GCTTATCGTTAGTGAT-1	26026	15894	0.61069699531238
GSM6339597	GCTTCGCGTCCCGAAG-1	1372	922	0.6720116618075802
GSM6339597	GCTTCGCGTGAAACAA-1	23210	22562	0.9720809995691513
GSM6339597	GCTTCGCGTTGGTTGA-1	483	229	0.474120082815735
GSM6339597	GCTTGACCAATTGAAG-1	12802	9085	0.709654741446649
GSM6339597	GCTTGACCAGCAAATA-1	26685	21725	0.8141277871463369
GSM6339597	GCTTGACCATCAGTAT-1	17212	12748	0.7406460608877528
GSM6339597	GCTTGACCATCTTGAG-1	8896	6826	0.7673111510791367
GSM6339597	GCTTGACCATTAAAGG-1	10533	7854	0.7456565081173455
GSM6339597	GCTTGTTGTCGAAGTC-1	11671	9482	0.8124410933081998
GSM6339597	GCTTGTTGTGCTCCGT-1	17316	15678	0.9054054054054054
GSM6339597	GCTTGTTGTTAGTACG-1	6917	5460	0.7893595489374006
GSM6339597	GCTTGTTGTTTAGCTC-1	6930	4016	0.5795093795093795
GSM6339597	GCTTTACGTAACCTAG-1	30060	25331	0.8426813040585496
GSM6339597	GCTTTACGTAGCTGCG-1	1486	1094	0.7362045760430687
GSM6339597	GCTTTACGTAGGTTGC-1	28937	20017	0.6917441338079275
GSM6339597	GCTTTACGTATTGCAG-1	3449	2249	0.6520730646564221
GSM6339597	GCTTTACGTCGTAAAT-1	20275	16484	0.8130209617755857
GSM6339597	GCTTTACGTGAACAAA-1	13387	8638	0.6452528572495705
GSM6339597	GCTTTACGTTAGGACC-1	5842	3571	0.6112632660047929
GSM6339597	GCTTTACGTTTACCGT-1	4641	2596	0.55936220642103
GSM6339597	GCTTTATTCCTCATGC-1	6679	5011	0.7502620152717473
GSM6339597	GCTTTATTCTCCATAT-1	19317	18165	0.9403634104674639
GSM6339597	GCTTTCATCAGTGAAG-1	1393	971	0.697056712132089
GSM6339597	GCTTTCATCCGCAAGC-1	2799	1922	0.6866738120757413
GSM6339597	GCTTTCATCTAAGTGC-1	3533	2362	0.6685536371355788
GSM6339597	GCTTTCATCTTAGTCT-1	785	555	0.7070063694267515
GSM6339597	GCTTTGTGTACCGTTT-1	12993	10296	0.7924266912953128
GSM6339597	GCTTTGTGTGCATTAG-1	8486	5615	0.6616780579778458
GSM6339597	GCTTTGTGTTATCCGT-1	6283	4093	0.6514403947159001
GSM6339597	GCTTTGTGTTGTCATC-1	9429	7125	0.7556474705695195
GSM6339597	GCTTTGTGTTTACTTG-1	8745	6828	0.7807890222984563
GSM6339597	GCTTTGTGTTTCCTCC-1	12384	8578	0.6926679586563308
GSM6339597	GGAAACTCACATAGCC-1	18444	14848	0.8050314465408805
GSM6339597	GGAAACTCAGTCTAGC-1	13614	9927	0.7291758483913618
GSM6339597	GGAACAATCCCTCAAC-1	665	427	0.6421052631578947
GSM6339597	GGAACAATCGAGCTAT-1	3733	2917	0.7814090543798553
GSM6339597	GGAACCACAAAGCTAA-1	8672	7088	0.8173431734317343
GSM6339597	GGAACCACATCAATCG-1	3429	2546	0.7424905220180811
GSM6339597	GGAACCACATTCCTCG-1	3608	2446	0.6779379157427938
GSM6339597	GGAACCTGTAACGGGA-1	8571	5554	0.6479990666199976
GSM6339597	GGAACCTGTTACTTCA-1	27566	17492	0.6345498077341652
GSM6339597	GGAACGGTCACTTCAT-1	12109	8935	0.7378809150218846
GSM6339597	GGAACGGTCCCAGTAG-1	9427	6743	0.7152858809801633
GSM6339597	GGAACGGTCCTAAGGT-1	2633	1781	0.676414736042537
GSM6339597	GGAACGGTCTTGCTAT-1	1756	1053	0.5996583143507973
GSM6339597	GGAACTAAGATAAAGC-1	1922	1264	0.6576482830385015
GSM6339597	GGAACTAAGTCAGTAC-1	7695	4811	0.6252111760883691
GSM6339597	GGAACTAAGTGAGCGG-1	12466	10292	0.8256056473608214
GSM6339597	GGAAGCTAGGTCGAGG-1	18402	14421	0.7836648190414085
GSM6339597	GGAAGCTAGTACCGCA-1	15944	12190	0.764550928248871
GSM6339597	GGAAGCTAGTAGGATG-1	12390	8730	0.7046004842615012
GSM6339597	GGAAGTATCAGGAAGC-1	16968	10838	0.6387317303158887
GSM6339597	GGAAGTATCCGGCTAA-1	12103	10007	0.8268197967446088
GSM6339597	GGAAGTATCTCACATT-1	5603	3814	0.6807067642334463
GSM6339597	GGAATCTTCACCGGTA-1	2987	2059	0.6893203883495146
GSM6339597	GGAATCTTCATTGTTC-1	31268	26496	0.847383906869643
GSM6339597	GGAATCTTCGTGCTAG-1	9911	7731	0.7800423771566946
GSM6339597	GGAATCTTCTAACCTT-1	11519	8543	0.7416442399513846
GSM6339597	GGAATCTTCTAAGGTC-1	22192	18783	0.846386085075703
GSM6339597	GGAATCTTCTCGCCCA-1	3220	2178	0.6763975155279504
GSM6339597	GGACAGCCAAAGCTCC-1	7424	6259	0.8430765086206896
GSM6339597	GGACAGCCAAGCCACT-1	8231	5559	0.6753735876564209
GSM6339597	GGACAGCCAATACTGT-1	17675	11717	0.662913719943423
GSM6339597	GGACAGCCAATTAAGG-1	13591	9564	0.703700978588772
GSM6339597	GGACAGCCACTCAACA-1	12756	9148	0.7171527124490436
GSM6339597	GGACAGCCACTTACAG-1	6766	4356	0.6438072716523795
GSM6339597	GGACAGCCAGCAAGTG-1	8202	5090	0.6205803462570105
GSM6339597	GGACAGCCAGTTGCGT-1	8227	5697	0.6924759936793485
GSM6339597	GGACAGCCATAGCTTG-1	9532	7715	0.8093789341166596
GSM6339597	GGACAGCCATGGCCCA-1	3993	2379	0.5957926371149511
GSM6339597	GGACATAAGACAGGCG-1	7378	4986	0.675792897804283
GSM6339597	GGACATAAGCTCGCTT-1	19157	15162	0.7914600407161873
GSM6339597	GGACATAAGGTCAAAG-1	10579	6159	0.5821911333774459
GSM6339597	GGACATAAGTTGCCTC-1	1717	1395	0.8124635993011066
GSM6339597	GGACCGAAGCTGGCTA-1	10425	5970	0.5726618705035971
GSM6339597	GGACCGAAGCTTAACA-1	7860	6166	0.7844783715012723
GSM6339597	GGACCGAAGGTCGAGG-1	23684	14770	0.6236277655801384
GSM6339597	GGACCTCAGCGCTCAA-1	23108	23865	1.0327592175869829
GSM6339597	GGACCTCAGCGGATTT-1	1783	1335	0.7487380818844643
GSM6339597	GGACCTCAGCGTGCGT-1	1621	1178	0.7267119062307218
GSM6339597	GGACCTCAGGCACAGG-1	12190	9793	0.803363412633306
GSM6339597	GGACCTCAGGTCCAAT-1	3818	2492	0.6526977475117863
GSM6339597	GGACCTCAGTTCCTGC-1	9871	8067	0.817242427312329
GSM6339597	GGACCTCAGTTGGCCA-1	2453	1906	0.7770077456176111
GSM6339597	GGACGAAGTAACGTGC-1	26496	22443	0.8470335144927537
GSM6339597	GGACGAAGTCAAGTAT-1	17399	13672	0.7857922869130409
GSM6339597	GGACGAAGTCCTTAGT-1	7938	6699	0.843915343915344
GSM6339597	GGACGGATCACAGCGC-1	14782	10594	0.7166824516303613
GSM6339597	GGACGGATCAGCACGC-1	24791	18627	0.7513613811463837
GSM6339597	GGACGGATCCATTACT-1	15285	11741	0.7681386980700032
GSM6339597	GGACGGATCGCATCCT-1	1150	881	0.7660869565217391
GSM6339597	GGACGGATCGCGCTAA-1	4162	2773	0.6662662181643441
GSM6339597	GGACGGATCGGTTACG-1	20314	23168	1.1404942404253224
GSM6339597	GGACTAAAGATGGAGC-1	36824	29503	0.801189441668477
GSM6339597	GGACTAAAGGCATTGT-1	11623	7592	0.6531876451862686
GSM6339597	GGACTAAAGGGTGAGT-1	17144	13863	0.8086210919272049
GSM6339597	GGACTAAAGTTAGCCG-1	5301	3671	0.6925108470099981
GSM6339597	GGAGCAAGTCATAGAT-1	5389	3712	0.6888105399888662
GSM6339597	GGAGCAAGTCATGCCC-1	7697	5796	0.7530206573989866
GSM6339597	GGAGCAAGTGACCTGG-1	29224	22331	0.7641322200930741
GSM6339597	GGAGCAAGTGCATCGG-1	1201	800	0.6661115736885929
GSM6339597	GGAGCAAGTTGGTTAG-1	21500	19696	0.916093023255814
GSM6339597	GGAGCATAGAAGCTAG-1	20345	14911	0.7329073482428115
GSM6339597	GGAGCATAGAATGACG-1	6799	4924	0.7242241506103839
GSM6339597	GGAGCATAGGAACGGT-1	1528	1023	0.6695026178010471
GSM6339597	GGAGCATAGTAAGTCC-1	3736	1990	0.5326552462526767
GSM6339597	GGAGCGATCCCGCCTA-1	6406	4355	0.6798314080549485
GSM6339597	GGAGCGATCCCTGTTA-1	506	367	0.7252964426877471
GSM6339597	GGAGCGATCGATTTGA-1	22609	18660	0.8253350435667213
GSM6339597	GGAGGTTAGCCACATG-1	1981	1232	0.6219081272084805
GSM6339597	GGAGGTTAGGATTGAG-1	1594	852	0.534504391468005
GSM6339597	GGAGGTTAGGGACTAA-1	12374	10514	0.8496848230160013
GSM6339597	GGAGGTTAGTCTCACC-1	3502	2794	0.797829811536265
GSM6339597	GGAGGTTAGTGCTGTG-1	19054	14209	0.7457226829012281
GSM6339597	GGAGTCTGTCAGGCCA-1	4797	3143	0.6552011673962893
GSM6339597	GGAGTCTGTCGCATAA-1	6872	4451	0.6477008149010477
GSM6339597	GGAGTCTGTGACCTGG-1	1982	1442	0.727547931382442
GSM6339597	GGAGTGAGTAAGGTTT-1	7830	4753	0.6070242656449553
GSM6339597	GGAGTGAGTAGCAGCT-1	1984	1471	0.7414314516129032
GSM6339597	GGAGTGAGTCACAGCG-1	12721	10968	0.8621963682100464
GSM6339597	GGAGTGAGTTAGTGAT-1	10364	7738	0.7466229255113855
GSM6339597	GGATAACCATATTGAC-1	16979	17729	1.0441722127333766
GSM6339597	GGATAACCATTGCGGT-1	2688	1669	0.6209077380952381
GSM6339597	GGATACTTCAACAAGG-1	12324	9667	0.7844044141512496
GSM6339597	GGATACTTCAAGCCTG-1	621	489	0.7874396135265701
GSM6339597	GGATACTTCGCCTGTT-1	12659	8401	0.663638518050399
GSM6339597	GGATACTTCTGGCAAT-1	15064	11549	0.7666622411046203
GSM6339597	GGATATTGTAATTAGC-1	4972	3511	0.7061544650040226
GSM6339597	GGATATTGTCGTAAAT-1	12227	13411	1.0968348736403042
GSM6339597	GGATATTGTTCCGGCT-1	38958	31669	0.8129010729503567
GSM6339597	GGATATTGTTGTTCAC-1	9483	7437	0.7842454919329326
GSM6339597	GGATGAATCCTGAGTG-1	9477	7662	0.8084836973725863
GSM6339597	GGATGAATCCTTGAGG-1	11116	9184	0.8261964735516373
GSM6339597	GGATGAATCCTTGTTG-1	2566	1747	0.6808261886204209
GSM6339597	GGATGAATCGCTCACT-1	29984	26258	0.8757337246531484
GSM6339597	GGATGAATCGGTAACT-1	13474	13221	0.9812230963336797
GSM6339597	GGATGAATCGTAACGT-1	5362	3584	0.6684073107049608
GSM6339597	GGATGAATCTCAATAG-1	7829	5604	0.7158002299144207
GSM6339597	GGATGAATCTGTGCCT-1	7053	6319	0.8959308095845739
GSM6339597	GGATGGCCATATAACC-1	12727	7998	0.6284277520232576
GSM6339597	GGATGTAAGCACTAGT-1	6426	4173	0.6493930905695612
GSM6339597	GGATGTAAGCATGTTA-1	13304	10075	0.757291040288635
GSM6339597	GGATGTAAGGAACGCG-1	5989	4604	0.7687426949407247
GSM6339597	GGATGTAAGGCGGATG-1	9292	6688	0.7197589324149807
GSM6339597	GGATGTAAGGTCCTGA-1	16861	15401	0.9134096435561354
GSM6339597	GGATGTAAGTAAGGGC-1	14803	14318	0.9672363710058772
GSM6339597	GGATGTAAGTTTCCTG-1	11499	11185	0.9726932776763196
GSM6339597	GGATTATGTAGCTGGT-1	7243	5914	0.8165124948225874
GSM6339597	GGATTATGTGGATTGC-1	1066	749	0.702626641651032
GSM6339597	GGATTATGTTCCATTA-1	1284	936	0.7289719626168224
GSM6339597	GGATTATGTTGTCATC-1	4378	3146	0.7185929648241206
GSM6339597	GGATTCAGTAATCCCT-1	6877	5045	0.7336047695215937
GSM6339597	GGATTCAGTAGGTTGC-1	3302	2192	0.663840096910963
GSM6339597	GGATTCAGTCACAGCG-1	1194	1039	0.8701842546063652
GSM6339597	GGATTCAGTCACGGAT-1	2439	1739	0.7129971299712997
GSM6339597	GGATTCAGTCGTTACT-1	7571	4830	0.6379606392814687
GSM6339597	GGATTCAGTCTAGCTT-1	1698	1167	0.6872791519434629
GSM6339597	GGATTGCGTATGGTGC-1	7471	5480	0.7335028777941374
GSM6339597	GGATTGCGTCGTAATG-1	461	350	0.7592190889370932
GSM6339597	GGATTGCGTTTGCGCC-1	7012	6133	0.8746434683399886
GSM6339597	GGATTTATCACCAATA-1	1844	1135	0.6155097613882863
GSM6339597	GGATTTATCCCGCCTA-1	2040	1647	0.8073529411764706
GSM6339597	GGATTTATCCTCACAC-1	5704	5000	0.876577840112202
GSM6339597	GGATTTATCGTTAAGC-1	6296	4409	0.7002858958068615
GSM6339597	GGCAAATCAGCTCAAC-1	3673	2266	0.616934386060441
GSM6339597	GGCAAATCATGAGCAG-1	8477	6114	0.7212457237230152
GSM6339597	GGCAAGCCAAGCTACC-1	11030	6614	0.599637352674524
GSM6339597	GGCAAGCCAATGCGCT-1	447	313	0.7002237136465325
GSM6339597	GGCAAGCCACGGTACT-1	11355	8047	0.7086745926904447
GSM6339597	GGCAAGCCAGAAATTG-1	10540	7252	0.6880455407969639
GSM6339597	GGCAAGCCATCATGTG-1	27562	25384	0.920978158333938
GSM6339597	GGCAATCGTAGGTTTG-1	6252	4078	0.6522712731925784
GSM6339597	GGCAATCGTCCGCTGT-1	13523	9370	0.692893588700732
GSM6339597	GGCAATCGTGCGCAAT-1	14073	11871	0.8435301641441058
GSM6339597	GGCAATCGTTTATCGC-1	6608	5138	0.777542372881356
GSM6339597	GGCAGGATCAGTATTG-1	4956	3411	0.6882566585956417
GSM6339597	GGCAGGATCATTCATC-1	11238	8412	0.7485317672183662
GSM6339597	GGCAGGATCCAAGTGT-1	21899	17352	0.7923649481711493
GSM6339597	GGCAGGATCCCTTGCG-1	11209	7713	0.6881077705415292
GSM6339597	GGCAGGATCCGCCAAA-1	10505	9172	0.873108043788672
GSM6339597	GGCATGGAGATAACCC-1	7491	5656	0.7550393805900414
GSM6339597	GGCATGGAGCTGGCTA-1	14547	13412	0.9219770399395064
GSM6339597	GGCATGGAGGAGGGTT-1	8108	5105	0.6296250616674889
GSM6339597	GGCATTAGTAATCCCT-1	11176	8038	0.7192197566213314
GSM6339597	GGCATTAGTTAGCTGA-1	2746	2080	0.7574654042243263
GSM6339597	GGCATTAGTTGGGTTA-1	1344	933	0.6941964285714286
GSM6339597	GGCATTAGTTGGTTGA-1	2544	1786	0.7020440251572327
GSM6339597	GGCATTGTCAATGTCA-1	13055	12286	0.9410953657602451
GSM6339597	GGCATTGTCACGCGGT-1	2578	1679	0.6512800620636152
GSM6339597	GGCATTGTCCCTGACT-1	782	543	0.6943734015345269
GSM6339597	GGCATTGTCTAATCCT-1	24658	17103	0.6936085651715468
GSM6339597	GGCATTGTCTGTGCCT-1	3905	2343	0.6
GSM6339597	GGCATTGTCTTGGACG-1	5421	3159	0.5827338129496403
GSM6339597	GGCCAACTCAAGCGCC-1	22362	17134	0.7662105357302567
GSM6339597	GGCCAACTCAAGCTTA-1	14313	10629	0.7426116118214211
GSM6339597	GGCCAACTCCCTGGTT-1	12988	8820	0.6790883892824146
GSM6339597	GGCCAACTCCTTGTTG-1	11099	8457	0.761960536985314
GSM6339597	GGCCAACTCGGCCAGT-1	36845	28898	0.7843126611480526
GSM6339597	GGCCAACTCGTTATCT-1	30950	22101	0.7140872374798062
GSM6339597	GGCCAACTCTCACAAA-1	10639	9875	0.9281887395431901
GSM6339597	GGCCAACTCTGGCATG-1	4373	3032	0.6933455293848616
GSM6339597	GGCCATCAGACAACAG-1	12874	10720	0.8326860338667081
GSM6339597	GGCCATCAGATACTTG-1	3466	2953	0.8519907674552799
GSM6339597	GGCCATCAGCCAAATC-1	5714	4451	0.7789639481974099
GSM6339597	GGCCATCAGGCCAATT-1	15230	12281	0.8063690085357846
GSM6339597	GGCCATCAGGGTTAGA-1	6574	4164	0.6334043200486766
GSM6339597	GGCCATCAGGTGAAAT-1	5080	4166	0.8200787401574803
GSM6339597	GGCCATCAGTGTTGCG-1	17265	17176	0.9948450622646974
GSM6339597	GGCCATCAGTTAGAGG-1	3385	1945	0.5745937961595273
GSM6339597	GGCCGTTAGGACTTAC-1	15337	12025	0.7840516398252592
GSM6339597	GGCCGTTAGTTAGTTG-1	3831	2733	0.7133907595927956
GSM6339597	GGCCTAATCCTTGCGT-1	19949	14069	0.7052483833776129
GSM6339597	GGCCTAATCCTTGTTG-1	20545	16338	0.7952299829642249
GSM6339597	GGCCTAATCGGGCCAT-1	1301	975	0.749423520368947
GSM6339597	GGCCTCTGTAATGGCC-1	5841	4745	0.8123608971066598
GSM6339597	GGCCTCTGTAGGTTAT-1	6137	3710	0.6045299006029005
GSM6339597	GGCCTCTGTCACAAAT-1	5451	3170	0.5815446707026234
GSM6339597	GGCCTCTGTTGCACAA-1	5214	3936	0.7548906789413119
GSM6339597	GGCCTTAAGACAACAG-1	16638	13291	0.7988339944704892
GSM6339597	GGCCTTAAGCTCAAAC-1	8326	7518	0.9029546000480423
GSM6339597	GGCCTTAAGTAAGAAC-1	18119	18646	1.0290854903692257
GSM6339597	GGCCTTCGTACCGTTT-1	2253	1449	0.6431424766977364
GSM6339597	GGCCTTCGTAGCCTCC-1	8908	6090	0.6836551414458913
GSM6339597	GGCCTTCGTGCGCAAT-1	12380	10479	0.8464458804523425
GSM6339597	GGCCTTCGTTACCGGG-1	11909	9192	0.7718532202535897
GSM6339597	GGCGATACAAGTAAGC-1	24428	20758	0.8497625675454397
GSM6339597	GGCGATACAGCGCTTG-1	10410	7858	0.7548511047070124
GSM6339597	GGCGCTAGTCAAGTAT-1	15390	13368	0.8686159844054581
GSM6339597	GGCGCTAGTGCTCCGT-1	34536	30806	0.891996757007181
GSM6339597	GGCGCTAGTTGCGCGA-1	24962	19470	0.7799855780786796
GSM6339597	GGCGGTAAGCGCCTTT-1	17816	13547	0.7603839245621913
GSM6339597	GGCGGTAAGCTCCTAC-1	31017	27307	0.8803881742270367
GSM6339597	GGCGGTAAGTAGCGGG-1	14896	11760	0.7894736842105263
GSM6339597	GGCGGTAAGTGCTGTG-1	9069	7741	0.8535670967030543
GSM6339597	GGCGGTAAGTTGTCTT-1	9232	5921	0.6413561525129983
GSM6339597	GGCGGTTTCATTTAGG-1	481	336	0.6985446985446986
GSM6339597	GGCGTTATCAGGAAGC-1	10433	6369	0.6104667880762964
GSM6339597	GGCGTTATCCAAATCA-1	6714	4699	0.6998808459934466
GSM6339597	GGCGTTATCTGTAAGC-1	33847	25477	0.7527107276863533
GSM6339597	GGCTAGACAACTAACT-1	9692	9034	0.932108955839868
GSM6339597	GGCTAGACACTATGGC-1	10290	7133	0.6931972789115646
GSM6339597	GGCTAGACAGCATGTC-1	11805	9944	0.8423549343498518
GSM6339597	GGCTAGACAGGCTTCG-1	18947	15168	0.800548899561936
GSM6339597	GGCTAGACATCCTAGA-1	1994	1493	0.7487462387161484
GSM6339597	GGCTAGACATTAAGTC-1	5817	2995	0.5148702080110023
GSM6339597	GGCTAGTGTACAAAGA-1	16561	13346	0.8058692107964495
GSM6339597	GGCTAGTGTCGACTAA-1	14036	10299	0.7337560558563694
GSM6339597	GGCTATGTCGGCCATA-1	16728	12458	0.7447393591582975
GSM6339597	GGCTATGTCGGTAACT-1	18393	13344	0.7254933942260643
GSM6339597	GGCTATGTCGTACCGA-1	9146	6450	0.7052263284495954
GSM6339597	GGCTATTAGCAACATC-1	7063	4924	0.6971541837746
GSM6339597	GGCTATTAGCAGCTCA-1	10156	6202	0.6106734935013785
GSM6339597	GGCTATTAGCTGGACC-1	2714	1808	0.6661753868828297
GSM6339597	GGCTATTAGTCACCTC-1	4030	2881	0.7148883374689826
GSM6339597	GGCTATTAGTCATGCG-1	4370	3065	0.7013729977116705
GSM6339597	GGCTATTAGTGTTGTA-1	4986	3366	0.6750902527075813
GSM6339597	GGCTCAATCAAACACC-1	10505	8043	0.7656354117087102
GSM6339597	GGCTCAATCACCTGTC-1	1676	1382	0.8245823389021479
GSM6339597	GGCTCAATCCAGGTTG-1	19027	18956	0.9962684606086089
GSM6339597	GGCTCAATCGCGACAC-1	13647	8825	0.6466622700959918
GSM6339597	GGCTCACAGCCGCTTT-1	2107	1503	0.7133364973896535
GSM6339597	GGCTCACAGGAGGCAT-1	12624	10861	0.8603453738910013
GSM6339597	GGCTCACAGTTTGCGG-1	8821	6089	0.6902845482371613
GSM6339597	GGCTGAGAGCTTATGA-1	11766	9158	0.778344382117967
GSM6339597	GGCTGAGAGGAAGCAC-1	8306	6293	0.757645075848784
GSM6339597	GGCTGGTTCAGGCTAT-1	886	580	0.654627539503386
GSM6339597	GGCTGGTTCCCGCATT-1	11512	9245	0.8030750521195275
GSM6339597	GGCTGGTTCTGGCAAT-1	9809	6593	0.6721378326027118
GSM6339597	GGCTGTCAGAGGAGTC-1	668	534	0.7994011976047904
GSM6339597	GGCTGTCAGCAAGGTA-1	11581	6911	0.5967533028235904
GSM6339597	GGCTGTCAGCAGGTGG-1	19710	15818	0.8025367833587012
GSM6339597	GGCTGTCAGGATTGCT-1	5923	4126	0.6966064494344082
GSM6339597	GGCTGTCAGGCGAAAC-1	9242	7581	0.8202769963211426
GSM6339597	GGCTGTCAGGCTTAGT-1	4158	2375	0.5711880711880711
GSM6339597	GGCTGTCAGTCACCTC-1	1435	937	0.6529616724738676
GSM6339597	GGCTTAAGTCAATACG-1	16252	13892	0.8547871031257691
GSM6339597	GGCTTAAGTGCCTCAC-1	16364	12166	0.743461256416524
GSM6339597	GGCTTAAGTGGATTCA-1	18178	13023	0.7164154472439213
GSM6339597	GGCTTAAGTTCAAGCA-1	8888	6115	0.688006300630063
GSM6339597	GGCTTCAAGCTAGAAG-1	521	340	0.6525911708253359
GSM6339597	GGCTTCAAGGTGTTAC-1	7657	5646	0.7373645030690871
GSM6339597	GGCTTCAAGGTTAGAG-1	2725	1744	0.64
GSM6339597	GGGAATATCATTGCGG-1	14331	9192	0.6414067406321959
GSM6339597	GGGAATATCCAGGTTG-1	7450	4377	0.5875167785234899
GSM6339597	GGGAATATCCGCTAGA-1	9511	5683	0.5975186626011986
GSM6339597	GGGAATATCCGTTAAA-1	10387	7312	0.7039568691633773
GSM6339597	GGGAATATCGCAGGCT-1	11332	8409	0.742057889163431
GSM6339597	GGGAATATCGGTTTGG-1	10377	6734	0.6489351450322829
GSM6339597	GGGAATATCTTGACCC-1	13151	10405	0.7911945859630446
GSM6339597	GGGAGTAGTAAATTGC-1	1238	817	0.659935379644588
GSM6339597	GGGAGTAGTGCTCACC-1	6741	4948	0.7340157246699303
GSM6339597	GGGAGTAGTGTTTGCT-1	2616	1631	0.6234709480122325
GSM6339597	GGGATTAAGCAATAGG-1	16376	15192	0.9276990718124084
GSM6339597	GGGATTAAGTTCCCGT-1	14370	11455	0.7971468336812805
GSM6339597	GGGCATGAGGCCATCA-1	3662	2492	0.6805024576734026
GSM6339597	GGGCATGAGTAGGATG-1	22274	21498	0.9651611744635
GSM6339597	GGGCATGAGTGAGGGT-1	11665	10048	0.8613801971710244
GSM6339597	GGGCATTGTATTGGTG-1	1088	653	0.6001838235294118
GSM6339597	GGGCATTGTATTTGGG-1	803	592	0.7372353673723536
GSM6339597	GGGCATTGTGAGACTC-1	9722	7833	0.8056984159637934
GSM6339597	GGGCATTGTGTGTGGT-1	11199	7946	0.7095276363961068
GSM6339597	GGGCCTAGTAGCTAGC-1	1802	1311	0.7275249722530521
GSM6339597	GGGCCTAGTCACCAAA-1	4697	3784	0.8056206088992974
GSM6339597	GGGCCTAGTGATCATG-1	4121	2527	0.6132006794467362
GSM6339597	GGGCCTAGTGCGCAAT-1	12804	10622	0.8295845048422368
GSM6339597	GGGCCTAGTTAGCAGC-1	15080	9495	0.6296419098143236
GSM6339597	GGGCCTAGTTTAGTCC-1	6123	4223	0.6896945941531929
GSM6339597	GGGCGAATCCGCCAAA-1	8432	5728	0.6793168880455408
GSM6339597	GGGCGAATCCGGGACT-1	13692	9997	0.7301343850423605
GSM6339597	GGGCGAATCCTAGTAA-1	7267	5727	0.7880831154534196
GSM6339597	GGGCGAATCCTCGATC-1	19957	16942	0.8489251891566869
GSM6339597	GGGCTAACAACAACAA-1	11857	7723	0.6513451969300835
GSM6339597	GGGCTAACACCAACCG-1	9099	6024	0.6620507748104187
GSM6339597	GGGTATTTCAATGTGC-1	6219	3715	0.5973629200836147
GSM6339597	GGGTATTTCTAACCAA-1	3187	2842	0.8917477251333542
GSM6339597	GGGTATTTCTTCAATC-1	713	533	0.7475455820476858
GSM6339597	GGGTCAACAACTAACT-1	9231	7225	0.7826887661141805
GSM6339597	GGGTCAACAAGCCAGA-1	29167	22963	0.7872938594987486
GSM6339597	GGGTCAACATAATCCG-1	24266	18097	0.7457759828566719
GSM6339597	GGGTCACTCAATGTCA-1	3222	2565	0.7960893854748603
GSM6339597	GGGTCACTCACCATTT-1	10031	6673	0.6652377629349018
GSM6339597	GGGTCACTCATTGCAA-1	19943	19688	0.9872135586421301
GSM6339597	GGGTCACTCCGTTAAA-1	12201	9829	0.8055897057618228
GSM6339597	GGGTCACTCCTCCCTC-1	2685	1321	0.4919925512104283
GSM6339597	GGGTCACTCGCCTGTT-1	6240	3982	0.6381410256410256
GSM6339597	GGGTGAAGTAATAACC-1	512	379	0.740234375
GSM6339597	GGGTGAAGTAGGTTGC-1	13500	10342	0.7660740740740741
GSM6339597	GGGTGAAGTAGTTAAC-1	12209	9177	0.7516586124989761
GSM6339597	GGGTGAAGTTGCATCT-1	12141	9902	0.8155835598385636
GSM6339597	GGGTGTTGTACAAAGA-1	19543	14200	0.7266028757099728
GSM6339597	GGGTGTTGTAGTTAAC-1	38284	26615	0.6951990387629297
GSM6339597	GGGTGTTGTCCGTAGG-1	10089	7324	0.7259391416394092
GSM6339597	GGGTGTTGTGACCTGG-1	4651	3558	0.764996774887121
GSM6339597	GGGTGTTGTGTAATAC-1	1291	1087	0.8419829589465531
GSM6339597	GGGTGTTGTGTGTGGT-1	23423	20587	0.878922426674636
GSM6339597	GGGTTACGTAACAGGG-1	18700	11560	0.6181818181818182
GSM6339597	GGGTTACGTAACGAGG-1	6153	4318	0.7017714935803673
GSM6339597	GGGTTACGTAATGGCC-1	30884	26603	0.8613845356819065
GSM6339597	GGGTTACGTACAATGT-1	8041	4537	0.5642333043153837
GSM6339597	GGGTTACGTAGGTTGC-1	38187	38674	1.0127530311362505
GSM6339597	GGGTTACGTCCTTAGT-1	9946	7126	0.7164689322340639
GSM6339597	GGGTTACGTCGCAAAC-1	14038	14449	1.029277674882462
GSM6339597	GGGTTACGTGAAACAA-1	19237	15316	0.796174039611166
GSM6339597	GGGTTATTCATAGCCG-1	3431	2807	0.8181288254153308
GSM6339597	GGGTTATTCATGGCCA-1	861	583	0.6771196283391405
GSM6339597	GGGTTATTCGAGCTAT-1	17940	13750	0.7664437012263099
GSM6339597	GGGTTATTCTGCAAGT-1	2042	1206	0.5905974534769833
GSM6339597	GGGTTATTCTGGCTTC-1	2071	1717	0.8290680830516659
GSM6339597	GGGTTATTCTTAGCGG-1	11336	9320	0.8221594918842625
GSM6339597	GGGTTTCCACTAGGTC-1	12301	7694	0.6254776034468742
GSM6339597	GGGTTTCCACTCGCTC-1	6006	4504	0.74991674991675
GSM6339597	GGGTTTCCAGAGGGAG-1	13369	10189	0.7621362854364575
GSM6339597	GGGTTTCCAGTCTATG-1	10065	8079	0.802682563338301
GSM6339597	GGGTTTCCATTAAAGG-1	25986	23350	0.898560763488032
GSM6339597	GGGTTTGTCGCTAGTG-1	14330	11482	0.8012561060711794
GSM6339597	GGGTTTGTCTTGCAAA-1	6956	4674	0.6719378953421506
GSM6339597	GGTAAACCAATATGGA-1	26073	19607	0.752003988800675
GSM6339597	GGTAAACCAGCATTAT-1	4970	3604	0.7251509054325955
GSM6339597	GGTAAACCAGCTCATA-1	15039	11325	0.7530420905645322
GSM6339597	GGTAAACCAGGCTGTT-1	10714	8180	0.7634870263207019
GSM6339597	GGTAAACCATTGTGGC-1	4089	2658	0.6500366837857667
GSM6339597	GGTAACCGTACTTAGG-1	8920	6542	0.7334080717488789
GSM6339597	GGTAACCGTCCAAATG-1	3678	2486	0.675910821098423
GSM6339597	GGTAACCGTCCTAATC-1	14210	12195	0.8581984517945109
GSM6339597	GGTAACCGTGAATCGC-1	22054	13249	0.6007526979232792
GSM6339597	GGTAACCGTGTCACGG-1	10157	7111	0.7001082996947918
GSM6339597	GGTAACCGTTATCCGT-1	12289	9873	0.8034014159003987
GSM6339597	GGTAACTTCAGGCTAT-1	6354	3970	0.624803273528486
GSM6339597	GGTAACTTCATTGTCT-1	9020	6683	0.740909090909091
GSM6339597	GGTAACTTCCCGCCTA-1	2897	2451	0.8460476354849845
GSM6339597	GGTAACTTCGTTAAGC-1	12684	9484	0.7477136549984232
GSM6339597	GGTAACTTCTAAGTCA-1	16390	14357	0.875960951799878
GSM6339597	GGTAACTTCTACCTGC-1	13121	8305	0.6329548052739883
GSM6339597	GGTAAGGGTAGGTTGC-1	3957	2489	0.629011877685115
GSM6339597	GGTAAGGGTATTGGTG-1	948	636	0.6708860759493671
GSM6339597	GGTAAGGGTGCTAGCG-1	10671	8523	0.7987067753725049
GSM6339597	GGTAAGGGTTAAGTGT-1	1844	1250	0.6778741865509761
GSM6339597	GGTAAGGGTTACGCAA-1	3650	3220	0.8821917808219178
GSM6339597	GGTAATTGTACCGAAC-1	12881	9881	0.7670988277307662
GSM6339597	GGTAATTGTTACCGGG-1	14698	12232	0.8322220710300721
GSM6339597	GGTAATTGTTTGGTTC-1	696	466	0.6695402298850575
GSM6339597	GGTACAAAGCATGAAG-1	8858	8149	0.9199593587717317
GSM6339597	GGTACAAAGGCAATAG-1	29540	25139	0.8510155721056195
GSM6339597	GGTACAAAGGTCGATT-1	5763	3282	0.5694950546590317
GSM6339597	GGTACCGGTACGGTAC-1	6308	3499	0.5546924540266328
GSM6339597	GGTACCGGTCCGGTTC-1	13173	9900	0.7515372352539285
GSM6339597	GGTACCGGTCCTAACT-1	10650	6855	0.643661971830986
GSM6339597	GGTACCGGTTTACCGT-1	35919	29968	0.8343216681978897
GSM6339597	GGTACCGGTTTCCACG-1	834	617	0.7398081534772182
GSM6339597	GGTACTAGTATACTGG-1	15609	14896	0.9543212249343328
GSM6339597	GGTACTAGTCAAGTGC-1	2807	2386	0.8500178126113288
GSM6339597	GGTACTAGTCATAAGT-1	558	364	0.6523297491039427
GSM6339597	GGTACTAGTGACCTGG-1	5055	4324	0.8553907022749753
GSM6339597	GGTACTTAGCCGCTTT-1	9719	7565	0.7783722605206297
GSM6339597	GGTACTTAGCGAGCGA-1	5790	3513	0.6067357512953367
GSM6339597	GGTACTTAGGCAAGTA-1	16595	11002	0.6629707743296174
GSM6339597	GGTACTTAGTTCCCAC-1	3054	2388	0.7819253438113949
GSM6339597	GGTAGGAGTAGGATTT-1	12721	9470	0.7444383303199434
GSM6339597	GGTAGGAGTCATTGTC-1	691	466	0.6743849493487699
GSM6339597	GGTAGGAGTCTCAGCC-1	15246	9545	0.6260658533385806
GSM6339597	GGTAGGAGTGGACCTG-1	10491	6593	0.6284434276999332
GSM6339597	GGTATTGGTACCGGAT-1	6976	4021	0.5764048165137615
GSM6339597	GGTATTGGTGATGATT-1	12975	10458	0.8060115606936417
GSM6339597	GGTATTGGTGGAAGGC-1	21462	19804	0.9227471810642065
GSM6339597	GGTATTGGTTACCGGG-1	6465	3958	0.6122196442382057
GSM6339597	GGTATTTCAAGATTCT-1	9430	5490	0.5821845174973489
GSM6339597	GGTATTTCACAAGCCT-1	10942	8609	0.7867848656552733
GSM6339597	GGTATTTCACAGACTC-1	25960	19876	0.7656394453004622
GSM6339597	GGTATTTCACGGTTTA-1	9588	6538	0.6818940342094284
GSM6339597	GGTATTTCATCTAGCA-1	4216	3146	0.7462049335863378
GSM6339597	GGTATTTCATTCCTCG-1	22335	20813	0.9318558316543541
GSM6339597	GGTCAAGCATGAGTTT-1	5562	3793	0.6819489392304926
GSM6339597	GGTCAATTCATGCCTC-1	346	239	0.6907514450867052
GSM6339597	GGTCAATTCCGTTAAA-1	9020	6674	0.7399113082039911
GSM6339597	GGTCAGGAGCATGCAT-1	6531	5269	0.806767723166437
GSM6339597	GGTCAGGAGGTCCAAT-1	11520	8306	0.7210069444444445
GSM6339597	GGTCAGGAGTGAGGTA-1	9975	7173	0.7190977443609022
GSM6339597	GGTCATTAGCAGGTTT-1	13336	8548	0.6409718056388722
GSM6339597	GGTCATTAGGAGGCAT-1	10310	7585	0.7356935014548982
GSM6339597	GGTCATTAGGATTGCT-1	2716	2245	0.8265832106038291
GSM6339597	GGTCATTAGGCAGGTG-1	16499	13992	0.8480513970543669
GSM6339597	GGTCCATCAACCTGGT-1	23041	22874	0.9927520506922443
GSM6339597	GGTCCATCAATATACC-1	859	680	0.7916181606519208
GSM6339597	GGTCCATCACGTGCTG-1	1458	879	0.602880658436214
GSM6339597	GGTCCATCACTAGGTC-1	1813	1283	0.7076668505239934
GSM6339597	GGTCCATCAGAATGAC-1	8561	8014	0.9361055951407545
GSM6339597	GGTCCATCAGATTCAT-1	3794	2834	0.7469688982604111
GSM6339597	GGTCCATCAGCTTAGC-1	610	411	0.6737704918032786
GSM6339597	GGTCCATCATAAGCAA-1	28100	28053	0.9983274021352313
GSM6339597	GGTCCGTAGCATTATG-1	10662	8146	0.7640217595197899
GSM6339597	GGTCCGTAGCTGTCAG-1	8628	7001	0.8114279091330552
GSM6339597	GGTCCGTAGGTCCTGA-1	13978	10615	0.7594076405780512
GSM6339597	GGTCCGTAGTTTCCTG-1	12551	7984	0.6361246115847343
GSM6339597	GGTCCTGCACAATACT-1	10666	7327	0.6869491843240203
GSM6339597	GGTCCTGCACACAATT-1	5095	3572	0.7010794896957802
GSM6339597	GGTCCTGCACCCACCT-1	4566	3322	0.7275514673674989
GSM6339597	GGTCCTGCACGTTACA-1	31023	24994	0.8056603165393418
GSM6339597	GGTCCTGCACTGACTA-1	20628	15018	0.7280395578824899
GSM6339597	GGTCCTGCAGCCGCTA-1	4212	3445	0.8179012345679012
GSM6339597	GGTCCTGCAGGCTTCG-1	27233	19995	0.7342195130907355
GSM6339597	GGTCCTGCAGGTCCTG-1	10386	8073	0.7772963604852686
GSM6339597	GGTCCTGCATGCATAT-1	1265	826	0.6529644268774704
GSM6339597	GGTCGGTTCATGCTTT-1	4508	2580	0.5723158828748891
GSM6339597	GGTCGGTTCCCGAACA-1	12664	11355	0.8966361339229312
GSM6339597	GGTCGGTTCTACCTCA-1	840	568	0.6761904761904762
GSM6339597	GGTCTTGAGGCAATAG-1	10658	7386	0.6930005629574029
GSM6339597	GGTCTTGAGGCGTAAA-1	1292	1085	0.8397832817337462
GSM6339597	GGTCTTGAGGTTAGAG-1	9815	7390	0.7529291900152827
GSM6339597	GGTCTTGAGTTTGAGC-1	12157	8320	0.6843793699103398
GSM6339597	GGTCTTTGTTAAGTGT-1	4344	2476	0.5699815837937385
GSM6339597	GGTCTTTGTTAATGCG-1	10472	7272	0.6944232238349886
GSM6339597	GGTGAGCCAAATATCC-1	4836	3362	0.69520264681555
GSM6339597	GGTGAGCCAATGCCCG-1	6909	6611	0.9568678535243885
GSM6339597	GGTGAGCCACAGCCAT-1	9288	6206	0.6681739879414298
GSM6339597	GGTGAGCCACTAAGAA-1	11154	8921	0.7998027613412229
GSM6339597	GGTGAGCCAGGATTAA-1	2850	1942	0.6814035087719298
GSM6339597	GGTGAGCCAGTACCGT-1	4200	3568	0.8495238095238096
GSM6339597	GGTGAGCCATGTGGGA-1	2114	1663	0.7866603595080416
GSM6339597	GGTGAGCCATTAGGTT-1	10273	7485	0.7286089749829651
GSM6339597	GGTGAGGTCAAATCGC-1	5553	3079	0.5544750585269224
GSM6339597	GGTGAGGTCATTACTC-1	4753	2563	0.5392383757626762
GSM6339597	GGTGAGGTCCAATTAG-1	18321	17084	0.9324818514273239
GSM6339597	GGTGAGGTCCTAACGG-1	1471	1061	0.7212780421481985
GSM6339597	GGTGAGGTCTAATCAG-1	8140	5748	0.7061425061425062
GSM6339597	GGTGAGGTCTATGACA-1	24436	23443	0.9593632345719431
GSM6339597	GGTGAGTAGCACAGGG-1	4239	2699	0.6367067704647322
GSM6339597	GGTGAGTAGTAACAGG-1	17313	12646	0.7304337780858314
GSM6339597	GGTGAGTAGTCAGGCC-1	10562	9006	0.8526794167771256
GSM6339597	GGTGATTTCAGGTTTA-1	10458	5523	0.5281124497991968
GSM6339597	GGTGATTTCGCTAGCA-1	26204	23293	0.8889100900625858
GSM6339597	GGTGATTTCGTGCCTT-1	2355	1885	0.8004246284501062
GSM6339597	GGTGATTTCGTTTCTG-1	5919	7856	1.3272512248690658
GSM6339597	GGTGCTGGTCATGCCC-1	10449	7649	0.7320317733754427
GSM6339597	GGTGCTGGTGAGGTAG-1	14605	9523	0.6520369736391647
GSM6339597	GGTGCTGGTTAGGATT-1	749	393	0.5246995994659546
GSM6339597	GGTGCTGGTTAGGCTA-1	3101	2138	0.689455014511448
GSM6339597	GGTGCTTCAACGTGCT-1	5765	4609	0.799479618386817
GSM6339597	GGTGCTTCAATTAGCT-1	15223	10174	0.6683308152138212
GSM6339597	GGTGCTTCACGAATCC-1	9559	7081	0.7407678627471492
GSM6339597	GGTGCTTCAGTTAAAG-1	11852	8753	0.7385251434357071
GSM6339597	GGTGCTTCATTGTCAG-1	14297	12917	0.90347625375953
GSM6339597	GGTGTCCAGCCGCAGT-1	8503	6168	0.7253910384570151
GSM6339597	GGTGTCCAGCTGTAAC-1	10303	8005	0.7769581675240221
GSM6339597	GGTGTCCAGGGTCCAC-1	16692	13212	0.7915168943206327
GSM6339597	GGTGTCCAGTCATTTC-1	5737	3566	0.6215792225902039
GSM6339597	GGTGTCCAGTCCTGAG-1	11386	7214	0.6335851045143158
GSM6339597	GGTGTCCAGTGAGGTA-1	3282	1940	0.591102985984156
GSM6339597	GGTGTGACACCTGCCT-1	28061	24553	0.8749866362567265
GSM6339597	GGTGTGACAGCACGAA-1	1157	835	0.7216940363007779
GSM6339597	GGTGTGACAGGTCCTG-1	559	402	0.7191413237924866
GSM6339597	GGTGTGACATAGCGAG-1	2717	1955	0.7195436142804564
GSM6339597	GGTGTGACATGAAGTA-1	7212	4814	0.6674986134220743
GSM6339597	GGTGTGACATTCCTGT-1	1250	901	0.7208
GSM6339597	GGTGTTGTCAGGTTTA-1	7897	5339	0.676079523869824
GSM6339597	GGTGTTGTCCCGTTAC-1	10505	6332	0.6027605901951452
GSM6339597	GGTGTTGTCCGGTATG-1	11318	7957	0.7030394062555222
GSM6339597	GGTGTTGTCGCCTAAG-1	6440	4352	0.675776397515528
GSM6339597	GGTGTTGTCGGCCAGT-1	24612	20076	0.8156996587030717
GSM6339597	GGTTAATGTAGACAAA-1	2033	1392	0.6847024102311854
GSM6339597	GGTTAATGTCCTTCAG-1	40496	27438	0.6775483998419597
GSM6339597	GGTTAATGTGGTTATG-1	31014	22444	0.7236731798542594
GSM6339597	GGTTACCCAAAGGCCA-1	11413	10144	0.8888110049943048
GSM6339597	GGTTACCCAAGCCACT-1	17057	13518	0.7925192003283109
GSM6339597	GGTTACCCAAGCTTAT-1	6761	4052	0.5993196272740718
GSM6339597	GGTTACCCAGGTTATT-1	3713	2824	0.7605709668731484
GSM6339597	GGTTACTAGCAGCTAT-1	2759	1767	0.6404494382022472
GSM6339597	GGTTACTAGCCACATG-1	2080	1531	0.7360576923076924
GSM6339597	GGTTACTAGCGGCTGT-1	590	369	0.6254237288135593
GSM6339597	GGTTACTAGGCGCTTA-1	2549	1757	0.6892899176147509
GSM6339597	GGTTAGCGTCAGGCCA-1	15737	12590	0.8000254178051726
GSM6339597	GGTTAGCGTGAGCACT-1	6367	4698	0.7378671273755301
GSM6339597	GGTTAGCGTGCATTAG-1	4727	3722	0.7873915802834779
GSM6339597	GGTTAGCGTTAACAGT-1	7746	4730	0.6106377485153628
GSM6339597	GGTTATATCAGGAAGC-1	12489	7759	0.6212667147089439
GSM6339597	GGTTATATCATGACCG-1	10221	8155	0.7978671362880344
GSM6339597	GGTTATATCCTTCGTA-1	4115	2718	0.6605103280680438
GSM6339597	GGTTATATCTAATCTC-1	5844	3579	0.6124229979466119
GSM6339597	GGTTATGGTCATGAGC-1	6298	5170	0.8208955223880597
GSM6339597	GGTTATGGTTAACACG-1	4609	2910	0.6313733998698199
GSM6339597	GGTTCCCGTATACTGG-1	17583	17758	1.0099527953136553
GSM6339597	GGTTCCCGTCAAAGGG-1	9876	6469	0.6550222762251924
GSM6339597	GGTTCCCGTCCTTTAA-1	7291	5128	0.7033328761486765
GSM6339597	GGTTCCCGTGGATTAT-1	8493	5447	0.6413517014011539
GSM6339597	GGTTCCCGTTCCGGCT-1	14302	9527	0.6661306111033422
GSM6339597	GGTTCTTGTCACAGAC-1	9281	6211	0.6692166792371512
GSM6339597	GGTTCTTGTCACAGCG-1	17711	16555	0.9347298289198803
GSM6339597	GGTTCTTGTGCTTTAC-1	2770	1610	0.5812274368231047
GSM6339597	GGTTGACGTACGTTTC-1	2089	1298	0.6213499281953088
GSM6339597	GGTTGACGTATTCGTC-1	1578	968	0.6134347275031685
GSM6339597	GGTTGACGTCATTGAG-1	5762	4005	0.6950711558486636
GSM6339597	GGTTGACGTCGAAGTC-1	5087	3678	0.723019461372125
GSM6339597	GGTTGACGTTTAGTCC-1	6207	4102	0.6608667633317222
GSM6339597	GGTTGAGCAAAGGCCA-1	6030	4303	0.7135986733001658
GSM6339597	GGTTGAGCAAGTAAGC-1	19347	14063	0.7268827208352716
GSM6339597	GGTTGAGCAATCCCTT-1	11832	8375	0.7078262339418526
GSM6339597	GGTTGAGCAGAGGGAG-1	7973	5477	0.686943434090054
GSM6339597	GGTTGAGCATTGCGTA-1	1449	946	0.6528640441683919
GSM6339597	GGTTGCATCATAACGC-1	541	378	0.6987060998151571
GSM6339597	GGTTGCATCCGCCTCA-1	20775	17882	0.8607460890493381
GSM6339597	GGTTGCATCGTCATTT-1	3560	2558	0.7185393258426966
GSM6339597	GGTTGCATCTAGCGAT-1	11168	8841	0.7916368194842407
GSM6339597	GGTTGCATCTTTAAGG-1	16516	14679	0.8887745216759506
GSM6339597	GGTTGCGGTCACAGCG-1	3937	2593	0.6586233172466345
GSM6339597	GGTTGCGGTCGTAATG-1	524	334	0.6374045801526718
GSM6339597	GGTTGCTCAATTAGGA-1	16579	12080	0.7286326075155317
GSM6339597	GGTTGCTCACTGACCG-1	11250	8495	0.7551111111111111
GSM6339597	GGTTGCTCATTCAGCA-1	4762	3603	0.756614867702646
GSM6339597	GGTTGGTGTAGGTTAT-1	11639	8796	0.7557350287825415
GSM6339597	GGTTGGTGTCAACAAT-1	5067	3064	0.6046970594039865
GSM6339597	GGTTGGTGTGCGCGTA-1	14621	11417	0.780863142055947
GSM6339597	GGTTGGTGTTGCGGAT-1	17544	14023	0.7993046055631555
GSM6339597	GGTTTAATCACGCATG-1	6498	4726	0.7273007079101262
GSM6339597	GGTTTAATCATTGTCT-1	1265	801	0.633201581027668
GSM6339597	GGTTTAATCCACCTTA-1	1069	679	0.6351730589335828
GSM6339597	GGTTTAATCCTGCGAA-1	462	359	0.7770562770562771
GSM6339597	GGTTTAATCGCTAGAT-1	11333	7863	0.6938145239565869
GSM6339597	GGTTTCCTCACAGCCA-1	3586	2478	0.6910206358059119
GSM6339597	GGTTTCCTCATGCGTG-1	14250	12717	0.8924210526315789
GSM6339597	GGTTTCCTCTGTTGCC-1	14729	10479	0.7114535949487406
GSM6339597	GGTTTGTAGCGCTAAT-1	642	398	0.6199376947040498
GSM6339597	GGTTTGTAGCTAAGTC-1	20693	16663	0.8052481515488329
GSM6339597	GGTTTGTAGGACCTGC-1	14747	10753	0.7291652539499559
GSM6339597	GGTTTGTAGGACTTAC-1	25150	22207	0.8829821073558648
GSM6339597	GGTTTGTAGGCGCTAC-1	6566	3481	0.5301553457203777
GSM6339597	GGTTTGTAGTAAGAAC-1	17211	14701	0.8541630352681424
GSM6339597	GTAAAGCCAACAGGAT-1	7282	4452	0.6113705026091732
GSM6339597	GTAAAGCCAAGGACCA-1	29273	24136	0.8245140573224473
GSM6339597	GTAAAGCCAATACTGT-1	12266	8746	0.713027881950106
GSM6339597	GTAAAGCCAATAGTCT-1	6354	4344	0.6836638338054769
GSM6339597	GTAAAGCCACGAATCC-1	7456	4699	0.6302306866952789
GSM6339597	GTAAAGCCAGCTAATT-1	3158	2396	0.7587080430652312
GSM6339597	GTAAAGCCAGTTGCGT-1	10237	7195	0.7028426296766631
GSM6339597	GTAAAGCCATAGCGGA-1	3078	2275	0.7391163092917479
GSM6339597	GTAAGCAAGCGAGTAA-1	8042	5648	0.7023128574981348
GSM6339597	GTAAGCAAGGAGTCTT-1	4808	3313	0.6890599001663894
GSM6339597	GTAAGCAAGTCATTTC-1	14468	11906	0.8229195465855681
GSM6339597	GTAAGCGCAACCTGGT-1	10337	7843	0.7587307729515333
GSM6339597	GTAAGCGCAAGTCGCT-1	3896	2881	0.739476386036961
GSM6339597	GTAAGCGCATGAATCT-1	17116	14127	0.8253680766534237
GSM6339597	GTAAGCGCATTAGCCA-1	8200	6011	0.7330487804878049
GSM6339597	GTAAGCTTCTCGACCT-1	6871	5212	0.7585504293407073
GSM6339597	GTAAGGTCACAATTAC-1	8701	6920	0.795310883806459
GSM6339597	GTAAGGTCACTTGTTC-1	2981	2087	0.70010063737001
GSM6339597	GTAAGGTCAGCAAGGC-1	11052	8395	0.7595910242490047
GSM6339597	GTAAGGTCAGTCTAAT-1	23417	16866	0.7202459751462612
GSM6339597	GTAATAGCAAACCTTG-1	10629	10459	0.9840060212625835
GSM6339597	GTAATAGCAACATAAG-1	13992	9188	0.6566609491137793
GSM6339597	GTAATAGCAACCCTAA-1	12765	9521	0.745867606737172
GSM6339597	GTAATAGCAATTTGGT-1	13407	9024	0.6730812262251062
GSM6339597	GTAATAGCACTAGGTC-1	16866	14238	0.8441835645677694
GSM6339597	GTAATAGCAGGTTTGC-1	3551	2992	0.8425795550549141
GSM6339597	GTAATAGCAGTATGTT-1	6440	5091	0.790527950310559
GSM6339597	GTAATAGCATAGGCGA-1	8028	4807	0.5987792725460886
GSM6339597	GTAATAGCATCCCGCT-1	3115	2306	0.7402889245585875
GSM6339597	GTAATAGCATCCTAGA-1	9449	7993	0.8459096200656154
GSM6339597	GTAATAGCATTCAGCA-1	7914	4890	0.6178923426838514
GSM6339597	GTACAATGTCCCGGAA-1	19241	16386	0.8516189387245985
GSM6339597	GTACAATGTTACCTGT-1	2351	1816	0.7724372607401105
GSM6339597	GTACAATGTTCCATTA-1	760	464	0.6105263157894737
GSM6339597	GTACAATGTTGGATCA-1	5510	3896	0.7070780399274047
GSM6339597	GTACAATGTTTAACGG-1	25082	20642	0.8229806235547404
GSM6339597	GTACACCCAATATGGA-1	13190	12284	0.9313115996967399
GSM6339597	GTACACCCACGTAATT-1	3808	2562	0.6727941176470589
GSM6339597	GTACACCCATGGAGGC-1	25374	22590	0.8902813903996216
GSM6339597	GTACACCCATTAAACC-1	14413	8747	0.6068826753625199
GSM6339597	GTACACCCATTCCTCG-1	12984	9200	0.7085643869377696
GSM6339597	GTACCGGGTAATCGCA-1	1210	871	0.7198347107438017
GSM6339597	GTACCGGGTACCTTAC-1	11786	10218	0.8669608009502799
GSM6339597	GTACCGGGTAGGTTAT-1	1377	1145	0.831517792302106
GSM6339597	GTACCGGGTATTACCC-1	1287	938	0.7288267288267288
GSM6339597	GTACCGGGTATTGTGG-1	2292	1496	0.6527050610820244
GSM6339597	GTACCGGGTCGTAATG-1	3119	2326	0.745751843539596
GSM6339597	GTACCGGGTTGTTGGA-1	3279	2112	0.6440988106129918
GSM6339597	GTACCTTGTCCGTGAG-1	403	291	0.7220843672456576
GSM6339597	GTACCTTGTCCTAAGA-1	1536	1128	0.734375
GSM6339597	GTACGTAGTCCGTAGG-1	12791	10459	0.8176843092799625
GSM6339597	GTACGTAGTGACCTGG-1	1715	1274	0.7428571428571429
GSM6339597	GTACGTAGTTCGCTTG-1	18306	15084	0.823992133726647
GSM6339597	GTACTAATCAAGTGAG-1	7785	4845	0.6223506743737958
GSM6339597	GTACTAATCAGGGCCT-1	35929	28400	0.7904478276601075
GSM6339597	GTACTAATCATTTGTC-1	15321	10927	0.7132040989491547
GSM6339597	GTACTAATCCTGGTGA-1	12326	7801	0.6328898263832549
GSM6339597	GTACTAATCCTTGCGT-1	29919	22202	0.7420702563588355
GSM6339597	GTACTAATCTTCAATC-1	14493	12066	0.8325398468226041
GSM6339597	GTACTAGGTAATCGTG-1	1666	1458	0.8751500600240096
GSM6339597	GTACTAGGTACGCGCA-1	13993	8580	0.6131637247195026
GSM6339597	GTACTAGGTTTAGCGA-1	7288	4424	0.6070252469813392
GSM6339597	GTACTGGTCAGGGCCT-1	12619	10363	0.8212219668753467
GSM6339597	GTACTGGTCTCAATTC-1	3421	2789	0.8152586962876351
GSM6339597	GTACTTAAGCTCAAAC-1	2577	2024	0.7854093907644548
GSM6339597	GTACTTAAGGGTTATC-1	7529	5537	0.7354230309470049
GSM6339597	GTACTTAAGGTTTGAC-1	4288	2864	0.667910447761194
GSM6339597	GTACTTCGTCACAGCG-1	33496	23990	0.7162049199904467
GSM6339597	GTACTTCGTGGCTTCC-1	17186	14438	0.8401024089375073
GSM6339597	GTACTTCGTGTAACCA-1	14617	10865	0.7433125812410207
GSM6339597	GTACTTCGTTTGGCTT-1	13800	12209	0.8847101449275362
GSM6339597	GTACTTCGTTTGGTTC-1	1926	1084	0.5628245067497404
GSM6339597	GTAGCCATCAATAGCC-1	1055	719	0.6815165876777252
GSM6339597	GTAGCCATCCGTTATT-1	448	309	0.6897321428571429
GSM6339597	GTAGCCATCCTCAGTC-1	1203	859	0.71404821280133
GSM6339597	GTAGCCATCTTGCAGG-1	9664	7196	0.7446192052980133
GSM6339597	GTAGCGCTCAGCACCA-1	789	524	0.6641318124207858
GSM6339597	GTAGCGCTCATCCTAT-1	34232	27670	0.8083080158915634
GSM6339597	GTAGCGCTCATGAAGG-1	10244	8597	0.8392229597813354
GSM6339597	GTAGCGCTCCCTCGCA-1	18952	16718	0.88212325875897
GSM6339597	GTAGCGCTCCTAAGAC-1	15027	14528	0.9667931057429959
GSM6339597	GTAGCTGTCCAGGTCA-1	4567	3701	0.8103788044668272
GSM6339597	GTAGGAGGTCCTTAGT-1	6955	4370	0.6283249460819554
GSM6339597	GTAGGAGGTGACCTGG-1	10967	10111	0.9219476611653141
GSM6339597	GTAGGATCAACACTTG-1	8537	6067	0.7106711959704815
GSM6339597	GTAGGATCAGAACCGA-1	20334	16111	0.7923182846464051
GSM6339597	GTAGGATCATTGCGTA-1	5112	3366	0.6584507042253521
GSM6339597	GTAGGCGAGGAGTCGG-1	14598	10252	0.7022879846554323
GSM6339597	GTAGGTGCAAACATAG-1	8555	5807	0.6787843366452367
GSM6339597	GTAGGTGCAACTAGGG-1	14490	10314	0.7118012422360248
GSM6339597	GTAGGTGCACATACTG-1	16980	13800	0.8127208480565371
GSM6339597	GTAGGTGCAGGATTAA-1	3373	2351	0.6970056329676846
GSM6339597	GTAGGTGCATAGGCGA-1	12247	10562	0.8624152853760104
GSM6339597	GTAGGTGCATAGTCAT-1	1828	1210	0.661925601750547
GSM6339597	GTAGGTGCATCAATCG-1	9822	6724	0.6845856241091427
GSM6339597	GTAGTTATCACACAGT-1	11058	7688	0.6952432627961657
GSM6339597	GTAGTTATCACGTTAA-1	28534	21260	0.7450760496250087
GSM6339597	GTAGTTTCAAGCGATG-1	19438	15189	0.7814075522173063
GSM6339597	GTAGTTTCAATGCCCG-1	2233	1973	0.8835647111509181
GSM6339597	GTAGTTTCACGTGCTG-1	14665	11602	0.7911353562904876
GSM6339597	GTAGTTTCAGCAGGTA-1	19599	17976	0.9171896525332925
GSM6339597	GTATCGCCAATTGAAG-1	8729	5683	0.651048230037805
GSM6339597	GTATCGCCAATTGACT-1	5612	3669	0.6537776193870278
GSM6339597	GTATCGCCAGGCCATT-1	12844	9353	0.7281999377141077
GSM6339597	GTATCGCCATCGCTTT-1	32262	24675	0.7648316905337549
GSM6339597	GTATGTGGTACCTTAC-1	2971	2238	0.7532817233254796
GSM6339597	GTATGTGGTTTGGGCG-1	9289	7650	0.8235547421681558
GSM6339597	GTATGTTCAGGCCAAA-1	7361	3791	0.5150115473441108
GSM6339597	GTATGTTCAGGTCCTG-1	26974	20863	0.7734485059687106
GSM6339597	GTATTCAAGAGAGGCT-1	20957	16047	0.7657107410411795
GSM6339597	GTATTCAAGCAAGGGT-1	5804	3580	0.616815988973122
GSM6339597	GTATTCAAGCTCCTTA-1	14917	12775	0.8564054434537776
GSM6339597	GTATTCAAGGATTTGC-1	821	494	0.6017052375152253
GSM6339597	GTATTCAAGGCTACTG-1	14282	9214	0.6451477384119871
GSM6339597	GTATTCAAGTGAGCGG-1	10120	7678	0.758695652173913
GSM6339597	GTATTGATCATGTTTC-1	6949	5524	0.7949345229529429
GSM6339597	GTATTGATCATTGACA-1	1517	839	0.5530652603823335
GSM6339597	GTATTGATCTATCGCC-1	2007	1407	0.7010463378176383
GSM6339597	GTATTGCAGCCGCAAC-1	10591	7940	0.7496931356812387
GSM6339597	GTATTGCAGCTGTCAG-1	17125	14020	0.8186861313868613
GSM6339597	GTATTGCAGGAACCGG-1	20179	14094	0.6984488825016106
GSM6339597	GTATTGTCAAATTGCT-1	3933	3143	0.7991355199593186
GSM6339597	GTATTGTCAGAAATGC-1	29158	21192	0.7267988202208656
GSM6339597	GTATTGTCAGCTAACC-1	4573	3257	0.7122239230264596
GSM6339597	GTATTGTCAGTTTCTC-1	26540	19440	0.7324792765636775
GSM6339597	GTATTGTCATGTTGGC-1	6209	4077	0.6566274762441617
GSM6339597	GTCAAACTCATTTGCT-1	3386	2263	0.6683402244536326
GSM6339597	GTCAAACTCCCTCACG-1	1332	793	0.5953453453453453
GSM6339597	GTCAAACTCTTGAGGT-1	3030	1683	0.5554455445544555
GSM6339597	GTCAATATCACAGCGC-1	2405	1681	0.6989604989604989
GSM6339597	GTCAATATCAGGAACA-1	9895	7480	0.7559373420919656
GSM6339597	GTCAATATCATTATGG-1	14635	10152	0.6936795353604374
GSM6339597	GTCAATATCGTCATTT-1	5799	4176	0.7201241593378168
GSM6339597	GTCAGGCTCACCATTT-1	976	775	0.7940573770491803
GSM6339597	GTCAGGCTCATGCTTT-1	32183	29679	0.9221949476431657
GSM6339597	GTCAGGCTCTAAGTCA-1	11126	8691	0.7811432680208521
GSM6339597	GTCATCACAAATTGCT-1	7160	4466	0.6237430167597765
GSM6339597	GTCATCACAATAATGG-1	8951	7166	0.8005809406770193
GSM6339597	GTCATCACACGTAAGG-1	11135	8536	0.766591827570723
GSM6339597	GTCATCACAGAGAGCC-1	10020	7864	0.7848303393213573
GSM6339597	GTCATCCTCAAGCTAC-1	9357	6312	0.6745751843539596
GSM6339597	GTCATCCTCGCTTGCT-1	15063	12062	0.8007700989178782
GSM6339597	GTCATCCTCGGTTTCC-1	15236	12467	0.818259385665529
GSM6339597	GTCATCCTCTGTGAGT-1	5211	3873	0.7432354634427173
GSM6339597	GTCATGAGTCACAGCG-1	14661	12634	0.8617420366959961
GSM6339597	GTCATGAGTGGTTATG-1	22242	18264	0.8211491772322633
GSM6339597	GTCATGAGTTAATGCG-1	3462	2019	0.5831889081455806
GSM6339597	GTCATGCCAAGTGTCC-1	10428	7032	0.6743383199079401
GSM6339597	GTCATGCCAATTAGCT-1	13535	10886	0.8042851865533801
GSM6339597	GTCATTAAGAGAGGCT-1	6985	5008	0.7169649248389406
GSM6339597	GTCATTAAGCATTATG-1	6258	5219	0.8339725151805689
GSM6339597	GTCATTAAGCTACTGG-1	10832	8367	0.7724335302806499
GSM6339597	GTCATTAAGGAAACTG-1	11906	10458	0.8783806484125651
GSM6339597	GTCATTAAGGCTATGT-1	7163	4996	0.6974731257852855
GSM6339597	GTCATTAAGTTACTTC-1	670	408	0.608955223880597
GSM6339597	GTCCAAGTCACGCATG-1	13815	11189	0.8099167571480275
GSM6339597	GTCCAAGTCAGGAACA-1	5053	3171	0.6275479912923017
GSM6339597	GTCCAAGTCCAGGTCA-1	5635	3583	0.6358473824312334
GSM6339597	GTCCAAGTCTTAAGTG-1	1927	1186	0.6154644525168655
GSM6339597	GTCCAGGGTAGGTTTG-1	17521	14623	0.8345984818218138
GSM6339597	GTCCAGGGTATTGCAG-1	3980	2667	0.6701005025125628
GSM6339597	GTCCAGGGTGTCACGG-1	13156	8254	0.6273943447856491
GSM6339597	GTCCAGGGTTTGCAGA-1	3287	2419	0.7359294189230301
GSM6339597	GTCCATTGTAACGAGG-1	12018	8491	0.7065235480113163
GSM6339597	GTCCATTGTATACTGG-1	6064	4964	0.8186015831134564
GSM6339597	GTCCATTGTCACGGAT-1	581	411	0.7074010327022375
GSM6339597	GTCCATTGTGTTTGTC-1	15275	13448	0.880392798690671
GSM6339597	GTCCATTGTTCGCTTG-1	13785	8727	0.6330794341675734
GSM6339597	GTCCGTAAGCACTAGT-1	636	491	0.7720125786163522
GSM6339597	GTCCGTAAGGACGTAA-1	2969	2207	0.7433479285954867
GSM6339597	GTCCGTAAGTATTGCA-1	8644	5962	0.6897269782508099
GSM6339597	GTCCGTAAGTTTGGGT-1	3124	2508	0.8028169014084507
GSM6339597	GTCCTAGAGCATGTTA-1	15648	11744	0.7505112474437627
GSM6339597	GTCCTAGAGCGCTCAA-1	12432	9375	0.7541023166023166
GSM6339597	GTCCTAGAGGACACTT-1	4099	2835	0.691632105391559
GSM6339597	GTCCTAGAGGATCACT-1	6559	4315	0.6578746760176857
GSM6339597	GTCCTAGAGTCACCTC-1	1926	1276	0.6625129802699896
GSM6339597	GTCCTCAGTAATTAGC-1	4148	2797	0.6743008678881388
GSM6339597	GTCCTCAGTCATTGAG-1	652	402	0.6165644171779141
GSM6339597	GTCCTCAGTTCCAGGG-1	5286	3262	0.617101778282255
GSM6339597	GTCCTCAGTTGAAGCC-1	14909	12162	0.8157488765175397
GSM6339597	GTCCTCCCAGTCTATG-1	24465	18678	0.7634580012262415
GSM6339597	GTCGAAGCAAGCTTAT-1	5484	3384	0.6170678336980306
GSM6339597	GTCGAAGCAATCATGT-1	7573	5228	0.6903472864122541
GSM6339597	GTCGAAGCACCCACCT-1	11707	7857	0.671136926625096
GSM6339597	GTCGAAGCAGCAACCT-1	23432	15082	0.6436497097985661
GSM6339597	GTCGAAGCAGTTAAAG-1	11513	8057	0.6998175974984799
GSM6339597	GTCGCAATCACAGCCA-1	8255	5183	0.6278619018776499
GSM6339597	GTCGCAATCTCACAAA-1	11121	8122	0.730330006294398
GSM6339597	GTCGGTTCAATCGCAC-1	8856	7910	0.8931797651309846
GSM6339597	GTCGGTTCACCGTTCC-1	13034	10200	0.7825686665643701
GSM6339597	GTCGGTTCAGAATGAC-1	22609	20721	0.9164934318191871
GSM6339597	GTCGGTTCAGGCTGTT-1	5978	3852	0.6443626630980261
GSM6339597	GTCTAACAGGCTATGT-1	4571	3273	0.7160358783635966
GSM6339597	GTCTAACAGTCCTTTG-1	457	332	0.7264770240700219
GSM6339597	GTCTAATCAATCCTAG-1	3963	3405	0.8591975775927327
GSM6339597	GTCTAATCACCTAAGC-1	4946	3798	0.7678932470683381
GSM6339597	GTCTAATCATTAAACC-1	2148	1661	0.7732774674115456
GSM6339597	GTCTAGCCAAATTGCT-1	8215	5627	0.6849665246500304
GSM6339597	GTCTAGCCACCCTCAC-1	12703	9926	0.78139022278202
GSM6339597	GTCTAGCCACTCAACA-1	25355	16998	0.6704003155196214
GSM6339597	GTCTAGCCAGGCGAGT-1	3555	2820	0.7932489451476793
GSM6339597	GTCTATCGTACGGTAC-1	1831	1273	0.6952484980884762
GSM6339597	GTCTATCGTGGACATC-1	1021	689	0.6748285994123409
GSM6339597	GTCTATCGTTACTTCA-1	3231	2221	0.6874032807180439
GSM6339597	GTCTATCGTTCCTGTG-1	1821	1175	0.6452498627127952
GSM6339597	GTCTATCGTTCGCGCT-1	2174	1376	0.6329346826126955
GSM6339597	GTCTATGCAATTAAGG-1	9599	6304	0.6567350765704761
GSM6339597	GTCTATGCACAGGGAC-1	10955	7548	0.689000456412597
GSM6339597	GTCTATGCACCTCGCT-1	5314	3822	0.7192322167858487
GSM6339597	GTCTATGCAGGCCATT-1	4178	2138	0.5117280995691719
GSM6339597	GTCTCACTCAGCCAAT-1	9170	7155	0.7802617230098147
GSM6339597	GTCTCACTCCCTGGAA-1	515	367	0.7126213592233009
GSM6339597	GTCTCACTCCCTTGCG-1	3483	2262	0.6494401378122309
GSM6339597	GTCTCACTCCTCAGCT-1	12004	8161	0.6798567144285238
GSM6339597	GTCTCACTCGCCTAAG-1	2415	1967	0.8144927536231884
GSM6339597	GTCTCACTCTAGCTAA-1	34966	30071	0.8600068638105588
GSM6339597	GTCTCACTCTTTAAGG-1	11300	9803	0.8675221238938053
GSM6339597	GTCTTGCTCAGCAAGA-1	669	353	0.5276532137518685
GSM6339597	GTCTTGCTCCTAAGTA-1	17337	13939	0.8040029993655188
GSM6339597	GTCTTGCTCCTGATTT-1	10951	8528	0.7787416674276322
GSM6339597	GTCTTGCTCGAGGAGT-1	4667	3041	0.6515963145489608
GSM6339597	GTCTTTAGTGAGAAAC-1	1915	1499	0.7827676240208877
GSM6339597	GTCTTTAGTTTGCGCC-1	12960	10007	0.772145061728395
GSM6339597	GTCTTTGTCCCTCAGT-1	9103	6534	0.7177853454904977
GSM6339597	GTCTTTGTCTATTGTC-1	12084	8055	0.666583912611718
GSM6339597	GTGAACAAGCCTGACA-1	3188	2383	0.7474905897114178
GSM6339597	GTGAACAAGGCCCAGT-1	7799	4722	0.6054622387485575
GSM6339597	GTGAACAAGGGTGAGT-1	9793	6703	0.6844684979066681
GSM6339597	GTGAACAAGTTTGGGT-1	695	545	0.7841726618705036
GSM6339597	GTGAATCTCAATAGCC-1	24695	21106	0.8546669366268476
GSM6339597	GTGAATCTCATCCTGC-1	14143	10600	0.7494873789153645
GSM6339597	GTGAATCTCGCGACAC-1	4109	2181	0.5307860793380385
GSM6339597	GTGAATCTCTAATTGG-1	15412	12041	0.7812743316895925
GSM6339597	GTGAGCGAGAGCCGCT-1	33228	25603	0.7705248585530275
GSM6339597	GTGAGCGAGCACAGAA-1	31762	23598	0.7429632894653989
GSM6339597	GTGAGCGAGGGTTAGA-1	5302	3323	0.6267446246699359
GSM6339597	GTGAGCGAGGTCTTGG-1	12074	8020	0.6642372039092265
GSM6339597	GTGAGGAGTACAATGT-1	35607	23318	0.6548712331844861
GSM6339597	GTGAGGAGTCCGCTGT-1	30203	22491	0.7446611263781744
GSM6339597	GTGAGGAGTGAGGTGA-1	15458	9716	0.6285418553499806
GSM6339597	GTGAGGAGTTCGCGCT-1	1523	974	0.639527248850952
GSM6339597	GTGATCAGTCATCATC-1	6248	3729	0.596830985915493
GSM6339597	GTGATCAGTTAAGCGC-1	2439	1218	0.4993849938499385
GSM6339597	GTGATCAGTTGGATAT-1	6703	4247	0.6335968969118305
GSM6339597	GTGATCAGTTGTAACG-1	11068	8773	0.7926454644018793
GSM6339597	GTGATGAAGCTCATAA-1	14498	9146	0.6308456338805353
GSM6339597	GTGATGAAGGAAGTAT-1	14424	12317	0.8539240155296728
GSM6339597	GTGATGAAGGTAACGA-1	11712	9460	0.8077185792349727
GSM6339597	GTGCAAGCAATTGCGC-1	9965	6853	0.6877069744104365
GSM6339597	GTGCAAGCACAAACTT-1	9605	7351	0.7653305570015617
GSM6339597	GTGCAAGCATCGCTCC-1	26210	20690	0.7893933613124762
GSM6339597	GTGCAAGCATTGCAGC-1	8921	5800	0.6501513283264208
GSM6339597	GTGCAAGCATTGTTGG-1	13316	10469	0.7861970561730249
GSM6339597	GTGCACGGTAGCCTAA-1	540	309	0.5722222222222222
GSM6339597	GTGCACGGTCTTACTA-1	8678	5722	0.6593685180917263
GSM6339597	GTGCACGGTTAGAGCC-1	1383	981	0.7093275488069414
GSM6339597	GTGCACGGTTGCTGGG-1	35266	28346	0.8037770090171837
GSM6339597	GTGCATTAGCTAATTG-1	15074	9196	0.6100570518774048
GSM6339597	GTGCATTAGGAACCAA-1	11063	8008	0.7238542890716804
GSM6339597	GTGCATTAGGACCTGC-1	8721	7362	0.8441692466460269
GSM6339597	GTGCATTAGGTGAAAT-1	14089	11797	0.8373198949535098
GSM6339597	GTGCATTAGGTGCGGA-1	28310	21651	0.7647827622748146
GSM6339597	GTGCGCAGTAAATTGC-1	694	453	0.6527377521613833
GSM6339597	GTGCGCAGTATTCGTC-1	8689	5737	0.6602600989757165
GSM6339597	GTGCGCAGTTATGTGG-1	19714	18183	0.9223394541949883
GSM6339597	GTGCGGTTCAAGTGTC-1	7798	6162	0.7902026160553988
GSM6339597	GTGCGGTTCAGGCCTA-1	1153	758	0.6574154379878577
GSM6339597	GTGCGGTTCATCGTTT-1	6929	5238	0.7559532400057728
GSM6339597	GTGCGGTTCATTGACA-1	6610	5438	0.8226928895612708
GSM6339597	GTGCGGTTCCAGGTTG-1	9977	6964	0.6980054124486319
GSM6339597	GTGCGGTTCGGTTCCT-1	9420	5796	0.6152866242038216
GSM6339597	GTGCGGTTCTCGCCTG-1	779	507	0.6508344030808729
GSM6339597	GTGCTCAAGCCGCTTT-1	3497	2483	0.7100371747211895
GSM6339597	GTGCTCAAGTCACGAT-1	12291	8398	0.6832641770401107
GSM6339597	GTGCTCAAGTGAGGGT-1	5935	4222	0.7113732097725358
GSM6339597	GTGCTGATCAAACCTA-1	7435	5933	0.7979825151311365
GSM6339597	GTGCTGATCACTTCAT-1	24482	22078	0.9018054080548975
GSM6339597	GTGCTGATCCTCAGTC-1	16011	11255	0.7029542189744551
GSM6339597	GTGCTGATCCTTAAGA-1	5758	4032	0.7002431399791594
GSM6339597	GTGCTGATCTGTGCCT-1	1852	1149	0.6204103671706264
GSM6339597	GTGCTGATCTTGTCTG-1	10428	8076	0.7744533947065593
GSM6339597	GTGCTGGGTAATCCCT-1	39890	41120	1.0308347956881423
GSM6339597	GTGCTGGGTGCAATGC-1	7456	7732	1.0370171673819744
GSM6339597	GTGCTGGGTGCTTTAC-1	7984	4906	0.6144789579158316
GSM6339597	GTGCTGGGTTACCTGT-1	671	377	0.5618479880774963
GSM6339597	GTGCTGGGTTTCCGGC-1	4246	2702	0.6363636363636364
GSM6339597	GTGCTTACAAGGTGGC-1	8476	6421	0.7575507314771118
GSM6339597	GTGCTTACAATCCTAG-1	4867	2681	0.5508526813231971
GSM6339597	GTGCTTACAGGCGATA-1	9023	7527	0.8342014850936496
GSM6339597	GTGCTTACATTGTCCT-1	4483	3351	0.7474905197412447
GSM6339597	GTGCTTCTCAAGCGCC-1	21717	14975	0.6895519638992494
GSM6339597	GTGCTTCTCAGGAACA-1	18009	12819	0.7118107612860236
GSM6339597	GTGCTTCTCCCGAAGC-1	3144	1872	0.5954198473282443
GSM6339597	GTGCTTCTCCTAAGAC-1	20313	20855	1.026682420125043
GSM6339597	GTGCTTCTCTCAATGA-1	9661	7608	0.7874961184142428
GSM6339597	GTGGACACACAACAAA-1	11236	8710	0.775186899252403
GSM6339597	GTGGACACAGCATGGA-1	24842	24459	0.9845825617905161
GSM6339597	GTGGACACAGCCAGTT-1	6937	4091	0.5897361972034021
GSM6339597	GTGGACACAGTACCGT-1	30687	25986	0.8468080946329064
GSM6339597	GTGGACACATAGCTGC-1	13391	11178	0.8347397505787469
GSM6339597	GTGGACACATCCGTAA-1	13286	8130	0.6119223242510914
GSM6339597	GTGGACACATTGCGGT-1	13948	9466	0.6786636076856897
GSM6339597	GTGGATGCAAAGGCCA-1	9755	6715	0.6883649410558688
GSM6339597	GTGGATGCAATGAGGT-1	8360	5562	0.665311004784689
GSM6339597	GTGGCTTCAAAGGTAC-1	14580	12217	0.8379286694101509
GSM6339597	GTGGCTTCAACACTTG-1	23333	18255	0.7823683195474221
GSM6339597	GTGGCTTCAAGGGTTG-1	10469	7168	0.6846881268507021
GSM6339597	GTGGCTTCAGCTAATT-1	8263	7133	0.8632457945056276
GSM6339597	GTGGCTTCAGGAACAT-1	11708	7919	0.6763751281175264
GSM6339597	GTGGTTAGTCAGGCCA-1	14579	11350	0.7785170450648192
GSM6339597	GTGGTTAGTCATCAAG-1	3385	2097	0.6194977843426883
GSM6339597	GTGGTTAGTCGTTATC-1	3158	2230	0.7061431285623813
GSM6339597	GTGGTTAGTGATCAGC-1	9422	5830	0.6187645935045638
GSM6339597	GTGGTTAGTTACGCGG-1	2572	2175	0.8456454121306376
GSM6339597	GTGGTTAGTTAGGACC-1	5987	4880	0.8150993819943211
GSM6339597	GTGGTTAGTTGCACGG-1	13025	10780	0.8276391554702495
GSM6339597	GTGGTTAGTTGTAACG-1	13961	12397	0.8879736408566722
GSM6339597	GTGTAACTCCTGGCTT-1	14143	12375	0.8749911617054373
GSM6339597	GTGTAACTCTCGCCTG-1	7008	5063	0.7224600456621004
GSM6339597	GTGTCCAAGGCTCATG-1	1668	1462	0.8764988009592326
GSM6339597	GTGTCCAAGTACCGCA-1	32444	19220	0.5924053754161016
GSM6339597	GTGTCCAAGTGAGAGC-1	924	714	0.7727272727272727
GSM6339597	GTGTGAGCACTAGCGT-1	7233	4689	0.6482787225217752
GSM6339597	GTGTGAGCAGCACCAT-1	18178	11454	0.6301023214875123
GSM6339597	GTGTGAGCATGGTTAT-1	4668	3171	0.679305912596401
GSM6339597	GTGTGAGCATTATGGT-1	26994	16771	0.6212862117507594
GSM6339597	GTGTGAGCATTGTGAT-1	6933	4996	0.7206115678638396
GSM6339597	GTGTGCGGTACTTAGG-1	23046	16746	0.7266336891434523
GSM6339597	GTGTGCGGTTATCGAG-1	9293	8128	0.874636823415474
GSM6339597	GTGTGCGGTTCACTGT-1	10588	7718	0.7289384208537968
GSM6339597	GTGTGCGGTTCATCTA-1	5446	3258	0.5982372383400661
GSM6339597	GTGTGCGGTTCCTCCT-1	2492	2221	0.8912520064205457
GSM6339597	GTGTGCGGTTGAGGTC-1	27261	24362	0.8936576061039581
GSM6339597	GTGTGTTAGCCTGAGC-1	6941	4491	0.6470249243624838
GSM6339597	GTGTGTTAGTTGTCTT-1	7058	5018	0.7109662793992633
GSM6339597	GTGTTACAGCCAGTAT-1	17703	13632	0.7700389764446703
GSM6339597	GTGTTACAGGACCAGG-1	2840	1941	0.6834507042253521
GSM6339597	GTGTTACAGGATTGCT-1	14119	10520	0.7450952617040867
GSM6339597	GTGTTCCTCACCGGTA-1	11101	8039	0.7241689937843437
GSM6339597	GTGTTCCTCATTACGA-1	15202	11720	0.7709511906328115
GSM6339597	GTGTTCCTCATTAGGC-1	19379	16839	0.8689302853604417
GSM6339597	GTGTTCCTCATTGTCT-1	1626	1286	0.7908979089790897
GSM6339597	GTGTTCCTCATTGTTC-1	27255	27343	1.0032287653641534
GSM6339597	GTGTTCCTCGTTATCT-1	10239	8383	0.818732298075984
GSM6339597	GTGTTCCTCTGCAAGT-1	5724	3882	0.6781970649895178
GSM6339597	GTTAAACGTGCAACTA-1	812	469	0.5775862068965517
GSM6339597	GTTAAACGTGCATTAG-1	7498	5772	0.7698052814083756
GSM6339597	GTTAAACGTGCGCAAT-1	7091	4817	0.6793118036948245
GSM6339597	GTTAAACGTTCAAGAT-1	2046	1247	0.6094819159335289
GSM6339597	GTTAACCAGCCACATG-1	15981	12807	0.801389149615168
GSM6339597	GTTAACCAGCTTTGTT-1	3930	2272	0.5781170483460559
GSM6339597	GTTAACCAGGAACCGG-1	8782	8523	0.9705078569801867
GSM6339597	GTTAACCAGGAGGCAT-1	12944	11365	0.878012978986403
GSM6339597	GTTAACCAGGGTCTAT-1	14676	11540	0.7863177977650586
GSM6339597	GTTAACGGTAATCGCA-1	2927	1653	0.5647420567133584
GSM6339597	GTTAACGGTAGTAAGA-1	20065	14725	0.7338649389484176
GSM6339597	GTTAACGGTCAAGACC-1	396	267	0.6742424242424242
GSM6339597	GTTAACGGTCTAGCTT-1	804	751	0.9340796019900498
GSM6339597	GTTAACGGTTAAGCGC-1	7692	5799	0.7539001560062403
GSM6339597	GTTAACGGTTAGGCGT-1	12255	9172	0.7484292125662995
GSM6339597	GTTAACGGTTCCTCCT-1	1077	807	0.7493036211699164
GSM6339597	GTTAACGGTTTAGTCC-1	9136	6549	0.7168345008756567
GSM6339597	GTTAACGGTTTATCTG-1	644	355	0.5512422360248447
GSM6339597	GTTAAGCTCATCACTT-1	4011	2016	0.5026178010471204
GSM6339597	GTTAAGCTCATGCTAA-1	16491	15929	0.9659208052877327
GSM6339597	GTTAAGCTCCTTAGGG-1	1205	811	0.6730290456431536
GSM6339597	GTTAAGCTCGTTTCGC-1	6113	4754	0.7776868967773597
GSM6339597	GTTAAGTGTATTACCC-1	14851	10552	0.7105245438017642
GSM6339597	GTTAAGTGTGAATCGC-1	14756	12369	0.8382352941176471
GSM6339597	GTTAAGTGTGATCATG-1	6619	4207	0.635594500679861
GSM6339597	GTTAAGTGTGGTTCCC-1	1189	719	0.6047098402018503
GSM6339597	GTTAATGTCAGCACCA-1	2987	2104	0.7043856712420489
GSM6339597	GTTAATGTCATTACGA-1	2096	1311	0.6254770992366412
GSM6339597	GTTAATGTCCAACTGG-1	6935	5348	0.7711607786589763
GSM6339597	GTTAATGTCCTCCTAA-1	429	328	0.7645687645687645
GSM6339597	GTTAATGTCCTTCGTA-1	3077	1730	0.5622359441013974
GSM6339597	GTTAATGTCGGGACTC-1	2600	2084	0.8015384615384615
GSM6339597	GTTAATGTCTACTAAG-1	8674	6346	0.7316117131657828
GSM6339597	GTTAATGTCTTCAATC-1	1164	799	0.686426116838488
GSM6339597	GTTACAGGTAATCCCT-1	3531	2909	0.8238459359954687
GSM6339597	GTTACAGGTAATGGAA-1	713	581	0.814866760168303
GSM6339597	GTTACAGGTGGAAGGC-1	16406	11990	0.7308301840789955
GSM6339597	GTTACAGGTTAACGAT-1	13188	10415	0.7897330906885047
GSM6339597	GTTACAGGTTTGTTGC-1	6261	4651	0.7428525794601502
GSM6339597	GTTACCTGTCACAAAT-1	10492	7931	0.7559092642012962
GSM6339597	GTTACCTGTCACAGAC-1	2422	1772	0.731626754748142
GSM6339597	GTTACCTGTCGACTAA-1	8693	5635	0.6482227079259174
GSM6339597	GTTACCTGTGGAAGGC-1	9934	4997	0.5030199315482182
GSM6339597	GTTACCTGTTGACTTC-1	7195	4872	0.6771369006254343
GSM6339597	GTTACGCCAAATTGCT-1	2702	1849	0.6843079200592154
GSM6339597	GTTACGCCAAGCTTAT-1	12333	10015	0.8120489742966026
GSM6339597	GTTACGCCACCAAAGG-1	13422	14614	1.0888094173744598
GSM6339597	GTTACGCCAGGCATCT-1	7413	4598	0.6202617024146769
GSM6339597	GTTACGCCATAGTCAT-1	16205	11894	0.7339709966059859
GSM6339597	GTTACGTAGGTCGAGG-1	11873	8337	0.7021814200286364
GSM6339597	GTTACGTAGTGTTGTA-1	6735	4249	0.6308834446919079
GSM6339597	GTTACTAAGCTAATTG-1	4446	3532	0.7944219523166891
GSM6339597	GTTACTAAGGACCAGG-1	1559	1411	0.9050673508659397
GSM6339597	GTTACTAAGGAGGCAT-1	12520	9300	0.7428115015974441
GSM6339597	GTTACTAAGTAACTCA-1	11725	8383	0.7149680170575693
GSM6339597	GTTACTCGTAAATTGC-1	7068	7025	0.9939162422184493
GSM6339597	GTTACTCGTATTGCAG-1	11886	8452	0.7110886757529867
GSM6339597	GTTACTCGTGGTTCTT-1	3635	2659	0.7314993122420907
GSM6339597	GTTAGACTCCTACCTA-1	19060	18685	0.9803252885624344
GSM6339597	GTTAGACTCGTAACGT-1	13714	13388	0.9762286714306548
GSM6339597	GTTAGGCGTCACGAAC-1	17810	13643	0.7660303200449186
GSM6339597	GTTAGGCGTGAAGCCT-1	38446	27012	0.702595848722884
GSM6339597	GTTAGGCGTGATTACG-1	8718	6739	0.7729983941270934
GSM6339597	GTTAGGCGTGTGAGAG-1	13490	11014	0.8164566345441068
GSM6339597	GTTCACCTCCTCCATA-1	7239	5545	0.7659897775935903
GSM6339597	GTTCATTTCACTTCAT-1	9062	6202	0.6843963804899581
GSM6339597	GTTCATTTCATTAGGC-1	12940	10161	0.7852395672333848
GSM6339597	GTTCATTTCATTATGG-1	13943	13231	0.9489349494369935
GSM6339597	GTTCATTTCCTAAATG-1	32178	30190	0.9382186587109205
GSM6339597	GTTCATTTCCTGTTCA-1	18747	16949	0.9040913212780711
GSM6339597	GTTCATTTCTGCAAAC-1	14629	12133	0.8293799986328525
GSM6339597	GTTCATTTCTGTGCAG-1	7133	4186	0.5868498527968596
GSM6339597	GTTCCCAGTACCGTAA-1	1819	1299	0.71412864211105
GSM6339597	GTTCCCAGTGATTACG-1	10081	6935	0.68792778494197
GSM6339597	GTTCCCAGTTGGTTCT-1	5142	3571	0.6944768572539868
GSM6339597	GTTCCTGGTACCGGAT-1	3467	2192	0.6322468993366023
GSM6339597	GTTCCTGGTCAACAAT-1	11872	8384	0.706199460916442
GSM6339597	GTTCCTGGTCGACTCC-1	830	492	0.5927710843373494
GSM6339597	GTTCCTGGTGCTGTAA-1	23512	21265	0.9044317795168425
GSM6339597	GTTCCTGGTTAGGCTA-1	2798	1933	0.6908506075768406
GSM6339597	GTTCCTGGTTATAGCG-1	10643	9161	0.8607535469322559
GSM6339597	GTTCCTTCAACAACAA-1	7142	5010	0.7014841781013722
GSM6339597	GTTCCTTCACTCGCTC-1	8364	6032	0.7211860353897657
GSM6339597	GTTCCTTCATCATGGC-1	15122	11843	0.7831636026980558
GSM6339597	GTTCCTTCATCCCTCA-1	2615	1838	0.702868068833652
GSM6339597	GTTCGCGCAATGAGGT-1	19523	15267	0.7820007171029043
GSM6339597	GTTCGCGCACAATGTT-1	19051	17273	0.906671565797071
GSM6339597	GTTCGCGCACATTAAC-1	11767	9972	0.8474547463244667
GSM6339597	GTTCGCGCACTAAGAA-1	14165	11655	0.8228026826685493
GSM6339597	GTTCGCGCATAAGTCT-1	15723	12308	0.7828022641989443
GSM6339597	GTTCGCTTCACAAGCT-1	5352	3044	0.5687593423019432
GSM6339597	GTTCGCTTCATCGTTT-1	4777	3575	0.7483776428720954
GSM6339597	GTTCGCTTCATGGCCA-1	2136	1543	0.7223782771535581
GSM6339597	GTTCGCTTCCCTCAAC-1	13008	10507	0.8077337023370234
GSM6339597	GTTCGCTTCCGCTAGA-1	8581	5924	0.6903624286213728
GSM6339597	GTTCTCATCAATGTGC-1	4906	3274	0.6673461068079902
GSM6339597	GTTCTCATCCTGCGAA-1	6221	4398	0.7069602957723838
GSM6339597	GTTCTCATCGCTAGTG-1	3440	2211	0.6427325581395349
GSM6339597	GTTCTTAGTAGGTGTC-1	1985	1188	0.5984886649874055
GSM6339597	GTTCTTGTCCTGAGTG-1	7878	5338	0.6775831429296776
GSM6339597	GTTCTTGTCGATTTAG-1	7602	6335	0.8333333333333334
GSM6339597	GTTCTTGTCGCTAGTG-1	13112	11251	0.8580689444783405
GSM6339597	GTTGCATAGAATGACG-1	29153	21124	0.7245909511885569
GSM6339597	GTTGCATAGACAACGA-1	10136	7204	0.7107340173638517
GSM6339597	GTTGCATAGGCCATCA-1	7778	4907	0.63088197480072
GSM6339597	GTTGCATAGGGTTATC-1	30783	24030	0.7806256700126694
GSM6339597	GTTGCATAGTGAAGTG-1	7631	5714	0.7487878390774473
GSM6339597	GTTGCATAGTGAGCAA-1	12512	11475	0.9171195652173914
GSM6339597	GTTGCGGGTAATGGAA-1	554	332	0.5992779783393501
GSM6339597	GTTGCGGGTACGGGTT-1	1262	872	0.6909667194928685
GSM6339597	GTTGCGGGTCATGAGC-1	9666	7181	0.7429133043658184
GSM6339597	GTTGCGGGTCCTAATC-1	4031	2497	0.6194492681716696
GSM6339597	GTTGCGGGTGACCTGG-1	8547	6303	0.7374517374517374
GSM6339597	GTTGCGGGTGTTGCTT-1	1222	796	0.6513911620294599
GSM6339597	GTTGCGGGTTGTAACG-1	21690	15366	0.7084370677731674
GSM6339597	GTTGCTGAGACAGGTA-1	13109	9036	0.6892974292470821
GSM6339597	GTTGCTGAGCCGGTAC-1	6887	4145	0.6018585741251633
GSM6339597	GTTGCTGAGTCGCTAG-1	11933	11033	0.9245788988519232
GSM6339597	GTTGGAGCATAAACCT-1	11256	7963	0.7074449182658138
GSM6339597	GTTGGAGCATACTCCT-1	6468	4771	0.7376314162028448
GSM6339597	GTTGGAGCATATAACC-1	4419	3206	0.7255035075809007
GSM6339597	GTTGGCGGTCACGGAT-1	1196	892	0.745819397993311
GSM6339597	GTTGGCGGTGAGACTC-1	19656	14616	0.7435897435897436
GSM6339597	GTTGGCGGTTAAGGCC-1	495	449	0.907070707070707
GSM6339597	GTTGGCGGTTCACTGT-1	11914	9443	0.7925969447708578
GSM6339597	GTTGGCGGTTTGGGCG-1	15330	10950	0.7142857142857143
GSM6339597	GTTGTGAGTACCGTTT-1	17466	13328	0.7630825604030688
GSM6339597	GTTGTGAGTCCTAACT-1	12808	9658	0.7540599625234229
GSM6339597	GTTGTGAGTGAGGTAG-1	2003	1721	0.8592111832251622
GSM6339597	GTTGTTGCAATCGCAC-1	26206	22538	0.8600320537281538
GSM6339597	GTTGTTGCAATGAAGC-1	15351	11500	0.7491368640479448
GSM6339597	GTTGTTGCACTAAGTT-1	9550	6750	0.7068062827225131
GSM6339597	GTTGTTGCAGGCATCT-1	8003	5020	0.6272647757091091
GSM6339597	GTTTAACCAGGCTAAG-1	11116	7232	0.6505937387549479
GSM6339597	GTTTAACCATAAGCAA-1	23461	23700	1.010187119048634
GSM6339597	GTTTAACCATGTCGCG-1	5503	3080	0.5596947119752862
GSM6339597	GTTTACCGTCCTAACT-1	19699	13892	0.7052134626123153
GSM6339597	GTTTACCGTTATCCGT-1	16021	12655	0.7899007552587229
GSM6339597	GTTTACCGTTCACTGT-1	12518	9662	0.7718485381051287
GSM6339597	GTTTACCGTTGAGCCG-1	14824	11041	0.7448057204533189
GSM6339597	GTTTAGCAGCAGGTGG-1	18906	15730	0.8320110017983708
GSM6339597	GTTTAGCAGCATTATG-1	11468	9006	0.7853156609696547
GSM6339597	GTTTAGCAGCGCAATT-1	3429	2535	0.7392825896762905
GSM6339597	GTTTAGCAGCTCCTTA-1	5474	4949	0.9040920716112532
GSM6339597	GTTTAGCAGTTCCTGC-1	34401	28934	0.8410802011569432
GSM6339597	GTTTATCTCACAGACT-1	6926	4148	0.598902685532775
GSM6339597	GTTTATCTCATGTTTC-1	10902	9142	0.8385617317923317
GSM6339597	GTTTATCTCCGCACAA-1	38302	26327	0.6873531408281552
GSM6339597	GTTTCAGCAACATAAG-1	6997	5008	0.7157353151350578
GSM6339597	GTTTCAGCAACTGGGA-1	7405	4882	0.6592842673869007
GSM6339597	GTTTCAGCAAGGGTTG-1	6874	4528	0.6587139947628746
GSM6339597	GTTTCAGCAATTAAGG-1	19734	15024	0.7613256308908483
GSM6339597	GTTTCAGCAGAGGCTA-1	10988	8693	0.7911357844921733
GSM6339597	GTTTCAGCAGCATTAT-1	3200	1915	0.5984375
GSM6339597	GTTTCAGCATCCTGAA-1	13811	10704	0.7750343928752443
GSM6339597	GTTTCAGCATTTGCTC-1	4815	3162	0.6566978193146418
GSM6339597	GTTTCCTCAATATACC-1	19648	13393	0.681646986970684
GSM6339597	GTTTCCTCAATGCGCT-1	6592	4658	0.7066140776699029
GSM6339597	GTTTCCTCATAATGAG-1	1224	725	0.5923202614379085
GSM6339597	GTTTCCTCATCGCTCC-1	11864	11658	0.9826365475387727
GSM6339597	GTTTCTAGTAACGTGC-1	2737	2349	0.8582389477530142
GSM6339597	GTTTCTAGTAATGGAA-1	4195	3222	0.768057210965435
GSM6339597	GTTTCTAGTGTCACGG-1	7982	5314	0.6657479328489101
GSM6339597	GTTTCTAGTTGTTGTC-1	1566	1217	0.777139208173691
GSM6339597	GTTTCTAGTTTCCGGC-1	5553	3483	0.6272285251215559
GSM6339597	GTTTGTAAGCTTTGTT-1	21253	14685	0.6909612760551451
GSM6339597	GTTTGTAAGGAACCAA-1	23726	22200	0.9356823737671752
GSM6339597	GTTTGTAAGGCTGGCT-1	5692	4149	0.7289177793394237
GSM6339597	GTTTGTAAGTAACCCG-1	6174	4135	0.669744088111435
GSM6339597	GTTTGTAAGTAGAGGC-1	10865	6866	0.6319374137137598
GSM6339597	GTTTGTAAGTCTCACC-1	9796	6930	0.7074316047366271
GSM6339597	GTTTGTCGTCTAACAG-1	10055	6583	0.6546991546494282
GSM6339597	GTTTGTCGTTCCGGCT-1	6329	4346	0.6866803602464845
GSM6339597	GTTTGTTTCAAAGGCA-1	23185	21543	0.9291783480698728
GSM6339597	GTTTGTTTCAGGCTAT-1	12603	10528	0.8353566611124336
GSM6339597	GTTTGTTTCCTTAGGG-1	11305	8019	0.7093321539141972
GSM6339597	GTTTGTTTCGGTTTCC-1	12364	9819	0.794160465868651
GSM6339597	GTTTGTTTCTCTAGCC-1	25560	20863	0.8162363067292645
GSM6339597	GTTTGTTTCTTTGACT-1	9496	6781	0.7140901432181971
GSM6339597	TAAACAGCAACCTAAT-1	2449	2038	0.8321763985300122
GSM6339597	TAAACAGCACCAGCAT-1	8630	7054	0.8173812282734647
GSM6339597	TAAACAGCACCTATAG-1	9271	6654	0.7177219285945421
GSM6339597	TAAACAGCACTTACAG-1	464	297	0.6400862068965517
GSM6339597	TAAAGCCTCATTGCGG-1	9368	6577	0.702070879590094
GSM6339597	TAAAGCCTCCACCTGT-1	4961	3693	0.7444063696835316
GSM6339597	TAAAGCCTCCTGCGAA-1	5505	4811	0.8739327883742053
GSM6339597	TAAAGCCTCCTGGTCT-1	7183	5441	0.7574829458443547
GSM6339597	TAACAAGCACCTGCCT-1	12717	8782	0.6905716757096799
GSM6339597	TAACAAGCATAAAGCA-1	14742	11440	0.7760141093474426
GSM6339597	TAACAAGCATAGGCGA-1	4580	2686	0.5864628820960699
GSM6339597	TAACCAGGTGCTTTAC-1	30565	24160	0.7904465892360543
GSM6339597	TAACCAGGTTCATTTG-1	16552	16581	1.0017520541324312
GSM6339597	TAACCAGGTTCCTCCT-1	1317	939	0.7129840546697038
GSM6339597	TAACCGGTCATCCTCA-1	10345	6833	0.6605123247945868
GSM6339597	TAACCGGTCATGCTAA-1	2437	1633	0.6700861715223636
GSM6339597	TAACCGGTCTAAGGAG-1	11441	7867	0.687614718993095
GSM6339597	TAACCGGTCTTAGCCC-1	46312	28126	0.6073155985489722
GSM6339597	TAACCTAAGAGAGGAG-1	1580	1228	0.7772151898734178
GSM6339597	TAACCTAAGCACCACA-1	20003	14221	0.7109433584962256
GSM6339597	TAACCTAAGCTATATG-1	15801	13703	0.8672235934434529
GSM6339597	TAACCTAAGGCATGAA-1	7529	4954	0.6579891087793863
GSM6339597	TAACCTAAGGTGAAGC-1	7818	7173	0.9174980813507291
GSM6339597	TAACCTAAGGTTAGCT-1	9199	5757	0.6258288944450484
GSM6339597	TAACCTAAGTGAGGTA-1	17448	16401	0.9399931224209078
GSM6339597	TAAGCCAGTCAAGTAT-1	9556	8022	0.8394725826705735
GSM6339597	TAAGCCAGTCATGCAA-1	9117	5847	0.6413293846660085
GSM6339597	TAAGCCAGTGGTTATG-1	799	595	0.7446808510638298
GSM6339597	TAAGCCAGTTAGACCA-1	5179	3445	0.6651863294072214
GSM6339597	TAAGCCTAGCTGCACA-1	15346	15379	1.0021503974977193
GSM6339597	TAAGCTATCCATAAGC-1	1770	1117	0.6310734463276836
GSM6339597	TAAGCTATCCGCAACA-1	15492	12422	0.8018332042344436
GSM6339597	TAAGCTGGTTGCGCGA-1	16205	8372	0.5166306695464363
GSM6339597	TAAGGACCATCTTGAG-1	10959	8622	0.7867506159321106
GSM6339597	TAAGGCTTCAAACCTA-1	10530	7295	0.6927825261158594
GSM6339597	TAAGGCTTCCCGCATT-1	10294	7588	0.7371284243248494
GSM6339597	TAAGGCTTCTTGCATT-1	4362	2840	0.651077487391105
GSM6339597	TAAGTAGCAAGCGATG-1	32074	26761	0.8343518114360541
GSM6339597	TAAGTAGCACTAAGCC-1	37986	31150	0.8200389617227399
GSM6339597	TAAGTAGCAGCTTACA-1	13672	9216	0.6740784084259801
GSM6339597	TAAGTAGCATAGACCC-1	2977	2387	0.8018139066174
GSM6339597	TAAGTAGCATCCCTCA-1	9383	6782	0.7227965469466056
GSM6339597	TAAGTGCTCGGTACGC-1	8965	6941	0.7742331288343558
GSM6339597	TAATCACCAACACCTA-1	13973	11802	0.8446289272167752
GSM6339597	TAATCACCAGATTCAT-1	9037	6334	0.7008963151488325
GSM6339597	TAATCACCAGGAATCG-1	11593	8473	0.7308720779780902
GSM6339597	TAATCACCAGTGAACG-1	1722	1314	0.7630662020905923
GSM6339597	TAATCACCATGGCCCA-1	14158	12970	0.9160898431981919
GSM6339597	TAATCACCATTAAAGG-1	644	468	0.7267080745341615
GSM6339597	TAATCCGCAATTATGC-1	10173	7797	0.7664405780005898
GSM6339597	TAATCCGCAGAGGGAG-1	14998	13161	0.8775170022669689
GSM6339597	TAATCCGCAGGTTACC-1	6300	4541	0.7207936507936508
GSM6339597	TAATCCGCATCGTTCT-1	2648	1857	0.7012839879154078
GSM6339597	TAATGCATCAATCTAG-1	561	438	0.7807486631016043
GSM6339597	TAATGCATCAGCACGC-1	10038	6509	0.6484359434150229
GSM6339597	TAATGCATCATAACCA-1	24233	18499	0.7633805141748855
GSM6339597	TAATGCATCCCTGATC-1	730	526	0.7205479452054795
GSM6339597	TAATGCATCCTTAGGG-1	9211	7906	0.8583215720334383
GSM6339597	TAATGCATCGGTAACT-1	9335	6318	0.6768077129084092
GSM6339597	TAATGCATCTGTGCCT-1	16574	11634	0.7019428019790033
GSM6339597	TAATGCATCTTACTCG-1	8017	5298	0.6608457028813771
GSM6339597	TAATGGACAACTGGCT-1	6428	4389	0.6827940261356565
GSM6339597	TAATGGACAAGGTAAC-1	11955	8989	0.7519029694688415
GSM6339597	TAATGGACAGGAACAT-1	5764	4093	0.7100971547536433
GSM6339597	TAATGGACATAGTCAT-1	4636	2995	0.6460310612597067
GSM6339597	TAATGGACATCCCTCA-1	4314	2638	0.6114974501622624
GSM6339597	TAATGGTGTGTTAAAC-1	28692	21141	0.7368255959849436
GSM6339597	TAATGGTGTGTTGTAG-1	18652	13534	0.7256058331546215
GSM6339597	TAATGGTGTGTTTGCT-1	6985	4558	0.6525411596277738
GSM6339597	TAATGGTGTTACTTCA-1	17285	12020	0.6954006363899334
GSM6339597	TAATGGTGTTCGCTCA-1	10877	8543	0.7854187735588857
GSM6339597	TAATGGTGTTGTTCAC-1	11510	7200	0.6255430060816681
GSM6339597	TAATGGTGTTGTTGCT-1	1715	819	0.4775510204081633
GSM6339597	TAATGGTGTTTACGTC-1	12984	10007	0.7707178065311152
GSM6339597	TAATTGCCACAACAAA-1	5888	4409	0.7488111413043478
GSM6339597	TAATTGCCACACCAAC-1	994	542	0.545271629778672
GSM6339597	TACAACATCCCGTTAC-1	19389	14420	0.7437206663572129
GSM6339597	TACAACATCCTTTACG-1	2759	1784	0.6466110909749909
GSM6339597	TACAACATCGCGACAC-1	8925	6207	0.6954621848739496
GSM6339597	TACAACATCTGGTCCT-1	4623	3302	0.7142548128920614
GSM6339597	TACAACATCTTAAGTG-1	4422	3168	0.7164179104477612
GSM6339597	TACAACATCTTAGCGG-1	31005	24668	0.7956136107079503
GSM6339597	TACAAGCTCCAAACAC-1	518	302	0.583011583011583
GSM6339597	TACAGCTAGCCTGTGA-1	12038	9186	0.7630835686991194
GSM6339597	TACAGCTAGGCCATCA-1	2136	1560	0.7303370786516854
GSM6339597	TACAGCTAGGTAAGCA-1	542	337	0.6217712177121771
GSM6339597	TACAGGTTCACAGGAA-1	16155	12281	0.760198081089446
GSM6339597	TACATCAAGTAACCCG-1	5455	3509	0.643263061411549
GSM6339597	TACCAAATCATTAGTG-1	6351	3641	0.5732955440088175
GSM6339597	TACCAAATCCAAACAC-1	18824	14679	0.7798023799405015
GSM6339597	TACCAAATCCGGTATG-1	1349	744	0.5515196441808747
GSM6339597	TACCAAATCGGCCATA-1	7487	5093	0.680245759316148
GSM6339597	TACCAGGTCCCTTGCG-1	5943	4251	0.7152953054013125
GSM6339597	TACCAGGTCCTCGATC-1	7329	6077	0.8291717833265111
GSM6339597	TACCAGGTCGGTTCCT-1	644	403	0.6257763975155279
GSM6339597	TACCCGGCAACAGGTG-1	10621	6997	0.6587891912249317
GSM6339597	TACCCGGCAATTAAGG-1	8971	7087	0.789989967673615
GSM6339597	TACCCGGCATTCCTCG-1	3314	2452	0.7398913699456849
GSM6339597	TACCGAAGTAACCTAG-1	4467	2937	0.6574882471457354
GSM6339597	TACCGAAGTGTGAGAG-1	8999	6780	0.753417046338482
GSM6339597	TACCGAAGTTCGGTAA-1	16103	14131	0.8775383468918835
GSM6339597	TACCGCAAGCAAACCT-1	10973	7437	0.6777544882894377
GSM6339597	TACCGCAAGCAAGGAC-1	11172	6730	0.6023988542785536
GSM6339597	TACCGCAAGCACGATT-1	11711	9296	0.793783622235505
GSM6339597	TACCGCAAGCACGTTG-1	26663	20234	0.7588793459100627
GSM6339597	TACCGCAAGCCTGGTA-1	12539	9929	0.7918494297790892
GSM6339597	TACCGCAAGCCTGTGA-1	37091	30197	0.8141328084980184
GSM6339597	TACCGCAAGTAACGAG-1	13058	10663	0.8165875325470976
GSM6339597	TACCGCAAGTACCGCA-1	7601	4961	0.6526772793053546
GSM6339597	TACCGCAAGTCATTGA-1	2673	2306	0.8627010849233071
GSM6339597	TACCGCAAGTGATTCA-1	34143	26003	0.7615909556863779
GSM6339597	TACCGCAAGTTCCTCA-1	11331	9529	0.8409672579648751
GSM6339597	TACCGTTGTGTAATAC-1	10454	8431	0.8064855557681271
GSM6339597	TACCTCATCATGGCTG-1	12872	9398	0.7301118707271598
GSM6339597	TACCTCATCCGGGACT-1	22308	17171	0.769723865877712
GSM6339597	TACCTCATCCGTGACA-1	9025	7094	0.786038781163435
GSM6339597	TACCTCATCCTTAGTT-1	3365	2700	0.8023774145616642
GSM6339597	TACCTGCTCAATGTCA-1	12793	8086	0.6320644102243415
GSM6339597	TACCTGCTCAGCAAAG-1	12727	9405	0.7389801210025929
GSM6339597	TACCTGCTCCGGAACC-1	13575	10896	0.8026519337016574
GSM6339597	TACCTGCTCTTGAGCG-1	3278	3213	0.9801708358755339
GSM6339597	TACCTTAGTGAGACTC-1	5249	4281	0.815583920746809
GSM6339597	TACCTTAGTGCGCATG-1	920	669	0.7271739130434782
GSM6339597	TACCTTAGTGGATTAT-1	31317	22314	0.7125203563559728
GSM6339597	TACCTTAGTTTATGGG-1	2639	1410	0.5342932929139825
GSM6339597	TACCTTTAGCACAGAA-1	1328	750	0.5647590361445783
GSM6339597	TACCTTTAGGACCGCT-1	3234	1560	0.48237476808905383
GSM6339597	TACCTTTAGGTGAGAC-1	1397	925	0.6621331424481031
GSM6339597	TACCTTTAGTAACGGA-1	5693	3897	0.6845248550851923
GSM6339597	TACGCACCAAGCTACC-1	2678	1771	0.6613144137415982
GSM6339597	TACGCACCATACTCCT-1	4778	3364	0.7040602762662201
GSM6339597	TACGCACCATCCTGAA-1	4690	3224	0.6874200426439232
GSM6339597	TACGCTTGTAACCAGC-1	2053	1116	0.5435947394057477
GSM6339597	TACGCTTGTACCGAAC-1	14235	15077	1.0591499824376536
GSM6339597	TACGCTTGTGTTTGAG-1	1841	1246	0.6768060836501901
GSM6339597	TACGCTTGTTAAGTGT-1	6270	4371	0.6971291866028708
GSM6339597	TACGGATTCAGGCCTA-1	12611	9893	0.7844738720164935
GSM6339597	TACGGATTCCGTGACA-1	18107	14767	0.8155409510134203
GSM6339597	TACGGATTCGAGGTGG-1	10230	7267	0.7103616813294232
GSM6339597	TACGGATTCTAATCAG-1	9703	7640	0.7873853447387406
GSM6339597	TACGGATTCTGTAATG-1	3780	2802	0.7412698412698413
GSM6339597	TACGGTTAGGCGCATC-1	4097	2662	0.6497437149133513
GSM6339597	TACGGTTAGTCAGGCC-1	2373	1369	0.5769068689422672
GSM6339597	TACGTAATCAAGCTAC-1	14362	11343	0.7897925080072413
GSM6339597	TACGTAATCATGCAAC-1	16809	13957	0.8303289904217979
GSM6339597	TACGTAATCTCACTCA-1	7721	5825	0.7544359538919829
GSM6339597	TACGTAATCTCGCCTG-1	8380	6193	0.7390214797136038
GSM6339597	TACGTACAGGAAGCAC-1	28299	28955	1.0231810311318421
GSM6339597	TACGTACAGTGAACCT-1	7210	6266	0.8690707350901525
GSM6339597	TACGTTAAGCTACTGG-1	10830	6905	0.6375807940904894
GSM6339597	TACGTTAAGGACCTTG-1	14344	11759	0.8197852760736196
GSM6339597	TACGTTAAGGGTGAGT-1	13474	9554	0.7090693186878433
GSM6339597	TACGTTAAGTCATTAG-1	4928	3470	0.7041396103896104
GSM6339597	TACTAAGTCGTTATCT-1	924	612	0.6623376623376623
GSM6339597	TACTAAGTCTATCGCC-1	874	563	0.6441647597254004
GSM6339597	TACTCAAAGATGGAGC-1	28243	21185	0.7500973692596395
GSM6339597	TACTCAAAGCTATATG-1	30456	24558	0.8063435776201734
GSM6339597	TACTCAAAGCTTACTT-1	14423	9794	0.6790542882895375
GSM6339597	TACTCAAAGGAGCAAC-1	17296	14080	0.8140610545790934
GSM6339597	TACTCAAAGTTGGATC-1	6648	5683	0.8548435619735258
GSM6339597	TACTCGCTCACCGGTA-1	2639	1695	0.6422887457370215
GSM6339597	TACTCGCTCATCAGTA-1	30823	25566	0.8294455439120137
GSM6339597	TACTCGCTCCTTGTTG-1	1770	1125	0.635593220338983
GSM6339597	TACTGACAGAGGATAT-1	9009	6074	0.6742146742146742
GSM6339597	TACTGACAGTAAGTGG-1	9544	8974	0.9402766135792121
GSM6339597	TACTGACAGTCACTCC-1	6220	4876	0.7839228295819936
GSM6339597	TACTGACAGTCATTTC-1	15872	14248	0.8976814516129032
GSM6339597	TACTGACAGTGTTGTA-1	4889	4674	0.9560237267334833
GSM6339597	TACTGAGGTGATGAAA-1	5046	3386	0.6710265556876734
GSM6339597	TACTGAGGTGGAAACG-1	6527	5186	0.7945457331086258
GSM6339597	TACTGAGGTTGCAGTA-1	434	280	0.6451612903225806
GSM6339597	TACTGAGGTTTCCTCC-1	730	472	0.6465753424657534
GSM6339597	TACTGCACAACCGCCA-1	25690	22255	0.8662903853639549
GSM6339597	TACTGCACAATTAGCT-1	26209	19031	0.7261246136823228
GSM6339597	TACTGCACACTAAGAA-1	20586	15004	0.7288448460118527
GSM6339597	TACTGCACACTAAGCC-1	10852	8028	0.7397714706966457
GSM6339597	TACTGGCCACCCACCT-1	18676	17233	0.9227350610409081
GSM6339597	TACTGGCCAGGCTACT-1	10347	7567	0.7313230888180149
GSM6339597	TACTTCGTCAATGAGG-1	21286	18474	0.8678943906793197
GSM6339597	TACTTCGTCATGCATA-1	16254	13878	0.8538205980066446
GSM6339597	TACTTCGTCCTAGTAA-1	9590	6988	0.7286757038581856
GSM6339597	TACTTCGTCCTGAATA-1	12470	10635	0.8528468323977546
GSM6339597	TACTTCGTCCTGATTT-1	14792	9725	0.6574499729583558
GSM6339597	TACTTCGTCTGTGCAG-1	9184	6525	0.7104747386759582
GSM6339597	TACTTGTTCAATGTGC-1	14860	11358	0.7643337819650067
GSM6339597	TACTTGTTCTGTAATG-1	15222	14572	0.9572986466955722
GSM6339597	TACTTGTTCTTGATGA-1	4341	3141	0.72356599861783
GSM6339597	TAGACCAGTACTGATG-1	8622	5272	0.61145905822315
GSM6339597	TAGACCAGTATTGCAG-1	1725	1002	0.5808695652173913
GSM6339597	TAGACCAGTCAATAGT-1	10563	8272	0.7831108586575783
GSM6339597	TAGACCAGTCATAGAT-1	9829	5923	0.6026045375928375
GSM6339597	TAGACCAGTCTAGCTT-1	11959	7680	0.642194163391588
GSM6339597	TAGACCAGTTGCGGAT-1	4894	2779	0.5678381691867593
GSM6339597	TAGAGCCGTATTGTGG-1	4585	3467	0.7561613958560524
GSM6339597	TAGAGCCGTGATTACG-1	2433	1802	0.740649404027949
GSM6339597	TAGAGCCGTTTCGCGC-1	17123	12653	0.7389476143199206
GSM6339597	TAGCAGGCAAGATTCT-1	20190	12894	0.638632986627043
GSM6339597	TAGCAGGCAGCTAACC-1	2373	2079	0.8761061946902655
GSM6339597	TAGCAGGCAGTCTAGC-1	1454	1405	0.9662998624484181
GSM6339597	TAGCATATCAGCAAGA-1	3470	2349	0.6769452449567723
GSM6339597	TAGCATATCATAACGC-1	684	478	0.6988304093567251
GSM6339597	TAGCATATCATGGCCA-1	4967	4105	0.8264546003623918
GSM6339597	TAGCATATCATTGACA-1	4793	3930	0.8199457542249113
GSM6339597	TAGCATATCCGCAAAT-1	5224	4029	0.7712480857580398
GSM6339597	TAGCATATCCTACCTA-1	30515	20923	0.6856627887923972
GSM6339597	TAGCATATCGTTAAGC-1	9388	5955	0.6343204090328078
GSM6339597	TAGCCGGGTGACATAT-1	906	556	0.6136865342163356
GSM6339597	TAGCCGGGTGTGCAAC-1	4953	3401	0.6866545527962851
GSM6339597	TAGCCGGGTTACCTGT-1	691	399	0.5774240231548481
GSM6339597	TAGCCGGGTTGCTTCG-1	594	303	0.51010101010101
GSM6339597	TAGCCTCTCAAAGGCA-1	23572	17531	0.7437213643305617
GSM6339597	TAGCCTCTCAAATCGC-1	5847	4161	0.7116469984607491
GSM6339597	TAGCCTCTCATGCTTT-1	544	405	0.7444852941176471
GSM6339597	TAGCCTCTCCTAGTTT-1	11845	8484	0.7162515829463909
GSM6339597	TAGCCTCTCCTTGCGT-1	2667	2146	0.8046494188226472
GSM6339597	TAGCCTGAGAGGAAGG-1	4225	2659	0.6293491124260355
GSM6339597	TAGCCTGAGATGGACA-1	6296	4153	0.6596251588310038
GSM6339597	TAGCCTGAGGCATGTT-1	2698	1728	0.6404744255003706
GSM6339597	TAGCCTGAGTAGCTTA-1	18527	13936	0.7521994926323744
GSM6339597	TAGCCTGAGTCAGTAC-1	14543	10018	0.6888537440693117
GSM6339597	TAGCCTTGTAACCTAG-1	39333	24309	0.6180306612767905
GSM6339597	TAGCCTTGTCACAAAT-1	5099	3551	0.6964110609923514
GSM6339597	TAGCCTTGTGTAACCA-1	1513	1160	0.7666886979510905
GSM6339597	TAGCGCGGTACGGTAC-1	1491	829	0.5560026827632462
GSM6339597	TAGCGCGGTACTTCAC-1	10524	8260	0.7848726719878373
GSM6339597	TAGCGCGGTATTGTGG-1	8630	7262	0.8414831981460024
GSM6339597	TAGCGCGGTCCTTCAG-1	11846	10767	0.9089144014857335
GSM6339597	TAGCGCGGTCCTTCTC-1	14754	12833	0.8697980208756947
GSM6339597	TAGCGCGGTCCTTTAA-1	25598	24077	0.9405812954137042
GSM6339597	TAGCGCGGTTAGTTGG-1	889	591	0.6647919010123734
GSM6339597	TAGCGGCTCATAATCG-1	12095	8805	0.7279867713931376
GSM6339597	TAGCGGCTCCAGGTTG-1	12781	10639	0.8324074798529066
GSM6339597	TAGCTAATCAAACTCA-1	2078	1654	0.7959576515880654
GSM6339597	TAGCTAATCATGCAAC-1	15894	12507	0.7869007172517931
GSM6339597	TAGCTAATCCACCTTA-1	3492	2561	0.7333906071019473
GSM6339597	TAGCTAATCCATCAGG-1	2080	1098	0.5278846153846154
GSM6339597	TAGCTAATCCGCAAGC-1	12562	9118	0.7258398344212705
GSM6339597	TAGCTAATCGCGCTAA-1	1309	1025	0.7830404889228418
GSM6339597	TAGCTAATCGTTCACC-1	5754	3215	0.5587417448731318
GSM6339597	TAGCTAATCGTTTCTG-1	2233	1247	0.5584415584415584
GSM6339597	TAGCTAATCTTGTTCG-1	11889	7528	0.6331903440154765
GSM6339597	TAGCTAGGTAACTACG-1	7632	4377	0.5735062893081762
GSM6339597	TAGCTAGGTCATCAAG-1	12060	8186	0.6787728026533997
GSM6339597	TAGCTAGGTTCCTCCT-1	3495	2344	0.6706723891273247
GSM6339597	TAGCTTAAGAGGAGGA-1	13038	9911	0.7601626016260162
GSM6339597	TAGCTTAAGATAGACG-1	10157	7418	0.7303337599684946
GSM6339597	TAGCTTAAGGAGGCAT-1	652	499	0.7653374233128835
GSM6339597	TAGCTTAAGGTACCGC-1	12063	8756	0.7258559230705462
GSM6339597	TAGCTTAAGTGAGAGC-1	12266	9436	0.7692809391814772
GSM6339597	TAGCTTAAGTTGTCCC-1	1518	998	0.6574440052700923
GSM6339597	TAGCTTAAGTTTGTCT-1	1252	939	0.75
GSM6339597	TAGCTTGCAAAGCTAA-1	23709	20206	0.8522502003458602
GSM6339597	TAGCTTGCAAGGCCAA-1	9880	7929	0.8025303643724696
GSM6339597	TAGCTTGCAAGTCGCT-1	7654	4624	0.6041285602299451
GSM6339597	TAGCTTGCAATAGCCC-1	17363	13615	0.7841386857109947
GSM6339597	TAGCTTGCACCAGGTT-1	4170	2887	0.692326139088729
GSM6339597	TAGCTTGCATGAATAG-1	10438	9385	0.8991186050967618
GSM6339597	TAGGAACCAAGGTACG-1	798	488	0.6115288220551378
GSM6339597	TAGGAACCACATTAAC-1	7582	5310	0.7003429174360327
GSM6339597	TAGGAACCACTGGCTG-1	7280	4962	0.6815934065934066
GSM6339597	TAGGAACCATAATCGT-1	7760	5122	0.6600515463917526
GSM6339597	TAGGAGGGTCATAGAT-1	2289	1703	0.743993010048056
GSM6339597	TAGGAGGGTGTTCCCA-1	3533	2412	0.68270591565242
GSM6339597	TAGGCTAGTTAGGCGT-1	11450	7822	0.6831441048034934
GSM6339597	TAGGCTAGTTGCTTCG-1	10719	7972	0.7437260938520385
GSM6339597	TAGGCTAGTTTGCGCC-1	6704	4822	0.719272076372315
GSM6339597	TAGGCTAGTTTGTTGC-1	4813	3767	0.7826719301890712
GSM6339597	TAGGCTGTCAAACACC-1	1465	1279	0.8730375426621161
GSM6339597	TAGGCTGTCACCAATA-1	18922	18132	0.9582496564845154
GSM6339597	TAGGCTGTCATGTCAA-1	1404	897	0.6388888888888888
GSM6339597	TAGGCTGTCCCGTTAC-1	23324	18921	0.8112244897959183
GSM6339597	TAGGCTGTCGAAGTAG-1	510	309	0.6058823529411764
GSM6339597	TAGGCTGTCTGTGCAG-1	23519	18541	0.7883413410434117
GSM6339597	TAGGCTTAGCAAGATG-1	13601	10834	0.7965590765384898
GSM6339597	TAGGCTTAGCATCCAG-1	9954	7166	0.7199115933293149
GSM6339597	TAGGCTTAGCCATCAG-1	25094	21658	0.8630748386068383
GSM6339597	TAGGCTTAGCGGGCAA-1	18751	15967	0.8515279185110127
GSM6339597	TAGGCTTAGCTCCTAC-1	4855	2693	0.5546858908341915
GSM6339597	TAGGCTTAGCTTACTT-1	10067	5907	0.5867686500447005
GSM6339597	TAGGCTTAGGCCGGAA-1	12227	9594	0.7846569068455058
GSM6339597	TAGGCTTAGGCTAATC-1	11166	8549	0.7656277986745478
GSM6339597	TAGGCTTAGTTGCGTG-1	4251	2630	0.6186779581274994
GSM6339597	TAGGCTTAGTTGTCCC-1	7721	4795	0.6210335448776065
GSM6339597	TAGGGTTTCAGTATTG-1	1421	958	0.6741731175228712
GSM6339597	TAGGGTTTCCACCTGT-1	12185	9700	0.7960607304062371
GSM6339597	TAGGGTTTCGGGACCT-1	7884	5613	0.7119482496194824
GSM6339597	TAGGGTTTCTTGCAGG-1	3084	2363	0.76621271076524
GSM6339597	TAGGTGCGTCCGTGAG-1	18229	14111	0.7740962203082999
GSM6339597	TAGGTGCGTCGCATAA-1	3826	2552	0.6670151594354418
GSM6339597	TAGGTGCGTGTTGTGA-1	9722	8550	0.8794486731125283
GSM6339597	TAGGTGCGTTTGGCTT-1	8290	5417	0.653437876960193
GSM6339597	TAGGTTATCATTACGA-1	9615	6709	0.6977639105564223
GSM6339597	TAGGTTATCCGGAACC-1	33817	32622	0.9646627435905019
GSM6339597	TAGGTTATCGTCAAGT-1	20647	20302	0.9832905506853296
GSM6339597	TAGGTTATCTACCTAT-1	486	365	0.7510288065843621
GSM6339597	TAGGTTATCTTGCTAT-1	33766	27825	0.8240537819107978
GSM6339597	TAGGTTGGTCACCTAT-1	15957	13982	0.8762298677696309
GSM6339597	TAGGTTGGTTCGGGAT-1	7854	5003	0.6370002546473135
GSM6339597	TAGTAACGTAAGTCGC-1	5609	3704	0.6603672668924943
GSM6339597	TAGTAACGTCGTTACT-1	10147	8559	0.8435005420321278
GSM6339597	TAGTAACGTTGAAGCC-1	7904	4547	0.5752783400809717
GSM6339597	TAGTAAGCAATTGACT-1	15423	12534	0.8126823575179926
GSM6339597	TAGTAAGCACAGCCAT-1	3511	2195	0.6251780119624039
GSM6339597	TAGTAAGCATGCTCCC-1	1670	1262	0.755688622754491
GSM6339597	TAGTAGGAGAGAGCCG-1	11772	9204	0.781855249745158
GSM6339597	TAGTAGGAGGAAGTAT-1	4048	2534	0.6259881422924901
GSM6339597	TAGTAGGAGGAGCACG-1	14414	10249	0.7110448175385042
GSM6339597	TAGTAGGAGTAAGTCC-1	20078	13023	0.6486203805159877
GSM6339597	TAGTAGGAGTTGGCCA-1	23628	19480	0.824445573048925
GSM6339597	TAGTCAATCTTAGTGA-1	15131	10976	0.7253981891481065
GSM6339597	TAGTGAGAGCGCCTAA-1	18339	16398	0.8941599869131359
GSM6339597	TAGTGAGAGCTTGCTC-1	8984	5927	0.6597284060552092
GSM6339597	TAGTGAGAGGCGCTAC-1	12237	10340	0.844978344365449
GSM6339597	TAGTGAGAGGGCCACT-1	22568	22657	1.0039436370081531
GSM6339597	TAGTGAGAGTCATTGA-1	7465	5666	0.7590087073007368
GSM6339597	TAGTGAGAGTGAAGTG-1	33424	23550	0.704583532790809
GSM6339597	TAGTGGCGTAATCGTG-1	34249	22711	0.663114251510993
GSM6339597	TAGTGGCGTACTTAGG-1	9452	5629	0.595535336436733
GSM6339597	TAGTGGCGTATTACCC-1	5362	3690	0.6881760537113017
GSM6339597	TAGTGGCGTGGGTGAA-1	1469	1131	0.7699115044247787
GSM6339597	TAGTGGCGTTAACAGT-1	10174	7902	0.7766856693532533
GSM6339597	TAGTGGCGTTTGGTTC-1	11053	8996	0.8138966796344884
GSM6339597	TAGTGTGGTACGTTTC-1	10348	7425	0.7175299574797063
GSM6339597	TAGTGTGGTTAGTGAT-1	4549	2532	0.5566058474389975
GSM6339597	TAGTGTGGTTTATCGC-1	14317	10074	0.7036390305231542
GSM6339597	TAGTTGTCAGGCTTGT-1	392	220	0.5612244897959183
GSM6339597	TAGTTTGAGATGCCTG-1	8029	5591	0.6963507286087931
GSM6339597	TAGTTTGAGCAGGTTT-1	16695	13482	0.8075471698113208
GSM6339597	TAGTTTGAGCCTGTGA-1	5573	4212	0.7557868293558228
GSM6339597	TATAACCCAAACCTTG-1	13819	8794	0.6363702149214849
GSM6339597	TATAACCCAGCTACGT-1	37596	29396	0.7818916906053835
GSM6339597	TATAACCCATGAATAG-1	18296	15317	0.8371775251421075
GSM6339597	TATAGCCAGAAGGTGC-1	12307	7623	0.6194035914520192
GSM6339597	TATAGCCAGGTGAAGC-1	11627	8714	0.7494624580717296
GSM6339597	TATAGCCAGGTTAGCT-1	30673	21401	0.6977146024190656
GSM6339597	TATAGCCAGTGAAGTG-1	14157	8828	0.6235784417602599
GSM6339597	TATAGCCAGTGAGAGC-1	16143	9128	0.5654463234838629
GSM6339597	TATAGCTCAAAGCTCC-1	906	632	0.6975717439293598
GSM6339597	TATAGCTCAAGCTTAT-1	5905	4112	0.6963590177815411
GSM6339597	TATAGCTCACCTCAGG-1	1369	1055	0.7706355003652301
GSM6339597	TATAGCTCATAGGCGA-1	13173	9614	0.729826159568815
GSM6339597	TATAGCTCATCGCTTT-1	1984	1449	0.7303427419354839
GSM6339597	TATAGGTGTAATCGGC-1	2940	2037	0.6928571428571428
GSM6339597	TATAGGTGTCATTGTC-1	14598	9668	0.6622825044526648
GSM6339597	TATAGGTGTCTATCGT-1	7611	5640	0.7410327158060701
GSM6339597	TATAGGTGTGCTAGCG-1	8116	4499	0.5543371118777723
GSM6339597	TATAGGTGTGGCTTCC-1	3183	2006	0.6302230600062834
GSM6339597	TATATCCTCAGGAACA-1	11068	8672	0.7835200578243585
GSM6339597	TATATCCTCATTACGA-1	19188	16164	0.8424015009380863
GSM6339597	TATATCCTCCCAGTAG-1	16170	14101	0.8720470006184292
GSM6339597	TATATCCTCCTCATGC-1	17254	11956	0.6929407673582937
GSM6339597	TATATCCTCCTTTACG-1	14670	14237	0.9704839809134288
GSM6339597	TATATCCTCGCTAGAT-1	17327	14174	0.8180296646851735
GSM6339597	TATATCCTCTTTAGGA-1	17917	15897	0.8872579114807166
GSM6339597	TATCACAAGCATTAGC-1	7027	5024	0.7149565959869076
GSM6339597	TATCACAAGCCTGTTC-1	3504	2422	0.6912100456621004
GSM6339597	TATCCAGCAAACTCAT-1	5501	3512	0.6384293764770042
GSM6339597	TATCCAGCACCTAAGC-1	17371	15018	0.8645443555350872
GSM6339597	TATCCAGCAGCGCTTG-1	14721	10782	0.7324230690849807
GSM6339597	TATCCAGCAGGTTACC-1	4316	2805	0.6499073215940686
GSM6339597	TATCCAGCAGTTTGGC-1	879	803	0.9135381114903299
GSM6339597	TATCCAGCATTATGAC-1	4480	3058	0.6825892857142857
GSM6339597	TATCCGGAGAAAGGAA-1	9956	7026	0.7057051024507834
GSM6339597	TATCCGGAGCTAAAGG-1	18143	12779	0.704348784655239
GSM6339597	TATCCGGAGGACACTT-1	11625	8784	0.7556129032258064
GSM6339597	TATCCGGAGGGTCTAT-1	21429	18147	0.8468430631387373
GSM6339597	TATCCGGAGTAAGGGC-1	9004	4488	0.4984451354953354
GSM6339597	TATCGAGGTACCGTAA-1	1386	931	0.6717171717171717
GSM6339597	TATCGAGGTAGTTACG-1	484	376	0.7768595041322314
GSM6339597	TATCGAGGTCTAACAG-1	7047	4673	0.6631190577550731
GSM6339597	TATCGAGGTGAAGCCT-1	11952	9700	0.8115796519410977
GSM6339597	TATCGAGGTTACAAAC-1	22689	18697	0.824055709815329
GSM6339597	TATCGAGGTTAGGCTA-1	12861	9315	0.7242827151854444
GSM6339597	TATCGCACAAAGGCCA-1	8308	6422	0.7729898892633607
GSM6339597	TATCGCACAATAACCT-1	7595	5798	0.7633969716919026
GSM6339597	TATCGCACACATACTG-1	10915	7427	0.680439761795694
GSM6339597	TATCGCACAGCACCAT-1	1055	709	0.6720379146919432
GSM6339597	TATCGCACATTAGGTT-1	10214	7608	0.7448599960838065
GSM6339597	TATCGCGAGCTACTGG-1	1632	1176	0.7205882352941176
GSM6339597	TATCGCGAGTCACTAA-1	17518	15355	0.876527000799178
GSM6339597	TATGAAGCACCGGTAT-1	4429	3123	0.7051253104538271
GSM6339597	TATGAAGCAGCAACAG-1	660	358	0.5424242424242425
GSM6339597	TATGAAGCATTAGGCC-1	8892	6653	0.7482006297795771
GSM6339597	TATGACATCACAGCGC-1	1752	1182	0.6746575342465754
GSM6339597	TATGACATCCCAGTAG-1	2721	1701	0.6251378169790518
GSM6339597	TATGACATCCCTCAGT-1	20257	29268	1.444833884583107
GSM6339597	TATGACATCCCTGTTA-1	11192	7785	0.6955861329521087
GSM6339597	TATGACATCTAAGTGC-1	9218	6854	0.7435452375786504
GSM6339597	TATGACTCAAGGTATA-1	4176	2413	0.5778256704980843
GSM6339597	TATGACTCACAATGTT-1	2976	2227	0.7483198924731183
GSM6339597	TATGACTCACTAAGTT-1	31796	29639	0.9321612781481947
GSM6339597	TATGACTCAGCTTAAT-1	24119	18721	0.7761930428293047
GSM6339597	TATGACTCAGGATAAC-1	3331	2117	0.635544881416992
GSM6339597	TATGACTCAGGCATGA-1	5141	3321	0.6459832717370162
GSM6339597	TATGACTCAGGCTGTT-1	9976	6180	0.6194867682437851
GSM6339597	TATGACTCAGTTAAAG-1	5661	3328	0.5878819996467055
GSM6339597	TATGCATCACAACAAA-1	6441	4203	0.6525384257102934
GSM6339597	TATGCATCACCAGCAT-1	25108	15163	0.6039111040305879
GSM6339597	TATGCATCACTCGCTC-1	10973	7280	0.66344664175704
GSM6339597	TATGGATGTAGGATTT-1	11989	9086	0.7578613729251814
GSM6339597	TATGGATGTCATGCAA-1	12174	9251	0.7598981435846887
GSM6339597	TATGGATGTCCTTCTC-1	14904	10542	0.7073268921095008
GSM6339597	TATGGATGTCGTTATC-1	1084	668	0.6162361623616236
GSM6339597	TATGGATGTGGAAACG-1	2456	1341	0.5460097719869706
GSM6339597	TATGGATGTGGATTGC-1	1299	736	0.5665896843725943
GSM6339597	TATGGATGTGTTAAAC-1	6683	4947	0.7402364207691157
GSM6339597	TATGGATGTTTATGGG-1	10724	8337	0.7774151436031331
GSM6339597	TATGGCCCAACCCTCC-1	12334	9483	0.7688503324144641
GSM6339597	TATGGCCCAATGAGGT-1	16683	11931	0.715159144038842
GSM6339597	TATGGCCCATAATGAG-1	1778	1022	0.5748031496062992
GSM6339597	TATGGCCCATAGCTTG-1	5883	4657	0.7916029236783954
GSM6339597	TATGGCCCATCATGTG-1	23784	19258	0.8097040026908846
GSM6339597	TATGGGCGTATACTGG-1	16723	11562	0.6913831250373736
GSM6339597	TATGGGCGTGAGCAAG-1	8050	5792	0.7195031055900621
GSM6339597	TATGGGCGTGATCATG-1	3704	2795	0.7545896328293736
GSM6339597	TATGGGCGTGTTTGCT-1	25839	19109	0.73954100390882
GSM6339597	TATGGGCGTTGGTTGA-1	6582	5852	0.8890914615618353
GSM6339597	TATGGTCAGCTAAGTC-1	17951	14252	0.7939390563199822
GSM6339597	TATGGTCAGGAATAAC-1	8226	5220	0.6345733041575492
GSM6339597	TATGGTCAGGACAATG-1	7462	5475	0.7337175020101849
GSM6339597	TATGGTCAGGTCGAGG-1	10782	10351	0.9600259692079391
GSM6339597	TATGTGATCACTTTAC-1	6987	5306	0.7594103334764563
GSM6339597	TATGTGATCCTCACAC-1	15324	12261	0.8001174628034455
GSM6339597	TATGTGATCCTCATGC-1	10812	7740	0.7158712541620422
GSM6339597	TATGTGATCTATGACA-1	9065	7893	0.870711527854385
GSM6339597	TATGTGATCTCACATT-1	7528	4736	0.6291179596174282
GSM6339597	TATTACCTCCCGAAGC-1	4864	3220	0.6620065789473685
GSM6339597	TATTACCTCCTGGCTT-1	660	368	0.5575757575757576
GSM6339597	TATTACCTCGATTTGA-1	13278	12071	0.9090977556860973
GSM6339597	TATTACCTCGGCCAGT-1	706	441	0.6246458923512748
GSM6339597	TATTACCTCTTGGATA-1	2072	1590	0.7673745173745173
GSM6339597	TATTAGCCAACCGCCA-1	14018	11328	0.808103866457412
GSM6339597	TATTAGCCAAGGATTA-1	8967	5370	0.5988624958179993
GSM6339597	TATTAGCCACTAAGCC-1	15021	12899	0.8587311097796418
GSM6339597	TATTAGCCAGTATGTT-1	8551	6428	0.7517249444509414
GSM6339597	TATTAGCCATTGACAT-1	13378	8192	0.6123486320825235
GSM6339597	TATTAGGTCAGTATTG-1	4473	3055	0.6829868097473731
GSM6339597	TATTAGGTCATCACTT-1	10659	8354	0.7837508209025237
GSM6339597	TATTAGGTCCAGGTTG-1	2306	2308	1.0008673026886383
GSM6339597	TATTAGGTCCCGCCTA-1	2490	1851	0.7433734939759036
GSM6339597	TATTAGGTCTAATTGG-1	2251	1449	0.6437139049311417
GSM6339597	TATTCGTTCAGAAACG-1	11876	8738	0.7357696194004716
GSM6339597	TATTCGTTCATAAGCC-1	15966	18015	1.1283352123261932
GSM6339597	TATTCGTTCATTAGCA-1	10535	6939	0.6586616041765544
GSM6339597	TATTCGTTCGCAAACT-1	6685	4510	0.674644727000748
GSM6339597	TATTCGTTCGTTAAGC-1	16557	12615	0.7619133901069034
GSM6339597	TATTGACCAAGGTGGC-1	6695	4690	0.700522778192681
GSM6339597	TATTGACCACTGGCTG-1	2464	1419	0.5758928571428571
GSM6339597	TATTGACCAGTCTAAT-1	2899	2222	0.7664711969644705
GSM6339597	TATTGACCATGTTGCA-1	11559	10423	0.9017216022147244
GSM6339597	TATTGACCATTGCAGC-1	5961	3322	0.5572890454621707
GSM6339597	TATTTGCTCCATTACT-1	8960	6154	0.6868303571428571
GSM6339597	TATTTGCTCCTGTTCA-1	3087	1603	0.5192743764172335
GSM6339597	TATTTGCTCTCAATTC-1	8190	6376	0.7785103785103785
GSM6339597	TATTTGGAGGCACAGG-1	8260	5534	0.6699757869249394
GSM6339597	TATTTGGAGTCAGTAC-1	5996	3975	0.6629419613075384
GSM6339597	TATTTGGAGTTTAACG-1	7499	5182	0.691025470062675
GSM6339597	TCAAACCAGCACTTGG-1	4181	2925	0.699593398708443
GSM6339597	TCAAACCAGCCTCTCG-1	10057	7519	0.7476384607735905
GSM6339597	TCAAACCAGCGCATTG-1	21160	15945	0.7535444234404537
GSM6339597	TCAAACCAGGTGTCCA-1	18198	15444	0.8486646884272997
GSM6339597	TCAACAATCCGTTAAA-1	12603	9462	0.7507736253273031
GSM6339597	TCAACAATCTTCAATC-1	13874	11192	0.8066887703618278
GSM6339597	TCAAGAACACCAGGTT-1	8242	5997	0.7276146566367386
GSM6339597	TCAAGAACAGAGGCTA-1	24859	19071	0.7671668208697051
GSM6339597	TCAAGAACATTGGGAG-1	24879	24752	0.9948952932191808
GSM6339597	TCAAGACTCATGTTTC-1	9412	6249	0.6639396515087123
GSM6339597	TCAAGCTAGACAACGA-1	37143	30663	0.8255391325417979
GSM6339597	TCAAGCTAGATTCCTT-1	682	476	0.6979472140762464
GSM6339597	TCAAGGAAGACAAGTG-1	2305	1732	0.751409978308026
GSM6339597	TCAAGGAAGCAAACCT-1	14087	9917	0.7039823951160644
GSM6339597	TCAAGGAAGCATGAAG-1	3218	1982	0.6159105034182722
GSM6339597	TCAAGGAAGTCATTGA-1	8266	6728	0.8139366077909509
GSM6339597	TCAAGGAAGTGAGGGT-1	6763	4408	0.6517817536596185
GSM6339597	TCAAGGAAGTTTCCGC-1	21310	15394	0.7223838573439699
GSM6339597	TCAAGGTTCATGGCTG-1	17230	12598	0.7311665699361579
GSM6339597	TCAAGGTTCATTCATC-1	11002	9016	0.8194873659334666
GSM6339597	TCAAGGTTCCACCCTG-1	9836	6521	0.6629727531516877
GSM6339597	TCAAGGTTCGATTTGA-1	31686	28171	0.889067727071893
GSM6339597	TCAAGGTTCGCTATAA-1	12049	10340	0.8581625031122915
GSM6339597	TCAAGGTTCTAATCTC-1	7606	5007	0.6582960820404944
GSM6339597	TCAAGTATCAGGAAGC-1	7325	4437	0.6057337883959044
GSM6339597	TCAAGTATCTCTAGCC-1	2209	1551	0.7021276595744681
GSM6339597	TCAATCGCAAATACCT-1	10357	7825	0.7555276624505166
GSM6339597	TCAATCGCACTGGCCA-1	30416	24926	0.8195028932140979
GSM6339597	TCAATCGCAGCAGGTA-1	14046	10338	0.7360102520290475
GSM6339597	TCAATCGCAGCTTAAT-1	17137	13242	0.7727140106202953
GSM6339597	TCACATAAGACAGGTA-1	5548	3647	0.6573540014419611
GSM6339597	TCACATAAGCAAGACA-1	13347	11173	0.8371169551210009
GSM6339597	TCACATAAGCGGCTGT-1	5554	3838	0.6910334893770256
GSM6339597	TCACCGGCAATTAACC-1	6016	4470	0.7430186170212766
GSM6339597	TCACCGGCACTGACCG-1	12003	9325	0.7768891110555695
GSM6339597	TCACCGGCAGAAATTG-1	7420	5125	0.6907008086253369
GSM6339597	TCACCGGCATGCATAT-1	6583	3912	0.5942579371107398
GSM6339597	TCACCGGCATTAGGCC-1	8778	5890	0.670995670995671
GSM6339597	TCACCTCAGGCGGATG-1	24161	23503	0.9727660278961964
GSM6339597	TCACCTCAGTCTATGA-1	991	785	0.7921291624621595
GSM6339597	TCACCTCAGTGTGATC-1	5290	4106	0.7761814744801512
GSM6339597	TCACCTCAGTTGCCTC-1	6490	4834	0.7448382126348227
GSM6339597	TCACCTGGTGGATGTC-1	2823	1933	0.6847325540205456
GSM6339597	TCACGGATCGTCATTT-1	2568	1944	0.7570093457943925
GSM6339597	TCACGGATCTTTAAGG-1	6575	4545	0.691254752851711
GSM6339597	TCACTGACAACCCTAA-1	13000	10367	0.7974615384615384
GSM6339597	TCACTGACACTTGTTC-1	864	661	0.7650462962962963
GSM6339597	TCACTGACATGTCGCG-1	3019	2157	0.7144749917191123
GSM6339597	TCAGCAAGTCAATACG-1	9251	6665	0.7204626526861961
GSM6339597	TCAGCAAGTTAGCTGA-1	3220	1840	0.5714285714285714
GSM6339597	TCAGCCTTCTAAATCG-1	22945	23585	1.027892787099586
GSM6339597	TCAGCGATCAACCAAC-1	10209	7863	0.7702027622685865
GSM6339597	TCAGCGATCACAGCGC-1	4209	2918	0.6932763126633404
GSM6339597	TCAGCGATCATTCATC-1	8118	6368	0.7844296624784429
GSM6339597	TCAGCGATCATTGCGG-1	16088	11981	0.7447165589259075
GSM6339597	TCAGCGATCGCTAGCA-1	27781	18268	0.6575717216802851
GSM6339597	TCAGCGATCGCTATGG-1	11388	9016	0.7917105725324903
GSM6339597	TCAGCGATCTACCTCA-1	1471	1010	0.6866077498300476
GSM6339597	TCAGGAGCAAGGAATC-1	8864	6482	0.7312725631768953
GSM6339597	TCAGGAGCAATCCTGA-1	6408	4356	0.6797752808988764
GSM6339597	TCAGGTCCAAGACTCC-1	14992	10825	0.7220517609391676
GSM6339597	TCAGGTCCAAGGTCCT-1	7656	4993	0.6521682340647857
GSM6339597	TCAGGTCCAATTAAGG-1	7441	5219	0.7013842225507324
GSM6339597	TCAGGTCCACAATACT-1	6928	5484	0.7915704387990762
GSM6339597	TCAGGTCCAGATTCAT-1	13479	12236	0.9077824764448401
GSM6339597	TCAGGTCCATAAGTCT-1	8840	6599	0.7464932126696833
GSM6339597	TCAGGTCCATTGACAT-1	2043	1444	0.706803720019579
GSM6339597	TCAGGTTAGCACAGGG-1	29373	22523	0.7667926326898853
GSM6339597	TCAGGTTAGCCAGTAT-1	1067	828	0.7760074976569822
GSM6339597	TCAGGTTAGTTAGCCG-1	11880	8258	0.6951178451178451
GSM6339597	TCAGTAATCACGCGGT-1	8224	5798	0.7050097276264592
GSM6339597	TCAGTAATCCAGGGAG-1	14443	10772	0.7458284289967458
GSM6339597	TCAGTAATCCTAGTTT-1	26489	19311	0.7290195930386199
GSM6339597	TCAGTAATCGAGGAAC-1	13042	9242	0.7086336451464499
GSM6339597	TCAGTAATCTAAGTCA-1	18394	15349	0.8344568881156899
GSM6339597	TCAGTAGGTACGTTTC-1	5731	3506	0.6117606002442855
GSM6339597	TCAGTAGGTGGAAGGC-1	9796	8213	0.8384034299714169
GSM6339597	TCAGTAGGTTCACCCA-1	18049	14210	0.7873012355255139
GSM6339597	TCAGTGAGTAATAACC-1	3435	2786	0.8110625909752547
GSM6339597	TCAGTGAGTACGCGCA-1	17185	14673	0.8538260110561536
GSM6339597	TCAGTGAGTATTGGTG-1	2698	1803	0.6682727946627132
GSM6339597	TCAGTGAGTGTCCAGG-1	15347	12815	0.8350166156252036
GSM6339597	TCAGTGAGTTAAGCCA-1	9621	6380	0.6631327304853966
GSM6339597	TCAGTGAGTTTAACGG-1	12830	10816	0.8430241621200312
GSM6339597	TCATAACCACAATGTT-1	11562	7449	0.6442656979761286
GSM6339597	TCATAACCAGCTCATA-1	8859	6098	0.6883395417089965
GSM6339597	TCATAACCATAGCAGG-1	15878	11117	0.700151152538103
GSM6339597	TCATACTTCATCAGTA-1	11570	8546	0.7386343993085566
GSM6339597	TCATACTTCCGCTAGA-1	26653	24733	0.927963081079053
GSM6339597	TCATACTTCCGGTATG-1	9598	5684	0.592206709731194
GSM6339597	TCATACTTCGCAGGCT-1	7880	5644	0.716243654822335
GSM6339597	TCATCCATCCTAATGA-1	2885	1677	0.5812824956672443
GSM6339597	TCATGAGGTACTGATG-1	10980	7511	0.6840619307832423
GSM6339597	TCATGAGGTAGGTTTG-1	8972	7211	0.8037226928221133
GSM6339597	TCATGAGGTCAAAGAA-1	14094	11301	0.8018305661983823
GSM6339597	TCATGAGGTCAATAGT-1	11299	8221	0.7275865120807151
GSM6339597	TCATGAGGTTACCGGG-1	5200	3091	0.5944230769230769
GSM6339597	TCATGAGGTTTGCGCC-1	12467	9434	0.7567177348199245
GSM6339597	TCATGAGGTTTGTCTA-1	7488	5419	0.7236912393162394
GSM6339597	TCATGCCTCATGCTCC-1	9268	6455	0.6964825205006474
GSM6339597	TCATGCCTCCCTCATA-1	20469	13802	0.6742879476281206
GSM6339597	TCATGCCTCCTGGTCT-1	990	669	0.6757575757575758
GSM6339597	TCATGCCTCTGCAAGT-1	3324	2646	0.796028880866426
GSM6339597	TCATGTTTCACACAGT-1	30147	24800	0.8226357514843932
GSM6339597	TCATGTTTCACTTCAT-1	4542	2121	0.4669749009247028
GSM6339597	TCATGTTTCAGGCTAT-1	2609	1984	0.7604446147949406
GSM6339597	TCATGTTTCCTCACTA-1	3263	2198	0.6736132393502912
GSM6339597	TCATGTTTCGCTATGG-1	8315	6423	0.7724594107035478
GSM6339597	TCATGTTTCTTAGGGT-1	9824	7018	0.7143729641693811
GSM6339597	TCATTACTCGATTTAG-1	2483	1829	0.7366089407974225
GSM6339597	TCATTACTCGCTCCAT-1	18458	17505	0.9483692707768989
GSM6339597	TCATTACTCGGTTTGG-1	5486	4326	0.7885526795479402
GSM6339597	TCATTGCGTCACCAAA-1	19340	16317	0.8436918304033092
GSM6339597	TCATTGTTCACAGCGC-1	7416	5219	0.7037486515641855
GSM6339597	TCATTGTTCCGGTATG-1	10722	6952	0.6483864950568924
GSM6339597	TCATTGTTCTTGATGA-1	3783	2115	0.5590800951625694
GSM6339597	TCATTTGGTAAGGTTT-1	8539	6407	0.7503220517625014
GSM6339597	TCATTTGGTATTGGTG-1	8482	6113	0.7207026644659279
GSM6339597	TCATTTGGTGAAACAA-1	33446	27832	0.8321473419840938
GSM6339597	TCATTTGGTGGATTCA-1	25228	20575	0.8155620738861582
GSM6339597	TCATTTGGTTTAACGG-1	11101	9208	0.8294748220881002
GSM6339597	TCATTTGGTTTATCTG-1	11189	9764	0.8726427741531861
GSM6339597	TCCACAACAATAGCCC-1	21740	15000	0.6899724011039559
GSM6339597	TCCACAACACAAAGGT-1	9977	6655	0.6670341786108048
GSM6339597	TCCACAACATTGTCCT-1	10836	8554	0.789405684754522
GSM6339597	TCCAGCAAGGAGGTTA-1	6377	4271	0.669750666457582
GSM6339597	TCCAGCAAGGTCCAAT-1	16788	13724	0.8174886823921849
GSM6339597	TCCAGGATCAATACGC-1	794	534	0.672544080604534
GSM6339597	TCCAGGATCGTAACGT-1	8507	5725	0.6729751968966733
GSM6339597	TCCAGGATCGTGCCTT-1	4445	3258	0.7329583802024747
GSM6339597	TCCAGGATCTGGCAAT-1	1394	988	0.7087517934002869
GSM6339597	TCCAGGTCACCAGGTT-1	24815	20022	0.806850695144066
GSM6339597	TCCAGGTCAGCAATAA-1	14262	12172	0.8534567381853877
GSM6339597	TCCAGGTCAGGACCAA-1	723	503	0.6957123098201936
GSM6339597	TCCATAAAGCATGCAT-1	12650	10440	0.825296442687747
GSM6339597	TCCATAAAGGAACGCG-1	5103	3293	0.6453066823437194
GSM6339597	TCCATAAAGGATCACT-1	7230	3992	0.5521438450899032
GSM6339597	TCCATAAAGGTCCAAT-1	9412	8218	0.873140671483213
GSM6339597	TCCATAAAGTGAGGTA-1	5753	4332	0.752998435598818
GSM6339597	TCCATAAAGTTTCCTG-1	28356	23715	0.8363309352517986
GSM6339597	TCCATATTCACAAGCT-1	12163	9349	0.7686426046205705
GSM6339597	TCCATATTCATGCGTG-1	9146	7035	0.7691887163787448
GSM6339597	TCCATATTCCAAGTGT-1	13134	9955	0.7579564489112228
GSM6339597	TCCATATTCTAATCAG-1	737	539	0.7313432835820896
GSM6339597	TCCATATTCTCGACCT-1	18260	12560	0.687842278203724
GSM6339597	TCCATCATCCTTAATC-1	617	466	0.7552674230145867
GSM6339597	TCCATCATCTCAATTC-1	17689	11865	0.6707558369608231
GSM6339597	TCCATCATCTTGAGGT-1	25027	20801	0.831142366244456
GSM6339597	TCCATGCTCAACAAGG-1	16604	14629	0.8810527583714768
GSM6339597	TCCATGCTCAGGGCCT-1	15866	12963	0.8170301273162738
GSM6339597	TCCATGCTCCTTGCGT-1	35941	29686	0.8259647756044629
GSM6339597	TCCATGCTCTAAATCG-1	12060	8380	0.6948590381426202
GSM6339597	TCCATTGTCCGTCCAT-1	3180	2249	0.7072327044025157
GSM6339597	TCCATTGTCCTCACAC-1	13097	9425	0.7196304497213102
GSM6339597	TCCATTGTCGCTCCAT-1	13072	12796	0.9788861689106487
GSM6339597	TCCATTGTCTTAGGAC-1	20218	14637	0.7239588485507963
GSM6339597	TCCCGGACAAAGCTCC-1	1469	854	0.5813478556841388
GSM6339597	TCCCGGACAATATACC-1	4867	3707	0.7616601602629957
GSM6339597	TCCCGGACACCTAAGC-1	15728	10628	0.6757375381485249
GSM6339597	TCCCGGACAGAACCGA-1	8093	5788	0.7151859631780552
GSM6339597	TCCCGGACAGATTCAT-1	10597	8811	0.8314617344531471
GSM6339597	TCCCGTTAGAACCTGT-1	9941	7726	0.777185393823559
GSM6339597	TCCCGTTAGCTTAGTA-1	4229	2448	0.5788602506502719
GSM6339597	TCCCGTTAGGTTTACA-1	8705	6666	0.7657668006892591
GSM6339597	TCCCGTTAGTGAGGGT-1	32978	25484	0.7727575959730729
GSM6339597	TCCCGTTAGTTATGGC-1	9530	6751	0.7083945435466946
GSM6339597	TCCCGTTAGTTGCCTC-1	1635	1187	0.7259938837920489
GSM6339597	TCCCTCACAACGTGCT-1	11968	8710	0.727774064171123
GSM6339597	TCCCTCACAATGAGGT-1	4611	3632	0.7876816308826718
GSM6339597	TCCCTCACACACTAAT-1	7911	5592	0.7068638604474782
GSM6339597	TCCCTCACAGAAATTG-1	10902	8922	0.8183819482663731
GSM6339597	TCCCTCACAGCCTGCA-1	3694	2665	0.7214401732539253
GSM6339597	TCCCTCACAGGTTCAC-1	13099	9281	0.7085273685014123
GSM6339597	TCCCTCACATGAGTTT-1	35261	26953	0.7643855818042596
GSM6339597	TCCCTGGTCCTGATTT-1	4950	3067	0.6195959595959596
GSM6339597	TCCCTGGTCCTGGTCT-1	11695	9864	0.8434373663958957
GSM6339597	TCCCTGGTCGAGCAAA-1	1026	598	0.5828460038986355
GSM6339597	TCCCTGGTCGGGACTC-1	4255	3509	0.8246768507638073
GSM6339597	TCCCTGGTCTAACTGA-1	3909	2961	0.7574827321565618
GSM6339597	TCCGCCATCGCTAAAC-1	1575	942	0.5980952380952381
GSM6339597	TCCGCCATCGTTATCT-1	6561	4551	0.6936442615454961
GSM6339597	TCCGCCATCTAACCTT-1	7683	5359	0.6975139919302356
GSM6339597	TCCGGAATCCCGCAAA-1	9995	8257	0.8261130565282642
GSM6339597	TCCGGAATCCCTCAGT-1	9398	6885	0.732602681421579
GSM6339597	TCCGGAATCGCGCTAA-1	3829	2480	0.6476886915643771
GSM6339597	TCCGGAATCTCAATGA-1	12379	11575	0.9350512965506099
GSM6339597	TCCGGAATCTCGCCTG-1	23416	19095	0.8154680560300649
GSM6339597	TCCGGTAAGGACCTCA-1	1330	930	0.6992481203007519
GSM6339597	TCCGGTAAGGTACCGC-1	4159	2332	0.5607117095455638
GSM6339597	TCCGGTTTCATCCACC-1	15041	10980	0.7300046539458812
GSM6339597	TCCGGTTTCCGTGACA-1	18411	18442	1.0016837760034762
GSM6339597	TCCGGTTTCCTAACGG-1	1704	1226	0.7194835680751174
GSM6339597	TCCGGTTTCGCAGGCT-1	7386	4191	0.5674248578391552
GSM6339597	TCCGGTTTCGCCTGTT-1	8176	5803	0.7097602739726028
GSM6339597	TCCGGTTTCGCTAAGT-1	16795	15078	0.8977671926168502
GSM6339597	TCCGGTTTCTAATTGG-1	7437	5019	0.6748688987494957
GSM6339597	TCCGGTTTCTAGCGTG-1	9452	7448	0.7879813796022006
GSM6339597	TCCTAGTGTCGTTACT-1	6919	4105	0.5932938285879462
GSM6339597	TCCTAGTGTGCATTTC-1	18564	17672	0.9519500107735401
GSM6339597	TCCTAGTGTTTCCGGC-1	9380	7110	0.7579957356076759
GSM6339597	TCCTCAATCAGGAAGC-1	11077	8116	0.7326893563239144
GSM6339597	TCCTCAATCATTACAG-1	523	316	0.6042065009560229
GSM6339597	TCCTCAATCCTGTTCA-1	11553	10049	0.8698173634553795
GSM6339597	TCCTCAATCGATTATG-1	2011	1544	0.7677772252610642
GSM6339597	TCCTCAATCGGTCAAT-1	508	358	0.7047244094488189
GSM6339597	TCCTCACAGAAGGTGC-1	12296	9194	0.7477228366948602
GSM6339597	TCCTCACAGGAGCATA-1	2365	1757	0.7429175475687103
GSM6339597	TCCTCACAGTGCACGC-1	3464	2479	0.7156466512702079
GSM6339597	TCCTCTAAGCCTGAGC-1	27412	25007	0.9122647015905443
GSM6339597	TCCTCTAAGGGACGCA-1	24182	23420	0.9684889587296336
GSM6339597	TCCTCTAAGTTAGCCG-1	13310	10509	0.789556724267468
GSM6339597	TCCTGGTTCATGACCG-1	10345	6241	0.6032866118898018
GSM6339597	TCCTGGTTCGTTATCT-1	8071	5188	0.6427951926650972
GSM6339597	TCCTGGTTCTCTAGCC-1	7295	5021	0.6882796435915011
GSM6339597	TCCTGTTCACTTAGGC-1	6388	4739	0.7418597370068879
GSM6339597	TCCTGTTCAGAAATGC-1	16573	11910	0.7186387497737283
GSM6339597	TCCTGTTCAGGCGAGT-1	16976	15143	0.8920240339302544
GSM6339597	TCCTGTTCATATTGAC-1	12978	9344	0.7199876714439821
GSM6339597	TCCTTAGTCTAAATCG-1	27913	18599	0.6663203525239136
GSM6339597	TCCTTCAAGCGAGGTG-1	6886	4992	0.7249491722335173
GSM6339597	TCCTTGCAGACTAAGG-1	5455	3845	0.7048579285059579
GSM6339597	TCCTTGCAGAGGCTAA-1	7998	4993	0.6242810702675669
GSM6339597	TCCTTGCAGCATGTCG-1	14695	11783	0.8018373596461381
GSM6339597	TCCTTGCAGTGAGCGG-1	11726	8712	0.7429643527204502
GSM6339597	TCCTTTACAAGCCACT-1	1429	1021	0.7144856543037089
GSM6339597	TCCTTTACAGGTATTT-1	16069	11623	0.7233181903043127
GSM6339597	TCGACAAGTCTCAGCC-1	14079	8671	0.615881809787627
GSM6339597	TCGATTAAGCAAGACA-1	12414	8160	0.6573223779603673
GSM6339597	TCGATTAAGCTCCTTA-1	20982	15248	0.7267181393575446
GSM6339597	TCGATTAAGGCGAATA-1	9368	8074	0.861870196413322
GSM6339597	TCGATTAAGGTGTCCA-1	5823	3041	0.5222393955006011
GSM6339597	TCGCATTGTAATGACT-1	6983	5292	0.7578404697121581
GSM6339597	TCGCATTGTGGGTACT-1	3509	2012	0.573382730122542
GSM6339597	TCGCATTGTTGTCCAT-1	774	450	0.5813953488372093
GSM6339597	TCGCCCATCACTAAGC-1	4156	3098	0.7454282964388835
GSM6339597	TCGCCCATCACTTCAT-1	15466	9486	0.613345402819087
GSM6339597	TCGCCCATCATAATCG-1	18330	17770	0.9694489907255864
GSM6339597	TCGCCCATCATGCTCC-1	5791	3913	0.6757036781212226
GSM6339597	TCGCCCATCATTACTC-1	10714	7284	0.6798581295501214
GSM6339597	TCGCCCATCGTTAAGC-1	12030	9883	0.8215295095594347
GSM6339597	TCGCCCATCTCATCAT-1	1351	865	0.6402664692820134
GSM6339597	TCGCGAGGTACCAGGT-1	10081	6936	0.688026981450253
GSM6339597	TCGCGAGGTAGGATTT-1	10576	8881	0.839731467473525
GSM6339597	TCGCGAGGTAGGTTGC-1	1003	737	0.7347956131605184
GSM6339597	TCGCGAGGTGGACCTG-1	7069	3916	0.5539680294242467
GSM6339597	TCGCGAGGTTTGTTGC-1	874	624	0.7139588100686499
GSM6339597	TCGCGCACACAACAAA-1	4445	3346	0.752755905511811
GSM6339597	TCGCGCACACAGGAAT-1	17054	12915	0.7573003400961651
GSM6339597	TCGCGCACATAAGGAC-1	20740	14385	0.6935872709739633
GSM6339597	TCGCTAACACAAAGAC-1	8953	8185	0.914218697643248
GSM6339597	TCGCTAACAGGGAGGA-1	1656	1398	0.8442028985507246
GSM6339597	TCGGTAAGTAGTTAAC-1	14313	10616	0.7417033466079788
GSM6339597	TCGGTAAGTCACAAAT-1	15777	12903	0.8178360905115041
GSM6339597	TCGGTAAGTTCGCGCT-1	7614	5900	0.7748883635408458
GSM6339597	TCGGTAAGTTTGGTTC-1	21242	15995	0.752989360700499
GSM6339597	TCGGTTACAACATAAG-1	24053	21644	0.8998461730345487
GSM6339597	TCGGTTACATAGACCC-1	5587	3684	0.659387864685878
GSM6339597	TCGGTTCTCAATGTCA-1	4230	3359	0.7940898345153664
GSM6339597	TCGGTTCTCACTAATG-1	12257	9081	0.7408827608713389
GSM6339597	TCGGTTCTCTTACTCG-1	20253	15744	0.7773663161013183
GSM6339597	TCGGTTTGTTGACTTC-1	642	392	0.6105919003115264
GSM6339597	TCGGTTTGTTTGCGAA-1	1035	610	0.5893719806763285
GSM6339597	TCGTAATCAAAGGCCA-1	7797	6356	0.8151853276901372
GSM6339597	TCGTAATCACTTAACG-1	12896	10086	0.7821029776674938
GSM6339597	TCGTAATCAGGCATCT-1	8890	6064	0.6821147356580427
GSM6339597	TCGTAATCATGAGCAG-1	5889	4271	0.7252504669723213
GSM6339597	TCGTGCTTCCCTCACG-1	13179	11004	0.8349647165945823
GSM6339597	TCGTGCTTCCTTAGTT-1	11269	8770	0.7782411926524093
GSM6339597	TCGTGCTTCCTTGCGT-1	9219	6993	0.7585421412300684
GSM6339597	TCGTGCTTCTAACCAA-1	4422	2709	0.6126187245590231
GSM6339597	TCGTTAAAGAAACTGG-1	524	296	0.5648854961832062
GSM6339597	TCGTTAAAGGATTGCT-1	7626	5358	0.7025963808025177
GSM6339597	TCGTTAAAGGCATTAC-1	15727	13049	0.8297195905131303
GSM6339597	TCGTTAAAGGCTAAGA-1	3484	2494	0.7158438576349024
GSM6339597	TCGTTAAAGGTGAAGC-1	5889	3794	0.6442519952453727
GSM6339597	TCGTTAAAGTAGCTTA-1	2400	1394	0.5808333333333333
GSM6339597	TCGTTAAAGTATTGGC-1	7244	5980	0.8255107675317505
GSM6339597	TCGTTAAAGTTAGCTA-1	2312	1557	0.6734429065743944
GSM6339597	TCGTTACGTCATTGAG-1	6613	4945	0.7477695448359293
GSM6339597	TCGTTACGTGCTTTAC-1	6178	4564	0.7387504046617028
GSM6339597	TCGTTACGTTCGCGCT-1	552	313	0.5670289855072463
GSM6339597	TCGTTACGTTGTAAAC-1	6833	5498	0.8046246158349187
GSM6339597	TCGTTACGTTTATCGC-1	3264	2042	0.6256127450980392
GSM6339597	TCGTTAGCAATGCGCT-1	16721	12939	0.7738173554213265
GSM6339597	TCGTTAGCAGGCTAAG-1	20646	15101	0.7314249733604572
GSM6339597	TCGTTAGCATGCTCCC-1	394	299	0.7588832487309645
GSM6339597	TCGTTAGCATTCCTCG-1	1411	997	0.7065910701630049
GSM6339597	TCGTTATTCACAAGCT-1	29695	21604	0.727529887186395
GSM6339597	TCGTTATTCCCGAACA-1	13451	10169	0.7560032711322578
GSM6339597	TCGTTATTCCTAGTTT-1	10450	7123	0.6816267942583732
GSM6339597	TCGTTATTCCTTGCGT-1	3046	2197	0.7212738017071569
GSM6339597	TCGTTATTCGAAGTAG-1	11147	9271	0.8317035973804611
GSM6339597	TCGTTTCCAAGGTCGA-1	2125	1543	0.7261176470588235
GSM6339597	TCGTTTCCAATAAGCA-1	4330	2666	0.6157043879907621
GSM6339597	TCGTTTCCACCTCACC-1	2815	1900	0.6749555950266429
GSM6339597	TCGTTTCCACCTCGCT-1	2244	2681	1.1947415329768272
GSM6339597	TCGTTTCCATATTGAC-1	5445	4919	0.9033976124885216
GSM6339597	TCTAACCGTATTACCC-1	13444	10138	0.754091044332044
GSM6339597	TCTAACCGTCAAGTGC-1	11392	7295	0.6403616573033708
GSM6339597	TCTAACCGTCGCAATA-1	10084	6992	0.693375644585482
GSM6339597	TCTAACCGTCGTAAAT-1	2775	1882	0.6781981981981982
GSM6339597	TCTAACCGTTGTAACG-1	4130	2880	0.6973365617433414
GSM6339597	TCTAACTTCCAAGTGT-1	2910	2829	0.9721649484536082
GSM6339597	TCTAACTTCCTAATAG-1	3237	2407	0.7435897435897436
GSM6339597	TCTAACTTCCTGGCTT-1	3853	2712	0.7038671165325721
GSM6339597	TCTAACTTCCTTGTTG-1	5500	3566	0.6483636363636364
GSM6339597	TCTAACTTCGACAAAG-1	949	552	0.5816649104320337
GSM6339597	TCTAAGGGTTACGCGG-1	10447	6975	0.6676557863501483
GSM6339597	TCTAAGGGTTGTGATG-1	7819	5778	0.7389691776442
GSM6339597	TCTAATCTCATCCTCA-1	5381	3349	0.6223750232298829
GSM6339597	TCTAATCTCCACCTGT-1	8005	6250	0.7807620237351656
GSM6339597	TCTAATCTCCCGAAGC-1	2049	1568	0.7652513421181064
GSM6339597	TCTAATCTCCTAAGGT-1	12587	9491	0.754031937713514
GSM6339597	TCTAATCTCGAAGTAG-1	2734	1585	0.5797366495976591
GSM6339597	TCTACCTCAACTCGCG-1	16518	13621	0.8246155708923598
GSM6339597	TCTACCTCAAGTAAGC-1	4987	3314	0.6645277722077402
GSM6339597	TCTAGCACAACAACAA-1	9064	9403	1.0374007060900265
GSM6339597	TCTAGCACAACCTAAT-1	9463	6005	0.634576772693649
GSM6339597	TCTAGCACAAGCTTAT-1	7055	5892	0.8351523742026932
GSM6339597	TCTAGCACAATGCCCG-1	4278	2963	0.6926133707339879
GSM6339597	TCTAGCACAGCATGGA-1	12277	10609	0.8641361896228721
GSM6339597	TCTAGCACAGCCTAAC-1	1403	875	0.6236635780470421
GSM6339597	TCTAGCACAGGGAGGA-1	7950	5736	0.7215094339622642
GSM6339597	TCTAGCCTCAAACCGT-1	13369	11370	0.8504749794300247
GSM6339597	TCTAGCCTCGAGGAGT-1	456	321	0.7039473684210527
GSM6339597	TCTAGCCTCGTAATCA-1	3310	2079	0.6280966767371601
GSM6339597	TCTAGCGAGCATGTTA-1	27746	24363	0.8780725149571109
GSM6339597	TCTAGCGAGCGCCTAA-1	13554	11152	0.8227829423048546
GSM6339597	TCTAGCGAGGCGGGTA-1	25727	27286	1.0605978155245461
GSM6339597	TCTAGCGAGTTATGTG-1	1136	729	0.641725352112676
GSM6339597	TCTAGCGAGTTGGCCA-1	5714	4100	0.7175358767938397
GSM6339597	TCTATGTTCAGTTCCC-1	1438	871	0.605702364394993
GSM6339597	TCTATGTTCATGGTTA-1	15465	13725	0.8874878758486906
GSM6339597	TCTATGTTCCCATAAA-1	11717	9180	0.7834769992318853
GSM6339597	TCTATGTTCGAAGTAG-1	17086	13078	0.7654219829099848
GSM6339597	TCTATGTTCGGTAACT-1	4001	2666	0.6663334166458386
GSM6339597	TCTATGTTCGGTCAAT-1	10431	8260	0.7918703863483846
GSM6339597	TCTCAAGCACCAACCG-1	4954	4454	0.899071457408155
GSM6339597	TCTCAAGCAGTAGCCT-1	9741	7188	0.7379119186941793
GSM6339597	TCTCAAGCATATAACC-1	8929	7045	0.789002127897861
GSM6339597	TCTCAAGCATCAGTAT-1	31664	18959	0.598755684689237
GSM6339597	TCTCAATTCCGCAAAT-1	986	702	0.7119675456389453
GSM6339597	TCTCAATTCTCCTCTT-1	26546	21232	0.7998191817976343
GSM6339597	TCTCACCAGAGCCGCT-1	8763	5977	0.6820723496519456
GSM6339597	TCTCACCAGTGTTGCG-1	17239	14364	0.8332269853239747
GSM6339597	TCTCCTCGTAAGGTCC-1	21461	15774	0.735007688364941
GSM6339597	TCTCCTCGTGTTGTAG-1	17529	14790	0.8437446517200069
GSM6339597	TCTCGCCCAATTTGGT-1	14626	9016	0.616436482975523
GSM6339597	TCTCGCCCACCTGCTC-1	10911	7987	0.7320135642929154
GSM6339597	TCTGGCTTCATCCTCA-1	33065	24968	0.7551187055799183
GSM6339597	TCTGGCTTCCGTGACA-1	13443	11979	0.8910957375585806
GSM6339597	TCTGGCTTCGTCATTT-1	5226	3525	0.6745120551090701
GSM6339597	TCTGGCTTCTCGCCTG-1	24372	15699	0.6441408173313639
GSM6339597	TCTTAGCGTGCTTTAC-1	1322	875	0.6618759455370651
GSM6339597	TCTTAGCGTGGACCTG-1	22314	16823	0.7539213050103074
GSM6339597	TCTTAGCGTTACTTCA-1	5114	3525	0.6892843175596403
GSM6339597	TCTTAGCGTTCAAGAT-1	2341	1248	0.5331055104656129
GSM6339597	TCTTAGTTCGCAGGCT-1	5108	3227	0.6317541111981206
GSM6339597	TCTTAGTTCGCTCCAT-1	23898	17164	0.7182190978324546
GSM6339597	TCTTCAAGTAATGGAA-1	3465	2696	0.778066378066378
GSM6339597	TCTTCAAGTTTACTTG-1	9795	6535	0.6671771311893824
GSM6339597	TCTTGACGTAGCCTCC-1	2494	1740	0.6976744186046512
GSM6339597	TCTTGACGTAGCTAAT-1	10537	8952	0.849577678656164
GSM6339597	TCTTGACGTGATGGCT-1	35604	31548	0.8860802157061004
GSM6339597	TCTTGACGTTGCACGG-1	5670	3452	0.6088183421516755
GSM6339597	TCTTGACGTTGTAAAC-1	14201	9534	0.6713611717484684
GSM6339597	TCTTGACGTTGTGACA-1	15893	10654	0.6703580192537595
GSM6339597	TCTTGTCCAAACATAG-1	1573	1142	0.7260012714558169
GSM6339597	TCTTGTCCAAGGTGCA-1	5483	4080	0.7441181834761992
GSM6339597	TCTTGTCCAGAGGCTA-1	11565	6352	0.5492434068309555
GSM6339597	TCTTGTCCAGTAAAGC-1	5318	3308	0.6220383602858217
GSM6339597	TCTTTGTAGCCGCTTT-1	1462	1014	0.6935704514363885
GSM6339597	TCTTTGTAGGAGGACT-1	7218	5826	0.8071487946799667
GSM6339597	TCTTTGTAGGCGCTAC-1	17231	15724	0.9125413498926354
GSM6339597	TCTTTGTAGTATTGGC-1	16462	11846	0.7195966468229863
GSM6339597	TCTTTGTAGTCGCTAG-1	9867	7036	0.7130840174318435
GSM6339597	TGAAACTGTCGTTACT-1	440	374	0.85
GSM6339597	TGAAACTGTTGTAACG-1	4915	2852	0.580264496439471
GSM6339597	TGAAACTGTTTATGGG-1	4388	2661	0.6064266180492252
GSM6339597	TGAACAACAGGAAGCC-1	3374	2083	0.6173681090693539
GSM6339597	TGAACAGAGCATGTTA-1	22784	15926	0.698999297752809
GSM6339597	TGAACAGAGTTCCCAC-1	8296	6238	0.7519286403085824
GSM6339597	TGAACAGAGTTTGTCT-1	14073	9169	0.6515313010729766
GSM6339597	TGAAGCAAGACAAACG-1	12427	7779	0.6259756980767683
GSM6339597	TGAAGCAAGGTCGATT-1	11510	9056	0.7867940920938314
GSM6339597	TGAAGGATCACACAGT-1	18291	14707	0.8040566398775354
GSM6339597	TGAAGGATCCATTACT-1	21576	14516	0.6727845754542083
GSM6339597	TGAAGGATCCTGTTCA-1	7557	5279	0.698557628688633
GSM6339597	TGAAGGATCCTTGCGT-1	6523	4706	0.7214471868772038
GSM6339597	TGAAGGATCGGTAACT-1	19272	18172	0.9429223744292238
GSM6339597	TGAAGGATCGTTCACC-1	20912	19095	0.9131120887528692
GSM6339597	TGAAGGATCTGGTCCT-1	1261	971	0.7700237906423474
GSM6339597	TGAAGTGAGAGGGACT-1	31398	25636	0.8164851264411745
GSM6339597	TGAAGTGAGCACGTTG-1	16565	12298	0.7424086930274676
GSM6339597	TGAAGTGAGGCTCATG-1	963	795	0.8255451713395638
GSM6339597	TGAAGTGAGTTGGATC-1	3228	2743	0.8497521685254027
GSM6339597	TGACCAAGTTGGGTTA-1	461	323	0.7006507592190889
GSM6339597	TGACCAAGTTTATTCG-1	2057	1425	0.6927564414195431
GSM6339597	TGACCTTGTCAGGCAT-1	16707	12221	0.7314897946968336
GSM6339597	TGACCTTGTGCATTAG-1	7772	5932	0.7632527020072054
GSM6339597	TGACCTTGTTAGAGCC-1	9242	5613	0.6073360744427613
GSM6339597	TGACCTTGTTGCACAA-1	1457	1066	0.7316403568977351
GSM6339597	TGACTCCTCACTCGCT-1	8227	8004	0.9728941290871521
GSM6339597	TGACTCCTCATCCTCA-1	22995	16987	0.7387258099586866
GSM6339597	TGACTCCTCCACAATA-1	3685	2660	0.7218453188602443
GSM6339597	TGACTCCTCCAGGTCA-1	7920	5393	0.6809343434343434
GSM6339597	TGACTCCTCCTAAGAC-1	13565	9241	0.6812384813859197
GSM6339597	TGACTTAAGAAAGGAA-1	7787	6114	0.7851547450879671
GSM6339597	TGACTTAAGCGAGGTG-1	11571	8673	0.7495462794918331
GSM6339597	TGACTTAAGGAACCGG-1	31338	26381	0.8418214308507244
GSM6339597	TGACTTAAGGACCTCA-1	10056	7885	0.7841089896579156
GSM6339597	TGACTTAAGGATAAAC-1	10357	6904	0.6666022979627305
GSM6339597	TGACTTAAGGCGGGTA-1	13545	10299	0.7603543743078627
GSM6339597	TGACTTAAGGGACTAA-1	12721	10177	0.8000157220344313
GSM6339597	TGACTTAAGGGTTATC-1	7545	5595	0.7415506958250497
GSM6339597	TGACTTAAGTGAGGGT-1	9107	5917	0.6497199956077743
GSM6339597	TGACTTAAGTGTGATC-1	10498	8066	0.7683368260621071
GSM6339597	TGAGAACCAATTAGCT-1	9968	9392	0.942215088282504
GSM6339597	TGAGAACCAATTAGGA-1	2016	1672	0.8293650793650794
GSM6339597	TGAGAACCAGGCATGA-1	9191	6343	0.6901316505276901
GSM6339597	TGAGAACCATAACGGG-1	17512	13570	0.7748972133394244
GSM6339597	TGAGAACCATTCCTCG-1	1259	1011	0.8030182684670373
GSM6339597	TGAGCAAAGTTACCGG-1	12659	13826	1.0921873765700292
GSM6339597	TGAGCACGTACTGATG-1	2061	1715	0.8321203299369239
GSM6339597	TGAGCACGTTCCTGAT-1	986	525	0.5324543610547667
GSM6339597	TGAGCCGGTACGGTAC-1	12800	10168	0.794375
GSM6339597	TGAGCCGGTCACCAAA-1	32272	24513	0.7595748636588994
GSM6339597	TGAGCCGGTCCGTGAG-1	1694	1149	0.6782762691853601
GSM6339597	TGAGCCGGTTAAGGCC-1	595	366	0.6151260504201681
GSM6339597	TGAGCCGGTTAGGCTA-1	22577	17598	0.7794658280551003
GSM6339597	TGAGCTTAGACAACGA-1	24636	17697	0.7183390160740379
GSM6339597	TGAGCTTAGAGAGGAG-1	13509	11531	0.8535790954178696
GSM6339597	TGAGCTTAGCAAGGGT-1	1922	1105	0.5749219562955254
GSM6339597	TGAGCTTAGCGCCTAA-1	1497	834	0.5571142284569138
GSM6339597	TGAGCTTAGCTCGCTT-1	17195	11642	0.6770572840942134
GSM6339597	TGAGCTTAGGGATGCG-1	5223	2786	0.5334099176718361
GSM6339597	TGAGCTTAGTTATGTG-1	13858	10326	0.745129167268004
GSM6339597	TGAGGAGGTACGGTAC-1	17286	12152	0.7029966446835589
GSM6339597	TGAGGAGGTAGCCTCC-1	8562	6031	0.7043914973137118
GSM6339597	TGAGGAGGTTAAGGCC-1	13572	9229	0.6800029472443265
GSM6339597	TGAGGAGGTTTGCAGA-1	27803	21120	0.7596302557277992
GSM6339597	TGAGGCACAATTAGGA-1	10849	8998	0.8293851967923311
GSM6339597	TGAGGCACACATACTG-1	32854	20007	0.6089669446642723
GSM6339597	TGAGGCACACCGTTCC-1	3748	3071	0.8193703308431163
GSM6339597	TGAGGCACATCACTTC-1	7055	5508	0.7807228915662651
GSM6339597	TGAGGGAGTAGCTAGC-1	700	463	0.6614285714285715
GSM6339597	TGAGGGAGTCATTACC-1	6153	4000	0.6500893872907525
GSM6339597	TGAGGGAGTGGAAGGC-1	4080	3080	0.7549019607843137
GSM6339597	TGAGGGAGTGTTGTAG-1	20958	17560	0.8378662086076916
GSM6339597	TGAGGGAGTTCGGTAA-1	19593	17074	0.8714336752921962
GSM6339597	TGAGGGAGTTTAACGG-1	8612	5875	0.6821876451463075
GSM6339597	TGAGGGCCAAGCGATG-1	9269	7696	0.8302945301542777
GSM6339597	TGAGGTGCACAATACT-1	17339	14298	0.8246150297018282
GSM6339597	TGAGTGAAGATAACCC-1	9648	6561	0.6800373134328358
GSM6339597	TGAGTGAAGCTAATCA-1	31402	23503	0.748455512387746
GSM6339597	TGAGTGAAGGAACGGT-1	6550	5180	0.7908396946564885
GSM6339597	TGAGTTTCAACACTTG-1	11007	8243	0.7488870718633597
GSM6339597	TGAGTTTCAATGCCTA-1	21930	17380	0.7925216598267214
GSM6339597	TGAGTTTCAGGCCATT-1	13192	10538	0.7988174651303821
GSM6339597	TGAGTTTCAGTAAAGC-1	13744	10962	0.7975844004656577
GSM6339597	TGAGTTTCAGTTTCTC-1	3194	1944	0.6086412022542267
GSM6339597	TGAGTTTCATCAATCG-1	601	505	0.8402662229617305
GSM6339597	TGAGTTTCATGTCGCG-1	5873	4466	0.7604290822407628
GSM6339597	TGATCAATCCGTCCAT-1	14271	12538	0.8785649218695256
GSM6339597	TGATCAATCGTAACGT-1	12046	9820	0.815208367922962
GSM6339597	TGATCAATCTTGACCC-1	23709	19031	0.8026909612383483
GSM6339597	TGATCACAGCTTAGTA-1	13716	9732	0.7095363079615048
GSM6339597	TGATCAGGTTAGTTGG-1	7257	6342	0.8739148408433237
GSM6339597	TGATCAGGTTGCTGGG-1	16050	13366	0.832772585669782
GSM6339597	TGATCAGGTTTGTTGC-1	460	341	0.741304347826087
GSM6339597	TGATCCTGTGCAATAT-1	1334	965	0.7233883058470765
GSM6339597	TGATCCTGTGTTGTAG-1	865	568	0.6566473988439306
GSM6339597	TGATCCTGTGTTTGTC-1	11484	7448	0.6485545106234761
GSM6339597	TGATCCTGTTGAGCCG-1	1196	970	0.8110367892976589
GSM6339597	TGATCGAGTAGCTGGT-1	7493	6020	0.8034165220872814
GSM6339597	TGATCGAGTCCTAAGA-1	25369	16145	0.6364066380227837
GSM6339597	TGATCGAGTTCACCCA-1	3543	2679	0.756138865368332
GSM6339597	TGATGAACACAGGGAC-1	6943	4206	0.6057900043208988
GSM6339597	TGATGAACAGCGCTTG-1	28120	23232	0.8261735419630156
GSM6339597	TGATGAACAGGCATCT-1	1938	1376	0.7100103199174407
GSM6339597	TGATGAACATAAGCAA-1	1518	1228	0.8089591567852438
GSM6339597	TGATGAACATAGTCAT-1	4494	2741	0.6099243435692033
GSM6339597	TGATGAACATTCCTCG-1	14137	11626	0.822380986064936
GSM6339597	TGATGACTCACTTCAT-1	13014	12395	0.9524358383279545
GSM6339597	TGATGACTCATTTGTC-1	15900	11368	0.7149685534591195
GSM6339597	TGATGACTCCTCCCTC-1	3346	2702	0.8075313807531381
GSM6339597	TGATGACTCCTGAATA-1	17976	15761	0.8767801513128616
GSM6339597	TGATGATGTATGGTGC-1	883	714	0.8086070215175538
GSM6339597	TGATGATGTCCTTCAG-1	22209	16256	0.7319555135305507
GSM6339597	TGATGATGTCGTAAAT-1	10291	8472	0.823243610922165
GSM6339597	TGATGATGTGCTTACT-1	1085	617	0.5686635944700461
GSM6339597	TGATGATGTGGGTGAA-1	3786	2721	0.7187004754358162
GSM6339597	TGATGATGTTTGGGTA-1	15061	11946	0.7931744240090299
GSM6339597	TGATTAGTCACGTTAA-1	8220	5616	0.6832116788321168
GSM6339597	TGATTAGTCGCATTAA-1	2641	1488	0.5634229458538432
GSM6339597	TGATTAGTCTCACAAA-1	11203	7448	0.664821922699277
GSM6339597	TGATTAGTCTCCATGC-1	10177	6330	0.6219907634862927
GSM6339597	TGATTCAAGATAAAGC-1	2988	2181	0.7299196787148594
GSM6339597	TGATTCAAGCGCATTG-1	2009	1293	0.6436037829766053
GSM6339597	TGATTCAAGCTCAATA-1	37370	27753	0.7426545357238427
GSM6339597	TGATTCAAGGATCACT-1	9252	6289	0.6797449200172936
GSM6339597	TGATTGCAGGAACGGT-1	11030	8712	0.7898458748866727
GSM6339597	TGCAAGCGTTGGTTGA-1	2540	1908	0.7511811023622047
GSM6339597	TGCAATATCAATCTCT-1	9633	7269	0.7545935845530988
GSM6339597	TGCAATATCCTAAGTA-1	12249	7911	0.6458486407053637
GSM6339597	TGCAATATCCTTAATC-1	2648	1771	0.6688066465256798
GSM6339597	TGCAATATCTAGCGTG-1	14602	15142	1.036981235447199
GSM6339597	TGCACACCAAGGCCAA-1	788	509	0.6459390862944162
GSM6339597	TGCACACCAATCTCTC-1	596	340	0.5704697986577181
GSM6339597	TGCACACCAATGCGCT-1	842	495	0.5878859857482185
GSM6339597	TGCACCTTCAATGTGC-1	2208	1510	0.6838768115942029
GSM6339597	TGCACCTTCAGGCTAT-1	3948	2557	0.6476697061803445
GSM6339597	TGCACCTTCAGTTCCC-1	9583	6816	0.7112595220703328
GSM6339597	TGCACCTTCCTCCTAA-1	29035	23269	0.8014120888582745
GSM6339597	TGCACCTTCGAAGTAG-1	516	410	0.7945736434108527
GSM6339597	TGCACTTGTGGACATC-1	3802	2362	0.6212519726459758
GSM6339597	TGCAGGCTCCAGCACA-1	15442	13653	0.8841471312006217
GSM6339597	TGCAGGCTCCAGGTTG-1	14118	12214	0.8651367049157105
GSM6339597	TGCAGGCTCCTCATGC-1	21551	18408	0.8541598997726324
GSM6339597	TGCATCCTCACTTCAT-1	9224	5862	0.6355160450997398
GSM6339597	TGCATCCTCAGCATTA-1	6987	5284	0.7562616287390869
GSM6339597	TGCATCCTCCGCTAGA-1	14794	12336	0.8338515614438285
GSM6339597	TGCATCCTCGTTATAG-1	8091	6982	0.8629341243356816
GSM6339597	TGCATCCTCTATTGTC-1	14846	11115	0.7486865148861647
GSM6339597	TGCATCCTCTCACTCA-1	5273	3395	0.6438460079651053
GSM6339597	TGCATCCTCTTGAGCG-1	9645	7239	0.7505443234836703
GSM6339597	TGCATGAGTAATAGCT-1	15110	15020	0.9940436796823295
GSM6339597	TGCATGAGTACAAAGA-1	14393	12275	0.8528451330507886
GSM6339597	TGCATGAGTCAAAGAA-1	27197	20673	0.7601206015369342
GSM6339597	TGCATGAGTCACAAAT-1	7043	4452	0.6321169955984666
GSM6339597	TGCATTAAGAGAGGCT-1	987	637	0.6453900709219859
GSM6339597	TGCATTAAGCTATTGA-1	1906	1322	0.6935991605456453
GSM6339597	TGCATTAAGGCCGGAA-1	6167	5022	0.8143343603048484
GSM6339597	TGCATTAAGTCAGGCC-1	29395	24297	0.826569144412315
GSM6339597	TGCCATTGTACTGATG-1	4686	3367	0.7185232607767819
GSM6339597	TGCCATTGTCATGCAA-1	8555	4730	0.5528930450029222
GSM6339597	TGCCATTGTCCACAAA-1	815	557	0.6834355828220859
GSM6339597	TGCCATTGTGCAACTA-1	3579	2385	0.6663872590108969
GSM6339597	TGCCATTGTGTGTCCC-1	12220	8630	0.7062193126022913
GSM6339597	TGCCATTGTTACCGGG-1	1763	1451	0.8230289279636982
GSM6339597	TGCCATTGTTTATCGC-1	4653	2810	0.6039114549752848
GSM6339597	TGCCGGTAGGGTGGAT-1	4952	2985	0.6027867528271406
GSM6339597	TGCCTGTTCACGCCAA-1	10386	7839	0.7547660311958405
GSM6339597	TGCCTGTTCATGGTTA-1	16252	12240	0.7531380753138075
GSM6339597	TGCCTGTTCCGCCAAA-1	9500	6602	0.6949473684210526
GSM6339597	TGCCTGTTCCGCTAGA-1	17261	15825	0.9168066740049823
GSM6339597	TGCCTGTTCCGGGACT-1	15524	14701	0.9469853130636434
GSM6339597	TGCCTGTTCGGGCCAT-1	12997	12044	0.9266753866276833
GSM6339597	TGCCTGTTCTTGCAGG-1	17185	15077	0.8773348850741927
GSM6339597	TGCGATTAGACAAGTG-1	13691	9431	0.688846687604996
GSM6339597	TGCGATTAGCCGGTAC-1	762	555	0.7283464566929134
GSM6339597	TGCGATTAGGGCCACT-1	25156	24582	0.9771823819367149
GSM6339597	TGCGATTAGGGTCTAT-1	10745	6564	0.6108887854816194
GSM6339597	TGCGCAGGTAATCGCA-1	3257	2336	0.7172244396684065
GSM6339597	TGCGCAGGTCCAAATG-1	3182	2636	0.8284098051539912
GSM6339597	TGCGCAGGTTAGTACG-1	7392	4910	0.6642316017316018
GSM6339597	TGCGCAGGTTGCATCT-1	17155	11213	0.653628679685223
GSM6339597	TGCGCAGGTTGCTTCG-1	23945	20608	0.8606389642931719
GSM6339597	TGCGCAGGTTTAACCC-1	5573	3476	0.6237215144446439
GSM6339597	TGCGCGAGTAATGACT-1	743	556	0.7483176312247645
GSM6339597	TGCGCGAGTGGACCTG-1	1031	681	0.6605237633365665
GSM6339597	TGCGCGAGTGTTAGCA-1	3023	2033	0.6725107509096924
GSM6339597	TGCGCGAGTTAGCTGA-1	539	314	0.5825602968460112
GSM6339597	TGCGCGAGTTAGTACG-1	2562	1472	0.5745511319281811
GSM6339597	TGCGGTTCAAACGGGC-1	2600	1479	0.5688461538461539
GSM6339597	TGCGGTTCAGGCCATT-1	3624	2253	0.6216887417218543
GSM6339597	TGCTAACAGCACAGCC-1	5757	3864	0.6711829077644607
GSM6339597	TGCTAGCCAAGTGTTT-1	10448	7128	0.6822358346094947
GSM6339597	TGCTAGCCAGATTCAT-1	13397	9560	0.7135925953571696
GSM6339597	TGCTAGCCAGCTAACC-1	2645	1890	0.7145557655954632
GSM6339597	TGCTAGCCAGGTTACC-1	5136	3277	0.6380451713395638
GSM6339597	TGCTAGCCATAAGTCT-1	31618	23378	0.7393889556581694
GSM6339597	TGCTAGCCATCGCTTT-1	4220	2664	0.6312796208530805
GSM6339597	TGCTATGCAATCTCTC-1	1544	936	0.6062176165803109
GSM6339597	TGCTATGCACTGGCCA-1	16055	12690	0.7904079725942074
GSM6339597	TGCTATGCATCATGGC-1	12087	9344	0.7730619674029949
GSM6339597	TGCTCAACAAACCTTG-1	8452	5781	0.6839801230477993
GSM6339597	TGCTCAACAACTGGCT-1	13968	10462	0.7489977090492554
GSM6339597	TGCTCAACACGTGCTG-1	3669	2323	0.6331425456527664
GSM6339597	TGCTCAACACTTCACT-1	7417	4192	0.5651880814345422
GSM6339597	TGCTCACTCACAGCGC-1	3911	2696	0.6893377652774226
GSM6339597	TGCTCACTCCGTAAAC-1	388	334	0.8608247422680413
GSM6339597	TGCTCACTCTTGACCC-1	15006	12213	0.813874450219912
GSM6339597	TGCTCCGTCAAACCTA-1	14857	10059	0.6770545870633371
GSM6339597	TGCTCCGTCCTAATGA-1	935	736	0.7871657754010695
GSM6339597	TGCTCCGTCTAACCTT-1	15816	11530	0.7290085988872028
GSM6339597	TGCTCCGTCTAAGGAG-1	17907	15208	0.8492768191210142
GSM6339597	TGCTCTCAGAATCTCA-1	6573	5566	0.8467975049444698
GSM6339597	TGCTCTCAGAGGAGGA-1	37647	26921	0.715090179828406
GSM6339597	TGCTCTCAGCATTTCT-1	8853	5791	0.6541285439963854
GSM6339597	TGCTCTCAGGACAACA-1	17576	17537	0.9977810650887574
GSM6339597	TGCTCTCAGGAGTCTT-1	11222	9334	0.8317590447335591
GSM6339597	TGCTCTCAGGATAAAC-1	8149	6415	0.7872131549883421
GSM6339597	TGCTCTCAGGCCATCA-1	14284	12756	0.8930271632595912
GSM6339597	TGCTGGATCACTAGGT-1	14047	7892	0.5618281483590802
GSM6339597	TGCTGGATCCCGCCTA-1	9619	8280	0.8607963405759435
GSM6339597	TGCTGGATCCGCTAGA-1	12083	9255	0.765952164197633
GSM6339597	TGCTGGATCCGGGACT-1	14892	12330	0.8279613215149073
GSM6339597	TGCTGGATCCTCAGTC-1	10773	7911	0.7343358395989975
GSM6339597	TGCTGGATCTGTAAGC-1	19029	9618	0.5054390666876872
GSM6339597	TGCTTAAAGACAAAGT-1	4774	3143	0.658357771260997
GSM6339597	TGCTTAAAGCTACTGG-1	10512	8075	0.7681697108066972
GSM6339597	TGCTTAAAGGACCGCT-1	4407	2771	0.6287724075334695
GSM6339597	TGCTTAAAGGCCTTAG-1	1522	1254	0.823915900131406
GSM6339597	TGCTTAAAGGTTTGAC-1	2527	1737	0.6873763355757816
GSM6339597	TGCTTAAAGTCATCCC-1	16435	13606	0.8278673562519014
GSM6339597	TGCTTCATCAAGGACA-1	7684	4566	0.5942217595002602
GSM6339597	TGCTTCATCTAAGTGC-1	17153	14150	0.82492858392118
GSM6339597	TGCTTCCAGATAGACG-1	16323	13562	0.8308521717821479
GSM6339597	TGCTTCCAGGACAACA-1	11400	8255	0.7241228070175438
GSM6339597	TGCTTCCAGTTAGCTA-1	2737	1939	0.7084398976982097
GSM6339597	TGCTTGCTCCACCTTA-1	9551	6354	0.6652706522877185
GSM6339597	TGCTTGCTCCATCAGG-1	9785	6444	0.6585590189064895
GSM6339597	TGCTTGCTCTGCAAGT-1	10834	8898	0.8213033044120361
GSM6339597	TGCTTGCTCTGTAATG-1	10667	9656	0.9052217118215056
GSM6339597	TGCTTGCTCTTTGAGA-1	8537	6969	0.8163289211666862
GSM6339597	TGCTTGTGTCATAGAT-1	3972	3228	0.8126888217522659
GSM6339597	TGCTTGTGTCCGGTTC-1	5672	3708	0.653737658674189
GSM6339597	TGCTTGTGTGCTCCAC-1	7735	5493	0.7101486748545572
GSM6339597	TGCTTTAGTACCGTTT-1	5871	3956	0.6738204735138817
GSM6339597	TGCTTTAGTTTAAAGC-1	7279	5386	0.7399368045061134
GSM6339597	TGCTTTAGTTTATGGG-1	4698	4558	0.9702000851426139
GSM6339597	TGCTTTAGTTTGGGTA-1	2507	1646	0.6565616274431592
GSM6339597	TGGAACAAGATAGACG-1	30385	21834	0.7185782458449893
GSM6339597	TGGAACAAGCCTGACA-1	14646	12569	0.8581865355728526
GSM6339597	TGGAACAAGGAGGCAT-1	8503	6558	0.7712572033399977
GSM6339597	TGGAACAAGGAGTAAT-1	747	440	0.5890227576974565
GSM6339597	TGGAACAAGGCCGGAA-1	6659	4500	0.6757771437152725
GSM6339597	TGGAACAAGGGACGCA-1	18556	12788	0.6891571459366242
GSM6339597	TGGAACAAGTTGGGCC-1	5747	3145	0.5472420393248651
GSM6339597	TGGACAAAGCACTAAC-1	2723	1893	0.6951891296364304
GSM6339597	TGGACAAAGCGGATAA-1	18808	17136	0.9111016588685665
GSM6339597	TGGACAAAGCGGATTT-1	2164	1532	0.7079482439926063
GSM6339597	TGGACAAAGCTATTGA-1	11335	8598	0.7585355094838995
GSM6339597	TGGACAAAGGTAAGGC-1	4114	3021	0.7343218279047156
GSM6339597	TGGACCGGTCACCTAT-1	11982	12242	1.0216992154899016
GSM6339597	TGGACCGGTCCACAAA-1	9733	6257	0.6428644816603308
GSM6339597	TGGACCGGTGTTGTGA-1	8248	5982	0.725266731328807
GSM6339597	TGGACCGGTTCGGGAT-1	18440	15296	0.8295010845986985
GSM6339597	TGGACGGAGAAACTGG-1	7260	4709	0.6486225895316804
GSM6339597	TGGACGGAGAGGAAGG-1	4066	2917	0.7174126906050172
GSM6339597	TGGACGGAGCATGTTA-1	6547	4866	0.7432411791660303
GSM6339597	TGGACGGAGGCTAATC-1	24265	22142	0.9125077271790645
GSM6339597	TGGACGGAGTTCCCAC-1	22681	15782	0.6958246990873418
GSM6339597	TGGACTAGTAGTTAAC-1	8675	5244	0.6044956772334293
GSM6339597	TGGACTAGTGCAATGC-1	13538	9921	0.732826119072241
GSM6339597	TGGACTAGTTAACGAT-1	14245	11454	0.804071604071604
GSM6339597	TGGACTAGTTACGCAA-1	6247	4027	0.6446294221226189
GSM6339597	TGGACTAGTTAGACCA-1	12494	9705	0.7767728509684648
GSM6339597	TGGACTAGTTATAGCG-1	20810	14387	0.6913503123498318
GSM6339597	TGGATTCAGCACTAAC-1	1502	677	0.4507323568575233
GSM6339597	TGGATTCAGCCGCTAA-1	19537	16043	0.8211598505400011
GSM6339597	TGGATTCAGGATCACT-1	13272	11274	0.8494575045207957
GSM6339597	TGGATTCAGTTGTCTT-1	7591	4868	0.6412857331049927
GSM6339597	TGGATTGGTCACAAAT-1	17950	16086	0.8961559888579387
GSM6339597	TGGATTGGTCTATCGT-1	14091	11731	0.8325172095663899
GSM6339597	TGGATTGGTGAGGTGA-1	9748	7684	0.7882642593352482
GSM6339597	TGGATTGGTGTTCCCA-1	2526	2301	0.9109263657957245
GSM6339597	TGGATTGGTTAGGCGT-1	12273	10717	0.8732176322007659
GSM6339597	TGGATTGGTTGCCTCA-1	20405	14187	0.6952707669688801
GSM6339597	TGGCCAATCCAGGTCA-1	1420	989	0.6964788732394366
GSM6339597	TGGCCAATCGTTTCTG-1	1859	1502	0.807961269499731
GSM6339597	TGGCCAATCTATTGTC-1	17531	16013	0.9134105299184302
GSM6339597	TGGCCATCATCATGGC-1	13216	10467	0.7919945520581114
GSM6339597	TGGCCTGCAAGGTATA-1	3109	1893	0.6088774525570924
GSM6339597	TGGCCTGCAAGTGAAC-1	1002	581	0.5798403193612774
GSM6339597	TGGCCTGCACCTCACC-1	4462	2533	0.5676826535186015
GSM6339597	TGGCCTGCACGGTTTA-1	15957	12488	0.7826032462242276
GSM6339597	TGGCCTGCAGCAATAA-1	11117	8835	0.7947287937393182
GSM6339597	TGGCCTGCAGGCTGTT-1	16757	12849	0.7667840305543951
GSM6339597	TGGCCTGCAGGGAGGA-1	26572	18464	0.6948667770585579
GSM6339597	TGGCCTTTCATGCTTT-1	17243	12873	0.746563823000638
GSM6339597	TGGCCTTTCCGTCCAT-1	9003	6332	0.7033211151838276
GSM6339597	TGGCCTTTCGCTAGTG-1	7553	5755	0.7619488944790149
GSM6339597	TGGCGGTTCAAGCCTG-1	12297	9406	0.7649020086199886
GSM6339597	TGGCGGTTCCGTTATT-1	1197	751	0.6274018379281537
GSM6339597	TGGCGGTTCGTTAGTA-1	11552	9026	0.7813365650969529
GSM6339597	TGGCGGTTCTTAGGAC-1	7628	5977	0.7835605663345568
GSM6339597	TGGCGGTTCTTTAAGG-1	11152	7863	0.7050753228120517
GSM6339597	TGGCTAAGTTCGCTTG-1	11057	7481	0.6765849687980465
GSM6339597	TGGCTATAGCTACTGG-1	7349	4428	0.6025309565927337
GSM6339597	TGGCTATAGTTTGAGC-1	13394	10044	0.7498880095565178
GSM6339597	TGGCTTTGTAACCACA-1	14793	12735	0.8608801460150071
GSM6339597	TGGCTTTGTGCAATGC-1	1583	1098	0.693619709412508
GSM6339597	TGGGCATGTAATGACT-1	29492	25017	0.8482639359826394
GSM6339597	TGGGCATGTATTGCAG-1	8558	5773	0.6745734984809535
GSM6339597	TGGGCATGTCTTACTA-1	5320	3587	0.6742481203007519
GSM6339597	TGGGCATGTTGGTTCT-1	5779	3747	0.6483820730230143
GSM6339597	TGGGCCTAGAGGAAGG-1	10669	7370	0.6907863904770831
GSM6339597	TGGGCCTAGGGACCTC-1	20255	17317	0.854949395211059
GSM6339597	TGGTAAACAATGAAGC-1	13769	10965	0.7963541288401481
GSM6339597	TGGTAAACACCTCAGG-1	11487	8353	0.7271698441716723
GSM6339597	TGGTCAAGTCATAGAT-1	7623	5167	0.6778171323625869
GSM6339597	TGGTCAAGTGCGCATG-1	8976	7876	0.8774509803921569
GSM6339597	TGGTCAGTCAAAGGCA-1	27094	19113	0.7054329371816639
GSM6339597	TGGTCAGTCCGCATGA-1	10047	7435	0.7400218970837066
GSM6339597	TGGTCAGTCTTGGACG-1	11927	8459	0.709231156200218
GSM6339597	TGGTCATAGAATCGCT-1	12220	8789	0.7192307692307692
GSM6339597	TGGTCATAGGACCTTG-1	14005	10433	0.7449482327740092
GSM6339597	TGGTCATAGGAGCATA-1	10192	8562	0.8400706436420722
GSM6339597	TGGTCATAGGCATGTT-1	9886	7843	0.7933441230022253
GSM6339597	TGGTCATAGGTTAGCT-1	11960	8969	0.7499163879598663
GSM6339597	TGGTCATAGTTTGTCT-1	9508	7086	0.7452671434581405
GSM6339597	TGGTCCTTCTTGGACG-1	12278	11913	0.970272031275452
GSM6339597	TGGTGATTCATCCTCA-1	16532	15892	0.961287200580692
GSM6339597	TGGTGATTCTAATCCT-1	484	292	0.6033057851239669
GSM6339597	TGGTGCATCGTTACAA-1	4950	3777	0.7630303030303031
GSM6339597	TGGTGCATCTTGTCCA-1	10172	8706	0.8558788832088084
GSM6339597	TGGTTAATCATCCTAT-1	10698	6813	0.6368480089736399
GSM6339597	TGGTTAATCATGCTCC-1	10302	6882	0.668025626092021
GSM6339597	TGGTTAATCATTAGTG-1	22800	14871	0.6522368421052631
GSM6339597	TGGTTAATCGAGGAGT-1	28696	25540	0.8900195149149708
GSM6339597	TGGTTCCTCAAGCTAC-1	6841	5610	0.8200555474345856
GSM6339597	TGGTTCCTCAGGTCCA-1	22127	17288	0.7813079043702265
GSM6339597	TGGTTCCTCCAAACAC-1	19956	17715	0.887702946482261
GSM6339597	TGGTTCCTCCGTCCAT-1	8610	4671	0.5425087108013937
GSM6339597	TGGTTCCTCCTCATGC-1	11439	7687	0.6719993006381677
GSM6339597	TGGTTCCTCGGTTAGT-1	8147	6140	0.7536516509144471
GSM6339597	TGGTTCCTCTCGCCTG-1	16952	14606	0.8616092496460594
GSM6339597	TGGTTCTGTCAACAAT-1	32900	24309	0.7388753799392097
GSM6339597	TGGTTCTGTTAGAGCC-1	10362	7637	0.7370198803319823
GSM6339597	TGGTTGAGTAGCAGCT-1	15702	11486	0.7314991720799898
GSM6339597	TGGTTGAGTATTACCC-1	30943	28754	0.929257020974049
GSM6339597	TGGTTGAGTATTGGTG-1	427	293	0.6861826697892272
GSM6339597	TGGTTGAGTCGCAAAC-1	27405	19583	0.7145776318190111
GSM6339597	TGGTTGAGTGACCTGG-1	14488	11533	0.796038100496963
GSM6339597	TGGTTGAGTTGCTTCG-1	6525	4768	0.730727969348659
GSM6339597	TGTAACTCAACAGCCT-1	3665	2798	0.7634379263301501
GSM6339597	TGTAACTCAATGCGCT-1	10774	8426	0.7820679413402636
GSM6339597	TGTAACTCAATTAGGA-1	11946	9793	0.819772308722585
GSM6339597	TGTAACTCACAGCCAT-1	5799	3936	0.6787377133988619
GSM6339597	TGTAAGCTCATGGCTG-1	6799	5019	0.7381967936461244
GSM6339597	TGTAAGCTCGATAACC-1	9162	7329	0.7999345121152587
GSM6339597	TGTAAGCTCGTGCCTT-1	14978	10709	0.7149819735612232
GSM6339597	TGTAAGCTCTATTGTC-1	14817	10658	0.7193089019369643
GSM6339597	TGTAAGCTCTTTGTAC-1	2211	1743	0.7883310719131614
GSM6339597	TGTAAGTGTCATTACC-1	19043	14791	0.7767158535944967
GSM6339597	TGTAAGTGTTAGACCA-1	8419	6115	0.7263332937403492
GSM6339597	TGTAAGTGTTCCTGAT-1	1825	1205	0.6602739726027397
GSM6339597	TGTAAGTGTTGAGCCG-1	16449	12394	0.7534804547388899
GSM6339597	TGTAATGTCAATGACC-1	3107	2140	0.6887672996459607
GSM6339597	TGTAATGTCATTGCGG-1	29848	23937	0.8019632806218172
GSM6339597	TGTAATGTCCCGAACA-1	13163	10991	0.8349920230950392
GSM6339597	TGTAATGTCCGTGACA-1	8503	6083	0.7153945666235446
GSM6339597	TGTAATGTCCTCAGCT-1	12615	10865	0.8612762584225129
GSM6339597	TGTAATGTCGTTAACA-1	17066	15252	0.8937067854213055
GSM6339597	TGTATCCGTCGAAGTC-1	2222	1369	0.6161116111611161
GSM6339597	TGTATCCGTTCGCGCT-1	21427	14636	0.6830634246511411
GSM6339597	TGTATCGCAAACTGTT-1	6874	4532	0.6592958975851033
GSM6339597	TGTATCGCAGAAATTG-1	7358	4552	0.618646371296548
GSM6339597	TGTATCGCAGGAACCA-1	13082	8903	0.6805534321969118
GSM6339597	TGTATCGCAGGTTACC-1	5149	3434	0.6669256166245873
GSM6339597	TGTATCGCATAGGCGA-1	9543	7735	0.8105417583569108
GSM6339597	TGTCAATCACATAACT-1	5154	3573	0.6932479627473807
GSM6339597	TGTCAATCACTAAGCC-1	19491	15315	0.7857472679698322
GSM6339597	TGTCAATCACTAGGTC-1	11797	10201	0.8647113672967703
GSM6339597	TGTCAATCATAAGTTC-1	4636	3181	0.6861518550474547
GSM6339597	TGTCAGTAGGACCGCT-1	3038	1729	0.5691244239631337
GSM6339597	TGTCAGTAGGACGTAA-1	8613	6770	0.786021130848717
GSM6339597	TGTCAGTAGGCATGTT-1	10661	8241	0.7730044085920645
GSM6339597	TGTCAGTAGGTGTCCA-1	14472	9385	0.6484936428966279
GSM6339597	TGTCAGTAGTCATTAG-1	1507	999	0.6629064366290643
GSM6339597	TGTCAGTAGTTTAACG-1	7065	5681	0.8041047416843595
GSM6339597	TGTCATAAGGAGTCGG-1	16789	12357	0.7360176305914586
GSM6339597	TGTCATAAGGGACGCA-1	10392	6907	0.6646458814472671
GSM6339597	TGTCATAAGGGCCATC-1	15319	11541	0.7533781578432013
GSM6339597	TGTCATAAGTCACCTC-1	15105	12822	0.848857994041708
GSM6339597	TGTCATAAGTGGACAA-1	4714	2777	0.5890963088672041
GSM6339597	TGTCCTGGTCCTTCTC-1	12454	9849	0.7908302553396499
GSM6339597	TGTCCTTCAAAGCCTC-1	2014	1388	0.689175769612711
GSM6339597	TGTCCTTCAACCTAAT-1	9203	6801	0.7389981527762686
GSM6339597	TGTCCTTCAATCCTGA-1	7632	5706	0.7476415094339622
GSM6339597	TGTCCTTCACGGTACT-1	12036	11410	0.9479893652376205
GSM6339597	TGTCCTTCATATTGAC-1	7311	5253	0.7185063602790316
GSM6339597	TGTGAAACAGCTCATA-1	22634	18917	0.8357780330476274
GSM6339597	TGTGAAACATAGCGGA-1	6766	5048	0.7460833579663021
GSM6339597	TGTGATCAGAGAGCCG-1	9493	6042	0.6364689771410513
GSM6339597	TGTGATCAGATAACCC-1	12064	8950	0.7418766578249337
GSM6339597	TGTGATCAGCAGGTGG-1	2888	1915	0.6630886426592798
GSM6339597	TGTGATCAGCGAGCGA-1	18870	12847	0.6808161102278749
GSM6339597	TGTGATCAGGTCGAGG-1	9039	5518	0.6104657594866689
GSM6339597	TGTGCAAGTAACAGGG-1	4829	3278	0.6788154897494305
GSM6339597	TGTGCAAGTAAGCACC-1	20723	13500	0.6514500796216764
GSM6339597	TGTGCAAGTAATCACG-1	1247	711	0.570168404170008
GSM6339597	TGTGCAAGTACCGAAC-1	9219	6497	0.7047402104349713
GSM6339597	TGTGCAAGTTGTTGTC-1	5740	4553	0.793205574912892
GSM6339597	TGTGCAAGTTTAGCGA-1	8117	6767	0.8336823949735124
GSM6339597	TGTGCGCAGAGGAGTC-1	1289	750	0.5818463925523661
GSM6339597	TGTGCGCAGCTAATTG-1	15105	10566	0.6995034756703078
GSM6339597	TGTGCGCAGGACCTGC-1	15769	10653	0.6755659838924472
GSM6339597	TGTGCGCAGGAGGTTA-1	23926	19143	0.8000919501797208
GSM6339597	TGTGCGCAGGCTAAGA-1	10206	8065	0.7902214383695865
GSM6339597	TGTGCGCAGTTATGGC-1	13021	8895	0.6831272559711236
GSM6339597	TGTGCGGGTACAATGT-1	15178	11213	0.7387666359204111
GSM6339597	TGTGCGGGTGCCGCAA-1	6581	3710	0.5637441118371068
GSM6339597	TGTGCGGGTTAAGTGT-1	17269	12940	0.749319590016793
GSM6339597	TGTGCGGGTTCACCCA-1	5275	3888	0.7370616113744076
GSM6339597	TGTGCGGGTTTACCGT-1	12109	9048	0.7472128169130399
GSM6339597	TGTGCGGGTTTGGCGG-1	2621	1530	0.5837466615795498
GSM6339597	TGTGCTGAGAACCTAC-1	20969	14644	0.6983642519910344
GSM6339597	TGTGCTGAGACAGGCG-1	11265	8180	0.7261429205503773
GSM6339597	TGTGCTGAGACTATTG-1	16154	16261	1.0066237464405101
GSM6339597	TGTGCTGAGGCTATGT-1	5835	3949	0.6767780634104542
GSM6339597	TGTGCTGAGGCTCATG-1	5734	4285	0.7472968259504709
GSM6339597	TGTGCTGAGTAACGGA-1	2185	920	0.42105263157894735
GSM6339597	TGTGCTGAGTCACCAG-1	2473	1648	0.6663970885564092
GSM6339597	TGTGCTGAGTTCCTCA-1	9013	6837	0.758570953067791
GSM6339597	TGTGGAGCAAGCGATG-1	5815	3766	0.6476354256233878
GSM6339597	TGTGGCCAGATACTTG-1	673	533	0.7919762258543833
GSM6339597	TGTGGCCAGCGATAGA-1	25123	18156	0.7226843927874855
GSM6339597	TGTGGCCAGGACTTAC-1	8922	6362	0.7130688186505267
GSM6339597	TGTGGCCAGGTGTCCA-1	13435	10772	0.8017863788611834
GSM6339597	TGTGGCCAGGTTTGAC-1	26667	21811	0.8179022762215472
GSM6339597	TGTGGCCAGTCAATTG-1	7794	5086	0.6525532460867334
GSM6339597	TGTGGCGGTATTACCC-1	13395	9081	0.677939529675252
GSM6339597	TGTGGCGGTCGTAAAT-1	1330	849	0.6383458646616541
GSM6339597	TGTGGCGGTTACGCAA-1	2844	1841	0.6473277074542897
GSM6339597	TGTGGCTCAAATTCGT-1	7053	5605	0.794697291932511
GSM6339597	TGTGGCTCAGAAACGT-1	4467	7695	1.722632639355272
GSM6339597	TGTGGCTCATAGCTGC-1	26652	19516	0.7322527390064536
GSM6339597	TGTGGCTCATCCTGAA-1	7717	6921	0.8968511079435013
GSM6339597	TGTGGCTCATTGACAT-1	17100	15394	0.9002339181286549
GSM6339597	TGTGGCTCATTGTTGG-1	13527	10918	0.8071264877652103
GSM6339597	TGTGTGAGTAGTTGGC-1	4196	2324	0.553860819828408
GSM6339597	TGTGTGAGTGGTTATG-1	7149	4018	0.5620366484823052
GSM6339597	TGTGTGAGTTTAACCC-1	13631	10358	0.7598855549849608
GSM6339597	TGTGTTAAGCCAGTAT-1	10248	8597	0.8388953942232631
GSM6339597	TGTGTTAAGCCATCAG-1	11947	9136	0.7647108060600988
GSM6339597	TGTGTTAAGCTGTCAG-1	8912	6160	0.6912028725314183
GSM6339597	TGTGTTAAGGCCTGGT-1	8773	6318	0.720164139974923
GSM6339597	TGTGTTAAGGTGAAAT-1	4800	2943	0.613125
GSM6339597	TGTTACTTCAGTTCCC-1	4640	3300	0.7112068965517241
GSM6339597	TGTTACTTCATAGACC-1	4609	3016	0.6543718811021914
GSM6339597	TGTTAGCAGCTTAACA-1	36411	32712	0.8984098212078767
GSM6339597	TGTTAGCAGTAGCGGG-1	10967	7881	0.7186103765842984
GSM6339597	TGTTATGAGAGGAGTC-1	15143	12877	0.850359902265073
GSM6339597	TGTTATGAGATGGAGC-1	24905	19635	0.78839590443686
GSM6339597	TGTTATGAGGACCTGC-1	7104	4771	0.6715934684684685
GSM6339597	TGTTATGAGTTAGTGC-1	8404	6144	0.7310804378867206
GSM6339597	TGTTCATTCACAGCGC-1	8413	5571	0.6621894686794247
GSM6339597	TGTTCCTCACATTGCA-1	4330	2678	0.6184757505773673
GSM6339597	TGTTCCTCACCTCAGG-1	2536	1842	0.7263406940063092
GSM6339597	TGTTCCTCAGCATGGA-1	5799	3759	0.6482152095188826
GSM6339597	TGTTCCTCATCAATCG-1	7592	6618	0.8717070600632244
GSM6339597	TGTTCCTCATTGTCCT-1	3723	2056	0.5522428149341928
GSM6339597	TGTTCCTCATTGTTGG-1	13749	12763	0.9282856935049821
GSM6339597	TGTTGCACATAGCAGG-1	7165	4414	0.6160502442428472
GSM6339597	TGTTGGCCAAACATAG-1	8372	5559	0.6639990444338271
GSM6339597	TGTTGGCCAACTGGCT-1	23343	17702	0.7583429721972326
GSM6339597	TGTTGGCCAAGGACCA-1	8375	5256	0.6275820895522388
GSM6339597	TGTTGGCCACCGGTAT-1	10418	7852	0.7536955269725475
GSM6339597	TGTTGGCCAGATAGAC-1	18268	13781	0.7543792423910664
GSM6339597	TGTTGGCCATCATGTG-1	2214	1721	0.7773261065943993
GSM6339597	TGTTGGCCATCGCTCC-1	2634	1764	0.6697038724373576
GSM6339597	TGTTGGCCATGTGGGA-1	2538	1551	0.6111111111111112
GSM6339597	TGTTGTAAGATGCCTG-1	10177	7337	0.7209393730961973
GSM6339597	TGTTGTAAGCCATCAG-1	8288	6125	0.7390202702702703
GSM6339597	TGTTGTAAGGGCCATC-1	14465	10215	0.7061873487729001
GSM6339597	TGTTGTAAGTTAGACC-1	17440	13143	0.7536123853211009
GSM6339597	TGTTGTAAGTTTAACG-1	13109	11737	0.8953390800213594
GSM6339597	TGTTGTGCAACCTGGT-1	7370	5040	0.683853459972863
GSM6339597	TGTTGTGCAAGTAAGC-1	11011	8335	0.7569703024248479
GSM6339597	TGTTGTGCAGCATGAG-1	15958	13241	0.8297405689936083
GSM6339597	TGTTGTGCAGCCTGCA-1	13674	9366	0.6849495392716104
GSM6339597	TGTTGTGCAGGATGGC-1	13273	9893	0.7453476983349657
GSM6339597	TGTTGTGCAGGCCAAA-1	35152	27934	0.7946631770596267
GSM6339597	TGTTGTTTCAGGAACA-1	3653	2972	0.8135778811935396
GSM6339597	TGTTGTTTCATGGCTG-1	11260	9555	0.8485790408525755
GSM6339597	TGTTGTTTCCAGGTTG-1	14800	12581	0.8500675675675675
GSM6339597	TGTTGTTTCCCGCAAA-1	5428	3463	0.637988209285188
GSM6339597	TGTTGTTTCCTCCTAA-1	23724	20221	0.8523436182768505
GSM6339597	TGTTGTTTCCTCGATC-1	9464	5553	0.5867497886728656
GSM6339597	TGTTGTTTCTCGACCT-1	33829	23836	0.7046025599337846
GSM6339597	TGTTGTTTCTTAGGAC-1	1237	912	0.7372675828617623
GSM6339597	TGTTGTTTCTTGGACG-1	8821	5508	0.6244190001133658
GSM6339597	TGTTTGTTCACTTCAT-1	1015	724	0.7133004926108374
GSM6339597	TGTTTGTTCGTTAAGC-1	1017	721	0.7089478859390363
GSM6339597	TGTTTGTTCTTGACCC-1	2534	1988	0.7845303867403315
GSM6339597	TGTTTGTTCTTGGATA-1	771	639	0.8287937743190662
GSM6339597	TTAAAGGCACCGGCTA-1	1102	512	0.4646098003629764
GSM6339597	TTAAAGGCATGAGCAG-1	13600	9861	0.7250735294117647
GSM6339597	TTAAAGGCATTGCAGC-1	11408	9007	0.7895336605890603
GSM6339597	TTAACCAAGCAGGTGG-1	5167	3803	0.7360170311592801
GSM6339597	TTAACTGAGCTAATCA-1	19080	14140	0.7410901467505241
GSM6339597	TTAACTGAGTATCGCG-1	8749	5942	0.6791633329523374
GSM6339597	TTAAGCCAGAGAGGCT-1	7866	7036	0.8944825832697686
GSM6339597	TTAAGCCAGTTCCCGT-1	8091	5889	0.7278457545420838
GSM6339597	TTAAGCCAGTTTGGGT-1	11788	9689	0.8219375636240245
GSM6339597	TTAAGGACAAAGCGCA-1	4098	2585	0.6307955100048804
GSM6339597	TTAAGGACAACACTTG-1	17967	15016	0.8357544386931597
GSM6339597	TTAAGGACAATGCCTA-1	11984	10415	0.8690754339118825
GSM6339597	TTAAGGACAATGCGCT-1	12635	9215	0.7293233082706767
GSM6339597	TTAAGGACAATTAGGA-1	3623	2572	0.7099089152635937
GSM6339597	TTAAGGACACGTGCTG-1	11239	8092	0.7199928819289972
GSM6339597	TTAAGGACACTTACAG-1	5806	3766	0.6486393386152256
GSM6339597	TTAAGGACAGTTGCGT-1	6530	4771	0.7306278713629403
GSM6339597	TTAAGGACATAAAGCA-1	10092	8056	0.7982560443915973
GSM6339597	TTAAGGACATGACTAT-1	1927	1430	0.742086144265698
GSM6339597	TTAAGGTGTTAACGGC-1	11011	9702	0.8811188811188811
GSM6339597	TTAAGGTGTTAGGATT-1	14750	12896	0.8743050847457627
GSM6339597	TTAAGGTGTTATGTGG-1	14116	12563	0.8899829980164352
GSM6339597	TTAAGGTGTTTAACGG-1	3639	2701	0.7422368782632591
GSM6339597	TTAAGTGTCGCAGGCT-1	14341	9683	0.6751969876577645
GSM6339597	TTAAGTGTCGTTACAA-1	14261	10072	0.70626183297104
GSM6339597	TTAAGTGTCTTAGCGG-1	8359	6305	0.7542768273716952
GSM6339597	TTAATCGAGAACCTAC-1	2671	1981	0.7416697865967802
GSM6339597	TTAATCGAGCCAGGTC-1	1853	1460	0.7879114948731786
GSM6339597	TTAATCGAGCGAGCGA-1	6210	4598	0.7404186795491143
GSM6339597	TTAATCGAGCTTTGGG-1	13601	12224	0.8987574443055658
GSM6339597	TTAATCGAGGTCCGTA-1	9043	8958	0.990600464447639
GSM6339597	TTAATCGAGTAACGAG-1	10000	6967	0.6967
GSM6339597	TTAATCGAGTGAACGA-1	13047	10681	0.818655629646662
GSM6339597	TTACACCGTAGGTTGC-1	8162	5932	0.7267826513109532
GSM6339597	TTACACCGTTCATTTG-1	13579	9448	0.6957802489137639
GSM6339597	TTACAGCAGCAAGGGT-1	4807	3466	0.721031828583316
GSM6339597	TTACAGCAGCTACTGG-1	3577	2065	0.5772994129158513
GSM6339597	TTACAGCAGGACGTAA-1	11229	8736	0.7779855730697302
GSM6339597	TTACAGCAGGCACAGG-1	14772	13605	0.9209991876523151
GSM6339597	TTACAGCAGTTAGGCT-1	1680	1156	0.6880952380952381
GSM6339597	TTACCGTGTACAAAGA-1	9916	8168	0.8237192416296893
GSM6339597	TTACCGTGTATTACCC-1	7219	5969	0.8268458235212633
GSM6339597	TTACCGTGTCACTCGC-1	907	513	0.565600882028666
GSM6339597	TTACCGTGTCTATCGT-1	3280	2478	0.7554878048780488
GSM6339597	TTACCGTGTGCGCATG-1	12298	10530	0.8562367864693446
GSM6339597	TTACCGTGTGTTTCAC-1	8954	7056	0.7880276971186062
GSM6339597	TTACCGTGTTCAAGAT-1	2927	2215	0.7567475230611548
GSM6339597	TTACCGTGTTCCGGGA-1	4556	2956	0.6488147497805092
GSM6339597	TTACCGTGTTGTAAAC-1	14200	10500	0.7394366197183099
GSM6339597	TTACCTGTCACAGCGC-1	3095	2192	0.7082390953150243
GSM6339597	TTACCTGTCTCACTCA-1	4412	4009	0.9086582048957389
GSM6339597	TTACCTGTCTTGCAGG-1	13720	10468	0.7629737609329446
GSM6339597	TTACGTTTCAGGCTAT-1	21932	18336	0.8360386649644356
GSM6339597	TTACGTTTCCCAGTAG-1	5043	3255	0.6454491374182034
GSM6339597	TTACGTTTCTGCAACG-1	5661	7868	1.389860448683978
GSM6339597	TTACGTTTCTTGGATA-1	15297	12295	0.8037523697457017
GSM6339597	TTAGAAGCAACAGCCT-1	18916	18916	1.0
GSM6339597	TTAGAAGCAACTCGCG-1	14607	11135	0.7623057438214554
GSM6339597	TTAGAAGCAACTGGGA-1	13515	10442	0.7726230114687385
GSM6339597	TTAGAAGCAATCTCTC-1	16935	15641	0.9235901978151757
GSM6339597	TTAGAAGCAATTAAGG-1	12773	10428	0.8164096140295937
GSM6339597	TTAGAAGCACATGCTA-1	7745	5416	0.6992898644286637
GSM6339597	TTAGAAGCAGGTTTGC-1	570	442	0.775438596491228
GSM6339597	TTAGACTCAGAACCGA-1	7921	6913	0.8727433404873122
GSM6339597	TTAGACTCAGGCTGTT-1	1664	1146	0.6887019230769231
GSM6339597	TTAGACTCATGTGGGA-1	13009	11441	0.8794680605734492
GSM6339597	TTAGACTCATTGCGAC-1	1768	1320	0.746606334841629
GSM6339597	TTAGACTCATTGTCCT-1	20500	18439	0.8994634146341464
GSM6339597	TTAGCAATCCGGTTGA-1	15689	11069	0.705526164828861
GSM6339597	TTAGCAATCCTGTTCA-1	8412	6300	0.7489300998573466
GSM6339597	TTAGCAATCCTTGAGG-1	17805	14815	0.8320696433586071
GSM6339597	TTAGCAATCGCAGGCT-1	12778	11747	0.9193144467052747
GSM6339597	TTAGCAATCTACCTGC-1	7409	4504	0.6079092995006073
GSM6339597	TTAGCAATCTATTGTC-1	15045	12082	0.8030574941841143
GSM6339597	TTAGCAGGTCAAAGGG-1	2177	1325	0.6086357372531006
GSM6339597	TTAGCAGGTGGATTAT-1	8557	5810	0.6789762767324997
GSM6339597	TTAGCCTGTTGCGGAT-1	1649	1432	0.8684050939963615
GSM6339597	TTAGCCTGTTGGTTCT-1	2607	1910	0.7326428845416187
GSM6339597	TTAGCCTGTTTGAGCA-1	9486	7044	0.7425679949399114
GSM6339597	TTAGCGGTCACCATTT-1	21222	18924	0.8917161436245405
GSM6339597	TTAGCGGTCCCGCAAA-1	6689	4099	0.6127971296157871
GSM6339597	TTAGCTGCAAATACCT-1	1488	1117	0.7506720430107527
GSM6339597	TTAGCTGCACCTCGCT-1	401	237	0.5910224438902744
GSM6339597	TTAGGAACAACAGGAT-1	5244	3790	0.7227307398932112
GSM6339597	TTAGGAACAAGGTCCT-1	10134	7133	0.7038681665679889
GSM6339597	TTAGGAACACAAAGAC-1	12126	9833	0.8109021936335148
GSM6339597	TTAGGAACAGTCTATG-1	5994	4236	0.7067067067067067
GSM6339597	TTAGGAACAGTTTCTC-1	3331	2686	0.806364455118583
GSM6339597	TTAGGAACATCCTAGA-1	4081	2320	0.568488115657927
GSM6339597	TTAGGATGTAAGGTTT-1	9652	6362	0.6591380024865313
GSM6339597	TTAGGATGTGGTGAGA-1	11780	10745	0.9121392190152802
GSM6339597	TTAGGATGTGTCACGG-1	3867	2248	0.5813291957589863
GSM6339597	TTAGGATGTGTTGTGA-1	1597	1030	0.6449592986850344
GSM6339597	TTAGGATGTTTAGCTC-1	3244	2075	0.6396424167694205
GSM6339597	TTAGGCCCAAACCCTA-1	5248	3951	0.752858231707317
GSM6339597	TTAGGCCCAAGATTCT-1	15292	12969	0.8480905048391316
GSM6339597	TTAGGCCCAATTAAGG-1	13490	10381	0.7695329873980726
GSM6339597	TTAGGCCCATTGTGAT-1	6361	4940	0.7766074516585443
GSM6339597	TTAGGCGTCACTAGGT-1	36475	31217	0.8558464701850582
GSM6339597	TTAGGCGTCAGGCTAT-1	13767	13155	0.9555458705600348
GSM6339597	TTAGGCGTCTCAATAG-1	12420	9944	0.8006441223832528
GSM6339597	TTAGGCGTCTCAATTC-1	10480	6497	0.6199427480916031
GSM6339597	TTAGGCGTCTCGACCT-1	919	776	0.8443960826985855
GSM6339597	TTAGGCGTCTTGCAGG-1	13935	11086	0.7955507714388231
GSM6339597	TTAGGCTAGCATTTCT-1	10519	7055	0.6706911303355833
GSM6339597	TTAGGCTAGTTATGGC-1	2725	1609	0.5904587155963302
GSM6339597	TTAGTCAAGCAGCTCA-1	12546	10109	0.8057548222541049
GSM6339597	TTAGTCAAGCAGGTTT-1	16548	16072	0.9712351945854484
GSM6339597	TTAGTCAAGCCTGGTA-1	12582	9417	0.7484501669051026
GSM6339597	TTAGTCAAGGTGCGGA-1	7728	6918	0.8951863354037267
GSM6339597	TTAGTCAAGTCAGTAC-1	22799	16395	0.7191104873020746
GSM6339597	TTAGTCAAGTCCTGAG-1	5820	3678	0.6319587628865979
GSM6339597	TTATAGCCAATAGCCC-1	9874	7333	0.7426574843022078
GSM6339597	TTATAGCCATTATGAC-1	3945	2738	0.69404309252218
GSM6339597	TTATCCGTCCGCAACA-1	6410	4955	0.7730109204368175
GSM6339597	TTATCCGTCCTAGTAA-1	34773	28076	0.8074080464728381
GSM6339597	TTATCCTAGAGCAAGC-1	514	279	0.5428015564202334
GSM6339597	TTATCCTAGATTGAGG-1	23198	23550	1.0151737218725752
GSM6339597	TTATCCTAGGATGATG-1	7393	4024	0.5442986608954417
GSM6339597	TTATCCTAGGCAACAA-1	1179	826	0.7005937234944869
GSM6339597	TTATCCTAGTGAGCGG-1	4886	2982	0.6103151862464183
GSM6339597	TTATGACCAAGTCGCT-1	9824	6536	0.6653094462540716
GSM6339597	TTATGACCACCCACAG-1	18375	13796	0.7508027210884354
GSM6339597	TTATGACCAGGATAAC-1	3631	2299	0.6331589093913522
GSM6339597	TTATGACCATAATGTC-1	14610	11594	0.7935660506502396
GSM6339597	TTATGCGCAAGGTCCT-1	694	412	0.5936599423631124
GSM6339597	TTATGCGCAGGTATTT-1	2871	3002	1.0456287008011147
GSM6339597	TTATGCGCAGTTATGT-1	638	423	0.6630094043887147
GSM6339597	TTATTGCTCACTAATG-1	11362	8790	0.7736314029220208
GSM6339597	TTATTGCTCAGCAAGA-1	10754	8782	0.8166263715826669
GSM6339597	TTATTGCTCAGGTTTA-1	9240	6954	0.7525974025974026
GSM6339597	TTATTGCTCGGGACCT-1	17175	14820	0.862882096069869
GSM6339597	TTCAACCGTATTGCAG-1	11555	8067	0.6981393336218087
GSM6339597	TTCAACCGTGAAACAA-1	6450	4412	0.684031007751938
GSM6339597	TTCAACCGTGTAATAC-1	23573	15849	0.6723369957154371
GSM6339597	TTCAACCGTTCGCTTG-1	11351	9169	0.8077702405074443
GSM6339597	TTCACTGTCACAAGCT-1	737	477	0.6472184531886025
GSM6339597	TTCACTGTCAGAAACG-1	16637	13610	0.8180561399290738
GSM6339597	TTCACTGTCATCCTCA-1	34677	25067	0.7228710672780229
GSM6339597	TTCACTGTCATGGTGT-1	20400	15009	0.735735294117647
GSM6339597	TTCACTGTCCTTGAGG-1	17669	14163	0.8015733771011376
GSM6339597	TTCACTGTCGTGCTTC-1	7822	5430	0.6941958578368703
GSM6339597	TTCACTGTCTCCTCTT-1	8874	7009	0.789835474419653
GSM6339597	TTCAGCACAACTAGAA-1	13019	8496	0.6525846839234964
GSM6339597	TTCAGCACAAGGTGGC-1	4396	3106	0.7065514103730665
GSM6339597	TTCAGCACAATGCCCG-1	8232	6209	0.7542517006802721
GSM6339597	TTCAGCACACCGTTCC-1	508	394	0.7755905511811023
GSM6339597	TTCAGCACAGTTTACG-1	10744	7165	0.6668838421444527
GSM6339597	TTCAGCACATCACTTC-1	5536	3956	0.7145953757225434
GSM6339597	TTCAGCACATGTTGTG-1	3620	2714	0.7497237569060774
GSM6339597	TTCAGGTAGCATTAGC-1	9795	7589	0.7747830525778459
GSM6339597	TTCAGGTAGCTATTGA-1	9238	5922	0.6410478458540809
GSM6339597	TTCAGGTAGTACTGGT-1	4001	3300	0.8247938015496126
GSM6339597	TTCAGTTTCACTAAGC-1	9887	9059	0.9162536664306665
GSM6339597	TTCAGTTTCATGTTTC-1	9681	6862	0.7088110732362359
GSM6339597	TTCAGTTTCCTCCCTC-1	5238	3141	0.5996563573883161
GSM6339597	TTCAGTTTCGTAACGT-1	4850	3363	0.6934020618556701
GSM6339597	TTCATCCCAAACCTAT-1	3850	3201	0.8314285714285714
GSM6339597	TTCATCCCAAACTCAT-1	15175	12689	0.836177924217463
GSM6339597	TTCATCCCAAGCTACC-1	1929	1214	0.6293416277864178
GSM6339597	TTCATCCCAATATACC-1	7037	4686	0.6659087679408839
GSM6339597	TTCATCCCACTTCACT-1	10341	8192	0.7921864423169906
GSM6339597	TTCATCCCAGGTTCAC-1	9808	6743	0.6875
GSM6339597	TTCATCCCAGTTAGCC-1	3293	2304	0.6996659580929244
GSM6339597	TTCATCCCATAGCGGA-1	9001	6785	0.7538051327630263
GSM6339597	TTCATTCAGCATGTTA-1	11054	8413	0.7610819612809843
GSM6339597	TTCATTCAGCCAGTAT-1	23937	21415	0.8946400969210845
GSM6339597	TTCATTCAGCGCCTTT-1	17316	14932	0.8623238623238624
GSM6339597	TTCCACGGTCCAAATG-1	379	307	0.8100263852242744
GSM6339597	TTCCACGGTGTTTGCT-1	3612	2187	0.6054817275747508
GSM6339597	TTCCCACAGACAGGCG-1	10793	8693	0.805429445010655
GSM6339597	TTCCCACAGCAGGTGG-1	1171	722	0.6165670367207515
GSM6339597	TTCCCACAGTCACGAT-1	421	308	0.7315914489311164
GSM6339597	TTCCCACAGTGAACCT-1	7958	7533	0.9465946217642623
GSM6339597	TTCCCGCCAAACATAG-1	813	542	0.6666666666666666
GSM6339597	TTCCCGCCAAACTCAT-1	5360	3899	0.7274253731343283
GSM6339597	TTCCCGCCACCGGCTA-1	1819	1286	0.7069818581638263
GSM6339597	TTCCCGCCATAAGGAC-1	3220	2179	0.6767080745341615
GSM6339597	TTCCTCAAGACTAAGG-1	14008	11117	0.7936179326099372
GSM6339597	TTCCTCAAGGCCATCA-1	901	598	0.6637069922308546
GSM6339597	TTCCTCAAGTAACGAG-1	4713	3271	0.6940377678760874
GSM6339597	TTCCTTCTCAAATCGC-1	37792	29160	0.7715918712955123
GSM6339597	TTCCTTCTCATCCTAT-1	12364	9516	0.7696538337107732
GSM6339597	TTCCTTCTCTTGTTCG-1	1890	1144	0.6052910052910053
GSM6339597	TTCCTTGAGAAAGGAA-1	5091	2968	0.5829895894716166
GSM6339597	TTCCTTGAGAAGGTGC-1	27147	21064	0.7759236748075293
GSM6339597	TTCCTTGAGGATTGCT-1	1139	681	0.597892888498683
GSM6339597	TTCCTTGAGGCTATGT-1	2107	1047	0.49691504508780254
GSM6339597	TTCCTTGAGTAAGAAC-1	13188	9653	0.7319532908704883
GSM6339597	TTCCTTGAGTTAGGCT-1	8958	6990	0.7803081044876088
GSM6339597	TTCGCAACAATCCCTT-1	1225	825	0.673469387755102
GSM6339597	TTCGCAACACCTCAGG-1	10567	10084	0.9542916627235734
GSM6339597	TTCGCAACAGTAGCCT-1	3577	2643	0.7388873357562203
GSM6339597	TTCGGTACAGTTGCGT-1	16418	11959	0.728407845048118
GSM6339597	TTCGGTACATGGAGGC-1	9606	7387	0.7689985425775557
GSM6339597	TTCGTGCTCCGGTTAG-1	8072	9503	1.1772794846382557
GSM6339597	TTCGTGCTCCTCAGCT-1	12272	8400	0.6844850065189049
GSM6339597	TTCGTGCTCCTGCGAA-1	4102	3144	0.7664553876157971
GSM6339597	TTCGTTAGTCCTTAGT-1	17274	11352	0.6571726293852032
GSM6339597	TTCTTAGGTAGGTTTG-1	871	676	0.7761194029850746
GSM6339597	TTCTTAGGTGAAACAA-1	16636	14113	0.8483409473431113
GSM6339597	TTCTTAGGTGGAAGGC-1	15936	10059	0.6312123493975904
GSM6339597	TTCTTAGGTGGTGAGA-1	11693	9078	0.7763619259385958
GSM6339597	TTGACATCAAGACTCC-1	3672	6899	1.8788126361655773
GSM6339597	TTGACATCAATTTAGC-1	15527	13829	0.8906421072969666
GSM6339597	TTGACATCATTTAAGC-1	3394	2116	0.6234531526222746
GSM6339597	TTGACGTAGCCTAATA-1	9888	7577	0.766282362459547
GSM6339597	TTGACGTAGGCTAGAA-1	1659	1063	0.6407474382157926
GSM6339597	TTGACGTAGTCAATCA-1	12761	8623	0.6757307421048507
GSM6339597	TTGACGTAGTGTGATC-1	15898	11115	0.6991445464838344
GSM6339597	TTGACTAAGATGGACA-1	11194	7428	0.6635697695193854
GSM6339597	TTGACTAAGCTCCTTA-1	19148	20691	1.0805828284938375
GSM6339597	TTGACTAAGGCTAATC-1	17733	13127	0.7402582755314949
GSM6339597	TTGACTAAGTCTCACC-1	20547	13779	0.6706088480070084
GSM6339597	TTGAGCTAGAGAAGGG-1	27403	19428	0.7089734700580228
GSM6339597	TTGAGCTAGCACAGCC-1	5688	3738	0.6571729957805907
GSM6339597	TTGAGCTAGTCAGTAC-1	14931	8765	0.5870336882995111
GSM6339597	TTGAGCTAGTGGCGGA-1	28709	23166	0.8069246577728239
GSM6339597	TTGAGCTAGTTGCGTG-1	9857	5803	0.5887186770822765
GSM6339597	TTGAGGCGTCCACAAA-1	16290	10815	0.6639042357274402
GSM6339597	TTGAGGCGTCTCAGCC-1	5568	3411	0.6126077586206896
GSM6339597	TTGAGGCGTGACATAT-1	8974	6122	0.6821930020057945
GSM6339597	TTGAGGCGTTCGCTTG-1	1120	853	0.7616071428571428
GSM6339597	TTGAGGCGTTGTCCAT-1	11797	9803	0.8309739764346867
GSM6339597	TTGATGTCAAACATAG-1	12172	8547	0.7021853434111075
GSM6339597	TTGATGTCAGTTAGCC-1	2279	1707	0.749012724879333
GSM6339597	TTGATGTCATCACTTC-1	5735	3805	0.6634699215344376
GSM6339597	TTGATGTCATCTAGCA-1	10034	6112	0.6091289615307953
GSM6339597	TTGCAACAGCTACTGG-1	6969	4458	0.6396900559621179
GSM6339597	TTGCAACAGGAAGCTA-1	7098	4606	0.6489151873767258
GSM6339597	TTGCAACAGGACTTAC-1	17158	15741	0.9174146170882387
GSM6339597	TTGCAAGGTCGACTCC-1	520	331	0.6365384615384615
GSM6339597	TTGCAAGGTGTTGTGA-1	10003	6996	0.6993901829451165
GSM6339597	TTGCAATCAAAGCTAA-1	26379	20787	0.7880131923120665
GSM6339597	TTGCAATCAAGTGAAC-1	7629	5547	0.727093983484074
GSM6339597	TTGCAATCACTATGGC-1	22803	22313	0.9785115993509625
GSM6339597	TTGCAATCAGATTCAT-1	16042	12799	0.797843161700536
GSM6339597	TTGCAATCAGCTAATT-1	13510	10789	0.7985936343449297
GSM6339597	TTGCAATCAGTTAAAG-1	13838	11257	0.8134846076022546
GSM6339597	TTGCAATCATTAAGCT-1	16853	13332	0.7910757728594315
GSM6339597	TTGCAATCATTGCGGT-1	8430	5900	0.6998813760379596
GSM6339597	TTGCACACAAAGCTCC-1	8862	9193	1.0373504852177837
GSM6339597	TTGCACACAATTGAGA-1	10641	8165	0.7673151019641011
GSM6339597	TTGCAGCCAAGGTGGC-1	11242	8899	0.7915851272015656
GSM6339597	TTGCAGCCACCAAAGG-1	10024	6997	0.698024740622506
GSM6339597	TTGCAGCCAGTTAAAG-1	8274	6437	0.7779792119893643
GSM6339597	TTGCAGCCATAGACTT-1	15998	12553	0.7846605825728216
GSM6339597	TTGCAGCCATTCAGCA-1	6269	4907	0.782740468974318
GSM6339597	TTGCATTTCCTAGTAA-1	11611	9443	0.8132805098613384
GSM6339597	TTGCATTTCGATTTAG-1	8447	6093	0.7213211791168462
GSM6339597	TTGCCCGTCAATCTAG-1	9142	7182	0.7856049004594181
GSM6339597	TTGCCCGTCCTTGCAC-1	3241	2676	0.8256710891700093
GSM6339597	TTGCCCGTCTAGCTAA-1	6778	5170	0.7627618766597817
GSM6339597	TTGCCCGTCTGCAAAC-1	10009	6813	0.6806873813567789
GSM6339597	TTGCGAGTCACCATTT-1	4936	3590	0.7273095623987034
GSM6339597	TTGCGAGTCATCCACC-1	15030	11167	0.7429807052561543
GSM6339597	TTGCGAGTCATTTAGG-1	1017	616	0.6057030481809242
GSM6339597	TTGCGAGTCCACCTTA-1	5708	3991	0.6991941135248774
GSM6339597	TTGCGAGTCCTAAGAC-1	5905	4484	0.7593564775613887
GSM6339597	TTGCGTCTCAATAGCC-1	900	608	0.6755555555555556
GSM6339597	TTGCGTCTCGGGACTC-1	7217	4985	0.6907302203131495
GSM6339597	TTGCGTCTCTAACCAA-1	3020	2261	0.7486754966887417
GSM6339597	TTGCTCTCAATTATGC-1	11223	8897	0.7927470373340462
GSM6339597	TTGCTCTCAGCTTAAT-1	26441	19482	0.7368102567981544
GSM6339597	TTGCTCTCAGGAACTG-1	26150	18502	0.7075334608030592
GSM6339597	TTGCTCTCATGCTCCC-1	883	563	0.637599093997735
GSM6339597	TTGCTTAGTCATTGTC-1	3132	1962	0.6264367816091954
GSM6339597	TTGCTTAGTTTGTTGC-1	1735	1081	0.6230547550432277
GSM6339597	TTGCTTTAGAGAGGCT-1	2702	1851	0.6850481125092525
GSM6339597	TTGCTTTAGATGGACA-1	13717	8661	0.6314062841729241
GSM6339597	TTGCTTTAGCGATACT-1	1733	1121	0.6468551644547028
GSM6339597	TTGCTTTAGCTGTCAG-1	16276	14431	0.8866429098058491
GSM6339597	TTGCTTTAGCTTAGCG-1	8615	5617	0.6520023215322113
GSM6339597	TTGCTTTAGGAACCGG-1	5261	3438	0.653487930051321
GSM6339597	TTGCTTTAGGAAGCTA-1	34267	29135	0.8502349198937753
GSM6339597	TTGCTTTAGGACCTCA-1	5376	3579	0.6657366071428571
GSM6339597	TTGCTTTAGTCCTGAG-1	9771	6881	0.7042267935728175
GSM6339597	TTGCTTTAGTGATTCA-1	19060	16528	0.8671563483735572
GSM6339597	TTGCTTTAGTTTCCGC-1	7760	5977	0.7702319587628866
GSM6339597	TTGGAGGCAAACCTAT-1	8847	6301	0.712218831242229
GSM6339597	TTGGAGGCAACTGGGA-1	15800	11889	0.7524683544303797
GSM6339597	TTGGAGGCAGCATGTC-1	14122	10059	0.7122928763631213
GSM6339597	TTGGAGGCAGCATTAT-1	12082	8521	0.7052640291342493
GSM6339597	TTGGAGGCAGCTACGT-1	10575	7798	0.7373995271867613
GSM6339597	TTGGATATCCGTTAAA-1	3771	2257	0.5985149827631928
GSM6339597	TTGGATATCCTAAGTA-1	9161	6552	0.7152057635629299
GSM6339597	TTGGATATCCTGGTGA-1	6729	4382	0.6512111755089909
GSM6339597	TTGGATATCGCGCTAA-1	10279	7566	0.7360638194376885
GSM6339597	TTGGATATCTAATCAG-1	11367	8120	0.7143485528283628
GSM6339597	TTGGATCAGAATCGCT-1	10755	8937	0.8309623430962343
GSM6339597	TTGGATCAGGAACCAA-1	6492	4645	0.7154959950708565
GSM6339597	TTGGATTCAATCGCAC-1	13224	8287	0.6266636418632789
GSM6339597	TTGGATTCACATAACT-1	27067	19436	0.7180699745077032
GSM6339597	TTGGATTCACCAGGTT-1	10261	8664	0.8443621479387974
GSM6339597	TTGGATTCAGTTTGTG-1	13197	8618	0.6530272031522316
GSM6339597	TTGGATTCATCCCTCA-1	13563	11495	0.8475263584752636
GSM6339597	TTGGATTCATGGCCCA-1	18538	16018	0.8640630057179847
GSM6339597	TTGGATTCATTAAAGG-1	4035	2964	0.7345724907063197
GSM6339597	TTGGCGGGTACTTAGG-1	8052	6537	0.8118479880774963
GSM6339597	TTGGCGGGTCACAGAC-1	26176	19223	0.734375
GSM6339597	TTGGCGGGTCATAACG-1	8777	6357	0.7242793665261479
GSM6339597	TTGGCGGGTTCGGTAA-1	24488	20838	0.8509474028095394
GSM6339597	TTGGCGGGTTGTAACG-1	5196	3769	0.7253656658968437
GSM6339597	TTGGCTACAGCTAATT-1	972	695	0.7150205761316872
GSM6339597	TTGGCTGAGATGGAGC-1	36757	22988	0.6254046848219387
GSM6339597	TTGGCTGAGGAAGCTA-1	16637	12728	0.7650417743583579
GSM6339597	TTGGCTGAGGTGAAAT-1	10576	7982	0.7547276853252648
GSM6339597	TTGGCTGAGTCACTCC-1	21683	10571	0.48752478900521146
GSM6339597	TTGGCTTGTACAATGT-1	1696	1263	0.7446933962264151
GSM6339597	TTGGGCCAGCATGGTT-1	5981	5176	0.8654071225547567
GSM6339597	TTGGGCCAGCCGGTAC-1	7283	5249	0.7207194837292324
GSM6339597	TTGGGCCAGCTTCCCG-1	14800	11529	0.7789864864864865
GSM6339597	TTGGGCCAGGTTAGAG-1	18392	15578	0.8469986950848195
GSM6339597	TTGGGCCAGTTTCCTG-1	1231	652	0.529650690495532
GSM6339597	TTGGGCGGTACCGTAA-1	4416	2986	0.676177536231884
GSM6339597	TTGGGCGGTCAGGCAT-1	15225	12245	0.8042692939244663
GSM6339597	TTGGGCGGTCATAACG-1	30956	24175	0.7809471507946764
GSM6339597	TTGGGCGGTCTAACAG-1	14687	11080	0.7544086607203649
GSM6339597	TTGGGCGGTGTTTCAC-1	7392	4595	0.6216179653679653
GSM6339597	TTGGGCGGTTGTGATG-1	5999	5170	0.8618103017169528
GSM6339597	TTGGGCGGTTTCGCCA-1	8921	5823	0.6527295146284049
GSM6339597	TTGGGTTAGCGAGGTG-1	9831	8111	0.8250432305970908
GSM6339597	TTGGGTTAGGGTGAGT-1	16683	15112	0.9058322843613259
GSM6339597	TTGGTGAGTACCGTAA-1	3110	1819	0.5848874598070739
GSM6339597	TTGTAAGTCAAACTCA-1	22246	20712	0.9310437831520273
GSM6339597	TTGTAAGTCCCATAGG-1	2458	1979	0.8051261187957689
GSM6339597	TTGTAAGTCCTTAGGG-1	5692	3440	0.6043569922698524
GSM6339597	TTGTAAGTCTTTGACT-1	11795	9393	0.7963543874523104
GSM6339597	TTGTCAAAGCTCAAAC-1	4149	2652	0.6391901663051338
GSM6339597	TTGTCAAAGGCATTGT-1	6051	4761	0.7868120971740208
GSM6339597	TTGTCAAAGGCCTAAT-1	20988	17320	0.8252334667429007
GSM6339597	TTGTCCATCATAAGCC-1	11643	9039	0.7763463024993559
GSM6339597	TTGTCCATCGAGCAAA-1	17013	12853	0.7554811026861812
GSM6339597	TTGTCCCAGGCGTAAA-1	6834	4557	0.6668129938542581
GSM6339597	TTGTCCCAGGTGCTGC-1	13151	8074	0.6139457075507566
GSM6339597	TTGTCCCAGTTATCTC-1	15850	11507	0.725993690851735
GSM6339597	TTGTCCGGTTAGCAGC-1	28492	21567	0.7569493191071178
GSM6339597	TTGTCCGGTTCAAGAT-1	17905	14113	0.7882155822395979
GSM6339597	TTGTCCGGTTCCGCAC-1	11484	10001	0.870863810518983
GSM6339597	TTGTCCGGTTTATCGC-1	12457	10011	0.8036445372079956
GSM6339597	TTGTGAGGTAACGTGC-1	10593	7365	0.6952704616256018
GSM6339597	TTGTGAGGTAGCTAAT-1	2017	1074	0.5324739712444224
GSM6339597	TTGTGAGGTCCAAGAC-1	11743	10141	0.8635783019671294
GSM6339597	TTGTGAGGTGAGAAAC-1	5084	3842	0.7557041699449253
GSM6339597	TTGTGAGGTTGCGCGA-1	34612	24725	0.714347625101121
GSM6339597	TTGTGAGGTTGTTGCT-1	12011	8282	0.6895345932894846
GSM6339597	TTGTGCCTCAGCACCA-1	1231	778	0.6320064987814785
GSM6339597	TTGTGCCTCATTAGTG-1	2828	1896	0.6704384724186704
GSM6339597	TTGTGCCTCCCTCTAA-1	3308	2311	0.6986094316807738
GSM6339597	TTGTGCCTCCTGAATA-1	727	477	0.656121045392022
GSM6339597	TTGTGCCTCGCTATAA-1	37258	26659	0.7155241827258575
GSM6339597	TTGTGCCTCGGGCCAT-1	3281	2124	0.6473636086558976
GSM6339597	TTGTGCGAGCCTGTGA-1	5849	3211	0.5489827320909557
GSM6339597	TTGTGCGAGGATTGCT-1	541	427	0.789279112754159
GSM6339597	TTGTGCGAGTTCCCAC-1	3337	2232	0.6688642493257417
GSM6339597	TTGTGTGCAAACGGGC-1	7772	5047	0.6493823983530623
GSM6339597	TTGTGTGCAAGGTAAC-1	13101	10725	0.818639798488665
GSM6339597	TTGTGTGCAATATGGA-1	21933	19972	0.9105913463730452
GSM6339597	TTGTGTGCAGAGAGCC-1	9633	9322	0.9677151458527977
GSM6339597	TTGTGTGCATAGCGGA-1	2533	1512	0.5969206474536123
GSM6339597	TTGTGTGCATCCGTAA-1	1444	961	0.6655124653739612
GSM6339597	TTGTTCCCAACTCGCG-1	9151	7514	0.8211124467271337
GSM6339597	TTGTTCCCATTGACAT-1	6410	4506	0.7029641185647426
GSM6339597	TTGTTGCGTGGATTGC-1	22360	17884	0.7998211091234347
GSM6339597	TTGTTGTTCAGCATTA-1	11457	8060	0.7035000436414419
GSM6339597	TTGTTGTTCCGTCCAT-1	17887	16761	0.9370492536479007
GSM6339597	TTGTTTGGTACGCGCA-1	16238	12083	0.744118733834216
GSM6339597	TTGTTTGGTGAGGTAG-1	22434	16451	0.7333065882143176
GSM6339597	TTGTTTGGTGTGTCCC-1	13864	10940	0.7890940565493364
GSM6339597	TTGTTTGGTTAAGTGT-1	5944	3360	0.5652759084791387
GSM6339597	TTTAACCTCCTAAGAC-1	9533	7673	0.8048882828070911
GSM6339597	TTTAACCTCCTCATGC-1	17847	15027	0.8419902504622626
GSM6339597	TTTAACCTCCTCGATC-1	8377	7696	0.9187059806613346
GSM6339597	TTTAACCTCGTTACTT-1	3794	2728	0.7190300474433315
GSM6339597	TTTAACCTCTAACCTT-1	1321	898	0.6797880393641181
GSM6339597	TTTAACCTCTGCAAAC-1	6338	4959	0.7824234774376775
GSM6339597	TTTAACCTCTTGAGCG-1	11281	8985	0.7964719439765978
GSM6339597	TTTAACGAGCCATCAG-1	6628	5115	0.7717260108630054
GSM6339597	TTTAAGCCAAACTCAT-1	5582	3452	0.6184163382300251
GSM6339597	TTTAAGCCAACTCGCG-1	3399	2563	0.7540453074433657
GSM6339597	TTTAAGCCAATGAAGC-1	2769	2460	0.8884073672806068
GSM6339597	TTTAAGCCACAGGGAC-1	16967	16926	0.9975835445276124
GSM6339597	TTTAAGCCATCGCTTT-1	2099	1453	0.6922343973320629
GSM6339597	TTTAAGGTCAGGAACA-1	12791	8701	0.6802439215073098
GSM6339597	TTTAAGGTCCCTCAAC-1	11091	9043	0.8153457758542962
GSM6339597	TTTAAGGTCCGCTAGA-1	10784	7758	0.7193991097922848
GSM6339597	TTTAAGGTCGTTACTT-1	4944	2948	0.5962783171521036
GSM6339597	TTTACGAAGCCGCAAC-1	22897	18753	0.8190155915622134
GSM6339597	TTTACGAAGCGCAATT-1	13729	12583	0.9165270595090684
GSM6339597	TTTACGAAGGCGAAAC-1	9952	7850	0.7887861736334405
GSM6339597	TTTACGAAGGTCAAAG-1	13489	11360	0.8421676921936393
GSM6339597	TTTACGAAGTCATTGA-1	5535	4920	0.8888888888888888
GSM6339597	TTTACGCGTAATCGGC-1	1580	1151	0.7284810126582278
GSM6339597	TTTACGCGTGCGCAAT-1	13057	11025	0.8443746649306885
GSM6339597	TTTACGCGTTAAGCCA-1	12236	7843	0.6409774436090225
GSM6339597	TTTACGCGTTTCGCCA-1	3321	2841	0.8554652213188798
GSM6339597	TTTAGCAAGCATGTCG-1	9458	6700	0.7083950095157538
GSM6339597	TTTAGCAAGCCATCAG-1	9551	6237	0.6530206261124489
GSM6339597	TTTAGCAAGCCGCAAC-1	27640	22217	0.8037988422575977
GSM6339597	TTTAGCAAGCTAATCA-1	2002	1271	0.6348651348651349
GSM6339597	TTTAGCAAGCTGAGGG-1	15259	12894	0.8450095025886362
GSM6339597	TTTAGCAAGTTATCTC-1	35101	32321	0.9207999772086265
GSM6339597	TTTAGCTTCCGCATGA-1	6303	3729	0.5916230366492147
GSM6339597	TTTAGCTTCCGTAAAC-1	13683	12469	0.9112767667909084
GSM6339597	TTTAGCTTCGTAACGT-1	10857	8476	0.7806944828221424
GSM6339597	TTTAGCTTCTACCTAT-1	619	360	0.5815831987075929
GSM6339597	TTTAGCTTCTGTAATG-1	9682	7324	0.756455277835158
GSM6339597	TTTAGGATCCCGCAAA-1	13313	11907	0.8943889431382859
GSM6339597	TTTAGGATCGACCTGA-1	7527	4891	0.649794074664541
GSM6339597	TTTATGGAGATAACCC-1	12216	10853	0.8884250163719711
GSM6339597	TTTATGGAGCAAGGAC-1	16026	15107	0.9426556845126669
GSM6339597	TTTATGGAGCTCGCTT-1	13012	9388	0.7214878573624347
GSM6339597	TTTATGGAGGCATGAA-1	11809	7522	0.6369718011686002
GSM6339597	TTTATGGAGGGATTAG-1	1893	1342	0.7089276281035394
GSM6339597	TTTATGGAGTCACTAA-1	15964	14548	0.9113004259584064
GSM6339597	TTTCACCCAATATACC-1	8757	6042	0.6899623158615964
GSM6339597	TTTCACCCACAAAGCG-1	7586	5161	0.6803321908779331
GSM6339597	TTTCACCCACAAGCCT-1	10954	7738	0.7064086178564908
GSM6339597	TTTCACCCATGAGCAG-1	9823	8681	0.8837422376056194
GSM6339597	TTTCACCCATTGCGAC-1	10953	7721	0.7049210262028668
GSM6339597	TTTCAGTTCAAAGGCA-1	5715	3974	0.6953630796150482
GSM6339597	TTTCAGTTCACAGGAA-1	9299	6738	0.7245940423701474
GSM6339597	TTTCAGTTCCCGCATT-1	14706	11479	0.7805657554739562
GSM6339597	TTTCATCAGCTTAGTA-1	8123	6450	0.7940416102425213
GSM6339597	TTTCCACCAAATACCT-1	3405	2135	0.6270190895741556
GSM6339597	TTTCCACCAATTATGC-1	10722	6898	0.6433501212460362
GSM6339597	TTTCCACCACCACAAC-1	8076	5707	0.7066617137196632
GSM6339597	TTTCCACCAGCATGAG-1	25487	18247	0.7159336132145799
GSM6339597	TTTCCACCAGCCTAAC-1	10930	7689	0.7034766697163769
GSM6339597	TTTCCACCATCATGTG-1	12270	11074	0.9025264873675631
GSM6339597	TTTCCACCATTAGGCC-1	11311	10161	0.8983290602068783
GSM6339597	TTTCCGGGTAGGTTGC-1	25020	15608	0.6238209432454037
GSM6339597	TTTCCGGGTCCCGAAG-1	11590	8421	0.726574633304573
GSM6339597	TTTCCGGGTTGAGCCG-1	1747	1229	0.7034917000572409
GSM6339597	TTTCCTGAGAAACTGG-1	4369	3080	0.7049668116273747
GSM6339597	TTTCCTGAGACTCGCA-1	14149	11188	0.7907272598770231
GSM6339597	TTTCCTGAGTAGCCAT-1	10649	8030	0.7540614142172974
GSM6339597	TTTCGTCCAGGCAAGC-1	15907	11374	0.7150311183755579
GSM6339597	TTTCGTCCATAAGTCT-1	15654	13781	0.8803500702695797
GSM6339597	TTTCGTCCATGCTTAG-1	4395	3330	0.757679180887372
GSM6339597	TTTCTCACACCTAAGC-1	13609	10599	0.778822837827908
GSM6339597	TTTCTCACACGCAACT-1	8817	6162	0.6988771691051378
GSM6339597	TTTCTCACAGGATGGC-1	15981	11052	0.6915712408485076
GSM6339597	TTTCTTGCAAATGCCC-1	15717	12092	0.7693580199783674
GSM6339597	TTTCTTGCACTTCACT-1	4013	2818	0.7022177921754299
GSM6339597	TTTCTTGCAGCAAGAT-1	8561	5380	0.628431258030604
GSM6339597	TTTCTTGCAGTAAAGC-1	11329	7427	0.6555741901315209
GSM6339597	TTTCTTGCATCCATCT-1	10931	8667	0.7928826273899917
GSM6339597	TTTCTTGCATTGCAGC-1	9782	7872	0.8047434062563893
GSM6339597	TTTGACCGTACTTCAC-1	9956	7367	0.7399558055443953
GSM6339597	TTTGACCGTAGCCTCC-1	19350	16831	0.8698191214470284
GSM6339597	TTTGACCGTATTGCAG-1	423	269	0.6359338061465721
GSM6339597	TTTGACCGTGGACCTG-1	4426	3269	0.7385901491188432
GSM6339597	TTTGACCGTGTTTGCT-1	5649	4657	0.8243936979996459
GSM6339597	TTTGACCGTTTGGGTA-1	6874	5177	0.7531277276694792
GSM6339597	TTTGACTTCATCCTGC-1	426	260	0.6103286384976526
GSM6339597	TTTGACTTCATGCTCC-1	13646	9630	0.7057013044115492
GSM6339597	TTTGACTTCCTAAGAC-1	9611	6998	0.7281240245551972
GSM6339597	TTTGAGTCACAGGATG-1	6335	4439	0.7007103393843725
GSM6339597	TTTGAGTCACCTCGCT-1	4470	3195	0.714765100671141
GSM6339597	TTTGAGTCAGTAAAGC-1	7233	5506	0.7612332365546799
GSM6339597	TTTGAGTCAGTTAGCC-1	8587	6619	0.7708163502969605
GSM6339597	TTTGAGTCATGTTGGC-1	3786	2915	0.7699418911780243
GSM6339597	TTTGCATTCATGGCCA-1	6283	4323	0.6880471112525863
GSM6339597	TTTGCATTCCGCCAAA-1	15005	9843	0.6559813395534821
GSM6339597	TTTGCATTCGTGCTTC-1	10299	7396	0.718127973589669
GSM6339597	TTTGCGACACCTGCTC-1	14340	10998	0.7669456066945607
GSM6339597	TTTGCGACAGGCCTTG-1	897	672	0.7491638795986622
GSM6339597	TTTGCGACATAATCAC-1	27778	19324	0.6956584347325221
GSM6339597	TTTGCGGAGCAACATC-1	30509	24811	0.8132354387229997
GSM6339597	TTTGCGGAGCCAGTAT-1	5649	3827	0.6774650380598336
GSM6339597	TTTGCGGAGCCTGTTC-1	12181	10888	0.893851079550119
GSM6339597	TTTGGCTGTAAGTCGC-1	4968	3005	0.6048711755233495
GSM6339597	TTTGGCTGTGAGCACT-1	17337	17171	0.9904251023821884
GSM6339597	TTTGGCTGTGTTAAAC-1	3076	1933	0.6284135240572172
GSM6339597	TTTGGCTGTTACCTGT-1	1141	1007	0.8825591586327782
GSM6339597	TTTGGCTGTTAGCTGA-1	3996	3240	0.8108108108108109
GSM6339597	TTTGGTAAGGAAGCAC-1	2958	2421	0.8184584178498986
GSM6339597	TTTGGTAAGGCAATAG-1	860	585	0.6802325581395349
GSM6339597	TTTGGTAAGGTTACAC-1	14466	11929	0.8246232545278585
GSM6339597	TTTGGTGCAACACTTG-1	6096	4096	0.6719160104986877
GSM6339597	TTTGGTGCAACAGGAT-1	9433	6544	0.6937347609456165
GSM6339597	TTTGGTGCAAGACTCC-1	34726	30227	0.8704428958129355
GSM6339597	TTTGGTGCAAGGTAAC-1	13118	9451	0.7204604360420795
GSM6339597	TTTGGTGCACAACCTA-1	6818	4219	0.6188031680844822
GSM6339597	TTTGGTGCACTAAGCC-1	8348	6263	0.7502395783421179
GSM6339597	TTTGGTGCACTTCATC-1	9752	7144	0.7325676784249385
GSM6339597	TTTGGTGCAGCACGAA-1	5185	3516	0.6781099324975892
GSM6339597	TTTGGTGCAGCTCATA-1	11202	7084	0.6323870737368327
GSM6339597	TTTGGTGCAGGAACCA-1	16477	13735	0.8335862110821145
GSM6339597	TTTGGTGCATCGCTCC-1	8498	5609	0.6600376559190397
GSM6339597	TTTGGTGCATGAAATG-1	2010	1253	0.6233830845771144
GSM6339597	TTTGTCCCAAGCCACT-1	17631	11863	0.6728489592195565
GSM6339597	TTTGTCCCATCCTAGA-1	1899	1368	0.7203791469194313
GSM6339597	TTTGTCCCATTCAGCA-1	4081	2712	0.6645430041656457
GSM6339597	TTTGTCTAGAGGAAGG-1	10510	7828	0.744814462416746
GSM6339597	TTTGTCTAGCACCACA-1	26948	19258	0.7146355944782544
GSM6339597	TTTGTCTAGCCTGGTA-1	30075	25023	0.8320199501246883
GSM6339597	TTTGTCTAGCTAATTG-1	9807	6512	0.6640154991332722
GSM6339597	TTTGTCTAGGAGCACG-1	6409	4095	0.6389452332657201
GSM6339597	TTTGTCTAGGAGCATA-1	8800	5925	0.6732954545454546
GSM6339597	TTTGTGAAGCAGCTCA-1	13600	11109	0.8168382352941177
GSM6339597	TTTGTGAAGTAAGGGC-1	12040	8578	0.7124584717607974
GSM6339597	TTTGTGAAGTGTGATC-1	9440	5921	0.6272245762711864
GSM6339597	TTTGTGGCAAGGACCA-1	10524	6518	0.6193462561763587
GSM6339597	TTTGTGTTCCCTGGAA-1	12400	8167	0.6586290322580645
GSM6339597	TTTGTTGGTCATAGAT-1	4127	2784	0.6745820208383814
GSM6339597	TTTGTTGGTGTTTGTC-1	16083	11416	0.7098178200584468
GSM6339597	TTTGTTGGTTACGCAA-1	4149	2818	0.6791998071824537
GSM6339597	TTTGTTGGTTCACCCA-1	13067	9297	0.7114869518634729
GSM6339597	TTTGTTGGTTTAGCGA-1	1117	920	0.8236347358997315
