gsm	barcode	n_tss	center_insertions	flank_insertions	tss_enrichment
GSM6339599	AAACAGCCAAGCTTAT-1	20044	11567	582	3.970943146200878
GSM6339599	AAACAGCCAGTAGCCT-1	20044	810	39	4.149696457388765
GSM6339599	AAACAGCCAGTGAACG-1	20044	8694	381	4.559220307251803
GSM6339599	AAACAGCCATGTTGGC-1	20044	6478	284	4.557414416569347
GSM6339599	AAACAGCCATTAGCCA-1	20044	12250	639	3.830285520426366
GSM6339599	AAACAGCCATTGCAGC-1	20044	5829	218	5.3423640579603875
GSM6339599	AAACATGCAACTAACT-1	20044	8571	376	4.554488065126363
GSM6339599	AAACATGCAATGCCTA-1	20044	10583	474	4.460939903977879
GSM6339599	AAACATGCACGGTACT-1	20044	9388	471	3.9824294601364665
GSM6339599	AAACATGCAGAAATGC-1	20044	10913	478	4.561547239371507
GSM6339599	AAACATGCATAGCGAG-1	20044	13694	697	3.925486278427455
GSM6339599	AAACATGCATCGCTTT-1	20044	9311	414	4.4935740587914506
GSM6339599	AAACATGCATTAGGCC-1	20044	3982	157	5.067543921047106
GSM6339599	AAACATGCATTGTGGC-1	20044	11943	558	4.276368792497824
GSM6339599	AAACCAACAGCTCAAC-1	20044	6658	308	4.319057565810812
GSM6339599	AAACCAACAGCTCATA-1	20044	4362	202	4.314497383804315
GSM6339599	AAACCAACATAAGCAA-1	20044	10608	452	4.689116193540973
GSM6339599	AAACCAACATGTCAAT-1	20044	10104	497	4.061934041813318
GSM6339599	AAACCGAAGAGCAAGC-1	20044	1113	33	6.73871582962492
GSM6339599	AAACCGAAGTGTTGTA-1	20044	1664	83	4.005632921295573
GSM6339599	AAACCGAAGTTAGCTA-1	20044	6876	268	5.126217066515573
GSM6339599	AAACCGCGTAACCACA-1	20044	3573	157	4.547045311376522
GSM6339599	AAACCGCGTCGACTCC-1	20044	1500	71	4.221130981694363
GSM6339599	AAACCGCGTTCATTTG-1	20044	21972	919	4.776942317747541
GSM6339599	AAACCGCGTTGTAAAC-1	20044	7183	268	5.355092668525504
GSM6339599	AAACCGCGTTTCGCCA-1	20044	2253	97	4.64072010463763
GSM6339599	AAACCGGCACAACAGG-1	20044	14833	635	4.667143879742305
GSM6339599	AAACCGGCACCCACAG-1	20044	9037	424	4.2584773716849185
GSM6339599	AAACCGGCATAATCGT-1	20044	14770	727	4.059214513134734
GSM6339599	AAACCGGCATAGTCAT-1	20044	10958	524	4.178264483607995
GSM6339599	AAACCGGCATATTGAC-1	20044	713	38	3.7488826962511173
GSM6339599	AAACGCGCAATCATGT-1	20044	12494	539	4.63136121763209
GSM6339599	AAACGCGCACCCTCAC-1	20044	11248	512	4.389360639360639
GSM6339599	AAACGCGCATTGTCCT-1	20044	13919	627	4.435436971322139
GSM6339599	AAACGGATCACAGCCA-1	20044	14992	734	4.080932691286915
GSM6339599	AAACGGATCCTAAGAC-1	20044	3992	161	4.954052159021103
GSM6339599	AAACGGATCCTTGCGT-1	20044	9223	452	4.076896554772661
GSM6339599	AAACGGATCGTAATCA-1	20044	12639	635	3.9768105909838196
GSM6339599	AAACGGATCTACCTGC-1	20044	12999	593	4.379768629347045
GSM6339599	AAACGGATCTCGCCTG-1	20044	12349	543	4.5438907317360355
GSM6339599	AAACGGATCTTAGCGG-1	20044	11566	507	4.5579666881442025
GSM6339599	AAACGGATCTTAGGAC-1	20044	5196	222	4.676404676404676
GSM6339599	AAACGGATCTTGGACG-1	20044	462	30	3.076923076923077
GSM6339599	AAACGTACAATACTGT-1	20044	4095	172	4.7568710359408035
GSM6339599	AAACGTACAGGCGATA-1	20044	13185	625	4.214985014985015
GSM6339599	AAAGCAAGTCCGTAGG-1	20044	1624	72	4.506604506604506
GSM6339599	AAAGCAAGTCCTTTAA-1	20044	2796	136	4.107657048833519
GSM6339599	AAAGCAAGTTCGCTCA-1	20044	4719	218	4.325032765399738
GSM6339599	AAAGCAAGTTTGAGCA-1	20044	13119	627	4.180508486728582
GSM6339599	AAAGCACCAAAGGCCA-1	20044	13956	637	4.377412226705791
GSM6339599	AAAGCACCAACTAGCC-1	20044	13063	577	4.523379566707123
GSM6339599	AAAGCACCAATAGCAA-1	20044	6212	275	4.51330487694124
GSM6339599	AAAGCACCACAAAGCG-1	20044	8923	352	5.064821542094269
GSM6339599	AAAGCACCAGAGAGCC-1	20044	6223	282	4.409066111193771
GSM6339599	AAAGCACCATAGCAGG-1	20044	2199	85	5.168948698360463
GSM6339599	AAAGCACCATTAGGTT-1	20044	12585	583	4.3130111740746395
GSM6339599	AAAGCCCGTTAGGATT-1	20044	606	28	4.324247181390039
GSM6339599	AAAGCCGCACCTGTAA-1	20044	6602	252	5.234448091590949
GSM6339599	AAAGCGGGTACCAGGT-1	20044	5247	274	3.826100906392877
GSM6339599	AAAGCGGGTAGCTAAT-1	20044	756	32	4.72027972027972
GSM6339599	AAAGCGGGTTACAAAC-1	20044	6412	286	4.479436647268815
GSM6339599	AAAGCGGGTTAGGACC-1	20044	9074	426	4.255838058654961
GSM6339599	AAAGCGGGTTGGTTAG-1	20044	2258	112	4.028114742400457
GSM6339599	AAAGCGGGTTTGCGCC-1	20044	3859	171	4.508941351046614
GSM6339599	AAAGCTTGTAAGCACC-1	20044	4194	197	4.253614405898669
GSM6339599	AAAGCTTGTAGCTGCG-1	20044	5615	206	5.446010300379232
GSM6339599	AAAGCTTGTCAAAGAA-1	20044	4136	189	4.372347229490087
GSM6339599	AAAGCTTGTTCCTGAT-1	20044	578	23	5.021065890631108
GSM6339599	AAAGGACGTATTGCAG-1	20044	14124	677	4.16835749184346
GSM6339599	AAAGGACGTCCTCCAA-1	20044	6780	306	4.426945603416192
GSM6339599	AAAGGACGTCTTACTA-1	20044	14307	629	4.544581015169251
GSM6339599	AAAGGACGTTGGTTAG-1	20044	10259	492	4.166159044207825
GSM6339599	AAAGGACGTTGGTTGA-1	20044	685	19	7.203322992796677
GSM6339599	AAAGGAGCAATTAGCT-1	20044	11683	572	4.080884150814221
GSM6339599	AAAGGAGCACAACAAA-1	20044	8900	336	5.292326720898149
GSM6339599	AAAGGAGCACCTAAGC-1	20044	8849	391	4.521820890107335
GSM6339599	AAAGGAGCAGAAATGC-1	20044	9155	466	3.9252592900661574
GSM6339599	AAAGGAGCAGGCCAAA-1	20044	15240	769	3.959629447275741
GSM6339599	AAAGGAGCATCGCTTT-1	20044	8591	371	4.626640206155031
GSM6339599	AAAGGAGCATTGCAGC-1	20044	13573	546	4.9668280437511205
GSM6339599	AAAGGAGCATTGCGAC-1	20044	8360	391	4.271942890868722
GSM6339599	AAAGGCTCAATAGCAA-1	20044	6777	300	4.513486513486513
GSM6339599	AAAGGCTCACCTAAGC-1	20044	10576	454	4.654376460543861
GSM6339599	AAAGGCTCAGCAAGAT-1	20044	13210	584	4.519453149590136
GSM6339599	AAAGGCTCAGGCATGA-1	20044	6567	285	4.603817235396183
GSM6339599	AAAGGCTCATCATGTG-1	20044	1658	59	5.614724258792056
GSM6339599	AAAGGCTCATCGCTTT-1	20044	12223	523	4.669517862634497
GSM6339599	AAAGGTTAGCATCCAG-1	20044	13630	710	3.835601018699611
GSM6339599	AAAGGTTAGGAGTAAT-1	20044	845	29	5.821764442454097
GSM6339599	AAAGGTTAGGCGGATG-1	20044	13893	672	4.1306907378335955
GSM6339599	AAAGGTTAGGCTTAAC-1	20044	16572	771	4.294538146678224
GSM6339599	AAAGGTTAGGTTTACA-1	20044	12094	620	3.897392929650994
GSM6339599	AAATCCGGTCAATACG-1	20044	11732	517	4.533957338599505
GSM6339599	AAATCCGGTGCAATAT-1	20044	1438	49	5.863524230871169
GSM6339599	AAATCCGGTGTCACGG-1	20044	3345	150	4.455544455544456
GSM6339599	AAATCCGGTGTTTGAG-1	20044	10864	477	4.550585682661155
GSM6339599	AAATGCCTCAAGCCTG-1	20044	5541	264	4.193533738988284
GSM6339599	AAATGCCTCACTCAAA-1	20044	6814	315	4.322027179170036
GSM6339599	AAATGCCTCATGCATA-1	20044	11919	514	4.633110080580899
GSM6339599	AAATGCCTCCCGCATT-1	20044	19403	842	4.604184414160661
GSM6339599	AAATGCCTCCTGAGTG-1	20044	7585	357	4.245054665222733
GSM6339599	AAATGCCTCTTGCAGG-1	20044	9150	423	4.321919215536236
GSM6339599	AAATGCCTCTTGGATA-1	20044	9684	473	4.090623963774069
GSM6339599	AAATGGCCAATACTGT-1	20044	9238	456	4.0477066792856276
GSM6339599	AAATGGCCACCAGCAT-1	20044	4321	157	5.498959639087027
GSM6339599	AAATGGCCAGCAAATA-1	20044	11608	594	3.9045129954220865
GSM6339599	AAATGGCCAGTTTGGC-1	20044	9824	453	4.33297386939771
GSM6339599	AACAAAGGTACCGTTT-1	20044	9723	401	4.844532026576915
GSM6339599	AACAAAGGTCATTGTC-1	20044	8716	388	4.488295209944694
GSM6339599	AACAAAGGTTCGGTAA-1	20044	8214	367	4.471822455473681
GSM6339599	AACAAAGGTTTGGGTA-1	20044	14915	765	3.8954509542744833
GSM6339599	AACAAGCCAACACTTG-1	20044	4940	232	4.254366323331841
GSM6339599	AACAAGCCAACCTGGT-1	20044	6562	273	4.802523483842165
GSM6339599	AACAAGCCAGGATGGC-1	20044	7141	292	4.886209680730229
GSM6339599	AACAAGCCAGGTATTT-1	20044	9011	392	4.592856123468368
GSM6339599	AACAAGCCAGTTTGGC-1	20044	1414	55	5.136681500317863
GSM6339599	AACAAGCCATAGCTTG-1	20044	3928	180	4.36008436008436
GSM6339599	AACAGATAGCCTCTCG-1	20044	14145	687	4.113790139991013
GSM6339599	AACAGATAGCCTGAGC-1	20044	10907	544	4.005920550038197
GSM6339599	AACAGATAGGAGCATA-1	20044	14979	840	3.5628657057228486
GSM6339599	AACAGATAGTTATTCC-1	20044	16509	811	4.067202834157212
GSM6339599	AACAGCAAGATGCCTG-1	20044	12646	637	3.9665201360648767
GSM6339599	AACAGCAAGCGGGCAA-1	20044	3990	170	4.689428218839984
GSM6339599	AACAGCAAGGGATGAC-1	20044	8000	328	4.873175604882922
GSM6339599	AACAGCAAGGTTACAC-1	20044	14864	870	3.4135978963565172
GSM6339599	AACAGCAAGGTTACGT-1	20044	8719	385	4.524825823527123
GSM6339599	AACAGGATCAGCACGC-1	20044	10792	465	4.6370833467607655
GSM6339599	AACAGGATCATTGTTC-1	20044	5758	210	5.478331192616907
GSM6339599	AACAGGATCCTGGTCT-1	20044	11663	540	4.315314315314315
GSM6339599	AACAGGATCGATTATG-1	20044	8938	367	4.865978707940561
GSM6339599	AACAGGATCTTGATGA-1	20044	4061	154	5.268757216809164
GSM6339599	AACATAGCAAACTAAG-1	20044	6578	253	5.194805194805195
GSM6339599	AACATAGCAAAGGTAC-1	20044	2032	82	4.951146414561049
GSM6339599	AACATAGCACTTCATC-1	20044	8209	361	4.543379058614516
GSM6339599	AACATAGCAGCAAGTG-1	20044	16980	855	3.9679618626987043
GSM6339599	AACATAGCAGGCGAGT-1	20044	9133	415	4.397048734398132
GSM6339599	AACATCATCGATATTG-1	20044	5945	247	4.808956225960274
GSM6339599	AACATCATCTTGACCC-1	20044	341	22	3.096903096903097
GSM6339599	AACATTGTCGCTATAA-1	20044	10255	479	4.277559601150416
GSM6339599	AACATTGTCGGTTAGT-1	20044	1614	82	3.9326527131405182
GSM6339599	AACCCGCAGCACCACA-1	20044	6736	294	4.577735189980088
GSM6339599	AACCCGCAGCTATTGA-1	20044	8351	337	4.9511319540993135
GSM6339599	AACCCGCAGCTTTGGG-1	20044	7437	355	4.18567348144813
GSM6339599	AACCCGCAGGCGAATA-1	20044	11279	474	4.7543174125452605
GSM6339599	AACCCGCAGTGGACAA-1	20044	1088	38	5.720595194279405
GSM6339599	AACCCGCAGTTAGACC-1	20044	5940	285	4.164256795835743
GSM6339599	AACCGCTCAATATACC-1	20044	19142	919	4.1616707557948045
GSM6339599	AACCGCTCACAATTAC-1	20044	9406	401	4.6865852352136645
GSM6339599	AACCGCTCACCAGGTT-1	20044	11174	409	5.458600079626974
GSM6339599	AACCGCTCAGCCAGAA-1	20044	13634	651	4.184448424079761
GSM6339599	AACCGGCTCACCAATA-1	20044	11597	593	3.9073910912022214
GSM6339599	AACCGGCTCAGCAAGA-1	20044	3135	158	3.9643900403394072
GSM6339599	AACCGGCTCGGCTAGC-1	20044	9847	450	4.372072372072372
GSM6339599	AACCGGCTCGTACCGA-1	20044	3354	138	4.856013551665726
GSM6339599	AACCGGCTCGTTAAGC-1	20044	10927	551	3.962280913279099
GSM6339599	AACCGGCTCTCACATT-1	20044	3209	123	5.212673505356432
GSM6339599	AACCTAATCATGCCTC-1	20044	531	26	4.080534849765619
GSM6339599	AACCTAATCCCAGTAG-1	20044	3307	120	5.506160506160506
GSM6339599	AACCTAATCTCTAGCC-1	20044	9733	406	4.78979148929888
GSM6339599	AACCTCACAAATTGCT-1	20044	6245	257	4.85506711187645
GSM6339599	AACCTCACAATGAGGT-1	20044	8829	378	4.6667618096189525
GSM6339599	AACCTCACAGGACCAA-1	20044	12203	598	4.077193709300732
GSM6339599	AACCTCACATAGTCAT-1	20044	7252	313	4.629236578118368
GSM6339599	AACCTCACATGGAGGC-1	20044	6112	257	4.751668564898138
GSM6339599	AACCTCACATTATGGT-1	20044	10539	556	3.7872199742703345
GSM6339599	AACCTCCTCAACCAAC-1	20044	10526	442	4.7581377898119985
GSM6339599	AACCTCCTCAGTGAAG-1	20044	12135	675	3.5919635919635917
GSM6339599	AACCTCCTCATTACGA-1	20044	8221	363	4.524951632389649
GSM6339599	AACCTCCTCCCATAAA-1	20044	10596	483	4.383194445306247
GSM6339599	AACCTCCTCCTTGCGT-1	20044	4075	127	6.4109119227229465
GSM6339599	AACCTTAAGAATGACG-1	20044	12958	632	4.096536375017387
GSM6339599	AACCTTAAGAGCCGGA-1	20044	1735	66	5.252323434141616
GSM6339599	AACCTTAAGAGGAGGA-1	20044	8426	356	4.728978886282257
GSM6339599	AACCTTAAGCTGGAAA-1	20044	10571	456	4.631771737034895
GSM6339599	AACCTTAAGGGACGCA-1	20044	9973	391	5.096182589788728
GSM6339599	AACCTTGCAAATTGCT-1	20044	4290	179	4.788507581803671
GSM6339599	AACCTTGCAATTAGCT-1	20044	13317	681	3.907106109749282
GSM6339599	AACCTTGCACCACAAC-1	20044	8266	356	4.639181043675426
GSM6339599	AACCTTGCACTTCACT-1	20044	9031	431	4.1865327248157875
GSM6339599	AACCTTGCAGGCAAGC-1	20044	11598	573	4.044123415851164
GSM6339599	AACCTTGCAGTAGGAT-1	20044	8418	404	4.163163569104163
GSM6339599	AACGACAAGAATCGCT-1	20044	12466	571	4.362012768317497
GSM6339599	AACGACAAGCCGCTTT-1	20044	9916	466	4.251542448967341
GSM6339599	AACGACAAGCGAAGTA-1	20044	14054	614	4.573276885980469
GSM6339599	AACGCCCAGGCTCATG-1	20044	739	40	3.691308691308691
GSM6339599	AACGCCCAGGGATGAC-1	20044	13037	584	4.4602657616356245
GSM6339599	AACGCCCAGTAACGGA-1	20044	7352	298	4.929298889030433
GSM6339599	AACGCCCAGTAAGTCC-1	20044	12758	633	4.026936728358529
GSM6339599	AACGCCCAGTAGCCAT-1	20044	8722	363	4.800708932940338
GSM6339599	AACGCTAGTCACAAAT-1	20044	9212	438	4.202190503560367
GSM6339599	AACGCTAGTCCTTCTC-1	20044	6808	306	4.445227974639739
GSM6339599	AACGCTAGTTAACGAT-1	20044	8740	408	4.280033691798398
GSM6339599	AACGCTAGTTAGAGCC-1	20044	11298	582	3.8785956311729506
GSM6339599	AACGCTAGTTCCTGAT-1	20044	589	25	4.707292707292707
GSM6339599	AACGGTAAGACAACGA-1	20044	6359	242	5.250121779047399
GSM6339599	AACGGTAAGCCACAAT-1	20044	925	25	7.392607392607393
GSM6339599	AACGGTAAGCTATGAC-1	20044	11473	439	5.221657613457158
GSM6339599	AACGGTAAGGATGATG-1	20044	563	30	3.74958374958375
GSM6339599	AACGGTAAGTAACTCA-1	20044	9018	356	5.061230903927533
GSM6339599	AACGGTAAGTCCTTTG-1	20044	1460	68	4.289827819239584
GSM6339599	AACTACTCAAGCCACT-1	20044	3618	154	4.694007291409888
GSM6339599	AACTACTCAAGGTCCT-1	20044	1629	88	3.698574153119608
GSM6339599	AACTACTCAATTATGC-1	20044	760	30	5.0616050616050625
GSM6339599	AACTACTCACAGAACG-1	20044	6988	330	4.230920594556959
GSM6339599	AACTACTCATCACAGC-1	20044	12766	605	4.215949339916282
GSM6339599	AACTACTCATTAGCCA-1	20044	1444	51	5.657088010029186
GSM6339599	AACTAGCTCAAAGGCA-1	20044	15696	711	4.410779094323398
GSM6339599	AACTAGCTCACAGACT-1	20044	4325	201	4.299183403661016
GSM6339599	AACTAGCTCACGAATC-1	20044	1154	36	6.404706404706405
GSM6339599	AACTAGCTCGCTCCAT-1	20044	3415	153	4.459592694886812
GSM6339599	AACTAGCTCGGTTTCC-1	20044	1122	39	5.748098055790363
GSM6339599	AACTAGCTCTCACTAT-1	20044	10888	456	4.770667928562666
GSM6339599	AACTAGCTCTGGCATG-1	20044	8324	405	4.1065107731774395
GSM6339599	AACTAGTGTACAATGT-1	20044	8293	349	4.747687842243716
GSM6339599	AACTAGTGTACCAGGT-1	20044	3514	149	4.7120664570329
GSM6339599	AACTAGTGTAGTTGGC-1	20044	7560	358	4.2192444427081295
GSM6339599	AACTAGTGTCGCAATA-1	20044	1343	48	5.59024309024309
GSM6339599	AACTAGTGTGTCCAAA-1	20044	8536	412	4.139549770617732
GSM6339599	AACTAGTGTTTGGTTC-1	20044	1272	63	4.03406117691832
GSM6339599	AACTCACAGCAAGGAC-1	20044	9813	407	4.817295726386635
GSM6339599	AACTCACAGCACGATT-1	20044	6840	318	4.297589203249581
GSM6339599	AACTCACAGCATCCAG-1	20044	10129	513	3.9449828923513133
GSM6339599	AACTCACAGGACAATG-1	20044	9438	445	4.237560192616372
GSM6339599	AACTCACAGTTGTCAA-1	20044	6478	214	6.048157450026609
GSM6339599	AACTGTTCAATATAGG-1	20044	11331	544	4.161647176353059
GSM6339599	AACTGTTCACCACAAC-1	20044	2434	108	4.502904502904503
GSM6339599	AACTGTTCACCGTTCC-1	20044	5215	239	4.359657079322352
GSM6339599	AACTGTTCACCTACGG-1	20044	8772	396	4.425877153149881
GSM6339599	AACTTAGTCCTAGTCC-1	20044	8126	351	4.625573856343087
GSM6339599	AACTTAGTCGCGCTAA-1	20044	4433	163	5.433829973707275
GSM6339599	AACTTAGTCGCTATGG-1	20044	7671	376	4.07624290603014
GSM6339599	AACTTAGTCGGTCAAT-1	20044	10169	478	4.250561154326845
GSM6339599	AAGAACAGTCACACCC-1	20044	11826	485	4.87182920172611
GSM6339599	AAGAACAGTGATTACG-1	20044	13663	587	4.650545366047922
GSM6339599	AAGAACAGTGCTCCGT-1	20044	7851	318	4.932803046010593
GSM6339599	AAGAATCAGCCATCAG-1	20044	16596	709	4.6768464257885975
GSM6339599	AAGAATCAGCCTGGTA-1	20044	11005	486	4.5242823020600795
GSM6339599	AAGAATCAGCTTCTCA-1	20044	11921	555	4.291564291564291
GSM6339599	AAGAATCAGTAGCGGG-1	20044	4579	164	5.578567773689725
GSM6339599	AAGAATCAGTAGCTTA-1	20044	2535	117	4.329004329004329
GSM6339599	AAGACAAGTACCGAAC-1	20044	13002	520	4.995773457311919
GSM6339599	AAGACAAGTCATTGTC-1	20044	3352	136	4.924487277428454
GSM6339599	AAGACAAGTCGAAGTC-1	20044	10355	484	4.274650968865846
GSM6339599	AAGACAAGTTATCGAG-1	20044	9970	476	4.184890739512588
GSM6339599	AAGACAAGTTCACCCA-1	20044	13720	709	3.8663734009291133
GSM6339599	AAGACAAGTTGAGGTC-1	20044	7080	322	4.393122405544766
GSM6339599	AAGACAAGTTTGTGGA-1	20044	1867	67	5.567566761596612
GSM6339599	AAGACATAGATAGACG-1	20044	7523	346	4.344210702592205
GSM6339599	AAGACATAGCAAACCT-1	20044	6113	263	4.644025176344568
GSM6339599	AAGACATAGCTCGCTT-1	20044	11477	512	4.4787244005994005
GSM6339599	AAGACATAGTTGTCCC-1	20044	17996	746	4.819845034322246
GSM6339599	AAGACCAAGACTATTG-1	20044	6756	277	4.873105234116064
GSM6339599	AAGACCAAGGCGTAAA-1	20044	3679	175	4.200371057513914
GSM6339599	AAGCAAGTCCGCTAGA-1	20044	11783	485	4.854114957207741
GSM6339599	AAGCAAGTCTTCAATC-1	20044	9727	424	4.583623923246565
GSM6339599	AAGCATGAGATAAAGC-1	20044	3169	140	4.522620236905952
GSM6339599	AAGCATGAGGACCAGG-1	20044	5968	235	5.074074861308904
GSM6339599	AAGCATGAGGTAGCTT-1	20044	10471	493	4.243626555999781
GSM6339599	AAGCATGAGGTGTTAC-1	20044	10258	499	4.107315530161221
GSM6339599	AAGCATGAGTTTGGGT-1	20044	4359	240	3.628871128871129
GSM6339599	AAGCCACGTACCTTAC-1	20044	5173	172	6.0091071718978695
GSM6339599	AAGCCACGTTACAACG-1	20044	2247	91	4.933528010451087
GSM6339599	AAGCCACGTTCCGGCT-1	20044	7594	368	4.123050862181297
GSM6339599	AAGCCACGTTGCCTCA-1	20044	3827	184	4.155626981713938
GSM6339599	AAGCCACGTTGGCGTG-1	20044	7027	316	4.443025329101278
GSM6339599	AAGCCACGTTTGCAGA-1	20044	4980	242	4.111590888450393
GSM6339599	AAGCCACGTTTGCGAA-1	20044	428	14	6.108177536748965
GSM6339599	AAGCCTCCAAGCTAAA-1	20044	11415	503	4.534233162463778
GSM6339599	AAGCCTCCACGTGCTG-1	20044	11962	513	4.658888869415185
GSM6339599	AAGCCTCCAGCATTAT-1	20044	5032	242	4.154523162787626
GSM6339599	AAGCCTCCAGCGCTTG-1	20044	3112	162	3.8381371714705046
GSM6339599	AAGCCTCCATTAGCCA-1	20044	14270	686	4.156193660566839
GSM6339599	AAGCCTCCATTAGGTT-1	20044	667	23	5.794205794205793
GSM6339599	AAGCCTGTCAAACACC-1	20044	13092	642	4.074430242654541
GSM6339599	AAGCCTGTCGTGCTAG-1	20044	2516	96	5.236430236430237
GSM6339599	AAGCCTGTCTACCTGC-1	20044	11423	607	3.759996181742475
GSM6339599	AAGCCTTAGATTGAGG-1	20044	16034	759	4.220812125950466
GSM6339599	AAGCCTTAGCAAGACA-1	20044	974	25	7.784215784215784
GSM6339599	AAGCCTTAGTCACCTC-1	20044	944	46	4.100247578508448
GSM6339599	AAGCGAATCACAGACT-1	20044	11669	534	4.366045939079647
GSM6339599	AAGCGAATCAGGATGA-1	20044	10214	448	4.555266162409019
GSM6339599	AAGCGAATCATCGTTT-1	20044	2031	65	6.24298778144932
GSM6339599	AAGCGAATCATGAAGG-1	20044	7339	261	5.618136652619412
GSM6339599	AAGCGAATCCCTGGTT-1	20044	11964	594	4.024258569713115
GSM6339599	AAGCGAATCGAGCTAT-1	20044	7169	368	3.892303348825088
GSM6339599	AAGCGAATCTGGCTTC-1	20044	4655	229	4.06144074266345
GSM6339599	AAGCGAATCTTTGTAC-1	20044	11277	510	4.417935006170301
GSM6339599	AAGCGAGGTACCGTTT-1	20044	13908	726	3.82757738129639
GSM6339599	AAGCGAGGTACCTTAC-1	20044	18397	770	4.773667890551008
GSM6339599	AAGCGAGGTAGCTAGC-1	20044	10347	410	5.04227479837236
GSM6339599	AAGCGAGGTAGGATCC-1	20044	12277	523	4.690147328770656
GSM6339599	AAGCGAGGTCAATACG-1	20044	1148	27	8.495208495208495
GSM6339599	AAGCGAGGTCATCCTG-1	20044	12256	518	4.7273190130332985
GSM6339599	AAGCGAGGTCTATCGT-1	20044	12903	553	4.661884227887844
GSM6339599	AAGCGAGGTGCATTTC-1	20044	9368	438	4.273352218557698
GSM6339599	AAGCGAGGTTAGGCTA-1	20044	6621	293	4.514938985928747
GSM6339599	AAGCGAGGTTGGGTTA-1	20044	1168	41	5.691869106503253
GSM6339599	AAGCGCTGTCAAGACC-1	20044	1301	62	4.1925816119364505
GSM6339599	AAGCGCTGTGTGAGAG-1	20044	12837	586	4.376851817124854
GSM6339599	AAGCGCTGTTATAGCG-1	20044	1776	77	4.60837863435266
GSM6339599	AAGCGGGTCAAACCGT-1	20044	7867	349	4.503805649937455
GSM6339599	AAGCGGGTCCTAGTAA-1	20044	1868	77	4.847100950997055
GSM6339599	AAGCGGGTCGCACAAT-1	20044	3106	136	4.563083974848681
GSM6339599	AAGCGGGTCGCACACA-1	20044	487	18	5.405705405705406
GSM6339599	AAGCGGGTCTGGCATG-1	20044	5910	257	4.594627162720548
GSM6339599	AAGCGTTTCATGCTAA-1	20044	11223	515	4.3540925094323155
GSM6339599	AAGCGTTTCATGGCTG-1	20044	1270	61	4.15977465157793
GSM6339599	AAGCGTTTCCGCCAAA-1	20044	2496	91	5.480234051662623
GSM6339599	AAGCGTTTCGTTAGTA-1	20044	9776	407	4.799132071859344
GSM6339599	AAGCGTTTCTGTTCAT-1	20044	8853	389	4.547123827329483
GSM6339599	AAGCTAGAGCACGTTG-1	20044	10490	476	4.4031598653447395
GSM6339599	AAGCTAGAGCTTATGA-1	20044	11137	459	4.847875436110731
GSM6339599	AAGCTAGAGGCTTAGT-1	20044	7185	294	4.882872229811006
GSM6339599	AAGCTAGAGTAACCCG-1	20044	1403	63	4.4495187352330205
GSM6339599	AAGCTAGAGTCGCAAT-1	20044	487	25	3.892107892107892
GSM6339599	AAGCTATGTAAGGTCC-1	20044	9639	454	4.242013493114815
GSM6339599	AAGCTATGTACTGATG-1	20044	13094	613	4.267836567999701
GSM6339599	AAGCTATGTTAAGCGC-1	20044	7510	365	4.11095753561507
GSM6339599	AAGCTATGTTACGCGG-1	20044	12736	589	4.3202976989055095
GSM6339599	AAGCTTGGTCAAGTGC-1	20044	12571	658	3.8171554888880115
GSM6339599	AAGCTTGGTCATTGTC-1	20044	11055	490	4.507737160798385
GSM6339599	AAGCTTGGTTTGCAGA-1	20044	4937	206	4.788415468027118
GSM6339599	AAGCTTGGTTTGTTGC-1	20044	6766	270	5.0068450068450066
GSM6339599	AAGGAAGCAGCAAATA-1	20044	700	25	5.594405594405594
GSM6339599	AAGGAAGCATAAGTTC-1	20044	5687	272	4.177440206851972
GSM6339599	AAGGATCCAACTCGCG-1	20044	7138	373	3.82352232218184
GSM6339599	AAGGATCCAATATGGA-1	20044	6106	255	4.7842353724706665
GSM6339599	AAGGATCCATACCCGG-1	20044	783	33	4.740713831622923
GSM6339599	AAGGATCCATCAGTAT-1	20044	11254	511	4.400296376813011
GSM6339599	AAGGATCCATCATGTG-1	20044	12374	557	4.438649321952733
GSM6339599	AAGGATCCATGTCAGC-1	20044	14443	729	3.958455810307662
GSM6339599	AAGGATGTCAGCAAAG-1	20044	13080	636	4.10909844872109
GSM6339599	AAGGATGTCATGCTAA-1	20044	5583	278	4.012534228361567
GSM6339599	AAGGATGTCATTGCGG-1	20044	4407	187	4.708660323633586
GSM6339599	AAGGATGTCCGCAACA-1	20044	3421	146	4.681619750112901
GSM6339599	AAGGATGTCGCGCTAA-1	20044	6659	327	4.068714160457279
GSM6339599	AAGGATTAGCACTAAC-1	20044	7189	335	4.287652645861601
GSM6339599	AAGGATTAGCATTAGC-1	20044	6737	295	4.562894732386257
GSM6339599	AAGGATTAGCCAAATC-1	20044	4574	210	4.351838637552922
GSM6339599	AAGGATTAGCCTAACG-1	20044	13749	627	4.381264668346009
GSM6339599	AAGGATTAGGCGCATC-1	20044	3620	142	5.093498051244531
GSM6339599	AAGGATTAGGCGGATG-1	20044	14435	733	3.9346737846055717
GSM6339599	AAGGATTAGTTGGATC-1	20044	1137	72	3.1551781551781555
GSM6339599	AAGGATTAGTTTGGTA-1	20044	9008	410	4.389756584878537
GSM6339599	AAGGCCCTCGCTATAA-1	20044	9111	426	4.27319159713526
GSM6339599	AAGGTATAGCAACATC-1	20044	10669	501	4.254827009318028
GSM6339599	AAGGTATAGCCTAACG-1	20044	8954	318	5.625820720160343
GSM6339599	AAGGTATAGGAATAAC-1	20044	10114	495	4.0823822642004455
GSM6339599	AAGGTATAGGCGAAAC-1	20044	10523	456	4.6107401370559264
GSM6339599	AAGGTATAGTAACGAG-1	20044	6585	260	5.060324291093522
GSM6339599	AAGGTATAGTCGCTAG-1	20044	9283	405	4.579617912951246
GSM6339599	AAGGTATAGTTAACCA-1	20044	9682	446	4.337366669205234
GSM6339599	AAGGTATAGTTCCCGT-1	20044	1741	50	6.957042957042957
GSM6339599	AAGGTCAAGAGAGGAG-1	20044	3433	146	4.698041684343054
GSM6339599	AAGGTCAAGCCACAAT-1	20044	10819	562	3.8463316043387215
GSM6339599	AAGGTCAAGCGAGGTG-1	20044	13442	696	3.858784893267652
GSM6339599	AAGGTCAAGGATTGCT-1	20044	5611	227	4.938673661140621
GSM6339599	AAGGTCAAGGCCTTAG-1	20044	15086	730	4.129021663268238
GSM6339599	AAGGTCAAGGTCGATT-1	20044	11955	573	4.1686062628471
GSM6339599	AAGGTCAAGTTAGACC-1	20044	1992	88	4.522749977295431
GSM6339599	AAGGTGCAGACTTACA-1	20044	8153	304	5.358457332141542
GSM6339599	AAGGTGCAGCATGTTA-1	20044	17905	719	4.975552958863112
GSM6339599	AAGGTGCAGCTCCTTA-1	20044	13033	627	4.153103674634775
GSM6339599	AAGGTGCAGGAAACTG-1	20044	1387	60	4.618714618714619
GSM6339599	AAGGTGCAGGACACTT-1	20044	6174	276	4.469443599878383
GSM6339599	AAGGTGCAGGAGTAAT-1	20044	468	10	9.35064935064935
GSM6339599	AAGGTGCAGTAAAGGT-1	20044	9907	443	4.468218012236071
GSM6339599	AAGGTGCAGTTTGAGC-1	20044	8835	351	5.0291588753127225
GSM6339599	AAGTAGCCAAGGATTA-1	20044	4904	230	4.260087738348608
GSM6339599	AAGTAGCCAAGGTGCA-1	20044	5222	259	4.028404028404029
GSM6339599	AAGTAGCCACAGGGAC-1	20044	8140	335	4.8548466458914215
GSM6339599	AAGTAGCCACCTACGG-1	20044	1630	72	4.523254523254523
GSM6339599	AAGTAGCCATTAGGCC-1	20044	15078	800	3.765734265734266
GSM6339599	AAGTCTATCATCGTTT-1	20044	1055	50	4.215784215784216
GSM6339599	AAGTCTATCCAGGTCA-1	20044	3346	121	5.525053458937756
GSM6339599	AAGTCTATCCTAAGAC-1	20044	5875	277	4.237639616700989
GSM6339599	AAGTCTATCGGGACTC-1	20044	11546	507	4.550085023457804
GSM6339599	AAGTCTATCGTTACTT-1	20044	4392	206	4.259817852050862
GSM6339599	AAGTCTATCGTTCACC-1	20044	20759	949	4.370550419022495
GSM6339599	AAGTCTATCTGCAAAC-1	20044	6901	265	5.203098788004448
GSM6339599	AAGTCTATCTTAGGAC-1	20044	4683	180	5.198135198135198
GSM6339599	AAGTGAAGTATGGTGC-1	20044	10478	460	4.551101072840204
GSM6339599	AAGTGAAGTCGCAAAC-1	20044	3398	159	4.269943892585402
GSM6339599	AAGTGAAGTGCAATGC-1	20044	2052	77	5.324545584285843
GSM6339599	AAGTGAAGTGCATTAG-1	20044	11162	560	3.9824461253032686
GSM6339599	AAGTGAAGTGGAAACG-1	20044	6627	266	4.9777290378794135
GSM6339599	AAGTGAAGTTAGAGCC-1	20044	12810	655	3.907542838840549
GSM6339599	AAGTGAAGTTTAAAGC-1	20044	11850	557	4.250686476898326
GSM6339599	AAGTGCAAGCACGTTG-1	20044	13695	694	3.942743135826709
GSM6339599	AAGTGCAAGCATCCAG-1	20044	21425	858	4.989183310861632
GSM6339599	AAGTGCAAGGATGATG-1	20044	13826	660	4.185511458238731
GSM6339599	AAGTGTTGTAAGGTCC-1	20044	8112	403	4.0217846669459565
GSM6339599	AAGTGTTGTCTTGCAT-1	20044	6636	269	4.928900096186341
GSM6339599	AAGTGTTGTGGATTCA-1	20044	2340	86	5.436424041075203
GSM6339599	AAGTGTTGTTTGGCTT-1	20044	14216	651	4.363071644177635
GSM6339599	AAGTTACGTTAGCCAA-1	20044	9954	400	4.972027972027972
GSM6339599	AAGTTAGCAATTTAGC-1	20044	11335	517	4.38053242695409
GSM6339599	AAGTTAGCAGCTTACA-1	20044	13329	673	3.9571127238289194
GSM6339599	AAGTTTGTCAAGCCTG-1	20044	9530	410	4.644136351453425
GSM6339599	AAGTTTGTCAATGAGG-1	20044	11191	484	4.619760404884372
GSM6339599	AAGTTTGTCCACCTTA-1	20044	5318	194	5.4769972295745495
GSM6339599	AAGTTTGTCCCTTGCG-1	20044	12488	563	4.431802655603721
GSM6339599	AAGTTTGTCGATAACC-1	20044	13574	572	4.741412433720126
GSM6339599	AAGTTTGTCTCAATAG-1	20044	10487	451	4.645908415309746
GSM6339599	AAGTTTGTCTCACACC-1	20044	13377	639	4.1826717883055915
GSM6339599	AAGTTTGTCTCATCAT-1	20044	7306	332	4.3968080112658425
GSM6339599	AAGTTTGTCTTGGACG-1	20044	12755	559	4.558947313866813
GSM6339599	AATAACCGTAATCGGC-1	20044	640	27	4.736004736004736
GSM6339599	AATAACCGTTGGTTAG-1	20044	1153	58	3.9718901787867305
GSM6339599	AATAACCGTTTCGCGC-1	20044	3798	119	6.376816460850074
GSM6339599	AATACCGGTACAATGT-1	20044	7497	303	4.943571280204944
GSM6339599	AATACCGGTCATAAGT-1	20044	581	24	4.836829836829837
GSM6339599	AATACCGGTGCTTACT-1	20044	1158	46	5.029752855839812
GSM6339599	AATACCGGTTACTTGC-1	20044	3174	120	5.2847152847152845
GSM6339599	AATACCGGTTCATTTG-1	20044	11591	537	4.312633362912693
GSM6339599	AATAGAGGTAAAGCGG-1	20044	10826	531	4.073515937922719
GSM6339599	AATAGAGGTCACAGCG-1	20044	12510	540	4.628704628704628
GSM6339599	AATAGAGGTCATGAGC-1	20044	3892	149	5.218942131693809
GSM6339599	AATAGAGGTCTAACAG-1	20044	901	32	5.625624375624376
GSM6339599	AATAGAGGTGTGTGGT-1	20044	11675	477	4.890287909155834
GSM6339599	AATAGAGGTGTTTGAG-1	20044	864	34	5.077275665510959
GSM6339599	AATAGCTGTAAGCACC-1	20044	4552	179	5.080952566986086
GSM6339599	AATAGCTGTCACTCGC-1	20044	2292	110	4.163109617655072
GSM6339599	AATAGCTGTGCATTAG-1	20044	7157	312	4.583237275544968
GSM6339599	AATAGCTGTGCGCGTA-1	20044	10222	425	4.805547393782688
GSM6339599	AATAGCTGTGTCACGG-1	20044	11787	464	5.075527920355507
GSM6339599	AATAGCTGTTATCCTA-1	20044	4855	211	4.597298436160996
GSM6339599	AATATCCCAAACGCGA-1	20044	7209	293	4.915903209418567
GSM6339599	AATATCCCAGTATGTT-1	20044	12898	692	3.7240216430967874
GSM6339599	AATCAGGAGACTATTG-1	20044	17985	809	4.441788125348076
GSM6339599	AATCAGGAGGCGTAAA-1	20044	7869	341	4.610638628233936
GSM6339599	AATCAGGAGGTCCTGA-1	20044	14909	749	3.9770643241938304
GSM6339599	AATCAGGAGTACTGGT-1	20044	399	22	3.6236490781945325
GSM6339599	AATCATCCACCAACCG-1	20044	4201	151	5.558679730865162
GSM6339599	AATCATCCACCTGCCT-1	20044	12346	596	4.138814205928299
GSM6339599	AATCATCCAGCAACAG-1	20044	1323	42	6.293706293706294
GSM6339599	AATCATCCATCAATCG-1	20044	3503	149	4.69731610671208
GSM6339599	AATCATGTCAATGTCA-1	20044	4295	188	4.564584351818395
GSM6339599	AATCATGTCATCCTAT-1	20044	13236	592	4.467154467154467
GSM6339599	AATCATGTCCGCACAA-1	20044	8660	366	4.727512924234236
GSM6339599	AATCATGTCGAGCAAA-1	20044	7828	320	4.887612387612387
GSM6339599	AATCATGTCGCTAGCA-1	20044	14346	674	4.252720573195351
GSM6339599	AATCATGTCGGGACTC-1	20044	4367	204	4.277095453566042
GSM6339599	AATCCCTGTAACAGGG-1	20044	9455	439	4.303213870412049
GSM6339599	AATCCCTGTCATGAGC-1	20044	12360	611	4.041784729182438
GSM6339599	AATCCCTGTGGATTAT-1	20044	20452	870	4.696912283119181
GSM6339599	AATCCCTGTTTATGGG-1	20044	2438	114	4.272920062393747
GSM6339599	AATCCGTAGACTTATG-1	20044	6098	259	4.704176132747562
GSM6339599	AATCCGTAGCAAGGTA-1	20044	11988	535	4.47701830879401
GSM6339599	AATCCGTAGGTTAGCT-1	20044	9598	363	5.282871398573878
GSM6339599	AATCCGTAGTAGCTTA-1	20044	11499	547	4.200187381174584
GSM6339599	AATCCTAAGAGCCGCT-1	20044	12677	611	4.14544538930791
GSM6339599	AATCCTAAGGAAGTAT-1	20044	11232	496	4.524507750314202
GSM6339599	AATCCTAAGGATTGAG-1	20044	6318	302	4.17992603423067
GSM6339599	AATCCTAAGGCCTGGT-1	20044	13294	621	4.277204277204277
GSM6339599	AATCCTAAGGGCCACT-1	20044	10516	467	4.4991411158434715
GSM6339599	AATCCTAAGTAGCGCC-1	20044	13368	735	3.6339171033048587
GSM6339599	AATCCTAAGTTGTCCC-1	20044	11420	467	4.885906384835721
GSM6339599	AATCGCCCAACAGCCT-1	20044	3023	111	5.441405441405442
GSM6339599	AATCGCCCACTCAACA-1	20044	2309	89	5.183580464479341
GSM6339599	AATCGCCCATCACTTC-1	20044	5323	226	4.705913555471078
GSM6339599	AATCGCCCATTGTTGG-1	20044	3759	157	4.783751280566567
GSM6339599	AATCTCAAGACAGGTA-1	20044	10835	481	4.500696808389117
GSM6339599	AATCTCAAGGCGAAAC-1	20044	14003	671	4.169600890912366
GSM6339599	AATCTCAAGTAAAGGT-1	20044	11484	539	4.256967522273645
GSM6339599	AATCTTGAGCCAAATC-1	20044	4003	174	4.596552872414941
GSM6339599	AATCTTGAGGGTTAGA-1	20044	12551	657	3.816883268938063
GSM6339599	AATCTTGAGGTAACGA-1	20044	7624	356	4.278867200215514
GSM6339599	AATCTTGAGTGAGGTA-1	20044	11867	502	4.7231652809342055
GSM6339599	AATCTTGAGTTAGCCG-1	20044	7311	376	3.8849448423916515
GSM6339599	AATGAAGGTAATGGAA-1	20044	1426	57	4.998510261668157
GSM6339599	AATGAAGGTACTGAAT-1	20044	11897	513	4.633573054625686
GSM6339599	AATGAAGGTACTTAGG-1	20044	6678	227	5.877822617910724
GSM6339599	AATGAAGGTCACCAAA-1	20044	19926	927	4.294734391821771
GSM6339599	AATGAAGGTGGATTCA-1	20044	15367	787	3.9013083485764555
GSM6339599	AATGAAGGTTAGAGCC-1	20044	10208	412	4.950389416408833
GSM6339599	AATGAAGGTTCATCTA-1	20044	6004	272	4.410295586766175
GSM6339599	AATGAAGGTTTGCGCC-1	20044	6979	308	4.5272908909272545
GSM6339599	AATGCAACACAATTAC-1	20044	12646	574	4.401869907096388
GSM6339599	AATGCAACACTTCACT-1	20044	4898	224	4.368845440274011
GSM6339599	AATGCAACAGCTCATA-1	20044	6389	289	4.4170362509462855
GSM6339599	AATGCAACAGGCATCT-1	20044	4452	183	4.860713057434369
GSM6339599	AATGCATGTAGTTACG-1	20044	747	36	4.1458541458541465
GSM6339599	AATGCATGTCAATGTG-1	20044	723	32	4.514235764235764
GSM6339599	AATGCATGTCCTTCTC-1	20044	4950	199	4.969904467391904
GSM6339599	AATGCATGTGAAGCCT-1	20044	12593	583	4.315752857776872
GSM6339599	AATGCATGTGAGCGAA-1	20044	14863	674	4.405979776899659
GSM6339599	AATGCGCGTAAACAAG-1	20044	9657	417	4.627027648610382
GSM6339599	AATGCGCGTAAGTCGC-1	20044	2826	112	5.041387184244327
GSM6339599	AATGCGCGTAATGGCC-1	20044	11460	493	4.644442778317018
GSM6339599	AATGCGCGTAGCCTAA-1	20044	493	21	4.690547547690405
GSM6339599	AATGCGCGTCTTACTA-1	20044	1002	46	4.352169569560874
GSM6339599	AATGCGCGTGAAGCCT-1	20044	8355	365	4.573508683097724
GSM6339599	AATGCGCGTGGAAACG-1	20044	13898	622	4.464345943445622
GSM6339599	AATGCGCGTTACATCC-1	20044	2052	85	4.823411882235411
GSM6339599	AATGGCGCAATGCCTA-1	20044	6354	282	4.501881097625779
GSM6339599	AATGGCGCACACAATT-1	20044	9686	407	4.7549502094956635
GSM6339599	AATGGCGCAGCAACCT-1	20044	6235	293	4.251720975270463
GSM6339599	AATGGCGCAGTTATCG-1	20044	2966	127	4.6661999417904925
GSM6339599	AATGGCGCATCATGTG-1	20044	8734	373	4.678431488082962
GSM6339599	AATGTCATCCCTGATC-1	20044	17897	834	4.287558963817957
GSM6339599	AATGTCATCTGCAAGT-1	20044	14290	648	4.406087739421072
GSM6339599	AATGTCCAGAGGAAGG-1	20044	779	35	4.446981589838733
GSM6339599	AATGTCCAGCTATGAC-1	20044	13963	704	3.9627985650712927
GSM6339599	AATGTCCAGGATCCGC-1	20044	10210	495	4.121131393858666
GSM6339599	AATGTCCAGTAACCAC-1	20044	12003	524	4.57672098893473
GSM6339599	AATTACCCACCACAAC-1	20044	14215	760	3.737052421262948
GSM6339599	AATTACCCACCTCGCT-1	20044	743	27	5.498205498205498
GSM6339599	AATTACCCATGGTTAT-1	20044	11677	443	5.266516778932129
GSM6339599	AATTAGCGTCTATCGT-1	20044	10146	475	4.267732267732268
GSM6339599	AATTAGCGTGATCAGC-1	20044	4462	177	5.036771138466054
GSM6339599	AATTAGCGTTACTTGC-1	20044	9565	477	4.006475704588913
GSM6339599	AATTAGCGTTATCCTA-1	20044	1466	58	5.0501222915016015
GSM6339599	AATTAGGCAATAACGA-1	20044	820	43	3.810143345027066
GSM6339599	AATTAGGCACCTCACC-1	20044	6619	292	4.529032611224392
GSM6339599	AATTAGGCACTAGCGT-1	20044	644	24	5.361305361305361
GSM6339599	AATTAGGCAGCTTAGC-1	20044	8131	337	4.820698589244583
GSM6339599	AATTAGGCAGTCTATG-1	20044	8462	327	5.170364803392326
GSM6339599	AATTAGGCAGTTTGGC-1	20044	11780	655	3.5933532116738225
GSM6339599	AATTAGGCATAACGGG-1	20044	8483	397	4.269282354924672
GSM6339599	AATTCGTCAAATACCT-1	20044	2721	123	4.4199702736288105
GSM6339599	AATTCGTCAGAACCGA-1	20044	10311	497	4.145150624023864
GSM6339599	AATTCGTCATTAGCGC-1	20044	5040	230	4.378230465186987
GSM6339599	AATTCGTCATTGTCAG-1	20044	7743	356	4.345654345654346
GSM6339599	AATTGACGTATTGAGT-1	20044	15041	667	4.505539438073171
GSM6339599	AATTGACGTCGCAATA-1	20044	552	27	4.084804084804085
GSM6339599	AATTGACGTGAGCACT-1	20044	2043	73	5.591668605367236
GSM6339599	AATTGACGTGTTGTAG-1	20044	5862	218	5.372609042333813
GSM6339599	AATTGACGTTAGCCAA-1	20044	10412	391	5.320510691354682
GSM6339599	AATTGACGTTAGCGTA-1	20044	7421	323	4.590455983644838
GSM6339599	AATTGACGTTTAACCC-1	20044	8170	387	4.218004218004218
GSM6339599	AATTGCCAGCTGTAAC-1	20044	6201	291	4.257598072031062
GSM6339599	AATTGCCAGGAGTCTT-1	20044	3809	181	4.204635143861663
GSM6339599	AATTGCTCAAGGCCAA-1	20044	12393	537	4.611031426673884
GSM6339599	AATTGCTCAGCAAGAT-1	20044	17086	666	5.125805125805125
GSM6339599	AATTGCTCAGCCTGCA-1	20044	6278	292	4.2957042957042955
GSM6339599	AATTGGACAACAGGAT-1	20044	9585	410	4.670938817280281
GSM6339599	AATTGGACAGAAATGC-1	20044	12835	555	4.620604620604621
GSM6339599	AATTGGACAGTAGCCT-1	20044	8203	385	4.257041659639062
GSM6339599	AATTGGACATAGCAGG-1	20044	10460	504	4.146647003789861
GSM6339599	AATTGGACATGTTGCA-1	20044	6015	253	4.750190520941509
GSM6339599	AATTGGGAGGAACGCG-1	20044	4803	227	4.227490571102906
GSM6339599	AATTGGGAGGTCGATT-1	20044	18857	921	4.090806045203439
GSM6339599	AATTGGGAGTCCTTTG-1	20044	2483	132	3.75836284927194
GSM6339599	AATTGGGAGTTGTCAA-1	20044	6630	263	5.036788306750284
GSM6339599	AATTGGGAGTTGTCTT-1	20044	5158	240	4.294039294039295
GSM6339599	AATTGTGTCAAACCTA-1	20044	11286	500	4.50989010989011
GSM6339599	AATTGTGTCGCTAGAT-1	20044	10651	523	4.068971181781889
GSM6339599	AATTGTGTCGGTTACG-1	20044	6794	340	3.992478110125169
GSM6339599	AATTGTGTCTTTAAGG-1	20044	2345	95	4.93191019506809
GSM6339599	AATTTCCTCAAAGGCA-1	20044	4767	221	4.309717431889378
GSM6339599	AATTTCCTCAACCAAC-1	20044	12692	594	4.269131541858814
GSM6339599	AATTTCCTCAAGCGCC-1	20044	11161	498	4.477851465803273
GSM6339599	AATTTCCTCAGGATGA-1	20044	10407	451	4.610467138183324
GSM6339599	AATTTCCTCCCTTGCG-1	20044	13241	649	4.07635507789591
GSM6339599	AATTTCCTCCGGCTAA-1	20044	9239	446	4.138910416937323
GSM6339599	AATTTCCTCGCACACA-1	20044	4781	192	4.9752331002331
GSM6339599	AATTTCCTCGGTCATG-1	20044	3956	161	4.909376337947766
GSM6339599	AATTTCCTCTTGCTAT-1	20044	12693	554	4.577732736577502
GSM6339599	AATTTCCTCTTGGACG-1	20044	12330	553	4.454857981078596
GSM6339599	AATTTGCCAATTAGCT-1	20044	6594	304	4.333824070666176
GSM6339599	AATTTGCCAGCAAGGC-1	20044	6612	276	4.786517829996091
GSM6339599	AATTTGCCAGCTTACA-1	20044	13198	633	4.165818383827863
GSM6339599	AATTTGCCAGGTTAAA-1	20044	12105	581	4.16279073766165
GSM6339599	AATTTGCCAGTTGCGT-1	20044	3472	156	4.446835216065985
GSM6339599	AATTTGCCATAATCCG-1	20044	4690	244	3.8404218732087583
GSM6339599	AATTTGCCATCCCTCA-1	20044	7954	354	4.489296014719744
GSM6339599	AATTTGGTCAAACCGT-1	20044	14030	615	4.558043582433826
GSM6339599	AATTTGGTCATAACCA-1	20044	3166	156	4.0549194395348245
GSM6339599	AATTTGGTCATGAGCT-1	20044	6275	282	4.445908701227851
GSM6339599	AATTTGGTCCAAATCA-1	20044	18539	785	4.718593508402425
GSM6339599	AATTTGGTCCATTACT-1	20044	13810	674	4.093829019645043
GSM6339599	AATTTGGTCGACCTGA-1	20044	9922	473	4.1911576795297725
GSM6339599	ACAAACTGTAGCTAAT-1	20044	1028	44	4.668059213513759
GSM6339599	ACAAACTGTATTACCC-1	20044	1000	54	3.7000037000037
GSM6339599	ACAAACTGTCAGTAAT-1	20044	1910	93	4.103423458262168
GSM6339599	ACAAACTGTTATCCGT-1	20044	783	24	6.5184815184815195
GSM6339599	ACAAACTGTTGCAATG-1	20044	742	25	5.93006993006993
GSM6339599	ACAAAGGTCATCGTTT-1	20044	446	28	3.1825317539603253
GSM6339599	ACAACAACAATAACCT-1	20044	1023	45	4.542124542124542
GSM6339599	ACAACAACAGCCAGTT-1	20044	1932	78	4.948897256589564
GSM6339599	ACAACAACAGGCTAGA-1	20044	454	14	6.479235050663622
GSM6339599	ACAACAACATTGCGAC-1	20044	4561	203	4.48910695216114
GSM6339599	ACAACACTCAAGCGCC-1	20044	10163	503	4.03691735699688
GSM6339599	ACAACACTCATCACTT-1	20044	6467	260	4.969645738876508
GSM6339599	ACAACACTCCTTAAGA-1	20044	15126	661	4.572129836880215
GSM6339599	ACAACACTCGCAACAT-1	20044	12418	620	4.001804646965937
GSM6339599	ACAACACTCGGCTAGC-1	20044	12885	595	4.3267656713034865
GSM6339599	ACAACACTCTATCGCC-1	20044	11837	570	4.149184149184149
GSM6339599	ACAACACTCTGGTCCT-1	20044	12920	632	4.084523071864844
GSM6339599	ACAACAGAGCACAGAA-1	20044	9110	402	4.527810497959752
GSM6339599	ACAACAGAGCGCTCAA-1	20044	10893	529	4.114222261670276
GSM6339599	ACAACAGAGGCTATGT-1	20044	3072	136	4.51313392489863
GSM6339599	ACAACAGAGGTCAAAG-1	20044	13141	594	4.420158965613511
GSM6339599	ACAACAGAGTCAATCA-1	20044	8912	461	3.86251492542165
GSM6339599	ACAACAGAGTCAATTG-1	20044	11540	507	4.547720524051885
GSM6339599	ACAACAGAGTGGACAA-1	20044	4102	185	4.43016443016443
GSM6339599	ACAACAGAGTGTTGTA-1	20044	4816	206	4.671057098241564
GSM6339599	ACAACATGTAACAGGG-1	20044	1382	77	3.5860243652451445
GSM6339599	ACAACATGTCCACAAA-1	20044	1564	59	5.2963985167375
GSM6339599	ACAACATGTGGGTACT-1	20044	1247	61	4.08444015001392
GSM6339599	ACAACATGTTTAGCTC-1	20044	419	19	4.406120195593879
GSM6339599	ACAACATGTTTATCGC-1	20044	4099	182	4.499895708686918
GSM6339599	ACACAATGTATTGTGG-1	20044	3004	116	5.174136208618968
GSM6339599	ACACAATGTCAATGTG-1	20044	830	33	5.02527775255048
GSM6339599	ACACAATGTTCCATTA-1	20044	945	32	5.90034965034965
GSM6339599	ACACAATGTTTATCTG-1	20044	9544	448	4.256457827886399
GSM6339599	ACACCTTGTATTACCC-1	20044	14898	667	4.462703713078526
GSM6339599	ACACCTTGTCAATAGT-1	20044	7273	320	4.541083916083916
GSM6339599	ACACCTTGTCCGCTGT-1	20044	10370	468	4.427196734889042
GSM6339599	ACACGGACAAGTTATC-1	20044	9913	411	4.819025256981461
GSM6339599	ACACGGACAATCTCTC-1	20044	3702	152	4.866186445133813
GSM6339599	ACACGGACAGCTAACC-1	20044	10660	472	4.512436715826547
GSM6339599	ACACGGACATCATGTG-1	20044	11865	537	4.414579833574247
GSM6339599	ACACGGACATCCAGGT-1	20044	9503	470	4.039789997236806
GSM6339599	ACACTAATCAGTTCCC-1	20044	1951	80	4.872627372627372
GSM6339599	ACACTAATCATGCTCC-1	20044	11280	615	3.664628054871957
GSM6339599	ACACTAATCGTTATCT-1	20044	9638	398	4.838377702699311
GSM6339599	ACACTAATCTCAATTC-1	20044	10352	523	3.954745063731679
GSM6339599	ACACTAGGTGAGGTGA-1	20044	12418	601	4.1283176058550435
GSM6339599	ACACTAGGTTGCGGAT-1	20044	1705	78	4.367427444350521
GSM6339599	ACACTTAAGAACCTGT-1	20044	16824	691	4.864599944194734
GSM6339599	ACACTTAAGAGAAGGG-1	20044	12643	559	4.518915789041013
GSM6339599	ACACTTAAGGCGAAAC-1	20044	7789	361	4.310924532531181
GSM6339599	ACACTTAAGGTGTCCA-1	20044	8716	476	3.658526347601978
GSM6339599	ACACTTGCAGCTACGT-1	20044	2569	107	4.7970720867917125
GSM6339599	ACAGCCGGTAACAGGG-1	20044	9589	384	4.989281551781552
GSM6339599	ACAGCCGGTATACTGG-1	20044	16659	720	4.622877122877123
GSM6339599	ACAGCCGGTCACGGAT-1	20044	1119	53	4.218423086347615
GSM6339599	ACAGCCGGTCCTGATT-1	20044	544	26	4.180434949665719
GSM6339599	ACAGCCGGTTTCAGGA-1	20044	11794	614	3.8378559551197986
GSM6339599	ACAGCGCTCCCGTTAC-1	20044	10237	503	4.066311422176233
GSM6339599	ACAGCGCTCGGCTAGC-1	20044	11668	515	4.526735400521808
GSM6339599	ACAGCGCTCTAAGGAG-1	20044	9040	531	3.401494926918656
GSM6339599	ACAGGAATCACAGCGC-1	20044	6508	283	4.5946985876314494
GSM6339599	ACAGGAATCACGCGGT-1	20044	7863	343	4.5802593907550175
GSM6339599	ACAGGAATCATGCTAA-1	20044	12844	581	4.416925587321457
GSM6339599	ACAGGAATCCGGGACT-1	20044	11110	500	4.43956043956044
GSM6339599	ACAGGATCAAACCTTG-1	20044	16874	848	3.975741239892183
GSM6339599	ACAGGATCAAGGTCCT-1	20044	4968	174	5.704640187398808
GSM6339599	ACAGGATCAATAACCT-1	20044	13390	661	4.047389826512368
GSM6339599	ACAGGATCACCGGCTA-1	20044	5077	183	5.543090788992428
GSM6339599	ACAGGATCAGAATGAC-1	20044	13478	626	4.301768519020915
GSM6339599	ACAGGATCAGAGAGCC-1	20044	529	33	3.2028577483122933
GSM6339599	ACAGGATCAGCCGCTA-1	20044	8562	395	4.330859014403318
GSM6339599	ACAGGATCATGGAGGC-1	20044	9488	429	4.418891132177846
GSM6339599	ACAGGCTGTATTGCAG-1	20044	987	55	3.585505403687222
GSM6339599	ACAGGCTGTCATCATC-1	20044	2707	116	4.662578800509835
GSM6339599	ACAGGCTGTGGAGCAA-1	20044	18922	922	4.100454859673948
GSM6339599	ACAGGCTGTTAATGAC-1	20044	6981	295	4.728153202729473
GSM6339599	ACAGGTAAGAGGCTAA-1	20044	1091	67	3.2534629549554923
GSM6339599	ACAGGTAAGCAAGGTA-1	20044	6962	435	3.1977218184114737
GSM6339599	ACAGGTAAGCTGGCTA-1	20044	8566	428	3.9988049333843727
GSM6339599	ACAGGTAAGGTCATTA-1	20044	3731	185	4.0294840294840295
GSM6339599	ACAGGTAAGTAACTCA-1	20044	3717	145	5.121774776947191
GSM6339599	ACAGTATGTAACGAGG-1	20044	11493	527	4.357312516705306
GSM6339599	ACAGTATGTCACAGCG-1	20044	8833	371	4.756968099286159
GSM6339599	ACAGTATGTCATCATC-1	20044	8970	365	4.910158334815869
GSM6339599	ACAGTATGTGGGTGAA-1	20044	1274	55	4.628099173553719
GSM6339599	ACAGTATGTGTCCAGG-1	20044	6697	308	4.344356941759539
GSM6339599	ACAGTATGTTAAGGCC-1	20044	461	18	5.117105117105117
GSM6339599	ACATAGCTCCGGTTAG-1	20044	19409	819	4.73494759209045
GSM6339599	ACATAGCTCCTGGCTT-1	20044	4549	251	3.62108011510402
GSM6339599	ACATCAATCAAGTGTC-1	20044	11299	558	4.045775013516948
GSM6339599	ACATCAATCAGTATTG-1	20044	1547	67	4.613297150610583
GSM6339599	ACATCAATCATGAAGG-1	20044	4399	198	4.438995348086258
GSM6339599	ACATCAATCTGCAACG-1	20044	12863	574	4.477404128972073
GSM6339599	ACATCAATCTTACTCG-1	20044	4005	190	4.211577895788422
GSM6339599	ACATCATCAAACGGGC-1	20044	4564	184	4.955913651565825
GSM6339599	ACATCATCAGGTATTT-1	20044	3727	168	4.432472289615147
GSM6339599	ACATTAGTCAATCTAG-1	20044	4122	169	4.87323327560014
GSM6339599	ACATTAGTCACGCGGT-1	20044	5354	193	5.542643884612797
GSM6339599	ACATTAGTCCTCCTAA-1	20044	4243	198	4.281577008849736
GSM6339599	ACATTGCAGATAGACG-1	20044	8842	394	4.483841032064382
GSM6339599	ACATTGCAGGAAGCAC-1	20044	13051	582	4.48039932576015
GSM6339599	ACATTGCAGGCGCTTA-1	20044	3684	166	4.4341200967707
GSM6339599	ACATTGCAGTCAATCA-1	20044	2904	132	4.395604395604395
GSM6339599	ACATTGCAGTCATTTC-1	20044	8148	334	4.874167748419246
GSM6339599	ACATTGCAGTCCTTTG-1	20044	1203	48	5.007492507492508
GSM6339599	ACATTGCAGTTGTCCC-1	20044	8390	328	5.110742915620964
GSM6339599	ACCAAACTCACTCAAA-1	20044	11434	524	4.35976237502955
GSM6339599	ACCAAACTCCAGGTTG-1	20044	9890	441	4.480779990984073
GSM6339599	ACCAAACTCCCGAAGC-1	20044	7707	332	4.6381329513859635
GSM6339599	ACCAAACTCCCGTTTA-1	20044	13211	537	4.915382569013854
GSM6339599	ACCAAACTCTAACCTT-1	20044	13500	661	4.0806394815471965
GSM6339599	ACCAAACTCTCTAGCC-1	20044	12413	550	4.509308872945237
GSM6339599	ACCAAGCGTTAACGAT-1	20044	10968	519	4.222367228147575
GSM6339599	ACCAAGCGTTAGAGCC-1	20044	13137	619	4.240347697536712
GSM6339599	ACCAAGCGTTTGTTGC-1	20044	2619	112	4.672113600685029
GSM6339599	ACCAAGTTCAAGACTC-1	20044	2393	104	4.597325751171905
GSM6339599	ACCAAGTTCATGCTTT-1	20044	3974	183	4.338830568338765
GSM6339599	ACCAAGTTCGGTCAGC-1	20044	356	13	5.471451625297779
GSM6339599	ACCAAGTTCTCCATAT-1	20044	6858	305	4.492556623704165
GSM6339599	ACCAATATCAAGGACA-1	20044	5961	282	4.223436138329756
GSM6339599	ACCAATATCACTCGCT-1	20044	1751	80	4.373126873126873
GSM6339599	ACCAATATCAGGCCTA-1	20044	4565	181	5.039159735292332
GSM6339599	ACCAATATCATGCATA-1	20044	8942	424	4.213710817484402
GSM6339599	ACCAATATCCCATAGG-1	20044	9351	421	4.437842442593037
GSM6339599	ACCAATATCCCTTGCG-1	20044	1456	52	5.594405594405594
GSM6339599	ACCAATATCCTTAGGG-1	20044	11439	475	4.811609443188391
GSM6339599	ACCAATATCTTGTCTG-1	20044	3506	213	3.28873004929343
GSM6339599	ACCACACCAAATTCGT-1	20044	5702	281	4.0543086806432
GSM6339599	ACCACACCAACAGGTG-1	20044	3494	130	5.370014600783832
GSM6339599	ACCACACCAACCGCCA-1	20044	10855	523	4.146904720518487
GSM6339599	ACCACACCAATCATGT-1	20044	12365	551	4.483719547240418
GSM6339599	ACCACACCAATTATGC-1	20044	15428	679	4.5397901068004165
GSM6339599	ACCACACCAGTTATCG-1	20044	11294	424	5.322036454111926
GSM6339599	ACCACACCAGTTTGTG-1	20044	8617	376	4.578931706591281
GSM6339599	ACCACATAGGCACAGG-1	20044	5270	259	4.065432636861209
GSM6339599	ACCACATAGTAACAGG-1	20044	13553	727	3.7247484290125286
GSM6339599	ACCACATAGTTTGGTA-1	20044	13680	642	4.257424818172482
GSM6339599	ACCAGCTCAAACAACA-1	20044	5455	215	5.0693492553957675
GSM6339599	ACCAGCTCAAGGTATA-1	20044	8737	369	4.730770584429122
GSM6339599	ACCAGCTCAATGCGCT-1	20044	6104	349	3.4944997695714024
GSM6339599	ACCAGCTCAATTGACT-1	20044	10192	478	4.2601749714720425
GSM6339599	ACCAGCTCAGGCTTGT-1	20044	7191	276	5.2056639013160755
GSM6339599	ACCAGCTCAGTCTATG-1	20044	14843	710	4.176949810752627
GSM6339599	ACCAGGACAAGGTGCA-1	20044	8534	356	4.789592430041868
GSM6339599	ACCAGGACAATTATGC-1	20044	6467	280	4.614671043242472
GSM6339599	ACCAGGACACTTCATC-1	20044	2044	99	4.125167761531398
GSM6339599	ACCAGGACAGCAAATA-1	20044	13533	707	3.824464079060967
GSM6339599	ACCAGGACATGAGTTT-1	20044	8972	447	4.010307366012064
GSM6339599	ACCAGGCTCATTATGG-1	20044	749	26	5.755782678859601
GSM6339599	ACCAGGCTCCACAATA-1	20044	328	15	4.368964368964369
GSM6339599	ACCAGGCTCCGCCAAA-1	20044	11654	535	4.352283230787904
GSM6339599	ACCAGGCTCGTGCCTT-1	20044	9408	430	4.371442510977395
GSM6339599	ACCAGGGAGAGGCTAA-1	20044	1781	59	6.031256878714506
GSM6339599	ACCAGGGAGGGACGCA-1	20044	15118	675	4.474932474932475
GSM6339599	ACCATAATCAAACACC-1	20044	8724	436	3.997837025359961
GSM6339599	ACCATAATCCATAATG-1	20044	11083	545	4.06309287043232
GSM6339599	ACCATAATCGGCCATA-1	20044	12196	622	3.9176257825775513
GSM6339599	ACCATAATCTCACTAT-1	20044	9883	435	4.539368677299712
GSM6339599	ACCATTAAGCAAGGAC-1	20044	5998	226	5.302661939830082
GSM6339599	ACCATTAAGGAATAAC-1	20044	12957	560	4.622877122877123
GSM6339599	ACCATTAAGGTCTTGG-1	20044	4536	209	4.336333522936394
GSM6339599	ACCATTAAGTATTGGC-1	20044	12340	602	4.095572201884495
GSM6339599	ACCCAACCAATGAGGT-1	20044	10352	472	4.382058619346755
GSM6339599	ACCCAACCATTGTGAT-1	20044	2927	152	3.8474683211525313
GSM6339599	ACCCAGGGTACAATGT-1	20044	4037	157	5.1375376216140545
GSM6339599	ACCCGCTGTACGGTAC-1	20044	3230	162	3.983670650337317
GSM6339599	ACCCGCTGTAGTAAGA-1	20044	546	22	4.958677685950413
GSM6339599	ACCCGCTGTGTTAAAC-1	20044	11541	543	4.2465821471346334
GSM6339599	ACCCGCTGTGTTGCAA-1	20044	5980	262	4.5603251710121935
GSM6339599	ACCCGCTGTTTACCGT-1	20044	8397	383	4.380475920945895
GSM6339599	ACCCGGTAGAGGATAT-1	20044	4585	225	4.071484071484072
GSM6339599	ACCCGGTAGGTCCAAT-1	20044	7546	348	4.332449160035367
GSM6339599	ACCCGGTAGGTGAGAC-1	20044	1109	38	5.831011094168988
GSM6339599	ACCCGGTAGTCACTAA-1	20044	3759	165	4.551811824539098
GSM6339599	ACCCGGTAGTGAACCT-1	20044	4210	184	4.571515441080658
GSM6339599	ACCCGGTAGTGCTGTG-1	20044	3409	153	4.451757392933863
GSM6339599	ACCCGTAAGCACTTGG-1	20044	7043	335	4.200575543859126
GSM6339599	ACCCGTAAGCCTGACA-1	20044	8610	424	4.057263491225755
GSM6339599	ACCCGTAAGCGATAGA-1	20044	721	28	5.1448551448551445
GSM6339599	ACCCGTAAGGCGCTAC-1	20044	10219	419	4.872931364578142
GSM6339599	ACCCGTAAGGGTGGAT-1	20044	10820	505	4.280867647204281
GSM6339599	ACCCGTAAGTGCTGTG-1	20044	3572	145	4.921974577146991
GSM6339599	ACCCTCCCAATCGCAC-1	20044	7639	334	4.569681815190798
GSM6339599	ACCCTCCCACGTGCTG-1	20044	3032	112	5.408876837448266
GSM6339599	ACCCTCCCAGGCTAAG-1	20044	1769	92	3.841810363549494
GSM6339599	ACCCTCCCAGGTTCAC-1	20044	4337	192	4.5131951381951385
GSM6339599	ACCCTCCCATCATGGC-1	20044	523	23	4.543282804152369
GSM6339599	ACCCTCCCATGACTAT-1	20044	6447	275	4.684043229497775
GSM6339599	ACCCTCCCATTATGCG-1	20044	9182	377	4.8662213118446545
GSM6339599	ACCCTGTTCAGTATTG-1	20044	2729	119	4.581972649199541
GSM6339599	ACCCTGTTCATGCAAC-1	20044	12805	563	4.5443011695231945
GSM6339599	ACCCTGTTCATTAGTG-1	20044	12721	540	4.7067747067747066
GSM6339599	ACCCTGTTCCACCTGT-1	20044	7115	327	4.347334622563981
GSM6339599	ACCCTGTTCTTGAGCG-1	20044	5012	201	4.982082594022892
GSM6339599	ACCGAAGCAGCAGGTA-1	20044	13176	639	4.119823838133697
GSM6339599	ACCGAAGCATTCAGCA-1	20044	389	22	3.532830805558078
GSM6339599	ACCGCAATCATTACGA-1	20044	749	28	5.344655344655344
GSM6339599	ACCGCAATCATTTGTC-1	20044	9321	413	4.50929216062388
GSM6339599	ACCGCAATCCTAGTAA-1	20044	5368	239	4.4875626465584615
GSM6339599	ACCGCAATCGATATTG-1	20044	1616	76	4.248383195751616
GSM6339599	ACCGCAATCGTTACTT-1	20044	3153	141	4.467872552978936
GSM6339599	ACCGCAATCTTTAAGG-1	20044	10904	478	4.557785310923386
GSM6339599	ACCGGCTAGCCTAATA-1	20044	2243	94	4.767572852679236
GSM6339599	ACCGGCTAGCTGCACA-1	20044	1484	73	4.06169173292461
GSM6339599	ACCGGTTCAACACTTG-1	20044	2430	131	3.706217446675462
GSM6339599	ACCGGTTCACTTACAG-1	20044	6663	240	5.546953046953047
GSM6339599	ACCGGTTCATTAAGCT-1	20044	6381	255	4.9997061761767645
GSM6339599	ACCTAAATCAAAGGCA-1	20044	11579	510	4.53624806565983
GSM6339599	ACCTAAATCAGGCCTA-1	20044	2538	112	4.527615241900956
GSM6339599	ACCTAAATCGCATTAA-1	20044	3659	161	4.540800814092739
GSM6339599	ACCTAAATCGTCATTT-1	20044	344	14	4.909376337947767
GSM6339599	ACCTAAATCTAATTGG-1	20044	3226	151	4.268579103016189
GSM6339599	ACCTAAATCTACTAAG-1	20044	1042	41	5.077848980288005
GSM6339599	ACCTAAGGTCAAAGGG-1	20044	8746	408	4.282971930030754
GSM6339599	ACCTAAGGTCTTGCAT-1	20044	10121	485	4.169438808614067
GSM6339599	ACCTAAGGTGGATTCA-1	20044	14130	700	4.033109747395462
GSM6339599	ACCTAAGGTTAGAGCC-1	20044	11877	558	4.252736510801027
GSM6339599	ACCTAAGGTTAGGCTA-1	20044	7435	314	4.73093785195696
GSM6339599	ACCTAAGGTTGTCCAT-1	20044	11128	460	4.833427442123094
GSM6339599	ACCTACCTCCGCAAGC-1	20044	2138	78	5.4765747073439375
GSM6339599	ACCTCACTCAGTATTG-1	20044	3948	169	4.6675218272851415
GSM6339599	ACCTCACTCCTAGTAA-1	20044	3631	131	5.537973476904774
GSM6339599	ACCTCACTCTTAGGGT-1	20044	3430	120	5.710955710955711
GSM6339599	ACCTGGATCGATTCTT-1	20044	11011	475	4.631578947368421
GSM6339599	ACCTGGATCTCAATTC-1	20044	5921	299	3.9565785385183374
GSM6339599	ACCTGGATCTTCAATC-1	20044	9954	472	4.213583027142349
GSM6339599	ACCTGGTCAAGGGTTG-1	20044	15692	698	4.491783288344893
GSM6339599	ACCTGGTCAATGCCTA-1	20044	11283	484	4.6577389552596165
GSM6339599	ACCTGGTCACGAATCC-1	20044	3393	125	5.423376623376623
GSM6339599	ACCTGGTCAGGCTTCG-1	20044	11421	534	4.273254835052588
GSM6339599	ACCTGTTGTACCGTTT-1	20044	5515	237	4.649359079738827
GSM6339599	ACCTGTTGTATTGAGT-1	20044	5619	229	4.9025210597263005
GSM6339599	ACCTGTTGTCACCTAT-1	20044	9702	404	4.798172124904798
GSM6339599	ACCTGTTGTCTCACTG-1	20044	7626	347	4.390998050940413
GSM6339599	ACCTGTTGTGAGCGAA-1	20044	7788	324	4.802604802604802
GSM6339599	ACCTGTTGTGTTGCAA-1	20044	12471	624	3.993122262353032
GSM6339599	ACCTTCATCAGCATTA-1	20044	10234	476	4.2957042957042955
GSM6339599	ACCTTCATCATGGCTG-1	20044	9689	434	4.460516442083262
GSM6339599	ACCTTCATCATTGTCT-1	20044	10992	522	4.207286965907656
GSM6339599	ACCTTCATCCTAAGAC-1	20044	10749	483	4.446485191826806
GSM6339599	ACCTTCATCCTGGTCT-1	20044	8192	311	5.262904298274074
GSM6339599	ACCTTCATCGCTAAGT-1	20044	12739	590	4.313991093652111
GSM6339599	ACCTTCATCGGTCAAT-1	20044	18648	830	4.489004970932681
GSM6339599	ACCTTCATCGTTTCTG-1	20044	6313	271	4.654386204201702
GSM6339599	ACCTTCATCTGGTCCT-1	20044	9361	399	4.687543033407695
GSM6339599	ACCTTCATCTTACTCG-1	20044	11225	533	4.2077997049854465
GSM6339599	ACCTTCCAGCTTCCCG-1	20044	4735	184	5.14159753290188
GSM6339599	ACCTTCCAGGAACGCG-1	20044	10609	472	4.4908481349159315
GSM6339599	ACCTTCCAGGGATGCG-1	20044	1942	72	5.38905538905539
GSM6339599	ACCTTCCAGGTGAAGC-1	20044	5937	310	3.8264960845606004
GSM6339599	ACCTTCCAGTAGCCAT-1	20044	4178	180	4.637584637584638
GSM6339599	ACCTTCCAGTATTGTG-1	20044	3936	182	4.320953771503222
GSM6339599	ACCTTCCAGTTACTTC-1	20044	1568	66	4.74676838313202
GSM6339599	ACCTTCCAGTTGGCCA-1	20044	9315	447	4.163621613286043
GSM6339599	ACCTTCCAGTTGTCAA-1	20044	13752	705	3.8973792165281527
GSM6339599	ACCTTGCTCAACAAGG-1	20044	5091	240	4.2382617382617385
GSM6339599	ACCTTGCTCTCAATGA-1	20044	9647	453	4.2549062416612085
GSM6339599	ACCTTGTGTAATAACC-1	20044	3228	131	4.923320953855304
GSM6339599	ACCTTGTGTCACGGAT-1	20044	2364	102	4.630663454192866
GSM6339599	ACGAACAAGGTCATTA-1	20044	854	35	4.875124875124875
GSM6339599	ACGAACAAGTGAGAGC-1	20044	1947	88	4.42057942057942
GSM6339599	ACGAAGTCAAACATAG-1	20044	1594	72	4.423354423354423
GSM6339599	ACGAAGTCACGTTACA-1	20044	9183	390	4.704526242987781
GSM6339599	ACGAAGTCATCATGTG-1	20044	20482	904	4.526889040163376
GSM6339599	ACGAAGTCATTGTGCA-1	20044	733	19	7.708081392291918
GSM6339599	ACGAATCTCAGCACGC-1	20044	8843	358	4.935288175511639
GSM6339599	ACGAATCTCATGGTGT-1	20044	6086	263	4.623513368760517
GSM6339599	ACGAATCTCCCGTTTA-1	20044	11510	490	4.6932659177557134
GSM6339599	ACGAATCTCGTAATCA-1	20044	13978	704	3.9670556716011265
GSM6339599	ACGAATCTCGTTAACA-1	20044	12807	656	3.900672498233474
GSM6339599	ACGAATCTCTTGGACG-1	20044	3782	129	5.857708183289579
GSM6339599	ACGACAAAGCATGTTA-1	20044	10196	484	4.209014126369499
GSM6339599	ACGACAAAGCTCCTTA-1	20044	9548	472	4.041720990873533
GSM6339599	ACGACAAAGGGATGAC-1	20044	7984	330	4.833953924863016
GSM6339599	ACGACAAAGTATTGTG-1	20044	4579	257	3.5598642602533657
GSM6339599	ACGACTTAGAGAGGCT-1	20044	5725	276	4.144406318319362
GSM6339599	ACGACTTAGCTTAACA-1	20044	14588	739	3.9440937952439983
GSM6339599	ACGACTTAGGAGGACT-1	20044	2934	115	5.097511184467707
GSM6339599	ACGACTTAGGTAAGCA-1	20044	5515	228	4.832886411833781
GSM6339599	ACGACTTAGTCGCAAT-1	20044	542	20	5.414585414585414
GSM6339599	ACGACTTAGTGAACGA-1	20044	2047	117	3.4956496494958036
GSM6339599	ACGAGTAAGAGCCGCT-1	20044	13971	687	4.063185722574369
GSM6339599	ACGAGTAAGAGGGACT-1	20044	15332	728	4.207880032055856
GSM6339599	ACGAGTAAGCATGTCG-1	20044	13323	636	4.185437204305129
GSM6339599	ACGAGTAAGGAACGCG-1	20044	4315	196	4.3986625619278685
GSM6339599	ACGAGTAAGGAGGCAT-1	20044	11407	554	4.113936604911334
GSM6339599	ACGATTCAGGCATTGT-1	20044	9711	405	4.790764790764791
GSM6339599	ACGATTCAGTTAGACC-1	20044	6349	237	5.352453453719276
GSM6339599	ACGCAAGCAAGGCCAA-1	20044	11110	575	3.860487338748208
GSM6339599	ACGCAAGCACAGCCTG-1	20044	5715	216	5.286380286380286
GSM6339599	ACGCAAGCACGGTTTA-1	20044	10801	502	4.298888362633383
GSM6339599	ACGCAAGCAGCCTGCA-1	20044	11920	567	4.200385152766105
GSM6339599	ACGCAAGCAGGACACA-1	20044	4924	226	4.353168954938867
GSM6339599	ACGCAAGCAGGCCATT-1	20044	13268	606	4.374503384404375
GSM6339599	ACGCAAGCAGTTGCGT-1	20044	8972	441	4.064869370991819
GSM6339599	ACGCAAGCATCCATCT-1	20044	10306	465	4.428259912130879
GSM6339599	ACGCACGGTCATCAAG-1	20044	4484	196	4.570939264816816
GSM6339599	ACGCACGGTGATGGCT-1	20044	967	43	4.493181237367284
GSM6339599	ACGCACGGTTTAAAGC-1	20044	10329	396	5.2114552114552115
GSM6339599	ACGCCACAGAAGCTAG-1	20044	9578	401	4.772285071536943
GSM6339599	ACGCCACAGAGGAAGG-1	20044	12518	504	4.962497819640677
GSM6339599	ACGCCACAGCAACAAG-1	20044	371	19	3.901361796098638
GSM6339599	ACGCCACAGCATTAGC-1	20044	10949	546	4.006616094528183
GSM6339599	ACGCCACAGCATTTCT-1	20044	7967	353	4.509371648181847
GSM6339599	ACGCCACAGCTTTGTT-1	20044	11121	468	4.747816286277825
GSM6339599	ACGCCACAGGGTTAGA-1	20044	8843	381	4.637357393262905
GSM6339599	ACGCCACAGGTGTTAC-1	20044	11438	558	4.095546031029902
GSM6339599	ACGCCACAGTCACCTC-1	20044	3052	118	5.167713642289914
GSM6339599	ACGCCTAAGACAAACG-1	20044	9175	409	4.482070496740424
GSM6339599	ACGCCTAAGTAACGAG-1	20044	12255	570	4.2957042957042955
GSM6339599	ACGCCTAAGTTCCTGC-1	20044	8202	335	4.891824593317131
GSM6339599	ACGCCTTTCACAGACT-1	20044	10802	442	4.88289990552434
GSM6339599	ACGCCTTTCATTTGCT-1	20044	10690	448	4.767553874696731
GSM6339599	ACGCCTTTCATTTGTC-1	20044	9060	401	4.514189052842419
GSM6339599	ACGCCTTTCCTAAATG-1	20044	6350	266	4.769666423801762
GSM6339599	ACGCCTTTCGCATTAA-1	20044	8128	317	5.122952757022158
GSM6339599	ACGCCTTTCGCTTCTA-1	20044	3205	149	4.2977157071116805
GSM6339599	ACGCTTGAGCCAAATC-1	20044	380	19	3.996003996003996
GSM6339599	ACGCTTGAGCTAATCA-1	20044	9331	414	4.503226242356678
GSM6339599	ACGCTTGAGGCCTGGT-1	20044	10053	410	4.899003435588802
GSM6339599	ACGGGAAGTCGTAATG-1	20044	679	31	4.376268892397925
GSM6339599	ACGGGAAGTTGAGGTC-1	20044	4126	177	4.657489403252114
GSM6339599	ACGGTACGTAACAGGG-1	20044	10673	519	4.108800640592548
GSM6339599	ACGGTACGTGCTCACC-1	20044	451	23	3.917821309125657
GSM6339599	ACGGTACGTTCTTTAG-1	20044	7042	333	4.225204225204225
GSM6339599	ACGGTTAGTCGCGCAA-1	20044	3170	114	5.555847661110819
GSM6339599	ACGGTTAGTTAGGTTG-1	20044	10574	428	4.936185310017085
GSM6339599	ACGGTTAGTTCAAGCA-1	20044	9420	408	4.613034024798731
GSM6339599	ACGGTTAGTTGCTTCG-1	20044	2808	151	3.71548980820504
GSM6339599	ACGGTTAGTTTGTTGC-1	20044	489	14	6.978735550164121
GSM6339599	ACGGTTTAGGAACACA-1	20044	764	31	4.924108149914602
GSM6339599	ACGGTTTAGGCATGAA-1	20044	1190	51	4.662004662004661
GSM6339599	ACGGTTTAGGCTGTCA-1	20044	19315	858	4.497833169161841
GSM6339599	ACGGTTTAGGTTACAC-1	20044	8607	345	4.984580636754549
GSM6339599	ACGGTTTAGTAGGATG-1	20044	2115	85	4.971499089146148
GSM6339599	ACGGTTTAGTGTTGCG-1	20044	5973	247	4.83160564132224
GSM6339599	ACGGTTTAGTTGCGTG-1	20044	6692	333	4.015204015204015
GSM6339599	ACGTACCCAAAGCGGC-1	20044	6071	259	4.683347540490398
GSM6339599	ACGTACCCAATTGACT-1	20044	7180	286	5.0159630579211
GSM6339599	ACGTACCCACTTAACG-1	20044	6782	297	4.56244092607729
GSM6339599	ACGTACCCAGGATAAC-1	20044	3726	182	4.0904150794260685
GSM6339599	ACGTACCCATAGCTTG-1	20044	3457	147	4.698702657886331
GSM6339599	ACGTCAAGTATTGGTG-1	20044	681	45	3.0236430236430234
GSM6339599	ACGTCAAGTTGCGCGA-1	20044	9896	424	4.663261267034851
GSM6339599	ACGTCAAGTTGTTGTC-1	20044	4678	208	4.493583339737185
GSM6339599	ACGTCCAAGAGGAGTC-1	20044	14210	731	3.8839409564443765
GSM6339599	ACGTCCAAGATGGACA-1	20044	17121	753	4.542867491074663
GSM6339599	ACGTCCAAGCTGGAAA-1	20044	4361	193	4.514656328127831
GSM6339599	ACGTCCAAGGTTACGT-1	20044	11268	462	4.873049028893185
GSM6339599	ACGTCCAAGTGTTGTA-1	20044	2223	98	4.532202491386165
GSM6339599	ACGTCCTTCCGCACAA-1	20044	12641	585	4.317392009699702
GSM6339599	ACGTCCTTCCGTGACA-1	20044	9637	467	4.12307178902468
GSM6339599	ACGTCCTTCGCGCTAA-1	20044	7945	335	4.738545037052499
GSM6339599	ACGTTACAGAATGACG-1	20044	11650	509	4.573030113305163
GSM6339599	ACGTTACAGAGGATAT-1	20044	6154	254	4.840828462875707
GSM6339599	ACGTTACAGCCGGTAC-1	20044	4537	228	3.9758487126908184
GSM6339599	ACGTTACAGCGATAAG-1	20044	1385	53	5.221193900439183
GSM6339599	ACGTTACAGGACCAGG-1	20044	549	19	5.773174194226826
GSM6339599	ACGTTACAGGCATTAC-1	20044	6471	256	5.0504183316683315
GSM6339599	ACGTTACAGGTCGATT-1	20044	8714	429	4.058412450020842
GSM6339599	ACGTTGTAGAGCCGCT-1	20044	1645	57	5.766163660900504
GSM6339599	ACGTTGTAGTGAAGTG-1	20044	12071	580	4.158255537565883
GSM6339599	ACTAAAGCATTGTCAG-1	20044	13385	676	3.9561030685291043
GSM6339599	ACTAACCAGGTCTTGG-1	20044	6888	305	4.512209102373037
GSM6339599	ACTAACGGTAATAGCT-1	20044	10101	415	4.863088718510405
GSM6339599	ACTAACTCAAGTTATC-1	20044	13536	642	4.212609820086456
GSM6339599	ACTAACTCAATAAGCA-1	20044	14206	699	4.060603202234104
GSM6339599	ACTAACTCACCTAAGC-1	20044	4089	167	4.8921138741498025
GSM6339599	ACTAACTCAGAGAGCC-1	20044	15154	730	4.147633188729079
GSM6339599	ACTAACTCAGCGCTTG-1	20044	13263	738	3.5907182248645664
GSM6339599	ACTAACTCAGTTAGCC-1	20044	10602	523	4.050251851399079
GSM6339599	ACTAACTCATTATCCC-1	20044	1214	52	4.664566203027741
GSM6339599	ACTAATCCACAATGTT-1	20044	7612	383	3.9709637620864773
GSM6339599	ACTAATCCACACAATT-1	20044	9871	409	4.82207279273294
GSM6339599	ACTAATCCACGGTTTA-1	20044	7405	303	4.882905873004883
GSM6339599	ACTAATCCACTTAACG-1	20044	4660	220	4.232131504858777
GSM6339599	ACTAATCCAGCATTAT-1	20044	12369	632	3.9103301761529607
GSM6339599	ACTAATCCAGGATTAA-1	20044	956	35	5.457399743114029
GSM6339599	ACTAGGCGTATTGGAT-1	20044	741	35	4.230055658627087
GSM6339599	ACTAGGCGTCACCTAT-1	20044	3107	118	5.260840854061193
GSM6339599	ACTAGGCGTGCTTTAC-1	20044	5373	232	4.627269282441697
GSM6339599	ACTAGGCGTTGGTGAC-1	20044	8418	378	4.449518735233021
GSM6339599	ACTAGGCGTTGTCATC-1	20044	654	29	4.50583898859761
GSM6339599	ACTATCCGTAAAGCGG-1	20044	12318	593	4.150318484213932
GSM6339599	ACTATCCGTGCTTACT-1	20044	408	14	5.822748679891537
GSM6339599	ACTATCCGTTAGAGGG-1	20044	8729	407	4.285149739695194
GSM6339599	ACTATGTCAAAGGCCA-1	20044	7403	346	4.274915835609478
GSM6339599	ACTATGTCAATTAGCT-1	20044	3301	169	3.9026062694701746
GSM6339599	ACTATGTCAGTTATCG-1	20044	11145	525	4.241472812901384
GSM6339599	ACTCACCTCACCATTT-1	20044	9844	439	4.480257783219059
GSM6339599	ACTCACCTCCCATAAA-1	20044	18709	886	4.219031532801284
GSM6339599	ACTCACTGTCATCATC-1	20044	2622	118	4.439628168441728
GSM6339599	ACTCACTGTGGAAACG-1	20044	3618	174	4.154466223431741
GSM6339599	ACTCACTGTGGTTATG-1	20044	4111	213	3.856237659054561
GSM6339599	ACTCACTGTGTTGCAA-1	20044	2359	99	4.760895669986579
GSM6339599	ACTCAGTAGAGGAAGG-1	20044	12540	553	4.530731474673608
GSM6339599	ACTCAGTAGATTGAGG-1	20044	14610	723	4.037456319613995
GSM6339599	ACTCAGTAGCGAGCGA-1	20044	3651	144	5.065767565767565
GSM6339599	ACTCAGTAGGAACGGT-1	20044	15188	713	4.256052502896822
GSM6339599	ACTCAGTAGGCGCTTA-1	20044	14693	669	4.388138020425016
GSM6339599	ACTCAGTAGGTGCGGA-1	20044	4724	204	4.626745803216391
GSM6339599	ACTCCTCAGCACAGAA-1	20044	6276	284	4.415303006852303
GSM6339599	ACTCCTCAGGGTGAAC-1	20044	9017	445	4.0485357339289925
GSM6339599	ACTCCTCAGTAACAGG-1	20044	10302	460	4.474655779003605
GSM6339599	ACTCGCGCAAATTGCT-1	20044	3563	147	4.8427762713477005
GSM6339599	ACTCGCGCAACACTTG-1	20044	12250	535	4.574864387948501
GSM6339599	ACTCGCGCACAATACT-1	20044	6258	321	3.895170250310437
GSM6339599	ACTCGCGCACGTTACA-1	20044	9554	394	4.8449012916018
GSM6339599	ACTCGCGCAGGGAGCT-1	20044	16070	808	3.9737490232539736
GSM6339599	ACTCGCGCAGTACCGT-1	20044	784	35	4.475524475524476
GSM6339599	ACTCGCGCATTGTTGG-1	20044	16417	828	3.96149743975831
GSM6339599	ACTCGCTTCAAACACC-1	20044	1437	60	4.7852147852147855
GSM6339599	ACTCGCTTCACAGCGC-1	20044	2878	135	4.259444259444259
GSM6339599	ACTCGCTTCATTAGCA-1	20044	1333	59	4.514129937858752
GSM6339599	ACTCGCTTCGCACACA-1	20044	8874	365	4.857608145279378
GSM6339599	ACTCGCTTCGTGCCTT-1	20044	14944	803	3.7183240172032206
GSM6339599	ACTCGCTTCTGTGAGT-1	20044	1777	65	5.462230077614692
GSM6339599	ACTGAAACACAATACT-1	20044	14170	716	3.9541464122469705
GSM6339599	ACTGAAACACAGGAAT-1	20044	2089	97	4.302913581264097
GSM6339599	ACTGAAACACAGGGAC-1	20044	12249	623	3.9283349074681335
GSM6339599	ACTGAAACAGAAACGT-1	20044	1003	31	6.4645032386967864
GSM6339599	ACTGAAACAGAATGAC-1	20044	541	19	5.6890477943109525
GSM6339599	ACTGAAACAGGTCCTG-1	20044	10091	421	4.789035192835668
GSM6339599	ACTGAATGTATGTGGC-1	20044	626	21	5.955948813091671
GSM6339599	ACTGAATGTATTGAGT-1	20044	15473	764	4.046477083126298
GSM6339599	ACTGAATGTCTAACAG-1	20044	8281	320	5.170454545454546
GSM6339599	ACTGAATGTGGATTCA-1	20044	6048	289	4.1812858421854955
GSM6339599	ACTGAATGTGTAACCA-1	20044	11412	450	5.066933066933067
GSM6339599	ACTGAATGTTGTGATG-1	20044	11962	472	5.063580487309301
GSM6339599	ACTTACAAGACAACGA-1	20044	14202	635	4.468602263877854
GSM6339599	ACTTACAAGCGCCTAA-1	20044	4913	204	4.811854811854812
GSM6339599	ACTTACAAGGCATGTT-1	20044	6213	257	4.830189265986932
GSM6339599	ACTTACAAGGGCCATC-1	20044	12131	608	3.986474052263526
GSM6339599	ACTTACAAGTAACAGG-1	20044	12951	683	3.788597932082559
GSM6339599	ACTTACAAGTGAACCT-1	20044	2947	119	4.947993183287301
GSM6339599	ACTTACTTCATTAGCA-1	20044	5450	240	4.5371295371295375
GSM6339599	ACTTAGGGTTACGCAA-1	20044	665	24	5.536130536130536
GSM6339599	ACTTAGTCAAGGACCA-1	20044	11990	487	4.919105535121962
GSM6339599	ACTTAGTCAAGTTATC-1	20044	21351	895	4.766406777579962
GSM6339599	ACTTAGTCACATGCTA-1	20044	5546	233	4.755759262197031
GSM6339599	ACTTAGTCAGTACCGT-1	20044	11039	485	4.547617331122487
GSM6339599	ACTTAGTCATCAGCAC-1	20044	13345	639	4.172666144497131
GSM6339599	ACTTAGTCATTATCCC-1	20044	2062	96	4.291541791541792
GSM6339599	ACTTATCTCATAACCA-1	20044	13102	652	4.015003401506469
GSM6339599	ACTTATCTCATGGTGT-1	20044	1713	81	4.225404225404225
GSM6339599	ACTTATCTCCCTCGCA-1	20044	8563	378	4.526161669018812
GSM6339599	ACTTATCTCCTGATTT-1	20044	10429	470	4.433438901524007
GSM6339599	ACTTATCTCTAATCAG-1	20044	13044	598	4.358183622397669
GSM6339599	ACTTATCTCTGGCAAT-1	20044	8977	374	4.79573902033795
GSM6339599	ACTTATGAGCAATAGG-1	20044	2310	88	5.244755244755244
GSM6339599	ACTTATGAGGACCGCT-1	20044	5868	283	4.142853612818277
GSM6339599	ACTTATGAGGTTAGCT-1	20044	14492	660	4.38712802349166
GSM6339599	ACTTATGAGTAACTCA-1	20044	9138	362	5.043575209321066
GSM6339599	ACTTATGAGTCAGGCC-1	20044	11080	505	4.383735076804384
GSM6339599	ACTTCGCTCAGCACCA-1	20044	786	32	4.907592407592407
GSM6339599	ACTTCGCTCCCAGTAG-1	20044	17356	786	4.411873114163191
GSM6339599	ACTTCGCTCCTTCGTA-1	20044	19810	866	4.570487249471083
GSM6339599	ACTTGAATCAGTTCCC-1	20044	4363	136	6.409766703884351
GSM6339599	ACTTGAATCGTTACTT-1	20044	6337	286	4.427041489978553
GSM6339599	ACTTGCACAAGGAATC-1	20044	10074	445	4.523117332106096
GSM6339599	ACTTGCACACCTAATG-1	20044	9489	430	4.409079292800223
GSM6339599	ACTTGCACACTAGGTC-1	20044	12412	529	4.687939659584273
GSM6339599	ACTTGCACATGCTATG-1	20044	11364	500	4.541058941058941
GSM6339599	ACTTGCACATTAAGTC-1	20044	6771	254	5.326169893099027
GSM6339599	ACTTGTAAGGCTGTCA-1	20044	6071	255	4.756811815635345
GSM6339599	ACTTGTCGTATTGGAT-1	20044	10123	441	4.586343361853566
GSM6339599	ACTTGTCGTCAAGTAT-1	20044	973	45	4.32012432012432
GSM6339599	ACTTGTCGTGAGAAAC-1	20044	1372	59	4.646201256370748
GSM6339599	ACTTGTCGTGTTGTAG-1	20044	13068	613	4.259362171270817
GSM6339599	ACTTGTCGTTATCCGT-1	20044	11651	499	4.665074404553362
GSM6339599	ACTTGTCGTTGCAGTA-1	20044	479	26	3.6809344501652195
GSM6339599	ACTTTGTTCAACAAGG-1	20044	6323	291	4.341363104249702
GSM6339599	ACTTTGTTCGTGCCTT-1	20044	10205	466	4.37545287330695
GSM6339599	ACTTTGTTCTAACCTT-1	20044	2731	97	5.625302532519028
GSM6339599	ACTTTGTTCTCACAAA-1	20044	5287	192	5.501789876789877
GSM6339599	ACTTTGTTCTCTAGCC-1	20044	8811	448	3.929552590266876
GSM6339599	AGAAACCCAATTGACT-1	20044	9549	500	3.815784215784216
GSM6339599	AGAAACCCACATTAAC-1	20044	11859	533	4.445460730638967
GSM6339599	AGAAACTAGCACTTGG-1	20044	16159	666	4.847704847704848
GSM6339599	AGAAACTAGGGTCTAT-1	20044	8685	358	4.8471081990635065
GSM6339599	AGAAACTAGGTGTTAC-1	20044	7732	358	4.315237834790907
GSM6339599	AGAAACTAGTTGTCTT-1	20044	6605	310	4.257033289291353
GSM6339599	AGAAAGGCAAGGAATC-1	20044	13084	589	4.438346034271332
GSM6339599	AGAAAGGCAATAACGA-1	20044	6981	343	4.066487448411646
GSM6339599	AGAAAGGCACCGGTAT-1	20044	7981	370	4.3097443097443096
GSM6339599	AGAAAGGCACGGTTTA-1	20044	12900	571	4.513874916677018
GSM6339599	AGAAAGGCAGGCTGTT-1	20044	6473	334	3.8721757284631537
GSM6339599	AGAAAGGCATTGCAGC-1	20044	2053	115	3.5668679146940017
GSM6339599	AGAACAAGTCGCAAAC-1	20044	9095	389	4.671421123863283
GSM6339599	AGAACCAAGCAGGTTT-1	20044	10811	454	4.757797268810485
GSM6339599	AGAACCAAGCGATAGA-1	20044	8519	413	4.121302426387172
GSM6339599	AGAACCGCAAACTGTT-1	20044	2962	148	3.9987039987039985
GSM6339599	AGAACCGCAACATAAG-1	20044	13082	667	3.9187199606989713
GSM6339599	AGAACCGCAGAGGCTA-1	20044	10886	514	4.231566099270379
GSM6339599	AGAACCGCAGCTTAGC-1	20044	4906	229	4.280435721483757
GSM6339599	AGAAGGTGTCATGAGC-1	20044	8769	321	5.458093308560598
GSM6339599	AGAAGGTGTGACATGC-1	20044	7903	338	4.6716597012455
GSM6339599	AGAAGGTGTGAGCACT-1	20044	14128	705	4.003939323088259
GSM6339599	AGAAGGTGTTAAGCGC-1	20044	16691	715	4.66414704176942
GSM6339599	AGAAGGTGTTAGCATG-1	20044	12802	562	4.551320565555441
GSM6339599	AGAAGGTGTTGCCTCA-1	20044	1302	65	4.0021516944593865
GSM6339599	AGAATCGAGACAAAGT-1	20044	5551	249	4.454180357794815
GSM6339599	AGAATCGAGCACTAGT-1	20044	9937	432	4.595867095867096
GSM6339599	AGAATCGAGCTGGCTA-1	20044	1073	59	3.6336544811121083
GSM6339599	AGAATCGAGCTTCCCG-1	20044	10433	536	3.889021426334859
GSM6339599	AGAATCGAGGAAGCAC-1	20044	11848	544	4.351530822119057
GSM6339599	AGAATCGAGGCGCTAC-1	20044	12674	547	4.629374282025105
GSM6339599	AGAATCGAGGGCCACT-1	20044	13690	583	4.691706235445515
GSM6339599	AGAATCGAGTATTGCA-1	20044	13727	696	3.9405996302548028
GSM6339599	AGAATCTGTGAAGCCT-1	20044	11323	495	4.570379115833661
GSM6339599	AGAATCTGTGTCCAGG-1	20044	12385	605	4.090124751281776
GSM6339599	AGAATCTGTTAGGTTG-1	20044	13193	628	4.197394961726172
GSM6339599	AGAATCTGTTGGATAT-1	20044	14686	626	4.687325454098617
GSM6339599	AGAATCTGTTGGTTGA-1	20044	2262	83	5.445157252386169
GSM6339599	AGACAATAGGTAAGCA-1	20044	490	12	8.158508158508159
GSM6339599	AGACAATAGTTGCGTG-1	20044	7229	330	4.376835285926195
GSM6339599	AGACACGCAAACCTTG-1	20044	8979	378	4.74604760319046
GSM6339599	AGACACGCAACCCTCC-1	20044	6228	263	4.731390282721081
GSM6339599	AGACACGCAAGTCGCT-1	20044	10998	520	4.2257742257742255
GSM6339599	AGACACGCACAATGTT-1	20044	2002	72	5.555555555555555
GSM6339599	AGACACGCAGTTTCTC-1	20044	1293	63	4.100661243518386
GSM6339599	AGACCCGGTACGCGCA-1	20044	11877	580	4.091425815563746
GSM6339599	AGACCCGGTCAAACTG-1	20044	2785	111	5.013005013005013
GSM6339599	AGACCCGGTGCATTTC-1	20044	9270	396	4.677141040777404
GSM6339599	AGACCCGGTGTGCACG-1	20044	9125	397	4.592384945029781
GSM6339599	AGACCCGGTTCACCCA-1	20044	6356	268	4.7385450370525
GSM6339599	AGACCCGGTTCCTCCT-1	20044	3929	183	4.289699371666584
GSM6339599	AGACCCGGTTTAACGG-1	20044	5793	226	5.121427245321051
GSM6339599	AGACTATGTGAATCGC-1	20044	8871	342	5.18253676148413
GSM6339599	AGAGAAGCAATAACCT-1	20044	16174	873	3.701682052197516
GSM6339599	AGAGAAGCACATACTG-1	20044	9450	366	5.158775650578929
GSM6339599	AGAGAAGCACCGGCTA-1	20044	4174	177	4.711672508282677
GSM6339599	AGAGAAGCACCTCACC-1	20044	1706	73	4.669303299440286
GSM6339599	AGAGAAGCACTCGCTC-1	20044	5150	228	4.513030828820303
GSM6339599	AGAGAAGCATAATGAG-1	20044	1729	84	4.112554112554113
GSM6339599	AGAGAAGCATAATTGC-1	20044	4036	177	4.55589608131981
GSM6339599	AGAGAGGAGCCTGACA-1	20044	2302	97	4.741650102474845
GSM6339599	AGAGAGGAGGAAGTAT-1	20044	9028	402	4.487055233323891
GSM6339599	AGAGAGGAGTCACCTC-1	20044	2991	132	4.5272908909272545
GSM6339599	AGAGATTAGGATCCGC-1	20044	7012	312	4.490381413458336
GSM6339599	AGAGATTAGTCATTAG-1	20044	9647	444	4.341154341154341
GSM6339599	AGAGGAACAAACGGGC-1	20044	9781	462	4.2299691650341
GSM6339599	AGAGGAACAAGGGTTG-1	20044	15873	822	3.8581856100104273
GSM6339599	AGAGGAACAATACTGT-1	20044	9261	429	4.313169348134383
GSM6339599	AGAGGAACAGAACCGA-1	20044	9324	385	4.838797566070293
GSM6339599	AGAGGAACAGAGGCTA-1	20044	8948	403	4.436258530551334
GSM6339599	AGAGGAACAGGCTAAG-1	20044	2944	124	4.743643453320873
GSM6339599	AGAGGAACATAAGTTC-1	20044	3584	142	5.042844479464198
GSM6339599	AGAGGAACATCAATCG-1	20044	2987	123	4.852058510595096
GSM6339599	AGAGGAACATGTTGTG-1	20044	2455	95	5.163257794836742
GSM6339599	AGAGGATGTAACCAGC-1	20044	4124	174	4.735494390666805
GSM6339599	AGAGGATGTAACGTGC-1	20044	5234	219	4.77513354225683
GSM6339599	AGAGGATGTAATCGGC-1	20044	5660	255	4.4347809053691405
GSM6339599	AGAGGATGTCGCATAA-1	20044	880	46	3.822264691829909
GSM6339599	AGAGGATGTGGATGTC-1	20044	11322	560	4.039531896674754
GSM6339599	AGAGGATGTTACAACG-1	20044	7630	351	4.343235112465882
GSM6339599	AGAGGATGTTTGACCT-1	20044	2730	109	5.00417014178482
GSM6339599	AGAGGATGTTTGTGGA-1	20044	11053	491	4.497742583282298
GSM6339599	AGATGAAGTAATAGCT-1	20044	7843	315	4.974707831850689
GSM6339599	AGATGAAGTTACCTGT-1	20044	1207	50	4.823176823176823
GSM6339599	AGATGCTTCATCCACC-1	20044	2502	124	4.0314524185491925
GSM6339599	AGATGCTTCATTGTTC-1	20044	11022	494	4.457890287849802
GSM6339599	AGATGCTTCCGTTAAA-1	20044	8963	420	4.263831406688549
GSM6339599	AGCAAATAGCAGCTCA-1	20044	2460	109	4.509252215674233
GSM6339599	AGCAAATAGGTCATTA-1	20044	1357	45	6.025086025086025
GSM6339599	AGCAAATAGTATTGCA-1	20044	5620	261	4.302211198762923
GSM6339599	AGCAACAAGATAACCC-1	20044	4264	156	5.46120546120546
GSM6339599	AGCAACAAGCATGTCG-1	20044	5885	269	4.3710935904244455
GSM6339599	AGCAAGGGTACTTCAC-1	20044	7939	334	4.749143072496366
GSM6339599	AGCAAGGGTCCTAATC-1	20044	18628	724	5.140715637953207
GSM6339599	AGCAATACAACACTTG-1	20044	11146	569	3.9138366027645466
GSM6339599	AGCAATACAACTAGAA-1	20044	6877	318	4.320836396308094
GSM6339599	AGCAATACATCCGTAA-1	20044	650	35	3.710575139146568
GSM6339599	AGCAATACATGCATAT-1	20044	13683	622	4.395283173418222
GSM6339599	AGCAATTGTAACTACG-1	20044	8479	390	4.34386126693819
GSM6339599	AGCAATTGTCGACTCC-1	20044	669	28	4.7737976309404875
GSM6339599	AGCAATTGTGCTAGAC-1	20044	3915	181	4.321645205623105
GSM6339599	AGCAATTGTGGAGCAA-1	20044	13335	671	3.9706939855971153
GSM6339599	AGCAATTGTTTGGGTA-1	20044	11193	505	4.428442844284429
GSM6339599	AGCACAGCACATTGCA-1	20044	6036	268	4.499977634305992
GSM6339599	AGCACAGCAGCTTAAT-1	20044	12415	602	4.120464253354619
GSM6339599	AGCACAGCATTCAGCA-1	20044	5228	279	3.743926324571486
GSM6339599	AGCACTAGTCATTGTC-1	20044	8685	343	5.059080860830131
GSM6339599	AGCACTAGTGAGCAAG-1	20044	13995	637	4.38964489199968
GSM6339599	AGCACTAGTTATCCGT-1	20044	6157	282	4.3623043623043625
GSM6339599	AGCACTAGTTGCCTCA-1	20044	1253	45	5.563325563325563
GSM6339599	AGCACTTAGCTAGAAG-1	20044	547	20	5.464535464535465
GSM6339599	AGCACTTAGCTGGAAA-1	20044	10968	459	4.774310656663598
GSM6339599	AGCACTTAGTCAATCA-1	20044	5637	251	4.4871463198156425
GSM6339599	AGCACTTAGTTAGACC-1	20044	961	46	4.174086782782435
GSM6339599	AGCAGGTAGCTCCCTG-1	20044	9898	451	4.38497201246647
GSM6339599	AGCAGGTAGCTCCTTA-1	20044	343	13	5.271651425497579
GSM6339599	AGCAGGTAGGAACGCG-1	20044	10724	450	4.761460761460762
GSM6339599	AGCATCCCAACCTGGT-1	20044	489	23	4.247925987056422
GSM6339599	AGCATCCCACTGACCG-1	20044	4792	210	4.559250273535988
GSM6339599	AGCATCCCATCAGTAT-1	20044	7918	339	4.666719710967499
GSM6339599	AGCATTTCACTTGTTC-1	20044	5754	321	3.5814652637082545
GSM6339599	AGCATTTCAGAGAGCC-1	20044	5162	195	5.28906990445452
GSM6339599	AGCATTTCAGCTACGT-1	20044	2385	117	4.072850226696381
GSM6339599	AGCCAGTGTCATCATC-1	20044	14548	698	4.164317058299866
GSM6339599	AGCCAGTGTGATGAAA-1	20044	8650	450	3.8406038406038405
GSM6339599	AGCCAGTGTGGAGCAA-1	20044	8530	364	4.682131055757429
GSM6339599	AGCCAGTGTGTCCAGG-1	20044	15801	753	4.192620128875109
GSM6339599	AGCCAGTGTTCAAGCA-1	20044	12811	620	4.128452192968322
GSM6339599	AGCCGCTAGCCTGAGC-1	20044	6584	315	4.176141318998462
GSM6339599	AGCCGCTAGCGGATAA-1	20044	13550	573	4.724769122674881
GSM6339599	AGCCGCTAGCTAGAAG-1	20044	493	11	8.954681681954408
GSM6339599	AGCCGCTAGTAGGCGG-1	20044	9035	380	4.750512645249488
GSM6339599	AGCCGGTTCCGCCTCA-1	20044	5334	222	4.8006048006048
GSM6339599	AGCCGGTTCCTAGTTT-1	20044	21334	898	4.746700960509424
GSM6339599	AGCCGGTTCGAGGAGT-1	20044	2630	97	5.417263149221912
GSM6339599	AGCCGGTTCGGCTAGC-1	20044	23743	1015	4.673749895424772
GSM6339599	AGCCGGTTCGTTTCGC-1	20044	10468	492	4.251033519326202
GSM6339599	AGCCTAAGTAGCCATA-1	20044	511	17	6.005758946935417
GSM6339599	AGCCTAAGTAGTTGGC-1	20044	1064	36	5.905205905205905
GSM6339599	AGCCTAAGTGATCAGC-1	20044	6154	254	4.840828462875707
GSM6339599	AGCCTAAGTTGAGCCG-1	20044	9665	448	4.310421721136006
GSM6339599	AGCCTAGTCAAGGACA-1	20044	356	14	5.080633652062223
GSM6339599	AGCCTAGTCATTGCGG-1	20044	9774	451	4.330038032920516
GSM6339599	AGCCTAGTCTCCATGC-1	20044	5461	274	3.9821492376236898
GSM6339599	AGCCTAGTCTTAGCCC-1	20044	6920	296	4.671004671004671
GSM6339599	AGCCTCCGTGAGGTAG-1	20044	6588	291	4.5233117398065845
GSM6339599	AGCCTCCGTTCCTCCT-1	20044	1356	48	5.644355644355645
GSM6339599	AGCCTCCGTTTAGTCC-1	20044	9780	380	5.142226194857774
GSM6339599	AGCCTCCGTTTGCGCC-1	20044	12435	665	3.7361135105496004
GSM6339599	AGCCTGGGTACGGTAC-1	20044	1780	68	5.230064053593465
GSM6339599	AGCCTGGGTGGACCTG-1	20044	1774	84	4.219589933875648
GSM6339599	AGCCTGGGTTAGCTGA-1	20044	7542	263	5.729631585144894
GSM6339599	AGCCTGGGTTGCCTCA-1	20044	10669	501	4.254827009318028
GSM6339599	AGCGATTTCAGAAACG-1	20044	6321	294	4.295704295704296
GSM6339599	AGCGATTTCGTGCCTT-1	20044	3096	118	5.242215411706938
GSM6339599	AGCGCCTAGACTAAGG-1	20044	9367	392	4.774307325327733
GSM6339599	AGCGCCTAGCAGGTGG-1	20044	10458	444	4.706104706104706
GSM6339599	AGCGCCTAGCTCGCTT-1	20044	15358	755	4.064280090770157
GSM6339599	AGCGCCTAGGCGGGTA-1	20044	11491	513	4.475446580709739
GSM6339599	AGCGCCTAGGTGAGAC-1	20044	710	34	4.172298289945348
GSM6339599	AGCGCCTAGTTCCTCA-1	20044	19075	843	4.520983168670002
GSM6339599	AGCGCTCAGACAAAGT-1	20044	4274	171	4.993836572783942
GSM6339599	AGCGCTCAGGCCAATT-1	20044	2952	113	5.219559201860087
GSM6339599	AGCGGACCAACCCTAA-1	20044	9899	422	4.686782411900896
GSM6339599	AGCGGACCACAGAACG-1	20044	8964	468	3.82694228848075
GSM6339599	AGCGGACCACCCACCT-1	20044	7861	385	4.079556806829534
GSM6339599	AGCGGACCATTAGGCC-1	20044	3078	114	5.394605394605395
GSM6339599	AGCGGACCATTCAGCA-1	20044	4444	185	4.799524799524799
GSM6339599	AGCGGATAGCACCACA-1	20044	7739	316	4.893208057765019
GSM6339599	AGCGGATAGCGATACT-1	20044	11347	502	4.51620093054356
GSM6339599	AGCGTGCTCACAGCGC-1	20044	9652	417	4.62463196276146
GSM6339599	AGCGTGCTCACCATTT-1	20044	10997	518	4.241704241704242
GSM6339599	AGCGTGCTCCCATAGG-1	20044	11154	533	4.181184668989546
GSM6339599	AGCGTGCTCCGCCAAA-1	20044	7240	311	4.651297255798863
GSM6339599	AGCGTGCTCGCCTGTT-1	20044	12800	626	4.085371497512073
GSM6339599	AGCGTGCTCGCTCACT-1	20044	8310	342	4.8547943284785395
GSM6339599	AGCTAAACAAACGCGA-1	20044	6331	256	4.941152597402597
GSM6339599	AGCTAAACAAACGGGC-1	20044	6867	353	3.886764793280374
GSM6339599	AGCTAAACAATAGCCC-1	20044	10983	539	4.071253421902773
GSM6339599	AGCTAAACATAATCCG-1	20044	4169	190	4.384037015615964
GSM6339599	AGCTAAACATAGCGGA-1	20044	4981	216	4.607429607429607
GSM6339599	AGCTAAACATTGTGTG-1	20044	12005	556	4.314031292448559
GSM6339599	AGCTAACTCAGGGCCT-1	20044	12598	554	4.543470969463749
GSM6339599	AGCTAACTCGATTTGA-1	20044	9916	507	3.9077293515163336
GSM6339599	AGCTAACTCGGCCATA-1	20044	8685	333	5.211005211005211
GSM6339599	AGCTAACTCTAAGTCA-1	20044	12194	518	4.703404703404703
GSM6339599	AGCTAACTCTTCAATC-1	20044	11984	544	4.401480872069107
GSM6339599	AGCTACGTCGAGGTGG-1	20044	12295	519	4.733224386403577
GSM6339599	AGCTACTAGACAAACG-1	20044	15145	752	4.023901630284609
GSM6339599	AGCTACTAGAGGAGTC-1	20044	9049	418	4.325339732038297
GSM6339599	AGCTACTAGGACCAGG-1	20044	4939	242	4.077740441376806
GSM6339599	AGCTACTAGTGAGGTA-1	20044	14654	747	3.9195075339653656
GSM6339599	AGCTAGTTCATAATCG-1	20044	14097	729	3.863626085848308
GSM6339599	AGCTAGTTCCTAAGAC-1	20044	2660	129	4.119911096655283
GSM6339599	AGCTAGTTCCTGTTCA-1	20044	2221	85	5.220661691249926
GSM6339599	AGCTAGTTCTAATCAG-1	20044	7190	324	4.4338377671711005
GSM6339599	AGCTATATCACGCCAA-1	20044	10635	478	4.445345449529549
GSM6339599	AGCTATATCATTACAG-1	20044	2642	88	5.998546907637817
GSM6339599	AGCTATATCATTAGCA-1	20044	7314	298	4.903821011203561
GSM6339599	AGCTATATCATTGTCT-1	20044	13391	603	4.4370223474701085
GSM6339599	AGCTATATCCCTCGCA-1	20044	8473	403	4.200762017139188
GSM6339599	AGCTATATCGTTTCTG-1	20044	4433	203	4.363124560168896
GSM6339599	AGCTATATCTGGCTTC-1	20044	731	26	5.61745946361331
GSM6339599	AGCTCATAGCAAGACA-1	20044	12379	516	4.793268746757119
GSM6339599	AGCTCATAGGTCCGTA-1	20044	542	29	3.7341968376451136
GSM6339599	AGCTGCTCAAAGCGCA-1	20044	4453	209	4.256987032106649
GSM6339599	AGCTGCTCAAGTTATC-1	20044	9995	515	3.877675722335916
GSM6339599	AGCTGCTCACTAAATC-1	20044	1404	63	4.452690166975882
GSM6339599	AGCTGCTCATTGCGTA-1	20044	9599	453	4.233735359563173
GSM6339599	AGCTTAATCATTACGA-1	20044	2697	92	5.8571862919689
GSM6339599	AGCTTAATCCCAGTAG-1	20044	7932	301	5.265166726960747
GSM6339599	AGCTTAATCCTAAGGT-1	20044	11227	573	3.914758888580878
GSM6339599	AGCTTAATCGAGCAAA-1	20044	5164	208	4.960424191193422
GSM6339599	AGCTTAATCGGCCATA-1	20044	11879	581	4.085071554951073
GSM6339599	AGCTTAATCTCAATTC-1	20044	19170	835	4.587029736730336
GSM6339599	AGCTTAATCTGCAACG-1	20044	5064	226	4.476938990213327
GSM6339599	AGCTTCCTCAAGCCTG-1	20044	6279	269	4.6637377492396075
GSM6339599	AGCTTCCTCCTAGTAA-1	20044	7878	425	3.703590527119939
GSM6339599	AGCTTCCTCGATTTAG-1	20044	7739	334	4.629502234292653
GSM6339599	AGCTTGGTCATAACGC-1	20044	1821	94	3.8705974876187645
GSM6339599	AGCTTGGTCGGCTAGC-1	20044	5105	238	4.285630336050504
GSM6339599	AGCTTGGTCTGTTCAT-1	20044	4370	216	4.042254042254042
GSM6339599	AGCTTTAAGCGAGCGA-1	20044	4233	190	4.451338135548662
GSM6339599	AGCTTTAAGGATAAAC-1	20044	8960	371	4.825363315929354
GSM6339599	AGCTTTAAGGGCTAAA-1	20044	11255	577	3.8973158557214016
GSM6339599	AGCTTTAAGTCACCAG-1	20044	8583	387	4.431227687041641
GSM6339599	AGCTTTAAGTGAGAGC-1	20044	978	41	4.765965741575498
GSM6339599	AGCTTTAAGTTCCCGT-1	20044	16885	852	3.9596553681060724
GSM6339599	AGGAAACGTATTGAGT-1	20044	7236	298	4.851524314611563
GSM6339599	AGGAAACGTCCGTGAG-1	20044	1711	87	3.929403929403929
GSM6339599	AGGAAACGTTGGTTCT-1	20044	4092	196	4.171338865216416
GSM6339599	AGGAACCAGCAGGTGG-1	20044	12538	560	4.473383759098045
GSM6339599	AGGAACCAGGGACGCA-1	20044	7258	312	4.647916186377724
GSM6339599	AGGAACCAGGTGCGGA-1	20044	2742	125	4.382817182817183
GSM6339599	AGGAACCAGTACCGCA-1	20044	7339	259	5.6615199472342335
GSM6339599	AGGAACGGTATTCGCT-1	20044	10152	477	4.252351422162744
GSM6339599	AGGAACGGTGTGAGAG-1	20044	10490	457	4.586223404604148
GSM6339599	AGGAACGGTGTGTCCC-1	20044	14113	679	4.152842738998851
GSM6339599	AGGAACGGTTGTAACG-1	20044	346	11	6.284624466442648
GSM6339599	AGGAACGGTTTAGCGA-1	20044	5609	262	4.277401987325652
GSM6339599	AGGACGTAGCAATAGG-1	20044	1361	65	4.183508798893414
GSM6339599	AGGACGTAGGACTTAC-1	20044	14002	718	3.896382169362671
GSM6339599	AGGACGTAGGCGTAAA-1	20044	14089	678	4.15189530233778
GSM6339599	AGGACGTAGGCTAAGA-1	20044	9704	419	4.627353553367873
GSM6339599	AGGACGTAGTCACTAA-1	20044	1812	94	3.8514676812549156
GSM6339599	AGGACGTAGTCTTGAA-1	20044	8394	384	4.367507492507492
GSM6339599	AGGACGTAGTTTGAGC-1	20044	2073	122	3.3949656900476577
GSM6339599	AGGACTAAGATAACCC-1	20044	1137	56	4.0566576280861995
GSM6339599	AGGACTAAGGGCCACT-1	20044	4878	207	4.708335143117752
GSM6339599	AGGACTAAGGTCATTA-1	20044	4410	225	3.9160839160839163
GSM6339599	AGGACTAAGTTCCCAC-1	20044	11018	499	4.411620443684572
GSM6339599	AGGACTAAGTTTCCGC-1	20044	15059	650	4.628909551986475
GSM6339599	AGGAGCTAGCCTGTGA-1	20044	16124	833	3.867441082327037
GSM6339599	AGGAGCTAGCCTGTTC-1	20044	3199	157	4.071088147521269
GSM6339599	AGGAGCTAGTCAATTG-1	20044	11470	501	4.57426804732194
GSM6339599	AGGAGCTAGTCACCTC-1	20044	10840	497	4.35781522300637
GSM6339599	AGGAGCTAGTCTTGAA-1	20044	5412	229	4.721915638946207
GSM6339599	AGGAGCTAGTGTTGTA-1	20044	13531	642	4.211053743764024
GSM6339599	AGGATATAGACACCGC-1	20044	6101	303	4.023039666604023
GSM6339599	AGGATATAGTAAGGGC-1	20044	11989	450	5.323121323121323
GSM6339599	AGGATATAGTGACCTG-1	20044	12878	595	4.324415080717602
GSM6339599	AGGATATAGTGCTGTG-1	20044	1162	60	3.8694638694638694
GSM6339599	AGGATATAGTTCCTGC-1	20044	13537	720	3.7565212565212565
GSM6339599	AGGATATAGTTTCCGC-1	20044	895	38	4.70582049529418
GSM6339599	AGGATCCGTCGTTACT-1	20044	6970	278	5.009379110098535
GSM6339599	AGGATCCGTGCCTCAC-1	20044	3685	150	4.908424908424908
GSM6339599	AGGATCCGTGCTTAGA-1	20044	3050	123	4.954395198297638
GSM6339599	AGGATCCGTTCATCTA-1	20044	13934	791	3.5196156561516863
GSM6339599	AGGATCCGTTGGGTTA-1	20044	327	15	4.355644355644356
GSM6339599	AGGATGCAGAAAGCAT-1	20044	15214	763	3.9839583745219396
GSM6339599	AGGATGCAGCAGCTCA-1	20044	12358	560	4.409162266305124
GSM6339599	AGGATGCAGCCGCAGT-1	20044	790	40	3.946053946053946
GSM6339599	AGGATGCAGCGATACT-1	20044	5474	254	4.305930290182259
GSM6339599	AGGATGCAGCTTTGTT-1	20044	1731	78	4.434027510950588
GSM6339599	AGGATGCAGGTCCTGA-1	20044	10148	431	4.7043443795183935
GSM6339599	AGGATGTCAGTTATGT-1	20044	8963	347	5.160833402908331
GSM6339599	AGGATGTCATGAATCT-1	20044	12666	620	4.0817247268860175
GSM6339599	AGGATGTCATGTCAAT-1	20044	10504	498	4.214259635946383
GSM6339599	AGGATGTCATTGCGAC-1	20044	10165	454	4.473500068213725
GSM6339599	AGGATTGAGACTTACA-1	20044	2620	138	3.793308141134229
GSM6339599	AGGATTGAGCACAGGG-1	20044	7912	358	4.415696035807767
GSM6339599	AGGATTGAGCACCACA-1	20044	15730	725	4.334975369458128
GSM6339599	AGGATTGAGCCAGTAT-1	20044	8205	378	4.33693290836148
GSM6339599	AGGATTGAGCGCCTAA-1	20044	19050	871	4.369912521462464
GSM6339599	AGGATTGAGCTATTGA-1	20044	10403	446	4.660362059465198
GSM6339599	AGGATTGAGCTTAACA-1	20044	8743	360	4.852369852369852
GSM6339599	AGGATTGAGGCTAATC-1	20044	7548	313	4.818185009878301
GSM6339599	AGGATTGAGGCTACAT-1	20044	7593	301	5.040142581670821
GSM6339599	AGGCAATCAATAACGA-1	20044	7473	358	4.17068964554998
GSM6339599	AGGCAATCACAAAGAC-1	20044	11540	510	4.52096922685158
GSM6339599	AGGCAATCACCTCACC-1	20044	10784	531	4.057712532288804
GSM6339599	AGGCAATCAGTAATAG-1	20044	5157	217	4.748247144560509
GSM6339599	AGGCAATCAGTAGGAT-1	20044	6572	310	4.235764235764235
GSM6339599	AGGCAATCATGCTCCC-1	20044	445	15	5.927405927405927
GSM6339599	AGGCAGGTCACGCGGT-1	20044	9114	409	4.452271444936482
GSM6339599	AGGCAGGTCATGCTAA-1	20044	13892	618	4.491301578680219
GSM6339599	AGGCAGGTCATTCATC-1	20044	1934	81	4.770538103871437
GSM6339599	AGGCAGGTCGTAATCA-1	20044	7604	374	4.062247912515292
GSM6339599	AGGCAGGTCGTCATTT-1	20044	622	22	5.6488965579874675
GSM6339599	AGGCAGGTCGTTTCTG-1	20044	1002	30	6.673326673326674
GSM6339599	AGGCAGGTCTTTAGGA-1	20044	4281	177	4.832455679913307
GSM6339599	AGGCCCAGTGGACATC-1	20044	608	37	3.283203283203283
GSM6339599	AGGCCCAGTGTGTGGT-1	20044	11593	572	4.049447056440064
GSM6339599	AGGCCCAGTTTGCAGA-1	20044	3416	111	6.148806148806148
GSM6339599	AGGCGGATCATAACGC-1	20044	1621	51	6.3505122328651735
GSM6339599	AGGCGGATCATTAGTG-1	20044	5104	252	4.046746903889761
GSM6339599	AGGCGGATCATTGACA-1	20044	11229	518	4.33119004547576
GSM6339599	AGGCGGATCCTACCTA-1	20044	7593	303	5.006874313805008
GSM6339599	AGGCTAAAGAACCTAC-1	20044	13838	671	4.120469694240186
GSM6339599	AGGCTAAAGCACAGGG-1	20044	10517	527	3.9872840631853914
GSM6339599	AGGCTAAAGGCTATGT-1	20044	11282	516	4.368499717336927
GSM6339599	AGGCTAAAGGGACCTC-1	20044	2387	98	4.866562009419153
GSM6339599	AGGCTAAAGGTGCTGC-1	20044	11416	530	4.303620907394492
GSM6339599	AGGCTAAAGTAACCCG-1	20044	1602	64	5.001248751248751
GSM6339599	AGGCTAAAGTGCACGC-1	20044	4531	197	4.595404595404595
GSM6339599	AGGCTAAAGTTGTCTT-1	20044	1341	76	3.525421946474578
GSM6339599	AGGCTAGCAATGAGGT-1	20044	7249	338	4.285064048377658
GSM6339599	AGGCTAGCATCGCTTT-1	20044	8807	414	4.250339032947729
GSM6339599	AGGGCCTTCAGCAAGA-1	20044	1471	68	4.322148439795499
GSM6339599	AGGGCCTTCCTAAGTA-1	20044	3868	176	4.391063481972573
GSM6339599	AGGGCTACAACCTAAT-1	20044	13279	546	4.859243320781782
GSM6339599	AGGGCTACAAGTGTCC-1	20044	6156	262	4.694542099122252
GSM6339599	AGGGCTACAGGGAGCT-1	20044	7645	331	4.614720626805219
GSM6339599	AGGGCTACATTAAGCT-1	20044	2139	81	5.276205276205276
GSM6339599	AGGGCTACATTATGCG-1	20044	10989	496	4.426621765331443
GSM6339599	AGGGCTACATTGACAT-1	20044	13747	628	4.373651825881125
GSM6339599	AGGGCTACATTTGCTC-1	20044	11159	506	4.406265671087806
GSM6339599	AGGGTTGCAAGCTTTG-1	20044	3097	122	5.071977203124744
GSM6339599	AGGGTTGCAATTAGGA-1	20044	4403	194	4.534640617114844
GSM6339599	AGGGTTGCACCACAAC-1	20044	6849	283	4.835447238274093
GSM6339599	AGGGTTGCACGTAATT-1	20044	9061	408	4.437229437229437
GSM6339599	AGGGTTGCAGCAATAA-1	20044	14403	645	4.461584926701206
GSM6339599	AGGGTTGCATAGCGGA-1	20044	5394	245	4.398866439682766
GSM6339599	AGGGTTGCATTGTGAT-1	20044	2260	105	4.300461443318586
GSM6339599	AGGTAACCACTAAGTT-1	20044	2145	112	3.8265306122448974
GSM6339599	AGGTAACCAGGCAAGC-1	20044	9659	382	5.052016046780445
GSM6339599	AGGTAACCAGTTTGTG-1	20044	4767	209	4.557165322715562
GSM6339599	AGGTACGCAAGACTCC-1	20044	12041	557	4.319199651336096
GSM6339599	AGGTACGCACCTCACC-1	20044	12903	590	4.369528776308437
GSM6339599	AGGTATTGTCCGCTGT-1	20044	11504	498	4.615464856428711
GSM6339599	AGGTATTGTCCTAACT-1	20044	9285	395	4.696569253531279
GSM6339599	AGGTATTGTCGCGCAA-1	20044	6148	268	4.58347622526727
GSM6339599	AGGTATTGTCTCAGCC-1	20044	10348	488	4.236746859697679
GSM6339599	AGGTATTGTGTAACCA-1	20044	12975	569	4.556076612315628
GSM6339599	AGGTCAAAGAAAGCAT-1	20044	13053	572	4.559426587398615
GSM6339599	AGGTCAAAGCTACTGG-1	20044	3324	145	4.580247338868029
GSM6339599	AGGTCAAAGGCTAAGA-1	20044	1118	40	5.584415584415583
GSM6339599	AGGTCAAAGGGACCTC-1	20044	1972	83	4.747060168746915
GSM6339599	AGGTCATTCAATTGGC-1	20044	1983	76	5.213207844786792
GSM6339599	AGGTCATTCAGGAAGC-1	20044	6877	313	4.3898593419360195
GSM6339599	AGGTCATTCCGCAACA-1	20044	8044	353	4.5529541280249495
GSM6339599	AGGTCATTCTGTTGCC-1	20044	10782	562	3.8331774986579252
GSM6339599	AGGTCCGGTAAATTGC-1	20044	8634	371	4.649797641711388
GSM6339599	AGGTCCGGTAACGTGC-1	20044	8370	358	4.671306347284
GSM6339599	AGGTCCGGTAGGATTT-1	20044	8655	370	4.673704673704673
GSM6339599	AGGTCCGGTCCCGGAA-1	20044	10305	456	4.515221620484779
GSM6339599	AGGTCCGGTGGAAACG-1	20044	5740	261	4.394073359590601
GSM6339599	AGGTCCGGTTGTTGGA-1	20044	11897	483	4.9213726232359765
GSM6339599	AGGTCTTAGCACTAAC-1	20044	4348	205	4.237713506006189
GSM6339599	AGGTCTTAGCGAGCGA-1	20044	11687	508	4.59658451784436
GSM6339599	AGGTCTTAGCGAGGTG-1	20044	9717	408	4.758476817300346
GSM6339599	AGGTCTTAGGCCCAGT-1	20044	11473	486	4.716682494460272
GSM6339599	AGGTCTTAGGGCCACT-1	20044	5782	271	4.262895775810905
GSM6339599	AGGTGAATCATCCTAT-1	20044	9182	345	5.317580969754882
GSM6339599	AGGTGAATCATTATGG-1	20044	12241	543	4.504151465477433
GSM6339599	AGGTGAATCCAGGTTG-1	20044	7542	379	3.9759712582931583
GSM6339599	AGGTGAATCCGCAACA-1	20044	13727	604	4.5408234149956
GSM6339599	AGGTGAATCGCTAGCA-1	20044	4237	172	4.921822363682829
GSM6339599	AGGTGAATCTATTGTC-1	20044	14849	757	3.919198370981726
GSM6339599	AGGTGAGGTCAAACTG-1	20044	4597	198	4.638795547886456
GSM6339599	AGGTGAGGTTAGGATT-1	20044	3541	196	3.609655650471977
GSM6339599	AGGTGAGGTTCCGCAC-1	20044	11721	504	4.646543932258218
GSM6339599	AGGTGAGGTTGGTTAG-1	20044	3082	122	5.047411604788654
GSM6339599	AGGTGAGGTTTCAGGA-1	20044	9154	410	4.460904948709827
GSM6339599	AGGTTAACAAACTGTT-1	20044	779	22	7.074743438379802
GSM6339599	AGGTTAACAAGGGTTG-1	20044	15953	757	4.210584659726007
GSM6339599	AGGTTAACACATTGCA-1	20044	10971	461	4.7548980303861
GSM6339599	AGGTTAACACTAGGTC-1	20044	9625	383	5.02108857200241
GSM6339599	AGGTTAACACTGACTA-1	20044	4782	199	4.801228921831936
GSM6339599	AGGTTAACATGTGGGA-1	20044	757	32	4.726523476523477
GSM6339599	AGGTTACTCATAATCG-1	20044	9134	380	4.802565855197434
GSM6339599	AGGTTAGAGGCTAAGA-1	20044	1296	55	4.708019253473799
GSM6339599	AGGTTAGAGTAATCCA-1	20044	1807	79	4.570113430872924
GSM6339599	AGGTTAGAGTTCCCAC-1	20044	10207	491	4.153483990551201
GSM6339599	AGGTTGCGTACTTAGG-1	20044	10051	475	4.227772227772228
GSM6339599	AGGTTGCGTCACCAAA-1	20044	3663	175	4.182103610675039
GSM6339599	AGGTTGCGTTAAGCTG-1	20044	600	26	4.610773841543073
GSM6339599	AGGTTTATCCGCCTCA-1	20044	1098	52	4.2188580650119105
GSM6339599	AGGTTTATCCTAAGGT-1	20044	531	22	4.822450276995732
GSM6339599	AGGTTTATCGGCCATA-1	20044	596	21	5.6705199562342425
GSM6339599	AGGTTTGGTCCCGGAA-1	20044	10379	422	4.914043302668895
GSM6339599	AGGTTTGGTCCGCTGT-1	20044	12288	630	3.8970553256267544
GSM6339599	AGGTTTGGTGATTTGG-1	20044	12345	550	4.484606302788121
GSM6339599	AGTAAACAGATGGAGC-1	20044	3329	173	3.8447102030917057
GSM6339599	AGTAAACAGCATGACT-1	20044	11696	499	4.683092458643561
GSM6339599	AGTAAACAGCATTTCT-1	20044	10710	501	4.271177923872535
GSM6339599	AGTAAACAGGGCCATC-1	20044	19949	891	4.473416594628715
GSM6339599	AGTAAACAGTCCTTTG-1	20044	807	21	7.678036249464821
GSM6339599	AGTAAACAGTTTGTCT-1	20044	4547	188	4.83240164091228
GSM6339599	AGTAACACAAGCGAGC-1	20044	10154	444	4.5693045693045695
GSM6339599	AGTAACACACAGGATG-1	20044	12826	641	3.997874200682313
GSM6339599	AGTAACACACTAAGCC-1	20044	10359	508	4.074272184508405
GSM6339599	AGTAACACAGCAAGTG-1	20044	9779	478	4.087544254908272
GSM6339599	AGTAACACATTTGCTC-1	20044	2344	89	5.262153576760319
GSM6339599	AGTAACCTCAAGTGAG-1	20044	14784	682	4.331152718249492
GSM6339599	AGTAACCTCCAAGTGT-1	20044	13590	609	4.458595591600518
GSM6339599	AGTAACCTCCGCTAGA-1	20044	12678	559	4.531425640549076
GSM6339599	AGTAACCTCCTGATGG-1	20044	8404	393	4.272572211503509
GSM6339599	AGTAACCTCCTGGCTT-1	20044	17903	964	3.7106047479491457
GSM6339599	AGTAACCTCGCAAACT-1	20044	15051	754	3.9883193729347575
GSM6339599	AGTAACGAGCCGCAAC-1	20044	6189	241	5.130968616445794
GSM6339599	AGTAACGAGCGAGGTG-1	20044	1489	71	4.190176021161936
GSM6339599	AGTAACGAGCTTAGTA-1	20044	2529	125	4.042357642357642
GSM6339599	AGTAACGAGGCGCATC-1	20044	13163	608	4.325608601924391
GSM6339599	AGTAACGAGTCCTTTG-1	20044	521	20	5.204795204795205
GSM6339599	AGTAAGTAGATAACCC-1	20044	2460	102	4.818710701063642
GSM6339599	AGTAAGTAGGGATGAC-1	20044	1026	34	6.029264852794264
GSM6339599	AGTAATCGTCCGCTGT-1	20044	9423	521	3.6136608113575486
GSM6339599	AGTAATCGTCGCAAAC-1	20044	504	32	3.146853146853147
GSM6339599	AGTAATCGTGAGCGAA-1	20044	15433	666	4.62990462990463
GSM6339599	AGTAATGCAAACGCGA-1	20044	9713	423	4.58784714103863
GSM6339599	AGTAATGCAAACTGTT-1	20044	2226	84	5.294705294705295
GSM6339599	AGTAATGCACCACAAC-1	20044	11758	530	4.43254858349198
GSM6339599	AGTAATGCACCTGTAA-1	20044	12354	636	3.8810246357416167
GSM6339599	AGTAATGCACTTGTTC-1	20044	8017	312	5.133968595507056
GSM6339599	AGTACGCGTCTAACCT-1	20044	11521	531	4.335024674007725
GSM6339599	AGTACGCGTTCAAGAT-1	20044	1429	56	5.098472955615812
GSM6339599	AGTACGCGTTTGAGGC-1	20044	4843	260	3.721662952432183
GSM6339599	AGTAGCTTCCTCCTAA-1	20044	8745	397	4.401140421291554
GSM6339599	AGTAGCTTCTAACCAA-1	20044	2010	105	3.8247466818895393
GSM6339599	AGTAGCTTCTAATCAG-1	20044	1548	46	6.723711071537158
GSM6339599	AGTAGCTTCTTGACCC-1	20044	5335	253	4.213178126221605
GSM6339599	AGTAGGATCACTTTAC-1	20044	7128	311	4.5793434860958975
GSM6339599	AGTAGGATCCCGCAAA-1	20044	7990	339	4.709155151633028
GSM6339599	AGTAGGATCTGCAAAC-1	20044	10372	423	4.899119792736813
GSM6339599	AGTATAGCAGAACCGA-1	20044	11202	592	3.7806787806787807
GSM6339599	AGTCAAGAGCTGTAAC-1	20044	10596	457	4.632566558168309
GSM6339599	AGTCAAGAGGAAGTAT-1	20044	11951	515	4.636528520023665
GSM6339599	AGTCAAGAGTTTCCGC-1	20044	4240	193	4.3893929904292595
GSM6339599	AGTCAATGTGGATTGC-1	20044	2741	97	5.645900491261316
GSM6339599	AGTCAATGTGTCCAGG-1	20044	11944	618	3.8615106576271625
GSM6339599	AGTCAATGTTTGTGGA-1	20044	10689	437	4.887103742938983
GSM6339599	AGTCAGGCAGCTCAAC-1	20044	6926	303	4.567050111604567
GSM6339599	AGTCAGGCAGGCTTGT-1	20044	8019	369	4.341999463950684
GSM6339599	AGTCCTGAGCATTTCT-1	20044	3367	162	4.1526374859708195
GSM6339599	AGTCCTGAGCCGCTAA-1	20044	1653	74	4.463104463104463
GSM6339599	AGTCCTGAGCTTTGTT-1	20044	11140	613	3.6309530599905804
GSM6339599	AGTCCTGAGGAAGTAT-1	20044	656	34	3.8549685608509137
GSM6339599	AGTCCTGAGGGTGAAC-1	20044	8451	375	4.502697302697302
GSM6339599	AGTCCTGAGTGATTCA-1	20044	9435	470	4.010882734286989
GSM6339599	AGTCCTTGTATTGCAG-1	20044	13725	664	4.129906238339974
GSM6339599	AGTCCTTGTTCATTTG-1	20044	16755	819	4.0874876039711205
GSM6339599	AGTCCTTGTTGAAGCC-1	20044	12407	560	4.426644783787641
GSM6339599	AGTCGCATCGCTATGG-1	20044	7394	319	4.631105571544443
GSM6339599	AGTCGCATCGGCTAGC-1	20044	10214	405	5.038911705578372
GSM6339599	AGTCGCATCGTTACTT-1	20044	1061	41	5.17043931678078
GSM6339599	AGTCTTGCAAAGCGCA-1	20044	3328	120	5.541125541125542
GSM6339599	AGTCTTGCAAGGATTA-1	20044	10865	504	4.307200735772164
GSM6339599	AGTCTTGCACAATTAC-1	20044	11057	527	4.192012920665673
GSM6339599	AGTCTTGCAGAGGCTA-1	20044	12919	596	4.330903995333525
GSM6339599	AGTCTTGCAGGCTAGA-1	20044	10189	472	4.313059821534398
GSM6339599	AGTCTTGCATCAATCG-1	20044	5770	243	4.7442269664491885
GSM6339599	AGTCTTGCATCGCTTT-1	20044	12291	530	4.63347972781935
GSM6339599	AGTCTTGCATGACTAT-1	20044	13893	713	3.893161536920303
GSM6339599	AGTCTTGCATTGTCCT-1	20044	9858	446	4.416211591099484
GSM6339599	AGTGAACCAACTAGAA-1	20044	16092	862	3.7299127786366766
GSM6339599	AGTGAACCAATTAGCT-1	20044	6398	315	4.058164058164058
GSM6339599	AGTGAACCACTAAGAA-1	20044	10852	477	4.545559262540395
GSM6339599	AGTGAACCATGTCAAT-1	20044	9098	403	4.510625850576223
GSM6339599	AGTGAGTCAACTAACT-1	20044	10684	517	4.128946488714381
GSM6339599	AGTGAGTCAATCCTAG-1	20044	5352	230	4.649263779698563
GSM6339599	AGTGAGTCACCTAATG-1	20044	18070	791	4.564335790631619
GSM6339599	AGTGAGTCAGTAGCCT-1	20044	11010	524	4.198091984351526
GSM6339599	AGTGAGTCATCCTGAA-1	20044	3971	151	5.254348300705916
GSM6339599	AGTGAGTCATGTTGCA-1	20044	10841	478	4.531451811786539
GSM6339599	AGTGATGAGCTGGAAA-1	20044	11805	513	4.597741439846703
GSM6339599	AGTGATGAGGATGATG-1	20044	16543	678	4.87506593701284
GSM6339599	AGTGATGAGGCATTGT-1	20044	12383	526	4.703661357653753
GSM6339599	AGTGATGAGGGATTAG-1	20044	650	23	5.64652738565782
GSM6339599	AGTGATGAGGTGAGAC-1	20044	445	21	4.23386137671852
GSM6339599	AGTGATGAGGTGCGGA-1	20044	8609	366	4.699671912786666
GSM6339599	AGTGATGAGTCTATGA-1	20044	1226	69	3.550073115290507
GSM6339599	AGTGATGAGTCTCACC-1	20044	10315	449	4.590064723695013
GSM6339599	AGTGATGAGTGAACAG-1	20044	10838	488	4.437365912775749
GSM6339599	AGTGATGAGTTGCCTC-1	20044	3546	198	3.578239941876306
GSM6339599	AGTGCACGTCAAACTG-1	20044	4156	172	4.827730409125758
GSM6339599	AGTGCACGTCAGTAAT-1	20044	10676	490	4.353197822585577
GSM6339599	AGTGCACGTCCTAATC-1	20044	11299	522	4.324793979966394
GSM6339599	AGTGCACGTGTGAGAG-1	20044	9179	389	4.714565640015512
GSM6339599	AGTGCACGTTAAATGC-1	20044	8980	371	4.836134216188125
GSM6339599	AGTGCACGTTACTAGG-1	20044	6381	262	4.866126240172041
GSM6339599	AGTGCACGTTGTTGGA-1	20044	14178	685	4.135426617178442
GSM6339599	AGTGCACGTTTAGTCC-1	20044	13127	572	4.585274864995145
GSM6339599	AGTGCCGGTAGGTGTC-1	20044	3592	149	4.816659850216897
GSM6339599	AGTGCCGGTCATCAAG-1	20044	7102	265	5.354645354645355
GSM6339599	AGTGCCGGTTACCTGT-1	20044	1019	45	4.5243645243645245
GSM6339599	AGTGCCGGTTAGTTGG-1	20044	8322	408	4.075336428277605
GSM6339599	AGTGCCGGTTTCGCGC-1	20044	6695	265	5.047782406272972
GSM6339599	AGTGCGGAGGCATTAC-1	20044	15205	631	4.814519869987382
GSM6339599	AGTGCGGAGTTATTCC-1	20044	12208	551	4.426789181780107
GSM6339599	AGTGGACAGAAGCTAG-1	20044	8074	386	4.179240448670501
GSM6339599	AGTGGACAGTCACCTC-1	20044	1381	36	7.664557664557665
GSM6339599	AGTGGACAGTCCTTTG-1	20044	1450	66	4.389549844095298
GSM6339599	AGTGGACAGTTTCCGC-1	20044	13309	613	4.337913310180847
GSM6339599	AGTGTGGCAATTAACC-1	20044	8713	401	4.34129461560883
GSM6339599	AGTGTGGCAATTGAAG-1	20044	10526	477	4.409008182593089
GSM6339599	AGTGTGGCACAACAGG-1	20044	11520	523	4.400952775713769
GSM6339599	AGTGTGGCACTTAACG-1	20044	10553	459	4.593663417192829
GSM6339599	AGTGTGGCAGGCATCT-1	20044	9385	429	4.370920454836539
GSM6339599	AGTGTTTCAATCCTAG-1	20044	4362	197	4.424002393545541
GSM6339599	AGTGTTTCAGTTATCG-1	20044	11915	528	4.5087488269306455
GSM6339599	AGTGTTTCATTATGGT-1	20044	4244	198	4.282586100767919
GSM6339599	AGTTACATCACGCATG-1	20044	4497	193	4.6554481787642406
GSM6339599	AGTTACATCCAGGTCA-1	20044	8929	482	3.701277975136896
GSM6339599	AGTTACATCCGTAAAC-1	20044	917	45	4.071484071484071
GSM6339599	AGTTACATCTTGCAAA-1	20044	8196	327	5.007836200496751
GSM6339599	AGTTACTCAAATTGCT-1	20044	1204	47	5.118285969349799
GSM6339599	AGTTACTCAATATGGA-1	20044	921	31	5.935999484386581
GSM6339599	AGTTACTCACCTCGCT-1	20044	438	23	3.8048907614125005
GSM6339599	AGTTACTCACGTGCTG-1	20044	557	17	6.5463947816889
GSM6339599	AGTTACTCAGCCTGCA-1	20044	10616	482	4.400578674437596
GSM6339599	AGTTACTCAGTAAGTA-1	20044	9790	390	5.015497323189631
GSM6339599	AGTTACTCATAAACCT-1	20044	1314	55	4.7734084097720455
GSM6339599	AGTTACTCATCAGCAC-1	20044	7868	305	5.1541900722228595
GSM6339599	AGTTATGTCATTAGTG-1	20044	14208	755	3.7599486606109127
GSM6339599	AGTTATGTCATTGTTC-1	20044	11913	575	4.139512661251792
GSM6339599	AGTTATGTCGCCTAAG-1	20044	13636	712	3.8265105680836013
GSM6339599	AGTTATGTCGTTATCT-1	20044	20517	972	4.217387550720884
GSM6339599	AGTTATGTCTAATTGG-1	20044	13323	664	4.008942864364552
GSM6339599	AGTTGCAGTCCTAACT-1	20044	4988	221	4.509517631689577
GSM6339599	AGTTGCAGTTCACCAT-1	20044	18440	800	4.605394605394605
GSM6339599	AGTTGCAGTTGTAAAC-1	20044	6044	262	4.609131326688579
GSM6339599	AGTTGCGTCAGCACCA-1	20044	889	41	4.332253112740918
GSM6339599	AGTTGCGTCAGGTCCA-1	20044	8708	416	4.182356105433029
GSM6339599	AGTTGCGTCATGGCCA-1	20044	5939	277	4.2838028397595185
GSM6339599	AGTTGCGTCCACCTTA-1	20044	3442	149	4.615518709478441
GSM6339599	AGTTGCGTCGCAATCG-1	20044	9175	383	4.786336379025674
GSM6339599	AGTTGGCGTCATCCTG-1	20044	20393	918	4.438480909069145
GSM6339599	AGTTGGCGTGATCAGC-1	20044	12077	533	4.527180136936234
GSM6339599	AGTTGGCGTTAGCGTA-1	20044	12196	536	4.546200068588128
GSM6339599	AGTTGTCAGAACCTGT-1	20044	7217	310	4.651477554703361
GSM6339599	AGTTGTCAGCACAGCC-1	20044	10816	508	4.254013702832601
GSM6339599	AGTTGTCAGGCGGATG-1	20044	12878	601	4.281242883572334
GSM6339599	AGTTGTCAGGTGCGGA-1	20044	3634	172	4.221360035313523
GSM6339599	AGTTGTCAGTTAGTGC-1	20044	2729	103	5.29373539082277
GSM6339599	AGTTTGATCAATAGCC-1	20044	7006	297	4.713131985859258
GSM6339599	AGTTTGATCACTTTAC-1	20044	13566	614	4.41447803011321
GSM6339599	AGTTTGATCCTCACTA-1	20044	11791	559	4.214390260901889
GSM6339599	AGTTTGATCGCACACA-1	20044	4293	200	4.288711288711289
GSM6339599	AGTTTGCAGCCAGTAT-1	20044	3388	164	4.127579737335835
GSM6339599	AGTTTGCAGGAGCACG-1	20044	8886	440	4.0350558532376715
GSM6339599	AGTTTGCAGTTCCCAC-1	20044	9619	440	4.367904822450276
GSM6339599	ATAACGACAACAGCCT-1	20044	8979	424	4.231146212278287
GSM6339599	ATAACGACAATTAACC-1	20044	3176	186	3.4116421213195407
GSM6339599	ATAACGACACAGGATG-1	20044	7171	320	4.477397602397602
GSM6339599	ATAACGACACTAGCGT-1	20044	1491	60	4.965034965034966
GSM6339599	ATAACGACATAGCAGG-1	20044	18519	781	4.737643918181691
GSM6339599	ATAAGCCTCATGCAAC-1	20044	10558	450	4.687756687756687
GSM6339599	ATAAGCCTCATTTGCT-1	20044	1687	90	3.7451437451437455
GSM6339599	ATAAGCCTCCTTGAGG-1	20044	2964	111	5.335205335205335
GSM6339599	ATAAGCCTCGAGCTAT-1	20044	3538	152	4.650612545349388
GSM6339599	ATAAGTCGTAATGGCC-1	20044	14329	604	4.739962024730237
GSM6339599	ATAAGTCGTAGCTGCG-1	20044	6142	251	4.889134769612857
GSM6339599	ATAAGTCGTAGGTGTC-1	20044	19349	838	4.6132864748616536
GSM6339599	ATAAGTCGTAGTTAAC-1	20044	8997	403	4.460551855092798
GSM6339599	ATAAGTCGTTTGTCTA-1	20044	17154	883	3.8815092042725112
GSM6339599	ATAATGGCAAACCCTA-1	20044	1459	69	4.224760746499878
GSM6339599	ATAATGGCAATGCCCG-1	20044	5547	260	4.26266041650657
GSM6339599	ATAATGGCACCGGTAT-1	20044	311	18	3.4521034521034526
GSM6339599	ATAATGGCAGGGAGCT-1	20044	2621	109	4.80436994198462
GSM6339599	ATAATGGCATAGACTT-1	20044	5221	200	5.215784215784216
GSM6339599	ATAATGGCATAGTCAT-1	20044	8282	392	4.2212889151664665
GSM6339599	ATAATGGCATCAGTAT-1	20044	7507	305	4.917705245574099
GSM6339599	ATACCGGTCACCTGTC-1	20044	1743	88	3.9574062301335027
GSM6339599	ATACCGGTCATGCTAA-1	20044	2603	96	5.417499167499168
GSM6339599	ATACCTGCACTAAGAA-1	20044	5561	182	6.1048841268621485
GSM6339599	ATACCTGCACTGGCCA-1	20044	8403	364	4.61242054648648
GSM6339599	ATACCTGCAGGTCCTG-1	20044	3559	183	3.885731754584213
GSM6339599	ATACCTGCATAACGGG-1	20044	12861	531	4.839228568042128
GSM6339599	ATAGATGCAACATAAG-1	20044	11423	574	3.976163209612687
GSM6339599	ATAGATGCACAACAGG-1	20044	2506	113	4.43096726282567
GSM6339599	ATAGATGCACCTCGCT-1	20044	20926	1010	4.13962275348414
GSM6339599	ATAGATGCAGAATGAC-1	20044	10596	473	4.4758624039807975
GSM6339599	ATAGATGCAGACAAAC-1	20044	2492	115	4.3295834600182435
GSM6339599	ATAGATGCAGCAAGTG-1	20044	13016	600	4.334332334332334
GSM6339599	ATAGATGCAGCCAGTT-1	20044	7137	328	4.347481786506177
GSM6339599	ATAGATGCATTATGCG-1	20044	3710	167	4.4386750973577325
GSM6339599	ATAGCATGTAACAGGG-1	20044	6915	362	3.8166253635866894
GSM6339599	ATAGCATGTACGTTTC-1	20044	12219	533	4.580410208928033
GSM6339599	ATAGCATGTTGCGTAA-1	20044	756	36	4.195804195804196
GSM6339599	ATAGGTACACGAATTT-1	20044	13142	605	4.340122687230125
GSM6339599	ATAGGTACATCCATCT-1	20044	15672	761	4.1146763880009605
GSM6339599	ATATAGGCACTAAGTT-1	20044	2215	79	5.6019929437650955
GSM6339599	ATATAGGCAGCTAATT-1	20044	1075	47	4.569898186919463
GSM6339599	ATATAGGCAGTCTAGC-1	20044	6062	287	4.22017007382861
GSM6339599	ATATGCATCAAGCTAC-1	20044	400	14	5.708577137148565
GSM6339599	ATATGCATCAGCTAAC-1	20044	13935	630	4.419390133675848
GSM6339599	ATATGCATCGCGACAC-1	20044	6629	252	5.255855255855256
GSM6339599	ATATGCATCGGCCAGT-1	20044	9983	435	4.5852997577135515
GSM6339599	ATATGCATCTACCTAT-1	20044	1138	48	4.736929736929737
GSM6339599	ATATGCTCAAGCTACC-1	20044	9837	423	4.646417412374858
GSM6339599	ATATGCTCACTATGGC-1	20044	9358	445	4.201641055573639
GSM6339599	ATATGCTCACTGACTA-1	20044	7717	307	5.022339224293622
GSM6339599	ATATGCTCAGGCTGTT-1	20044	8864	451	3.9268935056074747
GSM6339599	ATATGCTCAGGGAGCT-1	20044	9563	397	4.812819422391211
GSM6339599	ATATGCTCAGTTTGTG-1	20044	668	29	4.602294257466672
GSM6339599	ATATGCTCATTGCAGC-1	20044	8466	378	4.474890189175904
GSM6339599	ATATGCTCATTGTGGC-1	20044	7978	314	5.076452210210172
GSM6339599	ATATGGTGTAGGTTGC-1	20044	12129	606	3.998971325703999
GSM6339599	ATATGGTGTTACAAAC-1	20044	8566	380	4.503917135496083
GSM6339599	ATATGGTGTTCCTCCT-1	20044	1610	82	3.9229063619307523
GSM6339599	ATATGGTGTTGTGATG-1	20044	11898	657	3.6182995087104675
GSM6339599	ATATGGTGTTTATCGC-1	20044	22281	984	4.524134402183183
GSM6339599	ATATGGTGTTTCCTCC-1	20044	1081	67	3.2236420296121784
GSM6339599	ATATGTCCAAGGACCA-1	20044	7956	363	4.379091982397768
GSM6339599	ATATGTCCACAACCTA-1	20044	539	15	7.17948717948718
GSM6339599	ATATGTCCACCTAAGC-1	20044	6376	278	4.58246789182041
GSM6339599	ATATGTCCACCTGCTC-1	20044	6344	249	5.090491837479789
GSM6339599	ATATGTCCACTGACTA-1	20044	8123	378	4.293590007875723
GSM6339599	ATATGTCCAGTACCGT-1	20044	4243	154	5.504884725663946
GSM6339599	ATATGTCCATCCCTCA-1	20044	6190	312	3.9639847332155025
GSM6339599	ATCAAGACACGTTACA-1	20044	795	33	4.813368449732086
GSM6339599	ATCAAGACACTTAGGC-1	20044	574	14	8.19180819180819
GSM6339599	ATCAAGACAGGCCTTG-1	20044	3765	159	4.7311179386651085
GSM6339599	ATCAAGCTCAAACCGT-1	20044	10036	420	4.774273345701917
GSM6339599	ATCAAGCTCCTAGTAA-1	20044	1102	30	7.3393273393273395
GSM6339599	ATCACAATCCGGTTGA-1	20044	11787	511	4.6086985421623385
GSM6339599	ATCACAATCCTAGTAA-1	20044	4272	161	5.301530767369277
GSM6339599	ATCACACAGCTGGAAA-1	20044	8135	367	4.428813693118871
GSM6339599	ATCACACAGGGCCACT-1	20044	4863	206	4.71664258072025
GSM6339599	ATCACACAGTAACCCG-1	20044	1194	63	3.7866895009752155
GSM6339599	ATCACACAGTCCTTCA-1	20044	10445	448	4.658288140430997
GSM6339599	ATCACACAGTTTCCGC-1	20044	15548	633	4.907572680084528
GSM6339599	ATCACCCTCACCTGTC-1	20044	3171	114	5.5576002944424
GSM6339599	ATCACCCTCAGGATGA-1	20044	8062	350	4.602254887969174
GSM6339599	ATCACCCTCAGGGCCT-1	20044	4482	188	4.76332178459838
GSM6339599	ATCACCCTCCGTTATT-1	20044	534	16	6.6683316683316685
GSM6339599	ATCACCCTCGAAGTAG-1	20044	14348	691	4.148673323781861
GSM6339599	ATCACTAAGCCTAACG-1	20044	6093	253	4.811789001512322
GSM6339599	ATCACTAAGCGCCTTT-1	20044	4643	192	4.8316267066267065
GSM6339599	ATCACTAAGCGGGCAA-1	20044	9437	466	4.046168423850827
GSM6339599	ATCACTAAGGAACGGT-1	20044	3075	159	3.864060467834052
GSM6339599	ATCACTAAGGCGCACT-1	20044	776	34	4.560145736616324
GSM6339599	ATCACTAAGGGTGAGT-1	20044	1031	55	3.7453455635273816
GSM6339599	ATCAGGTTCACTTCAT-1	20044	12835	567	4.52281404662357
GSM6339599	ATCAGGTTCAGCAAAG-1	20044	9059	411	4.40386863744528
GSM6339599	ATCAGGTTCTTGTCCA-1	20044	10144	409	4.955435762281728
GSM6339599	ATCAGGTTCTTGTCTG-1	20044	8343	394	4.230794586124535
GSM6339599	ATCATCAAGCGAGCGA-1	20044	12179	584	4.166723687271633
GSM6339599	ATCATCAAGCGATAGA-1	20044	2195	107	4.098705033284472
GSM6339599	ATCATCAAGGAAGCAC-1	20044	11487	505	4.544762168524545
GSM6339599	ATCATCAAGTAGCTTA-1	20044	11460	592	3.867753867753868
GSM6339599	ATCATGTCAAATACCT-1	20044	9823	405	4.846018179351513
GSM6339599	ATCATGTCAATAAGCA-1	20044	5192	192	5.402930402930403
GSM6339599	ATCATGTCAATGCCTA-1	20044	16518	843	3.9149462637007124
GSM6339599	ATCATGTCACATAACT-1	20044	8046	364	4.416462658220899
GSM6339599	ATCATGTCATAACGGG-1	20044	20556	888	4.625104625104624
GSM6339599	ATCATGTCATGTTGGC-1	20044	401	13	6.16306770152924
GSM6339599	ATCCAACAGAAGCTAG-1	20044	11641	568	4.094848813158673
GSM6339599	ATCCAACAGCCACAAT-1	20044	11512	600	3.833499833499834
GSM6339599	ATCCAACAGCTATGAC-1	20044	14645	826	3.5424623802347774
GSM6339599	ATCCAACAGGAAGCAC-1	20044	22322	990	4.504989959535414
GSM6339599	ATCCAACAGGCAACAA-1	20044	486	30	3.236763236763237
GSM6339599	ATCCAACAGGGCTTAT-1	20044	2369	106	4.465345974779937
GSM6339599	ATCCACCTCAGGATGA-1	20044	6829	294	4.640937293998518
GSM6339599	ATCCACCTCCTCAGCT-1	20044	12585	571	4.403652389641882
GSM6339599	ATCCACCTCGCAGGCT-1	20044	11296	520	4.340275109505878
GSM6339599	ATCCATAAGATGGACA-1	20044	10874	523	4.154163236381209
GSM6339599	ATCCATAAGCAATAGG-1	20044	8576	404	4.241303251204241
GSM6339599	ATCCATAAGGCATTGT-1	20044	14533	770	3.7710341606445503
GSM6339599	ATCCATAAGTAGGCGG-1	20044	14583	731	3.9858909899949575
GSM6339599	ATCCCGCGTTAGCCAA-1	20044	8874	371	4.779048444816638
GSM6339599	ATCCCGCGTTCCGGCT-1	20044	10002	418	4.780865067946408
GSM6339599	ATCCCGCGTTGCTTCG-1	20044	17407	769	4.522655497948086
GSM6339599	ATCCGTGAGGAGCATA-1	20044	3270	161	4.058053747494741
GSM6339599	ATCCGTGAGGCTGTCA-1	20044	11983	491	4.8761828802562
GSM6339599	ATCCGTGAGGTGAAGC-1	20044	12297	628	3.9123297085080524
GSM6339599	ATCCGTGAGTGAGCAA-1	20044	10109	425	4.752424046541694
GSM6339599	ATCCGTGAGTTTGTCT-1	20044	2281	82	5.557856777368974
GSM6339599	ATCCTCATCAGCAAAG-1	20044	22567	946	4.76626967113225
GSM6339599	ATCCTCATCCTGTTCA-1	20044	7137	313	4.555827559022448
GSM6339599	ATCCTCATCGGGATTT-1	20044	6793	252	5.385883957312529
GSM6339599	ATCCTCATCTCAATGA-1	20044	1344	43	6.24491787282485
GSM6339599	ATCCTGACAAACCTTG-1	20044	9875	455	4.336323017641699
GSM6339599	ATCCTGACAACACCTA-1	20044	765	37	4.131004131004131
GSM6339599	ATCCTGACAAGGAATC-1	20044	11812	538	4.38669137553896
GSM6339599	ATCCTGACAAGTTATC-1	20044	3901	204	3.8206891148067617
GSM6339599	ATCCTGACACATAGCC-1	20044	9485	493	3.8440261563993814
GSM6339599	ATCCTGACAGCCTTGG-1	20044	3795	137	5.534611374027432
GSM6339599	ATCCTGACAGCTTACA-1	20044	4489	243	3.690959246514802
GSM6339599	ATCCTGACATCGTTCT-1	20044	6866	343	3.9994990432308213
GSM6339599	ATCCTTAGTCAACAAT-1	20044	10089	425	4.743021684198155
GSM6339599	ATCCTTAGTGAAACAA-1	20044	1476	67	4.401568580673058
GSM6339599	ATCCTTAGTGCCTCAC-1	20044	2234	98	4.5546290444249635
GSM6339599	ATCCTTAGTTCGCTTG-1	20044	549	31	3.538397086784183
GSM6339599	ATCCTTAGTTTAACCC-1	20044	1506	55	5.470892743620015
GSM6339599	ATCGAGGCACCTACTT-1	20044	2617	121	4.321298536174569
GSM6339599	ATCGAGGCACCTGCCT-1	20044	1952	84	4.6429760715475
GSM6339599	ATCGAGGCAGTTATGT-1	20044	6210	279	4.447165737488318
GSM6339599	ATCGAGGCATGCTATG-1	20044	7504	309	4.85210582297961
GSM6339599	ATCGCCCGTGCTAGCG-1	20044	15046	684	4.395020184493869
GSM6339599	ATCGCCCGTGTTAGCA-1	20044	2108	90	4.67976467976468
GSM6339599	ATCGCCCGTTTCCGGC-1	20044	11367	555	4.0921240921240924
GSM6339599	ATCGCTTGTCCCGAAG-1	20044	384	18	4.262404262404263
GSM6339599	ATCGCTTGTCTCAGCC-1	20044	260	14	3.710575139146567
GSM6339599	ATCGGCCAGCGCATTG-1	20044	4733	186	5.084163148679278
GSM6339599	ATCGGCCAGGGTGAAC-1	20044	1744	60	5.807525807525808
GSM6339599	ATCGGCCAGTTTAACG-1	20044	6516	248	5.2495891205568626
GSM6339599	ATCTATGAGCGAGTAA-1	20044	8736	407	4.288586106767925
GSM6339599	ATCTATGAGGGATGAC-1	20044	3259	126	5.1678480249908825
GSM6339599	ATCTATGAGGGCCACT-1	20044	11763	540	4.352314352314352
GSM6339599	ATCTATGAGTCATTTC-1	20044	12603	575	4.3792729010120315
GSM6339599	ATCTTTGGTAACCACA-1	20044	2807	150	3.738927738927739
GSM6339599	ATCTTTGGTAGTTACG-1	20044	733	32	4.576673326673326
GSM6339599	ATCTTTGGTCTCAGCC-1	20044	7506	282	5.31808616915
GSM6339599	ATCTTTGGTGAGACTC-1	20044	7250	315	4.598576027147456
GSM6339599	ATCTTTGGTGGAGCAA-1	20044	1869	90	4.149184149184149
GSM6339599	ATCTTTGGTGTTCCCA-1	20044	967	41	4.712360809921786
GSM6339599	ATCTTTGGTTAATCGG-1	20044	19051	726	5.242966399991193
GSM6339599	ATGAAGCCAATGAATG-1	20044	11908	523	4.549179310173574
GSM6339599	ATGAAGCCAGCATGAG-1	20044	13691	621	4.404934839717448
GSM6339599	ATGAAGCCAGGTTATT-1	20044	10153	471	4.306945708219593
GSM6339599	ATGAAGCCATTAGGCC-1	20044	11645	532	4.37344610276941
GSM6339599	ATGAAGTAGACAAACG-1	20044	15723	749	4.194203660158266
GSM6339599	ATGAAGTAGGTCATTA-1	20044	2490	118	4.216122860190657
GSM6339599	ATGAATGCAACTGGCT-1	20044	9966	490	4.063691410630186
GSM6339599	ATGAATGCAGCACGAA-1	20044	8690	350	4.960753532182103
GSM6339599	ATGACAACAATCCTGA-1	20044	3465	147	4.709576138147567
GSM6339599	ATGACAACAGCAACCT-1	20044	7751	340	4.554856907798084
GSM6339599	ATGACAACAGTCTAGC-1	20044	8127	390	4.163528778913394
GSM6339599	ATGACAACATAGCTGC-1	20044	5804	301	3.852625779536079
GSM6339599	ATGACAACATCATGGC-1	20044	9216	423	4.353093714795842
GSM6339599	ATGACCAGTCCACAAA-1	20044	8719	343	5.0788861284488105
GSM6339599	ATGACCAGTCGCATAA-1	20044	1049	52	4.030584799815569
GSM6339599	ATGACCAGTGGAGCAA-1	20044	8406	317	5.298171859686056
GSM6339599	ATGACCAGTTCACCCA-1	20044	11597	483	4.797273120254487
GSM6339599	ATGACGAAGATAGACG-1	20044	5262	214	4.912844165180614
GSM6339599	ATGACGAAGCTTACTT-1	20044	9839	415	4.736949797190761
GSM6339599	ATGACGAAGGATAAAC-1	20044	10812	541	3.9930494643988172
GSM6339599	ATGACGAAGGGTCTAT-1	20044	9133	439	4.156663382175911
GSM6339599	ATGACTCAGACAGGTA-1	20044	11204	550	4.070111706475343
GSM6339599	ATGACTCAGATTCCTT-1	20044	1666	91	3.657880580957504
GSM6339599	ATGACTCAGGAGTAAT-1	20044	1041	31	6.709419612645419
GSM6339599	ATGACTCAGTCACTCC-1	20044	10519	409	5.138626654519075
GSM6339599	ATGAGCCGTCCGTAGG-1	20044	9736	421	4.62055758967873
GSM6339599	ATGAGCCGTGCAACTA-1	20044	12972	631	4.107461476716628
GSM6339599	ATGATGACAACTCGCG-1	20044	1419	58	4.8882152330428195
GSM6339599	ATGATGACATTGTGGC-1	20044	1535	71	4.319624037933897
GSM6339599	ATGATGGAGCTATGAC-1	20044	8965	431	4.15593687055404
GSM6339599	ATGATGGAGGAAACTG-1	20044	4502	168	5.354169639883926
GSM6339599	ATGATGGAGGGTTAGA-1	20044	10094	416	4.848036578805809
GSM6339599	ATGATGGAGGGTTATC-1	20044	10799	468	4.610346918039226
GSM6339599	ATGATGGAGTAGAGGC-1	20044	899	42	4.276675705247134
GSM6339599	ATGCAAACACAGCCAT-1	20044	10293	483	4.257853947294941
GSM6339599	ATGCAAACACGAATCC-1	20044	10042	498	4.028902824083547
GSM6339599	ATGCAAACAGGCGATA-1	20044	12725	679	3.7444146427946134
GSM6339599	ATGCAAACAGGCTAAG-1	20044	10877	458	4.7450366227658805
GSM6339599	ATGCAAACATCTTGAG-1	20044	14259	653	4.362865312329324
GSM6339599	ATGCAAACATTAAGTC-1	20044	6039	210	5.745682888540031
GSM6339599	ATGCAGGCAAGGCCAA-1	20044	4790	232	4.125185159667919
GSM6339599	ATGCAGGCAAGGGTTG-1	20044	12957	689	3.7573457021933074
GSM6339599	ATGCAGGCACGTAAGG-1	20044	13246	646	4.09683196060905
GSM6339599	ATGCAGGCATCCGTAA-1	20044	1688	64	5.269730269730269
GSM6339599	ATGCATTCAACACCTA-1	20044	12673	605	4.185236251351954
GSM6339599	ATGCATTCAGAATGAC-1	20044	995	40	4.9700299700299695
GSM6339599	ATGCCTGAGCACTAGT-1	20044	3603	141	5.105532765107234
GSM6339599	ATGCCTGAGGAGCATA-1	20044	10217	437	4.67130123880696
GSM6339599	ATGCCTGAGTCAATCA-1	20044	6521	256	5.089441808191808
GSM6339599	ATGCGATTCACACAGT-1	20044	6401	296	4.320679320679321
GSM6339599	ATGCGATTCCGCCTAT-1	20044	15621	718	4.346906575318832
GSM6339599	ATGCTTAAGACAAGTG-1	20044	4271	194	4.39869408941574
GSM6339599	ATGCTTAAGGAACCGG-1	20044	16461	677	4.8580666010503535
GSM6339599	ATGCTTAAGGCACAGG-1	20044	7449	289	5.149867433604458
GSM6339599	ATGCTTAAGTAACGAG-1	20044	3993	180	4.4322344322344325
GSM6339599	ATGCTTAAGTGGACAA-1	20044	1158	43	5.380665845782125
GSM6339599	ATGGACAAGCACTAGT-1	20044	11579	563	4.109212279727378
GSM6339599	ATGGACAAGCCTGATG-1	20044	4648	201	4.620255366524024
GSM6339599	ATGGACAAGGTCTTGG-1	20044	9955	443	4.489866792349862
GSM6339599	ATGGACAAGTTAGTGC-1	20044	1884	80	4.705294705294705
GSM6339599	ATGGCCCAGACTTACA-1	20044	714	32	4.458041958041958
GSM6339599	ATGGCCCAGCTTATGA-1	20044	12089	541	4.464666571875444
GSM6339599	ATGGCCCAGGTCCGTA-1	20044	9315	409	4.5504617631757
GSM6339599	ATGGCCGGTCCCGAAG-1	20044	12599	520	4.8409283024667635
GSM6339599	ATGGCCGGTGGCTTCC-1	20044	5027	190	5.286292654713708
GSM6339599	ATGGCCGGTGGGAACA-1	20044	10103	474	4.258610587724511
GSM6339599	ATGGCCGGTTAATGCG-1	20044	8788	375	4.682251082251082
GSM6339599	ATGGCCGGTTAGCCAA-1	20044	13614	686	3.965131078833702
GSM6339599	ATGGCCGGTTAGCTGA-1	20044	11541	505	4.5661269423645665
GSM6339599	ATGGCCGGTTCCGGCT-1	20044	13232	647	4.086176574584612
GSM6339599	ATGGCTAGTTGAGGTC-1	20044	7650	298	5.129099088830633
GSM6339599	ATGGCTAGTTTAACGG-1	20044	8900	416	4.2745715822638894
GSM6339599	ATGGCTGTCAATAGCC-1	20044	9533	451	4.223271185577172
GSM6339599	ATGGCTGTCACGTTAA-1	20044	11961	581	4.113270550447831
GSM6339599	ATGGCTGTCCGCACAA-1	20044	8961	377	4.749097056789364
GSM6339599	ATGGCTGTCCGTTATT-1	20044	1541	87	3.5389897458862976
GSM6339599	ATGGCTGTCCTCGATC-1	20044	9411	501	3.7531330944504604
GSM6339599	ATGGCTGTCTAAGTGC-1	20044	5806	278	4.172805611654533
GSM6339599	ATGGCTTAGCCAGTAT-1	20044	6418	316	4.0579673491065895
GSM6339599	ATGGCTTAGTCCTTCA-1	20044	5218	213	4.894635880551373
GSM6339599	ATGGTCTAGAAGGTGC-1	20044	18076	804	4.492025387547776
GSM6339599	ATGGTCTAGCTAGAAG-1	20044	672	24	5.594405594405595
GSM6339599	ATGGTCTAGGTCAAAG-1	20044	12645	624	4.04883577960501
GSM6339599	ATGGTCTAGGTGTCCA-1	20044	13735	698	3.931598487472413
GSM6339599	ATGGTCTAGTCTCACC-1	20044	11105	486	4.565393454282343
GSM6339599	ATGGTCTAGTTGGATC-1	20044	567	21	5.394605394605395
GSM6339599	ATGGTGCGTAAGCACC-1	20044	600	30	3.996003996003996
GSM6339599	ATGGTGCGTATACTGG-1	20044	12032	570	4.217536849115796
GSM6339599	ATGGTGCGTATTGAGT-1	20044	7935	386	4.107291672058511
GSM6339599	ATGGTGCGTATTGCAG-1	20044	2693	142	3.7891685779009725
GSM6339599	ATGGTGCGTCACCAAA-1	20044	3487	139	5.012253933117243
GSM6339599	ATGGTGCGTTCCTGAT-1	20044	1675	78	4.290581213658137
GSM6339599	ATGGTGCGTTGGGTTA-1	20044	1559	75	4.153180153180153
GSM6339599	ATGGTTATCAGCATTA-1	20044	2643	120	4.400599400599401
GSM6339599	ATGGTTATCCCTCAGT-1	20044	12512	637	3.9244899527474093
GSM6339599	ATGGTTATCCGGTTAG-1	20044	14027	691	4.055857312007818
GSM6339599	ATGGTTATCCTTCGTA-1	20044	10444	498	4.190187322717443
GSM6339599	ATGTAACGTCACCAAA-1	20044	10087	410	4.915572232645403
GSM6339599	ATGTAACGTTAGACCA-1	20044	6793	313	4.336238841031173
GSM6339599	ATGTAACGTTCGCTCA-1	20044	13873	610	4.543980609554381
GSM6339599	ATGTAACGTTGCCTCA-1	20044	13083	583	4.483680984538617
GSM6339599	ATGTAACGTTGCTGGG-1	20044	7588	318	4.767559484540617
GSM6339599	ATGTAACGTTTCCGGC-1	20044	13241	644	4.108003797444791
GSM6339599	ATGTAAGCAAATTCGT-1	20044	5667	272	4.162749015690191
GSM6339599	ATGTAAGCAAGTAAGC-1	20044	7561	366	4.12756642264839
GSM6339599	ATGTAAGCAATCATGT-1	20044	2560	102	5.014593249887367
GSM6339599	ATGTAAGCATAATCCG-1	20044	5324	238	4.4694800997322
GSM6339599	ATGTAAGCATTATGCG-1	20044	826	26	6.347498655190963
GSM6339599	ATGTAAGCATTCCTCG-1	20044	361	21	3.4346605775177204
GSM6339599	ATGTCAATCATCCACC-1	20044	3430	133	5.152741994847258
GSM6339599	ATGTCAATCGGGATTT-1	20044	8098	360	4.494394494394494
GSM6339599	ATGTCAATCGGTACGC-1	20044	8057	353	4.560312209037422
GSM6339599	ATGTCAATCTCGACCT-1	20044	10410	438	4.748675981552695
GSM6339599	ATGTCATCAAATTCGT-1	20044	14579	747	3.899447272941249
GSM6339599	ATGTCATCACCTATAG-1	20044	9223	434	4.245984430316228
GSM6339599	ATGTCATCAGGAACCA-1	20044	12759	600	4.248751248751248
GSM6339599	ATGTCATCAGGATAAC-1	20044	21000	1014	4.137873960359167
GSM6339599	ATGTCATCAGTAGGAT-1	20044	11881	494	4.80531614134853
GSM6339599	ATGTCATCATAAGCAA-1	20044	12484	592	4.213354213354213
GSM6339599	ATGTCATCATGTCAGC-1	20044	6906	277	4.981300288159494
GSM6339599	ATGTCATCATTCCTCG-1	20044	6596	292	4.513294924253828
GSM6339599	ATGTCCACAAGTAAGC-1	20044	2056	85	4.832814244578951
GSM6339599	ATGTCCACACATTAAC-1	20044	7751	362	4.278042399589361
GSM6339599	ATGTCCACATAAGTCT-1	20044	13514	598	4.5152172242473245
GSM6339599	ATGTCCACATTAAGCT-1	20044	292	19	3.070613596929386
GSM6339599	ATGTGAGAGCCAGGTC-1	20044	2612	98	5.325286957940019
GSM6339599	ATGTGAGAGCTATATG-1	20044	6161	256	4.808472777222778
GSM6339599	ATGTGAGAGGATAAAC-1	20044	11396	545	4.177840508115738
GSM6339599	ATGTGAGAGTCACGAT-1	20044	641	30	4.269064269064269
GSM6339599	ATGTTCAAGCACTTGG-1	20044	7520	337	4.458449562307129
GSM6339599	ATGTTCAAGCGAAGTA-1	20044	11368	503	4.515563958903919
GSM6339599	ATGTTCAAGGACAATG-1	20044	933	53	3.51723747950163
GSM6339599	ATGTTCAAGGCCCAGT-1	20044	22127	902	4.901307118602019
GSM6339599	ATGTTCAAGGCTAATC-1	20044	7966	347	4.58676769915963
GSM6339599	ATGTTCAAGTCCTGAG-1	20044	6198	287	4.31484891415205
GSM6339599	ATGTTGTCAAGATTCT-1	20044	9020	432	4.171754171754172
GSM6339599	ATGTTGTCACGAATCC-1	20044	13514	607	4.448270016639045
GSM6339599	ATGTTGTCAGCAAGTG-1	20044	11508	522	4.404790611687163
GSM6339599	ATGTTGTCAGTATGTT-1	20044	7635	355	4.297111339364861
GSM6339599	ATGTTGTCATGTCAAT-1	20044	13665	652	4.1875302611498935
GSM6339599	ATGTTGTCATTAAGTC-1	20044	8694	409	4.247097645630653
GSM6339599	ATGTTTGAGAGGATAT-1	20044	6846	342	3.9995092626671576
GSM6339599	ATGTTTGAGCAAGGGT-1	20044	2485	98	5.066362209219352
GSM6339599	ATGTTTGAGGAACACA-1	20044	11847	426	5.556415415570346
GSM6339599	ATGTTTGAGGAAGCTA-1	20044	9423	426	4.419524137833998
GSM6339599	ATTAACCCAATAACGA-1	20044	18728	1005	3.7232419321971557
GSM6339599	ATTAACCCAGAAATTG-1	20044	13098	640	4.089035964035964
GSM6339599	ATTAACCCATTGACAT-1	20044	8852	429	4.122683842963563
GSM6339599	ATTACCCGTCAGGCCA-1	20044	697	24	5.802530802530803
GSM6339599	ATTACCCGTTCACTGT-1	20044	1392	51	5.453370159252512
GSM6339599	ATTACCCGTTCCTCCT-1	20044	1282	52	4.925843387381849
GSM6339599	ATTACCGCAAGACTCC-1	20044	8452	358	4.717070638858349
GSM6339599	ATTACCGCACCATATG-1	20044	542	15	7.219447219447219
GSM6339599	ATTACCGCACCTAATG-1	20044	9808	438	4.474064748037351
GSM6339599	ATTACCGCAGCACGAA-1	20044	9888	413	4.783594129841103
GSM6339599	ATTACCGCAGGAACAT-1	20044	12612	634	3.9745743215774763
GSM6339599	ATTACCGCATTAAGCT-1	20044	446	17	5.241817006522889
GSM6339599	ATTACGTCAAACAACA-1	20044	9207	418	4.400862295599138
GSM6339599	ATTACGTCAATTTAGC-1	20044	11467	533	4.298515743168651
GSM6339599	ATTACGTCAGCATTAT-1	20044	5317	241	4.408040092687395
GSM6339599	ATTACGTCAGTACCGT-1	20044	5254	192	5.467449217449217
GSM6339599	ATTACGTCATCAGTAT-1	20044	9179	406	4.517157719128163
GSM6339599	ATTACTGAGCATGTTA-1	20044	7490	317	4.720831219253932
GSM6339599	ATTACTGAGCCTGAGC-1	20044	19996	916	4.36157728734148
GSM6339599	ATTACTGAGCGATAGA-1	20044	6438	290	4.4355644355644355
GSM6339599	ATTACTGAGCTAATCA-1	20044	12350	615	4.012247914686939
GSM6339599	ATTAGCGGTATTACCC-1	20044	14195	675	4.201724201724202
GSM6339599	ATTAGCGGTATTGGTG-1	20044	814	38	4.279930595720069
GSM6339599	ATTAGCGGTTCACCCA-1	20044	12992	639	4.0622913862350485
GSM6339599	ATTAGCGGTTGCTTCG-1	20044	8340	425	3.9207850972556857
GSM6339599	ATTAGCTCAAGGTGGC-1	20044	10026	489	4.096516979952563
GSM6339599	ATTAGCTCAATTTGGT-1	20044	10017	417	4.799517029732857
GSM6339599	ATTAGCTCACCAGCAT-1	20044	4621	220	4.19671237853056
GSM6339599	ATTAGCTCATCGCTTT-1	20044	11166	537	4.154504713163931
GSM6339599	ATTAGGTGTGCTCCAC-1	20044	8474	382	4.4322169976620245
GSM6339599	ATTAGGTGTGCTTAGA-1	20044	3256	149	4.366103694962756
GSM6339599	ATTAGGTGTTCAAGCA-1	20044	11667	583	3.998402969243449
GSM6339599	ATTAGGTGTTGGGTTA-1	20044	1427	77	3.702790715777729
GSM6339599	ATTAGGTGTTTCCTCC-1	20044	550	18	6.1050061050061055
GSM6339599	ATTAGTCCAAGCTACC-1	20044	8897	339	5.243723827794624
GSM6339599	ATTAGTCCACAATACT-1	20044	15028	686	4.376964143727992
GSM6339599	ATTAGTCCACGTGCTG-1	20044	13947	606	4.5983719251045985
GSM6339599	ATTAGTCCAGGTTACC-1	20044	6153	228	5.391976444608024
GSM6339599	ATTAGTCCATGATTGT-1	20044	12590	573	4.3900253324337095
GSM6339599	ATTATCCTCAAGTGAG-1	20044	1789	88	4.061847243665426
GSM6339599	ATTATCCTCATGCGTG-1	20044	12741	604	4.214659512672758
GSM6339599	ATTATCCTCCCTGGTT-1	20044	11545	538	4.287534027310979
GSM6339599	ATTATGGTCACGCATG-1	20044	10596	500	4.234165834165834
GSM6339599	ATTATGGTCATGGCTG-1	20044	1557	56	5.555159126587697
GSM6339599	ATTATGGTCCCGAAGC-1	20044	2116	73	5.791468805167435
GSM6339599	ATTATGGTCCGGTATG-1	20044	1878	83	4.520780424394882
GSM6339599	ATTATGGTCCGTTATT-1	20044	6160	291	4.229447528416601
GSM6339599	ATTATGGTCGCAGGCT-1	20044	6468	245	5.274725274725275
GSM6339599	ATTCAACCAAAGCTCC-1	20044	3137	108	5.803455803455804
GSM6339599	ATTCAACCACTAGCGT-1	20044	909	39	4.656881579958503
GSM6339599	ATTCAACCAGCATGTC-1	20044	1862	72	5.167055167055167
GSM6339599	ATTCAACCAGCTAATT-1	20044	10517	480	4.377705627705628
GSM6339599	ATTCAACCATAGCGAG-1	20044	4198	188	4.461495950857653
GSM6339599	ATTCAACCATGCTCCC-1	20044	6802	317	4.287195454387883
GSM6339599	ATTCACTTCCCGTTAC-1	20044	10969	480	4.565850815850816
GSM6339599	ATTCACTTCCCTCACG-1	20044	8709	407	4.27533154805882
GSM6339599	ATTCACTTCTTGACCC-1	20044	6102	253	4.818896518501262
GSM6339599	ATTCATGAGAACAAGT-1	20044	3665	182	4.023449078394133
GSM6339599	ATTCATGAGCGCCTTT-1	20044	9480	458	4.135602388877498
GSM6339599	ATTCATGAGGACAATG-1	20044	11163	533	4.184558405946773
GSM6339599	ATTCATGAGGGTGAAC-1	20044	1026	31	6.612742096613064
GSM6339599	ATTCATGAGGTGTCCA-1	20044	8930	430	4.149339033059963
GSM6339599	ATTCATGAGTAGGATG-1	20044	981	45	4.355644355644356
GSM6339599	ATTCCGGAGCTTGCTC-1	20044	16567	813	4.071451303923628
GSM6339599	ATTCCGGAGTCATGCG-1	20044	14064	648	4.336404336404336
GSM6339599	ATTCCGGAGTCTGGGC-1	20044	1830	81	4.5140045140045135
GSM6339599	ATTCCGGAGTTTCCGC-1	20044	16142	715	4.510734021223532
GSM6339599	ATTCCTAGTGGGAACA-1	20044	1243	50	4.967032967032967
GSM6339599	ATTCCTAGTGGTTCTT-1	20044	2046	91	4.4922110856176785
GSM6339599	ATTCCTAGTTCCTCCT-1	20044	1454	67	4.335962544917769
GSM6339599	ATTCCTCCATTAGCGC-1	20044	10975	454	4.829971790324214
GSM6339599	ATTCGTTTCAATGTCA-1	20044	11598	519	4.4648992625871236
GSM6339599	ATTCGTTTCAGCAAAG-1	20044	14371	561	5.118232925719556
GSM6339599	ATTCGTTTCAGGAAGC-1	20044	7238	291	4.969600845889506
GSM6339599	ATTCGTTTCATTGTCT-1	20044	6959	291	4.778039829586221
GSM6339599	ATTCGTTTCCGCCTAT-1	20044	10734	445	4.81945021270864
GSM6339599	ATTCGTTTCCTGATGG-1	20044	11218	504	4.447140161425876
GSM6339599	ATTCGTTTCGCAACAT-1	20044	1871	87	4.296852572714642
GSM6339599	ATTCGTTTCGCTATGG-1	20044	8306	367	4.52190860910207
GSM6339599	ATTGAAGCAACCGCCA-1	20044	10813	482	4.482239751949296
GSM6339599	ATTGAAGCAAGCGAGC-1	20044	12204	528	4.618109163563709
GSM6339599	ATTGAAGCAGAAATGC-1	20044	2693	132	4.076226803499531
GSM6339599	ATTGAAGCATATTGAC-1	20044	10166	473	4.294225858707888
GSM6339599	ATTGAAGCATCCCGCT-1	20044	6410	270	4.743404743404743
GSM6339599	ATTGAAGCATTGTGCA-1	20044	10134	481	4.209511901819595
GSM6339599	ATTGACTCAAGCTTTG-1	20044	21596	967	4.462135589333108
GSM6339599	ATTGACTCAGGCCTTG-1	20044	8386	389	4.307260862530786
GSM6339599	ATTGACTCATCGCTTT-1	20044	10660	440	4.8406139315230226
GSM6339599	ATTGACTCATGAATAG-1	20044	12181	556	4.377277398860133
GSM6339599	ATTGACTCATGCTTAG-1	20044	12604	587	4.290088106101734
GSM6339599	ATTGCACAGCATTAGC-1	20044	13599	630	4.312830027115742
GSM6339599	ATTGCACAGCGAGCGA-1	20044	13451	630	4.265892837321409
GSM6339599	ATTGCACAGGCAATAG-1	20044	851	48	3.5422910422910423
GSM6339599	ATTGCACAGGGCTTTG-1	20044	10933	475	4.59876965140123
GSM6339599	ATTGCACAGGTCCAAT-1	20044	10005	415	4.8168698771108405
GSM6339599	ATTGCACAGGTCCTGA-1	20044	16364	746	4.382748618673551
GSM6339599	ATTGCACAGGTCTTGG-1	20044	5872	227	5.16839988205627
GSM6339599	ATTGCACAGTATTGCA-1	20044	13537	689	3.9255374523879603
GSM6339599	ATTGCACAGTTAGCTA-1	20044	9690	439	4.410168419280037
GSM6339599	ATTGCAGGTAAGCTTG-1	20044	943	45	4.186924186924187
GSM6339599	ATTGCAGGTAGTTACG-1	20044	766	48	3.1884781884781885
GSM6339599	ATTGCAGGTCACAGCG-1	20044	10216	435	4.692319175077796
GSM6339599	ATTGCAGGTTGTCATC-1	20044	8907	409	4.351150072421466
GSM6339599	ATTGCGCCAACTAGCC-1	20044	7089	265	5.344843835409874
GSM6339599	ATTGCGCCAAGGATTA-1	20044	11898	524	4.536684689356445
GSM6339599	ATTGCGCCAAGTAAGC-1	20044	9929	432	4.592167092167092
GSM6339599	ATTGCGCCAATCCTAG-1	20044	11827	562	4.204692105047977
GSM6339599	ATTGCGCCACACCAAC-1	20044	2386	125	3.8137862137862135
GSM6339599	ATTGCGCCACATAACT-1	20044	4094	249	3.2850683453093086
GSM6339599	ATTGCGCCACTTGTTC-1	20044	9784	514	3.803200690360224
GSM6339599	ATTGCGCCAGTAGCCT-1	20044	14013	774	3.617312919638501
GSM6339599	ATTGCGCCAGTCTAAT-1	20044	4525	186	4.86073066718228
GSM6339599	ATTGCGCCAGTTTGTG-1	20044	2098	90	4.657564657564657
GSM6339599	ATTGCGCCATCCATCT-1	20044	11838	532	4.445930009839785
GSM6339599	ATTGCGCCATTAGCCA-1	20044	10321	476	4.33222239944929
GSM6339599	ATTGCGCCATTGCGTA-1	20044	8060	324	4.970338303671637
GSM6339599	ATTGCTCGTGATGAGG-1	20044	13145	638	4.116573082090324
GSM6339599	ATTGCTCGTGTGAGGA-1	20044	6118	312	3.9178769948000713
GSM6339599	ATTGCTCGTTCCTGTG-1	20044	8938	387	4.614506940088336
GSM6339599	ATTGCTCGTTTATTCG-1	20044	11528	522	4.412445791756137
GSM6339599	ATTGGCTAGGAGCATA-1	20044	13472	608	4.427151795572849
GSM6339599	ATTGGCTAGGCCCAGT-1	20044	4336	185	4.682884682884683
GSM6339599	ATTGGTTCAACCTGGT-1	20044	10669	464	4.594112783767956
GSM6339599	ATTGTCCGTCAATAGT-1	20044	4938	203	4.860164466075797
GSM6339599	ATTGTGATCACCTGCT-1	20044	736	33	4.456149910695365
GSM6339599	ATTGTGATCATGCTTT-1	20044	7759	338	4.586537722632397
GSM6339599	ATTGTGATCCTAGTAA-1	20044	9344	432	4.321604321604322
GSM6339599	ATTGTGATCGATCAGT-1	20044	11360	526	4.315076558422566
GSM6339599	ATTGTGATCGGTCAAT-1	20044	4141	177	4.674421623574166
GSM6339599	ATTGTGATCTCTAGCC-1	20044	12576	599	4.194803527023894
GSM6339599	ATTGTGATCTGGCATG-1	20044	8231	385	4.271572583260895
GSM6339599	ATTTAGCCAAACCTAT-1	20044	13250	579	4.5722843650304785
GSM6339599	ATTTAGCCAACCGCCA-1	20044	8721	363	4.800158519166784
GSM6339599	ATTTAGCCAAGTAAGC-1	20044	8753	379	4.614382978499074
GSM6339599	ATTTAGCCAATGAAGC-1	20044	6035	281	4.291082582897529
GSM6339599	ATTTAGCCACAACCTA-1	20044	10942	499	4.381189952332236
GSM6339599	ATTTAGCCAGGCTACT-1	20044	8738	400	4.364635364635364
GSM6339599	ATTTAGCCATAATCCG-1	20044	10689	535	3.9918959545127772
GSM6339599	ATTTAGGTCAGGTTTA-1	20044	919	41	4.478448380887405
GSM6339599	ATTTAGGTCATTGCAA-1	20044	2038	85	4.790503614033026
GSM6339599	ATTTAGGTCCAACTGG-1	20044	2811	139	4.040563752793969
GSM6339599	ATTTAGGTCCTCATCA-1	20044	12553	652	3.8467667302023134
GSM6339599	ATTTAGGTCGCTAGCA-1	20044	9724	399	4.869316147511635
GSM6339599	ATTTAGGTCGTTTCTG-1	20044	1771	67	5.281285878300803
GSM6339599	ATTTGCAAGAGAGGCT-1	20044	5324	286	3.7193575655114115
GSM6339599	ATTTGCAAGCTCCCTG-1	20044	1092	49	4.452690166975881
GSM6339599	ATTTGCAAGGAACCGG-1	20044	8863	367	4.825147604439158
GSM6339599	ATTTGCAAGGAGCAAC-1	20044	6557	257	5.097626109299261
GSM6339599	ATTTGCAAGGCTGTCA-1	20044	10329	474	4.353873974127139
GSM6339599	ATTTGCGCAGGCCTTG-1	20044	3230	140	4.609676038247468
GSM6339599	ATTTGCGCATAGCTGC-1	20044	7569	335	4.514291678470783
GSM6339599	ATTTGTGAGACAGGTA-1	20044	14902	740	4.023544023544023
GSM6339599	ATTTGTGAGCAAGATG-1	20044	14344	658	4.355522896556331
GSM6339599	ATTTGTGAGCGATAAG-1	20044	20801	845	4.918395214253203
GSM6339599	ATTTGTGAGCGCCTTT-1	20044	2895	94	6.153421047038069
GSM6339599	ATTTGTGAGGAGGACT-1	20044	1795	71	5.051286741427587
GSM6339599	ATTTGTGAGGTCGATT-1	20044	14030	682	4.110259242224052
GSM6339599	ATTTGTGAGTAGCCAT-1	20044	5193	203	5.1111450126228455
GSM6339599	ATTTGTGAGTGAGGGT-1	20044	4218	190	4.4355644355644355
GSM6339599	ATTTGTGAGTTGTCTT-1	20044	7516	331	4.536852875221455
GSM6339599	CAAACAACAACACCTA-1	20044	9150	442	4.136135357854815
GSM6339599	CAAACAACAATAGCCC-1	20044	4752	235	4.040215104044891
GSM6339599	CAAACAACAATTATGC-1	20044	3280	145	4.519618312721761
GSM6339599	CAAACAACAGCTCAAC-1	20044	2048	109	3.754044121016598
GSM6339599	CAAACAACAGGCCAAA-1	20044	11170	527	4.23485432973099
GSM6339599	CAAACAACAGGCTACT-1	20044	10356	485	4.266249214702824
GSM6339599	CAAACAACATAAGTCT-1	20044	1059	35	6.045383188240332
GSM6339599	CAAACACTCCCTGGAA-1	20044	10937	519	4.210433112167216
GSM6339599	CAAACACTCTCGACCT-1	20044	4919	190	5.1727220148272774
GSM6339599	CAAACACTCTTGTTCG-1	20044	7342	326	4.499794683843764
GSM6339599	CAAACATGTATTGGAT-1	20044	10894	491	4.433041500251276
GSM6339599	CAAACATGTGATCAGC-1	20044	1238	57	4.339520128993814
GSM6339599	CAAACATGTGCATTTC-1	20044	3564	145	4.910951117847669
GSM6339599	CAAACATGTGGAGCAA-1	20044	10304	525	3.9214119214119214
GSM6339599	CAAACATGTGTGCAAC-1	20044	2202	70	6.285143428000571
GSM6339599	CAAACCGTCGTTATCT-1	20044	10203	407	5.008750463295917
GSM6339599	CAAACGCGTAAGGTCC-1	20044	11368	533	4.261404636639158
GSM6339599	CAAACGCGTCACAGAC-1	20044	3871	175	4.419580419580419
GSM6339599	CAAACTGGTGCAATGC-1	20044	2236	100	4.467532467532467
GSM6339599	CAAACTGGTGCCTCAC-1	20044	4060	158	5.134106399929184
GSM6339599	CAAACTGGTGTGAGGA-1	20044	1486	57	5.2088262614578404
GSM6339599	CAAAGCGCACATAACT-1	20044	13382	683	3.9146797565538414
GSM6339599	CAAAGCGCACTTAACG-1	20044	16667	702	4.743689359073975
GSM6339599	CAAAGCGCATAATTGC-1	20044	7146	329	4.339733215113155
GSM6339599	CAAAGCGCATTAGCGC-1	20044	7125	346	4.11438272709949
GSM6339599	CAAAGGATCATTATGG-1	20044	18366	781	4.698502521805978
GSM6339599	CAAAGGATCCCTGACT-1	20044	9758	465	4.192796450860967
GSM6339599	CAAAGTGAGAACCTAC-1	20044	4827	225	4.286380286380286
GSM6339599	CAAAGTGAGCCTAACG-1	20044	11498	598	3.841643306526249
GSM6339599	CAAAGTGAGTTGGATC-1	20044	2345	82	5.713798396725226
GSM6339599	CAAATCATCCACCCTG-1	20044	8181	414	3.9482256873561226
GSM6339599	CAAATCATCTTAGTCT-1	20044	8412	425	3.954633601692425
GSM6339599	CAACAATGTGCATCGG-1	20044	3752	206	3.639079367234707
GSM6339599	CAACAATGTGGACCTG-1	20044	10142	480	4.221611721611722
GSM6339599	CAACAATGTTTGAGCA-1	20044	16008	734	4.357495365669752
GSM6339599	CAACAGGCACAGGATG-1	20044	8921	411	4.33678243897222
GSM6339599	CAACAGGCAGGAACCA-1	20044	13912	654	4.250184066697828
GSM6339599	CAACAGGCAGGACACA-1	20044	4886	203	4.808984119328947
GSM6339599	CAACAGGCAGGGAGGA-1	20044	11002	525	4.187051044193901
GSM6339599	CAACCCGCACTAGCGT-1	20044	450	31	2.900325480970642
GSM6339599	CAACCCGCAGCCTGCA-1	20044	946	49	3.857367122673245
GSM6339599	CAACCCTTCAAGTGTC-1	20044	8872	442	4.010469168840209
GSM6339599	CAACCCTTCATCGTTT-1	20044	833	33	5.04344140707777
GSM6339599	CAACCCTTCATTACTC-1	20044	8730	365	4.778782860974642
GSM6339599	CAACCCTTCCGGTTGA-1	20044	8799	368	4.777287929461842
GSM6339599	CAACCCTTCGATTCTT-1	20044	13301	618	4.300230513822747
GSM6339599	CAACCCTTCGTTAAGC-1	20044	8598	420	4.090195518766947
GSM6339599	CAACTAATCATGAGCT-1	20044	755	24	6.285381285381286
GSM6339599	CAACTAATCGATTATG-1	20044	11417	557	4.0953660343247416
GSM6339599	CAACTAATCGATTCTT-1	20044	1438	62	4.634075601817537
GSM6339599	CAACTAATCTTGGACG-1	20044	9978	440	4.530923621832712
GSM6339599	CAACTAGGTAACCTAG-1	20044	8449	313	5.393328716012422
GSM6339599	CAACTAGGTACTTAGG-1	20044	12216	547	4.462082707055285
GSM6339599	CAACTAGGTCCTTCAG-1	20044	10130	496	4.080596822532306
GSM6339599	CAACTAGGTCGTAATG-1	20044	2561	100	5.116883116883117
GSM6339599	CAAGAACCAACACTTG-1	20044	12117	610	3.968818067178723
GSM6339599	CAAGAACCACATAACT-1	20044	9073	380	4.770492665229507
GSM6339599	CAAGAACCATAAGTCT-1	20044	10291	426	4.826628770290742
GSM6339599	CAAGACAAGCCAAATC-1	20044	1250	38	6.5723749934276245
GSM6339599	CAAGACAAGGCACAGG-1	20044	4710	220	4.277540641177005
GSM6339599	CAAGACAAGGTTACGT-1	20044	10497	444	4.723654723654723
GSM6339599	CAAGACAAGTTTCCTG-1	20044	9416	402	4.679897217210651
GSM6339599	CAAGCTAGTACTGATG-1	20044	10687	470	4.543116458010075
GSM6339599	CAAGCTAGTATTACCC-1	20044	16070	763	4.208111678622819
GSM6339599	CAAGCTAGTTAAGGTT-1	20044	5643	236	4.7774259638666425
GSM6339599	CAAGCTAGTTCACCCA-1	20044	16492	802	4.108609594893885
GSM6339599	CAAGCTAGTTTGCGCC-1	20044	8004	376	4.253193614895743
GSM6339599	CAAGGCCTCAAACTCA-1	20044	3163	138	4.579478492521971
GSM6339599	CAAGGCCTCACAGACT-1	20044	2125	87	4.880177293970398
GSM6339599	CAAGGCCTCATTACAG-1	20044	333	13	5.11795896411281
GSM6339599	CAAGGCCTCGTTATCT-1	20044	727	24	6.052281052281053
GSM6339599	CAAGGCTGTGCTTACT-1	20044	360	15	4.795204795204795
GSM6339599	CAAGGTAAGATTCCTT-1	20044	406	23	3.5269078747339613
GSM6339599	CAAGGTAAGCATGTCG-1	20044	12389	604	4.098219661133569
GSM6339599	CAAGGTAAGCCACATG-1	20044	10075	518	3.8860753146467437
GSM6339599	CAAGGTAAGCTCCCTG-1	20044	6838	294	4.647053626645464
GSM6339599	CAAGGTAAGCTTGCTC-1	20044	7456	327	4.555688959358684
GSM6339599	CAAGGTAAGGGACTAA-1	20044	11178	508	4.396391010564239
GSM6339599	CAAGGTTTCAACCAAC-1	20044	12554	664	3.7775477534513677
GSM6339599	CAAGGTTTCATGGTTA-1	20044	14315	635	4.5041572600627715
GSM6339599	CAAGGTTTCCATTACT-1	20044	10810	522	4.13762482728
GSM6339599	CAAGGTTTCCCATAGG-1	20044	5640	209	5.391737449153718
GSM6339599	CAAGGTTTCCTGTTCA-1	20044	987	32	6.1625874125874125
GSM6339599	CAAGTAACAAAGGTAC-1	20044	9110	378	4.815290529576244
GSM6339599	CAAGTAACAACCTAAT-1	20044	411	22	3.732631005358278
GSM6339599	CAAGTAACAGCATGTC-1	20044	12727	604	4.210028382213812
GSM6339599	CAAGTAACAGGACCAA-1	20044	6672	326	4.089162371370961
GSM6339599	CAAGTAACATACCCGG-1	20044	5256	253	4.15078992154091
GSM6339599	CAAGTAACATCATGGC-1	20044	15386	737	4.171134157565636
GSM6339599	CAAGTAACATGTTTGG-1	20044	8665	389	4.450562291179257
GSM6339599	CAAGTAACATTATGCG-1	20044	10850	551	3.934359651238054
GSM6339599	CAAGTATGTCAAAGGG-1	20044	8624	404	4.265041888804265
GSM6339599	CAAGTATGTGAATCGC-1	20044	10751	491	4.374851218028407
GSM6339599	CAAGTATGTGAGCGAA-1	20044	11109	495	4.484000847637211
GSM6339599	CAAGTATGTTTAGTCC-1	20044	12220	558	4.375552762649537
GSM6339599	CAAGTGAAGCATGGTT-1	20044	10103	475	4.249645091750355
GSM6339599	CAAGTGAAGGGATGAC-1	20044	14876	726	4.093977647696656
GSM6339599	CAAGTGAAGTTATGGC-1	20044	1266	47	5.381852190362829
GSM6339599	CAAGTTATCAGCACCA-1	20044	6680	276	4.8357439661787485
GSM6339599	CAAGTTATCCATAAGC-1	20044	6811	295	4.613014104539528
GSM6339599	CAAGTTATCCGCATGA-1	20044	2445	105	4.652490366776081
GSM6339599	CAAGTTATCGACAAAG-1	20044	11003	488	4.504921308199997
GSM6339599	CAAGTTATCGATTTAG-1	20044	11745	578	4.059953886943506
GSM6339599	CAAGTTATCGTGCTAG-1	20044	4722	170	5.549744373273786
GSM6339599	CAATAAGCAGGGAGGA-1	20044	5089	237	4.2902245433891
GSM6339599	CAATAAGCAGTATGTT-1	20044	6783	355	3.817590859844381
GSM6339599	CAATAAGCATAACGGG-1	20044	13614	602	4.51840518285701
GSM6339599	CAATAGCTCATAAGCC-1	20044	2250	79	5.6905120196259436
GSM6339599	CAATAGCTCCAGCACA-1	20044	4127	142	5.806869187150877
GSM6339599	CAATAGCTCCTAACGG-1	20044	1311	44	5.953137771319589
GSM6339599	CAATAGCTCCTAAGAC-1	20044	4036	155	5.202539396087783
GSM6339599	CAATAGCTCCTTAATC-1	20044	1868	69	5.409083669953236
GSM6339599	CAATATGTCAAACTCA-1	20044	9277	424	4.371571824402013
GSM6339599	CAATATGTCAATGACC-1	20044	3907	174	4.486318279421728
GSM6339599	CAATATGTCACGCCAA-1	20044	11711	544	4.301213492389963
GSM6339599	CAATATGTCAGCATTA-1	20044	8158	328	4.96942082307936
GSM6339599	CAATATGTCCTAATGA-1	20044	7845	359	4.366107430174282
GSM6339599	CAATATGTCCTGATGG-1	20044	2066	90	4.586524586524587
GSM6339599	CAATATGTCCTTGAGG-1	20044	11415	499	4.570579720880321
GSM6339599	CAATCCCTCAAGGACA-1	20044	7769	371	4.183956205519548
GSM6339599	CAATCCCTCACCAATA-1	20044	8156	376	4.333963908431994
GSM6339599	CAATCCCTCAGTGAAG-1	20044	14901	726	4.100857819866085
GSM6339599	CAATCCCTCATTGACA-1	20044	11367	577	3.9360985634815795
GSM6339599	CAATCCCTCCACCCTG-1	20044	1027	44	4.663518299881936
GSM6339599	CAATCCCTCGGTTACG-1	20044	10476	465	4.501305146466437
GSM6339599	CAATCCTGTCCTAAGA-1	20044	2341	111	4.213804213804213
GSM6339599	CAATCGCCAAGCTTAT-1	20044	7034	308	4.562969498034433
GSM6339599	CAATCGCCAGCGCTTG-1	20044	10742	398	5.392597352396347
GSM6339599	CAATCGCCATCCTAGA-1	20044	9779	463	4.219970094700117
GSM6339599	CAATCGCCATCGCTCC-1	20044	9250	428	4.318111794747309
GSM6339599	CAATCTAAGGCTAAGA-1	20044	1338	55	4.860593951503042
GSM6339599	CAATCTAAGTCTCACC-1	20044	20923	972	4.3008431897320785
GSM6339599	CAATCTAAGTTAGAGG-1	20044	8240	365	4.51055793521547
GSM6339599	CAATGAACAAACTCAT-1	20044	3421	125	5.468131868131868
GSM6339599	CAATGAACAACCTGGT-1	20044	12939	653	3.9589812943564855
GSM6339599	CAATGAACAATATACC-1	20044	4748	203	4.673159352962309
GSM6339599	CAATGAACATCCAGGT-1	20044	9618	391	4.914778316312843
GSM6339599	CAATGAACATGTTGCA-1	20044	9271	384	4.823822011322012
GSM6339599	CAATGAACATTATGGT-1	20044	9986	464	4.300010334493093
GSM6339599	CAATGACTCAATTACG-1	20044	5467	220	4.965034965034965
GSM6339599	CAATGACTCACCGGTA-1	20044	11526	509	4.524355801369554
GSM6339599	CAATGACTCACTAAGC-1	20044	8638	353	4.889161829671745
GSM6339599	CAATGACTCATGCTTT-1	20044	10305	473	4.352940927993782
GSM6339599	CAATGACTCCCTGATC-1	20044	9477	462	4.098498903693709
GSM6339599	CAATGACTCTACCTGC-1	20044	10334	415	4.975265698157264
GSM6339599	CAATGACTCTCTAGCC-1	20044	10099	450	4.483960483960484
GSM6339599	CAATGACTCTGTGCAG-1	20044	4450	184	4.832124397341788
GSM6339599	CAATGCCCACAACCTA-1	20044	12645	560	4.511559868702726
GSM6339599	CAATGCCCACCATATG-1	20044	10219	506	4.035095339443165
GSM6339599	CAATGTCAGAAGGTGC-1	20044	11565	502	4.602966754361177
GSM6339599	CAATGTCAGCTTAGCG-1	20044	884	31	5.697528278173439
GSM6339599	CAATGTCAGGCGGGTA-1	20044	10559	479	4.404363903320062
GSM6339599	CAATGTCAGGGATGAC-1	20044	13416	641	4.1817776607168184
GSM6339599	CAATGTCAGTGAACCT-1	20044	3913	201	3.8896426956128454
GSM6339599	CAATGTGGTCATAGAT-1	20044	7137	297	4.801259346713892
GSM6339599	CACAAGCGTACCTTAC-1	20044	11674	571	4.0848818432005825
GSM6339599	CACAAGCGTCACCTAT-1	20044	12266	654	3.7473230133780593
GSM6339599	CACAAGCGTCATTGAG-1	20044	10185	510	3.9901275195392847
GSM6339599	CACAAGCGTGAACAAA-1	20044	520	18	5.772005772005771
GSM6339599	CACAAGCGTGCTCCGT-1	20044	7794	362	4.3017755724938045
GSM6339599	CACAAGCGTTTATCGC-1	20044	5567	265	4.197312121840424
GSM6339599	CACAATATCAGGTTTA-1	20044	1770	71	4.980934558399348
GSM6339599	CACAATATCCCGCAAA-1	20044	10715	500	4.281718281718282
GSM6339599	CACAATATCCCGTTGT-1	20044	11536	524	4.398654780334169
GSM6339599	CACAATATCCTCCTAA-1	20044	12500	581	4.298627362310667
GSM6339599	CACAATATCCTTAGTT-1	20044	420	22	3.814367450731087
GSM6339599	CACAATATCGAAGCGG-1	20044	1095	44	4.972300426845881
GSM6339599	CACAATATCGGGACTC-1	20044	3102	150	4.131868131868132
GSM6339599	CACAATATCTTACTCG-1	20044	2368	99	4.779059324513869
GSM6339599	CACAGGCTCATTGACA-1	20044	712	23	6.18511922859749
GSM6339599	CACAGGCTCCAGGGAG-1	20044	11316	511	4.42453827972419
GSM6339599	CACAGGCTCTCACAAA-1	20044	9168	420	4.361352932781505
GSM6339599	CACAGGGAGGAGGACT-1	20044	1064	37	5.745605745605745
GSM6339599	CACAGGGAGGCGCACT-1	20044	3326	150	4.43023643023643
GSM6339599	CACAGGGAGGCGCTAC-1	20044	13948	645	4.320640599710367
GSM6339599	CACAGGGAGGTAACGA-1	20044	2321	94	4.933364507832594
GSM6339599	CACATAATCACAGACT-1	20044	558	25	4.4595404595404595
GSM6339599	CACATAATCAGGATGA-1	20044	2102	85	4.940941411529647
GSM6339599	CACATAATCCCTGTTA-1	20044	900	38	4.73210999526789
GSM6339599	CACATAATCTTGCTAT-1	20044	5052	230	4.388654823437433
GSM6339599	CACATACAGACAAAGT-1	20044	1521	73	4.162960327343889
GSM6339599	CACATACAGACACTTA-1	20044	4115	178	4.618976529088888
GSM6339599	CACATACAGCGAGGTG-1	20044	13370	526	5.078571618495573
GSM6339599	CACATACAGCTCCTAC-1	20044	8786	389	4.5127109394461575
GSM6339599	CACATACAGTGAGAGC-1	20044	1798	86	4.177218130706503
GSM6339599	CACATTAAGGACAATG-1	20044	5599	223	5.016508155521608
GSM6339599	CACATTAAGGTCATTA-1	20044	5293	197	5.368235825088617
GSM6339599	CACCAACCAACTAACT-1	20044	8580	375	4.571428571428571
GSM6339599	CACCAACCAAGCGAGC-1	20044	6243	269	4.636998689043298
GSM6339599	CACCAACCACAAAGGT-1	20044	3945	177	4.453173944699368
GSM6339599	CACCAACCACCTATAG-1	20044	10816	548	3.9435017537207315
GSM6339599	CACCAACCAGCTCAAC-1	20044	2073	89	4.6537731930990365
GSM6339599	CACCAACCAGGCTACT-1	20044	8886	397	4.472102205099686
GSM6339599	CACCAACCATGTTTGG-1	20044	16546	729	4.534834164463794
GSM6339599	CACCGGTAGAATCTCA-1	20044	2278	86	5.292382036568083
GSM6339599	CACCGGTAGCGGGCAA-1	20044	2795	108	5.170755170755171
GSM6339599	CACCGGTAGTTATCCT-1	20044	7660	307	4.985242770259057
GSM6339599	CACCTCAGTCGTAATG-1	20044	1248	56	4.452690166975881
GSM6339599	CACCTCAGTTCACCAT-1	20044	7118	348	4.086717879821328
GSM6339599	CACCTGTTCACATTGA-1	20044	9416	412	4.566307478928838
GSM6339599	CACCTGTTCCGTAAAC-1	20044	16944	802	4.221215193783773
GSM6339599	CACCTGTTCCTAAGAC-1	20044	9872	434	4.5447639917686
GSM6339599	CACCTGTTCCTCAGTC-1	20044	12338	542	4.54821930836691
GSM6339599	CACCTGTTCCTCCATA-1	20044	18805	859	4.373972942075387
GSM6339599	CACCTGTTCGGGACTC-1	20044	13393	614	4.358182534078299
GSM6339599	CACCTGTTCTTGTCCA-1	20044	9645	524	3.67762008983383
GSM6339599	CACGCAATCATTGACA-1	20044	12338	498	4.950070010310974
GSM6339599	CACGCAATCCCTCGCA-1	20044	10434	495	4.211546029727848
GSM6339599	CACGCAATCGGCCAGT-1	20044	11077	496	4.462070187876639
GSM6339599	CACGCTAAGACAGGTA-1	20044	11691	537	4.349840104030048
GSM6339599	CACGCTAAGCAGCTAT-1	20044	1476	70	4.212929927215642
GSM6339599	CACGCTAAGGTGAAAT-1	20044	4657	220	4.229406956679683
GSM6339599	CACTAAGGTCATTAGG-1	20044	1748	85	4.108832344126462
GSM6339599	CACTAAGGTTGAGCCG-1	20044	11972	525	4.556205699062842
GSM6339599	CACTAAGGTTTAAAGC-1	20044	12662	588	4.302500220867568
GSM6339599	CACTAAGGTTTGTTGC-1	20044	934	32	5.8316683316683315
GSM6339599	CACTAGCCAACGTGCT-1	20044	1313	61	4.300617415371514
GSM6339599	CACTAGCCAATAACGA-1	20044	11920	539	4.418586978883825
GSM6339599	CACTAGCCAATGAGGT-1	20044	6637	296	4.47997947997948
GSM6339599	CACTAGCCACTAGCGT-1	20044	11827	564	4.189781849356318
GSM6339599	CACTAGCCACTATGGC-1	20044	7112	354	4.014065031014184
GSM6339599	CACTAGCCAGTTTCTC-1	20044	11855	553	4.283239364613686
GSM6339599	CACTAGCCATCAGCAC-1	20044	637	34	3.7433155080213902
GSM6339599	CACTAGCCATTAGGCC-1	20044	1783	51	6.985171691054044
GSM6339599	CACTAGCCATTCCTCG-1	20044	11204	511	4.380746455110447
GSM6339599	CACTGACCAAATTCGT-1	20044	2808	123	4.561292366170415
GSM6339599	CACTGACCAATTGACT-1	20044	5931	236	5.021249936504175
GSM6339599	CACTGACCACCAGGTT-1	20044	7522	408	3.683571330630154
GSM6339599	CACTGACCAGGATAAC-1	20044	1996	79	5.048116440521503
GSM6339599	CACTGACCATTAAGTC-1	20044	452	26	3.4734496272957807
GSM6339599	CACTTAAAGATGGACA-1	20044	12953	559	4.629717330969568
GSM6339599	CACTTAAAGATGGAGC-1	20044	7946	349	4.5490326292618555
GSM6339599	CACTTAAAGTAACCCG-1	20044	10005	478	4.182010458161086
GSM6339599	CACTTAAAGTTATCCT-1	20044	14483	733	3.9477575630372357
GSM6339599	CACTTTGTCAGGATGA-1	20044	13948	646	4.313952301568401
GSM6339599	CACTTTGTCATAACTG-1	20044	13533	621	4.354100006273919
GSM6339599	CACTTTGTCGATATTG-1	20044	1638	73	4.483188044831881
GSM6339599	CACTTTGTCGCTAAAC-1	20044	11735	529	4.432240727136758
GSM6339599	CAGAACCGTAAGCTTG-1	20044	4380	186	4.70497244690793
GSM6339599	CAGAACCGTATACTGG-1	20044	13440	642	4.182733154695772
GSM6339599	CAGAACCGTCCTTCAG-1	20044	10880	434	5.0088160687239025
GSM6339599	CAGAACCGTTTAACCC-1	20044	5287	218	4.845613102493836
GSM6339599	CAGAATCTCATTAGCA-1	20044	3325	134	4.957728838325853
GSM6339599	CAGAATCTCCCTCAGT-1	20044	2485	104	4.774072081764389
GSM6339599	CAGAATCTCTAGCGAT-1	20044	1738	80	4.34065934065934
GSM6339599	CAGAATCTCTCGCCTG-1	20044	13403	644	4.158264096152295
GSM6339599	CAGAATCTCTTGAGGT-1	20044	1636	87	3.757162377852033
GSM6339599	CAGATTCAGCAGGTGG-1	20044	10241	427	4.791929382093317
GSM6339599	CAGATTCAGCTTCTCA-1	20044	5478	234	4.67737390814314
GSM6339599	CAGATTCAGGTCCTGA-1	20044	11490	540	4.251304251304251
GSM6339599	CAGATTCAGTTTCCTG-1	20044	7733	331	4.667839713156933
GSM6339599	CAGCAAGCAATGAATG-1	20044	7615	328	4.638654028897932
GSM6339599	CAGCAAGCAATTATGC-1	20044	10333	462	4.468691481678494
GSM6339599	CAGCAAGCAGCTCATA-1	20044	12783	611	4.1801079444287295
GSM6339599	CAGCAAGCAGGCTGTT-1	20044	3256	187	3.478874067109361
GSM6339599	CAGCATGTCAATCATG-1	20044	12503	554	4.509209202349997
GSM6339599	CAGCATGTCATGCTCC-1	20044	5019	214	4.685968237370107
GSM6339599	CAGCATGTCCCTGATC-1	20044	7730	346	4.4637443481374115
GSM6339599	CAGCATGTCCTTGAGG-1	20044	12123	603	4.016878643744316
GSM6339599	CAGCATGTCGTCATTT-1	20044	5494	240	4.573759573759574
GSM6339599	CAGCATTAGAAACTGG-1	20044	10325	455	4.5339276108506885
GSM6339599	CAGCATTAGATGGACA-1	20044	4244	169	5.017467739361231
GSM6339599	CAGCATTAGATTCCTT-1	20044	944	34	5.5473937826879
GSM6339599	CAGCATTAGCCAGGTC-1	20044	2306	114	4.041572462625094
GSM6339599	CAGCCAATCAGCTAAC-1	20044	6753	300	4.497502497502498
GSM6339599	CAGCCAATCTTGAGCG-1	20044	12750	570	4.469214995530785
GSM6339599	CAGCCAATCTTTGTAC-1	20044	7299	317	4.600446871740248
GSM6339599	CAGCCTAAGCTGTAAC-1	20044	12037	522	4.607270124511504
GSM6339599	CAGCCTAAGGTATTGC-1	20044	637	23	5.533596837944664
GSM6339599	CAGCCTTTCAAGTGTC-1	20044	8321	331	5.022771790143391
GSM6339599	CAGCCTTTCACGAATC-1	20044	1503	65	4.619995389226158
GSM6339599	CAGCCTTTCAGCAAAG-1	20044	921	37	4.973404973404974
GSM6339599	CAGCCTTTCCCTCTAA-1	20044	1865	114	3.268661163398006
GSM6339599	CAGCCTTTCTTTAAGG-1	20044	9023	435	4.144361385740696
GSM6339599	CAGCTAAGTAGGTTAT-1	20044	3890	166	4.682064923028779
GSM6339599	CAGCTAAGTCGAAGTC-1	20044	9929	477	4.158943781585291
GSM6339599	CAGCTAAGTCTCACTG-1	20044	6684	283	4.718955955705072
GSM6339599	CAGCTATAGAACCTGT-1	20044	13181	699	3.7676200766329524
GSM6339599	CAGCTATAGATGCCTG-1	20044	1360	77	3.528938593873659
GSM6339599	CAGCTATAGCAATAGG-1	20044	6371	234	5.4398592860131325
GSM6339599	CAGCTATAGTCAATTG-1	20044	12214	502	4.8612741839833475
GSM6339599	CAGCTCAAGCACGATT-1	20044	10378	474	4.374528425161336
GSM6339599	CAGCTCAAGCCGCAAC-1	20044	13724	635	4.318201483555815
GSM6339599	CAGCTCAAGTAATCCA-1	20044	10674	517	4.125081881368148
GSM6339599	CAGCTCAAGTTGGGCC-1	20044	16339	848	3.849688047801255
GSM6339599	CAGGAAGGTAGGTTGC-1	20044	4912	223	4.400980185733549
GSM6339599	CAGGAAGGTCAGGCCA-1	20044	4842	213	4.541936936303133
GSM6339599	CAGGAAGGTGCAATGC-1	20044	4562	221	4.124382404925392
GSM6339599	CAGGAAGGTGCACGCA-1	20044	10262	450	4.556332556332556
GSM6339599	CAGGAAGGTGGATTGC-1	20044	2048	88	4.649895558986468
GSM6339599	CAGGACACACGGTACT-1	20044	9865	392	5.028135130175947
GSM6339599	CAGGACACAGCAACAG-1	20044	4749	229	4.143454798476633
GSM6339599	CAGGACACATGTTGCA-1	20044	10653	485	4.388601089632018
GSM6339599	CAGGACCTCATAGACC-1	20044	588	24	4.895104895104895
GSM6339599	CAGGACCTCATCCTGC-1	20044	1786	70	5.09775938347367
GSM6339599	CAGGACCTCCAATAGC-1	20044	582	24	4.845154845154845
GSM6339599	CAGGACCTCGATTTAG-1	20044	330	15	4.395604395604396
GSM6339599	CAGGACCTCTCCTCAA-1	20044	2069	96	4.306110556110556
GSM6339599	CAGGATGCAATATACC-1	20044	5969	233	5.118486663551041
GSM6339599	CAGGATGCACTGGCTG-1	20044	5499	249	4.412455014864653
GSM6339599	CAGGATGCAGCAGGTA-1	20044	10750	432	4.9718799718799715
GSM6339599	CAGGATGCAGCTCAAC-1	20044	11251	535	4.201779528882333
GSM6339599	CAGGATGCATAAGGAC-1	20044	11339	644	3.5179106607678037
GSM6339599	CAGGATGCATAAGTCT-1	20044	4838	197	4.906768358545008
GSM6339599	CAGGATGCATGCTTAG-1	20044	4253	172	4.940408428780522
GSM6339599	CAGGCTATCACGCCAA-1	20044	13464	657	4.094535601384917
GSM6339599	CAGGCTATCAGCAAGA-1	20044	1545	56	5.512344798059083
GSM6339599	CAGGCTATCTTGACCC-1	20044	8114	367	4.417380984138477
GSM6339599	CAGGCTGGTATTTGCC-1	20044	6131	235	5.212659680744787
GSM6339599	CAGGCTGGTTTGGGCG-1	20044	8145	391	4.162078330876285
GSM6339599	CAGGGCTTCCACCTTA-1	20044	10232	461	4.434610942203133
GSM6339599	CAGGGCTTCCGCAACA-1	20044	3005	130	4.618458464612311
GSM6339599	CAGGGCTTCCTGGTGA-1	20044	11448	511	4.476150073018958
GSM6339599	CAGGGCTTCTGTGAGT-1	20044	14323	553	5.17493356553031
GSM6339599	CAGGGTGAGCAAGATG-1	20044	11190	476	4.696983688580327
GSM6339599	CAGGGTGAGCACGTTG-1	20044	5851	245	4.771554975636608
GSM6339599	CAGGGTGAGCGTGCAC-1	20044	1463	67	4.3628013777267505
GSM6339599	CAGGGTGAGGTCCGTA-1	20044	16524	739	4.467521652907309
GSM6339599	CAGGGTGAGTTTGGGT-1	20044	1813	84	4.312354312354313
GSM6339599	CAGGTCCAGAAGGTGC-1	20044	14422	695	4.146069757580548
GSM6339599	CAGGTCCAGCTATTGA-1	20044	11854	597	3.967222057674319
GSM6339599	CAGGTCCAGCTGGAAA-1	20044	14275	643	4.435688728068199
GSM6339599	CAGGTCCAGCTTGCTC-1	20044	5795	240	4.824342324342324
GSM6339599	CAGGTCCAGGGACGCA-1	20044	14550	641	4.535246344918732
GSM6339599	CAGGTGGAGACTTATG-1	20044	9284	425	4.364576599870718
GSM6339599	CAGGTGGAGATAGACG-1	20044	10859	505	4.296297761644297
GSM6339599	CAGGTGGAGCTTTGTT-1	20044	11823	545	4.33438121511516
GSM6339599	CAGGTGGAGGAGCACG-1	20044	13518	636	4.246696699526888
GSM6339599	CAGGTGGAGGAGTAAT-1	20044	2382	96	4.957542457542457
GSM6339599	CAGGTGGAGGCCAATT-1	20044	13590	711	3.8189658442822996
GSM6339599	CAGGTGGAGGCCTAAT-1	20044	15190	723	4.197738637572662
GSM6339599	CAGGTGGAGTAGCCAT-1	20044	14930	674	4.425841221093447
GSM6339599	CAGGTGGAGTTAACCA-1	20044	13040	671	3.882853361243823
GSM6339599	CAGGTTAGTTAATGAC-1	20044	5043	220	4.579965489056398
GSM6339599	CAGGTTAGTTAGCATG-1	20044	665	26	5.110274341043572
GSM6339599	CAGGTTAGTTTATGGG-1	20044	1635	75	4.355644355644356
GSM6339599	CAGGTTTAGGGACGCA-1	20044	15204	733	4.144286818229519
GSM6339599	CAGGTTTAGGTAAGCA-1	20044	328	13	5.041112733420426
GSM6339599	CAGGTTTAGTTATTCC-1	20044	10457	461	4.532127308699977
GSM6339599	CAGTACCCACCTGCCT-1	20044	11071	492	4.495910593471569
GSM6339599	CAGTACCCAGGAATCG-1	20044	14383	698	4.117086352043372
GSM6339599	CAGTACCCAGGCAAGC-1	20044	7739	306	5.0531168178226995
GSM6339599	CAGTATGGTTGCAGTA-1	20044	846	34	4.971499089146148
GSM6339599	CATAACGGTAGGTTGC-1	20044	3463	130	5.322369937754553
GSM6339599	CATAACGGTGTTTGAG-1	20044	11937	522	4.568994224166638
GSM6339599	CATAAGCTCAAATCGC-1	20044	1294	63	4.103832675261247
GSM6339599	CATAAGCTCAAGGACA-1	20044	10075	493	4.083137957377309
GSM6339599	CATAAGCTCAATCTAG-1	20044	4391	197	4.453414605698869
GSM6339599	CATAAGCTCGATCAGT-1	20044	15409	776	3.967424328249071
GSM6339599	CATAAGCTCGTTCACC-1	20044	8964	357	5.01683190758821
GSM6339599	CATAATCCAAAGCGCA-1	20044	10825	550	3.932431205158478
GSM6339599	CATAATCCACGTTACA-1	20044	4611	180	5.118215118215118
GSM6339599	CATAATCCAGCAAATA-1	20044	8978	365	4.914537517277243
GSM6339599	CATAATCCAGCTTAAT-1	20044	3002	159	3.7723283006301873
GSM6339599	CATAATCCATCGTTCT-1	20044	12279	534	4.59428212237201
GSM6339599	CATAATCCATGAGCAG-1	20044	14119	623	4.528056213449472
GSM6339599	CATAATCCATTATGCG-1	20044	10887	470	4.628137819627181
GSM6339599	CATAATCCATTCCTCG-1	20044	4081	154	5.294705294705294
GSM6339599	CATAATGTCAATACGC-1	20044	1217	51	4.767781238369474
GSM6339599	CATAATGTCATAATCG-1	20044	1068	55	3.8797566070293343
GSM6339599	CATAATGTCCTCCTAA-1	20044	845	26	6.493506493506493
GSM6339599	CATAATGTCGGTCAAT-1	20044	791	24	6.585081585081586
GSM6339599	CATAATGTCGTTACTT-1	20044	2550	118	4.317716182122962
GSM6339599	CATAGACTCTCGCCTG-1	20044	10582	537	3.937217345038574
GSM6339599	CATAGCTAGCCGCTAA-1	20044	9968	473	4.210588565768269
GSM6339599	CATAGCTAGGTAAGCA-1	20044	3030	141	4.293578761663868
GSM6339599	CATAGCTAGTACCGCA-1	20044	13793	705	3.908998802615824
GSM6339599	CATAGCTAGTTAGACC-1	20044	12606	574	4.387946548225294
GSM6339599	CATAGGCGTATTGTGG-1	20044	3899	142	5.486063232542106
GSM6339599	CATAGGCGTGTTAGCA-1	20044	1020	38	5.363057994636941
GSM6339599	CATAGGCGTTATAGCG-1	20044	18182	883	4.114119176406832
GSM6339599	CATAGGCGTTCAAGCA-1	20044	12369	588	4.202939917225631
GSM6339599	CATAGGTTCCTGATTT-1	20044	9644	379	5.084097960087406
GSM6339599	CATAGGTTCTAGCGTG-1	20044	9949	418	4.755531549789923
GSM6339599	CATAGGTTCTTGAGCG-1	20044	7832	326	4.80010786759253
GSM6339599	CATAGTCAGATTGAGG-1	20044	10686	495	4.313262495080677
GSM6339599	CATAGTCAGGCATTAC-1	20044	8987	385	4.663907521050378
GSM6339599	CATAGTCAGTCACCTC-1	20044	1918	84	4.562104562104562
GSM6339599	CATAGTCAGTTGCGTG-1	20044	9351	459	4.070439364557012
GSM6339599	CATATCGCAAATGCCC-1	20044	335	9	7.437007437007437
GSM6339599	CATATCGCAAGGACCA-1	20044	10466	490	4.267569165528349
GSM6339599	CATCAATCAATACTGT-1	20044	10147	469	4.322756135122873
GSM6339599	CATCACACAAACCTTG-1	20044	10107	444	4.548154548154548
GSM6339599	CATCACACAATTTGGT-1	20044	6057	257	4.708909767275527
GSM6339599	CATCACACACCTGCTC-1	20044	14603	716	4.074975304025584
GSM6339599	CATCACACACGAATTT-1	20044	12127	591	4.0997919170508
GSM6339599	CATCACACACTGGCTG-1	20044	2902	112	5.176965891251605
GSM6339599	CATCACACAGCAACAG-1	20044	16242	650	4.99254591562284
GSM6339599	CATCACACAGGATAAC-1	20044	1834	75	4.8857808857808855
GSM6339599	CATCACACATAGCTGC-1	20044	6598	296	4.453654453654454
GSM6339599	CATCAGCCAAGCTAAA-1	20044	1464	77	3.798798603993409
GSM6339599	CATCAGCCATGCAACC-1	20044	5471	262	4.1721637141484464
GSM6339599	CATCAGCCATGTTGTG-1	20044	7425	292	5.080535902453711
GSM6339599	CATCATAAGATACTTG-1	20044	948	52	3.642511334819027
GSM6339599	CATCATAAGCTTAGCG-1	20044	8772	447	3.9209113034616396
GSM6339599	CATCATAAGGACCTGC-1	20044	10483	479	4.37266282777765
GSM6339599	CATCATAAGGAGTAAT-1	20044	488	28	3.4822320536606246
GSM6339599	CATCATAAGTTTGGGT-1	20044	1735	78	4.444273675042906
GSM6339599	CATCATGCAAGGCCAA-1	20044	5690	239	4.756749526624003
GSM6339599	CATCATGCAGGACCTT-1	20044	4955	211	4.6919904739809954
GSM6339599	CATCATGCATATTGAC-1	20044	3713	134	5.536254789986133
GSM6339599	CATCATGCATCATGTG-1	20044	7246	360	4.021534021534022
GSM6339599	CATCATGCATTATGGT-1	20044	769	33	4.6559501104955645
GSM6339599	CATCCCAGTCATTGAG-1	20044	3158	129	4.8912327982095425
GSM6339599	CATCCCAGTGCTAGCG-1	20044	13253	647	4.0926615887976014
GSM6339599	CATCCCAGTGTTGTAG-1	20044	20349	859	4.7331015899118345
GSM6339599	CATCCCAGTTAACAGT-1	20044	9949	460	4.3213308430699735
GSM6339599	CATCCCAGTTGCTGGG-1	20044	8832	373	4.730925910550575
GSM6339599	CATCCTCAGGCGCTTA-1	20044	6479	290	4.463812050018947
GSM6339599	CATCCTGGTATTGTCC-1	20044	7477	349	4.2805332203613
GSM6339599	CATCCTGGTGTTTGTC-1	20044	9027	337	5.3519181115620285
GSM6339599	CATCCTGGTTACAAAC-1	20044	6742	264	5.102473284291466
GSM6339599	CATCCTGGTTACGCAA-1	20044	6331	289	4.376937940951782
GSM6339599	CATCCTGGTTTAGCTC-1	20044	11171	500	4.463936063936064
GSM6339599	CATCGCTTCAAACTCA-1	20044	10700	487	4.3898606526943285
GSM6339599	CATCGCTTCACTAATG-1	20044	14293	732	3.901289966863737
GSM6339599	CATCGCTTCATTACGA-1	20044	5447	293	3.7143743628385266
GSM6339599	CATCGCTTCCAGCACA-1	20044	814	33	4.9284049284049285
GSM6339599	CATCGCTTCTGGCAAT-1	20044	7409	321	4.611587789157882
GSM6339599	CATCGCTTCTTGCAGG-1	20044	8942	386	4.628532089671986
GSM6339599	CATGAGGCAATTGAGA-1	20044	10370	352	5.886159295250204
GSM6339599	CATGAGGCAATTTGGT-1	20044	10314	453	4.549093290815145
GSM6339599	CATGAGGCAGCAGGTA-1	20044	12858	503	5.107417433461171
GSM6339599	CATGAGGCAGCTTAGC-1	20044	11040	461	4.784803049445132
GSM6339599	CATGAGGCAGTACCGT-1	20044	13031	574	4.535882236230668
GSM6339599	CATGAGGCAGTTATGT-1	20044	6452	258	4.996553833763135
GSM6339599	CATGAGGCATAATTGC-1	20044	14894	703	4.23303581198318
GSM6339599	CATGAGGCATCCCGCT-1	20044	1114	43	5.176219129707502
GSM6339599	CATGCAAGTACCCACC-1	20044	2310	99	4.662004662004661
GSM6339599	CATGCAAGTGCTCACC-1	20044	7682	331	4.63705478811219
GSM6339599	CATGCAAGTTACTTGC-1	20044	8513	384	4.429424741924742
GSM6339599	CATGCAAGTTCCTCCT-1	20044	1505	35	8.591408591408593
GSM6339599	CATGCAAGTTGAGCCG-1	20044	11748	553	4.244580013115275
GSM6339599	CATGCATAGCCAAATC-1	20044	4700	203	4.625915955965218
GSM6339599	CATGCATAGGAGTAAT-1	20044	638	25	5.0989010989010985
GSM6339599	CATGCATAGTTGCCTC-1	20044	1771	82	4.315196998123827
GSM6339599	CATGCGCAGAGCCGGA-1	20044	1657	81	4.08727075393742
GSM6339599	CATGCGCAGAGGATAT-1	20044	2391	103	4.638080366235705
GSM6339599	CATGCGCAGCATGTCG-1	20044	10678	447	4.772855779567189
GSM6339599	CATGCGCAGCCTGAGC-1	20044	15403	764	4.028170782097484
GSM6339599	CATGCGCAGCTAAGTC-1	20044	13677	576	4.744214119214119
GSM6339599	CATGCGCAGGACCTCA-1	20044	10692	532	4.0155333388416095
GSM6339599	CATGCGCAGGTGCTGC-1	20044	4021	145	5.540666230321404
GSM6339599	CATGCGCAGTCATCCC-1	20044	1221	46	5.303392259913999
GSM6339599	CATGCGGGTAGGTGTC-1	20044	9929	450	4.408480408480409
GSM6339599	CATGCGGGTGCTAGCG-1	20044	13583	606	4.4783599239044785
GSM6339599	CATGCGGGTTACCGGG-1	20044	4035	168	4.798772655915513
GSM6339599	CATGCGGGTTAGCAGC-1	20044	8165	332	4.913760937857324
GSM6339599	CATGCGGGTTCACCAT-1	20044	9700	420	4.614433185861757
GSM6339599	CATGCGGGTTTAACCC-1	20044	16323	790	4.128276786504634
GSM6339599	CATGGATTCTCGCCCA-1	20044	10824	486	4.449871116537783
GSM6339599	CATGGCGGTAACCTAG-1	20044	11755	512	4.587209665334665
GSM6339599	CATGGCGGTCCTCCAA-1	20044	2441	95	5.133813554866187
GSM6339599	CATGGCGGTTGCTTCG-1	20044	3089	120	5.143190143190143
GSM6339599	CATTATCTCATGCCTC-1	20044	3238	125	5.175624375624375
GSM6339599	CATTATCTCTTGTCCA-1	20044	10445	514	4.060142192437913
GSM6339599	CATTATGAGAAGGTGC-1	20044	16758	874	3.830951657038613
GSM6339599	CATTATGAGCAGCTCA-1	20044	474	20	4.735264735264735
GSM6339599	CATTATGAGCCTGACA-1	20044	11639	598	3.888753387081146
GSM6339599	CATTATGAGGTCGAGG-1	20044	12289	530	4.632725764801236
GSM6339599	CATTATGAGTTCCTCA-1	20044	3026	152	3.9776013460223987
GSM6339599	CATTCATTCCCTCAAC-1	20044	11516	511	4.502737966534444
GSM6339599	CATTCATTCCGCCTCA-1	20044	13241	530	4.9916121614234825
GSM6339599	CATTCATTCCGCTAGA-1	20044	16197	771	4.197359061172291
GSM6339599	CATTCCTCAACACTTG-1	20044	4389	162	5.413105413105413
GSM6339599	CATTCCTCACGTAAGG-1	20044	9712	421	4.609167554535726
GSM6339599	CATTCCTCAGAATGAC-1	20044	5371	232	4.625546866926177
GSM6339599	CATTCCTCAGGAATCG-1	20044	13888	713	3.8917604134995436
GSM6339599	CATTCCTCAGGACCAA-1	20044	11803	611	3.859642812179637
GSM6339599	CATTCCTCATCTAGCA-1	20044	12836	620	4.136508652637684
GSM6339599	CATTGCGAGCAAGACA-1	20044	8769	407	4.304786122967941
GSM6339599	CATTGCGAGCATCCAG-1	20044	942	43	4.3770183305067025
GSM6339599	CATTGCGAGCTAAGTC-1	20044	10442	432	4.829429829429829
GSM6339599	CATTGCGAGGACACTT-1	20044	8820	369	4.775712092785263
GSM6339599	CATTGCGAGGGACTAA-1	20044	10802	493	4.377772329090788
GSM6339599	CATTGCGAGGTCTTGG-1	20044	13974	784	3.5612346836836632
GSM6339599	CATTGTAAGCGTGCAC-1	20044	385	7	10.989010989010989
GSM6339599	CATTGTGCACACCAAC-1	20044	1817	75	4.84049284049284
GSM6339599	CATTGTGCACGGTTTA-1	20044	17601	806	4.363130665860194
GSM6339599	CATTGTGCACTCAACA-1	20044	12583	602	4.176222448647699
GSM6339599	CATTGTGCATAAGTCT-1	20044	20126	849	4.73637081410933
GSM6339599	CATTGTGCATAGGCGA-1	20044	8885	374	4.746590308087634
GSM6339599	CATTTGTTCAAATCGC-1	20044	12539	652	3.8424765418630455
GSM6339599	CATTTGTTCAACAAGG-1	20044	15080	704	4.2798110979929165
GSM6339599	CCAAACCCACTGACTA-1	20044	7137	339	4.206413055970578
GSM6339599	CCAAACTAGAGAGGCT-1	20044	937	41	4.566165541775298
GSM6339599	CCAAACTAGCTGAGGG-1	20044	11088	512	4.326923076923077
GSM6339599	CCAAACTAGGAGCAAC-1	20044	2219	112	3.958541458541458
GSM6339599	CCAAACTAGTCAGTAC-1	20044	10396	486	4.273915385026496
GSM6339599	CCAAACTAGTTTCCGC-1	20044	4598	222	4.138204138204138
GSM6339599	CCAAATCAGCCGCTAA-1	20044	844	63	2.676688390974105
GSM6339599	CCAAATCAGCTATATG-1	20044	10492	502	4.175903777497403
GSM6339599	CCAAATCAGGTAAGGC-1	20044	6577	266	4.940172609345542
GSM6339599	CCAAATCAGGTATTGC-1	20044	596	28	4.2528899671756815
GSM6339599	CCAACATAGAATCGCT-1	20044	9192	426	4.311181775970509
GSM6339599	CCAACATAGCAATAGG-1	20044	4108	180	4.559884559884559
GSM6339599	CCAACATAGCTCAAAC-1	20044	6598	300	4.394272394272394
GSM6339599	CCAACATAGGAGTAAT-1	20044	1571	68	4.615972263031086
GSM6339599	CCAACATAGGGTGAGT-1	20044	323	20	3.2267732267732265
GSM6339599	CCAACCAAGAGGAAGG-1	20044	13745	647	4.244596207501926
GSM6339599	CCAACCAAGCCGCTTT-1	20044	1782	81	4.395604395604395
GSM6339599	CCAACCAAGTAACGAG-1	20044	15667	845	3.704461219254119
GSM6339599	CCAACCAAGTCACTCC-1	20044	8984	431	4.164744767993029
GSM6339599	CCAACCAAGTCGCAAT-1	20044	5479	277	3.952004674026335
GSM6339599	CCAACCCGTAAGGTCC-1	20044	12189	616	3.9535140184490833
GSM6339599	CCAACCCGTAGGTGTC-1	20044	9724	421	4.614862572107227
GSM6339599	CCAACCCGTCCAAATG-1	20044	9212	369	4.98796596357572
GSM6339599	CCAACCCGTTCACTGT-1	20044	4026	185	4.348084348084348
GSM6339599	CCAACCCGTTGCACGG-1	20044	20550	936	4.3866390020236175
GSM6339599	CCAAGGCTCAGAAACG-1	20044	3338	174	3.8329486605348677
GSM6339599	CCAAGGCTCCGTCCAT-1	20044	514	21	4.890347747490606
GSM6339599	CCAAGGCTCCTAGTCC-1	20044	20300	891	4.552125764246976
GSM6339599	CCAAGGCTCTTGCATT-1	20044	1601	50	6.397602397602397
GSM6339599	CCAAGTTAGCAGCTAT-1	20044	8890	396	4.485413576322667
GSM6339599	CCAAGTTAGCGATAAG-1	20044	10402	486	4.276382054159832
GSM6339599	CCAAGTTAGTGAACGA-1	20044	4785	176	5.432067932067932
GSM6339599	CCAATATCAACGTGCT-1	20044	7020	273	5.137719423433709
GSM6339599	CCACAATAGCTTATGA-1	20044	7573	262	5.775140889644707
GSM6339599	CCACAATAGGCTCATG-1	20044	355	12	5.910755910755911
GSM6339599	CCACAATAGGTGTCCA-1	20044	6336	314	4.031637152656261
GSM6339599	CCACACAAGGAGGTTA-1	20044	9796	384	5.096986346986347
GSM6339599	CCACACAAGGCATGTT-1	20044	7771	377	4.118427991107036
GSM6339599	CCACACAAGGCCGGAA-1	20044	1139	46	4.947226686357121
GSM6339599	CCACACAAGGGTTAGA-1	20044	11525	537	4.288076913775238
GSM6339599	CCACACAAGTAATCCA-1	20044	12693	607	4.178029548705002
GSM6339599	CCACACAAGTAGGCGG-1	20044	17644	871	4.047387744287859
GSM6339599	CCACAGGGTACGGGTT-1	20044	1670	74	4.509004509004509
GSM6339599	CCACAGGGTACGGTAC-1	20044	12618	604	4.173971723640598
GSM6339599	CCACAGGGTAGGATTT-1	20044	10261	429	4.778904079603381
GSM6339599	CCACAGGGTATGGTGC-1	20044	10614	532	3.9862393245851893
GSM6339599	CCACAGGGTGCAATGC-1	20044	7638	318	4.798974610295365
GSM6339599	CCACATTGTGATCATG-1	20044	5824	226	5.148833467417539
GSM6339599	CCACATTGTTACAAAC-1	20044	4849	205	4.726005701615459
GSM6339599	CCACATTGTTGTTCAC-1	20044	3586	167	4.290320457985129
GSM6339599	CCACTTGGTAGTTACG-1	20044	594	25	4.747252747252747
GSM6339599	CCACTTGGTCATTGTC-1	20044	17897	803	4.453081165409933
GSM6339599	CCACTTGGTGTAACCA-1	20044	10965	479	4.573714385822945
GSM6339599	CCAGACTCACGAACAG-1	20044	10459	526	3.9728332503997903
GSM6339599	CCAGACTCAGGGAGGA-1	20044	13961	629	4.434675022910317
GSM6339599	CCAGCCTGTTAGTACG-1	20044	16603	838	3.958571261673886
GSM6339599	CCAGCTAAGCAGGTTT-1	20044	12557	654	3.8362249371423682
GSM6339599	CCAGCTAAGCCTGAGC-1	20044	6215	259	4.794433365861938
GSM6339599	CCAGCTAAGCCTTAAA-1	20044	11113	513	4.32822538085696
GSM6339599	CCAGCTAAGGATAAAC-1	20044	4378	191	4.57971348023704
GSM6339599	CCAGCTAAGGGACCTC-1	20044	2161	94	4.593279061364168
GSM6339599	CCAGCTAAGTCAGTAC-1	20044	6854	254	5.391458934766021
GSM6339599	CCAGCTGCAATACTGT-1	20044	4994	234	4.264111956419649
GSM6339599	CCAGCTGCAGGACCAA-1	20044	7899	346	4.561334619138087
GSM6339599	CCAGCTGCAGGCATGA-1	20044	4853	257	3.772880815682372
GSM6339599	CCAGCTGCATGTTGCA-1	20044	10435	441	4.727698605249626
GSM6339599	CCAGGAACAAAGCGCA-1	20044	9776	409	4.775664433366145
GSM6339599	CCAGGAACAAATACCT-1	20044	9267	408	4.5381089498736555
GSM6339599	CCAGGAACAATAACCT-1	20044	9713	497	3.904747164304508
GSM6339599	CCAGGAACACCAGCAT-1	20044	12003	512	4.683987887112887
GSM6339599	CCAGGAACAGGTTATT-1	20044	8746	436	4.007918686817769
GSM6339599	CCAGGAACAGTTTGGC-1	20044	18855	784	4.805143835756081
GSM6339599	CCAGGATGTAATGACT-1	20044	9752	466	4.181226498823065
GSM6339599	CCAGGATGTCCTAAGA-1	20044	5409	196	5.51387388122082
GSM6339599	CCAGGATGTCTCAGCC-1	20044	9490	456	4.158122579175211
GSM6339599	CCAGGATGTGCAACTA-1	20044	9120	372	4.89832747897264
GSM6339599	CCAGTTTGTACAAAGA-1	20044	4377	201	4.350873007589426
GSM6339599	CCAGTTTGTATGGTGC-1	20044	1121	56	3.9995718567147134
GSM6339599	CCAGTTTGTCTCACTG-1	20044	3486	129	5.399251910879817
GSM6339599	CCAGTTTGTCTTGCAT-1	20044	2933	117	5.008666547128086
GSM6339599	CCAGTTTGTGATCAGC-1	20044	8720	406	4.291275227235818
GSM6339599	CCAGTTTGTGATCATG-1	20044	1994	92	4.330452156539113
GSM6339599	CCAGTTTGTGATGAGG-1	20044	2180	116	3.7548658238313415
GSM6339599	CCAGTTTGTTAAGCTG-1	20044	935	50	3.7362637362637363
GSM6339599	CCATAAATCCAAGTTA-1	20044	982	54	3.633403633403633
GSM6339599	CCATAAATCCCGCCTA-1	20044	3504	149	4.698657047650336
GSM6339599	CCATAAATCCTCACTA-1	20044	8210	349	4.700170889282637
GSM6339599	CCATAAGGTAATGGCC-1	20044	12812	574	4.459651846411428
GSM6339599	CCATAAGGTCAGTAAT-1	20044	8165	337	4.840856472903951
GSM6339599	CCATAAGGTTACCGGG-1	20044	11613	581	3.9935967646811026
GSM6339599	CCATAATCAACCCTCC-1	20044	12547	612	4.096230566818802
GSM6339599	CCATAATCAAGATTCT-1	20044	11468	539	4.251036533040244
GSM6339599	CCATAATCAAGCGAGC-1	20044	12046	474	5.077622799141786
GSM6339599	CCATAATCAGAAATGC-1	20044	3659	124	5.895717186039767
GSM6339599	CCATAATCATCGCTTT-1	20044	14931	799	3.7336880891323947
GSM6339599	CCATAGCCAATAATCC-1	20044	5821	287	4.052393599431927
GSM6339599	CCATAGCCAATTGAAG-1	20044	1737	53	6.548168812319755
GSM6339599	CCATAGCCACTTAGGC-1	20044	958	49	3.9062977838488044
GSM6339599	CCATAGCCATGTCAAT-1	20044	2254	68	6.622788975730152
GSM6339599	CCATATTTCAAGTGTC-1	20044	12471	505	4.934075825164935
GSM6339599	CCATATTTCCTCCATA-1	20044	525	28	3.7462537462537457
GSM6339599	CCATATTTCGATTCTT-1	20044	971	40	4.85014985014985
GSM6339599	CCATATTTCTAAATCG-1	20044	584	25	4.667332667332667
GSM6339599	CCATATTTCTAACCTT-1	20044	366	15	4.875124875124875
GSM6339599	CCATATTTCTACCTAT-1	20044	503	27	3.7222037222037216
GSM6339599	CCATCACTCCAGCACA-1	20044	4159	168	4.946244231958518
GSM6339599	CCATCACTCCCAGTAG-1	20044	5065	234	4.324735093965864
GSM6339599	CCATCATGTAATCGCA-1	20044	13131	638	4.112188751687184
GSM6339599	CCATCATGTACAATGT-1	20044	5219	233	4.47535297320705
GSM6339599	CCATCATGTGAGCACT-1	20044	8718	354	4.9205032255879715
GSM6339599	CCATCATGTTGGATCA-1	20044	8519	356	4.781173882297478
GSM6339599	CCATTATTCAGGATGA-1	20044	480	19	5.047583994952416
GSM6339599	CCATTATTCATTTGTC-1	20044	265	11	4.813368449732086
GSM6339599	CCATTGTGTCCTAAGA-1	20044	13279	690	3.845140366879497
GSM6339599	CCATTGTGTGCACGCA-1	20044	6681	231	5.778636947468116
GSM6339599	CCATTGTGTTTAGTCC-1	20044	15888	918	3.457979928568164
GSM6339599	CCCAAACCAATAACGA-1	20044	13133	606	4.329993438904331
GSM6339599	CCCAAACCACCGGCTA-1	20044	8389	395	4.243351585123737
GSM6339599	CCCAAACCATCACTTC-1	20044	4876	203	4.799141744954553
GSM6339599	CCCAAACCATTGCAGC-1	20044	13602	666	4.080604080604081
GSM6339599	CCCAAATAGCTTATGA-1	20044	11593	549	4.2190960223747105
GSM6339599	CCCAAATAGGCAACAA-1	20044	1164	48	4.845154845154845
GSM6339599	CCCAAATAGGGTGGAT-1	20044	12178	542	4.489237699569803
GSM6339599	CCCAAATAGTAGGATG-1	20044	9488	422	4.492190274180796
GSM6339599	CCCAACCGTGAGAAAC-1	20044	1203	55	4.3701752792661885
GSM6339599	CCCAACCGTGCTGTAA-1	20044	10013	396	5.052018688382325
GSM6339599	CCCAACCGTTAAATGC-1	20044	11114	545	4.074457652439303
GSM6339599	CCCAACCGTTAGGCGT-1	20044	12533	538	4.654453353338112
GSM6339599	CCCAATTGTAGGTTAT-1	20044	4139	145	5.7032622549863925
GSM6339599	CCCAATTGTTGAATCG-1	20044	839	48	3.4923409923409925
GSM6339599	CCCAGCACACTGGCCA-1	20044	7241	351	4.121804121804122
GSM6339599	CCCAGCACAGAAATTG-1	20044	5698	309	3.684341548419219
GSM6339599	CCCAGCACAGCAACAG-1	20044	8738	341	5.119806879337671
GSM6339599	CCCAGCACATATTGAC-1	20044	5631	226	4.978207633074891
GSM6339599	CCCAGCACATGAATAG-1	20044	11445	500	4.573426573426573
GSM6339599	CCCAGCACATGGCCTG-1	20044	8611	362	4.752705857678233
GSM6339599	CCCAGCACATGTCGCG-1	20044	2656	121	4.385696947680419
GSM6339599	CCCAGTTTCAATACGC-1	20044	8523	345	4.935933631585805
GSM6339599	CCCAGTTTCCCTGGTT-1	20044	15391	771	3.9884888133915375
GSM6339599	CCCATAACACCTCAGG-1	20044	600	25	4.795204795204795
GSM6339599	CCCGCAACAACAGGAT-1	20044	10768	475	4.529365371470635
GSM6339599	CCCGCAACAGAAATTG-1	20044	10736	445	4.820348191134707
GSM6339599	CCCGCAACAGCCAGAA-1	20044	12368	576	4.29015429015429
GSM6339599	CCCGCAACATAAACCT-1	20044	6659	254	5.238069017596576
GSM6339599	CCCGCAACATAATGAG-1	20044	905	45	4.018204018204019
GSM6339599	CCCGCTTCAATAAGCA-1	20044	2736	105	5.206222349079491
GSM6339599	CCCGCTTCACATTGCA-1	20044	10061	483	4.161883664989255
GSM6339599	CCCGCTTCAGGCTACT-1	20044	4916	222	4.4244044244044245
GSM6339599	CCCGTAAAGACAACAG-1	20044	1221	69	3.5355948399426667
GSM6339599	CCCGTAAAGACTTATG-1	20044	8772	408	4.2957042957042955
GSM6339599	CCCGTAAAGGCAACAA-1	20044	3088	137	4.503525671408883
GSM6339599	CCCGTAAAGTAAGGGC-1	20044	10286	432	4.757279757279757
GSM6339599	CCCGTAAAGTCAATTG-1	20044	7558	344	4.389796250261367
GSM6339599	CCCGTAAAGTCAGGCC-1	20044	15611	631	4.943075941491156
GSM6339599	CCCGTAAAGTCTCACC-1	20044	6963	287	4.847417390971398
GSM6339599	CCCGTAAAGTGAACAG-1	20044	22497	1022	4.398145885425729
GSM6339599	CCCGTAAAGTTGCCTC-1	20044	3739	171	4.368730684520158
GSM6339599	CCCGTTGTCAAGGACA-1	20044	9347	385	4.850733681902513
GSM6339599	CCCGTTGTCACTCAAA-1	20044	10198	436	4.6733083430331135
GSM6339599	CCCGTTGTCAGGCTAT-1	20044	7859	317	4.953406215235868
GSM6339599	CCCGTTGTCCTTGAGG-1	20044	15015	653	4.594180704441041
GSM6339599	CCCGTTGTCCTTGTTG-1	20044	7617	316	4.816070005943423
GSM6339599	CCCGTTGTCGGTTCCT-1	20044	12347	607	4.064140143217573
GSM6339599	CCCTAATGTAACCACA-1	20044	7915	313	5.052455531688759
GSM6339599	CCCTAATGTAAGCACC-1	20044	14286	695	4.1069721645261215
GSM6339599	CCCTAATGTAAGGTTT-1	20044	7150	275	5.194805194805195
GSM6339599	CCCTAATGTAGCCTCC-1	20044	5999	265	4.523024145665656
GSM6339599	CCCTAATGTGGATTCA-1	20044	13090	650	4.023668639053255
GSM6339599	CCCTAATGTGTTGCAA-1	20044	2997	119	5.031942847068898
GSM6339599	CCCTAATGTTGCTGGG-1	20044	1852	93	3.9788168820426884
GSM6339599	CCCTCACCAAGCCACT-1	20044	10409	492	4.227073739268861
GSM6339599	CCCTCACCAAGCTAAA-1	20044	11139	505	4.407078070444407
GSM6339599	CCCTCACCACCTACGG-1	20044	2545	106	4.79708970275008
GSM6339599	CCCTCAGTCAAGTGTC-1	20044	11313	484	4.670123265164587
GSM6339599	CCCTCAGTCATTATGG-1	20044	9710	487	3.983695975482423
GSM6339599	CCCTCAGTCCCTGATC-1	20044	12209	549	4.443279853115919
GSM6339599	CCCTCAGTCCGGTTGA-1	20044	8877	453	3.9152900080052397
GSM6339599	CCCTCAGTCGGCCAGT-1	20044	11647	568	4.09695937864952
GSM6339599	CCCTCATAGGATAAAC-1	20044	10526	469	4.4842151451959555
GSM6339599	CCCTGGACAAACCTAT-1	20044	11161	528	4.22342808706445
GSM6339599	CCCTGGACAATAGCCC-1	20044	10587	438	4.829417158184281
GSM6339599	CCCTGGACAATTGAGA-1	20044	13367	581	4.596780156160535
GSM6339599	CCCTGGACAGGAAGCC-1	20044	15571	678	4.588626712520518
GSM6339599	CCCTGGACATCCGTAA-1	20044	10836	466	4.645997779044989
GSM6339599	CCCTGTTAGCCAGTAT-1	20044	4676	171	5.463542305647569
GSM6339599	CCCTGTTAGTCAATTG-1	20044	12556	624	4.020338635723251
GSM6339599	CCCTTAATCGCTAGCA-1	20044	10589	418	5.06144573130219
GSM6339599	CCCTTAATCGTGCTAG-1	20044	418	22	3.7962037962037964
GSM6339599	CCCTTAATCTCACATT-1	20044	21319	907	4.69629598626291
GSM6339599	CCCTTAATCTGCAAGT-1	20044	530	26	4.07285022669638
GSM6339599	CCGACAGGTCCTTTAA-1	20044	2108	96	4.387279387279388
GSM6339599	CCGACAGGTGTTGCAA-1	20044	458	15	6.100566100566101
GSM6339599	CCGACAGGTGTTTGAG-1	20044	9714	418	4.643203686265887
GSM6339599	CCGATGCAGACCATAC-1	20044	1974	61	6.465665482058925
GSM6339599	CCGATGCAGTACTGGT-1	20044	749	34	4.401480872069107
GSM6339599	CCGATGCAGTTAGCCG-1	20044	9425	428	4.39980580167496
GSM6339599	CCGCAAATCCAGCACA-1	20044	6010	274	4.382478835033579
GSM6339599	CCGCAAATCCTCATGC-1	20044	10585	505	4.187891316604189
GSM6339599	CCGCAAGGTCATTACC-1	20044	9069	415	4.366236173465088
GSM6339599	CCGCAAGGTGGAAACG-1	20044	3535	154	4.58632276814095
GSM6339599	CCGCACACAATCATGT-1	20044	9919	425	4.663101604278075
GSM6339599	CCGCACACACACTAAT-1	20044	7000	302	4.631130458945028
GSM6339599	CCGCACACATTGTGGC-1	20044	7778	386	4.026025787683819
GSM6339599	CCGCACACATTGTTGG-1	20044	12764	569	4.481985501317663
GSM6339599	CCGCCAACAAACCTTG-1	20044	385	28	2.7472527472527473
GSM6339599	CCGCCAACAAAGGCCA-1	20044	15078	743	4.054626396483732
GSM6339599	CCGCCAACAAGTGTTT-1	20044	7415	330	4.489449943995399
GSM6339599	CCGCCAACAATGCGCT-1	20044	7918	337	4.694415376907958
GSM6339599	CCGCCAACAGCAACAG-1	20044	9197	388	4.735985663820716
GSM6339599	CCGCCAACAGTTTGTG-1	20044	5493	240	4.572927072927073
GSM6339599	CCGCTAAAGAGGAGGA-1	20044	9779	459	4.256745433216022
GSM6339599	CCGCTAAAGGCAAGTA-1	20044	6093	324	3.7573537573537568
GSM6339599	CCGCTAAAGGCGAATA-1	20044	2792	121	4.610265767290561
GSM6339599	CCGCTAGCAACACTTG-1	20044	6708	294	4.558706599522926
GSM6339599	CCGCTAGCAACTGGCT-1	20044	15370	709	4.331352709349889
GSM6339599	CCGCTAGCACCACAAC-1	20044	4157	169	4.914612015203732
GSM6339599	CCGCTTAGTCCTCCAA-1	20044	8277	358	4.61940294342529
GSM6339599	CCGCTTAGTTGTTGGA-1	20044	10313	459	4.489192724486842
GSM6339599	CCGGTAGGTAACCACA-1	20044	11879	535	4.436311352199203
GSM6339599	CCGGTAGGTAATGGCC-1	20044	15157	644	4.702440416726131
GSM6339599	CCGGTAGGTCCTTCTC-1	20044	11136	483	4.6065735506729295
GSM6339599	CCGGTTAAGATGGACA-1	20044	7801	326	4.7811084620900575
GSM6339599	CCGGTTAAGCGATACT-1	20044	13850	567	4.880481070957261
GSM6339599	CCGGTTAAGCTGGACC-1	20044	14619	667	4.379129116760301
GSM6339599	CCGGTTAAGGAGGTTA-1	20044	19781	908	4.352695762387392
GSM6339599	CCGGTTAAGGCCATCA-1	20044	902	33	5.461205461205461
GSM6339599	CCGGTTAAGTTAGGCT-1	20044	9094	426	4.265218349725393
GSM6339599	CCGTGCTGTTAAGCGC-1	20044	10574	498	4.242344001380145
GSM6339599	CCGTGCTGTTAGGCGT-1	20044	18283	860	4.247612852264015
GSM6339599	CCGTTAACAATAACGA-1	20044	9301	432	4.301716801716801
GSM6339599	CCGTTAACACCTGTAA-1	20044	11585	576	4.018550893550894
GSM6339599	CCGTTAACAGGATGGC-1	20044	2623	146	3.589561123807699
GSM6339599	CCGTTAACAGGCTTGT-1	20044	9921	515	3.848966567413169
GSM6339599	CCGTTAACATACTCCT-1	20044	544	21	5.175776604348034
GSM6339599	CCGTTAACATCCCGCT-1	20044	800	48	3.33000333000333
GSM6339599	CCGTTACTCTGTGAGT-1	20044	2749	125	4.394005994005994
GSM6339599	CCGTTATGTAAGGTCC-1	20044	9510	431	4.408584454988168
GSM6339599	CCGTTATGTATTTGCC-1	20044	573	18	6.360306360306361
GSM6339599	CCGTTATGTCCAAATG-1	20044	13249	699	3.787057005941126
GSM6339599	CCGTTATGTCGACTAA-1	20044	8662	357	4.847813251174596
GSM6339599	CCGTTATGTCGTTATC-1	20044	16472	737	4.46554802050053
GSM6339599	CCGTTATGTGTGAGAG-1	20044	18098	753	4.802103606884483
GSM6339599	CCGTTATGTTTAACGG-1	20044	8522	329	5.175371740721285
GSM6339599	CCGTTGCGTAAGCACC-1	20044	9431	447	4.21547132956529
GSM6339599	CCGTTGCGTAAGGTCC-1	20044	6166	263	4.684289094935483
GSM6339599	CCGTTGCGTAGCTGCG-1	20044	2598	135	3.8450438450438447
GSM6339599	CCGTTGCGTCATCATC-1	20044	11889	558	4.257033289291354
GSM6339599	CCGTTGCGTGTAATAC-1	20044	991	18	11.000111000111001
GSM6339599	CCGTTGCGTTTGGCGG-1	20044	2319	94	4.929113439751738
GSM6339599	CCGTTTGGTAAGCTCA-1	20044	3670	152	4.824123245175877
GSM6339599	CCGTTTGGTGGGAACA-1	20044	13177	602	4.373367496291085
GSM6339599	CCGTTTGGTTAACAGT-1	20044	13023	543	4.791893189683245
GSM6339599	CCGTTTGGTTAATCGG-1	20044	1892	90	4.2002442002442
GSM6339599	CCGTTTGGTTACGCGG-1	20044	1627	70	4.643927501070358
GSM6339599	CCGTTTGGTTAGCTGA-1	20044	13966	636	4.387436462908161
GSM6339599	CCTAAAGGTGCACGCA-1	20044	8441	375	4.497369297369298
GSM6339599	CCTAAAGGTGTCACGG-1	20044	14910	684	4.35529382897804
GSM6339599	CCTAAAGGTGTCCTGC-1	20044	2286	91	5.019156667508316
GSM6339599	CCTAAAGGTGTTGTGA-1	20044	12425	566	4.38607329066693
GSM6339599	CCTAAAGGTTAGGTGC-1	20044	2363	110	4.292071564798837
GSM6339599	CCTAAAGGTTATGTGG-1	20044	11485	565	4.061425300363353
GSM6339599	CCTAAAGGTTGGCGTG-1	20044	14554	653	4.453127270891437
GSM6339599	CCTAAAGGTTTACTTG-1	20044	11251	528	4.257484939303121
GSM6339599	CCTAAATCATAAGTCT-1	20044	9633	458	4.202347870470141
GSM6339599	CCTAAGCCAGTATGTT-1	20044	3668	176	4.164017800381436
GSM6339599	CCTAAGCCATATAACC-1	20044	5799	268	4.323288651646861
GSM6339599	CCTAAGCCATCACTTC-1	20044	752	32	4.695304695304695
GSM6339599	CCTAAGGTCCTAGTTT-1	20044	13230	580	4.557511454063178
GSM6339599	CCTAAGGTCGATATTG-1	20044	15345	602	5.092913730787486
GSM6339599	CCTAAGTAGCTTAACA-1	20044	10610	425	4.987953223247341
GSM6339599	CCTAAGTAGGCGAAAC-1	20044	13287	626	4.2408071162064775
GSM6339599	CCTAAGTAGGGTTAGA-1	20044	7141	271	5.264845855251759
GSM6339599	CCTAATAAGCCACATG-1	20044	6423	279	4.599701373894923
GSM6339599	CCTAATAAGCTTATGA-1	20044	8030	374	4.289827819239584
GSM6339599	CCTAATAAGGGATGAC-1	20044	11016	531	4.145007534838044
GSM6339599	CCTAATAAGTAAAGGT-1	20044	18533	865	4.280805899303009
GSM6339599	CCTAATCGTAAGCACC-1	20044	1152	53	4.342826984336418
GSM6339599	CCTAATCGTACCGAAC-1	20044	9070	378	4.794147651290509
GSM6339599	CCTAATCGTGAACAAA-1	20044	1571	64	4.9044705294705295
GSM6339599	CCTAATCGTGAGGTAG-1	20044	6607	297	4.444713535622626
GSM6339599	CCTAATCGTGTTAGCA-1	20044	790	31	5.09168251103735
GSM6339599	CCTAATCGTTTGGCGG-1	20044	21055	1066	3.946335090800382
GSM6339599	CCTACTGGTAGTTACG-1	20044	578	31	3.7253069511134025
GSM6339599	CCTACTGGTCATAAGT-1	20044	1408	74	3.801603801603802
GSM6339599	CCTACTGGTCCTTAGT-1	20044	9740	387	5.028563168098052
GSM6339599	CCTACTGGTTATTGCC-1	20044	9068	378	4.793090507376222
GSM6339599	CCTACTTCAAACCCTA-1	20044	15544	806	3.8532187415562107
GSM6339599	CCTACTTCAACGTGCT-1	20044	3119	143	4.357879882355407
GSM6339599	CCTACTTCAATGCCTA-1	20044	1209	55	4.3919716646989375
GSM6339599	CCTACTTCACTAGGTC-1	20044	7629	337	4.523073365803336
GSM6339599	CCTACTTCACTTCACT-1	20044	13507	638	4.229939339657208
GSM6339599	CCTACTTCAGCAAGGC-1	20044	11761	627	3.7477673841310204
GSM6339599	CCTACTTCATTCAGCA-1	20044	2508	121	4.141313232222323
GSM6339599	CCTAGTTGTACGGTAC-1	20044	10574	542	3.8979470713788054
GSM6339599	CCTAGTTGTACTTCAC-1	20044	6206	304	4.078815920921184
GSM6339599	CCTATATTCATGGCTG-1	20044	7886	313	5.0339436920906575
GSM6339599	CCTATATTCCTGGCTT-1	20044	8912	406	4.385762021230002
GSM6339599	CCTATTGTCAACAAGG-1	20044	11810	545	4.329615338789651
GSM6339599	CCTATTGTCAGTATTG-1	20044	2780	109	5.095821609583077
GSM6339599	CCTATTGTCCGCTAGA-1	20044	14404	707	4.070611142746928
GSM6339599	CCTATTGTCCGTTAAA-1	20044	4833	205	4.710411539679833
GSM6339599	CCTATTGTCGCAACAT-1	20044	7336	303	4.837406817604838
GSM6339599	CCTATTGTCGTTAGCG-1	20044	1054	29	7.261703813427952
GSM6339599	CCTATTTAGCATGAAG-1	20044	2685	140	3.8318824033109746
GSM6339599	CCTCAAACAGATTCAT-1	20044	10882	503	4.32251644975303
GSM6339599	CCTCAAACAGCTTACA-1	20044	5678	226	5.019759002059888
GSM6339599	CCTCAAACAGGAACAT-1	20044	2734	106	5.153337228808927
GSM6339599	CCTCAAACATCATGTG-1	20044	4137	207	3.9931083409344277
GSM6339599	CCTCAATGTAAAGCAA-1	20044	2912	131	4.441360166551006
GSM6339599	CCTCAATGTTAACACG-1	20044	9828	463	4.241115256234047
GSM6339599	CCTCAATGTTAAGTGT-1	20044	912	52	3.504188119572735
GSM6339599	CCTCAATGTTCCAGGG-1	20044	4872	214	4.548722305731651
GSM6339599	CCTCAATGTTCGGTAA-1	20044	9948	445	4.466544691263793
GSM6339599	CCTCAGTTCCTCCTAA-1	20044	5692	270	4.2120842120842115
GSM6339599	CCTCAGTTCCTTAGGG-1	20044	4388	205	4.276698910845253
GSM6339599	CCTCAGTTCGGGATTT-1	20044	5095	226	4.504345212309814
GSM6339599	CCTCCTCTCATGCTCC-1	20044	9308	435	4.275264964920138
GSM6339599	CCTCCTCTCCCTCAAC-1	20044	13960	655	4.258337082764563
GSM6339599	CCTCCTCTCGCCTAAG-1	20044	10655	554	3.8427276694424704
GSM6339599	CCTCCTCTCTGGCATG-1	20044	3534	167	4.228107222119198
GSM6339599	CCTCCTCTCTTACTCG-1	20044	13415	607	4.415683163623855
GSM6339599	CCTCCTGAGCTTACTT-1	20044	1428	57	5.00552079499448
GSM6339599	CCTCCTGAGGCTTAAC-1	20044	13984	742	3.7655067304662992
GSM6339599	CCTCCTGAGGTCCACA-1	20044	19917	804	4.949528083856443
GSM6339599	CCTGAATAGACAACGA-1	20044	10538	453	4.647890740605972
GSM6339599	CCTGAATAGCGAGGTG-1	20044	5275	209	5.042804085866288
GSM6339599	CCTGAATAGCTACTGG-1	20044	7787	306	5.084458025634496
GSM6339599	CCTGAATAGGAGGCAT-1	20044	10777	497	4.332488437116204
GSM6339599	CCTGAATAGGCCTGGT-1	20044	11366	523	4.342120594510652
GSM6339599	CCTGAATAGGCTTAGT-1	20044	5753	253	4.54328280415237
GSM6339599	CCTGAATAGTGAACCT-1	20044	1681	71	4.7304807868188155
GSM6339599	CCTGAATAGTGGCGGA-1	20044	14142	699	4.042309621708763
GSM6339599	CCTGAATAGTTCCTCA-1	20044	8234	337	4.881765119153843
GSM6339599	CCTGACTTCACAGCGC-1	20044	9668	427	4.523813423110847
GSM6339599	CCTGACTTCCAACTGG-1	20044	17153	748	4.581781854509127
GSM6339599	CCTGACTTCCAGGAAA-1	20044	3167	144	4.394216894216894
GSM6339599	CCTGACTTCCAGGGAG-1	20044	3989	176	4.528426119335211
GSM6339599	CCTGACTTCGCAAACT-1	20044	9782	472	4.140774479757531
GSM6339599	CCTGACTTCTAGCGAT-1	20044	6898	276	4.993557167470211
GSM6339599	CCTGAGTCAACAGGTG-1	20044	9836	427	4.602423337786337
GSM6339599	CCTGAGTCAACCTAAT-1	20044	5283	216	4.886779886779887
GSM6339599	CCTGAGTCAATAGCAA-1	20044	4955	221	4.479683212714887
GSM6339599	CCTGAGTCAGCGCTTG-1	20044	12700	468	5.421928498851576
GSM6339599	CCTGAGTCAGTTGCGT-1	20044	11673	525	4.442414728129013
GSM6339599	CCTGATGAGACAAACG-1	20044	7826	349	4.4803334201615
GSM6339599	CCTGATGAGTAACGAG-1	20044	9185	401	4.576470910635499
GSM6339599	CCTGATGAGTATTGCA-1	20044	10368	486	4.262404262404262
GSM6339599	CCTGATGAGTTAGCTA-1	20044	659	26	5.064166602628141
GSM6339599	CCTGCTCCAGGTTATT-1	20044	3236	119	5.433222239944929
GSM6339599	CCTGGATCAAACGCGA-1	20044	12787	631	4.048882971228455
GSM6339599	CCTGGATCAAATGCCC-1	20044	5224	228	4.577878262088789
GSM6339599	CCTGGATCATCAGCAC-1	20044	2237	74	6.03990603990604
GSM6339599	CCTGGATCATGCAACC-1	20044	7859	331	4.743896586796889
GSM6339599	CCTGGTAAGACAACGA-1	20044	10418	512	4.0654657842157835
GSM6339599	CCTGGTAAGAGAGGCT-1	20044	765	26	5.878736647967417
GSM6339599	CCTGGTAAGGAAACTG-1	20044	6309	249	5.062407472046026
GSM6339599	CCTGGTAAGGTGCTGC-1	20044	8537	377	4.524388078764737
GSM6339599	CCTGGTAAGTCATTGA-1	20044	6787	310	4.374335342077277
GSM6339599	CCTGGTAAGTTGCCTC-1	20044	2466	104	4.737570122185506
GSM6339599	CCTGTAACACCTGCTC-1	20044	12034	536	4.485812694767918
GSM6339599	CCTGTAACACTAGGTC-1	20044	4557	204	4.463183874948581
GSM6339599	CCTGTAACAGCAATAA-1	20044	2827	154	3.6677608106179536
GSM6339599	CCTGTAACAGTAATAG-1	20044	5150	260	3.9575808806578032
GSM6339599	CCTGTAACATACCCGG-1	20044	2742	113	4.848249096036707
GSM6339599	CCTGTAACATGAAGTA-1	20044	522	13	8.022746484284946
GSM6339599	CCTGTAACATGGTTAT-1	20044	11659	504	4.62196533625105
GSM6339599	CCTGTAACATTAGCCA-1	20044	8924	371	4.805975695463566
GSM6339599	CCTGTATGTACTTAGG-1	20044	8488	415	4.086515893744809
GSM6339599	CCTGTATGTCGACTCC-1	20044	7155	341	4.192288649766655
GSM6339599	CCTGTATGTGAGACTC-1	20044	9171	405	4.5243645243645245
GSM6339599	CCTGTATGTTACGCGG-1	20044	6197	280	4.4220065648637075
GSM6339599	CCTGTATGTTAGAGGG-1	20044	8375	399	4.193801186282389
GSM6339599	CCTGTATGTTCGCTTG-1	20044	12183	601	4.050192735716863
GSM6339599	CCTGTTGGTAGGTTGC-1	20044	11993	540	4.437414437414437
GSM6339599	CCTGTTGGTAGTTGGC-1	20044	1742	60	5.800865800865801
GSM6339599	CCTGTTGGTATTGTGG-1	20044	1524	74	4.114804114804115
GSM6339599	CCTGTTGGTTAGCAGC-1	20044	8961	422	4.242676754525096
GSM6339599	CCTGTTGGTTATGTGG-1	20044	10786	444	4.853704853704853
GSM6339599	CCTGTTGGTTGGATAT-1	20044	11317	514	4.39910284268261
GSM6339599	CCTGTTGGTTTACTTG-1	20044	11430	468	4.8797356489664185
GSM6339599	CCTTAACGTTCAAGCA-1	20044	10202	435	4.685888823819859
GSM6339599	CCTTACTCAATGAGGT-1	20044	10888	542	4.0136984786431285
GSM6339599	CCTTACTCAGAGGCTA-1	20044	4803	219	4.381919450412601
GSM6339599	CCTTACTCATAGCGGA-1	20044	3124	103	6.05995945801771
GSM6339599	CCTTACTCATCACAGC-1	20044	12154	568	4.275302162626106
GSM6339599	CCTTAGTGTACTGAAT-1	20044	9039	432	4.180541680541681
GSM6339599	CCTTAGTGTCTCACTG-1	20044	7720	284	5.431188529780079
GSM6339599	CCTTAGTGTGTGCACG-1	20044	9008	388	4.638660308763402
GSM6339599	CCTTAGTGTTGGTGAC-1	20044	386	30	2.5707625707625708
GSM6339599	CCTTAGTGTTTGCTGT-1	20044	13869	661	4.192176960709487
GSM6339599	CCTTATGTCCTCATCA-1	20044	9894	495	3.993582175400357
GSM6339599	CCTTATGTCGGGACCT-1	20044	1837	78	4.705550859397013
GSM6339599	CCTTCAATCATGCGTG-1	20044	1570	61	5.142398585021536
GSM6339599	CCTTCAATCCACAATA-1	20044	1559	76	4.098533045901467
GSM6339599	CCTTCAATCGGTTCCT-1	20044	9664	420	4.597307454450311
GSM6339599	CCTTCAATCTAACTGA-1	20044	9068	435	4.165030371926924
GSM6339599	CCTTCAGGTCGTAAAT-1	20044	1171	54	4.332704332704332
GSM6339599	CCTTCAGGTCTTGCAT-1	20044	2582	147	3.5094157543137134
GSM6339599	CCTTCAGGTCTTTATG-1	20044	1298	50	5.186813186813187
GSM6339599	CCTTCAGGTGAGCAAG-1	20044	10639	471	4.513108971707697
GSM6339599	CCTTCGGTCAATCTCT-1	20044	482	24	4.012654012654013
GSM6339599	CCTTCGGTCATCCTAT-1	20044	1889	86	4.388634621192761
GSM6339599	CCTTCGGTCTCGACCT-1	20044	1121	31	7.225033031484644
GSM6339599	CCTTCGTAGAACCTAC-1	20044	11130	491	4.529075812171535
GSM6339599	CCTTCGTAGACTAAGG-1	20044	9785	409	4.780061014779841
GSM6339599	CCTTCGTAGCCTCTGT-1	20044	18153	834	4.348888521550392
GSM6339599	CCTTCGTAGGCGCACT-1	20044	4419	224	3.9415941201655484
GSM6339599	CCTTCGTAGTCACTAA-1	20044	2065	102	4.044974633209927
GSM6339599	CCTTGCGTCAATTGGC-1	20044	6108	256	4.767107892107892
GSM6339599	CCTTGCGTCCACCTGT-1	20044	13020	581	4.477450260582791
GSM6339599	CCTTGCGTCCCTGTTA-1	20044	471	12	7.842157842157842
GSM6339599	CCTTGCGTCCTACCTA-1	20044	9873	445	4.43287050028623
GSM6339599	CCTTGCGTCTTGTCCA-1	20044	13844	572	4.8357237168425975
GSM6339599	CCTTGCGTCTTTAGGA-1	20044	3486	142	4.904954200728849
GSM6339599	CCTTGTTCACACTAAT-1	20044	10700	431	4.960236978798465
GSM6339599	CCTTGTTCACTGACTA-1	20044	11021	473	4.655386896401695
GSM6339599	CCTTGTTCAGCCGCTA-1	20044	7956	358	4.440252484945223
GSM6339599	CCTTGTTCAGGAATCG-1	20044	11788	489	4.816451442218314
GSM6339599	CCTTGTTCATGTCAGC-1	20044	11470	592	3.8711288711288714
GSM6339599	CCTTTAGTCCTTAGTT-1	20044	10343	461	4.4827190163415755
GSM6339599	CCTTTAGTCGCATTAA-1	20044	11342	504	4.496297353440211
GSM6339599	CCTTTAGTCTGTGAGT-1	20044	12802	527	4.853590432338061
GSM6339599	CGAAATGAGAGAGCCG-1	20044	8904	423	4.205723354659525
GSM6339599	CGAAATGAGGACACTT-1	20044	12675	569	4.45073380047018
GSM6339599	CGAAATGAGGATGATG-1	20044	9445	471	4.006609102150503
GSM6339599	CGAAATGAGTCACTAA-1	20044	1755	79	4.438599375308236
GSM6339599	CGAAATGAGTTGTCTT-1	20044	3490	176	3.9619471437653253
GSM6339599	CGAACAAAGGCAAGTA-1	20044	7995	403	3.9637781573265443
GSM6339599	CGAACCGGTACCAGGT-1	20044	5865	307	3.8170298756617975
GSM6339599	CGAACCGGTATTGCAG-1	20044	8971	360	4.9789099789099796
GSM6339599	CGAACCGGTCAACAAT-1	20044	6583	274	4.800309179871223
GSM6339599	CGAACCGGTGAGCAAG-1	20044	5404	237	4.555781770971644
GSM6339599	CGAACCGGTTCACTGT-1	20044	12593	620	4.058199864651478
GSM6339599	CGAACCGGTTGGCCGA-1	20044	4626	165	5.601671056216511
GSM6339599	CGAAGAATCAAATCGC-1	20044	8851	400	4.421078921078921
GSM6339599	CGAAGAATCACTTCAT-1	20044	15037	632	4.753790513284184
GSM6339599	CGAAGAATCATTGACA-1	20044	6032	250	4.820779220779221
GSM6339599	CGAAGAATCCAAATCA-1	20044	8075	402	4.013399535787596
GSM6339599	CGAAGAATCCTTCTAG-1	20044	13094	563	4.646862906187951
GSM6339599	CGAAGAATCGTTACAA-1	20044	13137	627	4.186244377631938
GSM6339599	CGAAGAATCTGTTCAT-1	20044	10590	528	4.0073562800835525
GSM6339599	CGAAGAATCTTAGCGG-1	20044	4479	167	5.358713143144281
GSM6339599	CGAAGCCTCACTCAAA-1	20044	4445	200	4.440559440559441
GSM6339599	CGAAGCCTCATGGTGT-1	20044	6729	272	4.942851266380678
GSM6339599	CGAAGCCTCGAGCAAA-1	20044	8766	405	4.324564324564324
GSM6339599	CGAAGCCTCGATTATG-1	20044	8101	316	5.1220930967766405
GSM6339599	CGAAGCCTCGTACCGA-1	20044	5942	287	4.136629920602046
GSM6339599	CGAAGCCTCTAAGTCA-1	20044	10715	449	4.768060447347752
GSM6339599	CGAAGCCTCTAAGTGC-1	20044	11777	561	4.1943795954491145
GSM6339599	CGAAGCCTCTCACAAA-1	20044	6179	272	4.538843509431745
GSM6339599	CGAAGCGAGTAGCGCC-1	20044	10970	515	4.25593823652076
GSM6339599	CGAAGCGAGTTGTCCC-1	20044	3669	133	5.511781451631075
GSM6339599	CGAAGGCCAATAACCT-1	20044	12440	632	3.9327760846748183
GSM6339599	CGAAGGCCAATATACC-1	20044	16736	695	4.811303804109559
GSM6339599	CGAATATGTGTGCACG-1	20044	12539	596	4.20351460619917
GSM6339599	CGAATATGTTCAAGAT-1	20044	15138	713	4.242041268689235
GSM6339599	CGAATATGTTGCAATG-1	20044	4762	211	4.5092348409883956
GSM6339599	CGAATCTAGCAGGCCT-1	20044	12843	573	4.478244268820185
GSM6339599	CGAATCTAGGCGAATA-1	20044	8068	301	5.355441900292399
GSM6339599	CGAATCTAGGCTACTG-1	20044	14090	647	4.3511357267153254
GSM6339599	CGAATCTAGGTAAGGC-1	20044	10051	493	4.073411375642613
GSM6339599	CGAATCTAGTCACTAA-1	20044	11965	460	5.196976936107371
GSM6339599	CGAATCTAGTTATTCC-1	20044	7029	335	4.192225684762998
GSM6339599	CGACAAGCACGGTACT-1	20044	7947	379	4.189478068106037
GSM6339599	CGACAAGCAGAGAGCC-1	20044	10250	479	4.275474004075257
GSM6339599	CGACAAGCATAATGAG-1	20044	1554	61	5.0899919752378775
GSM6339599	CGACAAGCATCAATCG-1	20044	6519	266	4.89660715224625
GSM6339599	CGACCTGCAACAGGAT-1	20044	2632	105	5.0083250083250075
GSM6339599	CGACCTGCACGGTTTA-1	20044	4441	208	4.265926381310996
GSM6339599	CGACCTGCATAAGCAA-1	20044	2857	102	5.596364419893831
GSM6339599	CGACCTGCATGCTTAG-1	20044	15912	682	4.661614045778268
GSM6339599	CGACCTGCATTGCGGT-1	20044	2066	88	4.690763781672873
GSM6339599	CGACTAAGTAACGGGA-1	20044	9468	400	4.72927072927073
GSM6339599	CGACTAAGTGGGAACA-1	20044	19872	806	4.926091278448598
GSM6339599	CGACTAAGTTAGCTGA-1	20044	5115	211	4.8434977344929955
GSM6339599	CGACTAAGTTGCTGGG-1	20044	12809	572	4.474197131539789
GSM6339599	CGACTAAGTTGTGACA-1	20044	7219	371	3.887756448403349
GSM6339599	CGAGCGAAGCATGGTT-1	20044	5920	217	5.450770427728953
GSM6339599	CGAGCGAAGTTATCTC-1	20044	21867	979	4.462748691553595
GSM6339599	CGAGCTGGTCATGCCC-1	20044	12253	527	4.645449427233109
GSM6339599	CGAGCTGGTGAATCGC-1	20044	11030	453	4.864892282110826
GSM6339599	CGAGCTGGTGCATTAG-1	20044	21400	812	5.265670290300832
GSM6339599	CGAGCTGGTGCGCAAT-1	20044	6796	272	4.992066756772639
GSM6339599	CGAGCTGGTTAGGATT-1	20044	4616	187	4.931966429292633
GSM6339599	CGAGGAAGTTCGGGAT-1	20044	491	24	4.087579087579088
GSM6339599	CGAGGAAGTTTGAGCA-1	20044	8484	402	4.216678843544515
GSM6339599	CGAGGCAAGCACGTTG-1	20044	10365	473	4.378285562217909
GSM6339599	CGAGGCAAGGACCTGC-1	20044	13214	614	4.299934593094203
GSM6339599	CGAGGCAAGGCTCATG-1	20044	370	9	8.214008214008214
GSM6339599	CGAGGCAAGTATTGCA-1	20044	8463	385	4.3919716646989375
GSM6339599	CGAGGTGAGAAACTGG-1	20044	1295	57	4.539320328794013
GSM6339599	CGAGGTGAGAGGCTAA-1	20044	18502	791	4.6734554952001215
GSM6339599	CGAGGTGAGCAGGCCT-1	20044	4617	206	4.478046225619042
GSM6339599	CGAGGTGAGGAACCAA-1	20044	15105	651	4.635917078313391
GSM6339599	CGAGGTGAGGATCCGC-1	20044	9044	407	4.439786257968076
GSM6339599	CGAGGTGAGGCTAATC-1	20044	3737	182	4.102490915677729
GSM6339599	CGAGGTGAGTTATCCT-1	20044	11452	595	3.845566198507375
GSM6339599	CGAGTCGGTCAAACTG-1	20044	3098	138	4.485369702761007
GSM6339599	CGAGTCGGTGCACGCA-1	20044	3762	162	4.639804639804639
GSM6339599	CGAGTCGGTTGGGTTA-1	20044	1924	76	5.0580997949419
GSM6339599	CGATATTCATCACTTC-1	20044	324	16	4.045954045954046
GSM6339599	CGATATTCATGTTGCA-1	20044	10685	480	4.447635697635698
GSM6339599	CGATATTCATTGTGAT-1	20044	2129	67	6.348875005591423
GSM6339599	CGATCCTTCATGAGCT-1	20044	2294	104	4.407131330208253
GSM6339599	CGATCCTTCTTAGGAC-1	20044	397	15	5.288045288045288
GSM6339599	CGATGTCCACTTCACT-1	20044	11973	563	4.249036931097322
GSM6339599	CGATGTCCAGGCATGA-1	20044	10528	475	4.428413691571586
GSM6339599	CGATGTCCATCCAGGT-1	20044	11624	572	4.060275388946718
GSM6339599	CGATGTCCATCTTGAG-1	20044	8376	359	4.661633630992963
GSM6339599	CGATGTCCATTAAAGG-1	20044	5381	237	4.53639187816403
GSM6339599	CGATTATCAAGGACCA-1	20044	19338	880	4.39060939060939
GSM6339599	CGATTATCAGCATGAG-1	20044	556	16	6.943056943056942
GSM6339599	CGATTATCATGTTGGC-1	20044	11784	562	4.189404901148674
GSM6339599	CGATTATCATTGTGAT-1	20044	11053	496	4.452402436273404
GSM6339599	CGATTCCTCCATAAGC-1	20044	9249	424	4.358377471585019
GSM6339599	CGATTGAGTAAGGTCC-1	20044	7131	320	4.452422577422577
GSM6339599	CGATTGAGTACCGTAA-1	20044	1665	73	4.557086748867571
GSM6339599	CGATTGAGTCCTTCTC-1	20044	11463	562	4.075284146458523
GSM6339599	CGATTGAGTCGCGCAA-1	20044	535	30	3.5631035631035632
GSM6339599	CGATTGAGTTTGAGGC-1	20044	9617	399	4.815735642803312
GSM6339599	CGATTTGCAACTAGAA-1	20044	11921	511	4.661092332325208
GSM6339599	CGATTTGCAGCATTAT-1	20044	6019	232	5.183609493954322
GSM6339599	CGATTTGCATAGGCGA-1	20044	13491	664	4.059494722145325
GSM6339599	CGCAAATTCATCCTCA-1	20044	11138	501	4.441865519709832
GSM6339599	CGCAAATTCATTGTCT-1	20044	6194	257	4.81541804499003
GSM6339599	CGCAAATTCTATGACA-1	20044	2128	98	4.33851862423291
GSM6339599	CGCAATAGTCACACCC-1	20044	8788	371	4.732733573703924
GSM6339599	CGCAATAGTCCTTCAG-1	20044	9303	434	4.282813960233315
GSM6339599	CGCAATAGTTAAGCCA-1	20044	11844	602	3.9309527681620704
GSM6339599	CGCAATAGTTCCAGGG-1	20044	10902	553	3.93891822463251
GSM6339599	CGCAATAGTTGGTTGA-1	20044	3189	143	4.4556841759638965
GSM6339599	CGCAATAGTTTAACGG-1	20044	10481	464	4.513159254538565
GSM6339599	CGCAATAGTTTGCGAA-1	20044	1419	83	3.4158612471865486
GSM6339599	CGCAATCCAGTTGCGT-1	20044	9139	456	4.004329004329004
GSM6339599	CGCAATCCATTGCAGC-1	20044	13354	581	4.592309583703733
GSM6339599	CGCAATGTCATGCTTT-1	20044	12910	642	4.017789064518037
GSM6339599	CGCAATGTCCCTCATA-1	20044	15296	737	4.14673521864838
GSM6339599	CGCAATGTCCTAATTC-1	20044	13682	679	4.026018164457045
GSM6339599	CGCAATGTCGCTATAA-1	20044	1671	70	4.769516198087627
GSM6339599	CGCAATTAGCAAGGTA-1	20044	8426	326	5.164160992381852
GSM6339599	CGCAATTAGTAGCTTA-1	20044	13147	598	4.392597369185998
GSM6339599	CGCAATTAGTGGCGGA-1	20044	9918	404	4.904995994104905
GSM6339599	CGCACAATCAATGTCA-1	20044	8893	413	4.302235294971372
GSM6339599	CGCACAATCCATCAGG-1	20044	11193	493	4.536234556518532
GSM6339599	CGCACAATCGCCTAAG-1	20044	8015	334	4.7946065910137765
GSM6339599	CGCACAATCTAGCGTG-1	20044	11610	520	4.460923691692922
GSM6339599	CGCACAATCTATCGCC-1	20044	12508	641	3.8987533527315117
GSM6339599	CGCACCACAACAACAA-1	20044	2652	109	4.8611938520195395
GSM6339599	CGCACCACAACTAGAA-1	20044	9037	431	4.18931416611231
GSM6339599	CGCACCACACATGCTA-1	20044	3854	177	4.350451808078927
GSM6339599	CGCACCACACTAGGTC-1	20044	2166	78	5.548297855990163
GSM6339599	CGCACCACAGGAACAT-1	20044	8590	366	4.689299771266985
GSM6339599	CGCATATAGCGAGGTG-1	20044	12718	576	4.411560661560662
GSM6339599	CGCATATAGCTGTACG-1	20044	11363	524	4.332690210552806
GSM6339599	CGCATATAGGAAACTG-1	20044	9041	410	4.405838064374651
GSM6339599	CGCATATAGGAGTCGG-1	20044	17365	929	3.7346937239294613
GSM6339599	CGCATATAGGTTTACA-1	20044	10298	391	5.262256924661016
GSM6339599	CGCATATAGTCAATCA-1	20044	2330	98	4.750351689127199
GSM6339599	CGCATATAGTTTGCGG-1	20044	1410	71	3.9678631227927004
GSM6339599	CGCATGATCCTGGCTT-1	20044	5568	273	4.075045833287591
GSM6339599	CGCATGATCGTTATAG-1	20044	10561	445	4.74177507885373
GSM6339599	CGCATTACACAACAAA-1	20044	2565	121	4.2354339875001035
GSM6339599	CGCATTACACATACTG-1	20044	8442	395	4.270160219527308
GSM6339599	CGCATTACAGAAACGT-1	20044	9305	361	5.149974679060552
GSM6339599	CGCATTACAGCTTAAT-1	20044	20683	890	4.643221946592733
GSM6339599	CGCATTACATGCAACC-1	20044	7621	308	4.943757541160139
GSM6339599	CGCATTTGTCAGGCCA-1	20044	7818	360	4.338994338994339
GSM6339599	CGCATTTGTCGACTAA-1	20044	21849	1010	4.322212441024322
GSM6339599	CGCATTTGTTAACGAT-1	20044	805	36	4.467754467754467
GSM6339599	CGCATTTGTTAAGCGC-1	20044	13838	592	4.670329670329671
GSM6339599	CGCATTTGTTTGACCT-1	20044	3512	158	4.441128491761403
GSM6339599	CGCATTTGTTTGCGAA-1	20044	1456	68	4.278074866310161
GSM6339599	CGCATTTGTTTGGTTC-1	20044	9361	485	3.8563498357312795
GSM6339599	CGCCAAATCAGTTCCC-1	20044	7470	282	5.292579760664868
GSM6339599	CGCCAAATCATGCATA-1	20044	7267	313	4.638811667565661
GSM6339599	CGCCAAATCCTAAGAC-1	20044	4321	165	5.232343414161596
GSM6339599	CGCCAAATCCTTAGTT-1	20044	1308	53	4.930918138465308
GSM6339599	CGCCACACACAATACT-1	20044	1141	28	8.14185814185814
GSM6339599	CGCCACACAGGCTTGT-1	20044	10074	441	4.564143339653543
GSM6339599	CGCCACACATCAATCG-1	20044	8040	351	4.576619961235346
GSM6339599	CGCCACACATCACAGC-1	20044	15810	789	4.0036009617758666
GSM6339599	CGCCACACATGTTTGG-1	20044	22198	1001	4.430734101063772
GSM6339599	CGCCACACATTCCTCG-1	20044	8899	428	4.154256957995275
GSM6339599	CGCCACACATTGCGAC-1	20044	10568	496	4.257033289291354
GSM6339599	CGCCTCATCCTCACTA-1	20044	1726	55	6.270093542820815
GSM6339599	CGCCTCATCCTTGTTG-1	20044	7787	325	4.787212787212787
GSM6339599	CGCCTCATCTCGACCT-1	20044	9691	429	4.513435282666052
GSM6339599	CGCCTGTGTACCTTAC-1	20044	996	39	5.1025897179743325
GSM6339599	CGCCTGTGTCATGAGC-1	20044	5896	239	4.928962251137984
GSM6339599	CGCCTGTGTCCTTAGT-1	20044	1830	64	5.713036963036963
GSM6339599	CGCCTGTGTGCTAGCG-1	20044	12140	607	3.9960039960039957
GSM6339599	CGCGATTCAAAGGTAC-1	20044	478	10	9.55044955044955
GSM6339599	CGCGATTCAAGCGAGC-1	20044	14672	761	3.8521268481846667
GSM6339599	CGCGATTCACCCACAG-1	20044	10118	455	4.443029497974553
GSM6339599	CGCGGATTCATGGCTG-1	20044	11575	448	5.162248465819894
GSM6339599	CGCGGATTCCCGAAGC-1	20044	11582	586	3.948952071818966
GSM6339599	CGCGGATTCTAACCTT-1	20044	1233	44	5.598946508037416
GSM6339599	CGCTAACCACATGCTA-1	20044	11696	598	3.907797887730998
GSM6339599	CGCTAACCAGGCCATT-1	20044	8550	331	5.161002139854103
GSM6339599	CGCTAACCAGTAGGAT-1	20044	7393	292	5.0586399901468395
GSM6339599	CGCTAACCATCGTTCT-1	20044	10836	477	4.538857369046049
GSM6339599	CGCTAATAGCATGTCG-1	20044	12738	527	4.829326271451508
GSM6339599	CGCTAATAGCTATTAG-1	20044	6030	232	5.193082779289676
GSM6339599	CGCTAATAGCTTCTCA-1	20044	12036	557	4.317406112738249
GSM6339599	CGCTAATAGGCTATGT-1	20044	3956	170	4.6494681788799435
GSM6339599	CGCTAATAGGTCCGTA-1	20044	8289	385	4.301672353620405
GSM6339599	CGCTAATAGTCATTAG-1	20044	4919	215	4.571242710777594
GSM6339599	CGCTAATAGTGAGCGG-1	20044	1801	79	4.554938732153922
GSM6339599	CGCTAATAGTTCCCAC-1	20044	8043	402	3.997495042271162
GSM6339599	CGCTACTTCCGCTAGA-1	20044	12772	574	4.445728487540334
GSM6339599	CGCTACTTCCGGTTAG-1	20044	10450	511	4.085933635835788
GSM6339599	CGCTACTTCGAGCTAT-1	20044	4540	180	5.039405039405039
GSM6339599	CGCTACTTCGTTACTT-1	20044	6160	272	4.524886877828054
GSM6339599	CGCTATGAGCGTGCGT-1	20044	2421	96	5.038711288711289
GSM6339599	CGCTATGAGCTTAACA-1	20044	9333	447	4.171667258915582
GSM6339599	CGCTCAGCAAGGATTA-1	20044	9114	430	4.234834932509352
GSM6339599	CGCTCAGCACACAATT-1	20044	3053	110	5.5453637271819085
GSM6339599	CGCTCAGCACCGGCTA-1	20044	3509	129	5.434875202317063
GSM6339599	CGCTCCATCAATGAGG-1	20044	14758	661	4.460894627309151
GSM6339599	CGCTCCATCAGGTTTA-1	20044	1604	80	4.005994005994006
GSM6339599	CGCTCCATCATAAGCC-1	20044	9153	423	4.323336238229855
GSM6339599	CGCTCCATCCAAATCA-1	20044	9851	379	5.193223662880655
GSM6339599	CGCTCCATCCAAGTGT-1	20044	12968	638	4.0611426191363496
GSM6339599	CGCTCCATCCAGGAAA-1	20044	15248	813	3.7472982122428613
GSM6339599	CGCTCCATCGAGGTGG-1	20044	4007	167	4.7940083868227585
GSM6339599	CGCTCCATCTGTAATG-1	20044	4150	174	4.7653495929358
GSM6339599	CGCTGTGCAAGACTCC-1	20044	3574	130	5.492968569891647
GSM6339599	CGCTGTGCAAGGTCGA-1	20044	426	15	5.674325674325675
GSM6339599	CGCTGTGCAATACTGT-1	20044	8494	363	4.675214592569965
GSM6339599	CGCTGTGCAATATGGA-1	20044	3216	136	4.7246870776282535
GSM6339599	CGCTGTGCACAGGAAT-1	20044	4929	227	4.338392884648392
GSM6339599	CGCTGTGCACATTGCA-1	20044	11575	554	4.174525835175654
GSM6339599	CGCTGTGCACCTCAGG-1	20044	10439	450	4.634920634920635
GSM6339599	CGCTGTGCATAATGTC-1	20044	9141	407	4.487404487404487
GSM6339599	CGCTGTGCATTGTGGC-1	20044	12511	543	4.603499631123941
GSM6339599	CGCTTAACAAACGGGC-1	20044	3874	158	4.898898569784646
GSM6339599	CGCTTAACACCAGGTT-1	20044	12042	516	4.662779081383732
GSM6339599	CGCTTAACAGTCTAGC-1	20044	9881	504	3.9171146314003455
GSM6339599	CGCTTAACATTAAAGG-1	20044	1482	58	5.105239587998209
GSM6339599	CGCTTACTCAGCATTA-1	20044	2712	144	3.7629037629037634
GSM6339599	CGCTTACTCGGGACTC-1	20044	11480	512	4.479895104895105
GSM6339599	CGCTTACTCTTCAATC-1	20044	8539	421	4.052479586921391
GSM6339599	CGCTTCTAGACACCGC-1	20044	12867	579	4.440119466026202
GSM6339599	CGCTTCTAGCCGCAGT-1	20044	14303	747	3.8256255123725005
GSM6339599	CGCTTCTAGGAAACTG-1	20044	11538	536	4.300922957639376
GSM6339599	CGCTTCTAGGCTAGAA-1	20044	12790	557	4.587871733293636
GSM6339599	CGCTTCTAGGGCTTAT-1	20044	11783	550	4.280446825901371
GSM6339599	CGCTTCTAGTTTCCTG-1	20044	11769	597	3.93877479304615
GSM6339599	CGCTTCTAGTTTGGTA-1	20044	1286	67	3.8349709991501033
GSM6339599	CGCTTGCGTACCGGAT-1	20044	8970	436	4.110568330751817
GSM6339599	CGCTTGCGTAGCTGCG-1	20044	375	16	4.682817182817183
GSM6339599	CGCTTGCGTCTCAGCC-1	20044	5106	260	3.923768539153154
GSM6339599	CGCTTGCGTGGAAGGC-1	20044	4708	224	4.199372056514913
GSM6339599	CGCTTGCGTGGATTGC-1	20044	1923	73	5.263229920764167
GSM6339599	CGCTTGCGTTACGCGG-1	20044	10793	531	4.061098976353214
GSM6339599	CGCTTGCGTTGGGTTA-1	20044	743	29	5.11901891212236
GSM6339599	CGCTTGCGTTTCAGGA-1	20044	14685	702	4.179581102658026
GSM6339599	CGGAATCGTACTTAGG-1	20044	10514	482	4.358297304355395
GSM6339599	CGGAATCGTCACTCGC-1	20044	2042	108	3.7777037777037776
GSM6339599	CGGAATCGTTATCCTA-1	20044	2271	80	5.671828171828171
GSM6339599	CGGACAACAATTGCGC-1	20044	13930	661	4.210615405774256
GSM6339599	CGGACCTAGATAGACG-1	20044	3804	163	4.662821840735951
GSM6339599	CGGACCTAGCCTCTCG-1	20044	13591	683	3.9758192027591734
GSM6339599	CGGACCTAGCTATATG-1	20044	3356	148	4.530604530604531
GSM6339599	CGGACCTAGCTGTAAC-1	20044	11692	534	4.374651565662802
GSM6339599	CGGACCTAGGAATAAC-1	20044	7373	287	5.132846247828826
GSM6339599	CGGACCTAGGCTACTG-1	20044	13728	626	4.381560931081697
GSM6339599	CGGACCTAGTGAGAGC-1	20044	9791	453	4.318418887955311
GSM6339599	CGGAGCAAGGCGCTAC-1	20044	2785	139	4.003191053550766
GSM6339599	CGGAGTCTCAGGCCTA-1	20044	8040	350	4.589696018267447
GSM6339599	CGGAGTCTCTTGCAGG-1	20044	7036	312	4.505750659596813
GSM6339599	CGGATAAAGCCATCAG-1	20044	12245	583	4.196489616729754
GSM6339599	CGGATAAAGCGGGCAA-1	20044	5347	204	5.236919942802295
GSM6339599	CGGATAAAGGCTATGT-1	20044	8076	381	4.2351349437963615
GSM6339599	CGGATAAAGTTTAACG-1	20044	12735	532	4.782811173788617
GSM6339599	CGGATTAGTAAAGCGG-1	20044	14496	676	4.284472923526178
GSM6339599	CGGATTAGTAGGATCC-1	20044	14055	663	4.235583421103783
GSM6339599	CGGATTAGTAGTTACG-1	20044	765	32	4.776473526473526
GSM6339599	CGGATTAGTCAAACTG-1	20044	788	25	6.297702297702298
GSM6339599	CGGATTAGTCTCACTG-1	20044	7553	356	4.239019407558733
GSM6339599	CGGATTAGTGCTAGAC-1	20044	9200	365	5.0360598305803785
GSM6339599	CGGATTAGTGTGAGAG-1	20044	13262	639	4.146714005868936
GSM6339599	CGGCAATGTGAACAAA-1	20044	4779	213	4.482841102559413
GSM6339599	CGGCAATGTTAGTGAT-1	20044	12731	577	4.408416540132311
GSM6339599	CGGCAATGTTTGGTTC-1	20044	11351	520	4.361407822946284
GSM6339599	CGGCCATAGAATCGCT-1	20044	10462	422	4.953340498364195
GSM6339599	CGGCCATAGATGGACA-1	20044	12962	619	4.183861372875913
GSM6339599	CGGCCATAGCACTAAC-1	20044	10953	525	4.168403025545883
GSM6339599	CGGCCATAGGTCCTAG-1	20044	12471	621	4.012412708064883
GSM6339599	CGGCCATAGTCACCTC-1	20044	1689	80	4.218281718281718
GSM6339599	CGGCTAATCACCATTT-1	20044	4766	198	4.809332082059355
GSM6339599	CGGCTCACAATAACGA-1	20044	10693	460	4.6444859488337755
GSM6339599	CGGCTCACAGGCCAAA-1	20044	12226	557	4.38556057945645
GSM6339599	CGGCTCACATAATCGT-1	20044	13698	605	4.52374072208783
GSM6339599	CGGGACAAGAATCTCA-1	20044	16644	801	4.151653589855837
GSM6339599	CGGGACAAGCCGCAGT-1	20044	12307	602	4.08461969923764
GSM6339599	CGGGACAAGCGAAGTA-1	20044	6461	296	4.361179361179361
GSM6339599	CGGGACAAGCGGTTAT-1	20044	12631	585	4.31397662166893
GSM6339599	CGGGACAAGCTAAAGG-1	20044	7362	326	4.512052364813101
GSM6339599	CGGGACAAGGATAAAC-1	20044	3381	143	4.7239473812900385
GSM6339599	CGGGACAAGTAGCTTA-1	20044	12965	654	3.9608709333479974
GSM6339599	CGGGCTTAGCATTTCT-1	20044	12717	578	4.395950070690555
GSM6339599	CGGGCTTAGCGCCTTT-1	20044	11992	529	4.529308120990541
GSM6339599	CGGGCTTAGCTGGACC-1	20044	8558	422	4.051872298317796
GSM6339599	CGGGCTTAGGCCTGGT-1	20044	10898	526	4.139586649092353
GSM6339599	CGGGCTTAGGCTGTGC-1	20044	11443	495	4.6188155279064365
GSM6339599	CGGGCTTAGGTACCGC-1	20044	5358	226	4.736856064289693
GSM6339599	CGGGTATGTAACGAGG-1	20044	3565	146	4.878682960874742
GSM6339599	CGGGTATGTATTGAGT-1	20044	17201	764	4.498381199951881
GSM6339599	CGGGTATGTTGCTGGG-1	20044	8735	419	4.165285788197482
GSM6339599	CGGGTATGTTTGTCTA-1	20044	12371	607	4.07203998637277
GSM6339599	CGGGTCTAGCAAGATG-1	20044	8842	401	4.4055694928512885
GSM6339599	CGGGTCTAGCGGATAA-1	20044	9029	381	4.734897648283475
GSM6339599	CGGGTCTAGCTCGCTT-1	20044	11694	517	4.519271830683823
GSM6339599	CGGGTCTAGGCTAATC-1	20044	8679	399	4.346029909939684
GSM6339599	CGGTAACGTCATTGTC-1	20044	12343	560	4.403810475239047
GSM6339599	CGGTAACGTGTGAGGA-1	20044	4407	210	4.192949907235621
GSM6339599	CGGTAACGTGTGTGGT-1	20044	11243	451	4.980828484154427
GSM6339599	CGGTAACGTTATCCGT-1	20044	1712	54	6.334406334406334
GSM6339599	CGGTAACGTTTGAGGC-1	20044	16559	744	4.446897188832672
GSM6339599	CGGTGAACAACCTAAT-1	20044	7502	351	4.270373501142732
GSM6339599	CGGTGAACAATATGGA-1	20044	8249	405	4.069510736177403
GSM6339599	CGGTGAACAATGCGCT-1	20044	13190	687	3.836047504169775
GSM6339599	CGGTGAGAGCGGGCAA-1	20044	2660	110	4.831532104259377
GSM6339599	CGGTGAGAGCTCGCTT-1	20044	14388	669	4.297048243236584
GSM6339599	CGGTGAGAGGCGGGTA-1	20044	11989	546	4.387187903671419
GSM6339599	CGGTGAGAGGTGAGAC-1	20044	1587	46	6.893106893106893
GSM6339599	CGGTGAGAGTCTATGA-1	20044	1661	78	4.254719639335024
GSM6339599	CGGTTATAGAGAGGAG-1	20044	1819	77	4.719955369306018
GSM6339599	CGGTTATAGCCTGTGA-1	20044	12622	535	4.713790882015181
GSM6339599	CGGTTATAGCTAAAGG-1	20044	12552	610	4.111298537528047
GSM6339599	CGGTTATAGGAGCACG-1	20044	12507	616	4.0566576280861995
GSM6339599	CGGTTATAGGTCCTAG-1	20044	8969	336	5.3333571190714055
GSM6339599	CGGTTATAGTCATTGA-1	20044	3566	161	4.425388276319953
GSM6339599	CGGTTCCGTACAAAGA-1	20044	4927	207	4.755630842587365
GSM6339599	CGGTTCCGTCCGCTGT-1	20044	9722	425	4.570488335194218
GSM6339599	CGGTTCCGTGGGAACA-1	20044	4241	163	5.198482499095996
GSM6339599	CGGTTCCGTTCGCTCA-1	20044	10451	528	3.9547573638482727
GSM6339599	CGGTTCCGTTGGTGAC-1	20044	12654	605	4.178961534333435
GSM6339599	CGGTTGGGTCATAACG-1	20044	6673	244	5.464207923224317
GSM6339599	CGGTTGGGTTAGGCTA-1	20044	12740	562	4.529278550630863
GSM6339599	CGGTTTCTCAACCAAC-1	20044	5194	229	4.53171282865606
GSM6339599	CGGTTTCTCACAGACT-1	20044	10597	448	4.726077493934636
GSM6339599	CGGTTTCTCACAGGAA-1	20044	11086	492	4.502002062977673
GSM6339599	CGGTTTCTCAGGAAGC-1	20044	3839	170	4.511958629605688
GSM6339599	CGGTTTCTCCCGTTAC-1	20044	9562	392	4.873697730840588
GSM6339599	CGGTTTCTCCTCGATC-1	20044	1109	40	5.5394605394605385
GSM6339599	CGGTTTCTCGCCTAAG-1	20044	4473	185	4.83084483084483
GSM6339599	CGGTTTCTCGCCTGTT-1	20044	5792	195	5.93457824227055
GSM6339599	CGGTTTGAGTAAGGGC-1	20044	10881	486	4.473304473304474
GSM6339599	CGGTTTGAGTTGGATC-1	20044	6111	273	4.47245062629678
GSM6339599	CGTAACCCAAGCTACC-1	20044	10550	516	4.085062224597109
GSM6339599	CGTAACCCAAGCTTAT-1	20044	2742	122	4.490591375837277
GSM6339599	CGTAACCCAATTATGC-1	20044	14098	704	4.001112523839796
GSM6339599	CGTAACCCACACTAAT-1	20044	3628	170	4.263971322794852
GSM6339599	CGTAACCCAGCCTGCA-1	20044	8731	386	4.519314882009183
GSM6339599	CGTAACCCATTAAACC-1	20044	6935	299	4.634161824797276
GSM6339599	CGTAACTAGCCACATG-1	20044	1370	63	4.344861487718631
GSM6339599	CGTAACTAGCGATACT-1	20044	9591	391	4.900981371569607
GSM6339599	CGTAACTAGGACAATG-1	20044	5367	252	4.255268540982827
GSM6339599	CGTAACTAGTAAACCC-1	20044	8300	302	5.491197544177676
GSM6339599	CGTAACTAGTAGGATG-1	20044	2501	124	4.02984112661532
GSM6339599	CGTAACTAGTGCACGC-1	20044	11369	496	4.579694499049338
GSM6339599	CGTAACTAGTGGCGGA-1	20044	7589	266	5.700314722871113
GSM6339599	CGTAACTAGTTATCCT-1	20044	8538	358	4.765067334899737
GSM6339599	CGTAACTAGTTTGAGC-1	20044	7890	380	4.148483095851517
GSM6339599	CGTAATGGTATTCGTC-1	20044	2636	101	5.214587392805215
GSM6339599	CGTAATGGTCGAAGTC-1	20044	7719	340	4.536052183111007
GSM6339599	CGTAATGGTGCTCCAC-1	20044	10792	494	4.364865903327441
GSM6339599	CGTAATGGTTGAGCCG-1	20044	13053	556	4.690633107899295
GSM6339599	CGTAATGGTTGTCCAT-1	20044	1893	76	4.976602345023398
GSM6339599	CGTAATGGTTGTTCAC-1	20044	3011	145	4.14895449378208
GSM6339599	CGTACGGGTAACAGGG-1	20044	641	25	5.122877122877123
GSM6339599	CGTACGGGTAAGGTTT-1	20044	5702	214	5.3236483143025195
GSM6339599	CGTACGGGTGGGTACT-1	20044	14676	648	4.525104525104525
GSM6339599	CGTACGGGTGGTTAGC-1	20044	11491	557	4.121910405572883
GSM6339599	CGTAGCGGTACAATGT-1	20044	9381	393	4.7692765250017155
GSM6339599	CGTAGCGGTCCTTCAG-1	20044	12444	554	4.487930841721456
GSM6339599	CGTAGTTAGGGCCATC-1	20044	8725	360	4.842379842379842
GSM6339599	CGTAGTTAGTAAACCC-1	20044	11589	526	4.402061816510486
GSM6339599	CGTATTGCAAGATTCT-1	20044	11087	468	4.733300887147042
GSM6339599	CGTATTGCAGTCTAAT-1	20044	10097	430	4.691587482285157
GSM6339599	CGTATTGCAGTTTCTC-1	20044	10278	508	4.042414278634751
GSM6339599	CGTATTGCATAGCGGA-1	20044	4002	189	4.230689944975659
GSM6339599	CGTCAATAGCGATAAG-1	20044	7271	322	4.511637430892089
GSM6339599	CGTCAATAGCGGGCAA-1	20044	10129	496	4.080193999548838
GSM6339599	CGTCATTGTACGGTAC-1	20044	9461	472	4.004893411673073
GSM6339599	CGTCATTGTCCTAATC-1	20044	3986	176	4.525020434111343
GSM6339599	CGTCATTGTGCTTTAC-1	20044	7490	289	5.178212790669538
GSM6339599	CGTCATTGTTAAGGTT-1	20044	5305	229	4.628559213712052
GSM6339599	CGTCATTGTTCGCTTG-1	20044	9687	487	3.974259826415884
GSM6339599	CGTCATTGTTGTCCAT-1	20044	476	15	6.340326340326341
GSM6339599	CGTCCTAGTATTCGTC-1	20044	10649	543	3.9183652443320955
GSM6339599	CGTCCTAGTCACAGCG-1	20044	7186	331	4.337656301402524
GSM6339599	CGTCCTAGTCATTACC-1	20044	12225	552	4.424922903183773
GSM6339599	CGTCCTAGTCGTTACT-1	20044	11447	538	4.251139195377114
GSM6339599	CGTCCTAGTCTAACAG-1	20044	2794	120	4.652014652014652
GSM6339599	CGTCCTAGTTGAGCCG-1	20044	11372	599	3.793201789862892
GSM6339599	CGTGAGGAGCGGGCAA-1	20044	8764	348	5.031749859336066
GSM6339599	CGTGAGGAGGAAGTAT-1	20044	3274	133	4.918389880795895
GSM6339599	CGTGAGGAGTACTGGT-1	20044	3599	119	6.04269679899932
GSM6339599	CGTGAGGAGTGGCGGA-1	20044	4825	241	4.000149228364996
GSM6339599	CGTGCACAGCAAGACA-1	20044	6631	271	4.8888380991702025
GSM6339599	CGTGCACAGCATTAGC-1	20044	7175	332	4.317971185441065
GSM6339599	CGTGCACAGCGAGGTG-1	20044	4405	218	4.037247156513211
GSM6339599	CGTGCACAGCGGATAA-1	20044	14475	680	4.2530998413351355
GSM6339599	CGTGCACAGTCAGTAC-1	20044	16482	762	4.321662589379124
GSM6339599	CGTGCACAGTTGCCTC-1	20044	10388	474	4.378743619249948
GSM6339599	CGTGCTGCACAAACTT-1	20044	14121	666	4.236304236304236
GSM6339599	CGTGCTGCACAACAAA-1	20044	13546	549	4.929860667565586
GSM6339599	CGTGCTGCACCTCAGG-1	20044	6661	304	4.377858983122141
GSM6339599	CGTGCTGCAGAACCGA-1	20044	11441	485	4.713224919410487
GSM6339599	CGTGCTGCAGCAGGTA-1	20044	13131	592	4.431716931716932
GSM6339599	CGTGCTTTCAGCCAAT-1	20044	15602	519	6.00632508146959
GSM6339599	CGTGCTTTCAGCTAAC-1	20044	11349	473	4.793937563493588
GSM6339599	CGTGCTTTCATTGTTC-1	20044	7641	348	4.386992318026801
GSM6339599	CGTGCTTTCCATAAGC-1	20044	5859	278	4.210897016652413
GSM6339599	CGTGCTTTCGAGCTAT-1	20044	6554	246	5.3231321524004445
GSM6339599	CGTGCTTTCGCTAAAC-1	20044	3673	171	4.291614817930608
GSM6339599	CGTGGTTCAGCTAATT-1	20044	19749	913	4.321855581439371
GSM6339599	CGTGTGTCAACTGGGA-1	20044	9256	403	4.588959427669105
GSM6339599	CGTGTGTCACAGGATG-1	20044	11525	505	4.55979663900456
GSM6339599	CGTGTGTCAGCCTGCA-1	20044	16025	929	3.446499679007753
GSM6339599	CGTGTGTCATCGCTCC-1	20044	7486	335	4.464788942400882
GSM6339599	CGTGTTACAACATAAG-1	20044	8215	418	3.9266953142551237
GSM6339599	CGTGTTACAATATAGG-1	20044	7886	318	4.954793634038917
GSM6339599	CGTGTTACATTGCGAC-1	20044	10433	434	4.803031070312176
GSM6339599	CGTTAAATCGCATTAA-1	20044	13141	683	3.8441792468146785
GSM6339599	CGTTAAATCGCTAGAT-1	20044	13644	578	4.716390875560426
GSM6339599	CGTTAAATCTACCTGC-1	20044	15356	767	4.000171927160193
GSM6339599	CGTTAAATCTTGGATA-1	20044	11384	505	4.504010840644504
GSM6339599	CGTTAACAGAGAAGGG-1	20044	3390	138	4.908135342917952
GSM6339599	CGTTAACAGATAACCC-1	20044	4381	189	4.631347488490346
GSM6339599	CGTTAACAGCAAGGGT-1	20044	9474	497	3.8086661829116557
GSM6339599	CGTTAGGTCAATTGGC-1	20044	4132	177	4.664262291380935
GSM6339599	CGTTAGGTCATCCTAT-1	20044	8725	325	5.36386690232844
GSM6339599	CGTTAGGTCATGCTTT-1	20044	14714	751	3.914594061065433
GSM6339599	CGTTAGGTCCTCATCA-1	20044	9326	389	4.790068543281911
GSM6339599	CGTTAGTAGAACCTGT-1	20044	2867	107	5.353524979693204
GSM6339599	CGTTATCGTAAAGCAA-1	20044	620	33	3.7538219356401172
GSM6339599	CGTTATCGTCTAACCT-1	20044	1380	50	5.514485514485514
GSM6339599	CGTTATCGTGATCATG-1	20044	949	38	4.9897470950102525
GSM6339599	CGTTATCGTTCCGGGA-1	20044	12158	598	4.062158577208744
GSM6339599	CGTTATTTCACTTCAT-1	20044	7103	346	4.1016786681526565
GSM6339599	CGTTATTTCCAGGTTG-1	20044	3605	167	4.313052217243834
GSM6339599	CGTTATTTCCTCAGCT-1	20044	6255	283	4.416078621025617
GSM6339599	CGTTATTTCTATTGTC-1	20044	1679	51	6.577735989500695
GSM6339599	CGTTGCAAGAAACTGG-1	20044	5204	261	3.983755707893639
GSM6339599	CGTTGCAAGCAAGACA-1	20044	8301	359	4.619892642176765
GSM6339599	CGTTGCAAGCACAGAA-1	20044	441	13	6.777837547068316
GSM6339599	CGTTGCAAGCTTAGTA-1	20044	9972	448	4.447338375909804
GSM6339599	CGTTGCAAGGCCTGGT-1	20044	5781	241	4.792717655788195
GSM6339599	CGTTGCGCAAGCTAAA-1	20044	9893	423	4.672868502655737
GSM6339599	CGTTGCGCAGCAAGAT-1	20044	11388	496	4.587348135735232
GSM6339599	CGTTGCGCAGCCAGAA-1	20044	15082	737	4.08871996388957
GSM6339599	CGTTGCGCAGCCGCTA-1	20044	12354	610	4.046445357920768
GSM6339599	CGTTGCGCATGAGCAG-1	20044	11561	553	4.177016473580669
GSM6339599	CGTTTCTCAACTAGCC-1	20044	4330	174	4.972039454798076
GSM6339599	CGTTTCTCAAGGTAAC-1	20044	10893	556	3.9144308928481593
GSM6339599	CGTTTCTCAATTGAAG-1	20044	4705	155	6.064902839096387
GSM6339599	CGTTTCTCACAGGGAC-1	20044	6509	279	4.661288532256274
GSM6339599	CGTTTCTCACCTAATG-1	20044	5785	244	4.737066212476049
GSM6339599	CGTTTCTCACGAATCC-1	20044	1109	49	4.522008603641257
GSM6339599	CGTTTCTCAGGAATCG-1	20044	1489	93	3.1989515860483597
GSM6339599	CGTTTCTCATAGACTT-1	20044	9524	393	4.84197736106133
GSM6339599	CGTTTGGAGGAGCATA-1	20044	20059	911	4.399332829629207
GSM6339599	CGTTTGGAGTGAACGA-1	20044	11524	519	4.436411372827557
GSM6339599	CGTTTGGAGTTAGCCG-1	20044	7531	298	5.049313103004378
GSM6339599	CTAAAGCTCAACAAGG-1	20044	10546	421	5.004971275755124
GSM6339599	CTAAAGCTCATTGACA-1	20044	2596	90	5.763125763125763
GSM6339599	CTAAAGCTCCTAACGG-1	20044	1038	58	3.575734610217369
GSM6339599	CTAAAGCTCCTTCGTA-1	20044	3344	140	4.772370486656201
GSM6339599	CTAAAGCTCTTGAGCG-1	20044	10156	464	4.37321299390265
GSM6339599	CTAAAGCTCTTGCTAT-1	20044	12835	553	4.637315668057078
GSM6339599	CTAAATGTCGACAAAG-1	20044	10816	453	4.770505432757088
GSM6339599	CTAAATGTCTTAGCCC-1	20044	13386	682	3.921591604876062
GSM6339599	CTAAATGTCTTAGTGA-1	20044	12109	578	4.1857796183055695
GSM6339599	CTAACCACAAGGATTA-1	20044	3667	145	5.0528781563264324
GSM6339599	CTAACCACAAGGTATA-1	20044	11183	495	4.513869968415423
GSM6339599	CTAACCACAAGTCGCT-1	20044	5757	279	4.122758961468639
GSM6339599	CTAACCACATCATGTG-1	20044	9407	378	4.9722764008478295
GSM6339599	CTAACCACATGTCGCG-1	20044	11363	488	4.652314898216538
GSM6339599	CTAACCACATGTTGGC-1	20044	15150	675	4.484404484404485
GSM6339599	CTAACCACATTAGGTT-1	20044	13395	658	4.067361210218353
GSM6339599	CTAACCCTCAAGTGTC-1	20044	6425	298	4.307772764148603
GSM6339599	CTAACCCTCACCTGTC-1	20044	2594	95	5.455597034544403
GSM6339599	CTAACCCTCGCAGGCT-1	20044	6167	259	4.757404757404758
GSM6339599	CTAACCTGTAAACAAG-1	20044	12052	564	4.269489375872355
GSM6339599	CTAACCTGTATCTGGA-1	20044	6474	288	4.491341991341991
GSM6339599	CTAACCTGTCACCAAA-1	20044	6324	271	4.662496175411304
GSM6339599	CTAACCTGTGCCTCAC-1	20044	7829	385	4.062950036976011
GSM6339599	CTAACCTGTGTTCCCA-1	20044	14761	652	4.523390719709738
GSM6339599	CTAACCTGTTACAACG-1	20044	695	37	3.753003753003753
GSM6339599	CTAAGGTTCATGCTTT-1	20044	2828	118	4.788431907075974
GSM6339599	CTAAGGTTCCGTCCAT-1	20044	8539	382	4.466214413858393
GSM6339599	CTAAGTCAGCCTAATA-1	20044	6757	288	4.687673437673438
GSM6339599	CTAAGTCAGTGAGAGC-1	20044	4640	167	5.5513348926522585
GSM6339599	CTAAGTCAGTTAACCA-1	20044	5420	244	4.4381847660536184
GSM6339599	CTAATAGTCATTGCAA-1	20044	488	22	4.431931704658977
GSM6339599	CTAATAGTCATTGTTC-1	20044	3939	204	3.8579067990832696
GSM6339599	CTAATAGTCCTCACTA-1	20044	2010	92	4.3652000173739305
GSM6339599	CTAATAGTCTCAATAG-1	20044	712	23	6.18511922859749
GSM6339599	CTAATCCGTACAATGT-1	20044	4711	183	5.143490389392029
GSM6339599	CTAATCCGTACCTTAC-1	20044	10849	462	4.691844951585211
GSM6339599	CTAATCCGTAGGTTTG-1	20044	401	15	5.341325341325342
GSM6339599	CTAATCCGTTCTTTAG-1	20044	10797	539	4.002305672064485
GSM6339599	CTAATCGCAAACGCGA-1	20044	2321	99	4.684204684204684
GSM6339599	CTAATCGCAATGCCCG-1	20044	672	29	4.6298529057149755
GSM6339599	CTAATCGCACGAATTT-1	20044	2171	125	3.4701298701298704
GSM6339599	CTAATCGCAGGACACA-1	20044	2769	109	5.075658286667461
GSM6339599	CTAATCGCATAATGTC-1	20044	879	38	4.621694095378306
GSM6339599	CTAATCTTCACCAATA-1	20044	2042	89	4.584179865078742
GSM6339599	CTAATCTTCAGCACGC-1	20044	1745	85	4.101780572368807
GSM6339599	CTAATCTTCATAATCG-1	20044	457	21	4.348032919461491
GSM6339599	CTAATCTTCATTTGTC-1	20044	7948	300	5.2933732933732935
GSM6339599	CTAATCTTCCTCACAC-1	20044	1292	53	4.870601097016191
GSM6339599	CTAATGTCAAGCGATG-1	20044	966	44	4.38652256834075
GSM6339599	CTAATGTCACCTGTAA-1	20044	11564	543	4.255045139023039
GSM6339599	CTAATGTCAGCACGAA-1	20044	13567	728	3.723474327869932
GSM6339599	CTAATGTCAGGCTGTT-1	20044	6060	284	4.2633422915113055
GSM6339599	CTAATTGAGCTATTGA-1	20044	7476	314	4.7570264130773685
GSM6339599	CTAATTGAGCTTAGCG-1	20044	4115	155	5.3043730463085295
GSM6339599	CTAATTGAGGAACACA-1	20044	14685	666	4.405504405504405
GSM6339599	CTAATTGAGGACGTAA-1	20044	3332	165	4.034753125662217
GSM6339599	CTAATTGAGGCATGAA-1	20044	13100	634	4.128363749814854
GSM6339599	CTAATTGAGGCCGGAA-1	20044	3764	140	5.371771086056801
GSM6339599	CTACAACAGAGCCGCT-1	20044	12277	586	4.185916472605892
GSM6339599	CTACAACAGCCTGTTC-1	20044	14440	680	4.24281600752189
GSM6339599	CTACAACAGGAACGCG-1	20044	2693	100	5.380619380619381
GSM6339599	CTACAACAGGAAGTAT-1	20044	4642	179	5.181410768002947
GSM6339599	CTACAACAGGGTCTAT-1	20044	10200	448	4.549022406165263
GSM6339599	CTACAACAGTAGCCAT-1	20044	6224	292	4.2587549436864505
GSM6339599	CTACCGGCAATAGTCT-1	20044	12590	579	4.3445328419421685
GSM6339599	CTACCGGCACAGAACG-1	20044	10282	450	4.5652125652125655
GSM6339599	CTACCGGCACAGCCTG-1	20044	6806	301	4.517741394817807
GSM6339599	CTACCGGCACCAGGTT-1	20044	3047	104	5.8537616229923914
GSM6339599	CTACCGGCACGGTTTA-1	20044	380	19	3.996003996003996
GSM6339599	CTACCGGCAGCACGTT-1	20044	2616	112	4.666761809618952
GSM6339599	CTACCGGCAGCTTAGC-1	20044	4626	188	4.916360235509172
GSM6339599	CTACCGGCATGAATAG-1	20044	13584	653	4.156333712229578
GSM6339599	CTACCTCAGAACAAGT-1	20044	17965	724	4.957749432887554
GSM6339599	CTACCTCAGTAAGTGG-1	20044	12437	582	4.269613547964063
GSM6339599	CTACCTCAGTCGCAAT-1	20044	450	25	3.5964035964035963
GSM6339599	CTACCTCAGTCTTGAA-1	20044	14110	667	4.226657899821318
GSM6339599	CTACCTCAGTTTGTCT-1	20044	1490	69	4.314526053656489
GSM6339599	CTACGAAGTAACTACG-1	20044	4177	192	4.346694971694972
GSM6339599	CTACGAAGTCATAACG-1	20044	2598	112	4.634651063222491
GSM6339599	CTACGAAGTGCAATAT-1	20044	1631	69	4.722813418465592
GSM6339599	CTACGAAGTTTACTTG-1	20044	12283	648	3.7872621205954538
GSM6339599	CTACGAAGTTTAGCTC-1	20044	9674	466	4.147783546925178
GSM6339599	CTACTAAAGTCATTAG-1	20044	12226	643	3.7990003775384804
GSM6339599	CTACTTAGTAATAACC-1	20044	383	14	5.465962608819751
GSM6339599	CTACTTAGTACAAAGA-1	20044	1842	77	4.779635948467117
GSM6339599	CTACTTAGTCCGCTGT-1	20044	9220	403	4.571111270863131
GSM6339599	CTACTTAGTCCTCCAA-1	20044	18167	750	4.83969363969364
GSM6339599	CTACTTAGTGCATTAG-1	20044	17415	754	4.614748646578885
GSM6339599	CTACTTAGTTCACCAT-1	20044	3283	172	3.813628232232883
GSM6339599	CTACTTAGTTCATCTA-1	20044	5876	247	4.753141595246857
GSM6339599	CTACTTAGTTGCATCT-1	20044	9844	407	4.832513923423014
GSM6339599	CTAGATTCAAGATTCT-1	20044	3351	120	5.57942057942058
GSM6339599	CTAGATTCAATCCTAG-1	20044	3963	145	5.460746150401323
GSM6339599	CTAGATTCAGGCATGA-1	20044	8353	379	4.403512055227095
GSM6339599	CTAGATTCATATTGAC-1	20044	11738	520	4.510105279336049
GSM6339599	CTAGATTCATCCAGGT-1	20044	1977	77	5.1299350000648705
GSM6339599	CTAGCGGGTCCGCTGT-1	20044	6948	276	5.029752855839813
GSM6339599	CTAGCGGGTCGACTAA-1	20044	4499	199	4.517090949251753
GSM6339599	CTAGCGGGTGAGACTC-1	20044	6050	248	4.874158099964552
GSM6339599	CTAGCGGGTTACTAGG-1	20044	8923	372	4.792519308648341
GSM6339599	CTAGCGGGTTTGAGCA-1	20044	9534	462	4.123149577695032
GSM6339599	CTAGCGGGTTTGTTGC-1	20044	1664	58	5.732198835647112
GSM6339599	CTAGCTGAGCGCATTG-1	20044	11326	472	4.794358184188693
GSM6339599	CTAGCTTGTCAGTAAT-1	20044	10644	441	4.822388495857883
GSM6339599	CTAGCTTGTTACTTGC-1	20044	5205	196	5.305918571224694
GSM6339599	CTAGCTTGTTATCCGT-1	20044	3494	150	4.6540126540126545
GSM6339599	CTAGCTTGTTGTGATG-1	20044	11845	504	4.695701124272553
GSM6339599	CTAGGACGTCAATGTG-1	20044	930	23	8.078877644095035
GSM6339599	CTAGGACGTCACCTAT-1	20044	11391	447	5.091552742559454
GSM6339599	CTAGGACGTCCGCTGT-1	20044	2440	114	4.2764253290569085
GSM6339599	CTAGGACGTCGTTATC-1	20044	948	34	5.570899688546747
GSM6339599	CTAGGACGTTTAGCGA-1	20044	383	14	5.465962608819751
GSM6339599	CTAGGCGGTCACAAAT-1	20044	9224	354	5.206093341686562
GSM6339599	CTAGGCGGTCATGCCC-1	20044	9842	412	4.772897005906715
GSM6339599	CTAGGCGGTCGAAGTC-1	20044	17515	825	4.241818787273333
GSM6339599	CTAGGCGGTGAAACAA-1	20044	6331	269	4.702360836189833
GSM6339599	CTAGGCGGTGAACAAA-1	20044	9582	473	4.047538085593054
GSM6339599	CTAGGCGGTTAGGCTA-1	20044	11684	555	4.2062442062442065
GSM6339599	CTAGGCGGTTTGGCTT-1	20044	11220	550	4.075924075924076
GSM6339599	CTAGTAATCACAAGCT-1	20044	10451	451	4.629959840602856
GSM6339599	CTAGTAATCACGCCAA-1	20044	9787	389	5.026849756926877
GSM6339599	CTAGTAATCATAACGC-1	20044	568	27	4.203204203204203
GSM6339599	CTAGTAATCGCAATCG-1	20044	7110	279	5.09168251103735
GSM6339599	CTAGTAATCTTAGCCC-1	20044	3482	132	5.270487088668907
GSM6339599	CTAGTAATCTTGCATT-1	20044	3945	184	4.283759718542327
GSM6339599	CTAGTAGGTATTGTGG-1	20044	7223	322	4.481853550176531
GSM6339599	CTAGTAGGTCAAAGAA-1	20044	5125	230	4.4520696694609745
GSM6339599	CTAGTCGAGCAAGGGT-1	20044	8696	352	4.935973117791299
GSM6339599	CTAGTCGAGGGCCACT-1	20044	9509	462	4.112337878571645
GSM6339599	CTAGTGAGTATTGTCC-1	20044	8036	395	4.064795963530141
GSM6339599	CTAGTGAGTCATAACG-1	20044	7405	345	4.288465158030375
GSM6339599	CTAGTGAGTCCTAATC-1	20044	10332	496	4.161967065192871
GSM6339599	CTAGTTGCAAACCTTG-1	20044	1026	46	4.456413152065325
GSM6339599	CTAGTTGCAATATGGA-1	20044	8504	378	4.494975923547352
GSM6339599	CTAGTTGCAATGCCTA-1	20044	696	31	4.48583674390126
GSM6339599	CTAGTTGCAGCAACCT-1	20044	7563	283	5.339536788300039
GSM6339599	CTAGTTGCATAAGTTC-1	20044	8836	393	4.49219991204724
GSM6339599	CTATAACCAACCCTAA-1	20044	7734	330	4.682590137135592
GSM6339599	CTATAACCAATATACC-1	20044	6762	325	4.157073695535233
GSM6339599	CTATAACCAGAGAGCC-1	20044	10527	591	3.558877670552797
GSM6339599	CTATGACAGCAAGGAC-1	20044	2677	119	4.49466499886668
GSM6339599	CTATGACAGCCTGTGA-1	20044	942	41	4.590531419799713
GSM6339599	CTATGACAGGAGGTTA-1	20044	1737	65	5.339276108506877
GSM6339599	CTATGACAGGATTGCT-1	20044	958	32	5.981518481518481
GSM6339599	CTATGACAGGTTACAC-1	20044	6333	282	4.487002359342785
GSM6339599	CTATGACAGGTTTACA-1	20044	756	30	5.034965034965035
GSM6339599	CTATGACAGTGACCTG-1	20044	461	24	3.837828837828838
GSM6339599	CTATGAGGTAGCTAAT-1	20044	2833	109	5.19297216544923
GSM6339599	CTATGAGGTATTGAGT-1	20044	4324	186	4.6448175480433544
GSM6339599	CTATGATCACCGGTAT-1	20044	7406	273	5.420220804836189
GSM6339599	CTATGATCAGAACCGA-1	20044	10267	446	4.59943643800146
GSM6339599	CTATGATCAGGCAAGC-1	20044	15274	796	3.833854587623432
GSM6339599	CTATGATCATTGCGGT-1	20044	11772	587	4.00689600008169
GSM6339599	CTATGGCCAAATTGCT-1	20044	5188	208	4.983478060401137
GSM6339599	CTATGGCCAACACCTA-1	20044	16704	742	4.497927948062719
GSM6339599	CTATGGCCAGAAATGC-1	20044	10307	449	4.5865048092219585
GSM6339599	CTATGGCCAGCAAATA-1	20044	11122	505	4.400352123124401
GSM6339599	CTATGTTTCAGCATTA-1	20044	703	26	5.402290017674633
GSM6339599	CTATGTTTCCCATAGG-1	20044	9584	425	4.5056120350238
GSM6339599	CTATGTTTCGACAAAG-1	20044	9805	449	4.3631201760377705
GSM6339599	CTATTACTCCTGGTGA-1	20044	10929	553	3.9486733880947265
GSM6339599	CTATTACTCGATTTGA-1	20044	1674	58	5.766647145957491
GSM6339599	CTATTACTCTCCTCTT-1	20044	12955	569	4.549053758192598
GSM6339599	CTATTACTCTGTTCAT-1	20044	8812	355	4.9595474947587626
GSM6339599	CTATTACTCTTGTCTG-1	20044	3513	171	4.104667262561999
GSM6339599	CTATTCAGTACAAAGA-1	20044	5615	234	4.794350948197103
GSM6339599	CTATTCAGTAGTTACG-1	20044	734	33	4.444040807677172
GSM6339599	CTATTCAGTCGTTACT-1	20044	10922	455	4.79608303784128
GSM6339599	CTATTCAGTGAATCGC-1	20044	8494	349	4.862759017486811
GSM6339599	CTATTCAGTGCATTTC-1	20044	8036	373	4.304542642344251
GSM6339599	CTATTCAGTTGGTGAC-1	20044	9093	371	4.89698980265018
GSM6339599	CTATTGAAGCCGCAGT-1	20044	10506	457	4.593218597594965
GSM6339599	CTATTGAAGGCTAGAA-1	20044	11293	553	4.0801874436594145
GSM6339599	CTATTGAAGGTTAGAG-1	20044	10951	462	4.735956684008633
GSM6339599	CTCAATAAGAGGGACT-1	20044	14221	755	3.763388928951843
GSM6339599	CTCAATAAGCGCTCAA-1	20044	11779	535	4.398965520460848
GSM6339599	CTCAATAAGGAGCAAC-1	20044	4856	207	4.687100339274252
GSM6339599	CTCACAACAGGCTACT-1	20044	1180	48	4.911754911754912
GSM6339599	CTCACACTCATAACGC-1	20044	885	42	4.2100756386470675
GSM6339599	CTCACACTCATAACTG-1	20044	1892	76	4.973973395026026
GSM6339599	CTCACACTCCTCCCTC-1	20044	5198	225	4.615828615828615
GSM6339599	CTCACACTCGCATCCT-1	20044	330	14	4.7095761381475665
GSM6339599	CTCACACTCGTTCACC-1	20044	10474	477	4.387227028736463
GSM6339599	CTCACTCAGGACCTCA-1	20044	1950	84	4.63821892393321
GSM6339599	CTCACTCAGTTGTCCC-1	20044	12578	536	4.688594987102449
GSM6339599	CTCAGGATCATTACGA-1	20044	1387	51	5.433781904370139
GSM6339599	CTCAGGATCATTGTTC-1	20044	22731	991	4.582904481996308
GSM6339599	CTCAGGATCCCGAAGC-1	20044	5078	206	4.925171915463178
GSM6339599	CTCAGGATCCCGCCTA-1	20044	1536	56	5.480234051662623
GSM6339599	CTCAGGATCCTAAGAC-1	20044	1373	82	3.3454350527521264
GSM6339599	CTCAGGATCGAAGTAG-1	20044	7067	271	5.2102878671144355
GSM6339599	CTCAGGATCGTTAGTA-1	20044	4685	206	4.543999689630757
GSM6339599	CTCATCATCACAAGCT-1	20044	7800	324	4.81000481000481
GSM6339599	CTCATCATCACAGACT-1	20044	779	40	3.8911088911088907
GSM6339599	CTCATCATCTCAATGA-1	20044	8913	391	4.5545247591283395
GSM6339599	CTCATCATCTCGACCT-1	20044	6226	183	6.7975740106887645
GSM6339599	CTCATCATCTTTGAGA-1	20044	8932	387	4.611409262572053
GSM6339599	CTCATGACAAACTAAG-1	20044	14178	755	3.7520095798241493
GSM6339599	CTCATGACAAGGCCAA-1	20044	12896	591	4.359768826773903
GSM6339599	CTCATGACAAGGTGCA-1	20044	8999	436	4.123857793582563
GSM6339599	CTCATGACAATATGGA-1	20044	9805	557	3.517129190378741
GSM6339599	CTCATGACAATGAGGT-1	20044	10569	512	4.124391233766233
GSM6339599	CTCATGACAATTAGCT-1	20044	13648	677	4.027877587700336
GSM6339599	CTCATGACAGATAGAC-1	20044	11607	602	3.852293885516477
GSM6339599	CTCATGACAGTAGCCT-1	20044	5774	237	4.867706133528918
GSM6339599	CTCATGACATTCAGCA-1	20044	3241	144	4.496891996891997
GSM6339599	CTCATGACATTCCTCG-1	20044	9850	387	5.0853539225632245
GSM6339599	CTCATGCTCAGTATTG-1	20044	387	21	3.682032253460825
GSM6339599	CTCATGCTCCCATAAA-1	20044	1323	65	4.06670252824099
GSM6339599	CTCATGCTCCCTCACG-1	20044	2371	160	2.9607892107892106
GSM6339599	CTCATGCTCGGGACCT-1	20044	458	17	5.38285244167597
GSM6339599	CTCATGCTCTAATTGG-1	20044	1785	85	4.195804195804196
GSM6339599	CTCATTAGTGATCAGC-1	20044	3308	124	5.330153717250491
GSM6339599	CTCATTAGTGCGCGTA-1	20044	1137	46	4.938539721148417
GSM6339599	CTCATTAGTTTATTCG-1	20044	1121	41	5.462829853073756
GSM6339599	CTCATTGTCCTCATCA-1	20044	7640	330	4.62567735295008
GSM6339599	CTCATTGTCGCACACA-1	20044	339	16	4.233266733266733
GSM6339599	CTCATTTAGGACCTGC-1	20044	8765	425	4.120585297055886
GSM6339599	CTCCAAACAATAACCT-1	20044	5281	188	5.6124726337492294
GSM6339599	CTCCAAACACAAGCCT-1	20044	11735	486	4.8243937132826025
GSM6339599	CTCCAAACACCGGCTA-1	20044	727	31	4.68563694370146
GSM6339599	CTCCAAACAGCTCAAC-1	20044	14896	762	3.90580548060863
GSM6339599	CTCCAAACAGGGAGCT-1	20044	1421	48	5.914918414918415
GSM6339599	CTCCAAACAGTACCGT-1	20044	12013	539	4.453060853802969
GSM6339599	CTCCAAACATGCTCCC-1	20044	5886	243	4.839604839604839
GSM6339599	CTCCAAACATGCTTAG-1	20044	9833	464	4.234127941024493
GSM6339599	CTCCAACTCACCTGTC-1	20044	1551	71	4.3646494350719705
GSM6339599	CTCCAACTCCGTGACA-1	20044	8563	337	5.07682228750478
GSM6339599	CTCCAACTCGCGCTAA-1	20044	10936	463	4.719254827246188
GSM6339599	CTCCAACTCTGTGCAG-1	20044	8435	401	4.202779763877021
GSM6339599	CTCCAACTCTTAGCCC-1	20044	9637	403	4.777852420532321
GSM6339599	CTCCATCAGCTGAGGG-1	20044	3802	176	4.3161384070474975
GSM6339599	CTCCATCAGTTAGTGC-1	20044	898	28	6.407877836449265
GSM6339599	CTCCATCAGTTTCCGC-1	20044	7342	341	4.301856501269991
GSM6339599	CTCCGGACAAACTAAG-1	20044	12336	527	4.676917010882856
GSM6339599	CTCCGGACAAGCTTAT-1	20044	8421	328	5.129626471089886
GSM6339599	CTCCGGACACTAGGTC-1	20044	11282	493	4.5723039637846945
GSM6339599	CTCCGGACAGCCAGTT-1	20044	10355	458	4.51731674439098
GSM6339599	CTCCGGACAGCCTGCA-1	20044	11236	507	4.427919220818629
GSM6339599	CTCCGGACATGGAGGC-1	20044	13197	596	4.424099390542343
GSM6339599	CTCCGGACATTCCTGT-1	20044	4538	189	4.797319083033369
GSM6339599	CTCCTAATCGGGACTC-1	20044	8576	381	4.497339930410797
GSM6339599	CTCCTCACACCAGGTT-1	20044	8484	313	5.415670591389441
GSM6339599	CTCCTCACATTGCGGT-1	20044	4995	205	4.86830242927804
GSM6339599	CTCCTGAGTCAAGTAT-1	20044	6570	285	4.6059203953940795
GSM6339599	CTCCTGAGTCATGCAA-1	20044	13629	682	3.9927814121362504
GSM6339599	CTCCTGAGTGCTGTAA-1	20044	5228	224	4.663193948908234
GSM6339599	CTCCTGAGTTAGAGGG-1	20044	9457	408	4.631153160564925
GSM6339599	CTCGACAAGTCATGCG-1	20044	10910	555	3.927603927603928
GSM6339599	CTCGACAAGTCGCAAT-1	20044	544	22	4.940514031423122
GSM6339599	CTCGCTAGTAGGTTGC-1	20044	16740	830	4.029705234524511
GSM6339599	CTCGCTAGTATTGAGT-1	20044	8510	373	4.558444236728419
GSM6339599	CTCGCTAGTCCGCTGT-1	20044	13871	559	4.9578328648096095
GSM6339599	CTCGCTAGTTTATCGC-1	20044	2455	99	4.954641318277682
GSM6339599	CTCGCTCCACAATTAC-1	20044	11585	489	4.733507800992464
GSM6339599	CTCGCTCCACTTACAG-1	20044	3774	165	4.569975479066389
GSM6339599	CTCGCTCCAGATAGAC-1	20044	6496	321	4.043308716205912
GSM6339599	CTCGCTCCAGGCATCT-1	20044	9674	403	4.796196359471794
GSM6339599	CTCGTTATCCCGCATT-1	20044	4012	172	4.6604558232465205
GSM6339599	CTCGTTATCCTGAATA-1	20044	10351	452	4.575512982592629
GSM6339599	CTCGTTATCCTTAATC-1	20044	3015	135	4.462204462204462
GSM6339599	CTCGTTATCGGTTCCT-1	20044	6489	270	4.801864801864801
GSM6339599	CTCGTTATCGTTATCT-1	20044	790	32	4.932567432567432
GSM6339599	CTCGTTATCTGCAACG-1	20044	12032	556	4.323733820136698
GSM6339599	CTCTAAGCAAATATCC-1	20044	2834	102	5.551311433664375
GSM6339599	CTCTAAGCAACAACAA-1	20044	8921	371	4.8043600604247505
GSM6339599	CTCTAAGCAACTAGAA-1	20044	7390	322	4.585476635166076
GSM6339599	CTCTAAGCAAGTCGCT-1	20044	8875	384	4.617778055278055
GSM6339599	CTCTAAGCACAATGTT-1	20044	5059	256	3.9483953546453545
GSM6339599	CTCTAAGCACCATATG-1	20044	7038	292	4.815732212992487
GSM6339599	CTCTAAGCACGCAACT-1	20044	4808	249	3.8579894001580746
GSM6339599	CTCTAAGCAGGCTAGA-1	20044	7556	361	4.181967616870664
GSM6339599	CTCTAAGCAGTAAGTA-1	20044	10583	472	4.479842191706599
GSM6339599	CTCTAAGCATAAAGCA-1	20044	4660	185	5.032805032805032
GSM6339599	CTCTAGCTCCAACTGG-1	20044	12307	600	4.098235098235098
GSM6339599	CTCTAGCTCCATAAGC-1	20044	11653	571	4.077533674731573
GSM6339599	CTCTAGCTCCTAATTC-1	20044	448	20	4.475524475524475
GSM6339599	CTCTAGCTCGACCTGA-1	20044	20875	977	4.269016551513993
GSM6339599	CTCTAGCTCGATAACC-1	20044	11566	573	4.032965289509791
GSM6339599	CTCTAGCTCTTGTCTG-1	20044	12296	510	4.817143640673053
GSM6339599	CTCTATGTCACGCCAA-1	20044	8439	392	4.301310933963996
GSM6339599	CTCTATGTCATTAGCA-1	20044	1014	57	3.5543403964456597
GSM6339599	CTCTATGTCCCGCATT-1	20044	4410	171	5.152741994847259
GSM6339599	CTCTATGTCCTAATTC-1	20044	11136	529	4.206001937570935
GSM6339599	CTCTATGTCGATCAGT-1	20044	10848	464	4.6711908780874305
GSM6339599	CTCTATGTCTGTGCAG-1	20044	11051	511	4.3209236947006024
GSM6339599	CTCTCACAGTAGCGGG-1	20044	8448	412	4.096873999786621
GSM6339599	CTCTCACAGTCACCTC-1	20044	1042	48	4.337329337329337
GSM6339599	CTCTCACAGTGAAGTG-1	20044	7076	252	5.610262753119896
GSM6339599	CTCTGTTCAAACCTAT-1	20044	11426	590	3.8693509879950554
GSM6339599	CTCTGTTCAATCGCAC-1	20044	9436	399	4.725099461941567
GSM6339599	CTCTGTTCATCACTTC-1	20044	2237	76	5.880961144119039
GSM6339599	CTCTGTTCATGGAGGC-1	20044	7612	336	4.526425954997383
GSM6339599	CTCTGTTCATTGCGTA-1	20044	11732	574	4.0837211568918885
GSM6339599	CTCTTGATCCTAAATG-1	20044	13378	643	4.15696278837803
GSM6339599	CTCTTGATCCTTAGGG-1	20044	12221	563	4.337048386781957
GSM6339599	CTCTTGATCTAACCAA-1	20044	8655	410	4.217733486026169
GSM6339599	CTCTTGATCTCACACC-1	20044	9003	431	4.173552665432016
GSM6339599	CTCTTGATCTGGCAAT-1	20044	11153	476	4.681453000780732
GSM6339599	CTGAAACTCACGCGGT-1	20044	5548	215	5.15577445810004
GSM6339599	CTGAAACTCATTAGTG-1	20044	9517	358	5.311448328208105
GSM6339599	CTGAAACTCCTCGATC-1	20044	11817	632	3.7358211408844317
GSM6339599	CTGAAACTCGCTAGAT-1	20044	10009	435	4.59724183862115
GSM6339599	CTGAAACTCGGTAACT-1	20044	2238	78	5.732728809651887
GSM6339599	CTGAAACTCTTGATGA-1	20044	1873	79	4.737035116781952
GSM6339599	CTGAATATCACGCATG-1	20044	4514	173	5.213283826000589
GSM6339599	CTGAATATCAGTGAAG-1	20044	6713	323	4.15250384290632
GSM6339599	CTGAATATCCAGGGAG-1	20044	4934	237	4.159553526642134
GSM6339599	CTGAATATCGAGGAGT-1	20044	5168	232	4.450721692101003
GSM6339599	CTGAATATCTTAGCCC-1	20044	6062	265	4.570523815806835
GSM6339599	CTGACATAGGAATAAC-1	20044	7043	287	4.903110826455774
GSM6339599	CTGACATAGGGTTAGA-1	20044	12597	649	3.8780941708522603
GSM6339599	CTGACATAGGTTACGT-1	20044	11004	488	4.505330734838932
GSM6339599	CTGACATAGGTTTACA-1	20044	12175	540	4.504754504754504
GSM6339599	CTGACCAAGAGCCGGA-1	20044	2826	87	6.490061662475456
GSM6339599	CTGACCAAGGCGGATG-1	20044	7147	281	5.0817509892242985
GSM6339599	CTGACCAAGGCTAATC-1	20044	15162	731	4.144145867812079
GSM6339599	CTGACCAAGGTGCGGA-1	20044	20623	957	4.305621233520919
GSM6339599	CTGACCAAGGTTTGCG-1	20044	10912	509	4.283339450333557
GSM6339599	CTGACCAAGTAGCTTA-1	20044	12869	625	4.113966033966034
GSM6339599	CTGACCAAGTCTCACC-1	20044	5416	217	4.98671835077365
GSM6339599	CTGACCAAGTTAGTTG-1	20044	6954	321	4.328381898475357
GSM6339599	CTGATCACAAGTGTTT-1	20044	12253	502	4.876796510262646
GSM6339599	CTGATCACAATGAATG-1	20044	8716	386	4.511550625540263
GSM6339599	CTGATCACATTGCGAC-1	20044	6817	301	4.5250430632490435
GSM6339599	CTGATCACATTGTTGG-1	20044	11082	594	3.7275855457673637
GSM6339599	CTGCAATAGCCAAATC-1	20044	532	13	8.176438945669714
GSM6339599	CTGCAATAGGACAATG-1	20044	8735	395	4.418366443682899
GSM6339599	CTGCTACTCATCCTAT-1	20044	1207	50	4.823176823176823
GSM6339599	CTGCTACTCTTGGACG-1	20044	7206	304	4.736053420263946
GSM6339599	CTGCTATGTAGGTGTC-1	20044	11304	592	3.8151038151038152
GSM6339599	CTGCTATGTTTCCACG-1	20044	390	19	4.101161995898838
GSM6339599	CTGCTCCCAAACGCGA-1	20044	8343	362	4.6047874777156546
GSM6339599	CTGCTCCCAAAGCTCC-1	20044	642	37	3.466803466803467
GSM6339599	CTGCTCCCAGGAATCG-1	20044	9242	413	4.471073720468393
GSM6339599	CTGCTCCCATCCCGCT-1	20044	5283	268	3.9385987147181174
GSM6339599	CTGGACCAGAAAGCAT-1	20044	12819	563	4.549269558150552
GSM6339599	CTGGACCAGACAGGTA-1	20044	10316	463	4.45170380375564
GSM6339599	CTGGACCAGGTGAAAT-1	20044	15983	790	4.042286827096953
GSM6339599	CTGGACCAGTACTGGT-1	20044	1197	44	5.435473617291799
GSM6339599	CTGGACCAGTTATCCT-1	20044	6480	277	4.674026334676154
GSM6339599	CTGGATGTCCGCAACA-1	20044	6517	333	3.9102039102039106
GSM6339599	CTGGATGTCCTGATTT-1	20044	7784	373	4.169556984570389
GSM6339599	CTGGATGTCGAGGAAC-1	20044	4682	179	5.226058857343773
GSM6339599	CTGGATGTCGTTAGTA-1	20044	8265	396	4.170072351890534
GSM6339599	CTGGATGTCTAACCAA-1	20044	9760	426	4.577582042370775
GSM6339599	CTGGATGTCTTAGTCT-1	20044	10394	485	4.281903663346962
GSM6339599	CTGGCTAAGACAGGTA-1	20044	9928	484	4.098380957885091
GSM6339599	CTGGCTAAGCTAAAGG-1	20044	9522	402	4.732580851983838
GSM6339599	CTGGCTAAGGATTTGC-1	20044	8631	452	3.815211337335231
GSM6339599	CTGGCTAAGTTGTCCC-1	20044	15362	806	3.808102567407778
GSM6339599	CTGGTAAGTCATCATC-1	20044	9200	378	4.8628620057191485
GSM6339599	CTGGTAAGTCATCCTG-1	20044	16449	849	3.8710406201572276
GSM6339599	CTGGTAAGTGTTTGCT-1	20044	9205	380	4.839896945160103
GSM6339599	CTGGTAAGTTATTGCC-1	20044	9427	510	3.693169575522517
GSM6339599	CTGGTCAAGAGGAAGG-1	20044	12213	591	4.128866057800068
GSM6339599	CTGGTCAAGCAAGGAC-1	20044	2185	82	5.323944348334592
GSM6339599	CTGGTCAAGCATGAAG-1	20044	7839	333	4.703404703404703
GSM6339599	CTGGTCAAGGAACGGT-1	20044	7061	334	4.223919792782068
GSM6339599	CTGGTCAAGTAACAGG-1	20044	12438	616	4.0342774109007875
GSM6339599	CTGGTCAAGTGTTGTA-1	20044	3138	110	5.6997547906638815
GSM6339599	CTGGTCAAGTTTGGGT-1	20044	7201	363	3.963529583364294
GSM6339599	CTGGTTACAAATTCGT-1	20044	7266	285	5.093853514906146
GSM6339599	CTGGTTACAACAGGAT-1	20044	4696	216	4.343804343804344
GSM6339599	CTGGTTACAACCCTCC-1	20044	11600	558	4.153552540649315
GSM6339599	CTGGTTACAAGCTTAT-1	20044	9979	436	4.572949985794022
GSM6339599	CTGGTTACAGGCCTTG-1	20044	10636	484	4.390650671642407
GSM6339599	CTGGTTTGTAACAGGG-1	20044	12339	570	4.325148535674852
GSM6339599	CTGGTTTGTGTTGTAG-1	20044	12133	563	4.30581851540999
GSM6339599	CTGGTTTGTTTCAGGA-1	20044	11016	516	4.2655019399205445
GSM6339599	CTGTAACAGGAGGGTT-1	20044	12118	556	4.354638167587808
GSM6339599	CTGTAACAGGTGAAGC-1	20044	6680	296	4.509004509004509
GSM6339599	CTGTAACAGGTTAGCT-1	20044	13490	580	4.647077060870164
GSM6339599	CTGTACCTCATCCACC-1	20044	3382	165	4.095298640753186
GSM6339599	CTGTACCTCATCCTGC-1	20044	2398	91	5.265064605723946
GSM6339599	CTGTACCTCCCGTTAC-1	20044	14881	642	4.631194350820519
GSM6339599	CTGTACCTCGTTTCGC-1	20044	4512	210	4.292850007135721
GSM6339599	CTGTACCTCTTGCATT-1	20044	2108	75	5.6157176157176165
GSM6339599	CTGTATTTCATCCTGC-1	20044	1418	62	4.569623924462634
GSM6339599	CTGTATTTCGTGCTAG-1	20044	874	29	6.021564642254297
GSM6339599	CTGTGTGAGGCCATCA-1	20044	9904	415	4.768243804388383
GSM6339599	CTGTGTGAGGGTCTAT-1	20044	5337	250	4.265334665334665
GSM6339599	CTGTGTGAGGTTTGCG-1	20044	7607	335	4.536955581731701
GSM6339599	CTGTGTGAGTCATCCC-1	20044	12835	630	4.070532641961214
GSM6339599	CTGTGTGAGTTGGATC-1	20044	1175	44	5.335573517391699
GSM6339599	CTGTTAAAGAAACTGG-1	20044	4709	169	5.56721385123752
GSM6339599	CTGTTAAAGACAACAG-1	20044	12298	584	4.2074363992172215
GSM6339599	CTGTTAAAGAGCCGGA-1	20044	580	18	6.438006438006439
GSM6339599	CTGTTAAAGCATGAAG-1	20044	11800	486	4.851115962227073
GSM6339599	CTGTTAAAGCGCTCAA-1	20044	5071	212	4.779183081069873
GSM6339599	CTGTTAAAGCTAATCA-1	20044	10273	497	4.129874149994874
GSM6339599	CTGTTAAAGGAACCAA-1	20044	9899	535	3.6968638837797716
GSM6339599	CTGTTAAAGGGTGAGT-1	20044	5023	229	4.382517046272504
GSM6339599	CTGTTCATCAAATCGC-1	20044	5589	247	4.520985087786706
GSM6339599	CTGTTCATCGTCCTTA-1	20044	4876	181	5.382462841026377
GSM6339599	CTGTTCATCTCACACC-1	20044	9814	446	4.396500360625922
GSM6339599	CTGTTGGAGGCGAATA-1	20044	14853	719	4.127444183077007
GSM6339599	CTGTTGGAGTTTGCGG-1	20044	2029	67	6.050665752158289
GSM6339599	CTGTTTAGTTAGCATG-1	20044	1507	68	4.42792501616031
GSM6339599	CTGTTTAGTTGCAATG-1	20044	1851	92	4.019893150327933
GSM6339599	CTGTTTAGTTTAGCTC-1	20044	832	38	4.3745727956254274
GSM6339599	CTGTTTAGTTTATCTG-1	20044	4157	181	4.588781384361495
GSM6339599	CTGTTTAGTTTATGGG-1	20044	15830	779	4.060124727647192
GSM6339599	CTTAACAAGCCTAATA-1	20044	684	26	5.2562821793591015
GSM6339599	CTTAACAAGGAGTAAT-1	20044	581	16	7.255244755244755
GSM6339599	CTTAACAAGTAATCCA-1	20044	4445	204	4.353489647607295
GSM6339599	CTTAAGATCAAACCGT-1	20044	9697	446	4.344086406866676
GSM6339599	CTTAAGATCAATAGCC-1	20044	7427	314	4.725847401006636
GSM6339599	CTTAAGGGTTAATGCG-1	20044	1571	56	5.605109176537748
GSM6339599	CTTAAGGGTTACAACG-1	20044	2670	103	5.179286732684791
GSM6339599	CTTAAGGGTTAGAGGG-1	20044	11097	547	4.0533506712665766
GSM6339599	CTTAAGGGTTTAACGG-1	20044	9559	454	4.206806409449581
GSM6339599	CTTAATGAGTAGGCGG-1	20044	11830	613	3.8558505116417026
GSM6339599	CTTAATGAGTTCCCAC-1	20044	11069	472	4.685568668619516
GSM6339599	CTTACCGGTACCGTTT-1	20044	13765	769	3.5763975946030557
GSM6339599	CTTACCGGTTAGCGTA-1	20044	3006	143	4.199995808387417
GSM6339599	CTTACCGGTTGCACAA-1	20044	12198	609	4.001909420628633
GSM6339599	CTTACCTCAAGGATTA-1	20044	10823	459	4.711192946487064
GSM6339599	CTTACCTCAAGGTAAC-1	20044	10515	480	4.376873126873128
GSM6339599	CTTACCTCAGGCTACT-1	20044	10352	420	4.924599210313496
GSM6339599	CTTAGTTTCACAGCCA-1	20044	2187	94	4.648542946415287
GSM6339599	CTTAGTTTCATGTCAA-1	20044	1706	53	6.431304544512091
GSM6339599	CTTAGTTTCCTAGTAA-1	20044	7254	321	4.5151110571671325
GSM6339599	CTTAGTTTCGTCCTTA-1	20044	11782	594	3.96304032667669
GSM6339599	CTTAGTTTCTACCTCA-1	20044	804	37	4.3416043416043415
GSM6339599	CTTAGTTTCTTAGCCC-1	20044	4942	234	4.219711912019604
GSM6339599	CTTATGTTCAAACACC-1	20044	11014	568	3.874294719365142
GSM6339599	CTTATGTTCCTTCTAG-1	20044	4728	197	4.795204795204795
GSM6339599	CTTATGTTCCTTTACG-1	20044	12779	588	4.3422563830727094
GSM6339599	CTTATGTTCTGCAAGT-1	20044	6134	232	5.282648386096662
GSM6339599	CTTATTGGTCACAGCG-1	20044	14677	704	4.165436835891382
GSM6339599	CTTATTGGTGTAATAC-1	20044	7664	354	4.325617884939919
GSM6339599	CTTCAAGCAAAGCGCA-1	20044	582	15	7.752247752247752
GSM6339599	CTTCAAGCAAATGCCC-1	20044	12544	608	4.122193595877806
GSM6339599	CTTCAAGCATTCCTCG-1	20044	3608	159	4.533830948925289
GSM6339599	CTTCAATTCAAAGGCA-1	20044	9826	447	4.392028553102379
GSM6339599	CTTCACTCAATCGCAC-1	20044	12387	549	4.508060245765163
GSM6339599	CTTCACTCACCTACGG-1	20044	6588	321	4.10057232487139
GSM6339599	CTTCACTCAGCAAGGC-1	20044	11852	541	4.377138573072029
GSM6339599	CTTCACTCAGGCCTTG-1	20044	5848	239	4.888835014358027
GSM6339599	CTTCACTCAGGTTACC-1	20044	11374	535	4.24771490192051
GSM6339599	CTTCACTCAGTTTGGC-1	20044	348	24	2.897102897102897
GSM6339599	CTTCACTCAGTTTGTG-1	20044	7371	331	4.449327107937379
GSM6339599	CTTCAGGAGAGAGGAG-1	20044	9861	460	4.283108196151675
GSM6339599	CTTCAGGAGCACAGAA-1	20044	8848	380	4.65218991534781
GSM6339599	CTTCAGGAGCCTAACG-1	20044	11532	564	4.085276425701958
GSM6339599	CTTCAGGAGGCAACAA-1	20044	1068	41	5.204551546014962
GSM6339599	CTTCAGGAGGCAAGTA-1	20044	1389	45	6.167166167166167
GSM6339599	CTTCAGGAGTTTGGGT-1	20044	3632	131	5.539498669269662
GSM6339599	CTTCATCCAAGTGTTT-1	20044	1552	73	4.247806987533015
GSM6339599	CTTCATCCACAGGAAT-1	20044	9262	431	4.293618214731905
GSM6339599	CTTCGCGTCAAATCGC-1	20044	4941	198	4.98592316774135
GSM6339599	CTTCGCGTCACCTGTC-1	20044	1409	62	4.540620669652927
GSM6339599	CTTCGCGTCCATCAGG-1	20044	14003	659	4.24552685554203
GSM6339599	CTTCGCGTCCGCAAAT-1	20044	13633	612	4.450777980189745
GSM6339599	CTTCGCGTCCTCACTA-1	20044	13712	597	4.589045795075946
GSM6339599	CTTCTAAGTACCGAAC-1	20044	14426	718	4.014370031083123
GSM6339599	CTTCTAAGTATTCGTC-1	20044	8109	301	5.382657209899735
GSM6339599	CTTCTAAGTTGGTTAG-1	20044	3248	137	4.736868970445612
GSM6339599	CTTCTAAGTTGTTGTC-1	20044	13916	697	3.9891242186794553
GSM6339599	CTTCTAAGTTTCGCCA-1	20044	1349	60	4.492174492174493
GSM6339599	CTTCTCAAGATTGAGG-1	20044	13834	682	4.052838656944228
GSM6339599	CTTCTCAAGGAAACTG-1	20044	12937	658	3.928290554430372
GSM6339599	CTTCTCAAGTGAAGTG-1	20044	19033	871	4.366012861994491
GSM6339599	CTTGAACAGTTCCTCA-1	20044	13037	615	4.235439357390577
GSM6339599	CTTGAATCAACCTAAT-1	20044	6601	304	4.338424733161575
GSM6339599	CTTGAATCACTTCATC-1	20044	6533	310	4.210628081595823
GSM6339599	CTTGAATCATCCCTCA-1	20044	13996	691	4.046893771929952
GSM6339599	CTTGAATCATTCAGCA-1	20044	11353	534	4.247812112980652
GSM6339599	CTTGACGAGCGGCTGT-1	20044	7255	303	4.783994883004784
GSM6339599	CTTGACGAGGAACACA-1	20044	6439	283	4.545984051284404
GSM6339599	CTTGACGAGGAGGACT-1	20044	1328	70	3.790495219066648
GSM6339599	CTTGACGAGGTGAAGC-1	20044	11871	571	4.153814661695573
GSM6339599	CTTGACGAGTTATGTG-1	20044	10553	478	4.41107010144667
GSM6339599	CTTGACGAGTTGGGCC-1	20044	9938	452	4.3929521805628005
GSM6339599	CTTGCAACAAAGCGCA-1	20044	1654	70	4.7209932924218645
GSM6339599	CTTGCAACAGTCTAAT-1	20044	1172	38	6.162258793837742
GSM6339599	CTTGCAACATCCCGCT-1	20044	8824	391	4.5090459412710056
GSM6339599	CTTGCATGTACGTTTC-1	20044	10317	462	4.461771994239527
GSM6339599	CTTGCATGTCAAGACC-1	20044	2521	107	4.707442090619661
GSM6339599	CTTGCATGTCCTAATC-1	20044	2331	93	5.007895330475976
GSM6339599	CTTGCATGTGAGCGAA-1	20044	5671	267	4.243696378527839
GSM6339599	CTTGCATGTGTTTGCT-1	20044	15315	727	4.208995955901045
GSM6339599	CTTGCATGTTCCTGTG-1	20044	12332	532	4.631458766797112
GSM6339599	CTTGCATGTTGCAATG-1	20044	11746	539	4.354087470970589
GSM6339599	CTTGCATGTTGTGACA-1	20044	9901	427	4.632837888107209
GSM6339599	CTTGCGCGTCATAACG-1	20044	8711	327	5.322506239937432
GSM6339599	CTTGCGCGTCGACTAA-1	20044	510	29	3.513727651658686
GSM6339599	CTTGCGCGTTGCCTCA-1	20044	7670	371	4.130640249238632
GSM6339599	CTTGCGCGTTGTAACG-1	20044	642	27	4.75080475080475
GSM6339599	CTTGCTCAGACTAAGG-1	20044	10341	430	4.804962479381084
GSM6339599	CTTGCTCAGACTTACA-1	20044	7168	335	4.275127857217409
GSM6339599	CTTGCTCAGGTAAGCA-1	20044	894	46	3.883073448290839
GSM6339599	CTTGCTCAGTGAACAG-1	20044	9291	403	4.606311802341579
GSM6339599	CTTGCTCAGTGAAGTG-1	20044	3658	150	4.872460872460873
GSM6339599	CTTGGACCAAGGTGGC-1	20044	10516	474	4.43269810358418
GSM6339599	CTTGGACCACAATACT-1	20044	1902	89	4.269887415954832
GSM6339599	CTTGGACCAGAACCGA-1	20044	9112	430	4.233905629254466
GSM6339599	CTTGTAAAGATACTTG-1	20044	1260	44	5.72155117609663
GSM6339599	CTTGTAAAGCATGGTT-1	20044	4298	127	6.76174219481306
GSM6339599	CTTGTAAAGCTTACTT-1	20044	8438	340	4.958570840923782
GSM6339599	CTTGTAAAGGACTAAG-1	20044	435	17	5.11253452429923
GSM6339599	CTTGTAAAGGCGCTAC-1	20044	2299	107	4.292903358323919
GSM6339599	CTTGTCCAGAAAGCAT-1	20044	12480	577	4.3215017218483425
GSM6339599	CTTGTCCAGACTTACA-1	20044	2155	100	4.305694305694305
GSM6339599	CTTGTCCAGTTGGGCC-1	20044	6949	360	3.8566988566988565
GSM6339599	CTTGTTCCAAGGTAAC-1	20044	8099	387	4.18134836739488
GSM6339599	CTTGTTCCAAGTGTCC-1	20044	10405	473	4.395181985033993
GSM6339599	CTTGTTCCATGAATAG-1	20044	9165	400	4.577922077922078
GSM6339599	CTTGTTCCATTCCTCG-1	20044	20432	904	4.515838144156729
GSM6339599	CTTGTTTAGTATCGCG-1	20044	1853	83	4.460599641322533
GSM6339599	CTTTAGGCAACTAACT-1	20044	13329	613	4.344432076895372
GSM6339599	CTTTAGGCACAAAGCG-1	20044	1350	49	5.504699382250403
GSM6339599	CTTTAGGCACAATTAC-1	20044	10676	526	4.055260329024588
GSM6339599	CTTTAGGCACGGTTTA-1	20044	7829	323	4.842835183392459
GSM6339599	CTTTAGGCAGCCAGTT-1	20044	6637	311	4.263903299273074
GSM6339599	CTTTAGGCAGTGAACG-1	20044	705	36	3.912753912753913
GSM6339599	CTTTAGGCATTGTGGC-1	20044	22027	960	4.58437395937396
GSM6339599	CTTTAGTTCAATAGCC-1	20044	7115	289	4.918956476049901
GSM6339599	CTTTAGTTCCCGTTAC-1	20044	890	39	4.559543021081482
GSM6339599	CTTTAGTTCGAAGTAG-1	20044	6244	280	4.455544455544455
GSM6339599	CTTTATCAGAACCTGT-1	20044	1018	49	4.1509510897265995
GSM6339599	CTTTATCAGACCATAC-1	20044	339	10	6.7732267732267735
GSM6339599	CTTTATCAGTGCACGC-1	20044	486	21	4.6239474810903385
GSM6339599	CTTTATGGTATTGAGT-1	20044	4323	182	4.745803646902548
GSM6339599	CTTTATGGTATTGTCC-1	20044	14526	708	4.099290539968506
GSM6339599	CTTTATGGTCATCCTG-1	20044	5331	246	4.329816524938477
GSM6339599	CTTTATGGTTAGTACG-1	20044	7749	356	4.349021764752102
GSM6339599	CTTTATGGTTTGTTGC-1	20044	323	21	3.0731173588316447
GSM6339599	CTTTCTTGTAAGGTTT-1	20044	2111	82	5.143636850953924
GSM6339599	CTTTCTTGTATTACCC-1	20044	12244	562	4.352942431234246
GSM6339599	CTTTCTTGTGAGAAAC-1	20044	770	35	4.395604395604396
GSM6339599	CTTTCTTGTGCTAGCG-1	20044	15254	759	4.01548385738109
GSM6339599	CTTTCTTGTTGGTTCT-1	20044	2071	99	4.179658725113271
GSM6339599	CTTTGAGCACGAATCC-1	20044	4086	177	4.612336815726646
GSM6339599	CTTTGAGCAGGGAGGA-1	20044	2592	119	4.351950570437965
GSM6339599	CTTTGAGCAGTATGTT-1	20044	3436	128	5.363386613386614
GSM6339599	CTTTGGGAGTAGCGGG-1	20044	11792	546	4.3150988205933265
GSM6339599	CTTTGGGAGTGAACCT-1	20044	2171	103	4.2113226579246
GSM6339599	CTTTGGTGTACCGAAC-1	20044	5643	270	4.175824175824176
GSM6339599	CTTTGGTGTACCGTAA-1	20044	5370	230	4.66490031707423
GSM6339599	CTTTGGTGTTGGTTGA-1	20044	1023	36	5.677655677655677
GSM6339599	CTTTGGTGTTTCCGGC-1	20044	11089	471	4.704000882344832
GSM6339599	CTTTGTCCAAGGTATA-1	20044	961	32	6.0002497502497505
GSM6339599	CTTTGTCCACAATACT-1	20044	9877	392	5.034251462822891
GSM6339599	CTTTGTCCACTATGGC-1	20044	2427	97	4.999124586753453
GSM6339599	CTTTGTCCATTAGGCC-1	20044	7080	339	4.172818332110367
GSM6339599	GAAACCCGTCACAGAC-1	20044	4413	187	4.7150710252314525
GSM6339599	GAAACCCGTCTCACTG-1	20044	7385	341	4.327051247872362
GSM6339599	GAAACCCGTTCCTGTG-1	20044	384	17	4.51313392489863
GSM6339599	GAAACTGAGCCTGGTA-1	20044	5839	250	4.666533466533467
GSM6339599	GAAACTGAGCTCCTTA-1	20044	12506	618	4.043205984953558
GSM6339599	GAAACTGAGCTTCTCA-1	20044	10203	511	3.989357022625124
GSM6339599	GAAACTGAGGACGTAA-1	20044	11214	556	4.029783166473814
GSM6339599	GAAACTGAGGTAACGA-1	20044	8931	419	4.258748411493041
GSM6339599	GAAACTGAGTCCTTCA-1	20044	12908	574	4.493067907702054
GSM6339599	GAAACTGAGTTATTCC-1	20044	1553	78	3.9780732088424395
GSM6339599	GAAAGCCAGATGCCTG-1	20044	10373	454	4.565038485743332
GSM6339599	GAAAGCCAGCTAATCA-1	20044	10175	464	4.381394467601364
GSM6339599	GAAAGCCAGCTGAGGG-1	20044	11926	576	4.136835386835387
GSM6339599	GAAAGCCAGGAACGCG-1	20044	7852	367	4.274744329240242
GSM6339599	GAAAGCCAGGCTGTGC-1	20044	7888	341	4.621771190686147
GSM6339599	GAAAGCCAGTACTGGT-1	20044	6991	303	4.60991154060461
GSM6339599	GAAAGCCAGTGAGCGG-1	20044	11306	552	4.092284527067136
GSM6339599	GAAAGCCAGTGTGATC-1	20044	10332	482	4.282854075385195
GSM6339599	GAAAGGCTCAAAGGCA-1	20044	11676	547	4.264839365387812
GSM6339599	GAAAGGCTCATTACAG-1	20044	3021	142	4.250678898566223
GSM6339599	GAAAGGCTCCATTACT-1	20044	12305	555	4.42980442980443
GSM6339599	GAAAGGCTCGCATTAA-1	20044	1730	93	3.716713394132749
GSM6339599	GAAAGGCTCTATCGCC-1	20044	5927	295	4.014290793951811
GSM6339599	GAACACAAGCAAGATG-1	20044	13018	689	3.7750348345413656
GSM6339599	GAACACAAGCAAGGAC-1	20044	10434	486	4.289537622870956
GSM6339599	GAACACAAGTACCGCA-1	20044	19182	822	4.662490793877655
GSM6339599	GAACCAAAGACACTTA-1	20044	9498	437	4.342568186961779
GSM6339599	GAACCAAAGACTAAGG-1	20044	6297	268	4.694559172171112
GSM6339599	GAACCAAAGGAGCACG-1	20044	14483	669	4.325420468918226
GSM6339599	GAACCAAAGGATCACT-1	20044	9060	373	4.853055791393593
GSM6339599	GAACCAAAGGCCCAGT-1	20044	1193	39	6.11183688106765
GSM6339599	GAACCAAAGTAGCGCC-1	20044	823	52	3.1622223929916236
GSM6339599	GAACCAAAGTTTAACG-1	20044	10561	525	4.019218876361734
GSM6339599	GAACCAGCAAGGTAAC-1	20044	11663	498	4.679256486485402
GSM6339599	GAACCAGCATCTAGCA-1	20044	15798	753	4.191824112142837
GSM6339599	GAACCAGCATTAAGTC-1	20044	12325	540	4.56025456025456
GSM6339599	GAACCGCTCTAAGGAG-1	20044	6286	232	5.4135519652761035
GSM6339599	GAACCTGTCAGCACCA-1	20044	1537	63	4.874490588776303
GSM6339599	GAACCTGTCATGCTCC-1	20044	2498	110	4.537280900917264
GSM6339599	GAACCTGTCCTTGCAC-1	20044	4761	183	5.1980806079166735
GSM6339599	GAACCTGTCGAAGTGA-1	20044	7582	402	3.7683709325500376
GSM6339599	GAACCTGTCTGTTCAT-1	20044	3951	199	3.966887383972811
GSM6339599	GAACCTTAGACTTACA-1	20044	9942	404	4.916865312904917
GSM6339599	GAACCTTAGATGCCTG-1	20044	11170	493	4.526913249022783
GSM6339599	GAACCTTAGCTCAATA-1	20044	11599	542	4.2757980027352716
GSM6339599	GAACCTTAGGATCACT-1	20044	11205	462	4.845803547102249
GSM6339599	GAACCTTAGGTGTTAC-1	20044	10806	514	4.200468791908481
GSM6339599	GAACCTTAGTGCACGC-1	20044	8011	316	5.065187976580381
GSM6339599	GAACCTTAGTTATCTC-1	20044	5638	272	4.141446788505612
GSM6339599	GAACGAATCATCGTTT-1	20044	4509	164	5.493287200604274
GSM6339599	GAACGAATCCCTGTTA-1	20044	8131	367	4.426636034265462
GSM6339599	GAACGAATCCGGTTAG-1	20044	10896	410	5.309812139080432
GSM6339599	GAACGAATCCTTCAAT-1	20044	553	24	4.603729603729604
GSM6339599	GAACGAATCTAAGTGC-1	20044	7189	301	4.771972213832679
GSM6339599	GAACGAATCTCGACCT-1	20044	7175	333	4.305004305004305
GSM6339599	GAACGAATCTTGGATA-1	20044	13940	684	4.071951440372493
GSM6339599	GAACTTATCATTACTC-1	20044	12006	571	4.201052887567774
GSM6339599	GAACTTATCCTGAGTG-1	20044	7900	361	4.372358942996062
GSM6339599	GAACTTATCCTTCGTA-1	20044	7775	302	5.143862759756799
GSM6339599	GAACTTATCCTTTACG-1	20044	12630	639	3.9491025406518365
GSM6339599	GAACTTATCGTGCTTC-1	20044	14176	638	4.439447699635788
GSM6339599	GAACTTATCTTGCATT-1	20044	8019	393	4.076839191343008
GSM6339599	GAAGCCTGTCAAGTGC-1	20044	19117	887	4.3061786015562795
GSM6339599	GAAGCCTGTCATGCCC-1	20044	7406	335	4.417075461851581
GSM6339599	GAAGCCTGTCCTTAGT-1	20044	13306	612	4.344021991080814
GSM6339599	GAAGCCTGTGCTTAGA-1	20044	5990	235	5.092779560864667
GSM6339599	GAAGCCTGTTACAACG-1	20044	3732	154	4.841911335417828
GSM6339599	GAAGCTAAGCGGATAA-1	20044	15162	671	4.514710326930893
GSM6339599	GAAGCTAAGGTAAGCA-1	20044	7864	368	4.269643400078182
GSM6339599	GAAGGAACAACCCTCC-1	20044	9957	413	4.816974792761718
GSM6339599	GAAGGAACAAGCTAAA-1	20044	2294	89	5.149906273501779
GSM6339599	GAAGGAACAAGGTGGC-1	20044	4724	197	4.79114793835606
GSM6339599	GAAGGAACAGTTAGCC-1	20044	11731	479	4.893227857737252
GSM6339599	GAAGGAACATTAAACC-1	20044	12815	607	4.218187084743922
GSM6339599	GAAGGATGTCCTCCAA-1	20044	12459	531	4.687967399831807
GSM6339599	GAAGGATGTCGACTCC-1	20044	3352	136	4.924487277428454
GSM6339599	GAAGGATGTTAACAGT-1	20044	1029	43	4.781265246381525
GSM6339599	GAAGGATGTTAGTACG-1	20044	3740	161	4.641321411507747
GSM6339599	GAAGGATGTTGGTTAG-1	20044	2951	126	4.679447536590394
GSM6339599	GAAGGCCCAATAAGCA-1	20044	3959	160	4.943806193806194
GSM6339599	GAAGGCCCAGGATAAC-1	20044	5967	269	4.4319992275382605
GSM6339599	GAAGGCCCATGATTGT-1	20044	12145	592	4.098941598941599
GSM6339599	GAAGGCCCATTAAGTC-1	20044	13914	665	4.180481172962375
GSM6339599	GAAGGCTAGCCTGTGA-1	20044	13121	669	3.9186523491456224
GSM6339599	GAAGGCTAGCTATTGA-1	20044	11024	518	4.252118537832824
GSM6339599	GAAGGCTAGGAGTCGG-1	20044	12177	538	4.522243555700805
GSM6339599	GAAGGCTAGGCATGAA-1	20044	9502	458	4.145199778387552
GSM6339599	GAAGGCTAGTATTGTG-1	20044	2711	110	4.92416674234856
GSM6339599	GAAGTAAGTCCGGTTC-1	20044	9062	431	4.200903504847821
GSM6339599	GAAGTAAGTTACCGGG-1	20044	6070	226	5.366315100828375
GSM6339599	GAAGTAAGTTCCGCAC-1	20044	3829	189	4.047804047804048
GSM6339599	GAAGTAAGTTTATCGC-1	20044	1715	78	4.393042854581316
GSM6339599	GAAGTATAGAACCTAC-1	20044	2082	86	4.837023441674605
GSM6339599	GAAGTATAGCATGACT-1	20044	21247	1009	4.207289241977052
GSM6339599	GAAGTATAGCGGTTAT-1	20044	12165	582	4.176236134999021
GSM6339599	GAAGTATAGGTCGAGG-1	20044	7659	321	4.767195421401029
GSM6339599	GAAGTCAAGGAATAAC-1	20044	11808	520	4.5370014600783835
GSM6339599	GAAGTGATCAAGCTTA-1	20044	6912	321	4.302239816258508
GSM6339599	GAAGTGATCAGCATTA-1	20044	4063	180	4.50993450993451
GSM6339599	GAAGTGATCCCGTTGT-1	20044	10574	478	4.419847934492285
GSM6339599	GAAGTGATCCTCACAC-1	20044	10355	439	4.712827036289451
GSM6339599	GAAGTGATCGTTACTT-1	20044	3890	189	4.112289826575541
GSM6339599	GAAGTGATCTAACTGA-1	20044	1590	68	4.671798789445848
GSM6339599	GAAGTGATCTAAGTGC-1	20044	12974	721	3.5952951348235676
GSM6339599	GAAGTGATCTACTAAG-1	20044	7556	348	4.338190545087096
GSM6339599	GAAGTGATCTGTAAGC-1	20044	4285	192	4.4590825840825845
GSM6339599	GAATTTGTCGATTTAG-1	20044	521	25	4.163836163836164
GSM6339599	GAATTTGTCGTCATTT-1	20044	815	34	4.789328318740083
GSM6339599	GACAATACAGTACCGT-1	20044	3211	137	4.682908332543369
GSM6339599	GACAATACATAATTGC-1	20044	2635	89	5.915432881725017
GSM6339599	GACAATACATTGTGCA-1	20044	13258	667	3.9714408530000735
GSM6339599	GACAATACATTGTTGG-1	20044	1030	45	4.573204573204573
GSM6339599	GACACCGGTAATAGCT-1	20044	6565	255	5.1438757321110264
GSM6339599	GACACCGGTGGGTACT-1	20044	7013	319	4.3924727310307246
GSM6339599	GACACCGGTTCAAGAT-1	20044	3514	129	5.442619396107768
GSM6339599	GACACCGGTTGCACAA-1	20044	14531	717	4.049228317010744
GSM6339599	GACATAGAGGGCCATC-1	20044	3075	133	4.619440709666273
GSM6339599	GACATAGAGTTTCCGC-1	20044	13291	611	4.346226604819076
GSM6339599	GACATTATCGGTTACG-1	20044	5093	258	3.944117897606269
GSM6339599	GACATTATCTACTAAG-1	20044	6389	321	3.976708649605846
GSM6339599	GACCGAACAAACAACA-1	20044	10483	477	4.390996843827033
GSM6339599	GACCGAACAAGGTGGC-1	20044	8088	350	4.617097188525761
GSM6339599	GACCGAACACCAGGTT-1	20044	11067	482	4.587528653918695
GSM6339599	GACCGAACACCTGCTC-1	20044	8270	389	4.247680340225328
GSM6339599	GACCGAACAGCCTAAC-1	20044	10363	430	4.815184815184815
GSM6339599	GACCGAACATTAAACC-1	20044	2532	96	5.26973026973027
GSM6339599	GACCTAAGTAGCTGGT-1	20044	12831	667	3.843532779065013
GSM6339599	GACCTAAGTATGGTGC-1	20044	8035	463	3.467374957655735
GSM6339599	GACCTAAGTGGTTAGC-1	20044	5431	239	4.540229644832155
GSM6339599	GACCTAAGTGTTGCAA-1	20044	3952	168	4.700061842918986
GSM6339599	GACCTAAGTTCGGTAA-1	20044	6383	271	4.7059951118991705
GSM6339599	GACCTAAGTTGAAGCC-1	20044	3111	120	5.1798201798201795
GSM6339599	GACCTCAAGGACACTT-1	20044	12186	663	3.6723457537937176
GSM6339599	GACCTCAAGTCAATCA-1	20044	14451	668	4.322324382204622
GSM6339599	GACCTCAAGTGAACGA-1	20044	13866	636	4.356021337153412
GSM6339599	GACCTGATCACTAGGT-1	20044	10153	449	4.517976455615654
GSM6339599	GACCTGATCATAATCG-1	20044	1812	66	5.485423667241848
GSM6339599	GACCTGATCCACCTTA-1	20044	17593	863	4.073099553980202
GSM6339599	GACCTGCAGCATGGTT-1	20044	9975	430	4.634899983737193
GSM6339599	GACCTGCAGCATGTTA-1	20044	9239	429	4.302923184042065
GSM6339599	GACCTGCAGCCTAACG-1	20044	6190	225	5.496725496725497
GSM6339599	GACCTGCAGCCTGGTA-1	20044	12013	511	4.697064188257926
GSM6339599	GACCTGCAGCTCAATA-1	20044	8873	375	4.727539127539128
GSM6339599	GACCTGCAGGCGAATA-1	20044	22055	1032	4.2699548513502
GSM6339599	GACCTTTGTAAAGCAA-1	20044	365	9	8.103008103008102
GSM6339599	GACCTTTGTAGCTGCG-1	20044	356	23	3.092559614298745
GSM6339599	GACCTTTGTCATGCAA-1	20044	5371	245	4.380109686232135
GSM6339599	GACCTTTGTCCAAATG-1	20044	5912	258	4.5783673690650435
GSM6339599	GACCTTTGTCCCGAAG-1	20044	12091	527	4.584030769989025
GSM6339599	GACCTTTGTCGTTACT-1	20044	9496	430	4.4123318541923195
GSM6339599	GACCTTTGTGTCCAGG-1	20044	7450	311	4.786210573991925
GSM6339599	GACGCAACACCTGCTC-1	20044	407	19	4.279930595720069
GSM6339599	GACGCAACACGAATCC-1	20044	7165	325	4.404825943287482
GSM6339599	GACGCAACAGGGAGCT-1	20044	11732	547	4.285294230449623
GSM6339599	GACGCCTAGCGGCTGT-1	20044	7061	289	4.881623566744674
GSM6339599	GACGCCTAGGACTTAC-1	20044	8116	348	4.6597081079839695
GSM6339599	GACGCCTAGGTAAGGC-1	20044	5581	239	4.665627259769519
GSM6339599	GACGCCTAGTCAATTG-1	20044	11019	489	4.502246220037631
GSM6339599	GACGCCTAGTTATCCT-1	20044	12658	688	3.6759751876030946
GSM6339599	GACGTAAAGCACTAGT-1	20044	10564	513	4.114404114404114
GSM6339599	GACGTAAAGGCGGATG-1	20044	7771	308	5.041062833270626
GSM6339599	GACGTAAAGGCTACTG-1	20044	1751	86	4.068024998257556
GSM6339599	GACGTAAAGGGCTTAT-1	20044	11932	504	4.730190444476158
GSM6339599	GACGTAAAGTAAGAAC-1	20044	8821	421	4.1863124998516925
GSM6339599	GACGTAAAGTAGCTTA-1	20044	11068	535	4.133436656801143
GSM6339599	GACTAATGTGCCGCAA-1	20044	2179	98	4.442496279230973
GSM6339599	GACTAATGTGTCCAGG-1	20044	12547	586	4.27797458514182
GSM6339599	GACTAATGTTTACCGT-1	20044	4934	233	4.230962170876333
GSM6339599	GACTAATGTTTGCGAA-1	20044	986	30	6.5667665667665664
GSM6339599	GACTATTCACTCGCTC-1	20044	14443	667	4.3264082244591995
GSM6339599	GACTATTCACTGGCCA-1	20044	18780	861	4.358011326652442
GSM6339599	GACTATTCAGGTTCAC-1	20044	10974	486	4.511537844871178
GSM6339599	GACTATTCATGTCAGC-1	20044	5407	261	4.139155863293794
GSM6339599	GACTCACCAACAGGAT-1	20044	13076	628	4.160171039151931
GSM6339599	GACTCACCAATCATGT-1	20044	13306	623	4.267321763308922
GSM6339599	GACTCACCAGCATGTC-1	20044	14327	695	4.118758938902824
GSM6339599	GACTCACCATCCATCT-1	20044	8397	361	4.647430132194676
GSM6339599	GACTCACCATGCAACC-1	20044	8870	413	4.291108407331168
GSM6339599	GACTTACAGAATCGCT-1	20044	7503	416	3.6036079305310076
GSM6339599	GACTTACAGCTTAGCG-1	20044	10897	475	4.583626899416373
GSM6339599	GACTTACAGGGCCATC-1	20044	11323	573	3.9482332676049947
GSM6339599	GACTTACAGTAGCCAT-1	20044	5392	266	4.050085253092772
GSM6339599	GACTTACAGTCAGGCC-1	20044	11730	582	4.026900934117428
GSM6339599	GACTTAGGTACCGTTT-1	20044	12723	605	4.201748664558583
GSM6339599	GACTTAGGTTAGTTGG-1	20044	13906	596	4.661781171848286
GSM6339599	GACTTAGGTTGAATCG-1	20044	5991	292	4.099325332202045
GSM6339599	GACTTAGGTTGGATAT-1	20044	12347	589	4.188341370005207
GSM6339599	GACTTGGTCACACAGT-1	20044	4330	173	5.000779567253556
GSM6339599	GACTTGGTCATGTCAA-1	20044	11402	471	4.836776811299105
GSM6339599	GACTTGGTCCACCCTG-1	20044	2517	121	4.156174404108288
GSM6339599	GACTTGGTCGGGACTC-1	20044	574	24	4.778554778554779
GSM6339599	GACTTGGTCTCAATTC-1	20044	16633	748	4.442883319888667
GSM6339599	GACTTGGTCTGGTCCT-1	20044	1980	83	4.766318019330068
GSM6339599	GAGAAACGTCCTTTAA-1	20044	4013	189	4.242318528032814
GSM6339599	GAGAAACGTTAGAGGG-1	20044	11573	507	4.560725270784443
GSM6339599	GAGAAACGTTATCGAG-1	20044	13103	673	3.8900178573284068
GSM6339599	GAGAAACGTTTATCGC-1	20044	4392	191	4.594358521060092
GSM6339599	GAGAAACGTTTGGTTC-1	20044	9827	439	4.472520645641374
GSM6339599	GAGAACCAGATAACCC-1	20044	432	17	5.077275665510959
GSM6339599	GAGAACCAGGCCTGGT-1	20044	5620	234	4.798620183235569
GSM6339599	GAGAACCAGGGTGAGT-1	20044	5775	270	4.273504273504273
GSM6339599	GAGAACCAGTCGCTAG-1	20044	13081	657	3.9780615123080874
GSM6339599	GAGAACCAGTGCACGC-1	20044	6627	286	4.629636098167567
GSM6339599	GAGAACCAGTTAGTGC-1	20044	6464	314	4.113084367861438
GSM6339599	GAGAGGCGTAACCAGC-1	20044	5258	263	3.994484602849622
GSM6339599	GAGAGGCGTAGGTTGC-1	20044	8969	456	3.929842087736825
GSM6339599	GAGAGGCGTCATCCTG-1	20044	15498	687	4.507283109903198
GSM6339599	GAGAGGCGTGGTTAGC-1	20044	12058	526	4.580210663860854
GSM6339599	GAGAGGCGTGTCCAAA-1	20044	7694	360	4.2701742701742695
GSM6339599	GAGAGGCGTTCAAGCA-1	20044	11209	513	4.365614891930681
GSM6339599	GAGATAAGTATCTGGA-1	20044	13343	633	4.211586202107529
GSM6339599	GAGATAAGTATTGAGT-1	20044	12857	575	4.467532467532467
GSM6339599	GAGATAAGTCATTAGG-1	20044	713	26	5.479136248367017
GSM6339599	GAGATAAGTTGTGACA-1	20044	9066	395	4.58579395288256
GSM6339599	GAGCAAATCACATTGA-1	20044	5792	263	4.400162575067519
GSM6339599	GAGCAAATCAGTGAAG-1	20044	7677	306	5.01263442439913
GSM6339599	GAGCAAATCATGCTCC-1	20044	7650	386	3.9597707991490374
GSM6339599	GAGCAAATCCTTGCAC-1	20044	11203	511	4.380355456676396
GSM6339599	GAGCAAATCTAGCGAT-1	20044	5750	264	4.351708897163443
GSM6339599	GAGCAAATCTTGATGA-1	20044	13033	625	4.166393606393607
GSM6339599	GAGCAAGGTAGGTGTC-1	20044	6959	328	4.239053629297532
GSM6339599	GAGCAAGGTGGTTCCC-1	20044	1415	64	4.417457542457543
GSM6339599	GAGCATGCACAGAACG-1	20044	11501	440	5.222504767959313
GSM6339599	GAGCATGCAGAATGAC-1	20044	923	37	4.984204984204984
GSM6339599	GAGCCACTCAGTATTG-1	20044	4790	216	4.430754430754431
GSM6339599	GAGCCACTCCACCTTA-1	20044	14149	755	3.7443351350636123
GSM6339599	GAGCCACTCCGGTTAG-1	20044	3019	103	5.85627964268741
GSM6339599	GAGCCACTCCTAATGA-1	20044	12712	554	4.584585090000252
GSM6339599	GAGCCACTCTTTAAGG-1	20044	14891	743	4.004340208916252
GSM6339599	GAGCCTTCAATCGCAC-1	20044	1031	51	4.039098156745216
GSM6339599	GAGCCTTCACATAACT-1	20044	12410	625	3.967232767232767
GSM6339599	GAGCCTTCACCCTCAC-1	20044	10077	422	4.771058325560696
GSM6339599	GAGCCTTCAGCAAGAT-1	20044	5104	178	5.729102358315841
GSM6339599	GAGCCTTCATTAAAGG-1	20044	16721	821	4.069255957197491
GSM6339599	GAGCGAAGTAATCACG-1	20044	3695	145	5.091460263874057
GSM6339599	GAGCGAAGTGCTTTAC-1	20044	10104	483	4.179671260416602
GSM6339599	GAGCGGTCAAGTTATC-1	20044	390	16	4.87012987012987
GSM6339599	GAGCGGTCATCCCGCT-1	20044	10121	442	4.57506294610367
GSM6339599	GAGCTAGCAAGCCACT-1	20044	19720	1000	3.9400599400599403
GSM6339599	GAGCTAGCACAAAGAC-1	20044	9181	374	4.904720947501696
GSM6339599	GAGCTAGCAGCTTACA-1	20044	11276	519	4.340938444984688
GSM6339599	GAGCTAGCAGTTTACG-1	20044	10927	464	4.70520858451893
GSM6339599	GAGCTGCTCAATGAGG-1	20044	13224	642	4.115510657566732
GSM6339599	GAGCTGCTCACTAATG-1	20044	11794	550	4.284442829897375
GSM6339599	GAGCTGCTCATGCCTC-1	20044	3379	138	4.892209240035328
GSM6339599	GAGCTGCTCCGCCTAT-1	20044	5450	224	4.861210218353075
GSM6339599	GAGCTGCTCCTTAGTT-1	20044	8422	336	5.008087150944294
GSM6339599	GAGCTGCTCGTAACGT-1	20044	10364	487	4.2520108228527125
GSM6339599	GAGCTTAGTACCGTTT-1	20044	8819	385	4.576721979319381
GSM6339599	GAGCTTAGTGAGGTGA-1	20044	7972	331	4.81210632268034
GSM6339599	GAGCTTAGTGATGAGG-1	20044	12609	538	4.682677916878661
GSM6339599	GAGCTTAGTTTGCAGA-1	20044	12084	499	4.838448125021271
GSM6339599	GAGCTTGTCAGGCTAT-1	20044	5786	271	4.2658448562507605
GSM6339599	GAGCTTGTCATGTTTC-1	20044	1004	43	4.665102339520944
GSM6339599	GAGCTTGTCGCGACAC-1	20044	10887	463	4.698109665712257
GSM6339599	GAGCTTGTCGGTTTGG-1	20044	3671	176	4.167423485605304
GSM6339599	GAGGACTAGGCTTAAC-1	20044	7398	330	4.479157206429934
GSM6339599	GAGGAGGCATAATCCG-1	20044	5239	188	5.567836418900249
GSM6339599	GAGGCAAGTTCATCTA-1	20044	5906	247	4.777408825991822
GSM6339599	GAGGCCTTCATGGCTG-1	20044	8290	347	4.773324658050883
GSM6339599	GAGGCTACAACCCTCC-1	20044	5486	228	4.80747322852586
GSM6339599	GAGGCTACAATAATGG-1	20044	3006	148	4.058104058104058
GSM6339599	GAGGCTACAATCGCAC-1	20044	6733	268	5.019607258413228
GSM6339599	GAGGCTACATAATCAC-1	20044	3329	135	4.926924926924927
GSM6339599	GAGGCTACATCACTTC-1	20044	15261	801	3.806680211174593
GSM6339599	GAGGCTACATTAGGTT-1	20044	4904	231	4.241645800087358
GSM6339599	GAGGCTTGTAATTAGC-1	20044	7133	304	4.688075082811925
GSM6339599	GAGGCTTGTATTGCAG-1	20044	11581	567	4.0809278904517
GSM6339599	GAGGCTTGTGCGCGTA-1	20044	12161	501	4.8498407779844905
GSM6339599	GAGGCTTGTGTAACCA-1	20044	13146	613	4.284785361457466
GSM6339599	GAGGCTTGTTACAAAC-1	20044	10367	486	4.26199315088204
GSM6339599	GAGGCTTGTTGAAGCC-1	20044	13777	640	4.301011488511488
GSM6339599	GAGGCTTGTTGGATCA-1	20044	10346	526	3.9299103937887208
GSM6339599	GAGGCTTGTTTATGGG-1	20044	5681	253	4.48642266824085
GSM6339599	GAGGCTTGTTTGTCTA-1	20044	2731	109	5.006003171140785
GSM6339599	GAGGGAGCAATATGGA-1	20044	8371	314	5.326520613144817
GSM6339599	GAGGGAGCAATGCCTA-1	20044	9117	430	4.236228887391678
GSM6339599	GAGGGAGCACAAGCCT-1	20044	4192	154	5.4387171270288155
GSM6339599	GAGGGAGCACGAACAG-1	20044	13823	611	4.520193390897155
GSM6339599	GAGGGAGCAGCATGAG-1	20044	11169	467	4.7785191254142
GSM6339599	GAGGGAGCAGCTTAAT-1	20044	11470	523	4.38185141818029
GSM6339599	GAGGGAGCATGACTAT-1	20044	10574	509	4.150662696831655
GSM6339599	GAGGTACAGGTAAGGC-1	20044	2149	90	4.77078477078477
GSM6339599	GAGGTACAGTGAGAGC-1	20044	19663	883	4.4492314027987865
GSM6339599	GAGGTAGGTAGGTGTC-1	20044	2129	75	5.6716616716616715
GSM6339599	GAGGTAGGTGTCCTGC-1	20044	13472	594	4.531495440586349
GSM6339599	GAGGTAGGTTCCGGGA-1	20044	14523	697	4.163125253512628
GSM6339599	GAGGTAGGTTGCGGAT-1	20044	10593	468	4.52240067624683
GSM6339599	GAGGTGAGTGCTCCGT-1	20044	12611	525	4.799391085105371
GSM6339599	GAGGTGAGTTAAGTGT-1	20044	1385	59	4.69022502920808
GSM6339599	GAGGTGAGTTAGACCA-1	20044	14359	663	4.327196182399803
GSM6339599	GAGGTGAGTTCGGGAT-1	20044	334	13	5.133328210251287
GSM6339599	GAGGTGAGTTGTCATC-1	20044	11761	616	3.8146918017047886
GSM6339599	GAGGTTAAGCGATAGA-1	20044	337	12	5.611055611055611
GSM6339599	GAGGTTAAGCTCCTTA-1	20044	8186	366	4.4687552884274195
GSM6339599	GAGGTTAAGCTTATGA-1	20044	13132	615	4.266302802888168
GSM6339599	GAGGTTAAGGCTGTCA-1	20044	11167	517	4.315607023537391
GSM6339599	GAGGTTAAGGTCATTA-1	20044	793	32	4.951298701298701
GSM6339599	GAGGTTAAGGTCCACA-1	20044	8416	368	4.569343699778482
GSM6339599	GAGGTTAAGTCTGGGC-1	20044	2890	112	5.155558726987298
GSM6339599	GAGGTTAAGTTGGGCC-1	20044	11930	661	3.6060762233228196
GSM6339599	GAGTAACCAAGGAATC-1	20044	11711	529	4.423176067788544
GSM6339599	GAGTAACCAAGTGAAC-1	20044	1063	45	4.719724719724719
GSM6339599	GAGTAACCAGGGAGCT-1	20044	11038	463	4.763271285949472
GSM6339599	GAGTAACCAGGTCCTG-1	20044	2992	124	4.820985466146756
GSM6339599	GAGTAACCAGTTTGGC-1	20044	2183	74	5.894105894105895
GSM6339599	GAGTAACCATAATCGT-1	20044	8044	352	4.565888656797747
GSM6339599	GAGTAATAGAAGCTAG-1	20044	10566	491	4.299570083684137
GSM6339599	GAGTAATAGAGCCGGA-1	20044	2211	84	5.259026687598117
GSM6339599	GAGTAATAGCTGCACA-1	20044	7472	343	4.352498813140213
GSM6339599	GAGTAATAGGCTTAAC-1	20044	8055	322	4.998107482579531
GSM6339599	GAGTAATAGGGATGAC-1	20044	10530	465	4.524507750314202
GSM6339599	GAGTATCTCGGTTACG-1	20044	2947	130	4.529316837009144
GSM6339599	GAGTATCTCTAACCTT-1	20044	11612	512	4.531406093906093
GSM6339599	GAGTATCTCTGTTGCC-1	20044	3719	168	4.422957994386566
GSM6339599	GAGTCAAAGTTTGGTA-1	20044	12638	594	4.250967887331524
GSM6339599	GAGTCATTCAAGCCTG-1	20044	16502	744	4.431589915460883
GSM6339599	GAGTCATTCCCTCAAC-1	20044	9023	417	4.323254682966913
GSM6339599	GAGTCATTCGGCCAGT-1	20044	6966	309	4.5042336304472235
GSM6339599	GAGTGATCAATAGCCC-1	20044	11943	464	5.142702125460747
GSM6339599	GAGTGATCAGGTTCAC-1	20044	13629	629	4.329216093921976
GSM6339599	GAGTGATCATTAAACC-1	20044	13076	560	4.665334665334666
GSM6339599	GAGTGTTTCAAACCTA-1	20044	10020	430	4.655809306972098
GSM6339599	GAGTGTTTCAATCTAG-1	20044	9710	450	4.3112443112443115
GSM6339599	GAGTGTTTCAGCCAAT-1	20044	10482	487	4.300422370237565
GSM6339599	GAGTTACTCAGTGAAG-1	20044	13824	656	4.210423722618844
GSM6339599	GAGTTACTCATCACTT-1	20044	9526	400	4.758241758241758
GSM6339599	GAGTTACTCCAAATCA-1	20044	11070	534	4.141925490240097
GSM6339599	GAGTTACTCCGCCAAA-1	20044	11716	538	4.3510392952772134
GSM6339599	GAGTTACTCGATATTG-1	20044	10709	596	3.5900341269468785
GSM6339599	GAGTTGCGTCCCGGAA-1	20044	14231	686	4.144834757079654
GSM6339599	GAGTTGCGTCTATCGT-1	20044	10804	489	4.414399506424046
GSM6339599	GAGTTGCGTGTTGTGA-1	20044	7261	304	4.772201482727798
GSM6339599	GAGTTTGGTGGATGTC-1	20044	8975	476	3.767241162199145
GSM6339599	GAGTTTGGTGTGCAAC-1	20044	3035	158	3.837934217681053
GSM6339599	GAGTTTGGTTAGAGCC-1	20044	14233	698	4.07414934635565
GSM6339599	GAGTTTGGTTGGCCGA-1	20044	10822	479	4.5140663094734075
GSM6339599	GATAAAGGTAAGGTTT-1	20044	12131	608	3.986474052263526
GSM6339599	GATAAAGGTTCACTGT-1	20044	8814	453	3.8875032252515695
GSM6339599	GATAACGAGGTGTTAC-1	20044	13348	589	4.527899943859197
GSM6339599	GATAACGAGTAACTCA-1	20044	10634	465	4.569194246613601
GSM6339599	GATAACGAGTCACTCC-1	20044	1105	51	4.329004329004329
GSM6339599	GATAACGAGTCGCTAG-1	20044	11109	531	4.180000790170282
GSM6339599	GATAACGAGTGAACAG-1	20044	1753	70	5.003567860710718
GSM6339599	GATAACGAGTTCCTCA-1	20044	6777	314	4.312248261292847
GSM6339599	GATAAGCCAAGCGATG-1	20044	10187	421	4.834595333407685
GSM6339599	GATAAGCCATAATCGT-1	20044	8833	370	4.76982476982477
GSM6339599	GATAATCGTAACCTAG-1	20044	10377	447	4.6383147054288
GSM6339599	GATAATCGTAATTAGC-1	20044	8523	335	5.083274934021202
GSM6339599	GATAATCGTCATAACG-1	20044	4891	202	4.837736520904838
GSM6339599	GATAATCGTGGATGTC-1	20044	5356	179	5.9783791627367044
GSM6339599	GATAATCGTTGTAAAC-1	20044	14065	602	4.6680893856973595
GSM6339599	GATAGACCAAGCTACC-1	20044	506	12	8.424908424908425
GSM6339599	GATAGACCACATTGCA-1	20044	9502	422	4.498818716828196
GSM6339599	GATCAAGAGACACCGC-1	20044	2878	138	4.166847645108515
GSM6339599	GATCAAGAGACAGGTA-1	20044	16277	779	4.174772595825227
GSM6339599	GATCAAGAGGGATGCG-1	20044	7576	311	4.867158564907761
GSM6339599	GATCACTAGAAAGGAA-1	20044	7690	333	4.614004614004614
GSM6339599	GATCACTAGAACAAGT-1	20044	8919	361	4.93633790032682
GSM6339599	GATCACTAGCTATTGA-1	20044	3583	140	5.113457970600828
GSM6339599	GATCAGGCAAACAACA-1	20044	8146	367	4.434802254965743
GSM6339599	GATCAGGCAAGTGTCC-1	20044	1063	50	4.247752247752247
GSM6339599	GATCAGGCAATATGGA-1	20044	11454	574	3.9869538127377844
GSM6339599	GATCAGGCACCTAAGC-1	20044	7401	358	4.130506365143237
GSM6339599	GATCAGGCACGTTACA-1	20044	9157	406	4.5063311073163295
GSM6339599	GATCAGGCACTAAGAA-1	20044	8124	347	4.677743006273265
GSM6339599	GATCAGGCACTTCATC-1	20044	19953	905	4.405097664766172
GSM6339599	GATCAGGCATCCCGCT-1	20044	5300	238	4.4493321804246175
GSM6339599	GATCAGGCATTCAGCA-1	20044	373	7	10.646496360782074
GSM6339599	GATCAGTTCCAAACAC-1	20044	492	29	3.389713734541321
GSM6339599	GATCAGTTCCCTCAAC-1	20044	12694	573	4.426289243043169
GSM6339599	GATCAGTTCGCAATCG-1	20044	11532	510	4.5178351060704
GSM6339599	GATCCGTCACGAATTT-1	20044	10568	519	4.068378634852623
GSM6339599	GATCGAGCAAATATCC-1	20044	1393	74	3.761103761103761
GSM6339599	GATCGAGCATCAGTAT-1	20044	2151	79	5.440129490762402
GSM6339599	GATCGAGCATGATTGT-1	20044	4684	188	4.978000722681574
GSM6339599	GATCGATTCACAGCGC-1	20044	8201	347	4.722079073664088
GSM6339599	GATCGATTCACCATTT-1	20044	11263	483	4.659109006935094
GSM6339599	GATCGATTCCCTCGCA-1	20044	9975	451	4.4190842417006495
GSM6339599	GATCGATTCCTTGAGG-1	20044	15671	801	3.9089499763657067
GSM6339599	GATCGATTCGAGGAAC-1	20044	13555	597	4.53650202393921
GSM6339599	GATCGATTCGTTAACA-1	20044	11986	510	4.695696460402343
GSM6339599	GATCGCTCAAGGTCGA-1	20044	8574	397	4.3150803856093525
GSM6339599	GATCGCTCACACCAAC-1	20044	4488	214	4.190202321043443
GSM6339599	GATCGCTCATAGCTGC-1	20044	10502	513	4.09025672183567
GSM6339599	GATGACTTCAAGTGAG-1	20044	9260	344	5.378342587644914
GSM6339599	GATGACTTCCAAATCA-1	20044	11645	587	3.9636683588983415
GSM6339599	GATGACTTCCAACTGG-1	20044	16583	741	4.471372082708115
GSM6339599	GATGACTTCGGTAACT-1	20044	12940	618	4.183518746625543
GSM6339599	GATGACTTCGTTAACA-1	20044	5952	223	5.332783808120131
GSM6339599	GATGACTTCTACCTGC-1	20044	4446	210	4.230055658627087
GSM6339599	GATGACTTCTCGACCT-1	20044	10545	527	3.997899633573258
GSM6339599	GATGAGGGTATTTGGG-1	20044	4710	228	4.127451495872549
GSM6339599	GATGAGGGTCGCAATA-1	20044	2721	108	5.033855033855033
GSM6339599	GATGAGGGTGTCCAAA-1	20044	10519	403	5.215132262278663
GSM6339599	GATGAGGGTTAGGTTG-1	20044	5766	236	4.881559118847255
GSM6339599	GATGAGGGTTTGCGCC-1	20044	10371	542	3.8231141552174766
GSM6339599	GATGAGGGTTTGTTGC-1	20044	21158	995	4.2486157059021386
GSM6339599	GATGCAGCAATGCCCG-1	20044	8799	369	4.764341349707204
GSM6339599	GATGCAGCACACCAAC-1	20044	7473	396	3.770471952290134
GSM6339599	GATGCAGCACGAATCC-1	20044	14314	715	3.9999161677483355
GSM6339599	GATGCAGCAGCAACCT-1	20044	4779	217	4.400208086844032
GSM6339599	GATGCAGCATACCCGG-1	20044	7891	377	4.182024871680044
GSM6339599	GATGCAGCATTGTGAT-1	20044	9670	434	4.451769428727954
GSM6339599	GATGCATTCCAGGGAG-1	20044	1341	53	5.055322036454112
GSM6339599	GATGCATTCCCATAGG-1	20044	19374	896	4.320233338090481
GSM6339599	GATGCATTCCCGTTTA-1	20044	7991	320	4.989385614385614
GSM6339599	GATGCATTCCGCATGA-1	20044	11378	473	4.80618747003525
GSM6339599	GATGCATTCCTCATCA-1	20044	11156	478	4.6631193074707715
GSM6339599	GATGCATTCTCACAAA-1	20044	12297	576	4.26552614052614
GSM6339599	GATGCGACACACTAAT-1	20044	564	27	4.173604173604174
GSM6339599	GATGCGACACCCACAG-1	20044	1583	54	5.857105857105857
GSM6339599	GATGCGACACCTATAG-1	20044	2473	95	5.201114674798886
GSM6339599	GATGCGACATGTCGCG-1	20044	8774	430	4.076853379178961
GSM6339599	GATGCGACATGTTTGG-1	20044	3757	138	5.4394880481837005
GSM6339599	GATGCTTAGCTGAGGG-1	20044	5139	193	5.3200685325037655
GSM6339599	GATGCTTAGCTTCCCG-1	20044	7306	392	3.7238271932149485
GSM6339599	GATGCTTAGGACCTGC-1	20044	8321	452	3.6781802268527937
GSM6339599	GATGCTTAGGCAGGTG-1	20044	8034	395	4.063784316948873
GSM6339599	GATGCTTAGGCCTAAT-1	20044	7781	272	5.715607921490275
GSM6339599	GATGGACAGACAGGTA-1	20044	14096	574	4.906591666173547
GSM6339599	GATGGACAGCTATTAG-1	20044	11487	554	4.142788619322915
GSM6339599	GATGGACAGGCGAAAC-1	20044	10846	488	4.440641325887228
GSM6339599	GATGGACAGGCGCATC-1	20044	7717	332	4.644151029693198
GSM6339599	GATGGACAGGCGCTTA-1	20044	5655	251	4.501474620996534
GSM6339599	GATGGACAGTTTGCGG-1	20044	12252	537	4.558569921698414
GSM6339599	GATGGCTGTTAACAGT-1	20044	3509	155	4.523218716767103
GSM6339599	GATGGCTGTTGCACAA-1	20044	5799	290	3.9953150297977884
GSM6339599	GATTAAGCAGCAACAG-1	20044	22954	1010	4.540805728924541
GSM6339599	GATTAAGCAGGATGGC-1	20044	1290	50	5.154845154845155
GSM6339599	GATTAAGCAGGCTAAG-1	20044	12558	537	4.672422549517521
GSM6339599	GATTACGGTGTTTGTC-1	20044	6648	327	4.061993052818741
GSM6339599	GATTACGGTTTGGCGG-1	20044	961	47	4.085276425701958
GSM6339599	GATTACTCACAACCTA-1	20044	4314	198	4.353222535040717
GSM6339599	GATTACTCACTTAACG-1	20044	3378	154	4.382630356656331
GSM6339599	GATTACTCATTGCAGC-1	20044	6196	277	4.469177032353928
GSM6339599	GATTAGCTCAGCATTA-1	20044	1958	94	4.1617956511573535
GSM6339599	GATTAGCTCCGCCTCA-1	20044	2836	123	4.606775338482656
GSM6339599	GATTAGCTCCGTAAAC-1	20044	4043	161	5.017342905541663
GSM6339599	GATTAGCTCCGTTAAA-1	20044	3470	125	5.546453546453547
GSM6339599	GATTAGCTCCGTTATT-1	20044	1235	54	4.569504569504569
GSM6339599	GATTAGCTCGTCATTT-1	20044	2195	110	3.98692216874035
GSM6339599	GATTAGTGTAACGGGA-1	20044	12881	570	4.515133988818199
GSM6339599	GATTAGTGTATGGTGC-1	20044	11030	552	3.9923844271670363
GSM6339599	GATTAGTGTGAAGCCT-1	20044	9266	411	4.504497935154869
GSM6339599	GATTAGTGTGACATGC-1	20044	12865	546	4.707746465988224
GSM6339599	GATTATGTCACCTGTC-1	20044	6715	303	4.427915319004428
GSM6339599	GATTATGTCCATAAGC-1	20044	10352	446	4.637514951416296
GSM6339599	GATTATGTCCCATAGG-1	20044	7545	380	3.9670855460329144
GSM6339599	GATTATGTCCTAGTAA-1	20044	5274	211	4.994058074626795
GSM6339599	GATTATGTCCTCACAC-1	20044	11282	432	5.217930217930218
GSM6339599	GATTATGTCCTTAGTT-1	20044	394	17	4.630663454192866
GSM6339599	GATTATGTCTGTAAGC-1	20044	12450	615	4.044735752052825
GSM6339599	GATTCAATCAATGTCA-1	20044	2161	92	4.693132954002519
GSM6339599	GATTCAATCACGCCAA-1	20044	16191	812	3.983947087395363
GSM6339599	GATTCAATCATAACGC-1	20044	747	15	9.950049950049952
GSM6339599	GATTCAATCTCACTAT-1	20044	11211	528	4.242348560530378
GSM6339599	GATTCAGGTAATGGCC-1	20044	11374	531	4.279712754289026
GSM6339599	GATTCATCAATGAATG-1	20044	15631	706	4.423621704074962
GSM6339599	GATTCATCATCGCTCC-1	20044	7663	357	4.288708490389163
GSM6339599	GATTCCTGTAATTAGC-1	20044	11194	414	5.402327141457577
GSM6339599	GATTCCTGTCACTCGC-1	20044	620	21	5.898863041720185
GSM6339599	GATTCCTGTGCATCGG-1	20044	3557	171	4.156077840288367
GSM6339599	GATTCCTGTTACGCGG-1	20044	10655	448	4.751944484087341
GSM6339599	GATTCGCCACTGGCCA-1	20044	17717	860	4.116116441697837
GSM6339599	GATTGATGTAATCGCA-1	20044	4260	190	4.479730795520269
GSM6339599	GATTGATGTAATGGCC-1	20044	4317	181	4.765400345510843
GSM6339599	GATTGATGTATTGAGT-1	20044	8835	420	4.202939917225632
GSM6339599	GATTGATGTATTGGAT-1	20044	13490	616	4.375494635234895
GSM6339599	GATTGATGTTGCATCT-1	20044	8760	388	4.510952964561212
GSM6339599	GATTGCAGTAGCAGCT-1	20044	11937	582	4.097963891778325
GSM6339599	GATTGCAGTGGTTAGC-1	20044	17205	727	4.728421509714495
GSM6339599	GATTGCAGTTGCACGG-1	20044	5859	240	4.877622377622378
GSM6339599	GATTGCGTCAAACACC-1	20044	5495	217	5.059456672359898
GSM6339599	GATTGCGTCATGGTGT-1	20044	12116	535	4.5248209734191045
GSM6339599	GATTGCGTCGCTAAAC-1	20044	4999	149	6.703363750343617
GSM6339599	GATTGGCGTTAGCGTA-1	20044	5769	225	5.1228771228771235
GSM6339599	GATTGGCGTTTCAGGA-1	20044	13776	653	4.215080478480171
GSM6339599	GATTGGTTCACAGCGC-1	20044	5326	197	5.401704894090681
GSM6339599	GATTGGTTCGTGCTTC-1	20044	10853	514	4.218738459983596
GSM6339599	GATTGGTTCTAACTGA-1	20044	2299	85	5.404007756948933
GSM6339599	GATTGGTTCTTAGTGA-1	20044	11168	495	4.507815416906326
GSM6339599	GATTGTTCAAACGGGC-1	20044	8539	445	3.8339188900986647
GSM6339599	GATTGTTCAAGCTTTG-1	20044	11824	550	4.29534102261375
GSM6339599	GATTGTTCAATGAAGC-1	20044	9177	371	4.942227583737018
GSM6339599	GATTGTTCAGGACCAA-1	20044	11096	443	5.004476336304779
GSM6339599	GATTTGCAGCACAGAA-1	20044	9709	430	4.511302650837535
GSM6339599	GATTTGCAGGTAAGCA-1	20044	10768	441	4.878568143874266
GSM6339599	GATTTGCAGTTAGGCT-1	20044	9779	439	4.450674610127914
GSM6339599	GATTTGCAGTTTGCGG-1	20044	9331	392	4.755958327386899
GSM6339599	GCAAACAAGCACTAAC-1	20044	1769	89	3.9713095892871175
GSM6339599	GCAAACAAGCTCAATA-1	20044	11823	537	4.398953002304958
GSM6339599	GCAAACCGTACCGTAA-1	20044	898	32	5.606893106893107
GSM6339599	GCAAACCGTCACACCC-1	20044	8520	372	4.576069092198124
GSM6339599	GCAAACCGTGCTGGTG-1	20044	5788	217	5.3292329790025645
GSM6339599	GCAAACCGTTATTGCC-1	20044	6620	259	5.106862249719393
GSM6339599	GCAAACCGTTGAGCCG-1	20044	13660	648	4.211837545170878
GSM6339599	GCAAACTTCACAGGAA-1	20044	11680	545	4.281956575534557
GSM6339599	GCAAACTTCTTAGTCT-1	20044	14364	674	4.258056483575771
GSM6339599	GCAACAGCAAGGATTA-1	20044	6396	254	5.031189283157787
GSM6339599	GCAACAGCAGCAAGAT-1	20044	6017	222	5.415305415305415
GSM6339599	GCAACAGCAGTTTGTG-1	20044	6523	279	4.671314348733704
GSM6339599	GCAACAGCATCATGTG-1	20044	9260	443	4.176410496952259
GSM6339599	GCAAGCCTCATAACCA-1	20044	14225	566	5.021480286497954
GSM6339599	GCAAGTCGTCCTTCTC-1	20044	13933	658	4.230723683611221
GSM6339599	GCAAGTCGTGAATCGC-1	20044	14541	684	4.247506879085827
GSM6339599	GCAAGTCGTGGTTCCC-1	20044	1018	63	3.2285175142318
GSM6339599	GCAAGTCGTTTAGCGA-1	20044	7532	322	4.673587282282934
GSM6339599	GCAAGTGCAACATAAG-1	20044	1740	71	4.89651193876546
GSM6339599	GCAAGTGCAATTGCGC-1	20044	4487	248	3.6149334536431312
GSM6339599	GCAAGTGCACTAGCGT-1	20044	1644	57	5.7626583942373415
GSM6339599	GCAAGTGCAGCCTGCA-1	20044	11627	543	4.278226377673891
GSM6339599	GCAAGTGCATAATGTC-1	20044	10252	467	4.386191966491752
GSM6339599	GCAATAGAGACACCGC-1	20044	6445	307	4.1945025658380715
GSM6339599	GCAATAGAGCAACATC-1	20044	8021	406	3.947284242850746
GSM6339599	GCAATAGAGCAGCTAT-1	20044	1442	46	6.263301915475829
GSM6339599	GCAATAGAGGCCTGGT-1	20044	6131	258	4.747965213081492
GSM6339599	GCAATATGTAAAGCGG-1	20044	804	26	6.178436947667716
GSM6339599	GCAATCTAGCTCAAAC-1	20044	10606	494	4.289637488018054
GSM6339599	GCAATGAAGCGCCTTT-1	20044	2312	116	3.9822246718798446
GSM6339599	GCAATGAAGCGCTCAA-1	20044	9958	460	4.325239977413891
GSM6339599	GCAATGAAGGAAACTG-1	20044	8043	360	4.463869463869464
GSM6339599	GCAATGAAGGCCTTAG-1	20044	11055	501	4.408764887806804
GSM6339599	GCAATGAAGGCTTAGT-1	20044	4618	164	5.626081235837334
GSM6339599	GCAATGAAGGTACCGC-1	20044	8464	375	4.5096237096237095
GSM6339599	GCAATGAAGTCCTGAG-1	20044	8090	355	4.553193285587652
GSM6339599	GCAATGTTCAGCAAAG-1	20044	790	22	7.174643538279902
GSM6339599	GCAATGTTCCCGTTAC-1	20044	15088	748	4.030194404525955
GSM6339599	GCAATGTTCCGCATGA-1	20044	5371	234	4.586012278319971
GSM6339599	GCAATGTTCCTGATGG-1	20044	1433	59	4.852774344299768
GSM6339599	GCAATGTTCCTGGTCT-1	20044	9223	358	5.147366599880566
GSM6339599	GCACATTAGATAACCC-1	20044	11248	610	3.684184667791225
GSM6339599	GCACATTAGCAATAGG-1	20044	8810	414	4.251786860482513
GSM6339599	GCACATTAGGTTTGCG-1	20044	6942	323	4.294157854529372
GSM6339599	GCACCTAAGAACAAGT-1	20044	15269	793	3.8470986768590807
GSM6339599	GCACCTAAGTGAACGA-1	20044	11253	563	3.9935198016903164
GSM6339599	GCACCTAAGTTAGGCT-1	20044	18336	799	4.585152019444886
GSM6339599	GCACCTAAGTTATCTC-1	20044	8128	228	7.122701859543966
GSM6339599	GCACCTAAGTTCCCGT-1	20044	13512	629	4.29205135087488
GSM6339599	GCACGAACACATTGCA-1	20044	12816	677	3.782332881298908
GSM6339599	GCACGAACAGTTGCGT-1	20044	11444	573	3.9904249328333097
GSM6339599	GCACGAACATAAGTTC-1	20044	1457	68	4.281013104542516
GSM6339599	GCACGCTAGCATCCAG-1	20044	15123	711	4.249758680138426
GSM6339599	GCACGGTTCAAGCTTA-1	20044	12115	557	4.345744022584237
GSM6339599	GCACGGTTCACAGGAA-1	20044	9330	427	4.365657761442305
GSM6339599	GCACGGTTCCGCAACA-1	20044	6760	298	4.532380371306545
GSM6339599	GCACGGTTCCTGAGTG-1	20044	12001	540	4.44037444037444
GSM6339599	GCACGGTTCGCTTGCT-1	20044	6732	253	5.316422707727056
GSM6339599	GCACGGTTCGTTAGTA-1	20044	8972	392	4.572978042365797
GSM6339599	GCACTAAGTCCGGTTC-1	20044	13191	658	4.00541707532589
GSM6339599	GCACTTACACCTCAGG-1	20044	627	26	4.81825866441251
GSM6339599	GCACTTACACTTCACT-1	20044	9360	375	4.987012987012987
GSM6339599	GCACTTACAGGAACCA-1	20044	7486	347	4.3103870193207365
GSM6339599	GCACTTACAGTAAGTA-1	20044	7268	334	4.34774806032291
GSM6339599	GCACTTACAGTATGTT-1	20044	13256	523	5.064151909276192
GSM6339599	GCACTTACATAGGCGA-1	20044	6545	264	4.953379953379953
GSM6339599	GCAGCAACAAGGATTA-1	20044	9898	502	3.939486808012705
GSM6339599	GCAGCCAGTACTTAGG-1	20044	5455	234	4.657735426966196
GSM6339599	GCAGCCAGTAGTTAAC-1	20044	1609	66	4.870886689068508
GSM6339599	GCAGCCAGTCCACAAA-1	20044	796	49	3.245733857978756
GSM6339599	GCAGCCAGTCCTCCAA-1	20044	574	30	3.822843822843823
GSM6339599	GCAGCTATCCGTTAAA-1	20044	8234	410	4.012572793060598
GSM6339599	GCAGCTATCCTCATCA-1	20044	7264	288	5.03940503940504
GSM6339599	GCAGCTATCCTTAGTT-1	20044	512	20	5.114885114885115
GSM6339599	GCAGCTATCCTTGCGT-1	20044	2969	148	4.008154008154008
GSM6339599	GCAGGAAGTAGGATCC-1	20044	12654	618	4.091054576491469
GSM6339599	GCAGGAAGTCACAGCG-1	20044	10691	444	4.810954810954811
GSM6339599	GCAGGACCACATTGCA-1	20044	8401	311	5.397175172094786
GSM6339599	GCAGGACCACCTCACC-1	20044	6434	288	4.463591963591964
GSM6339599	GCAGGACCAGCCTGCA-1	20044	9866	443	4.449726345888874
GSM6339599	GCAGGATAGAATCTCA-1	20044	2107	89	4.730101359314842
GSM6339599	GCAGGATAGCCACAAT-1	20044	21679	1001	4.327141390078453
GSM6339599	GCAGGATAGGAGTCTT-1	20044	11260	525	4.285238570952857
GSM6339599	GCAGGATAGGCTAATC-1	20044	3855	197	3.9097957879683767
GSM6339599	GCAGGATAGGTTTACA-1	20044	8307	398	4.170201657638844
GSM6339599	GCAGGCAAGATTGAGG-1	20044	13520	642	4.2076303758546745
GSM6339599	GCAGGCAAGCAGGCCT-1	20044	4489	221	4.058385053860167
GSM6339599	GCAGGCAAGCCACATG-1	20044	8494	373	4.549873718774523
GSM6339599	GCAGGCAAGCGAGGTG-1	20044	11225	468	4.79221633067787
GSM6339599	GCAGGCAAGTTTGGTA-1	20044	5253	223	4.706504258073765
GSM6339599	GCAGGCTTCCTAACGG-1	20044	1378	45	6.118326118326118
GSM6339599	GCAGGCTTCCTAATAG-1	20044	2581	122	4.226920620363243
GSM6339599	GCAGGCTTCGATTTGA-1	20044	13104	516	5.073995771670191
GSM6339599	GCAGGCTTCGGCCATA-1	20044	5010	258	3.8798410891434147
GSM6339599	GCAGGCTTCGTTACAA-1	20044	12422	632	3.9270855726551925
GSM6339599	GCAGGCTTCTGTAAGC-1	20044	15073	696	4.326994844236223
GSM6339599	GCAGGTGAGATTGAGG-1	20044	9665	500	3.8621378621378617
GSM6339599	GCAGGTGAGCAGGCCT-1	20044	3555	147	4.831902791086464
GSM6339599	GCAGGTGAGCTCCTTA-1	20044	7593	343	4.422982265547863
GSM6339599	GCAGGTGAGGACCTGC-1	20044	13192	643	4.0991667741278945
GSM6339599	GCAGGTTGTAAAGCAA-1	20044	351	11	6.375442739079102
GSM6339599	GCAGGTTGTAACCACA-1	20044	24208	956	5.059375770672841
GSM6339599	GCAGGTTGTACTTCAC-1	20044	11397	558	4.080865371187952
GSM6339599	GCAGGTTGTATTACCC-1	20044	2684	123	4.359867774501921
GSM6339599	GCAGGTTGTCGTTACT-1	20044	3307	176	3.754200345109436
GSM6339599	GCAGGTTGTTTATCTG-1	20044	19100	845	4.516193865306292
GSM6339599	GCATATATCCCATAGG-1	20044	13376	706	3.785449677800953
GSM6339599	GCATATATCCTCCTAA-1	20044	12239	595	4.109839740091841
GSM6339599	GCATATATCGCCTGTT-1	20044	11977	487	4.913772059562614
GSM6339599	GCATATATCTCATCAT-1	20044	12459	560	4.445197659483374
GSM6339599	GCATCCTTCAGGAAGC-1	20044	14454	699	4.131490826769797
GSM6339599	GCATCCTTCCTGGCTT-1	20044	5638	268	4.203259427140024
GSM6339599	GCATCCTTCCTGGTCT-1	20044	4220	134	6.2922152474391275
GSM6339599	GCATCCTTCTAAGGTC-1	20044	8573	447	3.8319622212239666
GSM6339599	GCATCCTTCTTAGCCC-1	20044	13698	644	4.249787479601144
GSM6339599	GCATGAAAGACAGGTA-1	20044	11297	547	4.126403760773048
GSM6339599	GCATGAAAGCCTCTGT-1	20044	15962	790	4.036975682545302
GSM6339599	GCATGAAAGCGGCTGT-1	20044	15046	702	4.282327359250436
GSM6339599	GCATGAAAGGTGCTGC-1	20044	9599	413	4.643782367753312
GSM6339599	GCATGAAAGTGCACGC-1	20044	858	36	4.761904761904762
GSM6339599	GCATGAAAGTTTCCTG-1	20044	4132	196	4.212114416196049
GSM6339599	GCATGAGCAATATAGG-1	20044	12876	627	4.1030739595332895
GSM6339599	GCATGAGCAATCCTAG-1	20044	1836	71	5.1666643215939
GSM6339599	GCATGAGCAATTATGC-1	20044	8205	339	4.835872092509261
GSM6339599	GCATGAGCAATTGACT-1	20044	10426	539	3.8647808592149966
GSM6339599	GCATGAGCAGCATTAT-1	20044	5877	288	4.077172827172827
GSM6339599	GCATGAGCAGGAATCG-1	20044	11197	488	4.584350076153355
GSM6339599	GCATGAGCATTAGCGC-1	20044	2220	78	5.6866210712364555
GSM6339599	GCATTAGGTAAAGCGG-1	20044	13021	599	4.343236062768617
GSM6339599	GCATTAGGTCACAGCG-1	20044	5256	245	4.28632591897898
GSM6339599	GCATTAGGTCATAGAT-1	20044	12422	593	4.185359328698283
GSM6339599	GCATTAGGTGGATGTC-1	20044	12728	603	4.217341530774367
GSM6339599	GCATTAGGTGTCCAGG-1	20044	12139	503	4.82181834070502
GSM6339599	GCATTAGGTTACTTGC-1	20044	11431	509	4.487064997870499
GSM6339599	GCATTGCCAATGCCTA-1	20044	6605	241	5.475851948880994
GSM6339599	GCATTGCCACCAGGTT-1	20044	11573	547	4.227217024291979
GSM6339599	GCATTGCCACCTCAGG-1	20044	13954	591	4.717448372270708
GSM6339599	GCATTGCCAGGCATGA-1	20044	2371	111	4.267804267804268
GSM6339599	GCATTGCCATAGCAGG-1	20044	11414	512	4.4541396103896105
GSM6339599	GCATTGCCATGGCCTG-1	20044	3969	170	4.664747017688194
GSM6339599	GCCAACATCAATCATG-1	20044	3479	167	4.162304761107157
GSM6339599	GCCAACATCACAGCGC-1	20044	8346	379	4.399821814069835
GSM6339599	GCCAACATCCCGTTTA-1	20044	11961	528	4.526155662519299
GSM6339599	GCCAACATCCTAATGA-1	20044	17543	807	4.34336419466531
GSM6339599	GCCAACATCGGTACGC-1	20044	11430	493	4.632284551148649
GSM6339599	GCCAATAGTCACCAAA-1	20044	14794	709	4.1690326598648175
GSM6339599	GCCAATAGTCTTGCAT-1	20044	7033	341	4.120805880336672
GSM6339599	GCCAATAGTGTGTCCC-1	20044	13232	655	4.036269074437014
GSM6339599	GCCAATAGTTAATGCG-1	20044	11561	500	4.619780219780219
GSM6339599	GCCAATAGTTCGCGCT-1	20044	11027	521	4.228784651049526
GSM6339599	GCCAATAGTTGGATCA-1	20044	6566	273	4.805450959297113
GSM6339599	GCCAATAGTTTACGTC-1	20044	9329	408	4.568470744941333
GSM6339599	GCCAATTAGGCATGAA-1	20044	9510	403	4.714888089577916
GSM6339599	GCCAATTAGTGTTGCG-1	20044	14315	614	4.65820824127013
GSM6339599	GCCACAATCACCTGCT-1	20044	2408	101	4.763553278404763
GSM6339599	GCCACAATCAGCCAAT-1	20044	13500	614	4.3930011356721455
GSM6339599	GCCACAATCATGTTTC-1	20044	11275	530	4.250466514617458
GSM6339599	GCCACAATCATTACTC-1	20044	11612	567	4.09185171089933
GSM6339599	GCCACAATCCCGAACA-1	20044	6823	309	4.41176946031315
GSM6339599	GCCACAATCCCTCTAA-1	20044	11108	587	3.7808869154695386
GSM6339599	GCCACAATCGTGCCTT-1	20044	11027	511	4.3115397322833715
GSM6339599	GCCACACAGGACCGCT-1	20044	3693	144	5.124042624042624
GSM6339599	GCCACACAGGAGTCTT-1	20044	9292	413	4.4952626066427515
GSM6339599	GCCACACAGGCACAGG-1	20044	7968	325	4.898486129255359
GSM6339599	GCCACACAGGGCTAAA-1	20044	11951	460	5.190896060461278
GSM6339599	GCCACACAGTAACAGG-1	20044	11671	496	4.701347040056717
GSM6339599	GCCACACAGTTAGTTG-1	20044	9415	375	5.016317016317016
GSM6339599	GCCACTAAGAACCTAC-1	20044	11795	568	4.149019994090417
GSM6339599	GCCACTAAGCATGTCG-1	20044	13787	607	4.538130732529414
GSM6339599	GCCACTAAGGAACCGG-1	20044	17731	879	4.030326897221095
GSM6339599	GCCACTAAGGACCTGC-1	20044	10800	509	4.239375555682039
GSM6339599	GCCACTAAGTACTGGT-1	20044	9234	456	4.045954045954047
GSM6339599	GCCAGGAAGGAGCATA-1	20044	16093	893	3.600654664484452
GSM6339599	GCCAGGAAGGGCCACT-1	20044	11803	457	5.160266429413038
GSM6339599	GCCAGGAAGTAAGTCC-1	20044	4993	221	4.5140379982008945
GSM6339599	GCCAGGAAGTCACGAT-1	20044	2601	131	3.9670253410711425
GSM6339599	GCCAGGTTCAAATCGC-1	20044	9862	520	3.789287635441481
GSM6339599	GCCAGGTTCACTAATG-1	20044	9899	441	4.4848575460820355
GSM6339599	GCCAGGTTCGATTTGA-1	20044	8506	323	5.261611453561917
GSM6339599	GCCAGGTTCGCATCCT-1	20044	1797	85	4.224011282834812
GSM6339599	GCCAGGTTCGCTATGG-1	20044	7311	319	4.579119939621507
GSM6339599	GCCAGGTTCGTTCACC-1	20044	1850	75	4.9284049284049285
GSM6339599	GCCAGGTTCTCACTAT-1	20044	12154	599	4.054042785261483
GSM6339599	GCCATGATCCGCAAAT-1	20044	11156	520	4.286482748021209
GSM6339599	GCCATGATCCTCCCTC-1	20044	4029	159	5.062861666635252
GSM6339599	GCCATGATCTTAAGTG-1	20044	5077	209	4.853519686055572
GSM6339599	GCCATTACAATTAGGA-1	20044	12428	615	4.03758842783233
GSM6339599	GCCATTACACCAACCG-1	20044	3827	160	4.7789710289710285
GSM6339599	GCCATTACACCGGTAT-1	20044	10871	518	4.193104193104193
GSM6339599	GCCATTACACCTCAGG-1	20044	11548	478	4.826972190988927
GSM6339599	GCCATTACAGCATGGA-1	20044	10932	532	4.105668767322903
GSM6339599	GCCATTACAGCTTAAT-1	20044	3504	140	5.000713572142144
GSM6339599	GCCCAAATCATAACTG-1	20044	3174	146	4.343601603875577
GSM6339599	GCCCAAATCCGCATGA-1	20044	361	18	4.007104007104007
GSM6339599	GCCCAAATCCTCAGTC-1	20044	971	32	6.062687312687313
GSM6339599	GCCCAAATCGCGACAC-1	20044	7035	311	4.519596159467542
GSM6339599	GCCCATAAGAGGAAGG-1	20044	12064	567	4.251128060651871
GSM6339599	GCCCATAAGAGGCTAA-1	20044	3731	140	5.324675324675325
GSM6339599	GCCCATAAGCATGACT-1	20044	9549	428	4.457691840869411
GSM6339599	GCCCATAAGGTCGAGG-1	20044	12038	524	4.5900664221274905
GSM6339599	GCCCATAAGGTTACGT-1	20044	21733	960	4.523185148185148
GSM6339599	GCCCATAAGTACCGCA-1	20044	4092	163	5.015843052652868
GSM6339599	GCCCATAAGTTATGGC-1	20044	508	15	6.7665667665667675
GSM6339599	GCCCGTTGTCTCACTG-1	20044	5666	235	4.817310349225243
GSM6339599	GCCCGTTGTTGCGCGA-1	20044	4398	193	4.552959993374501
GSM6339599	GCCCTCATCCGCAAGC-1	20044	765	22	6.947597856688765
GSM6339599	GCCGTGAGTAGTTGGC-1	20044	859	35	4.9036677608106185
GSM6339599	GCCGTGAGTCGCGCAA-1	20044	2047	70	5.842728699871557
GSM6339599	GCCTAATAGCAGCTCA-1	20044	1189	40	5.939060939060939
GSM6339599	GCCTAATAGGCCCAGT-1	20044	11607	546	4.247400950697654
GSM6339599	GCCTAATAGGTGAGAC-1	20044	1785	91	3.919157765311611
GSM6339599	GCCTAATAGGTTTGCG-1	20044	8535	389	4.383791016181762
GSM6339599	GCCTAATAGTCATCCC-1	20044	8360	343	4.869765802710409
GSM6339599	GCCTAATAGTGAGAGC-1	20044	11452	553	4.137634517381352
GSM6339599	GCCTACTTCGCAATCG-1	20044	8643	356	4.850767210317772
GSM6339599	GCCTACTTCGCACAAT-1	20044	7206	325	4.430031506954584
GSM6339599	GCCTACTTCGCTATGG-1	20044	8725	410	4.251845715260349
GSM6339599	GCCTATTGTCAATGTG-1	20044	1807	81	4.45727112393779
GSM6339599	GCCTATTGTCCTAAGA-1	20044	9687	436	4.439138842808568
GSM6339599	GCCTATTGTCTTGCTG-1	20044	475	16	5.931568431568431
GSM6339599	GCCTATTGTGTGCAAC-1	20044	8180	386	4.234107861050867
GSM6339599	GCCTATTGTGTTTGTC-1	20044	4320	219	3.9412642152368185
GSM6339599	GCCTCAAAGCTAGAAG-1	20044	568	26	4.364865903327441
GSM6339599	GCCTCAAAGCTGGACC-1	20044	4992	217	4.596325333652523
GSM6339599	GCCTCAAAGGAATAAC-1	20044	5078	193	5.256919246556553
GSM6339599	GCCTCAAAGGATAAAC-1	20044	2462	109	4.5129182743861636
GSM6339599	GCCTCAAAGGATGATG-1	20044	12339	566	4.35571495642167
GSM6339599	GCCTCAAAGTCCTTTG-1	20044	513	28	3.6606250891965173
GSM6339599	GCCTCAAAGTTTAACG-1	20044	2133	91	4.683228859053035
GSM6339599	GCCTCCATCATGTTTC-1	20044	700	22	6.357279084551812
GSM6339599	GCCTCCATCATTGACA-1	20044	806	38	4.237867395762133
GSM6339599	GCCTCCATCCCGTTTA-1	20044	2718	94	5.777201521882374
GSM6339599	GCCTCGACAAAGCCTC-1	20044	10463	442	4.729659480790703
GSM6339599	GCCTCGACAAGACTCC-1	20044	9357	393	4.757074986082619
GSM6339599	GCCTCGACACCGTTCC-1	20044	2599	109	4.764043296153387
GSM6339599	GCCTCGACAGCTTACA-1	20044	413	23	3.5877166311948923
GSM6339599	GCCTCGACAGGAATCG-1	20044	7349	395	3.717295362864983
GSM6339599	GCCTCGACATCCCGCT-1	20044	8240	375	4.39027639027639
GSM6339599	GCCTGACAGCAGGTTT-1	20044	9964	488	4.079527030346703
GSM6339599	GCCTGACAGCCTAACG-1	20044	1644	69	4.760456934369978
GSM6339599	GCCTGACAGGTCCTGA-1	20044	11301	561	4.024852153194399
GSM6339599	GCCTGACAGGTTTGCG-1	20044	8138	340	4.782276546982429
GSM6339599	GCCTGAGGTAAGCTCA-1	20044	8960	324	5.525338858672192
GSM6339599	GCCTGAGGTGACATAT-1	20044	5755	246	4.67418760101687
GSM6339599	GCCTGAGGTTAGACCA-1	20044	10310	417	4.93990422047976
GSM6339599	GCCTGAGGTTTATCTG-1	20044	10866	504	4.307597164740022
GSM6339599	GCCTGCTGTCAATAGT-1	20044	3361	159	4.223449506468374
GSM6339599	GCCTGCTGTGAGAAAC-1	20044	492	15	6.553446553446554
GSM6339599	GCCTGCTGTGCACGCA-1	20044	13378	591	4.5227192435314265
GSM6339599	GCCTGCTGTGTGTGGT-1	20044	7657	280	5.463821892393321
GSM6339599	GCCTGTGCACGTGCTG-1	20044	12717	553	4.59468199070369
GSM6339599	GCCTGTGCAGCCAGAA-1	20044	2404	90	5.336885336885337
GSM6339599	GCCTGTGCAGGCGAGT-1	20044	9409	421	4.465368360855297
GSM6339599	GCCTGTGCATAAGGAC-1	20044	11038	503	4.384482316887883
GSM6339599	GCCTGTGCATGGCCTG-1	20044	13708	598	4.580035349266118
GSM6339599	GCCTTAACAAACTGTT-1	20044	4558	179	5.087649780387211
GSM6339599	GCCTTAACAATCGCAC-1	20044	1133	46	4.921165790731008
GSM6339599	GCCTTAACACAGGAAT-1	20044	12504	574	4.352441983104004
GSM6339599	GCCTTAACACTTAACG-1	20044	14030	680	4.122348239995299
GSM6339599	GCCTTAACAGCAAGGC-1	20044	6360	383	3.317830994071203
GSM6339599	GCCTTAACATATTGAC-1	20044	6460	267	4.834117193667756
GSM6339599	GCCTTAACATCTAGCA-1	20044	14612	661	4.416763266990196
GSM6339599	GCCTTACTCAGCACGC-1	20044	8988	452	3.973018132310168
GSM6339599	GCCTTACTCCAGGTCA-1	20044	12400	654	3.7882606689946137
GSM6339599	GCCTTACTCTGTGAGT-1	20044	8079	384	4.203608891108891
GSM6339599	GCCTTACTCTTAGTGA-1	20044	15479	698	4.430812740268327
GSM6339599	GCCTTAGAGCACTAAC-1	20044	4320	185	4.665604665604666
GSM6339599	GCCTTAGAGGAACCAA-1	20044	1293	66	3.9142675506311866
GSM6339599	GCCTTAGAGGATCCGC-1	20044	10980	490	4.47715549756366
GSM6339599	GCCTTGCGTCAGGCCA-1	20044	2115	96	4.401848151848152
GSM6339599	GCCTTGCGTCATTAGG-1	20044	1548	64	4.832667332667333
GSM6339599	GCCTTGCGTGTTTCAC-1	20044	6036	285	4.231557915768442
GSM6339599	GCCTTGCGTTAACGAT-1	20044	359	8	8.966033966033967
GSM6339599	GCCTTGCGTTATCCTA-1	20044	1702	81	4.198270864937531
GSM6339599	GCCTTTATCAAGCTAC-1	20044	15136	746	4.053854992192794
GSM6339599	GCCTTTATCCTAATAG-1	20044	6287	278	4.51850307965416
GSM6339599	GCCTTTATCCTAATGA-1	20044	6226	292	4.26012343820563
GSM6339599	GCCTTTATCTAAATCG-1	20044	10766	482	4.462757159852595
GSM6339599	GCCTTTATCTAGCTAA-1	20044	8221	308	5.332978709602086
GSM6339599	GCCTTTGGTAGCCTCC-1	20044	1428	70	4.0759240759240765
GSM6339599	GCCTTTGGTGGCTTCC-1	20044	11819	488	4.8390134455708225
GSM6339599	GCCTTTGGTTATCGAG-1	20044	12996	608	4.27072927072927
GSM6339599	GCCTTTGGTTTATCGC-1	20044	5301	203	5.217442655866302
GSM6339599	GCGAAGCCAAAGCTAA-1	20044	11077	542	4.08337050403471
GSM6339599	GCGAAGCCAAAGCTCC-1	20044	10321	427	4.829362674795931
GSM6339599	GCGAAGCCAAAGGTAC-1	20044	12908	544	4.740847387906211
GSM6339599	GCGAAGCCAACCCTCC-1	20044	11887	604	3.932160554677111
GSM6339599	GCGAAGCCAAGCGAGC-1	20044	6530	247	5.282167225487063
GSM6339599	GCGAAGCCAAGGCCAA-1	20044	429	28	3.0612244897959178
GSM6339599	GCGAAGCCAGGATTAA-1	20044	4837	217	4.453610905223809
GSM6339599	GCGAAGCCATTAGCCA-1	20044	21756	961	4.52326029849443
GSM6339599	GCGAAGTAGCCTAACG-1	20044	11390	588	3.870279380483462
GSM6339599	GCGAAGTAGCTTCCCG-1	20044	12320	576	4.273504273504274
GSM6339599	GCGAAGTAGGCTGTGC-1	20044	11165	481	4.6377738685431
GSM6339599	GCGAAGTAGTAACCAC-1	20044	1103	46	4.790861312600443
GSM6339599	GCGAAGTAGTAACGAG-1	20044	7920	329	4.809779885767727
GSM6339599	GCGAGTGAGCCTGTGA-1	20044	11748	600	3.912087912087912
GSM6339599	GCGAGTGAGCGCAATT-1	20044	12185	523	4.655000830909052
GSM6339599	GCGAGTGAGCGCTAAT-1	20044	889	34	5.224187577128753
GSM6339599	GCGAGTGAGCTATATG-1	20044	12013	575	4.174260522086609
GSM6339599	GCGAGTGAGCTGAGGG-1	20044	5559	213	5.214503806053102
GSM6339599	GCGAGTGAGGAGTCGG-1	20044	11240	478	4.698230639653234
GSM6339599	GCGAGTGAGGCTGGCT-1	20044	12788	536	4.766874916128647
GSM6339599	GCGAGTGAGTTCCCGT-1	20044	13346	670	3.9799006963186065
GSM6339599	GCGATATTCAAGCGCC-1	20044	10645	516	4.121847145102959
GSM6339599	GCGATATTCGAGCAAA-1	20044	5216	256	4.070929070929071
GSM6339599	GCGATATTCGGCTAGC-1	20044	3064	122	5.017932886785346
GSM6339599	GCGATTAGTTGTCATC-1	20044	9018	409	4.40537457652372
GSM6339599	GCGATTTAGCATGTTA-1	20044	11614	559	4.151126154703972
GSM6339599	GCGATTTAGCTGTAAC-1	20044	9023	373	4.833236468625208
GSM6339599	GCGATTTAGTTCCCGT-1	20044	11522	534	4.311044760482963
GSM6339599	GCGCAAACACATGCTA-1	20044	11656	565	4.121895803311732
GSM6339599	GCGCAAACACCTGGTG-1	20044	11940	558	4.275294597875243
GSM6339599	GCGCAAACAGCAACCT-1	20044	10579	465	4.5455619649168035
GSM6339599	GCGCAAACAGTCTAGC-1	20044	3427	160	4.279470529470529
GSM6339599	GCGCAATGTAGTAAGA-1	20044	7871	389	4.042743888502243
GSM6339599	GCGCAATGTCAAGTAT-1	20044	14900	637	4.673505458434814
GSM6339599	GCGCAATGTCATTACC-1	20044	3934	156	5.038551192397346
GSM6339599	GCGCAATGTGGAAGGC-1	20044	11732	510	4.59618812559989
GSM6339599	GCGCAATGTGTAATAC-1	20044	9784	478	4.089634215157227
GSM6339599	GCGCCTTGTAGCCTAA-1	20044	755	33	4.571186389368207
GSM6339599	GCGCGATTCAAGCTTA-1	20044	11178	465	4.802938996487383
GSM6339599	GCGCGATTCCAACTGG-1	20044	11532	583	3.9521370567682745
GSM6339599	GCGCGATTCCCGTTAC-1	20044	4155	168	4.941487084344227
GSM6339599	GCGCGATTCGCTTGCT-1	20044	8913	392	4.542906073518318
GSM6339599	GCGCTAGGTAATCGCA-1	20044	15681	773	4.053126692195256
GSM6339599	GCGCTAGGTTAGGTGC-1	20044	2017	76	5.302592144697408
GSM6339599	GCGCTTAAGACTTACA-1	20044	10960	476	4.600441575231492
GSM6339599	GCGCTTAAGCCTAATA-1	20044	3714	171	4.339520128993813
GSM6339599	GCGCTTAAGCGCCTTT-1	20044	9613	476	4.035040589662438
GSM6339599	GCGCTTAAGTCAGGCC-1	20044	14370	659	4.3567964660529155
GSM6339599	GCGCTTAAGTGAGAGC-1	20044	363	11	6.593406593406593
GSM6339599	GCGCTTGCAAACGGGC-1	20044	22149	1035	4.275724275724276
GSM6339599	GCGCTTGCAGTTTGTG-1	20044	10187	389	5.232299833842251
GSM6339599	GCGGAACCAAGTAAGC-1	20044	12029	646	3.7204281786325133
GSM6339599	GCGGAACCACTGGCCA-1	20044	12102	596	4.057016808694661
GSM6339599	GCGGAACCAGCTACGT-1	20044	1582	79	4.00106222891033
GSM6339599	GCGGATACAATATACC-1	20044	5277	209	5.044716049500739
GSM6339599	GCGGATACACCCTCAC-1	20044	9266	403	4.593917249004097
GSM6339599	GCGGATACAGGATTAA-1	20044	3183	151	4.211682357377722
GSM6339599	GCGGGTTTCACCAATA-1	20044	1971	69	5.707336142118751
GSM6339599	GCGGGTTTCATGGTTA-1	20044	13665	684	3.9916224126750444
GSM6339599	GCGGGTTTCCGGTTAG-1	20044	15650	763	4.09812991726491
GSM6339599	GCGGGTTTCTCAATTC-1	20044	10952	525	4.168022453736739
GSM6339599	GCGGTTATCATGACCG-1	20044	2106	97	4.337930111125988
GSM6339599	GCGGTTATCATTAGGC-1	20044	7405	316	4.682026833925567
GSM6339599	GCGGTTATCGAGCTAT-1	20044	6798	317	4.284674316220057
GSM6339599	GCGGTTATCTAGCTAA-1	20044	10203	476	4.282692097818148
GSM6339599	GCGGTTGGTAGTCAAT-1	20044	395	11	7.174643538279902
GSM6339599	GCGGTTGGTCGAAGTC-1	20044	3512	147	4.773457834682325
GSM6339599	GCGGTTGGTTGGCGTG-1	20044	14671	678	4.323405208360961
GSM6339599	GCGTAACGTTAATGAC-1	20044	7518	348	4.316373281890524
GSM6339599	GCGTAACGTTCATCTA-1	20044	5406	223	4.843586906367175
GSM6339599	GCGTAACGTTTATCGC-1	20044	9046	402	4.4960015109268845
GSM6339599	GCGTGCTAGCCTGAGC-1	20044	11324	448	5.050306836021122
GSM6339599	GCGTGCTAGCCTGTGA-1	20044	14808	775	3.817601753085624
GSM6339599	GCGTGCTAGCTCAAAC-1	20044	8366	318	5.2563788412845005
GSM6339599	GCGTGCTAGTCATTTC-1	20044	13920	657	4.233209712661767
GSM6339599	GCGTGCTAGTGAACAG-1	20044	11632	500	4.648151848151849
GSM6339599	GCGTTTCTCAAGCTAC-1	20044	7643	325	4.69868592945516
GSM6339599	GCGTTTCTCACCATTT-1	20044	11980	536	4.465683570161182
GSM6339599	GCGTTTCTCAGCATTA-1	20044	3270	123	5.3117614093223855
GSM6339599	GCGTTTCTCCAGGGAG-1	20044	7466	358	4.166782937732658
GSM6339599	GCGTTTCTCCATTACT-1	20044	10275	497	4.130678174943768
GSM6339599	GCGTTTCTCTCACAAA-1	20044	16987	780	4.35128973590512
GSM6339599	GCGTTTCTCTGCAACG-1	20044	11278	471	4.784175484812428
GSM6339599	GCGTTTCTCTTACTCG-1	20044	8009	355	4.507605070985353
GSM6339599	GCTAACAGTCAAAGGG-1	20044	1196	50	4.779220779220779
GSM6339599	GCTAACAGTCCGGTTC-1	20044	3520	139	5.0596885129259235
GSM6339599	GCTAACAGTCGCGCAA-1	20044	844	29	5.814874780392022
GSM6339599	GCTAACAGTGTTGCAA-1	20044	6629	269	4.923700834481504
GSM6339599	GCTAACAGTTCAAGAT-1	20044	10473	435	4.810362051741362
GSM6339599	GCTAACCCAAAGCGGC-1	20044	1128	41	5.496942082307936
GSM6339599	GCTAACCCAGCATGAG-1	20044	11836	544	4.347123464770523
GSM6339599	GCTAACCCAGCCTAAC-1	20044	12127	555	4.3657243657243665
GSM6339599	GCTAACCCAGTGAACG-1	20044	2387	121	3.9415130324221233
GSM6339599	GCTAACCCATGTCGCG-1	20044	7784	353	4.4057925077755105
GSM6339599	GCTAACCCATTTAAGC-1	20044	13943	626	4.450182405453972
GSM6339599	GCTAAGAAGCCACAAT-1	20044	14432	740	3.8966438966438965
GSM6339599	GCTAAGAAGGGACTAA-1	20044	3344	143	4.67225082609698
GSM6339599	GCTAAGAAGTCATCCC-1	20044	9749	442	4.406905311882688
GSM6339599	GCTAAGAAGTTATGTG-1	20044	13419	595	4.5060821531409765
GSM6339599	GCTAAGAAGTTCCCGT-1	20044	12819	603	4.247493799732605
GSM6339599	GCTAAGAAGTTGCCTC-1	20044	2448	86	5.687335919894059
GSM6339599	GCTAAGCGTCCGGTTC-1	20044	1451	60	4.831834831834833
GSM6339599	GCTAAGCGTCCTCCAA-1	20044	8598	387	4.438971880832345
GSM6339599	GCTAAGCGTTAGGTTG-1	20044	13990	662	4.222363738980053
GSM6339599	GCTAAGCGTTTGAGGC-1	20044	7067	296	4.77022977022977
GSM6339599	GCTAAGTTCATGCTCC-1	20044	11223	496	4.520882343462989
GSM6339599	GCTAAGTTCCGCAAAT-1	20044	8744	403	4.335118975317486
GSM6339599	GCTAAGTTCCTACCTA-1	20044	13730	749	3.6625590697686823
GSM6339599	GCTAAGTTCCTTCTAG-1	20044	6524	299	4.359520078583623
GSM6339599	GCTAAGTTCTAAGTCA-1	20044	2756	102	5.398523045581869
GSM6339599	GCTAAGTTCTTAGCCC-1	20044	11916	516	4.613990660502288
GSM6339599	GCTAAGTTCTTTGTAC-1	20044	14488	710	4.077049710852528
GSM6339599	GCTAATATCACAGCCA-1	20044	11372	580	3.9174618484963313
GSM6339599	GCTAATATCCCTCATA-1	20044	8931	427	4.17895921408802
GSM6339599	GCTAATATCCGCCAAA-1	20044	3840	144	5.328005328005329
GSM6339599	GCTAATATCTCCATGC-1	20044	8515	367	4.635691284192646
GSM6339599	GCTAGCCAGCCACATG-1	20044	3549	147	4.823747680890538
GSM6339599	GCTAGCCAGGCGAATA-1	20044	12078	582	4.1463690948227026
GSM6339599	GCTAGCCAGGCGCACT-1	20044	3469	112	6.188454402740116
GSM6339599	GCTAGCCAGGGCTTTG-1	20044	13008	661	3.9319228426641435
GSM6339599	GCTAGCGGTGTAATAC-1	20044	3894	169	4.603680343325314
GSM6339599	GCTAGCGGTTAACGAT-1	20044	8402	363	4.624576525402972
GSM6339599	GCTAGCGGTTTGAGCA-1	20044	7872	365	4.309115541992255
GSM6339599	GCTAGCTCAACTCGCG-1	20044	12555	600	4.180819180819181
GSM6339599	GCTAGCTCAATCGCAC-1	20044	10893	497	4.379121884152065
GSM6339599	GCTAGCTCACAACAAA-1	20044	17547	901	3.8911144349546127
GSM6339599	GCTAGCTCACCCTCAC-1	20044	19709	870	4.526278319381769
GSM6339599	GCTAGCTCACCTGCCT-1	20044	16779	767	4.370857304364476
GSM6339599	GCTAGCTCACTATGGC-1	20044	11237	568	3.952737403441629
GSM6339599	GCTAGCTCAGTCTAGC-1	20044	7576	321	4.715533687496305
GSM6339599	GCTAGTGTCATGTTTC-1	20044	14199	694	4.087842992742128
GSM6339599	GCTAGTGTCCCTCTAA-1	20044	13898	599	4.635764902876756
GSM6339599	GCTAGTGTCCTACCTA-1	20044	9317	422	4.411228581844696
GSM6339599	GCTAGTGTCCTTGTTG-1	20044	12863	678	3.7906046755604277
GSM6339599	GCTAGTGTCGCACACA-1	20044	9004	410	4.387807314636584
GSM6339599	GCTAGTGTCGTGCTTC-1	20044	9811	454	4.317708722995066
GSM6339599	GCTAGTGTCTTGCTAT-1	20044	16821	749	4.487101683363365
GSM6339599	GCTATAGGTTACTAGG-1	20044	6621	261	5.068494723667138
GSM6339599	GCTATCCTCACAGCGC-1	20044	3277	139	4.710397516152912
GSM6339599	GCTATCCTCATCCTCA-1	20044	7292	295	4.938790023535786
GSM6339599	GCTATCCTCCTCCATA-1	20044	13283	622	4.26679429894864
GSM6339599	GCTATCCTCGTTACTT-1	20044	13578	692	3.920357099547851
GSM6339599	GCTATCCTCTTGACCC-1	20044	14280	704	4.05276541640178
GSM6339599	GCTATCCTCTTGAGCG-1	20044	8547	374	4.566022213081037
GSM6339599	GCTATCCTCTTGTCTG-1	20044	6371	317	4.015542816804646
GSM6339599	GCTATTGCACCAGGTT-1	20044	5524	272	4.057706998883469
GSM6339599	GCTATTGCACTCGCTC-1	20044	2410	134	3.5934215038692647
GSM6339599	GCTATTGCAGCTTAGC-1	20044	9185	386	4.754313044468485
GSM6339599	GCTATTGCAGGCCTTG-1	20044	1226	57	4.297456929035877
GSM6339599	GCTATTGCATTGTGTG-1	20044	962	34	5.653170359052711
GSM6339599	GCTCAACCAAGGTGGC-1	20044	9045	414	4.3652000173739305
GSM6339599	GCTCAACCACACTAAT-1	20044	8593	353	4.863691549243957
GSM6339599	GCTCAACCACATTGCA-1	20044	7147	309	4.621268698938602
GSM6339599	GCTCAACCATGCTATG-1	20044	840	30	5.594405594405595
GSM6339599	GCTCACAAGGTGAAGC-1	20044	11017	521	4.224949714393093
GSM6339599	GCTCATTGTAGCTAGC-1	20044	2759	107	5.151857488306086
GSM6339599	GCTCATTGTGGGTGAA-1	20044	10773	476	4.521948639595698
GSM6339599	GCTCATTGTGTGTGGT-1	20044	20275	874	4.63495314753896
GSM6339599	GCTCATTGTTGCCTCA-1	20044	3996	159	5.021393700638983
GSM6339599	GCTCATTGTTTAAAGC-1	20044	2732	137	3.984336831052159
GSM6339599	GCTCCTTAGCAAGGTA-1	20044	9175	379	4.836851802551011
GSM6339599	GCTCCTTAGCATGGTT-1	20044	12168	487	4.992133123549961
GSM6339599	GCTCCTTAGGAAGCTA-1	20044	13663	655	4.167740656290275
GSM6339599	GCTCCTTAGGCCCAGT-1	20044	7987	348	4.585644240816655
GSM6339599	GCTCGATCAAACTGTT-1	20044	2548	120	4.242424242424242
GSM6339599	GCTCGATCAAAGCGCA-1	20044	566	22	5.140314231223321
GSM6339599	GCTCGATCAACAGGTG-1	20044	678	34	3.9842510430745723
GSM6339599	GCTCGATCAATATGGA-1	20044	1229	53	4.633102746310294
GSM6339599	GCTCGATCAGCACGTT-1	20044	10084	467	4.314315235086113
GSM6339599	GCTCGATCAGGTTATT-1	20044	799	36	4.434454434454435
GSM6339599	GCTCGATCAGTTTACG-1	20044	16943	728	4.650020309360968
GSM6339599	GCTCTGGCAGCGCTTG-1	20044	9787	404	4.84020929565484
GSM6339599	GCTCTGGCAGGAACAT-1	20044	11015	478	4.604182428450211
GSM6339599	GCTCTGGCAGTAAGTA-1	20044	9312	402	4.628207613282241
GSM6339599	GCTCTGGCATAATGTC-1	20044	10888	471	4.618735828926912
GSM6339599	GCTCTGTTCAGGTCCA-1	20044	1348	55	4.896921260557623
GSM6339599	GCTCTGTTCCTTGAGG-1	20044	11750	453	5.182455513581341
GSM6339599	GCTCTGTTCGTGCTAG-1	20044	13349	601	4.437825070104604
GSM6339599	GCTCTGTTCGTGCTTC-1	20044	12660	578	4.376246590779463
GSM6339599	GCTGACATCAAGCGCC-1	20044	9581	409	4.680405169402724
GSM6339599	GCTGACATCACACAGT-1	20044	7167	347	4.126709025844472
GSM6339599	GCTGACATCCAGGTCA-1	20044	10969	466	4.703022299588823
GSM6339599	GCTGACATCGGCCAGT-1	20044	7446	352	4.226455362818999
GSM6339599	GCTGACATCGGTTCCT-1	20044	890	33	5.388550843096297
GSM6339599	GCTGACATCGTTAACA-1	20044	7403	328	4.509514875368534
GSM6339599	GCTGACCAGGCATGTT-1	20044	1705	70	4.866562009419153
GSM6339599	GCTGACCAGGGATGCG-1	20044	6334	235	5.385253044827512
GSM6339599	GCTGACCAGGTGTCCA-1	20044	6299	294	4.280753260345097
GSM6339599	GCTGACCAGTAATCCA-1	20044	729	34	4.283951342774872
GSM6339599	GCTGACCAGTAGCGCC-1	20044	9480	435	4.354266423231941
GSM6339599	GCTGACCAGTGGACAA-1	20044	1516	58	5.222363843053499
GSM6339599	GCTGAGGAGCATTTCT-1	20044	3042	134	4.535762744717968
GSM6339599	GCTGAGGAGCGCAATT-1	20044	10055	445	4.514586537058447
GSM6339599	GCTGAGGAGCGGTTAT-1	20044	10449	456	4.578316420421683
GSM6339599	GCTGAGGAGGATTTGC-1	20044	2004	90	4.448884448884449
GSM6339599	GCTGAGGAGGGCCATC-1	20044	13802	638	4.322323444580498
GSM6339599	GCTGAGGAGTAACCCG-1	20044	2782	111	5.007605007605007
GSM6339599	GCTGAGGAGTTGTCAA-1	20044	10425	426	4.8894767204626355
GSM6339599	GCTGATCCAAAGGTAC-1	20044	7248	280	5.1719708862566005
GSM6339599	GCTGATCCAATAACCT-1	20044	6314	281	4.489460717218724
GSM6339599	GCTGATCCACCATATG-1	20044	484	30	3.2234432234432235
GSM6339599	GCTGATCCATAAGTTC-1	20044	6160	320	3.8461538461538463
GSM6339599	GCTGCAATCAAGGACA-1	20044	10684	453	4.712285506987493
GSM6339599	GCTGCAATCAATACGC-1	20044	2358	93	5.065901840095388
GSM6339599	GCTGCAATCAATAGCC-1	20044	9793	498	3.9290027241834466
GSM6339599	GCTGCAATCACTAATG-1	20044	3788	159	4.760019854359477
GSM6339599	GCTGCAATCATGGCCA-1	20044	5576	284	3.922837725654627
GSM6339599	GCTGCAATCCTAGTTT-1	20044	12854	584	4.397657137383165
GSM6339599	GCTGCAATCCTTCGTA-1	20044	10038	480	4.178321678321678
GSM6339599	GCTGCAATCTTAAGTG-1	20044	5079	213	4.764249834672371
GSM6339599	GCTGCACAGGCATGAA-1	20044	5000	175	5.708577137148565
GSM6339599	GCTGCACAGTTATGGC-1	20044	341	10	6.813186813186813
GSM6339599	GCTGCACAGTTATTCC-1	20044	10522	514	4.09007335077374
GSM6339599	GCTGCATCACGAATTT-1	20044	12420	659	3.7655819142920812
GSM6339599	GCTGCATCAGCTAACC-1	20044	2151	86	4.997328253142206
GSM6339599	GCTGCATCAGGATTAA-1	20044	2511	96	5.226023976023977
GSM6339599	GCTGCATCAGGCTAAG-1	20044	2941	153	3.8406038406038405
GSM6339599	GCTGCATCATCAATCG-1	20044	6558	255	5.1383910207439625
GSM6339599	GCTGGATGTTAATGAC-1	20044	13009	626	4.152077953994887
GSM6339599	GCTGGATGTTACATCC-1	20044	14312	693	4.126321009437893
GSM6339599	GCTGGATGTTAGGCTA-1	20044	7307	329	4.437507780972827
GSM6339599	GCTGGTTCACCAACCG-1	20044	16007	758	4.2192635860182035
GSM6339599	GCTGGTTCAGTTAAAG-1	20044	11011	447	4.921700223713647
GSM6339599	GCTGGTTCATTTAAGC-1	20044	11328	498	4.544852737623822
GSM6339599	GCTGTAAGTCCGTGAG-1	20044	8256	340	4.851618969266028
GSM6339599	GCTGTAAGTCCTTAGT-1	20044	16791	718	4.672486288085174
GSM6339599	GCTGTAAGTCCTTTAA-1	20044	285	21	2.711574140145569
GSM6339599	GCTGTAAGTCGACTAA-1	20044	1354	68	3.9783745666098604
GSM6339599	GCTGTAAGTTGTTGCT-1	20044	344	17	4.04301580772169
GSM6339599	GCTGTACCAATATACC-1	20044	734	33	4.444040807677172
GSM6339599	GCTGTACCAGCAAGTG-1	20044	11742	532	4.409875838447267
GSM6339599	GCTGTACCATTGTCCT-1	20044	11456	510	4.488060958649194
GSM6339599	GCTGTGATCAACCAAC-1	20044	7806	371	4.203882370998274
GSM6339599	GCTGTGATCACCAATA-1	20044	10998	470	4.675324675324675
GSM6339599	GCTGTGATCATTTGCT-1	20044	6126	242	5.057752165190182
GSM6339599	GCTGTGATCCTCGATC-1	20044	5195	223	4.654538286825282
GSM6339599	GCTGTGATCGATCAGT-1	20044	14421	694	4.151756024954872
GSM6339599	GCTGTGATCTTACTCG-1	20044	2861	107	5.342321230171698
GSM6339599	GCTGTGCAGAAACTGG-1	20044	5757	284	4.050175176935741
GSM6339599	GCTGTGCAGCCACAAT-1	20044	10865	495	4.385513476422567
GSM6339599	GCTGTGCAGGCATGAA-1	20044	7685	326	4.7100139124679
GSM6339599	GCTGTGCAGGCTAGAA-1	20044	13548	635	4.262823790382845
GSM6339599	GCTGTGCAGTCTTGAA-1	20044	13109	597	4.387237553066699
GSM6339599	GCTGTGCAGTTAGACC-1	20044	5803	238	4.871598989246048
GSM6339599	GCTGTGCAGTTGGGCC-1	20044	9860	487	4.045236078090288
GSM6339599	GCTTAAATCCCTGTTA-1	20044	3635	150	4.841824841824842
GSM6339599	GCTTAAATCCTGAATA-1	20044	11521	525	4.384567813139242
GSM6339599	GCTTAAATCGACCTGA-1	20044	7630	324	4.705171371838039
GSM6339599	GCTTAAATCGCTAAAC-1	20044	8292	365	4.539022621214403
GSM6339599	GCTTAACAGGAAGCAC-1	20044	15717	659	4.765189287192322
GSM6339599	GCTTAACAGGAGCAAC-1	20044	9620	429	4.4803681167317535
GSM6339599	GCTTAACAGGAGTCGG-1	20044	3439	150	4.580752580752581
GSM6339599	GCTTAACAGGCGCACT-1	20044	7502	292	5.13322294144212
GSM6339599	GCTTAACAGGCTCATG-1	20044	1198	49	4.884911007359987
GSM6339599	GCTTAACAGGTCCTGA-1	20044	11581	501	4.6185351574573135
GSM6339599	GCTTACCTCAAACCGT-1	20044	1119	53	4.218423086347615
GSM6339599	GCTTACCTCATGAGCT-1	20044	5523	274	4.0273595018120565
GSM6339599	GCTTACCTCATGGTGT-1	20044	11129	508	4.377118944048078
GSM6339599	GCTTACCTCCACAATA-1	20044	403	15	5.367965367965368
GSM6339599	GCTTACCTCCTCATCA-1	20044	7783	345	4.507376681289725
GSM6339599	GCTTACCTCGTTACAA-1	20044	8445	358	4.713163931041026
GSM6339599	GCTTACCTCTAGCTTT-1	20044	12056	549	4.3875978302207805
GSM6339599	GCTTACCTCTTGAGCG-1	20044	11474	531	4.31733991056025
GSM6339599	GCTTAGTAGGGTTATC-1	20044	11671	518	4.501675930247359
GSM6339599	GCTTAGTAGGTTTGAC-1	20044	6099	242	5.035460407361234
GSM6339599	GCTTATCGTCGAAGTC-1	20044	5613	239	4.6923787509561565
GSM6339599	GCTTCGCGTTGGTGAC-1	20044	15287	751	4.0670381549209775
GSM6339599	GCTTGACCAATTGACT-1	20044	13116	596	4.396945336542652
GSM6339599	GCTTGACCAGCGCTTG-1	20044	15914	820	3.877585828805341
GSM6339599	GCTTGACCAGGCGATA-1	20044	11140	510	4.3642631877926
GSM6339599	GCTTGACCATTAAGCT-1	20044	5313	200	5.3076923076923075
GSM6339599	GCTTGACCATTGTCCT-1	20044	4107	172	4.770810584764074
GSM6339599	GCTTGTTGTATTTGGG-1	20044	1965	87	4.512728650659685
GSM6339599	GCTTGTTGTGTCCTGC-1	20044	13577	635	4.271948523917028
GSM6339599	GCTTGTTGTTGGTTGA-1	20044	835	31	5.381715059134414
GSM6339599	GCTTTACGTTAGGCGT-1	20044	7547	328	4.597232036256427
GSM6339599	GCTTTATTCAAGTGTC-1	20044	10870	517	4.200828185354298
GSM6339599	GCTTTATTCGTTACTT-1	20044	19543	802	4.86869738740063
GSM6339599	GCTTTCATCCCTCTAA-1	20044	5257	216	4.8627298627298625
GSM6339599	GCTTTCATCGTGCCTT-1	20044	804	46	3.492160013899144
GSM6339599	GCTTTGTGTAATGGAA-1	20044	21363	993	4.298420612620008
GSM6339599	GCTTTGTGTGATCAGC-1	20044	12388	509	4.862720776276769
GSM6339599	GCTTTGTGTTTCAGGA-1	20044	10630	468	4.5381968458891535
GSM6339599	GGAAACTCACAGAAAC-1	20044	10260	515	3.980485533883592
GSM6339599	GGAAACTCAGATAGAC-1	20044	11357	466	4.869379547491135
GSM6339599	GGAAACTCAGTAGGAT-1	20044	8962	369	4.852599974551195
GSM6339599	GGAAACTCATGTCAGC-1	20044	1959	75	5.218781218781219
GSM6339599	GGAAACTCATGTTTGG-1	20044	10504	464	4.5230631437527995
GSM6339599	GGAACAATCAACCAAC-1	20044	1745	65	5.36386690232844
GSM6339599	GGAACAATCAGCATTA-1	20044	9255	428	4.320445909230956
GSM6339599	GGAACAATCCGGTTAG-1	20044	6077	282	4.305623454559625
GSM6339599	GGAACAATCGAGGAGT-1	20044	11670	573	4.069229200119252
GSM6339599	GGAACAATCTTTGAGA-1	20044	9420	401	4.6935608032864895
GSM6339599	GGAACAATCTTTGTAC-1	20044	2716	111	4.888804888804889
GSM6339599	GGAACCACACCACAAC-1	20044	3453	126	5.475476904048333
GSM6339599	GGAACCACATTAGGTT-1	20044	6905	334	4.130599938983173
GSM6339599	GGAACCTGTAAGTCGC-1	20044	1286	46	5.58571862919689
GSM6339599	GGAACCTGTCCGTGAG-1	20044	11442	460	4.969812795899753
GSM6339599	GGAACCTGTGATTACG-1	20044	7688	367	4.1854603162505075
GSM6339599	GGAACCTGTGGAAACG-1	20044	10246	420	4.874173445602017
GSM6339599	GGAACCTGTTTCCGGC-1	20044	12638	549	4.599407878096403
GSM6339599	GGAACGGTCAATGAGG-1	20044	954	53	3.5964035964035963
GSM6339599	GGAACGGTCTGTAATG-1	20044	304	10	6.073926073926073
GSM6339599	GGAACTAAGCAGCTCA-1	20044	11431	513	4.452078136288663
GSM6339599	GGAACTAAGGCAGGTG-1	20044	20531	1019	4.025611287632877
GSM6339599	GGAACTAAGGCGCTTA-1	20044	363	18	4.029304029304029
GSM6339599	GGAACTAAGTCTCACC-1	20044	13388	741	3.6098853912619093
GSM6339599	GGAAGCTAGCACTTGG-1	20044	812	28	5.794205794205793
GSM6339599	GGAAGCTAGGTTACGT-1	20044	13809	591	4.668428018681825
GSM6339599	GGAAGTATCAATAGCC-1	20044	5657	297	3.8056219874401687
GSM6339599	GGAAGTATCATAGCCG-1	20044	8733	328	5.31968031968032
GSM6339599	GGAAGTATCATCCTGC-1	20044	1823	64	5.691183816183816
GSM6339599	GGAAGTATCCTCCATA-1	20044	13399	577	4.639727689987655
GSM6339599	GGAATCTTCACCGGTA-1	20044	13848	694	3.9867913066760328
GSM6339599	GGAATCTTCCATAAGC-1	20044	14791	682	4.333203453438058
GSM6339599	GGAATCTTCCTTCGTA-1	20044	13654	562	4.854220512583502
GSM6339599	GGAATCTTCTTCAATC-1	20044	13131	546	4.805085024865245
GSM6339599	GGAATCTTCTTGCATT-1	20044	1760	77	4.566861709718852
GSM6339599	GGACAGCCAAGTCGCT-1	20044	6954	314	4.424874488568756
GSM6339599	GGACAGCCACAACAGG-1	20044	4564	172	5.301675069116929
GSM6339599	GGACATAAGGCGAATA-1	20044	4548	216	4.206904206904207
GSM6339599	GGACATAAGGGATTAG-1	20044	1633	65	5.019595788826558
GSM6339599	GGACATAAGTTGTCCC-1	20044	1380	58	4.75386682283234
GSM6339599	GGACCGAAGTAACGGA-1	20044	6260	259	4.829147686290543
GSM6339599	GGACCGAAGTTTGGTA-1	20044	16481	815	4.0403768011129975
GSM6339599	GGACCTCAGACACCGC-1	20044	3529	130	5.423806962268501
GSM6339599	GGACCTCAGCTTACTT-1	20044	3729	158	4.715537626930032
GSM6339599	GGACGAAGTCACAGAC-1	20044	2066	70	5.896960182674469
GSM6339599	GGACGAAGTTGCGGAT-1	20044	12528	557	4.4938903107664325
GSM6339599	GGACGGATCCACCCTG-1	20044	13501	658	4.099547868544829
GSM6339599	GGACGGATCCCGAACA-1	20044	3095	137	4.5137344407417395
GSM6339599	GGACGGATCCCGCATT-1	20044	9426	405	4.65016465016465
GSM6339599	GGACGGATCCTCGATC-1	20044	3106	132	4.701359246813792
GSM6339599	GGACGGATCGGGACTC-1	20044	2359	98	4.809476238047667
GSM6339599	GGACTAAAGCTCCCTG-1	20044	7012	346	4.0491300606907545
GSM6339599	GGACTAAAGCTGTAAC-1	20044	12317	548	4.490764709742812
GSM6339599	GGACTAAAGGGCCACT-1	20044	12496	605	4.1267823086004904
GSM6339599	GGACTAAAGGTCCAAT-1	20044	8304	345	4.809103939538722
GSM6339599	GGACTAAAGTCCTTCA-1	20044	8263	327	5.048773856113305
GSM6339599	GGACTAAAGTTAGGCT-1	20044	6467	263	4.912957764668792
GSM6339599	GGAGCAAGTAAGGTCC-1	20044	8253	309	5.3364111616538805
GSM6339599	GGAGCAAGTACCGAAC-1	20044	8883	459	3.866721513780337
GSM6339599	GGAGCAAGTTGCGGAT-1	20044	11028	501	4.3979972123684705
GSM6339599	GGAGCATAGGAGTAAT-1	20044	1113	39	5.701990317374933
GSM6339599	GGAGCATAGGGTGAGT-1	20044	5105	188	5.425425638191595
GSM6339599	GGAGCATAGGTTTACA-1	20044	12283	510	4.812050694403636
GSM6339599	GGAGCATAGTTAGGCT-1	20044	11077	515	4.29745012269284
GSM6339599	GGAGCGATCAAGCTAC-1	20044	6485	244	5.3102635069848185
GSM6339599	GGAGCGATCATGCATA-1	20044	5885	236	4.982305829763457
GSM6339599	GGAGCGATCATTGTCT-1	20044	4551	213	4.268970466153565
GSM6339599	GGAGCGATCGACAAAG-1	20044	2300	108	4.255004255004255
GSM6339599	GGAGCGATCGCCTAAG-1	20044	9501	440	4.314322041594769
GSM6339599	GGAGGTTAGAAGCTAG-1	20044	11791	571	4.12582163895649
GSM6339599	GGAGGTTAGACACCGC-1	20044	7287	339	4.294820224023764
GSM6339599	GGAGGTTAGGCATTGT-1	20044	19024	712	5.338481742976125
GSM6339599	GGAGGTTAGGGCTAAA-1	20044	3418	128	5.33528971028971
GSM6339599	GGAGGTTAGGGTGGAT-1	20044	7911	332	4.760901748853556
GSM6339599	GGAGGTTAGTCACGAT-1	20044	3253	131	4.9614507629774804
GSM6339599	GGAGTCTGTACGCGCA-1	20044	12437	566	4.390309337305804
GSM6339599	GGAGTCTGTAGGTTAT-1	20044	12355	588	4.198182769611341
GSM6339599	GGAGTCTGTATTGAGT-1	20044	9382	415	4.516928854278251
GSM6339599	GGAGTCTGTCTTTATG-1	20044	532	22	4.831532104259377
GSM6339599	GGAGTCTGTGTGCAAC-1	20044	9387	430	4.361684826801106
GSM6339599	GGAGTCTGTGTGTCCC-1	20044	8804	320	5.497002997002996
GSM6339599	GGAGTCTGTTGTCCAT-1	20044	4548	224	4.0566576280861995
GSM6339599	GGAGTGAGTAGACAAA-1	20044	9634	438	4.394692065924943
GSM6339599	GGAGTGAGTCCTCCAA-1	20044	18477	849	4.348301874803641
GSM6339599	GGAGTGAGTTCCATTA-1	20044	9661	430	4.488999372720303
GSM6339599	GGATAACCAATGCCCG-1	20044	4268	160	5.329670329670329
GSM6339599	GGATAACCACCTCACC-1	20044	1685	66	5.100959646414191
GSM6339599	GGATAACCAGCCTAAC-1	20044	8767	334	5.244456142659736
GSM6339599	GGATAACCAGCTAACC-1	20044	7633	296	5.152280152280152
GSM6339599	GGATAACCATAAGTTC-1	20044	10840	463	4.677827571996039
GSM6339599	GGATAACCATGGCCTG-1	20044	11966	592	4.038529038529038
GSM6339599	GGATACTTCATTAGTG-1	20044	8517	351	4.848143309681771
GSM6339599	GGATACTTCCAGGGAG-1	20044	961	31	6.193806193806194
GSM6339599	GGATACTTCGCAACAT-1	20044	8463	347	4.8729368614094835
GSM6339599	GGATACTTCGTGCTAG-1	20044	8967	375	4.777622377622378
GSM6339599	GGATACTTCGTTACTT-1	20044	614	21	5.841777270348699
GSM6339599	GGATACTTCTGCAAAC-1	20044	6416	279	4.5946884656562075
GSM6339599	GGATATTGTCTAACAG-1	20044	7457	315	4.729873301301873
GSM6339599	GGATATTGTGAGCGAA-1	20044	553	31	3.5641777577261444
GSM6339599	GGATATTGTTCTTTAG-1	20044	2316	86	5.380665845782125
GSM6339599	GGATATTGTTGCGGAT-1	20044	12526	591	4.23468240727124
GSM6339599	GGATATTGTTTATCGC-1	20044	3759	141	5.32658830531171
GSM6339599	GGATGAATCGCTAGCA-1	20044	8903	391	4.549414779593808
GSM6339599	GGATGAATCGGTTTGG-1	20044	2071	82	5.046173338856266
GSM6339599	GGATGGCCAAAGGCCA-1	20044	12381	613	4.035442534626874
GSM6339599	GGATGGCCAAGCCACT-1	20044	13393	636	4.207427792333452
GSM6339599	GGATGGCCAATTAGCT-1	20044	11079	506	4.374676706692517
GSM6339599	GGATGGCCACAGGGAC-1	20044	17406	865	4.020488182337893
GSM6339599	GGATGGCCATAAACCT-1	20044	8200	361	4.5383978901984445
GSM6339599	GGATGTAAGATAGACG-1	20044	8529	375	4.544255744255745
GSM6339599	GGATGTAAGTCACCTC-1	20044	750	28	5.35179106607678
GSM6339599	GGATTATGTACCGTAA-1	20044	631	26	4.848997156689464
GSM6339599	GGATTATGTGACATGC-1	20044	8645	367	4.706465196928413
GSM6339599	GGATTATGTGTCCTGC-1	20044	10753	460	4.6705468444598885
GSM6339599	GGATTATGTTCCAGGG-1	20044	5802	213	5.442444879064598
GSM6339599	GGATTCAGTAAGGTTT-1	20044	3293	132	4.984409529864076
GSM6339599	GGATTCAGTTCATTTG-1	20044	959	48	3.991841491841492
GSM6339599	GGATTGCGTTAGCGTA-1	20044	8690	393	4.4179738836227385
GSM6339599	GGATTGCGTTCAAGAT-1	20044	1499	58	5.163801715525854
GSM6339599	GGATTTATCTAGCGAT-1	20044	1736	57	6.0851429272481905
GSM6339599	GGCAAATCATATTGAC-1	20044	1746	88	3.964217600581237
GSM6339599	GGCAAGCCAGAGGGAG-1	20044	771	46	3.3488250879555226
GSM6339599	GGCAAGCCAGGGAGCT-1	20044	6436	275	4.676051221505767
GSM6339599	GGCAAGCCAGTCTAGC-1	20044	5512	244	4.513519267617628
GSM6339599	GGCAAGCCATAGCGGA-1	20044	2914	101	5.764532497205764
GSM6339599	GGCAGGATCACAGGAA-1	20044	12743	756	3.3677962249390823
GSM6339599	GGCAGGATCACGCCAA-1	20044	12741	634	4.015227674533668
GSM6339599	GGCAGGATCCACCTGT-1	20044	10718	456	4.696181011970486
GSM6339599	GGCAGGATCCATTACT-1	20044	4188	187	4.4746697153114265
GSM6339599	GGCAGGATCCTCAGTC-1	20044	10656	463	4.598425332766586
GSM6339599	GGCAGGATCGTTTCCA-1	20044	11986	569	4.208796475931801
GSM6339599	GGCAGGATCTCCTCAA-1	20044	11066	577	3.8318700363761025
GSM6339599	GGCAGGATCTTACTCG-1	20044	6300	260	4.841312533620226
GSM6339599	GGCATGGAGCCTCTGT-1	20044	9640	479	4.0210311609059
GSM6339599	GGCATGGAGGCGAATA-1	20044	10228	381	5.3636652061848915
GSM6339599	GGCATGGAGGTTAGCT-1	20044	6420	268	4.786258517601801
GSM6339599	GGCATTAGTAAAGCGG-1	20044	14826	694	4.268354124261905
GSM6339599	GGCATTAGTAACCAGC-1	20044	3154	123	5.123331952600245
GSM6339599	GGCATTAGTACCCACC-1	20044	10498	587	3.5732580877384965
GSM6339599	GGCATTAGTCAAGTGC-1	20044	11680	535	4.361993147039876
GSM6339599	GGCATTAGTCATTACC-1	20044	10529	462	4.553455202805852
GSM6339599	GGCATTAGTTAGACCA-1	20044	879	33	5.321950776496231
GSM6339599	GGCATTAGTTGCTGGG-1	20044	13430	581	4.618445238066581
GSM6339599	GGCATTGTCAGCAAAG-1	20044	16252	824	3.940719474700057
GSM6339599	GGCATTGTCCCTCACG-1	20044	18030	793	4.5427460307662075
GSM6339599	GGCATTGTCCGCAAGC-1	20044	12734	638	3.987861668112452
GSM6339599	GGCATTGTCCTCCCTC-1	20044	1959	85	4.604806957748134
GSM6339599	GGCCAACTCATGGCTG-1	20044	10462	464	4.50497778083985
GSM6339599	GGCCAACTCGGTTACG-1	20044	8833	408	4.325576384399914
GSM6339599	GGCCAACTCGTCCTTA-1	20044	8900	363	4.898682584632998
GSM6339599	GGCCATCAGCCACAAT-1	20044	10771	538	4.000089130200654
GSM6339599	GGCCGTTAGAATCTCA-1	20044	11520	500	4.603396603396603
GSM6339599	GGCCGTTAGACTAAGG-1	20044	13174	564	4.666964241432327
GSM6339599	GGCCGTTAGCAAGATG-1	20044	7554	319	4.7313188379019095
GSM6339599	GGCCGTTAGCATTATG-1	20044	9365	406	4.608691800810028
GSM6339599	GGCCGTTAGCCGCTTT-1	20044	2051	82	4.997441582807436
GSM6339599	GGCCGTTAGGACCTGC-1	20044	8393	342	4.903283850652272
GSM6339599	GGCCTAATCGTCCTTA-1	20044	19957	820	4.862698277332424
GSM6339599	GGCCTAATCTGTAATG-1	20044	8395	433	3.8737244279969456
GSM6339599	GGCCTCTGTCCTAGTT-1	20044	1993	90	4.424464424464424
GSM6339599	GGCCTCTGTTCCTGAT-1	20044	13404	689	3.8869693441536697
GSM6339599	GGCCTCTGTTCGGTAA-1	20044	2585	98	5.270239964117516
GSM6339599	GGCCTTAAGCTCGCTT-1	20044	1485	40	7.417582417582418
GSM6339599	GGCCTTAAGCTGTACG-1	20044	11079	535	4.137544698292362
GSM6339599	GGCCTTAAGGATGATG-1	20044	13264	641	4.134399142199454
GSM6339599	GGCCTTAAGGTGAGAC-1	20044	377	21	3.586889301175016
GSM6339599	GGCCTTAAGTAACTCA-1	20044	10121	461	4.3865028680646905
GSM6339599	GGCCTTAAGTGGACAA-1	20044	1013	46	4.3999478782087476
GSM6339599	GGCCTTAAGTTAGTTG-1	20044	11495	529	4.341594133654625
GSM6339599	GGCCTTAAGTTTGGGT-1	20044	1106	49	4.509775938347366
GSM6339599	GGCCTTCGTACGCGCA-1	20044	11403	562	4.053953164273449
GSM6339599	GGCCTTCGTCCACAAA-1	20044	11418	499	4.571780924486335
GSM6339599	GGCCTTCGTTGACTTC-1	20044	9213	445	4.136537619683687
GSM6339599	GGCCTTCGTTGGATAT-1	20044	12915	549	4.700217814971913
GSM6339599	GGCCTTCGTTGTAAAC-1	20044	13533	627	4.312433977505748
GSM6339599	GGCCTTCGTTTGTGGA-1	20044	1805	68	5.303520009402361
GSM6339599	GGCGATACAACAGGTG-1	20044	6102	272	4.482282423458894
GSM6339599	GGCGATACAACCCTAA-1	20044	9664	420	4.597307454450311
GSM6339599	GGCGATACAGAAATGC-1	20044	11814	611	3.8632398697865145
GSM6339599	GGCGATACAGTTTGGC-1	20044	5153	254	4.053426888072557
GSM6339599	GGCGATACATAAACCT-1	20044	15099	669	4.509391953338141
GSM6339599	GGCGATACATAAGCAA-1	20044	2843	105	5.409828266971124
GSM6339599	GGCGATACATCCTAGA-1	20044	9852	467	4.21505689171642
GSM6339599	GGCGCTAGTACTGATG-1	20044	10825	489	4.422979883102583
GSM6339599	GGCGCTAGTCAACAAT-1	20044	5649	299	3.7748204972285238
GSM6339599	GGCGCTAGTCCTCCAA-1	20044	9066	342	5.296457928036875
GSM6339599	GGCGCTAGTGTTTGTC-1	20044	14041	688	4.077608438073554
GSM6339599	GGCGCTAGTTAAGGTT-1	20044	3044	132	4.607513698422789
GSM6339599	GGCGCTAGTTACTTCA-1	20044	432	17	5.077275665510959
GSM6339599	GGCGCTAGTTTGAGCA-1	20044	7266	326	4.453215496160282
GSM6339599	GGCGGTAAGCTCCCTG-1	20044	11098	481	4.609943071481534
GSM6339599	GGCGGTAAGGTACCGC-1	20044	469	17	5.512134923899629
GSM6339599	GGCGGTTTCACGCCAA-1	20044	9759	394	4.948858248350634
GSM6339599	GGCGGTTTCCTCACAC-1	20044	12259	608	4.028537252221462
GSM6339599	GGCGGTTTCCTGCGAA-1	20044	4753	193	4.920468132903366
GSM6339599	GGCGGTTTCCTGGTGA-1	20044	21693	945	4.586524586524587
GSM6339599	GGCGTTATCAAGTGAG-1	20044	10268	482	4.256324588274795
GSM6339599	GGCGTTATCCGTCCAT-1	20044	15436	706	4.368436096481423
GSM6339599	GGCGTTATCCTCACAC-1	20044	9412	433	4.343001109744758
GSM6339599	GGCGTTATCGATTCTT-1	20044	9637	461	4.176734328578147
GSM6339599	GGCGTTATCGGTCATG-1	20044	2932	112	5.2304838019123725
GSM6339599	GGCGTTATCGTTATCT-1	20044	10205	450	4.531024531024531
GSM6339599	GGCGTTATCTAATCAG-1	20044	11410	576	3.9578477078477077
GSM6339599	GGCGTTATCTTGCAGG-1	20044	5481	240	4.562937062937063
GSM6339599	GGCTAGACACTGGCTG-1	20044	10999	542	4.054616969746122
GSM6339599	GGCTAGTGTCATGAGC-1	20044	9516	475	4.002734107997266
GSM6339599	GGCTAGTGTGCAACTA-1	20044	10069	463	4.345114928268276
GSM6339599	GGCTATGTCACATTGA-1	20044	11985	554	4.322392409035008
GSM6339599	GGCTATGTCACCAATA-1	20044	9977	481	4.14429645198876
GSM6339599	GGCTATGTCGTCCTTA-1	20044	6987	290	4.8138068827724005
GSM6339599	GGCTATGTCTAAATCG-1	20044	12219	520	4.694920464151234
GSM6339599	GGCTATGTCTACTAAG-1	20044	9944	449	4.424973690007097
GSM6339599	GGCTATGTCTTGAGGT-1	20044	3901	163	4.781721346138524
GSM6339599	GGCTATTAGGCTACAT-1	20044	772	35	4.407021549878693
GSM6339599	GGCTATTAGGCTAGAA-1	20044	9438	445	4.237560192616372
GSM6339599	GGCTCAATCAAACTCA-1	20044	10668	476	4.47787506611036
GSM6339599	GGCTCAATCGCCTAAG-1	20044	9058	453	3.995121875916577
GSM6339599	GGCTCAATCGCTAGAT-1	20044	13502	662	4.075078999550298
GSM6339599	GGCTCACAGTTATTCC-1	20044	2575	101	5.0939159850050935
GSM6339599	GGCTGAGAGAATCTCA-1	20044	2658	98	5.4190707251931745
GSM6339599	GGCTGAGAGAGAGGCT-1	20044	3351	147	4.5546290444249635
GSM6339599	GGCTGAGAGCCTGAGC-1	20044	12497	556	4.490832908099096
GSM6339599	GGCTGGTTCTTGATGA-1	20044	848	28	6.051091765377479
GSM6339599	GGCTGTCAGATAAAGC-1	20044	1304	45	5.78976578976579
GSM6339599	GGCTGTCAGCAAACCT-1	20044	13855	684	4.0471224681750995
GSM6339599	GGCTGTCAGGAAGTAT-1	20044	4203	202	4.157228909704157
GSM6339599	GGCTGTCAGGACCTCA-1	20044	1499	70	4.27857856429285
GSM6339599	GGCTGTCAGTAGCCAT-1	20044	10447	455	4.587500411676237
GSM6339599	GGCTGTCAGTCACTCC-1	20044	10868	502	4.325554923164486
GSM6339599	GGCTTAAGTAGTAAGA-1	20044	10882	432	5.032930032930032
GSM6339599	GGCTTAAGTATTGCAG-1	20044	6751	299	4.51120785568946
GSM6339599	GGCTTAAGTGCATTTC-1	20044	9416	409	4.599801176818292
GSM6339599	GGCTTAAGTTGCACAA-1	20044	1042	61	3.41298046216079
GSM6339599	GGCTTAAGTTTAAAGC-1	20044	14405	681	4.2263170016473985
GSM6339599	GGCTTCAAGGAGGCAT-1	20044	12806	718	3.5635673518681874
GSM6339599	GGCTTCAAGGTTACGT-1	20044	14256	639	4.457514316669246
GSM6339599	GGCTTCAAGTAGCCAT-1	20044	15765	784	4.0176660074619255
GSM6339599	GGGAATATCACTCAAA-1	20044	5298	222	4.768204768204768
GSM6339599	GGGAATATCATAACCA-1	20044	10339	450	4.59052059052059
GSM6339599	GGGAATATCATTTGCT-1	20044	13789	659	4.180644848323149
GSM6339599	GGGAATATCCAAATCA-1	20044	1001	59	3.3898305084745766
GSM6339599	GGGAATATCGATAACC-1	20044	13255	658	4.024850529409799
GSM6339599	GGGAGTAGTAATCGGC-1	20044	716	29	4.932998036446312
GSM6339599	GGGAGTAGTACAATGT-1	20044	1682	62	5.420386065547356
GSM6339599	GGGAGTAGTACCAGGT-1	20044	1428	62	4.601849763140086
GSM6339599	GGGAGTAGTATTTGCC-1	20044	3262	144	4.526029526029526
GSM6339599	GGGAGTAGTGATGGCT-1	20044	421	23	3.657212352864527
GSM6339599	GGGAGTAGTGTCACGG-1	20044	1128	54	4.173604173604174
GSM6339599	GGGAGTAGTTAATGCG-1	20044	4088	188	4.344591578634132
GSM6339599	GGGAGTAGTTGGATAT-1	20044	611	18	6.782106782106782
GSM6339599	GGGATAATCCTCCATA-1	20044	304	15	4.049284049284049
GSM6339599	GGGATTAAGAAAGGAA-1	20044	8059	373	4.316862761902976
GSM6339599	GGGATTAAGCGAGGTG-1	20044	11192	521	4.292061105880684
GSM6339599	GGGATTAAGCGCCTTT-1	20044	6921	283	4.886279797940575
GSM6339599	GGGATTAAGGAATAAC-1	20044	13128	577	4.545887388175084
GSM6339599	GGGATTAAGGCAGGTG-1	20044	8755	400	4.373126873126873
GSM6339599	GGGATTAAGGCCAATT-1	20044	10437	513	4.064940907046171
GSM6339599	GGGATTAAGGCGCATC-1	20044	1147	53	4.323977908883569
GSM6339599	GGGATTAAGTGTTGTA-1	20044	2749	118	4.654667366531774
GSM6339599	GGGCAATAGCCGCTTT-1	20044	4575	183	4.995004995004995
GSM6339599	GGGCAATAGTAACTCA-1	20044	14905	746	3.9919865657131073
GSM6339599	GGGCAATAGTGAGGTA-1	20044	11777	517	4.55134807165755
GSM6339599	GGGCAATAGTTAACCA-1	20044	18199	876	4.150871959091138
GSM6339599	GGGCATGAGAACCTAC-1	20044	10879	520	4.180050718512257
GSM6339599	GGGCATGAGAGGAGTC-1	20044	6619	345	3.833268181094268
GSM6339599	GGGCATGAGCACGATT-1	20044	10116	398	5.078338746680455
GSM6339599	GGGCATGAGCTCCTAC-1	20044	11112	475	4.674062779325937
GSM6339599	GGGCATGAGGGACGCA-1	20044	10646	524	4.059299479146807
GSM6339599	GGGCATGAGTCCTTCA-1	20044	9042	395	4.573654193907358
GSM6339599	GGGCATGAGTGGACAA-1	20044	1738	61	5.692667987749955
GSM6339599	GGGCATTGTAACCACA-1	20044	12132	601	4.033237976665598
GSM6339599	GGGCATTGTAACTACG-1	20044	9512	464	4.095904095904096
GSM6339599	GGGCATTGTCGTAATG-1	20044	462	26	3.5502958579881656
GSM6339599	GGGCATTGTTAGGCGT-1	20044	9642	392	4.914473281820221
GSM6339599	GGGCATTGTTCCATTA-1	20044	402	23	3.492160013899144
GSM6339599	GGGCATTGTTCCGCAC-1	20044	3385	158	4.280529596985293
GSM6339599	GGGCCTAGTGTTGTAG-1	20044	15530	614	5.053578343480623
GSM6339599	GGGCCTAGTTACAAAC-1	20044	10019	430	4.655344655344655
GSM6339599	GGGCGAATCACAGCGC-1	20044	10322	546	3.777175205746634
GSM6339599	GGGCGAATCTGTTCAT-1	20044	10392	536	3.8737382020964106
GSM6339599	GGGCTAACAAATGCCC-1	20044	10929	470	4.645992305566774
GSM6339599	GGGCTAACAATAATCC-1	20044	7456	323	4.612106160093776
GSM6339599	GGGCTAACAATCATGT-1	20044	12067	525	4.59236002093145
GSM6339599	GGGCTAACAGCTACGT-1	20044	1566	55	5.688856597947507
GSM6339599	GGGCTAACAGGCATCT-1	20044	10582	446	4.740550928891736
GSM6339599	GGGCTAACAGTAATAG-1	20044	6107	283	4.3115894706000715
GSM6339599	GGGCTAACATCCATCT-1	20044	10582	466	4.5370938074800735
GSM6339599	GGGCTAACATTAGGTT-1	20044	9934	421	4.7145253796085145
GSM6339599	GGGTATTTCATGGTTA-1	20044	1864	93	4.00459755298465
GSM6339599	GGGTATTTCATTATGG-1	20044	960	29	6.614075579592821
GSM6339599	GGGTATTTCTTGCATT-1	20044	3294	171	3.848782796151217
GSM6339599	GGGTCAACACAAACTT-1	20044	11831	513	4.607867765762502
GSM6339599	GGGTCAACACATACTG-1	20044	9158	384	4.76502664002664
GSM6339599	GGGTCAACAGTTAAAG-1	20044	6007	255	4.706665883136472
GSM6339599	GGGTCAACATAAACCT-1	20044	12395	597	4.148280530190078
GSM6339599	GGGTCAACATACTCCT-1	20044	1581	82	3.8522453156599497
GSM6339599	GGGTCACTCAAGCTAC-1	20044	12657	579	4.367653072316284
GSM6339599	GGGTCACTCCCGCATT-1	20044	13285	672	3.9499191284905573
GSM6339599	GGGTCACTCGATTTGA-1	20044	9597	437	4.387831847786081
GSM6339599	GGGTCACTCGGGCCAT-1	20044	12084	558	4.326855939759166
GSM6339599	GGGTGAAGTATTTGGG-1	20044	2920	149	3.9155475397086135
GSM6339599	GGGTGTTGTATTGTGG-1	20044	1596	66	4.831532104259376
GSM6339599	GGGTGTTGTGAAACAA-1	20044	7739	349	4.430526493563742
GSM6339599	GGGTGTTGTTTAACCC-1	20044	554	25	4.427572427572428
GSM6339599	GGGTGTTGTTTCCGGC-1	20044	13114	668	3.922424880508713
GSM6339599	GGGTGTTGTTTGGCTT-1	20044	10445	445	4.689692330141768
GSM6339599	GGGTTACGTATTGGAT-1	20044	10451	507	4.118563881877491
GSM6339599	GGGTTACGTCAAAGAA-1	20044	8255	367	4.4941434587211155
GSM6339599	GGGTTACGTGCTCCGT-1	20044	10443	417	5.003629464061119
GSM6339599	GGGTTACGTGCTGGTG-1	20044	2805	104	5.388841927303465
GSM6339599	GGGTTACGTTACTTCA-1	20044	9444	392	4.813553793145631
GSM6339599	GGGTTACGTTAGAGGG-1	20044	2239	116	3.8564883392469604
GSM6339599	GGGTTATTCAATCTAG-1	20044	9249	453	4.079364344265007
GSM6339599	GGGTTATTCACGCATG-1	20044	3723	146	5.094905094905095
GSM6339599	GGGTTATTCGAAGCGG-1	20044	772	31	4.975669491798524
GSM6339599	GGGTTATTCGCACACA-1	20044	8475	402	4.212205704743019
GSM6339599	GGGTTATTCTCACTCA-1	20044	4490	162	5.537672204338871
GSM6339599	GGGTTATTCTTGGATA-1	20044	11699	541	4.320633156122989
GSM6339599	GGGTTTCCAGGCTAAG-1	20044	9957	478	4.161946839771107
GSM6339599	GGGTTTCCAGTTAGCC-1	20044	11975	586	4.082947768954595
GSM6339599	GGGTTTCCATCGCTTT-1	20044	11039	555	3.9740439740439744
GSM6339599	GGGTTTCCATGGCCCA-1	20044	7338	309	4.744769793313483
GSM6339599	GGGTTTGTCAAAGGCA-1	20044	7886	286	5.509176138546769
GSM6339599	GGGTTTGTCAGTATTG-1	20044	3063	149	4.107302093879276
GSM6339599	GGGTTTGTCATCCTAT-1	20044	2756	116	4.746977160770265
GSM6339599	GGGTTTGTCATTAGCA-1	20044	10962	454	4.824250639228613
GSM6339599	GGGTTTGTCATTTGTC-1	20044	3815	147	5.185290899576614
GSM6339599	GGGTTTGTCTGGCATG-1	20044	5310	228	4.653241495346759
GSM6339599	GGGTTTGTCTTAAGTG-1	20044	2775	88	6.300517664154028
GSM6339599	GGTAAACCAAGGGTTG-1	20044	14546	717	4.053408237508656
GSM6339599	GGTAAACCACCGTTCC-1	20044	4062	170	4.774049479931833
GSM6339599	GGTAAACCAGGAACCA-1	20044	12196	602	4.047779463061856
GSM6339599	GGTAAACCAGGCTACT-1	20044	15780	803	3.926335184118497
GSM6339599	GGTAAACCAGGCTAGA-1	20044	5823	251	4.635205432018181
GSM6339599	GGTAAACCAGTTTGGC-1	20044	7973	358	4.449740203930148
GSM6339599	GGTAACCGTAGTTACG-1	20044	350	12	5.827505827505828
GSM6339599	GGTAACCGTCCTTTAA-1	20044	11744	521	4.503749609315828
GSM6339599	GGTAACCGTGACCTGG-1	20044	2234	94	4.748443046315387
GSM6339599	GGTAACCGTGTTTGAG-1	20044	946	57	3.315982263350685
GSM6339599	GGTAACCGTTATTGCC-1	20044	6300	256	4.916958041958042
GSM6339599	GGTAACTTCAGGAAGC-1	20044	12500	613	4.074229196578299
GSM6339599	GGTAACTTCCAGGTTG-1	20044	8099	298	5.4301403294691895
GSM6339599	GGTAACTTCTAAGTGC-1	20044	1428	57	5.00552079499448
GSM6339599	GGTAACTTCTACCTAT-1	20044	1459	67	4.350873007589425
GSM6339599	GGTAACTTCTGGCAAT-1	20044	11174	506	4.4121886019119225
GSM6339599	GGTAAGGGTAGGTTAT-1	20044	12943	658	3.9301124407507384
GSM6339599	GGTAAGGGTGTAATAC-1	20044	8120	376	4.314834102068144
GSM6339599	GGTAAGGGTTAGCAGC-1	20044	4495	199	4.5130748648336585
GSM6339599	GGTAAGGGTTAGCTGA-1	20044	7376	328	4.493067907702055
GSM6339599	GGTAAGGGTTGAATCG-1	20044	1287	66	3.896103896103896
GSM6339599	GGTAATTGTCATTACC-1	20044	9750	449	4.338645764035519
GSM6339599	GGTAATTGTCCTAACT-1	20044	17195	869	3.9534688556552773
GSM6339599	GGTAATTGTGCATCGG-1	20044	8377	374	4.475203940444581
GSM6339599	GGTAATTGTTAGAGGG-1	20044	9542	441	4.323114527196159
GSM6339599	GGTAATTGTTAGCTGA-1	20044	3325	155	4.28603654410106
GSM6339599	GGTAATTGTTGCAATG-1	20044	7246	369	3.9234478258868504
GSM6339599	GGTACAAAGGCGCTAC-1	20044	2037	82	4.963329353573257
GSM6339599	GGTACAAAGGTCCAAT-1	20044	3534	147	4.803359905400722
GSM6339599	GGTACAAAGTATTGTG-1	20044	885	35	5.052090766376481
GSM6339599	GGTACCGGTAGGTTTG-1	20044	12128	542	4.470805946820707
GSM6339599	GGTACCGGTATTGAGT-1	20044	14693	678	4.329888400684861
GSM6339599	GGTACCGGTCTTACTA-1	20044	12226	539	4.5320171479726215
GSM6339599	GGTACCGGTGATCATG-1	20044	716	41	3.4891937330961724
GSM6339599	GGTACCGGTTCGCTTG-1	20044	3759	117	6.419221803837189
GSM6339599	GGTACCGGTTTATCGC-1	20044	9714	444	4.371304371304371
GSM6339599	GGTACTAGTAACCACA-1	20044	12360	534	4.624588894251816
GSM6339599	GGTACTAGTAGCAGCT-1	20044	1267	63	4.018204018204019
GSM6339599	GGTACTTAGAACAAGT-1	20044	13350	647	4.1226161782576005
GSM6339599	GGTACTTAGCAACAAG-1	20044	825	33	4.995004995004995
GSM6339599	GGTACTTAGGCATGTT-1	20044	10268	418	4.908010649637444
GSM6339599	GGTACTTAGTTATGGC-1	20044	13367	690	3.8706221314916966
GSM6339599	GGTAGGAGTACCGTAA-1	20044	767	24	6.3852813852813854
GSM6339599	GGTAGGAGTGTGAGGA-1	20044	3144	147	4.273277742665497
GSM6339599	GGTAGGAGTTAAGGTT-1	20044	13443	631	4.256599185283813
GSM6339599	GGTAGGAGTTGGGTTA-1	20044	10406	487	4.269242051582914
GSM6339599	GGTATGTTCACATTGA-1	20044	1177	46	5.112279025322503
GSM6339599	GGTATGTTCTGGCTTC-1	20044	847	49	3.4536891679748822
GSM6339599	GGTATGTTCTTACTCG-1	20044	656	27	4.854404854404854
GSM6339599	GGTATGTTCTTAGCCC-1	20044	3661	173	4.228141800396136
GSM6339599	GGTATTGGTCATGCCC-1	20044	10813	523	4.130859580190364
GSM6339599	GGTATTGGTGCTGGTG-1	20044	7518	321	4.679432716815895
GSM6339599	GGTATTTCAATAGTCT-1	20044	8403	356	4.7160704464075245
GSM6339599	GGTATTTCAATTGCGC-1	20044	11714	531	4.407645085611188
GSM6339599	GGTATTTCACCCTCAC-1	20044	8277	358	4.61940294342529
GSM6339599	GGTATTTCAGAGGCTA-1	20044	17572	913	3.845442618717536
GSM6339599	GGTATTTCAGCCTGCA-1	20044	8805	353	4.983684870370423
GSM6339599	GGTATTTCATCTAGCA-1	20044	10843	523	4.142320394710452
GSM6339599	GGTCAAGCAAATTCGT-1	20044	684	32	4.27072927072927
GSM6339599	GGTCAAGCACCTGCCT-1	20044	3794	112	6.768231768231768
GSM6339599	GGTCAAGCAGCCAGTT-1	20044	11782	588	4.003479513683596
GSM6339599	GGTCAAGCAGGCTTCG-1	20044	9977	435	4.5825438928887205
GSM6339599	GGTCAAGCAGGTTTGC-1	20044	1294	47	5.5008820966267775
GSM6339599	GGTCAAGCAGTTATGT-1	20044	1261	52	4.845154845154846
GSM6339599	GGTCAAGCATGAAATG-1	20044	5667	273	4.147500850797554
GSM6339599	GGTCAATTCATAAGCC-1	20044	3168	140	4.521193092621664
GSM6339599	GGTCAATTCATGTGGT-1	20044	6877	299	4.595404595404595
GSM6339599	GGTCAATTCCACCTTA-1	20044	5790	251	4.608936879853215
GSM6339599	GGTCAATTCCCATAGG-1	20044	9374	358	5.231639868511377
GSM6339599	GGTCAATTCGGGACCT-1	20044	10347	493	4.193372550370523
GSM6339599	GGTCAATTCTACCTCA-1	20044	505	18	5.605505605505606
GSM6339599	GGTCAATTCTTGGACG-1	20044	3866	154	5.015763457321899
GSM6339599	GGTCAGGAGGCGTAAA-1	20044	9488	396	4.787132059859333
GSM6339599	GGTCAGGAGTAACAGG-1	20044	9209	346	5.317803583699537
GSM6339599	GGTCATTAGATGCCTG-1	20044	13658	760	3.5906199064093802
GSM6339599	GGTCATTAGCACTAAC-1	20044	5843	263	4.438907100504059
GSM6339599	GGTCATTAGGAGGACT-1	20044	2032	105	3.8666095808952954
GSM6339599	GGTCCATCACCTGCTC-1	20044	8246	366	4.501509419542207
GSM6339599	GGTCCATCATAACGGG-1	20044	1324	44	6.012169648533285
GSM6339599	GGTCCATCATTGCAGC-1	20044	965	41	4.70261445871202
GSM6339599	GGTCCGTAGACACTTA-1	20044	7060	346	4.076848007483846
GSM6339599	GGTCCGTAGCCTGGTA-1	20044	802	32	5.007492507492507
GSM6339599	GGTCCGTAGCTTCCCG-1	20044	8554	402	4.251469923111714
GSM6339599	GGTCCGTAGGTGCTGC-1	20044	11440	460	4.9689440993788825
GSM6339599	GGTCCTGCACGGTACT-1	20044	9684	426	4.541936936303133
GSM6339599	GGTCCTGCAGATTCAT-1	20044	13149	717	3.664118308469773
GSM6339599	GGTCCTGCAGCATGTC-1	20044	10958	460	4.759588237849108
GSM6339599	GGTCCTGCAGTAATAG-1	20044	7325	287	5.0994301865382
GSM6339599	GGTCCTGCATTGTGAT-1	20044	16408	813	4.032375988095544
GSM6339599	GGTCGGTTCAGCAAAG-1	20044	14126	809	3.488723884273946
GSM6339599	GGTCGGTTCATGGCTG-1	20044	10337	529	3.904224320103337
GSM6339599	GGTCGGTTCCCTCACG-1	20044	12171	565	4.3040145695012955
GSM6339599	GGTCGGTTCCTGATTT-1	20044	15050	993	3.0281903393685874
GSM6339599	GGTCGGTTCTCCTCTT-1	20044	10403	445	4.6708347831943335
GSM6339599	GGTCTTGAGGGTCTAT-1	20044	6510	292	4.454449659929112
GSM6339599	GGTCTTGAGGTCAAAG-1	20044	11315	555	4.073404073404074
GSM6339599	GGTCTTTGTCATCAAG-1	20044	13346	688	3.8757753874032943
GSM6339599	GGTCTTTGTGCGCATG-1	20044	12342	590	4.179549264295027
GSM6339599	GGTCTTTGTGTTAGCA-1	20044	3102	125	4.958241758241758
GSM6339599	GGTCTTTGTGTTTGTC-1	20044	8259	344	4.796947238807705
GSM6339599	GGTGAGCCAAATTGCT-1	20044	3718	172	4.318936877076412
GSM6339599	GGTGAGCCAACAGGAT-1	20044	10565	492	4.290425022132339
GSM6339599	GGTGAGCCAAGGATTA-1	20044	10783	434	4.964160263699434
GSM6339599	GGTGAGCCACTGACCG-1	20044	7941	333	4.764604764604765
GSM6339599	GGTGAGCCAGGCTTGT-1	20044	2580	127	4.058933192791461
GSM6339599	GGTGAGCCAGTTGCGT-1	20044	384	17	4.51313392489863
GSM6339599	GGTGAGCCATAGACTT-1	20044	13671	594	4.598431871159144
GSM6339599	GGTGAGGTCCCGCATT-1	20044	13742	645	4.256828442874954
GSM6339599	GGTGAGGTCGCTAGTG-1	20044	968	61	3.1705998919113676
GSM6339599	GGTGAGTAGAACCTGT-1	20044	6086	262	4.6411603663512055
GSM6339599	GGTGAGTAGCATGACT-1	20044	12816	622	4.116783538005403
GSM6339599	GGTGAGTAGCCATCAG-1	20044	9422	453	4.155667731826672
GSM6339599	GGTGAGTAGCTCCTTA-1	20044	12641	661	3.820989902684305
GSM6339599	GGTGAGTAGGTAACGA-1	20044	7853	381	4.118191519766323
GSM6339599	GGTGAGTAGGTCTTGG-1	20044	9046	413	4.376253286664909
GSM6339599	GGTGAGTAGTGAAGTG-1	20044	2462	104	4.729885499116268
GSM6339599	GGTGATTTCACAGACT-1	20044	9121	361	5.048137458109757
GSM6339599	GGTGATTTCAGCATTA-1	20044	16362	706	4.63049698177177
GSM6339599	GGTGATTTCCTCAGCT-1	20044	10993	484	4.5380239595115635
GSM6339599	GGTGCTGGTACTTAGG-1	20044	9208	428	4.298505233084672
GSM6339599	GGTGCTGGTGGATTCA-1	20044	5635	245	4.595404595404595
GSM6339599	GGTGCTGGTGGTTAGC-1	20044	13272	554	4.7865491908813205
GSM6339599	GGTGCTGGTGTTTGTC-1	20044	5993	250	4.78961038961039
GSM6339599	GGTGCTGGTTAGGATT-1	20044	5549	286	3.8765430373821985
GSM6339599	GGTGCTTCAAACAACA-1	20044	2790	123	4.532053312541118
GSM6339599	GGTGCTTCAAACCTTG-1	20044	11199	518	4.3196186053328915
GSM6339599	GGTGCTTCAAAGCCTC-1	20044	424	17	4.983252042075571
GSM6339599	GGTGCTTCAATTAGGA-1	20044	12987	662	3.919645309373406
GSM6339599	GGTGCTTCACAGCCTG-1	20044	6590	263	5.006400443662801
GSM6339599	GGTGCTTCAGAGAGCC-1	20044	4873	226	4.308081299231742
GSM6339599	GGTGCTTCAGGCCATT-1	20044	19163	808	4.738578253429739
GSM6339599	GGTGCTTCATGCTCCC-1	20044	7532	324	4.644737978071311
GSM6339599	GGTGTCCAGCAATAGG-1	20044	1436	48	5.977355977355978
GSM6339599	GGTGTCCAGCATGCAT-1	20044	13827	614	4.499409385402871
GSM6339599	GGTGTCCAGCCTTAAA-1	20044	14022	718	3.901947634538164
GSM6339599	GGTGTCCAGCGGCTGT-1	20044	954	30	6.353646353646354
GSM6339599	GGTGTCCAGCTTTGGG-1	20044	12307	526	4.674792887720645
GSM6339599	GGTGTCCAGTCACTCC-1	20044	2693	120	4.483849483849484
GSM6339599	GGTGTCCAGTTCCCAC-1	20044	3082	156	3.9473347165654853
GSM6339599	GGTGTGACAAGGTGGC-1	20044	5272	258	4.082738966459897
GSM6339599	GGTGTGACACCCACAG-1	20044	4397	182	4.827041090777355
GSM6339599	GGTGTGACACGAATTT-1	20044	1813	112	3.234265734265734
GSM6339599	GGTGTGACACGGTTTA-1	20044	2751	113	4.864162386286281
GSM6339599	GGTGTGACATACTCCT-1	20044	3205	158	4.052909116200255
GSM6339599	GGTGTGACATCATGTG-1	20044	6992	297	4.703713794622885
GSM6339599	GGTGTTGTCAGGAACA-1	20044	11076	455	4.863707720850578
GSM6339599	GGTGTTGTCATGAGCT-1	20044	1382	59	4.68006569701485
GSM6339599	GGTGTTGTCCCTCGCA-1	20044	12269	568	4.315754667867344
GSM6339599	GGTGTTGTCCTCCATA-1	20044	15003	736	4.072829344568475
GSM6339599	GGTGTTGTCGATTATG-1	20044	10226	479	4.265463138114495
GSM6339599	GGTGTTGTCGCTATGG-1	20044	15778	734	4.294887673634268
GSM6339599	GGTGTTGTCTTGGATA-1	20044	9206	419	4.389882194178137
GSM6339599	GGTTAATGTAAGGTTT-1	20044	2449	107	4.572997096361582
GSM6339599	GGTTAATGTATTGTGG-1	20044	4723	186	5.073421202453461
GSM6339599	GGTTAATGTGGGAACA-1	20044	4219	172	4.900913040447924
GSM6339599	GGTTAATGTGTTCCCA-1	20044	4158	169	4.915794264906691
GSM6339599	GGTTAATGTTAACAGT-1	20044	12892	541	4.7612276817452415
GSM6339599	GGTTACCCAAACAACA-1	20044	10127	465	4.351347577154028
GSM6339599	GGTTACCCAAGGCCAA-1	20044	20486	916	4.468457306885254
GSM6339599	GGTTACCCACCGGCTA-1	20044	1384	56	4.937919223633509
GSM6339599	GGTTACCCACTTACAG-1	20044	13266	575	4.609651218346871
GSM6339599	GGTTACCCATATTGAC-1	20044	2082	67	6.20871665647785
GSM6339599	GGTTACCCATTGCGAC-1	20044	10558	466	4.526803668434569
GSM6339599	GGTTACTAGAGAAGGG-1	20044	399	15	5.314685314685315
GSM6339599	GGTTACTAGCTCATAA-1	20044	1038	35	5.925503068360212
GSM6339599	GGTTACTAGTATTGTG-1	20044	4584	178	5.1454163813714375
GSM6339599	GGTTAGCGTAACCAGC-1	20044	4253	228	3.726974779606359
GSM6339599	GGTTAGCGTAGCCTCC-1	20044	5900	302	3.9033813868250955
GSM6339599	GGTTAGCGTCTAACAG-1	20044	11113	534	4.158014270373822
GSM6339599	GGTTAGCGTCTTACTA-1	20044	10157	471	4.308642525203035
GSM6339599	GGTTAGCGTTACGCAA-1	20044	1983	64	6.190684315684316
GSM6339599	GGTTATATCCACCCTG-1	20044	5109	224	4.557050092764378
GSM6339599	GGTTATATCCCGAAGC-1	20044	4991	244	4.0868967098475295
GSM6339599	GGTTATATCCCTCAAC-1	20044	10239	531	3.852644530610633
GSM6339599	GGTTATATCTCAATAG-1	20044	571	28	4.074496931639788
GSM6339599	GGTTATATCTTAGCGG-1	20044	6761	342	3.949851318272371
GSM6339599	GGTTATGGTCAAAGAA-1	20044	7851	332	4.724793279010147
GSM6339599	GGTTATGGTCCGGTTC-1	20044	5233	202	5.176012106705175
GSM6339599	GGTTATGGTCGCATAA-1	20044	850	35	4.852290566576281
GSM6339599	GGTTATGGTGAGACTC-1	20044	10428	398	5.23496603898614
GSM6339599	GGTTATGGTTCACCAT-1	20044	3206	118	5.428469835249497
GSM6339599	GGTTCCCGTCCTAAGA-1	20044	3851	163	4.720432941291837
GSM6339599	GGTTCCCGTTCACTGT-1	20044	3813	133	5.728106479986179
GSM6339599	GGTTCCCGTTTCCGGC-1	20044	17254	753	4.578157566205375
GSM6339599	GGTTCTTGTCCTAACT-1	20044	9334	424	4.398431756922323
GSM6339599	GGTTCTTGTTAACACG-1	20044	4200	141	5.951495313197441
GSM6339599	GGTTCTTGTTACAAAC-1	20044	8212	334	4.912452816644434
GSM6339599	GGTTCTTGTTGGCCGA-1	20044	13426	679	3.9506884867709613
GSM6339599	GGTTCTTGTTTAGCTC-1	20044	11108	483	4.594990930394657
GSM6339599	GGTTGACGTCAAGACC-1	20044	2953	153	3.8562744445097388
GSM6339599	GGTTGACGTCCTAAGA-1	20044	1347	50	5.382617382617383
GSM6339599	GGTTGACGTGGGAACA-1	20044	1570	61	5.142398585021536
GSM6339599	GGTTGACGTTTGGGTA-1	20044	4774	231	4.129204129204129
GSM6339599	GGTTGAGCATAGGCGA-1	20044	12056	592	4.068904068904069
GSM6339599	GGTTGCATCAATTGGC-1	20044	1673	75	4.456876456876457
GSM6339599	GGTTGCATCACCAATA-1	20044	11226	572	3.921253571603222
GSM6339599	GGTTGCATCCGCAAGC-1	20044	10436	515	4.048766767213369
GSM6339599	GGTTGCATCCGTGACA-1	20044	655	26	5.0334281103511875
GSM6339599	GGTTGCATCCTAGTCC-1	20044	18139	1012	3.581201407288364
GSM6339599	GGTTGCATCTAATTGG-1	20044	13158	651	4.038357955408647
GSM6339599	GGTTGCATCTCTAGCC-1	20044	8791	320	5.488886113886113
GSM6339599	GGTTGCATCTTAGGAC-1	20044	5992	263	4.552101890504932
GSM6339599	GGTTGCGGTTAATGCG-1	20044	13237	624	4.238389815312892
GSM6339599	GGTTGCGGTTAGAGCC-1	20044	11538	525	4.391037533894677
GSM6339599	GGTTGGTGTACGGGTT-1	20044	1376	74	3.7152037152037156
GSM6339599	GGTTGGTGTGGACCTG-1	20044	13063	547	4.771462541115192
GSM6339599	GGTTGGTGTTCCAGGG-1	20044	12820	605	4.233782746179441
GSM6339599	GGTTTAATCATAATCG-1	20044	12507	609	4.103285876684891
GSM6339599	GGTTTAATCGCGCTAA-1	20044	6946	342	4.057930373719848
GSM6339599	GGTTTCCTCACCGGTA-1	20044	12627	542	4.654754839256684
GSM6339599	GGTTTCCTCGTTACAA-1	20044	11225	494	4.539994418536929
GSM6339599	GGTTTCCTCTATTGTC-1	20044	11255	529	4.2509475401724925
GSM6339599	GGTTTCCTCTCGCCTG-1	20044	5510	220	5.00408682226864
GSM6339599	GGTTTCTGTAACCAGC-1	20044	1936	102	3.7922861452273215
GSM6339599	GGTTTGTAGCATTATG-1	20044	11888	520	4.567739952355336
GSM6339599	GGTTTGTAGCGCCTTT-1	20044	13313	613	4.339217063523752
GSM6339599	GGTTTGTAGTAGGCGG-1	20044	8170	395	4.132576284475019
GSM6339599	GGTTTGTAGTTCCCAC-1	20044	5325	215	4.948539832260763
GSM6339599	GTAAAGCCACATGCTA-1	20044	21571	995	4.33154784913579
GSM6339599	GTAAAGCCAGTTGCGT-1	20044	578	30	3.8494838494838497
GSM6339599	GTAAGCAAGCATCCAG-1	20044	11099	534	4.152776062888423
GSM6339599	GTAAGCAAGCGATAAG-1	20044	12294	576	4.264485514485515
GSM6339599	GTAAGCGCAAAGGTAC-1	20044	5837	270	4.319384319384319
GSM6339599	GTAAGCGCAACTGGCT-1	20044	11721	532	4.4019889884551535
GSM6339599	GTAAGCGCAGAAATTG-1	20044	11250	512	4.390141108891108
GSM6339599	GTAAGCGCAGGACCTT-1	20044	14806	680	4.350355526826116
GSM6339599	GTAAGCGCATAAGCAA-1	20044	10566	480	4.398101898101898
GSM6339599	GTAAGCTTCATAGACC-1	20044	11636	482	4.823392375259595
GSM6339599	GTAAGCTTCCATCAGG-1	20044	11271	515	4.3727146639768
GSM6339599	GTAAGCTTCCTCGATC-1	20044	8564	401	4.267054641119479
GSM6339599	GTAAGGTCATAAGCAA-1	20044	10261	510	4.019901666960491
GSM6339599	GTAATAGCACAATACT-1	20044	2415	110	4.38652256834075
GSM6339599	GTACAATGTCCCGAAG-1	20044	15487	707	4.376670006090091
GSM6339599	GTACAATGTGCGCGTA-1	20044	11441	487	4.693868759577178
GSM6339599	GTACAATGTGGATGTC-1	20044	8163	364	4.480684151013821
GSM6339599	GTACAATGTGTTGCTT-1	20044	21481	929	4.619922596241219
GSM6339599	GTACAATGTTTGAGGC-1	20044	10638	452	4.7023772687489505
GSM6339599	GTACACCCACTGGCCA-1	20044	9973	428	4.655624749082692
GSM6339599	GTACACCCATCCAGGT-1	20044	12142	509	4.766157221952899
GSM6339599	GTACACCCATTAAACC-1	20044	7099	297	4.7756956847865935
GSM6339599	GTACCGGGTAAGCTTG-1	20044	8445	399	4.228853852914003
GSM6339599	GTACCGGGTACAAAGA-1	20044	2164	71	6.0896849629244
GSM6339599	GTACCGGGTCAATAGT-1	20044	6997	373	3.7479946327131315
GSM6339599	GTACCGGGTCATGAGC-1	20044	8333	373	4.463632881863444
GSM6339599	GTACCGGGTCCTAATC-1	20044	10518	527	3.9876631906992444
GSM6339599	GTACCGGGTTTGGGTA-1	20044	3889	161	4.826229670950168
GSM6339599	GTACCTTGTACAATGT-1	20044	323	11	5.866860412314958
GSM6339599	GTACCTTGTGTGCACG-1	20044	1827	54	6.75990675990676
GSM6339599	GTACCTTGTGTGTGGT-1	20044	9301	448	4.148084058798344
GSM6339599	GTACGTAGTATGGTGC-1	20044	9578	461	4.151163370252307
GSM6339599	GTACGTAGTCATGCAA-1	20044	12894	725	3.553412105136243
GSM6339599	GTACGTAGTGAAACAA-1	20044	11181	523	4.271445571636776
GSM6339599	GTACGTAGTGATTTGG-1	20044	13006	576	4.511460761460762
GSM6339599	GTACGTAGTGCCTCAC-1	20044	9228	373	4.943046229909501
GSM6339599	GTACGTAGTGGATGTC-1	20044	11491	481	4.773189388574004
GSM6339599	GTACGTAGTGGTGAGA-1	20044	13256	620	4.271857175082982
GSM6339599	GTACGTAGTTGAGGTC-1	20044	6390	270	4.728604728604728
GSM6339599	GTACGTAGTTTACTTG-1	20044	15495	750	4.127872127872128
GSM6339599	GTACTAATCCCGAACA-1	20044	8645	386	4.474799811587377
GSM6339599	GTACTAATCCCTCACG-1	20044	8733	360	4.846819846819847
GSM6339599	GTACTAATCCTAGTTT-1	20044	374	26	2.8740490278951816
GSM6339599	GTACTAATCGTTAGCG-1	20044	11723	471	4.9729463742202595
GSM6339599	GTACTAATCTATCGCC-1	20044	10363	442	4.684455815677535
GSM6339599	GTACTAATCTTTGAGA-1	20044	9462	365	5.179478056190385
GSM6339599	GTACTAGGTCAAAGGG-1	20044	7925	323	4.902218524509546
GSM6339599	GTACTGGTCAGGTCCA-1	20044	6957	270	5.1481851481851475
GSM6339599	GTACTGGTCATTGTTC-1	20044	9298	421	4.412689448318902
GSM6339599	GTACTGGTCCAGGTTG-1	20044	8499	353	4.810486963461468
GSM6339599	GTACTTAAGCGCCTTT-1	20044	11684	559	4.176145857720098
GSM6339599	GTACTTAAGCTATTAG-1	20044	10859	537	4.040280017933649
GSM6339599	GTACTTAAGCTCCTTA-1	20044	1690	77	4.385225164445943
GSM6339599	GTACTTAAGCTGTCAG-1	20044	18765	855	4.385088595614911
GSM6339599	GTACTTAAGCTTTGGG-1	20044	10050	440	4.5636181999818355
GSM6339599	GTACTTAAGGCTTAAC-1	20044	10899	441	4.937919223633509
GSM6339599	GTACTTCGTAAGGTTT-1	20044	3513	142	4.942944379564098
GSM6339599	GTACTTCGTCATCAAG-1	20044	12277	569	4.310979003421886
GSM6339599	GTACTTCGTTGCACGG-1	20044	10875	483	4.498606983079033
GSM6339599	GTAGCCATCCCGAACA-1	20044	1264	47	5.3733500542011186
GSM6339599	GTAGCCATCGAGGTGG-1	20044	3570	130	5.486820871436255
GSM6339599	GTAGCGCTCACGAATC-1	20044	16780	806	4.15961210005875
GSM6339599	GTAGCGCTCATGGTGT-1	20044	1359	65	4.1773611004380236
GSM6339599	GTAGCGCTCATTGTCT-1	20044	11510	600	3.832833832833833
GSM6339599	GTAGCGCTCCGGTTGA-1	20044	16026	841	3.807369800235436
GSM6339599	GTAGCTGTCAAGCCTG-1	20044	10814	525	4.115503544074973
GSM6339599	GTAGCTGTCATAACGC-1	20044	11698	560	4.173683459397745
GSM6339599	GTAGCTGTCGAAGTGA-1	20044	9647	467	4.127350165894063
GSM6339599	GTAGCTGTCTCAATAG-1	20044	7548	318	4.742427383936818
GSM6339599	GTAGCTGTCTCACAAA-1	20044	13034	595	4.376799670917318
GSM6339599	GTAGGAGGTGAGACTC-1	20044	15613	724	4.308674750663701
GSM6339599	GTAGGAGGTTACAAAC-1	20044	8417	373	4.508628101121399
GSM6339599	GTAGGAGGTTGCGGAT-1	20044	6477	276	4.6887894713981675
GSM6339599	GTAGGATCAAGCGAGC-1	20044	9099	396	4.590863681772773
GSM6339599	GTAGGATCAATAGCCC-1	20044	3440	119	5.775736868173843
GSM6339599	GTAGGATCAATAGTCT-1	20044	8138	375	4.335930735930735
GSM6339599	GTAGGATCACTAAGCC-1	20044	11077	500	4.426373626373627
GSM6339599	GTAGGATCAGGCTGTT-1	20044	9282	387	4.792107117688513
GSM6339599	GTAGGATCATAATCGT-1	20044	8129	396	4.1014541014541015
GSM6339599	GTAGGATCATTAAACC-1	20044	364	31	2.346041055718475
GSM6339599	GTAGGCGAGCATGGTT-1	20044	7974	351	4.539050692896847
GSM6339599	GTAGGCGAGCCGCAAC-1	20044	11531	507	4.544173774943006
GSM6339599	GTAGGCGAGCCTGACA-1	20044	12025	591	4.065308633836553
GSM6339599	GTAGGCGAGGAGGCAT-1	20044	14827	605	4.8965910122934915
GSM6339599	GTAGGCGAGTCAATTG-1	20044	5609	218	5.140730828804223
GSM6339599	GTAGGCGAGTCGCAAT-1	20044	733	27	5.424205424205423
GSM6339599	GTAGGCGAGTTATGGC-1	20044	6973	308	4.523398679242835
GSM6339599	GTAGGTGCAAGGTAAC-1	20044	5241	224	4.674789496218067
GSM6339599	GTAGGTGCAAGTCGCT-1	20044	10786	531	4.058465075414228
GSM6339599	GTAGTTATCAATGAGG-1	20044	5557	278	3.9938478787399654
GSM6339599	GTAGTTATCACGCCAA-1	20044	8145	363	4.483120185599525
GSM6339599	GTAGTTATCGCTAAAC-1	20044	1954	76	5.136968294863032
GSM6339599	GTAGTTTCAATAATGG-1	20044	4143	169	4.898060519362295
GSM6339599	GTAGTTTCAATACTGT-1	20044	9436	340	5.545043192102016
GSM6339599	GTAGTTTCAATATGGA-1	20044	9334	376	4.959933683337939
GSM6339599	GTAGTTTCAGCAAGGC-1	20044	15617	773	4.0365843729362485
GSM6339599	GTAGTTTCAGGCTTCG-1	20044	11481	566	4.052837621742215
GSM6339599	GTAGTTTCAGTTTCTC-1	20044	13655	608	4.487289026762711
GSM6339599	GTAGTTTCATCCATCT-1	20044	6765	303	4.460885649004461
GSM6339599	GTATCGCCACAATGCC-1	20044	8116	280	5.79135150563722
GSM6339599	GTATCGCCACGTTACA-1	20044	1798	61	5.889192774438676
GSM6339599	GTATCGCCAGGCCTTG-1	20044	9641	447	4.309337195243236
GSM6339599	GTATCGCCATGGTTAT-1	20044	8748	376	4.648542946415287
GSM6339599	GTATGTGGTTACAACG-1	20044	778	39	3.9857578319116778
GSM6339599	GTATGTGGTTTGGTTC-1	20044	7095	406	3.4915823093162994
GSM6339599	GTATGTTCAATGCCCG-1	20044	7532	325	4.630446476600323
GSM6339599	GTATGTTCAGAAATGC-1	20044	5928	238	4.9765360689730445
GSM6339599	GTATGTTCAGTCTAAT-1	20044	607	18	6.737706737706738
GSM6339599	GTATTCAAGTAGCGCC-1	20044	9276	398	4.6566498827805365
GSM6339599	GTATTGATCAATCTCT-1	20044	1869	71	5.259529203191176
GSM6339599	GTATTGATCACTAAGC-1	20044	7247	287	5.045129086940934
GSM6339599	GTATTGATCATTACAG-1	20044	3441	109	6.307454013876032
GSM6339599	GTATTGATCCAATTAG-1	20044	3370	197	3.4179018950592552
GSM6339599	GTATTGATCCAGGAAA-1	20044	1449	69	4.195804195804196
GSM6339599	GTATTGATCCATAATG-1	20044	7264	381	3.809314045534518
GSM6339599	GTATTGCAGCACTTGG-1	20044	2221	100	4.437562437562438
GSM6339599	GTATTGCAGCCGGTAC-1	20044	8245	379	4.34657690594366
GSM6339599	GTATTGCAGCGAAGTA-1	20044	9597	412	4.6540837802973725
GSM6339599	GTATTGCAGCTGGAAA-1	20044	20883	879	4.746789047130344
GSM6339599	GTATTGCAGCTGGACC-1	20044	9111	360	5.056610056610057
GSM6339599	GTATTGCAGGAGTCTT-1	20044	11086	448	4.944162979877265
GSM6339599	GTATTGCAGTAACTCA-1	20044	13261	724	3.6596000684398473
GSM6339599	GTATTGTCACATTGCA-1	20044	8736	441	3.957946815089672
GSM6339599	GTATTGTCATGGCCTG-1	20044	9271	427	4.338050708074128
GSM6339599	GTATTGTCATGTGGGA-1	20044	15567	766	4.060430431187611
GSM6339599	GTATTGTCATTAAGTC-1	20044	13493	713	3.7810716632596018
GSM6339599	GTATTGTCATTGCGTA-1	20044	2838	123	4.610024122219245
GSM6339599	GTCAAACTCAAATCGC-1	20044	13714	673	4.0714115008320055
GSM6339599	GTCAAACTCCAACTGG-1	20044	8014	340	4.709408238820004
GSM6339599	GTCAATATCAATTGGC-1	20044	5952	274	4.340185362083172
GSM6339599	GTCAATATCACCTGTC-1	20044	11108	527	4.211348423872143
GSM6339599	GTCAATATCGCTAAAC-1	20044	1936	88	4.395604395604396
GSM6339599	GTCAGGCTCCCGCCTA-1	20044	12752	631	4.037800551271233
GSM6339599	GTCAGGCTCGCTAAGT-1	20044	396	20	3.9560439560439558
GSM6339599	GTCAGGCTCGTTAGCG-1	20044	5996	200	5.99000999000999
GSM6339599	GTCAGGCTCTCAATGA-1	20044	14142	710	3.9796822895414445
GSM6339599	GTCATCCTCCCTGGAA-1	20044	2347	147	3.190007271639925
GSM6339599	GTCATCCTCCTGTTCA-1	20044	9293	394	4.71254633691182
GSM6339599	GTCATCCTCTAACCAA-1	20044	1748	64	5.457042957042956
GSM6339599	GTCATGAGTAACCAGC-1	20044	5618	276	4.066947545208415
GSM6339599	GTCATGAGTAGCAGCT-1	20044	12666	649	3.8993364108926514
GSM6339599	GTCATGAGTCACGAAC-1	20044	9813	470	4.1715731077433205
GSM6339599	GTCATGAGTTGCATCT-1	20044	9304	429	4.33319594158755
GSM6339599	GTCATGCCAAAGGTAC-1	20044	11084	504	4.394018679732965
GSM6339599	GTCATGCCAACAGGAT-1	20044	13770	657	4.187593228689119
GSM6339599	GTCATGCCAAGGACCA-1	20044	11505	528	4.353600944510036
GSM6339599	GTCATGCCAATGCCCG-1	20044	11056	454	4.865618962535263
GSM6339599	GTCATGCCACCTATAG-1	20044	15388	753	4.083035158732369
GSM6339599	GTCATGCCACCTGCCT-1	20044	9215	370	4.976104976104976
GSM6339599	GTCATGCCAGGCTAAG-1	20044	10640	456	4.662004662004663
GSM6339599	GTCATTAAGATAGACG-1	20044	10792	486	4.436715547826658
GSM6339599	GTCATTAAGCCACATG-1	20044	4438	220	4.030514939605848
GSM6339599	GTCATTAAGGAAGTAT-1	20044	1949	86	4.528030109425458
GSM6339599	GTCATTAAGGCGAAAC-1	20044	11173	522	4.276566345531863
GSM6339599	GTCATTAAGGTGCGGA-1	20044	734	25	5.8661338661338664
GSM6339599	GTCCAAGTCAGTTCCC-1	20044	8822	371	4.751044104143835
GSM6339599	GTCCAAGTCATGCCTC-1	20044	1099	33	6.653952108497563
GSM6339599	GTCCAAGTCCCGTTTA-1	20044	413	20	4.125874125874126
GSM6339599	GTCCAAGTCCGTTATT-1	20044	1787	74	4.824904824904825
GSM6339599	GTCCAAGTCCTTCTAG-1	20044	3593	121	5.93291006514147
GSM6339599	GTCCAAGTCGGGCCAT-1	20044	9564	429	4.454286971769489
GSM6339599	GTCCAAGTCTATGACA-1	20044	6439	246	5.229729619973522
GSM6339599	GTCCAGGGTAAGCTCA-1	20044	11865	559	4.240839661233221
GSM6339599	GTCCAGGGTCACCTAT-1	20044	1751	79	4.4284829094955676
GSM6339599	GTCCAGGGTGAAACAA-1	20044	10433	532	3.9182621889388805
GSM6339599	GTCCAGGGTGCAACTA-1	20044	1800	72	4.995004995004995
GSM6339599	GTCCAGGGTGCTAGCG-1	20044	5029	226	4.445996481394712
GSM6339599	GTCCAGGGTGGTTAGC-1	20044	12200	560	4.352790067075782
GSM6339599	GTCCAGGGTTAGCTGA-1	20044	2740	105	5.213833785262357
GSM6339599	GTCCATTGTAAAGCGG-1	20044	11720	587	3.989196493455437
GSM6339599	GTCCATTGTCAATACG-1	20044	11207	513	4.364835943783312
GSM6339599	GTCCATTGTGTTTGCT-1	20044	11837	521	4.539414520220662
GSM6339599	GTCCATTGTTTGTTGC-1	20044	2571	126	4.076875505446934
GSM6339599	GTCCGTAAGATGCCTG-1	20044	2209	104	4.243833089986936
GSM6339599	GTCCGTAAGCAACATC-1	20044	11001	458	4.799131000004362
GSM6339599	GTCCGTAAGCGGATTT-1	20044	4238	174	4.866397969846246
GSM6339599	GTCCGTAAGGCCTGGT-1	20044	6900	292	4.7213060911691045
GSM6339599	GTCCGTAAGGCGGATG-1	20044	11072	470	4.706782579123004
GSM6339599	GTCCGTAAGTAACCAC-1	20044	5605	256	4.374531718281719
GSM6339599	GTCCGTAAGTTCCTCA-1	20044	18288	811	4.505482187356417
GSM6339599	GTCCGTAAGTTGGGCC-1	20044	8952	413	4.3307781806571155
GSM6339599	GTCCTAGAGCACCACA-1	20044	15292	716	4.267241138749518
GSM6339599	GTCCTAGAGGTACCGC-1	20044	9571	439	4.356008456236247
GSM6339599	GTCCTAGAGTACCGCA-1	20044	13148	603	4.356505849043162
GSM6339599	GTCCTAGAGTTGTCCC-1	20044	8808	412	4.271456698641164
GSM6339599	GTCCTCAGTCAACAAT-1	20044	8768	383	4.574016062266715
GSM6339599	GTCCTCAGTCGAAGTC-1	20044	13384	650	4.114039806347498
GSM6339599	GTCCTCAGTGACATAT-1	20044	9325	418	4.457265222815463
GSM6339599	GTCCTCAGTTACTTGC-1	20044	9933	482	4.1174593041812955
GSM6339599	GTCCTCAGTTTGTGGA-1	20044	15295	673	4.540778686395328
GSM6339599	GTCCTCCCAAGCTTTG-1	20044	11885	510	4.65612818553995
GSM6339599	GTCCTCCCAGGTTTGC-1	20044	6986	278	5.020878402173366
GSM6339599	GTCCTCCCAGTTGCGT-1	20044	5478	258	4.242269358548429
GSM6339599	GTCGAAGCAACCGCCA-1	20044	15347	656	4.674289125508638
GSM6339599	GTCGAAGCAACGTGCT-1	20044	14823	856	3.459857899110235
GSM6339599	GTCGAAGCAATAATGG-1	20044	3096	151	4.09656568596966
GSM6339599	GTCGAAGCAGACAAAC-1	20044	10051	465	4.318692060627544
GSM6339599	GTCGAAGCAGGCTGTT-1	20044	12880	557	4.620155428054889
GSM6339599	GTCGAAGCATTCCTCG-1	20044	8851	384	4.605290542790543
GSM6339599	GTCGAAGCATTGACAT-1	20044	9179	379	4.838960511783731
GSM6339599	GTCGAGGAGCTCCCTG-1	20044	13169	652	4.035535017130109
GSM6339599	GTCGAGGAGGAGGTTA-1	20044	10723	469	4.5681397493764235
GSM6339599	GTCGAGGAGGCATTGT-1	20044	9163	398	4.599922690374951
GSM6339599	GTCGAGGAGGGACGCA-1	20044	23298	1115	4.174838614300497
GSM6339599	GTCGAGGAGTTATCCT-1	20044	6592	290	4.541665231320404
GSM6339599	GTCGCAATCAAACCGT-1	20044	11533	492	4.6835278542595615
GSM6339599	GTCGCAATCACAGGAA-1	20044	9019	352	5.119312505676143
GSM6339599	GTCGCAATCCGTCCAT-1	20044	11942	609	3.91792115930047
GSM6339599	GTCGCAATCGGGACCT-1	20044	7815	317	4.925673695389784
GSM6339599	GTCGCAATCGTTATCT-1	20044	6031	271	4.4464760331919
GSM6339599	GTCGGTTCAAGCCAGA-1	20044	4835	272	3.551595463360169
GSM6339599	GTCGGTTCACCCTCAC-1	20044	10828	605	3.5759282040273774
GSM6339599	GTCGGTTCAGCAGGTA-1	20044	9474	436	4.341530029603423
GSM6339599	GTCGGTTCATGATTGT-1	20044	1121	57	3.9294039294039296
GSM6339599	GTCGGTTCATTGCGGT-1	20044	6712	300	4.470196470196471
GSM6339599	GTCTAACAGCCGCTAA-1	20044	12976	608	4.264156895735843
GSM6339599	GTCTAACAGCGGCTGT-1	20044	5754	253	4.544072528262252
GSM6339599	GTCTAACAGGAGTAAT-1	20044	6618	270	4.897324897324897
GSM6339599	GTCTAACAGGTTTGAC-1	20044	12905	643	4.009986902677416
GSM6339599	GTCTAACAGTACCGCA-1	20044	5311	235	4.515484515484515
GSM6339599	GTCTAACAGTTTGCGG-1	20044	360	20	3.596403596403596
GSM6339599	GTCTAATCAATATACC-1	20044	3316	130	5.096442019518943
GSM6339599	GTCTAATCACCGGTAT-1	20044	4651	193	4.814874244926059
GSM6339599	GTCTAATCAGCCTAAC-1	20044	747	40	3.7312687312687314
GSM6339599	GTCTAATCAGGCCAAA-1	20044	7607	325	4.676554215015754
GSM6339599	GTCTAATCATACCCGG-1	20044	780	22	7.083825265643448
GSM6339599	GTCTAATCATGAGTTT-1	20044	13710	697	3.9300727966438154
GSM6339599	GTCTAATCATTGACAT-1	20044	9507	412	4.610438105583736
GSM6339599	GTCTAGCCAATTTGGT-1	20044	20464	917	4.458790936435429
GSM6339599	GTCTAGCCACTAAGAA-1	20044	14061	738	3.806762343347709
GSM6339599	GTCTAGCCAGGAATCG-1	20044	11078	549	4.031669605440097
GSM6339599	GTCTAGCCATCAGCAC-1	20044	9033	393	4.592354210674821
GSM6339599	GTCTAGCCATCCAGGT-1	20044	8429	359	4.691130596423076
GSM6339599	GTCTATCGTATTTGGG-1	20044	4357	215	4.048974281532421
GSM6339599	GTCTATCGTCATTGTC-1	20044	2205	84	5.244755244755245
GSM6339599	GTCTATCGTCCTAATC-1	20044	3061	138	4.4318000839739975
GSM6339599	GTCTATGCACATTAAC-1	20044	954	55	3.465625283807102
GSM6339599	GTCTATGCACATTGCA-1	20044	6647	257	5.167595050863533
GSM6339599	GTCTATGCACCAGCAT-1	20044	3512	120	5.847485847485848
GSM6339599	GTCTATGCACGAATTT-1	20044	12964	561	4.617129750819591
GSM6339599	GTCTATGCAGGATGGC-1	20044	8829	393	4.488641129862504
GSM6339599	GTCTATGCAGGTCCTG-1	20044	10011	514	3.891439299999611
GSM6339599	GTCTATGCATCGCTCC-1	20044	11099	475	4.668594563331405
GSM6339599	GTCTATGCATGCTCCC-1	20044	1986	85	4.668272903567021
GSM6339599	GTCTATGCATGTTGTG-1	20044	827	37	4.4658044658044656
GSM6339599	GTCTCACTCCATCAGG-1	20044	892	40	4.455544455544455
GSM6339599	GTCTCACTCGCTTGCT-1	20044	9456	425	4.445436916025152
GSM6339599	GTCTTGCTCACTTCAT-1	20044	13902	687	4.043118453598803
GSM6339599	GTCTTGCTCCAGGGAG-1	20044	11050	556	3.9708492945903022
GSM6339599	GTCTTGCTCCTAAATG-1	20044	13684	599	4.564383863215249
GSM6339599	GTCTTGCTCTCACTAT-1	20044	10774	497	4.331282399692863
GSM6339599	GTCTTGCTCTCCATGC-1	20044	9258	397	4.659320528338161
GSM6339599	GTCTTTAGTACCGAAC-1	20044	1237	53	4.663261267034851
GSM6339599	GTCTTTGTCAATCTCT-1	20044	22534	1074	4.19208352169246
GSM6339599	GTCTTTGTCATTGCGG-1	20044	13323	689	3.863480496281658
GSM6339599	GTCTTTGTCCAACTGG-1	20044	7725	373	4.137953199615398
GSM6339599	GTCTTTGTCCCGCAAA-1	20044	9274	448	4.136042528899671
GSM6339599	GTCTTTGTCTTAGTGA-1	20044	7789	289	5.384926492192928
GSM6339599	GTGAACAAGCCTCTGT-1	20044	9640	442	4.357633316909335
GSM6339599	GTGAACAAGGACCGCT-1	20044	1488	48	6.193806193806195
GSM6339599	GTGAACAAGGACCTTG-1	20044	15652	916	3.4140531957125844
GSM6339599	GTGAACAAGGCCTTAG-1	20044	7496	343	4.366479002047515
GSM6339599	GTGAACAAGGGTTAGA-1	20044	12720	608	4.180030495819969
GSM6339599	GTGAACAAGGTATTGC-1	20044	268	14	3.8247466818895384
GSM6339599	GTGAACAAGTAAACCC-1	20044	10755	443	4.8506797942463855
GSM6339599	GTGAACAAGTGAGCAA-1	20044	14341	653	4.387955077082182
GSM6339599	GTGAACAAGTTGTCTT-1	20044	633	37	3.418203418203418
GSM6339599	GTGAACAAGTTTGAGC-1	20044	10711	447	4.787606129888009
GSM6339599	GTGAACAAGTTTGTCT-1	20044	8074	334	4.829900638283872
GSM6339599	GTGAATCTCATGCCTC-1	20044	5118	196	5.217231747843993
GSM6339599	GTGAATCTCCGCCTAT-1	20044	4733	179	5.282985171253328
GSM6339599	GTGAATCTCCTCAGCT-1	20044	10411	480	4.3335830835830835
GSM6339599	GTGAATCTCTAACCAA-1	20044	10576	563	3.753262723067341
GSM6339599	GTGAATCTCTAATCAG-1	20044	7454	332	4.48587557021292
GSM6339599	GTGAATCTCTTGACCC-1	20044	9272	404	4.585513496404586
GSM6339599	GTGAGCGAGACAAGTG-1	20044	13382	633	4.223896167024129
GSM6339599	GTGAGCGAGCACTAGT-1	20044	5794	259	4.469661612518755
GSM6339599	GTGAGCGAGGTGCTGC-1	20044	13590	640	4.242632367632367
GSM6339599	GTGAGCGAGTGAGCAA-1	20044	13674	687	3.9768092169838893
GSM6339599	GTGAGCGAGTGATTCA-1	20044	21415	957	4.47097312301074
GSM6339599	GTGAGGAGTAGGATCC-1	20044	14498	660	4.388944388944389
GSM6339599	GTGAGGAGTGAGGTAG-1	20044	6552	315	4.155844155844156
GSM6339599	GTGATCAGTCGTTACT-1	20044	7425	348	4.262978400909436
GSM6339599	GTGATCAGTTACCTGT-1	20044	7779	338	4.598360219661995
GSM6339599	GTGATCAGTTAGGCTA-1	20044	8734	423	4.125425402021146
GSM6339599	GTGATCAGTTAGTACG-1	20044	9232	359	5.138037450015166
GSM6339599	GTGATCAGTTCCTGAT-1	20044	1829	79	4.625753992842601
GSM6339599	GTGATGAAGCCGCTAA-1	20044	9933	456	4.352226720647773
GSM6339599	GTGATGAAGCCTCTCG-1	20044	11466	546	4.195804195804196
GSM6339599	GTGATGAAGCCTGTTC-1	20044	11839	551	4.29298469225874
GSM6339599	GTGCAAGCAACTAGGG-1	20044	1981	86	4.60237436981623
GSM6339599	GTGCAAGCAAGACTCC-1	20044	13489	677	3.980952577702947
GSM6339599	GTGCAAGCAAGCGATG-1	20044	6124	280	4.369915798487227
GSM6339599	GTGCAAGCAATATGGA-1	20044	13335	617	4.318210152894108
GSM6339599	GTGCAAGCATAATGTC-1	20044	8593	455	3.773369487655202
GSM6339599	GTGCAAGCATCAATCG-1	20044	13741	677	4.055324291661072
GSM6339599	GTGCAAGCATTAGCCA-1	20044	12247	531	4.608197828536812
GSM6339599	GTGCACGGTTGAAGCC-1	20044	10541	442	4.764918339578973
GSM6339599	GTGCATTAGCTATATG-1	20044	9719	462	4.203156151208099
GSM6339599	GTGCATTAGGAACGCG-1	20044	5011	234	4.278627355550432
GSM6339599	GTGCATTAGGATTGAG-1	20044	13357	676	3.947827320608386
GSM6339599	GTGCATTAGTTAGCCG-1	20044	7658	352	4.346789574062301
GSM6339599	GTGCCTTTCATTGTTC-1	20044	14170	801	3.534542860385557
GSM6339599	GTGCCTTTCCCTCACG-1	20044	11336	539	4.202105871864685
GSM6339599	GTGCCTTTCGTTTCTG-1	20044	2318	104	4.453239068623684
GSM6339599	GTGCGCAGTAATCGCA-1	20044	13050	613	4.253495281227744
GSM6339599	GTGCGCAGTACGCGCA-1	20044	10336	489	4.223179683302383
GSM6339599	GTGCGCAGTACTGATG-1	20044	6848	267	5.1244635514298436
GSM6339599	GTGCGCAGTGTTGTAG-1	20044	8341	298	5.59239418299821
GSM6339599	GTGCGGTTCATGAGCT-1	20044	3405	152	4.475787370524213
GSM6339599	GTGCGGTTCCGGAACC-1	20044	7131	339	4.2028767692484506
GSM6339599	GTGCGGTTCTCGCCTG-1	20044	630	28	4.495504495504495
GSM6339599	GTGCGGTTCTTAGTCT-1	20044	8956	434	4.123065874217948
GSM6339599	GTGCTCAAGAATGACG-1	20044	8696	406	4.279464377986546
GSM6339599	GTGCTCAAGAGAGCCG-1	20044	14084	648	4.342571009237676
GSM6339599	GTGCTCAAGCATGTCG-1	20044	2961	107	5.529050388863473
GSM6339599	GTGCTCAAGCTCATAA-1	20044	9381	422	4.441530033947096
GSM6339599	GTGCTCAAGCTTCCCG-1	20044	11612	548	4.233722481897664
GSM6339599	GTGCTCAAGGACCTTG-1	20044	10117	459	4.403874992110286
GSM6339599	GTGCTCCGTAGACAAA-1	20044	8113	338	4.795795920056276
GSM6339599	GTGCTCCGTAGCTGGT-1	20044	12768	609	4.18891453374212
GSM6339599	GTGCTCCGTCATCAAG-1	20044	18436	1050	3.508110936682365
GSM6339599	GTGCTCCGTTCAAGCA-1	20044	13971	580	4.8127734334630885
GSM6339599	GTGCTCCGTTCGGTAA-1	20044	337	10	6.733266733266732
GSM6339599	GTGCTGATCAATCTCT-1	20044	11094	435	5.095594061111303
GSM6339599	GTGCTGATCCAAGTGT-1	20044	14399	708	4.063450673620165
GSM6339599	GTGCTGATCGCTATGG-1	20044	10063	508	3.9578531704515956
GSM6339599	GTGCTGATCGCTTGCT-1	20044	11277	490	4.598258883973169
GSM6339599	GTGCTGATCGGTCAAT-1	20044	2136	68	6.2760768643121585
GSM6339599	GTGCTGATCGTTACTT-1	20044	3698	159	4.646925401642382
GSM6339599	GTGCTGATCTAGCGAT-1	20044	13159	583	4.509726979709828
GSM6339599	GTGCTGATCTTGCAGG-1	20044	9029	371	4.862522921822113
GSM6339599	GTGCTGGGTACCAGGT-1	20044	3343	163	4.097742748049497
GSM6339599	GTGCTGGGTCTTACTA-1	20044	6343	294	4.3106553310634945
GSM6339599	GTGCTGGGTGAATCGC-1	20044	10785	523	4.120162819971616
GSM6339599	GTGCTGGGTGAGAAAC-1	20044	1925	79	4.868549172346641
GSM6339599	GTGCTGGGTTAACGGC-1	20044	9538	443	4.301793015111301
GSM6339599	GTGCTGGGTTACCTGT-1	20044	9177	441	4.157747014889872
GSM6339599	GTGCTGGGTTACTTCA-1	20044	10795	500	4.313686313686313
GSM6339599	GTGCTGGGTTCCAGGG-1	20044	3168	137	4.6201973209272476
GSM6339599	GTGCTGGGTTGTGACA-1	20044	487	23	4.230552056639013
GSM6339599	GTGCTTACACCTACGG-1	20044	7982	356	4.4797898730483
GSM6339599	GTGCTTACAGCCTAAC-1	20044	2658	115	4.617990704947227
GSM6339599	GTGCTTCTCCGTGACA-1	20044	10601	516	4.104809918763407
GSM6339599	GTGCTTCTCCTTGCAC-1	20044	8735	393	4.440851769096044
GSM6339599	GTGCTTCTCGTCCTTA-1	20044	6220	266	4.672019709613694
GSM6339599	GTGCTTCTCGTTCACC-1	20044	11158	481	4.634866173327712
GSM6339599	GTGCTTCTCTTGTCTG-1	20044	8788	395	4.4451750780864705
GSM6339599	GTGGACACAAACTCAT-1	20044	7637	380	4.015458225984542
GSM6339599	GTGGACACAAGGTACG-1	20044	411	19	4.321993795678006
GSM6339599	GTGGACACAGTAATAG-1	20044	10618	493	4.30320186912479
GSM6339599	GTGGACACATCCGTAA-1	20044	9028	385	4.685184944925205
GSM6339599	GTGGATGCACACCAAC-1	20044	4705	203	4.630837143152415
GSM6339599	GTGGATGCAGCACGTT-1	20044	7561	345	4.378809596200901
GSM6339599	GTGGATGCATACTCCT-1	20044	5112	218	4.685223033846887
GSM6339599	GTGGATGCATTGTGAT-1	20044	3899	159	4.89950301271056
GSM6339599	GTGGCTTCAAGGATTA-1	20044	10028	494	4.055863165174905
GSM6339599	GTGGCTTCAATAGCCC-1	20044	19234	1059	3.6288546203560372
GSM6339599	GTGGCTTCAATGCCTA-1	20044	8183	358	4.566941438449819
GSM6339599	GTGGCTTCACAAGCCT-1	20044	396	19	4.164256795835743
GSM6339599	GTGGCTTCACAGACTC-1	20044	2291	81	5.651138984472317
GSM6339599	GTGGCTTCACTAAGCC-1	20044	9639	444	4.337554337554337
GSM6339599	GTGGCTTCATTCAGCA-1	20044	16874	750	4.495238095238095
GSM6339599	GTGGTTAGTACCGTAA-1	20044	1281	48	5.3321678321678325
GSM6339599	GTGGTTAGTAGCCTCC-1	20044	10038	454	4.417608822895167
GSM6339599	GTGGTTAGTCACAAAT-1	20044	9855	471	4.180532842953225
GSM6339599	GTGGTTAGTCAGGAAG-1	20044	9597	419	4.576330590650399
GSM6339599	GTGGTTAGTGGGTACT-1	20044	7451	332	4.484070146720749
GSM6339599	GTGGTTAGTTCATTTG-1	20044	12827	620	4.133608327156714
GSM6339599	GTGTAACTCTGTAATG-1	20044	14833	682	4.345507864569448
GSM6339599	GTGTAACTCTGTGAGT-1	20044	4557	168	5.41958041958042
GSM6339599	GTGTCCAAGACAAGTG-1	20044	11735	526	4.457519666645142
GSM6339599	GTGTCCAAGCATGACT-1	20044	901	37	4.865404865404866
GSM6339599	GTGTCCAAGCTGTAAC-1	20044	8816	385	4.575165094645614
GSM6339599	GTGTCCAAGGTTTGAC-1	20044	2315	120	3.854478854478855
GSM6339599	GTGTGAGCAAGTAAGC-1	20044	11541	579	3.9825459514578685
GSM6339599	GTGTGAGCAAGTTATC-1	20044	3244	137	4.731035387969694
GSM6339599	GTGTGAGCACAATACT-1	20044	10977	512	4.283607017982018
GSM6339599	GTGTGAGCACTAAGTT-1	20044	8337	327	5.093988580227112
GSM6339599	GTGTGAGCAGCACCAT-1	20044	16242	926	3.504486873817328
GSM6339599	GTGTGCGGTACGGGTT-1	20044	425	27	3.1450031450031446
GSM6339599	GTGTGCGGTCAAGTAT-1	20044	4104	185	4.432324432324432
GSM6339599	GTGTGCGGTCTAACCT-1	20044	12146	564	4.302789409172388
GSM6339599	GTGTGCGGTTCCGGGA-1	20044	8461	371	4.556629354473021
GSM6339599	GTGTGCGGTTTAAAGC-1	20044	5483	198	5.532850987396442
GSM6339599	GTGTGCGGTTTGCAGA-1	20044	4382	215	4.072206862904538
GSM6339599	GTGTGTTAGCAACATC-1	20044	4609	206	4.470286994558839
GSM6339599	GTGTGTTAGCACTAAC-1	20044	17995	765	4.699875288110582
GSM6339599	GTGTGTTAGCATGTTA-1	20044	4627	205	4.509636704758656
GSM6339599	GTGTGTTAGGGTCCAC-1	20044	10314	450	4.57942057942058
GSM6339599	GTGTGTTAGGTAACGA-1	20044	722	42	3.4346605775177204
GSM6339599	GTGTGTTAGGTGCGGA-1	20044	5149	213	4.829911872165393
GSM6339599	GTGTGTTAGTGATTCA-1	20044	17881	739	4.834407811403752
GSM6339599	GTGTTACAGACCATAC-1	20044	8142	380	4.280982175719018
GSM6339599	GTGTTACAGCTAATTG-1	20044	4327	182	4.75019486008497
GSM6339599	GTGTTACAGCTCCCTG-1	20044	14685	608	4.825766338924233
GSM6339599	GTGTTACAGGACCTGC-1	20044	15323	771	3.9708670058864612
GSM6339599	GTGTTACAGTTGGCCA-1	20044	6386	284	4.492690408183366
GSM6339599	GTGTTCCTCACAGACT-1	20044	9448	432	4.369704369704369
GSM6339599	GTGTTCCTCATTGCAA-1	20044	832	36	4.617604617604618
GSM6339599	GTGTTCCTCCACCCTG-1	20044	15825	806	3.9228761313128557
GSM6339599	GTGTTCCTCCTGCGAA-1	20044	12653	535	4.725368089854071
GSM6339599	GTGTTCCTCGACCTGA-1	20044	3185	140	4.545454545454546
GSM6339599	GTGTTCCTCTTGTCTG-1	20044	11090	553	4.006843066517569
GSM6339599	GTTAAACGTTGTGACA-1	20044	6024	270	4.4577644577644575
GSM6339599	GTTAAACGTTTATGGG-1	20044	4864	208	4.672250826096979
GSM6339599	GTTAAACGTTTCCGGC-1	20044	13283	672	3.9493244850387708
GSM6339599	GTTAACCAGACAAGTG-1	20044	900	32	5.619380619380619
GSM6339599	GTTAACCAGCGGGCAA-1	20044	526	19	5.531310794468689
GSM6339599	GTTAACCAGGATCCGC-1	20044	8325	382	4.354284458996501
GSM6339599	GTTAACCAGTAAGTGG-1	20044	7074	346	4.084932408631831
GSM6339599	GTTAACGGTGTTAGCA-1	20044	14447	698	4.1354061411368
GSM6339599	GTTAACGGTTAAGTGT-1	20044	5928	243	4.874138207471541
GSM6339599	GTTAAGCTCATTAGCA-1	20044	5272	244	4.316994480928908
GSM6339599	GTTAAGCTCCAGGAAA-1	20044	11446	499	4.582992158142459
GSM6339599	GTTAAGCTCCGGTATG-1	20044	8810	383	4.595926266944543
GSM6339599	GTTAAGCTCGGTTTCC-1	20044	13181	669	3.9365716495761336
GSM6339599	GTTAAGCTCTGGCTTC-1	20044	720	25	5.754245754245754
GSM6339599	GTTAAGCTCTTTAAGG-1	20044	9543	468	4.074130997207921
GSM6339599	GTTAAGTGTGCTGGTG-1	20044	12143	501	4.842662327692268
GSM6339599	GTTAAGTGTTAGGATT-1	20044	4726	177	5.334778216134148
GSM6339599	GTTAATGTCAGCAAGA-1	20044	4925	212	4.641584830264075
GSM6339599	GTTAATGTCAGGCTAT-1	20044	1032	40	5.154845154845154
GSM6339599	GTTAATGTCCTAAGTA-1	20044	2922	130	4.490893721662952
GSM6339599	GTTAATGTCTGGCAAT-1	20044	7583	364	4.162321195288228
GSM6339599	GTTACAGGTAATGACT-1	20044	13059	510	5.116060410178058
GSM6339599	GTTACAGGTATGGTGC-1	20044	10920	549	3.9741679085941377
GSM6339599	GTTACAGGTGCTCCAC-1	20044	9446	365	5.170719691267637
GSM6339599	GTTACAGGTTCCGCAC-1	20044	9142	378	4.832204832204833
GSM6339599	GTTACAGGTTCCGGCT-1	20044	2220	91	4.874246632488391
GSM6339599	GTTACCTGTAGCCTAA-1	20044	2408	107	4.496438141297954
GSM6339599	GTTACCTGTAGCTGGT-1	20044	11224	558	4.0189201479524055
GSM6339599	GTTACCTGTTAAGTGT-1	20044	11067	511	4.327179669645423
GSM6339599	GTTACCTGTTTAAAGC-1	20044	5858	286	4.092411085418079
GSM6339599	GTTACCTGTTTCCTCC-1	20044	6875	232	5.920803334596438
GSM6339599	GTTACGCCAGGCTTGT-1	20044	8930	344	5.186673791324954
GSM6339599	GTTACGTAGAACAAGT-1	20044	10868	528	4.112554112554113
GSM6339599	GTTACGTAGAGGATAT-1	20044	2177	93	4.677043386720806
GSM6339599	GTTACGTAGCTGTCAG-1	20044	5382	222	4.843804843804843
GSM6339599	GTTACGTAGGAGGGTT-1	20044	11697	597	3.914678286537583
GSM6339599	GTTACGTAGTTTGCGG-1	20044	16766	937	3.575080202614888
GSM6339599	GTTACTAAGACCATAC-1	20044	4432	184	4.8125787256222035
GSM6339599	GTTACTAAGGAACGCG-1	20044	6221	246	5.052670906329443
GSM6339599	GTTACTAAGGTCCAAT-1	20044	8029	326	4.920846025140505
GSM6339599	GTTACTAAGTAACTCA-1	20044	8731	419	4.163378387722062
GSM6339599	GTTACTAAGTCACTAA-1	20044	10102	457	4.416589974576845
GSM6339599	GTTACTCGTAAGGTCC-1	20044	2052	95	4.315684315684315
GSM6339599	GTTACTCGTATTGTCC-1	20044	11971	561	4.263472712670573
GSM6339599	GTTACTCGTCAAAGGG-1	20044	12571	507	4.954020338635723
GSM6339599	GTTACTCGTCCAAGAC-1	20044	13626	597	4.560263856746269
GSM6339599	GTTACTCGTTAATGAC-1	20044	1180	54	4.366004366004366
GSM6339599	GTTACTCGTTCATTTG-1	20044	21381	931	4.588537134186972
GSM6339599	GTTACTCGTTTGCTGT-1	20044	11035	463	4.761976684222905
GSM6339599	GTTAGACTCACAGCCA-1	20044	12045	562	4.282194673653748
GSM6339599	GTTAGACTCATGGCCA-1	20044	8554	473	3.6133000192196802
GSM6339599	GTTAGACTCCCGTTTA-1	20044	10430	481	4.33246587092741
GSM6339599	GTTAGGCGTGTAACCA-1	20044	9281	366	5.066518181272279
GSM6339599	GTTCACCTCCCGCATT-1	20044	9884	451	4.378769788969345
GSM6339599	GTTCACCTCCCTCTAA-1	20044	14890	746	3.9879691354222184
GSM6339599	GTTCACCTCTGCAAGT-1	20044	10836	488	4.4365470594978795
GSM6339599	GTTCACCTCTTAGGAC-1	20044	2928	102	5.735441029558676
GSM6339599	GTTCACCTCTTTAAGG-1	20044	12244	618	3.9585010458796868
GSM6339599	GTTCATTTCATGCAAC-1	20044	4150	194	4.274076439024893
GSM6339599	GTTCATTTCGTCATTT-1	20044	441	18	4.895104895104896
GSM6339599	GTTCCCAGTATTGAGT-1	20044	20329	864	4.70108595108595
GSM6339599	GTTCCCAGTGAGCGAA-1	20044	5110	214	4.770930004574864
GSM6339599	GTTCCCAGTTGGTTGA-1	20044	4688	212	4.418223286147815
GSM6339599	GTTCCTGGTAAGCTCA-1	20044	9828	436	4.5037531276063385
GSM6339599	GTTCCTGGTAGGTTGC-1	20044	8361	377	4.431112653924325
GSM6339599	GTTCCTGGTTCACTGT-1	20044	9397	383	4.902147460894197
GSM6339599	GTTCCTGGTTTGGCGG-1	20044	2391	87	5.491060663474456
GSM6339599	GTTCCTTCAAGCTTTG-1	20044	2646	90	5.874125874125874
GSM6339599	GTTCCTTCAATAAGCA-1	20044	6693	324	4.127354127354127
GSM6339599	GTTCCTTCAGTAATAG-1	20044	9423	419	4.493358669969648
GSM6339599	GTTCCTTCATCGCTTT-1	20044	11324	505	4.48027220304448
GSM6339599	GTTCGCGCAGCCTTGG-1	20044	790	34	4.6424164071222895
GSM6339599	GTTCGCGCAGCTTAAT-1	20044	2926	126	4.639804639804639
GSM6339599	GTTCGCTTCCAATAGC-1	20044	2313	76	6.080761343919239
GSM6339599	GTTCGCTTCCGCCTAT-1	20044	10883	554	3.9249559105154774
GSM6339599	GTTCGCTTCCTCATCA-1	20044	8744	357	4.893705734041869
GSM6339599	GTTCGCTTCGGTCAGC-1	20044	6505	297	4.376095285186194
GSM6339599	GTTCGCTTCGGTTAGT-1	20044	11341	520	4.357565511411665
GSM6339599	GTTCTCATCAGCAAAG-1	20044	12390	554	4.468455731993639
GSM6339599	GTTCTCATCCAAGTTA-1	20044	6229	251	4.958388225320497
GSM6339599	GTTCTTAGTAGCTAAT-1	20044	6804	290	4.6877260670364125
GSM6339599	GTTCTTAGTAGTAAGA-1	20044	18300	784	4.66370364329548
GSM6339599	GTTCTTAGTGCGCATG-1	20044	12044	548	4.391229208747457
GSM6339599	GTTCTTAGTTACCGGG-1	20044	7870	325	4.838238684392531
GSM6339599	GTTCTTAGTTAGGCGT-1	20044	7059	334	4.222723384400031
GSM6339599	GTTCTTGTCAACCAAC-1	20044	11786	500	4.70969030969031
GSM6339599	GTTCTTGTCCTTGCAC-1	20044	15828	757	4.177592552757678
GSM6339599	GTTCTTGTCGGGATTT-1	20044	12614	645	3.907410419038326
GSM6339599	GTTGCATAGGAAGTAT-1	20044	8241	408	4.0356702121408
GSM6339599	GTTGCATAGGTGAAAT-1	20044	11912	501	4.750538882275409
GSM6339599	GTTGCCCGTACCCACC-1	20044	5977	258	4.628704628704629
GSM6339599	GTTGCCCGTACGGTAC-1	20044	2712	115	4.711809929201234
GSM6339599	GTTGCCCGTCCTCCAA-1	20044	5233	221	4.731015590744097
GSM6339599	GTTGCCCGTGCTTTAC-1	20044	5849	225	5.193917193917194
GSM6339599	GTTGCCCGTTAGGCGT-1	20044	11366	544	4.174501968619615
GSM6339599	GTTGCGGGTCGCAAAC-1	20044	6751	298	4.526346137084392
GSM6339599	GTTGCGGGTGAATCGC-1	20044	11391	470	4.842391650902289
GSM6339599	GTTGCGGGTTCTTTAG-1	20044	13730	706	3.8856327808169167
GSM6339599	GTTGCGGGTTTGCGAA-1	20044	751	42	3.572617858332144
GSM6339599	GTTGCTGAGGCTAAGA-1	20044	678	17	7.968502086149145
GSM6339599	GTTGCTGAGTGCTGTG-1	20044	13254	520	5.0925997079843235
GSM6339599	GTTGCTGAGTTTGAGC-1	20044	5674	265	4.277986164778618
GSM6339599	GTTGGAGCATAGACCC-1	20044	11454	588	3.892026341005933
GSM6339599	GTTGGCCAGCCTGTGA-1	20044	8337	343	4.856368121674244
GSM6339599	GTTGGCCAGCGCAATT-1	20044	5598	259	4.318461461318604
GSM6339599	GTTGGCCAGGAGGTTA-1	20044	14276	614	4.645517349100412
GSM6339599	GTTGGCCAGGCCTTAG-1	20044	5448	211	5.158822220433595
GSM6339599	GTTGGCCAGGCTAATC-1	20044	4877	226	4.3116175859538695
GSM6339599	GTTGGCGGTAATCACG-1	20044	3418	159	4.295075993189201
GSM6339599	GTTGGCGGTGACATAT-1	20044	11898	513	4.633962528699371
GSM6339599	GTTGTGAGTAGCCATA-1	20044	7644	346	4.41408302679979
GSM6339599	GTTGTGAGTAGTTAAC-1	20044	10998	566	3.882336744527557
GSM6339599	GTTGTGAGTCCACAAA-1	20044	12442	597	4.164010194160948
GSM6339599	GTTGTGAGTGTCCTGC-1	20044	9034	366	4.931680341516406
GSM6339599	GTTGTGAGTTGCACAA-1	20044	6673	278	4.795923500959472
GSM6339599	GTTGTTGCAAACTGTT-1	20044	8245	405	4.067537400870735
GSM6339599	GTTGTTGCAAGCCACT-1	20044	15861	885	3.5808259537073095
GSM6339599	GTTTAACCAAGGCCAA-1	20044	14534	626	4.638811667565661
GSM6339599	GTTTAACCAAGGTATA-1	20044	7238	315	4.5909645909645915
GSM6339599	GTTTAACCAGGCCAAA-1	20044	10812	479	4.50989511532309
GSM6339599	GTTTAACCAGGTATTT-1	20044	8915	408	4.365732306908777
GSM6339599	GTTTAACCATAATCGT-1	20044	11235	507	4.4275251375843085
GSM6339599	GTTTACCGTAGACAAA-1	20044	1329	57	4.658499395341501
GSM6339599	GTTTACCGTGCGCGTA-1	20044	9099	378	4.809476238047667
GSM6339599	GTTTACCGTTAAGCGC-1	20044	4708	198	4.750804750804751
GSM6339599	GTTTAGCAGCACGTTG-1	20044	8713	384	4.533487345987346
GSM6339599	GTTTAGCAGCATGACT-1	20044	3267	138	4.730052556139513
GSM6339599	GTTTAGCAGGCGCTTA-1	20044	4428	167	5.297696315660388
GSM6339599	GTTTAGCAGTAAGGGC-1	20044	10809	480	4.499250749250749
GSM6339599	GTTTATCTCGTAACGT-1	20044	4462	210	4.245278530992817
GSM6339599	GTTTATCTCGTTAGTA-1	20044	8034	332	4.834924112032546
GSM6339599	GTTTATCTCTTGTCTG-1	20044	10253	443	4.624269635556318
GSM6339599	GTTTATCTCTTTGAGA-1	20044	10910	484	4.50376070210781
GSM6339599	GTTTCAGCACTAAGCC-1	20044	9136	476	3.834820641543331
GSM6339599	GTTTCAGCAGCTTACA-1	20044	13647	681	4.003925589828674
GSM6339599	GTTTCAGCATAAGTTC-1	20044	7365	357	4.121928491676391
GSM6339599	GTTTCAGCATAGTCAT-1	20044	11645	492	4.729010826571802
GSM6339599	GTTTCAGCATTAGGCC-1	20044	13163	592	4.442516942516942
GSM6339599	GTTTCCTCACCACAAC-1	20044	7657	342	4.473304473304474
GSM6339599	GTTTCCTCACCTGCCT-1	20044	14157	634	4.4614691302388465
GSM6339599	GTTTCCTCAGTTAGCC-1	20044	7559	320	4.719655344655345
GSM6339599	GTTTCCTCATAGACCC-1	20044	10700	502	4.258689517653662
GSM6339599	GTTTCCTCATGGAGGC-1	20044	7449	310	4.801005446166736
GSM6339599	GTTTCTAGTAACGAGG-1	20044	11203	470	4.76247157098221
GSM6339599	GTTTCTAGTCCTAGTT-1	20044	1200	52	4.610773841543073
GSM6339599	GTTTCTAGTGGGAACA-1	20044	2801	139	4.026189637700429
GSM6339599	GTTTCTAGTTCACCAT-1	20044	7556	320	4.717782217782218
GSM6339599	GTTTCTAGTTGCCTCA-1	20044	9591	398	4.814783206743006
GSM6339599	GTTTCTAGTTGCTTCG-1	20044	4610	255	3.6120742003094946
GSM6339599	GTTTCTAGTTTCCGGC-1	20044	12185	564	4.316605380435168
GSM6339599	GTTTGCTGTAAGCACC-1	20044	6711	290	4.623652209859107
GSM6339599	GTTTGCTGTACTTCAC-1	20044	13953	565	4.934180863384403
GSM6339599	GTTTGCTGTTCAAGAT-1	20044	13788	632	4.358932207033472
GSM6339599	GTTTGTAAGGATTTGC-1	20044	4358	187	4.656306260584335
GSM6339599	GTTTGTAAGTCCTTCA-1	20044	8923	335	5.32184233676771
GSM6339599	GTTTGTCGTAACCTAG-1	20044	9123	373	4.886802205837058
GSM6339599	GTTTGTCGTACCCACC-1	20044	11434	485	4.710341205186566
GSM6339599	GTTTGTCGTAGGATCC-1	20044	10616	422	5.026253367485595
GSM6339599	GTTTGTCGTTGCACGG-1	20044	5167	244	4.231014886752591
GSM6339599	GTTTGTCGTTTACGTC-1	20044	16755	855	3.9153828627512834
GSM6339599	GTTTGTCGTTTGAGCA-1	20044	16159	761	4.242538013891496
GSM6339599	GTTTGTCGTTTGCAGA-1	20044	6409	280	4.573283858998145
GSM6339599	GTTTGTTTCACCTGCT-1	20044	5381	271	3.9672504617154063
GSM6339599	GTTTGTTTCAGCAAAG-1	20044	9468	432	4.378954378954379
GSM6339599	GTTTGTTTCCAATAGC-1	20044	430	13	6.60877583954507
GSM6339599	GTTTGTTTCGGTTACG-1	20044	15535	842	3.6863374155535675
GSM6339599	GTTTGTTTCTAATCTC-1	20044	7821	307	5.090023982532126
GSM6339599	GTTTGTTTCTATCGCC-1	20044	7916	394	4.0142598518233035
GSM6339599	GTTTGTTTCTCGCCCA-1	20044	895	35	5.109176537747967
GSM6339599	GTTTGTTTCTGCAACG-1	20044	12381	536	4.61516095844454
GSM6339599	TAAACAGCAACTAGAA-1	20044	18871	741	5.088299015424521
GSM6339599	TAAACAGCACTATGGC-1	20044	2344	101	4.636947211204637
GSM6339599	TAAACAGCATATAACC-1	20044	7946	365	4.349622979759966
GSM6339599	TAAACAGCATCACTTC-1	20044	7314	332	4.4016224739116305
GSM6339599	TAAAGCCTCAGGCCTA-1	20044	11662	531	4.388078964350151
GSM6339599	TAAAGCCTCGTTTCTG-1	20044	1662	70	4.743827600970458
GSM6339599	TAAAGCCTCTAGCTAA-1	20044	14899	655	4.544768208890346
GSM6339599	TAAAGCCTCTTGACCC-1	20044	11915	536	4.44145406831974
GSM6339599	TAAAGCCTCTTGGATA-1	20044	11237	476	4.716711859569003
GSM6339599	TAACAAGCATTGCGTA-1	20044	2961	153	3.866721513780337
GSM6339599	TAACAAGCATTGTCCT-1	20044	1701	68	4.997943233237351
GSM6339599	TAACCAGGTACTTAGG-1	20044	12801	559	4.575388832991695
GSM6339599	TAACCAGGTCATCAAG-1	20044	4350	181	4.801828006247896
GSM6339599	TAACCAGGTCCGTAGG-1	20044	12173	570	4.266961109066372
GSM6339599	TAACCAGGTGAAACAA-1	20044	12501	568	4.397363200180101
GSM6339599	TAACCAGGTTCCTGAT-1	20044	1297	73	3.549874782751495
GSM6339599	TAACCAGGTTCGCTTG-1	20044	11903	542	4.387863059449775
GSM6339599	TAACCAGGTTCGGGAT-1	20044	7517	350	4.291137433994577
GSM6339599	TAACCAGGTTGCCTCA-1	20044	11973	572	4.1821814549087275
GSM6339599	TAACCGGTCAGGCTAT-1	20044	20174	934	4.315598748146928
GSM6339599	TAACCGGTCATAATCG-1	20044	11080	560	3.953189667475382
GSM6339599	TAACCGGTCATCACTT-1	20044	13246	633	4.1809691098790625
GSM6339599	TAACCGGTCATCCTGC-1	20044	1040	48	4.329004329004329
GSM6339599	TAACCGGTCCTTTACG-1	20044	6635	300	4.418914418914419
GSM6339599	TAACCGGTCTCCATGC-1	20044	11763	552	4.257698822916215
GSM6339599	TAACCTAAGCTAATTG-1	20044	6781	293	4.62404489708244
GSM6339599	TAACCTAAGGCATTAC-1	20044	14510	645	4.494730076125425
GSM6339599	TAACCTAAGGCGCTTA-1	20044	3046	151	4.030406679413302
GSM6339599	TAACCTAAGGCTAATC-1	20044	10485	421	4.976021603099988
GSM6339599	TAACCTAAGTAAAGGT-1	20044	9053	447	4.046512771344986
GSM6339599	TAAGCCAGTAAATTGC-1	20044	10678	444	4.805104805104805
GSM6339599	TAAGCCAGTAATGGCC-1	20044	12188	552	4.4115304984870205
GSM6339599	TAAGCCAGTCATCCTG-1	20044	10895	522	4.170159342573136
GSM6339599	TAAGCCAGTGCGCAAT-1	20044	7383	230	6.413586413586414
GSM6339599	TAAGCCAGTGGATTAT-1	20044	12749	596	4.2739140054576295
GSM6339599	TAAGCCTAGACAGGCG-1	20044	9706	496	3.909799877541813
GSM6339599	TAAGCCTAGCAAGGTA-1	20044	924	50	3.6923076923076925
GSM6339599	TAAGCCTAGCATGACT-1	20044	1645	83	3.9598955261605866
GSM6339599	TAAGCCTAGCGAGCGA-1	20044	3350	123	5.44171275878593
GSM6339599	TAAGCCTAGCTGGAAA-1	20044	13555	619	4.375269318726507
GSM6339599	TAAGCCTAGGAACGCG-1	20044	2771	103	5.3752073169548895
GSM6339599	TAAGCCTAGTATTGGC-1	20044	9260	397	4.660327078463099
GSM6339599	TAAGCCTAGTCTGGGC-1	20044	3906	179	4.359885924131734
GSM6339599	TAAGCTATCAAACACC-1	20044	1740	61	5.699218813972912
GSM6339599	TAAGCTATCCGGCTAA-1	20044	319	5	12.747252747252746
GSM6339599	TAAGCTATCTGCAAAC-1	20044	12035	541	4.444723483540489
GSM6339599	TAAGCTGGTGTGTCCC-1	20044	938	43	4.35843226540901
GSM6339599	TAAGCTGGTTAGCTGA-1	20044	2542	93	5.461205461205461
GSM6339599	TAAGCTGGTTGTTGCT-1	20044	362	22	3.2876214694396513
GSM6339599	TAAGCTGGTTTAACGG-1	20044	782	29	5.3877157325433185
GSM6339599	TAAGGACCACAAAGGT-1	20044	11584	563	4.110986704237148
GSM6339599	TAAGGACCAGAATGAC-1	20044	5937	280	4.23647780790638
GSM6339599	TAAGGACCAGCACGAA-1	20044	11725	475	4.93191019506809
GSM6339599	TAAGGCTTCATGTTTC-1	20044	5334	222	4.8006048006048
GSM6339599	TAAGGCTTCGCTTGCT-1	20044	9231	387	4.765776858800114
GSM6339599	TAAGTAGCAAGATTCT-1	20044	2309	84	5.49212692069835
GSM6339599	TAAGTAGCACCTCGCT-1	20044	1305	52	5.014216552678091
GSM6339599	TAAGTAGCACGTTACA-1	20044	11413	564	4.04312000056681
GSM6339599	TAAGTAGCAGCACGTT-1	20044	4151	161	5.151370368761673
GSM6339599	TAAGTAGCAGCATGTC-1	20044	999	33	6.048496957587866
GSM6339599	TAAGTAGCATAATCCG-1	20044	4886	192	5.084498834498834
GSM6339599	TAAGTAGCATCTTGAG-1	20044	10545	516	4.083126176149432
GSM6339599	TAAGTGCTCATCCACC-1	20044	12648	640	3.948551448551448
GSM6339599	TAAGTGCTCATGAAGG-1	20044	7614	379	4.013928024482114
GSM6339599	TAAGTGCTCATGTGGT-1	20044	1915	79	4.84325800781497
GSM6339599	TAAGTGCTCATTCATC-1	20044	946	40	4.7252747252747245
GSM6339599	TAAGTGCTCCACAATA-1	20044	1051	43	4.8834886044188375
GSM6339599	TAAGTGCTCCAGCACA-1	20044	9179	421	4.356213857401507
GSM6339599	TAAGTGCTCCTGTTCA-1	20044	1876	72	5.205905205905206
GSM6339599	TAAGTGCTCGCGCTAA-1	20044	13569	723	3.749777193760596
GSM6339599	TAAGTGCTCGCTAAGT-1	20044	10675	486	4.388615499726611
GSM6339599	TAAGTGCTCTATGACA-1	20044	7157	287	4.98247397202101
GSM6339599	TAAGTGCTCTCTAGCC-1	20044	9184	376	4.880226156821902
GSM6339599	TAATCACCAAGTGTTT-1	20044	10327	467	4.418279793012127
GSM6339599	TAATCACCACGTAATT-1	20044	7248	313	4.6266832209324225
GSM6339599	TAATCACCATCCCTCA-1	20044	461	18	5.117105117105117
GSM6339599	TAATCACCATTAGCGC-1	20044	6374	271	4.699359680909496
GSM6339599	TAATCCGCAAAGCTCC-1	20044	627	27	4.639804639804639
GSM6339599	TAATCCGCAACAGCCT-1	20044	12317	575	4.279894019024454
GSM6339599	TAATCCGCAATATAGG-1	20044	11815	619	3.8136338620991284
GSM6339599	TAATCCGCACTCGCTC-1	20044	11669	574	4.061791866669915
GSM6339599	TAATCCGCAGAGGCTA-1	20044	3841	150	5.116217116217116
GSM6339599	TAATCCGCATAAGTCT-1	20044	12370	643	3.843745678893424
GSM6339599	TAATCCGCATAATGAG-1	20044	4055	169	4.794022545501836
GSM6339599	TAATCCGCATGTCAAT-1	20044	7909	290	5.449033724895794
GSM6339599	TAATGCATCCAAATCA-1	20044	8241	380	4.333035385666965
GSM6339599	TAATGCATCGTAACGT-1	20044	4254	200	4.2497502497502495
GSM6339599	TAATGCATCTAAGTGC-1	20044	7821	342	4.569115095430885
GSM6339599	TAATGCATCTTGTTCG-1	20044	9503	409	4.642301463817357
GSM6339599	TAATGGACAACTCGCG-1	20044	11718	529	4.425819926765106
GSM6339599	TAATGGACACCTCACC-1	20044	11817	616	3.8328554562320796
GSM6339599	TAATGGACAGCAACAG-1	20044	9576	385	4.969575878666788
GSM6339599	TAATGGACAGCCGCTA-1	20044	18701	979	3.8166123967962577
GSM6339599	TAATGGACAGTCTAGC-1	20044	10680	481	4.4363121286198215
GSM6339599	TAATGGACATAAAGCA-1	20044	4872	220	4.424666242848061
GSM6339599	TAATGGACATCGCTTT-1	20044	420	27	3.108003108003108
GSM6339599	TAATGGACATGAATCT-1	20044	3614	192	3.760822510822511
GSM6339599	TAATGGTGTTACCGGG-1	20044	5642	227	4.965959150981178
GSM6339599	TAATGGTGTTGTGACA-1	20044	7539	362	4.161032337827918
GSM6339599	TAATTGCCAAAGCTAA-1	20044	5818	257	4.523103355788181
GSM6339599	TAATTGCCAAGCGAGC-1	20044	9192	367	5.00426004513198
GSM6339599	TAATTGCCAATTAAGG-1	20044	11349	560	4.049165120593692
GSM6339599	TAATTGCCACAGCCAT-1	20044	6603	302	4.368479202916289
GSM6339599	TAATTGCCACCATATG-1	20044	11174	508	4.394817780644552
GSM6339599	TAATTGCCACTGGCCA-1	20044	11884	541	4.388956699492744
GSM6339599	TAATTGCCAGTAAGTA-1	20044	12663	537	4.711489627690745
GSM6339599	TAATTGCCAGTAGCCT-1	20044	13916	667	4.1685450980803305
GSM6339599	TAATTGCCAGTTAAAG-1	20044	13947	613	4.545861968374203
GSM6339599	TAATTGCCATAGCTGC-1	20044	7906	335	4.7152847152847155
GSM6339599	TAATTGCCATCATGTG-1	20044	9814	441	4.446347303490161
GSM6339599	TAATTGCCATGAGTTT-1	20044	12136	572	4.239117525830813
GSM6339599	TAATTGCCATTATGCG-1	20044	9371	398	4.704340885245408
GSM6339599	TACAACATCAAACCGT-1	20044	5680	224	5.066362209219351
GSM6339599	TACAACATCCCATAAA-1	20044	12135	613	3.955261704038213
GSM6339599	TACAACATCGTTTCGC-1	20044	9131	358	5.096021297138615
GSM6339599	TACAACATCTCCTCAA-1	20044	4833	219	4.409289340796191
GSM6339599	TACAATGTCAGGGCCT-1	20044	3353	155	4.322129483419806
GSM6339599	TACAATGTCCTTGCAC-1	20044	13260	562	4.714147062901511
GSM6339599	TACAATGTCGAGGAAC-1	20044	11086	445	4.977494415696662
GSM6339599	TACAATGTCGCGACAC-1	20044	5806	256	4.531406093906093
GSM6339599	TACAATGTCGCTCCAT-1	20044	927	46	4.026408374234461
GSM6339599	TACAATGTCTCAATTC-1	20044	15401	718	4.285686458388408
GSM6339599	TACAGCTAGCAGCTCA-1	20044	12791	561	4.555515785462309
GSM6339599	TACAGCTAGTTGCGTG-1	20044	9663	432	4.469141969141969
GSM6339599	TACAGGTTCCTTGAGG-1	20044	5704	257	4.43447602980677
GSM6339599	TACAGGTTCCTTTACG-1	20044	390	19	4.101161995898838
GSM6339599	TACAGGTTCGTGCCTT-1	20044	1991	72	5.525030525030525
GSM6339599	TACAGGTTCTGCAACG-1	20044	12516	563	4.441739432858438
GSM6339599	TACAGGTTCTGTGCAG-1	20044	1199	46	5.207835642618251
GSM6339599	TACATCAAGACAGGCG-1	20044	11135	482	4.615716233973496
GSM6339599	TACATCAAGCAGGTGG-1	20044	8666	361	4.796311721519477
GSM6339599	TACATCAAGCCTAACG-1	20044	11555	550	4.197620561256925
GSM6339599	TACATCAAGGAGCAAC-1	20044	9586	443	4.323441795225091
GSM6339599	TACATCAAGGTAGCTT-1	20044	9554	415	4.599737611785804
GSM6339599	TACATCAAGGTGCGGA-1	20044	4448	165	5.386129022492659
GSM6339599	TACATCAAGTAACTCA-1	20044	11938	583	4.091277504656579
GSM6339599	TACCAAATCAAACCGT-1	20044	4000	177	4.515258752546888
GSM6339599	TACCAAATCAATCTCT-1	20044	2991	132	4.5272908909272545
GSM6339599	TACCAAATCATGCCTC-1	20044	1753	81	4.324070990737657
GSM6339599	TACCAAATCCCAGTAG-1	20044	16778	773	4.336672383244181
GSM6339599	TACCAAATCCCTGATC-1	20044	2547	123	4.137326088545601
GSM6339599	TACCAAATCCTGGCTT-1	20044	11275	521	4.323891080129084
GSM6339599	TACCAAATCTGTTGCC-1	20044	12381	566	4.370541119657727
GSM6339599	TACCAAATCTTTGAGA-1	20044	652	33	3.9475675839312205
GSM6339599	TACCAGGTCAATCATG-1	20044	2975	126	4.717504717504718
GSM6339599	TACCAGGTCAATTGGC-1	20044	2159	109	3.957510379528728
GSM6339599	TACCAGGTCGTTAGTA-1	20044	7639	344	4.436842227539902
GSM6339599	TACCAGGTCTTAGGGT-1	20044	20533	905	4.53314641159945
GSM6339599	TACCCGGCAACTAACT-1	20044	8707	402	4.327513282737164
GSM6339599	TACCCGGCACTATGGC-1	20044	11985	555	4.314604314604315
GSM6339599	TACCCGGCAGCTTAAT-1	20044	14938	743	4.016978983331608
GSM6339599	TACCGAAGTACAATGT-1	20044	11148	546	4.079437046470014
GSM6339599	TACCGAAGTCATCCTG-1	20044	10886	478	4.550261454027145
GSM6339599	TACCGAAGTTAATGCG-1	20044	4896	208	4.702989318373933
GSM6339599	TACCGAAGTTGTGATG-1	20044	1925	80	4.8076923076923075
GSM6339599	TACCGAAGTTTACTTG-1	20044	4115	169	4.864957527679421
GSM6339599	TACCGCAAGTCACGAT-1	20044	5182	225	4.601620601620602
GSM6339599	TACCGCAAGTCATTAG-1	20044	9289	406	4.571290778187331
GSM6339599	TACCGTTGTTGGCGTG-1	20044	11932	561	4.249582859208527
GSM6339599	TACCGTTGTTGGTTCT-1	20044	14302	660	4.329609784155239
GSM6339599	TACCTCATCACGCGGT-1	20044	9726	442	4.396508468906659
GSM6339599	TACCTCATCATTGCAA-1	20044	8839	408	4.3285146226322695
GSM6339599	TACCTCATCGCCTAAG-1	20044	10366	472	4.387984896459473
GSM6339599	TACCTCATCTGTAAGC-1	20044	14036	592	4.737154737154738
GSM6339599	TACCTGCTCCAGGTCA-1	20044	13344	703	3.79250905566695
GSM6339599	TACCTGCTCCCTTGCG-1	20044	14732	688	4.278279859675209
GSM6339599	TACCTGCTCCTCAGCT-1	20044	9662	460	4.196672892325067
GSM6339599	TACCTTAGTCCTTAGT-1	20044	11279	528	4.26808040444404
GSM6339599	TACCTTAGTGATGAAA-1	20044	1756	78	4.498066036527575
GSM6339599	TACCTTAGTTAGGACC-1	20044	4309	165	5.217812490539763
GSM6339599	TACCTTAGTTGAAGCC-1	20044	13463	664	4.051069412515195
GSM6339599	TACCTTTAGCAAGACA-1	20044	1350	76	3.5490824964509176
GSM6339599	TACCTTTAGGAAACTG-1	20044	12821	592	4.327091827091827
GSM6339599	TACCTTTAGTAACAGG-1	20044	5893	243	4.845360400915956
GSM6339599	TACGCACCAATTGAAG-1	20044	8747	407	4.2939861121679295
GSM6339599	TACGCACCACAGAACG-1	20044	9801	500	3.916483516483517
GSM6339599	TACGCACCACAGGGAC-1	20044	1960	83	4.718173392872188
GSM6339599	TACGCACCACTTACAG-1	20044	13482	607	4.437736892432115
GSM6339599	TACGCACCAGTCTAAT-1	20044	1159	43	5.385312362056548
GSM6339599	TACGCACCATTCCTGT-1	20044	948	45	4.209124209124209
GSM6339599	TACGCACCATTGCGAC-1	20044	22016	958	4.59165052066931
GSM6339599	TACGCTTGTAATGGCC-1	20044	6059	245	4.94118126771188
GSM6339599	TACGCTTGTCGAAGTC-1	20044	4780	209	4.5695930863394985
GSM6339599	TACGCTTGTGATTTGG-1	20044	4864	186	5.224882644237482
GSM6339599	TACGGATTCCTAGTAA-1	20044	10349	456	4.534500587132166
GSM6339599	TACGGATTCGTTAAGC-1	20044	10284	540	3.8050838050838047
GSM6339599	TACGGATTCTAATCAG-1	20044	11170	519	4.300131467761526
GSM6339599	TACGGTTAGCTCAATA-1	20044	7484	338	4.4239783884754305
GSM6339599	TACGGTTAGGCCATCA-1	20044	9053	375	4.823443223443223
GSM6339599	TACGGTTAGTAACAGG-1	20044	12030	600	4.005994005994006
GSM6339599	TACGTAATCGCAAACT-1	20044	4838	169	5.7197240629193296
GSM6339599	TACGTAATCTTAATGG-1	20044	14994	655	4.5737468638231995
GSM6339599	TACGTACAGATACTTG-1	20044	3010	153	3.9307098130627542
GSM6339599	TACGTACAGGACCAGG-1	20044	650	27	4.81000481000481
GSM6339599	TACGTACAGGACCTGC-1	20044	6913	302	4.573572123240997
GSM6339599	TACGTACAGGCATTGT-1	20044	11161	489	4.560265909959162
GSM6339599	TACGTACAGGGCCATC-1	20044	12209	561	4.348236433797931
GSM6339599	TACGTACAGGTAAGCA-1	20044	18495	798	4.6307076382264345
GSM6339599	TACGTTAAGACTCGCA-1	20044	6214	232	5.351545006717421
GSM6339599	TACGTTAAGCACAGCC-1	20044	8202	392	4.180513364186834
GSM6339599	TACGTTAAGCTTCCCG-1	20044	9453	370	5.1046251046251045
GSM6339599	TACGTTAAGGCTGTCA-1	20044	10696	460	4.6457889936150805
GSM6339599	TACGTTAAGTGAGGGT-1	20044	10949	465	4.704542769058898
GSM6339599	TACTAAGTCAAGCCTG-1	20044	4593	162	5.664705664705664
GSM6339599	TACTAAGTCATTGTTC-1	20044	4051	188	4.30526919888622
GSM6339599	TACTAAGTCCTAAGAC-1	20044	3144	140	4.486941629798773
GSM6339599	TACTAAGTCTCATCAT-1	20044	11429	536	4.260291946859111
GSM6339599	TACTAAGTCTTTAGGA-1	20044	1850	71	5.206061544089714
GSM6339599	TACTCAAAGCATCCAG-1	20044	13758	659	4.1712460528849
GSM6339599	TACTCAAAGCTATGAC-1	20044	13295	591	4.494659316994342
GSM6339599	TACTCAAAGGCATGTT-1	20044	10081	493	4.085569602810982
GSM6339599	TACTCAAAGGGATGCG-1	20044	5343	241	4.429595300964595
GSM6339599	TACTCAAAGTTTGAGC-1	20044	10556	435	4.848484848484849
GSM6339599	TACTCGCTCAATCTCT-1	20044	336	13	5.164066702528241
GSM6339599	TACTCGCTCCGTTAAA-1	20044	2970	143	4.149696457388766
GSM6339599	TACTCGCTCGGTTTCC-1	20044	7605	330	4.604486422668241
GSM6339599	TACTCGCTCTAAGGAG-1	20044	1496	64	4.670329670329671
GSM6339599	TACTCGCTCTCAATGA-1	20044	1107	46	4.808235243017851
GSM6339599	TACTGACAGCGAGTAA-1	20044	8037	318	5.049667313818257
GSM6339599	TACTGACAGGTCTTGG-1	20044	9927	464	4.274604705639189
GSM6339599	TACTGACAGTGATTCA-1	20044	12433	586	4.239105604293317
GSM6339599	TACTGAGGTAAAGCGG-1	20044	12701	461	5.504690537228498
GSM6339599	TACTGAGGTTAATGCG-1	20044	5427	220	4.928707655980382
GSM6339599	TACTGCACAATCTCTC-1	20044	4931	235	4.192403341339511
GSM6339599	TACTGCACAATGAGGT-1	20044	3206	154	4.159476886749614
GSM6339599	TACTGCACAGGATGGC-1	20044	2363	91	5.188218375031561
GSM6339599	TACTGGCCAATAAGCA-1	20044	7428	301	4.930617555202273
GSM6339599	TACTGGCCAATATACC-1	20044	3511	158	4.43986393353482
GSM6339599	TACTGGCCACTAAGCC-1	20044	9904	469	4.219234922859656
GSM6339599	TACTTCGTCAAGCTTA-1	20044	12821	655	3.9108982620433
GSM6339599	TACTTCGTCCCTCACG-1	20044	6419	295	4.347516889889771
GSM6339599	TACTTCGTCGCGCTAA-1	20044	10190	466	4.36902153640351
GSM6339599	TACTTCGTCGTTACAA-1	20044	8335	323	5.155834877197106
GSM6339599	TACTTCGTCTAGCGTG-1	20044	1915	59	6.485040383345468
GSM6339599	TACTTCGTCTCACATT-1	20044	10914	500	4.361238761238761
GSM6339599	TACTTCGTCTTAGGAC-1	20044	2034	80	5.079920079920079
GSM6339599	TACTTGTTCAATACGC-1	20044	2932	124	4.724307950114402
GSM6339599	TACTTGTTCACAAGCT-1	20044	11747	578	4.060645237115825
GSM6339599	TACTTGTTCAGGTCCA-1	20044	12859	630	4.078144078144079
GSM6339599	TACTTGTTCGCATTAA-1	20044	5929	258	4.591532498509243
GSM6339599	TAGACCAGTAGTTAAC-1	20044	1282	38	6.740627793259372
GSM6339599	TAGACCAGTCAGGCAT-1	20044	14104	759	3.7127562819262425
GSM6339599	TAGACCAGTCATAAGT-1	20044	2796	98	5.700422026952639
GSM6339599	TAGACCAGTGCAATAT-1	20044	1125	53	4.241041976891033
GSM6339599	TAGACCAGTTGCACAA-1	20044	13240	588	4.498902458086132
GSM6339599	TAGAGCCGTATGGTGC-1	20044	5105	268	3.8058955969403727
GSM6339599	TAGAGCCGTCGCAATA-1	20044	1201	48	4.999167499167499
GSM6339599	TAGAGCCGTCGTAATG-1	20044	796	45	3.5342435342435343
GSM6339599	TAGAGCCGTGGACATC-1	20044	5409	233	4.638280174760862
GSM6339599	TAGCAGGCAAATATCC-1	20044	628	37	3.391203391203391
GSM6339599	TAGCAGGCACAGAACG-1	20044	18210	824	4.415487425196163
GSM6339599	TAGCAGGCACTGACTA-1	20044	1843	67	5.495996540772659
GSM6339599	TAGCAGGCAGCACCAT-1	20044	3928	180	4.36008436008436
GSM6339599	TAGCAGGCAGCTTACA-1	20044	2263	110	4.110435019525928
GSM6339599	TAGCAGGCATTGACAT-1	20044	10637	502	4.233614990587102
GSM6339599	TAGCATATCACAGCGC-1	20044	12909	602	4.2844198990378395
GSM6339599	TAGCATATCTGCAAGT-1	20044	8868	343	5.165679801248315
GSM6339599	TAGCATATCTTAGTCT-1	20044	10287	516	3.9832260762493314
GSM6339599	TAGCCTCTCAAGACTC-1	20044	2966	138	4.294256468169512
GSM6339599	TAGCCTCTCCTCAGTC-1	20044	8117	342	4.742041584146848
GSM6339599	TAGCCTCTCGTACCGA-1	20044	6882	362	3.798411533218163
GSM6339599	TAGCCTCTCTAATTGG-1	20044	14644	649	4.508280625383861
GSM6339599	TAGCCTGAGATGGAGC-1	20044	10182	487	4.1773421650218365
GSM6339599	TAGCCTGAGCAAGGTA-1	20044	1930	99	3.8950948041857134
GSM6339599	TAGCCTGAGCGGGCAA-1	20044	9951	451	4.4084518585627235
GSM6339599	TAGCCTGAGCTCATAA-1	20044	4745	177	5.356225695208747
GSM6339599	TAGCCTGAGCTTACTT-1	20044	19073	803	4.74569017532903
GSM6339599	TAGCCTGAGGAAGCAC-1	20044	11122	484	4.5912764921029385
GSM6339599	TAGCCTGAGGAAGCTA-1	20044	2948	133	4.4286540527142035
GSM6339599	TAGCCTGAGTGTTGCG-1	20044	8036	390	4.116908732293348
GSM6339599	TAGCCTGAGTTATGTG-1	20044	3268	137	4.766036882825204
GSM6339599	TAGCCTTGTAGTAAGA-1	20044	9840	483	4.07046369779289
GSM6339599	TAGCCTTGTCAGGCCA-1	20044	766	28	5.465962608819751
GSM6339599	TAGCCTTGTGATCAGC-1	20044	8956	389	4.600027222135191
GSM6339599	TAGCCTTGTTATAGCG-1	20044	8251	354	4.656924995908047
GSM6339599	TAGCGCGGTAAGCTTG-1	20044	11812	536	4.403059626940224
GSM6339599	TAGCGCGGTACCAGGT-1	20044	3879	157	4.936464809076274
GSM6339599	TAGCGCGGTGTTAGCA-1	20044	673	30	4.482184482184483
GSM6339599	TAGCGGCTCCCTGTTA-1	20044	14278	760	3.7536148062463854
GSM6339599	TAGCGGCTCGCCTGTT-1	20044	12619	535	4.712670507063031
GSM6339599	TAGCGGCTCGGTTACG-1	20044	6355	267	4.755544081386779
GSM6339599	TAGCTAATCAAACCGT-1	20044	654	30	4.355644355644356
GSM6339599	TAGCTAATCAATGTGC-1	20044	953	36	5.289155289155289
GSM6339599	TAGCTAATCCTGGTGA-1	20044	950	42	4.519290233575948
GSM6339599	TAGCTAATCGGGACCT-1	20044	10388	505	4.10994945648411
GSM6339599	TAGCTAGGTAACCAGC-1	20044	1012	36	5.616605616605616
GSM6339599	TAGCTAGGTCACACCC-1	20044	5164	241	4.281195982440796
GSM6339599	TAGCTAGGTGATCATG-1	20044	352	16	4.395604395604396
GSM6339599	TAGCTAGGTGCTAGCG-1	20044	15132	685	4.413688501279742
GSM6339599	TAGCTAGGTTTGAGCA-1	20044	7867	307	5.119961471753003
GSM6339599	TAGCTTAAGAAACTGG-1	20044	5737	276	4.153093283528066
GSM6339599	TAGCTTAAGCATGGTT-1	20044	8105	328	4.93713603469701
GSM6339599	TAGCTTAAGCCAGTAT-1	20044	3588	175	4.09647495361781
GSM6339599	TAGCTTAAGGCATGAA-1	20044	19642	864	4.542217042217042
GSM6339599	TAGCTTAAGGCCTGGT-1	20044	632	27	4.676804676804677
GSM6339599	TAGCTTAAGGCGTAAA-1	20044	4268	150	5.684981684981685
GSM6339599	TAGCTTAAGGGCTAAA-1	20044	5688	255	4.456719750837398
GSM6339599	TAGCTTGCATGCAACC-1	20044	2930	129	4.538097561353376
GSM6339599	TAGCTTGCATTAAAGG-1	20044	5160	236	4.368512843089115
GSM6339599	TAGGAACCAAAGCTCC-1	20044	1033	34	6.0704001880472465
GSM6339599	TAGGAACCAAGGTACG-1	20044	10670	410	5.199678370410078
GSM6339599	TAGGAACCAATAACCT-1	20044	7423	326	4.54943829176958
GSM6339599	TAGGAACCACTAGCGT-1	20044	466	20	4.655344655344655
GSM6339599	TAGGAACCAGGCCTTG-1	20044	7879	338	4.657472704809983
GSM6339599	TAGGAGGGTATTCGCT-1	20044	3215	142	4.523645368715791
GSM6339599	TAGGAGGGTGACATGC-1	20044	9883	418	4.7239841498214705
GSM6339599	TAGGAGGGTGGTTATG-1	20044	7477	270	5.532985532985532
GSM6339599	TAGGAGTCACAGGAAT-1	20044	1102	52	4.234227311150388
GSM6339599	TAGGAGTCACATTGCA-1	20044	6058	236	5.128769535549196
GSM6339599	TAGGAGTCACCTCGCT-1	20044	726	34	4.266321913380737
GSM6339599	TAGGAGTCACTTCACT-1	20044	2350	112	4.192236335093478
GSM6339599	TAGGCTAGTACTGATG-1	20044	9834	439	4.475706525820422
GSM6339599	TAGGCTAGTAGGTTGC-1	20044	14908	781	3.8138557984908816
GSM6339599	TAGGCTAGTCAATAGT-1	20044	4734	191	4.952115946880346
GSM6339599	TAGGCTAGTCTTTGAC-1	20044	3427	159	4.30638543846091
GSM6339599	TAGGCTAGTGCGCAAT-1	20044	1669	76	4.387717545612283
GSM6339599	TAGGCTAGTTAGAGCC-1	20044	10298	415	4.957933632632427
GSM6339599	TAGGCTAGTTGTGACA-1	20044	6053	281	4.303881172208574
GSM6339599	TAGGCTGTCAAGCGCC-1	20044	11865	543	4.365799945910443
GSM6339599	TAGGCTGTCATCCTAT-1	20044	6362	325	3.9111657573196035
GSM6339599	TAGGCTGTCCGCAAGC-1	20044	5364	241	4.4470052768807955
GSM6339599	TAGGCTGTCTAAGTGC-1	20044	5738	210	5.459302602159744
GSM6339599	TAGGCTGTCTTAGTCT-1	20044	1575	52	6.051640667025282
GSM6339599	TAGGCTTAGAGGATAT-1	20044	2072	74	5.594405594405595
GSM6339599	TAGGCTTAGCTAATTG-1	20044	952	25	7.608391608391608
GSM6339599	TAGGCTTAGCTCGCTT-1	20044	12610	577	4.366517364784263
GSM6339599	TAGGCTTAGGCGAATA-1	20044	6289	264	4.75963430508885
GSM6339599	TAGGCTTAGGTGCTGC-1	20044	8942	418	4.274194704816714
GSM6339599	TAGGCTTAGTGAGGTA-1	20044	11392	548	4.153510722853788
GSM6339599	TAGGGTTTCACACAGT-1	20044	8032	306	5.244428773840538
GSM6339599	TAGGGTTTCACTAATG-1	20044	8413	367	4.580160983430738
GSM6339599	TAGGGTTTCACTTCAT-1	20044	17017	873	3.8946162657502863
GSM6339599	TAGGGTTTCCGCTAGA-1	20044	13439	638	4.208644020556246
GSM6339599	TAGGTGCGTAGGTGTC-1	20044	11027	584	3.7725972657479505
GSM6339599	TAGGTGCGTCACGGAT-1	20044	5347	217	4.9231874116666745
GSM6339599	TAGGTGCGTTTATTCG-1	20044	1512	70	4.315684315684316
GSM6339599	TAGGTTATCCTCAGTC-1	20044	9112	410	4.440437611169319
GSM6339599	TAGGTTATCGCAACAT-1	20044	13998	700	3.9954331382902812
GSM6339599	TAGGTTATCGTTACTT-1	20044	9942	417	4.763581741999008
GSM6339599	TAGGTTATCGTTTCCA-1	20044	12089	578	4.1788661165823795
GSM6339599	TAGGTTATCTCACATT-1	20044	11370	513	4.428320217793902
GSM6339599	TAGGTTATCTTGCATT-1	20044	314	12	5.228105228105228
GSM6339599	TAGGTTGGTAAACAAG-1	20044	12472	561	4.441903907144549
GSM6339599	TAGGTTGGTATTGCAG-1	20044	17952	865	4.146604840246459
GSM6339599	TAGGTTGGTGCTAGAC-1	20044	2055	74	5.548505548505549
GSM6339599	TAGGTTGGTTACGCAA-1	20044	3744	155	4.8261416003351485
GSM6339599	TAGGTTGGTTAGGCTA-1	20044	10484	500	4.189410589410589
GSM6339599	TAGGTTGGTTCTTTAG-1	20044	11949	535	4.462453434416052
GSM6339599	TAGTAACGTATACTGG-1	20044	11534	510	4.518618636265695
GSM6339599	TAGTAACGTCAAGTAT-1	20044	4351	165	5.268670723216178
GSM6339599	TAGTAACGTCTAACCT-1	20044	11898	515	4.61596655771413
GSM6339599	TAGTAACGTGAGGTGA-1	20044	21231	922	4.600822171321086
GSM6339599	TAGTAACGTGCTTAGA-1	20044	2875	106	5.419109192694098
GSM6339599	TAGTAACGTTAGTGAT-1	20044	7601	322	4.716401610811548
GSM6339599	TAGTAAGCAAACTCAT-1	20044	9340	437	4.270329213120975
GSM6339599	TAGTAAGCAAGTAAGC-1	20044	483	11	8.7730451366815
GSM6339599	TAGTAAGCAATTGAAG-1	20044	14962	783	3.817893473065887
GSM6339599	TAGTAAGCACAGAACG-1	20044	9547	462	4.128771661239194
GSM6339599	TAGTAAGCAGGAAGCC-1	20044	5043	200	5.037962037962038
GSM6339599	TAGTAAGCATCATGGC-1	20044	13364	629	4.245039539157186
GSM6339599	TAGTAAGCATCCCGCT-1	20044	5271	229	4.598894555226433
GSM6339599	TAGTAAGCATTTAAGC-1	20044	8597	380	4.520216625479784
GSM6339599	TAGTACGGTAGCCATA-1	20044	2573	99	5.192787010968829
GSM6339599	TAGTACGGTCGCAAAC-1	20044	901	44	4.091363182272273
GSM6339599	TAGTACGGTTAACGAT-1	20044	13151	585	4.491576799269107
GSM6339599	TAGTACGGTTGACTTC-1	20044	6282	259	4.846119131833418
GSM6339599	TAGTACGGTTTGGCGG-1	20044	2273	115	3.949094383876993
GSM6339599	TAGTAGGAGACACTTA-1	20044	10528	449	4.684847446540096
GSM6339599	TAGTAGGAGCAGGTGG-1	20044	16697	776	4.299051463999918
GSM6339599	TAGTAGGAGCCTGATG-1	20044	8161	382	4.268506362747201
GSM6339599	TAGTAGGAGCTGTACG-1	20044	7835	255	6.138959080135551
GSM6339599	TAGTAGGAGCTTACTT-1	20044	9012	391	4.605113556520205
GSM6339599	TAGTCAATCATGCTAA-1	20044	8616	404	4.261085449204262
GSM6339599	TAGTCAATCATGGTGT-1	20044	10772	508	4.236708173716048
GSM6339599	TAGTCAATCCATAATG-1	20044	9828	519	3.7834997372569625
GSM6339599	TAGTCAATCCTCCCTC-1	20044	2642	113	4.671434759930336
GSM6339599	TAGTGAGAGACAAAGT-1	20044	457	26	3.511872742641973
GSM6339599	TAGTGAGAGACTCGCA-1	20044	1539	67	4.589440410335932
GSM6339599	TAGTGAGAGAGAGCCG-1	20044	8012	289	5.539097580620072
GSM6339599	TAGTGAGAGCCGCTAA-1	20044	15066	645	4.666960946030713
GSM6339599	TAGTGAGAGCGGATTT-1	20044	10238	443	4.617504391770757
GSM6339599	TAGTGAGAGCTTGCTC-1	20044	9640	367	5.248157836713695
GSM6339599	TAGTGAGAGTACCGCA-1	20044	953	31	6.142244851922271
GSM6339599	TAGTGGCGTATTGTCC-1	20044	3124	145	4.304660856384994
GSM6339599	TAGTGGCGTCCTAAGA-1	20044	17484	800	4.3666333666333665
GSM6339599	TAGTGGCGTCCTTCTC-1	20044	10033	519	3.8624188913206257
GSM6339599	TAGTGGCGTCGCAATA-1	20044	5221	215	4.851892293752759
GSM6339599	TAGTGGCGTGAACAAA-1	20044	8866	365	4.8532289628180045
GSM6339599	TAGTGGCGTTACGCGG-1	20044	8270	378	4.371290085575801
GSM6339599	TAGTGGCGTTGTTGTC-1	20044	3530	111	6.354006354006353
GSM6339599	TAGTGTGGTAATAGCT-1	20044	12491	558	4.472588343556086
GSM6339599	TAGTGTGGTCATTACC-1	20044	11124	562	3.954764097112852
GSM6339599	TAGTGTGGTTAACAGT-1	20044	4670	185	5.0436050436050435
GSM6339599	TAGTGTGGTTACGCGG-1	20044	788	36	4.373404373404374
GSM6339599	TAGTTGTCAACACTTG-1	20044	2324	104	4.464766003227542
GSM6339599	TAGTTGTCACAGCCTG-1	20044	8781	396	4.430418066781703
GSM6339599	TAGTTGTCAGCATTAT-1	20044	9371	419	4.468562463789193
GSM6339599	TAGTTGTCAGCTTACA-1	20044	6252	248	5.036898585285682
GSM6339599	TAGTTGTCAGGCTTGT-1	20044	1353	48	5.631868131868132
GSM6339599	TAGTTGTCATAATGAG-1	20044	7610	384	3.959582084582085
GSM6339599	TAGTTGTCATGCTTAG-1	20044	4954	233	4.2481124026188395
GSM6339599	TAGTTTGAGAAACTGG-1	20044	11234	531	4.227034735509312
GSM6339599	TAGTTTGAGCTACTGG-1	20044	7598	348	4.3623043623043625
GSM6339599	TAGTTTGAGGCTTAAC-1	20044	8226	421	3.903934545264712
GSM6339599	TATAACCCAATTAGCT-1	20044	15842	748	4.231597279725622
GSM6339599	TATAACCCACTTAGGC-1	20044	1291	56	4.606108177536749
GSM6339599	TATAACCCAGCTCAAC-1	20044	8396	359	4.672764561343949
GSM6339599	TATAACCCAGGCGATA-1	20044	19856	926	4.284268647119619
GSM6339599	TATAACCCATTGCGTA-1	20044	14831	782	3.789305323832178
GSM6339599	TATAACCCATTGGGAG-1	20044	11085	440	5.033602760875488
GSM6339599	TATAGCCAGCCGCTAA-1	20044	12447	523	4.755091944384487
GSM6339599	TATAGCCAGCCTCTCG-1	20044	6105	296	4.1208791208791204
GSM6339599	TATAGCCAGCGAAGTA-1	20044	10962	560	3.9110889110889118
GSM6339599	TATAGCCAGGCTAAGA-1	20044	4945	217	4.553050635999945
GSM6339599	TATAGCCAGTCAATTG-1	20044	12039	562	4.280061575435241
GSM6339599	TATAGCTCACACAATT-1	20044	7289	338	4.308709042436853
GSM6339599	TATAGCTCACGGTTTA-1	20044	2598	117	4.436589051973668
GSM6339599	TATAGCTCATCTTGAG-1	20044	9853	393	5.00924012374394
GSM6339599	TATAGGTGTAATTAGC-1	20044	10141	453	4.47278990325348
GSM6339599	TATAGGTGTCAACAAT-1	20044	9889	463	4.2674388246742465
GSM6339599	TATAGGTGTGATTTGG-1	20044	10016	462	4.331599136793942
GSM6339599	TATAGGTGTGTCCTGC-1	20044	7634	297	5.135605135605136
GSM6339599	TATAGGTGTTATCGAG-1	20044	15803	824	3.8318477638865986
GSM6339599	TATATCCTCACACAGT-1	20044	13811	578	4.774118614949065
GSM6339599	TATATCCTCACTTCAT-1	20044	14099	549	5.131116606526443
GSM6339599	TATATCCTCCTCAGCT-1	20044	11682	505	4.621912740724622
GSM6339599	TATATCCTCGTTATAG-1	20044	17522	760	4.606446185393554
GSM6339599	TATATCCTCGTTTCGC-1	20044	10867	481	4.513989129373745
GSM6339599	TATATCCTCTTAGTCT-1	20044	10932	524	4.168350733236229
GSM6339599	TATCACAAGAACAAGT-1	20044	12289	512	4.79559502997003
GSM6339599	TATCACAAGAGGAGTC-1	20044	4860	216	4.495504495504496
GSM6339599	TATCACAAGCACTAGT-1	20044	7060	336	4.198182769611341
GSM6339599	TATCACAAGCTCAAAC-1	20044	10179	499	4.075683835202873
GSM6339599	TATCACAAGCTCGCTT-1	20044	9045	426	4.242236636602834
GSM6339599	TATCACAAGTAGCGGG-1	20044	6505	250	5.198801198801199
GSM6339599	TATCACGCAAACTAAG-1	20044	12077	567	4.25570901761378
GSM6339599	TATCACGCACCAGCAT-1	20044	8806	377	4.666951086049229
GSM6339599	TATCACGCACTGACCG-1	20044	3225	144	4.474691974691974
GSM6339599	TATCACGCAGCATGAG-1	20044	18700	938	3.9832235994282903
GSM6339599	TATCACGCAGCCTTGG-1	20044	9917	514	3.854899963849381
GSM6339599	TATCACGCAGGATAAC-1	20044	1074	54	3.9738039738039737
GSM6339599	TATCACGCATGTCGCG-1	20044	2839	143	3.96666270792145
GSM6339599	TATCCAGCAAACGGGC-1	20044	3146	153	4.1083099906629315
GSM6339599	TATCCAGCAAGGAATC-1	20044	11722	541	4.329127434487878
GSM6339599	TATCCAGCACCTCACC-1	20044	11692	613	3.810871021311478
GSM6339599	TATCCAGCACTCAACA-1	20044	4078	185	4.404244404244404
GSM6339599	TATCCAGCAGGAACTG-1	20044	11526	592	3.89002889002889
GSM6339599	TATCCAGCAGGATGGC-1	20044	11249	501	4.486132629845205
GSM6339599	TATCCAGCATAAGCAA-1	20044	2984	116	5.139687898308588
GSM6339599	TATCCAGCATATAACC-1	20044	11366	549	4.136482825007415
GSM6339599	TATCCAGCATCCCTCA-1	20044	11310	572	3.9505948596857694
GSM6339599	TATCCGGAGAGAGGAG-1	20044	10822	502	4.307246538322236
GSM6339599	TATCCGGAGAGGAGGA-1	20044	6130	240	5.1032301032301035
GSM6339599	TATCCGGAGCTTTGTT-1	20044	12884	579	4.445985793136052
GSM6339599	TATCCGGAGGACACTT-1	20044	15154	657	4.608481320810087
GSM6339599	TATCGAGGTAAATTGC-1	20044	7552	258	5.848415150740732
GSM6339599	TATCGAGGTAAGTCGC-1	20044	7603	330	4.603275512366421
GSM6339599	TATCGAGGTTACGCGG-1	20044	10856	522	4.155231741438638
GSM6339599	TATCGAGGTTCCTGAT-1	20044	5466	205	5.3273555712580105
GSM6339599	TATCGAGGTTTATTCG-1	20044	8910	399	4.46170370982401
GSM6339599	TATCGCACAAGGACCA-1	20044	11237	474	4.736613597373091
GSM6339599	TATCGCACAATAACGA-1	20044	9447	478	3.9487708943775885
GSM6339599	TATCGCACAATTGCGC-1	20044	802	29	5.525508973784836
GSM6339599	TATCGCACAGCACCAT-1	20044	13123	681	3.850187991157154
GSM6339599	TATCGCACATATTGAC-1	20044	9910	445	4.449483101168494
GSM6339599	TATCGCGAGCAGCTCA-1	20044	6821	274	4.973858258529791
GSM6339599	TATCGCGAGCTTAGTA-1	20044	12685	628	4.035773144053398
GSM6339599	TATCGCGAGGAGGTTA-1	20044	8945	379	4.715601021669624
GSM6339599	TATCGCGAGGCGCTTA-1	20044	3933	142	5.533902717001308
GSM6339599	TATCGCGAGGTCAAAG-1	20044	2705	123	4.393980003736101
GSM6339599	TATCGCGAGGTTACGT-1	20044	4468	198	4.508622690440872
GSM6339599	TATCGCGAGTAACGGA-1	20044	19739	974	4.049133617922118
GSM6339599	TATCGCGAGTGTTGTA-1	20044	4150	171	4.84895221737327
GSM6339599	TATGAAGCAAAGCTCC-1	20044	2423	87	5.564550392136599
GSM6339599	TATGAAGCAATAAGCA-1	20044	7511	326	4.603372088034665
GSM6339599	TATGAAGCAATTGAAG-1	20044	3505	130	5.386920771536156
GSM6339599	TATGAAGCACAGAAAC-1	20044	1947	81	4.802604802604802
GSM6339599	TATGAAGCAGCAACAG-1	20044	7786	364	4.273748229792186
GSM6339599	TATGAAGCATAAGCAA-1	20044	9798	436	4.4900054074366
GSM6339599	TATGAAGCATTGACAT-1	20044	9122	381	4.78366777579376
GSM6339599	TATGACATCATTGTTC-1	20044	1447	61	4.739522772309658
GSM6339599	TATGACATCCTTGAGG-1	20044	11063	462	4.784393096081408
GSM6339599	TATGACATCTAACTGA-1	20044	6262	295	4.241182546267292
GSM6339599	TATGACATCTTTAAGG-1	20044	8895	398	4.465383862368787
GSM6339599	TATGACTCAATAGTCT-1	20044	4424	189	4.676804676804677
GSM6339599	TATGACTCACAGGATG-1	20044	3431	157	4.366334302640035
GSM6339599	TATGACTCAGGCTTCG-1	20044	9261	404	4.58007339195458
GSM6339599	TATGACTCATCACTTC-1	20044	4298	177	4.8516455296116305
GSM6339599	TATGACTCATGAAGTA-1	20044	3712	188	3.9449911790337326
GSM6339599	TATGCATCAAACATAG-1	20044	2732	97	5.627362328393256
GSM6339599	TATGCATCAATTGAGA-1	20044	11671	512	4.554429945054944
GSM6339599	TATGCATCAGGATAAC-1	20044	1142	62	3.6801907769649707
GSM6339599	TATGCATCATAAGGAC-1	20044	6580	315	4.173604173604174
GSM6339599	TATGCATCATATAACC-1	20044	12971	606	4.276581504304277
GSM6339599	TATGCATCATTGTCCT-1	20044	10801	488	4.42221712713516
GSM6339599	TATGGATGTGCTTACT-1	20044	1783	92	3.872214741779959
GSM6339599	TATGGATGTTAGAGGG-1	20044	7692	351	4.3785274554505325
GSM6339599	TATGGCCCATATTGAC-1	20044	12691	574	4.417533685826369
GSM6339599	TATGGGCGTACCGGAT-1	20044	417	17	4.900981371569606
GSM6339599	TATGGGCGTCTCACTG-1	20044	11172	521	4.284391232567817
GSM6339599	TATGGGCGTGGGTACT-1	20044	10434	473	4.407431891575655
GSM6339599	TATGGTCAGTTGGATC-1	20044	5432	273	3.9755116678193603
GSM6339599	TATGTGATCAAGCCTG-1	20044	6685	319	4.187035534997918
GSM6339599	TATGTGATCATAACTG-1	20044	642	38	3.3755717966244285
GSM6339599	TATGTGATCCTTAAGA-1	20044	8217	383	4.2865750437552
GSM6339599	TATGTGATCTAAGGTC-1	20044	495	14	7.06436420722135
GSM6339599	TATGTGATCTCACACC-1	20044	6692	322	4.152369369760674
GSM6339599	TATTACCTCACAGCCA-1	20044	4398	159	5.526548922775338
GSM6339599	TATTACCTCAGTGAAG-1	20044	1518	44	6.893106893106893
GSM6339599	TATTACCTCCTCCCTC-1	20044	3256	126	5.163090877376591
GSM6339599	TATTACCTCGTCAAGT-1	20044	6515	279	4.665585310746601
GSM6339599	TATTAGCCAAAGCTAA-1	20044	7811	344	4.536742327440002
GSM6339599	TATTAGCCACCTAAGC-1	20044	7821	338	4.623187463424149
GSM6339599	TATTAGCCAGGCTAGA-1	20044	7187	310	4.63214205149689
GSM6339599	TATTAGCCATACCCGG-1	20044	4062	194	4.183445420558823
GSM6339599	TATTAGCCATGTCAGC-1	20044	17286	736	4.692590018676975
GSM6339599	TATTAGGTCAATGTGC-1	20044	7441	310	4.795849311978344
GSM6339599	TATTAGGTCCTTAGTT-1	20044	1747	89	3.9219207758533603
GSM6339599	TATTAGGTCTTACTCG-1	20044	10253	436	4.698512496677634
GSM6339599	TATTCGTTCTCGCCTG-1	20044	9021	459	3.9267921620862793
GSM6339599	TATTGACCAAGGTAAC-1	20044	11491	542	4.235985416797225
GSM6339599	TATTGACCAATAACCT-1	20044	11305	508	4.446341060514289
GSM6339599	TATTGACCACGGTTTA-1	20044	9580	429	4.461738727472993
GSM6339599	TATTGACCACGTAAGG-1	20044	9789	434	4.506553354479622
GSM6339599	TATTGACCAGTTAAAG-1	20044	15562	668	4.654626810315434
GSM6339599	TATTTGCTCCGCATGA-1	20044	2251	82	5.4847591432957294
GSM6339599	TATTTGCTCTCATCAT-1	20044	2309	98	4.707537360598585
GSM6339599	TATTTGGAGACACTTA-1	20044	9412	404	4.654751189404655
GSM6339599	TATTTGGAGGGCTTAT-1	20044	1818	70	5.189096617668047
GSM6339599	TATTTGGAGTCATGCG-1	20044	8679	382	4.539439617973649
GSM6339599	TATTTGGAGTTATGTG-1	20044	11454	517	4.4265212543742525
GSM6339599	TATTTGGAGTTGTCTT-1	20044	7484	364	4.107979932155756
GSM6339599	TCAAACCAGAGAAGGG-1	20044	12768	603	4.230595275371394
GSM6339599	TCAAACCAGCGATAAG-1	20044	5055	222	4.549504549504549
GSM6339599	TCAAACCAGCGGCTGT-1	20044	12206	575	4.241323893497807
GSM6339599	TCAAACCAGGTAAGGC-1	20044	3777	174	4.33704226807675
GSM6339599	TCAAACCAGTAACCAC-1	20044	7194	306	4.697263520792933
GSM6339599	TCAAACCAGTATTGTG-1	20044	2744	112	4.895104895104895
GSM6339599	TCAAACCAGTTACCGG-1	20044	5254	263	3.9914458165408737
GSM6339599	TCAACAATCATTACGA-1	20044	14288	804	3.5506781775438494
GSM6339599	TCAACAATCGCAAACT-1	20044	6916	279	4.952753339850114
GSM6339599	TCAACAATCTTGCAAA-1	20044	12229	672	3.635947385947386
GSM6339599	TCAACAATCTTGCAGG-1	20044	10063	432	4.6541421541421535
GSM6339599	TCAAGAACAAAGGTAC-1	20044	13626	662	4.112503810389007
GSM6339599	TCAAGAACAAGGATTA-1	20044	12688	680	3.72803666921314
GSM6339599	TCAAGAACAATGCGCT-1	20044	13217	611	4.3220282172819
GSM6339599	TCAAGAACACAAGCCT-1	20044	10781	477	4.515819610159233
GSM6339599	TCAAGAACACACCAAC-1	20044	17311	717	4.823906915957125
GSM6339599	TCAAGAACACTCAACA-1	20044	11071	523	4.22942258506312
GSM6339599	TCAAGAACATAGGCGA-1	20044	11653	531	4.384692520285741
GSM6339599	TCAAGACTCCCGTTGT-1	20044	6906	306	4.509216273922156
GSM6339599	TCAAGACTCCGCAAAT-1	20044	8624	387	4.452395150069568
GSM6339599	TCAAGACTCCTAAGAC-1	20044	8868	369	4.801702362677973
GSM6339599	TCAAGACTCGTTAACA-1	20044	11188	531	4.209726243624549
GSM6339599	TCAAGCTAGATAACCC-1	20044	1447	54	5.353905353905353
GSM6339599	TCAAGCTAGCCAGTAT-1	20044	6787	307	4.417081290045459
GSM6339599	TCAAGCTAGCTGGCTA-1	20044	7405	294	5.032382583402992
GSM6339599	TCAAGCTAGGCCGGAA-1	20044	11402	532	4.282183981432102
GSM6339599	TCAAGCTAGGTCTTGG-1	20044	2622	112	4.677465391751105
GSM6339599	TCAAGCTAGTAGGCGG-1	20044	18476	811	4.551798386570274
GSM6339599	TCAAGCTAGTTAGGCT-1	20044	8577	370	4.631584631584632
GSM6339599	TCAAGGAAGACAACGA-1	20044	3653	154	4.739416427728116
GSM6339599	TCAAGGAAGACTTACA-1	20044	4380	164	5.336127287346799
GSM6339599	TCAAGGAAGCCGCTAA-1	20044	6701	285	4.697758381968908
GSM6339599	TCAAGGAAGCTTTGGG-1	20044	15416	754	4.085039628806207
GSM6339599	TCAAGGAAGTTGTCCC-1	20044	9839	392	5.014883076107566
GSM6339599	TCAAGGTTCACTCGCT-1	20044	4993	249	4.006435331736536
GSM6339599	TCAAGGTTCCAATAGC-1	20044	2797	102	5.478834890599597
GSM6339599	TCAAGGTTCGATTCTT-1	20044	12417	567	4.375518661232947
GSM6339599	TCAAGGTTCTTAGCGG-1	20044	2294	86	5.329554166763469
GSM6339599	TCAAGTATCCACAATA-1	20044	512	19	5.384089594615911
GSM6339599	TCAAGTATCTAATCAG-1	20044	9768	459	4.251957193133665
GSM6339599	TCAAGTATCTTAGTGA-1	20044	12228	516	4.734800083637293
GSM6339599	TCAATCGCAAGTGTTT-1	20044	13353	592	4.506642006642006
GSM6339599	TCAATCGCAATATACC-1	20044	13054	609	4.282745169444677
GSM6339599	TCAATCGCACATTAAC-1	20044	9116	401	4.542091325133719
GSM6339599	TCAATCGCACTAAGTT-1	20044	12818	677	3.7829231329969883
GSM6339599	TCAATCGCAGCTAACC-1	20044	9516	431	4.41136589628469
GSM6339599	TCAATCGCATGTTGTG-1	20044	1262	51	4.944075532310826
GSM6339599	TCACATAAGCACTTGG-1	20044	2506	78	6.419221803837188
GSM6339599	TCACATAAGCCTGTTC-1	20044	10831	474	4.565476717375452
GSM6339599	TCACATAAGCGATAGA-1	20044	10385	463	4.481479643466685
GSM6339599	TCACCGGCAGCACGAA-1	20044	11462	509	4.499233575854401
GSM6339599	TCACCGGCAGGCTACT-1	20044	9109	381	4.776850446141785
GSM6339599	TCACCGGCAGTAAAGC-1	20044	7911	363	4.3543233625878255
GSM6339599	TCACCTCAGGCCTAAT-1	20044	5455	207	5.265266134831353
GSM6339599	TCACCTGGTATTACCC-1	20044	13315	660	4.030817667181304
GSM6339599	TCACCTGGTCAGGAAG-1	20044	2907	135	4.302364302364302
GSM6339599	TCACCTGGTGCTAGCG-1	20044	7454	349	4.267365871950399
GSM6339599	TCACCTGGTGTGAGAG-1	20044	7665	335	4.571547855129944
GSM6339599	TCACCTGGTTACCTGT-1	20044	3422	159	4.30010241330996
GSM6339599	TCACGGATCCCGCCTA-1	20044	7912	294	5.376935989180887
GSM6339599	TCACGGATCTTTGTAC-1	20044	13285	626	4.240168776909991
GSM6339599	TCACTGACAAGGATTA-1	20044	8809	366	4.8088523498359566
GSM6339599	TCACTGACAATGAGGT-1	20044	10908	512	4.256680819180819
GSM6339599	TCACTGACACAAAGAC-1	20044	11269	538	4.18503429655846
GSM6339599	TCACTGACAGAGGGAG-1	20044	10240	442	4.628855307588339
GSM6339599	TCACTGACAGGTTACC-1	20044	3969	190	4.173721015826279
GSM6339599	TCACTGACATTAGGCC-1	20044	12177	520	4.678782755705832
GSM6339599	TCAGCAAGTAAACAAG-1	20044	9944	418	4.753141595246859
GSM6339599	TCAGCAAGTAGGTGTC-1	20044	9633	483	3.984835040735662
GSM6339599	TCAGCAAGTTAAATGC-1	20044	819	31	5.2785923753665696
GSM6339599	TCAGCAAGTTGGATAT-1	20044	4530	190	4.763657395236343
GSM6339599	TCAGCAAGTTGGTTAG-1	20044	1239	65	3.8084991931145775
GSM6339599	TCAGCCTTCAGTTCCC-1	20044	10544	504	4.179947037089894
GSM6339599	TCAGCCTTCGTCCTTA-1	20044	5217	204	5.109596286066875
GSM6339599	TCAGCGATCAATAGCC-1	20044	5644	274	4.115592436760319
GSM6339599	TCAGCGATCAGAAACG-1	20044	11625	486	4.779171445838112
GSM6339599	TCAGCGATCATTAGGC-1	20044	10583	478	4.423609862940407
GSM6339599	TCAGCGATCATTGACA-1	20044	10123	445	4.54511780354477
GSM6339599	TCAGCGATCCCTCACG-1	20044	3819	141	5.4116096669288165
GSM6339599	TCAGCGATCCTTGCGT-1	20044	11953	538	4.439055368423398
GSM6339599	TCAGCGATCTTTAGGA-1	20044	9583	471	4.065149288079224
GSM6339599	TCAGGAGCAACTAACT-1	20044	9916	458	4.325805199167644
GSM6339599	TCAGGAGCAACTAGGG-1	20044	1032	34	6.064523711582535
GSM6339599	TCAGGAGCAAGATTCT-1	20044	10039	421	4.764356783359158
GSM6339599	TCAGGAGCACCTCACC-1	20044	12731	550	4.624829715738806
GSM6339599	TCAGGTCCATACTCCT-1	20044	1190	57	4.171267329162066
GSM6339599	TCAGGTCCATGAATAG-1	20044	10750	473	4.540913631822723
GSM6339599	TCAGGTTAGGATTGAG-1	20044	8915	388	4.590770054687581
GSM6339599	TCAGTAATCACGCCAA-1	20044	8633	385	4.480195129545779
GSM6339599	TCAGTAATCATCCTCA-1	20044	12974	598	4.334795639143465
GSM6339599	TCAGTAATCCTGTTCA-1	20044	10568	469	4.502107700401943
GSM6339599	TCAGTAATCGCATTAA-1	20044	9629	397	4.846035576514166
GSM6339599	TCAGTAATCGTTTCCA-1	20044	485	23	4.213178126221605
GSM6339599	TCAGTAATCTAATCTC-1	20044	5244	215	4.873266268615106
GSM6339599	TCAGTAATCTTCAATC-1	20044	6208	254	4.883305670707245
GSM6339599	TCAGTAGGTACTTCAC-1	20044	7667	350	4.376766091051805
GSM6339599	TCAGTAGGTGCGCAAT-1	20044	10539	471	4.470688547121669
GSM6339599	TCAGTAGGTGCTGTAA-1	20044	10129	500	4.047552447552447
GSM6339599	TCAGTAGGTGGATTAT-1	20044	4472	172	5.194805194805195
GSM6339599	TCAGTAGGTTGTTGGA-1	20044	10260	509	4.027406777897937
GSM6339599	TCAGTGAGTGGATGTC-1	20044	14244	681	4.17908083106321
GSM6339599	TCAGTGAGTGTTGTGA-1	20044	8767	379	4.621763460813593
GSM6339599	TCAGTGAGTTAGGTGC-1	20044	6008	279	4.30250752831398
GSM6339599	TCAGTGAGTTGAATCG-1	20044	722	32	4.507992007992008
GSM6339599	TCATAACCAGAGAGCC-1	20044	11659	512	4.549747127872128
GSM6339599	TCATAACCAGTTTGGC-1	20044	17184	781	4.396116047844601
GSM6339599	TCATAACCATAAGTCT-1	20044	12713	581	4.371875972564441
GSM6339599	TCATAACCATCGCTTT-1	20044	9176	391	4.68891722088653
GSM6339599	TCATAACCATGAAGTA-1	20044	1009	42	4.799961942819086
GSM6339599	TCATACTTCACGCGGT-1	20044	6839	321	4.25680238764351
GSM6339599	TCATACTTCCTGAATA-1	20044	11845	526	4.499302978390431
GSM6339599	TCATACTTCGGCTAGC-1	20044	10755	478	4.495504495504496
GSM6339599	TCATACTTCTTAGCCC-1	20044	17555	787	4.456788446623262
GSM6339599	TCATCCATCAATTGGC-1	20044	459	28	3.2752961324389895
GSM6339599	TCATCCATCATCGTTT-1	20044	3575	156	4.5787545787545785
GSM6339599	TCATCCATCATGTGGT-1	20044	9645	456	4.226037120773963
GSM6339599	TCATCCATCATTATGG-1	20044	16340	867	3.7655539385643193
GSM6339599	TCATCCATCCCGTTAC-1	20044	7074	328	4.309105528617724
GSM6339599	TCATCCATCCTAATTC-1	20044	7448	275	5.411315956770502
GSM6339599	TCATCCATCCTCCATA-1	20044	9721	414	4.691443821878605
GSM6339599	TCATCCATCTGTTGCC-1	20044	9777	503	3.88359155754782
GSM6339599	TCATGAGGTAGCTGCG-1	20044	1018	47	4.32758730631071
GSM6339599	TCATGAGGTCATGAGC-1	20044	7339	359	4.084494892294336
GSM6339599	TCATGAGGTTCACCCA-1	20044	13164	652	4.034002807008942
GSM6339599	TCATGAGGTTTAACCC-1	20044	20734	921	4.4979992862729015
GSM6339599	TCATGCCTCAGTGAAG-1	20044	8326	357	4.65976600430382
GSM6339599	TCATGCCTCCCTCAAC-1	20044	12250	681	3.5940564574925813
GSM6339599	TCATGCCTCGTTAACA-1	20044	14988	735	4.074293053884891
GSM6339599	TCATGCCTCTCTAGCC-1	20044	11553	509	4.534954240258759
GSM6339599	TCATGTTTCCCAGTAG-1	20044	2350	84	5.589648446791305
GSM6339599	TCATGTTTCCGGTTGA-1	20044	7452	303	4.913897983204914
GSM6339599	TCATGTTTCCTCACTA-1	20044	12462	648	3.842453842453842
GSM6339599	TCATGTTTCGCAACAT-1	20044	13118	582	4.503400379689039
GSM6339599	TCATGTTTCGCATTAA-1	20044	10260	419	4.8924822194511925
GSM6339599	TCATGTTTCTAAGTCA-1	20044	1050	50	4.195804195804196
GSM6339599	TCATGTTTCTACCTAT-1	20044	741	39	3.796203796203796
GSM6339599	TCATGTTTCTTCAATC-1	20044	20474	955	4.283465225873603
GSM6339599	TCATGTTTCTTTGAGA-1	20044	12363	512	4.824472402597403
GSM6339599	TCATTACTCGATTTAG-1	20044	2343	86	5.443393815486839
GSM6339599	TCATTGCGTAGCTGGT-1	20044	13293	612	4.339777869189634
GSM6339599	TCATTGCGTCCGCTGT-1	20044	14787	712	4.149502183210048
GSM6339599	TCATTGCGTGGATTGC-1	20044	4668	186	5.014340498211466
GSM6339599	TCATTGCGTTCGGGAT-1	20044	1976	82	4.814697497624327
GSM6339599	TCATTGCGTTGGCCGA-1	20044	16493	854	3.8586706034012828
GSM6339599	TCATTGCGTTGGTTCT-1	20044	12568	582	4.314585757884727
GSM6339599	TCATTGTTCAAGCCTG-1	20044	6397	256	4.992663586413586
GSM6339599	TCATTGTTCATAAGCC-1	20044	5714	263	4.340906242046926
GSM6339599	TCATTGTTCATGCTTT-1	20044	10823	483	4.477096402562241
GSM6339599	TCATTGTTCCCGCCTA-1	20044	8707	366	4.753170326940818
GSM6339599	TCATTGTTCCTGGTCT-1	20044	791	44	3.5918626827717737
GSM6339599	TCATTGTTCGATTATG-1	20044	11906	542	4.388968964614722
GSM6339599	TCATTGTTCGCTTCTA-1	20044	656	16	8.191808191808192
GSM6339599	TCATTTGGTACTGAAT-1	20044	6494	268	4.841427229486931
GSM6339599	TCATTTGGTGAGAAAC-1	20044	1810	92	3.9308517569387136
GSM6339599	TCATTTGGTTAGGCGT-1	20044	1400	44	6.357279084551812
GSM6339599	TCATTTGGTTATGTGG-1	20044	10052	500	4.0167832167832165
GSM6339599	TCATTTGGTTTGGGCG-1	20044	8739	415	4.207358906154087
GSM6339599	TCCACAACAGAGAGCC-1	20044	15686	823	3.8080995553656547
GSM6339599	TCCACAACATTGGGAG-1	20044	3133	142	4.4082677885494785
GSM6339599	TCCAGCAAGAGGCTAA-1	20044	14125	611	4.618948972467794
GSM6339599	TCCAGCAAGCATGGTT-1	20044	11406	535	4.259665568076783
GSM6339599	TCCAGCAAGCTGTCAG-1	20044	2316	99	4.674113765022856
GSM6339599	TCCAGCAAGGATTGCT-1	20044	5115	212	4.820651047066141
GSM6339599	TCCAGCAAGTAACAGG-1	20044	1873	63	5.940091654377369
GSM6339599	TCCAGCAAGTAAGTGG-1	20044	11822	572	4.129436996569864
GSM6339599	TCCAGCAAGTGAACGA-1	20044	9646	364	5.294705294705294
GSM6339599	TCCAGCAAGTGAAGTG-1	20044	8533	410	4.158280743646598
GSM6339599	TCCAGGATCCAAGTTA-1	20044	22539	1067	4.220521746294943
GSM6339599	TCCAGGATCCTTCAAT-1	20044	442	12	7.359307359307359
GSM6339599	TCCAGGATCGAGCAAA-1	20044	14196	694	4.086979303117632
GSM6339599	TCCAGGATCGTAACGT-1	20044	650	22	5.903187721369539
GSM6339599	TCCAGGTCAACTCGCG-1	20044	4125	179	4.60433421327276
GSM6339599	TCCAGGTCAATTAGCT-1	20044	6815	302	4.508736296815767
GSM6339599	TCCAGGTCACCTCAGG-1	20044	6276	280	4.47837876409305
GSM6339599	TCCAGGTCAGGACACA-1	20044	10457	484	4.316757622542746
GSM6339599	TCCAGGTCATCGCTCC-1	20044	5394	225	4.789876789876789
GSM6339599	TCCATAAAGACACCGC-1	20044	4945	230	4.2957042957042955
GSM6339599	TCCATAAAGGAACGGT-1	20044	2545	102	4.985210867563809
GSM6339599	TCCATAAAGTAGCGGG-1	20044	12845	624	4.112874305181998
GSM6339599	TCCATAAAGTCAATTG-1	20044	12707	644	3.942330960964501
GSM6339599	TCCATAAAGTCACCTC-1	20044	4160	210	3.9579468150896715
GSM6339599	TCCATAAAGTCACTAA-1	20044	10820	488	4.429996233274922
GSM6339599	TCCATAAAGTTGGCCA-1	20044	6743	310	4.3459766040411205
GSM6339599	TCCATATTCACAGCCA-1	20044	8237	376	4.377005972750654
GSM6339599	TCCATATTCACTTCAT-1	20044	11924	519	4.59039996612251
GSM6339599	TCCATATTCATGCTAA-1	20044	9705	380	5.102791944897208
GSM6339599	TCCATATTCCACCCTG-1	20044	9267	426	4.346357867484628
GSM6339599	TCCATATTCCTTAGGG-1	20044	9659	417	4.627985922949952
GSM6339599	TCCATATTCTACTAAG-1	20044	11972	554	4.317703956693126
GSM6339599	TCCATCATCGCTAGCA-1	20044	10518	454	4.6288513248865675
GSM6339599	TCCATGCTCAAACACC-1	20044	8030	295	5.438629167442726
GSM6339599	TCCATGCTCACTTTAC-1	20044	11130	488	4.556918491344721
GSM6339599	TCCATGCTCATAAGCC-1	20044	831	32	5.188561438561439
GSM6339599	TCCATGCTCCTTGCGT-1	20044	20520	974	4.2093430183779255
GSM6339599	TCCATGCTCTCACATT-1	20044	6029	240	5.019147519147519
GSM6339599	TCCATGCTCTGCAACG-1	20044	12654	583	4.336658196006395
GSM6339599	TCCATGCTCTTGAGGT-1	20044	8041	482	3.3331813414800964
GSM6339599	TCCATTGTCAATGTCA-1	20044	12455	552	4.508172986433856
GSM6339599	TCCATTGTCATCGTTT-1	20044	1122	39	5.748098055790363
GSM6339599	TCCATTGTCATTATGG-1	20044	12561	606	4.141403151304142
GSM6339599	TCCATTGTCGCAACAT-1	20044	484	22	4.395604395604396
GSM6339599	TCCATTGTCGCATTAA-1	20044	14769	703	4.197509460667355
GSM6339599	TCCATTGTCGTTAGTA-1	20044	3424	126	5.4294911437768585
GSM6339599	TCCCGGACAAGATTCT-1	20044	5443	209	5.203409031160228
GSM6339599	TCCCGGACACCTACTT-1	20044	762	36	4.229104229104229
GSM6339599	TCCCGGACACGGTACT-1	20044	1016	35	5.799914371342943
GSM6339599	TCCCGGACAGCAAGTG-1	20044	8012	344	4.653486048834886
GSM6339599	TCCCGGACAGCACGAA-1	20044	11528	513	4.489857121436069
GSM6339599	TCCCGGACAGTTAGCC-1	20044	12864	605	4.248313669801274
GSM6339599	TCCCGTTAGACACCGC-1	20044	6326	304	4.157684420842315
GSM6339599	TCCCGTTAGCTTAGTA-1	20044	6970	329	4.2328492176516495
GSM6339599	TCCCTCACAACTAGCC-1	20044	3578	149	4.797886677081308
GSM6339599	TCCCTCACAATGAAGC-1	20044	5809	256	4.533747502497502
GSM6339599	TCCCTCACAGAAATTG-1	20044	8215	333	4.92900492900493
GSM6339599	TCCCTCACAGTCTAAT-1	20044	4670	224	4.165477379763094
GSM6339599	TCCCTCACATGAATAG-1	20044	357	19	3.75414059624586
GSM6339599	TCCCTGGTCACAGCGC-1	20044	2027	98	4.132602091785766
GSM6339599	TCCCTGGTCAGAAACG-1	20044	7377	352	4.187289982744528
GSM6339599	TCCCTGGTCATAGACC-1	20044	2168	86	5.036823641474804
GSM6339599	TCCCTGGTCATTGCAA-1	20044	10980	561	3.9105279746990975
GSM6339599	TCCCTGGTCCTCATGC-1	20044	1025	57	3.5928983297404358
GSM6339599	TCCCTGGTCGTTAGTA-1	20044	8900	457	3.891076101141746
GSM6339599	TCCCTGGTCTCGCCCA-1	20044	1462	64	4.564185814185814
GSM6339599	TCCGCCATCCGGGACT-1	20044	12595	643	3.9136602122605235
GSM6339599	TCCGCCATCGCCTAAG-1	20044	8611	414	4.155747634008503
GSM6339599	TCCGCCATCTAAGTGC-1	20044	13315	610	4.36121255793387
GSM6339599	TCCGCCATCTAGCGTG-1	20044	18857	1007	3.741442271730256
GSM6339599	TCCGCCATCTGTGCAG-1	20044	20880	979	4.2613158037059975
GSM6339599	TCCGCCATCTTGTTCG-1	20044	3100	133	4.656997138200145
GSM6339599	TCCGGAATCACGAATC-1	20044	12112	522	4.635977049770154
GSM6339599	TCCGGAATCCGCCAAA-1	20044	14148	637	4.4376345789218625
GSM6339599	TCCGGAATCCTTAGTT-1	20044	8408	368	4.565000217174131
GSM6339599	TCCGGAATCGGTCAGC-1	20044	9846	419	4.695066270245268
GSM6339599	TCCGGAATCGGTTCCT-1	20044	11710	518	4.516718802433088
GSM6339599	TCCGGAATCGTAATCA-1	20044	9351	448	4.17038318824033
GSM6339599	TCCGGAATCTGTAAGC-1	20044	5393	263	4.0970436407698765
GSM6339599	TCCGGTAAGCGCTAAT-1	20044	1340	45	5.9496059496059495
GSM6339599	TCCGGTAAGGAACCGG-1	20044	9453	449	4.20648393922336
GSM6339599	TCCGGTAAGGCGAAAC-1	20044	12276	564	4.348842646714988
GSM6339599	TCCGGTTTCACAGCCA-1	20044	21517	1008	4.2649810506953365
GSM6339599	TCCGGTTTCCTGGTCT-1	20044	13968	715	3.9032296374953717
GSM6339599	TCCTAGTGTACCCACC-1	20044	1138	58	3.9202177133211618
GSM6339599	TCCTAGTGTCAAGACC-1	20044	6898	320	4.306943056943056
GSM6339599	TCCTAGTGTTGTAACG-1	20044	12171	526	4.623133520471924
GSM6339599	TCCTAGTGTTTCGCGC-1	20044	11493	543	4.228920251019699
GSM6339599	TCCTAGTGTTTGGGTA-1	20044	9588	460	4.16453112105286
GSM6339599	TCCTCAATCAGCACGC-1	20044	1705	67	5.084467771034935
GSM6339599	TCCTCAATCAGGAACA-1	20044	1570	60	5.228105228105228
GSM6339599	TCCTCAATCCCGTTTA-1	20044	7085	323	4.382614289735033
GSM6339599	TCCTCAATCCGGTTAG-1	20044	2531	87	5.81257822637133
GSM6339599	TCCTCAATCCTAGTAA-1	20044	8244	365	4.512747526446157
GSM6339599	TCCTCACAGCTTATGA-1	20044	7270	350	4.150135578707007
GSM6339599	TCCTCTAAGCAAGGGT-1	20044	12879	613	4.197759825818554
GSM6339599	TCCTCTAAGCATGTTA-1	20044	13780	633	4.349520937198662
GSM6339599	TCCTCTAAGGAGCATA-1	20044	8201	382	4.289427849637274
GSM6339599	TCCTCTAAGTAGCTTA-1	20044	8930	444	4.018504018504018
GSM6339599	TCCTGGTTCACTTTAC-1	20044	7767	324	4.789654789654789
GSM6339599	TCCTGGTTCAGAAACG-1	20044	8395	380	4.414007045585993
GSM6339599	TCCTGGTTCCTAAATG-1	20044	5793	285	4.061201955938798
GSM6339599	TCCTGGTTCGAGGTGG-1	20044	12943	653	3.9602051853200395
GSM6339599	TCCTGGTTCGCTTGCT-1	20044	9010	396	4.5459590914136365
GSM6339599	TCCTGGTTCGGGATTT-1	20044	12597	601	4.187825485662424
GSM6339599	TCCTGGTTCTTCAATC-1	20044	10988	581	3.7786653965655685
GSM6339599	TCCTGTTCACCCACAG-1	20044	5527	255	4.330571389394919
GSM6339599	TCCTGTTCAGCTCATA-1	20044	13680	592	4.617004617004618
GSM6339599	TCCTGTTCAGGGAGCT-1	20044	12618	614	4.105991728141566
GSM6339599	TCCTTAGTCAAGTGTC-1	20044	14705	781	3.761923096110036
GSM6339599	TCCTTAGTCTAAATCG-1	20044	6911	320	4.31505994005994
GSM6339599	TCCTTAGTCTAATCTC-1	20044	14703	700	4.196660482374768
GSM6339599	TCCTTAGTCTACCTAT-1	20044	538	21	5.118690832976547
GSM6339599	TCCTTAGTCTTTAGGA-1	20044	7793	345	4.513167991428861
GSM6339599	TCCTTCAAGCAGGTTT-1	20044	11175	521	4.285541713564746
GSM6339599	TCCTTCAAGGATTGCT-1	20044	4540	210	4.319490033775748
GSM6339599	TCCTTCAAGGCTAGAA-1	20044	13438	729	3.6830110904184976
GSM6339599	TCCTTCAAGGGCTAAA-1	20044	4647	197	4.713053444017911
GSM6339599	TCCTTGCAGAGAGCCG-1	20044	6825	249	5.476451259583789
GSM6339599	TCCTTGCAGTCACTCC-1	20044	5461	238	4.584491139112988
GSM6339599	TCCTTGCAGTTTCCGC-1	20044	12606	625	4.029890109890109
GSM6339599	TCCTTTACACCAACCG-1	20044	2704	115	4.697910784867307
GSM6339599	TCCTTTACAGCTTAAT-1	20044	1328	41	6.471577203284521
GSM6339599	TCCTTTACAGGGAGGA-1	20044	3774	147	5.129564313237783
GSM6339599	TCCTTTACATTTGCTC-1	20044	9933	425	4.669683257918552
GSM6339599	TCGACAAGTCCTAGTT-1	20044	1442	75	3.8414918414918415
GSM6339599	TCGACAAGTGTGCAAC-1	20044	5366	241	4.448663369825195
GSM6339599	TCGACAAGTTCCTCCT-1	20044	891	42	4.23861852433281
GSM6339599	TCGATTAAGCGCCTTT-1	20044	8001	354	4.515823159890957
GSM6339599	TCGATTAAGGGATGCG-1	20044	8384	368	4.551969769361074
GSM6339599	TCGATTAAGGTCAAAG-1	20044	6341	319	3.9715770123293637
GSM6339599	TCGATTAAGGTGAAAT-1	20044	11697	494	4.730896633730642
GSM6339599	TCGATTAAGGTTTGAC-1	20044	15328	745	4.110788540318741
GSM6339599	TCGATTAAGTCACTCC-1	20044	910	35	5.194805194805195
GSM6339599	TCGATTAAGTTAGTGC-1	20044	9766	484	4.031505684398247
GSM6339599	TCGATTAAGTTATTCC-1	20044	3451	156	4.41993903532365
GSM6339599	TCGCATTGTAGCTGCG-1	20044	10908	477	4.569015889770607
GSM6339599	TCGCATTGTCCACAAA-1	20044	1602	59	5.425083391185086
GSM6339599	TCGCATTGTTAGGACC-1	20044	4292	160	5.359640359640359
GSM6339599	TCGCATTGTTGTAAAC-1	20044	4541	192	4.725482850482851
GSM6339599	TCGCCCATCGGTCATG-1	20044	1953	76	5.13433934486566
GSM6339599	TCGCCCATCTTGCAGG-1	20044	8476	343	4.937336715762372
GSM6339599	TCGCCCATCTTGTCTG-1	20044	2882	110	5.234765234765234
GSM6339599	TCGCGAGGTAACCAGC-1	20044	3386	148	4.571104571104571
GSM6339599	TCGCGAGGTAAGCACC-1	20044	3692	180	4.098124098124098
GSM6339599	TCGCGAGGTAATCGTG-1	20044	13326	572	4.654785773666893
GSM6339599	TCGCGAGGTGTCCAGG-1	20044	1664	73	4.554349759829212
GSM6339599	TCGCGCACACCAGCAT-1	20044	11347	481	4.713373944143175
GSM6339599	TCGCGCACAGCATGTC-1	20044	4770	227	4.198444727079088
GSM6339599	TCGCGCACAGGAACTG-1	20044	8743	409	4.271034588883
GSM6339599	TCGCGCACATGCTCCC-1	20044	3478	163	4.263221441135552
GSM6339599	TCGCTAACAGGTCCTG-1	20044	6873	318	4.3183231862477145
GSM6339599	TCGCTAACAGGTTCAC-1	20044	12790	577	4.428846716541691
GSM6339599	TCGGTAAGTAACCAGC-1	20044	841	35	4.8009133723419435
GSM6339599	TCGGTAAGTAATAACC-1	20044	4819	235	4.097179416328352
GSM6339599	TCGGTAAGTACTTAGG-1	20044	9464	453	4.1741922536624525
GSM6339599	TCGGTAAGTCTTTATG-1	20044	855	44	3.882481155208428
GSM6339599	TCGGTAAGTTAATGCG-1	20044	12509	641	3.8990650535112312
GSM6339599	TCGGTTACAAGGTATA-1	20044	3926	157	4.996277607742576
GSM6339599	TCGGTTACACCATATG-1	20044	8705	360	4.831279831279831
GSM6339599	TCGGTTACATGCATAT-1	20044	12397	541	4.578416038674819
GSM6339599	TCGGTTCTCATAAGCC-1	20044	6581	305	4.311098737328246
GSM6339599	TCGGTTCTCCCTGGAA-1	20044	9939	403	4.9275786248490965
GSM6339599	TCGGTTTGTGTTTCAC-1	20044	3485	144	4.835442335442336
GSM6339599	TCGGTTTGTTACTTCA-1	20044	5895	247	4.768510841385335
GSM6339599	TCGTAATCAAGCTTAT-1	20044	10971	487	4.501043104739203
GSM6339599	TCGTAATCAATCCTGA-1	20044	7813	379	4.118836308809923
GSM6339599	TCGTAATCACTAAGAA-1	20044	4483	172	5.207583114559858
GSM6339599	TCGTAATCAGCATTAT-1	20044	4679	196	4.769720075842525
GSM6339599	TCGTCAACACGTGCTG-1	20044	755	17	8.873479461714755
GSM6339599	TCGTCAACATACCCGG-1	20044	1651	84	3.9270253555967845
GSM6339599	TCGTGCTTCACTCAAA-1	20044	7486	338	4.425160638178389
GSM6339599	TCGTGCTTCATGCTCC-1	20044	2349	99	4.740713831622923
GSM6339599	TCGTGCTTCCTAAGGT-1	20044	12342	494	4.9917693642389995
GSM6339599	TCGTGCTTCCTGGCTT-1	20044	13058	528	4.94127085036176
GSM6339599	TCGTGCTTCTGTGAGT-1	20044	13413	660	4.060484969575879
GSM6339599	TCGTGCTTCTTAAGTG-1	20044	2888	129	4.47304633351145
GSM6339599	TCGTGCTTCTTGCAAA-1	20044	8573	285	6.010130220656536
GSM6339599	TCGTTAAAGCACTTGG-1	20044	7860	395	3.9757710643786592
GSM6339599	TCGTTAAAGTAACCAC-1	20044	2798	116	4.8193186124220615
GSM6339599	TCGTTAAAGTATCGCG-1	20044	13068	613	4.259362171270817
GSM6339599	TCGTTAAAGTTAGCTA-1	20044	998	45	4.431124431124431
GSM6339599	TCGTTAAAGTTGTCAA-1	20044	11343	526	4.308619137516477
GSM6339599	TCGTTACGTAACGAGG-1	20044	5627	241	4.665044499069395
GSM6339599	TCGTTACGTGATCAGC-1	20044	9404	412	4.560488055633686
GSM6339599	TCGTTACGTGTCCAGG-1	20044	5336	232	4.595404595404595
GSM6339599	TCGTTAGCAAATGCCC-1	20044	8212	356	4.60887427179562
GSM6339599	TCGTTAGCAATCTCTC-1	20044	591	29	4.071790278686831
GSM6339599	TCGTTAGCACAACCTA-1	20044	22072	953	4.627481647418688
GSM6339599	TCGTTAGCACCTATAG-1	20044	16560	790	4.1882168464446945
GSM6339599	TCGTTAGCACCTCGCT-1	20044	330	11	5.9940059940059935
GSM6339599	TCGTTAGCACTGACCG-1	20044	9123	412	4.42421656013889
GSM6339599	TCGTTAGCAGGCTTGT-1	20044	10154	454	4.468659094209755
GSM6339599	TCGTTAGCAGGTATTT-1	20044	12809	610	4.195476654493048
GSM6339599	TCGTTAGCATCAATCG-1	20044	3441	158	4.351344857673971
GSM6339599	TCGTTATTCATAAGCC-1	20044	19859	903	4.394055556846255
GSM6339599	TCGTTATTCCAGGAAA-1	20044	11861	483	4.906480682878199
GSM6339599	TCGTTATTCGGTTACG-1	20044	11447	536	4.267001655061356
GSM6339599	TCGTTTCCATCATGGC-1	20044	19891	881	4.511039471311888
GSM6339599	TCTAACCGTCATTAGG-1	20044	7317	273	5.355084475963597
GSM6339599	TCTAACCGTGGGTACT-1	20044	14729	570	5.162907268170426
GSM6339599	TCTAACCGTTCCAGGG-1	20044	455	19	4.784688995215311
GSM6339599	TCTAACCGTTTAGTCC-1	20044	6831	289	4.722613027111296
GSM6339599	TCTAACTTCAGCAAGA-1	20044	5843	284	4.110678054340026
GSM6339599	TCTAACTTCCTCACAC-1	20044	914	29	6.297151124737332
GSM6339599	TCTAACTTCTGGTCCT-1	20044	4295	211	4.067023024368996
GSM6339599	TCTAACTTCTTGATGA-1	20044	543	24	4.52047952047952
GSM6339599	TCTAAGGGTCATCATC-1	20044	8853	430	4.113560857746904
GSM6339599	TCTAAGGGTGTCCTGC-1	20044	14547	687	4.230703794022571
GSM6339599	TCTAAGGGTTTGTGGA-1	20044	10215	391	5.219844094524402
GSM6339599	TCTAATCTCACATTGA-1	20044	8487	322	5.266162409019552
GSM6339599	TCTAATCTCCTTAATC-1	20044	1084	31	6.986561825271503
GSM6339599	TCTAATCTCGCAACAT-1	20044	12420	588	4.220269526391975
GSM6339599	TCTAATCTCGCTATAA-1	20044	1777	86	4.128429709825059
GSM6339599	TCTAATCTCTAGCTTT-1	20044	2049	90	4.548784548784549
GSM6339599	TCTACCTCAATTAAGG-1	20044	13009	602	4.317609300998005
GSM6339599	TCTACCTCACAAAGGT-1	20044	12525	611	4.095740593285601
GSM6339599	TCTACCTCACACAATT-1	20044	12445	538	4.621772279764845
GSM6339599	TCTACCTCACATGCTA-1	20044	14612	778	3.7525456548592793
GSM6339599	TCTACCTCACCTGCTC-1	20044	1690	71	4.7558075727089815
GSM6339599	TCTACCTCAGGCATCT-1	20044	11893	560	4.243256743256744
GSM6339599	TCTACCTCATCTTGAG-1	20044	12054	596	4.040925517435585
GSM6339599	TCTACTAGTGATGATT-1	20044	2414	84	5.741877170448599
GSM6339599	TCTACTAGTTAGTACG-1	20044	2912	123	4.730229120473023
GSM6339599	TCTACTAGTTGGATAT-1	20044	2815	106	5.306014739977004
GSM6339599	TCTACTAGTTTCAGGA-1	20044	4115	187	4.3966728458707065
GSM6339599	TCTAGCACAACACCTA-1	20044	9889	461	4.285952659054611
GSM6339599	TCTAGCACACTTCATC-1	20044	9136	377	4.841842507625001
GSM6339599	TCTAGCACAGTTAGCC-1	20044	5278	176	5.991735537190082
GSM6339599	TCTAGCACATGAATCT-1	20044	12843	675	3.801531801531801
GSM6339599	TCTAGCCTCACCAATA-1	20044	10636	519	4.094556695712765
GSM6339599	TCTAGCCTCACTCAAA-1	20044	329	13	5.056481979558902
GSM6339599	TCTAGCCTCCTAACGG-1	20044	1185	39	6.0708522246983785
GSM6339599	TCTAGCCTCTTAGTCT-1	20044	11041	509	4.333976436137537
GSM6339599	TCTAGCGAGCAAGGTA-1	20044	12256	657	3.7271708504585215
GSM6339599	TCTAGCGAGCACGTTG-1	20044	10655	448	4.751944484087341
GSM6339599	TCTAGCGAGCCTGGTA-1	20044	9362	509	3.6749105511384488
GSM6339599	TCTAGCGAGCGAGTAA-1	20044	8222	386	4.255847779163842
GSM6339599	TCTAGCGAGTCAATCA-1	20044	12514	564	4.433155496985284
GSM6339599	TCTATGTTCAAACACC-1	20044	13524	618	4.3723267024237895
GSM6339599	TCTATGTTCCTGGCTT-1	20044	2985	152	3.923707871076292
GSM6339599	TCTATGTTCGGCTATG-1	20044	14881	690	4.309024309024309
GSM6339599	TCTCAAGCAATGAGGT-1	20044	10180	468	4.3460812691581925
GSM6339599	TCTCAAGCAATTAGGA-1	20044	13714	730	3.753506767205397
GSM6339599	TCTCAAGCACCTAAGC-1	20044	13851	631	4.385788537928
GSM6339599	TCTCAAGCACTCGCTC-1	20044	19535	790	4.940628991261903
GSM6339599	TCTCAAGCAGAGGGAG-1	20044	11178	434	5.146006067665054
GSM6339599	TCTCAAGCAGCAGGTA-1	20044	2726	103	5.287915967527618
GSM6339599	TCTCAAGCATGTCAGC-1	20044	20484	842	4.86069749727707
GSM6339599	TCTCAATTCAATCTCT-1	20044	8645	338	5.1102743410435725
GSM6339599	TCTCAATTCAATGTCA-1	20044	10144	496	4.08623634430086
GSM6339599	TCTCAATTCAGGGCCT-1	20044	10930	542	4.029181150952368
GSM6339599	TCTCAATTCATGCTCC-1	20044	11532	514	4.482676856217712
GSM6339599	TCTCAATTCCAATAGC-1	20044	5683	236	4.811290404510744
GSM6339599	TCTCAATTCCCGTTAC-1	20044	7051	289	4.874710065021484
GSM6339599	TCTCAATTCGAGCAAA-1	20044	10129	415	4.876569213918611
GSM6339599	TCTCAATTCGCTTCTA-1	20044	5591	250	4.468331668331668
GSM6339599	TCTCAATTCGTTACTT-1	20044	10787	516	4.176830921016967
GSM6339599	TCTCAATTCTTTGACT-1	20044	6982	295	4.728830491542356
GSM6339599	TCTCCTCGTCCCGGAA-1	20044	4823	199	4.842393787117405
GSM6339599	TCTCCTCGTGGATTAT-1	20044	15396	849	3.6232318917831283
GSM6339599	TCTCCTCGTGGTTAGC-1	20044	1451	59	4.913730337459151
GSM6339599	TCTCCTCGTTGTCATC-1	20044	11921	591	4.030149207814182
GSM6339599	TCTCCTCGTTTATCTG-1	20044	4089	154	5.305084525863747
GSM6339599	TCTCGCCCAATAGCCC-1	20044	13056	642	4.063226493133035
GSM6339599	TCTCGCCCATGAGCAG-1	20044	9723	379	5.125744967433622
GSM6339599	TCTCGCCCATGTTGCA-1	20044	13409	568	4.7167621111283085
GSM6339599	TCTCGCCCATTAAAGG-1	20044	1781	78	4.562104562104562
GSM6339599	TCTGGCTTCAAGCGCC-1	20044	9282	387	4.792107117688513
GSM6339599	TCTGGCTTCACGCCAA-1	20044	10808	497	4.344950823824063
GSM6339599	TCTGGCTTCATAACGC-1	20044	9107	346	5.258902946764219
GSM6339599	TCTGGCTTCCGCACAA-1	20044	12217	618	3.94977191093696
GSM6339599	TCTGGCTTCGCACACA-1	20044	6746	253	5.327478845265407
GSM6339599	TCTGGCTTCTCACATT-1	20044	6082	260	4.673787750710828
GSM6339599	TCTGTGACACCTCACC-1	20044	12308	585	4.203659588274973
GSM6339599	TCTGTGACAGCTAACC-1	20044	12517	665	3.760750527667821
GSM6339599	TCTGTGACATTGACAT-1	20044	11353	542	4.18511377920972
GSM6339599	TCTGTGACATTGCGTA-1	20044	2670	145	3.6790795411485067
GSM6339599	TCTTAGCGTCTAACCT-1	20044	7826	363	4.307538191835713
GSM6339599	TCTTAGCGTCTCAGCC-1	20044	6544	227	5.759878887632191
GSM6339599	TCTTAGCGTCTTTGAC-1	20044	1141	45	5.066045066045065
GSM6339599	TCTTAGCGTTAAGCCA-1	20044	10343	496	4.1663981180110214
GSM6339599	TCTTAGCGTTTAGCGA-1	20044	10982	484	4.53348304587974
GSM6339599	TCTTAGTTCAGGTTTA-1	20044	6422	267	4.805681210175592
GSM6339599	TCTTAGTTCATTAGTG-1	20044	16998	775	4.382198446714575
GSM6339599	TCTTAGTTCCGGCTAA-1	20044	12301	605	4.062383897094641
GSM6339599	TCTTAGTTCGTACCGA-1	20044	3173	124	5.112629306177693
GSM6339599	TCTTAGTTCGTCAAGT-1	20044	12966	567	4.568975997547427
GSM6339599	TCTTCAAGTCCTAAGA-1	20044	3119	131	4.757074986082619
GSM6339599	TCTTCAAGTTTAAAGC-1	20044	385	33	2.331002331002331
GSM6339599	TCTTGACGTATTGGAT-1	20044	7893	347	4.544734804100798
GSM6339599	TCTTGACGTGCGCGTA-1	20044	749	40	3.741258741258741
GSM6339599	TCTTGACGTTGCACAA-1	20044	5664	178	6.357687256563661
GSM6339599	TCTTGTCCAAGCTTAT-1	20044	18630	783	4.75386682283234
GSM6339599	TCTTGTCCAGTATGTT-1	20044	538	25	4.2997002997003
GSM6339599	TCTTGTCCATCCCTCA-1	20044	10755	493	4.358724439860342
GSM6339599	TCTTGTCCATCCTGAA-1	20044	2011	74	5.42970542970543
GSM6339599	TCTTTGTAGCGCATTG-1	20044	10046	455	4.411412763061114
GSM6339599	TCTTTGTAGCGGGCAA-1	20044	495	33	2.9970029970029968
GSM6339599	TCTTTGTAGCTGGACC-1	20044	8533	411	4.148163272250863
GSM6339599	TCTTTGTAGGTCCGTA-1	20044	13838	646	4.27993059572007
GSM6339599	TGAAACTGTCACGAAC-1	20044	4338	187	4.6349372552581105
GSM6339599	TGAAACTGTCACGGAT-1	20044	789	33	4.777041140677504
GSM6339599	TGAAACTGTGTTCCCA-1	20044	3360	142	4.727666699497686
GSM6339599	TGAAACTGTTATCCGT-1	20044	8503	411	4.133579316061067
GSM6339599	TGAACAACAGGCATGA-1	20044	12874	636	4.044383289666309
GSM6339599	TGAACAACAGGTTCAC-1	20044	686	20	6.8531468531468525
GSM6339599	TGAACAGAGCAGGTTT-1	20044	16788	834	4.021877403172367
GSM6339599	TGAACAGAGCCTGATG-1	20044	1128	50	4.507492507492508
GSM6339599	TGAACAGAGTTAGTGC-1	20044	10392	451	4.603821898722121
GSM6339599	TGAAGCAAGGCTAATC-1	20044	11644	509	4.570674904663117
GSM6339599	TGAAGCAAGGCTGTCA-1	20044	8391	383	4.377345891706205
GSM6339599	TGAAGCAAGGTTAGCT-1	20044	11809	642	3.675141058318628
GSM6339599	TGAAGCAAGTATTGGC-1	20044	1236	39	6.332129409052485
GSM6339599	TGAAGCAAGTGCTGTG-1	20044	6307	241	5.228796100165394
GSM6339599	TGAAGGATCACACAGT-1	20044	5325	245	4.342596179330873
GSM6339599	TGAAGGATCCGCAACA-1	20044	2506	106	4.723578308483968
GSM6339599	TGAAGTGAGCACAGCC-1	20044	6869	330	4.158871431598705
GSM6339599	TGAAGTGAGGCGCATC-1	20044	1676	76	4.406120195593879
GSM6339599	TGAAGTGAGGCGTAAA-1	20044	17890	767	4.660268024022914
GSM6339599	TGAAGTGAGTTTGGTA-1	20044	13658	633	4.3110128418185285
GSM6339599	TGACCAAGTAACGAGG-1	20044	8137	309	5.261405261405262
GSM6339599	TGACCAAGTGAGCAAG-1	20044	4376	226	3.868697674007409
GSM6339599	TGACCAAGTGATGAAA-1	20044	11202	500	4.476323676323676
GSM6339599	TGACCTTGTACAAAGA-1	20044	8952	452	3.9571048420605948
GSM6339599	TGACCTTGTGCTAGCG-1	20044	9023	389	4.634440110018516
GSM6339599	TGACCTTGTGCTTTAC-1	20044	11945	575	4.150631976718933
GSM6339599	TGACTCCTCTAATTGG-1	20044	11679	528	4.419444192171465
GSM6339599	TGACTCCTCTCAATAG-1	20044	2917	116	5.024286058768817
GSM6339599	TGACTCCTCTGCAAAC-1	20044	11637	479	4.854018632724269
GSM6339599	TGACTCCTCTTGCTAT-1	20044	9150	385	4.748498254991761
GSM6339599	TGACTTAAGATAAAGC-1	20044	5039	215	4.682759101363753
GSM6339599	TGACTTAAGTCACCTC-1	20044	1093	47	4.646417412374859
GSM6339599	TGACTTCGTAGGTTAT-1	20044	1797	84	4.2742971314399885
GSM6339599	TGACTTCGTCAGGAAG-1	20044	2484	115	4.315684315684316
GSM6339599	TGACTTCGTCATAGAT-1	20044	4096	159	5.147054203657977
GSM6339599	TGACTTCGTCTAACAG-1	20044	10581	481	4.395189010573627
GSM6339599	TGACTTCGTTGCACAA-1	20044	1844	82	4.493067907702055
GSM6339599	TGACTTCGTTGGTTCT-1	20044	3189	152	4.191860770808139
GSM6339599	TGAGAACCAACCTAAT-1	20044	8034	313	5.128417907970624
GSM6339599	TGAGAACCACAATGCC-1	20044	11395	535	4.255557526585564
GSM6339599	TGAGAACCATCACAGC-1	20044	13649	626	4.356346528870491
GSM6339599	TGAGAACCATGTGGGA-1	20044	11631	607	3.8284614890875184
GSM6339599	TGAGCAAAGCACTAGT-1	20044	3679	127	5.787912874527048
GSM6339599	TGAGCAAAGCTAAAGG-1	20044	7972	338	4.712447315997612
GSM6339599	TGAGCAAAGGAACGCG-1	20044	11096	543	4.0828416519024255
GSM6339599	TGAGCAAAGTGAGCGG-1	20044	12112	564	4.290744716276632
GSM6339599	TGAGCACGTTATCCGT-1	20044	7854	323	4.8582995951417
GSM6339599	TGAGCCGGTAGTTAAC-1	20044	15626	733	4.2593150369412305
GSM6339599	TGAGCCGGTCACGAAC-1	20044	4184	156	5.358743820282281
GSM6339599	TGAGCCGGTCATAACG-1	20044	9007	429	4.1948727263412575
GSM6339599	TGAGCCGGTCATTAGG-1	20044	7864	361	4.352434269331777
GSM6339599	TGAGCCGGTTACTAGG-1	20044	5888	266	4.422645024148784
GSM6339599	TGAGCCGGTTTCGCCA-1	20044	3546	191	3.7093796256099925
GSM6339599	TGAGCTTAGACAAGTG-1	20044	7873	340	4.626549920667568
GSM6339599	TGAGCTTAGCCTAATA-1	20044	4545	197	4.609603594375168
GSM6339599	TGAGCTTAGCGCATTG-1	20044	8376	406	4.12198638799624
GSM6339599	TGAGCTTAGCTGAGGG-1	20044	9446	400	4.718281718281719
GSM6339599	TGAGCTTAGCTTTGTT-1	20044	9342	358	5.213780632775046
GSM6339599	TGAGCTTAGGAGCAAC-1	20044	12921	545	4.736914461685104
GSM6339599	TGAGCTTAGGCGCTTA-1	20044	11738	550	4.2640995368268095
GSM6339599	TGAGGAGGTAGTCAAT-1	20044	9244	430	4.295239644076854
GSM6339599	TGAGGAGGTCTTACTA-1	20044	15805	791	3.9922151173731453
GSM6339599	TGAGGAGGTGAGCACT-1	20044	11300	530	4.259891052343883
GSM6339599	TGAGGAGGTTGAGCCG-1	20044	11101	504	4.400757972186543
GSM6339599	TGAGGCACACAACAGG-1	20044	7786	380	4.0938009359061995
GSM6339599	TGAGGCACACGCAACT-1	20044	1580	65	4.856681779758703
GSM6339599	TGAGGCACAGTCTAGC-1	20044	5555	223	4.977085694574484
GSM6339599	TGAGGCACATCACTTC-1	20044	506	24	4.212454212454213
GSM6339599	TGAGGGAGTGAGACTC-1	20044	2640	103	5.121092499733276
GSM6339599	TGAGGGAGTGTAACCA-1	20044	13266	591	4.484855246276566
GSM6339599	TGAGGGAGTTTAGCTC-1	20044	2286	105	4.3499357785072075
GSM6339599	TGAGGGCCAAGGATTA-1	20044	19584	835	4.686092350763009
GSM6339599	TGAGGGCCACCTACGG-1	20044	1063	44	4.826991190627554
GSM6339599	TGAGGGCCAGGACCAA-1	20044	13394	555	4.821844821844822
GSM6339599	TGAGGGCCATTAGGTT-1	20044	4255	174	4.885918679022127
GSM6339599	TGAGGTGCACGTGCTG-1	20044	9881	383	5.154636486229175
GSM6339599	TGAGGTGCAGTTTGGC-1	20044	912	46	3.9612561351691786
GSM6339599	TGAGGTGCATCCCTCA-1	20044	9033	368	4.904334795639143
GSM6339599	TGAGTGAAGCACAGAA-1	20044	9053	408	4.433311786252963
GSM6339599	TGAGTGAAGTTGGCCA-1	20044	8187	393	4.162249963776682
GSM6339599	TGAGTGAAGTTGTCTT-1	20044	16851	914	3.683624909007841
GSM6339599	TGAGTTTCAGAGGCTA-1	20044	13931	688	4.045663638686895
GSM6339599	TGAGTTTCAGCATGAG-1	20044	8695	375	4.632700632700633
GSM6339599	TGAGTTTCATAAGGAC-1	20044	7936	337	4.705087197668799
GSM6339599	TGATCAATCGATTTGA-1	20044	12349	624	3.954058761751069
GSM6339599	TGATCAATCTTAGTCT-1	20044	10112	476	4.244495000797523
GSM6339599	TGATCACAGTAAGGGC-1	20044	9140	416	4.389840928302466
GSM6339599	TGATCACAGTAGCTTA-1	20044	9721	401	4.843535516852225
GSM6339599	TGATCAGGTCAAACTG-1	20044	421	33	2.5489661853298218
GSM6339599	TGATCAGGTCGACTCC-1	20044	1362	49	5.553630043425962
GSM6339599	TGATCAGGTCTAACCT-1	20044	2373	95	4.990798675009202
GSM6339599	TGATCAGGTGCTTACT-1	20044	680	32	4.245754245754245
GSM6339599	TGATCAGGTTACTTGC-1	20044	5446	232	4.690137448758139
GSM6339599	TGATCAGGTTGGTGAC-1	20044	13048	629	4.14466296819238
GSM6339599	TGATCCTGTAGCTGGT-1	20044	918	39	4.702989318373934
GSM6339599	TGATCCTGTTAATGAC-1	20044	665	19	6.993006993006993
GSM6339599	TGATCGAGTACCGGAT-1	20044	11258	509	4.419156482024851
GSM6339599	TGATCGAGTCTAACCT-1	20044	7316	301	4.856273294811501
GSM6339599	TGATGAACACCCTCAC-1	20044	11196	582	3.8435791013110596
GSM6339599	TGATGAACACCGGCTA-1	20044	11111	470	4.723361744638341
GSM6339599	TGATGAACACTGGCCA-1	20044	10882	490	4.437195457603621
GSM6339599	TGATGACTCAAACTCA-1	20044	10773	518	4.155304155304155
GSM6339599	TGATGACTCAATACGC-1	20044	8796	396	4.437986256168075
GSM6339599	TGATGACTCACAAGCT-1	20044	1795	84	4.269539983825698
GSM6339599	TGATGACTCATGCTCC-1	20044	6719	320	4.19517982017982
GSM6339599	TGATGACTCATTCATC-1	20044	10903	466	4.674724417213688
GSM6339599	TGATGACTCCTTGCAC-1	20044	7683	329	4.6658508664587695
GSM6339599	TGATGACTCTTAGCCC-1	20044	7196	319	4.507091654427078
GSM6339599	TGATGATGTCCTAAGA-1	20044	2179	88	4.947325401870856
GSM6339599	TGATGATGTCCTTCTC-1	20044	4923	218	4.512001759708181
GSM6339599	TGATTAGTCAAACCTA-1	20044	12698	557	4.554870623093244
GSM6339599	TGATTAGTCAAAGGCA-1	20044	11009	587	3.747189777854173
GSM6339599	TGATTAGTCAGCTAAC-1	20044	11547	576	4.005369630369631
GSM6339599	TGATTAGTCATGCATA-1	20044	14282	753	3.789570323434865
GSM6339599	TGATTAGTCCGCCTAT-1	20044	5156	257	4.008442918948756
GSM6339599	TGATTAGTCCTCCTAA-1	20044	5028	183	5.489592374838276
GSM6339599	TGATTAGTCGATTCTT-1	20044	9622	405	4.746858080191414
GSM6339599	TGATTAGTCTAGCTAA-1	20044	11790	504	4.673897531040389
GSM6339599	TGATTCAAGTAGAGGC-1	20044	10839	479	4.521157339528947
GSM6339599	TGATTCAAGTCCTTCA-1	20044	10727	458	4.679599876106426
GSM6339599	TGATTCAAGTTAGAGG-1	20044	705	32	4.401848151848152
GSM6339599	TGATTCAAGTTCCTGC-1	20044	14721	663	4.436287694206246
GSM6339599	TGCAAGCGTCATTAGG-1	20044	1163	42	5.532562675419819
GSM6339599	TGCAAGCGTGGTTCTT-1	20044	663	21	6.307977736549165
GSM6339599	TGCAAGCGTTCCAGGG-1	20044	2616	109	4.7952047952047945
GSM6339599	TGCAAGCGTTTGGCGG-1	20044	832	17	9.778456837280366
GSM6339599	TGCAATATCAATCATG-1	20044	2005	85	4.7129341246988306
GSM6339599	TGCAATATCATAACGC-1	20044	810	39	4.149696457388765
GSM6339599	TGCAATATCCGTTAAA-1	20044	12837	650	3.9459002535925616
GSM6339599	TGCAATATCGCGCTAA-1	20044	12331	585	4.211514980745751
GSM6339599	TGCACACCACAGAAAC-1	20044	468	15	6.233766233766234
GSM6339599	TGCACCTTCAGGTCCA-1	20044	3668	156	4.697866236327775
GSM6339599	TGCACCTTCTAACCAA-1	20044	1649	65	5.068777376469684
GSM6339599	TGCACCTTCTCATCAT-1	20044	9006	335	5.37134507283761
GSM6339599	TGCACTTGTATGGTGC-1	20044	9210	387	4.754934987493127
GSM6339599	TGCACTTGTCCTAAGA-1	20044	7739	302	5.120045517396511
GSM6339599	TGCAGGCTCACGAATC-1	20044	8700	385	4.514965553926593
GSM6339599	TGCAGGCTCCCGTTAC-1	20044	3881	136	5.701651289886583
GSM6339599	TGCAGGCTCCCTCTAA-1	20044	16691	912	3.6566503671766837
GSM6339599	TGCAGGCTCGTTTCCA-1	20044	2654	102	5.19872284578167
GSM6339599	TGCAGGCTCTCACTCA-1	20044	12517	581	4.30447349552341
GSM6339599	TGCATCCTCAGGGCCT-1	20044	10744	428	5.01554520246109
GSM6339599	TGCATCCTCCGGTATG-1	20044	9818	435	4.509513475030716
GSM6339599	TGCATCCTCGAGGAGT-1	20044	11536	557	4.13805225295351
GSM6339599	TGCATCCTCGCTATGG-1	20044	9962	431	4.618119699326196
GSM6339599	TGCATCCTCTGGTCCT-1	20044	15106	652	4.629113218070274
GSM6339599	TGCATCCTCTGTGAGT-1	20044	7903	297	5.316568952932589
GSM6339599	TGCATCCTCTTGACCC-1	20044	4180	228	3.6630036630036638
GSM6339599	TGCATCCTCTTGAGCG-1	20044	1632	73	4.466766110601728
GSM6339599	TGCATGAGTACTAAAC-1	20044	819	32	5.113636363636364
GSM6339599	TGCATGAGTTAGCATG-1	20044	16723	828	4.035336644032297
GSM6339599	TGCATGAGTTAGGACC-1	20044	12247	505	4.8454515781248455
GSM6339599	TGCATTAAGAATCGCT-1	20044	12720	609	4.17316673474309
GSM6339599	TGCATTAAGCCTCTGT-1	20044	3108	146	4.253280965609733
GSM6339599	TGCATTAAGCTGAGGG-1	20044	2274	96	4.732767232767233
GSM6339599	TGCATTAAGCTGGACC-1	20044	10579	582	3.6317634255778586
GSM6339599	TGCATTAAGGATCCGC-1	20044	7580	341	4.441306494092418
GSM6339599	TGCATTAAGGCACAGG-1	20044	7590	272	5.575307045895281
GSM6339599	TGCATTAAGGGACGCA-1	20044	8358	397	4.206372972116045
GSM6339599	TGCATTAAGTTAGACC-1	20044	4909	192	5.108433233433233
GSM6339599	TGCCATTGTCATAACG-1	20044	9930	411	4.827289498822345
GSM6339599	TGCCATTGTGTTGTAG-1	20044	11728	497	4.7148023003153785
GSM6339599	TGCCATTGTTAATGCG-1	20044	13452	651	4.128590303705511
GSM6339599	TGCCGGTAGCAGCTCA-1	20044	10995	549	4.0014630178564605
GSM6339599	TGCCGGTAGGATTGAG-1	20044	3411	129	5.283089004019236
GSM6339599	TGCCGGTAGGGCTAAA-1	20044	8907	310	5.740710902001224
GSM6339599	TGCCGGTAGGTCGATT-1	20044	14434	510	5.654737419443302
GSM6339599	TGCCGGTAGGTTACAC-1	20044	6687	283	4.721073979024509
GSM6339599	TGCCGGTAGTAGGATG-1	20044	7137	327	4.360776837841058
GSM6339599	TGCCGGTAGTCCTTCA-1	20044	9285	451	4.113403226485267
GSM6339599	TGCCTGTTCACAGCGC-1	20044	9915	498	3.977949761082291
GSM6339599	TGCCTGTTCGGGACCT-1	20044	13467	672	4.004031682603111
GSM6339599	TGCCTGTTCTAGCGAT-1	20044	6821	284	4.798722404356207
GSM6339599	TGCCTGTTCTGTGAGT-1	20044	3545	125	5.666333666333666
GSM6339599	TGCCTGTTCTGTTGCC-1	20044	1682	68	4.942116706822588
GSM6339599	TGCCTGTTCTTAGCGG-1	20044	7704	321	4.795204795204795
GSM6339599	TGCGATTAGAGCAAGC-1	20044	3259	133	4.895856023675573
GSM6339599	TGCGATTAGGCTATGT-1	20044	578	33	3.4995307722580447
GSM6339599	TGCGCAGGTAGCCTAA-1	20044	661	28	4.716711859569002
GSM6339599	TGCGCAGGTAGTTGGC-1	20044	7940	379	4.1857878269487765
GSM6339599	TGCGCAGGTGATGATT-1	20044	12097	509	4.748493157137558
GSM6339599	TGCGCAGGTGCGCGTA-1	20044	19691	823	4.780395788901256
GSM6339599	TGCGCAGGTGCTCCAC-1	20044	8181	359	4.5531070600708485
GSM6339599	TGCGCAGGTTGAGCCG-1	20044	10655	477	4.463042198891255
GSM6339599	TGCGCAGGTTGCGCGA-1	20044	10509	453	4.63509999933841
GSM6339599	TGCGCGAGTGATGATT-1	20044	659	33	3.989949444494899
GSM6339599	TGCGGTTCACGAATTT-1	20044	16093	705	4.560829241680305
GSM6339599	TGCGGTTCACGGTTTA-1	20044	10728	538	3.984119969250081
GSM6339599	TGCGGTTCAGGAAGCC-1	20044	4211	176	4.780446825901372
GSM6339599	TGCTAACAGACTTACA-1	20044	5770	261	4.417038899797521
GSM6339599	TGCTAACAGGGTCTAT-1	20044	11250	545	4.124316050921555
GSM6339599	TGCTAGCCAAATTCGT-1	20044	1805	65	5.548297855990163
GSM6339599	TGCTAGCCACGAATTT-1	20044	17203	797	4.312625893554375
GSM6339599	TGCTAGCCACGTGCTG-1	20044	694	31	4.472946408430279
GSM6339599	TGCTAGCCACTAGCGT-1	20044	1207	50	4.823176823176823
GSM6339599	TGCTAGCCACTGGCTG-1	20044	7355	362	4.059476435167043
GSM6339599	TGCTAGCCATGCATAT-1	20044	9214	444	4.146304146304146
GSM6339599	TGCTATGCACAGACTC-1	20044	9012	366	4.919670493440985
GSM6339599	TGCTATGCACAGGGAC-1	20044	11994	599	4.000673783645403
GSM6339599	TGCTATGCACGTGCTG-1	20044	11583	606	3.818953323903819
GSM6339599	TGCTATGCACTAGCGT-1	20044	13022	601	4.329115144422965
GSM6339599	TGCTATGCACTTGTTC-1	20044	7245	287	5.043736751053824
GSM6339599	TGCTATGCAGCTTACA-1	20044	10076	511	3.9397002215006127
GSM6339599	TGCTATGCATGAATAG-1	20044	2663	108	4.926554926554926
GSM6339599	TGCTATGCATTAAGCT-1	20044	12813	564	4.539077943333263
GSM6339599	TGCTCAACAAGCGAGC-1	20044	12258	607	4.034844891517049
GSM6339599	TGCTCAACAAGTGAAC-1	20044	1294	62	4.170023524862234
GSM6339599	TGCTCAACACAAAGAC-1	20044	2350	113	4.155136898499731
GSM6339599	TGCTCAACACAGGGAC-1	20044	20047	900	4.450438450438451
GSM6339599	TGCTCAACACTCGCTC-1	20044	12776	564	4.525970483417292
GSM6339599	TGCTCACTCAAACCGT-1	20044	2232	86	5.185512162256348
GSM6339599	TGCTCACTCAATTGGC-1	20044	1868	92	4.056812752464927
GSM6339599	TGCTCACTCATTGACA-1	20044	1973	86	4.583788304718538
GSM6339599	TGCTCCGTCAGGAACA-1	20044	541	27	4.003404003404003
GSM6339599	TGCTCCGTCTCAATAG-1	20044	7400	363	4.0730619243015935
GSM6339599	TGCTCCGTCTTTGACT-1	20044	8426	380	4.430306535569694
GSM6339599	TGCTCTCAGCGCCTTT-1	20044	9800	411	4.764092355333231
GSM6339599	TGCTCTCAGGCCATCA-1	20044	7974	333	4.784404784404784
GSM6339599	TGCTGGATCAATAGCC-1	20044	8485	385	4.403388818973235
GSM6339599	TGCTGGATCGAAGCGG-1	20044	3410	177	3.849258086546222
GSM6339599	TGCTGGATCGGTCAAT-1	20044	5258	250	4.202197802197802
GSM6339599	TGCTTAAAGCCTCTCG-1	20044	708	22	6.429933702660976
GSM6339599	TGCTTAAAGGTCTTGG-1	20044	7908	366	4.316994480928907
GSM6339599	TGCTTAAAGTCATCCC-1	20044	4312	183	4.707860445565363
GSM6339599	TGCTTCATCATGTCAA-1	20044	7124	379	3.7556111434739403
GSM6339599	TGCTTCATCATTTGCT-1	20044	9631	381	5.050592452167256
GSM6339599	TGCTTCATCCGGTTAG-1	20044	6582	269	4.888791505891878
GSM6339599	TGCTTCATCGAAGTGA-1	20044	11912	580	4.1034827241723795
GSM6339599	TGCTTCATCGTCCTTA-1	20044	871	39	4.462204462204462
GSM6339599	TGCTTCATCTCACATT-1	20044	7721	340	4.537227478403949
GSM6339599	TGCTTCATCTGCAAGT-1	20044	15922	712	4.468003906206153
GSM6339599	TGCTTCCAGCTATTGA-1	20044	9951	461	4.312823835600408
GSM6339599	TGCTTCCAGGATCACT-1	20044	4997	226	4.417706187617693
GSM6339599	TGCTTCCAGGATTGCT-1	20044	10816	551	3.922030782284866
GSM6339599	TGCTTCCAGGATTTGC-1	20044	3214	154	4.169856117908066
GSM6339599	TGCTTCCAGGCCTAAT-1	20044	20904	916	4.55963250723076
GSM6339599	TGCTTGCTCATGGTTA-1	20044	9535	373	5.107493043149879
GSM6339599	TGCTTGTGTAATCACG-1	20044	4172	167	4.991415769858883
GSM6339599	TGCTTGTGTCAATAGT-1	20044	3325	122	5.445374297833315
GSM6339599	TGCTTGTGTGAGCAAG-1	20044	14242	600	4.7425907425907425
GSM6339599	TGCTTTAGTAATCGTG-1	20044	8677	324	5.350822017488683
GSM6339599	TGCTTTAGTCTTGCTG-1	20044	511	19	5.373573794626426
GSM6339599	TGCTTTAGTTTGCGCC-1	20044	3690	180	4.095904095904096
GSM6339599	TGGAACAAGACTTACA-1	20044	4050	169	4.7881112969870365
GSM6339599	TGGAACAAGCTATTGA-1	20044	5994	274	4.370811670081743
GSM6339599	TGGAACAAGCTCCTTA-1	20044	8014	340	4.709408238820004
GSM6339599	TGGAACAAGCTGGACC-1	20044	5287	255	4.142524142524143
GSM6339599	TGGAACAAGGACTTAC-1	20044	5420	234	4.627850781696936
GSM6339599	TGGAACAAGGATCACT-1	20044	14184	659	4.30040369342342
GSM6339599	TGGAACAAGGTCATTA-1	20044	2229	141	3.1585435840754994
GSM6339599	TGGACAAAGACAAAGT-1	20044	7568	302	5.006913616185139
GSM6339599	TGGACAAAGCCTCTCG-1	20044	10476	486	4.306804306804307
GSM6339599	TGGACAAAGGTAACGA-1	20044	5284	242	4.36257956919114
GSM6339599	TGGACAAAGTTGTCCC-1	20044	11529	532	4.329880645670118
GSM6339599	TGGACCGGTATTGGTG-1	20044	5182	250	4.141458541458542
GSM6339599	TGGACCGGTCAATGTG-1	20044	10412	476	4.370419496469917
GSM6339599	TGGACCGGTCCGTGAG-1	20044	11158	507	4.397180728541675
GSM6339599	TGGACCGGTGGATTGC-1	20044	4098	174	4.705639188397809
GSM6339599	TGGACCGGTTTATGGG-1	20044	9380	426	4.399356512032568
GSM6339599	TGGACGGAGAGGAGTC-1	20044	9304	408	4.556228085639851
GSM6339599	TGGACGGAGCAAGATG-1	20044	6448	286	4.504586322768142
GSM6339599	TGGACGGAGGACCTTG-1	20044	10460	523	3.9960039960039953
GSM6339599	TGGACGGAGTAGCCAT-1	20044	10660	500	4.25974025974026
GSM6339599	TGGACTAGTTATCCTA-1	20044	904	31	5.826431632883246
GSM6339599	TGGACTAGTTGACTTC-1	20044	7981	335	4.7600161032996855
GSM6339599	TGGACTAGTTGCGGAT-1	20044	9409	408	4.6076472547060785
GSM6339599	TGGACTAGTTGTCATC-1	20044	12113	480	5.042041292041292
GSM6339599	TGGATTCAGCGGCTGT-1	20044	3459	172	4.018074948307507
GSM6339599	TGGATTCAGGACTTAC-1	20044	11925	575	4.14368240455197
GSM6339599	TGGATTCAGGTCATTA-1	20044	3178	125	5.07972027972028
GSM6339599	TGGATTCAGTGAGGGT-1	20044	5205	193	5.388393989430259
GSM6339599	TGGATTGGTAAGCACC-1	20044	297	11	5.394605394605395
GSM6339599	TGGATTGGTCATTGAG-1	20044	6217	272	4.566756772639126
GSM6339599	TGGATTGGTGGAAGGC-1	20044	10620	513	4.136214662530452
GSM6339599	TGGATTGGTTACGCGG-1	20044	10863	458	4.738929193077665
GSM6339599	TGGATTGGTTGGGTTA-1	20044	1048	33	6.345169981533618
GSM6339599	TGGCCAATCATGGCTG-1	20044	552	27	4.084804084804085
GSM6339599	TGGCCATCAAATATCC-1	20044	3679	148	4.966654966654966
GSM6339599	TGGCCATCAAGGGTTG-1	20044	9137	419	4.356979535977149
GSM6339599	TGGCCATCACAGAACG-1	20044	11305	494	4.57235072619688
GSM6339599	TGGCCATCAGAACCGA-1	20044	14359	729	3.935433565063195
GSM6339599	TGGCCATCAGTAATAG-1	20044	11357	552	4.110744328135633
GSM6339599	TGGCCATCATCAATCG-1	20044	341	16	4.258241758241758
GSM6339599	TGGCCTGCAATAATCC-1	20044	3384	172	3.930952768162071
GSM6339599	TGGCCTGCAATCCTAG-1	20044	3369	149	4.517630020985726
GSM6339599	TGGCCTGCAATGCCTA-1	20044	9661	452	4.2705082528091385
GSM6339599	TGGCCTGCACTTAGGC-1	20044	11475	503	4.558066188284876
GSM6339599	TGGCCTGCATACTCCT-1	20044	5003	197	5.074113703555327
GSM6339599	TGGCCTTTCTCCTCTT-1	20044	9677	432	4.475616975616975
GSM6339599	TGGCCTTTCTTGATGA-1	20044	2535	110	4.6044864226682405
GSM6339599	TGGCGGTTCCCGAACA-1	20044	11778	506	4.65068528309635
GSM6339599	TGGCGGTTCCCTGTTA-1	20044	9684	460	4.206228554054642
GSM6339599	TGGCGGTTCCTCATGC-1	20044	12509	530	4.715661696793773
GSM6339599	TGGCGGTTCGAAGTAG-1	20044	6733	329	4.088920198342691
GSM6339599	TGGCGGTTCGCTAGCA-1	20044	12751	531	4.797838696143781
GSM6339599	TGGCGGTTCTAGCGAT-1	20044	11253	503	4.469883992746815
GSM6339599	TGGCTAAGTCATCAAG-1	20044	567	20	5.664335664335664
GSM6339599	TGGCTATAGGAGGTTA-1	20044	12018	506	4.745452176282217
GSM6339599	TGGCTATAGGCAAGTA-1	20044	15311	768	3.9832563270063273
GSM6339599	TGGCTATAGGCAATAG-1	20044	7130	296	4.812754812754813
GSM6339599	TGGCTATAGGCCTGGT-1	20044	16526	901	3.664703775691567
GSM6339599	TGGCTATAGGCGCTAC-1	20044	1469	61	4.811581860762188
GSM6339599	TGGCTTTGTACTGATG-1	20044	14191	665	4.263706218593437
GSM6339599	TGGCTTTGTTATCCTA-1	20044	762	34	4.47787506611036
GSM6339599	TGGGCATGTAGGATCC-1	20044	7737	401	3.8549978699604637
GSM6339599	TGGGCATGTAGGTGTC-1	20044	13335	584	4.562218603314494
GSM6339599	TGGGCATGTAGGTTTG-1	20044	13410	703	3.811266969161706
GSM6339599	TGGGCATGTATCTGGA-1	20044	7443	361	4.1194262800911
GSM6339599	TGGGCATGTCTAACAG-1	20044	11560	556	4.154119262032932
GSM6339599	TGGGCATGTTTGGTTC-1	20044	6934	339	4.0867686885386
GSM6339599	TGGGCCTAGAACCTGT-1	20044	11156	457	4.87739831284689
GSM6339599	TGGGCCTAGCTAATTG-1	20044	7877	372	4.230715521038102
GSM6339599	TGGGCCTAGTAGCGCC-1	20044	14490	708	4.089131207775275
GSM6339599	TGGTAAACAACATAAG-1	20044	1583	62	5.101350262640586
GSM6339599	TGGTAAACACAAGCCT-1	20044	11223	515	4.3540925094323155
GSM6339599	TGGTAAACAGGTTTGC-1	20044	1035	35	5.9083773369487655
GSM6339599	TGGTAAACATTGACAT-1	20044	8208	345	4.753507362203014
GSM6339599	TGGTCAAGTAAGCTCA-1	20044	5564	241	4.612814571320794
GSM6339599	TGGTCAAGTAGCAGCT-1	20044	4355	190	4.579630895420369
GSM6339599	TGGTCAAGTCATCAAG-1	20044	3982	159	5.003801230216324
GSM6339599	TGGTCAAGTGCGCAAT-1	20044	9967	412	4.8335159985645415
GSM6339599	TGGTCAAGTGCTGGTG-1	20044	5242	262	3.9975291883688824
GSM6339599	TGGTCAAGTTGCAATG-1	20044	9838	410	4.794230160083819
GSM6339599	TGGTCAGTCACAGGAA-1	20044	10488	486	4.311737645070978
GSM6339599	TGGTCAGTCAGGCTAT-1	20044	5818	229	5.076146560862718
GSM6339599	TGGTCAGTCATTAGTG-1	20044	8072	394	4.093368560373636
GSM6339599	TGGTCAGTCATTTGTC-1	20044	1029	45	4.568764568764569
GSM6339599	TGGTCATAGCCGCTTT-1	20044	5307	236	4.492964662456188
GSM6339599	TGGTCATAGCGCATTG-1	20044	4998	208	4.800968262506724
GSM6339599	TGGTCATAGCTAAGTC-1	20044	531	16	6.630869130869131
GSM6339599	TGGTCATAGCTGAGGG-1	20044	6521	277	4.703599649448025
GSM6339599	TGGTCATAGTTTAACG-1	20044	11823	608	3.8852594773647406
GSM6339599	TGGTCCTTCATAAGCC-1	20044	11042	555	3.9751239751239753
GSM6339599	TGGTCCTTCCAGGTCA-1	20044	5296	195	5.426368503291581
GSM6339599	TGGTCCTTCCGGGACT-1	20044	20490	882	4.6416168865148455
GSM6339599	TGGTCCTTCGCTAAGT-1	20044	12322	591	4.165715840842744
GSM6339599	TGGTCCTTCTCAATAG-1	20044	5128	203	5.047169579189283
GSM6339599	TGGTGATTCATTAGGC-1	20044	17384	714	4.864603183930915
GSM6339599	TGGTGATTCATTTGTC-1	20044	12181	571	4.262287624809516
GSM6339599	TGGTGATTCCTAATGA-1	20044	6778	327	4.141424324910563
GSM6339599	TGGTGATTCTATGACA-1	20044	3671	163	4.499794683843764
GSM6339599	TGGTGCATCCCAGTAG-1	20044	2879	117	4.916451070297224
GSM6339599	TGGTGCATCGCATTAA-1	20044	10243	462	4.4297693648343
GSM6339599	TGGTGCATCGCTAGCA-1	20044	9345	453	4.121706108461074
GSM6339599	TGGTGCATCTCACTCA-1	20044	4029	160	5.031218781218781
GSM6339599	TGGTTAATCACGTTAA-1	20044	11067	518	4.268704268704269
GSM6339599	TGGTTAATCTAATCCT-1	20044	6288	230	5.462363723233288
GSM6339599	TGGTTAATCTAATCTC-1	20044	11129	578	3.847018033869245
GSM6339599	TGGTTCCTCAACAAGG-1	20044	3211	132	4.860291223927588
GSM6339599	TGGTTCCTCACTAGGT-1	20044	12574	511	4.91641430976069
GSM6339599	TGGTTCCTCAGGGCCT-1	20044	7590	278	5.4549766779982605
GSM6339599	TGGTTCCTCATGTTTC-1	20044	6454	245	5.2633081204509775
GSM6339599	TGGTTCCTCCGTTAAA-1	20044	13152	644	4.0803916580314095
GSM6339599	TGGTTCCTCGATTCTT-1	20044	9610	479	4.008517578454947
GSM6339599	TGGTTCCTCGCTATAA-1	20044	10671	501	4.255624614906052
GSM6339599	TGGTTCCTCTAAGTGC-1	20044	4035	148	5.447255447255447
GSM6339599	TGGTTCCTCTACCTGC-1	20044	2182	109	3.999670054715926
GSM6339599	TGGTTCTGTAGGATCC-1	20044	10740	523	4.102971598191483
GSM6339599	TGGTTCTGTCCTAATC-1	20044	8371	346	4.833894429270152
GSM6339599	TGGTTCTGTGAGCAAG-1	20044	4775	175	5.4516911659768805
GSM6339599	TGGTTCTGTGGGAACA-1	20044	20928	890	4.698223125189417
GSM6339599	TGGTTCTGTGGTTCTT-1	20044	13419	625	4.289790209790209
GSM6339599	TGGTTCTGTTATCGAG-1	20044	399	16	4.9825174825174825
GSM6339599	TGGTTCTGTTTGCGAA-1	20044	542	18	6.0162060162060165
GSM6339599	TGGTTGAGTAAGGTTT-1	20044	4406	203	4.336550149358032
GSM6339599	TGGTTGAGTAGCCTCC-1	20044	526	22	4.777041140677504
GSM6339599	TGGTTGAGTGGTTCCC-1	20044	567	25	4.531468531468532
GSM6339599	TGTAAAGCAGCCGCTA-1	20044	10964	538	4.071764666560206
GSM6339599	TGTAAAGCAGCCTAAC-1	20044	11005	493	4.4600429995967525
GSM6339599	TGTAACTCACCGGCTA-1	20044	8932	427	4.179427130246803
GSM6339599	TGTAACTCACCTGTAA-1	20044	8725	402	4.336459560340158
GSM6339599	TGTAACTCACGTGCTG-1	20044	13813	630	4.380698666412952
GSM6339599	TGTAACTCAGGCCTTG-1	20044	7993	351	4.549866088327627
GSM6339599	TGTAAGCTCAATCATG-1	20044	3150	167	3.7686864034169423
GSM6339599	TGTAAGCTCAGGGCCT-1	20044	10019	419	4.777561340807163
GSM6339599	TGTAAGCTCATTCATC-1	20044	11417	509	4.481569511039059
GSM6339599	TGTAAGCTCCCGAACA-1	20044	7519	309	4.861804861804862
GSM6339599	TGTAAGCTCGCATTAA-1	20044	11841	535	4.422119936138628
GSM6339599	TGTAAGCTCTAGCTAA-1	20044	14506	732	3.959428549592484
GSM6339599	TGTAAGTGTACTTAGG-1	20044	4604	187	4.919145026096897
GSM6339599	TGTAAGTGTAGGTGTC-1	20044	9786	415	4.711433145168085
GSM6339599	TGTAAGTGTCAATACG-1	20044	10904	501	4.348545665910936
GSM6339599	TGTAAGTGTCGCGCAA-1	20044	4813	193	4.982582184654724
GSM6339599	TGTAAGTGTGTTCCCA-1	20044	625	31	4.028229834681447
GSM6339599	TGTAAGTGTTAGCAGC-1	20044	7648	360	4.2446442446442445
GSM6339599	TGTAAGTGTTGCTGGG-1	20044	11304	522	4.326707774983637
GSM6339599	TGTAATGTCAGAAACG-1	20044	9309	387	4.806046666511783
GSM6339599	TGTAATGTCCAACTGG-1	20044	13770	655	4.200379772898857
GSM6339599	TGTAATGTCCTGATGG-1	20044	3854	145	5.3105515174480695
GSM6339599	TGTAATGTCTATGACA-1	20044	1656	77	4.297001699599102
GSM6339599	TGTATCCGTGAAACAA-1	20044	6155	268	4.588694887202349
GSM6339599	TGTATCCGTGAATCGC-1	20044	9544	395	4.8275774858053335
GSM6339599	TGTATCCGTTCTTTAG-1	20044	5252	222	4.726804726804727
GSM6339599	TGTATCGCATAATCAC-1	20044	5738	319	3.59389826474466
GSM6339599	TGTATCGCATTGACAT-1	20044	11561	561	4.117451176274705
GSM6339599	TGTCAATCACCAGCAT-1	20044	14246	764	3.725593777949799
GSM6339599	TGTCAATCAGAATGAC-1	20044	10337	404	5.1122145181551115
GSM6339599	TGTCAATCAGCACGAA-1	20044	9997	399	5.006021547374931
GSM6339599	TGTCAATCATTGTGTG-1	20044	14030	743	3.7728086180306906
GSM6339599	TGTCAGTAGCACGTTG-1	20044	12529	624	4.011693434770358
GSM6339599	TGTCAGTAGCAGGTGG-1	20044	12319	562	4.379606158965589
GSM6339599	TGTCAGTAGGACACTT-1	20044	11783	474	4.966763194611295
GSM6339599	TGTCAGTAGGACCGCT-1	20044	1816	103	3.522690901331678
GSM6339599	TGTCAGTAGTATTGCA-1	20044	7448	315	4.724164724164725
GSM6339599	TGTCATAAGACAACGA-1	20044	6047	232	5.207723311171587
GSM6339599	TGTCATAAGCATGTCG-1	20044	10637	476	4.464862868224213
GSM6339599	TGTCATAAGGAACACA-1	20044	10022	454	4.410567406162119
GSM6339599	TGTCATAAGGCGAATA-1	20044	11498	484	4.7464931762452425
GSM6339599	TGTCATAAGGGTCCAC-1	20044	14361	765	3.7507590448766917
GSM6339599	TGTCATAAGTAGCGGG-1	20044	12698	618	4.105279833435174
GSM6339599	TGTCATAAGTATGTGC-1	20044	1770	81	4.366004366004366
GSM6339599	TGTCCTGGTGCTGGTG-1	20044	5421	221	4.900981371569607
GSM6339599	TGTCCTGGTGCTTACT-1	20044	818	19	8.601924391398075
GSM6339599	TGTCCTGGTTAGCTGA-1	20044	8092	373	4.334539455182886
GSM6339599	TGTCCTTCAAACTGTT-1	20044	9123	406	4.489599070879859
GSM6339599	TGTCCTTCAAAGCTCC-1	20044	7596	287	5.288091699241525
GSM6339599	TGTCCTTCACAATGCC-1	20044	10199	452	4.508323534872208
GSM6339599	TGTCCTTCATGATTGT-1	20044	622	26	4.779835549066319
GSM6339599	TGTGAAACAACATAAG-1	20044	13041	642	4.058558264165741
GSM6339599	TGTGAAACAATCATGT-1	20044	14541	733	3.963567128642163
GSM6339599	TGTGAAACACACCAAC-1	20044	5880	270	4.351204351204351
GSM6339599	TGTGAAACAGGCATCT-1	20044	9968	474	4.201705467528252
GSM6339599	TGTGAAACAGTACCGT-1	20044	10050	444	4.522504522504522
GSM6339599	TGTGAAACATTGTTGG-1	20044	11269	540	4.169534169534169
GSM6339599	TGTGATCAGACTAAGG-1	20044	15408	762	4.040054433755221
GSM6339599	TGTGATCAGCGATAAG-1	20044	6023	244	4.93195329260903
GSM6339599	TGTGATCAGGCGCTAC-1	20044	5740	251	4.569136043239629
GSM6339599	TGTGATCAGTACCGCA-1	20044	13996	686	4.0763900822209855
GSM6339599	TGTGATCAGTTTGAGC-1	20044	13758	531	5.176744159795008
GSM6339599	TGTGCAAGTACGCGCA-1	20044	12172	587	4.143046051052865
GSM6339599	TGTGCAAGTAGCCTAA-1	20044	835	29	5.752867821833339
GSM6339599	TGTGCAAGTGGACATC-1	20044	1301	51	5.096863920393332
GSM6339599	TGTGCAAGTTACTTCA-1	20044	3912	160	4.885114885114885
GSM6339599	TGTGCAAGTTAGTTGG-1	20044	9656	407	4.740222922041103
GSM6339599	TGTGCAAGTTTGCGAA-1	20044	1954	96	4.066766566766567
GSM6339599	TGTGCGCAGAGGAGGA-1	20044	7716	336	4.58826887398316
GSM6339599	TGTGCGCAGCACGTTG-1	20044	3828	160	4.78021978021978
GSM6339599	TGTGCGCAGGTGAAAT-1	20044	11662	535	4.355270897326972
GSM6339599	TGTGCGCAGTTGTCAA-1	20044	9834	439	4.475706525820422
GSM6339599	TGTGCGGGTGAGCACT-1	20044	2424	84	5.765662908520052
GSM6339599	TGTGCTGAGATTGAGG-1	20044	9599	482	3.9790085433238955
GSM6339599	TGTGCTGAGCGATACT-1	20044	3866	158	4.888782103971977
GSM6339599	TGTGCTGAGCTTAGCG-1	20044	5693	254	4.478198966387943
GSM6339599	TGTGCTGAGGTCCACA-1	20044	15225	804	3.7835299029328886
GSM6339599	TGTGGAGCAATACTGT-1	20044	5196	238	4.362024530091757
GSM6339599	TGTGGAGCAATTAAGG-1	20044	11237	524	4.284646651058864
GSM6339599	TGTGGAGCAGATTCAT-1	20044	11247	500	4.4943056943056945
GSM6339599	TGTGGAGCAGGATTAA-1	20044	5686	262	4.336121893373802
GSM6339599	TGTGGAGCAGGCGATA-1	20044	10111	501	4.032295050259123
GSM6339599	TGTGGCCAGACAAAGT-1	20044	3890	117	6.6429297198527975
GSM6339599	TGTGGCCAGACACTTA-1	20044	834	43	3.8751945728689914
GSM6339599	TGTGGCCAGAGCCGGA-1	20044	5013	200	5.007992007992008
GSM6339599	TGTGGCCAGCTATTAG-1	20044	19878	1011	3.9284157978520002
GSM6339599	TGTGGCCAGGCAAGTA-1	20044	5484	187	5.859381260450778
GSM6339599	TGTGGCCAGTCTCACC-1	20044	10400	533	3.8985404839063373
GSM6339599	TGTGGCGGTATGTGGC-1	20044	345	14	4.923647780790637
GSM6339599	TGTGGCGGTCAATGTG-1	20044	3376	137	4.923543609674996
GSM6339599	TGTGGCGGTGCCTCAC-1	20044	8569	374	4.5777751660104595
GSM6339599	TGTGGCGGTTACTTGC-1	20044	6926	341	4.058111976000539
GSM6339599	TGTGGCGGTTCAAGAT-1	20044	13250	657	4.029456084250604
GSM6339599	TGTGGCGGTTTGGCGG-1	20044	6562	280	4.682460396746111
GSM6339599	TGTGGCTCAAATTGCT-1	20044	4634	199	4.652633798362442
GSM6339599	TGTGGCTCACTGGCCA-1	20044	13295	666	3.9885039885039886
GSM6339599	TGTGGCTCAGCGCTTG-1	20044	10872	485	4.478820148923242
GSM6339599	TGTGGCTCATAATCGT-1	20044	7552	311	4.851739899971411
GSM6339599	TGTGGCTCATGTGGGA-1	20044	1752	94	3.723935638829256
GSM6339599	TGTGTGAGTAAGCACC-1	20044	6237	271	4.598353675844451
GSM6339599	TGTGTGAGTAATGACT-1	20044	3545	160	4.426823176823176
GSM6339599	TGTGTGAGTGCGCAAT-1	20044	12367	613	4.030879397926706
GSM6339599	TGTGTGAGTTAGCCAA-1	20044	4357	156	5.580317118778657
GSM6339599	TGTGTGAGTTTGGTTC-1	20044	8716	442	3.9399514512636684
GSM6339599	TGTGTTAAGGCCAATT-1	20044	4737	199	4.756047972128374
GSM6339599	TGTGTTAAGGCGCACT-1	20044	9895	446	4.432786943997706
GSM6339599	TGTGTTAAGGCTCATG-1	20044	307	10	6.1338661338661336
GSM6339599	TGTGTTAAGTAACGGA-1	20044	15157	793	3.818879733129418
GSM6339599	TGTGTTAAGTAGGCGG-1	20044	7908	339	4.660825899763953
GSM6339599	TGTGTTAAGTTAGACC-1	20044	11959	535	4.466188017589888
GSM6339599	TGTGTTAAGTTGGCCA-1	20044	10910	517	4.216286614739226
GSM6339599	TGTTACTTCCGCCAAA-1	20044	23777	1065	4.460703615633193
GSM6339599	TGTTACTTCCGGTTGA-1	20044	9895	431	4.5870602715150275
GSM6339599	TGTTACTTCGCTAGTG-1	20044	9675	427	4.527088836222326
GSM6339599	TGTTAGCAGCATGGTT-1	20044	10187	423	4.811736726630343
GSM6339599	TGTTAGCAGGCCCAGT-1	20044	1934	99	3.903167539531176
GSM6339599	TGTTAGCAGTAGCGCC-1	20044	9127	437	4.172943761044448
GSM6339599	TGTTATGAGACAGGTA-1	20044	12926	635	4.067113988373831
GSM6339599	TGTTATGAGCCGCTAA-1	20044	11481	472	4.85997053793664
GSM6339599	TGTTATGAGCTGTACG-1	20044	15920	753	4.2241954592552196
GSM6339599	TGTTATGAGGCATGAA-1	20044	14534	674	4.308451192724189
GSM6339599	TGTTATGAGTAGGATG-1	20044	12545	568	4.4128406804463145
GSM6339599	TGTTCATTCCTTCTAG-1	20044	1931	78	4.946335715566485
GSM6339599	TGTTCATTCGGCTATG-1	20044	13897	669	4.150408634713568
GSM6339599	TGTTCATTCTCCTCTT-1	20044	7598	350	4.3373769088054805
GSM6339599	TGTTCATTCTTAATGG-1	20044	739	32	4.614135864135864
GSM6339599	TGTTCCTCAAAGCGCA-1	20044	7765	348	4.458185492668251
GSM6339599	TGTTCCTCAAGATTCT-1	20044	14238	708	4.018015882422662
GSM6339599	TGTTCCTCAATTTGGT-1	20044	13870	669	4.1423449495198374
GSM6339599	TGTTCCTCACATAACT-1	20044	4845	162	5.975505975505976
GSM6339599	TGTTCCTCAGGACCAA-1	20044	8441	341	4.945787350479432
GSM6339599	TGTTCCTCAGGTCCTG-1	20044	12965	682	3.7982545313923612
GSM6339599	TGTTCCTCATGAAATG-1	20044	7935	332	4.77534513679092
GSM6339599	TGTTCCTCATTAGCGC-1	20044	13479	545	4.941480537810813
GSM6339599	TGTTGCACAACTAGCC-1	20044	8831	424	4.161404633102746
GSM6339599	TGTTGCACAAGCTTTG-1	20044	7080	323	4.379521407385185
GSM6339599	TGTTGCACATAATTGC-1	20044	8070	361	4.466447679744078
GSM6339599	TGTTGCACATGTCGCG-1	20044	2976	109	5.455095363352244
GSM6339599	TGTTGGCCAATCCTAG-1	20044	3360	163	4.118580805697371
GSM6339599	TGTTGGCCACAAAGCG-1	20044	5282	252	4.187875616447045
GSM6339599	TGTTGTAAGACAGGCG-1	20044	12252	626	3.9104665302748374
GSM6339599	TGTTGTAAGAGCCGCT-1	20044	14236	599	4.748506918790725
GSM6339599	TGTTGTAAGCAATAGG-1	20044	13012	567	4.58518553756649
GSM6339599	TGTTGTAAGCCTGAGC-1	20044	11102	487	4.5547881276834055
GSM6339599	TGTTGTAAGCGGATAA-1	20044	9221	428	4.304573930742155
GSM6339599	TGTTGTAAGGCCGGAA-1	20044	9074	442	4.101780572368808
GSM6339599	TGTTGTAAGGGATTAG-1	20044	1747	65	5.370014600783832
GSM6339599	TGTTGTGCAAGTGTCC-1	20044	1138	45	5.0527250527250525
GSM6339599	TGTTGTGCACAGAACG-1	20044	13118	665	3.941321836058678
GSM6339599	TGTTGTGCACGAACAG-1	20044	11327	508	4.454993825072565
GSM6339599	TGTTGTGCAGCTCAAC-1	20044	11890	496	4.789565273436241
GSM6339599	TGTTGTGCAGTAAGTA-1	20044	13190	612	4.306151364974895
GSM6339599	TGTTGTTTCAAGCTAC-1	20044	18497	860	4.297330576400344
GSM6339599	TGTTGTTTCGCTAGCA-1	20044	13261	669	3.9604640501501485
GSM6339599	TGTTGTTTCTATTGTC-1	20044	5432	221	4.9109261778945035
GSM6339599	TGTTTGTTCATGCTCC-1	20044	389	11	7.065661611116156
GSM6339599	TGTTTGTTCATGGCCA-1	20044	8582	382	4.488705012265222
GSM6339599	TGTTTGTTCCTCATGC-1	20044	549	23	4.7691438995786815
GSM6339599	TGTTTGTTCGTGCTTC-1	20044	327	13	5.025743487281948
GSM6339599	TTAAAGGCAAGGCCAA-1	20044	10827	499	4.3351438141017296
GSM6339599	TTAAAGGCAGAGGCTA-1	20044	7553	431	3.5013710187724114
GSM6339599	TTAAAGGCAGTAAGTA-1	20044	7628	320	4.762737262737263
GSM6339599	TTAAAGGCATTTAAGC-1	20044	11204	475	4.712760923287239
GSM6339599	TTAACCAAGACAAACG-1	20044	11770	550	4.275724275724276
GSM6339599	TTAACCAAGCAAGACA-1	20044	11294	492	4.586470440128976
GSM6339599	TTAACCAAGCCTCTCG-1	20044	12379	548	4.513369841836995
GSM6339599	TTAACCAAGCCTGGTA-1	20044	926	52	3.557980481057404
GSM6339599	TTAACCAAGGCGGGTA-1	20044	8987	477	3.7643698021056515
GSM6339599	TTAACTGAGCACGATT-1	20044	2057	96	4.281135531135531
GSM6339599	TTAACTGAGCTTAACA-1	20044	10116	491	4.1164538109548285
GSM6339599	TTAACTGAGGCGTAAA-1	20044	2703	90	6.000666000666
GSM6339599	TTAACTGAGGTCGATT-1	20044	14369	583	4.9244066396725055
GSM6339599	TTAACTGAGTTATGTG-1	20044	10229	479	4.26671449635959
GSM6339599	TTAAGCCAGCGGATTT-1	20044	10575	489	4.320832541691438
GSM6339599	TTAAGCCAGTCATTGA-1	20044	2305	83	5.548668199270609
GSM6339599	TTAAGCCAGTTTGCGG-1	20044	13023	599	4.343903175288818
GSM6339599	TTAAGGACAACATAAG-1	20044	6412	227	5.643695511536921
GSM6339599	TTAAGGACAACTAGGG-1	20044	1169	48	4.865967365967366
GSM6339599	TTAAGGACAAGGCCAA-1	20044	6202	286	4.332730206856081
GSM6339599	TTAAGGACACGAATTT-1	20044	11827	577	4.095384684639451
GSM6339599	TTAAGGACACTCAACA-1	20044	5113	238	4.292346309153032
GSM6339599	TTAAGGACACTTGTTC-1	20044	7451	299	4.978967520773541
GSM6339599	TTAAGGTGTAACGGGA-1	20044	13186	556	4.738427040585314
GSM6339599	TTAAGGTGTACCGGAT-1	20044	8086	344	4.696466324373302
GSM6339599	TTAAGGTGTAGGATCC-1	20044	10712	503	4.254989543259921
GSM6339599	TTAAGGTGTCCTCCAA-1	20044	6350	285	4.451688662214978
GSM6339599	TTAAGGTGTCCTTCTC-1	20044	10821	540	4.003774003774003
GSM6339599	TTAAGGTGTCTTGCTG-1	20044	376	18	4.173604173604174
GSM6339599	TTAAGGTGTGTTTGAG-1	20044	11213	527	4.251156812826642
GSM6339599	TTAAGGTGTTCAAGAT-1	20044	7794	320	4.866383616383616
GSM6339599	TTAAGTGTCACAGGAA-1	20044	11631	517	4.494924804402561
GSM6339599	TTAAGTGTCATGCAAC-1	20044	9630	402	4.786258517601802
GSM6339599	TTAAGTGTCATTATGG-1	20044	5249	228	4.599786178733548
GSM6339599	TTAAGTGTCCTCGATC-1	20044	8519	404	4.213113619054213
GSM6339599	TTAAGTGTCGGTCAGC-1	20044	7353	344	4.270729270729271
GSM6339599	TTAATCGAGATAACCC-1	20044	6322	288	4.385891885891886
GSM6339599	TTAATCGAGGTTTGAC-1	20044	7626	315	4.8370676942105515
GSM6339599	TTACACCGTCATTACC-1	20044	9721	461	4.213140438736968
GSM6339599	TTACACCGTGCTCCGT-1	20044	12317	576	4.272463647463647
GSM6339599	TTACACCGTGTGTCCC-1	20044	13150	679	3.869473678015652
GSM6339599	TTACAGCAGACTAAGG-1	20044	10659	476	4.474097331240189
GSM6339599	TTACAGCAGATAGACG-1	20044	7936	300	5.285381285381285
GSM6339599	TTACAGCAGCGAAGTA-1	20044	12967	636	4.0735993566182245
GSM6339599	TTACAGCAGGACGTAA-1	20044	3279	133	4.92590116650267
GSM6339599	TTACAGCAGGCAATAG-1	20044	4494	206	4.358748048068436
GSM6339599	TTACAGCAGGCCTGGT-1	20044	1290	70	3.6820322534608256
GSM6339599	TTACAGCAGGTTAGCT-1	20044	9498	411	4.617280529689288
GSM6339599	TTACAGCAGTCATGCG-1	20044	5137	241	4.258811727691396
GSM6339599	TTACAGCAGTGAGGTA-1	20044	848	44	3.850694759785669
GSM6339599	TTACAGCAGTGGCGGA-1	20044	10018	487	4.110058319503905
GSM6339599	TTACAGCAGTGTTGTA-1	20044	3692	165	4.470680834317198
GSM6339599	TTACAGCAGTTATTCC-1	20044	8320	377	4.409383719728547
GSM6339599	TTACAGCAGTTTCCTG-1	20044	10103	509	3.9657788184310774
GSM6339599	TTACCGTGTAACGGGA-1	20044	9897	404	4.894610340154895
GSM6339599	TTACCGTGTAATCCCT-1	20044	10270	422	4.862436142056995
GSM6339599	TTACCGTGTCCTTAGT-1	20044	12889	555	4.64004464004464
GSM6339599	TTACCGTGTGGGTACT-1	20044	11089	469	4.724060587600033
GSM6339599	TTACCGTGTGTGTGGT-1	20044	14301	680	4.201974496092143
GSM6339599	TTACCTGTCCCGAAGC-1	20044	499	29	3.437941368975852
GSM6339599	TTACCTGTCGCAATCG-1	20044	2003	74	5.408105408105408
GSM6339599	TTACCTGTCTTTGAGA-1	20044	19000	898	4.227398436752557
GSM6339599	TTACGTTTCACGCCAA-1	20044	5702	252	4.520875949447378
GSM6339599	TTACGTTTCGTTTCCA-1	20044	11916	529	4.500603366387866
GSM6339599	TTACGTTTCTCACAAA-1	20044	9442	362	5.211363222412946
GSM6339599	TTACGTTTCTTGACCC-1	20044	4314	211	4.085014511554796
GSM6339599	TTAGAAGCACGTAATT-1	20044	831	31	5.355934388192453
GSM6339599	TTAGAAGCAGTTAAAG-1	20044	6271	311	4.02876865899374
GSM6339599	TTAGAAGCATGTGGGA-1	20044	3996	166	4.809648183142159
GSM6339599	TTAGAAGCATTAAGTC-1	20044	10899	496	4.39036769681931
GSM6339599	TTAGACTCAAACCTTG-1	20044	12668	579	4.371448931034423
GSM6339599	TTAGACTCAAGCCAGA-1	20044	13567	673	4.027770149612646
GSM6339599	TTAGACTCAAGGTATA-1	20044	5576	260	4.284945823407361
GSM6339599	TTAGACTCAGCAAGAT-1	20044	2529	124	4.074957300763752
GSM6339599	TTAGACTCATCGCTTT-1	20044	10728	503	4.261345016812213
GSM6339599	TTAGCAATCATTACGA-1	20044	9510	425	4.470823294352706
GSM6339599	TTAGCAATCCAGGAAA-1	20044	4988	194	5.137130910326786
GSM6339599	TTAGCAATCCTAAATG-1	20044	7202	279	5.157566447889028
GSM6339599	TTAGCAATCTTGCATT-1	20044	3887	167	4.650439380978304
GSM6339599	TTAGCAGGTCGTTATC-1	20044	6882	325	4.230846076999923
GSM6339599	TTAGCAGGTGAATCGC-1	20044	14634	638	4.582877937109912
GSM6339599	TTAGCAGGTGTTAGCA-1	20044	646	25	5.162837162837163
GSM6339599	TTAGCAGGTGTTCCCA-1	20044	6508	332	3.916565362348495
GSM6339599	TTAGCAGGTTATGTGG-1	20044	12483	553	4.510137240697819
GSM6339599	TTAGCAGGTTCATTTG-1	20044	8249	373	4.418637662605491
GSM6339599	TTAGCCTGTAGCTGCG-1	20044	6427	256	5.016077672327672
GSM6339599	TTAGCCTGTCGCATAA-1	20044	1904	89	4.274377308085173
GSM6339599	TTAGCCTGTTCGGGAT-1	20044	3681	223	3.298047244235585
GSM6339599	TTAGCGGTCAGGTTTA-1	20044	10989	548	4.006577364241598
GSM6339599	TTAGCTGCAACGTGCT-1	20044	6312	294	4.28958796305735
GSM6339599	TTAGCTGCAAGGTGGC-1	20044	4763	214	4.446954914244634
GSM6339599	TTAGCTGCAAGTGTTT-1	20044	6077	257	4.724458420956476
GSM6339599	TTAGCTGCACACCAAC-1	20044	1761	64	5.497627372627373
GSM6339599	TTAGCTGCACAGCCAT-1	20044	776	28	5.537319823034108
GSM6339599	TTAGCTGCACCTCAGG-1	20044	2579	112	4.600756386470672
GSM6339599	TTAGCTGCAGGCGATA-1	20044	5598	260	4.301851994159686
GSM6339599	TTAGCTGCAGTTTGGC-1	20044	10923	450	4.84981684981685
GSM6339599	TTAGCTGCATAAGCAA-1	20044	7771	315	4.929039214753501
GSM6339599	TTAGGAACAAATTGCT-1	20044	1681	64	5.2478771228771235
GSM6339599	TTAGGAACAATGCCCG-1	20044	17361	740	4.687474687474688
GSM6339599	TTAGGAACAGTAAGTA-1	20044	6324	257	4.9164842939162
GSM6339599	TTAGGATGTCGCGCAA-1	20044	3956	173	4.568841563061216
GSM6339599	TTAGGATGTCGTTACT-1	20044	1133	62	3.651187522155264
GSM6339599	TTAGGATGTTAGACCA-1	20044	4721	184	5.1263953437866485
GSM6339599	TTAGGATGTTAGCATG-1	20044	1121	51	4.391686744627921
GSM6339599	TTAGGATGTTCCGCAC-1	20044	514	20	5.134865134865135
GSM6339599	TTAGGCCCAAGGTGGC-1	20044	7984	379	4.208983628508695
GSM6339599	TTAGGCCCAGGAACTG-1	20044	6639	280	4.737405451691166
GSM6339599	TTAGGCCCAGTATGTT-1	20044	10783	487	4.423912842804013
GSM6339599	TTAGGCGTCACAGACT-1	20044	6261	312	4.0094520863751635
GSM6339599	TTAGGCGTCCCGCATT-1	20044	1990	88	4.518209063663609
GSM6339599	TTAGGCGTCGAAGTGA-1	20044	8361	378	4.419390133675848
GSM6339599	TTAGGCGTCGTTACAA-1	20044	11932	541	4.406683889123815
GSM6339599	TTAGGCGTCTACTAAG-1	20044	14726	802	3.668650551443569
GSM6339599	TTAGGCGTCTATTGTC-1	20044	12717	664	3.826595091655333
GSM6339599	TTAGGCTAGAAGGTGC-1	20044	12029	532	4.51766278833948
GSM6339599	TTAGGCTAGAGCCGCT-1	20044	4647	219	4.239596020417938
GSM6339599	TTAGGCTAGCGGATAA-1	20044	11543	481	4.794789410174026
GSM6339599	TTAGGCTAGGGATGAC-1	20044	11443	544	4.20278251160604
GSM6339599	TTAGGCTAGGTACCGC-1	20044	10665	519	4.105720868726649
GSM6339599	TTAGGCTAGTGTTGCG-1	20044	8592	361	4.755355447876224
GSM6339599	TTAGTCAAGCCGCTTT-1	20044	2184	95	4.5933014354066986
GSM6339599	TTAGTCAAGCGGTTAT-1	20044	11022	482	4.568875108294195
GSM6339599	TTAGTCAAGTAGCGCC-1	20044	10601	430	4.925771902516089
GSM6339599	TTATAGCCAACCCTAA-1	20044	6942	318	4.361676059789267
GSM6339599	TTATAGCCAACCGCCA-1	20044	13669	662	4.1254817689863
GSM6339599	TTATAGCCAATCGCAC-1	20044	11377	523	4.346322893168017
GSM6339599	TTATAGCCACGTAATT-1	20044	950	47	4.038514676812549
GSM6339599	TTATAGCCACTGACTA-1	20044	4479	181	4.944227043674558
GSM6339599	TTATAGCCAGATAGAC-1	20044	2091	69	6.054814750466925
GSM6339599	TTATCCGTCATGGCTG-1	20044	9629	413	4.658295699457927
GSM6339599	TTATCCGTCCGGTTGA-1	20044	13442	667	4.0265581494966804
GSM6339599	TTATCCGTCGACCTGA-1	20044	5937	270	4.393384393384393
GSM6339599	TTATCCGTCGATCAGT-1	20044	13155	556	4.727287101387821
GSM6339599	TTATCCTAGGAGCACG-1	20044	10226	490	4.169707843177231
GSM6339599	TTATCCTAGGTGTTAC-1	20044	8988	431	4.166599062190709
GSM6339599	TTATGACCAATAATGG-1	20044	3031	144	4.205516705516706
GSM6339599	TTATGACCAATTGACT-1	20044	9545	431	4.424809529217883
GSM6339599	TTATGACCAGCACCAT-1	20044	5644	254	4.43965483335562
GSM6339599	TTATGCGCACAAAGCG-1	20044	310	20	3.096903096903097
GSM6339599	TTATTGCTCAAGCTTA-1	20044	13884	664	4.177749960882491
GSM6339599	TTATTGCTCAATTACG-1	20044	5941	264	4.4962613144431325
GSM6339599	TTATTGCTCATGCTAA-1	20044	9020	392	4.5974433729535775
GSM6339599	TTATTGCTCCTAGTCC-1	20044	12588	644	3.9054113588275077
GSM6339599	TTATTGCTCCTCCCTC-1	20044	5943	263	4.514876758222766
GSM6339599	TTATTGCTCGAGGAAC-1	20044	10078	480	4.194971694971695
GSM6339599	TTCAACCGTAATGGCC-1	20044	13192	742	3.552242905342636
GSM6339599	TTCAACCGTGCAATGC-1	20044	10258	506	4.050494959585869
GSM6339599	TTCAACCGTTGTAACG-1	20044	9758	456	4.275549012391118
GSM6339599	TTCACTGTCCAGGTTG-1	20044	9156	405	4.516964516964517
GSM6339599	TTCACTGTCCCGTTTA-1	20044	12196	644	3.783793845905647
GSM6339599	TTCACTGTCGAGGTGG-1	20044	11367	469	4.842492262534907
GSM6339599	TTCACTGTCGATTATG-1	20044	11765	532	4.418513817010057
GSM6339599	TTCACTGTCGCTATGG-1	20044	395	20	3.946053946053946
GSM6339599	TTCACTGTCGGTACGC-1	20044	11286	493	4.5739250607404776
GSM6339599	TTCACTGTCGTTACTT-1	20044	2696	100	5.386613386613386
GSM6339599	TTCACTGTCTGTTCAT-1	20044	7128	343	4.152116105468875
GSM6339599	TTCAGCACACAAAGCG-1	20044	7022	265	5.294328313196238
GSM6339599	TTCAGCACAGGCAAGC-1	20044	14379	693	4.145637911871678
GSM6339599	TTCAGCACATTTAAGC-1	20044	10436	498	4.186977680953584
GSM6339599	TTCAGGTAGCAGCTAT-1	20044	1633	61	5.348749611044693
GSM6339599	TTCAGGTAGCGCCTAA-1	20044	15619	625	4.9930869130869135
GSM6339599	TTCAGGTAGCGGGCAA-1	20044	10458	501	4.170679619781417
GSM6339599	TTCAGGTAGGCGTAAA-1	20044	12339	589	4.185627615169211
GSM6339599	TTCAGGTAGGGCTTAT-1	20044	12735	604	4.212674742476067
GSM6339599	TTCAGGTAGTTATGTG-1	20044	7949	349	4.550750109489364
GSM6339599	TTCAGTTTCATCGTTT-1	20044	3012	142	4.2380155056211395
GSM6339599	TTCAGTTTCCAGGAAA-1	20044	11169	469	4.758141645135248
GSM6339599	TTCAGTTTCCATTACT-1	20044	10229	496	4.120476297895653
GSM6339599	TTCAGTTTCGCATTAA-1	20044	10811	541	3.99268014794817
GSM6339599	TTCATCCCACAATGCC-1	20044	3175	108	5.873755873755873
GSM6339599	TTCATCCCATGCTTAG-1	20044	7810	348	4.4840217254010355
GSM6339599	TTCATCCCATTGCGTA-1	20044	7575	346	4.374238478284721
GSM6339599	TTCATTCAGACACCGC-1	20044	3830	160	4.782717282717282
GSM6339599	TTCATTCAGATAGACG-1	20044	1993	61	6.52789833117702
GSM6339599	TTCATTCAGCTAATCA-1	20044	2338	106	4.406913840876105
GSM6339599	TTCATTCAGGCCTAAT-1	20044	10927	512	4.26409527972028
GSM6339599	TTCATTCAGGTGTCCA-1	20044	2271	96	4.726523476523476
GSM6339599	TTCATTCAGTAGCCAT-1	20044	11445	558	4.0980524851492595
GSM6339599	TTCATTCAGTCTGGGC-1	20044	3628	160	4.53046953046953
GSM6339599	TTCCACGGTGATGGCT-1	20044	10276	427	4.80830644765071
GSM6339599	TTCCACGGTGTTGCAA-1	20044	13190	645	4.085836643976179
GSM6339599	TTCCACGGTTAGACCA-1	20044	3640	162	4.489337822671156
GSM6339599	TTCCACGGTTCCATTA-1	20044	1961	62	6.319486964648255
GSM6339599	TTCCACGGTTTACTTG-1	20044	5963	248	4.804066900841095
GSM6339599	TTCCCACAGCATCCAG-1	20044	8577	372	4.606683638941703
GSM6339599	TTCCCACAGCGCTCAA-1	20044	10073	484	4.158238455759117
GSM6339599	TTCCCACAGCTCATAA-1	20044	9363	462	4.049197555691062
GSM6339599	TTCCCACAGGAACCGG-1	20044	13390	651	4.1095617132483495
GSM6339599	TTCCCACAGGACCGCT-1	20044	20649	940	4.38901524007907
GSM6339599	TTCCCACAGGAGCAAC-1	20044	16956	802	4.2242047229578406
GSM6339599	TTCCCACAGGGTTAGA-1	20044	11535	602	3.8283975161051575
GSM6339599	TTCCCACAGGTTAGCT-1	20044	2628	105	5.000713572142144
GSM6339599	TTCCCACAGTGAGAGC-1	20044	747	18	8.291708291708293
GSM6339599	TTCCCACAGTTAGCCG-1	20044	3585	168	4.263593549307835
GSM6339599	TTCCCACAGTTAGTGC-1	20044	1338	57	4.690046795309954
GSM6339599	TTCCCGCCAAATGCCC-1	20044	4561	232	3.9279685831409976
GSM6339599	TTCCCGCCACGAATTT-1	20044	1727	58	5.949223190602502
GSM6339599	TTCCCGCCAGTTATCG-1	20044	14119	732	3.8537964767472963
GSM6339599	TTCCCGCCATACTCCT-1	20044	612	28	4.367061509918652
GSM6339599	TTCCCGCCATCTAGCA-1	20044	9186	477	3.847724602441584
GSM6339599	TTCCCGCCATTGCAGC-1	20044	6754	263	5.130990682321481
GSM6339599	TTCCTCAAGATTGAGG-1	20044	10633	477	4.453827095336529
GSM6339599	TTCCTCAAGCAAGGGT-1	20044	6767	260	5.200184430953661
GSM6339599	TTCCTCAAGGCCTGGT-1	20044	17611	904	3.8923465914616364
GSM6339599	TTCCTCAAGGGACGCA-1	20044	9880	424	4.655721636853713
GSM6339599	TTCCTTCTCAATGTCA-1	20044	11737	540	4.342694342694342
GSM6339599	TTCCTTCTCATAACCA-1	20044	892	34	5.241817006522889
GSM6339599	TTCCTTCTCTTAATGG-1	20044	2936	144	4.073704073704074
GSM6339599	TTCCTTGAGGCTTAAC-1	20044	8615	368	4.677387829561742
GSM6339599	TTCCTTGAGGTTAGAG-1	20044	17009	736	4.617393476089128
GSM6339599	TTCGCAACAACTAGGG-1	20044	7191	312	4.605010374241143
GSM6339599	TTCGCAACAATCCCTT-1	20044	6549	273	4.793009188613584
GSM6339599	TTCGCAACAGCATGAG-1	20044	366	10	7.312687312687312
GSM6339599	TTCGCAACAGCATTAT-1	20044	7580	349	4.339500041505771
GSM6339599	TTCGCAACATTAAACC-1	20044	3652	171	4.267077951288478
GSM6339599	TTCGGTACACAGAAAC-1	20044	16579	875	3.785700014271443
GSM6339599	TTCGGTACATCCCTCA-1	20044	14105	550	5.123966942148761
GSM6339599	TTCGGTACATGCTATG-1	20044	6379	297	4.2913315640588365
GSM6339599	TTCGTGCTCGCTAGAT-1	20044	5130	215	4.767325697558256
GSM6339599	TTCGTTAGTCTAACAG-1	20044	2716	121	4.4847714269201875
GSM6339599	TTCGTTAGTGCAACTA-1	20044	4919	229	4.291778090904728
GSM6339599	TTCGTTAGTGCTGTAA-1	20044	10936	477	4.580744203385714
GSM6339599	TTCTTAGGTAAACAAG-1	20044	5466	247	4.421489441732357
GSM6339599	TTCTTAGGTCAATGTG-1	20044	2661	105	5.063507920650777
GSM6339599	TTCTTAGGTCCGTAGG-1	20044	6300	274	4.5939461997856155
GSM6339599	TTCTTAGGTCGTAATG-1	20044	333	7	9.504780933352361
GSM6339599	TTCTTAGGTGTGCACG-1	20044	12978	627	4.135577341318968
GSM6339599	TTCTTAGGTTATAGCG-1	20044	13513	621	4.347665217230435
GSM6339599	TTCTTAGGTTCACCCA-1	20044	7398	331	4.465625009431656
GSM6339599	TTCTTAGGTTTGTCTA-1	20044	3413	127	5.369433715890409
GSM6339599	TTGACATCAAGGACCA-1	20044	11682	575	4.059245102723364
GSM6339599	TTGACATCAATGAGGT-1	20044	10768	512	4.202047952047952
GSM6339599	TTGACATCACAGAACG-1	20044	12246	500	4.893506493506494
GSM6339599	TTGACATCATAAACCT-1	20044	8040	369	4.353370207028744
GSM6339599	TTGACGTAGCAACAAG-1	20044	2082	87	4.781425471080643
GSM6339599	TTGACGTAGGGATGAC-1	20044	11040	460	4.795204795204795
GSM6339599	TTGACGTAGGGTTATC-1	20044	10155	482	4.209483462595496
GSM6339599	TTGACGTAGTTAGAGG-1	20044	8782	436	4.024415951021455
GSM6339599	TTGAGCTAGCTTCTCA-1	20044	12289	625	3.928551448551448
GSM6339599	TTGAGCTAGGCTAAGA-1	20044	1730	73	4.7349910363609
GSM6339599	TTGAGCTAGTAAGGGC-1	20044	8262	373	4.425601208443031
GSM6339599	TTGAGGCGTCATTAGG-1	20044	12267	569	4.30746757636037
GSM6339599	TTGAGGCGTCCTTAGT-1	20044	16241	759	4.275303089532339
GSM6339599	TTGAGGCGTGCTTACT-1	20044	3211	121	5.302135880648278
GSM6339599	TTGAGGCGTGGATTGC-1	20044	6556	252	5.197976626548055
GSM6339599	TTGATGTCAATTTAGC-1	20044	11060	477	4.632683877966897
GSM6339599	TTGATGTCACCTGGTG-1	20044	8459	345	4.898869246695334
GSM6339599	TTGATGTCAGCCAGTT-1	20044	12478	629	3.9636039636039637
GSM6339599	TTGATGTCAGGATTAA-1	20044	3353	167	4.011557304970479
GSM6339599	TTGATGTCAGTAGCCT-1	20044	6874	294	4.671518957233244
GSM6339599	TTGATGTCATACCCGG-1	20044	13047	576	4.5256826506826515
GSM6339599	TTGCAACAGATTGAGG-1	20044	12715	611	4.157871588313487
GSM6339599	TTGCAACAGGAGCACG-1	20044	12654	579	4.366617838120429
GSM6339599	TTGCAACAGTGAAGTG-1	20044	12343	517	4.770084847454286
GSM6339599	TTGCAACAGTTAGCCG-1	20044	7542	329	4.580222209401541
GSM6339599	TTGCAAGGTATTGCAG-1	20044	18847	895	4.207412699032811
GSM6339599	TTGCAATCAACTAGGG-1	20044	7463	280	5.3253888968174685
GSM6339599	TTGCAATCAAGCGATG-1	20044	12836	624	4.109992571531033
GSM6339599	TTGCAATCAAGGTAAC-1	20044	11130	451	4.930767680213356
GSM6339599	TTGCAATCAATTGAGA-1	20044	339	21	3.22534608248894
GSM6339599	TTGCAATCATGAGTTT-1	20044	11363	505	4.495702317484496
GSM6339599	TTGCAATCATGATTGT-1	20044	9106	419	4.342197182292647
GSM6339599	TTGCAATCATTAAAGG-1	20044	12881	580	4.437286851079955
GSM6339599	TTGCACACAACAACAA-1	20044	11508	506	4.544072528262252
GSM6339599	TTGCAGCCAAGGCCAA-1	20044	12545	510	4.914693149987268
GSM6339599	TTGCAGCCACGAATCC-1	20044	11183	557	4.011428427945484
GSM6339599	TTGCAGCCATAGCAGG-1	20044	9093	375	4.844755244755245
GSM6339599	TTGCAGCCATCCGTAA-1	20044	8883	438	4.052112271290353
GSM6339599	TTGCCCGTCACTAAGC-1	20044	13743	753	3.646552650536714
GSM6339599	TTGCCCGTCCTTGCAC-1	20044	13243	609	4.34475212800336
GSM6339599	TTGCCCGTCTCACACC-1	20044	295	20	2.947052947052947
GSM6339599	TTGCGAGTCACCATTT-1	20044	1747	63	5.54049125477697
GSM6339599	TTGCGAGTCATGCGTG-1	20044	4378	120	7.289377289377289
GSM6339599	TTGCGAGTCCAGGAAA-1	20044	1065	34	6.258447434918023
GSM6339599	TTGCGAGTCCCATAGG-1	20044	6297	298	4.221952544100195
GSM6339599	TTGCGAGTCGGCCAGT-1	20044	11414	549	4.1539516949353015
GSM6339599	TTGCGAGTCTGGCAAT-1	20044	369	18	4.095904095904096
GSM6339599	TTGCGTCTCACATTGA-1	20044	1483	70	4.232909947195662
GSM6339599	TTGCGTCTCAGGAAGC-1	20044	3149	155	4.059166639811801
GSM6339599	TTGCGTCTCATGCTCC-1	20044	6500	314	4.135991397137894
GSM6339599	TTGCGTCTCCTACCTA-1	20044	6636	267	4.965820696157775
GSM6339599	TTGCGTCTCTAACCTT-1	20044	9677	444	4.354654354654354
GSM6339599	TTGCGTCTCTAATCAG-1	20044	6143	268	4.579748609599355
GSM6339599	TTGCTCTCAGAGGCTA-1	20044	5631	216	5.208680208680208
GSM6339599	TTGCTCTCATCAGTAT-1	20044	16168	785	4.115120548241568
GSM6339599	TTGCTTAGTATTACCC-1	20044	8298	430	3.8556792045164134
GSM6339599	TTGCTTAGTCAAGTGC-1	20044	9079	421	4.308755377638988
GSM6339599	TTGCTTAGTCAGTAAT-1	20044	5227	211	4.949552816851396
GSM6339599	TTGCTTAGTGTTAAAC-1	20044	18216	877	4.150011903717719
GSM6339599	TTGCTTTAGGCTGTGC-1	20044	13379	700	3.818752675895533
GSM6339599	TTGCTTTAGTTAGCTA-1	20044	8352	350	4.767803624946482
GSM6339599	TTGGAGGCAATAGCCC-1	20044	11357	517	4.389034563115801
GSM6339599	TTGGAGGCACAATTAC-1	20044	3528	159	4.4333025465100935
GSM6339599	TTGGAGGCACAGCCTG-1	20044	8158	383	4.25579642289825
GSM6339599	TTGGAGGCACCAAAGG-1	20044	4721	206	4.578916229401666
GSM6339599	TTGGAGGCACCAGGTT-1	20044	8763	394	4.443779570683124
GSM6339599	TTGGAGGCAGCCTAAC-1	20044	12041	530	4.539234350555105
GSM6339599	TTGGAGGCATTATGCG-1	20044	19876	859	4.623083552070747
GSM6339599	TTGGAGGCATTGGGAG-1	20044	2905	128	4.534527972027972
GSM6339599	TTGGATATCAAGTGTC-1	20044	8369	330	5.067054157963249
GSM6339599	TTGGATATCAATGTCA-1	20044	12585	540	4.656454656454656
GSM6339599	TTGGATATCCTGAGTG-1	20044	3763	151	4.97912683343147
GSM6339599	TTGGATATCCTGTTCA-1	20044	8737	320	5.45516983016983
GSM6339599	TTGGATATCGATTATG-1	20044	7987	332	4.806639143988542
GSM6339599	TTGGATATCGTTATAG-1	20044	11066	483	4.5776169999772485
GSM6339599	TTGGATATCTACTAAG-1	20044	9765	461	4.232210305963017
GSM6339599	TTGGATATCTCACTAT-1	20044	14375	740	3.881253881253881
GSM6339599	TTGGATCAGCTAATCA-1	20044	19203	821	4.673280434547182
GSM6339599	TTGGATTCAACACTTG-1	20044	5691	223	5.09893693750196
GSM6339599	TTGGATTCAAGGTAAC-1	20044	12712	601	4.226056805091747
GSM6339599	TTGGATTCAGCAAATA-1	20044	10171	470	4.323761345037941
GSM6339599	TTGGATTCAGCAGGTA-1	20044	3698	148	4.992304992304992
GSM6339599	TTGGATTCAGGATAAC-1	20044	3049	121	5.034634786700902
GSM6339599	TTGGATTCATTATGCG-1	20044	20527	904	4.53683484656936
GSM6339599	TTGGCGGGTACGTTTC-1	20044	12527	482	5.192732578624694
GSM6339599	TTGGCGGGTCTAACCT-1	20044	12894	561	4.592199244605662
GSM6339599	TTGGCGGGTTAAATGC-1	20044	13605	621	4.377265246830464
GSM6339599	TTGGCGGGTTCGGGAT-1	20044	1892	86	4.395604395604396
GSM6339599	TTGGCTACAGCATGGA-1	20044	5278	240	4.393939393939394
GSM6339599	TTGGCTACAGCCAGTT-1	20044	9930	436	4.550495376183449
GSM6339599	TTGGCTACATGTCGCG-1	20044	9494	441	4.301367566673688
GSM6339599	TTGGCTGAGAGAGGAG-1	20044	15165	803	3.7733126151557035
GSM6339599	TTGGCTGAGGATAAAC-1	20044	11200	450	4.972804972804973
GSM6339599	TTGGCTGAGTCAGGCC-1	20044	10538	573	3.674510480793203
GSM6339599	TTGGCTTGTAAGTCGC-1	20044	4362	188	4.635789742172721
GSM6339599	TTGGCTTGTAGGATTT-1	20044	19287	821	4.693722842322111
GSM6339599	TTGGCTTGTCCAAATG-1	20044	1891	72	5.247530247530248
GSM6339599	TTGGCTTGTGACATAT-1	20044	8387	373	4.492558379957844
GSM6339599	TTGGCTTGTGCGCAAT-1	20044	11339	540	4.195434195434196
GSM6339599	TTGGCTTGTTTGTTGC-1	20044	786	35	4.486941629798773
GSM6339599	TTGGGCCAGAACCTGT-1	20044	1538	58	5.298150125736333
GSM6339599	TTGGGCCAGAGAGGCT-1	20044	13200	653	4.038840179728387
GSM6339599	TTGGGCCAGCATGTTA-1	20044	8220	343	4.788214700751144
GSM6339599	TTGGGCCAGCCAGTAT-1	20044	1273	59	4.310943293994141
GSM6339599	TTGGGCCAGGTTACAC-1	20044	13375	659	4.055125451180079
GSM6339599	TTGGGCCAGTAGCGCC-1	20044	7122	294	4.840057901282391
GSM6339599	TTGGGCCAGTGAGAGC-1	20044	408	21	3.881832453261025
GSM6339599	TTGGGCGGTACCGTTT-1	20044	11519	555	4.146844146844147
GSM6339599	TTGGGCGGTCACTCGC-1	20044	11881	513	4.6273414694467325
GSM6339599	TTGGGCGGTCCGGTTC-1	20044	6414	228	5.620695094379306
GSM6339599	TTGGGCGGTTAGCTGA-1	20044	12330	583	4.225620006065975
GSM6339599	TTGGTGAGTGATCAGC-1	20044	6091	267	4.55798882765175
GSM6339599	TTGGTGAGTTGCGCGA-1	20044	10985	489	4.4883541816057155
GSM6339599	TTGTAAGTCAAATCGC-1	20044	12409	607	4.084548071368499
GSM6339599	TTGTAAGTCGCAATCG-1	20044	23328	994	4.689073501950766
GSM6339599	TTGTAAGTCGCTAGCA-1	20044	12171	538	4.520015300684446
GSM6339599	TTGTCAAAGCGAGGTG-1	20044	12491	635	3.930242985361096
GSM6339599	TTGTCAAAGTAAGTGG-1	20044	2786	111	5.014805014805015
GSM6339599	TTGTCCATCCAAACAC-1	20044	16261	842	3.8586116970915065
GSM6339599	TTGTCCATCCTAGTCC-1	20044	13349	575	4.638491942839769
GSM6339599	TTGTCCATCTTAAGTG-1	20044	9683	456	4.24268713742398
GSM6339599	TTGTCCCAGCGCTCAA-1	20044	9320	315	5.911548768691626
GSM6339599	TTGTCCCAGGGCTAAA-1	20044	1082	59	3.6641324776918
GSM6339599	TTGTCCCAGTAAGTGG-1	20044	21399	923	4.632204198834751
GSM6339599	TTGTCCCAGTGGCGGA-1	20044	11493	633	3.627651968884196
GSM6339599	TTGTCCGGTAACAGGG-1	20044	2275	91	4.9950049950049955
GSM6339599	TTGTCCGGTCCTAGTT-1	20044	697	29	4.802094457266871
GSM6339599	TTGTCCGGTCGTTATC-1	20044	6333	334	3.7884271417205553
GSM6339599	TTGTCCGGTCTTTGAC-1	20044	15163	642	4.718957055405654
GSM6339599	TTGTCCGGTGGTTCCC-1	20044	571	28	4.074496931639788
GSM6339599	TTGTCCGGTTAGCCAA-1	20044	12878	626	4.110266730075037
GSM6339599	TTGTCCGGTTCCGCAC-1	20044	12061	557	4.326373805727486
GSM6339599	TTGTCCGGTTCTTTAG-1	20044	13155	579	4.539501948828374
GSM6339599	TTGTCCGGTTGCTTCG-1	20044	6804	310	4.385292127227611
GSM6339599	TTGTCCGGTTTCCTCC-1	20044	13290	696	3.8151503668745046
GSM6339599	TTGTGAGGTAATCCCT-1	20044	9539	459	4.152274740510035
GSM6339599	TTGTGAGGTCCACAAA-1	20044	2711	115	4.710072536159493
GSM6339599	TTGTGAGGTGCGCGTA-1	20044	10328	481	4.290096597788906
GSM6339599	TTGTGAGGTGGTGAGA-1	20044	454	24	3.7795537795537797
GSM6339599	TTGTGAGGTTAACGGC-1	20044	8079	347	4.651832317538369
GSM6339599	TTGTGAGGTTCGGGAT-1	20044	705	24	5.86913086913087
GSM6339599	TTGTGAGGTTGTCCAT-1	20044	1650	58	5.6839712012125805
GSM6339599	TTGTGAGGTTTAGCTC-1	20044	7104	273	5.199196407987617
GSM6339599	TTGTGAGGTTTGGGTA-1	20044	10332	486	4.247604247604247
GSM6339599	TTGTGCCTCACGCATG-1	20044	4257	154	5.523048380191237
GSM6339599	TTGTGCCTCATAGACC-1	20044	2190	83	5.271836597137802
GSM6339599	TTGTGCCTCCCGCCTA-1	20044	3813	172	4.4292916385939645
GSM6339599	TTGTGCCTCTTGACCC-1	20044	554	24	4.612054612054612
GSM6339599	TTGTGCGAGCAAACCT-1	20044	5181	274	3.7779738509665517
GSM6339599	TTGTGCGAGCTGTAAC-1	20044	13399	662	4.04399226151492
GSM6339599	TTGTGCGAGGAACGGT-1	20044	371	11	6.738715829624921
GSM6339599	TTGTGCGAGGTTAGAG-1	20044	9487	372	5.095442192216385
GSM6339599	TTGTGCGAGTTACTTC-1	20044	346	21	3.2919461490890063
GSM6339599	TTGTGTGCAGGCATCT-1	20044	5799	257	4.508332134791279
GSM6339599	TTGTGTGCAGGCGAGT-1	20044	6104	274	4.451023429125618
GSM6339599	TTGTTCCCAATGAATG-1	20044	5891	270	4.359344359344359
GSM6339599	TTGTTCCCAATTTAGC-1	20044	12051	614	3.9214856804433356
GSM6339599	TTGTTCCCATTGCGGT-1	20044	10560	428	4.929649789462873
GSM6339599	TTGTTGCGTAAGGTTT-1	20044	7677	385	3.9840678801717764
GSM6339599	TTGTTGCGTAGCCATA-1	20044	12449	550	4.522386704204886
GSM6339599	TTGTTGCGTAGCCTCC-1	20044	10955	448	4.88573926073926
GSM6339599	TTGTTGCGTCGTAAAT-1	20044	13829	684	4.03952772373825
GSM6339599	TTGTTGCGTGCAATAT-1	20044	3664	153	4.784757725934196
GSM6339599	TTGTTGCGTGGATGTC-1	20044	5462	286	3.815764654925494
GSM6339599	TTGTTGCGTGGATTGC-1	20044	5389	235	4.5818011775458585
GSM6339599	TTGTTGCGTTCGCTCA-1	20044	9699	377	5.140217872313363
GSM6339599	TTGTTGTTCAGGGCCT-1	20044	7432	322	4.611537530792189
GSM6339599	TTGTTGTTCATAGACC-1	20044	9282	403	4.601849763140086
GSM6339599	TTGTTGTTCGCTATAA-1	20044	6785	286	4.740015229525719
GSM6339599	TTGTTGTTCTATCGCC-1	20044	11590	505	4.585513496404586
GSM6339599	TTGTTTGGTACCTTAC-1	20044	554	23	4.8125787256222035
GSM6339599	TTGTTTGGTTTGGCTT-1	20044	11204	510	4.389336154042037
GSM6339599	TTTAACCTCAAACTCA-1	20044	11062	466	4.74289658839015
GSM6339599	TTTAACCTCACTTTAC-1	20044	5990	271	4.416247958683383
GSM6339599	TTTAACCTCCCGTTGT-1	20044	13660	689	3.9612057028602745
GSM6339599	TTTAACCTCCTTCTAG-1	20044	4845	245	3.9511508899264
GSM6339599	TTTAACCTCGTCCTTA-1	20044	7751	333	4.650604650604651
GSM6339599	TTTAACCTCTTGCATT-1	20044	1147	57	4.020540862646126
GSM6339599	TTTAACGAGCATGTTA-1	20044	11760	588	3.996003996003996
GSM6339599	TTTAACGAGCTGTCAG-1	20044	8956	350	5.112601684030255
GSM6339599	TTTAACGAGGAACGCG-1	20044	6044	250	4.83036963036963
GSM6339599	TTTAACGAGTAGCGGG-1	20044	12705	649	3.9113428943937416
GSM6339599	TTTAACGAGTTAGAGG-1	20044	1218	50	4.8671328671328675
GSM6339599	TTTAAGCCAAATTCGT-1	20044	16825	729	4.611300907597204
GSM6339599	TTTAAGCCAATCCTAG-1	20044	6396	277	4.613437104411833
GSM6339599	TTTAAGCCATCCCTCA-1	20044	11373	442	5.141012833320525
GSM6339599	TTTAAGCCATGAATCT-1	20044	9272	392	4.7258863585394195
GSM6339599	TTTAAGCCATGAGCAG-1	20044	1973	73	5.400079372682113
GSM6339599	TTTAAGCCATTATGGT-1	20044	19626	802	4.889374964187932
GSM6339599	TTTAAGGTCAAACTCA-1	20044	10170	470	4.323336238229855
GSM6339599	TTTAAGGTCAATGACC-1	20044	9828	426	4.609475032010244
GSM6339599	TTTAAGGTCAGCAAGA-1	20044	1270	62	4.09268151203635
GSM6339599	TTTAAGGTCAGGAAGC-1	20044	13706	610	4.4892812105926865
GSM6339599	TTTAAGGTCATGCCTC-1	20044	1203	50	4.807192807192807
GSM6339599	TTTAAGGTCCACCTTA-1	20044	3880	161	4.815060715681834
GSM6339599	TTTACGAAGAGAGGCT-1	20044	4512	192	4.695304695304696
GSM6339599	TTTACGAAGCCGCTAA-1	20044	11256	487	4.6179692996941455
GSM6339599	TTTACGAAGCCTGTGA-1	20044	14522	753	3.853251662016602
GSM6339599	TTTACGAAGCGGTTAT-1	20044	12851	639	4.018204018204019
GSM6339599	TTTACGCGTAATCACG-1	20044	4359	205	4.248434492336932
GSM6339599	TTTACGCGTCAAACTG-1	20044	1917	61	6.27896693470464
GSM6339599	TTTACGCGTGAGCAAG-1	20044	11803	579	4.072956404562622
GSM6339599	TTTACGCGTGTGAGAG-1	20044	13858	563	4.917994971280939
GSM6339599	TTTACGCGTTGGTGAC-1	20044	16081	780	4.119214119214119
GSM6339599	TTTAGCAAGCAAGGGT-1	20044	10215	485	4.208162971049569
GSM6339599	TTTAGCAAGCGAGGTG-1	20044	12634	593	4.256788742454847
GSM6339599	TTTAGCAAGCGATAGA-1	20044	14388	670	4.290634738395933
GSM6339599	TTTAGCAAGGATTGCT-1	20044	2899	159	3.642897982520624
GSM6339599	TTTAGCAAGGCTAATC-1	20044	10703	512	4.176682692307692
GSM6339599	TTTAGCAAGTATCGCG-1	20044	12533	649	3.858391223568419
GSM6339599	TTTAGCTTCACCAATA-1	20044	9617	406	4.732705717927393
GSM6339599	TTTAGCTTCATTACGA-1	20044	12093	530	4.558837389026069
GSM6339599	TTTAGCTTCATTAGTG-1	20044	11528	541	4.257480043062298
GSM6339599	TTTAGCTTCCCAGTAG-1	20044	8426	338	4.980817998569478
GSM6339599	TTTAGCTTCGCAATCG-1	20044	8786	425	4.130457777516601
GSM6339599	TTTAGCTTCTGGCATG-1	20044	7851	363	4.321298536174569
GSM6339599	TTTAGGATCGCTATAA-1	20044	13872	548	5.057716006621115
GSM6339599	TTTAGGATCTTCAATC-1	20044	7367	359	4.100078194785716
GSM6339599	TTTATGGAGCACTAGT-1	20044	8074	345	4.675903806338589
GSM6339599	TTTATGGAGCCTCTGT-1	20044	8324	369	4.507145970560605
GSM6339599	TTTATGGAGCGATAAG-1	20044	10644	447	4.757658448933617
GSM6339599	TTTATGGAGGAGCAAC-1	20044	13326	587	4.535838948104706
GSM6339599	TTTATGGAGGCGAATA-1	20044	9544	427	4.4657918194217965
GSM6339599	TTTATGGAGGTGAGAC-1	20044	2501	106	4.714153770757544
GSM6339599	TTTATGGAGTCTCACC-1	20044	10283	432	4.755892255892256
GSM6339599	TTTATGGAGTGAGGGT-1	20044	12055	525	4.5877931592217305
GSM6339599	TTTATGGAGTTAGTTG-1	20044	6405	322	3.9742865829822347
GSM6339599	TTTCACCCAACAACAA-1	20044	12112	540	4.481444481444481
GSM6339599	TTTCACCCAGAGAGCC-1	20044	12292	574	4.278648181087205
GSM6339599	TTTCACCCATGAAGTA-1	20044	1035	25	8.271728271728271
GSM6339599	TTTCAGTTCACACAGT-1	20044	20238	887	4.558688211450332
GSM6339599	TTTCAGTTCCGTCCAT-1	20044	8749	392	4.459316194010071
GSM6339599	TTTCAGTTCGTCAAGT-1	20044	12450	679	3.6634940905927653
GSM6339599	TTTCAGTTCTAAGGAG-1	20044	13705	580	4.72114092803748
GSM6339599	TTTCCACCAACCTAAT-1	20044	1331	53	5.017623885548414
GSM6339599	TTTCCACCACAGGGAC-1	20044	3656	148	4.935604935604935
GSM6339599	TTTCCACCACCCACAG-1	20044	3624	159	4.553936629408327
GSM6339599	TTTCCACCACCTAATG-1	20044	10586	507	4.17176511851068
GSM6339599	TTTCCACCAGCTACGT-1	20044	5197	212	4.897932256422822
GSM6339599	TTTCCACCATGTCAAT-1	20044	1549	72	4.2984792984792985
GSM6339599	TTTCCGGGTCATAAGT-1	20044	9748	444	4.386604386604386
GSM6339599	TTTCCTGAGACAACAG-1	20044	14900	668	4.4566212230882885
GSM6339599	TTTCCTGAGCACTAGT-1	20044	6637	272	4.8752717870364926
GSM6339599	TTTCCTGAGGCGGATG-1	20044	5439	208	5.224583109198494
GSM6339599	TTTCCTGAGTCAATTG-1	20044	12885	561	4.588993893806728
GSM6339599	TTTCCTGAGTTAGGCT-1	20044	10946	481	4.546804546804547
GSM6339599	TTTCGTCCAAACTCAT-1	20044	1776	66	5.3764417400781035
GSM6339599	TTTCGTCCAATCTCTC-1	20044	6580	260	5.056481979558902
GSM6339599	TTTCGTCCAATGCCTA-1	20044	8078	362	4.458524900513851
GSM6339599	TTTCGTCCACAAGCCT-1	20044	8184	347	4.712290591253127
GSM6339599	TTTCGTCCACACCAAC-1	20044	1289	60	4.2923742923742925
GSM6339599	TTTCGTCCAGGAATCG-1	20044	6103	234	5.211028287951366
GSM6339599	TTTCGTCCAGGCTGTT-1	20044	3038	130	4.669176976869284
GSM6339599	TTTCTCACAAACGGGC-1	20044	13567	665	4.0762245273523465
GSM6339599	TTTCTCACACTGGCCA-1	20044	16351	652	5.0106335382409
GSM6339599	TTTCTCACAGCAAATA-1	20044	8417	389	4.323183243491727
GSM6339599	TTTCTCACAGCCAGAA-1	20044	17859	814	4.383577110849838
GSM6339599	TTTCTCACAGTTAAAG-1	20044	6572	237	5.540451110071363
GSM6339599	TTTCTCACATCCCGCT-1	20044	9696	363	5.336811948382197
GSM6339599	TTTCTCACATTAAGCT-1	20044	8750	362	4.8294247189274815
GSM6339599	TTTCTTGCAAGTGTTT-1	20044	16021	872	3.67087041398968
GSM6339599	TTTCTTGCAATGCCCG-1	20044	7062	309	4.566307478928838
GSM6339599	TTTCTTGCAATGCGCT-1	20044	13803	677	4.073622094301563
GSM6339599	TTTCTTGCAGCGCTTG-1	20044	451	11	8.191808191808192
GSM6339599	TTTCTTGCAGCTTAAT-1	20044	5296	221	4.787972208786689
GSM6339599	TTTCTTGCATTATGCG-1	20044	19171	847	4.522278194060957
GSM6339599	TTTCTTGCATTCAGCA-1	20044	1241	53	4.678340527397132
GSM6339599	TTTGACCGTGCATTTC-1	20044	8668	328	5.280085767890646
GSM6339599	TTTGACCGTGGGTACT-1	20044	4809	201	4.780294332533139
GSM6339599	TTTGACCGTTATAGCG-1	20044	13207	595	4.434892838254183
GSM6339599	TTTGACTTCAAACTCA-1	20044	13226	639	4.135457656584418
GSM6339599	TTTGACTTCATAACCA-1	20044	6853	297	4.61020461020461
GSM6339599	TTTGACTTCGCTATAA-1	20044	9831	397	4.947697139132907
GSM6339599	TTTGACTTCTTGGATA-1	20044	13118	650	4.032275416890801
GSM6339599	TTTGAGTCAAACGGGC-1	20044	6966	307	4.533577172013654
GSM6339599	TTTGAGTCAATCCTGA-1	20044	4513	247	3.6506004117340147
GSM6339599	TTTGAGTCACCTCGCT-1	20044	4724	188	5.020511403490127
GSM6339599	TTTGCATTCAGGATGA-1	20044	2471	112	4.408091908091907
GSM6339599	TTTGCATTCGGGACCT-1	20044	9970	453	4.397368635779232
GSM6339599	TTTGCATTCGTGCTAG-1	20044	1110	60	3.6963036963036964
GSM6339599	TTTGCATTCTCATCAT-1	20044	10650	519	4.099946296478088
GSM6339599	TTTGCGACAAAGCGGC-1	20044	13032	662	3.9332268939519697
GSM6339599	TTTGCGACACTAAGAA-1	20044	14474	720	4.016539016539016
GSM6339599	TTTGCGACAGCAGGTA-1	20044	14252	713	3.9937621985307823
GSM6339599	TTTGCGACATACCCGG-1	20044	12310	596	4.126745737483993
GSM6339599	TTTGCGACATTAGGCC-1	20044	13444	666	4.033204033204033
GSM6339599	TTTGCGGAGACAAAGT-1	20044	18632	897	4.150141942784082
GSM6339599	TTTGCGGAGCCAGGTC-1	20044	2362	104	4.537769922385307
GSM6339599	TTTGCGGAGCTATTGA-1	20044	4919	213	4.614165177545459
GSM6339599	TTTGCGGAGGACTTAC-1	20044	6624	362	3.6560124957915012
GSM6339599	TTTGCGGAGGTTTGCG-1	20044	15309	890	3.4367879311699534
GSM6339599	TTTGCGGAGTACTGGT-1	20044	5387	197	5.463571961033891
GSM6339599	TTTGCGGAGTAGCTTA-1	20044	9906	388	5.101084482527782
GSM6339599	TTTGCGGAGTCATTAG-1	20044	12765	716	3.562080377722836
GSM6339599	TTTGCGGAGTCCTTCA-1	20044	9501	402	4.722143528113678
GSM6339599	TTTGCGGAGTTCCTGC-1	20044	12254	540	4.533984533984533
GSM6339599	TTTGGCTGTCCAAATG-1	20044	1709	89	3.8366128253768705
GSM6339599	TTTGGCTGTTGACTTC-1	20044	11412	542	4.206863247453653
GSM6339599	TTTGGTAAGGTTAGAG-1	20044	1087	35	6.205223348080491
GSM6339599	TTTGGTGCAAGCTACC-1	20044	8637	370	4.663984663984664
GSM6339599	TTTGGTGCACCAGCAT-1	20044	13335	697	3.8225762759478688
GSM6339599	TTTGGTGCAGAAATTG-1	20044	5573	242	4.601183940026916
GSM6339599	TTTGGTGCAGAATGAC-1	20044	10837	508	4.262273159910955
GSM6339599	TTTGTCCCAACTCGCG-1	20044	8409	392	4.286020102346633
GSM6339599	TTTGTCCCAGGCTACT-1	20044	12185	547	4.450759478181782
GSM6339599	TTTGTCTAGCACAGGG-1	20044	2841	128	4.434627872127872
GSM6339599	TTTGTCTAGCGCAATT-1	20044	11617	543	4.274546815983281
GSM6339599	TTTGTCTAGGTCCTAG-1	20044	8876	418	4.242647304848262
GSM6339599	TTTGTGAAGCCTGATG-1	20044	2320	119	3.8952643994660807
GSM6339599	TTTGTGAAGCTAATTG-1	20044	7616	320	4.755244755244755
GSM6339599	TTTGTGAAGCTGTAAC-1	20044	11090	456	4.859175911807491
GSM6339599	TTTGTGAAGGTGCTGC-1	20044	7426	275	5.395331940786487
GSM6339599	TTTGTGAAGTCAGTAC-1	20044	13422	643	4.170634963792041
GSM6339599	TTTGTGAAGTGCACGC-1	20044	8948	372	4.805946741430612
GSM6339599	TTTGTGGCAAGTCGCT-1	20044	622	18	6.904206904206905
GSM6339599	TTTGTGGCACACAATT-1	20044	10252	495	4.138084138084138
GSM6339599	TTTGTGGCACCACAAC-1	20044	13686	629	4.347321994380818
GSM6339599	TTTGTGGCACGTGCTG-1	20044	13100	747	3.5038589255456727
GSM6339599	TTTGTGGCATCGTTCT-1	20044	10325	415	4.970932681776055
GSM6339599	TTTGTGTTCACACAGT-1	20044	11176	454	4.918429588033112
GSM6339599	TTTGTGTTCACGAATC-1	20044	13640	697	3.9100067794472384
GSM6339599	TTTGTGTTCAGGAAGC-1	20044	2141	71	6.02496095453842
GSM6339599	TTTGTGTTCATTAGCA-1	20044	9328	425	4.385261797026503
GSM6339599	TTTGTGTTCCCTCACG-1	20044	875	34	5.1419169066227886
GSM6339599	TTTGTGTTCCTACCTA-1	20044	12444	640	3.8848651348651346
GSM6339599	TTTGTGTTCGCTCACT-1	20044	12520	555	4.5072045072045075
GSM6339599	TTTGTGTTCGTGCTAG-1	20044	2895	112	5.164478378764093
GSM6339599	TTTGTTGGTGATCAGC-1	20044	2657	122	4.351386318599434
GSM6339599	TTTGTTGGTTAACAGT-1	20044	7255	326	4.446473771627146
GSM6339599	TTTGTTGGTTCATCTA-1	20044	13468	574	4.687994931897371
GSM6339599	TTTGTTGGTTGGCGTG-1	20044	10717	465	4.604857508083314
GSM6339599	TTTGTTGGTTTACTTG-1	20044	10230	460	4.4433827042522696
