gsm	barcode	nucleosome_free	mononucleosomal	nucleosome_signal
GSM6339601	AAACAGCCAAGGACCA-1	6049	3506	0.5795999338733675
GSM6339601	AAACAGCCAATATGGA-1	8704	4960	0.5698529411764706
GSM6339601	AAACAGCCAGCTTAGC-1	20927	14679	0.7014383332536914
GSM6339601	AAACAGCCAGGAACTG-1	8911	5564	0.624396812927842
GSM6339601	AAACAGCCAGGCTTCG-1	5389	2526	0.4687326034514752
GSM6339601	AAACAGCCATTAAGTC-1	12356	8891	0.7195694399482033
GSM6339601	AAACAGCCATTAGGCC-1	11386	6514	0.5721060952046373
GSM6339601	AAACATGCAATAATGG-1	3192	1783	0.5585839598997494
GSM6339601	AAACATGCACCTGTAA-1	16245	10853	0.668082486919052
GSM6339601	AAACATGCAGCTTAAT-1	7088	3752	0.5293453724604966
GSM6339601	AAACATGCATAGCTTG-1	3316	1969	0.5937876960193004
GSM6339601	AAACATGCATTAAGTC-1	6022	2977	0.4943540352042511
GSM6339601	AAACCAACAAAGCCTC-1	787	437	0.5552731893265566
GSM6339601	AAACCAACAACAGCCT-1	10200	6583	0.6453921568627451
GSM6339601	AAACCAACAAGATTCT-1	12481	11136	0.8922361990225143
GSM6339601	AAACCAACAATCCTGA-1	790	509	0.6443037974683544
GSM6339601	AAACCAACACAAAGCG-1	12852	11796	0.9178338001867413
GSM6339601	AAACCAACACATTAAC-1	6159	3910	0.6348433187205715
GSM6339601	AAACCAACACTAAGAA-1	4242	2375	0.5598774163130599
GSM6339601	AAACCAACAGCACGAA-1	18091	13174	0.728207395942734
GSM6339601	AAACCAACAGTTAGCC-1	4034	2113	0.5237977193852256
GSM6339601	AAACCGAAGCTCAATA-1	7061	5282	0.748052683755842
GSM6339601	AAACCGAAGGCAGGTG-1	7831	4821	0.6156301877154897
GSM6339601	AAACCGAAGGCCTGGT-1	7156	4597	0.6423979877026271
GSM6339601	AAACCGAAGTCATTAG-1	14145	9188	0.6495581477553906
GSM6339601	AAACCGAAGTCTTGAA-1	2062	1248	0.6052376333656644
GSM6339601	AAACCGCGTAGGTTTG-1	15845	9733	0.6142631745029978
GSM6339601	AAACCGCGTCATAAGT-1	2633	2083	0.7911127990884922
GSM6339601	AAACCGCGTGCGCATG-1	11453	6573	0.5739107657382345
GSM6339601	AAACCGCGTGGTTAGC-1	6785	4431	0.6530582166543847
GSM6339601	AAACCGCGTGTTGTAG-1	8510	4959	0.5827262044653349
GSM6339601	AAACCGGCAAGACTCC-1	2599	1647	0.6337052712581762
GSM6339601	AAACCGGCACAAAGCG-1	13859	10350	0.746807128941482
GSM6339601	AAACCGGCACAATTAC-1	6068	3503	0.5772907053394858
GSM6339601	AAACCGGCAGTTGCGT-1	6499	3658	0.5628558239729189
GSM6339601	AAACCGGCATGGCCCA-1	10792	6710	0.6217568569310601
GSM6339601	AAACCGGCATTAAGTC-1	13368	8767	0.65581986834231
GSM6339601	AAACGCGCACAGGGAC-1	16181	15214	0.9402385513874297
GSM6339601	AAACGCGCATTGTCAG-1	20236	17720	0.8756671278908875
GSM6339601	AAACGGATCCTCCTAA-1	9186	5831	0.6347703026344437
GSM6339601	AAACGGATCCTTAATC-1	18417	12741	0.6918064831405767
GSM6339601	AAACGGATCGAAGTAG-1	9185	5393	0.5871529667936853
GSM6339601	AAACGGATCTACTAAG-1	11871	7708	0.6493134529525735
GSM6339601	AAACGGATCTTGGACG-1	16345	15296	0.935821352095442
GSM6339601	AAACGTACAATGCCTA-1	1768	1159	0.6555429864253394
GSM6339601	AAACGTACAGCAAGAT-1	3528	1668	0.47278911564625853
GSM6339601	AAAGCAAGTAGCCTCC-1	2937	2012	0.6850527749404154
GSM6339601	AAAGCAAGTGAGCGAA-1	7078	4023	0.5683808985589149
GSM6339601	AAAGCAAGTGCTAGCG-1	1997	1060	0.5307961942914372
GSM6339601	AAAGCAAGTGTGAGAG-1	440	262	0.5954545454545455
GSM6339601	AAAGCAAGTGTTGTGA-1	14432	9043	0.6265936807095344
GSM6339601	AAAGCAAGTTAGAGGG-1	12744	8106	0.6360640301318268
GSM6339601	AAAGCACCAAGCTTAT-1	10176	6753	0.6636202830188679
GSM6339601	AAAGCACCATCCAGGT-1	5170	3118	0.6030947775628627
GSM6339601	AAAGCACCATTGCGAC-1	5453	3123	0.5727122684760683
GSM6339601	AAAGCCCGTCCTTTAA-1	14706	8372	0.5692914456684347
GSM6339601	AAAGCCCGTTCCAGGG-1	2523	1738	0.6888624653190646
GSM6339601	AAAGCCGCAACAGCCT-1	24088	19815	0.8226087678512122
GSM6339601	AAAGCCGCAATGCCTA-1	9628	7276	0.7557125051931866
GSM6339601	AAAGCCGCAGGCATCT-1	16967	10539	0.6211469322803088
GSM6339601	AAAGCCGCATGAATCT-1	4692	2935	0.625532821824382
GSM6339601	AAAGCCGCATTGGGAG-1	646	482	0.7461300309597523
GSM6339601	AAAGCGGGTAGGTTTG-1	3421	2268	0.6629640456007015
GSM6339601	AAAGCGGGTATGGTGC-1	14108	9883	0.7005245250921464
GSM6339601	AAAGCGGGTCCGTAGG-1	21624	20980	0.9702182759896412
GSM6339601	AAAGCGGGTGCCGCAA-1	21880	16002	0.7313528336380256
GSM6339601	AAAGCGGGTGGATTGC-1	1217	820	0.6737880032867708
GSM6339601	AAAGCGGGTTAGTGAT-1	17240	10111	0.5864849187935035
GSM6339601	AAAGCGGGTTGGGTTA-1	376	294	0.7819148936170213
GSM6339601	AAAGCTTGTCACGAAC-1	2823	1702	0.6029047113000354
GSM6339601	AAAGCTTGTGAGCAAG-1	6028	3729	0.6186131386861314
GSM6339601	AAAGCTTGTTCATTTG-1	3482	1784	0.5123492245835727
GSM6339601	AAAGCTTGTTGAGCCG-1	3118	2247	0.7206542655548428
GSM6339601	AAAGCTTGTTGTTGCT-1	2293	1418	0.6184038377671173
GSM6339601	AAAGCTTGTTTAGCTC-1	9507	5750	0.6048175028926055
GSM6339601	AAAGGACGTACTTCAC-1	9190	6236	0.678563656147987
GSM6339601	AAAGGACGTATTGCAG-1	5526	3075	0.5564603691639523
GSM6339601	AAAGGACGTTGAATCG-1	839	704	0.8390941597139452
GSM6339601	AAAGGAGCACAACAGG-1	7215	5162	0.7154539154539155
GSM6339601	AAAGGAGCACTTCACT-1	9480	5211	0.5496835443037975
GSM6339601	AAAGGAGCAGCTACGT-1	813	542	0.6666666666666666
GSM6339601	AAAGGAGCATATAACC-1	12418	8388	0.6754710903527138
GSM6339601	AAAGGAGCATGCAACC-1	6452	4627	0.7171419714817111
GSM6339601	AAAGGCTCAACAGGTG-1	16873	14233	0.8435370117939904
GSM6339601	AAAGGCTCAAGGTATA-1	5965	4007	0.6717518860016765
GSM6339601	AAAGGCTCACGAATCC-1	22757	15375	0.675616293887595
GSM6339601	AAAGGCTCAGTTGCGT-1	6537	3773	0.5771760746519811
GSM6339601	AAAGGCTCATAGTCAT-1	8485	5662	0.6672952268709488
GSM6339601	AAAGGCTCATGGAGGC-1	7550	4281	0.5670198675496688
GSM6339601	AAAGGCTCATTGTGAT-1	17445	12703	0.7281742619661794
GSM6339601	AAAGGTTAGCCACATG-1	4913	4964	1.0103806228373702
GSM6339601	AAAGGTTAGCGAGTAA-1	9314	5848	0.6278720206141293
GSM6339601	AAAGGTTAGCGGGCAA-1	5846	3354	0.5737256243585358
GSM6339601	AAAGGTTAGCTTACTT-1	7172	4125	0.5751533742331288
GSM6339601	AAAGGTTAGCTTTGTT-1	14484	10837	0.7482049157691245
GSM6339601	AAAGGTTAGGAACGGT-1	19234	13639	0.7091088697098887
GSM6339601	AAAGGTTAGGAATAAC-1	5048	3601	0.713351822503962
GSM6339601	AAAGGTTAGTTATTCC-1	18372	12853	0.6995972131504463
GSM6339601	AAATCCGGTACTGATG-1	18693	15734	0.8417054512384315
GSM6339601	AAATCCGGTCACAGAC-1	3954	4648	1.1755184623166415
GSM6339601	AAATCCGGTCTTACTA-1	931	756	0.8120300751879699
GSM6339601	AAATCCGGTGGAGCAA-1	4256	2314	0.543703007518797
GSM6339601	AAATCCGGTGTTGCAA-1	12094	7927	0.6554489829667604
GSM6339601	AAATGCCTCATGCTCC-1	15620	10564	0.6763124199743918
GSM6339601	AAATGCCTCATGTCAA-1	2508	1608	0.6411483253588517
GSM6339601	AAATGCCTCCTCATCA-1	3159	1826	0.5780310224754669
GSM6339601	AAATGCCTCCTGGTCT-1	11373	7632	0.6710630440517014
GSM6339601	AAATGCCTCGTGCCTT-1	10452	7996	0.7650210486031381
GSM6339601	AAATGCCTCTGTGCAG-1	10387	7851	0.755848656975065
GSM6339601	AAATGGCCACAATTAC-1	8765	5304	0.6051340559041642
GSM6339601	AAATGGCCACCGGTAT-1	2296	1348	0.5871080139372822
GSM6339601	AAATGGCCACGAACAG-1	8120	5029	0.6193349753694581
GSM6339601	AAATGGCCAGGCCATT-1	1163	752	0.646603611349957
GSM6339601	AAATGGCCAGGTTAAA-1	10337	7577	0.7329979684628035
GSM6339601	AAATGGCCATGGCCTG-1	9244	6215	0.6723279965382951
GSM6339601	AACAAAGGTAAAGCGG-1	4097	2368	0.5779838906516963
GSM6339601	AACAAAGGTCACACCC-1	14225	11384	0.8002811950790861
GSM6339601	AACAAAGGTGGAGCAA-1	12147	9390	0.7730303778710793
GSM6339601	AACAAGCCAAGTAAGC-1	25710	19619	0.7630882924931933
GSM6339601	AACAAGCCACTTGTTC-1	4570	4294	0.9396061269146608
GSM6339601	AACAAGCCATGCATAT-1	1574	907	0.5762388818297332
GSM6339601	AACAGATAGCTCCTAC-1	11284	6536	0.5792272243885147
GSM6339601	AACAGATAGGAGGCAT-1	3838	2219	0.5781657113079729
GSM6339601	AACAGATAGGAGTCGG-1	18728	11292	0.602947458351132
GSM6339601	AACAGATAGGGACGCA-1	3452	2036	0.589803012746234
GSM6339601	AACAGATAGGGTTATC-1	7717	4618	0.5984190747699883
GSM6339601	AACAGCAAGCATGTCG-1	15101	10307	0.6825375802926958
GSM6339601	AACAGCAAGGATCACT-1	3946	2386	0.6046629498226052
GSM6339601	AACAGCAAGGTTTACA-1	7511	4183	0.5569165224337638
GSM6339601	AACAGCAAGTGAACAG-1	11483	6597	0.5745014369067317
GSM6339601	AACAGCAAGTTTCCTG-1	11822	9818	0.8304855354423956
GSM6339601	AACAGCAAGTTTGGTA-1	18932	13472	0.7115994084090429
GSM6339601	AACAGGATCATCAGTA-1	25092	18939	0.7547824007651841
GSM6339601	AACAGGATCATTAGTG-1	6455	4071	0.6306738962044927
GSM6339601	AACAGGATCCAAACAC-1	7620	4089	0.5366141732283465
GSM6339601	AACAGGATCCAAGTGT-1	13169	8768	0.6658060596856253
GSM6339601	AACAGGATCCAGGTTG-1	7462	4305	0.5769230769230769
GSM6339601	AACAGGATCCCGCCTA-1	3024	1714	0.5667989417989417
GSM6339601	AACAGGATCCCTGACT-1	2935	1770	0.6030664395229983
GSM6339601	AACAGGATCGTTTCGC-1	16115	10958	0.6799875892026063
GSM6339601	AACATAGCAATGAATG-1	4392	2410	0.5487249544626593
GSM6339601	AACATAGCAATTAAGG-1	16214	9720	0.5994819291969903
GSM6339601	AACATAGCAATTGAAG-1	12048	6526	0.5416666666666666
GSM6339601	AACATAGCACCGGTAT-1	16145	12452	0.7712604521523692
GSM6339601	AACATAGCAGGAAGCC-1	1536	832	0.5416666666666666
GSM6339601	AACATAGCATAGCTGC-1	17196	13319	0.774540590835078
GSM6339601	AACATCATCAGCAAGA-1	7612	5683	0.7465843405149764
GSM6339601	AACATCATCGAGCTAT-1	3819	2341	0.6129876931133804
GSM6339601	AACATCATCGCTTCTA-1	10439	5813	0.5568541047993103
GSM6339601	AACATCATCTGTTCAT-1	2204	1582	0.7177858439201452
GSM6339601	AACATTGTCAATACGC-1	362	196	0.5414364640883977
GSM6339601	AACATTGTCACAGACT-1	3266	1823	0.558175137783221
GSM6339601	AACATTGTCACCTGTC-1	521	328	0.6295585412667947
GSM6339601	AACATTGTCAGGAAGC-1	5265	2836	0.5386514719848053
GSM6339601	AACATTGTCCTCCATA-1	2067	1841	0.8906627963231737
GSM6339601	AACATTGTCGCTAAGT-1	7049	4476	0.6349836856291673
GSM6339601	AACATTGTCGGTTAGT-1	5695	3565	0.6259877085162423
GSM6339601	AACATTGTCTCCATAT-1	14294	12265	0.8580523296488037
GSM6339601	AACCCGCAGCCGGTAC-1	17141	12897	0.7524065107053264
GSM6339601	AACCCGCAGGCCTGGT-1	7020	5179	0.7377492877492877
GSM6339601	AACCCGCAGTAAGTCC-1	3744	2216	0.5918803418803419
GSM6339601	AACCCGCAGTACTGGT-1	8775	7021	0.8001139601139601
GSM6339601	AACCCGCAGTCATCCC-1	14775	10892	0.7371912013536379
GSM6339601	AACCCGCAGTCCTGAG-1	7396	4590	0.620605732828556
GSM6339601	AACCGCTCAAAGGCCA-1	9159	6364	0.6948356807511737
GSM6339601	AACCGCTCAAATTGCT-1	2028	1247	0.6148915187376726
GSM6339601	AACCGCTCAACAACAA-1	6026	3353	0.5564221705940923
GSM6339601	AACCGCTCAATCCCTT-1	5127	3164	0.6171250243807295
GSM6339601	AACCGCTCACACAATT-1	6596	4601	0.6975439660400242
GSM6339601	AACCGCTCAGCTTAGC-1	13528	9527	0.7042430514488468
GSM6339601	AACCGCTCAGGTCCTG-1	9986	5979	0.5987382335269377
GSM6339601	AACCGCTCATAGCGGA-1	2127	1135	0.5336154207804419
GSM6339601	AACCGGCTCACCAATA-1	9623	6679	0.6940662994908032
GSM6339601	AACCGGCTCACGCCAA-1	10804	6960	0.6442058496853017
GSM6339601	AACCGGCTCAGCAAAG-1	2244	1579	0.7036541889483066
GSM6339601	AACCGGCTCATGGTTA-1	16152	10927	0.6765106488360575
GSM6339601	AACCGGCTCCACAATA-1	428	378	0.883177570093458
GSM6339601	AACCGGCTCCTTCGTA-1	9010	5800	0.6437291897891232
GSM6339601	AACCGGCTCGGTTACG-1	1239	829	0.6690879741727199
GSM6339601	AACCTAATCTCCATAT-1	3701	1989	0.5374223182923534
GSM6339601	AACCTAATCTCCATGC-1	3290	2106	0.6401215805471124
GSM6339601	AACCTCACACTAAGTT-1	8174	4263	0.5215316858331295
GSM6339601	AACCTCACAGGCTTCG-1	16054	11594	0.7221876167933226
GSM6339601	AACCTCACATGAGCAG-1	19517	21412	1.0970948403955525
GSM6339601	AACCTCCTCGTACCGA-1	12777	8932	0.6990686389606324
GSM6339601	AACCTTAAGCACGATT-1	11973	7487	0.6253236448676188
GSM6339601	AACCTTAAGGAAGCAC-1	8594	5087	0.5919245985571329
GSM6339601	AACCTTAAGTAACCCG-1	14473	10741	0.7421405375526843
GSM6339601	AACCTTGCACATACTG-1	11150	6245	0.5600896860986547
GSM6339601	AACCTTGCACGTTACA-1	3548	2302	0.6488162344983089
GSM6339601	AACCTTGCAGTCTAAT-1	13047	9256	0.7094351191844869
GSM6339601	AACCTTGCATGCTTAG-1	4837	2908	0.6011990903452553
GSM6339601	AACGACAAGAATGACG-1	15411	10644	0.6906754915320226
GSM6339601	AACGACAAGGACGTAA-1	1409	872	0.6188786373314408
GSM6339601	AACGACAAGTAACAGG-1	12038	8117	0.6742814421000166
GSM6339601	AACGCCCAGAACCTGT-1	6522	3294	0.5050597976080957
GSM6339601	AACGCCCAGCAGCTCA-1	11673	6840	0.5859676175790285
GSM6339601	AACGCCCAGTCATTGA-1	501	308	0.6147704590818364
GSM6339601	AACGCCCAGTGATTCA-1	4416	2545	0.5763134057971014
GSM6339601	AACGCCCAGTTATTCC-1	9700	5655	0.5829896907216495
GSM6339601	AACGCTAGTAACGAGG-1	2925	1676	0.572991452991453
GSM6339601	AACGCTAGTGCCGCAA-1	11646	6710	0.5761634896101666
GSM6339601	AACGCTAGTGCCTCAC-1	986	648	0.6572008113590264
GSM6339601	AACGCTAGTGTTGTGA-1	3049	1615	0.5296818629058708
GSM6339601	AACGCTAGTTTAGTCC-1	6771	4046	0.5975483680401713
GSM6339601	AACGCTAGTTTGCGCC-1	2487	1320	0.5307599517490953
GSM6339601	AACGGTAAGCAAGGTA-1	1770	1085	0.6129943502824858
GSM6339601	AACGGTAAGGCACAGG-1	14623	10530	0.7200984750051289
GSM6339601	AACGGTAAGGCCAATT-1	6552	3252	0.49633699633699635
GSM6339601	AACGGTAAGGTAACGA-1	3992	1989	0.49824649298597196
GSM6339601	AACGGTAAGGTTTGAC-1	3464	1792	0.5173210161662818
GSM6339601	AACGGTAAGTAAGTCC-1	9660	6477	0.6704968944099379
GSM6339601	AACTACTCAATAGCCC-1	18690	12978	0.6943820224719102
GSM6339601	AACTACTCAATATGGA-1	2504	1224	0.48881789137380194
GSM6339601	AACTACTCAATTAACC-1	5507	3195	0.5801706918467405
GSM6339601	AACTACTCATAGGCGA-1	1300	821	0.6315384615384615
GSM6339601	AACTACTCATTCCTGT-1	1068	635	0.5945692883895131
GSM6339601	AACTAGCTCATGTCAA-1	3090	1797	0.5815533980582525
GSM6339601	AACTAGCTCCCTGATC-1	8692	5153	0.5928439944776807
GSM6339601	AACTAGCTCCTCATGC-1	2451	1302	0.5312117503059975
GSM6339601	AACTAGCTCCTTAGGG-1	2977	1488	0.4998320456835741
GSM6339601	AACTAGCTCGGTCAAT-1	1664	848	0.5096153846153846
GSM6339601	AACTAGCTCGTTTCGC-1	15514	11743	0.756929225215934
GSM6339601	AACTAGTGTATTGTGG-1	7999	4349	0.5436929616202025
GSM6339601	AACTAGTGTCACAGCG-1	8451	4932	0.5835995740149095
GSM6339601	AACTAGTGTCACGAAC-1	1922	1129	0.5874089490114464
GSM6339601	AACTAGTGTCACTCGC-1	1973	1236	0.6264571718195641
GSM6339601	AACTAGTGTTACAACG-1	915	619	0.6765027322404371
GSM6339601	AACTAGTGTTGCACAA-1	2442	1633	0.6687141687141687
GSM6339601	AACTAGTGTTTGCGCC-1	13686	9382	0.685518047639924
GSM6339601	AACTCACAGACTCGCA-1	24323	24467	1.0059203223286601
GSM6339601	AACTCACAGCACCACA-1	8583	5461	0.6362577187463591
GSM6339601	AACTCACAGCCATCAG-1	5833	4161	0.7133550488599348
GSM6339601	AACTCACAGGCAGGTG-1	3435	2106	0.6131004366812227
GSM6339601	AACTCACAGGCATTGT-1	2269	1280	0.5641251652710445
GSM6339601	AACTCACAGTAAGGGC-1	2594	1329	0.5123361603700848
GSM6339601	AACTGTTCAACTCGCG-1	2413	1852	0.7675093244923332
GSM6339601	AACTGTTCAATGAAGC-1	15286	11090	0.7255004579353657
GSM6339601	AACTGTTCACCTAAGC-1	5145	4463	0.867444120505345
GSM6339601	AACTGTTCACCTACTT-1	8399	6587	0.7842600309560662
GSM6339601	AACTGTTCAGCAACCT-1	6846	4263	0.6226993865030674
GSM6339601	AACTGTTCATCGCTTT-1	12150	7512	0.6182716049382716
GSM6339601	AACTTAGTCACGCATG-1	1861	1200	0.6448146157979581
GSM6339601	AACTTAGTCATCCTCA-1	5765	2888	0.5009540329575022
GSM6339601	AACTTAGTCGATTTGA-1	6314	3592	0.5688945201140323
GSM6339601	AACTTAGTCTCATCAT-1	1980	1134	0.5727272727272728
GSM6339601	AAGAACAGTAGCCTCC-1	13712	10799	0.7875583430571762
GSM6339601	AAGAACAGTCATAGAT-1	4730	2614	0.5526427061310782
GSM6339601	AAGAACAGTCCTAATC-1	2035	1588	0.7803439803439803
GSM6339601	AAGAACAGTGGCTTCC-1	1014	633	0.6242603550295858
GSM6339601	AAGAACAGTTTGGGCG-1	1156	814	0.7041522491349481
GSM6339601	AAGAATCAGACACTTA-1	6991	6392	0.9143184093834931
GSM6339601	AAGAATCAGAGGAGGA-1	3170	1869	0.589589905362776
GSM6339601	AAGAATCAGCAGCTAT-1	671	324	0.4828614008941878
GSM6339601	AAGAATCAGCAGGCCT-1	11247	6776	0.6024717702498444
GSM6339601	AAGAATCAGCCACAAT-1	11557	8184	0.7081422514493381
GSM6339601	AAGAATCAGGAAGTAT-1	2099	1160	0.5526441162458313
GSM6339601	AAGACAAGTCAACAAT-1	16597	13501	0.813460263903115
GSM6339601	AAGACAAGTCCGTAGG-1	4133	2512	0.6077909508831357
GSM6339601	AAGACAAGTGATTTGG-1	5245	3598	0.6859866539561487
GSM6339601	AAGACAAGTGCAATGC-1	10838	7663	0.7070492710832257
GSM6339601	AAGACAAGTTCGCGCT-1	3626	2108	0.5813568670711527
GSM6339601	AAGACAAGTTTGCTGT-1	2409	1742	0.7231216272312163
GSM6339601	AAGACATAGCGATAGA-1	2802	2053	0.7326909350463955
GSM6339601	AAGACATAGGATGATG-1	11616	7093	0.6106232782369146
GSM6339601	AAGACATAGGCGCATC-1	16426	10519	0.6403871910385973
GSM6339601	AAGACCAAGCCGCAGT-1	9835	6167	0.6270462633451958
GSM6339601	AAGCAAGTCAAGACTC-1	2006	1420	0.707876370887338
GSM6339601	AAGCAAGTCACTTTAC-1	16049	10835	0.6751199451679233
GSM6339601	AAGCAAGTCCTAATTC-1	2615	1843	0.7047801147227534
GSM6339601	AAGCAAGTCCTAGTAA-1	8271	4133	0.4996977390883811
GSM6339601	AAGCAAGTCGAAGTGA-1	7367	3694	0.5014252748744401
GSM6339601	AAGCAAGTCGCAAACT-1	14148	10677	0.7546649703138253
GSM6339601	AAGCAAGTCGGCCATA-1	4642	2690	0.5794915984489444
GSM6339601	AAGCAAGTCGGTTTCC-1	3159	2159	0.6834441278885723
GSM6339601	AAGCAAGTCTCACTCA-1	1776	937	0.5275900900900901
GSM6339601	AAGCATGAGACTATTG-1	8170	3908	0.4783353733170135
GSM6339601	AAGCATGAGAGGATAT-1	6591	4348	0.6596874525868609
GSM6339601	AAGCATGAGGGCTTTG-1	24969	16719	0.6695902919620329
GSM6339601	AAGCATGAGTAACGAG-1	15103	10996	0.7280672714030325
GSM6339601	AAGCATGAGTCTCACC-1	2563	1430	0.5579399141630901
GSM6339601	AAGCATGAGTTAGCCG-1	1670	1356	0.8119760479041916
GSM6339601	AAGCATGAGTTCCCAC-1	7814	4486	0.5740977732275403
GSM6339601	AAGCATGAGTTGCCTC-1	2553	2204	0.8632980806893851
GSM6339601	AAGCCACGTCAAGTGC-1	4023	2350	0.5841411881680338
GSM6339601	AAGCCACGTGGAAACG-1	6347	4225	0.6656688199149204
GSM6339601	AAGCCACGTTATGTGG-1	1935	1274	0.6583979328165375
GSM6339601	AAGCCACGTTCGGTAA-1	14718	9729	0.6610273134936812
GSM6339601	AAGCCTCCAGCCTAAC-1	15927	11768	0.7388710993909713
GSM6339601	AAGCCTCCATGGCCTG-1	7078	4655	0.6576716586606386
GSM6339601	AAGCCTGTCACTAAGC-1	8934	5687	0.636556973360197
GSM6339601	AAGCCTGTCTGTTCAT-1	3994	2370	0.5933900851276915
GSM6339601	AAGCCTTAGCTTAGTA-1	23328	16090	0.6897290809327846
GSM6339601	AAGCCTTAGCTTCCCG-1	5417	2955	0.5455048920066458
GSM6339601	AAGCCTTAGGCCGGAA-1	7905	3321	0.42011385199240986
GSM6339601	AAGCCTTAGGGATGAC-1	983	772	0.785350966429298
GSM6339601	AAGCCTTAGTAAAGGT-1	2015	987	0.48982630272952854
GSM6339601	AAGCCTTAGTTATGTG-1	14265	9497	0.6657553452506134
GSM6339601	AAGCGAATCGATTATG-1	13814	9158	0.6629506297958593
GSM6339601	AAGCGAATCGCATCCT-1	511	300	0.5870841487279843
GSM6339601	AAGCGAGGTGCACGCA-1	6182	3653	0.5909090909090909
GSM6339601	AAGCGAGGTTGCGCGA-1	24474	15005	0.6130996159189344
GSM6339601	AAGCGCTGTAACTACG-1	666	325	0.487987987987988
GSM6339601	AAGCGCTGTTTGTTGC-1	10902	6929	0.6355714547789396
GSM6339601	AAGCGGGTCAGGTCCA-1	14565	10945	0.7514589769996567
GSM6339601	AAGCGGGTCATAACCA-1	6356	3609	0.5678099433606042
GSM6339601	AAGCGGGTCATGCAAC-1	9773	6400	0.6548654456154712
GSM6339601	AAGCGGGTCCCTCAAC-1	12736	9147	0.7182003768844221
GSM6339601	AAGCGGGTCCCTGACT-1	9117	5074	0.5565427223867501
GSM6339601	AAGCGGGTCCGCCTAT-1	3011	1667	0.5536366655596148
GSM6339601	AAGCGGGTCGAAGCGG-1	484	225	0.46487603305785125
GSM6339601	AAGCGGGTCTTTAAGG-1	5654	2987	0.5282985496993279
GSM6339601	AAGCGTTTCCGGGACT-1	20541	14152	0.6889635363419503
GSM6339601	AAGCGTTTCCGGTTGA-1	6407	5262	0.82128921492118
GSM6339601	AAGCGTTTCGCGCTAA-1	15943	13151	0.8248761211817098
GSM6339601	AAGCGTTTCTTGCAAA-1	7022	4350	0.6194816291654799
GSM6339601	AAGCTAGAGCGATAGA-1	5371	3043	0.5665611617948241
GSM6339601	AAGCTAGAGCTTACTT-1	911	576	0.6322722283205269
GSM6339601	AAGCTAGAGGAAGCTA-1	11642	10796	0.9273320735268854
GSM6339601	AAGCTAGAGGAAGTAT-1	11849	7964	0.672124229892818
GSM6339601	AAGCTAGAGGCATTGT-1	15302	10988	0.7180760684877794
GSM6339601	AAGCTAGAGGCCTTAG-1	16266	13216	0.812492315258822
GSM6339601	AAGCTAGAGGGCCACT-1	15729	10150	0.6453048509123276
GSM6339601	AAGCTAGAGGGTTAGA-1	5990	3607	0.6021702838063439
GSM6339601	AAGCTAGAGTCTATGA-1	960	510	0.53125
GSM6339601	AAGCTAGAGTGAACAG-1	12100	7519	0.621404958677686
GSM6339601	AAGCTAGAGTGAGGTA-1	7399	4358	0.5889985133126098
GSM6339601	AAGCTAGAGTGCACGC-1	18748	13307	0.7097823767868573
GSM6339601	AAGCTATGTAAAGCGG-1	6006	3307	0.5506160506160506
GSM6339601	AAGCTATGTAATGACT-1	15104	9465	0.6266551906779662
GSM6339601	AAGCTATGTACGTTTC-1	10584	7064	0.6674225245653818
GSM6339601	AAGCTATGTAGCCTAA-1	1514	1044	0.6895640686922061
GSM6339601	AAGCTATGTATTCGCT-1	614	382	0.6221498371335505
GSM6339601	AAGCTATGTGACATAT-1	423	221	0.5224586288416075
GSM6339601	AAGCTATGTTACAAAC-1	5469	3067	0.5607972206984824
GSM6339601	AAGCTCCCAAGGTCCT-1	23649	23398	0.9893864434014124
GSM6339601	AAGCTCCCAATAATCC-1	582	320	0.5498281786941581
GSM6339601	AAGCTCCCAATCCCTT-1	760	502	0.6605263157894737
GSM6339601	AAGCTCCCACAGGGAC-1	9058	6301	0.6956281739898432
GSM6339601	AAGCTCCCAGATAGAC-1	1140	799	0.7008771929824561
GSM6339601	AAGCTCCCATTGTCAG-1	1873	888	0.47410571276027763
GSM6339601	AAGCTTGGTCCGCTGT-1	15170	9713	0.6402768622280818
GSM6339601	AAGCTTGGTCTCAGCC-1	14716	9146	0.621500407719489
GSM6339601	AAGCTTGGTTCTTTAG-1	3769	2240	0.5943221013531441
GSM6339601	AAGCTTGGTTGCATCT-1	6963	5172	0.7427832830676433
GSM6339601	AAGCTTGGTTGCCTCA-1	1903	1055	0.5543878087230688
GSM6339601	AAGGAAGCAAGCGAGC-1	9831	5855	0.5955650493337402
GSM6339601	AAGGAAGCAAGGTGCA-1	1296	839	0.6473765432098766
GSM6339601	AAGGATCCACAAAGGT-1	11391	7612	0.6682468615573699
GSM6339601	AAGGATCCACAACCTA-1	23240	16495	0.7097676419965576
GSM6339601	AAGGATCCACAATACT-1	14646	9013	0.6153898675406254
GSM6339601	AAGGATCCACGTAATT-1	7910	5013	0.6337547408343869
GSM6339601	AAGGATCCACTTAGGC-1	441	276	0.6258503401360545
GSM6339601	AAGGATCCATGTCAGC-1	4402	2622	0.5956383462062699
GSM6339601	AAGGATCCATTAGGTT-1	15104	12321	0.8157441737288136
GSM6339601	AAGGATCCATTGGGAG-1	7544	3650	0.48382820784729585
GSM6339601	AAGGATGTCATTAGCA-1	8912	5781	0.6486759425493717
GSM6339601	AAGGATGTCCCATAAA-1	2068	1028	0.49709864603481624
GSM6339601	AAGGATGTCCCTCAGT-1	11702	8839	0.7553409673560075
GSM6339601	AAGGATGTCTAGCTTT-1	1765	1288	0.7297450424929178
GSM6339601	AAGGATTAGACCATAC-1	12865	8033	0.6244073066459386
GSM6339601	AAGGATTAGATAACCC-1	8590	5598	0.6516880093131548
GSM6339601	AAGGATTAGCACAGAA-1	4863	2900	0.5963397079991775
GSM6339601	AAGGATTAGCTAATCA-1	13086	7301	0.5579244994650772
GSM6339601	AAGGATTAGGACCTCA-1	2648	1517	0.5728851963746223
GSM6339601	AAGGATTAGGCTATGT-1	4197	2108	0.5022635215630212
GSM6339601	AAGGATTAGGTCCAAT-1	23385	17580	0.7517639512508018
GSM6339601	AAGGATTAGTATCGCG-1	17398	10870	0.6247844579836763
GSM6339601	AAGGATTAGTCGCTAG-1	12005	6910	0.5755935027072053
GSM6339601	AAGGATTAGTTCCTGC-1	11681	7311	0.6258881945038952
GSM6339601	AAGGCCCTCATGTCAA-1	15769	12901	0.8181241676707464
GSM6339601	AAGGCCCTCCGTCCAT-1	15215	8829	0.5802826158396319
GSM6339601	AAGGTATAGACAAAGT-1	7072	4395	0.6214649321266968
GSM6339601	AAGGTATAGCTCAATA-1	12157	7884	0.6485152586986921
GSM6339601	AAGGTATAGTTAGTTG-1	15603	11602	0.7435749535345767
GSM6339601	AAGGTCAAGAATCGCT-1	4974	2866	0.5761962203457982
GSM6339601	AAGGTCAAGCCTAACG-1	18637	12952	0.6949616354563503
GSM6339601	AAGGTCAAGCTTGCTC-1	24125	19138	0.7932849740932643
GSM6339601	AAGGTCAAGGGTTAGA-1	10493	7638	0.7279138473267893
GSM6339601	AAGGTCAAGGTTAGAG-1	1944	1036	0.5329218106995884
GSM6339601	AAGGTCAAGTTCCCAC-1	15579	11244	0.721740804929713
GSM6339601	AAGGTGCAGGCACAGG-1	20117	15711	0.7809812596311577
GSM6339601	AAGGTGCAGGCTAAGA-1	1523	1009	0.6625082074852265
GSM6339601	AAGGTGCAGTCAATTG-1	8727	4535	0.5196516557809098
GSM6339601	AAGGTGCAGTTTGTCT-1	13220	11573	0.8754160363086233
GSM6339601	AAGTAGCCAAAGGTAC-1	5008	2884	0.5758785942492013
GSM6339601	AAGTAGCCAACAACAA-1	7643	4469	0.5847180426534083
GSM6339601	AAGTAGCCACCTGTAA-1	8656	4962	0.5732439926062847
GSM6339601	AAGTAGCCAGCATTAT-1	488	311	0.6372950819672131
GSM6339601	AAGTAGCCAGCTCATA-1	15656	10520	0.6719468574348493
GSM6339601	AAGTAGCCATTAGGCC-1	15624	10454	0.6690988223246288
GSM6339601	AAGTCTATCCGTTAAA-1	4242	2624	0.6185761433286185
GSM6339601	AAGTCTATCGTACCGA-1	12271	8799	0.7170564746149458
GSM6339601	AAGTCTATCTATGACA-1	908	564	0.6211453744493393
GSM6339601	AAGTGAAGTTGACTTC-1	8206	4020	0.4898854496709725
GSM6339601	AAGTGCAAGGCAACAA-1	984	501	0.5091463414634146
GSM6339601	AAGTGTTGTGTTGTAG-1	7813	3954	0.506079610904902
GSM6339601	AAGTGTTGTTAAGGTT-1	1039	491	0.47256977863330124
GSM6339601	AAGTTACGTAAATTGC-1	2594	1560	0.6013878180416345
GSM6339601	AAGTTACGTCCACAAA-1	13473	9731	0.7222593334817784
GSM6339601	AAGTTACGTCTCACTG-1	5222	2923	0.5597472232860973
GSM6339601	AAGTTACGTTAGCGTA-1	15396	8707	0.565536502987789
GSM6339601	AAGTTACGTTCCAGGG-1	13728	11220	0.8173076923076923
GSM6339601	AAGTTACGTTCCGGGA-1	14223	9820	0.690430992055122
GSM6339601	AAGTTACGTTGGATCA-1	19806	15344	0.7747147329092194
GSM6339601	AAGTTACGTTTATCGC-1	5749	3010	0.5235693164028526
GSM6339601	AAGTTAGCAAACGGGC-1	22612	19693	0.8709092517247479
GSM6339601	AAGTTAGCAAGCTAAA-1	2374	1771	0.7459983150800337
GSM6339601	AAGTTAGCAATCATGT-1	8710	5497	0.631113662456946
GSM6339601	AAGTTAGCAGCAAGTG-1	4005	7135	1.7815230961298376
GSM6339601	AAGTTAGCAGCCAGTT-1	19308	14629	0.7576652164905738
GSM6339601	AAGTTAGCAGCGCTTG-1	5452	2871	0.526595744680851
GSM6339601	AAGTTTGTCAGCACGC-1	11677	7989	0.6841654534555108
GSM6339601	AAGTTTGTCGGCCATA-1	5411	3087	0.5705045278137129
GSM6339601	AAGTTTGTCGTAATCA-1	1478	1004	0.6792963464140731
GSM6339601	AAGTTTGTCGTTATAG-1	9641	6224	0.6455761850430454
GSM6339601	AAGTTTGTCTAACTGA-1	2452	1318	0.5375203915171288
GSM6339601	AATAACCGTATTGCAG-1	2670	2014	0.7543071161048689
GSM6339601	AATAACCGTCAAACTG-1	921	499	0.5418023887079262
GSM6339601	AATAACCGTGAAACAA-1	3181	1806	0.5677459918264697
GSM6339601	AATACCGGTACGTTTC-1	1008	1302	1.2916666666666667
GSM6339601	AATACCGGTATTTGGG-1	709	366	0.5162200282087447
GSM6339601	AATACCGGTGTGCACG-1	10725	6457	0.602051282051282
GSM6339601	AATACCGGTTGCTTCG-1	748	412	0.5508021390374331
GSM6339601	AATACCGGTTGTTGGA-1	27503	18855	0.6855615751008981
GSM6339601	AATAGAGGTGCATTAG-1	4721	3029	0.6416013556449904
GSM6339601	AATAGCTGTCATGCAA-1	14830	8383	0.5652730950775455
GSM6339601	AATAGCTGTCCGCTGT-1	12791	7288	0.5697756234852631
GSM6339601	AATAGCTGTTACAAAC-1	18972	14575	0.7682374024878769
GSM6339601	AATAGCTGTTCCGCAC-1	6395	3848	0.6017200938232995
GSM6339601	AATATCCCAACCCTCC-1	3489	2082	0.5967325881341359
GSM6339601	AATATCCCAAGTGAAC-1	8836	6567	0.7432095971027615
GSM6339601	AATATCCCAATTATGC-1	18064	10818	0.5988706820194862
GSM6339601	AATATCCCAATTTGGT-1	22412	17980	0.8022487952882384
GSM6339601	AATATCCCACCTACTT-1	8165	4921	0.6026944274341702
GSM6339601	AATATCCCACCTGTAA-1	21815	17672	0.8100848040339216
GSM6339601	AATATCCCAGAGAGCC-1	17482	12350	0.7064409106509553
GSM6339601	AATATCCCATAATGAG-1	3922	2962	0.7552269250382458
GSM6339601	AATATCCCATGGCCTG-1	24540	16597	0.6763243683781581
GSM6339601	AATATCCCATTAAAGG-1	23106	21807	0.9437808361464555
GSM6339601	AATATCCCATTAAGCT-1	3965	2115	0.5334174022698613
GSM6339601	AATCAGGAGATGGAGC-1	21033	13325	0.6335282651072125
GSM6339601	AATCAGGAGCATTATG-1	25505	19269	0.7554989217800431
GSM6339601	AATCAGGAGCTACTGG-1	1199	827	0.6897414512093412
GSM6339601	AATCAGGAGGACTTAC-1	6952	3833	0.5513521288837745
GSM6339601	AATCAGGAGGGCTAAA-1	18692	15479	0.8281082816178044
GSM6339601	AATCAGGAGGTGAAAT-1	8737	5278	0.6040975163099462
GSM6339601	AATCAGGAGTAGCCAT-1	16207	9322	0.5751835626581107
GSM6339601	AATCAGGAGTGAGGTA-1	15671	11148	0.7113777040393082
GSM6339601	AATCATCCAAAGCGGC-1	708	373	0.5268361581920904
GSM6339601	AATCATCCAGCCTAAC-1	7917	5556	0.7017809776430466
GSM6339601	AATCATCCAGGCTACT-1	665	450	0.6766917293233082
GSM6339601	AATCATCCAGGCTAGA-1	5116	2760	0.5394839718530101
GSM6339601	AATCATCCATAGCTGC-1	1375	809	0.5883636363636363
GSM6339601	AATCATCCATAGGCGA-1	12385	9836	0.7941865159467097
GSM6339601	AATCATCCATGTGGGA-1	1559	935	0.5997434252726106
GSM6339601	AATCATCCATGTTGCA-1	16400	10689	0.6517682926829268
GSM6339601	AATCATGTCAAACCGT-1	18227	14426	0.7914632139134251
GSM6339601	AATCATGTCAATGTCA-1	629	541	0.8600953895071543
GSM6339601	AATCATGTCAGTGAAG-1	10088	5982	0.5929817605075337
GSM6339601	AATCATGTCATGGTGT-1	18296	14750	0.8061871447310888
GSM6339601	AATCATGTCATTATGG-1	14393	11684	0.8117835058709094
GSM6339601	AATCATGTCCCTGGAA-1	18981	14050	0.7402138981086349
GSM6339601	AATCATGTCCTAGTTT-1	3567	2131	0.5974208017942249
GSM6339601	AATCATGTCGATATTG-1	17503	16958	0.9688624807175913
GSM6339601	AATCATGTCGCAAACT-1	1501	1055	0.7028647568287808
GSM6339601	AATCATGTCGTTATAG-1	1101	770	0.6993642143505904
GSM6339601	AATCATGTCTGGCTTC-1	1713	954	0.5569176882661997
GSM6339601	AATCCATCAAATGCCC-1	11721	8692	0.7415749509427523
GSM6339601	AATCCATCAACCGCCA-1	6775	4717	0.6962361623616237
GSM6339601	AATCCATCAAGGATTA-1	5215	3454	0.662320230105465
GSM6339601	AATCCATCAATTGAAG-1	11553	8577	0.7424045702414958
GSM6339601	AATCCATCATCCAGGT-1	1734	1149	0.6626297577854672
GSM6339601	AATCCCTGTACGTTTC-1	4882	2204	0.4514543219991807
GSM6339601	AATCCCTGTAGCAGCT-1	4570	2645	0.5787746170678337
GSM6339601	AATCCCTGTTAAGGTT-1	9710	6938	0.7145211122554068
GSM6339601	AATCCGTAGATGGACA-1	16346	11386	0.6965618499938823
GSM6339601	AATCCGTAGCAAGATG-1	14404	10800	0.7497917245209664
GSM6339601	AATCCGTAGGAGGTTA-1	6143	3535	0.5754517336806121
GSM6339601	AATCCGTAGTATTGGC-1	13405	7140	0.5326370757180157
GSM6339601	AATCCGTAGTGGACAA-1	7973	3958	0.4964254358459802
GSM6339601	AATCCTAAGACAAGTG-1	11982	13483	1.1252712401936238
GSM6339601	AATCCTAAGCAATAGG-1	1813	1572	0.8670711527854384
GSM6339601	AATCCTAAGCCGCTAA-1	5836	3704	0.634681288553804
GSM6339601	AATCCTAAGGATCACT-1	1868	1040	0.556745182012848
GSM6339601	AATCCTAAGGCTCATG-1	492	283	0.5752032520325203
GSM6339601	AATCCTAAGGTTAGAG-1	7775	4658	0.5990996784565916
GSM6339601	AATCCTAAGTAGCTTA-1	20641	14700	0.712174797732668
GSM6339601	AATCCTAAGTGACCTG-1	3543	2257	0.6370307648885125
GSM6339601	AATCCTAAGTTCCCGT-1	6102	4725	0.7743362831858407
GSM6339601	AATCGCCCACGGTTTA-1	4940	2879	0.5827935222672065
GSM6339601	AATCGCCCAGGCCAAA-1	5851	3559	0.6082720902409845
GSM6339601	AATCGCCCATAAGTCT-1	6733	4028	0.5982474379919798
GSM6339601	AATCGCCCATAGACTT-1	18392	11213	0.6096672466289691
GSM6339601	AATCGCCCATGCATAT-1	4738	2500	0.527648796960743
GSM6339601	AATCTCAAGAGAGGCT-1	5860	3131	0.5343003412969284
GSM6339601	AATCTCAAGGCTATGT-1	6309	3684	0.583927722301474
GSM6339601	AATCTTGAGCCGGTAC-1	8660	4892	0.5648960739030023
GSM6339601	AATCTTGAGGCTGTCA-1	659	406	0.6160849772382397
GSM6339601	AATCTTGAGGTGAAGC-1	18651	11977	0.6421639590370489
GSM6339601	AATCTTGAGTAGCCAT-1	5710	4018	0.703677758318739
GSM6339601	AATGAAGGTAAAGCGG-1	9711	5854	0.6028215425805787
GSM6339601	AATGAAGGTAATGACT-1	13890	10483	0.75471562275018
GSM6339601	AATGAAGGTCTAGCTT-1	645	571	0.8852713178294573
GSM6339601	AATGAAGGTGATCAGC-1	20398	15715	0.7704186684969114
GSM6339601	AATGCAACAAACTAAG-1	2940	2627	0.8935374149659864
GSM6339601	AATGCAACATTCCTCG-1	2429	1291	0.5314944421572664
GSM6339601	AATGCATGTCCTAAGA-1	5703	3568	0.6256356303699807
GSM6339601	AATGCATGTCCTCCAA-1	7878	5012	0.6362020817466362
GSM6339601	AATGCATGTTCGGGAT-1	2252	1421	0.6309946714031972
GSM6339601	AATGCGCGTATACTGG-1	5577	2798	0.5017034247803479
GSM6339601	AATGCGCGTATTACCC-1	12533	7872	0.6281018112183835
GSM6339601	AATGCGCGTATTGGTG-1	1064	571	0.5366541353383458
GSM6339601	AATGCGCGTCATGCCC-1	6704	3508	0.5232696897374701
GSM6339601	AATGCGCGTGGTTAGC-1	15213	11568	0.760402287517255
GSM6339601	AATGCGCGTTAAATGC-1	3082	2244	0.72809863724854
GSM6339601	AATGCGCGTTAATGCG-1	25360	22719	0.8958596214511041
GSM6339601	AATGCGCGTTTATTCG-1	7047	3842	0.5451965375337022
GSM6339601	AATGGCGCACAACCTA-1	891	523	0.5869809203142536
GSM6339601	AATGTCATCACTTCAT-1	7228	3795	0.5250415052573326
GSM6339601	AATGTCATCATGCTAA-1	5785	2882	0.49818496110630944
GSM6339601	AATGTCATCATGTGGT-1	3183	1575	0.4948162111215834
GSM6339601	AATGTCATCGCTATAA-1	3852	2669	0.6928868120456906
GSM6339601	AATGTCATCTGCAACG-1	3866	1890	0.48887739265390584
GSM6339601	AATGTCCAGACACCGC-1	6199	5088	0.8207775447652848
GSM6339601	AATGTCCAGCAGCTCA-1	12217	8183	0.6698043709585004
GSM6339601	AATGTCCAGGAGGCAT-1	10786	7249	0.672074911922863
GSM6339601	AATGTCCAGGGATGAC-1	24794	20719	0.8356457207388884
GSM6339601	AATGTCCAGTTAGGCT-1	3925	2346	0.5977070063694268
GSM6339601	AATTACCCAAACATAG-1	1397	760	0.5440229062276306
GSM6339601	AATTACCCAACCCTCC-1	15583	10545	0.6766989668228197
GSM6339601	AATTACCCAATTAGCT-1	8395	5676	0.6761167361524717
GSM6339601	AATTACCCACACAATT-1	2631	1619	0.6153553781832003
GSM6339601	AATTACCCACCTACTT-1	1067	596	0.5585754451733833
GSM6339601	AATTACCCATGACTAT-1	13937	8296	0.5952500538135898
GSM6339601	AATTACCCATTGTGCA-1	18771	12634	0.6730595066858451
GSM6339601	AATTAGCGTGAGCGAA-1	1179	623	0.5284139100932994
GSM6339601	AATTAGCGTGGATTGC-1	2699	1773	0.6569099666543164
GSM6339601	AATTAGCGTTCACCCA-1	8312	4917	0.5915543792107796
GSM6339601	AATTAGCGTTCACTGT-1	11627	6289	0.5408961899028124
GSM6339601	AATTAGGCACAAAGAC-1	6212	3326	0.5354153251770766
GSM6339601	AATTCGTCAATGCCTA-1	3568	2439	0.6835762331838565
GSM6339601	AATTCGTCAATTAACC-1	8104	5121	0.6319101678183613
GSM6339601	AATTCGTCACCCACAG-1	6563	3870	0.5896693585250647
GSM6339601	AATTCGTCACTGACTA-1	5920	4488	0.7581081081081081
GSM6339601	AATTCGTCACTGGCCA-1	9007	5434	0.6033085378039302
GSM6339601	AATTCGTCAGTACCGT-1	443	229	0.5169300225733634
GSM6339601	AATTCGTCAGTCTAGC-1	15564	11466	0.7367000771010023
GSM6339601	AATTCGTCATTAAGTC-1	6048	3599	0.5950727513227513
GSM6339601	AATTGACGTAACGGGA-1	6490	5251	0.8090909090909091
GSM6339601	AATTGACGTCCTAATC-1	26229	22456	0.8561515879370163
GSM6339601	AATTGACGTTCACTGT-1	7764	4605	0.5931221020092736
GSM6339601	AATTGACGTTTGAGGC-1	22314	16092	0.7211616025813391
GSM6339601	AATTGCCAGGAAGCTA-1	24281	19178	0.7898356739837733
GSM6339601	AATTGCCAGGGTCTAT-1	12068	10302	0.8536625787205834
GSM6339601	AATTGCTCAAACCCTA-1	14619	10507	0.7187222108215336
GSM6339601	AATTGCTCAATTGAAG-1	12050	8268	0.6861410788381743
GSM6339601	AATTGCTCACACAATT-1	10793	7053	0.6534791068285
GSM6339601	AATTGCTCATAATCCG-1	2593	1380	0.5322020825298882
GSM6339601	AATTGCTCATCGCTCC-1	922	584	0.6334056399132321
GSM6339601	AATTGCTCATGTCAAT-1	7980	4177	0.5234335839598997
GSM6339601	AATTGGACAAATTCGT-1	15234	9573	0.6283970066955494
GSM6339601	AATTGGACAACAGGAT-1	6242	3850	0.6167894905479013
GSM6339601	AATTGGACAAGCTAAA-1	15860	9057	0.5710592686002522
GSM6339601	AATTGGACAAGTGTTT-1	4591	2461	0.5360487911130473
GSM6339601	AATTGGACACCTACGG-1	14091	8852	0.628202398694202
GSM6339601	AATTGGACATGCATAT-1	20030	15233	0.7605092361457814
GSM6339601	AATTGGACATTAAGTC-1	23289	16804	0.7215423590536305
GSM6339601	AATTGGACATTGCAGC-1	15536	10385	0.6684474768280123
GSM6339601	AATTGGGAGCAAGATG-1	3609	2075	0.5749515101136049
GSM6339601	AATTGGGAGGAGTCTT-1	4483	3846	0.8579076511264778
GSM6339601	AATTGGGAGTTAGAGG-1	7744	4767	0.615573347107438
GSM6339601	AATTGTGTCACCATTT-1	11536	6739	0.5841712898751734
GSM6339601	AATTGTGTCGAAGTGA-1	15489	8250	0.5326360643036994
GSM6339601	AATTGTGTCGATCAGT-1	11974	7688	0.6420577918824119
GSM6339601	AATTGTGTCGGTACGC-1	1307	888	0.6794185156847743
GSM6339601	AATTGTGTCGTTAAGC-1	459	292	0.6361655773420479
GSM6339601	AATTGTGTCTAAGGAG-1	16847	11383	0.675669258621713
GSM6339601	AATTGTGTCTAGCTTT-1	3236	1825	0.5639678615574784
GSM6339601	AATTGTGTCTCGACCT-1	14975	10142	0.677262103505843
GSM6339601	AATTTCCTCAAATCGC-1	5647	3175	0.5622454400566672
GSM6339601	AATTTCCTCCACCTGT-1	12535	9291	0.741204627044276
GSM6339601	AATTTCCTCCCGTTAC-1	25698	18842	0.7332088100241264
GSM6339601	AATTTCCTCGCTAAGT-1	24631	16453	0.6679793755836142
GSM6339601	AATTTCCTCTTGACCC-1	6329	3321	0.5247274450940117
GSM6339601	AATTTGCCAAATTCGT-1	7236	5319	0.7350746268656716
GSM6339601	AATTTGCCAACCCTAA-1	4655	3061	0.6575725026852847
GSM6339601	AATTTGCCAATAATGG-1	7015	4874	0.6947968638631504
GSM6339601	AATTTGCCACAGAAAC-1	6922	4208	0.6079167870557642
GSM6339601	AATTTGCCATAGACCC-1	3533	2665	0.7543164449476366
GSM6339601	AATTTGCCATGATTGT-1	4299	2146	0.4991858571760875
GSM6339601	AATTTGGTCATGCTTT-1	10720	6794	0.6337686567164179
GSM6339601	AATTTGGTCCGCAACA-1	1885	1033	0.5480106100795756
GSM6339601	AATTTGGTCCTGGTCT-1	2869	1889	0.6584175670965493
GSM6339601	AATTTGGTCGAGGAGT-1	1902	904	0.47528916929547843
GSM6339601	AATTTGGTCTTACTCG-1	13239	8917	0.6735402976055593
GSM6339601	ACAAACTGTTCCGGCT-1	2398	1944	0.810675562969141
GSM6339601	ACAAACTGTTGTCATC-1	4151	3276	0.7892074198988196
GSM6339601	ACAAAGGTCCAGGAAA-1	4545	2588	0.5694169416941695
GSM6339601	ACAAAGGTCTGTTGCC-1	7486	4145	0.5537002404488378
GSM6339601	ACAACAACAAGGGTTG-1	2576	1546	0.6001552795031055
GSM6339601	ACAACAACAAGGTAAC-1	5296	4396	0.8300604229607251
GSM6339601	ACAACAACAAGGTATA-1	513	239	0.46588693957115007
GSM6339601	ACAACAACAATGCCTA-1	12678	8924	0.7038965136456854
GSM6339601	ACAACAACAGGCTAAG-1	1437	714	0.4968684759916493
GSM6339601	ACAACAACATGGCCTG-1	7720	5076	0.6575129533678756
GSM6339601	ACAACACTCAAACTCA-1	1394	651	0.46700143472022954
GSM6339601	ACAACACTCAGGAACA-1	6539	3733	0.5708823979201713
GSM6339601	ACAACACTCCGCCTCA-1	9774	5782	0.5915694700225087
GSM6339601	ACAACACTCCTAGTCC-1	10885	7267	0.6676159853008727
GSM6339601	ACAACACTCGTGCCTT-1	13105	8588	0.6553223960320488
GSM6339601	ACAACACTCTGGCATG-1	5540	3422	0.6176895306859206
GSM6339601	ACAACACTCTGTAAGC-1	10540	6398	0.6070208728652752
GSM6339601	ACAACAGAGACTAAGG-1	4529	2598	0.573636564362994
GSM6339601	ACAACAGAGCCGCTAA-1	15277	12798	0.8377299207959678
GSM6339601	ACAACAGAGTAGAGGC-1	1509	652	0.4320742213386349
GSM6339601	ACAACAGAGTAGGATG-1	14999	9648	0.6432428828588572
GSM6339601	ACAACAGAGTGATTCA-1	19376	13025	0.6722233691164327
GSM6339601	ACAACATGTATTTGCC-1	367	202	0.5504087193460491
GSM6339601	ACAACATGTCAATACG-1	7629	4377	0.5737318128195045
GSM6339601	ACAACATGTCTATCGT-1	1541	871	0.5652173913043478
GSM6339601	ACAACATGTTCGCTCA-1	11577	10378	0.89643258184331
GSM6339601	ACACAATGTTGCGCGA-1	14638	9937	0.6788495696133352
GSM6339601	ACACAATGTTGGTTAG-1	3800	1932	0.508421052631579
GSM6339601	ACACAATGTTTGCAGA-1	1065	527	0.49483568075117373
GSM6339601	ACACCTTGTATACTGG-1	17689	10871	0.6145627225959636
GSM6339601	ACACCTTGTGAACAAA-1	7700	3675	0.4772727272727273
GSM6339601	ACACCTTGTGATGGCT-1	17235	12869	0.7466782709602553
GSM6339601	ACACCTTGTTTGGCGG-1	3722	2201	0.591348737238044
GSM6339601	ACACGGACAAAGCTAA-1	3473	2321	0.6682983011805356
GSM6339601	ACACGGACAAGCCACT-1	4799	2947	0.6140862679724942
GSM6339601	ACACGGACATAAGTCT-1	10008	6828	0.6822541966426858
GSM6339601	ACACGGACATTCAGCA-1	5945	3661	0.615811606391926
GSM6339601	ACACTAATCACTCGCT-1	2864	1466	0.5118715083798883
GSM6339601	ACACTAATCATTTGTC-1	4287	2513	0.5861908094238395
GSM6339601	ACACTAATCCTCGATC-1	5458	2655	0.48644192011725906
GSM6339601	ACACTAATCGAGCAAA-1	4120	2080	0.5048543689320388
GSM6339601	ACACTAGGTACGGTAC-1	2097	1264	0.6027658559847401
GSM6339601	ACACTAGGTCACAGCG-1	17293	11995	0.6936332620135315
GSM6339601	ACACTAGGTCACCAAA-1	10866	6817	0.6273697772869501
GSM6339601	ACACTAGGTGTGCAAC-1	1751	981	0.5602512849800114
GSM6339601	ACACTAGGTTAACAGT-1	2676	1691	0.6319133034379671
GSM6339601	ACACTAGGTTCCTCCT-1	1919	1187	0.6185513288170922
GSM6339601	ACACTAGGTTGGTTGA-1	1021	590	0.5778648383937316
GSM6339601	ACACTTAAGCACTAAC-1	2586	1644	0.6357308584686775
GSM6339601	ACACTTAAGCCATCAG-1	3257	1766	0.5422167638931532
GSM6339601	ACACTTAAGCCGGTAC-1	22744	15120	0.6647907140344707
GSM6339601	ACACTTAAGGCGCTAC-1	6878	4164	0.6054085489968014
GSM6339601	ACACTTAAGTAACCAC-1	3752	2498	0.6657782515991472
GSM6339601	ACACTTGCAATAGCCC-1	19882	16015	0.8055024645407907
GSM6339601	ACACTTGCAGGGAGCT-1	15046	11782	0.7830652665160176
GSM6339601	ACACTTGCATGTTGGC-1	6057	3779	0.623906224203401
GSM6339601	ACACTTGCATTGTGGC-1	22873	18693	0.8172517815765313
GSM6339601	ACAGCCGGTAAGTCGC-1	6872	4301	0.6258731082654249
GSM6339601	ACAGCCGGTCAGGCCA-1	723	382	0.5283540802213001
GSM6339601	ACAGCCGGTTAAGGTT-1	1548	857	0.5536175710594315
GSM6339601	ACAGCGCTCACTAATG-1	15975	11025	0.6901408450704225
GSM6339601	ACAGCGCTCGATAACC-1	13240	8875	0.6703172205438066
GSM6339601	ACAGCGCTCTATTGTC-1	6615	3514	0.5312169312169313
GSM6339601	ACAGGAATCATCACTT-1	11665	7378	0.6324903557651093
GSM6339601	ACAGGAATCATTACTC-1	14897	10551	0.7082634087400148
GSM6339601	ACAGGAATCGGTCAGC-1	5665	3483	0.6148278905560459
GSM6339601	ACAGGAATCTCACAAA-1	11455	6367	0.5558271497162811
GSM6339601	ACAGGAATCTCATCAT-1	11173	6409	0.5736149646469166
GSM6339601	ACAGGAATCTTGAGGT-1	7207	3872	0.5372554460940752
GSM6339601	ACAGGATCAAGCGATG-1	900	623	0.6922222222222222
GSM6339601	ACAGGATCACAGGAAT-1	18440	12399	0.6723969631236443
GSM6339601	ACAGGATCAGCATTAT-1	6787	3749	0.5523795491380581
GSM6339601	ACAGGATCAGGCTAGA-1	19149	14769	0.7712674291085696
GSM6339601	ACAGGATCATAGCGAG-1	7849	4808	0.6125621098229074
GSM6339601	ACAGGCTGTAATCCCT-1	5262	2682	0.5096921322690992
GSM6339601	ACAGGCTGTATTGAGT-1	2904	1297	0.4466253443526171
GSM6339601	ACAGGCTGTGCCTCAC-1	738	384	0.5203252032520326
GSM6339601	ACAGGCTGTGGACCTG-1	5737	3566	0.6215792225902039
GSM6339601	ACAGGCTGTTGGGTTA-1	782	574	0.7340153452685422
GSM6339601	ACAGGCTGTTGTGATG-1	1387	1016	0.7325162220620043
GSM6339601	ACAGGTAAGCACGTTG-1	18999	15387	0.809884730775304
GSM6339601	ACAGGTAAGCACTAGT-1	5600	3417	0.6101785714285715
GSM6339601	ACAGGTAAGCATGTCG-1	21568	19729	0.9147347922848664
GSM6339601	ACAGGTAAGCGAGCGA-1	13559	9255	0.682572461095951
GSM6339601	ACAGGTAAGCTAATTG-1	9681	5932	0.6127466170850119
GSM6339601	ACAGGTAAGTTTGTCT-1	15270	11456	0.7502292075965946
GSM6339601	ACAGTATGTAACCAGC-1	2190	1648	0.7525114155251141
GSM6339601	ACAGTATGTGAGAAAC-1	2526	2019	0.7992874109263658
GSM6339601	ACAGTATGTGAGGTGA-1	2150	1023	0.4758139534883721
GSM6339601	ACAGTATGTTAGACCA-1	10445	6359	0.6088080421254188
GSM6339601	ACATAGCTCTTGGACG-1	8825	5584	0.6327478753541077
GSM6339601	ACATCAATCACCATTT-1	1236	945	0.7645631067961165
GSM6339601	ACATCAATCAGGAACA-1	8510	4683	0.5502937720329024
GSM6339601	ACATCAATCATGCGTG-1	15842	13133	0.8289988637798258
GSM6339601	ACATCAATCCCTCAGT-1	3980	2308	0.5798994974874372
GSM6339601	ACATCAATCCGCTAGA-1	23097	17337	0.7506169632419795
GSM6339601	ACATCAATCCTGGTCT-1	2239	1859	0.8302813756141134
GSM6339601	ACATCAATCGGCTAGC-1	3782	2167	0.5729772607086198
GSM6339601	ACATCATCAAGATTCT-1	15688	11830	0.7540795512493625
GSM6339601	ACATCATCACAGCCTG-1	14593	12738	0.8728842595765093
GSM6339601	ACATCATCAGCAAGTG-1	15190	8430	0.554970375246873
GSM6339601	ACATCATCATAGCTTG-1	7902	5618	0.7109592508225766
GSM6339601	ACATTAGTCAGGCCTA-1	2616	2144	0.8195718654434251
GSM6339601	ACATTAGTCCTAAATG-1	13976	12395	0.8868775042930739
GSM6339601	ACATTAGTCCTTGAGG-1	7649	5029	0.6574715649104458
GSM6339601	ACATTAGTCTCACACC-1	2939	1685	0.5733242599523648
GSM6339601	ACATTGCAGCAAGATG-1	9594	5810	0.6055868250990202
GSM6339601	ACATTGCAGCACAGAA-1	9104	7327	0.804811072056239
GSM6339601	ACATTGCAGCATTAGC-1	11575	7237	0.6252267818574514
GSM6339601	ACATTGCAGTGAACGA-1	2545	1455	0.5717092337917485
GSM6339601	ACATTGCAGTTAGCTA-1	6380	4113	0.6446708463949843
GSM6339601	ACCAAACTCCTTGCGT-1	3518	2985	0.8484934621944287
GSM6339601	ACCAAACTCTTGACCC-1	23906	16747	0.7005354304358739
GSM6339601	ACCAAGCGTAAAGCGG-1	14955	9432	0.6306920762286861
GSM6339601	ACCAAGCGTAGGTTGC-1	22315	15336	0.6872507282097244
GSM6339601	ACCAAGCGTATCTGGA-1	25120	16416	0.6535031847133758
GSM6339601	ACCAAGCGTCACAGAC-1	14008	8438	0.6023700742432896
GSM6339601	ACCAAGCGTCATCCTG-1	18666	11441	0.6129326047358834
GSM6339601	ACCAAGCGTGTAATAC-1	9515	4901	0.5150814503415659
GSM6339601	ACCAAGCGTGTGTCCC-1	24916	15576	0.6251404719858725
GSM6339601	ACCAAGCGTTTCGCGC-1	14082	7556	0.5365715097287317
GSM6339601	ACCAAGCGTTTGGGTA-1	7536	4380	0.5812101910828026
GSM6339601	ACCAAGTTCACGAATC-1	9599	5510	0.5740181268882175
GSM6339601	ACCAAGTTCAGGCCTA-1	15170	12358	0.8146341463414634
GSM6339601	ACCAAGTTCATCGTTT-1	5205	2710	0.5206532180595581
GSM6339601	ACCAAGTTCCGGTTAG-1	10385	8741	0.8416947520462205
GSM6339601	ACCAAGTTCGAAGCGG-1	7231	4032	0.5575992255566312
GSM6339601	ACCAAGTTCGCTATGG-1	6903	4172	0.6043749094596552
GSM6339601	ACCAATATCATGAGCT-1	2382	1249	0.5243492863140218
GSM6339601	ACCAATATCGTTTCCA-1	1935	1116	0.5767441860465117
GSM6339601	ACCACACCAAGTGAAC-1	904	658	0.7278761061946902
GSM6339601	ACCACACCAATACTGT-1	12504	8759	0.7004958413307741
GSM6339601	ACCACACCACTAGCGT-1	3754	1993	0.5309003729355354
GSM6339601	ACCACACCACTGGCTG-1	14124	9939	0.703695836873407
GSM6339601	ACCACACCAGTCTAGC-1	5896	3373	0.5720827679782904
GSM6339601	ACCACACCATAAGGAC-1	3863	2683	0.6945379238933471
GSM6339601	ACCACACCATCCAGGT-1	26026	19959	0.7668869591946516
GSM6339601	ACCACACCATCCGTAA-1	8761	6937	0.7918045885172925
GSM6339601	ACCACATAGCATGCAT-1	4139	2878	0.6953370379318676
GSM6339601	ACCACATAGCGAGTAA-1	3199	1840	0.5751797436698969
GSM6339601	ACCACATAGGGCCATC-1	1828	1311	0.7171772428884027
GSM6339601	ACCACATAGGGTGGAT-1	16256	9318	0.5732037401574803
GSM6339601	ACCACATAGTGGCGGA-1	4078	2952	0.7238842569887199
GSM6339601	ACCACATAGTTCCCGT-1	6044	4041	0.6685969556585043
GSM6339601	ACCAGCTCAAACATAG-1	5430	3050	0.5616942909760589
GSM6339601	ACCAGCTCAAAGCCTC-1	396	220	0.5555555555555556
GSM6339601	ACCAGCTCAAGGACCA-1	10442	6475	0.6200919364106493
GSM6339601	ACCAGCTCAGTTATCG-1	14244	9633	0.676284751474305
GSM6339601	ACCAGCTCATAGCGGA-1	4373	2509	0.5737479990852962
GSM6339601	ACCAGCTCATCAGCAC-1	16396	10700	0.6525981946816297
GSM6339601	ACCAGGACAAACCCTA-1	956	677	0.7081589958158996
GSM6339601	ACCAGGACAGCTACGT-1	787	520	0.6607369758576874
GSM6339601	ACCAGGACAGGCTAAG-1	10625	8354	0.7862588235294118
GSM6339601	ACCAGGCTCCAAACAC-1	6104	3170	0.5193315858453473
GSM6339601	ACCAGGGAGCCAGGTC-1	1067	584	0.5473289597000938
GSM6339601	ACCAGGGAGCTTAACA-1	13464	8018	0.595513963161022
GSM6339601	ACCAGGGAGCTTATGA-1	1166	836	0.7169811320754716
GSM6339601	ACCAGGGAGGACCTTG-1	4263	2253	0.5285010555946517
GSM6339601	ACCAGGGAGTTATCCT-1	781	451	0.5774647887323944
GSM6339601	ACCATAATCAGGTTTA-1	2106	1193	0.5664767331433999
GSM6339601	ACCATAATCATCCTAT-1	3333	1777	0.5331533153315332
GSM6339601	ACCATAATCCCTGGAA-1	4802	3168	0.6597251145356101
GSM6339601	ACCATAATCCGGTATG-1	21265	11886	0.5589466259111215
GSM6339601	ACCATAATCTAACTGA-1	4479	2912	0.6501451216789462
GSM6339601	ACCATAATCTGTAATG-1	20144	16558	0.8219817315329627
GSM6339601	ACCATTAAGACAACGA-1	10593	7850	0.7410554139526102
GSM6339601	ACCATTAAGATAACCC-1	7363	3914	0.5315768029335869
GSM6339601	ACCATTAAGCAAGACA-1	5304	3458	0.6519607843137255
GSM6339601	ACCATTAAGCATGGTT-1	15134	10738	0.7095282146160962
GSM6339601	ACCATTAAGGAGCATA-1	3800	2194	0.5773684210526315
GSM6339601	ACCATTAAGTATTGTG-1	783	430	0.5491698595146871
GSM6339601	ACCATTAAGTGATTCA-1	18580	11971	0.6442949407965555
GSM6339601	ACCCAACCAACAGGAT-1	5320	2830	0.5319548872180451
GSM6339601	ACCCAACCACAATGTT-1	5330	2879	0.5401500938086304
GSM6339601	ACCCAACCATCGCTTT-1	20678	20439	0.988441822226521
GSM6339601	ACCCAGGGTAATGGAA-1	766	413	0.5391644908616188
GSM6339601	ACCCAGGGTACGCGCA-1	3521	2383	0.6767963646691281
GSM6339601	ACCCAGGGTAGTTAAC-1	2770	1994	0.71985559566787
GSM6339601	ACCCAGGGTGCAACTA-1	7758	5646	0.7277648878576953
GSM6339601	ACCCAGGGTGGAGCAA-1	8499	5277	0.6208965760677727
GSM6339601	ACCCGCTGTCGTTATC-1	461	185	0.40130151843817785
GSM6339601	ACCCGCTGTGGATGTC-1	18819	12101	0.6430203517721452
GSM6339601	ACCCGCTGTGTTTGCT-1	5038	3728	0.7399761810242159
GSM6339601	ACCCGGTAGCATTAGC-1	3036	1737	0.5721343873517787
GSM6339601	ACCCGGTAGCCATCAG-1	879	402	0.45733788395904434
GSM6339601	ACCCGGTAGCTGGAAA-1	22758	23924	1.0512347306441692
GSM6339601	ACCCGGTAGGACCGCT-1	13788	11368	0.8244850594720047
GSM6339601	ACCCGGTAGGCAACAA-1	1624	1242	0.7647783251231527
GSM6339601	ACCCGGTAGGTGTCCA-1	5912	4376	0.7401894451962111
GSM6339601	ACCCGTAAGCAAGACA-1	2776	2429	0.875
GSM6339601	ACCCGTAAGCAAGGGT-1	3158	2195	0.6950601646611779
GSM6339601	ACCCGTAAGGACCTTG-1	12224	8587	0.7024705497382199
GSM6339601	ACCCGTAAGGATAAAC-1	12426	8072	0.6496056655399968
GSM6339601	ACCCTCCCACCGTTCC-1	893	428	0.47928331466965285
GSM6339601	ACCCTCCCATGAGCAG-1	2460	1115	0.4532520325203252
GSM6339601	ACCCTCCCATGTTGTG-1	1594	1259	0.7898368883312421
GSM6339601	ACCCTGTTCCATCAGG-1	16195	10465	0.6461870947823403
GSM6339601	ACCCTGTTCCTGCGAA-1	5089	2313	0.4545097268618589
GSM6339601	ACCCTGTTCGAAGTGA-1	5515	3098	0.5617407071622846
GSM6339601	ACCCTGTTCTCAATGA-1	17455	10271	0.5884273847035233
GSM6339601	ACCCTGTTCTCGCCTG-1	2395	1923	0.8029227557411274
GSM6339601	ACCGAAGCAGTTGCGT-1	10139	5186	0.5114902850379722
GSM6339601	ACCGAAGCATAGCTGC-1	17413	14356	0.8244415092172515
GSM6339601	ACCGAAGCATCGCTCC-1	2711	1504	0.5547768351161932
GSM6339601	ACCGCAATCATGACCG-1	7572	5101	0.6736661384046487
GSM6339601	ACCGCAATCATGCGTG-1	4447	2488	0.559478299977513
GSM6339601	ACCGCAATCGGTCAGC-1	1736	1248	0.7188940092165899
GSM6339601	ACCGCAATCTAGCGTG-1	1894	1047	0.5527983104540655
GSM6339601	ACCGCAATCTTAATGG-1	592	330	0.5574324324324325
GSM6339601	ACCGGCTAGCACAGCC-1	2079	1562	0.7513227513227513
GSM6339601	ACCGGCTAGCGGGCAA-1	25311	19990	0.7897751965548576
GSM6339601	ACCGGCTAGGACTTAC-1	8236	4739	0.5754006799417193
GSM6339601	ACCGGCTAGTTTGGTA-1	2707	1657	0.6121167343923162
GSM6339601	ACCGGTTCAAGCTAAA-1	4949	3338	0.674479692867246
GSM6339601	ACCGGTTCACTGGCCA-1	15522	10820	0.697075119185672
GSM6339601	ACCGGTTCATCAGTAT-1	402	160	0.39800995024875624
GSM6339601	ACCGGTTCATGCAACC-1	13872	10693	0.7708333333333334
GSM6339601	ACCGGTTCATTGTTGG-1	3954	2062	0.5214972180070815
GSM6339601	ACCTAAATCACGCCAA-1	943	699	0.7412513255567338
GSM6339601	ACCTAAATCCCGTTGT-1	12922	7541	0.5835783934375484
GSM6339601	ACCTAAATCCTTAGGG-1	14464	10689	0.7390071902654868
GSM6339601	ACCTAAATCTAGCGTG-1	22391	16860	0.7529811084810861
GSM6339601	ACCTAAATCTCAATGA-1	8248	5301	0.6427012609117362
GSM6339601	ACCTAAATCTGCAAAC-1	17749	10014	0.564200800045073
GSM6339601	ACCTAAGGTGAGGTGA-1	8813	6138	0.6964711222058323
GSM6339601	ACCTAAGGTTATCCGT-1	531	394	0.7419962335216572
GSM6339601	ACCTAAGGTTTGCGAA-1	1498	831	0.554739652870494
GSM6339601	ACCTACCTCACACAGT-1	8485	4967	0.585385975250442
GSM6339601	ACCTACCTCACCATTT-1	16479	11766	0.7139996359002366
GSM6339601	ACCTACCTCAGGCTAT-1	14153	10610	0.7496643821098
GSM6339601	ACCTACCTCCTCCCTC-1	2892	1638	0.5663900414937759
GSM6339601	ACCTACCTCGCTAGAT-1	13462	10890	0.8089436933590848
GSM6339601	ACCTACCTCTCTAGCC-1	7378	3900	0.528598536188669
GSM6339601	ACCTACCTCTTTAGGA-1	460	255	0.5543478260869565
GSM6339601	ACCTCACTCATAGACC-1	3047	1571	0.5155891040367575
GSM6339601	ACCTCACTCATGCGTG-1	20869	20801	0.9967415784177488
GSM6339601	ACCTCACTCCGCCTCA-1	9906	5771	0.5825762164344842
GSM6339601	ACCTCACTCTGGCATG-1	9497	5509	0.5800779193429504
GSM6339601	ACCTGGATCCAATAGC-1	834	609	0.7302158273381295
GSM6339601	ACCTGGATCGTGCTAG-1	5129	3873	0.7551179567167089
GSM6339601	ACCTGGATCTCCATGC-1	11500	6487	0.5640869565217391
GSM6339601	ACCTGGTCACTTACAG-1	5241	2794	0.5331043693951536
GSM6339601	ACCTGGTCAGTAGGTG-1	5056	3631	0.7181566455696202
GSM6339601	ACCTGGTCATCACAGC-1	21996	16021	0.728359701763957
GSM6339601	ACCTGTTGTATTCGTC-1	4499	2181	0.48477439430984665
GSM6339601	ACCTGTTGTCATCCTG-1	13372	8696	0.6503140891414897
GSM6339601	ACCTGTTGTTCCAGGG-1	9180	5887	0.641285403050109
GSM6339601	ACCTTCCAGCGCAATT-1	13173	7966	0.6047217793972519
GSM6339601	ACCTTCCAGGAACGCG-1	4014	1790	0.44593921275535625
GSM6339601	ACCTTCCAGGTGAAGC-1	4101	1974	0.4813460131675201
GSM6339601	ACCTTGCTCCAGCACA-1	6729	3849	0.5720017833259028
GSM6339601	ACCTTGCTCCTTGTTG-1	12841	10464	0.8148898060898684
GSM6339601	ACCTTGCTCGCATCCT-1	1075	651	0.6055813953488373
GSM6339601	ACCTTGCTCGCTAAGT-1	3864	2685	0.6948757763975155
GSM6339601	ACCTTGCTCTGTGAGT-1	9517	5973	0.6276137438268362
GSM6339601	ACCTTGTGTAACCTAG-1	3561	1915	0.5377702892445942
GSM6339601	ACCTTGTGTACGCGCA-1	18455	15330	0.8306691953400163
GSM6339601	ACCTTGTGTTAGAGCC-1	11462	8561	0.7469028092828477
GSM6339601	ACCTTGTGTTCCTGAT-1	2619	1405	0.5364642993508973
GSM6339601	ACCTTGTGTTGCTGGG-1	5291	4085	0.7720657720657721
GSM6339601	ACGAACAAGACAGGCG-1	3103	2728	0.8791492104415082
GSM6339601	ACGAACAAGCTAAGTC-1	16954	12376	0.7299752270850537
GSM6339601	ACGAACAAGCTATTAG-1	15310	12246	0.7998693664271718
GSM6339601	ACGAACAAGCTTAGTA-1	1764	1105	0.6264172335600907
GSM6339601	ACGAACAAGGACCAGG-1	434	225	0.5184331797235023
GSM6339601	ACGAACAAGTTATTCC-1	7509	4836	0.644027167399121
GSM6339601	ACGAAGTCAGCATGGA-1	11608	7385	0.6361991729841489
GSM6339601	ACGAAGTCAGGCGATA-1	9326	5975	0.6406819644006004
GSM6339601	ACGAAGTCATGATTGT-1	7256	4242	0.584619625137817
GSM6339601	ACGAATCTCAAACTCA-1	3226	1563	0.48450092994420335
GSM6339601	ACGAATCTCAATTGGC-1	1937	1267	0.6541042849767682
GSM6339601	ACGAATCTCGGTTTGG-1	5525	3452	0.6247963800904978
GSM6339601	ACGAATCTCGTAACGT-1	16728	13513	0.8078072692491631
GSM6339601	ACGACAAAGCTCCTTA-1	4780	3103	0.649163179916318
GSM6339601	ACGACAAAGCTTGCTC-1	5846	4436	0.7588094423537461
GSM6339601	ACGACAAAGTCACTCC-1	9281	6168	0.6645835578062709
GSM6339601	ACGACTTAGCTATTGA-1	12241	6479	0.5292868229719794
GSM6339601	ACGACTTAGGGTCCAC-1	5695	2807	0.4928884986830553
GSM6339601	ACGACTTAGGTATTGC-1	5627	4570	0.8121556779811623
GSM6339601	ACGACTTAGGTGAAGC-1	19304	13336	0.690841276419395
GSM6339601	ACGACTTAGGTTTACA-1	21707	15090	0.6951674575021882
GSM6339601	ACGAGTAAGACAAACG-1	22795	16357	0.717569642465453
GSM6339601	ACGAGTAAGCCACAAT-1	16530	9331	0.5644888082274652
GSM6339601	ACGAGTAAGCTGAGGG-1	823	515	0.6257594167679222
GSM6339601	ACGAGTAAGCTTGCTC-1	7271	3902	0.5366524549580526
GSM6339601	ACGAGTAAGGAGGACT-1	7545	6713	0.8897282968853545
GSM6339601	ACGAGTAAGTAGAGGC-1	10370	7051	0.6799421407907426
GSM6339601	ACGAGTAAGTTATCTC-1	6511	4157	0.638457994163723
GSM6339601	ACGATTCAGCATGACT-1	1196	665	0.5560200668896321
GSM6339601	ACGATTCAGGCCAATT-1	17798	13231	0.7433981346218677
GSM6339601	ACGATTCAGGTCATTA-1	1560	750	0.4807692307692308
GSM6339601	ACGATTCAGTTGGGCC-1	10497	7803	0.7433552443555301
GSM6339601	ACGCAAGCACGTAAGG-1	14276	9707	0.6799523676099748
GSM6339601	ACGCAAGCAGTTTGGC-1	1657	1121	0.6765238382619191
GSM6339601	ACGCAAGCATAATCCG-1	15962	9182	0.5752411978448816
GSM6339601	ACGCAAGCATCGCTCC-1	6392	4469	0.6991551939924906
GSM6339601	ACGCACGGTCATAGAT-1	15153	12372	0.8164719857453969
GSM6339601	ACGCACGGTGACCTGG-1	1530	1097	0.7169934640522876
GSM6339601	ACGCCACAGCAACATC-1	4356	2333	0.5355831037649219
GSM6339601	ACGCCACAGCGATAGA-1	1298	974	0.7503852080123267
GSM6339601	ACGCCACAGCTCCTAC-1	6555	3645	0.5560640732265446
GSM6339601	ACGCCACAGCTGGACC-1	5574	2889	0.5182992465016146
GSM6339601	ACGCCACAGGCGCTTA-1	3063	2088	0.6816846229187071
GSM6339601	ACGCCACAGGCTGTCA-1	7673	5084	0.6625830835396846
GSM6339601	ACGCCACAGGTCCACA-1	4208	2538	0.6031368821292775
GSM6339601	ACGCCACAGTGTTGCG-1	13424	9592	0.7145411203814065
GSM6339601	ACGCCACAGTTAGAGG-1	19574	16669	0.851588842341882
GSM6339601	ACGCCTAAGAGCCGCT-1	16494	12099	0.733539468897781
GSM6339601	ACGCCTAAGTATCGCG-1	15556	10125	0.6508742607354076
GSM6339601	ACGCCTAAGTCAGGCC-1	2670	1744	0.6531835205992509
GSM6339601	ACGCCTAAGTTATTCC-1	8077	4444	0.550204283768726
GSM6339601	ACGCTTGAGATAGACG-1	8111	5108	0.6297620515349526
GSM6339601	ACGCTTGAGCCGCTAA-1	12471	7310	0.586159890946997
GSM6339601	ACGCTTGAGCTCGCTT-1	5316	2972	0.5590669676448458
GSM6339601	ACGCTTGAGTACCGCA-1	18614	11833	0.6357043085849361
GSM6339601	ACGCTTGAGTCCTGAG-1	9284	5307	0.5716286083584662
GSM6339601	ACGGGAAGTAACTACG-1	20678	15322	0.7409807524905697
GSM6339601	ACGGGAAGTATTTGCC-1	1759	1039	0.5906765207504264
GSM6339601	ACGGGAAGTGCTTTAC-1	13256	9215	0.695156910078455
GSM6339601	ACGGTACGTCAGGCCA-1	2524	4027	1.5954833597464342
GSM6339601	ACGGTACGTGATGATT-1	13861	9598	0.6924464324363322
GSM6339601	ACGGTACGTTAGCGTA-1	7525	4261	0.5662458471760797
GSM6339601	ACGGTACGTTATCCTA-1	488	223	0.4569672131147541
GSM6339601	ACGGTACGTTGTAACG-1	5104	3037	0.5950235109717869
GSM6339601	ACGGTTAGTATTGTCC-1	5059	2983	0.5896422217829611
GSM6339601	ACGGTTAGTCATTACC-1	4745	3521	0.7420442571127502
GSM6339601	ACGGTTAGTCTCAGCC-1	13849	9567	0.690808000577659
GSM6339601	ACGGTTAGTTGAGGTC-1	7176	4701	0.6551003344481605
GSM6339601	ACGGTTTAGCTGTAAC-1	1680	992	0.5904761904761905
GSM6339601	ACGGTTTAGTACCGCA-1	6499	3727	0.5734728419756886
GSM6339601	ACGTACCCAAATTGCT-1	2719	2467	0.9073188672305995
GSM6339601	ACGTACCCACAATTAC-1	1532	836	0.5456919060052219
GSM6339601	ACGTACCCAGGACCTT-1	3808	2093	0.5496323529411765
GSM6339601	ACGTACCCATTCCTCG-1	3892	2164	0.5560123329907503
GSM6339601	ACGTCAAGTACCGAAC-1	9550	6359	0.6658638743455497
GSM6339601	ACGTCAAGTAGTAAGA-1	5401	2974	0.5506387705980375
GSM6339601	ACGTCAAGTTAGCCAA-1	1892	1026	0.5422832980972516
GSM6339601	ACGTCCAAGCAATAGG-1	10709	6541	0.6107946586982912
GSM6339601	ACGTCCAAGCACGTTG-1	7147	3518	0.49223450398768714
GSM6339601	ACGTCCAAGCAGCTAT-1	549	280	0.5100182149362478
GSM6339601	ACGTCCAAGGCTAGAA-1	6948	3949	0.5683649971214738
GSM6339601	ACGTCCTTCATTAGTG-1	10987	8086	0.7359606808045872
GSM6339601	ACGTCCTTCCGCAACA-1	3022	1607	0.5317670416942423
GSM6339601	ACGTCCTTCCTCGATC-1	6874	3766	0.5478615071283096
GSM6339601	ACGTCCTTCCTTAAGA-1	5515	3310	0.600181323662738
GSM6339601	ACGTCCTTCGTGCCTT-1	8925	5623	0.6300280112044818
GSM6339601	ACGTCCTTCTGTTGCC-1	11435	9381	0.8203760384783559
GSM6339601	ACGTCCTTCTTAGCGG-1	940	508	0.5404255319148936
GSM6339601	ACGTTACAGCGCCTAA-1	11891	9780	0.8224707762173072
GSM6339601	ACGTTGTAGCGCAATT-1	935	507	0.5422459893048128
GSM6339601	ACGTTGTAGGCCTAAT-1	3156	1745	0.552915082382763
GSM6339601	ACGTTGTAGGGCTTTG-1	21328	15391	0.7216335333833458
GSM6339601	ACGTTGTAGGTACCGC-1	2121	1138	0.5365393682225366
GSM6339601	ACGTTGTAGGTGAAGC-1	8411	4374	0.5200332897396267
GSM6339601	ACGTTGTAGTCTCACC-1	1515	1036	0.6838283828382838
GSM6339601	ACTAAAGCAACCCTCC-1	7962	4465	0.5607887465460939
GSM6339601	ACTAAAGCAACCGCCA-1	4147	3310	0.7981673498914879
GSM6339601	ACTAAAGCAATCCTGA-1	728	427	0.5865384615384616
GSM6339601	ACTAAAGCAGCCTGCA-1	7387	4492	0.6080953025585488
GSM6339601	ACTAAAGCAGGCGAGT-1	16371	14496	0.8854682059739784
GSM6339601	ACTAAAGCATCCCTCA-1	8478	5215	0.6151214909176692
GSM6339601	ACTAAAGCATCCGTAA-1	4832	3206	0.6634933774834437
GSM6339601	ACTAAAGCATCGTTCT-1	7434	5199	0.6993543179983858
GSM6339601	ACTAACCAGCCAAATC-1	1945	1076	0.5532133676092545
GSM6339601	ACTAACCAGCGAGGTG-1	1766	1353	0.7661381653454133
GSM6339601	ACTAACCAGGCACAGG-1	10121	6604	0.6525046932121332
GSM6339601	ACTAACCAGGCTGTGC-1	2040	1288	0.6313725490196078
GSM6339601	ACTAACCAGGTTTGAC-1	2971	2250	0.7573207674183776
GSM6339601	ACTAACCAGTCACCTC-1	1241	781	0.6293311845286059
GSM6339601	ACTAACCAGTCATTGA-1	4319	2238	0.5181755035887937
GSM6339601	ACTAACCAGTTAACCA-1	4134	2292	0.5544267053701016
GSM6339601	ACTAACGGTAGCAGCT-1	7982	4691	0.5876973189676773
GSM6339601	ACTAACGGTAGGATCC-1	11228	8614	0.7671891699323121
GSM6339601	ACTAACGGTAGGATTT-1	2334	1221	0.5231362467866324
GSM6339601	ACTAACGGTCATGCCC-1	505	300	0.594059405940594
GSM6339601	ACTAACTCAAGCTACC-1	13699	9092	0.6636980801518358
GSM6339601	ACTAACTCAATATAGG-1	9274	5379	0.580008626266983
GSM6339601	ACTAACTCAGAATGAC-1	12062	7177	0.5950091195489968
GSM6339601	ACTAACTCAGCAAGGC-1	2055	1606	0.7815085158150852
GSM6339601	ACTAACTCAGTTAGCC-1	15714	10539	0.6706758304696449
GSM6339601	ACTAACTCATAGCGAG-1	7860	6140	0.7811704834605598
GSM6339601	ACTAACTCATCATGGC-1	9301	6512	0.7001397699172132
GSM6339601	ACTAATCCAAACTCAT-1	4195	2585	0.6162097735399285
GSM6339601	ACTAATCCAGTTATGT-1	5474	3099	0.5661308001461454
GSM6339601	ACTAGGCGTACTTAGG-1	11304	7754	0.6859518754423213
GSM6339601	ACTAGGCGTCCTCCAA-1	15526	11535	0.7429473141826614
GSM6339601	ACTAGGCGTGAGGTGA-1	5855	3556	0.6073441502988899
GSM6339601	ACTAGGCGTGGATTAT-1	11960	8147	0.6811872909698997
GSM6339601	ACTATCCGTCACCAAA-1	10969	7277	0.6634150788586015
GSM6339601	ACTATCCGTCCGTAGG-1	5267	3018	0.5730017087526106
GSM6339601	ACTATCCGTGCACGCA-1	12331	8813	0.7147027816073311
GSM6339601	ACTATCCGTGCTCCGT-1	13192	7418	0.562310491206792
GSM6339601	ACTATCCGTGTGAGGA-1	5201	3613	0.6946741011343972
GSM6339601	ACTATCCGTTGGCGTG-1	16780	13979	0.8330750893921335
GSM6339601	ACTATGTCACGTAAGG-1	9166	4412	0.4813440977525638
GSM6339601	ACTATGTCACTTGTTC-1	7822	4140	0.5292763998977243
GSM6339601	ACTATGTCAGCCTAAC-1	5328	2908	0.5457957957957958
GSM6339601	ACTATGTCAGGACCAA-1	7939	4790	0.6033505479279506
GSM6339601	ACTATGTCATAATCCG-1	6174	3491	0.5654356980887593
GSM6339601	ACTATGTCATGCTATG-1	3712	1874	0.5048491379310345
GSM6339601	ACTCACCTCATCCACC-1	18492	16137	0.8726476314081765
GSM6339601	ACTCACCTCATGAGCT-1	2039	1037	0.508582638548308
GSM6339601	ACTCACCTCCTCATGC-1	8946	5004	0.5593561368209256
GSM6339601	ACTCACCTCCTCCCTC-1	1632	836	0.5122549019607843
GSM6339601	ACTCACCTCTGGCTTC-1	414	262	0.6328502415458938
GSM6339601	ACTCACTGTACCCACC-1	1941	977	0.5033487892838743
GSM6339601	ACTCACTGTACGTTTC-1	6518	4822	0.739797483890764
GSM6339601	ACTCACTGTCGTTACT-1	14019	11289	0.8052642841857479
GSM6339601	ACTCACTGTGTGTCCC-1	9645	5643	0.5850699844479005
GSM6339601	ACTCACTGTGTTGCAA-1	2225	1158	0.5204494382022472
GSM6339601	ACTCACTGTGTTTGAG-1	12496	7822	0.6259603072983355
GSM6339601	ACTCACTGTTAGCAGC-1	4577	2334	0.5099410093948001
GSM6339601	ACTCACTGTTCCTGTG-1	4956	3437	0.693502824858757
GSM6339601	ACTCAGTAGAATGACG-1	14186	9017	0.635626674185817
GSM6339601	ACTCAGTAGCAAGGTA-1	10317	7176	0.6955510322768247
GSM6339601	ACTCAGTAGCACTAAC-1	463	303	0.6544276457883369
GSM6339601	ACTCAGTAGCTGTCAG-1	11858	8182	0.6899983133749368
GSM6339601	ACTCAGTAGGCCTAAT-1	13747	9079	0.660435004000873
GSM6339601	ACTCAGTAGGCGGATG-1	9548	5252	0.5500628403854211
GSM6339601	ACTCAGTAGTTTAACG-1	5974	3338	0.5587546032808838
GSM6339601	ACTCCTCAGCATTATG-1	23872	20329	0.8515834450402144
GSM6339601	ACTCCTCAGCTCCTAC-1	24482	22691	0.926844212074177
GSM6339601	ACTCCTCAGCTGGACC-1	15028	9134	0.6077987756188449
GSM6339601	ACTCCTCAGGCGCACT-1	4765	4373	0.9177334732423924
GSM6339601	ACTCCTCAGGTGCTGC-1	12504	7688	0.6148432501599488
GSM6339601	ACTCCTCAGTAGAGGC-1	4496	2354	0.5235765124555161
GSM6339601	ACTCCTCAGTTTGCGG-1	8707	5253	0.6033076834730676
GSM6339601	ACTCGCGCAACTAGGG-1	5727	4115	0.7185262790291601
GSM6339601	ACTCGCGCACATGCTA-1	14491	9790	0.6755917466013388
GSM6339601	ACTCGCGCACTGACCG-1	16534	11301	0.6835006652957542
GSM6339601	ACTCGCTTCAGCATTA-1	2527	1392	0.5508508112386229
GSM6339601	ACTCGCTTCCTGAATA-1	6222	3614	0.5808421729347477
GSM6339601	ACTCGCTTCTAGCGTG-1	5369	2797	0.520953622648538
GSM6339601	ACTGAAACAAAGGTAC-1	2783	1442	0.5181458857348186
GSM6339601	ACTGAAACAAATTCGT-1	5457	3391	0.621403701667583
GSM6339601	ACTGAAACATAAGGAC-1	3265	1717	0.5258805513016845
GSM6339601	ACTGAATGTAATGACT-1	8590	5542	0.6451688009313155
GSM6339601	ACTGAATGTAGGTTGC-1	11423	7350	0.643438676354723
GSM6339601	ACTGAATGTCCTAAGA-1	1958	1588	0.8110316649642493
GSM6339601	ACTGAATGTCGAAGTC-1	6627	3712	0.5601327901011015
GSM6339601	ACTGAATGTGAGCGAA-1	3546	1629	0.4593908629441624
GSM6339601	ACTGAATGTGATCATG-1	4077	2183	0.5354427274957076
GSM6339601	ACTGAATGTTAGGCGT-1	5628	3189	0.5666311300639659
GSM6339601	ACTTACAAGCCTTAAA-1	7995	3988	0.4988117573483427
GSM6339601	ACTTACAAGCTATTAG-1	2377	1347	0.5666806899453092
GSM6339601	ACTTACAAGGATTGAG-1	4964	3403	0.685535858178888
GSM6339601	ACTTACTTCAATGTCA-1	7299	4831	0.6618714892451021
GSM6339601	ACTTACTTCACAAGCT-1	4150	3076	0.7412048192771085
GSM6339601	ACTTACTTCATCGTTT-1	10000	6401	0.6401
GSM6339601	ACTTACTTCCAAACAC-1	19569	16591	0.8478205324748327
GSM6339601	ACTTACTTCCGCCTAT-1	2551	1538	0.6029008232065857
GSM6339601	ACTTACTTCTAACCAA-1	9669	6936	0.7173440893577412
GSM6339601	ACTTAGGGTAGGTGTC-1	4534	2568	0.5663872959858844
GSM6339601	ACTTAGGGTGGCTTCC-1	16168	13069	0.8083250865907966
GSM6339601	ACTTAGGGTGGGTGAA-1	8499	8605	1.0124720555359454
GSM6339601	ACTTAGTCACACAATT-1	4842	2864	0.5914911193721603
GSM6339601	ACTTAGTCAGATAGAC-1	8024	4122	0.5137088733798604
GSM6339601	ACTTAGTCATAATGTC-1	4264	1980	0.4643527204502814
GSM6339601	ACTTAGTCATTAGGCC-1	20667	14461	0.6997145207335366
GSM6339601	ACTTAGTCATTTGCTC-1	9689	5715	0.5898441531633811
GSM6339601	ACTTATCTCCAACTGG-1	478	253	0.5292887029288703
GSM6339601	ACTTATCTCGCACACA-1	3372	1925	0.5708778173190985
GSM6339601	ACTTATCTCTAACCAA-1	3815	2495	0.653997378768021
GSM6339601	ACTTATCTCTTGACCC-1	14565	9787	0.671953312736011
GSM6339601	ACTTATGAGATAGACG-1	6866	6134	0.8933877075444218
GSM6339601	ACTTATGAGCAGCTCA-1	6781	4360	0.6429730128299661
GSM6339601	ACTTATGAGCTGAGGG-1	10424	6365	0.6106101304681504
GSM6339601	ACTTATGAGGCGAATA-1	4515	2267	0.5021040974529347
GSM6339601	ACTTATGAGTAACCAC-1	1317	757	0.574791192103265
GSM6339601	ACTTATGAGTTAGGCT-1	5461	2975	0.5447720197765977
GSM6339601	ACTTCGCTCCGCATGA-1	24068	16767	0.6966511550606614
GSM6339601	ACTTGAATCCCAGTAG-1	690	534	0.7739130434782608
GSM6339601	ACTTGAATCGGCCAGT-1	8419	5492	0.6523340064140635
GSM6339601	ACTTGCACAAGTTATC-1	20061	14319	0.7137729923732615
GSM6339601	ACTTGCACACTGACCG-1	2531	1790	0.7072303437376531
GSM6339601	ACTTGCACACTGGCCA-1	9012	5505	0.6108521970705726
GSM6339601	ACTTGCACAGGATTAA-1	5139	4910	0.9554388013232147
GSM6339601	ACTTGTAAGACCATAC-1	12452	9180	0.7372309669129458
GSM6339601	ACTTGTAAGCAAGGTA-1	10180	6916	0.6793713163064833
GSM6339601	ACTTGTAAGCCGCAAC-1	2678	1189	0.4439880507841673
GSM6339601	ACTTGTAAGCGATAAG-1	9241	5792	0.6267719943729033
GSM6339601	ACTTGTAAGCTATGAC-1	26315	16808	0.6387231616948509
GSM6339601	ACTTGTAAGCTGAGGG-1	3477	2215	0.637043428242738
GSM6339601	ACTTGTAAGGAACGCG-1	2546	1117	0.4387274155538099
GSM6339601	ACTTGTAAGGACCTCA-1	10212	6460	0.6325891108499804
GSM6339601	ACTTGTAAGGCCCAGT-1	21923	14609	0.666377776764129
GSM6339601	ACTTGTAAGGCTACAT-1	1953	1168	0.5980542754736303
GSM6339601	ACTTGTAAGGCTGTGC-1	501	326	0.6506986027944112
GSM6339601	ACTTGTCGTAGGATTT-1	3672	2347	0.639161220043573
GSM6339601	ACTTGTCGTCCACAAA-1	6868	4317	0.6285672684915551
GSM6339601	ACTTGTCGTCGTAAAT-1	18548	12952	0.6982963122708647
GSM6339601	ACTTGTCGTGTGAGAG-1	16803	11877	0.7068380646313158
GSM6339601	ACTTGTCGTGTTTGTC-1	9082	6275	0.690927108566395
GSM6339601	ACTTGTCGTTTCAGGA-1	12916	8915	0.6902291731186125
GSM6339601	ACTTTGTTCCTAGTAA-1	15633	10644	0.6808673958933026
GSM6339601	AGAAACCCACAATGTT-1	6182	3904	0.6315108379165318
GSM6339601	AGAAACCCACCTACTT-1	3201	2397	0.7488284910965324
GSM6339601	AGAAACCCAGCAACCT-1	14262	11188	0.7844622072640584
GSM6339601	AGAAACCCAGCCTAAC-1	5081	2737	0.5386734894705767
GSM6339601	AGAAACCCATTAGCCA-1	16312	9461	0.5800024521824424
GSM6339601	AGAAACTAGACCATAC-1	5814	3103	0.5337117303061576
GSM6339601	AGAAACTAGCCTTAAA-1	3846	2220	0.5772230889235569
GSM6339601	AGAAACTAGGTAACGA-1	14508	13528	0.9324510614833196
GSM6339601	AGAAACTAGGTGTTAC-1	8003	4595	0.5741596901162064
GSM6339601	AGAAACTAGTAAGTCC-1	8700	5144	0.5912643678160919
GSM6339601	AGAAACTAGTGAACAG-1	13661	10710	0.7839836029573237
GSM6339601	AGAAAGGCAGGCATGA-1	12947	7638	0.5899436162817641
GSM6339601	AGAAAGGCAGTTAGCC-1	3113	1522	0.4889174429810472
GSM6339601	AGAAAGGCATGAAATG-1	7724	4414	0.5714655618850336
GSM6339601	AGAACAAGTCGACTCC-1	1995	1065	0.5338345864661654
GSM6339601	AGAACAAGTGACATGC-1	6530	3764	0.576416539050536
GSM6339601	AGAACAAGTTCTTTAG-1	6361	3601	0.5661059581826757
GSM6339601	AGAACCAAGCCAAATC-1	5761	4082	0.7085575420933866
GSM6339601	AGAACCAAGCTCGCTT-1	2855	1794	0.6283712784588441
GSM6339601	AGAACCAAGTAACTCA-1	7911	7629	0.9643534319302237
GSM6339601	AGAACCGCACTTCATC-1	4390	2297	0.5232346241457859
GSM6339601	AGAACCGCAGTGAACG-1	8805	5555	0.6308915388983533
GSM6339601	AGAACCGCATGAAATG-1	10073	5920	0.5877097190509282
GSM6339601	AGAACCGCATGAGTTT-1	7234	5261	0.7272601603538844
GSM6339601	AGAAGGTGTCTTTGAC-1	2567	1389	0.5410985586287496
GSM6339601	AGAAGGTGTGGATTGC-1	1406	674	0.4793741109530583
GSM6339601	AGAAGGTGTGTAACCA-1	17813	12882	0.7231797002189412
GSM6339601	AGAAGGTGTGTTCCCA-1	376	198	0.526595744680851
GSM6339601	AGAAGGTGTTACCGGG-1	2383	1709	0.717163239613932
GSM6339601	AGAAGGTGTTGAGCCG-1	24214	22194	0.916577186751466
GSM6339601	AGAAGGTGTTGGCCGA-1	15224	9279	0.6094981607987389
GSM6339601	AGAATCGAGCACGTTG-1	14166	10326	0.7289284201609487
GSM6339601	AGAATCGAGCGTGCGT-1	9588	5025	0.5240926157697121
GSM6339601	AGAATCGAGCTACTGG-1	5309	3642	0.6860048973441326
GSM6339601	AGAATCGAGTAGGCGG-1	17764	15185	0.8548187345192524
GSM6339601	AGAATCGAGTTAGTGC-1	8423	4868	0.5779413510625668
GSM6339601	AGAATCTGTAACGTGC-1	1612	1038	0.6439205955334988
GSM6339601	AGAATCTGTATTCGCT-1	22797	17382	0.7624687458876168
GSM6339601	AGAATCTGTGCGCATG-1	11187	7152	0.639313488871011
GSM6339601	AGAATCTGTTGAAGCC-1	6556	3596	0.5485051860890787
GSM6339601	AGAATCTGTTGCAATG-1	2723	2097	0.770106500183621
GSM6339601	AGACAATAGCATGACT-1	9387	5635	0.6002982848620433
GSM6339601	AGACAATAGCCTGTGA-1	7097	3920	0.5523460617162181
GSM6339601	AGACAATAGCTCAATA-1	16007	11423	0.7136252889360905
GSM6339601	AGACAATAGCTGCACA-1	11361	7861	0.6919285274183611
GSM6339601	AGACAATAGGACTTAC-1	13715	10646	0.7762304046664237
GSM6339601	AGACAATAGGATGATG-1	11344	7077	0.6238540197461213
GSM6339601	AGACAATAGTCAGGCC-1	13176	8268	0.6275045537340619
GSM6339601	AGACAATAGTTTGGTA-1	11537	7545	0.6539828378261247
GSM6339601	AGACACGCAAAGGTAC-1	16076	10118	0.629385419258522
GSM6339601	AGACACGCAATACTGT-1	14419	9974	0.6917261946043415
GSM6339601	AGACACGCAATGAATG-1	5776	3331	0.576696675900277
GSM6339601	AGACACGCAATTGAAG-1	19825	15711	0.792484237074401
GSM6339601	AGACACGCAATTTGGT-1	4879	2497	0.5117852018856323
GSM6339601	AGACACGCAGCACGTT-1	3446	1728	0.5014509576320372
GSM6339601	AGACACGCATAGCGGA-1	24684	19234	0.7792092043428942
GSM6339601	AGACCCGGTAACCACA-1	5131	3016	0.5877996491911908
GSM6339601	AGACCCGGTCAATGTG-1	11862	9615	0.8105715730905412
GSM6339601	AGACCCGGTCGTAAAT-1	2996	2155	0.7192923898531375
GSM6339601	AGACCCGGTGCTGTAA-1	11177	6468	0.5786883779189407
GSM6339601	AGACCCGGTGTCCAGG-1	8148	4523	0.5551055473735886
GSM6339601	AGACCCGGTTGCTGGG-1	13602	8853	0.6508601676224085
GSM6339601	AGACTATGTAAGCTTG-1	5502	3212	0.583787713558706
GSM6339601	AGACTATGTTACGCAA-1	1234	691	0.559967585089141
GSM6339601	AGACTATGTTACGCGG-1	11814	10133	0.8577111901134248
GSM6339601	AGAGAAGCAAACTCAT-1	3685	2163	0.5869742198100407
GSM6339601	AGAGAAGCAACACTTG-1	5662	3505	0.6190392087601554
GSM6339601	AGAGAAGCAAGGTACG-1	26610	18241	0.6854941751221345
GSM6339601	AGAGAAGCACATTGCA-1	5103	3635	0.712326082696453
GSM6339601	AGAGAAGCAGGCCAAA-1	9577	5592	0.5838989245066305
GSM6339601	AGAGAAGCATGAATCT-1	10927	7221	0.6608401208016839
GSM6339601	AGAGAAGCATTGTTGG-1	5509	4031	0.7317117444182247
GSM6339601	AGAGAGGAGCCACATG-1	15506	11481	0.7404230620405005
GSM6339601	AGAGAGGAGGCCCAGT-1	15803	9769	0.6181737644750996
GSM6339601	AGAGAGGAGGCGGGTA-1	8221	5217	0.6345943315898309
GSM6339601	AGAGAGGAGTATTGTG-1	8475	5365	0.6330383480825958
GSM6339601	AGAGATTAGCCTGTTC-1	15548	11524	0.7411885773089787
GSM6339601	AGAGATTAGCTCAATA-1	4715	2509	0.5321314952279957
GSM6339601	AGAGATTAGGACAATG-1	640	364	0.56875
GSM6339601	AGAGATTAGGACCTGC-1	7059	4275	0.6056098597535061
GSM6339601	AGAGATTAGGGATGAC-1	8525	5574	0.653841642228739
GSM6339601	AGAGATTAGTTGTCTT-1	10937	6778	0.6197311877114382
GSM6339601	AGAGGAACAAGGATTA-1	3994	2375	0.5946419629444166
GSM6339601	AGAGGAACAATAGTCT-1	11070	8800	0.7949412827461608
GSM6339601	AGAGGAACAATTAAGG-1	6506	4853	0.7459268367660621
GSM6339601	AGAGGAACACAGGGAC-1	1065	710	0.6666666666666666
GSM6339601	AGAGGAACAGCTAACC-1	1131	621	0.5490716180371353
GSM6339601	AGAGGAACATTGCAGC-1	20389	17908	0.8783167394183138
GSM6339601	AGAGGATGTATACTGG-1	6454	4725	0.7321041214750542
GSM6339601	AGAGGATGTTAACACG-1	13182	8846	0.6710666059778486
GSM6339601	AGAGGATGTTTACTTG-1	4488	2957	0.658868092691622
GSM6339601	AGATGAAGTACGCGCA-1	12946	7761	0.5994901900200834
GSM6339601	AGATGAAGTCCGTGAG-1	18333	9657	0.5267550319096711
GSM6339601	AGATGAAGTGCAACTA-1	4729	2908	0.6149291604990484
GSM6339601	AGATGAAGTGCATCGG-1	9686	6681	0.6897584142060706
GSM6339601	AGATGAAGTGGAGCAA-1	5402	3491	0.6462421325435024
GSM6339601	AGATGAAGTGTCACGG-1	8911	6639	0.7450342273594434
GSM6339601	AGATGAAGTTCCAGGG-1	7270	4186	0.5757909215955983
GSM6339601	AGATGAAGTTTGAGGC-1	2302	1468	0.6377063423110338
GSM6339601	AGATGCTTCAGAAACG-1	1487	1172	0.7881640887693342
GSM6339601	AGATGCTTCCTGAATA-1	13440	10235	0.7615327380952381
GSM6339601	AGATGCTTCTATTGTC-1	7218	4373	0.6058464948739263
GSM6339601	AGATGCTTCTTTGAGA-1	14016	10220	0.7291666666666666
GSM6339601	AGCAACAAGGCTTAAC-1	2677	1432	0.5349271572655958
GSM6339601	AGCAACAAGTAGCGCC-1	10251	5257	0.5128280167788508
GSM6339601	AGCAAGGGTAAAGCAA-1	657	379	0.5768645357686454
GSM6339601	AGCAAGGGTAGTTGGC-1	3714	2063	0.5554658050619279
GSM6339601	AGCAAGGGTCCTCCAA-1	2940	1532	0.5210884353741496
GSM6339601	AGCAAGGGTTTGCAGA-1	472	310	0.6567796610169492
GSM6339601	AGCAAGGGTTTGGTTC-1	4197	1955	0.46580891112699546
GSM6339601	AGCAATACACAATACT-1	17355	14010	0.8072601555747623
GSM6339601	AGCAATACACTTAACG-1	1774	1074	0.6054114994363021
GSM6339601	AGCAATACATAGACTT-1	689	384	0.5573294629898403
GSM6339601	AGCAATACATTAGCCA-1	1749	1220	0.6975414522584333
GSM6339601	AGCAATTGTAGCCATA-1	1868	1157	0.6193790149892934
GSM6339601	AGCAATTGTGTAATAC-1	14477	10998	0.7596877806175313
GSM6339601	AGCAATTGTGTTCCCA-1	1754	897	0.5114025085518814
GSM6339601	AGCAATTGTTAGGCTA-1	4367	2332	0.5340050377833753
GSM6339601	AGCACAGCAAGCTAAA-1	21995	19586	0.8904751079790861
GSM6339601	AGCACAGCATCATGGC-1	11483	6127	0.533571366367674
GSM6339601	AGCACTAGTGGTTCTT-1	12355	10008	0.8100364225010117
GSM6339601	AGCACTAGTTCACCAT-1	3204	1918	0.5986267166042447
GSM6339601	AGCACTTAGACTCGCA-1	6178	5225	0.845742958886371
GSM6339601	AGCACTTAGCGCTCAA-1	7614	4497	0.5906225374310481
GSM6339601	AGCACTTAGCGGCTGT-1	20188	16984	0.8412918565484446
GSM6339601	AGCACTTAGGCGCACT-1	7311	4637	0.6342497606346601
GSM6339601	AGCACTTAGTCACCTC-1	489	317	0.6482617586912065
GSM6339601	AGCAGGTAGATGGAGC-1	1768	1284	0.7262443438914027
GSM6339601	AGCAGGTAGTACTGGT-1	10566	7912	0.7488169600605716
GSM6339601	AGCAGGTAGTTAGGCT-1	20626	16644	0.8069426936875788
GSM6339601	AGCATCCCAAAGGCCA-1	16298	13603	0.8346422873972267
GSM6339601	AGCATCCCAAGGAATC-1	15372	11848	0.770752016653656
GSM6339601	AGCATCCCACTTCACT-1	7288	4984	0.6838638858397366
GSM6339601	AGCATCCCATGCTCCC-1	1070	653	0.6102803738317757
GSM6339601	AGCATTTCAATCGCAC-1	11004	7562	0.6872046528535078
GSM6339601	AGCATTTCAGGCTTCG-1	19453	14460	0.7433300776229887
GSM6339601	AGCCAGTGTCATTGAG-1	2643	1465	0.5542943624668937
GSM6339601	AGCCAGTGTGCAACTA-1	3064	2043	0.66677545691906
GSM6339601	AGCCAGTGTGTGCACG-1	20235	15458	0.7639238942426488
GSM6339601	AGCCAGTGTTGTGATG-1	3819	2558	0.66980885048442
GSM6339601	AGCCGCTAGCCTGAGC-1	1057	789	0.7464522232734153
GSM6339601	AGCCGCTAGGACCTCA-1	5115	3235	0.6324535679374389
GSM6339601	AGCCGCTAGGGTTATC-1	8233	5633	0.6841977407992227
GSM6339601	AGCCGCTAGTAAAGGT-1	8826	5277	0.597892590074779
GSM6339601	AGCCGCTAGTGACCTG-1	17281	14692	0.8501822811179909
GSM6339601	AGCCGGTTCATTACGA-1	5157	4222	0.8186930385883265
GSM6339601	AGCCGGTTCTCACAAA-1	10313	5827	0.5650150295743237
GSM6339601	AGCCTAAGTCACACCC-1	21991	16024	0.7286617252512392
GSM6339601	AGCCTAAGTGTTTGAG-1	5038	3532	0.7010718539102818
GSM6339601	AGCCTAGTCACTAGGT-1	616	433	0.702922077922078
GSM6339601	AGCCTAGTCATCCTAT-1	9536	6200	0.6501677852348994
GSM6339601	AGCCTAGTCATTGTCT-1	1741	1432	0.8225157955198162
GSM6339601	AGCCTAGTCTCAATAG-1	2422	1091	0.4504541701073493
GSM6339601	AGCCTAGTCTGTTCAT-1	4430	3295	0.7437923250564334
GSM6339601	AGCCTAGTCTTTGTAC-1	22818	14873	0.6518099745814707
GSM6339601	AGCCTCCGTACTTAGG-1	7820	4427	0.5661125319693094
GSM6339601	AGCCTCCGTATTGCAG-1	3621	2686	0.7417840375586855
GSM6339601	AGCCTCCGTCATTACC-1	18109	14426	0.7966204649621735
GSM6339601	AGCCTCCGTTATTGCC-1	2031	1032	0.5081240768094535
GSM6339601	AGCCTGGGTCATTAGG-1	1718	889	0.5174621653084982
GSM6339601	AGCCTGGGTGTTAGCA-1	4303	2309	0.5366023704392284
GSM6339601	AGCCTGGGTTAGCTGA-1	15408	10345	0.6714044652128764
GSM6339601	AGCCTGGGTTGTAAAC-1	9413	6206	0.6593009667481143
GSM6339601	AGCGATTTCATAGACC-1	864	551	0.6377314814814815
GSM6339601	AGCGATTTCCTCATGC-1	9080	5920	0.6519823788546255
GSM6339601	AGCGATTTCCTCCCTC-1	1990	1072	0.5386934673366834
GSM6339601	AGCGATTTCGATTATG-1	7572	3996	0.5277337559429477
GSM6339601	AGCGATTTCGGCCAGT-1	10376	6324	0.6094834232845027
GSM6339601	AGCGATTTCTCCTCAA-1	7666	4984	0.6501434907383251
GSM6339601	AGCGCCTAGCCGCAGT-1	4602	2807	0.6099521946979574
GSM6339601	AGCGCCTAGCCTGGTA-1	14951	8412	0.5626379506387532
GSM6339601	AGCGCCTAGGATTGAG-1	6844	5410	0.7904734073641145
GSM6339601	AGCGCCTAGGTGCTGC-1	12288	7627	0.6206868489583334
GSM6339601	AGCGCCTAGGTGTCCA-1	2875	1833	0.6375652173913043
GSM6339601	AGCGCTCAGAACCTGT-1	1625	967	0.5950769230769231
GSM6339601	AGCGCTCAGCCAAATC-1	1954	1102	0.563971340839304
GSM6339601	AGCGCTCAGCGCTAAT-1	733	397	0.5416098226466576
GSM6339601	AGCGCTCAGGATCCGC-1	15155	13822	0.912042230287034
GSM6339601	AGCGCTCAGGGACGCA-1	682	344	0.5043988269794721
GSM6339601	AGCGCTCAGTCTCACC-1	740	475	0.6418918918918919
GSM6339601	AGCGGACCAATTGAAG-1	7077	6196	0.8755122226932316
GSM6339601	AGCGGACCACCTACGG-1	779	497	0.637997432605905
GSM6339601	AGCGGACCACTTAGGC-1	517	299	0.5783365570599613
GSM6339601	AGCGGATAGCTTAGCG-1	18503	11037	0.5964978652110469
GSM6339601	AGCGGATAGGCGAATA-1	11476	6290	0.5481003834088533
GSM6339601	AGCGGATAGGGCTAAA-1	2512	1451	0.5776273885350318
GSM6339601	AGCGGATAGTAACTCA-1	11252	7603	0.6757020974049058
GSM6339601	AGCGGATAGTAAGAAC-1	17694	12135	0.6858257036283486
GSM6339601	AGCGGATAGTGAGGTA-1	6190	3826	0.6180936995153473
GSM6339601	AGCGTGCTCACAGACT-1	8202	4622	0.5635210924164837
GSM6339601	AGCGTGCTCACGAATC-1	6882	4695	0.6822144725370531
GSM6339601	AGCGTGCTCATTTGTC-1	11732	7276	0.6201841118308898
GSM6339601	AGCGTGCTCCGCCTCA-1	7855	4219	0.5371101209420751
GSM6339601	AGCGTGCTCCGTTAAA-1	13395	9826	0.7335572974990668
GSM6339601	AGCTAAACAATCGCAC-1	10309	5798	0.562421185372005
GSM6339601	AGCTAAACACAAAGAC-1	6846	4513	0.6592170610575518
GSM6339601	AGCTAAACACAGAAAC-1	5069	2739	0.5403432629710002
GSM6339601	AGCTAAACACCTACGG-1	901	637	0.7069922308546059
GSM6339601	AGCTAAACACTTCATC-1	5464	2985	0.546303074670571
GSM6339601	AGCTAAACAGAACCGA-1	4870	2729	0.5603696098562628
GSM6339601	AGCTAAACAGGATGGC-1	6568	3783	0.5759744214372716
GSM6339601	AGCTAAACATAGCGAG-1	22732	19245	0.8466039063874714
GSM6339601	AGCTAAACATCAATCG-1	2667	1324	0.49643794525684287
GSM6339601	AGCTAACTCAGGTCCA-1	12814	9848	0.7685344154830654
GSM6339601	AGCTAACTCATAAGCC-1	11850	8892	0.7503797468354431
GSM6339601	AGCTAACTCATCACTT-1	5663	2918	0.5152745894402261
GSM6339601	AGCTAACTCCATCAGG-1	15522	11467	0.7387578920242237
GSM6339601	AGCTAACTCCGTTAAA-1	12029	10816	0.8991603624573946
GSM6339601	AGCTAACTCGGTTTCC-1	12879	6581	0.5109868778631881
GSM6339601	AGCTAACTCTAATCTC-1	15540	11794	0.7589446589446589
GSM6339601	AGCTACGTCACAGCCA-1	9181	4760	0.5184620411719856
GSM6339601	AGCTACGTCATCACTT-1	17588	12504	0.7109392767796224
GSM6339601	AGCTACGTCATGCATA-1	12131	7465	0.6153655922842305
GSM6339601	AGCTACGTCATGTTTC-1	6397	3467	0.5419727997498828
GSM6339601	AGCTACTAGGGTTATC-1	14245	10364	0.7275535275535275
GSM6339601	AGCTACTAGTTGTCAA-1	4919	3027	0.6153689774344379
GSM6339601	AGCTAGTTCATTATGG-1	684	485	0.7090643274853801
GSM6339601	AGCTAGTTCCGCCTAT-1	5637	4195	0.7441901720773461
GSM6339601	AGCTAGTTCCGCTAGA-1	8553	4780	0.5588682333684087
GSM6339601	AGCTAGTTCGTTAGTA-1	1859	1018	0.5476062399139322
GSM6339601	AGCTATATCAGGATGA-1	19681	14489	0.7361922666531172
GSM6339601	AGCTATATCAGGGCCT-1	17225	14972	0.8692017416545719
GSM6339601	AGCTATATCGATTATG-1	16658	11199	0.6722895905871052
GSM6339601	AGCTATATCGGGATTT-1	4632	2963	0.6396804835924007
GSM6339601	AGCTATATCGTCAAGT-1	7103	6305	0.8876531043221174
GSM6339601	AGCTATATCTTGCATT-1	2755	1886	0.6845735027223231
GSM6339601	AGCTCATAGATAAAGC-1	756	448	0.5925925925925926
GSM6339601	AGCTCATAGATGGACA-1	3169	1651	0.5209845377090565
GSM6339601	AGCTCATAGCACAGAA-1	2284	1195	0.5232049036777583
GSM6339601	AGCTCATAGGTCCGTA-1	24380	19583	0.8032403609515997
GSM6339601	AGCTCATAGTTAGCTA-1	11425	6584	0.5762800875273523
GSM6339601	AGCTGCTCAAAGGCCA-1	10741	8077	0.7519784005213668
GSM6339601	AGCTGCTCAAGCGAGC-1	3019	2237	0.7409738323948327
GSM6339601	AGCTGCTCAATTTGGT-1	10182	6430	0.6315065802396386
GSM6339601	AGCTGCTCACAGACTC-1	1449	786	0.5424430641821946
GSM6339601	AGCTGCTCACCAGCAT-1	18974	18419	0.9707494466111521
GSM6339601	AGCTGCTCAGCACCAT-1	14421	11485	0.79640801608765
GSM6339601	AGCTGCTCATAATTGC-1	1195	736	0.6158995815899582
GSM6339601	AGCTGCTCATTCAGCA-1	1990	1114	0.5597989949748744
GSM6339601	AGCTTAATCAAGCTAC-1	8845	5099	0.5764838892029395
GSM6339601	AGCTTAATCATAACCA-1	5199	2990	0.57511059819196
GSM6339601	AGCTTAATCATGCCTC-1	1413	834	0.5902335456475584
GSM6339601	AGCTTAATCCCTCATA-1	11670	7580	0.6495287060839761
GSM6339601	AGCTTAATCTTGAGGT-1	2926	1718	0.5871496924128503
GSM6339601	AGCTTCCTCACCTGCT-1	498	324	0.6506024096385542
GSM6339601	AGCTTCCTCATAGACC-1	14929	9478	0.6348717261705406
GSM6339601	AGCTTCCTCATCCACC-1	10761	6225	0.5784778366322832
GSM6339601	AGCTTCCTCATTAGTG-1	16136	8970	0.5558998512642539
GSM6339601	AGCTTCCTCCCGTTGT-1	13180	9505	0.7211684370257967
GSM6339601	AGCTTCCTCCGGTTAG-1	3334	2762	0.8284343131373725
GSM6339601	AGCTTCCTCCTCAGTC-1	8527	5229	0.6132285680778703
GSM6339601	AGCTTGGTCCGGGACT-1	2516	1340	0.5325914149443561
GSM6339601	AGCTTGGTCCTCGATC-1	2212	1378	0.6229656419529838
GSM6339601	AGCTTGGTCCTTCGTA-1	767	481	0.6271186440677966
GSM6339601	AGCTTGGTCGCATCCT-1	3810	2011	0.5278215223097112
GSM6339601	AGCTTTAAGTCACTCC-1	7593	4256	0.5605162649809035
GSM6339601	AGCTTTAAGTTCCCAC-1	16375	11452	0.6993587786259542
GSM6339601	AGGAAACGTAATCGCA-1	10098	5478	0.5424836601307189
GSM6339601	AGGAAACGTCACCAAA-1	9716	6248	0.6430629888843146
GSM6339601	AGGAAACGTGCGCAAT-1	12640	6806	0.5384493670886076
GSM6339601	AGGAAACGTGTGAGAG-1	5833	4246	0.7279273101320075
GSM6339601	AGGAAACGTTACTTCA-1	3570	2434	0.6817927170868348
GSM6339601	AGGAACCAGAGAGCCG-1	2325	1280	0.5505376344086022
GSM6339601	AGGAACCAGCTCAAAC-1	2654	1890	0.7121326299924642
GSM6339601	AGGAACCAGGAACGCG-1	14120	10917	0.773158640226629
GSM6339601	AGGAACCAGGCGGGTA-1	18648	15186	0.8143500643500643
GSM6339601	AGGAACCAGGGCTTTG-1	4329	2641	0.61007161007161
GSM6339601	AGGAACCAGTGACCTG-1	19206	16641	0.866447985004686
GSM6339601	AGGAACGGTATGGTGC-1	8708	5623	0.6457280661460726
GSM6339601	AGGAACGGTGCAATGC-1	781	406	0.5198463508322664
GSM6339601	AGGAACGGTGCTTTAC-1	2756	1484	0.5384615384615384
GSM6339601	AGGACGTAGAAACTGG-1	463	225	0.48596112311015116
GSM6339601	AGGACGTAGACAACGA-1	11245	8025	0.7136505113383727
GSM6339601	AGGACGTAGCAGGCCT-1	5132	2629	0.5122759158222915
GSM6339601	AGGACGTAGCGCCTTT-1	5618	3026	0.538625845496618
GSM6339601	AGGACGTAGCTTCTCA-1	5767	3539	0.6136639500606902
GSM6339601	AGGACGTAGGACGTAA-1	14379	9544	0.6637457403157382
GSM6339601	AGGACTAAGCAAACCT-1	7149	4109	0.5747657014967128
GSM6339601	AGGACTAAGCACCACA-1	2513	1274	0.5069637883008357
GSM6339601	AGGACTAAGGATAAAC-1	8154	4807	0.5895266127054206
GSM6339601	AGGACTAAGGCAATAG-1	3830	2136	0.5577023498694517
GSM6339601	AGGACTAAGGCTATGT-1	7694	5141	0.6681829997400572
GSM6339601	AGGACTAAGGCTTAAC-1	5455	2718	0.49825847846012833
GSM6339601	AGGACTAAGGTGCGGA-1	4187	2900	0.6926200143300693
GSM6339601	AGGAGCTAGCAACAAG-1	5999	3590	0.5984330721786965
GSM6339601	AGGAGCTAGCATGGTT-1	20562	14200	0.6905943001653536
GSM6339601	AGGAGCTAGCATTATG-1	1318	710	0.5386949924127465
GSM6339601	AGGAGCTAGGCCTAAT-1	6748	3747	0.5552756372258447
GSM6339601	AGGAGCTAGTAGCGCC-1	15632	11137	0.7124488229273286
GSM6339601	AGGAGCTAGTTTCCGC-1	19232	13765	0.7157341930116472
GSM6339601	AGGATATAGCACGTTG-1	15606	9588	0.6143790849673203
GSM6339601	AGGATATAGCTATATG-1	19345	12404	0.6411992762987853
GSM6339601	AGGATATAGTTCCTGC-1	13096	8363	0.6385919364691509
GSM6339601	AGGATATAGTTTGCGG-1	9315	5608	0.6020397208803006
GSM6339601	AGGATCCGTGAGCAAG-1	2898	2224	0.7674258109040718
GSM6339601	AGGATCCGTTAATGCG-1	11564	7503	0.6488239363542027
GSM6339601	AGGATGCAGAGGGACT-1	4631	2302	0.49708486288058734
GSM6339601	AGGATGCAGCGAGCGA-1	12727	11805	0.9275555904769388
GSM6339601	AGGATGCAGCTAAGTC-1	10805	6103	0.5648310967144841
GSM6339601	AGGATGCAGGCGGATG-1	17517	12380	0.7067420220357367
GSM6339601	AGGATGCAGGCTAAGA-1	22228	16360	0.7360086377541839
GSM6339601	AGGATGCAGTTTGGGT-1	2876	1555	0.5406815020862309
GSM6339601	AGGATGTCAACGTGCT-1	11719	8812	0.7519412919191057
GSM6339601	AGGATGTCAACTGGCT-1	14937	8965	0.6001874539733547
GSM6339601	AGGATGTCAAGGTCGA-1	1028	562	0.546692607003891
GSM6339601	AGGATGTCACCCACCT-1	2473	1664	0.672866963202588
GSM6339601	AGGATTGAGCTAAGTC-1	22062	16863	0.7643459341854772
GSM6339601	AGGATTGAGTAAGTCC-1	4734	2485	0.5249260667511618
GSM6339601	AGGATTGAGTCATTTC-1	9164	5740	0.6263640331732868
GSM6339601	AGGATTGAGTTTGAGC-1	5598	3196	0.570918185066095
GSM6339601	AGGCAATCAATATAGG-1	7954	5830	0.7329645461403068
GSM6339601	AGGCAATCACGAATCC-1	8652	5380	0.6218215441516413
GSM6339601	AGGCAATCACTGGCCA-1	16373	11461	0.6999938923838026
GSM6339601	AGGCAATCAGAACCGA-1	16986	13481	0.7936535970799482
GSM6339601	AGGCAATCAGAGGCTA-1	5350	2796	0.5226168224299066
GSM6339601	AGGCAATCAGTCTATG-1	4776	2868	0.6005025125628141
GSM6339601	AGGCAATCATGGCCCA-1	6438	3364	0.5225225225225225
GSM6339601	AGGCAATCATTGTCCT-1	4995	2958	0.5921921921921922
GSM6339601	AGGCAGGTCACATTGA-1	7563	4070	0.5381462382652387
GSM6339601	AGGCAGGTCATAATCG-1	4118	1970	0.4783875667799903
GSM6339601	AGGCAGGTCCCGAACA-1	26841	18928	0.7051898215416713
GSM6339601	AGGCAGGTCCTGTTCA-1	4783	3078	0.6435291657955258
GSM6339601	AGGCCCAGTCAATACG-1	2464	1262	0.5121753246753247
GSM6339601	AGGCCCAGTGAAGCCT-1	8500	5388	0.6338823529411765
GSM6339601	AGGCCCAGTTTGTGGA-1	7805	4624	0.5924407431133889
GSM6339601	AGGCGGATCAAGCTAC-1	5574	3281	0.5886257624686042
GSM6339601	AGGCGGATCAAGGACA-1	11611	7117	0.6129532340022392
GSM6339601	AGGCGGATCCGCACAA-1	2739	2291	0.8364366557137641
GSM6339601	AGGCGGATCGGCTAGC-1	5857	3278	0.5596721871265152
GSM6339601	AGGCGGATCTCGCCCA-1	1198	820	0.6844741235392321
GSM6339601	AGGCTAAAGACAAAGT-1	17339	9658	0.557010208201165
GSM6339601	AGGCTAAAGCTGTAAC-1	12750	9961	0.7812549019607843
GSM6339601	AGGCTAAAGGCCTTAG-1	4591	2531	0.551296013940318
GSM6339601	AGGCTAAAGGGACGCA-1	8923	4717	0.5286338675333409
GSM6339601	AGGCTAGCACAATTAC-1	11941	7109	0.5953437735533037
GSM6339601	AGGCTAGCAGGCCTTG-1	4481	2737	0.6108011604552556
GSM6339601	AGGCTAGCATGAAGTA-1	1338	1021	0.7630792227204783
GSM6339601	AGGGCCTTCAAGTGAG-1	8961	4883	0.5449168619573709
GSM6339601	AGGGCCTTCAGGTTTA-1	6432	3438	0.5345149253731343
GSM6339601	AGGGCCTTCCAAATCA-1	6553	3869	0.5904166030825576
GSM6339601	AGGGCCTTCTAGCGAT-1	9692	6683	0.6895377631035906
GSM6339601	AGGGCCTTCTCCATAT-1	12292	6847	0.5570289619264562
GSM6339601	AGGGCCTTCTCGACCT-1	15736	10537	0.6696110828673106
GSM6339601	AGGGCTACAACACTTG-1	418	217	0.5191387559808612
GSM6339601	AGGGCTACAAGCCAGA-1	11249	6658	0.5918748333185172
GSM6339601	AGGGCTACACAATGTT-1	7933	4688	0.5909491995461994
GSM6339601	AGGGCTACAGATAGAC-1	6103	3425	0.5611994101261675
GSM6339601	AGGGCTACAGCAGGTA-1	15572	11102	0.7129463138967377
GSM6339601	AGGGTTGCAAACTAAG-1	8439	4965	0.58833985069321
GSM6339601	AGGGTTGCACCGTTCC-1	720	574	0.7972222222222223
GSM6339601	AGGGTTGCAGCATGTC-1	6606	4553	0.6892219194671511
GSM6339601	AGGGTTGCAGTATGTT-1	11326	9569	0.8448702101359703
GSM6339601	AGGGTTGCATTGGGAG-1	11879	7927	0.667312063304992
GSM6339601	AGGTAACCAAACGCGA-1	7421	4719	0.6358981269370705
GSM6339601	AGGTAACCAAGTGAAC-1	762	400	0.5249343832020997
GSM6339601	AGGTAACCAATTAGGA-1	1197	675	0.5639097744360902
GSM6339601	AGGTAACCAGGCTAGA-1	6567	3001	0.4569818790924319
GSM6339601	AGGTACGCACAAAGAC-1	23277	20014	0.8598187051595996
GSM6339601	AGGTACGCACAGAACG-1	7741	4226	0.5459242991861517
GSM6339601	AGGTACGCACGGTTTA-1	4532	2309	0.5094880847308032
GSM6339601	AGGTACGCAGCATTAT-1	3903	1920	0.49192928516525747
GSM6339601	AGGTATTGTCATAAGT-1	2829	1688	0.5966772711205373
GSM6339601	AGGTATTGTCCAAGAC-1	7288	6438	0.8833699231613611
GSM6339601	AGGTATTGTCTCAGCC-1	10048	6411	0.6380374203821656
GSM6339601	AGGTATTGTGGTGAGA-1	5684	3279	0.5768824771287826
GSM6339601	AGGTATTGTGGTTAGC-1	10352	7866	0.759853168469861
GSM6339601	AGGTATTGTGTGTCCC-1	12198	9452	0.7748811280537793
GSM6339601	AGGTATTGTTAGACCA-1	8607	5537	0.6433135819681655
GSM6339601	AGGTATTGTTGCCTCA-1	1227	735	0.5990220048899756
GSM6339601	AGGTCAAAGAATCGCT-1	10556	9362	0.8868889730958697
GSM6339601	AGGTCAAAGAGAAGGG-1	4771	2512	0.5265143575770279
GSM6339601	AGGTCAAAGCCTGGTA-1	7060	3776	0.534844192634561
GSM6339601	AGGTCAAAGCTTAACA-1	6866	4230	0.6160792309933003
GSM6339601	AGGTCAAAGCTTGCTC-1	9060	4369	0.48222958057395143
GSM6339601	AGGTCAAAGGACGTAA-1	3451	1894	0.5488264271225731
GSM6339601	AGGTCAAAGGCTAAGA-1	890	448	0.503370786516854
GSM6339601	AGGTCAAAGGGACCTC-1	21399	12673	0.5922239356979299
GSM6339601	AGGTCATTCATAAGCC-1	1433	841	0.586880669923238
GSM6339601	AGGTCATTCCAACTGG-1	12077	7954	0.6586072700173884
GSM6339601	AGGTCATTCTTGACCC-1	8894	5723	0.6434675061839442
GSM6339601	AGGTCCGGTGACATGC-1	1134	740	0.6525573192239859
GSM6339601	AGGTCCGGTGTAATAC-1	1792	1135	0.6333705357142857
GSM6339601	AGGTCCGGTTGAAGCC-1	19825	13762	0.6941740226986128
GSM6339601	AGGTCTTAGAGAGGCT-1	1358	1237	0.9108983799705449
GSM6339601	AGGTCTTAGCACTAGT-1	14391	8796	0.61121534292266
GSM6339601	AGGTCTTAGCCTGATG-1	10239	6575	0.6421525539603476
GSM6339601	AGGTCTTAGGCATTAC-1	8801	5011	0.5693671173730258
GSM6339601	AGGTCTTAGGCGCACT-1	3992	2261	0.5663827655310621
GSM6339601	AGGTCTTAGTCCTGAG-1	8473	6549	0.7729257641921398
GSM6339601	AGGTCTTAGTGAACCT-1	5933	5187	0.874262599022417
GSM6339601	AGGTGAATCACGAATC-1	7931	4850	0.611524397932165
GSM6339601	AGGTGAATCAGCTAAC-1	2257	1493	0.6614975631369074
GSM6339601	AGGTGAATCCCGTTTA-1	14809	12056	0.8140995340671213
GSM6339601	AGGTGAATCGCATTAA-1	6979	3710	0.5315947843530592
GSM6339601	AGGTGAATCGTTATCT-1	4589	2749	0.5990411854434518
GSM6339601	AGGTGAGGTAAAGCAA-1	1701	891	0.5238095238095238
GSM6339601	AGGTGAGGTACAATGT-1	6607	5051	0.76449220523687
GSM6339601	AGGTGAGGTATTCGTC-1	8151	4195	0.5146607778186726
GSM6339601	AGGTGAGGTATTGAGT-1	5987	5465	0.9128110906965091
GSM6339601	AGGTGAGGTCAACAAT-1	8533	4908	0.5751787179186687
GSM6339601	AGGTGAGGTGAAGCCT-1	1398	1005	0.7188841201716738
GSM6339601	AGGTGAGGTGATGAGG-1	5730	2927	0.5108202443280977
GSM6339601	AGGTGAGGTGTGCAAC-1	6658	4853	0.728897566836888
GSM6339601	AGGTGAGGTTAGTGAT-1	6105	2698	0.44193284193284194
GSM6339601	AGGTGAGGTTCGCTTG-1	6688	3378	0.5050837320574163
GSM6339601	AGGTGAGGTTGCTTCG-1	6657	3535	0.5310199789695058
GSM6339601	AGGTTAACACCTCACC-1	6639	3993	0.6014460009037506
GSM6339601	AGGTTAACAGCCAGAA-1	2599	1273	0.48980377068103115
GSM6339601	AGGTTAACAGCTCAAC-1	2537	4010	1.5806070161608199
GSM6339601	AGGTTAACAGGAACCA-1	1898	1055	0.5558482613277134
GSM6339601	AGGTTAACATAAACCT-1	1218	562	0.4614121510673235
GSM6339601	AGGTTACTCACCTGCT-1	363	333	0.9173553719008265
GSM6339601	AGGTTACTCAGCCAAT-1	21083	14703	0.6973865199449794
GSM6339601	AGGTTACTCATCCTCA-1	7358	5221	0.709567817341669
GSM6339601	AGGTTACTCATTGCAA-1	6423	4204	0.6545228086563911
GSM6339601	AGGTTACTCCCGTTGT-1	3207	1618	0.5045213595260368
GSM6339601	AGGTTACTCCTTCTAG-1	7174	4384	0.6110956230833565
GSM6339601	AGGTTACTCGCTAGCA-1	1737	1267	0.7294185377086931
GSM6339601	AGGTTAGAGCATCCAG-1	19509	14792	0.7582141575683018
GSM6339601	AGGTTAGAGCCTGGTA-1	10984	8023	0.7304260742898762
GSM6339601	AGGTTAGAGGCAAGTA-1	17432	10344	0.5933914639743001
GSM6339601	AGGTTAGAGGTCGATT-1	4608	3381	0.7337239583333334
GSM6339601	AGGTTAGAGTTGGGCC-1	9551	5660	0.5926081038634698
GSM6339601	AGGTTGCGTCATGCAA-1	7737	5154	0.6661496704148895
GSM6339601	AGGTTGCGTGATCATG-1	525	307	0.5847619047619048
GSM6339601	AGGTTGCGTGTGCAAC-1	4383	2987	0.6814966917636323
GSM6339601	AGGTTGCGTTCATCTA-1	9155	6505	0.7105406881485528
GSM6339601	AGGTTGCGTTGCTGGG-1	7964	4452	0.5590155700652938
GSM6339601	AGGTTGCGTTGGTGAC-1	18102	10451	0.577339520494973
GSM6339601	AGGTTTATCCAAATCA-1	761	457	0.6005256241787122
GSM6339601	AGGTTTATCCCTCAGT-1	3770	2167	0.5748010610079576
GSM6339601	AGGTTTATCGCTCCAT-1	3287	1664	0.5062366899908731
GSM6339601	AGGTTTGGTAGGTTGC-1	8207	4306	0.5246740587303521
GSM6339601	AGGTTTGGTCGTTACT-1	4482	2079	0.463855421686747
GSM6339601	AGGTTTGGTCTCAGCC-1	4155	2029	0.48832731648616123
GSM6339601	AGGTTTGGTTGGGTTA-1	716	434	0.6061452513966481
GSM6339601	AGGTTTGGTTTGGCGG-1	1929	1244	0.6448937273198548
GSM6339601	AGGTTTGGTTTGGGTA-1	12884	6876	0.5336851909344924
GSM6339601	AGTAAACAGAGAGCCG-1	25888	13780	0.532292954264524
GSM6339601	AGTAAACAGCTGTAAC-1	3233	4481	1.3860191772347665
GSM6339601	AGTAAACAGGACTAAG-1	686	359	0.5233236151603499
GSM6339601	AGTAAACAGGCGCACT-1	7572	4757	0.6282356048600105
GSM6339601	AGTAAACAGGCGCTAC-1	19532	12982	0.6646528773295105
GSM6339601	AGTAAACAGGTTACGT-1	14126	8838	0.6256548208976356
GSM6339601	AGTAACACAAACCTAT-1	14568	13153	0.9028693025809994
GSM6339601	AGTAACACAGCAGGTA-1	13284	7621	0.5736976814212587
GSM6339601	AGTAACACATTGTCAG-1	6070	3956	0.6517298187808896
GSM6339601	AGTAACCTCATTGTCT-1	7410	4263	0.5753036437246963
GSM6339601	AGTAACCTCTCACTAT-1	9491	5319	0.5604256664208197
GSM6339601	AGTAACCTCTGGTCCT-1	5445	3332	0.6119375573921029
GSM6339601	AGTAACGAGCAACAAG-1	632	357	0.564873417721519
GSM6339601	AGTAACGAGCTGCACA-1	16505	11250	0.6816116328385338
GSM6339601	AGTAACGAGGGTCCAC-1	4514	2413	0.5345591493132477
GSM6339601	AGTAACGAGTATCGCG-1	8137	5971	0.7338085289418704
GSM6339601	AGTAACGAGTGGCGGA-1	5420	2823	0.5208487084870849
GSM6339601	AGTAAGTAGCATGTCG-1	2769	1507	0.5442397977609246
GSM6339601	AGTAAGTAGCATGTTA-1	587	253	0.43100511073253833
GSM6339601	AGTAAGTAGCCTTAAA-1	18555	11427	0.6158447857720291
GSM6339601	AGTAAGTAGTAACGGA-1	6133	3062	0.49926626447089517
GSM6339601	AGTAAGTAGTGTTGCG-1	2079	1795	0.8633958633958634
GSM6339601	AGTAAGTAGTTCCTCA-1	1880	914	0.48617021276595745
GSM6339601	AGTAATCGTTGCATCT-1	11498	9269	0.8061401982953557
GSM6339601	AGTAATGCAACAGGAT-1	5278	4096	0.7760515346722243
GSM6339601	AGTAATGCAAGGAATC-1	4119	3187	0.7737314882252974
GSM6339601	AGTAATGCACACCAAC-1	5249	2724	0.518955991617451
GSM6339601	AGTAATGCATTAGCCA-1	13241	9498	0.7173174231553509
GSM6339601	AGTACGCGTCTAACAG-1	8423	4520	0.5366259052594088
GSM6339601	AGTACGCGTGCGCAAT-1	8493	5167	0.6083833745437419
GSM6339601	AGTAGCTTCAATTACG-1	6755	4764	0.7052553663952628
GSM6339601	AGTAGCTTCTAGCTTT-1	9242	10490	1.1350357065570222
GSM6339601	AGTAGCTTCTCTAGCC-1	16766	9968	0.594536562089944
GSM6339601	AGTAGCTTCTTGTTCG-1	4377	2777	0.6344528215672836
GSM6339601	AGTAGGATCACAGACT-1	8957	5584	0.623423021100815
GSM6339601	AGTAGGATCCAGGAAA-1	20913	16131	0.7713384019509396
GSM6339601	AGTAGGATCCATAATG-1	3100	1842	0.5941935483870968
GSM6339601	AGTAGGATCCGTTAAA-1	15269	10458	0.6849171524002882
GSM6339601	AGTAGGATCTCCATAT-1	20752	16533	0.7966942945258288
GSM6339601	AGTAGGATCTGGTCCT-1	5015	2335	0.46560319042871384
GSM6339601	AGTATAGCAATTTGGT-1	3413	2293	0.6718429534134193
GSM6339601	AGTATAGCACCTACGG-1	2280	1757	0.7706140350877193
GSM6339601	AGTATAGCACCTACTT-1	1450	829	0.5717241379310345
GSM6339601	AGTATAGCAGCCTGCA-1	7654	5087	0.6646198066370526
GSM6339601	AGTATAGCAGTGAACG-1	5193	3411	0.6568457538994801
GSM6339601	AGTATAGCATTAAGCT-1	9551	5354	0.5605695738666108
GSM6339601	AGTCAAGAGCTAATCA-1	2617	1310	0.5005731753916699
GSM6339601	AGTCAAGAGGGTGAAC-1	4757	3008	0.6323313012402775
GSM6339601	AGTCAATGTACAAAGA-1	7239	5036	0.6956761983699405
GSM6339601	AGTCAATGTATTGGAT-1	5071	2562	0.5052257937290475
GSM6339601	AGTCAATGTCGCAATA-1	1117	684	0.612354521038496
GSM6339601	AGTCAATGTCGCATAA-1	1689	991	0.5867377146240379
GSM6339601	AGTCAATGTCTTTGAC-1	10492	6860	0.6538314906595502
GSM6339601	AGTCAATGTGAAACAA-1	12220	8164	0.6680851063829787
GSM6339601	AGTCAATGTGATGATT-1	7798	4495	0.5764298538086688
GSM6339601	AGTCAATGTTGCTTCG-1	7351	4849	0.6596381444701401
GSM6339601	AGTCAGGCAACCGCCA-1	13595	13154	0.9675616035307099
GSM6339601	AGTCAGGCACACTAAT-1	14036	9241	0.658378455400399
GSM6339601	AGTCAGGCAGCAAGAT-1	10328	7944	0.7691711851278079
GSM6339601	AGTCAGGCAGCCAGTT-1	4880	2912	0.5967213114754099
GSM6339601	AGTCAGGCATCAATCG-1	7070	3822	0.5405940594059406
GSM6339601	AGTCCTGAGGATTGAG-1	4711	2567	0.5448949267671407
GSM6339601	AGTCCTGAGTGTTGCG-1	5633	2950	0.5236996271968756
GSM6339601	AGTCCTTGTAGCAGCT-1	5150	3663	0.7112621359223301
GSM6339601	AGTCCTTGTTGCGCGA-1	14512	9153	0.6307194046306505
GSM6339601	AGTCCTTGTTGGCCGA-1	14080	8058	0.5723011363636363
GSM6339601	AGTCCTTGTTTGAGGC-1	8280	5206	0.628743961352657
GSM6339601	AGTCGCATCACAGGAA-1	11364	6591	0.5799894403379092
GSM6339601	AGTCGCATCAGGTTTA-1	21908	20716	0.945590651816688
GSM6339601	AGTCGCATCATGGCTG-1	8026	4388	0.5467231497632694
GSM6339601	AGTCGCATCATTACTC-1	8748	4964	0.5674439871970736
GSM6339601	AGTCGCATCTGTAAGC-1	15368	8923	0.5806220718375846
GSM6339601	AGTCGCATCTTTAAGG-1	5839	2631	0.45059085459839016
GSM6339601	AGTCTTGCAAGCGATG-1	2690	1486	0.5524163568773234
GSM6339601	AGTCTTGCACAGCCAT-1	10625	7010	0.6597647058823529
GSM6339601	AGTCTTGCACTAAGAA-1	1548	1331	0.8598191214470284
GSM6339601	AGTCTTGCATAATTGC-1	6771	4061	0.5997636981243538
GSM6339601	AGTCTTGCATAGCAGG-1	8028	4046	0.5039860488290981
GSM6339601	AGTGAACCAAACGCGA-1	5850	3064	0.5237606837606837
GSM6339601	AGTGAACCAACACCTA-1	6090	3554	0.5835796387520525
GSM6339601	AGTGAACCACCTACTT-1	4981	3447	0.6920297129090545
GSM6339601	AGTGAACCACGTAATT-1	17726	10840	0.6115310842829742
GSM6339601	AGTGAACCACTATGGC-1	1093	807	0.7383348581884721
GSM6339601	AGTGAGTCAAGGATTA-1	7711	4431	0.5746336402541823
GSM6339601	AGTGAGTCACACCAAC-1	720	423	0.5875
GSM6339601	AGTGAGTCACGAATTT-1	9622	6677	0.6939305757638744
GSM6339601	AGTGAGTCACTAGCGT-1	7131	4197	0.5885570046276819
GSM6339601	AGTGAGTCATCGCTTT-1	25624	21327	0.8323056509522323
GSM6339601	AGTGAGTCATGGCCCA-1	9777	5760	0.5891377723227984
GSM6339601	AGTGATGAGCTGGAAA-1	15351	11679	0.760797342192691
GSM6339601	AGTGATGAGGCCTGGT-1	8382	4169	0.4973753280839895
GSM6339601	AGTGATGAGTAAGGGC-1	4063	2529	0.6224464681269998
GSM6339601	AGTGATGAGTGAACGA-1	23031	19125	0.8304025009769441
GSM6339601	AGTGATGAGTTGGGCC-1	3455	2088	0.6043415340086831
GSM6339601	AGTGCACGTAATCACG-1	868	498	0.5737327188940092
GSM6339601	AGTGCACGTAATGACT-1	12462	6901	0.553763440860215
GSM6339601	AGTGCACGTACCGAAC-1	22740	18544	0.8154793315743184
GSM6339601	AGTGCACGTGACATAT-1	3541	1756	0.4959051115504095
GSM6339601	AGTGCACGTTGGTGAC-1	18198	12240	0.6726013847675568
GSM6339601	AGTGCCGGTACCTTAC-1	11023	7143	0.6480087090628686
GSM6339601	AGTGCCGGTGCATTAG-1	6630	4606	0.6947209653092006
GSM6339601	AGTGCCGGTGCTGGTG-1	3331	2012	0.6040228159711798
GSM6339601	AGTGCGGAGCTGGAAA-1	6462	3492	0.5403899721448467
GSM6339601	AGTGCGGAGGAGCATA-1	12666	8440	0.6663508605716091
GSM6339601	AGTGCGGAGGATTTGC-1	16244	13159	0.8100837232208815
GSM6339601	AGTGCGGAGGGACGCA-1	12831	7006	0.5460213545319929
GSM6339601	AGTGCGGAGTAACTCA-1	6550	4035	0.6160305343511451
GSM6339601	AGTGGACAGCGATACT-1	18510	13698	0.740032414910859
GSM6339601	AGTGGACAGCTTACTT-1	9648	6559	0.679830016583748
GSM6339601	AGTGGACAGGACACTT-1	17362	13657	0.7866029259301923
GSM6339601	AGTGGACAGTCACCAG-1	5874	3811	0.6487912836227443
GSM6339601	AGTGTGGCAGGATTAA-1	3087	1709	0.5536119209588597
GSM6339601	AGTGTGGCAGTTTCTC-1	19135	12720	0.6647504572772407
GSM6339601	AGTGTGGCATAAAGCA-1	8812	5127	0.5818202451202905
GSM6339601	AGTGTGGCATAAGTCT-1	23856	13777	0.5775067069081153
GSM6339601	AGTGTGGCATAATCCG-1	18351	16010	0.872432020053403
GSM6339601	AGTGTTTCACAGCCAT-1	5554	3000	0.5401512423478574
GSM6339601	AGTGTTTCATGAGCAG-1	7861	4617	0.5873298562523852
GSM6339601	AGTTACTCAAACCTAT-1	935	528	0.5647058823529412
GSM6339601	AGTTACTCAATAGTCT-1	4596	2840	0.61792863359443
GSM6339601	AGTTACTCACAAACTT-1	26022	16567	0.6366536007993236
GSM6339601	AGTTACTCACCTCGCT-1	468	250	0.5341880341880342
GSM6339601	AGTTACTCACGGTACT-1	4831	3736	0.7733388532394949
GSM6339601	AGTTACTCACGTTACA-1	5945	3327	0.5596299411269975
GSM6339601	AGTTATGTCACTTCAT-1	7857	5017	0.6385388825251368
GSM6339601	AGTTATGTCATTTAGG-1	423	224	0.5295508274231678
GSM6339601	AGTTATGTCCCAGTAG-1	6068	4710	0.7762030323005933
GSM6339601	AGTTATGTCCCTGGTT-1	2259	1183	0.5236830455953962
GSM6339601	AGTTATGTCCTGGTGA-1	18234	15015	0.8234616650213886
GSM6339601	AGTTATGTCTGTAATG-1	3599	1955	0.5432064462350653
GSM6339601	AGTTGCAGTACCTTAC-1	5624	3100	0.5512091038406828
GSM6339601	AGTTGCAGTCAAGTAT-1	2891	4134	1.4299550328606019
GSM6339601	AGTTGCAGTTAAGCGC-1	649	522	0.8043143297380585
GSM6339601	AGTTGCAGTTGCTTCG-1	4682	3339	0.71315677061085
GSM6339601	AGTTGCAGTTGGATCA-1	1213	935	0.7708161582852432
GSM6339601	AGTTGCAGTTTAGCTC-1	5012	2587	0.5161612130885874
GSM6339601	AGTTGCGTCAGCACGC-1	14664	11559	0.7882569558101473
GSM6339601	AGTTGCGTCCAAATCA-1	11321	6517	0.5756558607896829
GSM6339601	AGTTGCGTCCTAAGGT-1	1635	1343	0.8214067278287461
GSM6339601	AGTTGCGTCCTCCTAA-1	12063	8272	0.6857332338555915
GSM6339601	AGTTGCGTCGGTACGC-1	11959	8174	0.6835019650472448
GSM6339601	AGTTGCGTCTAGCTAA-1	20909	13867	0.6632072313357884
GSM6339601	AGTTGGCGTAACCTAG-1	21245	16512	0.7772181689809367
GSM6339601	AGTTGGCGTCAAGTAT-1	9592	14327	1.4936405337781484
GSM6339601	AGTTGGCGTCCAAGAC-1	1466	1118	0.762619372442019
GSM6339601	AGTTGGCGTGCTGGTG-1	22545	18133	0.8043025060989133
GSM6339601	AGTTGGCGTGGACATC-1	2296	1289	0.561411149825784
GSM6339601	AGTTGGCGTGTGCACG-1	24087	13976	0.5802299995848383
GSM6339601	AGTTGTCAGAATCGCT-1	6199	3807	0.6141313115018552
GSM6339601	AGTTGTCAGAGGAGTC-1	10410	7153	0.6871277617675312
GSM6339601	AGTTGTCAGCCGCAGT-1	2798	1755	0.6272337383845604
GSM6339601	AGTTGTCAGCCTGGTA-1	16740	10692	0.6387096774193548
GSM6339601	AGTTGTCAGGACACTT-1	4388	2489	0.567228805834093
GSM6339601	AGTTGTCAGGGCTAAA-1	7812	3995	0.5113927291346646
GSM6339601	AGTTGTCAGGTTTGCG-1	8488	5607	0.6605796418473139
GSM6339601	AGTTGTCAGTAACCAC-1	7790	4975	0.6386392811296534
GSM6339601	AGTTGTCAGTTCCCAC-1	1436	715	0.4979108635097493
GSM6339601	AGTTGTCAGTTCCTGC-1	6554	3095	0.4722306988098871
GSM6339601	AGTTTGATCAGCAAAG-1	14997	8188	0.5459758618390345
GSM6339601	AGTTTGATCATTATGG-1	2027	1556	0.7676369018253577
GSM6339601	AGTTTGATCCTAATAG-1	7175	3980	0.5547038327526133
GSM6339601	AGTTTGATCGTTAGCG-1	8301	4785	0.5764365739067582
GSM6339601	AGTTTGATCTGTGCAG-1	14250	9717	0.6818947368421052
GSM6339601	AGTTTGCAGAGCCGGA-1	1981	1086	0.5482079757698132
GSM6339601	AGTTTGCAGCACAGCC-1	2023	1303	0.6440929312901631
GSM6339601	AGTTTGCAGGAACGCG-1	5172	2982	0.5765661252900232
GSM6339601	ATAACGACAATATAGG-1	10583	9137	0.8633657753000095
GSM6339601	ATAACGACAATATGGA-1	21624	16640	0.7695153533111357
GSM6339601	ATAACGACACCTCACC-1	6843	3822	0.5585269618588339
GSM6339601	ATAACGACACTCAACA-1	14339	12582	0.8774670479112909
GSM6339601	ATAACGACATCACAGC-1	5182	4285	0.8269008104978772
GSM6339601	ATAACGACATCAGTAT-1	10335	6456	0.6246734397677793
GSM6339601	ATAAGCCTCCGTAAAC-1	4133	2770	0.6702153399467699
GSM6339601	ATAAGCCTCCTGTTCA-1	12445	6999	0.5623945359582162
GSM6339601	ATAAGCCTCGATATTG-1	4004	2246	0.560939060939061
GSM6339601	ATAAGCCTCGCTAGCA-1	7576	4415	0.5827613516367476
GSM6339601	ATAAGCCTCTAACCTT-1	21632	15728	0.7270710059171598
GSM6339601	ATAAGTCGTAGACAAA-1	5711	3306	0.5788828576431448
GSM6339601	ATAAGTCGTAGCTGCG-1	17540	16101	0.9179589509692132
GSM6339601	ATAAGTCGTGTTGCTT-1	22205	18714	0.8427831569466336
GSM6339601	ATAAGTCGTGTTTCAC-1	21370	17041	0.7974262985493683
GSM6339601	ATAAGTCGTTCTTTAG-1	14311	12198	0.8523513381315072
GSM6339601	ATAAGTCGTTGTCCAT-1	11630	10091	0.8676698194325021
GSM6339601	ATAAGTCGTTTACTTG-1	5407	3176	0.5873867209173294
GSM6339601	ATAATGGCAAAGCTCC-1	470	268	0.5702127659574469
GSM6339601	ATAATGGCACCAACCG-1	5873	4179	0.7115613825983313
GSM6339601	ATAATGGCAGTTTCTC-1	4056	2929	0.7221400394477318
GSM6339601	ATAATGGCATAAGGAC-1	2521	1438	0.5704085680285601
GSM6339601	ATACCGGTCAAACTCA-1	712	428	0.601123595505618
GSM6339601	ATACCGGTCACCTGTC-1	1921	852	0.4435190005205622
GSM6339601	ATACCGGTCAGGAACA-1	3359	2265	0.6743078297112236
GSM6339601	ATACCGGTCGCTAGAT-1	7288	4429	0.6077113062568605
GSM6339601	ATACCGGTCGGTACGC-1	8068	5169	0.64067922657412
GSM6339601	ATACCGGTCTCACTAT-1	825	477	0.5781818181818181
GSM6339601	ATACCTGCACCAGGTT-1	17725	13004	0.7336530324400564
GSM6339601	ATACCTGCACCCACAG-1	10783	8458	0.7843828248168413
GSM6339601	ATACCTGCACGTAAGG-1	16954	11898	0.7017812905509024
GSM6339601	ATAGATGCACAGGATG-1	5240	2836	0.5412213740458015
GSM6339601	ATAGATGCACTAGCGT-1	6700	3599	0.5371641791044776
GSM6339601	ATAGCATGTCAATAGT-1	15578	8990	0.5770959044806778
GSM6339601	ATAGCATGTCACCAAA-1	5626	2922	0.5193743334518308
GSM6339601	ATAGCATGTGATTACG-1	17653	10527	0.5963292358239393
GSM6339601	ATAGCATGTTAAGGTT-1	17912	13529	0.755303707012059
GSM6339601	ATAGCATGTTAGGTGC-1	3398	2313	0.6806945261918775
GSM6339601	ATAGCATGTTCAAGCA-1	10160	7098	0.6986220472440945
GSM6339601	ATAGCATGTTGCAGTA-1	671	454	0.676602086438152
GSM6339601	ATAGGTACAGCAAGGC-1	15022	8540	0.5684995340167754
GSM6339601	ATATAGGCAATTGAGA-1	7594	4789	0.6306294442981301
GSM6339601	ATATAGGCACCTCAGG-1	15431	12240	0.7932084764435228
GSM6339601	ATATAGGCACTAAGTT-1	3384	1761	0.5203900709219859
GSM6339601	ATATAGGCAGCAATAA-1	498	334	0.6706827309236948
GSM6339601	ATATGCATCACATTGA-1	4092	2561	0.6258553274682307
GSM6339601	ATATGCATCACTAGGT-1	13188	6992	0.5301789505611162
GSM6339601	ATATGCATCCTAATAG-1	6320	3720	0.5886075949367089
GSM6339601	ATATGCTCAACACCTA-1	20662	16445	0.7959055270544961
GSM6339601	ATATGCTCACATTGCA-1	10996	6837	0.6217715532921062
GSM6339601	ATATGGTGTAACCAGC-1	2429	1426	0.5870728694936188
GSM6339601	ATATGGTGTATTCGCT-1	18131	12280	0.6772930340301142
GSM6339601	ATATGGTGTCACCAAA-1	1622	815	0.5024660912453761
GSM6339601	ATATGGTGTCTCACTG-1	3086	1914	0.6202203499675956
GSM6339601	ATATGGTGTTTATGGG-1	2207	1273	0.5768010874490258
GSM6339601	ATATGGTGTTTGACCT-1	1486	800	0.5383580080753702
GSM6339601	ATATGTCCAGATTCAT-1	10604	7409	0.6986986043002641
GSM6339601	ATATGTCCAGGATGGC-1	7468	4955	0.6634975897161222
GSM6339601	ATATGTCCAGTCTATG-1	13016	9195	0.7064382298709281
GSM6339601	ATATGTCCATGATTGT-1	12634	9155	0.7246319455437708
GSM6339601	ATATGTCCATGTTGCA-1	20659	16694	0.8080739629217291
GSM6339601	ATCAAGACACAACAGG-1	8046	4394	0.5461098682575193
GSM6339601	ATCAAGACAGGCCAAA-1	2274	1116	0.49076517150395776
GSM6339601	ATCAAGACATTGTCCT-1	21755	13371	0.6146173293495748
GSM6339601	ATCAAGACATTGTGTG-1	7950	5194	0.6533333333333333
GSM6339601	ATCAAGCTCCCATAAA-1	13104	7129	0.5440323565323565
GSM6339601	ATCAATCCAATATACC-1	6128	3789	0.6183093994778068
GSM6339601	ATCAATCCATAGCTGC-1	10840	8328	0.7682656826568266
GSM6339601	ATCAATCCATGAATCT-1	12942	8944	0.6910832946994282
GSM6339601	ATCAATCCATGGCCTG-1	14244	10859	0.7623560797528784
GSM6339601	ATCACAATCACCGGTA-1	12176	9085	0.7461399474375822
GSM6339601	ATCACAATCATTAGCA-1	7205	3801	0.5275503122831368
GSM6339601	ATCACAATCCTGGCTT-1	9867	6046	0.6127495692713084
GSM6339601	ATCACAATCGAGGAGT-1	2159	1260	0.5836035201482168
GSM6339601	ATCACAATCGTCAAGT-1	639	412	0.6447574334898278
GSM6339601	ATCACAATCGTCCTTA-1	566	339	0.598939929328622
GSM6339601	ATCACAATCTCAATAG-1	1070	598	0.5588785046728972
GSM6339601	ATCACACAGAATCTCA-1	12766	7362	0.5766880777064076
GSM6339601	ATCACACAGCAATAGG-1	4666	2526	0.541363051864552
GSM6339601	ATCACACAGCGCCTTT-1	7598	4563	0.6005527770465912
GSM6339601	ATCACACAGGCCATCA-1	2856	1660	0.5812324929971989
GSM6339601	ATCACACAGGTAGCTT-1	6183	3668	0.5932395277373443
GSM6339601	ATCACACAGTAAGGGC-1	12167	11204	0.9208514835209994
GSM6339601	ATCACACAGTCACTAA-1	3999	1953	0.4883720930232558
GSM6339601	ATCACACAGTGGCGGA-1	922	410	0.44468546637744033
GSM6339601	ATCACCCTCCGCCTAT-1	2945	2028	0.6886247877758913
GSM6339601	ATCACCCTCCTGGCTT-1	3224	1902	0.5899503722084367
GSM6339601	ATCACTAAGCTCCTAC-1	3490	2439	0.6988538681948424
GSM6339601	ATCACTAAGGGCTTTG-1	2644	2121	0.8021936459909228
GSM6339601	ATCACTAAGGTCCACA-1	3566	1997	0.5600112170499159
GSM6339601	ATCAGGTTCAAGCTTA-1	603	247	0.4096185737976783
GSM6339601	ATCAGGTTCCTGGCTT-1	4915	2623	0.5336724313326552
GSM6339601	ATCAGGTTCCTTAGGG-1	12991	10330	0.7951658840735895
GSM6339601	ATCAGGTTCGAAGTAG-1	6140	3199	0.5210097719869707
GSM6339601	ATCAGGTTCGCACACA-1	1458	817	0.5603566529492455
GSM6339601	ATCAGGTTCGTTTCGC-1	17917	12630	0.7049171178210638
GSM6339601	ATCAGGTTCTGTAAGC-1	3036	2207	0.7269433465085638
GSM6339601	ATCAGGTTCTTAAGTG-1	1107	697	0.6296296296296297
GSM6339601	ATCATCAAGCCTCTCG-1	9129	4425	0.48471902727571475
GSM6339601	ATCATCAAGCGATAGA-1	1848	860	0.4653679653679654
GSM6339601	ATCATCAAGCGGTTAT-1	3181	2736	0.8601068846274756
GSM6339601	ATCATCAAGGAGTAAT-1	568	385	0.6778169014084507
GSM6339601	ATCATCAAGGGCTTAT-1	5460	2937	0.5379120879120879
GSM6339601	ATCATCAAGTCCTGAG-1	12072	7119	0.5897117296222664
GSM6339601	ATCATCAAGTTATCCT-1	21879	16385	0.7488916312445725
GSM6339601	ATCATGTCAAGACTCC-1	15006	10793	0.7192456350793016
GSM6339601	ATCATGTCACGGTACT-1	3022	1739	0.5754467240238252
GSM6339601	ATCATGTCATATAACC-1	13294	9194	0.6915901910636377
GSM6339601	ATCATGTCATGTCGCG-1	7734	4754	0.6146883889319886
GSM6339601	ATCCAACAGCTGGACC-1	16198	10151	0.6266823064575874
GSM6339601	ATCCAACAGGACAACA-1	4481	2779	0.6201740682883286
GSM6339601	ATCCAACAGGAGGGTT-1	17723	12639	0.7131411160638718
GSM6339601	ATCCAACAGGAGGTTA-1	15403	10277	0.667207686814257
GSM6339601	ATCCAACAGTCACCTC-1	2021	1068	0.5284512617516082
GSM6339601	ATCCAACAGTGAGAGC-1	3516	2291	0.6515927189988624
GSM6339601	ATCCAACAGTTAGTGC-1	838	627	0.7482100238663485
GSM6339601	ATCCAACAGTTATGGC-1	2147	1039	0.48393106660456453
GSM6339601	ATCCACCTCAATGTGC-1	4029	2335	0.579548275006205
GSM6339601	ATCCACCTCACAGGAA-1	10350	8304	0.8023188405797101
GSM6339601	ATCCACCTCACTAAGC-1	3045	1567	0.5146141215106732
GSM6339601	ATCCACCTCCGGTTAG-1	3086	2180	0.7064160725858717
GSM6339601	ATCCACCTCTCGCCCA-1	10647	7295	0.6851695313233774
GSM6339601	ATCCACCTCTTGAGCG-1	1857	1212	0.6526655896607432
GSM6339601	ATCCATAAGACAAGTG-1	4690	2787	0.5942430703624734
GSM6339601	ATCCATAAGATGGACA-1	15754	11285	0.7163260124412848
GSM6339601	ATCCATAAGCTGTACG-1	20077	15608	0.7774069831150072
GSM6339601	ATCCATAAGGCCTTAG-1	9788	5926	0.6054352268083367
GSM6339601	ATCCATAAGTGAGGGT-1	24987	17314	0.6929203185656542
GSM6339601	ATCCCGCGTATTGTCC-1	10846	7732	0.7128895445325466
GSM6339601	ATCCCGCGTCACAAAT-1	4689	2549	0.5436127105992749
GSM6339601	ATCCCGCGTCATTGTC-1	1097	674	0.6144029170464904
GSM6339601	ATCCCGCGTCCGTGAG-1	9333	5085	0.5448408871745419
GSM6339601	ATCCCGCGTGGAGCAA-1	18675	12494	0.6690227576974564
GSM6339601	ATCCCGCGTTCGGGAT-1	2727	1354	0.4965163182984965
GSM6339601	ATCCCGCGTTGACTTC-1	7380	4282	0.5802168021680216
GSM6339601	ATCCCGCGTTTGACCT-1	3979	2028	0.5096757979391807
GSM6339601	ATCCGTGAGACACTTA-1	15142	11494	0.7590807026812838
GSM6339601	ATCCGTGAGCCTTAAA-1	18633	13868	0.7442709171899319
GSM6339601	ATCCGTGAGCGCAATT-1	14404	10240	0.7109136351013607
GSM6339601	ATCCGTGAGCTTTGGG-1	4666	2575	0.5518645520788684
GSM6339601	ATCCGTGAGGATTGCT-1	1690	1209	0.7153846153846154
GSM6339601	ATCCTCATCAGGAACA-1	4800	2547	0.530625
GSM6339601	ATCCTCATCCCTCTAA-1	5464	4043	0.7399341142020498
GSM6339601	ATCCTCATCCTGATTT-1	1429	869	0.6081175647305809
GSM6339601	ATCCTCATCCTTAAGA-1	10360	6692	0.6459459459459459
GSM6339601	ATCCTCATCGCTTGCT-1	2750	1863	0.6774545454545454
GSM6339601	ATCCTCATCTAAGGAG-1	1477	995	0.6736628300609343
GSM6339601	ATCCTCATCTATTGTC-1	9150	6418	0.7014207650273224
GSM6339601	ATCCTCATCTGCAACG-1	4091	2699	0.6597408946467856
GSM6339601	ATCCTCATCTTAGTGA-1	19012	14311	0.7527351146644224
GSM6339601	ATCCTGACAAGGCCAA-1	3149	2035	0.6462369006033661
GSM6339601	ATCCTGACAGGAACAT-1	10940	8239	0.7531078610603291
GSM6339601	ATCCTGACAGGATTAA-1	5817	3844	0.6608217294137871
GSM6339601	ATCCTGACAGTTGCGT-1	9611	6841	0.7117885755904693
GSM6339601	ATCCTGACATTGTCCT-1	17199	11879	0.6906796906796907
GSM6339601	ATCCTTAGTAAGGTTT-1	2862	1427	0.49860237596086654
GSM6339601	ATCCTTAGTCACACCC-1	12427	7425	0.597489337732357
GSM6339601	ATCCTTAGTCCTAATC-1	2553	1531	0.599686643164904
GSM6339601	ATCCTTAGTCGACTAA-1	1886	1388	0.735949098621421
GSM6339601	ATCGAGGCACCGGCTA-1	13742	8664	0.6304759132586232
GSM6339601	ATCGAGGCAGGTATTT-1	10942	8547	0.7811186254798026
GSM6339601	ATCGAGGCAGTAATAG-1	15883	11174	0.7035194862431531
GSM6339601	ATCGCCCGTAAGGTTT-1	4970	3241	0.652112676056338
GSM6339601	ATCGCCCGTATTCGCT-1	11227	7329	0.6528012826222499
GSM6339601	ATCGCCCGTGCTGTAA-1	11549	8161	0.7066412676422201
GSM6339601	ATCGCCCGTTGGTGAC-1	2534	1952	0.7703235990528808
GSM6339601	ATCGCCCGTTTGCGCC-1	8606	5464	0.6349058796188706
GSM6339601	ATCGCCCGTTTGCTGT-1	6300	3877	0.6153968253968254
GSM6339601	ATCGCTTGTTAAGCCA-1	1410	812	0.5758865248226951
GSM6339601	ATCGGCCAGCAAGGAC-1	20430	13074	0.6399412628487519
GSM6339601	ATCGGCCAGGACCTTG-1	3176	2085	0.6564861460957179
GSM6339601	ATCGGCCAGGAGTCGG-1	1230	966	0.7853658536585366
GSM6339601	ATCGGCCAGTAACGGA-1	20449	14907	0.7289843024108759
GSM6339601	ATCGGCCAGTAAGGGC-1	4998	2644	0.5290116046418567
GSM6339601	ATCGGCCAGTGAGGTA-1	5171	2913	0.5633339779539741
GSM6339601	ATCGGCCAGTTGGATC-1	3924	2225	0.5670234454638124
GSM6339601	ATCTATGAGAATGACG-1	7294	3767	0.516451878256101
GSM6339601	ATCTATGAGCGAGTAA-1	15937	11795	0.7401016502478509
GSM6339601	ATCTATGAGGTGAAGC-1	7545	4714	0.6247846255798543
GSM6339601	ATCTATGAGTTGTCAA-1	8063	4620	0.572987721691678
GSM6339601	ATCTTTGGTAGTTACG-1	767	593	0.7731421121251629
GSM6339601	ATCTTTGGTATACTGG-1	2140	1688	0.788785046728972
GSM6339601	ATCTTTGGTCCTAGTT-1	703	514	0.7311522048364154
GSM6339601	ATCTTTGGTTCGGGAT-1	12693	10497	0.8269912550224533
GSM6339601	ATCTTTGGTTTGGCTT-1	9621	7198	0.748155077434778
GSM6339601	ATCTTTGGTTTGGGCG-1	8896	6262	0.7039118705035972
GSM6339601	ATGAAGCCAAGGAATC-1	8017	4426	0.5520768367219658
GSM6339601	ATGAAGCCAATGAGGT-1	11900	8456	0.7105882352941176
GSM6339601	ATGAAGCCATCCTGAA-1	13689	9425	0.6885090218423552
GSM6339601	ATGAAGTAGACTCGCA-1	1306	641	0.4908116385911179
GSM6339601	ATGAAGTAGCTGGCTA-1	14303	9321	0.6516814654268336
GSM6339601	ATGAAGTAGGCTACAT-1	8482	5377	0.633930676727187
GSM6339601	ATGAAGTAGGGCCACT-1	23655	16938	0.7160431198478123
GSM6339601	ATGAAGTAGTCATTTC-1	5537	3018	0.545060502076937
GSM6339601	ATGAATGCAACCCTCC-1	22856	14263	0.6240374518725936
GSM6339601	ATGAATGCAAGGTCCT-1	3011	2100	0.697442710063102
GSM6339601	ATGAATGCATACCCGG-1	4336	2688	0.6199261992619927
GSM6339601	ATGACAACAATCCCTT-1	8585	5914	0.6888759464181712
GSM6339601	ATGACAACATAGCGAG-1	7937	4072	0.5130401915081265
GSM6339601	ATGACCAGTGATGGCT-1	17925	13643	0.761115760111576
GSM6339601	ATGACCAGTGCTTAGA-1	2560	1417	0.553515625
GSM6339601	ATGACCAGTTTAGCTC-1	9557	5201	0.544208433608873
GSM6339601	ATGACGAAGAGGGACT-1	23940	18931	0.7907685881370092
GSM6339601	ATGACGAAGCGGATAA-1	8393	4442	0.5292505659478136
GSM6339601	ATGACGAAGGTGTCCA-1	13495	7727	0.5725824379399778
GSM6339601	ATGACGAAGTCATGCG-1	9043	4802	0.5310184673227911
GSM6339601	ATGACTCAGCTAATCA-1	4632	3384	0.7305699481865285
GSM6339601	ATGACTCAGTATTGTG-1	6521	4899	0.7512651433829167
GSM6339601	ATGACTCAGTGCACGC-1	1249	764	0.611689351481185
GSM6339601	ATGACTCAGTTAGCCG-1	3931	2294	0.5835665225133554
GSM6339601	ATGAGCCGTATTGGAT-1	10497	4702	0.4479375059540821
GSM6339601	ATGAGCCGTCACAGCG-1	2967	1569	0.5288169868554095
GSM6339601	ATGAGCCGTCACGAAC-1	15309	10003	0.6534064929126657
GSM6339601	ATGAGCCGTCTAACCT-1	6013	5374	0.8937302511225678
GSM6339601	ATGAGCCGTGTGAGAG-1	13447	10579	0.7867182271138544
GSM6339601	ATGAGCCGTTGGGTTA-1	1119	656	0.5862377122430742
GSM6339601	ATGAGCCGTTTCCTCC-1	13966	8229	0.5892166690534154
GSM6339601	ATGATGACAGGAACAT-1	19630	13335	0.6793173713703515
GSM6339601	ATGATGGAGCAAGACA-1	8574	5426	0.6328434802892465
GSM6339601	ATGATGGAGCTCATAA-1	10823	7616	0.7036865933659798
GSM6339601	ATGATGGAGCTGAGGG-1	6532	4384	0.6711573790569504
GSM6339601	ATGATGGAGGTCAAAG-1	17996	12986	0.7216048010669037
GSM6339601	ATGATGGAGGTTACGT-1	18443	14130	0.7661443366046738
GSM6339601	ATGCAAACAATCGCAC-1	16487	11246	0.6821131800812762
GSM6339601	ATGCAAACACAAAGAC-1	11752	9151	0.7786759700476514
GSM6339601	ATGCAAACACTAGCGT-1	8303	5682	0.6843309647115501
GSM6339601	ATGCAAACACTGACTA-1	6013	4059	0.675037418925661
GSM6339601	ATGCAGGCAAGACTCC-1	22501	17196	0.7642327007688547
GSM6339601	ATGCAGGCACTAGCGT-1	18687	10874	0.5819018569058704
GSM6339601	ATGCAGGCAGCAATAA-1	21067	17764	0.843214506099587
GSM6339601	ATGCAGGCAGGCCATT-1	11260	6538	0.580639431616341
GSM6339601	ATGCAGGCATAACGGG-1	9673	6094	0.6300010338054378
GSM6339601	ATGCAGGCATAGACCC-1	16014	12070	0.7537154989384289
GSM6339601	ATGCATTCAAAGCGCA-1	722	463	0.6412742382271468
GSM6339601	ATGCATTCACTTAGGC-1	2007	1464	0.7294469357249627
GSM6339601	ATGCATTCAGGCTGTT-1	10324	8319	0.8057923285548237
GSM6339601	ATGCATTCATGAATAG-1	8440	5517	0.6536729857819905
GSM6339601	ATGCATTCATGGCCCA-1	11548	7046	0.6101489435400069
GSM6339601	ATGCATTCATGTCAGC-1	24145	20137	0.8340028991509629
GSM6339601	ATGCCTGAGACTCGCA-1	1164	759	0.6520618556701031
GSM6339601	ATGCCTGAGCGCCTTT-1	18082	14108	0.7802234266121004
GSM6339601	ATGCCTGAGGTGCGGA-1	9805	5789	0.590413054563998
GSM6339601	ATGCCTGAGTCATCCC-1	829	519	0.6260554885404102
GSM6339601	ATGCCTGAGTTTCCTG-1	5242	3090	0.5894696680656238
GSM6339601	ATGCGATTCAATCATG-1	5180	3002	0.5795366795366795
GSM6339601	ATGCGATTCACAGGAA-1	2781	1801	0.647608773822366
GSM6339601	ATGCGATTCACGCGGT-1	3039	1667	0.5485357025337282
GSM6339601	ATGCGATTCATGACCG-1	8238	4535	0.550497693614955
GSM6339601	ATGCGATTCATTAGTG-1	4603	2233	0.4851184010427982
GSM6339601	ATGCGATTCCTGCGAA-1	1634	832	0.5091799265605875
GSM6339601	ATGCGATTCGATTCTT-1	7205	3823	0.5306037473976405
GSM6339601	ATGCGATTCGCTCCAT-1	14034	9441	0.6727233860624199
GSM6339601	ATGCTTAAGCAAGGAC-1	17754	14900	0.8392474935225864
GSM6339601	ATGCTTAAGGCTAGAA-1	9859	5294	0.5369712952632113
GSM6339601	ATGGACAAGACTTATG-1	8165	4397	0.5385180649112064
GSM6339601	ATGGACAAGCGGTTAT-1	10527	6273	0.5958962667426617
GSM6339601	ATGGACAAGGCCAATT-1	6930	4475	0.6457431457431457
GSM6339601	ATGGACAAGTCCTGAG-1	23604	15520	0.6575156753092696
GSM6339601	ATGGCCCAGAATCTCA-1	14928	10433	0.6988879957127545
GSM6339601	ATGGCCCAGACAACGA-1	4526	2361	0.5216526734423332
GSM6339601	ATGGCCCAGACCATAC-1	3417	2126	0.6221832016388645
GSM6339601	ATGGCCCAGACTTATG-1	13671	9984	0.7303050252359008
GSM6339601	ATGGCCCAGCGGTTAT-1	15028	8586	0.5713335107798776
GSM6339601	ATGGCCCAGTTTCCGC-1	4184	2200	0.5258126195028681
GSM6339601	ATGGCCGGTAAATTGC-1	11786	7000	0.5939249957576787
GSM6339601	ATGGCCGGTCACAGCG-1	1504	1222	0.8125
GSM6339601	ATGGCCGGTCATCAAG-1	9121	5817	0.6377590176515733
GSM6339601	ATGGCTAGTAACCTAG-1	10904	6657	0.610509904622157
GSM6339601	ATGGCTAGTCATGCCC-1	7535	4585	0.608493696084937
GSM6339601	ATGGCTAGTGACATGC-1	5978	3510	0.587152893944463
GSM6339601	ATGGCTAGTGCATTTC-1	3422	1963	0.5736411455289304
GSM6339601	ATGGCTAGTGGATTCA-1	989	576	0.5824064711830131
GSM6339601	ATGGCTAGTGGATTGC-1	2721	1867	0.6861447997059904
GSM6339601	ATGGCTAGTTAACGGC-1	11541	7251	0.6282817780088381
GSM6339601	ATGGCTAGTTACCTGT-1	543	356	0.6556169429097606
GSM6339601	ATGGCTAGTTAGGATT-1	2544	1612	0.6336477987421384
GSM6339601	ATGGCTAGTTCCGCAC-1	6452	3640	0.5641661500309981
GSM6339601	ATGGCTGTCCACCTTA-1	17904	13343	0.7452524575513851
GSM6339601	ATGGCTGTCCGCAACA-1	2978	1868	0.6272666218938885
GSM6339601	ATGGCTGTCGCAATCG-1	10112	7880	0.7792721518987342
GSM6339601	ATGGCTGTCTAACCTT-1	17014	13814	0.8119195956271306
GSM6339601	ATGGCTTAGGCAAGTA-1	7911	5588	0.7063582353684743
GSM6339601	ATGGCTTAGGGTTATC-1	5596	3307	0.5909578270192996
GSM6339601	ATGGCTTAGTCAGGCC-1	15001	11356	0.757016198920072
GSM6339601	ATGGCTTAGTCGCTAG-1	2960	1869	0.6314189189189189
GSM6339601	ATGGCTTAGTGAAGTG-1	1142	768	0.6725043782837128
GSM6339601	ATGGTCTAGGACCGCT-1	7411	4948	0.6676561867494265
GSM6339601	ATGGTGCGTCATTACC-1	17165	13725	0.7995921934168366
GSM6339601	ATGGTGCGTCTCAGCC-1	9976	5746	0.5759823576583801
GSM6339601	ATGGTGCGTTATAGCG-1	17690	14804	0.8368569813453929
GSM6339601	ATGGTGCGTTGTAACG-1	6284	3731	0.5937301082113303
GSM6339601	ATGGTGCGTTTAACGG-1	4156	2510	0.6039461020211742
GSM6339601	ATGGTGCGTTTATTCG-1	8865	4789	0.5402143260011281
GSM6339601	ATGGTGCGTTTCCGGC-1	4869	2993	0.6147052782912302
GSM6339601	ATGGTTATCATGCTCC-1	7634	4828	0.6324338485721771
GSM6339601	ATGTAACGTAAGGTCC-1	15194	11436	0.7526655258654732
GSM6339601	ATGTAACGTACTTCAC-1	7474	5247	0.702033716885202
GSM6339601	ATGTAACGTATTTGCC-1	7601	4477	0.5890014471780028
GSM6339601	ATGTAACGTCATAGAT-1	4909	2906	0.5919739254430637
GSM6339601	ATGTAACGTCCGTAGG-1	8034	4474	0.5568832462036346
GSM6339601	ATGTAACGTGTTGTAG-1	10462	6315	0.6036130758937106
GSM6339601	ATGTAACGTTAACGAT-1	13091	8539	0.6522801924986632
GSM6339601	ATGTAAGCAAGTGTTT-1	15759	12978	0.8235294117647058
GSM6339601	ATGTAAGCAATATAGG-1	1116	600	0.5376344086021505
GSM6339601	ATGTAAGCACAATTAC-1	598	346	0.5785953177257525
GSM6339601	ATGTAAGCAGCAAATA-1	15103	9557	0.6327881877772628
GSM6339601	ATGTAAGCAGGAACCA-1	1315	801	0.6091254752851711
GSM6339601	ATGTAAGCATCACTTC-1	4777	2516	0.5266903914590747
GSM6339601	ATGTAAGCATGCTATG-1	5634	3602	0.6393326233581824
GSM6339601	ATGTCAATCACAAGCT-1	12609	6537	0.5184392100880324
GSM6339601	ATGTCAATCATAACCA-1	7874	4180	0.5308610617221234
GSM6339601	ATGTCAATCCATCAGG-1	3879	2049	0.5282289249806651
GSM6339601	ATGTCAATCTGCAACG-1	791	435	0.549936788874842
GSM6339601	ATGTCATCAAGCTACC-1	26118	20416	0.7816831304081476
GSM6339601	ATGTCATCACTGGCCA-1	893	694	0.7771556550951848
GSM6339601	ATGTCATCAGACAAAC-1	16613	10661	0.6417263588755794
GSM6339601	ATGTCATCAGGCTTCG-1	1671	926	0.5541591861160982
GSM6339601	ATGTCATCAGTTTGGC-1	20358	20308	0.9975439630612044
GSM6339601	ATGTCATCATAGACCC-1	17807	14290	0.8024934014713315
GSM6339601	ATGTCCACACTAGGTC-1	6854	3944	0.5754304056025679
GSM6339601	ATGTCCACACTCGCTC-1	13599	10473	0.770130156629164
GSM6339601	ATGTCCACAGCAGGTA-1	6495	3251	0.5005388760585066
GSM6339601	ATGTCCACAGCCGCTA-1	6411	4096	0.6389018873810638
GSM6339601	ATGTCCACAGTTGCGT-1	1178	641	0.5441426146010186
GSM6339601	ATGTCCACATAGTCAT-1	3698	1866	0.5045970795024337
GSM6339601	ATGTCCACATGAGTTT-1	3952	2131	0.5392206477732794
GSM6339601	ATGTGAGAGATGGAGC-1	12880	9081	0.7050465838509317
GSM6339601	ATGTGAGAGCGTGCGT-1	15443	11447	0.7412419866606229
GSM6339601	ATGTGAGAGTCCTGAG-1	17247	12799	0.7421000753754277
GSM6339601	ATGTGAGAGTTGTCCC-1	7119	4452	0.6253687315634219
GSM6339601	ATGTTCAAGCACTTGG-1	10720	7248	0.6761194029850747
GSM6339601	ATGTTCAAGGAACGCG-1	8343	5108	0.6122497902433177
GSM6339601	ATGTTCAAGTCATGCG-1	1201	782	0.6511240632805995
GSM6339601	ATGTTGTCAAGGTATA-1	7865	4241	0.5392244119516847
GSM6339601	ATGTTGTCACTTACAG-1	21688	18551	0.8553578015492438
GSM6339601	ATGTTGTCATAATGAG-1	3391	2107	0.6213506340312592
GSM6339601	ATGTTGTCATGTCAGC-1	7540	4790	0.6352785145888594
GSM6339601	ATGTTTGAGAGAGGAG-1	2675	1314	0.49121495327102804
GSM6339601	ATGTTTGAGCTTCCCG-1	3844	2200	0.5723204994797086
GSM6339601	ATGTTTGAGGTGCGGA-1	3915	2495	0.6372924648786717
GSM6339601	ATTAACCCAATAGTCT-1	7386	7127	0.9649336582724073
GSM6339601	ATTAACCCAATCATGT-1	6993	4056	0.58000858000858
GSM6339601	ATTAACCCACTGGCCA-1	9692	5471	0.5644861741642592
GSM6339601	ATTAACCCAGGTTCAC-1	18327	12551	0.6848365799094233
GSM6339601	ATTAACCCAGTATGTT-1	5009	3114	0.6216809742463566
GSM6339601	ATTAACCCAGTTTGGC-1	13205	10038	0.7601666035592578
GSM6339601	ATTACCCGTATTACCC-1	1921	917	0.4773555439875065
GSM6339601	ATTACCCGTCATAACG-1	4847	3416	0.704765834536827
GSM6339601	ATTACCCGTCCGGTTC-1	3806	2387	0.6271676300578035
GSM6339601	ATTACCCGTGTCACGG-1	1703	931	0.5466823253082795
GSM6339601	ATTACCGCAATCCTAG-1	1135	699	0.6158590308370044
GSM6339601	ATTACCGCACAATACT-1	4409	2178	0.4939895667951916
GSM6339601	ATTACCGCACTAAGTT-1	8363	4732	0.5658256606480928
GSM6339601	ATTACCGCAGGAACTG-1	16655	11090	0.665866106274392
GSM6339601	ATTACGTCAATTAGGA-1	17106	13899	0.812521922132585
GSM6339601	ATTACTGAGACCATAC-1	2464	1447	0.5872564935064936
GSM6339601	ATTACTGAGCTCATAA-1	5566	3270	0.587495508444125
GSM6339601	ATTACTGAGCTTTGTT-1	23395	21347	0.9124599273349007
GSM6339601	ATTACTGAGGAGCACG-1	4658	2686	0.5766423357664233
GSM6339601	ATTACTGAGTTGGCCA-1	14666	11536	0.786581208236738
GSM6339601	ATTAGCGGTACGGTAC-1	8042	5072	0.6306888833623476
GSM6339601	ATTAGCGGTCCGCTGT-1	6206	3878	0.6248791492104415
GSM6339601	ATTAGCGGTGCTCCAC-1	6817	3629	0.5323456065718057
GSM6339601	ATTAGCGGTGCTCCGT-1	16394	12163	0.7419177747956569
GSM6339601	ATTAGCGGTGGATGTC-1	2577	1913	0.7423360496701591
GSM6339601	ATTAGCGGTTAGACCA-1	15526	12417	0.799755249259307
GSM6339601	ATTAGCGGTTTACCGT-1	7409	4073	0.5497368065865839
GSM6339601	ATTAGCTCAACTAACT-1	4546	2566	0.5644522657281126
GSM6339601	ATTAGCTCAAGCTTTG-1	5221	2965	0.5678988699482858
GSM6339601	ATTAGCTCAATTGACT-1	4158	2464	0.5925925925925926
GSM6339601	ATTAGCTCATGTGGGA-1	11378	9960	0.8753735278607839
GSM6339601	ATTAGGTGTCATCCTG-1	13497	9368	0.6940801659628065
GSM6339601	ATTAGGTGTTGCGGAT-1	5671	3010	0.5307705871980251
GSM6339601	ATTAGGTGTTTGGCTT-1	14369	10655	0.7415268981835896
GSM6339601	ATTAGTCCAACTGGGA-1	14388	9827	0.6829997219905477
GSM6339601	ATTAGTCCAATCCCTT-1	26847	19308	0.7191865012850598
GSM6339601	ATTAGTCCAATGAAGC-1	6223	3743	0.6014783866302427
GSM6339601	ATTAGTCCATTTAAGC-1	9719	6529	0.6717769317831053
GSM6339601	ATTATCCTCATCCTAT-1	13183	8006	0.6072972767958734
GSM6339601	ATTATCCTCCATTACT-1	7775	4141	0.532604501607717
GSM6339601	ATTATGGTCACAGGAA-1	11235	7219	0.642545616377392
GSM6339601	ATTATGGTCAGGCCTA-1	388	193	0.49742268041237114
GSM6339601	ATTATGGTCCTCGATC-1	2252	1153	0.5119893428063943
GSM6339601	ATTATGGTCCTTGAGG-1	20432	18294	0.8953602192638997
GSM6339601	ATTATGGTCCTTGCAC-1	1141	686	0.6012269938650306
GSM6339601	ATTATGGTCGCTAGCA-1	3555	2034	0.5721518987341773
GSM6339601	ATTATGGTCTCAATTC-1	6654	4434	0.6663660955816051
GSM6339601	ATTCAACCAGGTTATT-1	6020	4149	0.6892026578073089
GSM6339601	ATTCAACCATAGACCC-1	9965	5552	0.5571500250878073
GSM6339601	ATTCAACCATGAATCT-1	5242	2545	0.4855017169019458
GSM6339601	ATTCACTTCACCAATA-1	8177	4019	0.49150055032407974
GSM6339601	ATTCACTTCATGCGTG-1	18143	10280	0.5666097117345533
GSM6339601	ATTCACTTCCCGCAAA-1	2435	1390	0.5708418891170431
GSM6339601	ATTCACTTCCCTCTAA-1	3853	1926	0.49987023098883987
GSM6339601	ATTCACTTCCTGATTT-1	9786	5484	0.5603923973022685
GSM6339601	ATTCACTTCGTAACGT-1	3369	1695	0.5031166518254675
GSM6339601	ATTCATGAGAGGAAGG-1	5966	3555	0.5958766342608113
GSM6339601	ATTCATGAGCCAAATC-1	752	478	0.6356382978723404
GSM6339601	ATTCATGAGCCAGTAT-1	21285	21649	1.0171012450082217
GSM6339601	ATTCATGAGGCAAGTA-1	17352	12043	0.6940410327339788
GSM6339601	ATTCATGAGGCTTAGT-1	8310	5118	0.615884476534296
GSM6339601	ATTCATGAGTCACCAG-1	6959	3889	0.5588446615893088
GSM6339601	ATTCCGGAGACTAAGG-1	11690	6841	0.5852010265183918
GSM6339601	ATTCCGGAGAGAGCCG-1	21172	15333	0.7242112223691668
GSM6339601	ATTCCGGAGCAGGTTT-1	19803	12048	0.6083926677776095
GSM6339601	ATTCCGGAGCCGCAGT-1	8221	5965	0.7255808295827758
GSM6339601	ATTCCGGAGCTTTGTT-1	6995	4781	0.6834882058613295
GSM6339601	ATTCCGGAGGTCCTGA-1	6438	3362	0.5222118670394532
GSM6339601	ATTCCGGAGTTATTCC-1	6308	3533	0.5600824350031706
GSM6339601	ATTCCGGAGTTCCTGC-1	8193	4714	0.5753692176248016
GSM6339601	ATTCCTAGTATTGGAT-1	885	379	0.42824858757062145
GSM6339601	ATTCCTAGTCAGTAAT-1	12157	8076	0.6643086287735461
GSM6339601	ATTCCTAGTGTTAAAC-1	8767	6101	0.69590509866545
GSM6339601	ATTCCTAGTTTACGTC-1	16292	11165	0.6853056714952124
GSM6339601	ATTCCTCCAATTAACC-1	17423	12857	0.7379326178040521
GSM6339601	ATTCCTCCACAAGCCT-1	5735	3247	0.5661726242371403
GSM6339601	ATTCCTCCACCCACCT-1	1086	695	0.639963167587477
GSM6339601	ATTCCTCCAGCAAGTG-1	12768	8994	0.7044172932330827
GSM6339601	ATTCCTCCATGTTGCA-1	1875	1240	0.6613333333333333
GSM6339601	ATTCGTTTCATTGACA-1	592	287	0.4847972972972973
GSM6339601	ATTCGTTTCCAGGGAG-1	4380	2760	0.6301369863013698
GSM6339601	ATTCGTTTCCGCCTCA-1	3977	3268	0.8217249182801106
GSM6339601	ATTCGTTTCCTAAATG-1	6557	4062	0.6194906207106908
GSM6339601	ATTCGTTTCGGTCAGC-1	1762	1219	0.6918274687854711
GSM6339601	ATTCGTTTCGTCCTTA-1	10051	5984	0.595363645408417
GSM6339601	ATTCGTTTCTTAATGG-1	6200	5505	0.8879032258064516
GSM6339601	ATTGAAGCAAGTGTCC-1	2815	1707	0.6063943161634103
GSM6339601	ATTGAAGCACGTGCTG-1	7679	5075	0.6608933454876937
GSM6339601	ATTGAAGCATCCCTCA-1	17763	14403	0.8108427630467826
GSM6339601	ATTGACTCAACTAGAA-1	7631	3626	0.47516708164067617
GSM6339601	ATTGACTCACAACAAA-1	3432	5335	1.5544871794871795
GSM6339601	ATTGACTCACACCAAC-1	15038	9242	0.6145764064370262
GSM6339601	ATTGACTCAGGAATCG-1	9106	5106	0.5607291895453547
GSM6339601	ATTGACTCAGTAGCCT-1	16326	12175	0.7457429866470661
GSM6339601	ATTGACTCAGTTTCTC-1	8236	4789	0.5814715881495872
GSM6339601	ATTGACTCATATAACC-1	14149	9506	0.6718496006784932
GSM6339601	ATTGACTCATTATGCG-1	3209	1812	0.564661888438766
GSM6339601	ATTGCACAGAATGACG-1	1868	1024	0.5481798715203426
GSM6339601	ATTGCACAGCACAGCC-1	10156	6255	0.61589208349744
GSM6339601	ATTGCACAGCCACAAT-1	21231	16283	0.7669445621967877
GSM6339601	ATTGCACAGGTCAAAG-1	20709	13549	0.6542566034091458
GSM6339601	ATTGCACAGGTGAAAT-1	9139	5005	0.5476529160739687
GSM6339601	ATTGCACAGTCACTCC-1	564	435	0.7712765957446809
GSM6339601	ATTGCACAGTGCACGC-1	5335	2682	0.5027179006560449
GSM6339601	ATTGCACAGTTATCCT-1	3342	1780	0.5326152004787552
GSM6339601	ATTGCAGGTCGCAAAC-1	10992	7449	0.677674672489083
GSM6339601	ATTGCAGGTGAGCAAG-1	7152	4444	0.6213646532438478
GSM6339601	ATTGCAGGTTGGTTCT-1	13149	8121	0.6176135067305498
GSM6339601	ATTGCGCCAAACTAAG-1	4292	2284	0.53215284249767
GSM6339601	ATTGCGCCAACTGGGA-1	6499	4025	0.6193260501615633
GSM6339601	ATTGCGCCATCACAGC-1	11576	9772	0.8441603317208016
GSM6339601	ATTGCTCGTGGGTGAA-1	10062	5627	0.5592327569071756
GSM6339601	ATTGCTCGTTAGGTGC-1	2077	1127	0.54260953298026
GSM6339601	ATTGCTCGTTGTAAAC-1	974	485	0.49794661190965095
GSM6339601	ATTGCTCGTTGTGATG-1	6179	3057	0.4947402492312672
GSM6339601	ATTGCTCGTTTCCACG-1	458	215	0.46943231441048033
GSM6339601	ATTGGCTAGCTCCTTA-1	12079	8890	0.7359880784833182
GSM6339601	ATTGGCTAGGAACCGG-1	7095	4380	0.6173361522198731
GSM6339601	ATTGGCTAGGATCACT-1	25392	18172	0.7156584751102709
GSM6339601	ATTGGCTAGTCTTGAA-1	24682	17206	0.6971072036301759
GSM6339601	ATTGGTTCAAGTAAGC-1	15579	11513	0.7390076384877078
GSM6339601	ATTGGTTCACCTGTAA-1	15822	9342	0.590443686006826
GSM6339601	ATTGGTTCAGCAACAG-1	2543	1519	0.5973259929217459
GSM6339601	ATTGGTTCAGGCGAGT-1	12833	6979	0.543832307332658
GSM6339601	ATTGTCCGTATTGAGT-1	1591	1085	0.6819610307982401
GSM6339601	ATTGTCCGTCATCATC-1	11809	10425	0.8828012532813956
GSM6339601	ATTGTCCGTGCAACTA-1	4520	2554	0.5650442477876106
GSM6339601	ATTGTCCGTGGTTATG-1	10194	5659	0.5551304689032764
GSM6339601	ATTGTCCGTGTTGTAG-1	8484	5126	0.6041961338991042
GSM6339601	ATTGTCCGTTAAATGC-1	2519	1352	0.536720921000397
GSM6339601	ATTGTCCGTTGTGATG-1	5389	3010	0.5585451846353684
GSM6339601	ATTGTGATCACATTGA-1	2234	1612	0.7215756490599821
GSM6339601	ATTGTGATCCAATTAG-1	15186	11342	0.7468721190570262
GSM6339601	ATTGTGATCCGCAACA-1	14823	9607	0.6481144167847265
GSM6339601	ATTGTGATCCTAAGAC-1	6230	4412	0.7081861958266452
GSM6339601	ATTGTGATCCTAGTTT-1	8156	4649	0.5700098087297695
GSM6339601	ATTTAGCCAACACCTA-1	10629	6228	0.5859441151566469
GSM6339601	ATTTAGCCAAGCCAGA-1	3113	1776	0.5705107613234822
GSM6339601	ATTTAGCCAAGGAATC-1	4223	2718	0.6436182808430027
GSM6339601	ATTTAGCCAATAGCAA-1	3783	2747	0.7261432725350251
GSM6339601	ATTTAGCCAATATGGA-1	11154	5753	0.5157790927021696
GSM6339601	ATTTAGCCAGAAATGC-1	4458	2929	0.6570210856886496
GSM6339601	ATTTAGCCATCGTTCT-1	25435	16571	0.65150383330057
GSM6339601	ATTTAGGTCACAAGCT-1	2524	1431	0.5669572107765452
GSM6339601	ATTTAGGTCCCGAAGC-1	7658	5601	0.7313920083572735
GSM6339601	ATTTAGGTCTAACCTT-1	1752	1020	0.5821917808219178
GSM6339601	ATTTAGGTCTAGCGTG-1	640	308	0.48125
GSM6339601	ATTTAGGTCTCACTCA-1	815	384	0.47116564417177914
GSM6339601	ATTTAGGTCTTGCAAA-1	6862	2867	0.4178082191780822
GSM6339601	ATTTGCAAGATAACCC-1	15922	11509	0.7228363270945861
GSM6339601	ATTTGCAAGCTACTGG-1	1290	794	0.6155038759689923
GSM6339601	ATTTGCAAGGAACCGG-1	17708	12948	0.7311949401400497
GSM6339601	ATTTGCAAGGACGTAA-1	24608	21739	0.8834118985695709
GSM6339601	ATTTGCAAGGAGGCAT-1	11292	8206	0.7267091746369111
GSM6339601	ATTTGCAAGGGTCTAT-1	4814	2656	0.5517241379310345
GSM6339601	ATTTGCAAGTCACTAA-1	2702	1871	0.6924500370096225
GSM6339601	ATTTGCGCAAGGCCAA-1	11137	6894	0.6190176887851306
GSM6339601	ATTTGCGCACAACAAA-1	1373	760	0.5535324107793154
GSM6339601	ATTTGCGCAGCATTAT-1	1679	740	0.44073853484216796
GSM6339601	ATTTGCGCAGTCTAGC-1	1436	981	0.6831476323119777
GSM6339601	ATTTGTGAGACAAAGT-1	4008	1884	0.47005988023952094
GSM6339601	ATTTGTGAGCATGTCG-1	12160	8148	0.6700657894736842
GSM6339601	ATTTGTGAGCCGCAGT-1	26768	18585	0.6942991631799164
GSM6339601	ATTTGTGAGGCCAATT-1	1817	1445	0.7952669235002752
GSM6339601	ATTTGTGAGGGTGAAC-1	14602	8644	0.5919737022325708
GSM6339601	ATTTGTGAGTCATTTC-1	23049	17099	0.7418543103822292
GSM6339601	ATTTGTGAGTGGCGGA-1	3754	1982	0.5279701651571657
GSM6339601	ATTTGTGAGTTATGGC-1	7735	3939	0.5092436974789916
GSM6339601	CAAACAACAATTAGCT-1	6610	5935	0.8978819969742814
GSM6339601	CAAACAACAGGCTGTT-1	23392	15499	0.6625769493844049
GSM6339601	CAAACAACAGGCTTCG-1	6711	5086	0.7578602294739979
GSM6339601	CAAACAACATAATTGC-1	23744	20067	0.8451398247978437
GSM6339601	CAAACAACATAGACCC-1	6773	4673	0.6899453713273291
GSM6339601	CAAACACTCAATACGC-1	1284	710	0.5529595015576324
GSM6339601	CAAACACTCCTGAATA-1	5563	2911	0.5232788063994248
GSM6339601	CAAACACTCTGTAATG-1	6504	4954	0.7616851168511685
GSM6339601	CAAACATGTCACAGCG-1	7479	4704	0.6289610910549539
GSM6339601	CAAACATGTCGCGCAA-1	5893	3417	0.579840488715425
GSM6339601	CAAACATGTGACATGC-1	9330	6343	0.679849946409432
GSM6339601	CAAACATGTGAGACTC-1	16698	12054	0.7218828602227811
GSM6339601	CAAACATGTTTGGCTT-1	10315	6147	0.5959282598158022
GSM6339601	CAAACCGTCAATGTGC-1	8669	6283	0.724766409043719
GSM6339601	CAAACCGTCATAGACC-1	6122	3553	0.5803658934988566
GSM6339601	CAAACCGTCCACCTTA-1	8610	4409	0.5120789779326365
GSM6339601	CAAACCGTCCTCAGTC-1	16508	11190	0.6778531621032227
GSM6339601	CAAACCGTCGGGCCAT-1	25061	21968	0.8765811420134871
GSM6339601	CAAACCGTCTAACCAA-1	2537	1367	0.5388253843121797
GSM6339601	CAAACGCGTAAGCTCA-1	7514	4321	0.5750598882086772
GSM6339601	CAAACGCGTACAAAGA-1	2710	1350	0.4981549815498155
GSM6339601	CAAACGCGTACCCACC-1	590	400	0.6779661016949152
GSM6339601	CAAACGCGTCACAGAC-1	1345	772	0.5739776951672863
GSM6339601	CAAACGCGTCATTGAG-1	934	557	0.5963597430406852
GSM6339601	CAAACGCGTGGGAACA-1	5285	3249	0.6147587511825923
GSM6339601	CAAACGCGTTGGTTCT-1	5089	3209	0.6305757516211437
GSM6339601	CAAACTGGTAAGGTTT-1	8809	5668	0.6434328527642185
GSM6339601	CAAACTGGTACTGAAT-1	12546	8820	0.703012912482066
GSM6339601	CAAACTGGTTCCTCCT-1	3319	1827	0.5504670081349804
GSM6339601	CAAACTGGTTGCGGAT-1	589	398	0.6757215619694398
GSM6339601	CAAACTGGTTTAACGG-1	4129	2041	0.4943085492855413
GSM6339601	CAAACTGGTTTGGCGG-1	1041	481	0.4620557156580211
GSM6339601	CAAAGCGCACAGCCTG-1	6469	3876	0.5991652496521873
GSM6339601	CAAAGCGCACCTAATG-1	6749	3284	0.48659060601570603
GSM6339601	CAAAGCGCAGCACCAT-1	4788	2636	0.5505430242272348
GSM6339601	CAAAGCGCAGCATGAG-1	5303	2904	0.5476145577974731
GSM6339601	CAAAGCGCAGCTACGT-1	2668	1556	0.5832083958020989
GSM6339601	CAAAGCGCATCCAGGT-1	17337	12281	0.7083693833996655
GSM6339601	CAAAGGATCCAAATCA-1	933	564	0.6045016077170418
GSM6339601	CAAAGGATCCTCATCA-1	7675	4388	0.5717263843648208
GSM6339601	CAAAGGATCCTTTACG-1	14047	9562	0.6807147433615719
GSM6339601	CAAAGGATCTTACTCG-1	4897	3152	0.6436593832958954
GSM6339601	CAAAGTGAGACAAACG-1	2169	1252	0.5772245274319963
GSM6339601	CAAAGTGAGCTTAGTA-1	16900	10035	0.5937869822485207
GSM6339601	CAAAGTGAGGCCATCA-1	1521	1116	0.7337278106508875
GSM6339601	CAAAGTGAGGGCTAAA-1	1043	656	0.6289549376797698
GSM6339601	CAAAGTGAGGTCCTAG-1	1973	1439	0.7293461733400912
GSM6339601	CAAAGTGAGTAAGTGG-1	14898	8899	0.5973285004698617
GSM6339601	CAAAGTGAGTAGCCAT-1	3624	2064	0.5695364238410596
GSM6339601	CAAAGTGAGTGAGAGC-1	380	176	0.4631578947368421
GSM6339601	CAAAGTGAGTTAGACC-1	1646	850	0.5164034021871203
GSM6339601	CAAAGTGAGTTAGAGG-1	15352	10538	0.6864252214695153
GSM6339601	CAAAGTGAGTTTCCTG-1	9917	6100	0.6151053746092568
GSM6339601	CAAATCATCAGGAACA-1	14245	8763	0.6151632151632151
GSM6339601	CAAATCATCCCGCATT-1	7797	4588	0.5884314479928178
GSM6339601	CAAATCATCCTGGTCT-1	3699	1943	0.5252771019194377
GSM6339601	CAAATCATCTCACAAA-1	1611	835	0.5183116076970825
GSM6339601	CAACAATGTCACAAAT-1	4620	3247	0.7028138528138528
GSM6339601	CAACAATGTTTACCGT-1	11414	8155	0.7144734536534081
GSM6339601	CAACAATGTTTGACCT-1	1431	1024	0.7155835080363382
GSM6339601	CAACAATGTTTGGGCG-1	3836	2534	0.6605839416058394
GSM6339601	CAACAGGCAAACTGTT-1	12659	8987	0.7099296942886484
GSM6339601	CAACAGGCAAAGCTCC-1	3214	1708	0.5314250155569384
GSM6339601	CAACAGGCAAGGTCCT-1	7329	3689	0.5033428844317096
GSM6339601	CAACAGGCAAGGTGGC-1	14359	9320	0.6490702695173759
GSM6339601	CAACAGGCAGCTTAGC-1	6124	3198	0.5222077073807969
GSM6339601	CAACCCGCAACATAAG-1	7812	6088	0.7793138760880697
GSM6339601	CAACCCGCAATACTGT-1	4707	3206	0.6811132356065435
GSM6339601	CAACCCGCAATCCCTT-1	2569	1579	0.6146360451537564
GSM6339601	CAACCCGCACACAATT-1	5097	3951	0.7751618599175986
GSM6339601	CAACCCGCACGGTTTA-1	6997	3597	0.5140774617693297
GSM6339601	CAACCCGCAGGTTATT-1	18978	15126	0.7970281378438192
GSM6339601	CAACCCGCATGAATCT-1	14666	13911	0.9485203872903314
GSM6339601	CAACCCGCATGAGCAG-1	9705	7475	0.7702215352910871
GSM6339601	CAACCCTTCCCAGTAG-1	8427	5737	0.6807879435148926
GSM6339601	CAACCCTTCCTCCATA-1	4691	2499	0.5327222340652313
GSM6339601	CAACCCTTCTCACAAA-1	7912	5296	0.6693629929221436
GSM6339601	CAACCCTTCTTGTCTG-1	1911	1176	0.6153846153846154
GSM6339601	CAACTAATCAGAAACG-1	588	238	0.40476190476190477
GSM6339601	CAACTAATCTCACAAA-1	11533	7618	0.660539321945721
GSM6339601	CAACTAATCTCGCCTG-1	7933	5014	0.6320433631665197
GSM6339601	CAACTAGGTAGCTAGC-1	3718	2017	0.5424959655728886
GSM6339601	CAACTAGGTCACTCGC-1	1229	635	0.516680227827502
GSM6339601	CAACTAGGTCCTGATT-1	424	222	0.5235849056603774
GSM6339601	CAACTAGGTTAAGGTT-1	22311	16578	0.7430415490116983
GSM6339601	CAACTAGGTTTGAGGC-1	4656	6167	1.3245274914089347
GSM6339601	CAAGAACCAAACTGTT-1	7534	4632	0.6148128484204938
GSM6339601	CAAGAACCAACTAGCC-1	8472	4903	0.5787299338999056
GSM6339601	CAAGAACCATAGCAGG-1	1427	925	0.6482130343377716
GSM6339601	CAAGAACCATTCCTGT-1	2950	1930	0.6542372881355932
GSM6339601	CAAGACAAGAGAGGCT-1	1592	1297	0.8146984924623115
GSM6339601	CAAGACAAGCCGCAAC-1	16678	14064	0.843266578726466
GSM6339601	CAAGACAAGGACGTAA-1	5023	3708	0.7382042604021501
GSM6339601	CAAGACAAGGAGGCAT-1	2874	1486	0.5170494084899095
GSM6339601	CAAGACAAGGTGAAAT-1	10604	6526	0.6154281403244058
GSM6339601	CAAGACAAGTACCGCA-1	9883	5729	0.5796822827076799
GSM6339601	CAAGCTAGTAGTTACG-1	871	417	0.47876004592422505
GSM6339601	CAAGCTAGTGGACATC-1	7306	5037	0.6894333424582535
GSM6339601	CAAGCTAGTTCAAGAT-1	22630	16255	0.7182942996022978
GSM6339601	CAAGGCCTCATGCAAC-1	13038	9178	0.7039423224420923
GSM6339601	CAAGGCCTCCACCTGT-1	2353	1355	0.5758606034849129
GSM6339601	CAAGGCCTCCATTACT-1	8138	6051	0.7435487834848857
GSM6339601	CAAGGCCTCGGTACGC-1	18601	15177	0.8159238750604806
GSM6339601	CAAGGCCTCTCACTCA-1	711	416	0.5850914205344585
GSM6339601	CAAGGCCTCTTGCTAT-1	2646	1483	0.5604686318972033
GSM6339601	CAAGGCTGTAAGGTTT-1	8930	5583	0.6251959686450168
GSM6339601	CAAGGCTGTCATGCCC-1	22126	12487	0.5643586730543252
GSM6339601	CAAGGCTGTGCAATGC-1	4395	2675	0.608646188850967
GSM6339601	CAAGGTAAGAGCCGCT-1	19480	12081	0.6201745379876796
GSM6339601	CAAGGTAAGCAGCTAT-1	1970	1056	0.5360406091370559
GSM6339601	CAAGGTAAGGAACGGT-1	2589	1597	0.6168404789494013
GSM6339601	CAAGGTAAGTTGCCTC-1	1890	1037	0.5486772486772487
GSM6339601	CAAGGTTTCAATAGCC-1	630	494	0.7841269841269841
GSM6339601	CAAGGTTTCAGCATTA-1	1748	1100	0.6292906178489702
GSM6339601	CAAGGTTTCAGGTTTA-1	9995	6619	0.6622311155577789
GSM6339601	CAAGGTTTCATCCTAT-1	18133	14435	0.7960624276181547
GSM6339601	CAAGGTTTCCGGCTAA-1	14186	10606	0.7476385168475962
GSM6339601	CAAGGTTTCGATTCTT-1	13398	11248	0.8395282878041499
GSM6339601	CAAGGTTTCTAGCGAT-1	8638	4895	0.5666821023385042
GSM6339601	CAAGGTTTCTTAGCGG-1	17744	13187	0.7431807935076645
GSM6339601	CAAGTAACAAGTGTTT-1	17236	13365	0.7754119285216988
GSM6339601	CAAGTAACAGCATGGA-1	18126	15048	0.8301886792452831
GSM6339601	CAAGTAACAGGACACA-1	3707	1843	0.4971675209063933
GSM6339601	CAAGTAACAGGTTAAA-1	6660	3836	0.5759759759759759
GSM6339601	CAAGTAACATCCATCT-1	5269	3155	0.5987853482634276
GSM6339601	CAAGTAACATTTAAGC-1	11227	8080	0.7196935957958492
GSM6339601	CAAGTATGTAACGTGC-1	14587	10311	0.7068622746280935
GSM6339601	CAAGTATGTGACATGC-1	17739	11694	0.6592254354811432
GSM6339601	CAAGTATGTTCGCTTG-1	14163	8578	0.6056626420956012
GSM6339601	CAAGTATGTTGTTGGA-1	10146	5899	0.581411393652671
GSM6339601	CAAGTGAAGCTAAAGG-1	17313	10090	0.582799052734939
GSM6339601	CAAGTGAAGGACCTCA-1	1414	1136	0.8033946251768034
GSM6339601	CAAGTGAAGGAGTCGG-1	6135	3388	0.552241238793806
GSM6339601	CAAGTTATCCCTCAGT-1	2991	2097	0.7011033099297894
GSM6339601	CAAGTTATCTCAATTC-1	7690	4510	0.5864759427828349
GSM6339601	CAAGTTATCTCACACC-1	6757	3432	0.5079177149622613
GSM6339601	CAAGTTATCTGCAAAC-1	21394	15948	0.7454426474712537
GSM6339601	CAAGTTATCTGCAAGT-1	5941	2945	0.4957077933007911
GSM6339601	CAATAAGCACAGCCAT-1	20502	15486	0.755340942347088
GSM6339601	CAATAAGCAGTCTAGC-1	11072	7301	0.6594111271676301
GSM6339601	CAATAAGCATAAGTCT-1	10213	6028	0.5902281406051111
GSM6339601	CAATAAGCATGCTATG-1	10532	6797	0.645366502088872
GSM6339601	CAATAGCTCACATTGA-1	3982	2132	0.5354093420391763
GSM6339601	CAATAGCTCCCAGTAG-1	6481	3204	0.49436815306279897
GSM6339601	CAATAGCTCCTACCTA-1	955	559	0.5853403141361256
GSM6339601	CAATATGTCACCAATA-1	2096	1250	0.5963740458015268
GSM6339601	CAATATGTCATGCTCC-1	3677	2355	0.6404677726407397
GSM6339601	CAATATGTCCCTGACT-1	6405	6192	0.9667447306791569
GSM6339601	CAATATGTCGTCATTT-1	417	235	0.5635491606714629
GSM6339601	CAATATGTCGTTTCTG-1	2693	1231	0.45711102859264763
GSM6339601	CAATCCCTCCTTAATC-1	459	316	0.6884531590413944
GSM6339601	CAATCCCTCTCACTCA-1	22539	26464	1.174142597275833
GSM6339601	CAATCCCTCTTGAGCG-1	958	539	0.5626304801670147
GSM6339601	CAATCCTGTCACACCC-1	3662	2261	0.6174221736755872
GSM6339601	CAATCCTGTCATCCTG-1	15860	9776	0.6163934426229508
GSM6339601	CAATCCTGTCGCAAAC-1	10395	6111	0.5878787878787879
GSM6339601	CAATCCTGTGATTACG-1	2528	1037	0.41020569620253167
GSM6339601	CAATCCTGTGGGAACA-1	7659	4851	0.6333725029377203
GSM6339601	CAATCCTGTTAACGGC-1	5862	3131	0.5341180484476288
GSM6339601	CAATCCTGTTATCCTA-1	370	214	0.5783783783783784
GSM6339601	CAATCGCCAACGTGCT-1	14783	9476	0.6410065615910167
GSM6339601	CAATCGCCAATGCCCG-1	6417	3497	0.5449587034439769
GSM6339601	CAATCGCCACCAACCG-1	9595	8902	0.927774882751433
GSM6339601	CAATCGCCACCTGTAA-1	2864	2062	0.7199720670391061
GSM6339601	CAATCGCCATTCCTCG-1	3935	2169	0.5512071156289707
GSM6339601	CAATCTAAGACAGGTA-1	19837	13488	0.6799415234158391
GSM6339601	CAATCTAAGCTCAAAC-1	8773	4989	0.5686766214521828
GSM6339601	CAATCTAAGGAAGTAT-1	14401	10641	0.7389070203458094
GSM6339601	CAATCTAAGGCATGAA-1	12505	9055	0.7241103558576569
GSM6339601	CAATCTAAGGGTTAGA-1	7074	4247	0.6003675431156347
GSM6339601	CAATCTAAGGTCGAGG-1	6577	3389	0.5152805230348183
GSM6339601	CAATCTAAGGTGCGGA-1	1251	1039	0.8305355715427658
GSM6339601	CAATCTAAGTTAGCCG-1	10709	8266	0.7718741245681203
GSM6339601	CAATGAACAACTCGCG-1	23660	21858	0.9238377007607776
GSM6339601	CAATGAACAATCATGT-1	13146	7728	0.5878594249201278
GSM6339601	CAATGAACAATCCCTT-1	14854	13419	0.9033930254476908
GSM6339601	CAATGAACAATGAAGC-1	4459	2402	0.5386858039919264
GSM6339601	CAATGAACAGTTATGT-1	10790	5908	0.5475440222428174
GSM6339601	CAATGACTCACCGGTA-1	12870	7723	0.6000777000777001
GSM6339601	CAATGACTCAGCATTA-1	2837	1472	0.5188579485371871
GSM6339601	CAATGACTCCCTGGAA-1	6264	3277	0.5231481481481481
GSM6339601	CAATGACTCCGCCAAA-1	16166	10592	0.6552022763825313
GSM6339601	CAATGACTCCTAATAG-1	7089	4658	0.657074340527578
GSM6339601	CAATGACTCCTTGTTG-1	2468	1357	0.549837925445705
GSM6339601	CAATGACTCGCAAACT-1	6186	3822	0.6178467507274491
GSM6339601	CAATGACTCTGCAACG-1	9660	7006	0.7252587991718427
GSM6339601	CAATGACTCTGTGAGT-1	8471	4789	0.5653405737221108
GSM6339601	CAATGCCCAAAGGTAC-1	4091	2346	0.5734539232461501
GSM6339601	CAATGCCCAATGCGCT-1	7820	4678	0.5982097186700768
GSM6339601	CAATGCCCACGGTTTA-1	3250	2192	0.6744615384615384
GSM6339601	CAATGCCCATAGACTT-1	9037	5308	0.5873630629633728
GSM6339601	CAATGTCAGCGGATAA-1	6560	3753	0.5721036585365854
GSM6339601	CAATGTCAGCTGAGGG-1	5962	3406	0.5712848037571285
GSM6339601	CAATGTCAGCTGGAAA-1	1198	855	0.7136894824707847
GSM6339601	CAATGTCAGGCCAATT-1	7873	4212	0.5349930140988187
GSM6339601	CAATGTCAGTAAGGGC-1	16795	9304	0.5539743971420066
GSM6339601	CAATGTCAGTAATCCA-1	2305	1273	0.5522776572668113
GSM6339601	CAATGTGGTACGTTTC-1	7062	3947	0.5589068252619654
GSM6339601	CAATGTGGTACTTCAC-1	17586	13327	0.757818719435915
GSM6339601	CAATGTGGTATTGTCC-1	6451	4003	0.6205239497752286
GSM6339601	CAATGTGGTCGTAAAT-1	15940	11950	0.7496863237139272
GSM6339601	CAATGTGGTGATCAGC-1	3633	2577	0.7093311312964492
GSM6339601	CAATGTGGTTACTAGG-1	726	378	0.5206611570247934
GSM6339601	CAATGTGGTTATAGCG-1	8024	4799	0.5980807577268196
GSM6339601	CAATGTGGTTCCAGGG-1	5384	2757	0.5120728083209509
GSM6339601	CACAAGCGTATTCGTC-1	20149	13988	0.6942280013896471
GSM6339601	CACAATATCATTAGTG-1	21895	16603	0.7583009819593515
GSM6339601	CACAATATCGGTACGC-1	916	514	0.5611353711790393
GSM6339601	CACAGGCTCCGTTAAA-1	8004	4344	0.5427286356821589
GSM6339601	CACAGGCTCGGTACGC-1	8891	5229	0.5881228208300529
GSM6339601	CACAGGCTCTAGCGTG-1	8903	5852	0.6573065258901494
GSM6339601	CACAGGGAGAACAAGT-1	11339	7244	0.6388570420672017
GSM6339601	CACAGGGAGACACCGC-1	17292	15230	0.8807541059449456
GSM6339601	CACAGGGAGAGGCTAA-1	13379	10145	0.7582778981986695
GSM6339601	CACAGGGAGGAACCGG-1	3974	2211	0.5563663814796175
GSM6339601	CACATAATCCGCTAGA-1	439	341	0.7767653758542141
GSM6339601	CACATACAGCTGGAAA-1	1683	1157	0.6874628639334521
GSM6339601	CACATTAAGACACTTA-1	584	360	0.6164383561643836
GSM6339601	CACATTAAGGACACTT-1	3953	2580	0.6526688590943587
GSM6339601	CACATTAAGGAGTCTT-1	2509	1557	0.6205659625348745
GSM6339601	CACATTAAGTTGGGCC-1	6874	4233	0.6157986616235088
GSM6339601	CACCAACCACTAGGTC-1	4151	2541	0.612141652613828
GSM6339601	CACCAACCATCACTTC-1	2834	1807	0.6376146788990825
GSM6339601	CACCAACCATGAATCT-1	9395	5177	0.551037786056413
GSM6339601	CACCAACCATGCTCCC-1	780	550	0.7051282051282052
GSM6339601	CACCAACCATGTTGCA-1	8514	4507	0.5293634014564247
GSM6339601	CACCAACCATTAGGTT-1	555	334	0.6018018018018018
GSM6339601	CACCGGTAGGGTTAGA-1	12402	8272	0.6669891952910821
GSM6339601	CACCTCAGTAAACAAG-1	10183	5024	0.4933713051163704
GSM6339601	CACCTCAGTACTGATG-1	7120	3824	0.5370786516853933
GSM6339601	CACCTCAGTAGCTAAT-1	16054	10264	0.6393422200074748
GSM6339601	CACCTCAGTAGGATTT-1	1362	671	0.49265785609397944
GSM6339601	CACCTCAGTGAGAAAC-1	4319	2844	0.6584857605927298
GSM6339601	CACCTCAGTGATCAGC-1	15701	9787	0.6233360932424686
GSM6339601	CACCTCAGTGCTGTAA-1	877	529	0.6031927023945268
GSM6339601	CACCTCAGTTGTCCAT-1	10892	7039	0.6462541314726404
GSM6339601	CACCTGTTCCTGCGAA-1	3686	2055	0.5575149213239283
GSM6339601	CACCTGTTCGATTATG-1	3268	2125	0.6502447980416156
GSM6339601	CACCTGTTCGCTTGCT-1	18727	11051	0.5901105355903241
GSM6339601	CACCTGTTCTTAGTCT-1	13897	8084	0.5817082823630999
GSM6339601	CACGCAATCAATGACC-1	25074	23781	0.9484326393874133
GSM6339601	CACGCAATCATTGACA-1	19482	12121	0.6221640488656196
GSM6339601	CACGCAATCATTGTTC-1	14054	9854	0.7011526967411413
GSM6339601	CACGCAATCCTTAAGA-1	2389	1859	0.7781498534951863
GSM6339601	CACGCAATCTACTAAG-1	6024	3665	0.6083997343957503
GSM6339601	CACGCAATCTTCAATC-1	8766	5815	0.6633584302988821
GSM6339601	CACGCTAAGACTTATG-1	18363	16633	0.9057888144638676
GSM6339601	CACGCTAAGCAGCTCA-1	6536	3816	0.583843329253366
GSM6339601	CACGCTAAGGTCCTGA-1	2885	2133	0.7393414211438475
GSM6339601	CACGCTAAGTAGCGGG-1	3977	2595	0.6525018858436007
GSM6339601	CACGCTAAGTGCTGTG-1	11674	6330	0.5422305979098853
GSM6339601	CACTAAGGTAGCAGCT-1	18320	13479	0.7357532751091703
GSM6339601	CACTAAGGTCAACAAT-1	8946	4675	0.5225799239883747
GSM6339601	CACTAAGGTCCTTTAA-1	7315	4143	0.5663704716336295
GSM6339601	CACTAAGGTCGTTATC-1	482	243	0.504149377593361
GSM6339601	CACTAAGGTCTCACTG-1	8482	5911	0.6968875265267626
GSM6339601	CACTAAGGTGAGCGAA-1	8389	5956	0.7099773512933604
GSM6339601	CACTAAGGTGCTTTAC-1	14611	11788	0.8067894052426254
GSM6339601	CACTAAGGTTAGGCGT-1	1131	686	0.6065428824049514
GSM6339601	CACTAGCCAATCGCAC-1	7649	4922	0.6434828082102235
GSM6339601	CACTAGCCAGCTTAGC-1	6175	3710	0.6008097165991902
GSM6339601	CACTGACCAATTGAAG-1	2309	1144	0.49545257687310523
GSM6339601	CACTGACCATAAGTTC-1	3378	3207	0.9493783303730018
GSM6339601	CACTGACCATGAATAG-1	696	540	0.7758620689655172
GSM6339601	CACTGACCATGTTGTG-1	8443	5374	0.6365036124600261
GSM6339601	CACTTAAAGGACCGCT-1	4577	2477	0.5411841817784575
GSM6339601	CACTTAAAGGAGGACT-1	8728	5781	0.6623510540788268
GSM6339601	CACTTAAAGGCAACAA-1	854	525	0.6147540983606558
GSM6339601	CACTTAAAGGCTCATG-1	5297	3621	0.683594487445724
GSM6339601	CACTTAAAGTGAGAGC-1	2899	1750	0.6036564332528458
GSM6339601	CACTTTGTCTTAAGTG-1	4692	2540	0.5413469735720375
GSM6339601	CACTTTGTCTTGTCTG-1	7203	4633	0.6432042204636956
GSM6339601	CAGAACCGTTAGTGAT-1	4427	3116	0.703862660944206
GSM6339601	CAGAATCTCGCAAACT-1	3152	1734	0.5501269035532995
GSM6339601	CAGAATCTCGGCCAGT-1	415	346	0.8337349397590361
GSM6339601	CAGAATCTCGTAATCA-1	6655	4290	0.6446280991735537
GSM6339601	CAGATTCAGCATGAAG-1	3348	2423	0.723715651135006
GSM6339601	CAGATTCAGCCGCTTT-1	3005	1962	0.6529118136439268
GSM6339601	CAGATTCAGGTGAAGC-1	23865	24112	1.0103498847684895
GSM6339601	CAGCAAGCAAATATCC-1	611	343	0.5613747954173486
GSM6339601	CAGCAAGCACATACTG-1	17267	10831	0.6272658828980135
GSM6339601	CAGCAAGCACCTACGG-1	333	236	0.7087087087087087
GSM6339601	CAGCAAGCACGTAAGG-1	16225	14615	0.9007704160246534
GSM6339601	CAGCATGTCAATAGCC-1	1021	899	0.8805093046033301
GSM6339601	CAGCATGTCAGCAAGA-1	2149	1329	0.6184271754304328
GSM6339601	CAGCATGTCAGGCTAT-1	14752	10098	0.6845173535791758
GSM6339601	CAGCATGTCATGTTTC-1	24025	14785	0.6154006243496358
GSM6339601	CAGCATGTCGAAGTAG-1	1659	1344	0.810126582278481
GSM6339601	CAGCATGTCGAAGTGA-1	6045	4225	0.6989247311827957
GSM6339601	CAGCATGTCGGTCAGC-1	689	393	0.5703918722786647
GSM6339601	CAGCATGTCGGTTCCT-1	10029	5699	0.5682520689999003
GSM6339601	CAGCATGTCTATCGCC-1	9717	5131	0.5280436348667285
GSM6339601	CAGCATGTCTGCAACG-1	4941	2616	0.5294474802671524
GSM6339601	CAGCATTAGCTGTAAC-1	8025	5579	0.695202492211838
GSM6339601	CAGCATTAGGTCTTGG-1	14283	10124	0.7088146747882098
GSM6339601	CAGCCAATCAATCTCT-1	11811	6876	0.5821691643383287
GSM6339601	CAGCCAATCATGCGTG-1	2319	1268	0.5467874083656749
GSM6339601	CAGCCAATCCTCAGCT-1	10318	6907	0.6694126768753634
GSM6339601	CAGCCAATCGCTTCTA-1	4314	2539	0.5885489105238757
GSM6339601	CAGCCAATCTTAGGGT-1	18541	11583	0.6247235855671215
GSM6339601	CAGCCAATCTTGAGGT-1	12599	8328	0.6610048416540996
GSM6339601	CAGCCTAAGCTGGCTA-1	12093	5636	0.4660547424129662
GSM6339601	CAGCCTAAGCTGTACG-1	3252	1960	0.6027060270602707
GSM6339601	CAGCCTAAGGCGCTAC-1	11251	6896	0.6129232957070483
GSM6339601	CAGCCTTTCCAACTGG-1	7042	4806	0.6824765691564897
GSM6339601	CAGCCTTTCGCAGGCT-1	1861	1020	0.5480924234282644
GSM6339601	CAGCTAAGTCAAAGAA-1	4990	2720	0.5450901803607214
GSM6339601	CAGCTAAGTCAAGTGC-1	3552	1839	0.5177364864864865
GSM6339601	CAGCTAAGTGATTACG-1	10700	11494	1.0742056074766355
GSM6339601	CAGCTAAGTGTGCAAC-1	14157	10941	0.7728332273786819
GSM6339601	CAGCTAAGTTCAAGCA-1	17404	11836	0.6800735463111929
GSM6339601	CAGCTAAGTTTCGCGC-1	15635	11561	0.7394307643108411
GSM6339601	CAGCTAAGTTTGTGGA-1	20536	14912	0.7261394624074795
GSM6339601	CAGCTATAGACACCGC-1	10276	7443	0.7243090696769171
GSM6339601	CAGCTATAGCAGGTTT-1	10190	6616	0.6492639842983317
GSM6339601	CAGCTATAGCTTAGCG-1	7963	4359	0.5474067562476453
GSM6339601	CAGCTATAGCTTTGGG-1	9026	5350	0.5927321072457346
GSM6339601	CAGCTATAGGGTCCAC-1	1582	820	0.5183312262958281
GSM6339601	CAGCTATAGTTGCCTC-1	832	574	0.6899038461538461
GSM6339601	CAGCTCAAGTCTCACC-1	5191	2876	0.554035831246388
GSM6339601	CAGCTCAAGTTTCCGC-1	21280	18604	0.8742481203007518
GSM6339601	CAGGAAGGTAGGTGTC-1	4305	2635	0.6120789779326364
GSM6339601	CAGGAAGGTCTCAGCC-1	4220	2028	0.48056872037914694
GSM6339601	CAGGAAGGTGGGAACA-1	4620	2702	0.5848484848484848
GSM6339601	CAGGAAGGTGGTTCTT-1	1528	791	0.5176701570680629
GSM6339601	CAGGAAGGTTTATTCG-1	9473	5027	0.5306661036630423
GSM6339601	CAGGACACAATGCGCT-1	20135	10103	0.5017630990812019
GSM6339601	CAGGACACAGCCTGCA-1	11706	6827	0.583205193917649
GSM6339601	CAGGACACAGCTACGT-1	5952	4224	0.7096774193548387
GSM6339601	CAGGACACAGCTTAAT-1	4078	2847	0.698136341343796
GSM6339601	CAGGACACAGGGAGGA-1	13272	9082	0.6842977697408077
GSM6339601	CAGGACACATGAGCAG-1	18394	16826	0.9147548113515277
GSM6339601	CAGGACCTCATCCTCA-1	22084	14932	0.6761456257924289
GSM6339601	CAGGACCTCCAGGTTG-1	1708	873	0.5111241217798594
GSM6339601	CAGGATGCAACTCGCG-1	1612	1274	0.7903225806451613
GSM6339601	CAGGATGCAAGCTTTG-1	4974	3451	0.6938078005629272
GSM6339601	CAGGATGCACAATGCC-1	10574	7397	0.699546056364668
GSM6339601	CAGGATGCACGGTTTA-1	7623	5085	0.667060212514758
GSM6339601	CAGGATGCAGTTTACG-1	17104	17430	1.0190598690364827
GSM6339601	CAGGATGCAGTTTCTC-1	7152	4143	0.5792785234899329
GSM6339601	CAGGATGCATAAGGAC-1	1859	1329	0.7149004841312534
GSM6339601	CAGGATGCATAATGTC-1	12655	9055	0.715527459502173
GSM6339601	CAGGCTATCACGAATC-1	8439	5496	0.6512619978670459
GSM6339601	CAGGCTATCCGTGACA-1	7660	4914	0.6415143603133159
GSM6339601	CAGGCTATCCTACCTA-1	7737	3900	0.5040713454827452
GSM6339601	CAGGCTGGTGCTCCGT-1	11533	6603	0.5725309980057227
GSM6339601	CAGGCTGGTGGAAGGC-1	2971	1701	0.5725345001682935
GSM6339601	CAGGCTGGTTGAGCCG-1	4995	2554	0.5113113113113114
GSM6339601	CAGGGCTTCAATAGCC-1	1739	729	0.41920644048303624
GSM6339601	CAGGGCTTCAATTGGC-1	1450	920	0.6344827586206897
GSM6339601	CAGGGCTTCGCTAAAC-1	5371	3003	0.559113759076522
GSM6339601	CAGGGCTTCTCAATTC-1	17732	10951	0.6175840288743515
GSM6339601	CAGGGTGAGAACCTAC-1	9028	5344	0.5919361984935756
GSM6339601	CAGGGTGAGACAAACG-1	6601	3858	0.5844569004696258
GSM6339601	CAGGGTGAGGCCATCA-1	1867	1289	0.690412426352437
GSM6339601	CAGGGTGAGTCAATTG-1	21747	15854	0.7290200947257093
GSM6339601	CAGGTCCAGCTAATCA-1	7465	4733	0.634025452109846
GSM6339601	CAGGTCCAGGAGCAAC-1	2247	1687	0.7507788161993769
GSM6339601	CAGGTCCAGTAATCCA-1	1540	954	0.6194805194805195
GSM6339601	CAGGTCCAGTGAACGA-1	4560	2388	0.5236842105263158
GSM6339601	CAGGTGGAGGAAGCTA-1	4778	2565	0.5368354960234407
GSM6339601	CAGGTGGAGGAGGTTA-1	4996	3006	0.6016813450760609
GSM6339601	CAGGTGGAGTTTGCGG-1	4893	2444	0.4994890660126712
GSM6339601	CAGGTGGAGTTTGTCT-1	13989	8488	0.606762456215598
GSM6339601	CAGGTTAGTAAGTCGC-1	3538	2264	0.6399095534200113
GSM6339601	CAGGTTAGTCACGAAC-1	15083	12745	0.8449910495259564
GSM6339601	CAGGTTAGTGAGACTC-1	4612	3541	0.7677797051170858
GSM6339601	CAGGTTAGTGGAGCAA-1	2677	1420	0.5304445274561076
GSM6339601	CAGGTTAGTTGAAGCC-1	3829	2961	0.773308957952468
GSM6339601	CAGGTTAGTTGCGCGA-1	27613	14692	0.5320682287328432
GSM6339601	CAGGTTTAGAACCTAC-1	9427	5844	0.6199215020685266
GSM6339601	CAGGTTTAGCAAACCT-1	11604	7209	0.6212512926577043
GSM6339601	CAGGTTTAGCTCAAAC-1	14334	7846	0.5473698897725687
GSM6339601	CAGGTTTAGGGATGCG-1	4444	3049	0.6860936093609361
GSM6339601	CAGTACCCAAACGGGC-1	17448	14845	0.8508138468592389
GSM6339601	CAGTACCCAACAGGTG-1	19348	15292	0.7903659292950176
GSM6339601	CAGTACCCAATCCCTT-1	12307	8931	0.7256845697570489
GSM6339601	CAGTACCCACAACAAA-1	10547	6669	0.6323125059258556
GSM6339601	CAGTACCCACGTAATT-1	10516	8292	0.7885127424876379
GSM6339601	CAGTACCCAGGCATCT-1	7740	4361	0.56343669250646
GSM6339601	CAGTACCCAGGGAGGA-1	4699	2666	0.5673547563311343
GSM6339601	CAGTACCCAGTTTACG-1	20244	16030	0.7918395573997233
GSM6339601	CAGTACCCATAGCAGG-1	16614	10400	0.6259780907668232
GSM6339601	CAGTATGGTAATCGGC-1	1186	845	0.7124789207419899
GSM6339601	CAGTATGGTACAAAGA-1	20082	12977	0.64620057763171
GSM6339601	CAGTATGGTCCGTGAG-1	11708	6646	0.5676460539801845
GSM6339601	CAGTATGGTGTCCTGC-1	8034	5120	0.6372915110779188
GSM6339601	CAGTATGGTTCCTCCT-1	617	385	0.6239870340356564
GSM6339601	CATAACGGTAACCAGC-1	479	337	0.7035490605427975
GSM6339601	CATAACGGTCCTCCAA-1	9005	6656	0.7391449194891727
GSM6339601	CATAACGGTGAAACAA-1	4664	2384	0.5111492281303602
GSM6339601	CATAACGGTTAACACG-1	4573	3490	0.7631751585392521
GSM6339601	CATAACGGTTAACGAT-1	13928	8922	0.6405801263641585
GSM6339601	CATAACGGTTAGAGCC-1	3690	2444	0.662330623306233
GSM6339601	CATAACGGTTGTTGTC-1	1214	609	0.5016474464579901
GSM6339601	CATAACGGTTTAAAGC-1	3964	1930	0.48688193743693237
GSM6339601	CATAAGCTCAATCTAG-1	7075	4579	0.6472084805653711
GSM6339601	CATAAGCTCCCATAGG-1	10462	6476	0.6190021028484037
GSM6339601	CATAAGCTCCTCACTA-1	15076	9229	0.6121650305120722
GSM6339601	CATAATCCAATAACGA-1	12291	9122	0.7421690667968432
GSM6339601	CATAATCCATCAGCAC-1	11019	9578	0.869225882566476
GSM6339601	CATAATCCATCGTTCT-1	20300	16696	0.8224630541871921
GSM6339601	CATAATGTCAGCCAAT-1	1068	699	0.6544943820224719
GSM6339601	CATAATGTCCACCCTG-1	1099	630	0.5732484076433121
GSM6339601	CATAATGTCCCTCATA-1	14011	8783	0.6268646063807009
GSM6339601	CATAATGTCGATCAGT-1	443	243	0.5485327313769752
GSM6339601	CATAATGTCGGTCATG-1	1523	906	0.5948785292186474
GSM6339601	CATAGACTCATGACCG-1	22456	20307	0.9043017456359103
GSM6339601	CATAGACTCATTGTCT-1	14631	10156	0.6941425739867405
GSM6339601	CATAGACTCCTCACAC-1	10237	7583	0.7407443586988376
GSM6339601	CATAGCTAGACTTATG-1	1138	686	0.6028119507908611
GSM6339601	CATAGCTAGAGCCGCT-1	12932	9480	0.7330652644602537
GSM6339601	CATAGCTAGCGTGCAC-1	507	315	0.621301775147929
GSM6339601	CATAGCTAGCTAATTG-1	21601	14957	0.6924216471459654
GSM6339601	CATAGCTAGGGCTAAA-1	890	503	0.5651685393258427
GSM6339601	CATAGCTAGGTGAGAC-1	1271	610	0.47993705743509046
GSM6339601	CATAGCTAGTCATTAG-1	11189	6685	0.597461792832246
GSM6339601	CATAGCTAGTGATTCA-1	23221	14396	0.619956074243142
GSM6339601	CATAGCTAGTTCCCGT-1	18728	12401	0.6621636052968817
GSM6339601	CATAGGCGTAGCTAGC-1	2148	1361	0.6336126629422719
GSM6339601	CATAGGTTCAGGATGA-1	10628	8129	0.7648663906661648
GSM6339601	CATAGGTTCCCATAGG-1	8748	5160	0.5898491083676269
GSM6339601	CATAGGTTCCTCATGC-1	9697	5618	0.5793544395173765
GSM6339601	CATAGGTTCCTGAATA-1	17360	14361	0.8272465437788018
GSM6339601	CATAGGTTCCTGATTT-1	3950	2279	0.5769620253164557
GSM6339601	CATAGGTTCTCGCCTG-1	8729	5472	0.6268759308053614
GSM6339601	CATAGTCAGCAAGGAC-1	7491	4421	0.5901748765184889
GSM6339601	CATAGTCAGCCGCTTT-1	2629	1648	0.6268543172308862
GSM6339601	CATAGTCAGCGAGTAA-1	24967	20181	0.8083069651940562
GSM6339601	CATAGTCAGCTCATAA-1	11241	7281	0.6477181745396317
GSM6339601	CATAGTCAGGACACTT-1	20556	18491	0.8995427125899981
GSM6339601	CATAGTCAGGCCATCA-1	12439	7614	0.612107082562907
GSM6339601	CATAGTCAGGTGCTGC-1	2808	1986	0.7072649572649573
GSM6339601	CATATCGCAAATGCCC-1	3523	2567	0.7286403633267102
GSM6339601	CATATCGCAAGCGAGC-1	4567	2378	0.5206919202977884
GSM6339601	CATATCGCAGGAACAT-1	762	517	0.678477690288714
GSM6339601	CATATCGCAGGTTAAA-1	5545	3100	0.5590622182146078
GSM6339601	CATATCGCATTGCGTA-1	966	661	0.6842650103519669
GSM6339601	CATCAATCAAGGTACG-1	14131	10003	0.7078763003326021
GSM6339601	CATCAATCAAGGTGGC-1	16199	11650	0.7191801963084141
GSM6339601	CATCAATCACAGGAAT-1	9811	5428	0.5532565487717868
GSM6339601	CATCAATCACCTAATG-1	5752	3324	0.5778859527121002
GSM6339601	CATCAATCACTAAGTT-1	4916	3005	0.6112693246541904
GSM6339601	CATCAATCAGCAACAG-1	13327	8372	0.6281983942372626
GSM6339601	CATCAATCAGGTTCAC-1	7502	4185	0.5578512396694215
GSM6339601	CATCAATCAGTAGGTG-1	3574	2335	0.653329602686066
GSM6339601	CATCACACACAATTAC-1	5532	2531	0.45751988430947216
GSM6339601	CATCACACACCTACGG-1	6047	4467	0.7387134116090623
GSM6339601	CATCACACATGTCAAT-1	9929	5980	0.602276160741263
GSM6339601	CATCAGCCAAAGGTAC-1	728	503	0.6909340659340659
GSM6339601	CATCAGCCAAGGAATC-1	3382	2373	0.7016558249556476
GSM6339601	CATCAGCCACAAAGAC-1	701	457	0.651925820256776
GSM6339601	CATCAGCCAGCGCTTG-1	4200	3060	0.7285714285714285
GSM6339601	CATCAGCCATTCAGCA-1	818	433	0.5293398533007335
GSM6339601	CATCATAAGCCGCTTT-1	1349	1012	0.7501853224610823
GSM6339601	CATCATAAGGCATTAC-1	14460	9725	0.6725449515905948
GSM6339601	CATCATAAGGCGCTAC-1	1610	788	0.4894409937888199
GSM6339601	CATCATAAGGTTACGT-1	5901	4037	0.684121335366887
GSM6339601	CATCATAAGTAACAGG-1	4449	2346	0.5273095077545515
GSM6339601	CATCATGCAATCGCAC-1	27440	20106	0.7327259475218659
GSM6339601	CATCATGCACAGGGAC-1	2243	1323	0.5898350423539902
GSM6339601	CATCATGCAGGTATTT-1	12945	9325	0.720355349555813
GSM6339601	CATCATGCATTGCGGT-1	15202	11519	0.7577292461518221
GSM6339601	CATCCCAGTATACTGG-1	10205	6458	0.6328270455658991
GSM6339601	CATCCCAGTCCACAAA-1	466	286	0.6137339055793991
GSM6339601	CATCCCAGTTAGACCA-1	8574	5046	0.5885234429671099
GSM6339601	CATCCCAGTTAGCTGA-1	3395	1933	0.5693667157584683
GSM6339601	CATCCCAGTTTGGGTA-1	5951	3043	0.5113426314905059
GSM6339601	CATCCTCAGAGCCGGA-1	4520	2381	0.5267699115044248
GSM6339601	CATCCTCAGCATGCAT-1	10189	7034	0.6903523407596428
GSM6339601	CATCCTCAGCCTAACG-1	17797	15017	0.8437938978479519
GSM6339601	CATCCTCAGGCGGATG-1	4637	3312	0.7142549061893465
GSM6339601	CATCCTCAGTCACTAA-1	8215	5998	0.730127814972611
GSM6339601	CATCCTCAGTTAGAGG-1	7511	4365	0.5811476501131674
GSM6339601	CATCCTCAGTTTAACG-1	7166	4659	0.6501535026514095
GSM6339601	CATCCTGGTACTGAAT-1	5165	3511	0.6797676669893514
GSM6339601	CATCCTGGTCATAACG-1	17447	15045	0.8623259013010833
GSM6339601	CATCCTGGTGTCCAAA-1	3046	1666	0.5469468154957321
GSM6339601	CATCCTGGTTCACCAT-1	4756	2917	0.6133305298570227
GSM6339601	CATCCTGGTTGAAGCC-1	1695	1126	0.664306784660767
GSM6339601	CATCCTGGTTTCAGGA-1	25721	22472	0.8736829827767194
GSM6339601	CATCCTTCAGAGAGCC-1	848	573	0.6757075471698113
GSM6339601	CATCCTTCAGGACCAA-1	1136	776	0.6830985915492958
GSM6339601	CATCCTTCAGGCATCT-1	1503	926	0.6161011310711909
GSM6339601	CATCGCTTCAAGGACA-1	10347	5558	0.5371605296221127
GSM6339601	CATCGCTTCACCGGTA-1	15633	12348	0.789867587795049
GSM6339601	CATCGCTTCCGCAAAT-1	5486	3213	0.585672621217645
GSM6339601	CATCGCTTCCGTTAAA-1	9174	5664	0.6173969914977109
GSM6339601	CATCGCTTCGGTAACT-1	13283	8314	0.6259128208988933
GSM6339601	CATGAGGCACAGAAAC-1	17748	12218	0.6884155961235069
GSM6339601	CATGAGGCACATAACT-1	3493	1913	0.5476667620956198
GSM6339601	CATGAGGCAGAGAGCC-1	4700	3022	0.6429787234042553
GSM6339601	CATGAGGCATGAATCT-1	9587	5123	0.5343694586419109
GSM6339601	CATGAGGCATTAGGCC-1	4827	2252	0.4665423658587114
GSM6339601	CATGCAAGTAGCCATA-1	4611	2575	0.5584471914985903
GSM6339601	CATGCAAGTCAGGCCA-1	6742	3598	0.53366953426283
GSM6339601	CATGCAAGTCTTACTA-1	9902	5678	0.5734195112098566
GSM6339601	CATGCAAGTTAGCATG-1	995	490	0.49246231155778897
GSM6339601	CATGCAAGTTGCATCT-1	24306	17947	0.7383773553855015
GSM6339601	CATGCATAGCTTATGA-1	2949	1845	0.6256358087487284
GSM6339601	CATGCATAGGCGCTTA-1	2176	1382	0.6351102941176471
GSM6339601	CATGCATAGTGAGCAA-1	6561	3262	0.49718030787989637
GSM6339601	CATGCATAGTGTTGTA-1	1239	551	0.4447134786117837
GSM6339601	CATGCATAGTTAACCA-1	10192	8073	0.7920918367346939
GSM6339601	CATGCATAGTTGTCCC-1	6590	3429	0.5203338391502276
GSM6339601	CATGCGCAGAGAGCCG-1	13571	7828	0.5768182153120625
GSM6339601	CATGCGCAGCGGTTAT-1	11532	6140	0.5324314949705168
GSM6339601	CATGCGCAGCTACTGG-1	2575	1241	0.48194174757281555
GSM6339601	CATGCGCAGGAACCGG-1	10275	7037	0.6848661800486618
GSM6339601	CATGCGCAGGTAACGA-1	5563	3328	0.5982383605968002
GSM6339601	CATGCGGGTGAGCACT-1	9395	6051	0.6440659925492284
GSM6339601	CATGCGGGTGATCATG-1	3464	2113	0.6099884526558892
GSM6339601	CATGCGGGTTAGAGCC-1	5231	2535	0.4846109730453068
GSM6339601	CATGCGGGTTCCTGAT-1	2574	1548	0.6013986013986014
GSM6339601	CATGCGGGTTGCTTCG-1	5957	3613	0.6065133456437805
GSM6339601	CATGCGGGTTGGTGAC-1	2711	1545	0.5699004057543342
GSM6339601	CATGGATTCAGTATTG-1	1019	609	0.5976447497546614
GSM6339601	CATGGATTCCCGTTAC-1	20419	16121	0.7895097703119643
GSM6339601	CATGGATTCGATTCTT-1	11834	7831	0.6617373669089065
GSM6339601	CATGGATTCGCTAGTG-1	3481	2620	0.7526572823901178
GSM6339601	CATGGATTCGGGCCAT-1	12645	8932	0.7063661526294979
GSM6339601	CATGGCGGTCTAACAG-1	1282	694	0.5413416536661466
GSM6339601	CATGGCGGTTAACAGT-1	1377	843	0.6122004357298475
GSM6339601	CATGGCGGTTGGTGAC-1	5985	3235	0.5405179615705932
GSM6339601	CATTATCTCAAACTCA-1	26379	17414	0.6601463285188977
GSM6339601	CATTATCTCAATGAGG-1	4292	2882	0.6714818266542405
GSM6339601	CATTATCTCACTTTAC-1	2733	1324	0.4844493230881815
GSM6339601	CATTATCTCAGCACCA-1	2728	1660	0.6085043988269795
GSM6339601	CATTATCTCATAACCA-1	9530	5600	0.5876180482686254
GSM6339601	CATTATCTCATTGTTC-1	7138	4197	0.5879798262818716
GSM6339601	CATTATCTCCTGGTCT-1	6556	4053	0.6182123245881636
GSM6339601	CATTATCTCCTTGAGG-1	6288	4801	0.7635178117048346
GSM6339601	CATTATCTCTACCTGC-1	13818	8640	0.6252713851498046
GSM6339601	CATTATGAGATGCCTG-1	12042	8351	0.6934894535791397
GSM6339601	CATTATGAGCTTATGA-1	10916	7041	0.6450164895566142
GSM6339601	CATTATGAGTTGGCCA-1	3841	2523	0.656860192658162
GSM6339601	CATTCATTCACCAATA-1	8531	5103	0.5981713749853476
GSM6339601	CATTCATTCATCCTAT-1	22274	22259	0.999326569094011
GSM6339601	CATTCATTCATTGACA-1	17657	15174	0.8593758849181627
GSM6339601	CATTCATTCCGGTTGA-1	9381	5841	0.6226415094339622
GSM6339601	CATTCATTCCTGGCTT-1	8165	6610	0.8095529699938763
GSM6339601	CATTCATTCGATAACC-1	3082	2228	0.7229072031148605
GSM6339601	CATTCATTCGTTATAG-1	7631	5110	0.6696370069453544
GSM6339601	CATTCATTCTAGCTTT-1	2398	1288	0.5371142618849041
GSM6339601	CATTCATTCTGGCAAT-1	24671	20131	0.8159782740869848
GSM6339601	CATTCCTCAAACTCAT-1	12335	6975	0.565464126469396
GSM6339601	CATTCCTCAACAGCCT-1	17510	13325	0.7609937178754997
GSM6339601	CATTCCTCAATAATGG-1	12541	8907	0.7102304441432102
GSM6339601	CATTCCTCAGAGGGAG-1	24065	21447	0.8912113027217952
GSM6339601	CATTCCTCATAAGCAA-1	19326	18174	0.940391182862465
GSM6339601	CATTGCGAGGGTCCAC-1	6401	3952	0.6174035306983284
GSM6339601	CATTGCGAGGTGAAGC-1	3303	1687	0.5107478050257341
GSM6339601	CATTGCGAGTAAACCC-1	9101	6324	0.69486869574772
GSM6339601	CATTGCGAGTAACGAG-1	7301	5175	0.7088070127379811
GSM6339601	CATTGTAAGAGAGGAG-1	7350	4649	0.632517006802721
GSM6339601	CATTGTAAGCAATAGG-1	14914	12292	0.8241920343301595
GSM6339601	CATTGTAAGCCGGTAC-1	15573	12242	0.7861041546265973
GSM6339601	CATTGTAAGGATCACT-1	2734	1969	0.7201901975128018
GSM6339601	CATTGTAAGGCTGGCT-1	2165	1139	0.5260969976905312
GSM6339601	CATTGTGCAACTGGCT-1	6454	3803	0.5892469786179114
GSM6339601	CATTGTGCAGCATGTC-1	24803	23841	0.9612143692295286
GSM6339601	CATTGTGCAGCTAACC-1	1166	618	0.5300171526586621
GSM6339601	CATTGTGCAGCTAATT-1	431	313	0.7262180974477959
GSM6339601	CATTGTGCAGGCGAGT-1	4756	3029	0.6368797308662741
GSM6339601	CATTGTGCAGGTTAAA-1	12764	7309	0.5726261360075211
GSM6339601	CATTGTGCATAAACCT-1	20450	15776	0.7714425427872861
GSM6339601	CATTGTGCATCCGTAA-1	6481	3293	0.5081006017589879
GSM6339601	CATTTGTTCCGTAAAC-1	15391	11055	0.7182769150802417
GSM6339601	CATTTGTTCGCTATAA-1	4520	3699	0.8183628318584071
GSM6339601	CATTTGTTCTTGAGGT-1	3405	2609	0.7662261380323054
GSM6339601	CCAAACCCACGTAAGG-1	10355	6540	0.631578947368421
GSM6339601	CCAAACCCAGCTAACC-1	6654	4405	0.6620078148482116
GSM6339601	CCAAACCCAGTAAAGC-1	15665	12125	0.7740185126077243
GSM6339601	CCAAACCCATTAAGCT-1	1556	804	0.5167095115681234
GSM6339601	CCAAACTAGCTATTGA-1	4884	2891	0.5919328419328419
GSM6339601	CCAAACTAGGGCTTTG-1	8062	5346	0.6631108905978665
GSM6339601	CCAAACTAGGTTACAC-1	8529	5696	0.6678391370617892
GSM6339601	CCAAACTAGTTAGTTG-1	6881	4490	0.6525214358378143
GSM6339601	CCAAATCAGGCGTAAA-1	16125	12212	0.7573333333333333
GSM6339601	CCAAATCAGGTGTCCA-1	9096	5097	0.5603562005277045
GSM6339601	CCAAATCAGGTTTGCG-1	8385	4981	0.5940369707811568
GSM6339601	CCAAATCAGTAGCTTA-1	14078	8204	0.5827532319931809
GSM6339601	CCAAATCAGTTAACCA-1	8652	5245	0.6062182154415164
GSM6339601	CCAAATCAGTTACCGG-1	3327	1920	0.5770964833183048
GSM6339601	CCAAATCAGTTCCTCA-1	11284	10272	0.9103154909606522
GSM6339601	CCAACATAGCTATTGA-1	6702	4486	0.669352432109818
GSM6339601	CCAACATAGGCTAAGA-1	5411	3724	0.6882276843467011
GSM6339601	CCAACATAGTCACTCC-1	674	464	0.6884272997032641
GSM6339601	CCAACCAAGCCTGATG-1	3876	1908	0.49226006191950467
GSM6339601	CCAACCAAGGACTAAG-1	1634	1021	0.6248470012239902
GSM6339601	CCAACCAAGGCAGGTG-1	15753	10122	0.642544277280518
GSM6339601	CCAACCAAGTTGTCCC-1	4413	2643	0.5989123045547247
GSM6339601	CCAACCCGTTAGTTGG-1	4158	2245	0.5399230399230399
GSM6339601	CCAAGGCTCATTATGG-1	844	372	0.44075829383886256
GSM6339601	CCAAGGCTCCGCCAAA-1	22924	17484	0.7626941196998779
GSM6339601	CCAAGTTAGCTATGAC-1	16912	12849	0.7597563859981078
GSM6339601	CCAAGTTAGGCCTTAG-1	10779	6982	0.6477409778272567
GSM6339601	CCAAGTTAGGCGGGTA-1	5214	3499	0.671077867280399
GSM6339601	CCAAGTTAGGCTAAGA-1	4758	2724	0.5725094577553594
GSM6339601	CCAAGTTAGGTAGCTT-1	8000	4282	0.53525
GSM6339601	CCAATATCAAACCCTA-1	5733	3702	0.6457352171637886
GSM6339601	CCAATATCAACTAGGG-1	16664	11913	0.7148943831012962
GSM6339601	CCAATATCAAGACTCC-1	9813	6756	0.6884744726383369
GSM6339601	CCAATATCAAGCGAGC-1	21712	13319	0.6134395725865881
GSM6339601	CCAATATCACAAAGCG-1	5019	2826	0.5630603705917513
GSM6339601	CCAATATCAGCTTAGC-1	8073	4780	0.5920971138362443
GSM6339601	CCAATATCAGTATGTT-1	8722	5330	0.6110983719330428
GSM6339601	CCAATATCATCAGTAT-1	9047	5400	0.5968829446225268
GSM6339601	CCACAATAGCAGCTCA-1	12836	6818	0.5311623558741041
GSM6339601	CCACAATAGCCTGATG-1	5669	2794	0.4928558828717587
GSM6339601	CCACAATAGGTCGATT-1	15655	9054	0.5783455764931332
GSM6339601	CCACAATAGTCACTAA-1	6350	3729	0.5872440944881889
GSM6339601	CCACAATAGTTAGACC-1	5902	4286	0.7261945103354795
GSM6339601	CCACACAAGCCTTAAA-1	6118	3074	0.502451781627983
GSM6339601	CCACACAAGGCATGAA-1	6258	3442	0.5500159795461809
GSM6339601	CCACACAAGTAACGAG-1	11838	8075	0.6821253590133468
GSM6339601	CCACAGGGTCGCGCAA-1	10117	8370	0.8273203518829693
GSM6339601	CCACAGGGTGACATAT-1	7314	3783	0.5172272354388844
GSM6339601	CCACAGGGTTAATGCG-1	5222	2875	0.5505553427805439
GSM6339601	CCACATTGTAATCGGC-1	1784	1231	0.6900224215246636
GSM6339601	CCACATTGTCAATGTG-1	1661	974	0.5863937387116195
GSM6339601	CCACATTGTGCTGGTG-1	2315	1568	0.6773218142548596
GSM6339601	CCACATTGTGGATTAT-1	9821	6007	0.6116485082985439
GSM6339601	CCACATTGTGTGCAAC-1	2578	1550	0.6012412723041117
GSM6339601	CCACATTGTTGAGCCG-1	14229	9116	0.6406634338323143
GSM6339601	CCACTTGGTAGCCTCC-1	5419	3128	0.5772282708986898
GSM6339601	CCAGACTCACGAATTT-1	13892	9555	0.6878059314713504
GSM6339601	CCAGACTCAGGTTTGC-1	619	366	0.5912762520193862
GSM6339601	CCAGCCTGTAACGAGG-1	1020	803	0.7872549019607843
GSM6339601	CCAGCCTGTAAGCACC-1	15503	11880	0.7663032961362317
GSM6339601	CCAGCCTGTATTCGCT-1	5376	3439	0.6396949404761905
GSM6339601	CCAGCCTGTCATCCTG-1	12646	9194	0.727028309346829
GSM6339601	CCAGCCTGTGGAAGGC-1	3814	1915	0.5020975353959098
GSM6339601	CCAGCCTGTGTCCAAA-1	3102	1487	0.47936814958091556
GSM6339601	CCAGCCTGTGTCCTGC-1	9508	6350	0.6678586453512831
GSM6339601	CCAGCCTGTTGTAACG-1	24704	25225	1.021089702072539
GSM6339601	CCAGCCTGTTTAACGG-1	9896	7783	0.7864793856103476
GSM6339601	CCAGCTAAGCAACATC-1	2172	2079	0.9571823204419889
GSM6339601	CCAGCTAAGCCAGGTC-1	2298	1691	0.7358572671888599
GSM6339601	CCAGCTAAGGCTATGT-1	1404	716	0.50997150997151
GSM6339601	CCAGCTAAGGGTGAAC-1	6805	4044	0.5942689199118295
GSM6339601	CCAGCTGCAAGGTCGA-1	496	259	0.5221774193548387
GSM6339601	CCAGCTGCATGTTGGC-1	995	538	0.5407035175879397
GSM6339601	CCAGGAACACACCAAC-1	9320	5340	0.572961373390558
GSM6339601	CCAGGAACACCCACAG-1	10391	8010	0.770859397555577
GSM6339601	CCAGGAACAGTACCGT-1	12215	9633	0.7886205485059353
GSM6339601	CCAGGAACAGTTTCTC-1	16434	10489	0.6382499695752708
GSM6339601	CCAGGATGTCACGGAT-1	2392	1884	0.7876254180602007
GSM6339601	CCAGGATGTGCCTCAC-1	13904	12425	0.8936277330264673
GSM6339601	CCAGGATGTGCGCAAT-1	20403	11875	0.5820222516296623
GSM6339601	CCAGGATGTGTCCAGG-1	4135	2146	0.5189842805320435
GSM6339601	CCAGGATGTTAGGTGC-1	2616	1566	0.5986238532110092
GSM6339601	CCAGTTTGTCACAGAC-1	5545	3581	0.6458070333633904
GSM6339601	CCAGTTTGTTACAAAC-1	6722	4119	0.6127640583159774
GSM6339601	CCAGTTTGTTACGCAA-1	2801	1798	0.6419136022848982
GSM6339601	CCAGTTTGTTACTTCA-1	3999	2232	0.5581395348837209
GSM6339601	CCATAAATCACGCGGT-1	5438	3925	0.7217727105553512
GSM6339601	CCATAAATCAGGTTTA-1	12958	9441	0.7285846581262541
GSM6339601	CCATAAATCCCATAAA-1	3092	1725	0.5578913324708926
GSM6339601	CCATAAATCCCGTTAC-1	18106	12735	0.7033580028719761
GSM6339601	CCATAAATCCCTTGCG-1	16429	12092	0.7360155822022034
GSM6339601	CCATAAGGTCCTTCAG-1	3191	2091	0.6552804763397054
GSM6339601	CCATAAGGTGGTGAGA-1	16893	8935	0.5289173030249216
GSM6339601	CCATAAGGTGTCCAAA-1	1514	958	0.6327608982826949
GSM6339601	CCATAAGGTGTTGTAG-1	20781	15544	0.7479909532746258
GSM6339601	CCATAAGGTGTTTGCT-1	10517	6920	0.6579823143481982
GSM6339601	CCATAAGGTTTGAGCA-1	1316	1029	0.7819148936170213
GSM6339601	CCATAATCAACCCTCC-1	16818	13295	0.7905220596979426
GSM6339601	CCATAATCAAGGTCCT-1	15225	9012	0.5919211822660099
GSM6339601	CCATAATCAATTAACC-1	9061	6618	0.7303829599381967
GSM6339601	CCATAATCACCTGTAA-1	10866	8329	0.7665194183692251
GSM6339601	CCATAATCAGCAATAA-1	2731	1627	0.5957524716221164
GSM6339601	CCATAATCATATTGAC-1	2789	1463	0.5245607744711366
GSM6339601	CCATAATCATCCTAGA-1	12795	7893	0.6168815943728019
GSM6339601	CCATAGCCAACACCTA-1	1602	1051	0.6560549313358303
GSM6339601	CCATAGCCAAGGTACG-1	15148	13300	0.878003696857671
GSM6339601	CCATAGCCAATCATGT-1	2290	1136	0.4960698689956332
GSM6339601	CCATAGCCAGGCTAGA-1	3884	2291	0.5898558187435633
GSM6339601	CCATAGCCATGCTCCC-1	689	323	0.46879535558780844
GSM6339601	CCATATTTCCGCCAAA-1	5393	3503	0.6495457073984795
GSM6339601	CCATATTTCCTGTTCA-1	4159	3369	0.8100504929069487
GSM6339601	CCATATTTCGGTCAGC-1	1128	782	0.6932624113475178
GSM6339601	CCATCACTCCGGCTAA-1	11438	6559	0.5734394124847001
GSM6339601	CCATCACTCCTAAATG-1	6375	3420	0.5364705882352941
GSM6339601	CCATCACTCCTGCGAA-1	1585	718	0.4529968454258675
GSM6339601	CCATCACTCCTTGAGG-1	1595	1547	0.9699059561128527
GSM6339601	CCATCATGTATTGAGT-1	5326	2854	0.5358618099887346
GSM6339601	CCATCATGTCATAGAT-1	14369	9407	0.6546732549237942
GSM6339601	CCATCATGTGCACGCA-1	7007	5018	0.7161410018552876
GSM6339601	CCATCATGTGTGTGGT-1	14271	11866	0.8314764207133347
GSM6339601	CCATCATGTTACATCC-1	9535	6294	0.6600943890928159
GSM6339601	CCATCATGTTAGGTTG-1	5614	3415	0.6083006768792305
GSM6339601	CCATCATGTTTGCAGA-1	12901	10457	0.8105573211378962
GSM6339601	CCATTGTGTCAGTAAT-1	7297	4815	0.65986021652734
GSM6339601	CCATTGTGTCCCGAAG-1	9682	5738	0.592646147490188
GSM6339601	CCATTGTGTTATTGCC-1	3004	1827	0.6081890812250332
GSM6339601	CCATTGTGTTGAGGTC-1	2641	1355	0.5130632336236274
GSM6339601	CCATTGTGTTGCATCT-1	7128	4478	0.628226711560045
GSM6339601	CCATTGTGTTGGCCGA-1	5788	3765	0.6504837595024188
GSM6339601	CCATTGTGTTTAACGG-1	5597	3019	0.5393961050562801
GSM6339601	CCCAAACCAATACTGT-1	18046	15279	0.8466696220769145
GSM6339601	CCCAAACCAATGAAGC-1	8359	5317	0.6360808709175739
GSM6339601	CCCAAACCACAGAAAC-1	5259	2758	0.5244343030994486
GSM6339601	CCCAAACCACTGACCG-1	2095	1234	0.5890214797136039
GSM6339601	CCCAAACCAGTCTATG-1	21738	16013	0.7366363050878646
GSM6339601	CCCAAACCATTGTGCA-1	25269	16421	0.6498476394000554
GSM6339601	CCCAAACCATTGTGTG-1	6794	3574	0.5260523991757433
GSM6339601	CCCAAATAGGAGCATA-1	3538	1926	0.5443753533069531
GSM6339601	CCCAAATAGTCATTAG-1	9371	5610	0.5986554263152278
GSM6339601	CCCAAATAGTGAGGTA-1	9164	5695	0.6214535137494543
GSM6339601	CCCAACCGTAACCTAG-1	1440	839	0.5826388888888889
GSM6339601	CCCAACCGTCAAGTGC-1	12944	13032	1.0067985166872682
GSM6339601	CCCAACCGTCCACAAA-1	2062	1160	0.562560620756547
GSM6339601	CCCAACCGTGGACATC-1	15116	12019	0.7951177560201111
GSM6339601	CCCAACCGTGTGAGGA-1	2785	1626	0.5838420107719928
GSM6339601	CCCAACCGTTAGGTGC-1	475	227	0.47789473684210526
GSM6339601	CCCAACCGTTGTAAAC-1	11952	6704	0.5609103078982597
GSM6339601	CCCAATTGTACGATTG-1	896	599	0.6685267857142857
GSM6339601	CCCAATTGTAGTTAAC-1	11221	7918	0.7056412084484449
GSM6339601	CCCAATTGTGATCATG-1	4295	2952	0.6873108265424913
GSM6339601	CCCAATTGTTACCGGG-1	7007	4201	0.5995433138290281
GSM6339601	CCCAATTGTTTGCAGA-1	10655	6640	0.6231816048803379
GSM6339601	CCCAGCACAAAGGTAC-1	704	359	0.5099431818181818
GSM6339601	CCCAGCACAACAGCCT-1	16612	11402	0.6863712978569708
GSM6339601	CCCAGCACACAGAACG-1	8187	4407	0.5382924148039575
GSM6339601	CCCAGCACAGGTATTT-1	13699	10504	0.7667712971749763
GSM6339601	CCCAGCACAGTCTAAT-1	3651	2109	0.5776499589153656
GSM6339601	CCCAGTTTCAATGTGC-1	15970	14657	0.9177833437695679
GSM6339601	CCCAGTTTCCTGGCTT-1	2591	1256	0.48475492087996913
GSM6339601	CCCAGTTTCGTTTCTG-1	3350	1778	0.5307462686567164
GSM6339601	CCCAGTTTCTAATCCT-1	12990	8661	0.666743648960739
GSM6339601	CCCGCAACAACATAAG-1	17513	11810	0.6743561925426825
GSM6339601	CCCGCAACAACCTGGT-1	8670	4944	0.5702422145328719
GSM6339601	CCCGCAACAGTCTAAT-1	4638	2747	0.5922811556705476
GSM6339601	CCCGCAACATAGCAGG-1	9622	7623	0.7922469341093328
GSM6339601	CCCGCAACATTATGGT-1	20624	18739	0.9086016291698992
GSM6339601	CCCGCTTCAGGAATCG-1	11448	8077	0.7055380852550663
GSM6339601	CCCGCTTCAGGCTGTT-1	2976	1506	0.5060483870967742
GSM6339601	CCCGTAAAGGTCCACA-1	3142	1580	0.5028644175684277
GSM6339601	CCCGTAAAGTAACAGG-1	17110	12778	0.7468147282291058
GSM6339601	CCCGTTGTCAGTGAAG-1	9022	4784	0.5302593659942363
GSM6339601	CCCGTTGTCTCAATGA-1	17668	14280	0.8082408874801902
GSM6339601	CCCGTTGTCTCACACC-1	10629	5792	0.5449242638065669
GSM6339601	CCCTAATGTAATGGAA-1	2827	1509	0.5337813937035727
GSM6339601	CCCTAATGTAATTAGC-1	6156	3812	0.6192332683560754
GSM6339601	CCCTAATGTCATAACG-1	7151	5347	0.7477275905467766
GSM6339601	CCCTAATGTGTCCAGG-1	9586	6813	0.7107239724598373
GSM6339601	CCCTCACCACAAACTT-1	7013	3683	0.525167545986026
GSM6339601	CCCTCACCACAACAAA-1	12009	8001	0.6662503122658007
GSM6339601	CCCTCACCATAACGGG-1	10107	6945	0.6871475215197388
GSM6339601	CCCTCACCATCCGTAA-1	5870	3524	0.6003407155025554
GSM6339601	CCCTCACCATTATGCG-1	10775	6605	0.6129930394431554
GSM6339601	CCCTCAGTCACAGCGC-1	6628	3597	0.5426976463488232
GSM6339601	CCCTCAGTCCTGAGTG-1	5542	3118	0.5626127751714183
GSM6339601	CCCTCAGTCGCTAAAC-1	794	457	0.575566750629723
GSM6339601	CCCTCAGTCTAATCAG-1	5905	3314	0.5612193056731584
GSM6339601	CCCTCAGTCTCGACCT-1	11440	6399	0.5593531468531469
GSM6339601	CCCTCAGTCTTAGTGA-1	18992	15747	0.8291385846672283
GSM6339601	CCCTCATAGACACCGC-1	12041	6341	0.5266173905821776
GSM6339601	CCCTCATAGCAAGATG-1	4491	2330	0.5188154085949677
GSM6339601	CCCTCATAGCATTAGC-1	20156	13990	0.6940861282000397
GSM6339601	CCCTCATAGCGCAATT-1	12296	7822	0.6361418347430059
GSM6339601	CCCTCATAGCGCCTTT-1	6562	4213	0.6420298689423957
GSM6339601	CCCTCATAGGAGCAAC-1	22905	13674	0.5969875573018991
GSM6339601	CCCTCATAGGCTTAAC-1	13758	9419	0.6846198575374328
GSM6339601	CCCTCATAGGTCTTGG-1	6833	4361	0.6382262549392653
GSM6339601	CCCTCATAGGTGCTGC-1	23516	16805	0.7146198333049838
GSM6339601	CCCTCATAGGTTAGCT-1	5575	3833	0.6875336322869955
GSM6339601	CCCTCATAGTGACCTG-1	7499	4838	0.6451526870249367
GSM6339601	CCCTGGACAACTAGAA-1	17201	13312	0.7739084936922273
GSM6339601	CCCTGGACAATGCCCG-1	12632	7638	0.6046548448385054
GSM6339601	CCCTGGACACCAGGTT-1	11417	6626	0.5803626171498643
GSM6339601	CCCTGGACAGCGCTTG-1	19495	18053	0.926032315978456
GSM6339601	CCCTGGACAGGCCAAA-1	8483	4891	0.5765648944948721
GSM6339601	CCCTGGACAGGCCATT-1	9812	7275	0.7414390542193233
GSM6339601	CCCTGGACATAGCGAG-1	20916	17854	0.8536048957735705
GSM6339601	CCCTGTTAGCACCACA-1	2338	1301	0.5564585115483319
GSM6339601	CCCTGTTAGGGTTATC-1	25030	18988	0.7586096683979225
GSM6339601	CCCTGTTAGTTATTCC-1	3861	1837	0.4757834757834758
GSM6339601	CCCTGTTAGTTTAACG-1	1680	1254	0.7464285714285714
GSM6339601	CCCTGTTAGTTTGGTA-1	11099	8191	0.7379944139111632
GSM6339601	CCCTTAATCACAGCGC-1	17829	11490	0.6444556621235067
GSM6339601	CCCTTAATCAGGTTTA-1	5179	3129	0.604170689322263
GSM6339601	CCCTTAATCCTAGTTT-1	13689	9150	0.6684198991891299
GSM6339601	CCCTTAATCTTTGACT-1	10066	6067	0.6027220345718259
GSM6339601	CCGACAGGTAACGTGC-1	19492	13531	0.6941822286066078
GSM6339601	CCGACAGGTAACTACG-1	7952	6034	0.7588028169014085
GSM6339601	CCGACAGGTAGCTAAT-1	1599	953	0.5959974984365228
GSM6339601	CCGACAGGTCCTCCAA-1	554	262	0.4729241877256318
GSM6339601	CCGACAGGTGAATCGC-1	6418	5683	0.8854783421626675
GSM6339601	CCGACAGGTGCTTAGA-1	7000	5414	0.7734285714285715
GSM6339601	CCGACAGGTTGTAACG-1	1712	1151	0.6723130841121495
GSM6339601	CCGACAGGTTGTTCAC-1	5022	4116	0.8195937873357229
GSM6339601	CCGATGCAGCGCCTAA-1	4592	6430	1.4002613240418118
GSM6339601	CCGATGCAGGACCTGC-1	7679	4877	0.6351087381169424
GSM6339601	CCGATGCAGTATTGCA-1	13634	10594	0.7770280181898196
GSM6339601	CCGATGCAGTGACCTG-1	942	578	0.613588110403397
GSM6339601	CCGATGCAGTTTGCGG-1	7573	5599	0.7393371187112109
GSM6339601	CCGCAAATCAGGCTAT-1	5832	2927	0.5018861454046639
GSM6339601	CCGCAAATCATGCGTG-1	21300	14339	0.6731924882629108
GSM6339601	CCGCAAATCGATTATG-1	6103	2905	0.4759954120924136
GSM6339601	CCGCAAATCGCTAAAC-1	19448	12112	0.6227889757301522
GSM6339601	CCGCAAATCTCACAAA-1	6123	3540	0.5781479666829985
GSM6339601	CCGCAAATCTCACACC-1	10064	6191	0.6151629570747218
GSM6339601	CCGCAAATCTTAATGG-1	24079	23302	0.9677312180738403
GSM6339601	CCGCAAGGTACAATGT-1	8743	4840	0.5535857257234359
GSM6339601	CCGCAAGGTAGGTTGC-1	2569	1787	0.6956014013234721
GSM6339601	CCGCAAGGTGTCCTGC-1	14655	10883	0.7426134425110884
GSM6339601	CCGCAAGGTTTATCGC-1	11835	7779	0.6572877059569074
GSM6339601	CCGCAAGGTTTCCTCC-1	4901	2925	0.596816976127321
GSM6339601	CCGCAAGGTTTGTGGA-1	14549	11410	0.7842463399546361
GSM6339601	CCGCACACAACTAGGG-1	15287	10174	0.665532805651861
GSM6339601	CCGCACACAAGCTTAT-1	4975	2598	0.5222110552763819
GSM6339601	CCGCACACACAGCCTG-1	3213	1558	0.48490507314036724
GSM6339601	CCGCACACAGTACCGT-1	9108	4391	0.4821036451471234
GSM6339601	CCGCCAACAAGTCGCT-1	7303	4348	0.5953717650280707
GSM6339601	CCGCCAACACCGTTCC-1	3356	3111	0.9269964243146603
GSM6339601	CCGCCAACAGAAACGT-1	1039	590	0.5678537054860443
GSM6339601	CCGCTAAAGGCTAAGA-1	9899	6582	0.664915648045257
GSM6339601	CCGCTAAAGGCTTAGT-1	3249	1784	0.549092028316405
GSM6339601	CCGCTAGCAGTACCGT-1	4520	2368	0.5238938053097345
GSM6339601	CCGCTTAGTCCTTCAG-1	10508	8184	0.7788351732013704
GSM6339601	CCGCTTAGTGAGCGAA-1	6407	3996	0.623692835960668
GSM6339601	CCGCTTAGTGGTTATG-1	20789	13014	0.6260041368031171
GSM6339601	CCGGTAGGTAACGGGA-1	8502	4867	0.5724535403434486
GSM6339601	CCGGTAGGTCACGAAC-1	2731	1932	0.7074331746612962
GSM6339601	CCGGTAGGTCCTAGTT-1	3383	1749	0.5169967484481229
GSM6339601	CCGGTAGGTTGTTGCT-1	5215	2540	0.48705656759348037
GSM6339601	CCGGTTAAGAAAGCAT-1	20984	15766	0.7513343499809378
GSM6339601	CCGGTTAAGCTGGAAA-1	8458	4930	0.58288011350201
GSM6339601	CCGGTTAAGGAGTCGG-1	7936	4359	0.5492691532258065
GSM6339601	CCGGTTAAGGCTTAAC-1	4511	2501	0.5544225227222346
GSM6339601	CCGGTTAAGTAGCCAT-1	18405	12816	0.6963325183374083
GSM6339601	CCGTGCTGTGCTAGCG-1	4523	2325	0.5140393544107893
GSM6339601	CCGTGCTGTGGAAACG-1	4285	2187	0.5103850641773628
GSM6339601	CCGTGCTGTTAGCCAA-1	4212	2207	0.5239791073124407
GSM6339601	CCGTTAACAATTGAAG-1	8267	3919	0.4740534655860651
GSM6339601	CCGTTAACACTCAACA-1	7443	3726	0.5006045949214026
GSM6339601	CCGTTAACACTGGCCA-1	6653	4357	0.654892529685856
GSM6339601	CCGTTAACAGTCTAAT-1	1575	779	0.4946031746031746
GSM6339601	CCGTTACTCATAACCA-1	7478	5298	0.7084782027280021
GSM6339601	CCGTTACTCCGTGACA-1	5052	3480	0.6888361045130641
GSM6339601	CCGTTACTCGAGGAGT-1	9965	6112	0.6133467134972403
GSM6339601	CCGTTATGTCAATACG-1	10130	6361	0.6279368213228036
GSM6339601	CCGTTATGTGATTTGG-1	20304	14811	0.7294621749408984
GSM6339601	CCGTTGCGTGAGACTC-1	11118	6683	0.6010973196618097
GSM6339601	CCGTTGCGTTTGGCGG-1	2599	1662	0.6394767218160831
GSM6339601	CCGTTTGGTCCGCTGT-1	5012	2800	0.5586592178770949
GSM6339601	CCGTTTGGTGATTTGG-1	19456	12348	0.6346628289473685
GSM6339601	CCGTTTGGTGGAAGGC-1	13944	9636	0.6910499139414802
GSM6339601	CCGTTTGGTGTTGCTT-1	4182	2125	0.508130081300813
GSM6339601	CCGTTTGGTTCATCTA-1	6036	3546	0.5874751491053678
GSM6339601	CCGTTTGGTTGCATCT-1	7123	4762	0.6685385371332304
GSM6339601	CCGTTTGGTTTAGCGA-1	15046	13543	0.9001063405556294
GSM6339601	CCGTTTGGTTTGGGTA-1	4959	2837	0.5720911474087518
GSM6339601	CCTAAAGGTAATGGAA-1	2361	1336	0.5658619229140195
GSM6339601	CCTAAAGGTGGATTCA-1	4966	2414	0.48610551751913006
GSM6339601	CCTAAATCAAGGTCCT-1	2030	1025	0.5049261083743842
GSM6339601	CCTAAATCAATAATGG-1	12803	8498	0.6637506834335702
GSM6339601	CCTAAATCACAAAGAC-1	11785	6879	0.5837081035214255
GSM6339601	CCTAAATCACGAACAG-1	1443	843	0.5841995841995842
GSM6339601	CCTAAATCAGAGGCTA-1	2112	1139	0.5392992424242424
GSM6339601	CCTAAATCAGGAACTG-1	8898	5308	0.596538547988312
GSM6339601	CCTAAATCAGGCATCT-1	17645	14800	0.8387645225276282
GSM6339601	CCTAAATCATTGACAT-1	7095	4343	0.6121212121212121
GSM6339601	CCTAAGCCAACTAGGG-1	6161	3829	0.6214900178542444
GSM6339601	CCTAAGCCAAGCTAAA-1	5201	3247	0.6243030186502596
GSM6339601	CCTAAGCCAAGGTATA-1	732	469	0.6407103825136612
GSM6339601	CCTAAGCCAATACTGT-1	2430	1392	0.5728395061728395
GSM6339601	CCTAAGCCACAACCTA-1	10627	6807	0.6405382516232239
GSM6339601	CCTAAGCCAGCTTACA-1	9991	6695	0.6701030927835051
GSM6339601	CCTAAGCCATCATGGC-1	10530	7237	0.6872744539411206
GSM6339601	CCTAAGGTCAAGCCTG-1	8939	6170	0.690233806913525
GSM6339601	CCTAAGGTCAGGCCTA-1	10288	5920	0.5754276827371695
GSM6339601	CCTAAGGTCATGGCTG-1	6699	3723	0.5557545902373489
GSM6339601	CCTAAGGTCATTGTCT-1	5928	3947	0.6658232118758435
GSM6339601	CCTAAGGTCCCAGTAG-1	1852	821	0.44330453563714906
GSM6339601	CCTAAGGTCCTCACTA-1	14272	10801	0.7567965246636771
GSM6339601	CCTAAGGTCCTTTACG-1	8697	4913	0.5649074393469012
GSM6339601	CCTAAGGTCGCTATGG-1	5328	3099	0.5816441441441441
GSM6339601	CCTAAGGTCGGGACTC-1	20930	15766	0.7532728141423793
GSM6339601	CCTAAGGTCTAAATCG-1	8692	5122	0.5892774965485504
GSM6339601	CCTAAGTAGATACTTG-1	815	538	0.660122699386503
GSM6339601	CCTAAGTAGATGCCTG-1	6629	3678	0.5548348167144366
GSM6339601	CCTAAGTAGTCAATCA-1	11557	10071	0.8714199186640131
GSM6339601	CCTAAGTAGTGAGCAA-1	12887	10836	0.8408473655621944
GSM6339601	CCTAAGTAGTGTTGCG-1	4808	2431	0.5056156405990017
GSM6339601	CCTAAGTAGTTAGAGG-1	7995	3890	0.48655409631019386
GSM6339601	CCTAATAAGAGAAGGG-1	10971	6352	0.578980949776684
GSM6339601	CCTAATAAGCCTCTGT-1	7219	3862	0.5349771436487049
GSM6339601	CCTAATAAGCCTGACA-1	20243	13997	0.6914488959146372
GSM6339601	CCTAATAAGGATAAAC-1	26289	20407	0.7762562288409601
GSM6339601	CCTAATAAGGGTGGAT-1	9770	5985	0.612589559877175
GSM6339601	CCTAATAAGGTAAGGC-1	3360	1983	0.5901785714285714
GSM6339601	CCTAATAAGTAAGGGC-1	856	584	0.6822429906542056
GSM6339601	CCTAATAAGTCAGGCC-1	2383	1380	0.5791019723038188
GSM6339601	CCTAATCGTAACCTAG-1	10536	9810	0.9310933940774487
GSM6339601	CCTAATCGTAGCAGCT-1	4758	2855	0.600042034468264
GSM6339601	CCTAATCGTGAGCACT-1	21433	12807	0.5975365091214483
GSM6339601	CCTAATCGTGAGCGAA-1	13924	9075	0.6517523700086182
GSM6339601	CCTAATCGTGGAAACG-1	15603	12186	0.7810036531436262
GSM6339601	CCTAATCGTTCGGTAA-1	25950	18380	0.7082851637764933
GSM6339601	CCTAATCGTTGGCGTG-1	19369	12834	0.6626051938664876
GSM6339601	CCTAATCGTTTGAGGC-1	5605	3937	0.7024085637823372
GSM6339601	CCTAATCGTTTGTCTA-1	775	377	0.4864516129032258
GSM6339601	CCTACTGGTAATCACG-1	7922	5591	0.7057561221913659
GSM6339601	CCTACTGGTACAATGT-1	2015	1242	0.6163771712158809
GSM6339601	CCTACTGGTATGGTGC-1	11077	8032	0.7251060756522524
GSM6339601	CCTACTGGTGCTTTAC-1	6454	4184	0.6482801363495506
GSM6339601	CCTACTGGTGGACATC-1	1014	529	0.5216962524654832
GSM6339601	CCTACTGGTGTTTGAG-1	4394	2352	0.535275375512062
GSM6339601	CCTACTGGTTACGCGG-1	1518	932	0.613965744400527
GSM6339601	CCTACTGGTTCTTTAG-1	8388	4722	0.5629470672389127
GSM6339601	CCTACTTCAGTAAAGC-1	5433	3180	0.5853119823302043
GSM6339601	CCTAGTTGTAAATTGC-1	7570	3650	0.4821664464993395
GSM6339601	CCTAGTTGTACTTCAC-1	18718	15920	0.8505182177583075
GSM6339601	CCTAGTTGTAGCCATA-1	3034	1589	0.523731048121292
GSM6339601	CCTAGTTGTAGGATCC-1	3538	2159	0.610231769361221
GSM6339601	CCTAGTTGTCCTCCAA-1	6602	4399	0.6663132384126023
GSM6339601	CCTAGTTGTGTTAAAC-1	7735	4636	0.5993535875888817
GSM6339601	CCTAGTTGTTTACTTG-1	6661	3778	0.5671821047890707
GSM6339601	CCTATAGCAAGGTAAC-1	10484	8175	0.7797596337275849
GSM6339601	CCTATAGCATGAGTTT-1	3202	1726	0.5390381011867583
GSM6339601	CCTATAGCATGGCCCA-1	17223	13151	0.763571967717587
GSM6339601	CCTATATTCGAAGTGA-1	3726	2329	0.6250670960815888
GSM6339601	CCTATATTCGATTATG-1	11069	7214	0.6517300569157105
GSM6339601	CCTATATTCGCACAAT-1	11489	8800	0.7659500391678997
GSM6339601	CCTATATTCGCTAAGT-1	15039	11415	0.7590265310193497
GSM6339601	CCTATTGTCAACAAGG-1	26413	18864	0.7141937682201946
GSM6339601	CCTATTGTCAGCACGC-1	5837	3325	0.569641939352407
GSM6339601	CCTATTGTCATGGTTA-1	16178	15457	0.9554333044875757
GSM6339601	CCTATTGTCATTTGTC-1	8815	6206	0.7040272263187748
GSM6339601	CCTATTTAGAAGGTGC-1	8035	4933	0.6139390168014934
GSM6339601	CCTATTTAGCCTGACA-1	10698	7348	0.6868573565152365
GSM6339601	CCTATTTAGCCTGGTA-1	19118	15226	0.7964222198974789
GSM6339601	CCTATTTAGGAACCAA-1	11999	6217	0.5181265105425452
GSM6339601	CCTATTTAGGCTGTGC-1	12377	6525	0.5271875252484447
GSM6339601	CCTATTTAGGTGAAAT-1	10917	7471	0.6843455161674453
GSM6339601	CCTATTTAGTCATCCC-1	22278	19010	0.8533081964269683
GSM6339601	CCTCAAACAATATGGA-1	4966	3659	0.7368103101087394
GSM6339601	CCTCAAACAGGATTAA-1	2811	2124	0.7556029882604055
GSM6339601	CCTCAAACATAACGGG-1	19129	15462	0.808301531705787
GSM6339601	CCTCAAACATAAGCAA-1	10738	7815	0.7277891599925498
GSM6339601	CCTCAAACATAATCCG-1	2815	2046	0.7268206039076377
GSM6339601	CCTCAATGTAGGTGTC-1	4481	2812	0.6275384958714573
GSM6339601	CCTCAATGTAGTTAAC-1	3139	1566	0.4988849952214081
GSM6339601	CCTCAATGTCCTTCAG-1	8034	5329	0.6633059497137167
GSM6339601	CCTCAATGTGAGCACT-1	9312	6510	0.6990979381443299
GSM6339601	CCTCAATGTGATTTGG-1	4746	2796	0.5891276864728192
GSM6339601	CCTCAATGTTAAGCCA-1	796	366	0.45979899497487436
GSM6339601	CCTCAATGTTGCACAA-1	400	286	0.715
GSM6339601	CCTCAGTTCCAACTGG-1	9138	7447	0.8149485664259137
GSM6339601	CCTCAGTTCCCTCAGT-1	12016	8329	0.6931591211717709
GSM6339601	CCTCAGTTCTAAGTGC-1	13746	11240	0.8176924196129783
GSM6339601	CCTCCTCTCACTTCAT-1	840	666	0.7928571428571428
GSM6339601	CCTCCTCTCATCCTAT-1	20976	17786	0.8479214340198322
GSM6339601	CCTCCTCTCCTTGTTG-1	7527	3456	0.45914707054603426
GSM6339601	CCTCCTCTCGAAGCGG-1	15010	8841	0.5890073284477015
GSM6339601	CCTCCTCTCGATATTG-1	4943	2409	0.48735585676714543
GSM6339601	CCTCCTCTCTACCTCA-1	4922	3470	0.7049979683055668
GSM6339601	CCTCCTCTCTGGCAAT-1	4736	2708	0.5717905405405406
GSM6339601	CCTCCTGAGACACTTA-1	2052	1632	0.7953216374269005
GSM6339601	CCTCCTGAGGTCATTA-1	4188	1945	0.46442215854823304
GSM6339601	CCTCCTGAGTTGTCCC-1	3014	1633	0.5418049104180491
GSM6339601	CCTGACTTCAAGCTAC-1	7387	4462	0.604034113984026
GSM6339601	CCTGACTTCACAGCCA-1	8077	6969	0.8628203540918657
GSM6339601	CCTGACTTCACGAATC-1	5835	3445	0.5904027420736933
GSM6339601	CCTGACTTCAGGAAGC-1	2201	1283	0.582916855974557
GSM6339601	CCTGACTTCCTCACTA-1	13570	11381	0.8386882829771555
GSM6339601	CCTGACTTCTTGCTAT-1	1468	923	0.6287465940054496
GSM6339601	CCTGAGTCAGCATGTC-1	9037	5986	0.6623879606063959
GSM6339601	CCTGAGTCAGCCGCTA-1	12902	9572	0.7419004805456518
GSM6339601	CCTGAGTCAGGCGATA-1	4892	2157	0.4409239574816026
GSM6339601	CCTGAGTCATCCAGGT-1	6276	3561	0.5673996175908221
GSM6339601	CCTGAGTCATCGCTCC-1	5066	2793	0.5513225424397947
GSM6339601	CCTGATGAGCACGATT-1	5845	3361	0.5750213857998289
GSM6339601	CCTGATGAGCCAGTAT-1	2048	1482	0.7236328125
GSM6339601	CCTGATGAGCTATGAC-1	19061	12823	0.6727349037301296
GSM6339601	CCTGATGAGGGTCTAT-1	6037	3670	0.6079178399867484
GSM6339601	CCTGATGAGTTAGGCT-1	10016	8089	0.8076078274760383
GSM6339601	CCTGCTCCAACTAGCC-1	3507	1851	0.5278015397775877
GSM6339601	CCTGCTCCACGAATCC-1	4243	2808	0.6617958991279755
GSM6339601	CCTGCTCCATACTCCT-1	1078	728	0.6753246753246753
GSM6339601	CCTGCTCCATCAGTAT-1	9496	5563	0.5858256107834878
GSM6339601	CCTGGATCAAACGCGA-1	24413	19031	0.7795436857412035
GSM6339601	CCTGGATCAGAAATGC-1	9182	5570	0.6066216510564147
GSM6339601	CCTGGATCAGCAACAG-1	12406	7017	0.5656134128647429
GSM6339601	CCTGGTAAGAAGGTGC-1	16014	10054	0.6278256525540152
GSM6339601	CCTGGTAAGAGGAGTC-1	4634	2857	0.6165299956840742
GSM6339601	CCTGGTAAGCACAGGG-1	6039	3131	0.5184633217420103
GSM6339601	CCTGGTAAGCGCCTTT-1	567	348	0.6137566137566137
GSM6339601	CCTGGTAAGGCATGTT-1	4567	2723	0.5962338515436829
GSM6339601	CCTGGTAAGTAGGATG-1	5209	2652	0.509118832789403
GSM6339601	CCTGTAACAGGCGAGT-1	3827	2319	0.6059576691925791
GSM6339601	CCTGTAACATCATGTG-1	15730	12915	0.8210425937698665
GSM6339601	CCTGTAACATTGCGTA-1	6669	6160	0.9236767131503973
GSM6339601	CCTGTATGTAATTAGC-1	5501	3263	0.5931648791128886
GSM6339601	CCTGTATGTATTGAGT-1	5523	3507	0.6349809885931559
GSM6339601	CCTGTATGTGAGCGAA-1	16153	14865	0.9202624899399492
GSM6339601	CCTGTATGTTACGCAA-1	5146	4721	0.9174115818111155
GSM6339601	CCTGTATGTTAGGCTA-1	14804	13546	0.915022966765739
GSM6339601	CCTGTATGTTTATCGC-1	696	268	0.3850574712643678
GSM6339601	CCTGTTGGTAATCCCT-1	3089	1717	0.5558433149886695
GSM6339601	CCTGTTGGTACTGAAT-1	2884	1536	0.5325936199722607
GSM6339601	CCTGTTGGTCGTAAAT-1	7060	4761	0.6743626062322946
GSM6339601	CCTGTTGGTGTGAGGA-1	2825	1578	0.5585840707964602
GSM6339601	CCTGTTGGTTCCTGTG-1	6325	5250	0.8300395256916996
GSM6339601	CCTTAACGTATTTGCC-1	5467	3466	0.6339857325772819
GSM6339601	CCTTAACGTTATCGAG-1	6947	4835	0.6959838779329207
GSM6339601	CCTTAACGTTTACCGT-1	16148	15467	0.9578275947485757
GSM6339601	CCTTAACGTTTGCGCC-1	7211	4620	0.6406878380252392
GSM6339601	CCTTACTCAAATTCGT-1	716	376	0.5251396648044693
GSM6339601	CCTTACTCAATTAGCT-1	12821	7638	0.5957413618282505
GSM6339601	CCTTACTCACCTGTAA-1	8689	4453	0.5124870525952353
GSM6339601	CCTTACTCACTAGGTC-1	11637	6794	0.5838274469364957
GSM6339601	CCTTAGTGTAACGAGG-1	8099	6399	0.7900975429065317
GSM6339601	CCTTAGTGTAATGACT-1	9239	6023	0.6519103799112458
GSM6339601	CCTTAGTGTCCTAACT-1	8691	6045	0.6955471177079737
GSM6339601	CCTTAGTGTGAGGTGA-1	5469	3734	0.6827573596635582
GSM6339601	CCTTAGTGTTAGTGAT-1	9205	4773	0.5185225420966866
GSM6339601	CCTTAGTGTTCGCTCA-1	10531	7608	0.722438514860887
GSM6339601	CCTTATGTCAAGCCTG-1	2510	1333	0.5310756972111553
GSM6339601	CCTTATGTCATTAGGC-1	24732	20319	0.8215672003881611
GSM6339601	CCTTATGTCCAAATCA-1	19460	15503	0.7966598150051387
GSM6339601	CCTTATGTCCGCAAGC-1	6520	4271	0.6550613496932516
GSM6339601	CCTTATGTCCTAAGAC-1	12270	7919	0.6453952730236349
GSM6339601	CCTTATGTCTCTAGCC-1	20153	15013	0.7449511239021486
GSM6339601	CCTTATGTCTTTGAGA-1	11537	6368	0.5519632486781659
GSM6339601	CCTTCAATCACGAATC-1	5458	3261	0.5974716013191645
GSM6339601	CCTTCAATCCCGAACA-1	13529	9730	0.7191958016113534
GSM6339601	CCTTCAATCCCTCATA-1	11406	7263	0.6367701209889531
GSM6339601	CCTTCAATCGCGCTAA-1	7214	4407	0.6108954810091489
GSM6339601	CCTTCAATCGCTCCAT-1	2328	1247	0.5356529209621993
GSM6339601	CCTTCAATCTTAGTCT-1	5578	3375	0.6050555754750807
GSM6339601	CCTTCAGGTAGCTGGT-1	4298	2635	0.613075849232201
GSM6339601	CCTTCAGGTCCTTCTC-1	6542	4137	0.6323754203607459
GSM6339601	CCTTCAGGTGGACCTG-1	1843	1293	0.7015735214324471
GSM6339601	CCTTCAGGTGGATGTC-1	15983	11721	0.7333416755302509
GSM6339601	CCTTCAGGTTAGCTGA-1	1881	1244	0.6613503455608719
GSM6339601	CCTTCAGGTTGGATCA-1	8918	5841	0.6549674814980937
GSM6339601	CCTTCAGGTTTATCTG-1	15732	10878	0.6914569031273837
GSM6339601	CCTTCAGGTTTATGGG-1	20341	17706	0.8704586795142815
GSM6339601	CCTTCGGTCACCGGTA-1	908	480	0.5286343612334802
GSM6339601	CCTTCGGTCCTTGTTG-1	929	579	0.6232508073196986
GSM6339601	CCTTCGGTCTTAATGG-1	699	338	0.48354792560801146
GSM6339601	CCTTCGTAGACTATTG-1	7303	4066	0.5567574969190744
GSM6339601	CCTTCGTAGCTACTGG-1	14842	12536	0.8446301037596011
GSM6339601	CCTTCGTAGTCAATTG-1	2296	1551	0.6755226480836237
GSM6339601	CCTTCGTAGTGAGCGG-1	25531	19707	0.7718851592182053
GSM6339601	CCTTCGTAGTTGTCTT-1	3947	3345	0.8474790980491512
GSM6339601	CCTTGCGTCGCTATAA-1	12227	8178	0.6688476322891961
GSM6339601	CCTTGCGTCGTGCCTT-1	12860	8344	0.6488335925349922
GSM6339601	CCTTGTTCAGATTCAT-1	5408	3005	0.5556582840236687
GSM6339601	CCTTGTTCATTGTGTG-1	15126	11890	0.7860637313235489
GSM6339601	CCTTTAGTCATTACTC-1	5721	2518	0.4401328439084076
GSM6339601	CCTTTAGTCCGGCTAA-1	5062	2920	0.5768470960094824
GSM6339601	CCTTTAGTCCGGTATG-1	16200	14434	0.8909876543209877
GSM6339601	CCTTTAGTCCTAGTTT-1	6055	3467	0.5725846407927333
GSM6339601	CCTTTAGTCGGCCAGT-1	16733	10182	0.6084981772545269
GSM6339601	CCTTTAGTCGTAACGT-1	2560	1480	0.578125
GSM6339601	CGAAATGAGGCATGTT-1	2468	1330	0.5388978930307942
GSM6339601	CGAAATGAGGGCTAAA-1	1775	933	0.5256338028169014
GSM6339601	CGAAATGAGGTGTTAC-1	15046	10830	0.7197926359165226
GSM6339601	CGAAATGAGTAGGATG-1	11830	8962	0.7575655114116653
GSM6339601	CGAAATGAGTTATGTG-1	18082	10001	0.5530914721822807
GSM6339601	CGAACAAAGATAGACG-1	2747	1446	0.5263924281033855
GSM6339601	CGAACAAAGCGGCTGT-1	15655	11230	0.7173427020121367
GSM6339601	CGAACAAAGCTAATCA-1	18219	13266	0.7281409517536638
GSM6339601	CGAACAAAGGACGTAA-1	14120	10830	0.7669971671388102
GSM6339601	CGAACAAAGGCTAGAA-1	5867	3405	0.5803647520027271
GSM6339601	CGAACAAAGGTGCTGC-1	20842	15473	0.7423951636119375
GSM6339601	CGAACCGGTGATGAAA-1	463	268	0.5788336933045356
GSM6339601	CGAACCGGTGCTGTAA-1	4997	3034	0.6071642985791474
GSM6339601	CGAACCGGTTAAATGC-1	2924	1840	0.6292749658002736
GSM6339601	CGAACCGGTTTATTCG-1	6664	3918	0.5879351740696278
GSM6339601	CGAAGAATCAACCAAC-1	3784	2384	0.6300211416490487
GSM6339601	CGAAGAATCAAGGACA-1	24344	16939	0.6958182714426553
GSM6339601	CGAAGAATCAGTTCCC-1	20480	13789	0.673291015625
GSM6339601	CGAAGAATCCAAGTTA-1	19919	16518	0.8292584969124956
GSM6339601	CGAAGAATCCGCCTCA-1	3125	2139	0.68448
GSM6339601	CGAAGAATCTGTTCAT-1	3748	1978	0.5277481323372465
GSM6339601	CGAAGCCTCGATTTGA-1	23594	19313	0.8185555649741459
GSM6339601	CGAAGCCTCGCGACAC-1	11812	7536	0.6379952590585845
GSM6339601	CGAAGCCTCTAACTGA-1	4765	2724	0.5716684155299055
GSM6339601	CGAAGCCTCTCACTCA-1	12417	8005	0.6446806797132962
GSM6339601	CGAAGCGAGACAACGA-1	2537	1274	0.502167914860071
GSM6339601	CGAAGCGAGGAGGCAT-1	8925	4872	0.5458823529411765
GSM6339601	CGAAGCGAGGTATTGC-1	862	451	0.5232018561484919
GSM6339601	CGAAGCGAGTGAAGTG-1	1273	846	0.6645718774548312
GSM6339601	CGAAGCGAGTTGCGTG-1	2464	1419	0.5758928571428571
GSM6339601	CGAAGCGAGTTTGCGG-1	18985	14380	0.7574400842770609
GSM6339601	CGAAGGCCAAACCTAT-1	18299	13167	0.719547516257719
GSM6339601	CGAAGGCCAACTCGCG-1	14692	8179	0.5566975224612034
GSM6339601	CGAAGGCCAATATGGA-1	15291	9307	0.6086586881171931
GSM6339601	CGAAGGCCACGTAATT-1	16858	10817	0.6416538142128366
GSM6339601	CGAAGGCCAGTAAAGC-1	17609	9728	0.5524447725594867
GSM6339601	CGAAGTAAGTCACGAT-1	673	515	0.7652303120356612
GSM6339601	CGAATATGTAGCCTCC-1	6837	3860	0.5645751060406611
GSM6339601	CGAATATGTCATAAGT-1	6534	3851	0.5893786348331803
GSM6339601	CGAATATGTCATGAGC-1	23848	17161	0.7195991278094599
GSM6339601	CGAATATGTGAGAAAC-1	4595	2370	0.515778019586507
GSM6339601	CGAATATGTGCCGCAA-1	12451	8579	0.6890209621717132
GSM6339601	CGAATATGTTACAACG-1	2407	1540	0.6398005816368924
GSM6339601	CGAATATGTTTGCGAA-1	502	242	0.4820717131474104
GSM6339601	CGAATCTAGCTCAATA-1	6380	3940	0.6175548589341693
GSM6339601	CGAATCTAGGAACGGT-1	1381	754	0.5459811730629979
GSM6339601	CGAATCTAGGATCCGC-1	19991	16034	0.8020609274173378
GSM6339601	CGAATCTAGGCCCAGT-1	4856	2992	0.6161449752883031
GSM6339601	CGAATCTAGGCGCACT-1	6747	5934	0.8795020008892841
GSM6339601	CGAATCTAGGGACTAA-1	14140	10165	0.7188826025459689
GSM6339601	CGAATCTAGGGCTTAT-1	10070	6590	0.6544190665342602
GSM6339601	CGACAAGCAACCTAAT-1	10639	7152	0.6722436319202932
GSM6339601	CGACAAGCAGGGAGCT-1	13040	10407	0.7980828220858895
GSM6339601	CGACCTGCAAATACCT-1	7314	4375	0.5981678971834837
GSM6339601	CGACCTGCACTTAACG-1	2445	1245	0.50920245398773
GSM6339601	CGACCTGCAGCCAGAA-1	3600	2579	0.7163888888888889
GSM6339601	CGACCTGCAGGATGGC-1	22856	16736	0.7322366118305915
GSM6339601	CGACCTGCAGGCATGA-1	5870	3309	0.5637137989778535
GSM6339601	CGACCTGCATAGCTGC-1	21412	13463	0.6287595740706146
GSM6339601	CGACTAAGTTTGTCTA-1	5634	3483	0.6182108626198083
GSM6339601	CGAGCGAAGATAACCC-1	8252	4984	0.603974793989336
GSM6339601	CGAGCGAAGGCCTGGT-1	12502	9463	0.7569188929771237
GSM6339601	CGAGCGAAGGGACCTC-1	23619	14330	0.6067149328930098
GSM6339601	CGAGCGAAGGTGAGAC-1	2564	1920	0.748829953198128
GSM6339601	CGAGCTGGTAGTCAAT-1	1044	670	0.6417624521072797
GSM6339601	CGAGCTGGTCCGTAGG-1	12287	8595	0.6995198176934971
GSM6339601	CGAGCTGGTCTTGCTG-1	778	500	0.6426735218508998
GSM6339601	CGAGCTGGTGCGCGTA-1	12367	7205	0.5825988517829708
GSM6339601	CGAGCTGGTGGAAACG-1	3476	1857	0.534234752589183
GSM6339601	CGAGCTGGTGGATTGC-1	8073	4726	0.585408150625542
GSM6339601	CGAGCTGGTGTGTGGT-1	14046	8912	0.6344866866011676
GSM6339601	CGAGCTGGTGTTAGCA-1	15402	9171	0.5954421503700819
GSM6339601	CGAGCTGGTTTATTCG-1	26974	17443	0.6466597464224809
GSM6339601	CGAGGAAGTACTTCAC-1	6208	3444	0.5547680412371134
GSM6339601	CGAGGAAGTGACATGC-1	7021	3660	0.521293263067939
GSM6339601	CGAGGAAGTTACATCC-1	5995	3419	0.5703085904920767
GSM6339601	CGAGGAAGTTGAAGCC-1	11986	6873	0.5734189888202903
GSM6339601	CGAGGAAGTTTACTTG-1	7169	5376	0.7498953828985911
GSM6339601	CGAGGAAGTTTGGTTC-1	8149	4090	0.501902073874095
GSM6339601	CGAGGAAGTTTGTGGA-1	9301	7967	0.8565745618750672
GSM6339601	CGAGGCAAGATACTTG-1	1707	1087	0.6367896895137668
GSM6339601	CGAGGCAAGGTAAGGC-1	5204	2747	0.5278631821675634
GSM6339601	CGAGGTGAGCAAGGGT-1	6529	3528	0.540358400980242
GSM6339601	CGAGGTGAGCAAGGTA-1	7402	3843	0.5191840043231559
GSM6339601	CGAGGTGAGCTTCCCG-1	5748	3206	0.557759220598469
GSM6339601	CGAGGTGAGGACAACA-1	6053	3353	0.5539401949446555
GSM6339601	CGAGGTGAGGCGCTAC-1	2595	1761	0.6786127167630058
GSM6339601	CGAGGTGAGGCGGGTA-1	13972	10203	0.7302462066991126
GSM6339601	CGAGGTGAGGTGCGGA-1	19441	12533	0.6446684841314747
GSM6339601	CGAGTCGGTCTTGCAT-1	25115	16385	0.6523989647620944
GSM6339601	CGAGTCGGTGCAATAT-1	429	314	0.7319347319347319
GSM6339601	CGAGTCGGTGTTGCTT-1	7106	4675	0.6578947368421053
GSM6339601	CGAGTCGGTTATCCTA-1	1785	983	0.5507002801120449
GSM6339601	CGAGTCGGTTGTAAAC-1	14369	9631	0.6702623703806806
GSM6339601	CGATATTCACCTCAGG-1	19276	15261	0.7917098983191534
GSM6339601	CGATATTCAGAGGCTA-1	3921	2228	0.5682223922468758
GSM6339601	CGATATTCAGCAACCT-1	7147	4583	0.6412480761158528
GSM6339601	CGATATTCATTGTGAT-1	4093	3280	0.8013681895919863
GSM6339601	CGATCCTTCAATGAGG-1	5799	3296	0.5683738575616486
GSM6339601	CGATCCTTCAGGATGA-1	6116	3638	0.5948332243296272
GSM6339601	CGATCCTTCATTGACA-1	1771	1452	0.8198757763975155
GSM6339601	CGATCCTTCCTACCTA-1	5237	3032	0.5789574183692954
GSM6339601	CGATCCTTCGCTCACT-1	11843	6975	0.5889555011399139
GSM6339601	CGATCCTTCGGTTCCT-1	23265	19266	0.8281108961960025
GSM6339601	CGATGTCCAAGCTTAT-1	4881	2890	0.5920917844703955
GSM6339601	CGATGTCCACAGCCAT-1	1570	1161	0.7394904458598726
GSM6339601	CGATGTCCAGTTTACG-1	3468	2106	0.6072664359861591
GSM6339601	CGATGTCCATAGGCGA-1	19183	15017	0.7828285461085336
GSM6339601	CGATGTCCATCCAGGT-1	6161	3656	0.5934101606882
GSM6339601	CGATGTCCATTAAAGG-1	6101	3121	0.5115554827077529
GSM6339601	CGATTATCAAGTTATC-1	12550	7982	0.6360159362549801
GSM6339601	CGATTATCAGCTACGT-1	5715	3271	0.5723534558180228
GSM6339601	CGATTATCAGGGAGCT-1	12272	8025	0.6539276401564538
GSM6339601	CGATTATCATGAAGTA-1	899	505	0.5617352614015573
GSM6339601	CGATTATCATTGTCCT-1	18150	11871	0.6540495867768595
GSM6339601	CGATTCCTCAGGCCTA-1	889	723	0.813273340832396
GSM6339601	CGATTCCTCATGGCTG-1	5963	3624	0.6077477779641121
GSM6339601	CGATTCCTCCACAATA-1	643	484	0.7527216174183515
GSM6339601	CGATTCCTCCGGTATG-1	5806	3532	0.6083362039269721
GSM6339601	CGATTCCTCGAAGCGG-1	1033	825	0.7986447241045499
GSM6339601	CGATTCCTCGTACCGA-1	3053	1797	0.5886013756960367
GSM6339601	CGATTCCTCTAATCTC-1	12294	8256	0.6715470961444607
GSM6339601	CGATTGAGTAATAACC-1	432	262	0.6064814814814815
GSM6339601	CGATTGAGTCATCAAG-1	5906	3825	0.647646461225872
GSM6339601	CGATTGAGTCGACTAA-1	15057	10478	0.6958889553031813
GSM6339601	CGATTGAGTGCAATGC-1	10731	7860	0.7324573665082471
GSM6339601	CGATTGAGTTAGGTTG-1	8416	5254	0.624287072243346
GSM6339601	CGATTTGCAACAGGTG-1	5638	4466	0.7921248669741043
GSM6339601	CGATTTGCAGCAAGGC-1	7963	4981	0.6255180208464146
GSM6339601	CGATTTGCAGTAAAGC-1	2161	1330	0.6154558074965294
GSM6339601	CGATTTGCAGTTATGT-1	15419	10948	0.7100330760749725
GSM6339601	CGATTTGCATAATCAC-1	672	373	0.5550595238095238
GSM6339601	CGATTTGCATGCATAT-1	2633	1868	0.7094568932776301
GSM6339601	CGCAAATTCGGTTCCT-1	500	312	0.624
GSM6339601	CGCAAATTCGTTCACC-1	10668	5829	0.546400449943757
GSM6339601	CGCAAATTCTGTGAGT-1	5548	3760	0.6777217015140591
GSM6339601	CGCAAATTCTTACTCG-1	1193	761	0.6378876781223806
GSM6339601	CGCAATAGTGCAATGC-1	6239	4047	0.64866164449431
GSM6339601	CGCAATAGTGCACGCA-1	9623	6159	0.6400290969552115
GSM6339601	CGCAATAGTGTTGCAA-1	1593	1103	0.6924042686754551
GSM6339601	CGCAATAGTTAGAGCC-1	6401	3332	0.5205436650523356
GSM6339601	CGCAATCCAATAGCCC-1	9278	4359	0.46982108212976936
GSM6339601	CGCAATCCAATGCGCT-1	7412	4731	0.6382892606583918
GSM6339601	CGCAATCCACTAAGTT-1	21928	13605	0.620439620576432
GSM6339601	CGCAATCCAGGAATCG-1	16560	11843	0.7151570048309178
GSM6339601	CGCAATCCAGTCTATG-1	24031	16484	0.685947318047522
GSM6339601	CGCAATGTCATTACAG-1	6464	3688	0.5705445544554455
GSM6339601	CGCAATGTCCTGAGTG-1	4145	2278	0.549577804583836
GSM6339601	CGCAATGTCTCAATTC-1	8538	4805	0.5627781681892715
GSM6339601	CGCAATGTCTTTGACT-1	10865	7280	0.670041417395306
GSM6339601	CGCAATTAGACAGGTA-1	8577	4955	0.577707823248222
GSM6339601	CGCAATTAGAGGAAGG-1	4355	2057	0.47233065442020666
GSM6339601	CGCAATTAGCTCAAAC-1	3501	2486	0.7100828334761496
GSM6339601	CGCAATTAGGTGTTAC-1	3550	2052	0.5780281690140845
GSM6339601	CGCAATTAGTTGCGTG-1	16551	9135	0.5519303969548668
GSM6339601	CGCAATTAGTTGGCCA-1	8708	4782	0.5491502067064769
GSM6339601	CGCACAATCAAGCTAC-1	1864	1083	0.5810085836909872
GSM6339601	CGCACAATCACATTGA-1	14893	14731	0.9891224064996978
GSM6339601	CGCACAATCAGGAACA-1	1054	634	0.6015180265654649
GSM6339601	CGCACAATCCAGGTTG-1	1727	1149	0.6653155761436016
GSM6339601	CGCACAATCCTAAGGT-1	23530	18397	0.7818529536761581
GSM6339601	CGCACAATCCTAAGTA-1	1826	1477	0.8088718510405257
GSM6339601	CGCACAATCCTAGTCC-1	5855	3513	0.6
GSM6339601	CGCACAATCCTCGATC-1	7800	4384	0.5620512820512821
GSM6339601	CGCACAATCTAGCTAA-1	15925	13206	0.8292621664050236
GSM6339601	CGCACACAGATAACCC-1	8653	5368	0.6203628799260372
GSM6339601	CGCACACAGCAAGGTA-1	4499	2225	0.49455434541009113
GSM6339601	CGCACACAGCAGCTCA-1	9193	6789	0.73849668225824
GSM6339601	CGCACACAGCTGCACA-1	1629	1113	0.6832412523020258
GSM6339601	CGCACACAGGCTATGT-1	2799	1544	0.5516255805644873
GSM6339601	CGCACCACAAGGTCGA-1	2556	1861	0.7280907668231612
GSM6339601	CGCACCACAATAGCCC-1	9670	6594	0.6819027921406412
GSM6339601	CGCACCACACAAACTT-1	23291	14644	0.6287407152977545
GSM6339601	CGCACCACAGCCGCTA-1	4283	2214	0.5169273873453187
GSM6339601	CGCACCACAGCCTTGG-1	1351	975	0.7216876387860843
GSM6339601	CGCACCACAGGAAGCC-1	5612	2649	0.47202423378474695
GSM6339601	CGCACCACATAGACTT-1	21559	17696	0.820817292082193
GSM6339601	CGCACCACATTATGAC-1	2442	1573	0.6441441441441441
GSM6339601	CGCATATAGCGATAGA-1	7834	5044	0.6438600970130202
GSM6339601	CGCATATAGCGGTTAT-1	17037	9833	0.5771556025121793
GSM6339601	CGCATATAGCTAATCA-1	5547	2881	0.5193798449612403
GSM6339601	CGCATATAGGAACACA-1	26433	16580	0.6272462452237734
GSM6339601	CGCATATAGGAATAAC-1	25908	21422	0.8268488497761309
GSM6339601	CGCATATAGGCGCTAC-1	13193	9233	0.6998408246797544
GSM6339601	CGCATATAGGGATGAC-1	7043	3315	0.4706801079085617
GSM6339601	CGCATATAGGGCTTTG-1	12039	7487	0.621895506271285
GSM6339601	CGCATATAGTAGCGCC-1	17725	8772	0.4948942172073343
GSM6339601	CGCATATAGTCACCAG-1	4617	2532	0.548408057179987
GSM6339601	CGCATGATCACAGCCA-1	7436	3837	0.516003227541689
GSM6339601	CGCATGATCACTTCAT-1	1324	627	0.4735649546827795
GSM6339601	CGCATGATCATGGCCA-1	6857	3988	0.5815954499052064
GSM6339601	CGCATGATCGGGACCT-1	7480	5615	0.7506684491978609
GSM6339601	CGCATGATCTATTGTC-1	12197	6957	0.5703861605312782
GSM6339601	CGCATGATCTCACACC-1	6298	3980	0.6319466497300731
GSM6339601	CGCATTACAAATACCT-1	18052	15234	0.8438954132506093
GSM6339601	CGCATTACAATAGCCC-1	11317	7884	0.6966510559335513
GSM6339601	CGCATTACATCGTTCT-1	7221	4216	0.5838526519872593
GSM6339601	CGCATTTGTCCTAACT-1	23664	15337	0.6481152805949966
GSM6339601	CGCATTTGTCTTTGAC-1	7570	5080	0.6710700132100397
GSM6339601	CGCATTTGTGTTTGAG-1	18985	11781	0.6205425335791415
GSM6339601	CGCATTTGTTAGGATT-1	422	208	0.4928909952606635
GSM6339601	CGCCAAATCCTTGCGT-1	9738	6004	0.6165537071267201
GSM6339601	CGCCAAATCGATTTGA-1	20221	12894	0.637653924138272
GSM6339601	CGCCAAATCGCATTAA-1	1389	875	0.6299496040316774
GSM6339601	CGCCAAATCGGGATTT-1	7018	3307	0.47121687090339126
GSM6339601	CGCCAAATCTACTAAG-1	1611	1031	0.6399751707014277
GSM6339601	CGCCAAATCTTGCTAT-1	1496	991	0.6624331550802139
GSM6339601	CGCCACACAACAGCCT-1	20746	16235	0.7825604935891256
GSM6339601	CGCCACACAACCGCCA-1	9784	6839	0.6989983646770237
GSM6339601	CGCCACACAAGGAATC-1	13333	9159	0.6869421735543388
GSM6339601	CGCCACACAATTGAGA-1	18451	11791	0.6390439542572218
GSM6339601	CGCCACACACAGAACG-1	5744	3277	0.570508356545961
GSM6339601	CGCCACACATAAACCT-1	7074	4541	0.6419281877297145
GSM6339601	CGCCACACATTAAGCT-1	16441	9455	0.5750866735600024
GSM6339601	CGCCTCATCATTGACA-1	11669	8861	0.7593624132316393
GSM6339601	CGCCTCATCATTGCAA-1	11082	7063	0.6373398303555315
GSM6339601	CGCCTCATCCTCAGTC-1	12727	7960	0.6254419737565805
GSM6339601	CGCCTCATCCTGTTCA-1	11974	7921	0.6615166193419074
GSM6339601	CGCCTCATCGTTTCGC-1	7443	3454	0.4640601907832863
GSM6339601	CGCCTCATCTAAGGAG-1	3289	1713	0.5208269990878687
GSM6339601	CGCCTGTGTCCCGGAA-1	12968	8710	0.6716533004318322
GSM6339601	CGCCTGTGTGAGGTGA-1	17978	12147	0.6756591389476027
GSM6339601	CGCCTGTGTGATGATT-1	20193	12972	0.6424008319714752
GSM6339601	CGCCTGTGTGCAATAT-1	805	556	0.6906832298136646
GSM6339601	CGCCTGTGTGCAATGC-1	2793	1538	0.5506623702112424
GSM6339601	CGCCTGTGTGGATTCA-1	3338	2354	0.7052127022168964
GSM6339601	CGCCTGTGTGTCCTGC-1	11670	6985	0.5985432733504713
GSM6339601	CGCCTGTGTTCACTGT-1	4673	2430	0.5200085598116841
GSM6339601	CGCGATTCAACTAGGG-1	19210	10972	0.5711608537220197
GSM6339601	CGCGATTCAGAGAGCC-1	12295	9145	0.7437982919886132
GSM6339601	CGCGATTCATTGTGCA-1	519	352	0.6782273603082851
GSM6339601	CGCGGATTCAAGCTTA-1	16177	13521	0.8358162823762132
GSM6339601	CGCGGATTCCGCAACA-1	21520	15719	0.7304368029739777
GSM6339601	CGCGGATTCCTTGCGT-1	11135	7116	0.6390660080826224
GSM6339601	CGCGGATTCGGGATTT-1	2656	1912	0.7198795180722891
GSM6339601	CGCGGATTCGTTTCCA-1	10896	7226	0.6631791483113069
GSM6339601	CGCGGATTCTAAGTGC-1	25346	15964	0.629842973250217
GSM6339601	CGCGGATTCTGTTCAT-1	16237	8707	0.5362443801194802
GSM6339601	CGCGGATTCTTTAGGA-1	15664	10972	0.7004596527068437
GSM6339601	CGCTAACCAAACATAG-1	1988	1286	0.6468812877263581
GSM6339601	CGCTAACCACATACTG-1	4404	3297	0.7486376021798365
GSM6339601	CGCTAACCACGAATCC-1	2410	1439	0.5970954356846473
GSM6339601	CGCTAACCAGAAACGT-1	17862	10105	0.5657261224946815
GSM6339601	CGCTAACCAGCTAACC-1	18533	14793	0.7981978093131171
GSM6339601	CGCTAACCATGTCAAT-1	5609	2767	0.4933143162774113
GSM6339601	CGCTAACCATGTTTGG-1	16776	12369	0.7373032904148784
GSM6339601	CGCTAACCATTTGCTC-1	943	754	0.799575821845175
GSM6339601	CGCTAATAGCTGGAAA-1	18918	16350	0.864256263875674
GSM6339601	CGCTAATAGGCAACAA-1	747	513	0.6867469879518072
GSM6339601	CGCTAATAGTTAGCTA-1	16181	12217	0.7550213213027624
GSM6339601	CGCTACTTCACAAGCT-1	5602	3203	0.5717600856836844
GSM6339601	CGCTACTTCAGAAACG-1	10643	7263	0.6824203701963732
GSM6339601	CGCTACTTCATGCTAA-1	3665	1955	0.5334242837653479
GSM6339601	CGCTATGAGCGGGCAA-1	929	479	0.5156081808396125
GSM6339601	CGCTATGAGCTGGCTA-1	877	547	0.6237172177879133
GSM6339601	CGCTATGAGGATAAAC-1	1639	1298	0.7919463087248322
GSM6339601	CGCTCAGCAAACCCTA-1	9056	5326	0.5881183745583038
GSM6339601	CGCTCAGCAAATGCCC-1	15360	9683	0.6304036458333333
GSM6339601	CGCTCAGCAGCTAATT-1	1776	1105	0.6221846846846847
GSM6339601	CGCTCAGCAGTCTATG-1	16616	10491	0.6313793933558016
GSM6339601	CGCTCAGCATGCTATG-1	1008	506	0.501984126984127
GSM6339601	CGCTCCATCAAACTCA-1	5208	3043	0.5842933947772657
GSM6339601	CGCTCCATCAATCTAG-1	3498	1937	0.5537449971412236
GSM6339601	CGCTCCATCCAATTAG-1	5625	4007	0.7123555555555555
GSM6339601	CGCTCCATCTAACCTT-1	6689	3388	0.5065032142323217
GSM6339601	CGCTGTGCAAGGAATC-1	10148	7893	0.7777887268427276
GSM6339601	CGCTGTGCAATAAGCA-1	5525	3055	0.5529411764705883
GSM6339601	CGCTGTGCAATTAAGG-1	13979	11607	0.8303169039273196
GSM6339601	CGCTGTGCACCAGCAT-1	6922	4466	0.6451892516613695
GSM6339601	CGCTGTGCAGCAAGGC-1	5912	3469	0.5867726657645467
GSM6339601	CGCTTAACACATGCTA-1	3136	2155	0.6871811224489796
GSM6339601	CGCTTACTCCTCAGCT-1	18777	12316	0.6559088246258721
GSM6339601	CGCTTACTCCTTAGGG-1	18448	17011	0.9221053772766695
GSM6339601	CGCTTACTCGAAGCGG-1	1320	1056	0.8
GSM6339601	CGCTTACTCTCACTAT-1	4028	2287	0.5677755710029792
GSM6339601	CGCTTCTAGCTAATCA-1	2541	1348	0.5304998032270759
GSM6339601	CGCTTCTAGGAAGCAC-1	15872	10833	0.6825226814516129
GSM6339601	CGCTTCTAGTAGCCAT-1	5909	4637	0.7847351497715349
GSM6339601	CGCTTCTAGTCCTGAG-1	4483	2510	0.5598929288422931
GSM6339601	CGCTTGCGTACTTCAC-1	10069	6205	0.616247889562022
GSM6339601	CGCTTGCGTCACAGAC-1	718	545	0.7590529247910863
GSM6339601	CGCTTGCGTGATTACG-1	1026	850	0.8284600389863548
GSM6339601	CGCTTGCGTGTTAAAC-1	3880	2898	0.7469072164948454
GSM6339601	CGCTTGCGTTAATGAC-1	13787	9527	0.6910132733734677
GSM6339601	CGCTTGCGTTTCGCGC-1	9310	6042	0.6489795918367347
GSM6339601	CGGAATCGTCAAAGGG-1	5026	4201	0.8358535614803024
GSM6339601	CGGAATCGTTAATCGG-1	1503	824	0.5482368596141052
GSM6339601	CGGAATCGTTATCCGT-1	9940	7378	0.7422535211267606
GSM6339601	CGGACAACAATTAACC-1	9990	6247	0.6253253253253254
GSM6339601	CGGACAACAATTGAAG-1	7888	5013	0.6355223123732252
GSM6339601	CGGACAACACCTACGG-1	995	612	0.6150753768844222
GSM6339601	CGGACAACACTCAACA-1	11474	8574	0.7472546627157051
GSM6339601	CGGACAACAGGACACA-1	1730	1034	0.5976878612716763
GSM6339601	CGGACAACAGGTTAAA-1	16445	14003	0.8515050167224081
GSM6339601	CGGACAACATAGCGAG-1	18653	15739	0.8437784806733502
GSM6339601	CGGACAACATATAACC-1	13613	8018	0.5889958128259751
GSM6339601	CGGACCTAGCCTGGTA-1	3268	2137	0.6539167686658507
GSM6339601	CGGACCTAGCTCGCTT-1	18417	14763	0.8015963511972634
GSM6339601	CGGACCTAGGGATGAC-1	19571	15533	0.7936743140360738
GSM6339601	CGGACCTAGTTAGAGG-1	10958	10305	0.9404088337287826
GSM6339601	CGGAGCAAGACAGGTA-1	11399	6817	0.5980349153434512
GSM6339601	CGGAGCAAGGAGTCTT-1	16599	11118	0.669799385505151
GSM6339601	CGGAGCAAGGCAGGTG-1	3872	2338	0.6038223140495868
GSM6339601	CGGAGCAAGGCGGATG-1	3685	2413	0.6548168249660787
GSM6339601	CGGAGTCTCCAGCACA-1	4358	2794	0.6411197797154659
GSM6339601	CGGAGTCTCCAGGGAG-1	8440	5862	0.6945497630331754
GSM6339601	CGGAGTCTCGAGGAAC-1	5021	2861	0.569806811392153
GSM6339601	CGGAGTCTCTCAATGA-1	7094	4004	0.5644206371581618
GSM6339601	CGGATAAAGCACAGAA-1	9861	6356	0.644559375316905
GSM6339601	CGGATAAAGGCGGATG-1	8608	5310	0.616868029739777
GSM6339601	CGGATAAAGTAGCGCC-1	9450	5588	0.5913227513227514
GSM6339601	CGGATAAAGTTGTCAA-1	15959	11354	0.7114480857196567
GSM6339601	CGGATAAAGTTGTCCC-1	10504	8169	0.7777037319116527
GSM6339601	CGGATTAGTATTGTGG-1	3883	2818	0.7257275302601082
GSM6339601	CGGATTAGTGTTAAAC-1	2564	1719	0.6704368174726989
GSM6339601	CGGATTAGTTAGCATG-1	5673	4252	0.7495152476643752
GSM6339601	CGGATTAGTTGGATCA-1	15294	11778	0.7701059238917223
GSM6339601	CGGCAATGTAACGAGG-1	1884	989	0.5249469214437368
GSM6339601	CGGCAATGTAACGTGC-1	15973	10609	0.664183309334502
GSM6339601	CGGCAATGTACTGAAT-1	15005	10171	0.67784071976008
GSM6339601	CGGCAATGTCCCGAAG-1	5163	3372	0.6531086577571179
GSM6339601	CGGCAATGTGAGACTC-1	17688	14243	0.8052351876978743
GSM6339601	CGGCAATGTTAATCGG-1	1497	1303	0.8704074816299265
GSM6339601	CGGCAATGTTCCGGGA-1	15005	11316	0.7541486171276242
GSM6339601	CGGCAATGTTTCCGGC-1	16097	11471	0.712617257874138
GSM6339601	CGGCCATAGACACCGC-1	8814	4726	0.5361924211481733
GSM6339601	CGGCCATAGGCTGGCT-1	14540	11240	0.7730398899587345
GSM6339601	CGGCCATAGTTTCCTG-1	10426	7886	0.7563782850565893
GSM6339601	CGGCTAATCCCTGTTA-1	13605	10273	0.7550900404263139
GSM6339601	CGGCTAATCGATAACC-1	3023	2476	0.8190539199470724
GSM6339601	CGGCTCACAACTAGAA-1	17821	12638	0.7091633466135459
GSM6339601	CGGCTCACAAGGTCGA-1	3546	1900	0.535815002820079
GSM6339601	CGGCTCACAATAACGA-1	15700	10657	0.6787898089171974
GSM6339601	CGGCTCACACCCACCT-1	21145	18976	0.8974225585244738
GSM6339601	CGGCTCACAGCAGGTA-1	10526	7869	0.7475774273228197
GSM6339601	CGGCTCACAGCTTAAT-1	18322	12733	0.6949568824364153
GSM6339601	CGGCTCACAGGGAGGA-1	15549	10439	0.6713615023474179
GSM6339601	CGGCTCACATGACTAT-1	19023	12520	0.658150659727698
GSM6339601	CGGCTCACATTTAAGC-1	23445	21664	0.9240349754745149
GSM6339601	CGGGACAAGAGCAAGC-1	4870	3214	0.659958932238193
GSM6339601	CGGGACAAGCCGCAGT-1	8902	5298	0.5951471579420355
GSM6339601	CGGGACAAGCTAATCA-1	2845	2238	0.7866432337434095
GSM6339601	CGGGACAAGTCACTCC-1	15245	12848	0.8427681206953099
GSM6339601	CGGGCTTAGAATCGCT-1	5100	2749	0.5390196078431373
GSM6339601	CGGGCTTAGCATCCAG-1	4414	2447	0.5543724512913457
GSM6339601	CGGGCTTAGCTAAAGG-1	15302	9046	0.5911645536531173
GSM6339601	CGGGCTTAGGACCGCT-1	1085	603	0.5557603686635945
GSM6339601	CGGGCTTAGGCATTAC-1	10389	7793	0.7501203195687747
GSM6339601	CGGGCTTAGTAAGTCC-1	4732	3367	0.7115384615384616
GSM6339601	CGGGTATGTCGCATAA-1	1062	618	0.5819209039548022
GSM6339601	CGGGTCTAGAAGCTAG-1	2250	1329	0.5906666666666667
GSM6339601	CGGGTCTAGCTTGCTC-1	16481	8559	0.5193252836599721
GSM6339601	CGGGTCTAGGGACGCA-1	5948	3325	0.5590114324142569
GSM6339601	CGGGTCTAGGTTTACA-1	3256	2139	0.6569410319410319
GSM6339601	CGGGTCTAGTTCCCGT-1	3270	2256	0.689908256880734
GSM6339601	CGGTAACGTCATTGTC-1	17666	13648	0.7725574549983019
GSM6339601	CGGTAACGTGTTCCCA-1	1877	874	0.4656366542354822
GSM6339601	CGGTAACGTTGTTGTC-1	15473	13968	0.902733794351451
GSM6339601	CGGTGAACAATAATGG-1	9176	5721	0.6234742807323452
GSM6339601	CGGTGAACACGTGCTG-1	7494	4384	0.585001334400854
GSM6339601	CGGTGAGAGGTCCGTA-1	10579	5726	0.5412609887512998
GSM6339601	CGGTGAGAGTAAGAAC-1	5747	3039	0.5287976335479381
GSM6339601	CGGTGAGAGTGAACGA-1	4335	2688	0.6200692041522491
GSM6339601	CGGTTATAGACCATAC-1	6304	4087	0.6483185279187818
GSM6339601	CGGTTATAGATAAAGC-1	19466	10636	0.546388574951197
GSM6339601	CGGTTATAGCATGTTA-1	11080	9054	0.8171480144404332
GSM6339601	CGGTTATAGCGGTTAT-1	1247	907	0.7273456295108259
GSM6339601	CGGTTATAGGCCTAAT-1	15069	10675	0.7084079899130665
GSM6339601	CGGTTATAGGCTGGCT-1	17447	12135	0.6955350490055597
GSM6339601	CGGTTATAGGGCTTAT-1	8773	4404	0.50199475663969
GSM6339601	CGGTTATAGGTCAAAG-1	3619	2903	0.8021552915169936
GSM6339601	CGGTTATAGGTGTTAC-1	4332	2278	0.525854108956602
GSM6339601	CGGTTATAGTGAACCT-1	8135	5314	0.6532267977873386
GSM6339601	CGGTTATAGTGCTGTG-1	12644	10432	0.8250553622271433
GSM6339601	CGGTTCCGTCATGCCC-1	9011	5917	0.6566418821440462
GSM6339601	CGGTTCCGTGAGGTGA-1	23053	21401	0.9283390448097861
GSM6339601	CGGTTCCGTGTTTGCT-1	11279	7114	0.6307296746165441
GSM6339601	CGGTTCCGTTATTGCC-1	6571	3910	0.5950388068787095
GSM6339601	CGGTTGGGTAAACAAG-1	13212	7591	0.5745534362700575
GSM6339601	CGGTTGGGTACCTTAC-1	24525	20849	0.850112130479103
GSM6339601	CGGTTGGGTCACAGCG-1	13051	9848	0.7545781932418971
GSM6339601	CGGTTGGGTCGTTATC-1	1435	891	0.6209059233449478
GSM6339601	CGGTTGGGTTAAGCCA-1	12368	11294	0.913163001293661
GSM6339601	CGGTTTCTCATGGCTG-1	2493	1610	0.645808263136783
GSM6339601	CGGTTTCTCCAAACAC-1	2200	1397	0.635
GSM6339601	CGGTTTCTCGACCTGA-1	6129	3789	0.618208516886931
GSM6339601	CGGTTTCTCTCAATTC-1	970	763	0.7865979381443299
GSM6339601	CGGTTTGAGACTAAGG-1	3859	2848	0.7380150298004664
GSM6339601	CGGTTTGAGGCCAATT-1	15140	10053	0.664002642007926
GSM6339601	CGGTTTGAGTAAGTCC-1	20497	16519	0.805922817973362
GSM6339601	CGGTTTGAGTCAATCA-1	23605	15029	0.6366871425545435
GSM6339601	CGGTTTGAGTGAGGGT-1	12490	8990	0.7197758206565252
GSM6339601	CGTAACCCAAGGTGCA-1	21918	21327	0.9730358609362169
GSM6339601	CGTAACCCACAATTAC-1	8572	4941	0.5764115725618292
GSM6339601	CGTAACCCACCTGTAA-1	22493	19580	0.8704930422798204
GSM6339601	CGTAACCCACGTAAGG-1	12376	8516	0.6881060116354234
GSM6339601	CGTAACCCATCACAGC-1	6430	4281	0.6657853810264386
GSM6339601	CGTAACTAGAACAAGT-1	15345	12354	0.8050830889540567
GSM6339601	CGTAACTAGCCTGACA-1	13841	10278	0.7425764034390578
GSM6339601	CGTAACTAGCCTGTGA-1	7365	4192	0.5691785471826205
GSM6339601	CGTAACTAGGAAGCAC-1	16974	13312	0.7842582773653823
GSM6339601	CGTAACTAGGACACTT-1	5629	3328	0.5912240184757506
GSM6339601	CGTAACTAGTCATGCG-1	9681	6131	0.633302344799091
GSM6339601	CGTAACTAGTTATCCT-1	6867	4270	0.6218144750254841
GSM6339601	CGTAATGGTAAAGCGG-1	26643	16637	0.6244416920016514
GSM6339601	CGTAATGGTCCACAAA-1	768	460	0.5989583333333334
GSM6339601	CGTAATGGTGCACGCA-1	4412	3193	0.7237080689029919
GSM6339601	CGTAATGGTTACATCC-1	22668	18689	0.8244662078701253
GSM6339601	CGTACGGGTCCTAATC-1	18853	12666	0.6718294170689015
GSM6339601	CGTACGGGTCTAACAG-1	17862	13965	0.7818273429627142
GSM6339601	CGTACGGGTGCTGGTG-1	4579	2579	0.5632234112251583
GSM6339601	CGTACGGGTTTATCTG-1	17336	16202	0.9345869866174434
GSM6339601	CGTAGCGGTAAGCACC-1	7158	4116	0.5750209555741828
GSM6339601	CGTAGCGGTTCCTGAT-1	2274	1414	0.6218117854001759
GSM6339601	CGTAGCGGTTGAGCCG-1	14227	9646	0.6780066071554087
GSM6339601	CGTAGTTAGCTATTGA-1	20694	12394	0.5989175606455978
GSM6339601	CGTAGTTAGGAGTCTT-1	7511	4658	0.6201571029157236
GSM6339601	CGTAGTTAGGCATTAC-1	9503	7075	0.744501736293802
GSM6339601	CGTAGTTAGTAGCGGG-1	6612	4517	0.6831518451300665
GSM6339601	CGTATTGCAAACCTTG-1	20855	14297	0.6855430352433469
GSM6339601	CGTATTGCAAGTCGCT-1	9624	5367	0.5576683291770573
GSM6339601	CGTATTGCAATCTCTC-1	651	365	0.5606758832565284
GSM6339601	CGTATTGCAGTAATAG-1	11356	6465	0.5693025713279324
GSM6339601	CGTATTGCAGTATGTT-1	9677	7381	0.7627363852433605
GSM6339601	CGTATTGCATTCCTGT-1	3801	2323	0.6111549592212575
GSM6339601	CGTCAATAGACAACGA-1	8165	5200	0.6368646662584201
GSM6339601	CGTCAATAGAGGAAGG-1	15451	11614	0.7516665587987833
GSM6339601	CGTCAATAGCCACAAT-1	7556	5008	0.6627845420857597
GSM6339601	CGTCAATAGCTTACTT-1	5391	3386	0.628083843442775
GSM6339601	CGTCAATAGCTTTGTT-1	4597	2530	0.5503589297367849
GSM6339601	CGTCAATAGGCGCTTA-1	3101	1595	0.5143502096098033
GSM6339601	CGTCAATAGGTAAGGC-1	4071	2211	0.5431098010316876
GSM6339601	CGTCAATAGTAGCTTA-1	6827	4474	0.6553390947707631
GSM6339601	CGTCAATAGTCAATCA-1	11661	7985	0.6847611697110025
GSM6339601	CGTCAATAGTCACCTC-1	419	198	0.47255369928400953
GSM6339601	CGTCAATAGTGAGCAA-1	10656	7326	0.6875
GSM6339601	CGTCATTGTGATCAGC-1	9463	6887	0.7277818873507345
GSM6339601	CGTCATTGTTCGGTAA-1	18795	12088	0.6431497738760309
GSM6339601	CGTCCTAGTGCGCATG-1	6691	4451	0.6652219399192946
GSM6339601	CGTCCTAGTTAACGGC-1	2640	1807	0.684469696969697
GSM6339601	CGTCCTAGTTGGCGTG-1	14553	7794	0.5355596784168213
GSM6339601	CGTCCTAGTTGGTTAG-1	5855	3509	0.5993168232280103
GSM6339601	CGTCCTAGTTTGGGCG-1	2107	1490	0.7071665875652586
GSM6339601	CGTGACATCGCTAAAC-1	16979	12045	0.709405736498027
GSM6339601	CGTGACATCTAATCCT-1	17786	13918	0.7825255819183627
GSM6339601	CGTGAGGAGCACAGAA-1	3995	2131	0.5334167709637047
GSM6339601	CGTGAGGAGGGACGCA-1	20799	11214	0.5391605365642579
GSM6339601	CGTGAGGAGTAGGCGG-1	9773	5698	0.5830348920495242
GSM6339601	CGTGAGGAGTGAACGA-1	5705	3525	0.6178790534618755
GSM6339601	CGTGAGGAGTTGTCAA-1	5886	3470	0.5895344886170574
GSM6339601	CGTGCACAGGTACCGC-1	14615	11001	0.7527198084160109
GSM6339601	CGTGCACAGGTCCACA-1	4457	2328	0.5223244334754319
GSM6339601	CGTGCACAGTGAAGTG-1	7330	4530	0.6180081855388813
GSM6339601	CGTGCTGCAACTGGGA-1	14438	11622	0.8049591356143511
GSM6339601	CGTGCTGCAGGCTTCG-1	21842	16672	0.7633000640966945
GSM6339601	CGTGCTGCAGTCTAAT-1	19966	14096	0.706000200340579
GSM6339601	CGTGGTTCAAGATTCT-1	14081	9507	0.6751651161139124
GSM6339601	CGTGGTTCACATAGCC-1	4050	2586	0.6385185185185185
GSM6339601	CGTGGTTCACTCAACA-1	18586	13019	0.700473474658345
GSM6339601	CGTGGTTCAGAACCGA-1	8258	4653	0.5634536207314119
GSM6339601	CGTGGTTCATCATGGC-1	5140	3127	0.6083657587548638
GSM6339601	CGTGGTTCATGAGCAG-1	9492	6671	0.7028023598820059
GSM6339601	CGTGGTTCATGTGGGA-1	4354	3059	0.702572347266881
GSM6339601	CGTGTGTCAAGGACCA-1	8283	7445	0.8988289267173729
GSM6339601	CGTGTGTCACCACAAC-1	22211	16595	0.7471523119175183
GSM6339601	CGTGTGTCACGTGCTG-1	9241	5972	0.6462504058002381
GSM6339601	CGTGTGTCACTAGCGT-1	14759	9208	0.6238905074869571
GSM6339601	CGTGTGTCATCAGTAT-1	7551	4320	0.5721096543504172
GSM6339601	CGTGTTACAACGTGCT-1	8042	4414	0.5488684406863964
GSM6339601	CGTGTTACAAGCTTTG-1	4632	2512	0.542314335060449
GSM6339601	CGTGTTACAAGGTACG-1	11457	7513	0.6557563061883565
GSM6339601	CGTGTTACACAAACTT-1	19552	11757	0.601319558101473
GSM6339601	CGTGTTACAGCAAGTG-1	16496	10553	0.6397308438409312
GSM6339601	CGTGTTACATAAACCT-1	4604	2432	0.5282363162467419
GSM6339601	CGTGTTACATCACTTC-1	5900	3473	0.5886440677966102
GSM6339601	CGTTAAATCCCTCACG-1	14335	8849	0.6173003139169864
GSM6339601	CGTTAAATCCTGGCTT-1	4383	2356	0.5375313712069358
GSM6339601	CGTTAAATCGCATTAA-1	7141	3901	0.5462820333286654
GSM6339601	CGTTAAATCGTTAAGC-1	1558	1093	0.7015404364569962
GSM6339601	CGTTAAATCTAAGGTC-1	5749	3265	0.567924856496782
GSM6339601	CGTTAACAGCCACATG-1	4420	2277	0.5151583710407239
GSM6339601	CGTTAACAGTTGTCAA-1	5359	2585	0.48236611308079863
GSM6339601	CGTTAGGTCCCTCAGT-1	7380	3724	0.5046070460704607
GSM6339601	CGTTAGGTCGCTTCTA-1	1198	623	0.5200333889816361
GSM6339601	CGTTAGGTCTCAATAG-1	732	379	0.51775956284153
GSM6339601	CGTTAGTAGCAGCTAT-1	3387	2337	0.6899911426040743
GSM6339601	CGTTAGTAGGATCACT-1	6718	3748	0.5579041381363501
GSM6339601	CGTTAGTAGGCGGGTA-1	11429	7750	0.6780995712660776
GSM6339601	CGTTAGTAGGCTTAAC-1	19580	15056	0.7689479060265577
GSM6339601	CGTTAGTAGTAGAGGC-1	9838	7116	0.7233177475096564
GSM6339601	CGTTAGTAGTTAGGCT-1	4315	2063	0.47809965237543456
GSM6339601	CGTTATCGTAGGATTT-1	6425	3633	0.5654474708171207
GSM6339601	CGTTATCGTCAATACG-1	13696	9163	0.6690274532710281
GSM6339601	CGTTATCGTGTTGCAA-1	21985	18386	0.8362974755515123
GSM6339601	CGTTATCGTTGGATCA-1	4684	2788	0.5952177625960717
GSM6339601	CGTTATCGTTTCCTCC-1	15138	10330	0.6823886907121152
GSM6339601	CGTTATTTCATCCTAT-1	1048	1612	1.5381679389312977
GSM6339601	CGTTATTTCGGTACGC-1	4898	2509	0.5122498979175174
GSM6339601	CGTTGCAAGAGAGGAG-1	10035	5140	0.5122072745391131
GSM6339601	CGTTGCAAGCTAAGTC-1	16116	9538	0.5918342020352445
GSM6339601	CGTTGCAAGTGTGATC-1	19304	12253	0.6347389142146705
GSM6339601	CGTTGCGCACAGACTC-1	13810	8984	0.6505430847212165
GSM6339601	CGTTGCGCAGCAATAA-1	3253	1699	0.5222871195819244
GSM6339601	CGTTTCTCAAACCTTG-1	4595	2387	0.5194776931447225
GSM6339601	CGTTTCTCACAACCTA-1	5083	2653	0.521935864646862
GSM6339601	CGTTTCTCAGAGGGAG-1	8274	5601	0.676939811457578
GSM6339601	CGTTTCTCATGACTAT-1	3028	1482	0.4894319682959049
GSM6339601	CGTTTCTCATTATGGT-1	401	224	0.5586034912718204
GSM6339601	CGTTTGGAGCGCCTTT-1	10796	6389	0.5917932567617636
GSM6339601	CGTTTGGAGGCTAATC-1	13800	10031	0.7268840579710145
GSM6339601	CGTTTGGAGGTGAAGC-1	16749	10371	0.6192011463370948
GSM6339601	CTAAAGCTCAAGGACA-1	24414	18769	0.7687802080773327
GSM6339601	CTAAAGCTCAGAAACG-1	6618	3405	0.514505893019039
GSM6339601	CTAAAGCTCAGCACGC-1	11116	7905	0.7111370996761425
GSM6339601	CTAAAGCTCAGCCAAT-1	10784	5843	0.5418212166172107
GSM6339601	CTAAAGCTCCCGAAGC-1	13202	10396	0.7874564459930313
GSM6339601	CTAAAGCTCGGGACCT-1	2084	1580	0.7581573896353166
GSM6339601	CTAAAGCTCTCCATGC-1	15462	12604	0.8151597464752296
GSM6339601	CTAAATGTCAAATCGC-1	19941	14261	0.7151597211774735
GSM6339601	CTAAATGTCACTTTAC-1	15234	12730	0.8356308257844296
GSM6339601	CTAAATGTCCGCCTCA-1	8174	4976	0.608759481282114
GSM6339601	CTAAATGTCCTCAGTC-1	11509	6375	0.5539143279172821
GSM6339601	CTAAATGTCTAATCAG-1	4630	2900	0.6263498920086393
GSM6339601	CTAACCACAAGTTATC-1	6435	4115	0.6394716394716394
GSM6339601	CTAACCACAATAATGG-1	14750	9683	0.6564745762711864
GSM6339601	CTAACCACAATTTAGC-1	4868	3061	0.6288003286770748
GSM6339601	CTAACCACAGGCATGA-1	11396	7318	0.6421551421551421
GSM6339601	CTAACCCTCAGCCAAT-1	8279	4857	0.5866650561662037
GSM6339601	CTAACCCTCATGCCTC-1	559	316	0.5652951699463328
GSM6339601	CTAACCCTCATGTTTC-1	10900	6857	0.6290825688073395
GSM6339601	CTAACCCTCCTCGATC-1	17804	14363	0.8067288249831499
GSM6339601	CTAACCTGTCACCAAA-1	9029	6323	0.7002990364381437
GSM6339601	CTAACCTGTCCGTAGG-1	13531	8526	0.6301086394205898
GSM6339601	CTAACCTGTCTCACTG-1	11440	9069	0.7927447552447553
GSM6339601	CTAACCTGTGTTAGCA-1	701	345	0.4921540656205421
GSM6339601	CTAACCTGTTAGGCGT-1	7537	4617	0.6125779487859891
GSM6339601	CTAACCTGTTTACTTG-1	11513	7521	0.653261530443846
GSM6339601	CTAACCTGTTTCCTCC-1	8137	4483	0.5509401499324075
GSM6339601	CTAAGGTTCAACAAGG-1	10895	7376	0.6770078017439193
GSM6339601	CTAAGGTTCACTCAAA-1	11450	8185	0.7148471615720524
GSM6339601	CTAAGGTTCCGGTATG-1	23293	16369	0.7027433134418065
GSM6339601	CTAAGGTTCTAGCGTG-1	19041	15530	0.8156084239273147
GSM6339601	CTAAGGTTCTTAGTCT-1	11160	5723	0.5128136200716846
GSM6339601	CTAAGTCAGGACCGCT-1	10559	7018	0.6646462733213373
GSM6339601	CTAAGTCAGGCAGGTG-1	1146	764	0.6666666666666666
GSM6339601	CTAAGTCAGGTTAGAG-1	3125	1783	0.57056
GSM6339601	CTAAGTCAGTTCCCGT-1	11230	8142	0.7250222617987533
GSM6339601	CTAATAGTCAGAAACG-1	2391	1467	0.6135508155583438
GSM6339601	CTAATAGTCCAGGTTG-1	7758	4620	0.5955143078112916
GSM6339601	CTAATAGTCCCTCGCA-1	16353	13025	0.7964899406836666
GSM6339601	CTAATAGTCTGCAACG-1	2401	1260	0.5247813411078717
GSM6339601	CTAATCCGTAGGTTTG-1	4405	4043	0.9178206583427923
GSM6339601	CTAATCCGTATGGTGC-1	19875	13966	0.702691823899371
GSM6339601	CTAATCCGTGCTGGTG-1	1049	544	0.5185891325071497
GSM6339601	CTAATCGCAAGGACCA-1	15735	13701	0.8707340324118208
GSM6339601	CTAATCGCAAGTAAGC-1	8557	5741	0.6709127030501344
GSM6339601	CTAATCGCAAGTTATC-1	18020	15469	0.8584350721420644
GSM6339601	CTAATCGCAATAGCAA-1	1784	1069	0.5992152466367713
GSM6339601	CTAATCGCAATTTGGT-1	16894	11519	0.6818397064046408
GSM6339601	CTAATCGCATAAGTTC-1	4955	3589	0.7243188698284561
GSM6339601	CTAATCGCATCAGTAT-1	7606	3938	0.5177491454115172
GSM6339601	CTAATCGCATGTTGTG-1	490	245	0.5
GSM6339601	CTAATCTTCCCGAAGC-1	12513	7484	0.5980979781027731
GSM6339601	CTAATCTTCCTCATGC-1	8899	5986	0.6726598494212833
GSM6339601	CTAATCTTCGTAATCA-1	9044	5132	0.5674480318443167
GSM6339601	CTAATCTTCGTGCCTT-1	2413	1307	0.5416493990882718
GSM6339601	CTAATGTCACCTAATG-1	24347	20453	0.8400624306896127
GSM6339601	CTAATGTCAGGTTAAA-1	2600	1201	0.46192307692307694
GSM6339601	CTAATGTCATAACGGG-1	6355	4402	0.6926829268292682
GSM6339601	CTAATGTCATCGTTCT-1	7363	4053	0.550454977590656
GSM6339601	CTAATTGAGGACAATG-1	2952	1884	0.6382113821138211
GSM6339601	CTAATTGAGGCTACAT-1	7703	3844	0.49902635336881734
GSM6339601	CTAATTGAGGGTCTAT-1	11294	6759	0.5984593589516557
GSM6339601	CTAATTGAGGTTAGCT-1	13740	8836	0.6430858806404658
GSM6339601	CTAATTGAGTCACCTC-1	2036	1319	0.6478388998035364
GSM6339601	CTACAACAGACAGGTA-1	2626	1892	0.7204874333587205
GSM6339601	CTACAACAGCAACATC-1	12831	9075	0.707271451952303
GSM6339601	CTACAACAGGGATGAC-1	4941	3409	0.6899413074276463
GSM6339601	CTACAACAGGTAAGCA-1	997	490	0.49147442326980945
GSM6339601	CTACAACAGTCACCAG-1	7332	5121	0.6984451718494271
GSM6339601	CTACCGGCAGTATGTT-1	588	337	0.5731292517006803
GSM6339601	CTACCGGCATTTAAGC-1	4466	2407	0.538961038961039
GSM6339601	CTACCTCAGAACAAGT-1	18025	13642	0.7568377253814147
GSM6339601	CTACCTCAGAGGAAGG-1	13577	10740	0.7910436768063637
GSM6339601	CTACCTCAGCGAGGTG-1	14861	10867	0.7312428504138349
GSM6339601	CTACCTCAGTAGCGGG-1	1951	1575	0.8072783188108662
GSM6339601	CTACGAAGTAGCTAGC-1	2711	1599	0.5898192548874954
GSM6339601	CTACGAAGTAGGTGTC-1	5150	2582	0.5013592233009708
GSM6339601	CTACGAAGTCATGCCC-1	24853	19601	0.7886774232487024
GSM6339601	CTACGAAGTGATTACG-1	12550	8811	0.7020717131474103
GSM6339601	CTACGAAGTGGGTGAA-1	19700	15484	0.785989847715736
GSM6339601	CTACGAAGTTAATGAC-1	13248	10653	0.8041213768115942
GSM6339601	CTACGAAGTTCATCTA-1	19486	19896	1.0210407472031202
GSM6339601	CTACGAAGTTCCGCAC-1	5711	3886	0.6804412537208895
GSM6339601	CTACGAAGTTGGGTTA-1	1890	1081	0.571957671957672
GSM6339601	CTACTAAAGCACAGAA-1	11837	6998	0.5911970938582412
GSM6339601	CTACTAAAGCTGCACA-1	7006	3935	0.5616614330573794
GSM6339601	CTACTAAAGGTCGATT-1	6732	4502	0.6687462863933452
GSM6339601	CTACTAAAGTGGACAA-1	727	566	0.7785419532324622
GSM6339601	CTACTAAAGTTATGGC-1	10418	6536	0.6273756959109233
GSM6339601	CTACTAAAGTTGGGCC-1	15102	10292	0.6814991391868627
GSM6339601	CTACTTAGTGGATTAT-1	3043	1875	0.6161682550115019
GSM6339601	CTACTTAGTTATTGCC-1	8192	6173	0.7535400390625
GSM6339601	CTACTTAGTTCATTTG-1	16186	11891	0.7346472259977759
GSM6339601	CTACTTAGTTCGGTAA-1	17737	12361	0.6969047753284096
GSM6339601	CTACTTAGTTGTGATG-1	10034	6892	0.6868646601554714
GSM6339601	CTAGATTCACCAACCG-1	14835	10443	0.703943377148635
GSM6339601	CTAGATTCACCAGCAT-1	13815	13567	0.9820484980094101
GSM6339601	CTAGATTCACGGTTTA-1	7696	4738	0.6156444906444907
GSM6339601	CTAGATTCAGGAATCG-1	5966	3372	0.5652028159570902
GSM6339601	CTAGATTCAGGCGAGT-1	11483	6907	0.6014978664112166
GSM6339601	CTAGATTCATAATTGC-1	8252	7284	0.8826951042171595
GSM6339601	CTAGATTCATGTTGCA-1	4967	3032	0.610428830279847
GSM6339601	CTAGCGGGTAAGGTTT-1	1524	881	0.5780839895013123
GSM6339601	CTAGCGGGTCACAGCG-1	9675	8919	0.9218604651162791
GSM6339601	CTAGCGGGTCATCATC-1	15546	12912	0.8305673485140872
GSM6339601	CTAGCGGGTGGACATC-1	1901	1011	0.5318253550762756
GSM6339601	CTAGCGGGTGGACCTG-1	12104	9314	0.7694976867151355
GSM6339601	CTAGCGGGTGGTTAGC-1	6606	4454	0.6742355434453527
GSM6339601	CTAGCGGGTTGCAATG-1	9625	6223	0.6465454545454545
GSM6339601	CTAGCTGAGCCACATG-1	11025	7330	0.6648526077097505
GSM6339601	CTAGCTGAGCGCCTAA-1	7580	4151	0.5476253298153034
GSM6339601	CTAGCTGAGCGGATAA-1	9493	6889	0.7256926156115032
GSM6339601	CTAGCTGAGCTCCTTA-1	8702	5035	0.5786026200873362
GSM6339601	CTAGCTGAGGAAGCTA-1	8563	4650	0.5430339834170267
GSM6339601	CTAGCTGAGGATGATG-1	23637	19585	0.8285738460887592
GSM6339601	CTAGCTGAGGTAGCTT-1	15476	11479	0.7417291289738951
GSM6339601	CTAGCTGAGTATTGGC-1	1798	1329	0.739154616240267
GSM6339601	CTAGCTGAGTCAGGCC-1	14065	11513	0.8185567010309278
GSM6339601	CTAGCTGAGTTCCTCA-1	7064	4001	0.5663929784824462
GSM6339601	CTAGCTTGTACCCACC-1	1532	854	0.5574412532637075
GSM6339601	CTAGCTTGTCAAAGGG-1	11570	8136	0.7031979256698357
GSM6339601	CTAGCTTGTCGACTCC-1	780	599	0.767948717948718
GSM6339601	CTAGCTTGTGCTAGAC-1	10133	6341	0.6257771637224909
GSM6339601	CTAGCTTGTTAAGGTT-1	14569	10838	0.7439082984418972
GSM6339601	CTAGGACGTAAAGCAA-1	11726	6365	0.5428108476888964
GSM6339601	CTAGGACGTAAATTGC-1	3074	1764	0.5738451528952505
GSM6339601	CTAGGACGTACAAAGA-1	4120	2525	0.6128640776699029
GSM6339601	CTAGGACGTACCTTAC-1	25949	19675	0.7582180430845119
GSM6339601	CTAGGACGTATTTGGG-1	1191	750	0.6297229219143576
GSM6339601	CTAGGACGTCCGTAGG-1	8832	5048	0.5715579710144928
GSM6339601	CTAGGACGTGCACGCA-1	970	676	0.6969072164948453
GSM6339601	CTAGGCGGTAACGAGG-1	3120	1844	0.591025641025641
GSM6339601	CTAGGCGGTAGACAAA-1	8403	4952	0.5893133404736404
GSM6339601	CTAGGCGGTCACAAAT-1	20439	14456	0.7072753070111062
GSM6339601	CTAGGCGGTCATAACG-1	6958	5499	0.7903133084219603
GSM6339601	CTAGGCGGTCGTTATC-1	879	545	0.6200227531285551
GSM6339601	CTAGGCGGTGATGATT-1	13258	12852	0.9693769799366421
GSM6339601	CTAGGCGGTGCTCCGT-1	21829	19754	0.9049429657794676
GSM6339601	CTAGTAATCATCCTCA-1	10607	6964	0.6565475629301405
GSM6339601	CTAGTAATCTAGCTAA-1	854	465	0.544496487119438
GSM6339601	CTAGTAGGTTTCGCGC-1	4602	2664	0.5788787483702738
GSM6339601	CTAGTCGAGACAAAGT-1	15723	11476	0.7298861540418495
GSM6339601	CTAGTCGAGCAAGGAC-1	9274	5473	0.5901444899719647
GSM6339601	CTAGTCGAGCAGCTAT-1	2629	1704	0.6481551920882465
GSM6339601	CTAGTCGAGCTTGCTC-1	22727	22094	0.9721476657719893
GSM6339601	CTAGTGAGTAGTAAGA-1	2518	1515	0.6016679904686258
GSM6339601	CTAGTGAGTCCGTAGG-1	1735	2971	1.712391930835735
GSM6339601	CTAGTGAGTCTATCGT-1	15267	10570	0.6923429619440623
GSM6339601	CTAGTGAGTTGTCCAT-1	1859	1009	0.542764927380312
GSM6339601	CTAGTGAGTTTCGCCA-1	11510	11848	1.0293657688966116
GSM6339601	CTAGTTGCACAATACT-1	4890	3106	0.6351738241308793
GSM6339601	CTAGTTGCACCTATAG-1	14135	11265	0.7969579059073223
GSM6339601	CTAGTTGCACCTCACC-1	13964	12110	0.8672300200515611
GSM6339601	CTAGTTGCATAAAGCA-1	3993	2147	0.5376909591785625
GSM6339601	CTAGTTGCATAATGAG-1	4136	3027	0.7318665377176016
GSM6339601	CTAGTTGCATCGCTTT-1	18388	16415	0.8927017620187079
GSM6339601	CTAGTTGCATGGCCTG-1	10599	7520	0.7095008963109727
GSM6339601	CTATAACCAAGGTAAC-1	3802	1957	0.5147290899526565
GSM6339601	CTATAACCAGTTAGCC-1	6077	3282	0.5400691130492019
GSM6339601	CTATGACAGCCTTAAA-1	2016	1114	0.5525793650793651
GSM6339601	CTATGACAGGGACTAA-1	7917	8171	1.0320828596690665
GSM6339601	CTATGACAGGTCGAGG-1	1657	874	0.5274592637296318
GSM6339601	CTATGACAGTATGTGC-1	1182	826	0.6988155668358714
GSM6339601	CTATGAGGTAATGGAA-1	971	726	0.7476828012358393
GSM6339601	CTATGAGGTATTTGGG-1	1639	823	0.5021354484441732
GSM6339601	CTATGAGGTGCGCATG-1	20094	13373	0.6655220463820046
GSM6339601	CTATGAGGTGTCACGG-1	3507	2138	0.609637867122897
GSM6339601	CTATGAGGTGTTTGCT-1	4163	2752	0.6610617343262071
GSM6339601	CTATGAGGTTCCGCAC-1	25415	18362	0.7224867204406846
GSM6339601	CTATGAGGTTGTTGTC-1	16768	13989	0.8342676526717557
GSM6339601	CTATGATCAACTAGAA-1	17937	11042	0.6155990410882534
GSM6339601	CTATGATCACGAATTT-1	24985	20261	0.8109265559335601
GSM6339601	CTATGATCACTTACAG-1	12482	10612	0.8501842653420926
GSM6339601	CTATGATCAGATAGAC-1	2484	1413	0.5688405797101449
GSM6339601	CTATGATCAGCAAATA-1	21686	17846	0.8229272341602878
GSM6339601	CTATGATCAGCAGGTA-1	9619	5803	0.6032851647780435
GSM6339601	CTATGGCCAAGGAATC-1	13270	12326	0.9288620949510173
GSM6339601	CTATGGCCACAATGTT-1	7528	4131	0.5487513283740701
GSM6339601	CTATGGCCAGATAGAC-1	3276	2383	0.7274114774114774
GSM6339601	CTATGGCCAGCAATAA-1	3324	1910	0.5746089049338147
GSM6339601	CTATGGCCAGGCCATT-1	4118	2218	0.5386109762020398
GSM6339601	CTATGGCCAGTAGGTG-1	11112	9127	0.8213642908567315
GSM6339601	CTATGGCCATCTAGCA-1	14811	11735	0.7923165215042873
GSM6339601	CTATGGCCATTTGCTC-1	10898	6712	0.6158928243714443
GSM6339601	CTATTACTCACCATTT-1	1066	589	0.5525328330206379
GSM6339601	CTATTACTCATCCACC-1	5313	3437	0.6469038208168643
GSM6339601	CTATTACTCCCTCGCA-1	7246	4829	0.6664366547060447
GSM6339601	CTATTACTCCTAAATG-1	8882	6266	0.7054717405989642
GSM6339601	CTATTACTCGCAAACT-1	10703	6906	0.645239652433897
GSM6339601	CTATTACTCTAATCTC-1	18304	14416	0.7875874125874126
GSM6339601	CTATTCAGTAAATTGC-1	2977	1465	0.4921061471279812
GSM6339601	CTATTCAGTTCACTGT-1	9347	6366	0.6810741414357548
GSM6339601	CTATTCAGTTCCATTA-1	530	263	0.4962264150943396
GSM6339601	CTATTGAAGCTCGCTT-1	4915	2147	0.4368260427263479
GSM6339601	CTATTGAAGGCCATCA-1	11798	7016	0.5946770639091371
GSM6339601	CTATTGAAGGCGAAAC-1	22061	19271	0.8735324781288246
GSM6339601	CTATTGAAGGGCTTAT-1	13262	8861	0.6681496003619364
GSM6339601	CTCAATAAGAAAGCAT-1	6830	3990	0.5841874084919473
GSM6339601	CTCAATAAGCTCAAAC-1	5787	3373	0.5828581302920338
GSM6339601	CTCAATAAGCTTACTT-1	8028	4613	0.5746138515196811
GSM6339601	CTCACAACAGCTAATT-1	5445	3896	0.7155188246097337
GSM6339601	CTCACAACATAACGGG-1	7386	3915	0.5300568643379366
GSM6339601	CTCACACTCAGCAAGA-1	1020	592	0.5803921568627451
GSM6339601	CTCACACTCCAAGTGT-1	738	462	0.6260162601626016
GSM6339601	CTCACACTCGGTTCCT-1	592	471	0.7956081081081081
GSM6339601	CTCACTCAGAAGGTGC-1	12295	8399	0.6831232208214721
GSM6339601	CTCACTCAGCTTTGGG-1	8855	8090	0.9136081309994354
GSM6339601	CTCACTCAGGGACTAA-1	5118	3183	0.6219226260257913
GSM6339601	CTCACTCAGTCGCTAG-1	10105	6581	0.6512617516081148
GSM6339601	CTCATCATCTCGCCCA-1	626	384	0.6134185303514377
GSM6339601	CTCATGACACTTAACG-1	14634	11684	0.7984146508131748
GSM6339601	CTCATGACAGAGGGAG-1	4950	3279	0.6624242424242425
GSM6339601	CTCATGACATCAGCAC-1	5389	2725	0.5056596771200593
GSM6339601	CTCATGACATGTCAGC-1	12529	8878	0.708596057147418
GSM6339601	CTCATGACATTAAGCT-1	11445	8284	0.7238095238095238
GSM6339601	CTCATGACATTGGGAG-1	2176	1602	0.7362132352941176
GSM6339601	CTCATGCTCCGGTTGA-1	517	321	0.620889748549323
GSM6339601	CTCATGCTCGTTACTT-1	1862	1562	0.8388829215896885
GSM6339601	CTCATGCTCGTTTCTG-1	1732	833	0.4809468822170901
GSM6339601	CTCATGCTCTTTGAGA-1	2149	1244	0.5788738948348069
GSM6339601	CTCATTAGTAGTTGGC-1	788	510	0.6472081218274112
GSM6339601	CTCATTAGTATACTGG-1	610	287	0.4704918032786885
GSM6339601	CTCATTAGTCATGCAA-1	977	486	0.49744114636642783
GSM6339601	CTCATTAGTGATCATG-1	1057	777	0.7350993377483444
GSM6339601	CTCATTAGTTACTTCA-1	1714	1129	0.6586931155192532
GSM6339601	CTCATTGTCCTACCTA-1	5186	2955	0.5698033166216737
GSM6339601	CTCATTGTCGATTCTT-1	1578	1013	0.6419518377693283
GSM6339601	CTCATTGTCTATGACA-1	412	179	0.4344660194174757
GSM6339601	CTCATTGTCTGTGAGT-1	390	212	0.5435897435897435
GSM6339601	CTCATTGTCTTAGGAC-1	768	588	0.765625
GSM6339601	CTCATTTAGCTCATAA-1	13085	8927	0.6822315628582346
GSM6339601	CTCATTTAGGAGGTTA-1	7377	4316	0.5850616781889657
GSM6339601	CTCATTTAGGCTATGT-1	2830	2092	0.7392226148409894
GSM6339601	CTCATTTAGGTACCGC-1	619	403	0.6510500807754442
GSM6339601	CTCATTTAGTAAGTCC-1	20968	14735	0.7027375047691721
GSM6339601	CTCCAAACAAGTGTCC-1	6137	3563	0.580576829069578
GSM6339601	CTCCAAACACTGACTA-1	4303	2376	0.5521729026260749
GSM6339601	CTCCAAACATAGTCAT-1	8397	5093	0.6065261402881982
GSM6339601	CTCCAACTCAGTTCCC-1	10199	6031	0.5913324835768212
GSM6339601	CTCCAACTCGATCAGT-1	5030	2823	0.5612326043737574
GSM6339601	CTCCAACTCGCTATAA-1	11592	6860	0.5917874396135265
GSM6339601	CTCCAACTCTTGATGA-1	3888	2182	0.5612139917695473
GSM6339601	CTCCATCAGCCGGTAC-1	427	240	0.5620608899297423
GSM6339601	CTCCATCAGCTATTGA-1	4720	2988	0.6330508474576271
GSM6339601	CTCCATCAGGCAGGTG-1	3465	2200	0.6349206349206349
GSM6339601	CTCCCTGAGAAGGTGC-1	6362	3685	0.5792203709525306
GSM6339601	CTCCCTGAGCGAGGTG-1	15220	9989	0.6563074901445467
GSM6339601	CTCCCTGAGCTACTGG-1	17355	13974	0.8051858254105445
GSM6339601	CTCCCTGAGCTATTGA-1	3152	1342	0.42576142131979694
GSM6339601	CTCCCTGAGCTCCCTG-1	6889	3860	0.5603135433299463
GSM6339601	CTCCCTGAGCTTGCTC-1	4367	2303	0.5273643233340967
GSM6339601	CTCCCTGAGGATTGCT-1	554	247	0.44584837545126355
GSM6339601	CTCCCTGAGGTAGCTT-1	13220	7718	0.5838124054462935
GSM6339601	CTCCCTGAGGTTACAC-1	18575	18383	0.9896635262449529
GSM6339601	CTCCGGACACAGGAAT-1	9678	6532	0.6749328373630915
GSM6339601	CTCCGGACAGGCCAAA-1	24320	14647	0.6022615131578948
GSM6339601	CTCCGGACAGGTTACC-1	4278	2385	0.5575035063113605
GSM6339601	CTCCGGACATAATCAC-1	6263	3158	0.5042311991058598
GSM6339601	CTCCGGACATGGAGGC-1	21673	21916	1.0112121072301943
GSM6339601	CTCCGTCCAACCCTCC-1	4534	2314	0.5103661226290251
GSM6339601	CTCCGTCCACAGCCAT-1	8885	5958	0.6705683736634778
GSM6339601	CTCCGTCCACTGACTA-1	7841	4954	0.6318071674531309
GSM6339601	CTCCGTCCAGGCCAAA-1	6438	3879	0.6025163094128612
GSM6339601	CTCCGTCCATATAACC-1	12407	7200	0.5803175626662368
GSM6339601	CTCCGTCCATCATGGC-1	886	641	0.7234762979683973
GSM6339601	CTCCGTCCATTCCTCG-1	803	539	0.6712328767123288
GSM6339601	CTCCTAATCAGTGAAG-1	3569	2053	0.5752311571868871
GSM6339601	CTCCTAATCCATAATG-1	20402	17411	0.853396725811195
GSM6339601	CTCCTAATCCGGGACT-1	4679	2613	0.5584526608249626
GSM6339601	CTCCTAATCGCTTCTA-1	12643	8214	0.6496875741517045
GSM6339601	CTCCTCACAACACTTG-1	6004	3120	0.519653564290473
GSM6339601	CTCCTCACAAGCCACT-1	10855	7132	0.6570244127130355
GSM6339601	CTCCTCACAAGCGATG-1	8914	5165	0.5794256226161095
GSM6339601	CTCCTCACACCATATG-1	17107	14702	0.8594142748582452
GSM6339601	CTCCTCACAGACAAAC-1	5159	3025	0.5863539445628998
GSM6339601	CTCCTCACAGTATGTT-1	4758	3846	0.8083228247162674
GSM6339601	CTCCTGAGTACGTTTC-1	18389	11962	0.6504975800750449
GSM6339601	CTCCTGAGTCCTTAGT-1	12861	8323	0.6471502993546381
GSM6339601	CTCCTGAGTGCAACTA-1	3644	2779	0.7626234906695939
GSM6339601	CTCCTGAGTTACAACG-1	639	387	0.6056338028169014
GSM6339601	CTCCTGAGTTGGTTCT-1	6433	3988	0.619928493704337
GSM6339601	CTCGACAAGACAAACG-1	10112	9220	0.9117879746835443
GSM6339601	CTCGACAAGGCCGGAA-1	10635	6402	0.6019746121297602
GSM6339601	CTCGACAAGGCGAAAC-1	6676	4281	0.6412522468544039
GSM6339601	CTCGACAAGTGAGAGC-1	5077	2558	0.5038408508961986
GSM6339601	CTCGACAAGTTATCTC-1	11963	7083	0.592075566329516
GSM6339601	CTCGCTAGTGTAACCA-1	14674	8603	0.5862750442960338
GSM6339601	CTCGCTAGTTAATGCG-1	9517	4681	0.49185667752442996
GSM6339601	CTCGCTCCAAACCCTA-1	9727	5530	0.5685206127274597
GSM6339601	CTCGCTCCACGTTACA-1	8060	4431	0.5497518610421837
GSM6339601	CTCGCTCCAGCAATAA-1	5820	3125	0.5369415807560137
GSM6339601	CTCGCTCCAGGCAAGC-1	4812	3231	0.6714463840399002
GSM6339601	CTCGCTCCATATAACC-1	7401	3722	0.5029050128361032
GSM6339601	CTCGCTCCATGTCAGC-1	8325	5121	0.6151351351351352
GSM6339601	CTCGTTATCAGCACGC-1	7999	4921	0.6152019002375297
GSM6339601	CTCGTTATCATTACGA-1	3350	1606	0.47940298507462686
GSM6339601	CTCGTTATCCTAACGG-1	466	255	0.5472103004291845
GSM6339601	CTCGTTATCTAATCAG-1	2133	1269	0.5949367088607594
GSM6339601	CTCTAAGCAAGCGATG-1	1030	462	0.44854368932038835
GSM6339601	CTCTAAGCACATGCTA-1	12180	6406	0.5259441707717569
GSM6339601	CTCTAAGCAGCAGGTA-1	11929	6617	0.554698633582027
GSM6339601	CTCTAAGCAGTCTATG-1	8040	3910	0.486318407960199
GSM6339601	CTCTAAGCAGTTGCGT-1	10654	5809	0.5452412239534448
GSM6339601	CTCTAAGCATAGTCAT-1	3113	1553	0.49887568262126564
GSM6339601	CTCTAGCTCAATTGGC-1	1474	784	0.5318860244233379
GSM6339601	CTCTAGCTCATGGTGT-1	9966	7250	0.7274734095926149
GSM6339601	CTCTAGCTCGATCAGT-1	5604	3389	0.6047466095645967
GSM6339601	CTCTATGTCAAACCTA-1	622	438	0.7041800643086816
GSM6339601	CTCTATGTCAAGCTAC-1	6613	4693	0.7096627854226524
GSM6339601	CTCTATGTCAATGAGG-1	17154	11320	0.6599043954762738
GSM6339601	CTCTATGTCATTAGCA-1	17427	14242	0.8172376197853904
GSM6339601	CTCTATGTCCGTCCAT-1	8935	6326	0.7080022383883604
GSM6339601	CTCTATGTCCTCAGCT-1	10465	7067	0.6752986144290493
GSM6339601	CTCTATGTCGCACAAT-1	3311	2076	0.6270009060706735
GSM6339601	CTCTCACAGCGAGTAA-1	5377	3175	0.590477961688674
GSM6339601	CTCTCACAGGCTTAAC-1	14577	9174	0.6293476023873225
GSM6339601	CTCTCACAGTTTCCGC-1	9804	5878	0.5995512035903713
GSM6339601	CTCTGTTCAAATACCT-1	11186	8973	0.8021634185589129
GSM6339601	CTCTGTTCACCAAAGG-1	3937	2286	0.5806451612903226
GSM6339601	CTCTGTTCACGTAATT-1	2875	1592	0.5537391304347826
GSM6339601	CTCTGTTCAGAGAGCC-1	1758	884	0.502844141069397
GSM6339601	CTCTTGATCAGGCCTA-1	3701	2050	0.5539043501756282
GSM6339601	CTCTTGATCATCAGTA-1	14542	9062	0.6231605006188969
GSM6339601	CTCTTGATCATTGTTC-1	8351	4872	0.5834031852472757
GSM6339601	CTCTTGATCCCTCACG-1	24940	19664	0.7884522854851644
GSM6339601	CTCTTGATCTAGCGTG-1	13752	14198	1.032431646305992
GSM6339601	CTCTTGATCTCAATAG-1	4628	3155	0.6817199654278306
GSM6339601	CTGAAACTCCTCCATA-1	5341	2932	0.5489608687511702
GSM6339601	CTGAAACTCCTTTACG-1	1914	1894	0.9895506792058516
GSM6339601	CTGAAACTCTAAGGTC-1	4152	6032	1.4527938342967244
GSM6339601	CTGAAACTCTTGCTAT-1	1763	1202	0.681792399319342
GSM6339601	CTGAATATCACCGGTA-1	16879	12740	0.7547840511878666
GSM6339601	CTGAATATCAGTTCCC-1	5870	2922	0.49778534923339013
GSM6339601	CTGAATATCCATAATG-1	13828	12713	0.9193665027480474
GSM6339601	CTGAATATCGAGCAAA-1	2480	1457	0.5875
GSM6339601	CTGACATAGCAGCTAT-1	2368	1560	0.6587837837837838
GSM6339601	CTGACATAGGCCTGGT-1	16573	14631	0.8828214565860134
GSM6339601	CTGACATAGGCGTAAA-1	4491	2361	0.5257181028724115
GSM6339601	CTGACATAGGTGAAGC-1	19133	17060	0.8916531646892804
GSM6339601	CTGACATAGTGAGGGT-1	21613	19963	0.923657058251978
GSM6339601	CTGACCAAGCTTTGGG-1	7015	3731	0.5318602993585174
GSM6339601	CTGACCAAGGAACCGG-1	7747	4725	0.609913514908997
GSM6339601	CTGACCAAGGTAACGA-1	14231	7410	0.520694259012016
GSM6339601	CTGATCACAGCTTACA-1	13170	12130	0.9210326499620349
GSM6339601	CTGATCACAGGCTGTT-1	6824	3620	0.5304806565064478
GSM6339601	CTGATCACATACCCGG-1	1353	786	0.5809312638580931
GSM6339601	CTGCAATAGCGGTTAT-1	17833	12321	0.6909101104693546
GSM6339601	CTGCAATAGCTTAACA-1	3760	2175	0.5784574468085106
GSM6339601	CTGCAATAGTATTGCA-1	5219	3283	0.6290477102893275
GSM6339601	CTGCAATAGTCTCACC-1	14217	9971	0.7013434620524724
GSM6339601	CTGCAATAGTTAGGCT-1	1736	1046	0.6025345622119815
GSM6339601	CTGCTACTCAATGACC-1	829	487	0.5874547647768396
GSM6339601	CTGCTACTCAGGGCCT-1	6430	3624	0.5636080870917574
GSM6339601	CTGCTACTCATGCTTT-1	499	335	0.6713426853707415
GSM6339601	CTGCTACTCCGTCCAT-1	6075	4006	0.6594238683127572
GSM6339601	CTGCTACTCCTAGTCC-1	5399	3242	0.6004815706612335
GSM6339601	CTGCTATGTACTTAGG-1	12318	6573	0.5336093521675597
GSM6339601	CTGCTATGTTACAAAC-1	5669	3359	0.5925207267595696
GSM6339601	CTGCTATGTTTAACGG-1	10079	6186	0.6137513642226411
GSM6339601	CTGCTCCCAAATTGCT-1	10081	9450	0.9374070032734848
GSM6339601	CTGCTCCCAACACTTG-1	3962	2361	0.5959111559818273
GSM6339601	CTGCTCCCAATATGGA-1	7408	3945	0.5325323974082073
GSM6339601	CTGCTCCCACCTCGCT-1	8498	5735	0.6748646740409509
GSM6339601	CTGCTCCCAGGAATCG-1	9201	5052	0.5490707531790023
GSM6339601	CTGCTCCCAGGTTACC-1	7472	4261	0.570262312633833
GSM6339601	CTGGACCAGAATCGCT-1	7511	4178	0.556250832112901
GSM6339601	CTGGACCAGACAGGCG-1	8682	4723	0.5439990785533287
GSM6339601	CTGGACCAGTAACGGA-1	7472	3738	0.5002676659528907
GSM6339601	CTGGACCAGTGAACGA-1	21223	13311	0.6271969090138058
GSM6339601	CTGGACCAGTGCACGC-1	6859	5121	0.7466102930456334
GSM6339601	CTGGATGTCAATCTCT-1	10017	6921	0.6909254267744834
GSM6339601	CTGGATGTCATGGTTA-1	1058	713	0.6739130434782609
GSM6339601	CTGGATGTCCCTCAGT-1	18689	13320	0.7127187115415485
GSM6339601	CTGGATGTCTTGATGA-1	14092	8700	0.6173715583309679
GSM6339601	CTGGCTAAGAATGACG-1	14554	9907	0.6807063350281709
GSM6339601	CTGGCTAAGATAGACG-1	24882	21025	0.844988344988345
GSM6339601	CTGGCTAAGCGCCTAA-1	15459	11460	0.7413157384048127
GSM6339601	CTGGCTAAGCGGGCAA-1	24419	20753	0.8498710020885376
GSM6339601	CTGGCTAAGCGGTTAT-1	7315	4324	0.5911141490088858
GSM6339601	CTGGCTAAGGCAAGTA-1	5298	2676	0.5050962627406569
GSM6339601	CTGGCTAAGTCTATGA-1	5130	2520	0.49122807017543857
GSM6339601	CTGGCTAAGTTACCGG-1	12976	8738	0.6733970406905055
GSM6339601	CTGGTAAGTAACCTAG-1	8078	4054	0.5018568952711067
GSM6339601	CTGGTAAGTACCTTAC-1	15965	9084	0.5689946758534293
GSM6339601	CTGGTAAGTAGCCTAA-1	748	471	0.6296791443850267
GSM6339601	CTGGTAAGTGAGCGAA-1	3797	2044	0.5383197260995523
GSM6339601	CTGGTCAAGACAAACG-1	7018	5086	0.7247078939868908
GSM6339601	CTGGTCAAGCAAGGAC-1	16468	11703	0.7106509594364828
GSM6339601	CTGGTCAAGCAGGTGG-1	15704	9763	0.6216887417218543
GSM6339601	CTGGTCAAGCTTAGTA-1	17386	13045	0.7503163464856781
GSM6339601	CTGGTCAAGGTGCGGA-1	1799	1149	0.6386881600889383
GSM6339601	CTGGTCAAGTAACGAG-1	11240	9302	0.8275800711743773
GSM6339601	CTGGTCAAGTTTCCTG-1	9580	6027	0.6291231732776618
GSM6339601	CTGGTTACAAACTAAG-1	7416	4814	0.6491370010787486
GSM6339601	CTGGTTACACAGACTC-1	23350	17184	0.7359314775160599
GSM6339601	CTGGTTACACATAACT-1	14538	10659	0.7331820057779612
GSM6339601	CTGGTTACAGTAGCCT-1	9812	5966	0.6080309824704444
GSM6339601	CTGGTTACAGTATGTT-1	10726	6828	0.6365840014917024
GSM6339601	CTGGTTACATAAGCAA-1	10941	8133	0.7433506992048259
GSM6339601	CTGGTTACATGATTGT-1	16061	11140	0.6936056285411867
GSM6339601	CTGGTTACATGTTTGG-1	578	298	0.5155709342560554
GSM6339601	CTGGTTTGTGATCAGC-1	4562	2485	0.5447172292854011
GSM6339601	CTGGTTTGTGGCTTCC-1	25528	20392	0.7988091507364462
GSM6339601	CTGGTTTGTTATCCGT-1	953	560	0.5876180482686254
GSM6339601	CTGGTTTGTTGCGGAT-1	11603	7530	0.6489700939412221
GSM6339601	CTGTAACAGCAAGGTA-1	8722	4944	0.5668424673240082
GSM6339601	CTGTAACAGCACAGAA-1	3235	2256	0.6973724884080371
GSM6339601	CTGTAACAGCACTTGG-1	5787	3920	0.6773803352341455
GSM6339601	CTGTAACAGCCAGTAT-1	9962	6202	0.6225657498494278
GSM6339601	CTGTAACAGGCGGGTA-1	17673	15809	0.8945283766197024
GSM6339601	CTGTAACAGTAGAGGC-1	11691	6772	0.5792489949533829
GSM6339601	CTGTAACAGTTGGGCC-1	18294	12501	0.6833387996064283
GSM6339601	CTGTACCTCGAGGAGT-1	11725	6000	0.511727078891258
GSM6339601	CTGTACCTCGGGCCAT-1	10110	7546	0.7463897131552918
GSM6339601	CTGTACCTCTGTGAGT-1	9689	6671	0.6885127464134586
GSM6339601	CTGTACCTCTTAGGAC-1	13018	9356	0.7186971885082194
GSM6339601	CTGTACCTCTTGCAAA-1	12598	10496	0.8331481187490077
GSM6339601	CTGTATTTCAACAAGG-1	4545	2163	0.4759075907590759
GSM6339601	CTGTATTTCCAGGGAG-1	7105	3618	0.5092188599577762
GSM6339601	CTGTATTTCCCGTTAC-1	8922	5073	0.5685944855413584
GSM6339601	CTGTATTTCCCTTGCG-1	25879	19331	0.7469763128405271
GSM6339601	CTGTATTTCGGCCAGT-1	16212	12014	0.7410560078953862
GSM6339601	CTGTATTTCGTGCCTT-1	3420	2479	0.7248538011695906
GSM6339601	CTGTATTTCGTTAAGC-1	1282	1233	0.9617784711388455
GSM6339601	CTGTGTGAGCATTATG-1	18359	11385	0.6201318154583583
GSM6339601	CTGTGTGAGCTTCCCG-1	4591	2385	0.5194946634720105
GSM6339601	CTGTGTGAGGACGTAA-1	18779	13045	0.6946589275254273
GSM6339601	CTGTGTGAGGCGAATA-1	10413	7293	0.700374531835206
GSM6339601	CTGTGTGAGTAACCCG-1	2357	1378	0.5846414934238439
GSM6339601	CTGTTAAAGACTCGCA-1	1436	688	0.479108635097493
GSM6339601	CTGTTAAAGGAGGGTT-1	7022	3762	0.5357448020506979
GSM6339601	CTGTTAAAGTAAACCC-1	6946	3982	0.5732795853728765
GSM6339601	CTGTTAAAGTTGGGCC-1	3818	2068	0.5416448402304872
GSM6339601	CTGTTCATCAATGTGC-1	11055	6059	0.5480777928539122
GSM6339601	CTGTTCATCGTAATCA-1	9245	10573	1.1436452136289887
GSM6339601	CTGTTCATCTATGACA-1	977	558	0.5711361310133061
GSM6339601	CTGTTGGAGAAACTGG-1	589	275	0.466893039049236
GSM6339601	CTGTTGGAGGCACAGG-1	4023	2187	0.5436241610738255
GSM6339601	CTGTTGGAGGTTACGT-1	14040	9079	0.6466524216524216
GSM6339601	CTGTTTAGTAATCGGC-1	1015	580	0.5714285714285714
GSM6339601	CTGTTTAGTAATGGCC-1	4981	2524	0.5067255571170448
GSM6339601	CTGTTTAGTATTACCC-1	2047	1493	0.7293600390815828
GSM6339601	CTGTTTAGTCATGCAA-1	11552	6021	0.5212084487534626
GSM6339601	CTGTTTAGTGACATAT-1	2416	1793	0.742135761589404
GSM6339601	CTGTTTAGTGTCCAAA-1	703	349	0.49644381223328593
GSM6339601	CTGTTTAGTGTGTCCC-1	2809	1328	0.47276610893556426
GSM6339601	CTGTTTAGTTTAGCGA-1	9762	5142	0.5267363245236631
GSM6339601	CTTAACAAGATAAAGC-1	4276	2554	0.5972871842843779
GSM6339601	CTTAACAAGCTAAGTC-1	4528	2689	0.5938604240282686
GSM6339601	CTTAAGATCACGCGGT-1	14508	13709	0.9449269368624207
GSM6339601	CTTAAGATCACGTTAA-1	10418	7371	0.7075254367440967
GSM6339601	CTTAAGATCATCAGTA-1	5059	3288	0.6499308163668709
GSM6339601	CTTAAGATCCGGTTAG-1	3815	2018	0.528964613368283
GSM6339601	CTTAAGATCGCCTGTT-1	12154	8237	0.677719269376337
GSM6339601	CTTAAGATCTCATCAT-1	15350	10562	0.6880781758957655
GSM6339601	CTTAAGATCTGTTCAT-1	7635	4640	0.6077275703994761
GSM6339601	CTTAAGGGTATGGTGC-1	13797	9262	0.671305356236863
GSM6339601	CTTAAGGGTGCATCGG-1	2436	1192	0.48932676518883417
GSM6339601	CTTAAGGGTGGAAGGC-1	6459	3594	0.5564328843474222
GSM6339601	CTTAAGGGTTCCATTA-1	870	500	0.5747126436781609
GSM6339601	CTTAAGGGTTGCTGGG-1	10050	5660	0.56318407960199
GSM6339601	CTTAATGAGCATGGTT-1	3090	1871	0.6055016181229773
GSM6339601	CTTAATGAGTAAACCC-1	4309	1923	0.44627523787421675
GSM6339601	CTTAATGAGTTATGTG-1	3434	1955	0.5693069306930693
GSM6339601	CTTACCGGTAAGTCGC-1	565	326	0.5769911504424778
GSM6339601	CTTACCGGTAGCCATA-1	13862	16785	1.210864233155389
GSM6339601	CTTACCGGTATTGAGT-1	11707	7406	0.6326129666011788
GSM6339601	CTTACCGGTCCTTAGT-1	5780	2632	0.45536332179930794
GSM6339601	CTTACCGGTTAGTACG-1	17548	10754	0.6128333713243674
GSM6339601	CTTACCTCACCGGCTA-1	1040	916	0.8807692307692307
GSM6339601	CTTACCTCAGCAGGTA-1	5867	3466	0.5907618885290609
GSM6339601	CTTACCTCATACCCGG-1	7423	4367	0.5883066145763168
GSM6339601	CTTACCTCATTATGAC-1	2300	1380	0.6
GSM6339601	CTTACTAGTCATGCAA-1	5406	3218	0.5952645209027007
GSM6339601	CTTACTAGTCTAACAG-1	2519	1236	0.4906709011512505
GSM6339601	CTTACTAGTTTGAGCA-1	7165	4538	0.6333565945568737
GSM6339601	CTTACTAGTTTGTGGA-1	3768	2594	0.6884288747346072
GSM6339601	CTTAGGAGTAGGATCC-1	8443	5274	0.624659481227052
GSM6339601	CTTAGGAGTGTTGCTT-1	17179	13196	0.7681471564118982
GSM6339601	CTTAGTTTCAAACACC-1	17522	13284	0.7581326332610433
GSM6339601	CTTAGTTTCAGAAACG-1	3806	2073	0.544666316342617
GSM6339601	CTTAGTTTCCTAGTCC-1	14329	8879	0.6196524530672064
GSM6339601	CTTAGTTTCGCCTAAG-1	3605	2438	0.6762829403606103
GSM6339601	CTTAGTTTCTTGCAAA-1	718	495	0.6894150417827298
GSM6339601	CTTATGTTCAGGCTAT-1	11557	9132	0.7901704594617981
GSM6339601	CTTATGTTCATTAGTG-1	24775	15889	0.6413319878910192
GSM6339601	CTTATGTTCCAAGTTA-1	5019	3649	0.7270372584180116
GSM6339601	CTTATGTTCCATAAGC-1	2486	1806	0.7264682220434433
GSM6339601	CTTATGTTCCCGAACA-1	5755	4165	0.7237185056472633
GSM6339601	CTTATGTTCGCACACA-1	6757	6252	0.9252626905431405
GSM6339601	CTTATTGGTAATAGCT-1	18400	14897	0.8096195652173913
GSM6339601	CTTATTGGTAGCTGCG-1	1283	877	0.6835541699142634
GSM6339601	CTTATTGGTCACACCC-1	1301	913	0.7017678708685626
GSM6339601	CTTATTGGTCACGGAT-1	500	315	0.63
GSM6339601	CTTATTGGTCATGCCC-1	5398	3358	0.6220822526861801
GSM6339601	CTTATTGGTGTAATAC-1	1973	1084	0.5494171312721744
GSM6339601	CTTATTGGTTAAGGCC-1	1043	487	0.4669223394055609
GSM6339601	CTTATTGGTTATTGCC-1	3788	2164	0.5712777191129884
GSM6339601	CTTCAAGCAGATAGAC-1	14606	11029	0.7551006435711352
GSM6339601	CTTCAAGCAGGAATCG-1	10466	7380	0.7051404548060386
GSM6339601	CTTCAAGCAGGTTACC-1	1431	737	0.5150244584206848
GSM6339601	CTTCAAGCAGTTTGGC-1	1952	985	0.5046106557377049
GSM6339601	CTTCAATTCAAGTGTC-1	18279	13289	0.7270091361671864
GSM6339601	CTTCAATTCAATGTCA-1	5139	3189	0.6205487448920023
GSM6339601	CTTCAATTCATGAAGG-1	10604	8479	0.7996039230479064
GSM6339601	CTTCAATTCCACAATA-1	738	477	0.6463414634146342
GSM6339601	CTTCAATTCCATCAGG-1	9467	6088	0.6430759480299989
GSM6339601	CTTCAATTCGGTTACG-1	5694	3135	0.5505795574288725
GSM6339601	CTTCAATTCTATGACA-1	3051	1741	0.570632579482137
GSM6339601	CTTCAATTCTTTAAGG-1	11740	8426	0.717717206132879
GSM6339601	CTTCACTCAAAGGTAC-1	8313	5841	0.7026344280043305
GSM6339601	CTTCACTCAAATGCCC-1	15860	10640	0.6708701134930644
GSM6339601	CTTCACTCACCACAAC-1	21345	13513	0.6330756617474819
GSM6339601	CTTCACTCAGAACCGA-1	14762	11131	0.7540306191572957
GSM6339601	CTTCACTCAGTTTGGC-1	18127	15891	0.8766480940034204
GSM6339601	CTTCACTCATAAGTCT-1	5933	3391	0.5715489634249115
GSM6339601	CTTCACTCATCATGTG-1	21452	12163	0.5669867611411523
GSM6339601	CTTCAGGAGCAAGACA-1	26257	16791	0.6394866130936512
GSM6339601	CTTCAGGAGGAACACA-1	11695	7267	0.6213766566908936
GSM6339601	CTTCAGGAGGGACGCA-1	12664	8073	0.6374763108022742
GSM6339601	CTTCAGGAGGGCTTAT-1	6457	3765	0.5830881214186154
GSM6339601	CTTCAGGAGTACTGGT-1	6946	5127	0.7381226605240426
GSM6339601	CTTCAGGAGTTAACCA-1	1199	568	0.4737281067556297
GSM6339601	CTTCAGGAGTTATTCC-1	5240	2989	0.5704198473282442
GSM6339601	CTTCAGGAGTTCCTGC-1	4797	2778	0.5791119449656035
GSM6339601	CTTCATCCAAGCTTTG-1	11209	8350	0.7449371041127665
GSM6339601	CTTCATCCACAAACTT-1	5487	3131	0.5706214689265536
GSM6339601	CTTCATCCACGCAACT-1	646	340	0.5263157894736842
GSM6339601	CTTCATCCAGCTTAGC-1	3278	2111	0.6439902379499695
GSM6339601	CTTCATCCATAATCGT-1	20905	19969	0.9552260224826596
GSM6339601	CTTCATCCATAATTGC-1	14144	11419	0.8073388009049773
GSM6339601	CTTCATCCATACTCCT-1	554	269	0.4855595667870036
GSM6339601	CTTCATCCATGCAACC-1	525	348	0.6628571428571428
GSM6339601	CTTCGCGTCACAGACT-1	18714	15200	0.8122261408571123
GSM6339601	CTTCGCGTCAGGCTAT-1	10269	5981	0.5824325640276561
GSM6339601	CTTCGCGTCATAGACC-1	1488	1215	0.8165322580645161
GSM6339601	CTTCGCGTCATCCTGC-1	2350	1444	0.614468085106383
GSM6339601	CTTCGCGTCTTGCAAA-1	5650	3818	0.6757522123893805
GSM6339601	CTTCTAAGTAGGTTGC-1	12397	7920	0.6388642413487134
GSM6339601	CTTCTAAGTCATGCAA-1	21074	17483	0.8296004555376293
GSM6339601	CTTCTAAGTCGCGCAA-1	12403	10197	0.8221398048859146
GSM6339601	CTTCTAAGTGAAACAA-1	6403	3481	0.5436514133999688
GSM6339601	CTTCTAAGTGACCTGG-1	9467	5586	0.5900496461392204
GSM6339601	CTTCTAAGTGCTCACC-1	2697	2465	0.9139784946236559
GSM6339601	CTTCTAAGTGGACATC-1	408	180	0.4411764705882353
GSM6339601	CTTCTAAGTGGATTGC-1	1921	1227	0.6387298282144717
GSM6339601	CTTCTAAGTGTTGTGA-1	1485	1065	0.7171717171717171
GSM6339601	CTTCTAAGTGTTTCAC-1	4429	2551	0.575976518401445
GSM6339601	CTTCTAAGTGTTTGAG-1	13917	9954	0.7152403535244665
GSM6339601	CTTCTCAAGCCAGTAT-1	1133	657	0.5798764342453663
GSM6339601	CTTCTCAAGCTGGCTA-1	16078	12246	0.7616618982460505
GSM6339601	CTTCTCAAGGAGCAAC-1	19309	19576	1.0138277487182143
GSM6339601	CTTCTCAAGGTGCGGA-1	4187	2359	0.5634105564843563
GSM6339601	CTTGAACAGCTAATTG-1	7549	5271	0.6982381772420189
GSM6339601	CTTGAATCAGATTCAT-1	13961	10595	0.75889979227849
GSM6339601	CTTGAATCATTGACAT-1	5354	3083	0.5758311542771759
GSM6339601	CTTGACGAGCAATAGG-1	4652	2361	0.5075236457437661
GSM6339601	CTTGACGAGCGGCTGT-1	12417	7662	0.6170572602077796
GSM6339601	CTTGACGAGTGGCGGA-1	2863	1388	0.48480614739783445
GSM6339601	CTTGCAACAACATAAG-1	1450	608	0.4193103448275862
GSM6339601	CTTGCAACAAGTGTTT-1	5675	3385	0.5964757709251102
GSM6339601	CTTGCAACAATTGACT-1	2972	2289	0.7701884253028264
GSM6339601	CTTGCAACAGACAAAC-1	17980	12830	0.7135706340378198
GSM6339601	CTTGCAACAGCTCATA-1	19995	15891	0.7947486871717929
GSM6339601	CTTGCAACAGTTATCG-1	10235	6744	0.6589154860771861
GSM6339601	CTTGCAACATTGCGGT-1	22877	15842	0.69248590287188
GSM6339601	CTTGCATGTAGGTGTC-1	7184	5435	0.7565423162583519
GSM6339601	CTTGCATGTGCATTTC-1	15441	12112	0.7844051551065345
GSM6339601	CTTGCATGTGCTCCAC-1	5440	2557	0.47003676470588235
GSM6339601	CTTGCATGTGTTGCTT-1	4620	2467	0.533982683982684
GSM6339601	CTTGCATGTTTAGCTC-1	4863	2598	0.5342381246144355
GSM6339601	CTTGCGCGTAATGACT-1	1300	745	0.573076923076923
GSM6339601	CTTGCGCGTAGTAAGA-1	1856	986	0.53125
GSM6339601	CTTGCGCGTCATTGAG-1	8964	5367	0.5987282463186078
GSM6339601	CTTGCGCGTGCTCCAC-1	24035	16145	0.6717287289369669
GSM6339601	CTTGCGCGTTGTTGTC-1	4374	2121	0.4849108367626886
GSM6339601	CTTGCTCAGACCATAC-1	6476	5184	0.8004941321803583
GSM6339601	CTTGCTCAGGAAGCAC-1	1183	1022	0.863905325443787
GSM6339601	CTTGCTCAGGCGCATC-1	2212	1207	0.5456600361663653
GSM6339601	CTTGCTCAGTTGCGTG-1	13042	8064	0.6183100751418494
GSM6339601	CTTGGACCAAAGCGGC-1	515	345	0.6699029126213593
GSM6339601	CTTGGACCACCTCAGG-1	14202	8572	0.6035769609914097
GSM6339601	CTTGGACCAGGCTAGA-1	1243	955	0.7683024939662108
GSM6339601	CTTGGACCAGTTAGCC-1	6589	3348	0.5081195932614965
GSM6339601	CTTGGACCATGTCAAT-1	2473	1605	0.6490093004448039
GSM6339601	CTTGTAAAGAGAGGCT-1	2804	1923	0.6858059914407989
GSM6339601	CTTGTAAAGCACGTTG-1	5452	3613	0.6626925898752751
GSM6339601	CTTGTAAAGCATTTCT-1	14297	11771	0.8233195775337483
GSM6339601	CTTGTAAAGCTCCTTA-1	9628	5385	0.5593061902783548
GSM6339601	CTTGTAAAGGAGGACT-1	1826	1296	0.7097480832420592
GSM6339601	CTTGTAAAGGCTGTGC-1	17912	13073	0.7298459133541759
GSM6339601	CTTGTAAAGGGTGAGT-1	1232	594	0.48214285714285715
GSM6339601	CTTGTAAAGTGAACCT-1	2296	1460	0.6358885017421603
GSM6339601	CTTGTCCAGCACGTTG-1	14307	9744	0.681065212832879
GSM6339601	CTTGTCCAGCTTCCCG-1	7334	4497	0.6131715298609217
GSM6339601	CTTGTCCAGGAACGGT-1	17297	13605	0.7865525813724923
GSM6339601	CTTGTCCAGGATGATG-1	13675	8481	0.6201828153564899
GSM6339601	CTTGTCCAGGCGCTTA-1	2002	923	0.461038961038961
GSM6339601	CTTGTCCAGGTGAAGC-1	6958	5951	0.8552745041678643
GSM6339601	CTTGTTCCAATGAATG-1	14407	10747	0.7459568265426528
GSM6339601	CTTGTTCCACTCGCTC-1	10419	7636	0.7328918322295805
GSM6339601	CTTGTTCCACTGACCG-1	3316	1769	0.5334740651387213
GSM6339601	CTTGTTCCAGGCTTGT-1	10237	5583	0.5453746214711341
GSM6339601	CTTGTTCCATGGCCCA-1	17180	12005	0.6987776484284052
GSM6339601	CTTGTTCCATTAAGTC-1	26154	21094	0.8065305498202952
GSM6339601	CTTGTTTAGTTCCTGC-1	1341	884	0.6592095451155854
GSM6339601	CTTTAGGCAAATACCT-1	2057	1069	0.5196888672824501
GSM6339601	CTTTAGGCAGGCTAGA-1	11705	8844	0.7555745407945322
GSM6339601	CTTTAGGCATAATGTC-1	20302	19246	0.9479854201556497
GSM6339601	CTTTAGGCATGGCCCA-1	1785	1017	0.5697478991596638
GSM6339601	CTTTAGGCATTCCTCG-1	6870	4094	0.595924308588064
GSM6339601	CTTTAGTTCACTTTAC-1	1001	559	0.5584415584415584
GSM6339601	CTTTAGTTCCTACCTA-1	9512	6800	0.7148864592094197
GSM6339601	CTTTAGTTCTCAATGA-1	4657	2891	0.6207859136783337
GSM6339601	CTTTATCAGGCCGGAA-1	2272	1781	0.7838908450704225
GSM6339601	CTTTATCAGTGCACGC-1	1120	760	0.6785714285714286
GSM6339601	CTTTATCAGTTGTCAA-1	19689	13490	0.6851541469856265
GSM6339601	CTTTATGGTCATTACC-1	19090	15026	0.7871136720796228
GSM6339601	CTTTATGGTCCTAATC-1	9035	5109	0.5654676258992806
GSM6339601	CTTTATGGTTCAAGAT-1	3808	1899	0.49868697478991597
GSM6339601	CTTTCTTGTCTAACCT-1	18545	15236	0.8215691561067673
GSM6339601	CTTTCTTGTGAACAAA-1	2671	2210	0.8274054661175589
GSM6339601	CTTTCTTGTGTTCCCA-1	4313	2343	0.5432413633201948
GSM6339601	CTTTGAGCAAGCGAGC-1	3617	2147	0.5935858446226154
GSM6339601	CTTTGAGCAAGTCGCT-1	14460	10307	0.7127939142461964
GSM6339601	CTTTGAGCAATACTGT-1	3167	1515	0.47837069782128194
GSM6339601	CTTTGAGCAGAAATGC-1	14243	8926	0.6266938145053711
GSM6339601	CTTTGGGAGAAAGCAT-1	2684	1696	0.6318926974664679
GSM6339601	CTTTGGGAGACACTTA-1	13644	11820	0.8663148636763413
GSM6339601	CTTTGGGAGACAGGCG-1	1263	636	0.503562945368171
GSM6339601	CTTTGGGAGCGATAAG-1	1545	936	0.6058252427184466
GSM6339601	CTTTGGGAGGGTGGAT-1	578	387	0.6695501730103807
GSM6339601	CTTTGGGAGTCAGGCC-1	17631	17972	1.0193409335828938
GSM6339601	CTTTGGGAGTTATCTC-1	3704	2630	0.7100431965442765
GSM6339601	CTTTGGGAGTTTCCTG-1	7700	4169	0.5414285714285715
GSM6339601	CTTTGGTGTATTCGTC-1	3856	2663	0.6906120331950207
GSM6339601	CTTTGGTGTTCCAGGG-1	1808	1166	0.6449115044247787
GSM6339601	CTTTGGTGTTCGCTCA-1	5041	2855	0.5663558817694901
GSM6339601	CTTTGGTGTTGTGATG-1	3993	2246	0.5624843476083146
GSM6339601	CTTTGTCCAATTAACC-1	3891	2131	0.547674119763557
GSM6339601	CTTTGTCCAATTTAGC-1	21747	12800	0.5885869315307859
GSM6339601	CTTTGTCCACCAAAGG-1	4934	2862	0.5800567490879611
GSM6339601	CTTTGTCCACCAGCAT-1	5691	3388	0.5953259532595326
GSM6339601	CTTTGTCCAGCACGTT-1	2076	946	0.4556840077071291
GSM6339601	GAAACCCGTCACAGAC-1	7829	5886	0.7518201558308851
GSM6339601	GAAACCCGTCTTGCAT-1	2826	2330	0.8244869072894551
GSM6339601	GAAACCCGTTAACGGC-1	6869	3537	0.51492211384481
GSM6339601	GAAACCCGTTGGCCGA-1	6642	3726	0.5609756097560976
GSM6339601	GAAACCCGTTTATCTG-1	12612	8425	0.6680145892800508
GSM6339601	GAAACTGAGCAAGGGT-1	4408	3652	0.8284936479128857
GSM6339601	GAAACTGAGCCATCAG-1	518	322	0.6216216216216216
GSM6339601	GAAACTGAGCTCCTAC-1	7107	4974	0.6998733642887294
GSM6339601	GAAACTGAGGGTGAAC-1	1653	1007	0.6091954022988506
GSM6339601	GAAACTGAGTGAGCAA-1	11709	6989	0.5968912802118029
GSM6339601	GAAACTGAGTTGGGCC-1	6839	3587	0.5244918847784764
GSM6339601	GAAAGCCAGCATTTCT-1	2938	2238	0.7617426820966644
GSM6339601	GAAAGCCAGCCGGTAC-1	9897	6207	0.6271597453773871
GSM6339601	GAAAGCCAGCTATTGA-1	6303	3144	0.4988100904331271
GSM6339601	GAAAGCCAGCTGTACG-1	15792	11534	0.730369807497467
GSM6339601	GAAAGCCAGGACCGCT-1	7373	4364	0.5918893259188932
GSM6339601	GAAAGCCAGGCGGATG-1	12646	9213	0.7285307607148506
GSM6339601	GAAAGGCTCGAGGTGG-1	7159	3996	0.5581785165525911
GSM6339601	GAAAGGCTCTGCAACG-1	1152	554	0.4809027777777778
GSM6339601	GAACACAAGATTCCTT-1	436	364	0.8348623853211009
GSM6339601	GAACACAAGGAACCGG-1	15464	12990	0.8400155199172271
GSM6339601	GAACACAAGGCGCTAC-1	16801	9936	0.5913933694422951
GSM6339601	GAACCAAAGCTAAGTC-1	12159	8213	0.6754667324615511
GSM6339601	GAACCAAAGGACCTGC-1	11670	8065	0.6910882604970009
GSM6339601	GAACCAGCACGTTACA-1	19156	14757	0.7703591564000836
GSM6339601	GAACCAGCAGGCATGA-1	15415	9306	0.6036976970483295
GSM6339601	GAACCAGCAGTAATAG-1	19993	13906	0.6955434402040714
GSM6339601	GAACCAGCATCATGTG-1	22385	19296	0.8620058074603529
GSM6339601	GAACCAGCATTGCGTA-1	7548	4272	0.5659777424483307
GSM6339601	GAACCGCTCAGCAAGA-1	1160	887	0.7646551724137931
GSM6339601	GAACCGCTCCATAATG-1	2991	2032	0.6793714476763624
GSM6339601	GAACCGCTCTCACACC-1	10580	6572	0.62117202268431
GSM6339601	GAACCTGTCATGTGGT-1	9339	6281	0.6725559481743227
GSM6339601	GAACCTGTCGATTTAG-1	802	457	0.5698254364089775
GSM6339601	GAACCTGTCTAAGGAG-1	1886	998	0.5291622481442205
GSM6339601	GAACCTTAGCCTCTCG-1	20571	16100	0.7826551942054348
GSM6339601	GAACCTTAGTGAGGGT-1	17019	12942	0.7604442094130089
GSM6339601	GAACCTTAGTTAACCA-1	16315	9218	0.5650015323322096
GSM6339601	GAACGAATCCGCCAAA-1	6365	3214	0.5049489395129615
GSM6339601	GAACGAATCGGTAACT-1	6979	4735	0.678463963318527
GSM6339601	GAACGAATCTGGTCCT-1	5932	3694	0.6227242076871207
GSM6339601	GAACGAATCTTAAGTG-1	1188	687	0.5782828282828283
GSM6339601	GAACTTATCAATCTAG-1	1075	790	0.7348837209302326
GSM6339601	GAACTTATCACAGGAA-1	1148	987	0.8597560975609756
GSM6339601	GAACTTATCCGCAAAT-1	3619	2338	0.6460348162475822
GSM6339601	GAACTTATCGGTTACG-1	11203	7141	0.6374185486030528
GSM6339601	GAACTTATCTCACACC-1	6267	4437	0.7079942556247009
GSM6339601	GAAGCCTGTGCGCGTA-1	18913	16591	0.8772273039708137
GSM6339601	GAAGCCTGTTAGACCA-1	13843	11507	0.8312504514917287
GSM6339601	GAAGCCTGTTCACCAT-1	13876	13197	0.9510665897953301
GSM6339601	GAAGCCTGTTGGATCA-1	12469	11643	0.9337557141711444
GSM6339601	GAAGCTAAGGAACGCG-1	3666	2063	0.5627386797599564
GSM6339601	GAAGCTAAGGACCAGG-1	2722	1777	0.6528288023512123
GSM6339601	GAAGCTAAGGGATGAC-1	4255	2890	0.6792009400705052
GSM6339601	GAAGCTAAGGTTACAC-1	5873	3327	0.5664907202451899
GSM6339601	GAAGCTAAGTCAATTG-1	13646	10324	0.7565586985197127
GSM6339601	GAAGCTAAGTTTCCTG-1	3613	1854	0.5131469692776086
GSM6339601	GAAGGAACAACAGGAT-1	2243	1000	0.44583147570218457
GSM6339601	GAAGGAACAGCAACAG-1	5502	4308	0.7829880043620502
GSM6339601	GAAGGAACATTCCTCG-1	4572	2444	0.5345581802274716
GSM6339601	GAAGGATGTAACAGGG-1	9016	6160	0.6832298136645962
GSM6339601	GAAGGATGTAACCTAG-1	5996	3331	0.555537024683122
GSM6339601	GAAGGATGTCTATCGT-1	13305	8632	0.6487786546411124
GSM6339601	GAAGGATGTGAAACAA-1	16994	13979	0.8225844415676121
GSM6339601	GAAGGATGTGTTTGCT-1	24800	20104	0.8106451612903226
GSM6339601	GAAGGATGTTGAAGCC-1	8361	5333	0.6378423633536658
GSM6339601	GAAGGCCCAACATAAG-1	3308	2199	0.664752116082225
GSM6339601	GAAGGCCCAGCAACCT-1	13451	9265	0.6887963720169504
GSM6339601	GAAGGCCCAGCTAATT-1	14054	10883	0.7743702860395617
GSM6339601	GAAGGCCCAGGGAGGA-1	4342	2392	0.5508982035928144
GSM6339601	GAAGGCTAGAAACTGG-1	14303	11165	0.7806054673844648
GSM6339601	GAAGGCTAGTAAGAAC-1	9167	6026	0.6573579142576633
GSM6339601	GAAGGCTAGTCAATTG-1	19285	13942	0.7229452942701582
GSM6339601	GAAGGCTAGTGAGAGC-1	7624	3682	0.4829485834207765
GSM6339601	GAAGTAAGTGTTTCAC-1	6782	3403	0.5017693895606016
GSM6339601	GAAGTAAGTTCCGGCT-1	14170	10274	0.7250529287226535
GSM6339601	GAAGTAAGTTCGGTAA-1	3901	2588	0.6634196359907716
GSM6339601	GAAGTAAGTTGCACGG-1	532	374	0.7030075187969925
GSM6339601	GAAGTAAGTTTGCGAA-1	1189	545	0.45836837678721615
GSM6339601	GAAGTATAGACAGGTA-1	11266	6652	0.5904491390023078
GSM6339601	GAAGTATAGAGGATAT-1	7260	4630	0.6377410468319559
GSM6339601	GAAGTATAGCAGCTCA-1	9025	5162	0.57196675900277
GSM6339601	GAAGTATAGGATTTGC-1	978	550	0.5623721881390593
GSM6339601	GAAGTATAGGCCGGAA-1	6235	3455	0.5541299117882919
GSM6339601	GAAGTATAGTATCGCG-1	8918	5547	0.6220004485310607
GSM6339601	GAAGTCAAGCATGGTT-1	1201	589	0.4904246461282265
GSM6339601	GAAGTCAAGCATGTTA-1	2873	1978	0.688478941872607
GSM6339601	GAAGTCAAGCGGTTAT-1	1060	525	0.49528301886792453
GSM6339601	GAAGTCAAGGACAACA-1	1728	1062	0.6145833333333334
GSM6339601	GAAGTCAAGGTTACGT-1	3954	1864	0.4714213454729388
GSM6339601	GAAGTGATCATCCACC-1	12283	7973	0.6491085239762273
GSM6339601	GAAGTGATCATTGCAA-1	549	291	0.5300546448087432
GSM6339601	GAAGTGATCCGCCTAT-1	6034	3840	0.6363937686443487
GSM6339601	GAATTTGTCGACCTGA-1	1846	1185	0.6419284940411701
GSM6339601	GAATTTGTCTTGGACG-1	3226	2240	0.69435833849969
GSM6339601	GACAATACAAAGCTAA-1	10367	8330	0.8035111411208643
GSM6339601	GACAATACAACCCTAA-1	11752	9815	0.8351769911504425
GSM6339601	GACAATACAAGACTCC-1	7087	4053	0.5718921969803866
GSM6339601	GACAATACACCAGCAT-1	11698	9090	0.7770559069926484
GSM6339601	GACACCGGTCAATAGT-1	7627	4252	0.5574931165595909
GSM6339601	GACACCGGTCGTAATG-1	1104	747	0.6766304347826086
GSM6339601	GACACCGGTGCGCAAT-1	17138	14271	0.83271093476485
GSM6339601	GACACCGGTTAGGTGC-1	12630	7111	0.5630245447347585
GSM6339601	GACACCGGTTCGCTTG-1	4739	2334	0.4925089681367377
GSM6339601	GACACCGGTTGGCCGA-1	7554	5188	0.6867884564469156
GSM6339601	GACACCGGTTGTTGGA-1	4283	2818	0.6579500350221807
GSM6339601	GACACTAGTTAATCGG-1	1069	843	0.7885874649204865
GSM6339601	GACATAGAGCTCCTTA-1	2972	1579	0.5312920592193809
GSM6339601	GACATAGAGCTTAGTA-1	11069	6340	0.5727708013370675
GSM6339601	GACATAGAGGACCGCT-1	3899	3033	0.7778917671197743
GSM6339601	GACATAGAGTAAAGGT-1	24162	16782	0.694561708467842
GSM6339601	GACATTATCAATTACG-1	622	360	0.5787781350482315
GSM6339601	GACATTATCCCTCAAC-1	2437	1596	0.6549035699630693
GSM6339601	GACATTATCCTTCTAG-1	14064	8132	0.5782138794084186
GSM6339601	GACCGAACAACTAGAA-1	17452	11938	0.6840476736190695
GSM6339601	GACCGAACAGGCGATA-1	7191	4418	0.6143790849673203
GSM6339601	GACCGAACATAATTGC-1	12929	8311	0.6428184701059634
GSM6339601	GACCGTTCAACACTTG-1	6162	3477	0.5642648490749756
GSM6339601	GACCGTTCAGCCTTGG-1	1848	949	0.5135281385281385
GSM6339601	GACCGTTCAGTTATCG-1	14334	9461	0.6600390679503279
GSM6339601	GACCGTTCATGTGGGA-1	9444	5645	0.597734011012283
GSM6339601	GACCTAAGTAGCCTAA-1	1248	720	0.5769230769230769
GSM6339601	GACCTAAGTAGCTGCG-1	18590	9385	0.5048413125336202
GSM6339601	GACCTAAGTAGTAAGA-1	449	354	0.7884187082405345
GSM6339601	GACCTAAGTCGCATAA-1	1311	776	0.5919145690312738
GSM6339601	GACCTAAGTCGTAAAT-1	3028	2061	0.6806472919418758
GSM6339601	GACCTAAGTGAGCGAA-1	15725	10450	0.6645468998410174
GSM6339601	GACCTAAGTTACCTGT-1	8842	5899	0.6671567518660937
GSM6339601	GACCTAAGTTGCGTAA-1	529	301	0.5689981096408318
GSM6339601	GACCTAGTCAAGCTAC-1	2704	1287	0.47596153846153844
GSM6339601	GACCTAGTCCGGTTAG-1	25320	18618	0.7353080568720379
GSM6339601	GACCTAGTCGGGATTT-1	8673	5041	0.5812291018102156
GSM6339601	GACCTAGTCGGTTTCC-1	22559	20748	0.9197216188660845
GSM6339601	GACCTAGTCTCGCCCA-1	6514	3773	0.579214000614062
GSM6339601	GACCTCAAGAAAGGAA-1	9722	5272	0.5422752520057601
GSM6339601	GACCTCAAGACAACAG-1	18389	11834	0.6435368970580239
GSM6339601	GACCTCAAGCAGGTGG-1	7378	4012	0.543778801843318
GSM6339601	GACCTCAAGCTAAAGG-1	24982	15145	0.6062364902729965
GSM6339601	GACCTCAAGGCAAGTA-1	16847	12309	0.7306345343384579
GSM6339601	GACCTCAAGGCATGAA-1	407	273	0.6707616707616708
GSM6339601	GACCTCAAGGGTTATC-1	8724	5219	0.598234754699679
GSM6339601	GACCTGATCAAGCGCC-1	11934	9217	0.7723311546840959
GSM6339601	GACCTGATCATCCTGC-1	4254	2635	0.6194170192759756
GSM6339601	GACCTGATCGGGACTC-1	8275	5326	0.6436253776435046
GSM6339601	GACCTGATCGTTTCGC-1	8690	4728	0.5440736478711162
GSM6339601	GACCTGATCTTAAGTG-1	5805	3324	0.572609819121447
GSM6339601	GACCTGATCTTAGCCC-1	11089	6958	0.6274686626386509
GSM6339601	GACCTGCAGCAACATC-1	16276	12105	0.7437331039567461
GSM6339601	GACCTGCAGCGATAGA-1	4610	2918	0.6329718004338395
GSM6339601	GACCTGCAGGGTGAAC-1	15711	10135	0.6450894277894469
GSM6339601	GACCTGCAGGTGAAAT-1	24208	20763	0.8576916721744877
GSM6339601	GACCTGCAGTACTGGT-1	5129	2841	0.5539091440826672
GSM6339601	GACCTGCAGTAGAGGC-1	21499	13884	0.6457974789525094
GSM6339601	GACCTGCAGTCACTAA-1	6686	4135	0.618456476218965
GSM6339601	GACCTGCAGTCGCTAG-1	11957	7107	0.5943798611691896
GSM6339601	GACCTTTGTAGCTGCG-1	19083	15492	0.8118220405596605
GSM6339601	GACCTTTGTTACAAAC-1	1805	1096	0.607202216066482
GSM6339601	GACCTTTGTTTGCTGT-1	4231	3321	0.7849208225005909
GSM6339601	GACGCAACAATTATGC-1	24041	19476	0.8101160517449357
GSM6339601	GACGCAACACTCGCTC-1	4866	3174	0.6522811344019729
GSM6339601	GACGCAACATAAGTTC-1	3894	1954	0.5017976373908577
GSM6339601	GACGCAACATTGACAT-1	7943	4791	0.603172604809266
GSM6339601	GACGCAACATTGTCAG-1	14104	9857	0.6988797504254113
GSM6339601	GACGCCTAGACTATTG-1	5091	3112	0.6112747986643096
GSM6339601	GACGCCTAGCCACATG-1	11783	9761	0.8283968429092761
GSM6339601	GACGCCTAGCTAAGTC-1	17691	14780	0.835453055225821
GSM6339601	GACGCCTAGCTTATGA-1	4139	2383	0.5757429330756221
GSM6339601	GACGCCTAGCTTTGTT-1	6773	3879	0.5727151926768049
GSM6339601	GACGCCTAGGCTGTGC-1	6030	3054	0.5064676616915423
GSM6339601	GACGCCTAGGTAAGGC-1	3289	1813	0.5512313773183338
GSM6339601	GACGCCTAGTAAACCC-1	20989	14809	0.7055600552670447
GSM6339601	GACGTAAAGCCACATG-1	10638	6776	0.636961834931378
GSM6339601	GACGTAAAGCGGATTT-1	16796	10654	0.6343176946892117
GSM6339601	GACGTAAAGTTCCTGC-1	13852	9118	0.6582442968524401
GSM6339601	GACGTAAAGTTTGGTA-1	11835	8043	0.6795944233206591
GSM6339601	GACTAATGTGTAACCA-1	2351	1245	0.5295618885580604
GSM6339601	GACTAATGTTACGCGG-1	1634	1221	0.7472460220318238
GSM6339601	GACTAATGTTATCGAG-1	10559	6267	0.5935221138365375
GSM6339601	GACTAATGTTGTAACG-1	3179	1593	0.5011009751494181
GSM6339601	GACTAATGTTTCAGGA-1	7083	4087	0.5770153889594805
GSM6339601	GACTATTCAACTCGCG-1	2153	1370	0.6363214119832792
GSM6339601	GACTATTCAAGACTCC-1	5256	2603	0.4952435312024353
GSM6339601	GACTATTCACCGTTCC-1	2740	1760	0.6423357664233577
GSM6339601	GACTATTCACTTCATC-1	13224	9983	0.7549153055051422
GSM6339601	GACTATTCAGATAGAC-1	11730	9395	0.8009377664109122
GSM6339601	GACTATTCAGCATGTC-1	10445	6502	0.622498803255146
GSM6339601	GACTATTCAGGAACTG-1	9782	7529	0.7696790022490289
GSM6339601	GACTATTCATAGACTT-1	18495	13461	0.7278183292781832
GSM6339601	GACTCACCAGAGAGCC-1	3296	1764	0.5351941747572816
GSM6339601	GACTCACCAGTGAACG-1	7612	4587	0.6026011560693642
GSM6339601	GACTCACCAGTTGCGT-1	4447	2161	0.4859455812907578
GSM6339601	GACTCACCATAAGTTC-1	2106	1350	0.6410256410256411
GSM6339601	GACTCACCATAGCGAG-1	10966	6618	0.6035017326281233
GSM6339601	GACTCACCATAGCTTG-1	2523	1709	0.6773682124455014
GSM6339601	GACTCACCATTCAGCA-1	5460	3775	0.6913919413919414
GSM6339601	GACTTACAGCACTAGT-1	1859	1207	0.649273803119957
GSM6339601	GACTTACAGCATGGTT-1	7454	6292	0.8441105446740005
GSM6339601	GACTTACAGGAACGGT-1	3026	1755	0.5799735624586914
GSM6339601	GACTTGGTCATGAGCT-1	3530	2079	0.5889518413597734
GSM6339601	GACTTGGTCATGCTTT-1	16795	11551	0.6877642155403394
GSM6339601	GACTTGGTCGCTAGTG-1	5782	3827	0.6618817018332757
GSM6339601	GAGAAACGTAATTAGC-1	635	448	0.705511811023622
GSM6339601	GAGAAACGTAGCTAAT-1	1787	909	0.5086737548964745
GSM6339601	GAGAAACGTCTTGCAT-1	16928	12801	0.756202741020794
GSM6339601	GAGAAACGTGAGCACT-1	26221	22910	0.8737271652492277
GSM6339601	GAGAAACGTGAGGTGA-1	21723	13742	0.6326013902315518
GSM6339601	GAGAAACGTGGACCTG-1	5864	3338	0.5692360163710778
GSM6339601	GAGAAACGTGGGTGAA-1	3818	2074	0.5432163436354112
GSM6339601	GAGAAACGTTACCGGG-1	6782	3965	0.5846358006487762
GSM6339601	GAGAAACGTTCAAGAT-1	9347	5148	0.5507649513212796
GSM6339601	GAGAACCAGATTGAGG-1	10292	5381	0.5228332685581034
GSM6339601	GAGAACCAGCTATATG-1	7341	3859	0.5256777005857513
GSM6339601	GAGAACCAGGAACCGG-1	12151	9300	0.765369105423422
GSM6339601	GAGAACCAGGAGGACT-1	3676	2406	0.6545157780195865
GSM6339601	GAGAACCAGGTCCGTA-1	18159	14820	0.8161242359160746
GSM6339601	GAGAACCAGTGTTGCG-1	19904	15126	0.7599477491961415
GSM6339601	GAGAACCAGTTATGGC-1	812	552	0.6798029556650246
GSM6339601	GAGAGGCGTAGCAGCT-1	6389	3523	0.5514164971043982
GSM6339601	GAGAGGCGTCCTAATC-1	14291	8810	0.6164719053950038
GSM6339601	GAGAGGCGTTATTGCC-1	4103	2228	0.5430173044114063
GSM6339601	GAGAGGCGTTTCGCCA-1	1442	1012	0.7018030513176144
GSM6339601	GAGAGGCGTTTGTTGC-1	3405	1639	0.4813509544787078
GSM6339601	GAGATAAGTAAGGTCC-1	17175	13249	0.7714119359534207
GSM6339601	GAGATAAGTCATCCTG-1	17770	10487	0.5901519414743951
GSM6339601	GAGATAAGTCTAGCTT-1	496	274	0.5524193548387096
GSM6339601	GAGATAAGTGGTTAGC-1	2677	1774	0.6626821068360105
GSM6339601	GAGATAAGTGTCCTGC-1	961	842	0.8761706555671176
GSM6339601	GAGATAAGTGTTCCCA-1	1061	686	0.646559849198869
GSM6339601	GAGCAAATCCCTGGTT-1	6696	4051	0.6049880525686977
GSM6339601	GAGCAAATCCTGATGG-1	8219	5173	0.6293953035649106
GSM6339601	GAGCAAATCGCTCACT-1	5155	3133	0.6077594568380214
GSM6339601	GAGCAAATCGGGATTT-1	1829	937	0.5123018042646255
GSM6339601	GAGCAAGGTATACTGG-1	15899	11140	0.70067299830178
GSM6339601	GAGCATGCAATAAGCA-1	4878	3102	0.6359163591635917
GSM6339601	GAGCATGCAGCAAGTG-1	17996	14036	0.7799511002444988
GSM6339601	GAGCATGCATCCGTAA-1	6554	4687	0.7151357949343912
GSM6339601	GAGCATGCATTGGGAG-1	4203	2896	0.6890316440637639
GSM6339601	GAGCCACTCAAAGGCA-1	8993	5201	0.5783387078839097
GSM6339601	GAGCCACTCTAGCGAT-1	15165	9516	0.6274975272007913
GSM6339601	GAGCCACTCTAGCTAA-1	14600	10447	0.7155479452054795
GSM6339601	GAGCCACTCTCACACC-1	1607	1085	0.6751711263223398
GSM6339601	GAGCCTTCAGCTCATA-1	9770	5902	0.6040941658137154
GSM6339601	GAGCCTTCATGCTCCC-1	15806	11366	0.7190940149310389
GSM6339601	GAGCCTTCATTGTTGG-1	13400	7959	0.593955223880597
GSM6339601	GAGCGAAGTAATCGTG-1	14933	10598	0.7097033415924463
GSM6339601	GAGCGAAGTAGGTTGC-1	7654	4584	0.5989025346224196
GSM6339601	GAGCGAAGTCAGGCAT-1	7692	3649	0.4743889755590224
GSM6339601	GAGCGAAGTCCTAAGA-1	5437	3696	0.6797866470480044
GSM6339601	GAGCGAAGTGTAATAC-1	1433	741	0.5170969993021632
GSM6339601	GAGCGAAGTTAGACCA-1	10863	7044	0.6484396575531621
GSM6339601	GAGCGAAGTTGCAATG-1	11252	7712	0.6853892641308212
GSM6339601	GAGCGATAGCAATAGG-1	12644	8174	0.646472635242012
GSM6339601	GAGCGATAGCATGTTA-1	895	552	0.6167597765363129
GSM6339601	GAGCGATAGCCAAATC-1	5177	3036	0.5864400231794475
GSM6339601	GAGCGATAGCTTTGTT-1	8385	4978	0.5936791890280262
GSM6339601	GAGCGATAGGACTTAC-1	8394	4846	0.5773171312842507
GSM6339601	GAGCGATAGGCGCACT-1	3303	1628	0.4928852558280351
GSM6339601	GAGCGATAGGTCGATT-1	15130	10688	0.7064111037673496
GSM6339601	GAGCGGTCAAGATTCT-1	1109	517	0.4661857529305681
GSM6339601	GAGCGGTCAAGTTATC-1	15716	11388	0.7246118605243065
GSM6339601	GAGCGGTCAATTTGGT-1	16648	11523	0.6921552138395003
GSM6339601	GAGCGGTCAGGCAAGC-1	21150	14188	0.6708274231678487
GSM6339601	GAGCGGTCATAAACCT-1	18427	11597	0.6293482389971238
GSM6339601	GAGCGGTCATCCCTCA-1	3093	2125	0.6870352408664727
GSM6339601	GAGCTAGCAATAATCC-1	6302	3516	0.5579181212313551
GSM6339601	GAGCTAGCACAGACTC-1	6201	3917	0.6316723109175939
GSM6339601	GAGCTAGCACCAGGTT-1	20737	15542	0.7494816029319574
GSM6339601	GAGCTAGCAGCAAGAT-1	6202	3547	0.571912286359239
GSM6339601	GAGCTAGCAGGAACCA-1	4700	2737	0.5823404255319149
GSM6339601	GAGCTAGCAGGAAGCC-1	4627	2416	0.5221525826669549
GSM6339601	GAGCTAGCATCATGGC-1	5020	3192	0.6358565737051792
GSM6339601	GAGCTAGCATCGTTCT-1	16190	12490	0.7714638665843113
GSM6339601	GAGCTAGCATTAAGTC-1	3965	2867	0.7230769230769231
GSM6339601	GAGCTGCTCAGTGAAG-1	17722	9588	0.5410224579618553
GSM6339601	GAGCTGCTCTGTAATG-1	4597	2183	0.4748749184250598
GSM6339601	GAGCTTAGTAATGGCC-1	7450	4437	0.5955704697986577
GSM6339601	GAGCTTAGTATTGGTG-1	786	365	0.4643765903307888
GSM6339601	GAGCTTAGTCAGGCCA-1	4650	2977	0.6402150537634409
GSM6339601	GAGCTTAGTCATCAAG-1	4119	3561	0.864530225782957
GSM6339601	GAGCTTAGTCCTTAGT-1	26801	19539	0.7290399611954778
GSM6339601	GAGCTTAGTTCATCTA-1	913	583	0.6385542168674698
GSM6339601	GAGCTTGTCAGGTCCA-1	4154	2291	0.5515166104959076
GSM6339601	GAGCTTGTCCATAAGC-1	6700	5940	0.8865671641791045
GSM6339601	GAGCTTGTCCGGTTAG-1	1685	1355	0.8041543026706232
GSM6339601	GAGCTTGTCTTACTCG-1	4872	3408	0.6995073891625616
GSM6339601	GAGCTTGTCTTGCAAA-1	26599	17983	0.6760780480469191
GSM6339601	GAGGACTAGAGCCGCT-1	5428	2933	0.540346352247605
GSM6339601	GAGGACTAGGATAAAC-1	7271	3810	0.523999449869344
GSM6339601	GAGGACTAGGTCTTGG-1	12078	7547	0.6248551084616658
GSM6339601	GAGGACTAGTCCTGAG-1	9478	6115	0.6451783076598439
GSM6339601	GAGGAGGCAAGACTCC-1	4502	2544	0.5650821856952466
GSM6339601	GAGGAGGCAAGATTCT-1	9833	6615	0.6727346689718295
GSM6339601	GAGGAGGCACAACAAA-1	8451	4370	0.5170985682167791
GSM6339601	GAGGAGGCACATAACT-1	11762	8081	0.6870430198945757
GSM6339601	GAGGAGGCAGCCAGAA-1	12883	8515	0.6609485368314834
GSM6339601	GAGGCAAGTATTTGGG-1	10728	6766	0.6306860551826995
GSM6339601	GAGGCAAGTGCTTAGA-1	4062	2015	0.4960610536681438
GSM6339601	GAGGCCTTCCATAATG-1	12873	8370	0.6501980890235376
GSM6339601	GAGGCCTTCTTGAGGT-1	9679	6384	0.6595722698625891
GSM6339601	GAGGCTACAAAGCTAA-1	4763	3211	0.6741549443627965
GSM6339601	GAGGCTACAAGCGATG-1	1257	630	0.5011933174224343
GSM6339601	GAGGCTACAAGCTTAT-1	23782	17411	0.7321083172147002
GSM6339601	GAGGCTACAATCGCAC-1	7078	4607	0.650890081944052
GSM6339601	GAGGCTACAATTTAGC-1	9305	5625	0.6045137023105857
GSM6339601	GAGGCTACACGCAACT-1	9472	7384	0.7795608108108109
GSM6339601	GAGGCTACAGTTAAAG-1	21247	18475	0.8695345225208265
GSM6339601	GAGGCTTGTAATCGGC-1	11603	7332	0.6319055416702577
GSM6339601	GAGGCTTGTAGCAGCT-1	12616	7591	0.6016962587190868
GSM6339601	GAGGCTTGTCAAAGAA-1	8984	5112	0.5690115761353517
GSM6339601	GAGGCTTGTCCTAATC-1	17203	13093	0.7610881822937859
GSM6339601	GAGGCTTGTGTTGCTT-1	24165	15754	0.6519346161804263
GSM6339601	GAGGCTTGTTGCAGTA-1	1706	1073	0.6289566236811255
GSM6339601	GAGGCTTGTTGGTTCT-1	8725	5719	0.6554727793696276
GSM6339601	GAGGCTTGTTTATTCG-1	16010	10300	0.6433479075577764
GSM6339601	GAGGCTTGTTTGGTTC-1	9672	5307	0.548697270471464
GSM6339601	GAGGGAGCAATAGCCC-1	1515	838	0.5531353135313531
GSM6339601	GAGGGAGCAATTATGC-1	3303	2014	0.6097487132909476
GSM6339601	GAGGGAGCACAATACT-1	9070	5512	0.6077177508269018
GSM6339601	GAGGGAGCACTAGGTC-1	5228	3278	0.627008416220352
GSM6339601	GAGGGAGCAGCAAGTG-1	2565	1441	0.5617933723196881
GSM6339601	GAGGGAGCAGCTTACA-1	5577	3274	0.5870539716693562
GSM6339601	GAGGGAGCAGGATGGC-1	1503	946	0.6294078509647372
GSM6339601	GAGGGAGCAGGTTACC-1	1409	892	0.6330731014904187
GSM6339601	GAGGGAGCATCCTAGA-1	6272	3364	0.5363520408163265
GSM6339601	GAGGTACAGGCCATCA-1	15667	12847	0.8200038297057509
GSM6339601	GAGGTACAGGCTATGT-1	8885	6739	0.7584693303320202
GSM6339601	GAGGTACAGGGCCACT-1	15960	10805	0.6770050125313283
GSM6339601	GAGGTACAGTACTGGT-1	2779	1893	0.6811802806765024
GSM6339601	GAGGTACAGTGAGAGC-1	13239	7991	0.6035954377218823
GSM6339601	GAGGTAGGTAACGAGG-1	1416	730	0.5155367231638418
GSM6339601	GAGGTAGGTACCTTAC-1	15247	10311	0.6762641831179904
GSM6339601	GAGGTAGGTCAATAGT-1	805	510	0.6335403726708074
GSM6339601	GAGGTGAGTGGATTGC-1	1950	1277	0.6548717948717949
GSM6339601	GAGGTGAGTTAACGAT-1	18687	14499	0.7758869802536523
GSM6339601	GAGGTGAGTTAAGCGC-1	9631	4995	0.5186377323227079
GSM6339601	GAGGTGAGTTAAGTGT-1	1213	590	0.48639736191261335
GSM6339601	GAGGTTAAGGAAGCAC-1	6276	3065	0.48836838750796685
GSM6339601	GAGGTTAAGGACAACA-1	1999	1168	0.5842921460730365
GSM6339601	GAGGTTAAGGTGCTGC-1	13711	8509	0.620596601269054
GSM6339601	GAGGTTAAGTCACGAT-1	23970	17361	0.7242803504380475
GSM6339601	GAGGTTAAGTGATTCA-1	3874	1925	0.4969024264326278
GSM6339601	GAGTAACCAATTGAGA-1	21661	14592	0.6736531092747334
GSM6339601	GAGTAACCACAACCTA-1	18409	15300	0.8311152153837796
GSM6339601	GAGTAACCACCAAAGG-1	3554	2301	0.6474395047833427
GSM6339601	GAGTAACCAGTAAAGC-1	5226	3240	0.6199770378874856
GSM6339601	GAGTAACCAGTTGCGT-1	1975	1038	0.5255696202531646
GSM6339601	GAGTAACCATAGCTGC-1	6365	3840	0.603299293008641
GSM6339601	GAGTAATAGCACGTTG-1	15173	16619	1.0953008633757333
GSM6339601	GAGTAATAGCATTATG-1	8654	6435	0.7435867806794546
GSM6339601	GAGTAATAGCTTTGGG-1	3375	1709	0.5063703703703704
GSM6339601	GAGTAATAGGTCAAAG-1	1719	1079	0.6276905177428738
GSM6339601	GAGTAATAGGTCCTGA-1	1604	860	0.5361596009975063
GSM6339601	GAGTATCTCATCACTT-1	5101	2893	0.5671436973142521
GSM6339601	GAGTATCTCCAGCACA-1	4436	2883	0.6499098286744815
GSM6339601	GAGTATCTCCTAACGG-1	490	231	0.4714285714285714
GSM6339601	GAGTATCTCGCTAGCA-1	2639	1375	0.5210306934444866
GSM6339601	GAGTATCTCTGTAATG-1	17622	12185	0.691465213937124
GSM6339601	GAGTATCTCTTTGAGA-1	19912	12759	0.6407693852952994
GSM6339601	GAGTCAAAGCCACATG-1	8118	5175	0.6374722838137472
GSM6339601	GAGTCAAAGCTAATTG-1	11369	7305	0.6425367226669012
GSM6339601	GAGTCAAAGCTTTGTT-1	857	560	0.6534422403733956
GSM6339601	GAGTCAAAGGACCTCA-1	1299	717	0.5519630484988453
GSM6339601	GAGTCAAAGGACCTTG-1	12251	7913	0.6459064566157865
GSM6339601	GAGTCAAAGGCTACTG-1	7832	5423	0.6924157303370787
GSM6339601	GAGTCATTCCAGGTTG-1	16229	10173	0.6268408404707622
GSM6339601	GAGTCATTCGCAATCG-1	1991	1082	0.5434455047714716
GSM6339601	GAGTCATTCGTTTCGC-1	875	563	0.6434285714285715
GSM6339601	GAGTCATTCTAAGGTC-1	6189	5045	0.8151559217967361
GSM6339601	GAGTGAGGTACCGTTT-1	7571	4145	0.5474838198388589
GSM6339601	GAGTGAGGTATTCGTC-1	9683	4465	0.46111742228648145
GSM6339601	GAGTGAGGTCAATACG-1	6437	3756	0.5835016311946559
GSM6339601	GAGTGAGGTGTTAGCA-1	564	407	0.7216312056737588
GSM6339601	GAGTGAGGTTACCGGG-1	8929	4445	0.4978161048269683
GSM6339601	GAGTGAGGTTCCGGCT-1	3967	2188	0.5515502898916057
GSM6339601	GAGTGATCAATCCTAG-1	626	303	0.4840255591054313
GSM6339601	GAGTGATCACAGAAAC-1	1278	649	0.5078247261345853
GSM6339601	GAGTGATCACCAACCG-1	19199	11905	0.6200843793947601
GSM6339601	GAGTGATCAGCAAATA-1	10841	5702	0.5259662392768195
GSM6339601	GAGTGATCAGCACGTT-1	3336	1882	0.5641486810551559
GSM6339601	GAGTGATCAGTCTATG-1	24351	19438	0.7982423719765102
GSM6339601	GAGTGATCATAAGTCT-1	7280	4652	0.639010989010989
GSM6339601	GAGTGATCATAATCGT-1	9582	5727	0.597683155917345
GSM6339601	GAGTGTTTCCAGCACA-1	1693	1181	0.6975782634376846
GSM6339601	GAGTGTTTCCTTGCGT-1	1252	949	0.7579872204472844
GSM6339601	GAGTGTTTCGATCAGT-1	12766	8903	0.6973993420021933
GSM6339601	GAGTGTTTCGCTAAGT-1	10201	6560	0.6430742084109401
GSM6339601	GAGTGTTTCTCACTCA-1	10705	7900	0.7379729098552078
GSM6339601	GAGTGTTTCTCTAGCC-1	4367	2621	0.6001831921227387
GSM6339601	GAGTGTTTCTGTTCAT-1	8678	4677	0.5389490666052086
GSM6339601	GAGTTACTCATGCCTC-1	6226	4195	0.6737873433986509
GSM6339601	GAGTTACTCATGCTAA-1	26169	24933	0.9527685429324774
GSM6339601	GAGTTACTCCCGTTAC-1	5087	2625	0.5160212305877727
GSM6339601	GAGTTACTCCCTGGAA-1	10340	6178	0.5974854932301741
GSM6339601	GAGTTACTCCTCATCA-1	19543	13018	0.6661208616896075
GSM6339601	GAGTTGCGTAACTACG-1	6433	3366	0.523239546090471
GSM6339601	GAGTTGCGTCCTAAGA-1	6049	3703	0.6121673003802282
GSM6339601	GAGTTGCGTCCTTTAA-1	24979	14800	0.5924976980663758
GSM6339601	GAGTTGCGTGTTGCTT-1	808	354	0.4381188118811881
GSM6339601	GAGTTGCGTGTTTGAG-1	5905	3698	0.6262489415749365
GSM6339601	GAGTTGCGTTGCTTCG-1	3249	1661	0.5112342259156664
GSM6339601	GAGTTGCGTTGGTTGA-1	770	389	0.5051948051948052
GSM6339601	GAGTTGCGTTGTAAAC-1	9790	5419	0.5535240040858018
GSM6339601	GAGTTTGGTACCCACC-1	3084	1873	0.6073281452658884
GSM6339601	GAGTTTGGTTACATCC-1	11499	7952	0.6915383946430125
GSM6339601	GATAAAGGTAACCACA-1	16759	12771	0.7620383077749269
GSM6339601	GATAAAGGTGCATTTC-1	7335	4251	0.5795501022494888
GSM6339601	GATAAAGGTTGGTTAG-1	543	304	0.5598526703499079
GSM6339601	GATAAAGGTTTATTCG-1	4984	2794	0.5605939004815409
GSM6339601	GATAACGAGCCGCTTT-1	4501	3675	0.8164852255054432
GSM6339601	GATAACGAGCCTGATG-1	12190	7620	0.6251025430680885
GSM6339601	GATAACGAGGAAGCTA-1	1410	1102	0.7815602836879433
GSM6339601	GATAACGAGGCTACTG-1	8863	6559	0.7400428748730679
GSM6339601	GATAACGAGGTGCGGA-1	5663	3367	0.5945611866501854
GSM6339601	GATAACGAGTAACGAG-1	16948	10709	0.6318739674297852
GSM6339601	GATAACGAGTTTGGGT-1	5970	3895	0.652428810720268
GSM6339601	GATAAGCCAATAAGCA-1	19045	11880	0.6237857705434497
GSM6339601	GATAAGCCAGTTTCTC-1	4463	2505	0.5612816491149452
GSM6339601	GATAATCGTCAGGAAG-1	7846	4250	0.5416772877899567
GSM6339601	GATAATCGTGCAATGC-1	4596	2452	0.5335073977371627
GSM6339601	GATAATCGTGTCCAGG-1	9683	5537	0.571826913146752
GSM6339601	GATAGACCACAGAACG-1	1350	634	0.4696296296296296
GSM6339601	GATAGACCACCATATG-1	3516	1534	0.43629124004550623
GSM6339601	GATAGACCACCTGCCT-1	3461	2431	0.7023981508234615
GSM6339601	GATAGACCAGATTCAT-1	6095	3408	0.5591468416735029
GSM6339601	GATAGACCAGGCATGA-1	4234	3460	0.8171941426547
GSM6339601	GATAGACCAGTACCGT-1	7520	4262	0.5667553191489362
GSM6339601	GATAGACCATAAACCT-1	936	501	0.5352564102564102
GSM6339601	GATAGACCATGAATCT-1	1700	887	0.5217647058823529
GSM6339601	GATAGACCATTCCTCG-1	1195	629	0.5263598326359833
GSM6339601	GATCAAGAGAGAGCCG-1	9474	5496	0.5801139962001267
GSM6339601	GATCAAGAGCATGGTT-1	12099	7619	0.6297214645838499
GSM6339601	GATCAAGAGGACAACA-1	1883	1407	0.7472118959107806
GSM6339601	GATCAAGAGGTTTGAC-1	3147	1528	0.48554178582777247
GSM6339601	GATCAAGAGTAACTCA-1	3133	1970	0.6287902968400894
GSM6339601	GATCAAGAGTGAGCGG-1	3133	1853	0.5914458984998404
GSM6339601	GATCACTAGGACACTT-1	2983	1591	0.5333556821991284
GSM6339601	GATCACTAGGAGCACG-1	13224	8345	0.6310496067755595
GSM6339601	GATCACTAGTTGGATC-1	1844	1084	0.5878524945770065
GSM6339601	GATCAGGCAAATTGCT-1	988	714	0.7226720647773279
GSM6339601	GATCAGGCACAGCCAT-1	495	312	0.6303030303030303
GSM6339601	GATCAGGCAGGAATCG-1	11641	12724	1.093033244566618
GSM6339601	GATCAGGCAGGTTTGC-1	733	431	0.5879945429740792
GSM6339601	GATCAGGCATAGCTTG-1	3565	1601	0.4490883590462833
GSM6339601	GATCAGGCATCATGGC-1	12487	7359	0.5893329062224714
GSM6339601	GATCAGTTCCAAGTTA-1	13665	8811	0.6447859495060373
GSM6339601	GATCAGTTCCTTTACG-1	5223	2411	0.46161210032548344
GSM6339601	GATCAGTTCGGCCAGT-1	2472	1274	0.5153721682847896
GSM6339601	GATCAGTTCGTAACGT-1	6485	4309	0.6644564379336931
GSM6339601	GATCAGTTCTTTAGGA-1	3309	2130	0.6436990027198549
GSM6339601	GATCCGTCAAATTGCT-1	948	427	0.45042194092827004
GSM6339601	GATCCGTCAACACTTG-1	1259	885	0.7029388403494837
GSM6339601	GATCCGTCAACTAACT-1	7834	5633	0.7190451876436048
GSM6339601	GATCCGTCAAGCTTTG-1	1748	1275	0.7294050343249427
GSM6339601	GATCCGTCAATCGCAC-1	19523	16234	0.83153203913333
GSM6339601	GATCCGTCACAATACT-1	5306	3338	0.6290991330569167
GSM6339601	GATCCGTCAGCAAGGC-1	8860	5547	0.6260722347629797
GSM6339601	GATCGATTCAAACCTA-1	4616	3107	0.6730935875216638
GSM6339601	GATCGATTCGTTAGTA-1	12692	9434	0.7433028679483139
GSM6339601	GATCGATTCTTGGATA-1	12128	8234	0.678924802110818
GSM6339601	GATCGCTCAAGTCGCT-1	1728	927	0.5364583333333334
GSM6339601	GATCGCTCAAGTGAAC-1	3232	2575	0.7967202970297029
GSM6339601	GATCGCTCAGCAAGGC-1	15433	9752	0.6318926974664679
GSM6339601	GATCGCTCAGGAATCG-1	4827	2850	0.5904288377874456
GSM6339601	GATCGCTCAGGATGGC-1	23773	17109	0.7196819921759979
GSM6339601	GATCGCTCATGCAACC-1	2581	1695	0.6567222006974041
GSM6339601	GATCGCTCATGTCAGC-1	24131	18563	0.7692594587874518
GSM6339601	GATGACTTCACGCCAA-1	14485	9219	0.6364515015533311
GSM6339601	GATGACTTCAGGGCCT-1	7208	4269	0.592258601553829
GSM6339601	GATGAGGGTCATGCAA-1	21149	17563	0.8304411556101944
GSM6339601	GATGAGGGTTACAAAC-1	11993	7135	0.5949303760526974
GSM6339601	GATGAGGGTTGAAGCC-1	18640	12161	0.6524141630901288
GSM6339601	GATGAGGGTTTCCTCC-1	20690	14594	0.7053649105848235
GSM6339601	GATGCAGCAAAGCGCA-1	22503	16411	0.7292805403723948
GSM6339601	GATGCAGCAATAGTCT-1	13174	9390	0.7127675724912707
GSM6339601	GATGCAGCAGGACCTT-1	2604	1594	0.6121351766513057
GSM6339601	GATGCAGCAGGCTAAG-1	7577	5393	0.7117592714794774
GSM6339601	GATGCAGCAGTTTGTG-1	10249	8597	0.8388135427846619
GSM6339601	GATGCAGCATCAGTAT-1	11516	7690	0.6677665856200069
GSM6339601	GATGCAGCATTTAAGC-1	5028	3291	0.6545346062052506
GSM6339601	GATGCATTCAAACTCA-1	24154	18882	0.7817338743065331
GSM6339601	GATGCATTCCTAGTTT-1	12829	11126	0.8672538779328085
GSM6339601	GATGCATTCCTGGTCT-1	2454	2287	0.9319478402607987
GSM6339601	GATGCGACAAACTAAG-1	363	202	0.5564738292011019
GSM6339601	GATGCGACAGGCTGTT-1	4654	2647	0.5687580575848732
GSM6339601	GATGCGACAGGCTTCG-1	7031	3729	0.5303655241075238
GSM6339601	GATGCGACATAGACTT-1	8384	5895	0.703125
GSM6339601	GATGCGACATATTGAC-1	23988	14542	0.6062197765549442
GSM6339601	GATGCGACATCAGTAT-1	2088	1067	0.5110153256704981
GSM6339601	GATGCGACATTGGGAG-1	7244	5303	0.7320541137493097
GSM6339601	GATGCTTAGCACTAGT-1	17542	15182	0.865465739368373
GSM6339601	GATGCTTAGCGCATTG-1	7326	4316	0.5891345891345892
GSM6339601	GATGCTTAGCTATATG-1	25948	19835	0.7644134422691536
GSM6339601	GATGCTTAGGTGAAAT-1	6302	3507	0.5564900031735956
GSM6339601	GATGCTTAGTCATTGA-1	4516	3311	0.733170947741364
GSM6339601	GATGGACAGAGGAGTC-1	17879	10324	0.5774372168465798
GSM6339601	GATGGACAGCTCCTTA-1	3818	1807	0.4732844421162912
GSM6339601	GATGGACAGCTGAGGG-1	10278	5813	0.5655769604981514
GSM6339601	GATGGACAGGTCAAAG-1	18680	9498	0.508458244111349
GSM6339601	GATGGACAGTAACTCA-1	28164	20275	0.7198906405340151
GSM6339601	GATGGACAGTTTAACG-1	24862	18108	0.7283404392245193
GSM6339601	GATGGCTGTATTTGCC-1	1293	662	0.5119876256767208
GSM6339601	GATGGCTGTCACAGCG-1	9034	4380	0.48483506752269206
GSM6339601	GATGGCTGTGATGAGG-1	2890	2140	0.740484429065744
GSM6339601	GATTAAGCAAGGACCA-1	548	308	0.5620437956204379
GSM6339601	GATTAAGCATTGTCCT-1	16213	11920	0.7352124838092888
GSM6339601	GATTACGGTAACCAGC-1	2087	1398	0.6698610445615716
GSM6339601	GATTACGGTACGCGCA-1	1854	1164	0.627831715210356
GSM6339601	GATTACGGTTCACCAT-1	1336	701	0.5247005988023952
GSM6339601	GATTACGGTTCCGGCT-1	3372	1749	0.5186832740213523
GSM6339601	GATTACTCAAAGCGGC-1	7287	4033	0.5534513517222451
GSM6339601	GATTACTCAACTAGAA-1	21432	15460	0.721351250466592
GSM6339601	GATTACTCAAGTGTTT-1	18335	9419	0.5137169348241069
GSM6339601	GATTACTCAGCCAGTT-1	9778	5349	0.5470443853548783
GSM6339601	GATTACTCAGCTAACC-1	4944	3044	0.6156957928802589
GSM6339601	GATTACTCAGGAAGCC-1	5765	3593	0.6232437120555073
GSM6339601	GATTACTCATAATGTC-1	3865	2051	0.530659767141009
GSM6339601	GATTACTCATCATGTG-1	5340	3553	0.6653558052434457
GSM6339601	GATTACTCATGTTGGC-1	8906	5598	0.6285650123512239
GSM6339601	GATTACTCATTAGGTT-1	3628	1640	0.4520396912899669
GSM6339601	GATTAGCTCAATGAGG-1	398	196	0.49246231155778897
GSM6339601	GATTAGCTCATGCATA-1	2943	1768	0.600747536527353
GSM6339601	GATTAGCTCATTACAG-1	587	346	0.5894378194207837
GSM6339601	GATTAGCTCTCCTCAA-1	3961	2341	0.5910123706134814
GSM6339601	GATTAGCTCTGTGAGT-1	7024	3605	0.5132403189066059
GSM6339601	GATTAGTGTAACAGGG-1	15427	9529	0.6176832825565567
GSM6339601	GATTAGTGTCAGGCAT-1	3659	2593	0.7086635692812244
GSM6339601	GATTAGTGTCATGAGC-1	8935	5477	0.612982652490207
GSM6339601	GATTAGTGTGGCTTCC-1	9771	5282	0.540579265172449
GSM6339601	GATTAGTGTGTGTGGT-1	14730	9360	0.6354378818737271
GSM6339601	GATTATGTCAAACCTA-1	376	203	0.5398936170212766
GSM6339601	GATTATGTCAATCATG-1	4707	2578	0.5476949224559167
GSM6339601	GATTATGTCAATTACG-1	2691	1512	0.5618729096989966
GSM6339601	GATTATGTCATTCATC-1	1053	659	0.6258309591642925
GSM6339601	GATTATGTCCGGTTAG-1	5348	2829	0.5289827973074046
GSM6339601	GATTATGTCCTTGAGG-1	736	399	0.5421195652173914
GSM6339601	GATTATGTCGCTATGG-1	6656	3726	0.5597956730769231
GSM6339601	GATTATGTCTCAATAG-1	1899	1465	0.7714586624539231
GSM6339601	GATTATGTCTTAGTGA-1	6563	3596	0.547920158464117
GSM6339601	GATTATGTCTTGACCC-1	20372	17282	0.848321225211074
GSM6339601	GATTATGTCTTTGAGA-1	1259	738	0.5861795075456712
GSM6339601	GATTATGTCTTTGTAC-1	742	536	0.7223719676549866
GSM6339601	GATTCAATCAAGCCTG-1	5063	3179	0.6278886035947067
GSM6339601	GATTCAATCATTAGGC-1	1670	793	0.4748502994011976
GSM6339601	GATTCAATCCTAATTC-1	9260	5606	0.6053995680345572
GSM6339601	GATTCAATCCTGAGTG-1	15063	8397	0.5574586735710018
GSM6339601	GATTCAATCGGCTAGC-1	592	386	0.652027027027027
GSM6339601	GATTCAATCGTAACGT-1	1954	1428	0.7308085977482088
GSM6339601	GATTCAATCTCACAAA-1	13226	8455	0.6392711326175714
GSM6339601	GATTCAATCTTGACCC-1	7296	4255	0.5831962719298246
GSM6339601	GATTCAATCTTGATGA-1	2827	1846	0.6529890343119915
GSM6339601	GATTCAATCTTTGACT-1	10266	8102	0.7892070913695695
GSM6339601	GATTCAGGTACCCACC-1	5614	3751	0.6681510509440683
GSM6339601	GATTCAGGTGTTGCAA-1	1053	664	0.630579297245964
GSM6339601	GATTCAGGTTAAGCCA-1	12082	7271	0.601804337030293
GSM6339601	GATTCATCAACAGGAT-1	5341	3433	0.6427635274293203
GSM6339601	GATTCATCAATATAGG-1	21398	15136	0.7073558276474436
GSM6339601	GATTCATCAATTGAAG-1	10929	11348	1.0383383658157197
GSM6339601	GATTCATCAATTGCGC-1	2608	1700	0.651840490797546
GSM6339601	GATTCATCACATTAAC-1	13334	10052	0.7538623068846557
GSM6339601	GATTCATCACTATGGC-1	4596	2710	0.5896431679721497
GSM6339601	GATTCATCATAATGAG-1	1099	549	0.49954504094631486
GSM6339601	GATTCCTGTCAAGTAT-1	2077	1304	0.62782859894078
GSM6339601	GATTCCTGTCAGTAAT-1	13618	8570	0.6293141430459686
GSM6339601	GATTCCTGTCCGCTGT-1	7089	4115	0.5804767950345606
GSM6339601	GATTCCTGTGCTAGCG-1	3972	2065	0.519889224572004
GSM6339601	GATTCCTGTTTGGGCG-1	16809	10488	0.6239514545779047
GSM6339601	GATTCGCCAACAGGTG-1	2275	1022	0.4492307692307692
GSM6339601	GATTCGCCACACTAAT-1	5542	3343	0.6032118368819921
GSM6339601	GATTCGCCACTGACCG-1	4405	2351	0.5337116912599319
GSM6339601	GATTCGCCAGAGAGCC-1	4242	2262	0.5332390381895332
GSM6339601	GATTCGCCAGCACGAA-1	2156	1222	0.5667903525046383
GSM6339601	GATTCGCCAGGCATCT-1	8805	5131	0.5827370812038615
GSM6339601	GATTCGCCATGTTGCA-1	767	511	0.666232073011734
GSM6339601	GATTCGCCATTAAGTC-1	18743	15210	0.8115029611054794
GSM6339601	GATTGATGTAAAGCAA-1	8277	5945	0.7182554065482663
GSM6339601	GATTGATGTATTGGTG-1	3449	2624	0.7608002319512902
GSM6339601	GATTGATGTGTGCAAC-1	3616	3197	0.8841261061946902
GSM6339601	GATTGATGTTGGCGTG-1	5410	3039	0.5617375231053604
GSM6339601	GATTGATGTTTGCGCC-1	12338	6890	0.558437348030475
GSM6339601	GATTGCAGTAGCCATA-1	11619	8684	0.7473965057233841
GSM6339601	GATTGCAGTAGGTTGC-1	1899	1223	0.6440231700895208
GSM6339601	GATTGCAGTCATTGTC-1	7618	3687	0.48398529797847206
GSM6339601	GATTGCAGTCTTTGAC-1	1388	667	0.48054755043227665
GSM6339601	GATTGCAGTTAAGCCA-1	11037	7178	0.6503578871070037
GSM6339601	GATTGCAGTTAGTTGG-1	20827	18661	0.8960003841167715
GSM6339601	GATTGCAGTTGTTGGA-1	17134	8768	0.5117310610482082
GSM6339601	GATTGCGTCAATAGCC-1	1195	822	0.6878661087866109
GSM6339601	GATTGCGTCACTTCAT-1	11656	6697	0.57455387783116
GSM6339601	GATTGCGTCAGGATGA-1	20394	16439	0.8060704128665294
GSM6339601	GATTGCGTCATGAGCT-1	2615	1353	0.5173996175908222
GSM6339601	GATTGCGTCGGTCAGC-1	10355	5578	0.5386769676484789
GSM6339601	GATTGCGTCTTGAGCG-1	18995	17628	0.9280336930771256
GSM6339601	GATTGCGTCTTGGATA-1	15179	7753	0.510771460570525
GSM6339601	GATTGGCGTGGAGCAA-1	7235	3727	0.5151347615756738
GSM6339601	GATTGGTTCAATGTCA-1	16159	11263	0.6970109536481218
GSM6339601	GATTGGTTCAGGGCCT-1	6153	3341	0.542987160734601
GSM6339601	GATTGGTTCATCAGTA-1	12315	9509	0.7721477872513195
GSM6339601	GATTGGTTCATTACTC-1	12639	11623	0.919613893504233
GSM6339601	GATTGGTTCCCTGTTA-1	3540	1967	0.5556497175141243
GSM6339601	GATTGGTTCGACCTGA-1	1072	486	0.4533582089552239
GSM6339601	GATTGGTTCTAAGTGC-1	13417	8136	0.6063948721770888
GSM6339601	GATTGTTCAAAGCTCC-1	15566	15607	1.0026339457792626
GSM6339601	GATTGTTCAAGGGTTG-1	4629	3389	0.7321235688053576
GSM6339601	GATTGTTCAGGCTAAG-1	16773	9378	0.5591128599534967
GSM6339601	GATTGTTCATAATTGC-1	8044	4591	0.5707359522625559
GSM6339601	GATTGTTCATGAATAG-1	16698	13977	0.8370463528566295
GSM6339601	GATTGTTCATGTCGCG-1	13413	9173	0.6838887646313279
GSM6339601	GATTGTTCATTAGGCC-1	10405	7515	0.7222489187890437
GSM6339601	GATTTGCAGACTAAGG-1	12445	6221	0.49987946966653274
GSM6339601	GATTTGCAGCAGGTGG-1	14375	9243	0.642991304347826
GSM6339601	GATTTGCAGCCGGTAC-1	19174	15130	0.7890893918848441
GSM6339601	GATTTGCAGGGCTTTG-1	8389	4902	0.5843366313028967
GSM6339601	GCAAACAAGACCATAC-1	8314	6007	0.7225162376713976
GSM6339601	GCAAACAAGAGAGGAG-1	4036	2002	0.49603567888999006
GSM6339601	GCAAACAAGCACCACA-1	6406	3495	0.5455822666250391
GSM6339601	GCAAACAAGCGATAGA-1	4643	3124	0.6728408356665949
GSM6339601	GCAAACAAGGACTTAC-1	18090	16508	0.9125483692647872
GSM6339601	GCAAACAAGGAGCAAC-1	5606	3132	0.558687120941848
GSM6339601	GCAAACAAGGAGTCGG-1	952	703	0.7384453781512605
GSM6339601	GCAAACAAGGGTGAAC-1	16535	10983	0.6642273964318113
GSM6339601	GCAAACAAGGTGCTGC-1	8463	7628	0.9013352239158691
GSM6339601	GCAAACCGTTGTTCAC-1	11070	7143	0.6452574525745257
GSM6339601	GCAAACTTCAAGTGAG-1	17276	10173	0.5888515860152813
GSM6339601	GCAAACTTCATGACCG-1	1562	1061	0.6792573623559539
GSM6339601	GCAAACTTCATGTTTC-1	3118	2129	0.6828094932649134
GSM6339601	GCAAACTTCGCAATCG-1	16566	12929	0.7804539418085235
GSM6339601	GCAAACTTCGGTCATG-1	3205	1800	0.5616224648985959
GSM6339601	GCAAACTTCTCCATAT-1	8492	5048	0.5944418276024493
GSM6339601	GCAACAGCAACAGCCT-1	2674	1735	0.6488406881077038
GSM6339601	GCAACAGCAAGCTTAT-1	8111	5874	0.7242017013931697
GSM6339601	GCAACAGCAATAACCT-1	15554	12430	0.7991513437057991
GSM6339601	GCAACAGCACTGACCG-1	19136	17402	0.9093854515050167
GSM6339601	GCAACAGCATCAGCAC-1	26077	16114	0.6179391801204126
GSM6339601	GCAACAGCATCCATCT-1	9315	5674	0.6091250670960816
GSM6339601	GCAAGCCTCAAACACC-1	7228	4695	0.649557277255119
GSM6339601	GCAAGCCTCAAACTCA-1	3425	1885	0.5503649635036496
GSM6339601	GCAAGCCTCAGTTCCC-1	10526	6810	0.6469694090822725
GSM6339601	GCAAGCCTCCTTAATC-1	443	329	0.7426636568848759
GSM6339601	GCAAGCCTCGAGGAGT-1	1871	1449	0.7744521646178514
GSM6339601	GCAAGCCTCGGTCATG-1	2520	1482	0.5880952380952381
GSM6339601	GCAAGTCGTACTTAGG-1	14751	11233	0.7615076943936004
GSM6339601	GCAAGTCGTATTTGCC-1	2314	1141	0.493085566119274
GSM6339601	GCAAGTCGTGCGCAAT-1	11714	11783	1.0058903875704286
GSM6339601	GCAAGTCGTTGGGTTA-1	3222	2224	0.6902545003103663
GSM6339601	GCAAGTCGTTTGAGGC-1	6619	4198	0.6342347786674725
GSM6339601	GCAAGTGCAATCCTGA-1	7136	3579	0.5015414798206278
GSM6339601	GCAAGTGCAGCTTAGC-1	22165	14862	0.6705165801939995
GSM6339601	GCAAGTGCATAATCAC-1	26980	20037	0.7426612305411416
GSM6339601	GCAAGTGCATCATGTG-1	25983	16566	0.6375707193164761
GSM6339601	GCAATAGAGAAAGCAT-1	10689	6608	0.6182056319580878
GSM6339601	GCAATAGAGAATGACG-1	24708	19470	0.788003885381253
GSM6339601	GCAATAGAGCCACATG-1	15912	9426	0.5923831070889894
GSM6339601	GCAATAGAGCCTCTGT-1	11636	7983	0.6860605018906841
GSM6339601	GCAATAGAGGAAGCAC-1	22311	18359	0.8228676437631661
GSM6339601	GCAATAGAGGTCAAAG-1	6794	3629	0.5341477774506918
GSM6339601	GCAATAGAGGTGAAAT-1	7378	4279	0.5799674708593114
GSM6339601	GCAATATGTAACAGGG-1	2658	1515	0.5699774266365688
GSM6339601	GCAATATGTGATCATG-1	1826	1243	0.6807228915662651
GSM6339601	GCAATATGTGGTTCTT-1	1925	1129	0.5864935064935065
GSM6339601	GCAATATGTGTGAGAG-1	1069	739	0.6913002806361085
GSM6339601	GCAATATGTTAAGGTT-1	538	271	0.5037174721189591
GSM6339601	GCAATATGTTAGGTGC-1	1317	807	0.6127562642369021
GSM6339601	GCAATATGTTGAGGTC-1	701	443	0.6319543509272468
GSM6339601	GCAATCTAGAGGAAGG-1	12771	8175	0.6401221517500587
GSM6339601	GCAATCTAGCCGGTAC-1	6129	3883	0.6335454397128406
GSM6339601	GCAATCTAGCCTGATG-1	6606	4514	0.6833181955797759
GSM6339601	GCAATCTAGGCAATAG-1	9146	6656	0.7277498359938771
GSM6339601	GCAATCTAGGCGAATA-1	1790	1259	0.7033519553072626
GSM6339601	GCAATCTAGGGCTTTG-1	2378	1549	0.6513877207737595
GSM6339601	GCAATCTAGTAGCGCC-1	4610	2821	0.6119305856832972
GSM6339601	GCAATCTAGTTAGTGC-1	756	490	0.6481481481481481
GSM6339601	GCAATGAAGATACTTG-1	508	279	0.5492125984251969
GSM6339601	GCAATGAAGTCACCAG-1	12287	8139	0.6624074224790429
GSM6339601	GCAATGAAGTTAACCA-1	5084	3047	0.5993312352478364
GSM6339601	GCAATGAAGTTATTCC-1	3178	2398	0.7545626179987414
GSM6339601	GCAATGTTCACTCAAA-1	767	557	0.7262059973924381
GSM6339601	GCAATGTTCATCAGTA-1	920	515	0.5597826086956522
GSM6339601	GCAATGTTCATGTTTC-1	10867	7953	0.7318487162970461
GSM6339601	GCAATGTTCATTACTC-1	3607	2034	0.5639035209315221
GSM6339601	GCAATGTTCGGTCAGC-1	2113	1299	0.6147657359204922
GSM6339601	GCAATGTTCTACCTCA-1	590	353	0.5983050847457627
GSM6339601	GCAATGTTCTCCATGC-1	5504	3292	0.5981104651162791
GSM6339601	GCAATGTTCTTAATGG-1	552	347	0.6286231884057971
GSM6339601	GCAATGTTCTTAGGGT-1	5324	3118	0.5856498873027799
GSM6339601	GCACATTAGAAACTGG-1	8616	5899	0.6846564531104921
GSM6339601	GCACATTAGCGATACT-1	8485	4942	0.5824395992928698
GSM6339601	GCACATTAGGCTGTCA-1	10946	5944	0.5430294171386808
GSM6339601	GCACATTAGTTGGCCA-1	4476	2227	0.49754244861483465
GSM6339601	GCACCTAAGGATCACT-1	25803	18014	0.6981358756733713
GSM6339601	GCACCTAAGGCCTTAG-1	2197	1191	0.5421028675466545
GSM6339601	GCACCTAAGGCTAAGA-1	14047	10995	0.7827294084146081
GSM6339601	GCACCTAAGGCTCATG-1	5269	2935	0.5570316948187511
GSM6339601	GCACCTAAGGGATGCG-1	16214	11891	0.7333785617367707
GSM6339601	GCACCTAAGTCATCCC-1	25287	18823	0.7443745798236248
GSM6339601	GCACCTAAGTTTGTCT-1	10353	8615	0.8321259538298078
GSM6339601	GCACGAACAACAGCCT-1	4226	2650	0.6270705158542357
GSM6339601	GCACGAACACACTAAT-1	9983	7265	0.7277371531603727
GSM6339601	GCACGAACACTTCATC-1	6130	3256	0.5311582381729201
GSM6339601	GCACGAACAGCATTAT-1	8707	5820	0.668427701849087
GSM6339601	GCACGAACAGGCGAGT-1	9734	6272	0.6443394288062462
GSM6339601	GCACGAACATCATGTG-1	18290	12026	0.6575177692728267
GSM6339601	GCACGCTAGATAGACG-1	689	429	0.6226415094339622
GSM6339601	GCACGCTAGCGTGCGT-1	15502	9079	0.5856663656302412
GSM6339601	GCACGCTAGGATGATG-1	12239	6787	0.5545387695073127
GSM6339601	GCACGCTAGGTAAGGC-1	5153	2919	0.5664661362313216
GSM6339601	GCACGCTAGTGACCTG-1	11251	6961	0.6187005599502267
GSM6339601	GCACGGTTCACCGGTA-1	3688	2138	0.5797180043383948
GSM6339601	GCACGGTTCAGCACGC-1	14292	9778	0.6841589700531766
GSM6339601	GCACGGTTCCATAAGC-1	9935	6025	0.6064418721690992
GSM6339601	GCACGGTTCCCTGACT-1	4371	2357	0.5392358727979867
GSM6339601	GCACGGTTCCTACCTA-1	3636	4416	1.2145214521452146
GSM6339601	GCACGGTTCGAGGAGT-1	5336	3101	0.5811469265367316
GSM6339601	GCACGGTTCGCAATCG-1	8538	6365	0.745490747247599
GSM6339601	GCACGGTTCGTCAAGT-1	711	341	0.47960618846694797
GSM6339601	GCACGGTTCGTTAAGC-1	1835	1085	0.5912806539509536
GSM6339601	GCACGGTTCTAACCTT-1	8960	5760	0.6428571428571429
GSM6339601	GCACGGTTCTAATTGG-1	11509	7137	0.6201233817012772
GSM6339601	GCACGGTTCTTGAGGT-1	5279	3906	0.7399128622845236
GSM6339601	GCACGGTTCTTTAGGA-1	17740	10615	0.5983652762119503
GSM6339601	GCACTAAGTAACGGGA-1	6747	4194	0.6216096042685638
GSM6339601	GCACTAAGTAATCGCA-1	9511	6521	0.6856271685416886
GSM6339601	GCACTAAGTACAAAGA-1	19269	15744	0.8170636774093103
GSM6339601	GCACTAAGTACTTCAC-1	13184	8295	0.6291717233009708
GSM6339601	GCACTAAGTAGCTAGC-1	6975	5235	0.7505376344086021
GSM6339601	GCACTAAGTCCCGGAA-1	790	520	0.6582278481012658
GSM6339601	GCACTAAGTGCTCCGT-1	3789	2339	0.6173132752705199
GSM6339601	GCACTAAGTGCTGTAA-1	5665	3595	0.6345984112974404
GSM6339601	GCACTAAGTTAGGACC-1	19226	11314	0.5884739415375013
GSM6339601	GCACTAAGTTGAGCCG-1	6021	5128	0.8516857664839728
GSM6339601	GCACTAAGTTGCAATG-1	14110	8717	0.6177888022678951
GSM6339601	GCACTTACATCTTGAG-1	9073	6646	0.7325030309710129
GSM6339601	GCACTTACATGTCGCG-1	8790	6338	0.7210466439135381
GSM6339601	GCAGCAACAAATACCT-1	9179	7861	0.8564113737879944
GSM6339601	GCAGCAACACCATATG-1	25642	18843	0.734849075735122
GSM6339601	GCAGCAACAGAAATTG-1	9524	4572	0.4800503989920202
GSM6339601	GCAGCAACATGTCAGC-1	15588	9630	0.6177829099307159
GSM6339601	GCAGCCAGTAACTACG-1	2154	1110	0.5153203342618384
GSM6339601	GCAGCCAGTGCATTAG-1	8211	4756	0.5792229935452442
GSM6339601	GCAGCCAGTTAATGAC-1	3604	2296	0.6370699223085461
GSM6339601	GCAGCCAGTTTCGCGC-1	3314	1809	0.5458660229330115
GSM6339601	GCAGCCAGTTTGAGCA-1	10130	7617	0.7519249753208292
GSM6339601	GCAGCTATCACCATTT-1	766	386	0.5039164490861618
GSM6339601	GCAGCTATCTCACTAT-1	21196	16329	0.7703812040007548
GSM6339601	GCAGCTATCTCCTCTT-1	4805	2586	0.5381893860561915
GSM6339601	GCAGGAAGTAACGAGG-1	1862	1195	0.6417830290010741
GSM6339601	GCAGGAAGTAGCTGCG-1	8218	4002	0.48697980043806277
GSM6339601	GCAGGAAGTCATAGAT-1	4876	3033	0.6220262510254306
GSM6339601	GCAGGAAGTGATCAGC-1	3194	1695	0.5306825297432687
GSM6339601	GCAGGAAGTGGATTGC-1	2098	1605	0.7650142993326978
GSM6339601	GCAGGAAGTGTTGCAA-1	732	407	0.5560109289617486
GSM6339601	GCAGGAAGTTAGGACC-1	16934	15881	0.9378174087634346
GSM6339601	GCAGGAAGTTGTCCAT-1	4005	3425	0.8551810237203495
GSM6339601	GCAGGACCAATAGCCC-1	3963	2610	0.6585919757759273
GSM6339601	GCAGGACCAATGCGCT-1	16684	11486	0.6884440182210501
GSM6339601	GCAGGACCACTCGCTC-1	20890	12541	0.6003350885591192
GSM6339601	GCAGGACCAGCACGTT-1	16475	10558	0.6408497723823976
GSM6339601	GCAGGACCAGCTAACC-1	7111	4770	0.6707917311207988
GSM6339601	GCAGGACCAGGCCATT-1	8707	5934	0.6815206155966463
GSM6339601	GCAGGACCATTAGGTT-1	3205	2290	0.7145085803432137
GSM6339601	GCAGGATAGAGAGGCT-1	2740	1721	0.628102189781022
GSM6339601	GCAGGATAGCTAATCA-1	4631	2386	0.5152234938458217
GSM6339601	GCAGGATAGGGCCACT-1	8342	6637	0.7956125629345481
GSM6339601	GCAGGCAAGCATGTCG-1	18461	14452	0.7828394994854017
GSM6339601	GCAGGCAAGGCTCATG-1	695	337	0.4848920863309353
GSM6339601	GCAGGCAAGGGACTAA-1	12907	8719	0.675524908964128
GSM6339601	GCAGGCAAGTAGCGCC-1	12043	8122	0.6744166735863157
GSM6339601	GCAGGCTTCAGCCAAT-1	4834	3225	0.6671493587091436
GSM6339601	GCAGGCTTCTAACCAA-1	8478	4789	0.5648737909884407
GSM6339601	GCAGGTGAGACTAAGG-1	8423	5156	0.6121334441410424
GSM6339601	GCAGGTGAGATGGACA-1	1882	931	0.4946865037194474
GSM6339601	GCAGGTGAGCGTGCAC-1	1936	1164	0.6012396694214877
GSM6339601	GCAGGTGAGCTTTGTT-1	10480	5833	0.5565839694656488
GSM6339601	GCAGGTGAGGAAGCTA-1	15924	11846	0.7439085656870134
GSM6339601	GCAGGTGAGGACCTTG-1	10408	6047	0.5809953881629516
GSM6339601	GCAGGTGAGGACTAAG-1	1727	1339	0.7753329473074696
GSM6339601	GCAGGTGAGTAAGGGC-1	14275	9402	0.6586339754816112
GSM6339601	GCAGGTGAGTTAGCCG-1	14321	8426	0.5883667341666085
GSM6339601	GCAGGTGAGTTAGTGC-1	2110	1154	0.5469194312796208
GSM6339601	GCAGGTTGTACTGATG-1	3348	2034	0.6075268817204301
GSM6339601	GCAGGTTGTGTTGTAG-1	8472	6117	0.7220254957507082
GSM6339601	GCAGGTTGTTTGGCTT-1	14194	9404	0.6625334648443004
GSM6339601	GCAGGTTGTTTGTGGA-1	14370	8021	0.5581767571329158
GSM6339601	GCATATATCAAACCTA-1	725	427	0.5889655172413794
GSM6339601	GCATATATCCTGGCTT-1	10381	6746	0.6498410557749735
GSM6339601	GCATATATCGCTTGCT-1	6248	3141	0.5027208706786171
GSM6339601	GCATCCTTCAGTTCCC-1	4425	2601	0.5877966101694915
GSM6339601	GCATCCTTCCATTACT-1	4381	2804	0.6400365213421593
GSM6339601	GCATCCTTCCCGTTGT-1	12867	9558	0.7428304966192586
GSM6339601	GCATCCTTCCGCCTCA-1	12606	6786	0.538315088053308
GSM6339601	GCATCCTTCCTCACAC-1	6496	3042	0.46828817733990147
GSM6339601	GCATCCTTCGATTCTT-1	15071	10835	0.7189303961250083
GSM6339601	GCATCCTTCGATTTAG-1	20700	12800	0.6183574879227053
GSM6339601	GCATCCTTCGCCTAAG-1	12051	8230	0.6829308771056344
GSM6339601	GCATCCTTCGGCTAGC-1	13000	7829	0.6022307692307692
GSM6339601	GCATCCTTCGTACCGA-1	17520	11557	0.6596461187214612
GSM6339601	GCATCCTTCTCACATT-1	8575	4500	0.5247813411078717
GSM6339601	GCATGAAAGAGAGCCG-1	15657	13503	0.8624257520597816
GSM6339601	GCATGAAAGTGTGATC-1	523	333	0.6367112810707457
GSM6339601	GCATGAGCAAACCCTA-1	10012	5782	0.5775069916100679
GSM6339601	GCATGAGCAGCAACAG-1	14542	9628	0.6620822445330766
GSM6339601	GCATGAGCAGTTTGTG-1	4041	2160	0.534521158129176
GSM6339601	GCATTAGGTAAGCACC-1	12279	10297	0.8385862040882808
GSM6339601	GCATTAGGTACTGAAT-1	15127	8690	0.5744694916374694
GSM6339601	GCATTAGGTCAATGTG-1	13782	11295	0.8195472355245973
GSM6339601	GCATTAGGTGCATTTC-1	3777	2621	0.6939369870267408
GSM6339601	GCATTAGGTGGTTATG-1	2999	1521	0.5071690563521174
GSM6339601	GCATTAGGTTGGCGTG-1	11346	6665	0.587431693989071
GSM6339601	GCATTAGGTTGTTCAC-1	23773	19647	0.8264417616623901
GSM6339601	GCATTGCCATAAGGAC-1	23341	20217	0.8661582622852492
GSM6339601	GCATTGCCATCACAGC-1	1795	1125	0.6267409470752089
GSM6339601	GCATTGCCATCTTGAG-1	2250	1504	0.6684444444444444
GSM6339601	GCCAACATCAGTTCCC-1	16891	13111	0.7762121840033154
GSM6339601	GCCAACATCCTGGCTT-1	4742	2704	0.570223534373682
GSM6339601	GCCAACATCTCACTAT-1	21667	15955	0.736373286564822
GSM6339601	GCCAATAGTAACGAGG-1	551	329	0.5970961887477314
GSM6339601	GCCAATAGTAGCCATA-1	1982	1373	0.6927346115035318
GSM6339601	GCCAATAGTCACGAAC-1	3088	1765	0.5715673575129534
GSM6339601	GCCAATAGTCCGTGAG-1	9564	6522	0.6819322459222082
GSM6339601	GCCAATAGTGATGATT-1	1674	1005	0.600358422939068
GSM6339601	GCCAATAGTTCCGCAC-1	2176	1197	0.5500919117647058
GSM6339601	GCCAATTAGAGGGACT-1	14994	10313	0.6878084567160198
GSM6339601	GCCAATTAGCGCCTAA-1	12638	7794	0.616711504984966
GSM6339601	GCCAATTAGGAACGGT-1	9504	6050	0.6365740740740741
GSM6339601	GCCAATTAGGAGGTTA-1	3242	1882	0.580505860579889
GSM6339601	GCCAATTAGGCCCAGT-1	6967	3780	0.5425577723553897
GSM6339601	GCCAATTAGGCCTTAG-1	6661	3678	0.552169343942351
GSM6339601	GCCAATTAGGTGAAGC-1	10535	7531	0.7148552444233507
GSM6339601	GCCAATTAGGTTTACA-1	24199	16037	0.6627133352617877
GSM6339601	GCCAATTAGGTTTGAC-1	3863	2832	0.7331089826559669
GSM6339601	GCCAATTAGTAACTCA-1	17034	12164	0.7141012093460138
GSM6339601	GCCAATTAGTACTGGT-1	15353	12756	0.830847391389305
GSM6339601	GCCACAATCATGGTGT-1	5036	2830	0.561953931691819
GSM6339601	GCCACAATCCCTCAAC-1	2787	1901	0.6820954431288123
GSM6339601	GCCACAATCGTCCTTA-1	776	485	0.625
GSM6339601	GCCACAATCTGTAATG-1	7792	4514	0.579312114989733
GSM6339601	GCCACACAGAGGAAGG-1	10257	5393	0.5257872672321342
GSM6339601	GCCACACAGCAGGTTT-1	19727	11786	0.5974552643584934
GSM6339601	GCCACACAGCGATAAG-1	12626	6914	0.5476001900839538
GSM6339601	GCCACACAGCGGCTGT-1	1259	809	0.6425734710087371
GSM6339601	GCCACACAGGACTTAC-1	6618	3609	0.5453309156844969
GSM6339601	GCCACACAGGCGCACT-1	1612	779	0.4832506203473945
GSM6339601	GCCACACAGTCAATTG-1	3387	2006	0.5922645408916445
GSM6339601	GCCACACAGTCAGTAC-1	14832	9035	0.609155879180151
GSM6339601	GCCACTAAGCAGGTGG-1	1377	1040	0.7552650689905592
GSM6339601	GCCACTAAGCATGTCG-1	16653	10079	0.605236293760884
GSM6339601	GCCACTAAGCCGCAGT-1	14726	9921	0.6737063696862692
GSM6339601	GCCACTAAGCTGGCTA-1	11961	8478	0.708803611738149
GSM6339601	GCCACTAAGGGTTAGA-1	9012	6414	0.7117177097203728
GSM6339601	GCCACTAAGTTAGGCT-1	17822	13875	0.7785321512737067
GSM6339601	GCCACTAAGTTCCTCA-1	15622	11170	0.7150172833183971
GSM6339601	GCCAGGAAGCATTTCT-1	15506	10354	0.6677415194118406
GSM6339601	GCCAGGAAGCGAGTAA-1	8148	4743	0.5821060382916053
GSM6339601	GCCAGGAAGCTGTACG-1	26253	18677	0.7114234563668914
GSM6339601	GCCAGGAAGGAGTCTT-1	10903	6558	0.6014858295881867
GSM6339601	GCCAGGAAGGGATGAC-1	16804	10446	0.6216377053082599
GSM6339601	GCCAGGAAGGTTACAC-1	3104	2063	0.6646262886597938
GSM6339601	GCCAGGAAGTCCTTCA-1	8765	5006	0.5711351968054763
GSM6339601	GCCAGGTTCAACCAAC-1	24247	17131	0.7065203942755804
GSM6339601	GCCAGGTTCACGAATC-1	12087	8474	0.7010838090510466
GSM6339601	GCCAGGTTCCTAATAG-1	4217	2545	0.6035096039838748
GSM6339601	GCCATGATCAGCACGC-1	10727	9123	0.8504707746807122
GSM6339601	GCCATGATCATTAGCA-1	11116	7328	0.6592299388269162
GSM6339601	GCCATGATCCCAGTAG-1	6660	5137	0.7713213213213214
GSM6339601	GCCATGATCCTGAGTG-1	2384	1367	0.5734060402684564
GSM6339601	GCCATGATCCTTAGGG-1	4673	2667	0.5707254440402311
GSM6339601	GCCATGATCGGCCAGT-1	7920	4405	0.5561868686868687
GSM6339601	GCCATGATCTGTTGCC-1	1934	1098	0.5677352637021716
GSM6339601	GCCATTACAACCCTCC-1	7809	3901	0.4995517992060443
GSM6339601	GCCATTACACATAACT-1	2474	1407	0.568714632174616
GSM6339601	GCCATTACACTAAGAA-1	599	455	0.7595993322203672
GSM6339601	GCCATTACACTAAGTT-1	14699	8666	0.5895639159126471
GSM6339601	GCCATTACAGGTATTT-1	3441	1924	0.5591397849462365
GSM6339601	GCCATTACATCGCTCC-1	7548	3996	0.5294117647058824
GSM6339601	GCCCAAATCATAGACC-1	3967	2857	0.7201915805394504
GSM6339601	GCCCAAATCATGCATA-1	3052	1555	0.5095019659239842
GSM6339601	GCCCAAATCCGGTTAG-1	15747	14435	0.9166825427065473
GSM6339601	GCCCAAATCTCTAGCC-1	2508	1992	0.7942583732057417
GSM6339601	GCCCATAAGCATGAAG-1	10944	7468	0.6823830409356725
GSM6339601	GCCCATAAGCCTGGTA-1	8873	4747	0.5349938014200383
GSM6339601	GCCCATAAGGGTTAGA-1	7766	3943	0.5077259850630955
GSM6339601	GCCCATAAGTCATCCC-1	7771	4996	0.6429031012739673
GSM6339601	GCCCATAAGTGAAGTG-1	1672	844	0.5047846889952153
GSM6339601	GCCCGTTGTAAGCACC-1	5393	3233	0.5994808084554052
GSM6339601	GCCCGTTGTGCGCAAT-1	12938	8086	0.6249806770752822
GSM6339601	GCCCGTTGTGCGCATG-1	15031	10956	0.7288936198523053
GSM6339601	GCCCGTTGTGCTCACC-1	9156	5694	0.6218872870249017
GSM6339601	GCCCTCATCGTTAGCG-1	641	306	0.47737909516380655
GSM6339601	GCCGTGAGTACCTTAC-1	3186	1904	0.5976145637162587
GSM6339601	GCCGTGAGTCACCAAA-1	14391	9132	0.6345632687096102
GSM6339601	GCCGTGAGTCGAAGTC-1	13802	11405	0.8263295174612375
GSM6339601	GCCGTGAGTGCTGTAA-1	8878	6536	0.7362018472628971
GSM6339601	GCCGTGAGTTAGCGTA-1	14474	8357	0.5773801298880752
GSM6339601	GCCGTGAGTTCAAGCA-1	4423	2368	0.5353832240560705
GSM6339601	GCCGTGAGTTGGATCA-1	6178	5247	0.8493039818711557
GSM6339601	GCCGTGAGTTTGCAGA-1	4465	2332	0.5222844344904816
GSM6339601	GCCTAATAGAATGACG-1	6723	4268	0.6348356388517031
GSM6339601	GCCTAATAGCATTAGC-1	3493	2870	0.8216432865731463
GSM6339601	GCCTAATAGGCTATGT-1	3871	2112	0.545595453371222
GSM6339601	GCCTACTTCAATTACG-1	15460	8671	0.5608667529107374
GSM6339601	GCCTACTTCATGCAAC-1	5073	3688	0.7269860043366844
GSM6339601	GCCTACTTCGATTTAG-1	14877	12000	0.8066142367412785
GSM6339601	GCCTACTTCGCTAGCA-1	25189	18150	0.7205526221763469
GSM6339601	GCCTACTTCGTTAACA-1	6161	4319	0.7010225612725207
GSM6339601	GCCTACTTCTTAGGGT-1	15876	13365	0.8418367346938775
GSM6339601	GCCTATTGTACCCACC-1	3330	2248	0.675075075075075
GSM6339601	GCCTATTGTCAGGCAT-1	8858	6165	0.6959810340934748
GSM6339601	GCCTATTGTGATGAAA-1	7637	4166	0.5455021605342412
GSM6339601	GCCTATTGTGCTCCAC-1	6053	3010	0.49727407896910625
GSM6339601	GCCTATTGTTCATTTG-1	13729	8575	0.6245902833418312
GSM6339601	GCCTATTGTTGTAAAC-1	579	344	0.5941278065630398
GSM6339601	GCCTCAAAGACAACAG-1	19526	15398	0.7885895728771893
GSM6339601	GCCTCAAAGCGAGTAA-1	25536	22809	0.8932095864661654
GSM6339601	GCCTCAAAGGTCATTA-1	4653	3759	0.807865892972276
GSM6339601	GCCTCAAAGTTAACCA-1	6848	4367	0.6377044392523364
GSM6339601	GCCTCAAAGTTATTCC-1	5089	2733	0.5370406759677736
GSM6339601	GCCTCCATCACCAATA-1	1638	873	0.532967032967033
GSM6339601	GCCTCCATCATGCTCC-1	1778	950	0.5343082114735658
GSM6339601	GCCTCCATCATTGCGG-1	6101	3683	0.6036715292574988
GSM6339601	GCCTCCATCCAGGTCA-1	14204	9839	0.6926921993804562
GSM6339601	GCCTCCATCGATTTGA-1	7516	3909	0.5200904736562001
GSM6339601	GCCTCCATCGGGACCT-1	10125	6708	0.6625185185185185
GSM6339601	GCCTCGACAAGCGATG-1	18429	19373	1.051223614954691
GSM6339601	GCCTCGACACCGGCTA-1	8792	5478	0.623066424021838
GSM6339601	GCCTCGACACCTAAGC-1	15567	8782	0.5641420954583414
GSM6339601	GCCTCGACAGCTTACA-1	20070	16141	0.8042351768809168
GSM6339601	GCCTCGACATTGCGTA-1	8647	5083	0.587833930843067
GSM6339601	GCCTGACAGCACAGGG-1	7496	4284	0.571504802561366
GSM6339601	GCCTGACAGCAGGTTT-1	6471	3432	0.5303662494204914
GSM6339601	GCCTGACAGGAAACTG-1	1958	1316	0.6721144024514811
GSM6339601	GCCTGACAGTGAACAG-1	8066	4781	0.592734936771634
GSM6339601	GCCTGAGGTATCTGGA-1	14809	9981	0.6739820379498953
GSM6339601	GCCTGAGGTATTGGAT-1	5823	3770	0.647432594882363
GSM6339601	GCCTGAGGTTAGGACC-1	391	220	0.5626598465473146
GSM6339601	GCCTGAGGTTTATGGG-1	11983	8409	0.7017441375281649
GSM6339601	GCCTGCTGTCAGTAAT-1	18101	15164	0.8377437710623723
GSM6339601	GCCTGCTGTGTGCACG-1	14491	9736	0.6718652957007798
GSM6339601	GCCTGCTGTTGTTGGA-1	8482	4925	0.5806413581702429
GSM6339601	GCCTGTGCAAATTCGT-1	24049	21125	0.8784149029065658
GSM6339601	GCCTGTGCAACCGCCA-1	15139	13201	0.8719862606512979
GSM6339601	GCCTGTGCAAGTAAGC-1	3178	1948	0.6129641283826306
GSM6339601	GCCTGTGCAAGTGAAC-1	6808	4954	0.7276733254994124
GSM6339601	GCCTGTGCACCGTTCC-1	1084	579	0.5341328413284133
GSM6339601	GCCTGTGCAGTATGTT-1	12030	8279	0.6881961762261014
GSM6339601	GCCTTAACAAGATTCT-1	13081	7440	0.5687638559743139
GSM6339601	GCCTTAACAAGGTGGC-1	7186	4416	0.6145282493737824
GSM6339601	GCCTTAACACGGTACT-1	9081	5599	0.6165620526373747
GSM6339601	GCCTTAACAGCAACAG-1	18906	12568	0.6647625092563207
GSM6339601	GCCTTAACATGAATAG-1	11033	6421	0.5819813287410496
GSM6339601	GCCTTACTCCCATAGG-1	23465	15750	0.6712124440656296
GSM6339601	GCCTTACTCCTACCTA-1	5118	3112	0.6080500195388824
GSM6339601	GCCTTACTCGCAAACT-1	22646	17439	0.7700697694957167
GSM6339601	GCCTTACTCGCATTAA-1	3641	2148	0.5899478165339193
GSM6339601	GCCTTACTCTTGGATA-1	4900	3014	0.6151020408163266
GSM6339601	GCCTTAGAGACCATAC-1	7221	4826	0.66832848635923
GSM6339601	GCCTTAGAGCAAGGGT-1	9618	6533	0.6792472447494281
GSM6339601	GCCTTAGAGCGATAAG-1	12122	9047	0.7463289886157399
GSM6339601	GCCTTAGAGCTATATG-1	7012	3949	0.5631774101540217
GSM6339601	GCCTTAGAGCTCCTTA-1	18228	15955	0.8753017335966645
GSM6339601	GCCTTGCGTAGCCTCC-1	13186	10993	0.8336872440467162
GSM6339601	GCCTTGCGTCATAACG-1	8886	4479	0.5040513166779204
GSM6339601	GCCTTGCGTGGTTCTT-1	2878	1697	0.5896455872133426
GSM6339601	GCCTTTATCGATCAGT-1	3983	2669	0.6700979161436104
GSM6339601	GCCTTTATCGCAGGCT-1	8110	4827	0.5951911220715167
GSM6339601	GCCTTTATCGCTTGCT-1	6640	4056	0.6108433734939759
GSM6339601	GCCTTTATCGTCATTT-1	3742	2198	0.5873864243719936
GSM6339601	GCCTTTATCTAAGTGC-1	10635	5920	0.5566525622943113
GSM6339601	GCCTTTATCTAATTGG-1	8664	4924	0.5683287165281625
GSM6339601	GCCTTTATCTCGCCTG-1	10694	6848	0.6403590798578642
GSM6339601	GCCTTTGGTCTCAGCC-1	23930	16996	0.7102381947346427
GSM6339601	GCCTTTGGTGCTTTAC-1	11815	8602	0.7280575539568346
GSM6339601	GCCTTTGGTTAAGCGC-1	10400	6740	0.6480769230769231
GSM6339601	GCGAAGCCAAGCCACT-1	10758	7682	0.7140732478155791
GSM6339601	GCGAAGCCAGCACGTT-1	10957	6951	0.6343889750844209
GSM6339601	GCGAAGCCAGTATGTT-1	4119	2163	0.5251274581209031
GSM6339601	GCGAAGCCATCCATCT-1	553	244	0.4412296564195298
GSM6339601	GCGAAGCCATGTTGGC-1	2681	1376	0.5132413278627378
GSM6339601	GCGAAGCCATGTTGTG-1	4647	2972	0.6395523993974608
GSM6339601	GCGAAGTAGCCTGACA-1	5243	2759	0.5262254434484074
GSM6339601	GCGAAGTAGCGGATTT-1	9479	4976	0.5249498892288216
GSM6339601	GCGAAGTAGCTATGAC-1	3987	2208	0.5537998495109104
GSM6339601	GCGAAGTAGGCATGAA-1	2917	1754	0.6013027082619129
GSM6339601	GCGAAGTAGGTAAGGC-1	2538	1296	0.5106382978723404
GSM6339601	GCGAGTGAGAATCGCT-1	11284	7442	0.6595179014533853
GSM6339601	GCGAGTGAGCATGGTT-1	6811	3851	0.5654088973718984
GSM6339601	GCGAGTGAGGAAGCTA-1	23730	15256	0.6428992836072482
GSM6339601	GCGAGTGAGGAGCATA-1	5192	2865	0.5518104776579353
GSM6339601	GCGAGTGAGGATTGCT-1	3984	3434	0.8619477911646586
GSM6339601	GCGAGTGAGGCTACTG-1	10855	7256	0.668447719944726
GSM6339601	GCGAGTGAGGTGCTGC-1	8557	5029	0.5877059717190605
GSM6339601	GCGAGTGAGGTTTGCG-1	7211	4047	0.5612259048675634
GSM6339601	GCGAGTGAGTAAGTCC-1	8442	4710	0.5579246624022743
GSM6339601	GCGAGTGAGTTAGCCG-1	16876	10346	0.6130599668167812
GSM6339601	GCGATATTCGGTTAGT-1	15215	9245	0.6076240552086757
GSM6339601	GCGATATTCTCACTCA-1	2693	1669	0.6197549201633865
GSM6339601	GCGATTAGTAAAGCGG-1	13384	8395	0.6272414823670054
GSM6339601	GCGATTAGTCCTAACT-1	9315	5533	0.5939881910896404
GSM6339601	GCGATTAGTGAAGCCT-1	26855	19744	0.7352075963507727
GSM6339601	GCGATTAGTGGGAACA-1	18113	14977	0.8268646828244907
GSM6339601	GCGATTAGTGTTTGAG-1	5965	3277	0.549371332774518
GSM6339601	GCGATTAGTTAACGAT-1	17068	12284	0.7197093977033044
GSM6339601	GCGATTAGTTTCCGGC-1	11885	7633	0.6422381152713504
GSM6339601	GCGATTTAGAGAAGGG-1	16636	10913	0.6559870161096417
GSM6339601	GCGATTTAGCTTCCCG-1	6563	3503	0.5337498095383209
GSM6339601	GCGATTTAGGCGGATG-1	1592	697	0.4378140703517588
GSM6339601	GCGATTTAGGTCAAAG-1	16455	12538	0.7619568520206624
GSM6339601	GCGATTTAGGTCCTAG-1	21783	17915	0.8224303355827939
GSM6339601	GCGATTTAGTGAGGGT-1	9611	5382	0.5599833524086983
GSM6339601	GCGATTTAGTTCCCGT-1	6459	3946	0.6109304845951385
GSM6339601	GCGCAAACAAATGCCC-1	5417	2711	0.5004615100609193
GSM6339601	GCGCAAACAAGATTCT-1	5684	3752	0.6600985221674877
GSM6339601	GCGCAAACAGCAACCT-1	12023	10551	0.8775679946768693
GSM6339601	GCGCAAACAGGAAGCC-1	15303	9028	0.5899496830686793
GSM6339601	GCGCAAACAGTAGGTG-1	991	499	0.5035317860746721
GSM6339601	GCGCAAACATAGACCC-1	10602	6325	0.596585549896246
GSM6339601	GCGCAAACATTATGGT-1	12851	8520	0.6629834254143646
GSM6339601	GCGCAATGTATTGGTG-1	4606	3161	0.6862787668258793
GSM6339601	GCGCAATGTCATGCAA-1	5356	3311	0.6181852128454071
GSM6339601	GCGCAATGTGCATTTC-1	15846	13018	0.8215322478859018
GSM6339601	GCGCAATGTGCTGGTG-1	1263	809	0.6405384006334125
GSM6339601	GCGCAATGTGGGTGAA-1	2964	1669	0.5630904183535762
GSM6339601	GCGCCTTGTCCGGTTC-1	10931	6832	0.625011435367304
GSM6339601	GCGCCTTGTGCATTTC-1	10967	6147	0.5604996808607641
GSM6339601	GCGCCTTGTTAACGAT-1	22640	17833	0.7876766784452297
GSM6339601	GCGCCTTGTTAGCAGC-1	7164	4405	0.6148799553322166
GSM6339601	GCGCCTTGTTCAAGCA-1	20186	16969	0.8406321212721688
GSM6339601	GCGCCTTGTTTGCGAA-1	1256	715	0.5692675159235668
GSM6339601	GCGCGATTCAAGCCTG-1	12203	6571	0.5384741457018766
GSM6339601	GCGCGATTCAAGCTAC-1	3592	2003	0.5576280623608018
GSM6339601	GCGCGATTCAATTACG-1	8236	4451	0.5404322486644002
GSM6339601	GCGCGATTCGTTAGTA-1	967	423	0.43743536711478803
GSM6339601	GCGCGATTCTGCAAAC-1	8585	4563	0.5315084449621432
GSM6339601	GCGCTAGGTAAACAAG-1	6097	3366	0.5520747908807611
GSM6339601	GCGCTAGGTGCGCAAT-1	13330	8942	0.6708177044261066
GSM6339601	GCGCTAGGTGCTCACC-1	8497	4913	0.5782040720254208
GSM6339601	GCGCTAGGTTATAGCG-1	13628	9290	0.6816847666568829
GSM6339601	GCGCTTAAGCGCAATT-1	4164	2785	0.6688280499519692
GSM6339601	GCGCTTAAGCTTGCTC-1	6732	3840	0.5704099821746881
GSM6339601	GCGCTTAAGTCAATTG-1	12724	8487	0.6670072304306822
GSM6339601	GCGCTTGCAATAACGA-1	4881	2998	0.6142183978692891
GSM6339601	GCGCTTGCACTATGGC-1	10089	6476	0.6418872038854198
GSM6339601	GCGCTTGCAGGAACTG-1	10283	6081	0.5913643878245648
GSM6339601	GCGGAACCAAATACCT-1	2101	1252	0.5959067110899572
GSM6339601	GCGGAACCAACAGCCT-1	8424	5068	0.6016144349477682
GSM6339601	GCGGAACCAATAGCCC-1	6689	5564	0.8318134250261624
GSM6339601	GCGGAACCACGAATTT-1	6325	3302	0.5220553359683795
GSM6339601	GCGGAACCATGGCCTG-1	15519	9922	0.6393453186416651
GSM6339601	GCGGATACAATACTGT-1	8101	5054	0.6238735958523639
GSM6339601	GCGGATACACATTAAC-1	14810	9499	0.6413909520594193
GSM6339601	GCGGATACACTTCATC-1	14701	10634	0.7233521529147677
GSM6339601	GCGGATACAGTTGCGT-1	21041	13270	0.6306734470795115
GSM6339601	GCGGATACATGAGTTT-1	1549	1020	0.65848934796643
GSM6339601	GCGGATACATTCCTGT-1	675	464	0.6874074074074074
GSM6339601	GCGGGTTTCACCAATA-1	14866	10705	0.7200995560339029
GSM6339601	GCGGGTTTCATCCTCA-1	12453	7868	0.6318156267566049
GSM6339601	GCGGGTTTCATGCTCC-1	5312	3103	0.5841490963855421
GSM6339601	GCGGGTTTCGCTAAAC-1	17833	16114	0.9036056748724275
GSM6339601	GCGGGTTTCGGGCCAT-1	13031	7414	0.5689509630880208
GSM6339601	GCGGGTTTCGGTCAAT-1	22786	15931	0.6991573773369613
GSM6339601	GCGGTTATCCAGGTTG-1	12548	8321	0.6631335671023271
GSM6339601	GCGGTTATCGCATTAA-1	10512	6383	0.607210806697108
GSM6339601	GCGGTTATCTTGCAAA-1	5135	2742	0.5339824732229795
GSM6339601	GCGGTTGGTAGGATTT-1	14914	10786	0.7232130883733405
GSM6339601	GCGGTTGGTATTCGCT-1	13601	12337	0.9070656569369899
GSM6339601	GCGGTTGGTATTCGTC-1	5556	2771	0.49874010079193665
GSM6339601	GCGGTTGGTGATGAAA-1	13095	8627	0.6588010691103474
GSM6339601	GCGGTTGGTGTGCAAC-1	9198	6434	0.6994998912807132
GSM6339601	GCGGTTGGTTATCCGT-1	14063	12283	0.8734267226054184
GSM6339601	GCGTAACGTCCCGGAA-1	22633	19426	0.8583042460124597
GSM6339601	GCGTAACGTTGGTGAC-1	16759	12046	0.7187779700459455
GSM6339601	GCGTAACGTTGGTTAG-1	19966	18446	0.9238705799859762
GSM6339601	GCGTAACGTTTCCGGC-1	11357	7077	0.6231399137096064
GSM6339601	GCGTAACGTTTGGTTC-1	5967	3393	0.5686274509803921
GSM6339601	GCGTGCTAGATAGACG-1	11685	8925	0.7637997432605905
GSM6339601	GCGTGCTAGCACGATT-1	9026	5631	0.623864391757146
GSM6339601	GCGTGCTAGCACTAAC-1	5595	3016	0.5390527256478999
GSM6339601	GCGTGCTAGCGCCTAA-1	3195	2287	0.7158059467918623
GSM6339601	GCGTGCTAGGGTGAAC-1	9974	5030	0.5043112091437738
GSM6339601	GCGTGCTAGTGCACGC-1	3222	2312	0.7175667287399131
GSM6339601	GCGTTTCTCCCAGTAG-1	28677	22068	0.7695365624019249
GSM6339601	GCGTTTCTCGGGATTT-1	8911	6180	0.6935248569184155
GSM6339601	GCGTTTCTCTTGGACG-1	12283	7474	0.6084832695595539
GSM6339601	GCTAACAGTATTGTCC-1	3295	1796	0.5450682852807284
GSM6339601	GCTAACAGTCAATAGT-1	491	260	0.5295315682281059
GSM6339601	GCTAACAGTGAGCACT-1	4258	2774	0.6514795678722405
GSM6339601	GCTAACAGTGGATTAT-1	1205	654	0.5427385892116182
GSM6339601	GCTAACAGTGTCCAAA-1	914	565	0.6181619256017505
GSM6339601	GCTAACAGTTGCAATG-1	3306	1759	0.5320629159104658
GSM6339601	GCTAACAGTTGGGTTA-1	3291	2667	0.8103919781221514
GSM6339601	GCTAACCCAAACTCAT-1	1071	606	0.5658263305322129
GSM6339601	GCTAACCCAACACTTG-1	10868	9120	0.8391608391608392
GSM6339601	GCTAACCCAATAAGCA-1	502	372	0.7410358565737052
GSM6339601	GCTAACCCACAACCTA-1	10251	6114	0.5964296166227685
GSM6339601	GCTAACCCACCTCACC-1	6710	4014	0.5982116244411326
GSM6339601	GCTAACCCACCTGGTG-1	5184	2468	0.47608024691358025
GSM6339601	GCTAACCCAGCAAATA-1	12119	7492	0.6182028220150177
GSM6339601	GCTAACCCAGCATGTC-1	12085	7131	0.5900703351261894
GSM6339601	GCTAACCCATTAGGCC-1	8853	6595	0.7449452163108551
GSM6339601	GCTAAGAAGATAACCC-1	10187	6863	0.6737017767743202
GSM6339601	GCTAAGAAGCGGCTGT-1	9862	6456	0.6546339484891502
GSM6339601	GCTAAGAAGTGTGATC-1	7821	5504	0.7037463239994886
GSM6339601	GCTAAGCGTCAGGCAT-1	8466	4700	0.5551618237656508
GSM6339601	GCTAAGCGTTTAGTCC-1	4803	2796	0.5821361648969394
GSM6339601	GCTAAGTTCACAGCCA-1	4509	2393	0.5307163450876026
GSM6339601	GCTAAGTTCAGCAAAG-1	11107	8170	0.735572161699829
GSM6339601	GCTAAGTTCCCAGTAG-1	15187	11111	0.7316125633765721
GSM6339601	GCTAAGTTCCTGAGTG-1	2994	1872	0.625250501002004
GSM6339601	GCTAAGTTCGTGCCTT-1	2411	1520	0.6304437992534219
GSM6339601	GCTAAGTTCGTTTCGC-1	17560	12952	0.7375854214123007
GSM6339601	GCTAATATCCGCAAGC-1	7065	4367	0.6181174805378628
GSM6339601	GCTAATATCGTTCACC-1	5749	3170	0.5514002435206122
GSM6339601	GCTAGCCAGCCGCAGT-1	2279	3739	1.6406318560772268
GSM6339601	GCTAGCCAGGACAATG-1	2920	1782	0.6102739726027397
GSM6339601	GCTAGCCAGGCTCATG-1	1030	675	0.6553398058252428
GSM6339601	GCTAGCCAGGTAAGGC-1	4519	2092	0.46293427749502103
GSM6339601	GCTAGCGGTAAGGTTT-1	11146	6386	0.5729409653687422
GSM6339601	GCTAGCGGTACTGAAT-1	8357	4343	0.5196840971640541
GSM6339601	GCTAGCGGTCAATAGT-1	7385	5109	0.6918077183480027
GSM6339601	GCTAGCGGTCATGCAA-1	8546	5155	0.6032061783290428
GSM6339601	GCTAGCGGTCCTAACT-1	19706	14522	0.7369329138333502
GSM6339601	GCTAGCGGTTGGTGAC-1	7727	4272	0.5528665717613562
GSM6339601	GCTAGCGGTTTACGTC-1	9263	4803	0.5185145201338659
GSM6339601	GCTAGCTCAATAATCC-1	3644	2032	0.557628979143798
GSM6339601	GCTAGCTCACATAGCC-1	6112	3377	0.5525196335078534
GSM6339601	GCTAGCTCAGAAACGT-1	10312	5732	0.5558572536850271
GSM6339601	GCTAGCTCAGGCCATT-1	24996	20942	0.8378140502480397
GSM6339601	GCTAGCTCATCCATCT-1	3614	2658	0.7354731599335916
GSM6339601	GCTAGCTCATTTGCTC-1	19125	11858	0.6200261437908496
GSM6339601	GCTAGTGTCAACAAGG-1	5225	2710	0.5186602870813397
GSM6339601	GCTAGTGTCACAGACT-1	15227	9249	0.6074078938727261
GSM6339601	GCTAGTGTCACGCATG-1	22432	23466	1.0460948644793153
GSM6339601	GCTAGTGTCGAGGAGT-1	7927	5641	0.7116185189857449
GSM6339601	GCTAGTGTCGTTACAA-1	10922	7050	0.6454861746932796
GSM6339601	GCTAGTGTCTAAGGAG-1	11256	6369	0.5658315565031983
GSM6339601	GCTAGTGTCTATGACA-1	8678	5858	0.6750403318737036
GSM6339601	GCTATAGGTATTGCAG-1	5299	3124	0.5895451972070201
GSM6339601	GCTATAGGTCCTAAGA-1	4498	3043	0.6765228990662516
GSM6339601	GCTATAGGTTGTTGTC-1	6018	4206	0.6989032901296112
GSM6339601	GCTATCCTCAATGTCA-1	21024	18390	0.8747146118721462
GSM6339601	GCTATCCTCACGCCAA-1	8852	4946	0.5587437867148667
GSM6339601	GCTATCCTCAGCACCA-1	5470	2752	0.5031078610603291
GSM6339601	GCTATCCTCCTCACAC-1	17873	13775	0.7707156045431657
GSM6339601	GCTATCCTCTTGACCC-1	3572	2487	0.6962486002239642
GSM6339601	GCTATTGCAATGCGCT-1	8251	6317	0.7656041691916131
GSM6339601	GCTATTGCACCTGTAA-1	658	470	0.7142857142857143
GSM6339601	GCTATTGCACTCGCTC-1	4660	3006	0.6450643776824034
GSM6339601	GCTATTGCAGCAAATA-1	2679	1704	0.6360582306830908
GSM6339601	GCTATTGCAGGACCTT-1	11792	7892	0.6692672998643148
GSM6339601	GCTATTGCAGGCCTTG-1	4242	2905	0.6848184818481848
GSM6339601	GCTATTGCATTGACAT-1	1420	865	0.6091549295774648
GSM6339601	GCTCAACCAACGTGCT-1	15623	10622	0.6798950265634001
GSM6339601	GCTCAACCAATATACC-1	13952	9759	0.6994696100917431
GSM6339601	GCTCAACCACCAGCAT-1	11678	9659	0.8271108066449735
GSM6339601	GCTCAACCAGGAACAT-1	2769	1574	0.5684362585771037
GSM6339601	GCTCAACCAGGCTAGA-1	8813	6779	0.7692045841370703
GSM6339601	GCTCAACCATAAACCT-1	9553	6785	0.7102480896053596
GSM6339601	GCTCACAAGCCTGACA-1	10736	7919	0.7376117734724292
GSM6339601	GCTCACAAGGACAACA-1	25557	17652	0.6906913957037211
GSM6339601	GCTCACAAGGAGCAAC-1	5485	3310	0.6034639927073838
GSM6339601	GCTCACAAGGCGCTTA-1	2745	1367	0.49799635701275047
GSM6339601	GCTCACAAGGTGAGAC-1	984	666	0.676829268292683
GSM6339601	GCTCACAAGTAACGGA-1	1095	838	0.765296803652968
GSM6339601	GCTCACAAGTTACCGG-1	8722	5591	0.6410227012153176
GSM6339601	GCTCATTGTACGTTTC-1	16125	14143	0.8770852713178294
GSM6339601	GCTCATTGTATTCGCT-1	10189	7521	0.7381489841986456
GSM6339601	GCTCATTGTCACACCC-1	10644	6656	0.6253288237504697
GSM6339601	GCTCATTGTCCGTGAG-1	4469	2649	0.5927500559409263
GSM6339601	GCTCATTGTGCATTTC-1	1092	667	0.6108058608058609
GSM6339601	GCTCATTGTGCCGCAA-1	9054	5230	0.5776452396730727
GSM6339601	GCTCATTGTGTTTGAG-1	14279	8657	0.6062749492261363
GSM6339601	GCTCATTGTTACTAGG-1	7821	4867	0.6222989387546349
GSM6339601	GCTCATTGTTAGTGAT-1	8077	5003	0.6194131484462053
GSM6339601	GCTCCTTAGAAGGTGC-1	3917	2192	0.559611947919326
GSM6339601	GCTCCTTAGCACTTGG-1	15765	10747	0.6816999682841738
GSM6339601	GCTCCTTAGCGCATTG-1	3601	2040	0.5665093029713968
GSM6339601	GCTCCTTAGCGCCTAA-1	5134	2969	0.5783015192832099
GSM6339601	GCTCCTTAGGAAACTG-1	6542	3556	0.5435646591256497
GSM6339601	GCTCGATCAAGCTACC-1	9147	6089	0.665682737509566
GSM6339601	GCTCGATCAATTTGGT-1	5134	2899	0.5646669263731983
GSM6339601	GCTCGATCAGAAATGC-1	22641	22452	0.991652312177024
GSM6339601	GCTCGATCAGTCTAAT-1	3356	2374	0.7073897497020262
GSM6339601	GCTCTGGCAAACGCGA-1	6714	3989	0.5941316651772416
GSM6339601	GCTCTGGCACACCAAC-1	1480	1255	0.847972972972973
GSM6339601	GCTCTGGCACTAAGAA-1	2492	1599	0.641653290529695
GSM6339601	GCTCTGGCATTGCGTA-1	3629	1986	0.5472581978506476
GSM6339601	GCTCTGGCATTGTTGG-1	15983	11452	0.7165112932490771
GSM6339601	GCTCTGTTCGCCTGTT-1	1783	1030	0.5776780706674145
GSM6339601	GCTCTGTTCTAACTGA-1	8681	6937	0.7991014860039166
GSM6339601	GCTGACATCAATCATG-1	4297	2244	0.5222248080055852
GSM6339601	GCTGACATCAGCCAAT-1	6308	3491	0.5534242232086239
GSM6339601	GCTGACATCCAGGTCA-1	11127	6429	0.5777837692100296
GSM6339601	GCTGACATCGACAAAG-1	11843	8491	0.7169636071941231
GSM6339601	GCTGACATCGCAAACT-1	2047	1250	0.6106497313141183
GSM6339601	GCTGACATCTCTAGCC-1	3469	2386	0.687806284231767
GSM6339601	GCTGACCAGCGTGCGT-1	743	369	0.49663526244952894
GSM6339601	GCTGACCAGCTTACTT-1	3291	2377	0.7222728653904589
GSM6339601	GCTGACCAGGCTAAGA-1	3125	1770	0.5664
GSM6339601	GCTGACCAGGGTGAAC-1	2023	1154	0.5704399406821552
GSM6339601	GCTGACCAGTTGGGCC-1	26868	16464	0.6127735596248325
GSM6339601	GCTGAGGAGCTATGAC-1	3961	6326	1.597071446604393
GSM6339601	GCTGAGGAGGCCGGAA-1	16549	11004	0.6649344371261103
GSM6339601	GCTGAGGAGGCTACTG-1	4177	2506	0.5999521187455111
GSM6339601	GCTGAGGAGTCATTTC-1	8895	4809	0.5406408094435076
GSM6339601	GCTGAGGAGTCTTGAA-1	10823	6291	0.5812621269518617
GSM6339601	GCTGAGGAGTGAACCT-1	2933	1625	0.5540402318445278
GSM6339601	GCTGAGGAGTTATCCT-1	9740	5281	0.5421971252566735
GSM6339601	GCTGAGGAGTTGCCTC-1	600	303	0.505
GSM6339601	GCTGAGGAGTTTGAGC-1	3189	1744	0.5468798996550643
GSM6339601	GCTGATCCAATGAGGT-1	13897	12507	0.8999784126070375
GSM6339601	GCTGATCCAGGATGGC-1	7661	4614	0.6022712439629291
GSM6339601	GCTGATCCATTGTGCA-1	2517	1834	0.7286452125546286
GSM6339601	GCTGCAATCACAGACT-1	10297	6415	0.6229969894143925
GSM6339601	GCTGCAATCATAATCG-1	1456	1033	0.709478021978022
GSM6339601	GCTGCAATCATGTTTC-1	10274	6588	0.6412302900525598
GSM6339601	GCTGCAATCCCGAAGC-1	2658	1395	0.5248306997742663
GSM6339601	GCTGCAATCCTCCTAA-1	2894	1995	0.6893572909467864
GSM6339601	GCTGCAATCCTTGTTG-1	2182	979	0.4486709440879927
GSM6339601	GCTGCAATCGCAATCG-1	7146	3979	0.5568150013993842
GSM6339601	GCTGCAATCGCCTAAG-1	5589	2895	0.5179817498658078
GSM6339601	GCTGCACAGCGAGCGA-1	5459	3360	0.6154973438358674
GSM6339601	GCTGCACAGGAACGGT-1	3746	2313	0.6174586225306994
GSM6339601	GCTGCACAGGCGCTTA-1	379	199	0.525065963060686
GSM6339601	GCTGCACAGTTATGGC-1	2259	1414	0.6259406817175741
GSM6339601	GCTGCATCAAGCCACT-1	3764	2733	0.7260892667375133
GSM6339601	GCTGCATCAATAACGA-1	8581	4879	0.5685817503787437
GSM6339601	GCTGCATCAGGCCTTG-1	3256	1818	0.5583538083538083
GSM6339601	GCTGCATCATAGTCAT-1	4017	2553	0.6355489171023152
GSM6339601	GCTGCATCATTAAAGG-1	632	305	0.4825949367088608
GSM6339601	GCTGGATGTAGCCATA-1	803	515	0.6413449564134496
GSM6339601	GCTGGATGTCTCAGCC-1	12841	9515	0.7409859045245697
GSM6339601	GCTGGATGTGAGCGAA-1	12914	9040	0.700015487068298
GSM6339601	GCTGGATGTGCTTAGA-1	3140	3212	1.0229299363057325
GSM6339601	GCTGGATGTTACCTGT-1	478	222	0.46443514644351463
GSM6339601	GCTGGATGTTTGAGCA-1	727	532	0.7317744154057771
GSM6339601	GCTGGTTCAGAGGCTA-1	1260	647	0.5134920634920634
GSM6339601	GCTGTAAGTACTTCAC-1	1323	664	0.5018896447467877
GSM6339601	GCTGTAAGTATTGCAG-1	4064	2491	0.6129429133858267
GSM6339601	GCTGTAAGTCTAACCT-1	12122	7638	0.6300940438871473
GSM6339601	GCTGTAAGTGAGGTGA-1	27389	21083	0.7697615831173099
GSM6339601	GCTGTACCAAACAACA-1	10744	6466	0.6018242740134029
GSM6339601	GCTGTACCAAGGTGGC-1	4089	2368	0.5791146979701639
GSM6339601	GCTGTACCATTGCGGT-1	16181	11651	0.7200420245967493
GSM6339601	GCTGTGATCCTAAGGT-1	25096	18746	0.7469716289448518
GSM6339601	GCTGTGATCCTAAGTA-1	11646	7629	0.655074703760948
GSM6339601	GCTGTGATCCTGGCTT-1	4364	3778	0.8657195233730522
GSM6339601	GCTGTGATCGGCTAGC-1	1031	661	0.6411251212415131
GSM6339601	GCTGTGATCGTGCCTT-1	25692	20370	0.7928538066324148
GSM6339601	GCTGTGCAGCATTATG-1	8496	4238	0.4988229755178908
GSM6339601	GCTGTGCAGCCTTAAA-1	6755	3657	0.5413767579570689
GSM6339601	GCTGTGCAGGGTTAGA-1	9834	7519	0.764592231035184
GSM6339601	GCTGTGCAGGTAAGCA-1	4184	2637	0.6302581261950286
GSM6339601	GCTGTGCAGGTCTTGG-1	7406	4898	0.6613556575749392
GSM6339601	GCTGTGCAGTATCGCG-1	9302	6610	0.7105998709954848
GSM6339601	GCTTAAATCCATAATG-1	5617	3420	0.6088659426740253
GSM6339601	GCTTAAATCGTCATTT-1	2169	1571	0.7242969110189027
GSM6339601	GCTTAAATCTACCTCA-1	566	286	0.5053003533568905
GSM6339601	GCTTAAATCTAGCGTG-1	16279	12498	0.7677375760181829
GSM6339601	GCTTAACAGCAGCTAT-1	466	269	0.5772532188841202
GSM6339601	GCTTACCTCAGAAACG-1	3403	2201	0.6467822509550397
GSM6339601	GCTTACCTCGAGGAGT-1	5289	2845	0.5379088674607676
GSM6339601	GCTTAGTAGATGCCTG-1	4013	2224	0.5541988537253925
GSM6339601	GCTTAGTAGCTTTGGG-1	11521	7647	0.6637444666261609
GSM6339601	GCTTAGTAGGAGGTTA-1	11491	7269	0.6325820207118614
GSM6339601	GCTTAGTAGGGCTTTG-1	14221	10550	0.7418606286477745
GSM6339601	GCTTAGTAGTCATTGA-1	5453	3586	0.6576196589033559
GSM6339601	GCTTAGTAGTTAGTTG-1	2157	1288	0.5971256374594344
GSM6339601	GCTTATCGTACGCGCA-1	3679	2342	0.6365860288121772
GSM6339601	GCTTATCGTAGTAAGA-1	3503	2214	0.6320296888381387
GSM6339601	GCTTATCGTGAGCGAA-1	8538	4888	0.5724994143827594
GSM6339601	GCTTATCGTTTCGCCA-1	2735	1911	0.6987202925045704
GSM6339601	GCTTATCGTTTGTCTA-1	23361	20350	0.8711099696074655
GSM6339601	GCTTCGCGTAACGTGC-1	16701	11502	0.6887012753727322
GSM6339601	GCTTCGCGTAAGGTTT-1	13177	10397	0.7890263337633756
GSM6339601	GCTTCGCGTGCATTTC-1	5953	3059	0.5138585587098942
GSM6339601	GCTTCGCGTGGAAACG-1	9488	5488	0.5784148397976391
GSM6339601	GCTTGACCAAACGGGC-1	12023	7884	0.6557431589453547
GSM6339601	GCTTGACCAGCTTAAT-1	21959	18385	0.8372421330661688
GSM6339601	GCTTGACCATAGCGGA-1	5860	3307	0.5643344709897611
GSM6339601	GCTTGACCATTGTGCA-1	21146	16871	0.7978341057410385
GSM6339601	GCTTGTTGTAACGTGC-1	4921	2618	0.5320056899004267
GSM6339601	GCTTGTTGTCACGAAC-1	493	355	0.7200811359026369
GSM6339601	GCTTGTTGTCACTCGC-1	1648	867	0.5260922330097088
GSM6339601	GCTTGTTGTCATCCTG-1	3458	2052	0.5934065934065934
GSM6339601	GCTTGTTGTGATTACG-1	8307	5966	0.718189478752859
GSM6339601	GCTTGTTGTTATCCGT-1	1821	1026	0.5634266886326195
GSM6339601	GCTTGTTGTTTCCACG-1	4474	2969	0.6636119803308002
GSM6339601	GCTTTACGTGCTCCAC-1	6107	3600	0.5894874733911905
GSM6339601	GCTTTACGTTAATGCG-1	18675	13831	0.740615796519411
GSM6339601	GCTTTACGTTCCATTA-1	2632	1848	0.7021276595744681
GSM6339601	GCTTTATTCAAGTGTC-1	7998	4960	0.6201550387596899
GSM6339601	GCTTTATTCACCTGCT-1	9181	8092	0.8813854699923755
GSM6339601	GCTTTCATCCCGAAGC-1	7861	4388	0.5581987024551583
GSM6339601	GCTTTCATCCTTCTAG-1	13409	9291	0.6928928331717503
GSM6339601	GCTTTCATCGGCCATA-1	492	335	0.6808943089430894
GSM6339601	GCTTTCATCTAACCAA-1	3197	1777	0.5558335939943697
GSM6339601	GCTTTGTGTAACCACA-1	24164	17236	0.7132925012415163
GSM6339601	GCTTTGTGTCGCGCAA-1	3447	2148	0.6231505657093125
GSM6339601	GCTTTGTGTGTCACGG-1	1306	1078	0.8254211332312404
GSM6339601	GGAAACTCAATGAGGT-1	8101	5323	0.6570793729169239
GSM6339601	GGAAACTCACCCACCT-1	15267	12391	0.8116198336280868
GSM6339601	GGAAACTCAGACAAAC-1	662	336	0.5075528700906344
GSM6339601	GGAAACTCAGCATGAG-1	8013	4230	0.5278921752152752
GSM6339601	GGAAACTCAGGCTAGA-1	8649	5179	0.598797548849578
GSM6339601	GGAACAATCCCGAACA-1	4198	2792	0.6650786088613626
GSM6339601	GGAACAATCCTCATGC-1	4668	2921	0.6257497857754927
GSM6339601	GGAACAATCGGTTACG-1	7782	4692	0.6029298380878951
GSM6339601	GGAACAATCTTGGACG-1	1892	1203	0.6358350951374208
GSM6339601	GGAACCACAACCGCCA-1	4279	2979	0.6961906987613928
GSM6339601	GGAACCACAAGGGTTG-1	20954	18358	0.8761095733511501
GSM6339601	GGAACCACAATGAAGC-1	571	394	0.6900175131348512
GSM6339601	GGAACCACACCAACCG-1	1584	1190	0.7512626262626263
GSM6339601	GGAACCACAGCTAATT-1	6248	4292	0.6869398207426376
GSM6339601	GGAACCACATTTAAGC-1	2976	2172	0.7298387096774194
GSM6339601	GGAACCTGTCAGGCAT-1	11372	6668	0.5863524446007738
GSM6339601	GGAACCTGTGACCTGG-1	14680	9400	0.6403269754768393
GSM6339601	GGAACCTGTGATGATT-1	3283	2062	0.628084069448675
GSM6339601	GGAACCTGTGCAATGC-1	3450	1806	0.5234782608695652
GSM6339601	GGAACCTGTGTAATAC-1	5390	2620	0.48608534322820035
GSM6339601	GGAACGGTCAATGTGC-1	26322	20233	0.7686725932679888
GSM6339601	GGAACGGTCTACTAAG-1	5225	2468	0.4723444976076555
GSM6339601	GGAACGGTCTTGGACG-1	17529	12132	0.6921102173540989
GSM6339601	GGAACTAAGCGAGGTG-1	17064	11990	0.7026488513830286
GSM6339601	GGAACTAAGGCAACAA-1	1093	644	0.5892040256175664
GSM6339601	GGAACTAAGGCTAGAA-1	8829	5129	0.580926492241477
GSM6339601	GGAACTAAGGTATTGC-1	2937	2021	0.6881171263193735
GSM6339601	GGAACTAAGGTGAAAT-1	6166	3707	0.601200129743756
GSM6339601	GGAAGCTAGCATTTCT-1	13190	9386	0.7115996967399545
GSM6339601	GGAAGCTAGCCTCTGT-1	7635	4321	0.5659462999345121
GSM6339601	GGAAGCTAGCTCCTAC-1	15763	12221	0.7752965806001396
GSM6339601	GGAAGCTAGCTTTGGG-1	5649	3325	0.5885997521685254
GSM6339601	GGAAGCTAGTAACGGA-1	11609	7799	0.6718063571367043
GSM6339601	GGAAGCTAGTGACCTG-1	17003	13866	0.8155031465035582
GSM6339601	GGAAGCTAGTGGCGGA-1	3946	2218	0.5620881905727318
GSM6339601	GGAAGTATCACAGCCA-1	3164	1896	0.5992414664981036
GSM6339601	GGAAGTATCATCCACC-1	2393	1203	0.5027162557459256
GSM6339601	GGAAGTATCCCTGACT-1	2501	1780	0.7117153138744502
GSM6339601	GGAAGTATCGTAACGT-1	7311	3839	0.5250991656408152
GSM6339601	GGAAGTATCTAATTGG-1	6326	4429	0.700126462219412
GSM6339601	GGAATCTTCACCGGTA-1	11004	7744	0.7037440930570702
GSM6339601	GGAATCTTCAGGCCTA-1	14986	9667	0.6450687308154277
GSM6339601	GGAATCTTCATGGCCA-1	1520	1163	0.7651315789473684
GSM6339601	GGAATCTTCATGTCAA-1	6624	3818	0.5763888888888888
GSM6339601	GGAATCTTCCACCTTA-1	11857	8327	0.7022855697056591
GSM6339601	GGAATCTTCCGCAAAT-1	6660	3800	0.5705705705705706
GSM6339601	GGAATCTTCTATTGTC-1	21073	15020	0.7127604043088313
GSM6339601	GGACAGCCAACGTGCT-1	5869	7219	1.2300221502811381
GSM6339601	GGACAGCCAATCATGT-1	26704	20857	0.7810440383463152
GSM6339601	GGACAGCCACGTAATT-1	11018	7220	0.6552913414412779
GSM6339601	GGACAGCCAGTTATGT-1	8611	5405	0.6276855185228196
GSM6339601	GGACAGCCATGCATAT-1	9222	5806	0.6295814356972457
GSM6339601	GGACATAAGAGGAGTC-1	21050	14613	0.6942042755344418
GSM6339601	GGACATAAGGGTGAAC-1	5112	3369	0.659037558685446
GSM6339601	GGACCGAAGCAAGGGT-1	5758	2854	0.4956582146578673
GSM6339601	GGACCGAAGGATTTGC-1	1471	845	0.5744391570360299
GSM6339601	GGACCGAAGGCATTGT-1	12699	9024	0.7106071344200331
GSM6339601	GGACCGAAGGTCAAAG-1	16258	13279	0.8167671300282937
GSM6339601	GGACCGAAGTCTCACC-1	25409	17311	0.6812940296745248
GSM6339601	GGACCGAAGTTAGTGC-1	4078	2375	0.5823933300637567
GSM6339601	GGACCTCAGGCCTGGT-1	8768	6840	0.7801094890510949
GSM6339601	GGACCTCAGGGCCACT-1	11261	6289	0.5584761566468343
GSM6339601	GGACCTCAGTTTGTCT-1	4308	2188	0.5078922934076138
GSM6339601	GGACGAAGTACCAGGT-1	11362	6978	0.614152437951065
GSM6339601	GGACGAAGTCGTAATG-1	361	265	0.7340720221606648
GSM6339601	GGACGAAGTGGGAACA-1	10062	6013	0.5975949115483999
GSM6339601	GGACGGATCATAGCCG-1	3682	3162	0.8587724063009234
GSM6339601	GGACGGATCCTACCTA-1	9997	6272	0.6273882164649395
GSM6339601	GGACGGATCGGTTCCT-1	2949	2044	0.6931163106137673
GSM6339601	GGACGGATCTCCATGC-1	10056	6290	0.625497215592681
GSM6339601	GGACGGATCTCTAGCC-1	13112	12227	0.9325045759609518
GSM6339601	GGACTAAAGCCGCTTT-1	17935	14801	0.8252578756621132
GSM6339601	GGACTAAAGTTCCCAC-1	14266	9625	0.6746810598626104
GSM6339601	GGAGCAAGTATGGTGC-1	17087	12177	0.7126470416105811
GSM6339601	GGAGCAAGTCAAGACC-1	2679	1552	0.5793206420306084
GSM6339601	GGAGCAAGTTAGCATG-1	1538	702	0.4564369310793238
GSM6339601	GGAGCAAGTTAGCGTA-1	8213	4114	0.5009131864117862
GSM6339601	GGAGCATAGCCGGTAC-1	14493	8372	0.5776581798109433
GSM6339601	GGAGCATAGGTGTCCA-1	573	339	0.5916230366492147
GSM6339601	GGAGCATAGTAGGCGG-1	8839	4498	0.5088810951465098
GSM6339601	GGAGCGATCAATGTGC-1	13246	7491	0.5655292163672052
GSM6339601	GGAGCGATCCCAGTAG-1	9432	7823	0.8294105173876166
GSM6339601	GGAGCGATCCGTAAAC-1	3475	2207	0.6351079136690647
GSM6339601	GGAGCGATCCGTTAAA-1	3825	2196	0.5741176470588235
GSM6339601	GGAGCGATCTCTAGCC-1	1503	911	0.6061210911510313
GSM6339601	GGAGCGATCTTCAATC-1	7686	5140	0.6687483736664065
GSM6339601	GGAGGTTAGCACTTGG-1	12520	7856	0.6274760383386582
GSM6339601	GGAGGTTAGCCTGGTA-1	8231	5153	0.6260478678167902
GSM6339601	GGAGGTTAGGACCTCA-1	777	529	0.6808236808236808
GSM6339601	GGAGGTTAGGAGGCAT-1	14409	10787	0.7486293288916649
GSM6339601	GGAGGTTAGGGCCATC-1	12749	7208	0.565377676680524
GSM6339601	GGAGGTTAGTTGTCCC-1	4576	2565	0.5605332167832168
GSM6339601	GGAGTCTGTAGGTTGC-1	12165	6738	0.5538840937114673
GSM6339601	GGAGTCTGTCCACAAA-1	8278	5713	0.6901425465088186
GSM6339601	GGAGTCTGTGCCGCAA-1	10797	6920	0.6409187737334445
GSM6339601	GGAGTCTGTGGATTGC-1	1134	737	0.6499118165784833
GSM6339601	GGAGTCTGTGTCCAAA-1	3775	2091	0.5539072847682119
GSM6339601	GGAGTCTGTTGTCATC-1	10349	6291	0.6078848197893516
GSM6339601	GGAGTCTGTTTATGGG-1	8539	5553	0.6503103407893196
GSM6339601	GGAGTGAGTAACCTAG-1	1411	1097	0.777462792345854
GSM6339601	GGAGTGAGTCCCGGAA-1	6420	3844	0.5987538940809969
GSM6339601	GGAGTGAGTGATGGCT-1	14355	7952	0.5539533263671195
GSM6339601	GGAGTGAGTTAGGTGC-1	3854	3542	0.9190451478982875
GSM6339601	GGAGTGAGTTTGCGCC-1	8896	6449	0.7249325539568345
GSM6339601	GGATAACCAAAGCGCA-1	5558	3695	0.664807484706729
GSM6339601	GGATAACCAAGGTAAC-1	18161	14673	0.8079400914046584
GSM6339601	GGATAACCAGTTATCG-1	2760	1562	0.5659420289855073
GSM6339601	GGATACTTCCTCATGC-1	7303	5630	0.770916061892373
GSM6339601	GGATACTTCGGGACCT-1	11996	8216	0.6848949649883295
GSM6339601	GGATACTTCTTGACCC-1	3293	1856	0.5636197995748558
GSM6339601	GGATATTGTGCATTTC-1	7791	4912	0.6304710563470671
GSM6339601	GGATATTGTTAGCAGC-1	2732	1706	0.6244509516837482
GSM6339601	GGATATTGTTAGTACG-1	15445	10427	0.6751052120427323
GSM6339601	GGATATTGTTCTTTAG-1	4652	3116	0.6698194325021496
GSM6339601	GGATGAATCATTGTCT-1	7352	3970	0.5399891186071817
GSM6339601	GGATGAATCCAGCACA-1	2796	2262	0.8090128755364807
GSM6339601	GGATGAATCCGTAAAC-1	10820	6224	0.5752310536044363
GSM6339601	GGATGAATCGCTATAA-1	23195	22080	0.951929295106704
GSM6339601	GGATGAATCGGGACCT-1	4293	2824	0.6578150477521547
GSM6339601	GGATGAATCGGGACTC-1	4007	2453	0.6121786872972298
GSM6339601	GGATGAATCTCACTCA-1	10181	6848	0.6726254788331205
GSM6339601	GGATGGCCAAGTAAGC-1	21357	17225	0.8065271339607623
GSM6339601	GGATGGCCAATTGCGC-1	12152	7401	0.6090355497037525
GSM6339601	GGATGGCCAGAAACGT-1	25857	18308	0.7080481107630429
GSM6339601	GGATGGCCAGAACCGA-1	17838	9963	0.558526740665994
GSM6339601	GGATGGCCAGGTTCAC-1	9416	6725	0.7142098555649957
GSM6339601	GGATGGCCAGTAGGTG-1	4069	2319	0.5699188989923815
GSM6339601	GGATGGCCATCCGTAA-1	2000	1097	0.5485
GSM6339601	GGATGGCCATCGCTCC-1	2265	1119	0.49403973509933774
GSM6339601	GGATGGCCATGAATAG-1	17803	10909	0.6127618940627984
GSM6339601	GGATGGCCATTTGCTC-1	1154	740	0.6412478336221837
GSM6339601	GGATGTAAGCCTAACG-1	8674	4893	0.5640996080239797
GSM6339601	GGATGTAAGCTAATCA-1	6956	3725	0.5355089131684876
GSM6339601	GGATGTAAGGGTCCAC-1	6516	3956	0.6071209330877839
GSM6339601	GGATTATGTGACCTGG-1	19378	12328	0.6361853648467334
GSM6339601	GGATTATGTGCCTCAC-1	2406	1530	0.6359102244389028
GSM6339601	GGATTATGTTCTTTAG-1	14333	11548	0.8056931556547827
GSM6339601	GGATTATGTTGGTTGA-1	1202	695	0.5782029950083195
GSM6339601	GGATTATGTTTATCGC-1	5955	3134	0.5262804366078925
GSM6339601	GGATTCAGTAGCAGCT-1	1061	473	0.4458058435438266
GSM6339601	GGATTCAGTCCTTCAG-1	4683	2651	0.566090113175315
GSM6339601	GGATTCAGTTCGCTCA-1	1469	826	0.562287270251872
GSM6339601	GGATTGCGTAATCGCA-1	9333	5190	0.5560912889746062
GSM6339601	GGATTGCGTAGGATCC-1	14171	9391	0.6626914120386705
GSM6339601	GGATTGCGTCAATACG-1	9983	7557	0.7569868776920765
GSM6339601	GGATTGCGTCAGGCAT-1	13826	8258	0.5972804860407928
GSM6339601	GGATTGCGTCATGCAA-1	8028	4751	0.591803687095167
GSM6339601	GGATTGCGTCGCATAA-1	415	232	0.5590361445783133
GSM6339601	GGATTGCGTCGTTACT-1	4688	2444	0.5213310580204779
GSM6339601	GGATTGCGTCTCAGCC-1	15592	12944	0.8301693175987686
GSM6339601	GGATTGCGTTCCAGGG-1	5846	3129	0.5352377694149846
GSM6339601	GGATTTATCGGTTACG-1	509	255	0.5009823182711198
GSM6339601	GGCAAATCAACAGGTG-1	5594	3050	0.5452270289595996
GSM6339601	GGCAAATCAACCTGGT-1	3631	2335	0.6430735334618563
GSM6339601	GGCAAGCCAAACATAG-1	8539	6492	0.7602763789670922
GSM6339601	GGCAAGCCAACCTAAT-1	757	488	0.6446499339498019
GSM6339601	GGCAAGCCAGTTAGCC-1	5969	3057	0.5121460881219635
GSM6339601	GGCAAGCCATTAAAGG-1	543	287	0.5285451197053407
GSM6339601	GGCAATCGTATCTGGA-1	9409	6756	0.7180359230523966
GSM6339601	GGCAATCGTGCAACTA-1	2482	1531	0.6168412570507655
GSM6339601	GGCAATCGTTAGCTGA-1	407	266	0.6535626535626535
GSM6339601	GGCAATCGTTAGGCGT-1	14585	11566	0.7930065135413096
GSM6339601	GGCAGGATCATAACGC-1	703	416	0.5917496443812233
GSM6339601	GGCAGGATCATCCTGC-1	1477	986	0.6675693974272173
GSM6339601	GGCAGGATCCCTCGCA-1	17642	12834	0.7274685409817481
GSM6339601	GGCAGGATCTCACATT-1	11557	6970	0.603097689711863
GSM6339601	GGCAGGATCTGGCATG-1	10629	7373	0.6936682660645405
GSM6339601	GGCATGGAGACAACAG-1	9016	5632	0.6246672582076309
GSM6339601	GGCATGGAGATAACCC-1	1261	1048	0.8310864393338621
GSM6339601	GGCATGGAGCGCAATT-1	14091	9259	0.6570860833155915
GSM6339601	GGCATGGAGTGAACAG-1	15859	14110	0.8897156188914812
GSM6339601	GGCATTAGTAATTAGC-1	5026	2573	0.5119379228014326
GSM6339601	GGCATTAGTATTCGCT-1	14704	9155	0.6226196953210011
GSM6339601	GGCATTAGTCCGCTGT-1	12327	7794	0.6322706254563154
GSM6339601	GGCATTAGTGAACAAA-1	20489	20569	1.0039045341402704
GSM6339601	GGCATTAGTGACATAT-1	19927	14290	0.7171174787976112
GSM6339601	GGCATTAGTGTTAAAC-1	5089	2843	0.5586559245431323
GSM6339601	GGCATTAGTTTGGGTA-1	11818	8350	0.7065493315281773
GSM6339601	GGCATTGTCACACAGT-1	16777	15445	0.9206055909876617
GSM6339601	GGCATTGTCCCTGTTA-1	12503	10328	0.8260417499800048
GSM6339601	GGCATTGTCCGCCAAA-1	4045	1797	0.44425216316440047
GSM6339601	GGCATTGTCCGTTATT-1	1081	599	0.5541165587419057
GSM6339601	GGCATTGTCCTAAATG-1	26029	22629	0.8693764647124361
GSM6339601	GGCATTGTCCTTGCGT-1	6739	3263	0.48419646831874164
GSM6339601	GGCATTGTCGGCTAGC-1	897	665	0.7413600891861761
GSM6339601	GGCATTGTCTCATCAT-1	7259	4400	0.6061440969830555
GSM6339601	GGCATTGTCTTAGCCC-1	1133	816	0.7202118270079435
GSM6339601	GGCCAACTCAGCCAAT-1	11767	8136	0.6914251720914422
GSM6339601	GGCCAACTCATAACTG-1	12147	9859	0.8116407343376966
GSM6339601	GGCCAACTCATGCTTT-1	2846	1890	0.6640899508081518
GSM6339601	GGCCAACTCCGTTAAA-1	20420	14520	0.7110675808031341
GSM6339601	GGCCAACTCGTTATCT-1	5844	3764	0.6440793976728268
GSM6339601	GGCCAACTCTAGCTAA-1	1433	1107	0.7725052337752966
GSM6339601	GGCCATCAGAATCTCA-1	17711	13235	0.7472757043645192
GSM6339601	GGCCATCAGACTATTG-1	6021	3315	0.5505729945191828
GSM6339601	GGCCATCAGCGGCTGT-1	989	627	0.6339737108190091
GSM6339601	GGCCATCAGCGTGCAC-1	415	265	0.6385542168674698
GSM6339601	GGCCATCAGCTGTCAG-1	18014	11409	0.6333407349839014
GSM6339601	GGCCATCAGCTTCCCG-1	6632	3973	0.599065138721351
GSM6339601	GGCCATCAGGCTATGT-1	5721	3831	0.6696381751442055
GSM6339601	GGCCATCAGGTCCAAT-1	15104	8842	0.5854078389830508
GSM6339601	GGCCATCAGTGTTGCG-1	18681	14666	0.7850757454097747
GSM6339601	GGCCGTTAGCATTTCT-1	16473	10906	0.6620530565167243
GSM6339601	GGCCGTTAGGTTTACA-1	1585	840	0.5299684542586751
GSM6339601	GGCCGTTAGTAGCTTA-1	14479	8610	0.5946543269562815
GSM6339601	GGCCGTTAGTCCTGAG-1	487	289	0.5934291581108829
GSM6339601	GGCCTAATCACGCCAA-1	8323	5252	0.6310224678601466
GSM6339601	GGCCTAATCAGCAAGA-1	845	428	0.506508875739645
GSM6339601	GGCCTAATCAGCCAAT-1	6507	3535	0.5432611034270786
GSM6339601	GGCCTAATCCCATAAA-1	9803	5582	0.5694175252473732
GSM6339601	GGCCTAATCCGCCAAA-1	15885	12695	0.7991816178785017
GSM6339601	GGCCTAATCTATTGTC-1	17411	12248	0.7034633277812877
GSM6339601	GGCCTCTGTAAACAAG-1	8802	5297	0.6017950465803227
GSM6339601	GGCCTCTGTAATCGCA-1	16943	16573	0.9781620728324382
GSM6339601	GGCCTCTGTTGTAACG-1	19617	17080	0.8706733955242901
GSM6339601	GGCCTCTGTTGTGACA-1	14852	8357	0.562685160247778
GSM6339601	GGCCTTAAGGTGAAAT-1	6650	4047	0.6085714285714285
GSM6339601	GGCCTTAAGTAAAGGT-1	9486	6577	0.6933375500737929
GSM6339601	GGCCTTAAGTCAATCA-1	1618	1018	0.6291718170580964
GSM6339601	GGCCTTCGTACTGATG-1	1571	1033	0.6575429662635264
GSM6339601	GGCCTTCGTCACACCC-1	22968	21265	0.9258533611981887
GSM6339601	GGCCTTCGTTGTTGGA-1	4997	2444	0.4890934560736442
GSM6339601	GGCGATACAAAGGTAC-1	13260	8182	0.6170437405731524
GSM6339601	GGCGATACAACACCTA-1	15098	12044	0.7977215525235131
GSM6339601	GGCGATACAATCCTAG-1	8711	5509	0.6324187808517966
GSM6339601	GGCGATACAGCATTAT-1	10711	6194	0.5782840070955093
GSM6339601	GGCGATACAGCTCAAC-1	14743	9911	0.6722512378756019
GSM6339601	GGCGATACAGGCAAGC-1	4654	4446	0.9553072625698324
GSM6339601	GGCGATACAGGCGAGT-1	8494	5734	0.6750647515893572
GSM6339601	GGCGATACATAAGCAA-1	9626	5685	0.5905879908580927
GSM6339601	GGCGCTAGTCAAGTAT-1	6150	3565	0.5796747967479675
GSM6339601	GGCGCTAGTTACTTCA-1	20553	15579	0.7579915340826157
GSM6339601	GGCGCTAGTTGCTGGG-1	23016	18031	0.7834115397984011
GSM6339601	GGCGCTAGTTTCGCGC-1	27038	18097	0.6693172571935794
GSM6339601	GGCGGTAAGACAGGTA-1	7714	4179	0.5417422867513612
GSM6339601	GGCGGTAAGGGACTAA-1	9296	6486	0.6977194492254734
GSM6339601	GGCGGTAAGGTAGCTT-1	12820	7842	0.6117004680187208
GSM6339601	GGCGGTAAGTGATTCA-1	6063	3486	0.5749628896585849
GSM6339601	GGCGGTTTCAATGAGG-1	8667	4924	0.5681319949232722
GSM6339601	GGCGGTTTCACTTCAT-1	11732	6671	0.5686157517899761
GSM6339601	GGCGGTTTCAGGAACA-1	16513	11417	0.6913946587537092
GSM6339601	GGCGGTTTCATAGACC-1	8285	6064	0.731925165962583
GSM6339601	GGCGGTTTCCGTTAAA-1	13761	7297	0.5302666957343216
GSM6339601	GGCGGTTTCGCTTGCT-1	22019	18079	0.8210636268677052
GSM6339601	GGCGGTTTCTGTTCAT-1	3977	2028	0.5099321096303746
GSM6339601	GGCGGTTTCTTAATGG-1	928	691	0.7446120689655172
GSM6339601	GGCGTTATCATTCATC-1	10792	7238	0.6706819866567828
GSM6339601	GGCGTTATCCTAAATG-1	10314	6282	0.6090750436300174
GSM6339601	GGCTAGACATATTGAC-1	13655	8489	0.621677041376785
GSM6339601	GGCTAGTGTCACACCC-1	20083	12835	0.6390977443609023
GSM6339601	GGCTAGTGTCACAGCG-1	13314	8675	0.6515697761754544
GSM6339601	GGCTAGTGTCCTTCAG-1	665	513	0.7714285714285715
GSM6339601	GGCTAGTGTCGTAAAT-1	1767	870	0.4923599320882852
GSM6339601	GGCTAGTGTGATGGCT-1	12942	9311	0.7194405810539329
GSM6339601	GGCTAGTGTGCCGCAA-1	23247	17212	0.7403966103153095
GSM6339601	GGCTAGTGTGCTAGCG-1	22729	15699	0.6907035065335034
GSM6339601	GGCTAGTGTGCTCCGT-1	13279	8488	0.6392047593945327
GSM6339601	GGCTAGTGTGGATTAT-1	17460	15249	0.8733676975945017
GSM6339601	GGCTAGTGTTACCGGG-1	13927	7859	0.5642995620018669
GSM6339601	GGCTAGTGTTTAGCTC-1	1557	1046	0.6718047527296083
GSM6339601	GGCTATGTCCTAATAG-1	1251	792	0.6330935251798561
GSM6339601	GGCTATGTCCTGAGTG-1	18621	16630	0.8930777079641266
GSM6339601	GGCTATGTCCTTAAGA-1	15982	12355	0.7730571893380053
GSM6339601	GGCTATGTCCTTAGTT-1	21108	18348	0.8692438885730529
GSM6339601	GGCTATGTCCTTGCGT-1	7493	4077	0.5441078339783798
GSM6339601	GGCTATGTCGGGACCT-1	2258	1582	0.7006200177147919
GSM6339601	GGCTATGTCTGCAACG-1	1890	1407	0.7444444444444445
GSM6339601	GGCTATTAGAAGGTGC-1	8840	4118	0.4658371040723982
GSM6339601	GGCTATTAGGAGTAAT-1	1141	663	0.5810692375109553
GSM6339601	GGCTATTAGTGAGGGT-1	19964	15785	0.7906732117812062
GSM6339601	GGCTCAATCACTCGCT-1	4065	2809	0.6910209102091021
GSM6339601	GGCTCAATCATAGCCG-1	18794	13370	0.7113972544429074
GSM6339601	GGCTCAATCATGGTGT-1	8547	4925	0.5762255762255762
GSM6339601	GGCTCAATCGCTATAA-1	14539	8969	0.61689249604512
GSM6339601	GGCTCAATCGTTATAG-1	10661	5214	0.4890723196698246
GSM6339601	GGCTCACAGCAAGATG-1	11006	7710	0.700526985280756
GSM6339601	GGCTCACAGGAGGGTT-1	12118	8324	0.6869120316883974
GSM6339601	GGCTGAGAGACACCGC-1	7687	4572	0.5947703915701834
GSM6339601	GGCTGAGAGCCTGTGA-1	13691	9011	0.6581696004674604
GSM6339601	GGCTGAGAGCTGTCAG-1	17808	9544	0.5359389038634321
GSM6339601	GGCTGAGAGGCATTAC-1	14717	12410	0.8432425086634504
GSM6339601	GGCTGAGAGGTACCGC-1	5863	3204	0.5464779123315708
GSM6339601	GGCTGAGAGGTGTTAC-1	4236	3119	0.7363078375826251
GSM6339601	GGCTGAGAGTTTGTCT-1	2926	1403	0.4794941900205058
GSM6339601	GGCTGGTTCAAGCGCC-1	14045	8890	0.6329654681381275
GSM6339601	GGCTGGTTCAATCTAG-1	2338	1309	0.5598802395209581
GSM6339601	GGCTGGTTCATGTTTC-1	13923	8070	0.5796164619694032
GSM6339601	GGCTGGTTCCGCATGA-1	11791	8584	0.7280128911881943
GSM6339601	GGCTGGTTCGCATTAA-1	11573	7541	0.6516028687462196
GSM6339601	GGCTGGTTCGTGCCTT-1	5066	2612	0.5155941571259376
GSM6339601	GGCTGGTTCTAATCTC-1	6115	3369	0.5509403107113655
GSM6339601	GGCTGTCAGGCATTAC-1	11515	8728	0.7579678679982631
GSM6339601	GGCTGTCAGGCTGTCA-1	9619	5462	0.5678344942301694
GSM6339601	GGCTGTCAGGGTCCAC-1	427	301	0.7049180327868853
GSM6339601	GGCTGTCAGGGTGAAC-1	12812	10593	0.8268029971901343
GSM6339601	GGCTGTCAGTTAGACC-1	25608	18776	0.7332083723836301
GSM6339601	GGCTTAAGTAGTTAAC-1	14230	11350	0.797610681658468
GSM6339601	GGCTTAAGTTAAGCCA-1	25867	20888	0.807515367070012
GSM6339601	GGCTTAAGTTAGCTGA-1	2752	1534	0.5574127906976745
GSM6339601	GGCTTAAGTTGCAGTA-1	449	315	0.7015590200445434
GSM6339601	GGCTTAAGTTGCTGGG-1	19093	13747	0.7200020950086419
GSM6339601	GGCTTAAGTTGTAAAC-1	22673	18709	0.8251664975962598
GSM6339601	GGCTTCAAGACACCGC-1	437	357	0.816933638443936
GSM6339601	GGCTTCAAGCACGTTG-1	16743	12295	0.7343367377411456
GSM6339601	GGCTTCAAGCCATCAG-1	18571	13844	0.7454633568466965
GSM6339601	GGCTTCAAGCGATAGA-1	14273	11002	0.7708260351713024
GSM6339601	GGCTTCAAGGAGGGTT-1	19434	13122	0.6752083976535967
GSM6339601	GGGAATATCATTTGCT-1	3742	2805	0.7495991448423303
GSM6339601	GGGAATATCCAAATCA-1	4517	2327	0.515164932477308
GSM6339601	GGGAATATCCCTGGTT-1	6005	4424	0.7367194004995837
GSM6339601	GGGAATATCCTTGAGG-1	4754	3470	0.729911653344552
GSM6339601	GGGAGTAGTAATGGAA-1	5017	3163	0.6304564480765398
GSM6339601	GGGAGTAGTAGGTGTC-1	5312	3358	0.6321536144578314
GSM6339601	GGGAGTAGTCAAAGGG-1	3647	2143	0.5876062517137374
GSM6339601	GGGAGTAGTGTGTGGT-1	2344	1103	0.4705631399317406
GSM6339601	GGGAGTAGTTGGGTTA-1	751	485	0.6458055925432756
GSM6339601	GGGAGTAGTTTGTCTA-1	3181	1970	0.6193021062558943
GSM6339601	GGGATTAAGGCTGTGC-1	12614	7842	0.6216901855081656
GSM6339601	GGGCAATAGGAGCAAC-1	8888	4993	0.5617686768676867
GSM6339601	GGGCATGAGACAACGA-1	12133	8197	0.6755954833924009
GSM6339601	GGGCATGAGCCACATG-1	8980	6122	0.6817371937639198
GSM6339601	GGGCATTGTCTTGCAT-1	2721	1474	0.5417126056596839
GSM6339601	GGGCATTGTCTTTGAC-1	2736	2313	0.8453947368421053
GSM6339601	GGGCATTGTGCACGCA-1	14751	10825	0.733848552640499
GSM6339601	GGGCATTGTTCCGGGA-1	2580	1498	0.5806201550387597
GSM6339601	GGGCATTGTTGCGCGA-1	17728	12816	0.7229241877256317
GSM6339601	GGGCATTGTTGGCGTG-1	5375	3337	0.6208372093023256
GSM6339601	GGGCCTAGTCGTAAAT-1	18437	12083	0.6553669252047513
GSM6339601	GGGCCTAGTTTGCTGT-1	9430	6139	0.6510074231177094
GSM6339601	GGGCGAATCACTAAGC-1	9022	5315	0.5891154954555531
GSM6339601	GGGCGAATCCGTGACA-1	1122	847	0.7549019607843137
GSM6339601	GGGCGAATCCTAAATG-1	5927	3154	0.5321410494347899
GSM6339601	GGGCGAATCCTAAGGT-1	4908	2550	0.519559902200489
GSM6339601	GGGCGAATCCTCAGCT-1	17307	11801	0.6818628300687583
GSM6339601	GGGCGAATCTAATTGG-1	5902	3403	0.576584208742799
GSM6339601	GGGCGAATCTGCAAGT-1	2194	1269	0.5783956244302644
GSM6339601	GGGCTAACAACCCTAA-1	5988	4143	0.6918837675350702
GSM6339601	GGGCTAACAATTGCGC-1	5720	2814	0.49195804195804194
GSM6339601	GGGCTAACACCTATAG-1	10475	6147	0.5868257756563245
GSM6339601	GGGCTAACAGGATAAC-1	1647	742	0.45051608986035213
GSM6339601	GGGCTAACATAAGTTC-1	3023	1878	0.6212371816076745
GSM6339601	GGGTATTTCACAGGAA-1	622	283	0.454983922829582
GSM6339601	GGGTATTTCACTTTAC-1	403	255	0.6327543424317618
GSM6339601	GGGTATTTCGGCCAGT-1	1690	1215	0.7189349112426036
GSM6339601	GGGTATTTCGGGATTT-1	793	406	0.5119798234552333
GSM6339601	GGGTATTTCGTCAAGT-1	415	278	0.6698795180722892
GSM6339601	GGGTATTTCTAGCGTG-1	1445	791	0.5474048442906574
GSM6339601	GGGTATTTCTAGCTTT-1	2175	1165	0.535632183908046
GSM6339601	GGGTCAACAAACTAAG-1	5015	2574	0.5132602193419741
GSM6339601	GGGTCAACAAAGCTCC-1	1340	647	0.4828358208955224
GSM6339601	GGGTCAACAAGGTAAC-1	10786	7281	0.6750417207491193
GSM6339601	GGGTCAACAATTGCGC-1	13190	7437	0.5638362395754359
GSM6339601	GGGTCAACACACCAAC-1	9115	6641	0.728579264947888
GSM6339601	GGGTCAACACCAGGTT-1	7832	3974	0.5074055158324822
GSM6339601	GGGTCAACATAGGCGA-1	20270	14454	0.7130735076467686
GSM6339601	GGGTCAACATTTGCTC-1	14373	8103	0.5637653934460447
GSM6339601	GGGTCACTCAGGAACA-1	4814	2662	0.552970502700457
GSM6339601	GGGTCACTCATCCTGC-1	6742	5978	0.8866805102343518
GSM6339601	GGGTCACTCATTGACA-1	6711	5152	0.7676948293845924
GSM6339601	GGGTCACTCCAGGAAA-1	4475	2274	0.5081564245810056
GSM6339601	GGGTCACTCCAGGTCA-1	9143	4952	0.5416165372416056
GSM6339601	GGGTCACTCGGTTAGT-1	12943	9732	0.7519122305493317
GSM6339601	GGGTGAAGTAACGAGG-1	2498	1527	0.61128903122498
GSM6339601	GGGTGAAGTGCTTAGA-1	6631	4768	0.7190469009199216
GSM6339601	GGGTGAAGTGTGTCCC-1	1780	1128	0.6337078651685393
GSM6339601	GGGTGAAGTTAACGGC-1	12736	10347	0.8124214824120602
GSM6339601	GGGTGAAGTTAAGTGT-1	1502	874	0.5818908122503329
GSM6339601	GGGTGAAGTTGCTTCG-1	10210	7461	0.7307541625857003
GSM6339601	GGGTGAAGTTTAGCGA-1	8576	4566	0.5324160447761194
GSM6339601	GGGTGTTGTTACAACG-1	3749	2291	0.6110962923446253
GSM6339601	GGGTTACGTCACACCC-1	16759	9859	0.5882809236827973
GSM6339601	GGGTTACGTGTTTGCT-1	5388	2937	0.5451002227171492
GSM6339601	GGGTTACGTTACATCC-1	10393	6634	0.6383142499759453
GSM6339601	GGGTTATTCAATTGGC-1	2176	1843	0.8469669117647058
GSM6339601	GGGTTATTCAGGTTTA-1	1484	1008	0.6792452830188679
GSM6339601	GGGTTATTCATCCTAT-1	18250	16151	0.884986301369863
GSM6339601	GGGTTATTCCAGGAAA-1	13736	10011	0.7288147932440303
GSM6339601	GGGTTATTCCATAAGC-1	10358	6240	0.6024329021046534
GSM6339601	GGGTTATTCCTGGCTT-1	23601	14696	0.6226854794288378
GSM6339601	GGGTTATTCTAAGGAG-1	6499	4212	0.6480997076473304
GSM6339601	GGGTTATTCTGGCAAT-1	4032	2295	0.5691964285714286
GSM6339601	GGGTTTCCAATTAGCT-1	4234	2329	0.5500708549834672
GSM6339601	GGGTTTCCAGGCTAGA-1	14003	8976	0.6410054988216811
GSM6339601	GGGTTTGTCATTGCAA-1	11667	7861	0.6737807491214537
GSM6339601	GGGTTTGTCCGCATGA-1	15975	15003	0.9391549295774648
GSM6339601	GGGTTTGTCCTAAGAC-1	9264	6295	0.6795120898100173
GSM6339601	GGGTTTGTCCTGTTCA-1	9708	5610	0.5778739184177998
GSM6339601	GGGTTTGTCGATCAGT-1	13421	10096	0.7522539304075703
GSM6339601	GGGTTTGTCGCTATAA-1	6404	3543	0.5532479700187383
GSM6339601	GGGTTTGTCGTTACAA-1	4235	6989	1.6502951593860684
GSM6339601	GGTAAACCAAACTAAG-1	11158	8393	0.7521957340025094
GSM6339601	GGTAAACCACCAGCAT-1	21119	17275	0.8179838060514228
GSM6339601	GGTAAACCACTCAACA-1	4824	3071	0.636608623548922
GSM6339601	GGTAAACCAGAAATTG-1	7178	4466	0.6221788799108386
GSM6339601	GGTAAACCAGCAATAA-1	14202	11598	0.8166455428812843
GSM6339601	GGTAAACCAGCATGAG-1	2029	1980	0.9758501724987678
GSM6339601	GGTAAACCATAATCGT-1	5705	3015	0.5284837861524978
GSM6339601	GGTAACCGTACCGTAA-1	528	256	0.48484848484848486
GSM6339601	GGTAACCGTACCGTTT-1	3251	2294	0.7056290372193171
GSM6339601	GGTAACCGTAGCTAGC-1	5674	3041	0.5359534719774409
GSM6339601	GGTAACCGTCATCATC-1	12496	9052	0.7243918053777209
GSM6339601	GGTAACCGTCATGAGC-1	20421	19024	0.931590029871211
GSM6339601	GGTAACCGTGATGAGG-1	19407	13381	0.6894934817333952
GSM6339601	GGTAACCGTTAATGAC-1	3476	1957	0.5630034522439585
GSM6339601	GGTAACCGTTGAGCCG-1	6074	3089	0.5085610800131709
GSM6339601	GGTAACTTCATTGTTC-1	1193	636	0.5331098072087175
GSM6339601	GGTAACTTCCCGCAAA-1	16191	11465	0.7081094435180039
GSM6339601	GGTAACTTCCCTTGCG-1	7044	3811	0.5410278250993753
GSM6339601	GGTAACTTCCGTCCAT-1	18892	17155	0.9080563201355071
GSM6339601	GGTAACTTCCTAAGAC-1	16389	11756	0.7173103911159925
GSM6339601	GGTAACTTCGCAATCG-1	14028	10943	0.7800826917593384
GSM6339601	GGTAACTTCGGGATTT-1	11096	6874	0.6195025234318673
GSM6339601	GGTAAGGGTAATCACG-1	553	268	0.484629294755877
GSM6339601	GGTAAGGGTACAAAGA-1	7726	4156	0.5379238933471395
GSM6339601	GGTAAGGGTATTGTCC-1	16769	13616	0.8119744767129823
GSM6339601	GGTAAGGGTGAATCGC-1	3713	2220	0.5978992728252087
GSM6339601	GGTAAGGGTGCTCCGT-1	7727	3926	0.5080885207713214
GSM6339601	GGTAAGGGTTTCCGGC-1	18013	14479	0.803808360628435
GSM6339601	GGTAATTGTAGGTTTG-1	3874	2375	0.6130614352090862
GSM6339601	GGTAATTGTCCTCCAA-1	3798	3507	0.9233807266982622
GSM6339601	GGTAATTGTCTTGCAT-1	3310	2113	0.638368580060423
GSM6339601	GGTAATTGTGAGCAAG-1	21277	13815	0.6492926634393946
GSM6339601	GGTAATTGTTACCGGG-1	17528	11901	0.6789707895937928
GSM6339601	GGTAATTGTTTAACCC-1	6292	4721	0.7503178639542276
GSM6339601	GGTACAAAGCAAGACA-1	8757	6022	0.6876784286856229
GSM6339601	GGTACAAAGCATGCAT-1	18296	14852	0.8117621337997376
GSM6339601	GGTACAAAGGCCTAAT-1	6552	3824	0.5836385836385837
GSM6339601	GGTACCGGTATTGAGT-1	4842	3492	0.7211895910780669
GSM6339601	GGTACCGGTCAGGCCA-1	951	650	0.6834910620399579
GSM6339601	GGTACCGGTCATCAAG-1	15104	9260	0.613082627118644
GSM6339601	GGTACCGGTTCAAGCA-1	18294	10620	0.5805182026894063
GSM6339601	GGTACTAGTAATCGCA-1	9731	6025	0.6191552769499538
GSM6339601	GGTACTAGTATTGAGT-1	1478	1085	0.7341001353179973
GSM6339601	GGTACTAGTCACGAAC-1	15094	8844	0.5859281833841261
GSM6339601	GGTACTAGTCATTGTC-1	2838	1824	0.642706131078224
GSM6339601	GGTACTAGTGACCTGG-1	5206	3243	0.6229350749135613
GSM6339601	GGTACTAGTTAATGAC-1	3778	2202	0.58284806776072
GSM6339601	GGTACTAGTTGCACAA-1	1756	1253	0.7135535307517085
GSM6339601	GGTACTAGTTGTTCAC-1	7104	4616	0.6497747747747747
GSM6339601	GGTACTAGTTGTTGGA-1	3896	2038	0.5231006160164271
GSM6339601	GGTACTTAGAGGCTAA-1	9745	6471	0.6640328373524884
GSM6339601	GGTACTTAGATACTTG-1	2713	2062	0.7600442314780685
GSM6339601	GGTACTTAGCGGGCAA-1	5842	3912	0.6696336870934612
GSM6339601	GGTAGGAGTATTGTGG-1	3905	2522	0.6458386683738796
GSM6339601	GGTAGGAGTCATGCAA-1	10220	6083	0.5952054794520548
GSM6339601	GGTAGGAGTCTTACTA-1	13933	10008	0.7182946960453599
GSM6339601	GGTAGGAGTGCGCAAT-1	4800	2862	0.59625
GSM6339601	GGTAGGAGTTAGAGCC-1	9340	5282	0.565524625267666
GSM6339601	GGTAGGAGTTAGTACG-1	10648	7018	0.6590909090909091
GSM6339601	GGTAGGAGTTCACTGT-1	12228	8445	0.6906280667320903
GSM6339601	GGTAGGAGTTCCGGGA-1	17896	15684	0.8763969602145731
GSM6339601	GGTAGGAGTTGGATAT-1	10080	8421	0.8354166666666667
GSM6339601	GGTAGGAGTTGTCCAT-1	5969	7344	1.2303568436924108
GSM6339601	GGTATGTTCCATAATG-1	3587	2433	0.6782826874825759
GSM6339601	GGTATGTTCCTGTTCA-1	16515	10415	0.630638813200121
GSM6339601	GGTATTGGTACCGTAA-1	983	673	0.6846388606307223
GSM6339601	GGTATTGGTGGTGAGA-1	7525	4458	0.5924252491694352
GSM6339601	GGTATTGGTTAGTGAT-1	16508	11259	0.6820329537194088
GSM6339601	GGTATTTCAAGGTAAC-1	16191	11358	0.7015008337965536
GSM6339601	GGTATTTCAAGGTGCA-1	2734	1457	0.5329188002926115
GSM6339601	GGTATTTCAGAGGGAG-1	12392	7317	0.5904615881213686
GSM6339601	GGTATTTCATAACGGG-1	16123	12300	0.7628853191093469
GSM6339601	GGTATTTCATAGACTT-1	6086	3244	0.5330266184686165
GSM6339601	GGTATTTCATATAACC-1	17027	10931	0.6419803840958478
GSM6339601	GGTCAAGCAACAGGTG-1	4875	3352	0.6875897435897436
GSM6339601	GGTCAAGCACATAACT-1	1281	848	0.6619828259172521
GSM6339601	GGTCAATTCGCAATCG-1	6673	3439	0.5153604076127679
GSM6339601	GGTCAATTCGGTTCCT-1	3115	1871	0.6006420545746388
GSM6339601	GGTCAGGAGAAACTGG-1	5897	3569	0.6052229947430897
GSM6339601	GGTCAGGAGCAGCTAT-1	1557	843	0.5414258188824663
GSM6339601	GGTCAGGAGCAGGCCT-1	11538	5448	0.4721788871554862
GSM6339601	GGTCAGGAGGACCTTG-1	4533	2301	0.5076108537392455
GSM6339601	GGTCAGGAGGAGCAAC-1	19134	14779	0.772394690080485
GSM6339601	GGTCAGGAGTCGCTAG-1	7107	3893	0.5477698044181792
GSM6339601	GGTCATTAGAAGGTGC-1	17565	14373	0.8182749786507258
GSM6339601	GGTCATTAGATTGAGG-1	10664	6712	0.6294073518379595
GSM6339601	GGTCATTAGCTGGACC-1	21375	15883	0.7430643274853801
GSM6339601	GGTCATTAGGCATTAC-1	8152	4443	0.5450196270853778
GSM6339601	GGTCATTAGTTTAACG-1	15358	14709	0.957741893475713
GSM6339601	GGTCCATCAAAGGTAC-1	869	527	0.6064441887226697
GSM6339601	GGTCCATCAATAATCC-1	3768	2129	0.5650212314225053
GSM6339601	GGTCCATCAATGCCCG-1	3915	3035	0.7752234993614304
GSM6339601	GGTCCATCACTGACCG-1	941	573	0.6089266737513284
GSM6339601	GGTCCATCACTTCACT-1	2457	1573	0.6402116402116402
GSM6339601	GGTCCATCAGGAACAT-1	5504	2767	0.5027252906976745
GSM6339601	GGTCCGTAGCCAGGTC-1	2283	1552	0.6798072711344721
GSM6339601	GGTCCGTAGGACTTAC-1	5207	4029	0.7737660841175341
GSM6339601	GGTCCGTAGGGACCTC-1	7350	5553	0.7555102040816326
GSM6339601	GGTCCGTAGTCACTAA-1	2847	2007	0.7049525816649105
GSM6339601	GGTCCGTAGTTAACCA-1	23566	19399	0.8231774590511755
GSM6339601	GGTCCTGCAAAGCTAA-1	9813	6420	0.654234179150107
GSM6339601	GGTCCTGCAAATGCCC-1	5774	3584	0.6207135434707308
GSM6339601	GGTCCTGCACAGCCTG-1	4667	2489	0.533319048639383
GSM6339601	GGTCCTGCACCACAAC-1	3531	2135	0.6046445766071934
GSM6339601	GGTCCTGCACCGTTCC-1	854	412	0.48243559718969553
GSM6339601	GGTCCTGCACGAACAG-1	4008	2395	0.5975548902195609
GSM6339601	GGTCCTGCAGGAACAT-1	1967	1348	0.6853075749872903
GSM6339601	GGTCCTGCAGGCTAAG-1	374	321	0.8582887700534759
GSM6339601	GGTCCTGCATAGACTT-1	6444	5377	0.8344196151458722
GSM6339601	GGTCCTGCATCGCTCC-1	5465	3380	0.6184812442817932
GSM6339601	GGTCCTGCATGTCAGC-1	10291	5434	0.5280342046448353
GSM6339601	GGTCGGTTCACCATTT-1	5150	2701	0.5244660194174757
GSM6339601	GGTCGGTTCCTCCTAA-1	4081	2727	0.6682185738789512
GSM6339601	GGTCGGTTCGATCAGT-1	16908	11837	0.7000828010409273
GSM6339601	GGTCGGTTCTTGTTCG-1	12317	6471	0.5253714378501259
GSM6339601	GGTCTTGAGAAAGGAA-1	17512	13558	0.7742119689355871
GSM6339601	GGTCTTGAGAATCTCA-1	14836	12592	0.8487462928012941
GSM6339601	GGTCTTGAGACCATAC-1	5754	3538	0.6148766075773375
GSM6339601	GGTCTTGAGCGCCTTT-1	9807	7401	0.7546650351789538
GSM6339601	GGTCTTGAGCGGATTT-1	9995	4647	0.46493246623311657
GSM6339601	GGTCTTGAGCGGCTGT-1	15096	9304	0.6163222045574986
GSM6339601	GGTCTTGAGGAACCGG-1	4930	3935	0.7981744421906694
GSM6339601	GGTCTTGAGGACCTTG-1	1785	1030	0.5770308123249299
GSM6339601	GGTCTTGAGTCTATGA-1	7173	3500	0.48794088944653563
GSM6339601	GGTCTTTGTAGTTAAC-1	20891	16746	0.8015892010913791
GSM6339601	GGTCTTTGTCATTACC-1	24725	18389	0.7437411526794743
GSM6339601	GGTCTTTGTTACTTGC-1	7026	3641	0.5182180472530601
GSM6339601	GGTCTTTGTTAGAGGG-1	15676	11399	0.7271625414646593
GSM6339601	GGTCTTTGTTCATTTG-1	10930	7773	0.7111619396157365
GSM6339601	GGTGAGCCAGTTTCTC-1	6425	3771	0.5869260700389105
GSM6339601	GGTGAGGTCCAGCACA-1	2288	1322	0.5777972027972028
GSM6339601	GGTGAGGTCGGTCAGC-1	11115	6886	0.6195231668915879
GSM6339601	GGTGAGGTCGTTTCTG-1	8750	5465	0.6245714285714286
GSM6339601	GGTGAGTAGCATGACT-1	1129	574	0.508414526129318
GSM6339601	GGTGAGTAGTATGTGC-1	572	320	0.5594405594405595
GSM6339601	GGTGAGTAGTTGGATC-1	1355	656	0.4841328413284133
GSM6339601	GGTGATTTCATAATCG-1	4357	3032	0.6958916685792976
GSM6339601	GGTGATTTCCGCCTAT-1	19619	14628	0.7456037514654161
GSM6339601	GGTGATTTCCTACCTA-1	9067	6231	0.6872173817139076
GSM6339601	GGTGATTTCGCCTAAG-1	11311	7147	0.6318627884360357
GSM6339601	GGTGCTGGTCCTTCAG-1	9569	5526	0.5774898108475285
GSM6339601	GGTGCTGGTGAGGTGA-1	24226	20948	0.8646908280359944
GSM6339601	GGTGCTGGTTACGCAA-1	2497	1356	0.5430516619943933
GSM6339601	GGTGCTGGTTAGCTGA-1	3180	1678	0.5276729559748428
GSM6339601	GGTGCTTCAAACATAG-1	10266	7933	0.7727449834404831
GSM6339601	GGTGCTTCAAATTCGT-1	781	461	0.5902688860435339
GSM6339601	GGTGCTTCACATGCTA-1	12101	7521	0.6215188827369639
GSM6339601	GGTGCTTCACCCACCT-1	11872	9870	0.8313679245283019
GSM6339601	GGTGCTTCAGTAAGTA-1	8147	5947	0.7299619491837486
GSM6339601	GGTGCTTCAGTCTATG-1	5317	3325	0.6253526424675568
GSM6339601	GGTGCTTCATAGCTGC-1	5907	3478	0.5887929575080413
GSM6339601	GGTGTCCAGACTTATG-1	7204	4282	0.5943920044419767
GSM6339601	GGTGTCCAGCATGCAT-1	5995	3435	0.572977481234362
GSM6339601	GGTGTCCAGCATTTCT-1	9084	5414	0.5959929546455306
GSM6339601	GGTGTCCAGTAAGGGC-1	11909	7912	0.6643714837517843
GSM6339601	GGTGTCCAGTATCGCG-1	11887	7837	0.6592916631614368
GSM6339601	GGTGTCCAGTGACCTG-1	6970	5916	0.848780487804878
GSM6339601	GGTGTCCAGTGTTGTA-1	557	354	0.6355475763016158
GSM6339601	GGTGTGACAACCCTCC-1	7579	5633	0.7432378941812904
GSM6339601	GGTGTGACAACTAACT-1	16698	12023	0.7200263504611331
GSM6339601	GGTGTGACACGAACAG-1	7728	5180	0.6702898550724637
GSM6339601	GGTGTGACACTTCACT-1	11445	8472	0.7402359108781127
GSM6339601	GGTGTGACAGGAACAT-1	2675	1405	0.525233644859813
GSM6339601	GGTGTGACAGGCTTCG-1	735	586	0.7972789115646258
GSM6339601	GGTGTGACATCGCTCC-1	11412	6988	0.6123378899404136
GSM6339601	GGTGTTGTCCAAGTGT-1	4551	2874	0.6315095583388266
GSM6339601	GGTGTTGTCGCGCTAA-1	1091	723	0.6626947754353804
GSM6339601	GGTGTTGTCTTAAGTG-1	16512	14172	0.8582848837209303
GSM6339601	GGTTAATGTGAATCGC-1	18517	13128	0.7089701355511152
GSM6339601	GGTTAATGTTCAAGCA-1	18280	14340	0.7844638949671773
GSM6339601	GGTTAATGTTGGCCGA-1	22466	19773	0.8801299741832102
GSM6339601	GGTTACCCACAACCTA-1	3696	2119	0.5733225108225108
GSM6339601	GGTTACCCAGCATGAG-1	10292	6289	0.6110571317528177
GSM6339601	GGTTACTAGACAGGTA-1	4098	2191	0.5346510492923378
GSM6339601	GGTTACTAGCTATTAG-1	12794	9938	0.7767703611067688
GSM6339601	GGTTACTAGGATTGAG-1	952	540	0.5672268907563025
GSM6339601	GGTTACTAGTATTGGC-1	4075	2951	0.7241717791411043
GSM6339601	GGTTACTAGTGAACAG-1	5904	3876	0.6565040650406504
GSM6339601	GGTTACTAGTTTAACG-1	23188	18004	0.7764360876315336
GSM6339601	GGTTAGCGTATTCGCT-1	5235	3083	0.5889207258834765
GSM6339601	GGTTAGCGTCATAAGT-1	1916	1235	0.644572025052192
GSM6339601	GGTTAGCGTGTGTGGT-1	13555	9575	0.7063814090741424
GSM6339601	GGTTAGCGTTTACTTG-1	14766	10141	0.6867804415549235
GSM6339601	GGTTATATCACCGGTA-1	13995	11595	0.8285101822079314
GSM6339601	GGTTATATCAGCAAGA-1	1217	670	0.5505341002465078
GSM6339601	GGTTATATCATAGCCG-1	17075	13787	0.8074377745241581
GSM6339601	GGTTATATCATGGCCA-1	1349	721	0.5344699777613047
GSM6339601	GGTTATATCATTTGCT-1	10341	6596	0.637849337588241
GSM6339601	GGTTATATCCAGGAAA-1	875	569	0.6502857142857142
GSM6339601	GGTTATATCCGCAACA-1	11370	6894	0.6063324538258575
GSM6339601	GGTTATATCGCTATGG-1	9303	7516	0.8079114264215844
GSM6339601	GGTTATGGTCGCATAA-1	724	379	0.5234806629834254
GSM6339601	GGTTATGGTGACATGC-1	6288	4432	0.7048346055979644
GSM6339601	GGTTATGGTGAGGTGA-1	633	285	0.45023696682464454
GSM6339601	GGTTATGGTGGTTCTT-1	1260	850	0.6746031746031746
GSM6339601	GGTTATGGTTCCGCAC-1	24020	17452	0.7265611990008326
GSM6339601	GGTTATGGTTGAATCG-1	989	580	0.5864509605662285
GSM6339601	GGTTATGGTTTCGCGC-1	3518	2035	0.5784536668561683
GSM6339601	GGTTCCCGTAATGGCC-1	6020	3196	0.5308970099667774
GSM6339601	GGTTCCCGTCATCAAG-1	6489	3685	0.567884111573432
GSM6339601	GGTTCCCGTGATTACG-1	2964	1688	0.5695006747638327
GSM6339601	GGTTCCCGTTACGCGG-1	6579	3925	0.5965952272381821
GSM6339601	GGTTCCCGTTAGGATT-1	2260	1230	0.5442477876106194
GSM6339601	GGTTCCCGTTCGCGCT-1	3966	2223	0.5605143721633888
GSM6339601	GGTTCCCGTTGAGCCG-1	6021	3417	0.56751370204285
GSM6339601	GGTTCTTGTGGACCTG-1	4666	2625	0.5625803686240891
GSM6339601	GGTTCTTGTGGCTTCC-1	2858	1599	0.559482155353394
GSM6339601	GGTTCTTGTTATGTGG-1	1898	1242	0.6543730242360379
GSM6339601	GGTTCTTGTTGCTGGG-1	6780	3556	0.5244837758112094
GSM6339601	GGTTGACGTAAAGCAA-1	5228	3133	0.5992731446059678
GSM6339601	GGTTGACGTACCGTTT-1	427	286	0.6697892271662763
GSM6339601	GGTTGACGTATTTGGG-1	2546	1353	0.5314218381775334
GSM6339601	GGTTGACGTCATAGAT-1	1751	939	0.5362649914334666
GSM6339601	GGTTGACGTCATCCTG-1	8139	4518	0.5551050497604129
GSM6339601	GGTTGACGTGATGGCT-1	10396	6954	0.6689111196614083
GSM6339601	GGTTGAGCAGCCAGAA-1	18778	14606	0.7778251144956865
GSM6339601	GGTTGAGCAGGCGATA-1	5609	3067	0.5467997860581209
GSM6339601	GGTTGAGCATGAAATG-1	1595	867	0.5435736677115988
GSM6339601	GGTTGCATCAAGTGAG-1	4079	2140	0.5246383917626869
GSM6339601	GGTTGCATCACACAGT-1	3713	1998	0.5381093455426879
GSM6339601	GGTTGCATCATGCTAA-1	3075	1715	0.5577235772357724
GSM6339601	GGTTGCATCCTAGTTT-1	16228	12172	0.7500616218880947
GSM6339601	GGTTGCATCCTCATCA-1	6331	3374	0.5329331859105987
GSM6339601	GGTTGCATCGGCTAGC-1	21473	13154	0.6125832440739534
GSM6339601	GGTTGCGGTAGCCTCC-1	11460	8652	0.7549738219895288
GSM6339601	GGTTGCGGTAGCTGCG-1	8689	5405	0.6220508689147197
GSM6339601	GGTTGCGGTGGATTGC-1	1502	755	0.5026631158455392
GSM6339601	GGTTGCGGTGGGAACA-1	13500	8499	0.6295555555555555
GSM6339601	GGTTGCGGTTAGGATT-1	729	391	0.5363511659807956
GSM6339601	GGTTGCGGTTCCGCAC-1	9542	5262	0.5514567176692518
GSM6339601	GGTTGCGGTTGAAGCC-1	15066	8510	0.5648480021239878
GSM6339601	GGTTGCTCACTTGTTC-1	9226	7950	0.8616952091914155
GSM6339601	GGTTGCTCAGTCTAAT-1	2224	1040	0.4676258992805755
GSM6339601	GGTTGCTCATGCTCCC-1	894	547	0.6118568232662193
GSM6339601	GGTTGGTGTTCACCCA-1	19677	13498	0.6859785536413071
GSM6339601	GGTTGGTGTTTGGCTT-1	3873	2361	0.6096049573973664
GSM6339601	GGTTTAATCAAAGGCA-1	11264	6770	0.6010298295454546
GSM6339601	GGTTTAATCAATGAGG-1	12839	8082	0.6294882779032634
GSM6339601	GGTTTAATCATGGTTA-1	7955	4717	0.5929604022627278
GSM6339601	GGTTTAATCGTTATCT-1	20360	15487	0.7606581532416503
GSM6339601	GGTTTAATCTCATCAT-1	7556	5081	0.6724457384859714
GSM6339601	GGTTTCCTCAAGCTTA-1	15258	11409	0.7477388910735352
GSM6339601	GGTTTCCTCAATGACC-1	6509	5901	0.9065908741742204
GSM6339601	GGTTTCCTCATCGTTT-1	824	559	0.6783980582524272
GSM6339601	GGTTTCCTCCGGAACC-1	1525	991	0.6498360655737705
GSM6339601	GGTTTCCTCGTTATCT-1	7626	4742	0.6218200891686336
GSM6339601	GGTTTCCTCTTAAGTG-1	2014	1192	0.5918570009930486
GSM6339601	GGTTTCTGTTAAATGC-1	1628	1329	0.8163390663390664
GSM6339601	GGTTTCTGTTTAAAGC-1	2157	1110	0.5146036161335188
GSM6339601	GGTTTGTAGACAGGCG-1	13137	9086	0.6916343152926848
GSM6339601	GGTTTGTAGCTAAGTC-1	15450	13100	0.8478964401294499
GSM6339601	GGTTTGTAGGAGGACT-1	778	348	0.4473007712082262
GSM6339601	GGTTTGTAGGATTGCT-1	2248	1418	0.6307829181494662
GSM6339601	GGTTTGTAGGCTACTG-1	10174	4774	0.469235305681148
GSM6339601	GGTTTGTAGTGGACAA-1	417	239	0.5731414868105515
GSM6339601	GGTTTGTAGTTGTCCC-1	21671	15670	0.7230861520003692
GSM6339601	GTAAAGCCAAGGTGCA-1	6880	4554	0.6619186046511628
GSM6339601	GTAAAGCCACCAGGTT-1	18467	12648	0.684897384523745
GSM6339601	GTAAAGCCACCATATG-1	16847	14092	0.836469401080311
GSM6339601	GTAAAGCCAGAGGGAG-1	6565	3764	0.5733434881949734
GSM6339601	GTAAAGCCAGCTACGT-1	1587	828	0.5217391304347826
GSM6339601	GTAAAGCCATCCATCT-1	12796	6496	0.5076586433260394
GSM6339601	GTAAAGCCATTGCAGC-1	19580	14455	0.7382533197139939
GSM6339601	GTAAAGCCATTGTCCT-1	14863	9525	0.6408531252102536
GSM6339601	GTAAGCGCACCGTTCC-1	477	260	0.5450733752620545
GSM6339601	GTAAGCGCATAGGCGA-1	924	419	0.45346320346320346
GSM6339601	GTAAGCGCATCCCGCT-1	3597	2053	0.5707534056157909
GSM6339601	GTAAGCTTCAAACCTA-1	5471	3245	0.5931273990129775
GSM6339601	GTAAGCTTCATGCCTC-1	4945	2839	0.5741152679474216
GSM6339601	GTAAGCTTCCTTGCAC-1	14064	9230	0.6562855517633674
GSM6339601	GTAAGCTTCTGGCAAT-1	5478	3327	0.6073384446878423
GSM6339601	GTAAGGTCAAATACCT-1	20622	18394	0.8919600426728737
GSM6339601	GTAAGGTCAGTCTAAT-1	6493	4185	0.644540274141383
GSM6339601	GTAAGGTCATCATGTG-1	5747	3528	0.6138855054811205
GSM6339601	GTAAGGTCATTCCTGT-1	2325	1247	0.5363440860215054
GSM6339601	GTAATAGCAAACCTTG-1	25347	21671	0.8549729751055352
GSM6339601	GTAATAGCAAAGCTCC-1	10344	6031	0.5830433101314771
GSM6339601	GTAATAGCAAGCCAGA-1	5876	3378	0.5748808713410484
GSM6339601	GTAATAGCAGAAATGC-1	10434	6069	0.5816561242093157
GSM6339601	GTAATAGCATAATCAC-1	6941	4901	0.7060942227344763
GSM6339601	GTAATAGCATCGCTCC-1	5195	3327	0.6404234841193456
GSM6339601	GTACAATGTAATCGGC-1	1318	680	0.5159332321699545
GSM6339601	GTACAATGTGATTTGG-1	6815	3838	0.5631694790902421
GSM6339601	GTACCGGGTGGGTACT-1	755	488	0.6463576158940397
GSM6339601	GTACCGGGTTGTAAAC-1	19865	14714	0.7406997231311352
GSM6339601	GTACCGGGTTTAGCTC-1	2158	1167	0.540778498609824
GSM6339601	GTACCTTGTTAAGCTG-1	636	452	0.710691823899371
GSM6339601	GTACCTTGTTGCTTCG-1	11005	9157	0.8320763289413903
GSM6339601	GTACGTAGTAGCAGCT-1	13245	7753	0.5853529633824085
GSM6339601	GTACGTAGTAGTAAGA-1	7442	4560	0.6127385111529159
GSM6339601	GTACGTAGTCGCGCAA-1	21114	14895	0.7054560954816709
GSM6339601	GTACGTAGTTTCGCCA-1	2681	1530	0.5706825811264453
GSM6339601	GTACTAATCACAGCCA-1	17318	11326	0.6540016168148747
GSM6339601	GTACTAATCATCCTAT-1	25156	22132	0.8797901097153761
GSM6339601	GTACTAATCCGTCCAT-1	7870	4751	0.6036848792884371
GSM6339601	GTACTAATCCTAATTC-1	7231	4146	0.5733646798506431
GSM6339601	GTACTAATCCTAGTTT-1	15935	15094	0.9472230938186382
GSM6339601	GTACTAATCCTTAGGG-1	23435	19631	0.8376786857264775
GSM6339601	GTACTAATCGGTTTCC-1	22144	19936	0.9002890173410405
GSM6339601	GTACTAATCTTTGAGA-1	2257	1640	0.7266282676118742
GSM6339601	GTACTAGGTACGGTAC-1	5000	2439	0.4878
GSM6339601	GTACTAGGTGCAATAT-1	6436	4600	0.7147296457426974
GSM6339601	GTACTAGGTGCACGCA-1	10819	6112	0.5649320639615492
GSM6339601	GTACTAGGTTTCGCGC-1	7114	3250	0.4568456564520664
GSM6339601	GTACTAGGTTTGCAGA-1	7786	4012	0.5152838427947598
GSM6339601	GTACTGGTCCCTCACG-1	10339	7930	0.7669987426250121
GSM6339601	GTACTGGTCCTTAGTT-1	4749	2712	0.5710675931775111
GSM6339601	GTACTGGTCTAACCAA-1	6337	4173	0.6585134921887328
GSM6339601	GTACTTAAGACTTATG-1	12959	6614	0.5103788872598194
GSM6339601	GTACTTAAGCGCAATT-1	15464	10807	0.6988489394723228
GSM6339601	GTACTTCGTATTCGTC-1	21756	12060	0.5543298400441258
GSM6339601	GTACTTCGTTCCTCCT-1	1188	671	0.5648148148148148
GSM6339601	GTAGCCATCCTCCATA-1	400	281	0.7025
GSM6339601	GTAGCCATCCTTTACG-1	1254	711	0.5669856459330144
GSM6339601	GTAGCGCTCACGCGGT-1	19004	18795	0.9890023153020416
GSM6339601	GTAGCGCTCATAATCG-1	9983	6341	0.6351798056696384
GSM6339601	GTAGCGCTCCTCCATA-1	8652	5389	0.6228617660656496
GSM6339601	GTAGCGCTCCTGATTT-1	6174	3190	0.5166828636216392
GSM6339601	GTAGCGCTCGCAACAT-1	14068	7291	0.5182684105771965
GSM6339601	GTAGCGCTCTGCAACG-1	4036	1979	0.49033696729435083
GSM6339601	GTAGCGCTCTTGCATT-1	363	210	0.5785123966942148
GSM6339601	GTAGCTGTCATAAGCC-1	689	355	0.5152394775036284
GSM6339601	GTAGCTGTCCAATAGC-1	3650	2179	0.596986301369863
GSM6339601	GTAGCTGTCCACCCTG-1	9360	5017	0.5360042735042735
GSM6339601	GTAGCTGTCCACCTTA-1	4493	2238	0.4981081682617405
GSM6339601	GTAGCTGTCTCCATAT-1	3992	3280	0.8216432865731463
GSM6339601	GTAGGAGGTAACTACG-1	3782	2666	0.7049180327868853
GSM6339601	GTAGGAGGTCATCATC-1	3581	1799	0.5023736386484222
GSM6339601	GTAGGAGGTCCAAGAC-1	4293	2858	0.6657349173072443
GSM6339601	GTAGGAGGTGTAACCA-1	4879	3610	0.7399057183849149
GSM6339601	GTAGGAGGTGTGCAAC-1	2446	1236	0.5053147996729354
GSM6339601	GTAGGAGGTTCCGGCT-1	11232	6462	0.5753205128205128
GSM6339601	GTAGGATCAATCATGT-1	8463	6074	0.71771239513175
GSM6339601	GTAGGATCACCAAAGG-1	8797	6056	0.6884165056269183
GSM6339601	GTAGGATCACCTCGCT-1	629	351	0.5580286168521462
GSM6339601	GTAGGATCAGGGAGGA-1	4550	2581	0.5672527472527472
GSM6339601	GTAGGATCATTGTCAG-1	5752	4974	0.8647426981919333
GSM6339601	GTAGGCGAGTAACGAG-1	15880	10239	0.6447732997481108
GSM6339601	GTAGGTGCAAACTCAT-1	4243	2070	0.4878623615366486
GSM6339601	GTAGGTGCAGGAACAT-1	10493	6980	0.6652053750119127
GSM6339601	GTAGGTGCATAAACCT-1	4907	2399	0.4888934175667414
GSM6339601	GTAGGTGCATCTAGCA-1	14976	12170	0.8126335470085471
GSM6339601	GTAGTTATCAAGCGCC-1	12398	6684	0.5391192127762542
GSM6339601	GTAGTTATCATGCATA-1	7916	4993	0.6307478524507327
GSM6339601	GTAGTTATCCGTTATT-1	492	222	0.45121951219512196
GSM6339601	GTAGTTTCAAGGATTA-1	12768	10476	0.8204887218045113
GSM6339601	GTAGTTTCAGAAACGT-1	18205	12569	0.6904147212304312
GSM6339601	GTAGTTTCATTGTTGG-1	5130	2467	0.48089668615984404
GSM6339601	GTATCGCCAAGGAATC-1	2490	5025	2.0180722891566263
GSM6339601	GTATCGCCAGGCGAGT-1	16746	11167	0.6668458139257136
GSM6339601	GTATCGCCATCAGTAT-1	8780	5397	0.6146924829157175
GSM6339601	GTATGTGGTAATAGCT-1	10009	5632	0.5626935757817964
GSM6339601	GTATGTGGTCACCTAT-1	1185	930	0.7848101265822784
GSM6339601	GTATGTGGTTATTGCC-1	11197	7771	0.6940251853174958
GSM6339601	GTATGTGGTTTCGCCA-1	639	286	0.4475743348982786
GSM6339601	GTATGTTCAAAGGTAC-1	12477	8179	0.6555261681493949
GSM6339601	GTATGTTCAATCTCTC-1	13465	8466	0.6287411808392128
GSM6339601	GTATGTTCAGCAAGGC-1	2102	1743	0.8292102759276879
GSM6339601	GTATGTTCAGGAACTG-1	18392	14983	0.8146476729012614
GSM6339601	GTATGTTCATAAGTCT-1	8605	4661	0.5416618245206275
GSM6339601	GTATGTTCATAGACCC-1	22620	19240	0.8505747126436781
GSM6339601	GTATTCAAGCATGAAG-1	1637	1207	0.7373243738546121
GSM6339601	GTATTCAAGGCAAGTA-1	3527	1755	0.4975900198468954
GSM6339601	GTATTGATCAGGTTTA-1	759	486	0.6403162055335968
GSM6339601	GTATTGATCCTAGTCC-1	8171	6710	0.8211969159221637
GSM6339601	GTATTGATCGCCTAAG-1	9836	7275	0.7396299308662058
GSM6339601	GTATTGATCGGTAACT-1	4017	3038	0.756285785411999
GSM6339601	GTATTGCAGATGGAGC-1	5941	2880	0.484766874263592
GSM6339601	GTATTGCAGCTAATTG-1	11590	7579	0.653925798101812
GSM6339601	GTATTGCAGGACCTTG-1	11623	6277	0.5400499010582466
GSM6339601	GTATTGCAGGATTGAG-1	962	489	0.5083160083160083
GSM6339601	GTATTGCAGGCTAAGA-1	1484	1036	0.6981132075471698
GSM6339601	GTATTGCAGTTCCTCA-1	7472	4682	0.6266059957173448
GSM6339601	GTATTGTCAAGCTTAT-1	7454	4260	0.5715052320901529
GSM6339601	GTATTGTCAAGCTTTG-1	3561	2038	0.5723111485537771
GSM6339601	GTATTGTCAGCAAGTG-1	9872	6426	0.6509319286871961
GSM6339601	GTATTGTCAGTAGGAT-1	6059	3532	0.5829344776365737
GSM6339601	GTATTGTCATGTGGGA-1	7359	5033	0.6839244462562848
GSM6339601	GTATTGTCATGTTGTG-1	5433	3285	0.6046383213694092
GSM6339601	GTATTGTCATTGCGTA-1	1986	986	0.49647532729103727
GSM6339601	GTCAAACTCAGGTCCA-1	4465	2328	0.5213885778275476
GSM6339601	GTCAAACTCATTGTCT-1	20613	15063	0.7307524377819823
GSM6339601	GTCAAACTCTAACTGA-1	2933	1680	0.5727923627684964
GSM6339601	GTCAAACTCTCCTCAA-1	6672	4232	0.6342925659472423
GSM6339601	GTCAAACTCTGTGCAG-1	17402	14257	0.819273646707275
GSM6339601	GTCAATATCAATTGGC-1	6790	3756	0.5531664212076584
GSM6339601	GTCAATATCAGGAAGC-1	9099	5557	0.6107264534564237
GSM6339601	GTCAATATCATAACCA-1	15681	11481	0.7321599387794145
GSM6339601	GTCAATATCCTAGTAA-1	2617	1837	0.7019487963316775
GSM6339601	GTCAATATCGACAAAG-1	10682	7886	0.7382512638082755
GSM6339601	GTCAATATCGACCTGA-1	15882	8947	0.5633421483440373
GSM6339601	GTCAGGCTCACAAGCT-1	21380	16514	0.7724041159962581
GSM6339601	GTCAGGCTCAGGAAGC-1	7229	3421	0.47323281228385666
GSM6339601	GTCAGGCTCATCACTT-1	27619	19572	0.708642601107933
GSM6339601	GTCAGGCTCATCAGTA-1	5374	2791	0.519352437662821
GSM6339601	GTCAGGCTCCCTGGTT-1	8948	6414	0.7168082253017434
GSM6339601	GTCAGGCTCCGCAAGC-1	17414	13577	0.7796600436430459
GSM6339601	GTCAGGCTCGCTAAGT-1	4462	3147	0.7052891080233079
GSM6339601	GTCAGGCTCGTTAGTA-1	6707	4020	0.5993737885790965
GSM6339601	GTCATCACAAACTCAT-1	12612	7719	0.6120361560418649
GSM6339601	GTCATCACAACCCTAA-1	3443	2026	0.5884403136799303
GSM6339601	GTCATCACAAGGGTTG-1	7567	4248	0.5613849610149333
GSM6339601	GTCATCACAATTAGCT-1	3760	2052	0.5457446808510639
GSM6339601	GTCATCACAGATTCAT-1	9307	5013	0.5386268400128935
GSM6339601	GTCATCACATACCCGG-1	2262	1104	0.4880636604774536
GSM6339601	GTCATCACATCATGTG-1	9184	5575	0.6070339721254355
GSM6339601	GTCATCACATCCTGAA-1	8795	7635	0.8681068789084707
GSM6339601	GTCATCCTCATAACTG-1	742	412	0.555256064690027
GSM6339601	GTCATCCTCGCTAGCA-1	582	457	0.7852233676975945
GSM6339601	GTCATCCTCTAACCAA-1	471	243	0.5159235668789809
GSM6339601	GTCATGAGTCAAGACC-1	756	336	0.4444444444444444
GSM6339601	GTCATGAGTCCGTGAG-1	9339	6219	0.6659171217475104
GSM6339601	GTCATGAGTCCTCCAA-1	4097	2230	0.5443007078350012
GSM6339601	GTCATGAGTTAAGTGT-1	5467	3005	0.5496616059996342
GSM6339601	GTCATGCCAACAGCCT-1	7771	5548	0.7139364303178484
GSM6339601	GTCATGCCACAAAGCG-1	9348	5449	0.5829054343175011
GSM6339601	GTCATGCCACCTCACC-1	5782	5390	0.9322033898305084
GSM6339601	GTCATGCCAGGTATTT-1	9965	5153	0.5171098845960863
GSM6339601	GTCATTAAGCAAGACA-1	15674	11174	0.7129003445195866
GSM6339601	GTCATTAAGCTGGCTA-1	20241	15594	0.7704164813991403
GSM6339601	GTCATTAAGGCTCATG-1	964	566	0.5871369294605809
GSM6339601	GTCATTAAGTTTCCTG-1	8294	4641	0.5595611285266457
GSM6339601	GTCCAAGTCCCGTTTA-1	19619	15063	0.7677761353789694
GSM6339601	GTCCAAGTCGCACACA-1	3595	2016	0.560778859527121
GSM6339601	GTCCAAGTCTGGCATG-1	10797	7938	0.7352042233953876
GSM6339601	GTCCAGGGTCACAGAC-1	6586	4863	0.7383844518675979
GSM6339601	GTCCATTGTACCGGAT-1	7275	3879	0.5331958762886598
GSM6339601	GTCCATTGTGATGATT-1	15196	11718	0.7711239799947355
GSM6339601	GTCCATTGTGGACCTG-1	12046	8635	0.7168354640544579
GSM6339601	GTCCATTGTGTAACCA-1	8841	4452	0.503562945368171
GSM6339601	GTCCGTAAGCCTCTGT-1	15044	11602	0.7712044668971019
GSM6339601	GTCCGTAAGCGGGCAA-1	7860	4167	0.5301526717557252
GSM6339601	GTCCGTAAGGAAACTG-1	11529	6152	0.533610894266632
GSM6339601	GTCCGTAAGGATGATG-1	10978	6703	0.6105848059755875
GSM6339601	GTCCGTAAGTATTGCA-1	3725	1758	0.47194630872483223
GSM6339601	GTCCGTAAGTCCTGAG-1	2459	2158	0.8775925172834486
GSM6339601	GTCCTAGAGCAAACCT-1	4106	2517	0.6130053580126644
GSM6339601	GTCCTAGAGGCACAGG-1	7641	4531	0.5929852113597697
GSM6339601	GTCCTAGAGGTTACGT-1	2090	1508	0.7215311004784689
GSM6339601	GTCCTAGAGTACCGCA-1	549	298	0.5428051001821493
GSM6339601	GTCCTCAGTACCAGGT-1	10206	6586	0.6453066823437194
GSM6339601	GTCCTCAGTTGCTTCG-1	9093	6870	0.7555262289673376
GSM6339601	GTCCTCCCAGGCAAGC-1	21998	15206	0.6912446586053278
GSM6339601	GTCCTCCCATAGCGGA-1	3873	2507	0.6473018332042344
GSM6339601	GTCCTCCCATCGTTCT-1	3944	2263	0.5737829614604463
GSM6339601	GTCGAAGCAAGTCGCT-1	3267	1875	0.573921028466483
GSM6339601	GTCGAAGCAATGCCCG-1	4308	2319	0.5383008356545961
GSM6339601	GTCGAAGCACAACAAA-1	4781	2821	0.5900439238653001
GSM6339601	GTCGAAGCAGCACCAT-1	10929	6604	0.6042638850764023
GSM6339601	GTCGAAGCAGGCTTCG-1	5355	2834	0.5292250233426704
GSM6339601	GTCGAAGCAGTAAGTA-1	5157	2613	0.5066899360093078
GSM6339601	GTCGAAGCATAAAGCA-1	12078	7299	0.6043219076005961
GSM6339601	GTCGAGGAGAGGGACT-1	17682	15200	0.8596312634317385
GSM6339601	GTCGAGGAGCAAGACA-1	12455	7997	0.6420714572460859
GSM6339601	GTCGAGGAGCATGAAG-1	4248	2643	0.6221751412429378
GSM6339601	GTCGAGGAGGATCCGC-1	19737	11511	0.583219334245326
GSM6339601	GTCGAGGAGGCAAGTA-1	20652	11997	0.5809122603137711
GSM6339601	GTCGAGGAGGCATTGT-1	5349	3066	0.5731912507010656
GSM6339601	GTCGAGGAGGTTACAC-1	9079	5240	0.5771560744575394
GSM6339601	GTCGAGGAGTTCCCAC-1	15768	11402	0.7231100963977676
GSM6339601	GTCGCAATCACAGCCA-1	5130	2871	0.5596491228070175
GSM6339601	GTCGCAATCCAAGTTA-1	17399	11139	0.6402092074257141
GSM6339601	GTCGGTTCAAGGATTA-1	14734	10959	0.7437898737613683
GSM6339601	GTCGGTTCAGGACCAA-1	13344	7747	0.580560551558753
GSM6339601	GTCGGTTCAGGCGAGT-1	12879	8696	0.6752077024613712
GSM6339601	GTCGGTTCAGGTTAAA-1	8124	4385	0.5397587395371738
GSM6339601	GTCGGTTCAGTCTAGC-1	13128	9815	0.7476386349786716
GSM6339601	GTCGGTTCATAATCCG-1	11061	5932	0.5362987071693337
GSM6339601	GTCGGTTCATACCCGG-1	6678	4364	0.6534890685834082
GSM6339601	GTCGGTTCATTGTCCT-1	15787	10386	0.6578830683473744
GSM6339601	GTCGGTTCATTGTTGG-1	19168	18516	0.9659849749582637
GSM6339601	GTCTAACAGAGGAGTC-1	6842	4018	0.5872551885413622
GSM6339601	GTCTAACAGATAACCC-1	11522	6963	0.6043221662905746
GSM6339601	GTCTAACAGCACAGGG-1	6180	3813	0.6169902912621359
GSM6339601	GTCTAACAGTAGAGGC-1	11504	8666	0.7533031988873435
GSM6339601	GTCTAACAGTATCGCG-1	16612	12602	0.7586082350108355
GSM6339601	GTCTAACAGTCTATGA-1	2145	1766	0.8233100233100233
GSM6339601	GTCTAACAGTTTGCGG-1	11893	11043	0.92852938703439
GSM6339601	GTCTAATCAAAGGTAC-1	843	572	0.6785290628706999
GSM6339601	GTCTAATCAATCCCTT-1	871	550	0.6314580941446614
GSM6339601	GTCTAATCAATTGCGC-1	17354	12710	0.7323959893972571
GSM6339601	GTCTAATCATAATCGT-1	5630	3659	0.649911190053286
GSM6339601	GTCTAGCCAAATTCGT-1	18096	11832	0.6538461538461539
GSM6339601	GTCTAGCCAACGTGCT-1	3757	2442	0.6499866915091829
GSM6339601	GTCTAGCCAATATACC-1	819	621	0.7582417582417582
GSM6339601	GTCTAGCCACCTAAGC-1	17038	9578	0.5621551825331612
GSM6339601	GTCTAGCCAGCAAGGC-1	9105	8404	0.9230093355299286
GSM6339601	GTCTAGCCAGTTAAAG-1	5788	3729	0.64426399447132
GSM6339601	GTCTATCGTTAGTGAT-1	4863	3458	0.711083693193502
GSM6339601	GTCTATCGTTGCAATG-1	13362	7452	0.5577009429726089
GSM6339601	GTCTATCGTTGCGCGA-1	2748	1546	0.5625909752547307
GSM6339601	GTCTATGCACCTACTT-1	2314	1582	0.6836646499567848
GSM6339601	GTCTCACTCAATTACG-1	808	386	0.4777227722772277
GSM6339601	GTCTCACTCAGCAAAG-1	3124	1938	0.6203585147247119
GSM6339601	GTCTCACTCAGTGAAG-1	13725	11246	0.8193806921675774
GSM6339601	GTCTCACTCATTTAGG-1	811	474	0.5844636251541308
GSM6339601	GTCTCACTCCCGCAAA-1	456	278	0.6096491228070176
GSM6339601	GTCTCACTCCGTTAAA-1	474	283	0.5970464135021097
GSM6339601	GTCTCACTCGAGCTAT-1	617	284	0.46029173419773095
GSM6339601	GTCTCACTCGTGCTTC-1	1198	691	0.5767946577629383
GSM6339601	GTCTTGCTCACCTGTC-1	4199	2597	0.6184805906168135
GSM6339601	GTCTTGCTCACTAGGT-1	1284	1078	0.839563862928349
GSM6339601	GTCTTGCTCAGCAAAG-1	2151	1573	0.7312877731287774
GSM6339601	GTCTTGCTCATGAGCT-1	2806	2028	0.7227369921596579
GSM6339601	GTCTTGCTCCCTGACT-1	7859	5092	0.6479195826441023
GSM6339601	GTCTTGCTCCGCAAGC-1	7023	6042	0.860316104228962
GSM6339601	GTCTTGCTCTAACTGA-1	616	317	0.5146103896103896
GSM6339601	GTCTTGCTCTAGCTAA-1	20099	13424	0.6678939250708991
GSM6339601	GTCTTGCTCTTGATGA-1	2933	1933	0.6590521650187521
GSM6339601	GTCTTTAGTAACGAGG-1	3218	1559	0.4844623990055935
GSM6339601	GTCTTTAGTACCGGAT-1	18576	14183	0.7635120585701981
GSM6339601	GTCTTTAGTCCTAACT-1	5378	3515	0.653588694682038
GSM6339601	GTCTTTAGTTAGTACG-1	2754	1353	0.4912854030501089
GSM6339601	GTCTTTAGTTGCACGG-1	16350	12909	0.7895412844036698
GSM6339601	GTCTTTGTCAATCTAG-1	13168	10502	0.797539489671932
GSM6339601	GTCTTTGTCAGTGAAG-1	18279	14687	0.8034903441107282
GSM6339601	GTCTTTGTCCTGATTT-1	18935	17099	0.9030367045154476
GSM6339601	GTCTTTGTCGACAAAG-1	7585	5739	0.7566249176005273
GSM6339601	GTGAACAAGCACTTGG-1	901	480	0.532741398446171
GSM6339601	GTGAACAAGCATGGTT-1	10595	7488	0.7067484662576687
GSM6339601	GTGAACAAGCGCTCAA-1	8351	4924	0.5896299844330021
GSM6339601	GTGAATCTCAGGTTTA-1	8537	4631	0.5424622232634415
GSM6339601	GTGAGCGAGAGGAGGA-1	8048	5036	0.6257455268389662
GSM6339601	GTGAGCGAGCTATATG-1	19396	13824	0.7127242730459888
GSM6339601	GTGAGCGAGCTGTCAG-1	11745	8240	0.7015751383567476
GSM6339601	GTGAGCGAGGGTTAGA-1	9087	6727	0.7402883239793111
GSM6339601	GTGAGGAGTAAAGCAA-1	2662	1412	0.5304282494365139
GSM6339601	GTGAGGAGTCATAGAT-1	1008	433	0.42956349206349204
GSM6339601	GTGAGGAGTGAAGCCT-1	10532	5660	0.5374097987086973
GSM6339601	GTGAGGAGTGACATGC-1	5216	2806	0.5379601226993865
GSM6339601	GTGATCAGTAACCAGC-1	1094	519	0.4744058500914077
GSM6339601	GTGATCAGTAATCGCA-1	16343	14655	0.89671418956128
GSM6339601	GTGATCAGTCGACTAA-1	12958	10201	0.7872356845192159
GSM6339601	GTGATCAGTCGCGCAA-1	11395	9218	0.8089512944273805
GSM6339601	GTGATCAGTTAACGGC-1	11845	10950	0.9244406922752216
GSM6339601	GTGATCAGTTACGCAA-1	10444	9453	0.905112983531214
GSM6339601	GTGATCAGTTCCAGGG-1	11275	11283	1.000709534368071
GSM6339601	GTGATCAGTTCGGGAT-1	1624	1030	0.6342364532019704
GSM6339601	GTGATCAGTTGACTTC-1	5783	3686	0.6373854400830019
GSM6339601	GTGATGAAGGGCCATC-1	4901	2835	0.5784533768618649
GSM6339601	GTGATGAAGGGCTTAT-1	21161	16378	0.7739709843580171
GSM6339601	GTGATGAAGTCCTTTG-1	2211	1558	0.704658525554048
GSM6339601	GTGCAAGCAACTGGGA-1	7759	4545	0.5857713622889548
GSM6339601	GTGCAAGCAAGCTTTG-1	6208	3460	0.5573453608247423
GSM6339601	GTGCAAGCAAGGATTA-1	9916	5918	0.5968132311415894
GSM6339601	GTGCAAGCACAGGATG-1	19438	16140	0.8303323387179751
GSM6339601	GTGCAAGCACCTAATG-1	10121	6199	0.6124888844975793
GSM6339601	GTGCAAGCAGGACACA-1	2212	1906	0.8616636528028933
GSM6339601	GTGCAAGCATAATCCG-1	21957	18258	0.831534362617844
GSM6339601	GTGCAAGCATAGCAGG-1	11512	7092	0.6160528144544822
GSM6339601	GTGCAAGCATATAACC-1	13819	7588	0.5490990665026413
GSM6339601	GTGCAAGCATTGCGGT-1	18895	14869	0.7869277586663138
GSM6339601	GTGCACGGTAAACAAG-1	10653	6000	0.5632216277105041
GSM6339601	GTGCACGGTCAAACTG-1	619	425	0.6865912762520194
GSM6339601	GTGCACGGTCAGTAAT-1	23195	14970	0.6453977150247898
GSM6339601	GTGCACGGTCCAAGAC-1	4277	2986	0.6981529109188683
GSM6339601	GTGCACGGTCCTAAGA-1	13606	10796	0.7934734675878289
GSM6339601	GTGCACGGTGCGCATG-1	3216	1914	0.5951492537313433
GSM6339601	GTGCACGGTGTAACCA-1	1603	1245	0.7766687461010605
GSM6339601	GTGCACGGTGTCCAGG-1	9219	5332	0.5783707560472936
GSM6339601	GTGCACGGTTGCACGG-1	10511	6714	0.638759394919608
GSM6339601	GTGCACGGTTGTCCAT-1	1462	943	0.6450068399452804
GSM6339601	GTGCACGGTTTAACGG-1	7445	5665	0.7609133646742781
GSM6339601	GTGCACGGTTTGAGGC-1	11172	7539	0.674812030075188
GSM6339601	GTGCACGGTTTGGGCG-1	16845	12265	0.728109231225883
GSM6339601	GTGCATTAGCCTAACG-1	22611	17006	0.7521118039892087
GSM6339601	GTGCATTAGGAACACA-1	16918	12965	0.766343539425464
GSM6339601	GTGCATTAGGAGTCTT-1	916	607	0.6626637554585153
GSM6339601	GTGCATTAGGCAGGTG-1	10442	6632	0.6351273702355871
GSM6339601	GTGCATTAGGCCTTAG-1	8136	4253	0.5227384464110127
GSM6339601	GTGCATTAGGCTAGAA-1	13463	7785	0.5782515041224096
GSM6339601	GTGCATTAGGCTGGCT-1	23174	16249	0.7011737291792526
GSM6339601	GTGCATTAGGGTCCAC-1	4572	2197	0.4805336832895888
GSM6339601	GTGCATTAGGTCTTGG-1	16731	12079	0.7219532604147989
GSM6339601	GTGCCTTTCACGCGGT-1	3819	2194	0.5744959413459021
GSM6339601	GTGCCTTTCACTTCAT-1	22993	17213	0.7486191449571609
GSM6339601	GTGCCTTTCGGGACCT-1	6576	4686	0.7125912408759124
GSM6339601	GTGCCTTTCGGTCAGC-1	1430	710	0.4965034965034965
GSM6339601	GTGCGCAGTGAGGTAG-1	12980	8788	0.6770416024653313
GSM6339601	GTGCGCAGTGATGGCT-1	8593	5029	0.5852438030955429
GSM6339601	GTGCGCAGTGGATTCA-1	4679	2771	0.592220559948707
GSM6339601	GTGCGCAGTGTGCAAC-1	4808	3196	0.6647254575707154
GSM6339601	GTGCGCAGTTACATCC-1	16235	10203	0.6284570372651679
GSM6339601	GTGCGCAGTTGGTGAC-1	6614	4065	0.6146053825219232
GSM6339601	GTGCGGTTCGACAAAG-1	13189	8611	0.6528925619834711
GSM6339601	GTGCGGTTCGGTCAAT-1	12286	7261	0.5909978837701448
GSM6339601	GTGCGGTTCTGTGAGT-1	1492	791	0.5301608579088471
GSM6339601	GTGCGGTTCTTCAATC-1	17873	13864	0.7756951826777821
GSM6339601	GTGCTCAAGCAGCTCA-1	14929	12061	0.8078906825641369
GSM6339601	GTGCTCAAGCTGGCTA-1	23762	22229	0.9354852285161182
GSM6339601	GTGCTCAAGCTGTAAC-1	11574	7816	0.6753067219630206
GSM6339601	GTGCTCAAGGAGGTTA-1	3762	2165	0.575491759702286
GSM6339601	GTGCTCAAGGGATGCG-1	3048	1997	0.6551837270341208
GSM6339601	GTGCTCAAGGTCAAAG-1	7738	3634	0.4696303954510209
GSM6339601	GTGCTCAAGTAAGTCC-1	8690	4787	0.5508630609896432
GSM6339601	GTGCTCAAGTCACCTC-1	3758	3312	0.8813198509845662
GSM6339601	GTGCTCCGTACGCGCA-1	7934	3993	0.5032770355432317
GSM6339601	GTGCTCCGTACTTAGG-1	12127	7346	0.6057557516285973
GSM6339601	GTGCTCCGTAGCTGGT-1	16218	11799	0.7275249722530521
GSM6339601	GTGCTCCGTATTCGTC-1	16987	10356	0.609642667922529
GSM6339601	GTGCTCCGTCATTGTC-1	9844	6094	0.619057293783015
GSM6339601	GTGCTCCGTCCTAGTT-1	1619	940	0.5806053119209389
GSM6339601	GTGCTCCGTTCCTGTG-1	7330	4567	0.623055934515689
GSM6339601	GTGCTGATCATCAGTA-1	16916	14349	0.8482501773468906
GSM6339601	GTGCTGATCATGACCG-1	8821	5872	0.6656841627933341
GSM6339601	GTGCTGATCATGTGGT-1	4202	2397	0.5704426463588768
GSM6339601	GTGCTGATCTACTAAG-1	7717	4963	0.6431255669301542
GSM6339601	GTGCTGATCTTACTCG-1	2801	1928	0.688325598000714
GSM6339601	GTGCTGGGTCATAGAT-1	10968	6565	0.5985594456601021
GSM6339601	GTGCTGGGTGTTAAAC-1	4608	2361	0.5123697916666666
GSM6339601	GTGCTGGGTTAAGCCA-1	6777	4415	0.6514682012689981
GSM6339601	GTGCTGGGTTGCACAA-1	6347	3598	0.5668819914920434
GSM6339601	GTGCTTACATAGCGGA-1	1184	638	0.5388513513513513
GSM6339601	GTGCTTACATCACTTC-1	8301	4452	0.5363209251897362
GSM6339601	GTGCTTACATTGTTGG-1	6591	3767	0.5715369443180094
GSM6339601	GTGCTTCTCATGCTTT-1	9186	5299	0.5768560853472676
GSM6339601	GTGCTTCTCCCGCAAA-1	8139	4864	0.5976164147929721
GSM6339601	GTGCTTCTCCCGTTGT-1	7670	4618	0.6020860495436766
GSM6339601	GTGCTTCTCGTTTCCA-1	17929	12234	0.6823581906408612
GSM6339601	GTGCTTCTCTTAGGAC-1	7658	4189	0.5470096630974145
GSM6339601	GTGGACACAGTTGCGT-1	9611	6898	0.7177192799916762
GSM6339601	GTGGATGCACAAAGCG-1	11079	7456	0.6729849264374042
GSM6339601	GTGGATGCACCAACCG-1	19888	12379	0.6224356395816573
GSM6339601	GTGGATGCACGAACAG-1	13097	7014	0.535542490646713
GSM6339601	GTGGATGCACTTCATC-1	7113	4705	0.6614649233797273
GSM6339601	GTGGATGCAGAAACGT-1	14960	10903	0.7288101604278074
GSM6339601	GTGGATGCATAATGTC-1	15854	11104	0.700391068500063
GSM6339601	GTGGATGCATTAGCCA-1	6706	4198	0.6260065612883985
GSM6339601	GTGGCTTCAAAGCTCC-1	2077	1151	0.5541646605681271
GSM6339601	GTGGCTTCAACCTGGT-1	16368	12089	0.7385752688172043
GSM6339601	GTGGCTTCACTCAACA-1	15322	9914	0.647043466910325
GSM6339601	GTGGCTTCATAGACCC-1	8521	5689	0.6676446426475766
GSM6339601	GTGGCTTCATCACAGC-1	16120	15560	0.9652605459057072
GSM6339601	GTGGCTTCATGTCAAT-1	19028	15072	0.7920958587344965
GSM6339601	GTGGTTAGTATTGGTG-1	3093	2834	0.9162625282896864
GSM6339601	GTGGTTAGTGCTGTAA-1	18960	13799	0.7277953586497891
GSM6339601	GTGGTTAGTGTTAGCA-1	11894	6969	0.5859256768118379
GSM6339601	GTGGTTAGTTACCGGG-1	20754	10946	0.5274164016575118
GSM6339601	GTGGTTAGTTGAAGCC-1	9711	5905	0.6080733189166924
GSM6339601	GTGTAACTCATGGCTG-1	7572	5064	0.6687797147385103
GSM6339601	GTGTAACTCATTAGGC-1	16927	13271	0.7840137059136291
GSM6339601	GTGTAACTCCGCAACA-1	2143	2055	0.9589360709286048
GSM6339601	GTGTAACTCGATCAGT-1	1840	943	0.5125
GSM6339601	GTGTAACTCTTAGTGA-1	15978	11674	0.7306296157216172
GSM6339601	GTGTCCAAGCCAGGTC-1	733	453	0.6180081855388813
GSM6339601	GTGTCCAAGGTCTTGG-1	13754	10231	0.7438563327032136
GSM6339601	GTGTCCAAGGTTAGAG-1	16187	11424	0.7057515290047569
GSM6339601	GTGTCCAAGTTGCGTG-1	4966	2700	0.5436971405557793
GSM6339601	GTGTCCAAGTTTGGTA-1	6693	4696	0.7016285671597191
GSM6339601	GTGTGAGCAAAGCGGC-1	10927	8632	0.7899697995790245
GSM6339601	GTGTGAGCAAGGCCAA-1	6855	4675	0.6819839533187454
GSM6339601	GTGTGCGGTAAAGCAA-1	524	279	0.5324427480916031
GSM6339601	GTGTGCGGTATCTGGA-1	6670	3664	0.5493253373313344
GSM6339601	GTGTGCGGTCACAGAC-1	10417	8441	0.8103100700777575
GSM6339601	GTGTGCGGTCACAGCG-1	9791	5525	0.5642937391481974
GSM6339601	GTGTGCGGTCGCATAA-1	608	428	0.7039473684210527
GSM6339601	GTGTGCGGTGGGAACA-1	21340	17715	0.8301312089971884
GSM6339601	GTGTGCGGTGTTGTGA-1	3394	2149	0.6331761932822628
GSM6339601	GTGTGCGGTTAGTACG-1	4559	3102	0.6804123711340206
GSM6339601	GTGTGCGGTTCGCGCT-1	22799	14584	0.6396771788236326
GSM6339601	GTGTGCGGTTGCGTAA-1	398	182	0.457286432160804
GSM6339601	GTGTGCGGTTTAGCGA-1	8511	5131	0.6028668781576783
GSM6339601	GTGTGTTAGACAGGTA-1	4671	2794	0.5981588524941126
GSM6339601	GTGTGTTAGATGGAGC-1	17595	11339	0.6444444444444445
GSM6339601	GTGTTACAGACAACGA-1	19335	13386	0.6923196276183088
GSM6339601	GTGTTACAGACACCGC-1	17384	10722	0.6167740450989415
GSM6339601	GTGTTACAGACTATTG-1	5810	2815	0.4845094664371773
GSM6339601	GTGTTACAGCCAAATC-1	609	336	0.5517241379310345
GSM6339601	GTGTTACAGCGATAAG-1	14219	9175	0.6452633799845278
GSM6339601	GTGTTACAGTTTGCGG-1	6755	3850	0.5699481865284974
GSM6339601	GTGTTCCTCATGTTTC-1	7103	4112	0.5789103195832747
GSM6339601	GTGTTCCTCCCTGGTT-1	6054	3687	0.6090188305252725
GSM6339601	GTGTTCCTCGGGACCT-1	6609	3768	0.5701316386745348
GSM6339601	GTGTTCCTCTACCTGC-1	9486	5633	0.5938224752266498
GSM6339601	GTTAAACGTAATCACG-1	13487	9194	0.6816934826128865
GSM6339601	GTTAAACGTACTGATG-1	542	280	0.5166051660516605
GSM6339601	GTTAAACGTCTCACTG-1	3902	3121	0.7998462327011788
GSM6339601	GTTAAACGTGGATTAT-1	1529	874	0.5716154349247874
GSM6339601	GTTAAACGTTAGCAGC-1	1917	1110	0.5790297339593115
GSM6339601	GTTAAACGTTCCGCAC-1	1145	737	0.6436681222707423
GSM6339601	GTTAAACGTTTAGCTC-1	2177	1163	0.5342214056040423
GSM6339601	GTTAACCAGCATGTCG-1	4849	4345	0.8960610435141266
GSM6339601	GTTAACCAGCCATCAG-1	1686	792	0.4697508896797153
GSM6339601	GTTAACCAGCCGGTAC-1	7740	4767	0.6158914728682171
GSM6339601	GTTAACCAGGATTTGC-1	1083	593	0.5475530932594644
GSM6339601	GTTAACCAGGCCTTAG-1	1395	829	0.5942652329749104
GSM6339601	GTTAACCAGGTTACAC-1	4733	2588	0.5467990703570674
GSM6339601	GTTAACCAGTAATCCA-1	1873	1170	0.6246663107314468
GSM6339601	GTTAACGGTCAGGCCA-1	5534	3941	0.7121431152873148
GSM6339601	GTTAACGGTCCGGTTC-1	3929	2202	0.5604479511326037
GSM6339601	GTTAACGGTTAATGAC-1	6231	3363	0.5397207510832932
GSM6339601	GTTAACGGTTGGTTAG-1	5159	2610	0.5059119984493119
GSM6339601	GTTAACGGTTGTCCAT-1	7077	5152	0.7279920870425322
GSM6339601	GTTAACGGTTTAACCC-1	10222	6070	0.593817256896889
GSM6339601	GTTAACGGTTTGGTTC-1	8254	6448	0.7811969953961716
GSM6339601	GTTAAGCTCATCCACC-1	10530	6969	0.6618233618233619
GSM6339601	GTTAAGCTCATCCTAT-1	16152	11910	0.737369985141159
GSM6339601	GTTAAGCTCCAGCACA-1	2029	1162	0.5726959093149334
GSM6339601	GTTAAGTGTAAAGCAA-1	3242	1856	0.5724861196792104
GSM6339601	GTTAAGTGTACCTTAC-1	25149	18622	0.740466817766114
GSM6339601	GTTAAGTGTTACGCAA-1	722	319	0.44182825484764543
GSM6339601	GTTAATGTCACTAGGT-1	460	247	0.5369565217391304
GSM6339601	GTTAATGTCAGAAACG-1	10724	9746	0.9088026855650877
GSM6339601	GTTAATGTCCGTTAAA-1	9106	6318	0.6938282451131123
GSM6339601	GTTAATGTCGAGGTGG-1	10280	5630	0.5476653696498055
GSM6339601	GTTAATGTCGTCCTTA-1	7003	4568	0.6522918749107526
GSM6339601	GTTACAGGTAACGTGC-1	16978	12941	0.7622216986688656
GSM6339601	GTTACAGGTGCATCGG-1	5322	3401	0.6390454716272078
GSM6339601	GTTACAGGTGGTTATG-1	7942	4761	0.5994711659531604
GSM6339601	GTTACCTGTAATGGAA-1	1528	794	0.5196335078534031
GSM6339601	GTTACCTGTACGTTTC-1	7305	3673	0.5028062970568105
GSM6339601	GTTACCTGTAGCCTAA-1	1228	668	0.5439739413680782
GSM6339601	GTTACCTGTATACTGG-1	9898	5030	0.5081834714083653
GSM6339601	GTTACCTGTCCACAAA-1	3078	1590	0.5165692007797271
GSM6339601	GTTACCTGTGGGTACT-1	13062	8103	0.6203491042719339
GSM6339601	GTTACCTGTGTCCTGC-1	8715	5089	0.5839357429718876
GSM6339601	GTTACCTGTTAGAGCC-1	13963	8788	0.6293776409081143
GSM6339601	GTTACCTGTTGTGATG-1	8108	4248	0.5239269856931426
GSM6339601	GTTACGCCAAACCTAT-1	23053	14073	0.6104628464841886
GSM6339601	GTTACGCCAACAACAA-1	11191	6557	0.585917254937003
GSM6339601	GTTACGCCAGGAACAT-1	26821	17311	0.6454270907125014
GSM6339601	GTTACGCCATAGACCC-1	9747	5847	0.5998768851954448
GSM6339601	GTTACGCCATAGGCGA-1	6253	2949	0.4716136254597793
GSM6339601	GTTACGTAGAAGCTAG-1	2345	1805	0.7697228144989339
GSM6339601	GTTACGTAGATGCCTG-1	3716	1833	0.49327233584499464
GSM6339601	GTTACGTAGCAGGCCT-1	21646	20839	0.962718285133512
GSM6339601	GTTACGTAGCCTGAGC-1	3197	2048	0.6406005630278386
GSM6339601	GTTACGTAGCCTGTTC-1	13334	11080	0.8309584520773962
GSM6339601	GTTACGTAGGACCGCT-1	9325	5613	0.6019302949061662
GSM6339601	GTTACGTAGGATCACT-1	13161	11121	0.8449965808069295
GSM6339601	GTTACGTAGTACCGCA-1	23055	16728	0.725569290826285
GSM6339601	GTTACTAAGCACCACA-1	13136	10633	0.8094549330085262
GSM6339601	GTTACTAAGCGATAAG-1	15517	9128	0.5882580395695044
GSM6339601	GTTACTAAGCTCAAAC-1	2981	1859	0.6236162361623616
GSM6339601	GTTACTAAGGAGTCTT-1	3200	1892	0.59125
GSM6339601	GTTACTAAGGTGTTAC-1	4237	2266	0.5348123672409724
GSM6339601	GTTACTAAGTTAGACC-1	13308	9803	0.7366245867147581
GSM6339601	GTTACTCGTACCGTTT-1	3533	1742	0.4930653835267478
GSM6339601	GTTACTCGTCCGGTTC-1	4506	3664	0.8131380381713271
GSM6339601	GTTACTCGTCTTGCAT-1	19535	18444	0.9441515229076017
GSM6339601	GTTACTCGTTAGTTGG-1	4443	2394	0.5388251181634031
GSM6339601	GTTACTCGTTGAGCCG-1	4709	2740	0.5818645147589722
GSM6339601	GTTAGACTCAAACACC-1	21285	20907	0.9822410147991544
GSM6339601	GTTAGACTCACGTTAA-1	2193	1491	0.679890560875513
GSM6339601	GTTAGACTCAGCACCA-1	389	240	0.6169665809768637
GSM6339601	GTTAGACTCAGCATTA-1	6601	3792	0.5744584153916074
GSM6339601	GTTAGACTCCGCACAA-1	10513	6863	0.6528108056691715
GSM6339601	GTTAGACTCCTCGATC-1	8855	5382	0.6077922077922078
GSM6339601	GTTAGACTCCTGATGG-1	1111	572	0.5148514851485149
GSM6339601	GTTAGACTCGATCAGT-1	8123	4593	0.5654314908285116
GSM6339601	GTTAGGCGTTAATGAC-1	1959	1235	0.630423685553854
GSM6339601	GTTAGGCGTTATCGAG-1	26134	18918	0.7238845947807454
GSM6339601	GTTAGGCGTTCCGGGA-1	5757	2951	0.5125933645996179
GSM6339601	GTTAGGCGTTTGAGCA-1	5001	2870	0.5738852229554089
GSM6339601	GTTCACCTCAGGAAGC-1	12435	6037	0.4854845195014073
GSM6339601	GTTCACCTCATAACCA-1	5804	4087	0.7041695382494831
GSM6339601	GTTCACCTCATAGCCG-1	7794	5481	0.7032332563510393
GSM6339601	GTTCACCTCATTACGA-1	3591	2429	0.6764132553606238
GSM6339601	GTTCACCTCTATTGTC-1	5870	3524	0.6003407155025554
GSM6339601	GTTCACCTCTTAGTCT-1	10964	8030	0.7323969354250274
GSM6339601	GTTCATTTCCGCTAGA-1	791	467	0.5903919089759798
GSM6339601	GTTCATTTCTTTGTAC-1	4701	2242	0.47691980429695807
GSM6339601	GTTCCCAGTACCCACC-1	6968	4437	0.6367680826636051
GSM6339601	GTTCCCAGTGAGAAAC-1	2934	1670	0.569188820722563
GSM6339601	GTTCCCAGTTAGTGAT-1	6656	3268	0.4909855769230769
GSM6339601	GTTCCTGGTACCGTAA-1	717	403	0.5620641562064156
GSM6339601	GTTCCTGGTAGTTACG-1	723	502	0.69432918395574
GSM6339601	GTTCCTGGTCTCACTG-1	6864	4233	0.6166958041958042
GSM6339601	GTTCCTGGTTACTAGG-1	949	485	0.5110642781875658
GSM6339601	GTTCCTTCAACAACAA-1	16036	11168	0.6964330256921926
GSM6339601	GTTCCTTCACCAGGTT-1	10486	6117	0.5833492275414839
GSM6339601	GTTCCTTCAGCTACGT-1	933	434	0.46516613076098606
GSM6339601	GTTCCTTCAGGAACCA-1	7796	6042	0.7750128270908158
GSM6339601	GTTCCTTCATAATGTC-1	12722	11779	0.9258764345228737
GSM6339601	GTTCCTTCATTGGGAG-1	6245	3936	0.6302642113690953
GSM6339601	GTTCGCGCAACTAGAA-1	11946	7499	0.6277415034321112
GSM6339601	GTTCGCGCAATAACGA-1	4693	2260	0.4815682932026422
GSM6339601	GTTCGCGCAATTAGCT-1	5617	2760	0.4913654975965818
GSM6339601	GTTCGCGCACAGGATG-1	17878	11643	0.6512473431032554
GSM6339601	GTTCGCGCAGGAACAT-1	18916	14615	0.7726263480651301
GSM6339601	GTTCGCGCAGGTTAAA-1	8925	5894	0.6603921568627451
GSM6339601	GTTCGCGCATCCATCT-1	7678	5286	0.6884605365980724
GSM6339601	GTTCGCTTCAAGCTAC-1	7173	3642	0.5077373483897951
GSM6339601	GTTCGCTTCAATGTGC-1	1995	1244	0.6235588972431078
GSM6339601	GTTCGCTTCCACAATA-1	7262	4259	0.5864775543927293
GSM6339601	GTTCGCTTCCACCTTA-1	14776	10032	0.678938819707634
GSM6339601	GTTCGCTTCCTGGTCT-1	16850	12867	0.763620178041543
GSM6339601	GTTCGCTTCCTTGCAC-1	10904	7224	0.6625091709464417
GSM6339601	GTTCGCTTCGGTCAGC-1	1520	1196	0.7868421052631579
GSM6339601	GTTCGCTTCGTTTCGC-1	11473	6343	0.5528632441384119
GSM6339601	GTTCGCTTCTTGAGGT-1	6868	4878	0.7102504368083867
GSM6339601	GTTCTCATCAATACGC-1	2070	1249	0.6033816425120773
GSM6339601	GTTCTCATCATAAGCC-1	8848	5372	0.6071428571428571
GSM6339601	GTTCTCATCATCGTTT-1	1184	734	0.6199324324324325
GSM6339601	GTTCTCATCGATTTGA-1	24455	15653	0.6400736045798405
GSM6339601	GTTCTTAGTAACAGGG-1	22463	18893	0.8410719850420691
GSM6339601	GTTCTTAGTCTAACAG-1	8560	6322	0.7385514018691589
GSM6339601	GTTCTTAGTCTTGCAT-1	23399	17170	0.7337920423949742
GSM6339601	GTTCTTAGTTCCATTA-1	12283	9971	0.8117723683139298
GSM6339601	GTTCTTAGTTGTAAAC-1	3860	2499	0.6474093264248705
GSM6339601	GTTCTTGTCCACCTGT-1	6575	3532	0.5371863117870722
GSM6339601	GTTCTTGTCCCTTGCG-1	17830	9937	0.5573191250701066
GSM6339601	GTTCTTGTCGCACACA-1	10508	7040	0.6699657403882756
GSM6339601	GTTCTTGTCGGTCAGC-1	1948	1357	0.696611909650924
GSM6339601	GTTCTTGTCGTTAGTA-1	2228	1329	0.5964991023339318
GSM6339601	GTTCTTGTCTACCTCA-1	405	268	0.6617283950617284
GSM6339601	GTTCTTGTCTCGCCTG-1	4374	3063	0.7002743484224966
GSM6339601	GTTCTTGTCTGGCATG-1	20779	19676	0.9469175609990856
GSM6339601	GTTGCATAGAACCTGT-1	21889	20395	0.9317465393576683
GSM6339601	GTTGCATAGGAGGTTA-1	7417	4355	0.5871646218147499
GSM6339601	GTTGCATAGGCTACTG-1	3068	1819	0.5928943937418514
GSM6339601	GTTGCATAGGTCCAAT-1	21926	22642	1.0326552950834627
GSM6339601	GTTGCATAGTCACGAT-1	1230	607	0.49349593495934957
GSM6339601	GTTGCCCGTCATCATC-1	2174	1282	0.5896964121435143
GSM6339601	GTTGCCCGTCCCGGAA-1	1158	578	0.4991364421416235
GSM6339601	GTTGCCCGTCCTAACT-1	20373	11289	0.5541157414224709
GSM6339601	GTTGCCCGTCTCAGCC-1	421	338	0.8028503562945368
GSM6339601	GTTGCCCGTTGCAATG-1	3265	2022	0.6192955589586524
GSM6339601	GTTGCGGGTATTGGTG-1	517	245	0.4738878143133462
GSM6339601	GTTGCGGGTGGACCTG-1	13454	8692	0.6460532183737179
GSM6339601	GTTGCGGGTTATGTGG-1	9351	6753	0.7221687520051331
GSM6339601	GTTGCTGAGGAGTCTT-1	20131	15404	0.7651880184789628
GSM6339601	GTTGCTGAGGCTCATG-1	3332	2494	0.748499399759904
GSM6339601	GTTGCTGAGGTAGCTT-1	9358	5725	0.6117760205172045
GSM6339601	GTTGGAGCAAGCTACC-1	8041	4587	0.5704514363885089
GSM6339601	GTTGGAGCAATAACCT-1	9841	6185	0.6284930393252718
GSM6339601	GTTGGAGCAATAGCAA-1	18206	17692	0.9717675491596177
GSM6339601	GTTGGAGCACTGACCG-1	8794	6000	0.6822833750284285
GSM6339601	GTTGGAGCACTTACAG-1	9440	5675	0.6011652542372882
GSM6339601	GTTGGAGCAGCACGAA-1	13066	8795	0.6731210776060003
GSM6339601	GTTGGAGCAGCTAACC-1	3244	1782	0.5493218249075216
GSM6339601	GTTGGAGCAGCTCATA-1	4200	2207	0.5254761904761904
GSM6339601	GTTGGCCAGGGTGAGT-1	5635	4178	0.7414374445430346
GSM6339601	GTTGGCCAGGTCCGTA-1	18973	11267	0.5938438834132715
GSM6339601	GTTGGCCAGTAGCGGG-1	11965	7848	0.6559130798161303
GSM6339601	GTTGGCCAGTTATGTG-1	2043	1600	0.7831620166421929
GSM6339601	GTTGGCGGTCATGCAA-1	15819	11222	0.7094000885011695
GSM6339601	GTTGGCGGTGAAGCCT-1	7836	4057	0.5177386421643696
GSM6339601	GTTGGCGGTGTTTGTC-1	12529	7214	0.5757841807007742
GSM6339601	GTTGTGAGTACGATTG-1	886	553	0.6241534988713319
GSM6339601	GTTGTGAGTCATTACC-1	9253	6011	0.6496271479520156
GSM6339601	GTTGTGAGTTACAAAC-1	11924	8435	0.7073968466957397
GSM6339601	GTTGTGAGTTTGGGTA-1	6018	3079	0.5116317713526088
GSM6339601	GTTGTTGCAACACCTA-1	9180	4919	0.535838779956427
GSM6339601	GTTGTTGCAAGGTAAC-1	25847	23072	0.892637443417031
GSM6339601	GTTGTTGCAATGAGGT-1	15220	11513	0.7564388961892247
GSM6339601	GTTGTTGCATAAGTTC-1	3738	2519	0.6738897806313536
GSM6339601	GTTGTTGCATGATTGT-1	15916	8498	0.5339281226438803
GSM6339601	GTTTAACCAGCTTAGC-1	5119	3251	0.6350849775346747
GSM6339601	GTTTAACCATACTCCT-1	3377	2391	0.7080248741486527
GSM6339601	GTTTAACCATCACAGC-1	6036	3565	0.590622929092114
GSM6339601	GTTTAACCATCATGTG-1	1723	902	0.5235055136390018
GSM6339601	GTTTAACCATGAAGTA-1	699	434	0.6208869814020028
GSM6339601	GTTTACCGTCCTAACT-1	24983	17714	0.7090421486610895
GSM6339601	GTTTACCGTGCATTAG-1	7354	4629	0.6294533587163449
GSM6339601	GTTTACCGTTAGGACC-1	11478	8383	0.7303537201603066
GSM6339601	GTTTAGCAGCAAGATG-1	2068	1101	0.5323984526112185
GSM6339601	GTTTAGCAGCACTAAC-1	16969	9866	0.58141316518357
GSM6339601	GTTTAGCAGCCGCTAA-1	2170	1362	0.6276497695852534
GSM6339601	GTTTAGCAGCGAGGTG-1	5036	3402	0.6755361397934869
GSM6339601	GTTTAGCAGCTATATG-1	10208	7149	0.7003330721003135
GSM6339601	GTTTAGCAGGATGATG-1	3837	2124	0.5535574667709148
GSM6339601	GTTTAGCAGTCTTGAA-1	8942	5729	0.6406844106463878
GSM6339601	GTTTAGCAGTGAACAG-1	9128	5461	0.5982690622261174
GSM6339601	GTTTAGCAGTTGTCTT-1	3483	2577	0.739879414298019
GSM6339601	GTTTATCTCCTAGTTT-1	22826	17601	0.7710943660737756
GSM6339601	GTTTCAGCAAGCCAGA-1	17315	11031	0.637077678313601
GSM6339601	GTTTCAGCAATCCTGA-1	5905	3382	0.5727349703640983
GSM6339601	GTTTCAGCAATGAATG-1	11825	6375	0.5391120507399577
GSM6339601	GTTTCAGCACCTGCCT-1	3934	2563	0.6514997458057956
GSM6339601	GTTTCAGCAGCAGGTA-1	9082	4519	0.4975776260735521
GSM6339601	GTTTCAGCAGCCGCTA-1	7590	4329	0.5703557312252965
GSM6339601	GTTTCAGCAGGAACTG-1	11472	6744	0.5878661087866108
GSM6339601	GTTTCAGCAGGCGATA-1	19439	16024	0.8243222387982921
GSM6339601	GTTTCAGCAGTCTATG-1	11197	6117	0.5463070465303206
GSM6339601	GTTTCAGCATCGTTCT-1	7477	6577	0.8796308679951852
GSM6339601	GTTTCCTCAAGTCGCT-1	13322	7759	0.5824200570484912
GSM6339601	GTTTCCTCATGCATAT-1	8225	5202	0.6324620060790274
GSM6339601	GTTTCTAGTACCGGAT-1	9454	6023	0.6370848318172202
GSM6339601	GTTTCTAGTAGTTACG-1	9109	8027	0.8812163794049841
GSM6339601	GTTTCTAGTCAAAGGG-1	11602	7585	0.6537665919669022
GSM6339601	GTTTCTAGTCAGGCCA-1	2975	1696	0.5700840336134454
GSM6339601	GTTTCTAGTCGCAAAC-1	17476	15034	0.8602655069810026
GSM6339601	GTTTCTAGTCGCATAA-1	2717	1934	0.7118145012881855
GSM6339601	GTTTCTAGTGGTGAGA-1	18098	12384	0.6842745054702177
GSM6339601	GTTTCTAGTTAAGGTT-1	9338	5764	0.6172627971728422
GSM6339601	GTTTCTAGTTAGGCGT-1	10523	6942	0.6596978048085147
GSM6339601	GTTTCTAGTTGTTCAC-1	16749	12911	0.7708519911636516
GSM6339601	GTTTGCTGTAGCTAGC-1	2405	1177	0.4893970893970894
GSM6339601	GTTTGCTGTTAGACCA-1	9007	7558	0.8391251249028533
GSM6339601	GTTTGTAAGACCATAC-1	6403	3535	0.552084960174918
GSM6339601	GTTTGTCGTAACTACG-1	18481	14539	0.7866998539040095
GSM6339601	GTTTGTCGTACCGTTT-1	6932	3788	0.5464512406231967
GSM6339601	GTTTGTCGTTACCTGT-1	917	828	0.9029443838604144
GSM6339601	GTTTGTCGTTATGTGG-1	19928	17123	0.8592432757928543
GSM6339601	GTTTGTTTCACTTTAC-1	11343	7313	0.6447148020805783
GSM6339601	GTTTGTTTCCAAGTGT-1	22258	17404	0.7819211070177015
GSM6339601	GTTTGTTTCCCGTTGT-1	14898	11779	0.7906430393341388
GSM6339601	GTTTGTTTCTCACAAA-1	2436	1370	0.5623973727422004
GSM6339601	GTTTGTTTCTTGAGCG-1	2840	2072	0.7295774647887324
GSM6339601	TAAACAGCAAACCCTA-1	18692	14778	0.7906056066766531
GSM6339601	TAAACAGCAATAAGCA-1	3046	2192	0.7196323046618516
GSM6339601	TAAACAGCAATGCCTA-1	11443	7770	0.6790177401031198
GSM6339601	TAAACAGCACAAAGGT-1	2045	4121	2.015158924205379
GSM6339601	TAAACAGCACATAGCC-1	1052	718	0.6825095057034221
GSM6339601	TAAACAGCACCAACCG-1	9933	6222	0.6263968589549985
GSM6339601	TAAACAGCACCTGCCT-1	1059	652	0.615675165250236
GSM6339601	TAAACAGCAGTAAGTA-1	7005	4597	0.6562455389007852
GSM6339601	TAAACAGCAGTCTATG-1	2050	1354	0.6604878048780488
GSM6339601	TAAACAGCATGGCCCA-1	2006	996	0.4965104685942173
GSM6339601	TAAAGCCTCCCTGGAA-1	6069	3629	0.5979568297907398
GSM6339601	TAAAGCCTCGGTTAGT-1	1650	1100	0.6666666666666666
GSM6339601	TAACAAGCACGGTTTA-1	16780	11482	0.6842669845053635
GSM6339601	TAACAAGCAGGAACTG-1	10690	6468	0.6050514499532273
GSM6339601	TAACAAGCAGGCATCT-1	24097	18050	0.7490558990745736
GSM6339601	TAACAAGCAGGCCATT-1	12254	10242	0.8358087155214624
GSM6339601	TAACAAGCATAATTGC-1	1595	848	0.5316614420062696
GSM6339601	TAACAAGCATAGCAGG-1	6868	4926	0.7172393709959232
GSM6339601	TAACCAGGTAAACAAG-1	5184	3011	0.5808256172839507
GSM6339601	TAACCAGGTACCAGGT-1	19820	19020	0.9596367305751766
GSM6339601	TAACCAGGTCACTCGC-1	2153	1452	0.67440780306549
GSM6339601	TAACCAGGTCGTAATG-1	10678	7967	0.7461135044015733
GSM6339601	TAACCAGGTTACATCC-1	6363	3807	0.5983026874115983
GSM6339601	TAACCAGGTTCCTGAT-1	6791	4167	0.6136062435576498
GSM6339601	TAACCAGGTTCGCTCA-1	9693	5272	0.5438976581037862
GSM6339601	TAACCGGTCATCCTAT-1	9680	6699	0.6920454545454545
GSM6339601	TAACCGGTCATTGTCT-1	8290	4595	0.5542822677925211
GSM6339601	TAACCGGTCCTAAATG-1	24322	21453	0.8820409505797221
GSM6339601	TAACCGGTCCTAAGAC-1	12966	7756	0.5981798550053987
GSM6339601	TAACCGGTCCTCAGCT-1	6831	4598	0.6731078904991948
GSM6339601	TAACCGGTCGATATTG-1	4116	2219	0.5391156462585034
GSM6339601	TAACCGGTCGATTTAG-1	3028	2251	0.7433949801849405
GSM6339601	TAACCGGTCTCATCAT-1	10913	5974	0.5474205076514249
GSM6339601	TAACCGGTCTGTAAGC-1	4248	2897	0.6819679849340866
GSM6339601	TAACCTAAGACAAGTG-1	3594	2303	0.64079020589872
GSM6339601	TAACCTAAGGGTGAGT-1	4969	3132	0.6303079090360233
GSM6339601	TAACCTAAGTTGTCTT-1	17856	14772	0.8272849462365591
GSM6339601	TAAGCCAGTAACTACG-1	8245	5232	0.63456640388114
GSM6339601	TAAGCCAGTCATGCAA-1	8021	5174	0.6450567260940032
GSM6339601	TAAGCCAGTGGTTAGC-1	4917	2662	0.5413870246085011
GSM6339601	TAAGCCAGTGTTAGCA-1	654	375	0.573394495412844
GSM6339601	TAAGCCAGTTCCTGTG-1	8197	4300	0.524582164206417
GSM6339601	TAAGCCTAGCATGACT-1	1118	596	0.5330948121645797
GSM6339601	TAAGCCTAGTACCGCA-1	11083	7096	0.6402598574393215
GSM6339601	TAAGCCTAGTCAATCA-1	13889	8719	0.6277629778961769
GSM6339601	TAAGCTATCAATCATG-1	377	210	0.5570291777188329
GSM6339601	TAAGCTATCAGCACCA-1	682	523	0.7668621700879765
GSM6339601	TAAGCTATCCTGATTT-1	7295	4581	0.6279643591501028
GSM6339601	TAAGCTATCTTTAAGG-1	8399	6052	0.7205619716632933
GSM6339601	TAAGCTGGTAACGTGC-1	5606	2522	0.4498751337852301
GSM6339601	TAAGCTGGTTGGCGTG-1	1020	626	0.6137254901960785
GSM6339601	TAAGGACCACTAAATC-1	6127	3459	0.5645503509058266
GSM6339601	TAAGGCTTCAAGCGCC-1	16770	12632	0.7532498509242695
GSM6339601	TAAGGCTTCATAACCA-1	17169	10801	0.6290989574232628
GSM6339601	TAAGGCTTCATGAGCT-1	10382	6349	0.6115392024658062
GSM6339601	TAAGGCTTCCGCCTCA-1	9649	6324	0.6554047051507929
GSM6339601	TAAGGCTTCCTCACAC-1	4975	3913	0.7865326633165829
GSM6339601	TAAGGCTTCGCACAAT-1	20233	14029	0.6933722137102752
GSM6339601	TAAGGCTTCGGGATTT-1	13905	11061	0.7954692556634304
GSM6339601	TAAGTAGCAACTGGGA-1	23946	18539	0.7742002839722709
GSM6339601	TAAGTAGCACAGGATG-1	5214	3492	0.669735327963176
GSM6339601	TAAGTAGCAGCAAGGC-1	3445	1840	0.5341074020319303
GSM6339601	TAAGTAGCAGCCGCTA-1	2256	1421	0.6298758865248227
GSM6339601	TAAGTAGCAGGTATTT-1	7153	4701	0.6572067663917237
GSM6339601	TAAGTAGCATCCTAGA-1	4251	2841	0.6683133380381087
GSM6339601	TAAGTAGCATGTCGCG-1	6411	4340	0.6769614724691936
GSM6339601	TAAGTAGCATTGGGAG-1	3430	2023	0.5897959183673469
GSM6339601	TAAGTGCTCAGAAACG-1	24467	17112	0.6993910164711652
GSM6339601	TAAGTGCTCATGGTGT-1	7330	4799	0.6547066848567531
GSM6339601	TAAGTGCTCGCACACA-1	12823	7451	0.5810652733369727
GSM6339601	TAAGTGCTCGGTTCCT-1	4205	2544	0.6049940546967896
GSM6339601	TAAGTGCTCGGTTTCC-1	1452	1019	0.7017906336088154
GSM6339601	TAAGTGCTCTCAATAG-1	1472	851	0.578125
GSM6339601	TAATCACCAAGGTATA-1	775	489	0.6309677419354839
GSM6339601	TAATCACCAATCTCTC-1	415	253	0.6096385542168675
GSM6339601	TAATCACCAGCACGAA-1	10372	6779	0.6535865792518318
GSM6339601	TAATCACCAGTAAGTA-1	5979	3065	0.5126275296872387
GSM6339601	TAATCACCAGTAGCCT-1	6056	3996	0.6598414795244386
GSM6339601	TAATCACCATTATGCG-1	14275	8982	0.6292119089316988
GSM6339601	TAATCCGCAGCTAACC-1	12365	7546	0.6102709260008088
GSM6339601	TAATCCGCATTGTGTG-1	21966	16393	0.746289720477101
GSM6339601	TAATGCATCATCCTAT-1	14300	10662	0.7455944055944056
GSM6339601	TAATGCATCATTAGTG-1	3215	1478	0.4597200622083981
GSM6339601	TAATGCATCTAGCTAA-1	7754	4884	0.6298684549909724
GSM6339601	TAATGGACAACTAGCC-1	3081	1642	0.5329438493995456
GSM6339601	TAATGGACAAGGTGCA-1	7735	4121	0.5327731092436975
GSM6339601	TAATGGACAATGCGCT-1	22795	15831	0.694494406668129
GSM6339601	TAATGGACACTCGCTC-1	3941	2674	0.6785079928952042
GSM6339601	TAATGGACACTTGTTC-1	2326	1180	0.5073086844368013
GSM6339601	TAATGGACAGAATGAC-1	11403	7559	0.6628957291940717
GSM6339601	TAATGGACAGATAGAC-1	2647	1370	0.5175670570457122
GSM6339601	TAATGGACAGGCATGA-1	10455	7183	0.687039693926351
GSM6339601	TAATGGACATAAAGCA-1	8814	6171	0.7001361470388019
GSM6339601	TAATGGACATCGCTTT-1	8739	8416	0.96303924934203
GSM6339601	TAATGGACATGAAGTA-1	636	460	0.7232704402515723
GSM6339601	TAATGGTGTAATAGCT-1	10301	6294	0.6110086399378701
GSM6339601	TAATGGTGTCGCGCAA-1	4698	2468	0.5253299276287782
GSM6339601	TAATGGTGTTGGCCGA-1	20580	10723	0.5210398445092322
GSM6339601	TAATGGTGTTGTCCAT-1	13249	8230	0.6211789569024078
GSM6339601	TAATTGCCATGCTTAG-1	22502	17875	0.7943738334370278
GSM6339601	TAATTGCCATGTTGTG-1	1750	1081	0.6177142857142857
GSM6339601	TAATTGCCATTGCAGC-1	6437	3592	0.5580239241882865
GSM6339601	TACAACATCATGACCG-1	12286	10578	0.8609799772098323
GSM6339601	TACAACATCGAGCTAT-1	909	412	0.45324532453245325
GSM6339601	TACAACATCTATCGCC-1	1587	1291	0.8134845620667926
GSM6339601	TACAATGTCATGTTTC-1	20606	16213	0.7868096670872562
GSM6339601	TACAATGTCATTTGCT-1	2365	1257	0.5315010570824524
GSM6339601	TACAATGTCGCAAACT-1	10281	5957	0.5794183445190156
GSM6339601	TACAGCTAGCGAAGTA-1	6787	4427	0.6522764107853248
GSM6339601	TACAGCTAGTGAACAG-1	21052	13336	0.633479004370131
GSM6339601	TACAGCTAGTTACCGG-1	26830	17639	0.6574357062989191
GSM6339601	TACAGGTTCAGCATTA-1	9317	5850	0.6278845121820329
GSM6339601	TACAGGTTCATGACCG-1	1873	1386	0.7399893219434063
GSM6339601	TACAGGTTCATTTGCT-1	19775	12596	0.6369658659924147
GSM6339601	TACAGGTTCCCGCATT-1	9150	5681	0.6208743169398907
GSM6339601	TACAGGTTCCCTGATC-1	12390	7816	0.6308313155770783
GSM6339601	TACAGGTTCGGCTATG-1	2586	1761	0.6809744779582366
GSM6339601	TACAGGTTCTCCATGC-1	5469	3780	0.6911684037301152
GSM6339601	TACATCAAGCCTGACA-1	13315	9137	0.686218550506947
GSM6339601	TACATCAAGCGGTTAT-1	8066	4162	0.5159930572774609
GSM6339601	TACCAAATCCAGCACA-1	3464	2177	0.6284642032332564
GSM6339601	TACCAAATCCCTCAAC-1	6863	4326	0.6303365874981787
GSM6339601	TACCAAATCGAGGAGT-1	920	454	0.4934782608695652
GSM6339601	TACCAAATCGCTAGCA-1	16590	11882	0.7162145871006631
GSM6339601	TACCAAATCTTGAGCG-1	10711	7526	0.7026421435907011
GSM6339601	TACCAGGTCACTTCAT-1	9610	6134	0.6382934443288242
GSM6339601	TACCAGGTCCTTGCAC-1	2235	1272	0.5691275167785235
GSM6339601	TACCAGGTCTATCGCC-1	395	227	0.5746835443037974
GSM6339601	TACCAGGTCTCAATTC-1	4174	2478	0.5936751317680882
GSM6339601	TACCCGGCAAGTGAAC-1	1090	728	0.6678899082568808
GSM6339601	TACCCGGCATAGCGAG-1	9687	5203	0.5371115928564055
GSM6339601	TACCCGGCATAGCTGC-1	15959	9724	0.6093113603609249
GSM6339601	TACCGAAGTCACCAAA-1	7809	5000	0.6402868485081317
GSM6339601	TACCGAAGTTAACGAT-1	15076	15282	1.0136641018837889
GSM6339601	TACCGAAGTTACGCGG-1	20794	17352	0.8344714821583149
GSM6339601	TACCGAAGTTAGCAGC-1	1734	835	0.4815455594002307
GSM6339601	TACCGAAGTTTATCTG-1	3494	1683	0.48168288494562106
GSM6339601	TACCGCAAGGAGGTTA-1	14659	9367	0.6389931100347909
GSM6339601	TACCGCAAGGCAATAG-1	3541	1812	0.5117198531488281
GSM6339601	TACCGCAAGGCAGGTG-1	9076	5275	0.5812031732040547
GSM6339601	TACCGCAAGTATTGTG-1	1838	995	0.5413492927094669
GSM6339601	TACCGTTGTAACCACA-1	9026	4977	0.5514070463106581
GSM6339601	TACCGTTGTAGGATCC-1	12339	8540	0.6921144339087446
GSM6339601	TACCGTTGTAGTCAAT-1	4562	3291	0.7213941253836037
GSM6339601	TACCGTTGTCGTTACT-1	5410	3054	0.5645101663585952
GSM6339601	TACCGTTGTGCAATGC-1	15873	11877	0.7482517482517482
GSM6339601	TACCGTTGTGTAATAC-1	4394	2594	0.5903504779244424
GSM6339601	TACCTCATCAATGTGC-1	8186	4530	0.5533838260444661
GSM6339601	TACCTCATCCCTGGAA-1	9306	5441	0.5846765527616592
GSM6339601	TACCTCATCGAGCTAT-1	23597	18835	0.7981946857651396
GSM6339601	TACCTCATCGCTTCTA-1	6845	3763	0.5497443389335281
GSM6339601	TACCTCATCTCACAAA-1	17320	14078	0.8128175519630485
GSM6339601	TACCTCATCTCACTAT-1	4994	2528	0.5062074489387265
GSM6339601	TACCTCATCTTGCAAA-1	4055	2409	0.5940813810110974
GSM6339601	TACCTGCTCAAACACC-1	7733	6420	0.8302081986292512
GSM6339601	TACCTGCTCACAGCCA-1	6261	3681	0.5879252515572593
GSM6339601	TACCTGCTCAGAAACG-1	9758	7197	0.7375486780077884
GSM6339601	TACCTGCTCATTTAGG-1	677	419	0.6189069423929099
GSM6339601	TACCTGCTCGACAAAG-1	12101	9117	0.7534088091893232
GSM6339601	TACCTGCTCTGCAACG-1	18572	13071	0.7038014214947232
GSM6339601	TACCTTAGTAAGGTCC-1	19459	20232	1.0397245490518525
GSM6339601	TACCTTAGTAGGTTAT-1	2908	1690	0.5811554332874828
GSM6339601	TACCTTAGTAGTAAGA-1	3291	2038	0.6192646611972045
GSM6339601	TACCTTAGTGACATAT-1	5815	3890	0.6689595872742906
GSM6339601	TACCTTAGTGATTACG-1	13162	10935	0.8308007901534721
GSM6339601	TACCTTAGTTAGGCGT-1	2468	1644	0.6661264181523501
GSM6339601	TACCTTAGTTTCCTCC-1	13942	8760	0.6283173145890116
GSM6339601	TACCTTTAGCATCCAG-1	4030	2506	0.6218362282878412
GSM6339601	TACCTTTAGCCTAACG-1	16113	11663	0.7238254825296344
GSM6339601	TACCTTTAGGGTTATC-1	22104	18725	0.8471317408613825
GSM6339601	TACCTTTAGGTCCTGA-1	7465	4888	0.6547890154052244
GSM6339601	TACCTTTAGTAAAGGT-1	3413	1974	0.5783767946088485
GSM6339601	TACCTTTAGTCACCAG-1	14084	10799	0.7667566032377165
GSM6339601	TACGCACCAAGGAATC-1	778	494	0.6349614395886889
GSM6339601	TACGCACCAGGCATGA-1	4120	2446	0.5936893203883495
GSM6339601	TACGCACCAGGTTATT-1	9613	7462	0.7762405076458961
GSM6339601	TACGCACCAGTACCGT-1	3943	2706	0.686279482627441
GSM6339601	TACGCACCATAGCAGG-1	1891	989	0.5230037017451085
GSM6339601	TACGCACCATCCCTCA-1	25153	17541	0.6973720828529401
GSM6339601	TACGCACCATTCAGCA-1	2906	2306	0.7935306262904336
GSM6339601	TACGCTTGTAATGGAA-1	3325	1687	0.5073684210526316
GSM6339601	TACGCTTGTCTTTATG-1	769	442	0.5747724317295189
GSM6339601	TACGCTTGTGGAAGGC-1	3433	1772	0.5161666181182639
GSM6339601	TACGCTTGTTAAGGTT-1	2543	1441	0.5666535587888321
GSM6339601	TACGCTTGTTGTCATC-1	7109	4193	0.5898157265438176
GSM6339601	TACGCTTGTTTGTCTA-1	10115	6568	0.649332674246169
GSM6339601	TACGGATTCAACCAAC-1	2044	1284	0.6281800391389433
GSM6339601	TACGGATTCATAACCA-1	18579	15865	0.8539210937079499
GSM6339601	TACGGATTCATTAGGC-1	671	351	0.5230998509687034
GSM6339601	TACGGATTCCGCACAA-1	8295	4969	0.5990355635925256
GSM6339601	TACGGATTCTGTGAGT-1	6878	3830	0.5568479209072404
GSM6339601	TACGGTTAGGAATAAC-1	26427	19685	0.7448821281265372
GSM6339601	TACGGTTAGTAAAGGT-1	3394	2480	0.7307012374779022
GSM6339601	TACGGTTAGTAACCAC-1	1206	574	0.4759535655058043
GSM6339601	TACGGTTAGTAACGAG-1	7083	4377	0.6179584921643372
GSM6339601	TACGGTTAGTGAGCGG-1	18474	12714	0.6882104579408899
GSM6339601	TACGTAATCATGCATA-1	16284	12168	0.7472365512159175
GSM6339601	TACGTAATCCACCCTG-1	9509	5441	0.5721947628562415
GSM6339601	TACGTAATCCATAATG-1	7828	4101	0.5238886050076648
GSM6339601	TACGTAATCCGTTATT-1	1593	1015	0.6371625863151287
GSM6339601	TACGTAATCGACAAAG-1	3101	2274	0.7333118348919704
GSM6339601	TACGTACAGTGACCTG-1	10304	6633	0.6437305900621118
GSM6339601	TACGTACAGTTGGGCC-1	7334	4021	0.5482683392418871
GSM6339601	TACGTTAAGAACCTAC-1	12605	9543	0.7570805236017454
GSM6339601	TACGTTAAGCACGATT-1	12534	7591	0.6056326791128132
GSM6339601	TACGTTAAGGCCCAGT-1	11408	6993	0.6129908835904628
GSM6339601	TACGTTAAGGGCCATC-1	24435	19869	0.8131368937998772
GSM6339601	TACGTTAAGTTGCCTC-1	1392	697	0.5007183908045977
GSM6339601	TACTAAGTCCTAGTCC-1	3416	2852	0.8348946135831382
GSM6339601	TACTAAGTCTCACTCA-1	9640	5066	0.5255186721991701
GSM6339601	TACTAAGTCTGGTCCT-1	4861	2896	0.5957621888500308
GSM6339601	TACTCAAAGCGATAGA-1	19313	11956	0.6190648785791953
GSM6339601	TACTCGCTCACTTTAC-1	8558	4746	0.5545688244917036
GSM6339601	TACTCGCTCATGGTGT-1	6613	3912	0.5915620747013458
GSM6339601	TACTCGCTCATGGTTA-1	4565	2645	0.579408543263965
GSM6339601	TACTCGCTCCTAAGTA-1	18828	15562	0.8265349479498619
GSM6339601	TACTCGCTCCTTCTAG-1	11384	6596	0.5794096978215039
GSM6339601	TACTCGCTCCTTGCAC-1	438	235	0.5365296803652968
GSM6339601	TACTCGCTCGACAAAG-1	6824	4779	0.7003223915592028
GSM6339601	TACTCGCTCGACCTGA-1	1046	564	0.5391969407265774
GSM6339601	TACTCGCTCGCCTGTT-1	3289	1789	0.5439343265430222
GSM6339601	TACTCGCTCGGGACTC-1	16934	14273	0.8428605173024684
GSM6339601	TACTGACAGATAAAGC-1	1428	1097	0.7682072829131653
GSM6339601	TACTGACAGCTGGCTA-1	17664	15232	0.8623188405797102
GSM6339601	TACTGACAGGACCTGC-1	11183	7279	0.650898685504784
GSM6339601	TACTGACAGGCTACTG-1	5933	3812	0.6425080060677566
GSM6339601	TACTGACAGTAGCCAT-1	6766	3857	0.5700561631687852
GSM6339601	TACTGACAGTATTGTG-1	836	617	0.7380382775119617
GSM6339601	TACTGACAGTTATCCT-1	7128	4657	0.6533389450056116
GSM6339601	TACTGAGGTCTCAGCC-1	8952	5194	0.5802055406613047
GSM6339601	TACTGAGGTGATTTGG-1	477	330	0.6918238993710691
GSM6339601	TACTGAGGTGTTGCTT-1	417	234	0.5611510791366906
GSM6339601	TACTGAGGTTAATCGG-1	1669	1057	0.6333133612941881
GSM6339601	TACTGAGGTTGCACAA-1	6597	4241	0.6428679702895256
GSM6339601	TACTGAGGTTGCTGGG-1	599	403	0.672787979966611
GSM6339601	TACTGCACAGCTCATA-1	9406	5575	0.592706782904529
GSM6339601	TACTGCACAGGCTGTT-1	10741	6619	0.616236849455358
GSM6339601	TACTGCACAGTAAAGC-1	9742	6860	0.7041675220693903
GSM6339601	TACTGCACATCCAGGT-1	2920	2078	0.7116438356164384
GSM6339601	TACTGCACATTATGGT-1	3389	2367	0.6984361168486279
GSM6339601	TACTGGCCAACCGCCA-1	13527	7295	0.5392917867967768
GSM6339601	TACTGGCCACATGCTA-1	7576	5746	0.7584477296726505
GSM6339601	TACTGGCCAGGCTTCG-1	2157	1238	0.573945294390357
GSM6339601	TACTGGCCATAAGCAA-1	14451	8396	0.5809978548197356
GSM6339601	TACTGGCCATCATGTG-1	3558	2158	0.6065205171444632
GSM6339601	TACTGGCCATCCTAGA-1	990	766	0.7737373737373737
GSM6339601	TACTTCGTCAATACGC-1	2686	1390	0.5174981384959046
GSM6339601	TACTTCGTCACGCGGT-1	4058	2321	0.5719566288812222
GSM6339601	TACTTCGTCCGGAACC-1	5572	3801	0.6821608040201005
GSM6339601	TACTTCGTCGGCCAGT-1	15247	10071	0.6605233816488489
GSM6339601	TACTTCGTCGTAACGT-1	5831	3311	0.5678271308523409
GSM6339601	TACTTCGTCGTTAGTA-1	3020	1684	0.5576158940397351
GSM6339601	TACTTCGTCTTTGTAC-1	9794	6177	0.6306922605676945
GSM6339601	TACTTGTTCCAAGTGT-1	8358	5576	0.667145250059823
GSM6339601	TACTTGTTCCCATAGG-1	5284	3839	0.7265329295987888
GSM6339601	TACTTGTTCTATCGCC-1	9102	5218	0.5732805976708416
GSM6339601	TAGACCAGTCAAAGAA-1	13258	9853	0.7431739327198672
GSM6339601	TAGACCAGTCATAAGT-1	495	312	0.6303030303030303
GSM6339601	TAGACCAGTGAAACAA-1	9263	7003	0.7560185684983267
GSM6339601	TAGACCAGTTTGAGCA-1	10256	8902	0.8679797191887676
GSM6339601	TAGAGCCGTAATCGCA-1	16515	12823	0.776445655464729
GSM6339601	TAGAGCCGTACCGAAC-1	9441	7994	0.8467323376760937
GSM6339601	TAGAGCCGTCGAAGTC-1	15129	11978	0.7917245026108798
GSM6339601	TAGAGCCGTCGTTATC-1	1862	1007	0.5408163265306123
GSM6339601	TAGAGCCGTGGAAGGC-1	13871	7394	0.5330545742916877
GSM6339601	TAGCAGGCAAACCTTG-1	3576	2560	0.7158836689038032
GSM6339601	TAGCAGGCAACTGGCT-1	9808	7583	0.7731443719412724
GSM6339601	TAGCAGGCACACTAAT-1	2722	1333	0.48971344599559147
GSM6339601	TAGCAGGCAGTCTAAT-1	2738	1949	0.7118334550766984
GSM6339601	TAGCATATCACTTTAC-1	24386	20781	0.8521692774542771
GSM6339601	TAGCATATCATCCACC-1	9145	5781	0.6321487151448879
GSM6339601	TAGCATATCGTTAACA-1	4904	2560	0.5220228384991843
GSM6339601	TAGCATATCTACCTAT-1	370	272	0.7351351351351352
GSM6339601	TAGCATATCTCACAAA-1	5691	4163	0.7315058864874363
GSM6339601	TAGCATATCTGTAATG-1	6089	4288	0.7042207258991624
GSM6339601	TAGCCGGGTATGGTGC-1	13236	9165	0.692429737080689
GSM6339601	TAGCCGGGTCGTAAAT-1	14721	7701	0.5231302221316486
GSM6339601	TAGCCTCTCAATACGC-1	544	296	0.5441176470588235
GSM6339601	TAGCCTCTCATGCGTG-1	9363	6051	0.6462672220442166
GSM6339601	TAGCCTCTCGTTAAGC-1	18398	13437	0.7303511251222959
GSM6339601	TAGCCTGAGCAGGTGG-1	12614	8545	0.6774219121610908
GSM6339601	TAGCCTGAGCTATGAC-1	13515	18823	1.3927487976322606
GSM6339601	TAGCCTTGTAGGATCC-1	5994	4005	0.6681681681681682
GSM6339601	TAGCCTTGTCTTTGAC-1	2294	1260	0.5492589363557105
GSM6339601	TAGCCTTGTGATGGCT-1	12810	8691	0.6784543325526932
GSM6339601	TAGCCTTGTGGATTAT-1	15906	8215	0.5164717716584937
GSM6339601	TAGCCTTGTTACCTGT-1	1415	1028	0.7265017667844523
GSM6339601	TAGCCTTGTTAGGTGC-1	446	228	0.5112107623318386
GSM6339601	TAGCGCGGTAATTAGC-1	15756	10319	0.6549251078954049
GSM6339601	TAGCGCGGTATTACCC-1	3631	2309	0.635912971633159
GSM6339601	TAGCGCGGTGCGCATG-1	12123	9718	0.8016167615276747
GSM6339601	TAGCGCGGTTTGCGCC-1	1953	1032	0.5284178187403994
GSM6339601	TAGCGGACAACCGCCA-1	17464	9512	0.5446633073751718
GSM6339601	TAGCGGACAATAGTCT-1	5917	3022	0.5107317897583235
GSM6339601	TAGCGGACAATTATGC-1	2989	2040	0.6825025092004015
GSM6339601	TAGCGGACACGGTACT-1	14861	7902	0.5317273400174954
GSM6339601	TAGCGGACAGCAAGTG-1	12937	9553	0.7384246734173301
GSM6339601	TAGCGGACATGAATCT-1	20431	19158	0.9376927218442562
GSM6339601	TAGCGGACATTTGCTC-1	9554	6823	0.7141511408833996
GSM6339601	TAGCGGCTCCTTGCGT-1	15264	10470	0.6859276729559748
GSM6339601	TAGCGGCTCGCCTAAG-1	8372	5274	0.629956999522217
GSM6339601	TAGCGGCTCGTTACTT-1	11642	7681	0.6597663631678405
GSM6339601	TAGCGGCTCTGTTCAT-1	2608	1251	0.4796779141104294
GSM6339601	TAGCGGCTCTTGCAAA-1	4183	2192	0.5240258187903418
GSM6339601	TAGCTAATCCTGAGTG-1	2210	1492	0.6751131221719457
GSM6339601	TAGCTAATCGACCTGA-1	706	417	0.5906515580736544
GSM6339601	TAGCTAGGTCGCAATA-1	1716	1236	0.7202797202797203
GSM6339601	TAGCTAGGTGTTCCCA-1	9863	6917	0.7013079184832202
GSM6339601	TAGCTAGGTTCTTTAG-1	8493	4557	0.5365595196043801
GSM6339601	TAGCTAGGTTGTGATG-1	1519	1368	0.9005924950625411
GSM6339601	TAGCTAGGTTTATCGC-1	5494	2960	0.5387695668001456
GSM6339601	TAGCTAGGTTTCAGGA-1	7715	6371	0.8257939079714841
GSM6339601	TAGCTTAAGGCGGGTA-1	1695	1276	0.752802359882006
GSM6339601	TAGCTTAAGTGAGAGC-1	2554	1765	0.6910728269381362
GSM6339601	TAGCTTGCAACAGGTG-1	4295	2253	0.5245634458672875
GSM6339601	TAGCTTGCAACCCTAA-1	12023	7471	0.6213923313648839
GSM6339601	TAGCTTGCAGCCGCTA-1	1413	1108	0.7841472045293701
GSM6339601	TAGCTTGCATAGGCGA-1	2220	1418	0.6387387387387388
GSM6339601	TAGGAACCAACCCTAA-1	7342	7126	0.9705802233723781
GSM6339601	TAGGAACCAATCTCTC-1	9488	7295	0.7688659359190556
GSM6339601	TAGGAACCAATTTGGT-1	6830	4536	0.6641288433382138
GSM6339601	TAGGAACCACCGGCTA-1	403	207	0.5136476426799007
GSM6339601	TAGGAACCACTCAACA-1	10127	5313	0.5246371087192653
GSM6339601	TAGGAACCAGGCATCT-1	9375	4629	0.49376
GSM6339601	TAGGAACCATGTTGCA-1	7077	3968	0.5606895577221986
GSM6339601	TAGGAGGGTCATTGTC-1	8770	4733	0.5396807297605474
GSM6339601	TAGGAGGGTGCTCACC-1	10589	7197	0.6796675795636982
GSM6339601	TAGGAGTCAAGGATTA-1	1454	1048	0.7207702888583218
GSM6339601	TAGGAGTCACTAAGTT-1	4840	3656	0.7553719008264462
GSM6339601	TAGGAGTCAGGCTAAG-1	4873	3482	0.7145495587933511
GSM6339601	TAGGAGTCAGTTTACG-1	4250	2297	0.5404705882352941
GSM6339601	TAGGAGTCATAAGTTC-1	604	384	0.6357615894039735
GSM6339601	TAGGCTAGTACAAAGA-1	19586	13683	0.6986112529357704
GSM6339601	TAGGCTAGTCATTGTC-1	9985	6155	0.6164246369554331
GSM6339601	TAGGCTAGTGGATTGC-1	2155	1413	0.6556844547563805
GSM6339601	TAGGCTAGTTAGTTGG-1	5672	3425	0.6038434414668548
GSM6339601	TAGGCTGTCAAACCGT-1	10049	6105	0.6075231366305105
GSM6339601	TAGGCTGTCATGAAGG-1	5395	3348	0.6205746061167748
GSM6339601	TAGGCTGTCATGTCAA-1	947	433	0.457233368532207
GSM6339601	TAGGCTGTCGAGCTAT-1	1240	951	0.7669354838709678
GSM6339601	TAGGCTGTCTAATTGG-1	11033	6309	0.5718299646515
GSM6339601	TAGGCTTAGCGATACT-1	581	433	0.7452667814113597
GSM6339601	TAGGCTTAGGACCTGC-1	5194	2733	0.526184058529072
GSM6339601	TAGGCTTAGGCGCTAC-1	7110	3941	0.5542897327707454
GSM6339601	TAGGCTTAGGGTTATC-1	10546	5767	0.546842404703205
GSM6339601	TAGGCTTAGTATTGCA-1	2492	1385	0.5557784911717496
GSM6339601	TAGGCTTAGTCATTAG-1	7327	4191	0.5719939948137027
GSM6339601	TAGGCTTAGTTATTCC-1	9244	6189	0.6695153613154479
GSM6339601	TAGGGTTTCACGCCAA-1	9091	5752	0.6327136728632714
GSM6339601	TAGGGTTTCACTCGCT-1	4100	2545	0.6207317073170732
GSM6339601	TAGGGTTTCATGCTTT-1	4920	2459	0.4997967479674797
GSM6339601	TAGGGTTTCATGGCTG-1	1082	709	0.655268022181146
GSM6339601	TAGGGTTTCCCATAGG-1	17215	13378	0.7771129828637816
GSM6339601	TAGGGTTTCCTAGTCC-1	8149	4557	0.5592097189839244
GSM6339601	TAGGGTTTCGGGACCT-1	24909	17640	0.7081777670721426
GSM6339601	TAGGGTTTCGGGCCAT-1	17301	10070	0.5820472805040171
GSM6339601	TAGGGTTTCTAATCCT-1	9232	6114	0.662261698440208
GSM6339601	TAGGTGCGTCACGGAT-1	6016	3731	0.6201795212765957
GSM6339601	TAGGTGCGTTAGCCAA-1	11474	7167	0.6246295973505316
GSM6339601	TAGGTGCGTTGAAGCC-1	24467	17658	0.7217067887358483
GSM6339601	TAGGTGCGTTGCTGGG-1	11841	7572	0.6394730174816317
GSM6339601	TAGGTTATCAAACACC-1	20846	15759	0.7559723687997697
GSM6339601	TAGGTTGGTAATCACG-1	1365	756	0.5538461538461539
GSM6339601	TAGGTTGGTACGCGCA-1	9781	6030	0.6165013802269707
GSM6339601	TAGGTTGGTGAGCAAG-1	8874	5656	0.6373675907144467
GSM6339601	TAGGTTGGTTGCACAA-1	1366	887	0.6493411420204978
GSM6339601	TAGTAACGTACCGGAT-1	22212	16620	0.7482441923284711
GSM6339601	TAGTAACGTATTGGTG-1	1888	1461	0.7738347457627118
GSM6339601	TAGTAACGTCGCAAAC-1	21539	16753	0.7777984121825526
GSM6339601	TAGTAACGTGCTGTAA-1	11175	7732	0.6919015659955258
GSM6339601	TAGTAACGTTATCCTA-1	637	494	0.7755102040816326
GSM6339601	TAGTAAGCAACTAGGG-1	8036	4828	0.6007964161274266
GSM6339601	TAGTAAGCAAGTAAGC-1	23707	19940	0.8411017842831231
GSM6339601	TAGTAAGCAGAAATTG-1	21090	14122	0.669606448553817
GSM6339601	TAGTAAGCAGCCTTGG-1	824	518	0.6286407766990292
GSM6339601	TAGTAAGCATAGCAGG-1	5676	3074	0.5415785764622973
GSM6339601	TAGTACGGTAACCTAG-1	8142	4453	0.5469172193564235
GSM6339601	TAGTACGGTCACAGAC-1	6707	4767	0.7107499627255106
GSM6339601	TAGTACGGTCAGGAAG-1	817	435	0.5324357405140759
GSM6339601	TAGTACGGTGATGGCT-1	16202	12715	0.7847796568324898
GSM6339601	TAGTACGGTGCGCAAT-1	9187	5412	0.5890932839882442
GSM6339601	TAGTACGGTTGGTTCT-1	8806	5443	0.6181012945718828
GSM6339601	TAGTAGGAGCTGTACG-1	15992	9849	0.6158704352176088
GSM6339601	TAGTAGGAGTAGCGCC-1	17243	9379	0.5439308704981731
GSM6339601	TAGTAGGAGTCACGAT-1	13499	10918	0.8088006519001407
GSM6339601	TAGTCAATCCTTAATC-1	2509	1805	0.7194101235552013
GSM6339601	TAGTGAGAGAGGCTAA-1	8798	5333	0.6061604910206865
GSM6339601	TAGTGAGAGGCTGTGC-1	3783	1936	0.5117631509384086
GSM6339601	TAGTGAGAGGGATTAG-1	514	257	0.5
GSM6339601	TAGTGAGAGTTGGCCA-1	17151	12755	0.7436884146696986
GSM6339601	TAGTGAGAGTTTAACG-1	2718	1760	0.6475349521707138
GSM6339601	TAGTGGCGTAAGGTTT-1	7223	3892	0.5388342793852969
GSM6339601	TAGTGGCGTACAATGT-1	15858	10888	0.6865935174675243
GSM6339601	TAGTGGCGTAGCTAAT-1	8261	4693	0.5680910301416293
GSM6339601	TAGTGGCGTGAGCACT-1	17970	12647	0.7037840845854202
GSM6339601	TAGTGGCGTGGTTCCC-1	1734	1161	0.6695501730103807
GSM6339601	TAGTGGCGTGTTCCCA-1	1826	1193	0.6533406352683461
GSM6339601	TAGTGGCGTTATAGCG-1	9394	8804	0.9371939535873962
GSM6339601	TAGTGGCGTTGAAGCC-1	528	285	0.5397727272727273
GSM6339601	TAGTGGCGTTGTTGTC-1	9295	5147	0.5537385691231845
GSM6339601	TAGTGTGGTCAAGTGC-1	7801	4097	0.5251890783232919
GSM6339601	TAGTGTGGTGATCATG-1	18976	16014	0.8439080944350759
GSM6339601	TAGTGTGGTGTCCTGC-1	6024	3103	0.5151062416998672
GSM6339601	TAGTGTGGTTCATCTA-1	8055	5053	0.6273122284295468
GSM6339601	TAGTTGTCAAGGACCA-1	19889	16409	0.8250289104530142
GSM6339601	TAGTTGTCAATGCGCT-1	3557	5651	1.5886983412988473
GSM6339601	TAGTTGTCACAGACTC-1	5392	2712	0.5029673590504451
GSM6339601	TAGTTGTCACCCTCAC-1	8238	5638	0.6843894149065307
GSM6339601	TAGTTGTCAGCTCAAC-1	3812	2481	0.6508394543546695
GSM6339601	TAGTTGTCATTAGGTT-1	1146	807	0.7041884816753927
GSM6339601	TAGTTTGAGGAGCAAC-1	6268	4324	0.6898532227185705
GSM6339601	TAGTTTGAGGTTAGCT-1	13816	10113	0.7319774174869716
GSM6339601	TAGTTTGAGTCACTCC-1	7034	4258	0.6053454648848451
GSM6339601	TATAACCCAACCTAAT-1	18061	17697	0.9798460771828802
GSM6339601	TATAACCCAAGGACCA-1	2930	2376	0.8109215017064847
GSM6339601	TATAACCCAATAGTCT-1	10815	9057	0.8374479889042996
GSM6339601	TATAACCCACATAGCC-1	16962	13377	0.7886452069331447
GSM6339601	TATAACCCAGATTCAT-1	10828	6455	0.5961396379756188
GSM6339601	TATAACCCATAGCAGG-1	15606	8594	0.5506856337306164
GSM6339601	TATAACCCATTTAAGC-1	3009	2362	0.7849783981389166
GSM6339601	TATAGCCAGACAAGTG-1	5542	3112	0.5615301335258029
GSM6339601	TATAGCCAGCTACTGG-1	8705	5622	0.6458357265939115
GSM6339601	TATAGCCAGGAGCAAC-1	17244	8669	0.5027255857109719
GSM6339601	TATAGCCAGGCTAATC-1	5382	4106	0.7629134150873281
GSM6339601	TATAGCCAGGTTAGCT-1	10731	5356	0.49911471437890226
GSM6339601	TATAGCCAGTGAGCGG-1	11491	9305	0.8097641632582021
GSM6339601	TATAGCTCAAGTGTCC-1	1173	636	0.5421994884910486
GSM6339601	TATAGCTCAATAATGG-1	4876	2777	0.5695242001640689
GSM6339601	TATAGCTCAATCTCTC-1	2557	1513	0.5917090340242471
GSM6339601	TATAGCTCAATTTGGT-1	2253	1431	0.6351531291611185
GSM6339601	TATAGCTCAGCAAGGC-1	17392	11601	0.6670308187672493
GSM6339601	TATAGCTCATAAGTCT-1	1442	859	0.5957004160887656
GSM6339601	TATAGCTCATAGCTGC-1	4290	3312	0.772027972027972
GSM6339601	TATAGGTGTAATCGTG-1	17808	9589	0.5384658580413297
GSM6339601	TATAGGTGTATTGCAG-1	10147	6984	0.6882822509115994
GSM6339601	TATAGGTGTCACAAAT-1	8561	4363	0.5096367246816961
GSM6339601	TATAGGTGTTGAGCCG-1	7154	4656	0.6508247134470226
GSM6339601	TATAGGTGTTTAAAGC-1	22552	17872	0.7924796026959915
GSM6339601	TATATCCTCATGCATA-1	3897	2246	0.5763407749550936
GSM6339601	TATATCCTCGATTTGA-1	25644	20884	0.8143815317423179
GSM6339601	TATATCCTCGGTACGC-1	4543	2304	0.5071538630860665
GSM6339601	TATATCCTCGTTAGCG-1	5220	2651	0.5078544061302682
GSM6339601	TATCACAAGAGCCGCT-1	18234	12591	0.6905231984205331
GSM6339601	TATCACAAGCATGTCG-1	7452	4920	0.6602254428341385
GSM6339601	TATCACAAGCTTCTCA-1	8213	5922	0.7210519907463777
GSM6339601	TATCACAAGGATTGAG-1	1153	670	0.5810928013876843
GSM6339601	TATCACAAGTAACCCG-1	5829	3236	0.5551552581917997
GSM6339601	TATCACGCAATGCGCT-1	12406	7185	0.579155247460906
GSM6339601	TATCACGCACACCAAC-1	11367	6340	0.5577549045482537
GSM6339601	TATCACGCACTGGCCA-1	5186	3123	0.6021982259930583
GSM6339601	TATCACGCAGGCATCT-1	14732	9969	0.6766901982079826
GSM6339601	TATCCAGCAACTCGCG-1	5555	3869	0.6964896489648965
GSM6339601	TATCCAGCACTAAGCC-1	15622	11674	0.7472794776597107
GSM6339601	TATCCGGAGCCAGTAT-1	9898	6761	0.6830672863204688
GSM6339601	TATCCGGAGGACAATG-1	5367	3552	0.6618222470653997
GSM6339601	TATCCGGAGGCATGAA-1	5452	3580	0.6566397652237711
GSM6339601	TATCCGGAGGGCTAAA-1	1637	1025	0.6261453879047038
GSM6339601	TATCCGGAGGTCCGTA-1	7986	4651	0.5823941898322064
GSM6339601	TATCCGGAGGTGTTAC-1	15163	10954	0.7224164083624612
GSM6339601	TATCCGGAGTAAAGGT-1	23504	16967	0.7218771272974813
GSM6339601	TATCCGGAGTAGGCGG-1	10672	6370	0.5968890554722639
GSM6339601	TATCGAGGTCATGAGC-1	8231	5055	0.614141659579638
GSM6339601	TATCGAGGTTTGAGGC-1	9030	5160	0.5714285714285714
GSM6339601	TATCGCACAAAGCTCC-1	879	504	0.5733788395904437
GSM6339601	TATCGCACAATTATGC-1	3940	2692	0.683248730964467
GSM6339601	TATCGCACACAAAGGT-1	3499	1900	0.543012289225493
GSM6339601	TATCGCACACTGGCTG-1	10942	8452	0.7724364832754523
GSM6339601	TATCGCACATACCCGG-1	8404	4653	0.5536649214659686
GSM6339601	TATCGCACATCACTTC-1	3171	1756	0.553768527278461
GSM6339601	TATCGCACATCATGGC-1	17352	12366	0.7126556016597511
GSM6339601	TATCGCACATGTTGTG-1	4656	3330	0.7152061855670103
GSM6339601	TATCGCGAGACTCGCA-1	12759	7139	0.559526608668391
GSM6339601	TATCGCGAGGCGGATG-1	11580	7007	0.6050949913644215
GSM6339601	TATCGCGAGGGACCTC-1	22322	13914	0.6233312427201864
GSM6339601	TATCGCGAGTAAGAAC-1	19451	15224	0.7826846948742995
GSM6339601	TATGAAGCAACACTTG-1	16157	10038	0.6212787027294671
GSM6339601	TATGAAGCAACGTGCT-1	18058	14210	0.7869088492634844
GSM6339601	TATGAAGCACAAAGGT-1	7505	4218	0.5620253164556962
GSM6339601	TATGAAGCATGAAATG-1	819	382	0.46642246642246643
GSM6339601	TATGACATCAATACGC-1	1667	820	0.49190161967606477
GSM6339601	TATGACATCAGGTTTA-1	20549	16616	0.8086038250036498
GSM6339601	TATGACATCATTGACA-1	21117	20670	0.9788322204858645
GSM6339601	TATGACATCCCGCATT-1	14312	10427	0.7285494689770822
GSM6339601	TATGACATCCGCCTAT-1	999	413	0.4134134134134134
GSM6339601	TATGACATCCTACCTA-1	13564	8932	0.6585078148038926
GSM6339601	TATGACATCGATATTG-1	2853	1425	0.49947423764458465
GSM6339601	TATGACATCTATTGTC-1	8769	5220	0.5952788231269244
GSM6339601	TATGACATCTTAGTGA-1	14080	8929	0.6341619318181818
GSM6339601	TATGACTCAATCGCAC-1	9826	6004	0.6110319560350091
GSM6339601	TATGACTCACCTATAG-1	2960	1325	0.44763513513513514
GSM6339601	TATGACTCAGTTTGTG-1	20149	14520	0.7206312968385528
GSM6339601	TATGACTCATTCCTCG-1	2828	2038	0.7206506364922206
GSM6339601	TATGCATCAGCAAGAT-1	4889	3293	0.6735528737983227
GSM6339601	TATGCATCAGGAACTG-1	2118	1516	0.7157695939565628
GSM6339601	TATGCATCATTATGGT-1	5721	3008	0.525782205908058
GSM6339601	TATGGATGTAAGTCGC-1	704	318	0.45170454545454547
GSM6339601	TATGGATGTACCGTTT-1	3389	1803	0.532015343759221
GSM6339601	TATGGATGTCATCAAG-1	5703	3183	0.5581273014203051
GSM6339601	TATGGATGTCATTAGG-1	992	521	0.5252016129032258
GSM6339601	TATGGATGTTAGGACC-1	7474	3854	0.5156542681295156
GSM6339601	TATGGATGTTGGTTGA-1	2611	1727	0.6614324013787821
GSM6339601	TATGGCCCAAACTAAG-1	2497	1547	0.6195434521425711
GSM6339601	TATGGCCCAAGCCACT-1	16697	12290	0.73606037012637
GSM6339601	TATGGCCCACATGCTA-1	6152	3235	0.5258452535760728
GSM6339601	TATGGCCCACTAGCGT-1	13382	7741	0.5784636078314154
GSM6339601	TATGGCCCATTGCGGT-1	2639	1534	0.5812807881773399
GSM6339601	TATGGGCGTAAGTCGC-1	3771	3171	0.8408910103420844
GSM6339601	TATGGGCGTACCGGAT-1	18292	16704	0.9131860922807785
GSM6339601	TATGGGCGTCACACCC-1	2943	2028	0.6890927624872579
GSM6339601	TATGGGCGTCATGAGC-1	17716	12268	0.692481372770377
GSM6339601	TATGGGCGTCGTTACT-1	2975	1319	0.4433613445378151
GSM6339601	TATGGGCGTGACATAT-1	29274	16808	0.5741613718658195
GSM6339601	TATGGGCGTGAGAAAC-1	628	363	0.5780254777070064
GSM6339601	TATGGGCGTGCAATAT-1	561	279	0.49732620320855614
GSM6339601	TATGGGCGTGGAGCAA-1	17984	13455	0.7481650355871886
GSM6339601	TATGGGCGTGTAACCA-1	7633	4795	0.6281933708895585
GSM6339601	TATGGTCAGACAACAG-1	8619	4977	0.5774451792551341
GSM6339601	TATGGTCAGACACTTA-1	1820	1358	0.7461538461538462
GSM6339601	TATGGTCAGCATTAGC-1	16789	13276	0.7907558520459825
GSM6339601	TATGGTCAGCCTGTTC-1	6655	3544	0.5325319308790383
GSM6339601	TATGGTCAGCTTTGTT-1	7445	4227	0.5677635997313634
GSM6339601	TATGGTCAGGAAGCAC-1	6532	4248	0.6503368034292712
GSM6339601	TATGGTCAGGGATGAC-1	24503	18278	0.7459494755744195
GSM6339601	TATGGTCAGGGCCACT-1	10580	6534	0.6175803402646503
GSM6339601	TATGGTCAGTTAGCTA-1	8234	6090	0.7396162254068497
GSM6339601	TATGTGATCAGTGAAG-1	9114	5656	0.620583717357911
GSM6339601	TATGTGATCATCAGTA-1	16586	13660	0.8235861569998795
GSM6339601	TATGTGATCCATTACT-1	16094	12305	0.7645706474462532
GSM6339601	TATGTGATCCTAATTC-1	11643	6835	0.5870480116808383
GSM6339601	TATGTGATCCTGCGAA-1	6521	5292	0.8115319736236773
GSM6339601	TATGTGATCGCCTAAG-1	6473	3330	0.5144446160976364
GSM6339601	TATGTGATCGTTTCGC-1	7545	3411	0.45208747514910536
GSM6339601	TATGTGATCTATCGCC-1	9777	6535	0.6684054413419249
GSM6339601	TATGTGATCTTGACCC-1	5627	2733	0.4856939754753865
GSM6339601	TATTACCTCACCGGTA-1	1863	900	0.4830917874396135
GSM6339601	TATTACCTCCAGGGAG-1	1262	747	0.5919175911251982
GSM6339601	TATTACCTCCTAATGA-1	1742	981	0.5631458094144661
GSM6339601	TATTACCTCCTTAAGA-1	809	437	0.5401730531520396
GSM6339601	TATTAGCCAAGCTTAT-1	6444	3945	0.6121973929236499
GSM6339601	TATTAGCCACCGTTCC-1	3318	2582	0.7781796262808921
GSM6339601	TATTAGCCACCTACTT-1	988	521	0.5273279352226721
GSM6339601	TATTAGCCACTTAGGC-1	901	424	0.47058823529411764
GSM6339601	TATTAGCCACTTGTTC-1	12706	6788	0.5342357941130175
GSM6339601	TATTAGCCAGATAGAC-1	4602	2313	0.5026075619295959
GSM6339601	TATTAGCCAGCTTAGC-1	6842	4089	0.5976322712657118
GSM6339601	TATTAGCCATCCTAGA-1	4433	2402	0.5418452515226708
GSM6339601	TATTAGGTCAGGGCCT-1	21867	14148	0.6470023322815202
GSM6339601	TATTAGGTCATTATGG-1	4590	2544	0.5542483660130719
GSM6339601	TATTAGGTCATTGTCT-1	6247	3122	0.4997598847446774
GSM6339601	TATTAGGTCCCAGTAG-1	2544	1359	0.5341981132075472
GSM6339601	TATTAGGTCCGCAAGC-1	15645	12490	0.7983381271971876
GSM6339601	TATTAGGTCGGCCATA-1	9052	4749	0.5246354396818382
GSM6339601	TATTAGGTCTCAATAG-1	3347	2233	0.6671646250373469
GSM6339601	TATTAGGTCTTGACCC-1	2767	1568	0.5666787134080231
GSM6339601	TATTCGTTCCATAATG-1	4101	2653	0.6469153864910997
GSM6339601	TATTCGTTCCCTGGTT-1	4307	2464	0.572091943348038
GSM6339601	TATTCGTTCCGGCTAA-1	9363	7420	0.7924810424009399
GSM6339601	TATTCGTTCCGGGACT-1	17532	10133	0.5779717088751997
GSM6339601	TATTCGTTCTCACATT-1	5708	3297	0.5776103714085494
GSM6339601	TATTGACCACCTGCCT-1	11025	6479	0.5876643990929705
GSM6339601	TATTGACCAGCATGGA-1	8081	6247	0.7730478901126098
GSM6339601	TATTGACCAGGTTACC-1	788	412	0.5228426395939086
GSM6339601	TATTGACCAGTTTGGC-1	4623	2962	0.6407094959982695
GSM6339601	TATTGACCATCCAGGT-1	6479	5312	0.8198796110510881
GSM6339601	TATTGACCATTCCTCG-1	5522	3913	0.7086200651937704
GSM6339601	TATTTGCTCATGGTGT-1	22964	35672	1.5533879115136735
GSM6339601	TATTTGCTCGTTATCT-1	784	496	0.6326530612244898
GSM6339601	TATTTGCTCTGTGAGT-1	3589	2205	0.6143772638617999
GSM6339601	TATTTGGAGCAACATC-1	1204	917	0.7616279069767442
GSM6339601	TATTTGGAGCAAGGAC-1	5342	2847	0.5329464619992512
GSM6339601	TATTTGGAGCTAATTG-1	18111	12054	0.6655623654132847
GSM6339601	TATTTGGAGGCACAGG-1	9966	5761	0.5780654224362833
GSM6339601	TATTTGGAGGCCTAAT-1	2658	1672	0.6290443942814146
GSM6339601	TATTTGGAGTCAGGCC-1	7533	5347	0.7098101685915306
GSM6339601	TATTTGGAGTCCTTCA-1	16185	11994	0.7410565338276182
GSM6339601	TCAAACCAGCTCCCTG-1	965	590	0.6113989637305699
GSM6339601	TCAAACCAGGACGTAA-1	1603	768	0.479101684341859
GSM6339601	TCAAACCAGTAACGAG-1	2879	2025	0.703369225425495
GSM6339601	TCAACAATCAAGGACA-1	10040	6191	0.6166334661354582
GSM6339601	TCAACAATCATGAGCT-1	2846	2021	0.7101194659170766
GSM6339601	TCAACAATCATTACAG-1	1855	982	0.5293800539083557
GSM6339601	TCAACAATCCAGGAAA-1	8683	5580	0.6426350339744328
GSM6339601	TCAACAATCGAAGCGG-1	2656	1787	0.672816265060241
GSM6339601	TCAACAATCGCTCCAT-1	7688	4578	0.5954734651404787
GSM6339601	TCAACAATCTAGCGAT-1	16367	15083	0.9215494592778151
GSM6339601	TCAAGAACAAACATAG-1	3933	2080	0.5288583778286295
GSM6339601	TCAAGAACAATAGTCT-1	10995	7723	0.7024101864483856
GSM6339601	TCAAGAACACCGGCTA-1	1553	1185	0.7630392788151964
GSM6339601	TCAAGAACAGCATGAG-1	15763	9944	0.630844382414515
GSM6339601	TCAAGAACATGACTAT-1	15076	9155	0.6072565667285752
GSM6339601	TCAAGAACATTAAGCT-1	9559	6729	0.7039439271890365
GSM6339601	TCAAGACTCACAGACT-1	4295	2622	0.610477299185099
GSM6339601	TCAAGACTCAGCACGC-1	11964	8400	0.7021063189568706
GSM6339601	TCAAGACTCATGCTCC-1	6407	3323	0.5186514749492742
GSM6339601	TCAAGACTCATGTGGT-1	3353	1976	0.5893229943334327
GSM6339601	TCAAGACTCCTGGCTT-1	13323	8083	0.6066951887712978
GSM6339601	TCAAGACTCGACCTGA-1	6514	3463	0.5316241940435984
GSM6339601	TCAAGACTCTATTGTC-1	16260	14598	0.8977859778597786
GSM6339601	TCAAGACTCTCCTCAA-1	2784	1324	0.4755747126436782
GSM6339601	TCAAGACTCTTAATGG-1	10951	7246	0.6616747329011049
GSM6339601	TCAAGCTAGCGAGCGA-1	20947	15248	0.72793240082112
GSM6339601	TCAAGCTAGCTGTACG-1	19282	14573	0.7557825951664765
GSM6339601	TCAAGCTAGTCCTTTG-1	611	289	0.47299509001636664
GSM6339601	TCAAGGAAGACTTACA-1	19131	10930	0.5713240290627777
GSM6339601	TCAAGGAAGCACCACA-1	15957	9447	0.5920285768001504
GSM6339601	TCAAGGAAGCAGGCCT-1	1109	571	0.5148782687105501
GSM6339601	TCAAGGAAGCATGGTT-1	21015	13117	0.6241732096121818
GSM6339601	TCAAGGAAGCTGTCAG-1	5396	2800	0.5189028910303929
GSM6339601	TCAAGGAAGCTTACTT-1	25631	22283	0.8693769263782138
GSM6339601	TCAAGGAAGGACCTGC-1	16247	8920	0.5490244352803595
GSM6339601	TCAAGGAAGGCTAGAA-1	11291	7322	0.6484810911345319
GSM6339601	TCAAGGAAGTCATTGA-1	5338	4178	0.7826901461221432
GSM6339601	TCAAGGTTCACTAGGT-1	13806	12369	0.8959148196436332
GSM6339601	TCAAGGTTCATCACTT-1	10524	6359	0.6042379323451159
GSM6339601	TCAAGGTTCGGGATTT-1	1495	863	0.577257525083612
GSM6339601	TCAAGGTTCGGTTACG-1	7913	4334	0.5477063060786048
GSM6339601	TCAAGGTTCGGTTTGG-1	16146	7596	0.47045707915273133
GSM6339601	TCAAGGTTCTCAATGA-1	11733	8091	0.6895934543594988
GSM6339601	TCAAGTATCACAGCCA-1	7972	6140	0.77019568489714
GSM6339601	TCAAGTATCATAACTG-1	2257	1241	0.5498449268941072
GSM6339601	TCAAGTATCATGCTCC-1	9289	5076	0.5464527936268705
GSM6339601	TCAAGTATCGCAATCG-1	8538	5401	0.6325837432654018
GSM6339601	TCAAGTATCTATCGCC-1	15998	11108	0.6943367920990123
GSM6339601	TCAATCGCAATTAGCT-1	3063	2104	0.6869082598759386
GSM6339601	TCAATCGCACACCAAC-1	11799	7536	0.638698194762268
GSM6339601	TCAATCGCAGCGCTTG-1	4563	2820	0.6180144641683103
GSM6339601	TCAATCGCAGTTAGCC-1	5395	2706	0.5015755329008341
GSM6339601	TCAATCGCATCCTAGA-1	15727	11726	0.7455967444522159
GSM6339601	TCAATCGCATTGCAGC-1	14017	11270	0.80402368552472
GSM6339601	TCACATAAGACAACGA-1	4781	3115	0.6515373352855052
GSM6339601	TCACATAAGCTTCCCG-1	18034	14332	0.7947210823999112
GSM6339601	TCACATAAGTGAACGA-1	13345	10763	0.8065192956163357
GSM6339601	TCACCGGCAAATGCCC-1	20760	16247	0.7826107899807322
GSM6339601	TCACCGGCACAAAGAC-1	3597	2065	0.5740895190436475
GSM6339601	TCACCGGCACCTGCTC-1	2509	1793	0.7146273415703468
GSM6339601	TCACCGGCAGATAGAC-1	3166	2299	0.7261528742893241
GSM6339601	TCACCGGCAGCTTACA-1	2918	1557	0.5335846470185058
GSM6339601	TCACCTCAGACTTACA-1	9256	5321	0.5748703543647364
GSM6339601	TCACCTCAGAGAGGAG-1	21463	16977	0.7909891441084658
GSM6339601	TCACCTCAGCATGAAG-1	3277	1775	0.5416539517851694
GSM6339601	TCACCTCAGGCTAAGA-1	4283	2147	0.5012841466261966
GSM6339601	TCACCTCAGTCACTCC-1	9876	5821	0.5894086674767112
GSM6339601	TCACCTGGTCCACAAA-1	1427	730	0.51156271899089
GSM6339601	TCACCTGGTGTAATAC-1	2317	1397	0.6029348295209322
GSM6339601	TCACCTGGTGTTGCAA-1	603	460	0.7628524046434494
GSM6339601	TCACCTGGTTGTTGGA-1	1850	1256	0.6789189189189189
GSM6339601	TCACGGATCAAACCGT-1	11928	6616	0.5546613011401744
GSM6339601	TCACGGATCACGTTAA-1	20896	19018	0.9101263399693721
GSM6339601	TCACGGATCAGTATTG-1	3220	2285	0.7096273291925466
GSM6339601	TCACGGATCGCTAGTG-1	5257	3145	0.5982499524443599
GSM6339601	TCACGGATCTTTGACT-1	3079	1803	0.5855797336797661
GSM6339601	TCACTGACAACCGCCA-1	408	306	0.75
GSM6339601	TCACTGACAAGCTACC-1	1273	922	0.7242733699921445
GSM6339601	TCACTGACACCAGCAT-1	13854	8789	0.6344016168615563
GSM6339601	TCACTGACACGTAAGG-1	14439	10935	0.7573239143985041
GSM6339601	TCACTGACAGCATGTC-1	16872	13567	0.804113323850166
GSM6339601	TCACTGACAGCTTACA-1	9796	6136	0.6263781135157207
GSM6339601	TCACTGACAGGAAGCC-1	10252	6636	0.647288333983613
GSM6339601	TCACTGACAGTATGTT-1	12095	6642	0.5491525423728814
GSM6339601	TCACTGACAGTCTAAT-1	5452	3417	0.6267424798239178
GSM6339601	TCAGCAAGTACCAGGT-1	7678	4038	0.5259182078666319
GSM6339601	TCAGCAAGTCTAACAG-1	3199	1972	0.6164426383244764
GSM6339601	TCAGCAAGTGTCCAAA-1	538	235	0.4368029739776952
GSM6339601	TCAGCAAGTTTGGTTC-1	11585	7396	0.6384117393180837
GSM6339601	TCAGCCTTCAGGTTTA-1	9265	4934	0.5325418240690771
GSM6339601	TCAGCCTTCCCTCGCA-1	4365	2501	0.5729667812142039
GSM6339601	TCAGCCTTCCTTTACG-1	9124	5020	0.5501972818939062
GSM6339601	TCAGCCTTCGGCCAGT-1	9526	5409	0.5678144026873819
GSM6339601	TCAGCCTTCGTTCACC-1	7628	4861	0.6372574724698479
GSM6339601	TCAGCGATCAATGACC-1	17159	13921	0.8112943644734542
GSM6339601	TCAGCGATCCACAATA-1	1757	1087	0.6186681844052362
GSM6339601	TCAGCGATCCATCAGG-1	6073	4248	0.6994895438827597
GSM6339601	TCAGCGATCCCTCACG-1	19969	18040	0.9034002704191497
GSM6339601	TCAGCGATCCTTCAAT-1	1463	851	0.5816814764183186
GSM6339601	TCAGCGATCGGGACCT-1	11771	7090	0.6023277546512615
GSM6339601	TCAGCGATCTGGCATG-1	21662	18138	0.837318807127689
GSM6339601	TCAGGAGCAAGGTAAC-1	11551	7644	0.6617608865033331
GSM6339601	TCAGGAGCAATTAACC-1	14720	10292	0.6991847826086957
GSM6339601	TCAGGAGCACCCACCT-1	3582	2219	0.6194863204913457
GSM6339601	TCAGGAGCAGAAATGC-1	23339	16018	0.6863190368053472
GSM6339601	TCAGGAGCAGCAACCT-1	8321	5625	0.6760004807114529
GSM6339601	TCAGGAGCAGCTAACC-1	13614	9022	0.6627001615983547
GSM6339601	TCAGGAGCAGGCTGTT-1	11199	7599	0.678542727029199
GSM6339601	TCAGGAGCATCGTTCT-1	9879	5670	0.5739447312481021
GSM6339601	TCAGGAGCATGGAGGC-1	8360	4715	0.5639952153110048
GSM6339601	TCAGGTCCAAACTCAT-1	2051	1336	0.6513895660653339
GSM6339601	TCAGGTCCAAAGCGGC-1	9571	5025	0.5250235085153067
GSM6339601	TCAGGTCCAATAAGCA-1	6661	4097	0.6150728118901065
GSM6339601	TCAGGTCCAGAAATTG-1	9123	5498	0.6026526361942344
GSM6339601	TCAGGTCCAGGTTATT-1	12248	8779	0.7167700849118224
GSM6339601	TCAGGTTAGACTCGCA-1	2614	1600	0.612088752869166
GSM6339601	TCAGGTTAGCATGACT-1	19460	11741	0.6033401849948613
GSM6339601	TCAGGTTAGCGCATTG-1	10682	6230	0.583224115334207
GSM6339601	TCAGGTTAGGAAACTG-1	2392	1377	0.5756688963210702
GSM6339601	TCAGGTTAGTCACTAA-1	4489	2207	0.4916462463800401
GSM6339601	TCAGGTTAGTGTTGTA-1	2129	1035	0.4861437294504462
GSM6339601	TCAGTAATCGCCTGTT-1	8215	5367	0.6533171028606208
GSM6339601	TCAGTAGGTTAATGCG-1	4440	2872	0.6468468468468469
GSM6339601	TCAGTAGGTTTCGCCA-1	1117	566	0.5067144136078783
GSM6339601	TCAGTGAGTAGTTACG-1	1079	867	0.8035217794253939
GSM6339601	TCAGTGAGTCACGGAT-1	2504	1739	0.6944888178913738
GSM6339601	TCAGTGAGTCTAGCTT-1	1073	554	0.516309412861137
GSM6339601	TCAGTGAGTGAGGTGA-1	13229	8527	0.6445687504724469
GSM6339601	TCAGTGAGTGTCCAAA-1	10660	9580	0.8986866791744841
GSM6339601	TCAGTGAGTTAGGCTA-1	12126	7969	0.6571829127494639
GSM6339601	TCAGTGAGTTAGTACG-1	11773	8208	0.6971884821201053
GSM6339601	TCAGTGAGTTTACTTG-1	3974	2149	0.5407649723200805
GSM6339601	TCATAACCAAAGCTCC-1	6935	3988	0.5750540735400144
GSM6339601	TCATAACCACTAAGAA-1	8479	5283	0.6230687581082675
GSM6339601	TCATAACCACTTGTTC-1	1007	713	0.7080436941410129
GSM6339601	TCATAACCAGTTATCG-1	17105	13589	0.7944460684010524
GSM6339601	TCATAACCATTGTTGG-1	18242	13989	0.7668567043087381
GSM6339601	TCATACTTCAAGCTTA-1	8064	5396	0.6691468253968254
GSM6339601	TCATACTTCCAAACAC-1	5872	3313	0.5642029972752044
GSM6339601	TCATACTTCCACAATA-1	1583	837	0.5287428932406822
GSM6339601	TCATACTTCGTCCTTA-1	6902	3815	0.552738336713996
GSM6339601	TCATCCATCAATTACG-1	1429	733	0.5129461161651504
GSM6339601	TCATCCATCCTAACGG-1	1192	848	0.7114093959731543
GSM6339601	TCATCCATCCTGATGG-1	877	626	0.7137970353477765
GSM6339601	TCATCCATCGCACACA-1	1338	726	0.5426008968609866
GSM6339601	TCATGAGGTACCGGAT-1	24700	21727	0.8796356275303644
GSM6339601	TCATGAGGTCAAAGAA-1	3459	7018	2.0289100896212777
GSM6339601	TCATGAGGTCACAGCG-1	5394	3113	0.5771227289581016
GSM6339601	TCATGAGGTCGAAGTC-1	3614	2125	0.5879911455451023
GSM6339601	TCATGAGGTCGACTAA-1	18013	14408	0.7998667628934658
GSM6339601	TCATGAGGTGAATCGC-1	24999	23777	0.9511180447217888
GSM6339601	TCATGAGGTGCTGTAA-1	8266	4611	0.5578272441325913
GSM6339601	TCATGAGGTGGGTGAA-1	10568	5641	0.5337812263436791
GSM6339601	TCATGAGGTTAACAGT-1	5050	2806	0.5556435643564357
GSM6339601	TCATGAGGTTCTTTAG-1	16839	11842	0.7032484114258566
GSM6339601	TCATGCCTCCCTGATC-1	13870	7957	0.5736842105263158
GSM6339601	TCATGCCTCCGTGACA-1	8046	5805	0.7214765100671141
GSM6339601	TCATGCCTCGACCTGA-1	3345	1877	0.561136023916293
GSM6339601	TCATGCCTCTTGTCTG-1	3250	1888	0.5809230769230769
GSM6339601	TCATGCCTCTTTGTAC-1	5175	3434	0.6635748792270532
GSM6339601	TCATGTTTCAATGTCA-1	5482	3512	0.6406421014228384
GSM6339601	TCATGTTTCGAAGTAG-1	5467	3090	0.5652094384488751
GSM6339601	TCATGTTTCGACAAAG-1	15519	10234	0.6594497068110059
GSM6339601	TCATGTTTCTAGCTTT-1	7995	5159	0.6452782989368355
GSM6339601	TCATGTTTCTCAATAG-1	3672	2349	0.6397058823529411
GSM6339601	TCATTACTCGCATTAA-1	1090	541	0.4963302752293578
GSM6339601	TCATTACTCTAACCAA-1	2455	1631	0.6643584521384929
GSM6339601	TCATTGCGTACGATTG-1	840	367	0.4369047619047619
GSM6339601	TCATTGCGTGCACGCA-1	16913	11701	0.6918346833796488
GSM6339601	TCATTGCGTTAGCGTA-1	8056	4444	0.5516385302879842
GSM6339601	TCATTGCGTTGGATCA-1	1012	544	0.5375494071146245
GSM6339601	TCATTGCGTTTAAAGC-1	19936	16636	0.834470304975923
GSM6339601	TCATTGTTCATGTTTC-1	10526	7726	0.7339920197605928
GSM6339601	TCATTGTTCCAATTAG-1	11277	6946	0.6159439567260796
GSM6339601	TCATTGTTCCGCCAAA-1	11251	9183	0.8161941160785708
GSM6339601	TCATTGTTCCTCGATC-1	5757	3127	0.5431648428000695
GSM6339601	TCATTGTTCGCTATGG-1	3148	2041	0.6483481575603558
GSM6339601	TCATTGTTCGTTAGCG-1	5599	3165	0.565279514198964
GSM6339601	TCATTGTTCTTCAATC-1	15038	9652	0.6418406703019018
GSM6339601	TCATTTGGTAAACAAG-1	1339	777	0.5802837938760269
GSM6339601	TCATTTGGTAGGTTAT-1	17060	12624	0.7399765533411489
GSM6339601	TCATTTGGTCGCATAA-1	404	194	0.4801980198019802
GSM6339601	TCATTTGGTGAGAAAC-1	418	215	0.5143540669856459
GSM6339601	TCATTTGGTGAGGTAG-1	4712	2618	0.5556027164685908
GSM6339601	TCATTTGGTGAGGTGA-1	22904	19235	0.8398096402375131
GSM6339601	TCATTTGGTGATCAGC-1	18138	13000	0.7167273128239056
GSM6339601	TCATTTGGTGGAGCAA-1	5439	2718	0.4997242140099283
GSM6339601	TCATTTGGTTGTGACA-1	1015	473	0.4660098522167488
GSM6339601	TCATTTGGTTGTTGCT-1	5919	3675	0.6208819057273188
GSM6339601	TCCACAACACAGGGAC-1	6162	4298	0.6975008114248621
GSM6339601	TCCACAACAGAACCGA-1	7009	4098	0.5846768440576402
GSM6339601	TCCACAACAGCCTTGG-1	10940	9665	0.8834552102376599
GSM6339601	TCCACAACAGGCTAAG-1	2558	2832	1.1071149335418295
GSM6339601	TCCACAACAGTTTGTG-1	22382	21210	0.9476364936109374
GSM6339601	TCCACAACATTATGCG-1	1933	1223	0.6326952922917745
GSM6339601	TCCAGCAAGCATGAAG-1	9009	5567	0.6179376179376179
GSM6339601	TCCAGCAAGCCTGGTA-1	19381	17672	0.9118208554770135
GSM6339601	TCCAGCAAGCTACTGG-1	2432	1421	0.5842927631578947
GSM6339601	TCCAGCAAGCTGCACA-1	7856	4495	0.5721741344195519
GSM6339601	TCCAGCAAGGACCAGG-1	646	304	0.47058823529411764
GSM6339601	TCCAGCAAGTGAACGA-1	4984	3250	0.6520866773675762
GSM6339601	TCCAGGATCATGAGCT-1	517	287	0.5551257253384912
GSM6339601	TCCAGGATCGATATTG-1	11126	6928	0.6226856012942656
GSM6339601	TCCAGGTCAGAAATTG-1	24339	17029	0.6996589835243847
GSM6339601	TCCAGGTCAGGAATCG-1	11318	6975	0.6162749602403251
GSM6339601	TCCAGGTCATCATGGC-1	16835	15830	0.9403029403029403
GSM6339601	TCCATAAAGAGGAAGG-1	4138	3035	0.7334461092315128
GSM6339601	TCCATAAAGCATGTTA-1	19175	15306	0.7982268578878748
GSM6339601	TCCATATTCATGCTCC-1	5618	2780	0.49483802064791743
GSM6339601	TCCATATTCGCTAAGT-1	19638	12376	0.6302067420307567
GSM6339601	TCCATATTCTAATCCT-1	3657	2790	0.7629204265791633
GSM6339601	TCCATATTCTTAATGG-1	15324	8356	0.5452884364395719
GSM6339601	TCCATCATCATAATCG-1	20380	18337	0.8997546614327773
GSM6339601	TCCATCATCGATATTG-1	2512	2033	0.8093152866242038
GSM6339601	TCCATCATCGCTCACT-1	7321	4240	0.579155853025543
GSM6339601	TCCATCATCTTAGTCT-1	11975	7054	0.5890605427974948
GSM6339601	TCCATGCTCATGAGCT-1	1415	1019	0.7201413427561838
GSM6339601	TCCATGCTCGAGGAGT-1	20183	15809	0.7832829609076946
GSM6339601	TCCATTGTCAACCAAC-1	6888	4948	0.7183507549361208
GSM6339601	TCCATTGTCAAGTGAG-1	13021	8460	0.6497196835880501
GSM6339601	TCCATTGTCACAGGAA-1	18400	11951	0.6495108695652174
GSM6339601	TCCATTGTCACCATTT-1	5465	3502	0.6408051235132662
GSM6339601	TCCATTGTCCGCAACA-1	1602	1083	0.6760299625468165
GSM6339601	TCCATTGTCCTTAATC-1	937	421	0.44930629669156885
GSM6339601	TCCATTGTCGCACAAT-1	5466	4449	0.813940724478595
GSM6339601	TCCATTGTCGCTATAA-1	14176	9356	0.6599887133182845
GSM6339601	TCCATTGTCTATTGTC-1	2822	2001	0.7090715804394047
GSM6339601	TCCCGGACAAACTAAG-1	4684	2994	0.639197267292912
GSM6339601	TCCCGGACAACAGGAT-1	18394	12555	0.6825595302816135
GSM6339601	TCCCGGACAACTAGCC-1	10873	7417	0.6821484410926147
GSM6339601	TCCCGGACACTCAACA-1	23704	20351	0.8585470806614918
GSM6339601	TCCCGGACATCACTTC-1	15090	11166	0.7399602385685885
GSM6339601	TCCCGGACATTGCAGC-1	13865	10445	0.7533357374684457
GSM6339601	TCCCGTTAGAAAGGAA-1	5354	3288	0.6141202838998879
GSM6339601	TCCCGTTAGCACTAGT-1	14322	10180	0.7107945817623237
GSM6339601	TCCCGTTAGTCCTGAG-1	1106	643	0.581374321880651
GSM6339601	TCCCGTTAGTGCTGTG-1	4129	2094	0.5071445870670864
GSM6339601	TCCCTCACAATAACCT-1	997	735	0.7372116349047142
GSM6339601	TCCCTCACAATAATGG-1	12942	9422	0.7280173079894916
GSM6339601	TCCCTCACACTCAACA-1	8093	4847	0.5989126405535649
GSM6339601	TCCCTCACAGACAAAC-1	11839	7603	0.6421995100937579
GSM6339601	TCCCTCACAGCTCATA-1	7805	5340	0.6841768097373478
GSM6339601	TCCCTCACAGTATGTT-1	1776	993	0.5591216216216216
GSM6339601	TCCCTCACATGAATAG-1	20084	19032	0.9476199960167297
GSM6339601	TCCCTGGTCAAACACC-1	616	347	0.5633116883116883
GSM6339601	TCCCTGGTCACAGGAA-1	15727	13997	0.8899980924524703
GSM6339601	TCCCTGGTCACCGGTA-1	5793	3469	0.5988261695149318
GSM6339601	TCCCTGGTCCAAATCA-1	6132	3275	0.5340834964122635
GSM6339601	TCCCTGGTCTGCAAGT-1	8384	5984	0.7137404580152672
GSM6339601	TCCGCCATCAAGCGCC-1	9357	6023	0.6436892166292615
GSM6339601	TCCGCCATCAGGAACA-1	7993	4837	0.6051545101964219
GSM6339601	TCCGCCATCCCGAAGC-1	7427	4798	0.6460212737309815
GSM6339601	TCCGCCATCGCCTAAG-1	9083	5284	0.5817461191236376
GSM6339601	TCCGCCATCGGCCATA-1	15095	10242	0.6785028155018218
GSM6339601	TCCGCCATCGGTTAGT-1	1692	1175	0.6944444444444444
GSM6339601	TCCGCCATCGTTCACC-1	2967	2163	0.7290192113245703
GSM6339601	TCCGCCATCTCTAGCC-1	14197	9928	0.6993026695780798
GSM6339601	TCCGGAATCATGGCCA-1	533	386	0.724202626641651
GSM6339601	TCCGGAATCTTAGCGG-1	8504	5224	0.6142991533396049
GSM6339601	TCCGGTAAGCGAGTAA-1	2082	1793	0.8611911623439001
GSM6339601	TCCGGTAAGCTAATTG-1	4322	3061	0.7082369273484498
GSM6339601	TCCGGTAAGCTATGAC-1	18906	14546	0.7693853803025494
GSM6339601	TCCGGTAAGGCTTAGT-1	5632	4525	0.8034446022727273
GSM6339601	TCCGGTAAGTACTGGT-1	652	431	0.661042944785276
GSM6339601	TCCGGTAAGTCCTGAG-1	793	697	0.8789407313997478
GSM6339601	TCCGGTAAGTGGCGGA-1	6883	4476	0.650297835246259
GSM6339601	TCCGGTTTCAGCCAAT-1	15101	10438	0.6912125024832793
GSM6339601	TCCGGTTTCAGGATGA-1	25513	23191	0.9089875749617842
GSM6339601	TCCGGTTTCCTGGCTT-1	3580	2364	0.6603351955307263
GSM6339601	TCCGGTTTCGGTCATG-1	4820	5585	1.1587136929460582
GSM6339601	TCCGGTTTCGTTTCCA-1	4796	3289	0.6857798165137615
GSM6339601	TCCGGTTTCTTAGCGG-1	9517	6821	0.7167174529788799
GSM6339601	TCCTAGTGTAGCTAGC-1	3927	2546	0.648332060096766
GSM6339601	TCCTAGTGTCAACAAT-1	9075	4874	0.5370798898071625
GSM6339601	TCCTAGTGTGACATGC-1	7787	4501	0.5780146397842558
GSM6339601	TCCTAGTGTGCAACTA-1	5540	2723	0.4915162454873646
GSM6339601	TCCTAGTGTGCTAGCG-1	7358	4256	0.5784180483827127
GSM6339601	TCCTCAATCACTTTAC-1	1247	888	0.7121090617481957
GSM6339601	TCCTCAATCAGCACGC-1	1296	651	0.5023148148148148
GSM6339601	TCCTCAATCCTTAATC-1	379	232	0.6121372031662269
GSM6339601	TCCTCAATCGCAATCG-1	7871	4269	0.5423707279888197
GSM6339601	TCCTCAATCTGGCATG-1	3242	2602	0.8025909932140654
GSM6339601	TCCTCACAGGATGATG-1	11270	7450	0.6610470275066548
GSM6339601	TCCTCACAGGTTAGCT-1	6114	3455	0.565096499836441
GSM6339601	TCCTCTAAGGTCGAGG-1	7730	4257	0.5507115135834412
GSM6339601	TCCTCTAAGTCACCAG-1	3297	2724	0.8262056414922657
GSM6339601	TCCTGGTTCGATAACC-1	6925	3982	0.5750180505415162
GSM6339601	TCCTGGTTCTTAAGTG-1	1293	574	0.4439288476411446
GSM6339601	TCCTGTTCAAGATTCT-1	20222	16386	0.8103056077539313
GSM6339601	TCCTGTTCAAGCCAGA-1	5779	2883	0.4988752379304378
GSM6339601	TCCTGTTCACAGGAAT-1	19977	17192	0.8605896781298493
GSM6339601	TCCTGTTCACAGGGAC-1	11685	9066	0.7758664955070603
GSM6339601	TCCTGTTCATGCTATG-1	13213	9565	0.7239082721562098
GSM6339601	TCCTTAGTCAATGACC-1	21686	16392	0.7558793691782717
GSM6339601	TCCTTAGTCAGGGCCT-1	17431	11067	0.6349033331421031
GSM6339601	TCCTTAGTCCTGGTGA-1	4191	3087	0.7365783822476736
GSM6339601	TCCTTAGTCTCAATTC-1	10154	5762	0.5674610990742565
GSM6339601	TCCTTCAAGATGCCTG-1	21047	15709	0.7463771558892004
GSM6339601	TCCTTCAAGTTATTCC-1	2865	1891	0.6600349040139616
GSM6339601	TCCTTGCAGAATGACG-1	903	610	0.6755260243632336
GSM6339601	TCCTTGCAGCACTTGG-1	13936	9570	0.6867106773823192
GSM6339601	TCCTTGCAGCTATGAC-1	10646	7322	0.6877700544805561
GSM6339601	TCCTTGCAGTGTTGTA-1	3584	2215	0.6180245535714286
GSM6339601	TCCTTGCAGTTAGTTG-1	2174	1239	0.5699172033118676
GSM6339601	TCCTTTACAGTCTAGC-1	7806	4415	0.5655905713553676
GSM6339601	TCCTTTACAGTTGCGT-1	432	282	0.6527777777777778
GSM6339601	TCCTTTACATCGCTTT-1	9553	5478	0.573432429603266
GSM6339601	TCGACAAGTGCTCCAC-1	6153	3155	0.512758004225581
GSM6339601	TCGACAAGTGTGTGGT-1	3064	1511	0.4931462140992167
GSM6339601	TCGACAAGTTAAGGTT-1	19881	18036	0.9071978270710729
GSM6339601	TCGACAAGTTAGCATG-1	17603	12690	0.7208998466170539
GSM6339601	TCGACAAGTTGCCTCA-1	2085	1034	0.49592326139088727
GSM6339601	TCGATTAAGAAGGTGC-1	5767	2689	0.4662736258019768
GSM6339601	TCGATTAAGCTTTGTT-1	12112	7880	0.6505944517833554
GSM6339601	TCGATTAAGTACCGCA-1	2163	1532	0.7082755432269995
GSM6339601	TCGATTAAGTGAACAG-1	2071	1130	0.5456301303718011
GSM6339601	TCGCATTGTAACCACA-1	17251	13211	0.7658106776418758
GSM6339601	TCGCATTGTACGATTG-1	1032	619	0.5998062015503876
GSM6339601	TCGCATTGTCAAAGGG-1	2704	1776	0.6568047337278107
GSM6339601	TCGCATTGTCATCCTG-1	13386	8237	0.6153443896608397
GSM6339601	TCGCATTGTCCTTCAG-1	9216	5199	0.5641276041666666
GSM6339601	TCGCATTGTCGTTACT-1	642	419	0.6526479750778816
GSM6339601	TCGCATTGTGAATCGC-1	5030	2652	0.5272365805168986
GSM6339601	TCGCATTGTGATGAGG-1	25564	20758	0.8120012517602879
GSM6339601	TCGCATTGTGCGCAAT-1	5476	3198	0.5840029218407596
GSM6339601	TCGCATTGTTCGGGAT-1	868	445	0.5126728110599078
GSM6339601	TCGCATTGTTGTTGTC-1	7516	4120	0.5481639169771155
GSM6339601	TCGCCCATCCTGAGTG-1	6199	3976	0.6413937731892241
GSM6339601	TCGCCCATCGCTCACT-1	12269	9111	0.7426033091531502
GSM6339601	TCGCCCATCTAATCTC-1	8197	6265	0.7643040136635354
GSM6339601	TCGCCCATCTGCAAGT-1	2284	1210	0.5297723292469352
GSM6339601	TCGCGAGGTAGGTGTC-1	2629	1889	0.7185241536705972
GSM6339601	TCGCGAGGTCATGCCC-1	4484	1508	0.33630686886708294
GSM6339601	TCGCGAGGTGATCAGC-1	18391	12563	0.6831058670001631
GSM6339601	TCGCGAGGTTTAGCGA-1	1358	745	0.5486008836524301
GSM6339601	TCGCGCACAGCTACGT-1	1712	1189	0.6945093457943925
GSM6339601	TCGCGCACAGGACCAA-1	6624	3666	0.5534420289855072
GSM6339601	TCGCGCACAGTAGGAT-1	3569	1990	0.5575791538246008
GSM6339601	TCGCGCACATTGTGGC-1	8790	5828	0.6630261660978385
GSM6339601	TCGCTAACACACCAAC-1	4979	3332	0.6692106848764813
GSM6339601	TCGCTAACACTGACTA-1	12611	7772	0.6162873681706447
GSM6339601	TCGCTAACATAAGTCT-1	5489	2924	0.532701767170705
GSM6339601	TCGGTAAGTAACCACA-1	19092	17421	0.9124764299182904
GSM6339601	TCGGTAAGTACCGAAC-1	5987	3590	0.599632537163855
GSM6339601	TCGGTAAGTCATCATC-1	7600	4345	0.5717105263157894
GSM6339601	TCGGTAAGTCCTTAGT-1	13170	9592	0.7283219438116932
GSM6339601	TCGGTAAGTGCCGCAA-1	10363	5156	0.49753932258998357
GSM6339601	TCGGTAAGTTCCTGAT-1	21065	20457	0.9711369570377403
GSM6339601	TCGGTAAGTTGACTTC-1	3930	2805	0.7137404580152672
GSM6339601	TCGGTTACAACAGCCT-1	2576	1842	0.7150621118012422
GSM6339601	TCGGTTACAATGCCTA-1	3253	2214	0.6806025207500769
GSM6339601	TCGGTTACACCTAATG-1	12216	7773	0.6362966601178782
GSM6339601	TCGGTTACACTCGCTC-1	6674	3606	0.5403056637698531
GSM6339601	TCGGTTACAGTACCGT-1	26696	20579	0.7708645489961042
GSM6339601	TCGGTTACATAGCGGA-1	2568	1428	0.5560747663551402
GSM6339601	TCGGTTCTCACAGACT-1	19180	10922	0.5694473409801877
GSM6339601	TCGGTTCTCATGTTTC-1	21002	15159	0.7217884011046567
GSM6339601	TCGGTTCTCATTTGTC-1	3497	2366	0.6765799256505576
GSM6339601	TCGGTTCTCGCTAGCA-1	9806	6623	0.6754028146033041
GSM6339601	TCGGTTTGTAAAGCGG-1	11058	7305	0.660607704829083
GSM6339601	TCGGTTTGTATCTGGA-1	7056	4591	0.6506519274376418
GSM6339601	TCGGTTTGTCAAAGGG-1	10151	7167	0.7060388139099596
GSM6339601	TCGTAATCAATAGTCT-1	13088	8600	0.6570904645476773
GSM6339601	TCGTAATCAATGAGGT-1	13916	11750	0.8443518252371371
GSM6339601	TCGTAATCACATAACT-1	7105	5310	0.7473610133708656
GSM6339601	TCGTAATCACCTAATG-1	19884	15616	0.7853550593441964
GSM6339601	TCGTAATCATTAGGCC-1	19995	16333	0.8168542135533884
GSM6339601	TCGTCAACAGCTTACA-1	716	538	0.7513966480446927
GSM6339601	TCGTGCTTCAGCAAGA-1	10617	5857	0.5516624281812188
GSM6339601	TCGTGCTTCAGGTTTA-1	18756	10677	0.5692578374920025
GSM6339601	TCGTGCTTCTCCATAT-1	2956	2111	0.7141407307171854
GSM6339601	TCGTTAAAGACAAGTG-1	4683	2502	0.5342729019859065
GSM6339601	TCGTTAAAGACTAAGG-1	7600	6221	0.8185526315789474
GSM6339601	TCGTTAAAGCTCAAAC-1	3868	3285	0.8492761116856257
GSM6339601	TCGTTAAAGGCGCTTA-1	3103	2277	0.7338059941991621
GSM6339601	TCGTTAAAGGGCCACT-1	7209	4116	0.5709529754473575
GSM6339601	TCGTTAAAGTAAGGGC-1	1245	841	0.6755020080321286
GSM6339601	TCGTTACGTCAATAGT-1	10108	7083	0.7007320933913732
GSM6339601	TCGTTACGTGATGAGG-1	15590	12013	0.7705580500320719
GSM6339601	TCGTTACGTGCATCGG-1	4205	3299	0.7845422116527943
GSM6339601	TCGTTACGTTGTAACG-1	607	309	0.5090609555189456
GSM6339601	TCGTTACGTTTGGGTA-1	9075	6302	0.694435261707989
GSM6339601	TCGTTAGCAGCACCAT-1	7203	3395	0.4713313896987366
GSM6339601	TCGTTAGCAGTAGGAT-1	14605	8274	0.566518315645327
GSM6339601	TCGTTAGCATATAACC-1	18802	15721	0.8361344537815126
GSM6339601	TCGTTATTCACCAATA-1	13090	8076	0.6169595110771582
GSM6339601	TCGTTATTCATCCTCA-1	6684	4172	0.6241771394374626
GSM6339601	TCGTTATTCCGTGACA-1	14596	10456	0.716360646752535
GSM6339601	TCGTTATTCGCTAAAC-1	26311	21739	0.8262323742921212
GSM6339601	TCGTTATTCTAATCTC-1	9381	4874	0.5195608144121096
GSM6339601	TCGTTTCCAAGACTCC-1	12200	9103	0.7461475409836066
GSM6339601	TCGTTTCCACGGTACT-1	2584	2310	0.8939628482972136
GSM6339601	TCGTTTCCAGAAACGT-1	12017	7257	0.6038944828160107
GSM6339601	TCGTTTCCAGGAACAT-1	740	514	0.6945945945945946
GSM6339601	TCGTTTCCAGTTTACG-1	8695	4918	0.5656124209315698
GSM6339601	TCGTTTCCATCGTTCT-1	13470	9885	0.7338530066815144
GSM6339601	TCTAACCGTCAATGTG-1	3602	1984	0.5508051082731815
GSM6339601	TCTAACTTCACAGGAA-1	17651	14672	0.8312276924820123
GSM6339601	TCTAACTTCAGCCAAT-1	17164	11825	0.688941971568399
GSM6339601	TCTAACTTCCATAATG-1	9660	5380	0.556935817805383
GSM6339601	TCTAACTTCCCGTTGT-1	2354	1259	0.5348343245539507
GSM6339601	TCTAACTTCGATATTG-1	3354	1821	0.5429338103756708
GSM6339601	TCTAACTTCTAGCTTT-1	19449	17709	0.9105352460280735
GSM6339601	TCTAACTTCTGGCAAT-1	1354	934	0.689807976366322
GSM6339601	TCTAAGGGTAGCCTAA-1	468	257	0.5491452991452992
GSM6339601	TCTAAGGGTCATAGAT-1	10733	7297	0.6798658343426814
GSM6339601	TCTAAGGGTCCTAAGA-1	2545	1310	0.5147347740667977
GSM6339601	TCTAAGGGTTATAGCG-1	18910	14210	0.7514542570068746
GSM6339601	TCTAAGGGTTTAACGG-1	3612	2741	0.758859357696567
GSM6339601	TCTAATCTCAGGATGA-1	9675	7176	0.7417054263565891
GSM6339601	TCTAATCTCATTCATC-1	9544	4993	0.5231559094719195
GSM6339601	TCTAATCTCTAAGTCA-1	13663	10975	0.8032642904193809
GSM6339601	TCTAATCTCTGTAATG-1	7076	4975	0.7030808366308648
GSM6339601	TCTACCTCAAACCTTG-1	9201	6230	0.6771003151831323
GSM6339601	TCTACCTCAACACCTA-1	8861	5437	0.6135876311928676
GSM6339601	TCTACCTCAAGACTCC-1	12637	9816	0.7767666376513414
GSM6339601	TCTACCTCAAGCTACC-1	9531	5843	0.6130521456300493
GSM6339601	TCTACCTCAATTGAAG-1	9768	5792	0.592956592956593
GSM6339601	TCTACCTCACAAGCCT-1	3525	1924	0.5458156028368795
GSM6339601	TCTACCTCAGATAGAC-1	9568	5840	0.6103678929765887
GSM6339601	TCTACCTCATAAGTCT-1	18687	14342	0.767485417670038
GSM6339601	TCTACTAGTCAAGACC-1	7821	5855	0.7486254954609385
GSM6339601	TCTACTAGTCCGTAGG-1	889	658	0.7401574803149606
GSM6339601	TCTACTAGTTGTTGGA-1	1791	880	0.49134561697375767
GSM6339601	TCTAGCACAAACATAG-1	2814	1690	0.6005685856432125
GSM6339601	TCTAGCACAAGGACCA-1	9202	7369	0.8008041730058683
GSM6339601	TCTAGCACAATGAATG-1	8280	5043	0.6090579710144928
GSM6339601	TCTAGCACAATTAACC-1	4901	2996	0.6113038155478474
GSM6339601	TCTAGCACACAAAGAC-1	10925	7834	0.7170709382151029
GSM6339601	TCTAGCACACCTCAGG-1	14213	11397	0.8018715260676845
GSM6339601	TCTAGCACATTGCGGT-1	1033	702	0.6795740561471443
GSM6339601	TCTAGCCTCAATGAGG-1	550	285	0.5181818181818182
GSM6339601	TCTAGCCTCAGCAAAG-1	13501	8164	0.6046959484482631
GSM6339601	TCTAGCCTCATTTAGG-1	1395	927	0.6645161290322581
GSM6339601	TCTAGCCTCCCGTTGT-1	3759	2247	0.5977653631284916
GSM6339601	TCTAGCCTCCGTAAAC-1	1540	1203	0.7811688311688312
GSM6339601	TCTAGCCTCCTAGTAA-1	2018	1097	0.543607532210109
GSM6339601	TCTAGCCTCGTACCGA-1	795	461	0.579874213836478
GSM6339601	TCTAGCCTCGTGCCTT-1	9164	6029	0.657900480139677
GSM6339601	TCTAGCGAGCTAAGTC-1	6673	3412	0.511314251461112
GSM6339601	TCTAGCGAGGCGCATC-1	3054	1649	0.5399476096922069
GSM6339601	TCTAGCGAGTGAGCGG-1	8001	5291	0.6612923384576928
GSM6339601	TCTATGTTCAGGGCCT-1	6382	3977	0.6231588843622689
GSM6339601	TCTATGTTCATCCTAT-1	3262	1917	0.5876762722256285
GSM6339601	TCTATGTTCCCTCAAC-1	9131	6034	0.660825758405432
GSM6339601	TCTATGTTCCTCATGC-1	6568	5498	0.837088915956151
GSM6339601	TCTATGTTCGCGCTAA-1	4783	2630	0.5498641020280159
GSM6339601	TCTATGTTCTATCGCC-1	1728	1201	0.6950231481481481
GSM6339601	TCTATGTTCTCACACC-1	7904	5338	0.6753542510121457
GSM6339601	TCTCAAGCAAAGCTAA-1	1458	938	0.6433470507544582
GSM6339601	TCTCAAGCAAGTGAAC-1	6086	4033	0.6626684193230364
GSM6339601	TCTCAAGCAGGAAGCC-1	11396	6288	0.5517725517725518
GSM6339601	TCTCAAGCATAAGTTC-1	3824	2198	0.5747907949790795
GSM6339601	TCTCAATTCAGTATTG-1	4716	3467	0.7351569126378287
GSM6339601	TCTCAATTCATAACGC-1	4772	3181	0.6665968147527243
GSM6339601	TCTCAATTCATGCATA-1	16898	11272	0.6670611906734525
GSM6339601	TCTCAATTCATTTGTC-1	4981	2569	0.5157598875727766
GSM6339601	TCTCAATTCGGGATTT-1	3023	1689	0.558716506781343
GSM6339601	TCTCAATTCTCCTCAA-1	12244	8857	0.723374714145704
GSM6339601	TCTCAATTCTGTTGCC-1	8229	4627	0.5622797423745292
GSM6339601	TCTCAATTCTTACTCG-1	2448	1641	0.6703431372549019
GSM6339601	TCTCACCAGAAGGTGC-1	20610	15448	0.7495390587093644
GSM6339601	TCTCACCAGATGGAGC-1	10747	6814	0.6340374057876617
GSM6339601	TCTCACCAGCCTGTGA-1	5138	2926	0.5694822888283378
GSM6339601	TCTCACCAGCTACTGG-1	2508	1279	0.5099681020733652
GSM6339601	TCTCACCAGCTCCTAC-1	10794	6657	0.6167315175097277
GSM6339601	TCTCACCAGCTTATGA-1	3112	1974	0.634318766066838
GSM6339601	TCTCACCAGGAACCAA-1	11724	7311	0.6235926305015353
GSM6339601	TCTCCTCGTCATAGAT-1	3140	1587	0.5054140127388536
GSM6339601	TCTCCTCGTCCTCCAA-1	5701	3354	0.5883178389756183
GSM6339601	TCTCCTCGTTGTGACA-1	19985	11944	0.5976482361771328
GSM6339601	TCTCGCCCAAACTCAT-1	2116	1211	0.5723062381852552
GSM6339601	TCTCGCCCAAGGGTTG-1	11321	8277	0.7311191590848864
GSM6339601	TCTCGCCCACAGGAAT-1	393	266	0.6768447837150128
GSM6339601	TCTCGCCCAGATAGAC-1	13402	10892	0.8127145202208625
GSM6339601	TCTGGCTTCACAGCGC-1	5714	2668	0.46692334616730835
GSM6339601	TCTGGCTTCACTAATG-1	10388	6360	0.6122448979591837
GSM6339601	TCTGGCTTCAGCACGC-1	26626	18045	0.6777210245624578
GSM6339601	TCTGGCTTCATCACTT-1	4859	2583	0.5315908623173492
GSM6339601	TCTGGCTTCCCTGGAA-1	3658	1853	0.5065609622744669
GSM6339601	TCTGGCTTCGGCCATA-1	12282	6925	0.5638332519133692
GSM6339601	TCTGGCTTCTTAGTCT-1	9289	5365	0.5775648616643342
GSM6339601	TCTGTGACACATGCTA-1	22870	14401	0.629689549628334
GSM6339601	TCTGTGACACTAAGCC-1	8448	5933	0.7022964015151515
GSM6339601	TCTGTGACATAGGCGA-1	11965	7758	0.6483911408274133
GSM6339601	TCTTAGCGTAGTTACG-1	1022	698	0.6829745596868885
GSM6339601	TCTTAGCGTGCTAGCG-1	11782	8493	0.7208453573247326
GSM6339601	TCTTAGCGTTCAAGCA-1	16998	11654	0.6856100717731498
GSM6339601	TCTTAGCGTTGGATAT-1	3588	2454	0.6839464882943144
GSM6339601	TCTTAGTTCATGCAAC-1	13213	8220	0.6221145841216983
GSM6339601	TCTTAGTTCATGCGTG-1	11023	7489	0.6793976231515921
GSM6339601	TCTTAGTTCCTAATTC-1	6096	4443	0.7288385826771654
GSM6339601	TCTTAGTTCGCAATCG-1	21778	15387	0.7065387087886859
GSM6339601	TCTTAGTTCGGTTCCT-1	3784	2004	0.5295983086680761
GSM6339601	TCTTCAAGTACTTCAC-1	16363	12411	0.758479496424861
GSM6339601	TCTTCAAGTCCTTCTC-1	17900	12511	0.6989385474860336
GSM6339601	TCTTCAAGTCTAACCT-1	8275	5429	0.65607250755287
GSM6339601	TCTTCAAGTCTTACTA-1	12052	9114	0.7562230335214072
GSM6339601	TCTTCAAGTGTTTCAC-1	14174	10835	0.764427825596162
GSM6339601	TCTTCAAGTTACCGGG-1	6216	3524	0.5669240669240669
GSM6339601	TCTTCAAGTTCGGGAT-1	1637	1212	0.7403787416004887
GSM6339601	TCTTCAAGTTTACTTG-1	18735	14562	0.7772618094475581
GSM6339601	TCTTGACGTAGGTTTG-1	17883	12363	0.6913269585639993
GSM6339601	TCTTGACGTCACCTAT-1	9190	5352	0.5823721436343852
GSM6339601	TCTTGACGTCGCAAAC-1	19261	17866	0.9275738539016666
GSM6339601	TCTTGACGTGTTGTAG-1	25772	17275	0.6703011019711315
GSM6339601	TCTTGTCCAGCTTACA-1	11202	7454	0.6654168898410998
GSM6339601	TCTTGTCCAGGGAGCT-1	19878	13351	0.6716470469866184
GSM6339601	TCTTGTCCATATAACC-1	5756	3225	0.5602849200833913
GSM6339601	TCTTTGTAGTTGTCTT-1	3449	2122	0.6152507973325602
GSM6339601	TGAAACTGTCAAGTAT-1	17341	13795	0.7955135228648866
GSM6339601	TGAAACTGTGAACAAA-1	18283	12417	0.6791554996444785
GSM6339601	TGAAACTGTTTAACCC-1	5616	3389	0.603454415954416
GSM6339601	TGAACAACAATAAGCA-1	17571	11984	0.6820328951112629
GSM6339601	TGAACAACAGTAATAG-1	6275	4154	0.66199203187251
GSM6339601	TGAACAACATGGTTAT-1	5145	2765	0.5374149659863946
GSM6339601	TGAACAACATTCCTGT-1	1870	1134	0.6064171122994653
GSM6339601	TGAACAGAGCACGATT-1	4540	2251	0.49581497797356827
GSM6339601	TGAACAGAGGGACGCA-1	21140	13732	0.6495742667928098
GSM6339601	TGAACAGAGTCACCAG-1	1754	1072	0.6111744583808438
GSM6339601	TGAAGCAAGAATGACG-1	8602	4481	0.5209253661939084
GSM6339601	TGAAGCAAGCGAGCGA-1	18378	16914	0.92033953640222
GSM6339601	TGAAGCAAGGACTTAC-1	20269	16630	0.8204647491242785
GSM6339601	TGAAGCAAGGCCATCA-1	5466	3180	0.5817782656421515
GSM6339601	TGAAGCAAGGCGCATC-1	2585	1215	0.4700193423597679
GSM6339601	TGAAGGATCAATGTGC-1	16293	11303	0.6937335051862763
GSM6339601	TGAAGGATCACCATTT-1	842	534	0.6342042755344418
GSM6339601	TGAAGGATCATGCTTT-1	6626	3652	0.5511620887413221
GSM6339601	TGAAGGATCATTTGCT-1	2046	1515	0.7404692082111437
GSM6339601	TGAAGGATCCTAATGA-1	22093	19182	0.8682388086724302
GSM6339601	TGAAGGATCTGTTGCC-1	7916	4832	0.6104092976250631
GSM6339601	TGAAGTGAGGAAACTG-1	541	357	0.6598890942698706
GSM6339601	TGAAGTGAGTGCTGTG-1	1814	1171	0.6455347298787211
GSM6339601	TGACCAAGTATTGTGG-1	6715	3556	0.5295606850335071
GSM6339601	TGACCAAGTGGGTACT-1	25404	16356	0.6438356164383562
GSM6339601	TGACCAAGTTAAGCGC-1	17401	13769	0.7912763634273893
GSM6339601	TGACCTTGTAAGCTCA-1	1878	1307	0.6959531416400426
GSM6339601	TGACCTTGTCAATAGT-1	2027	1372	0.6768623581647756
GSM6339601	TGACCTTGTCACACCC-1	4217	3212	0.7616789186625563
GSM6339601	TGACCTTGTGTCCTGC-1	20434	19379	0.9483703631202897
GSM6339601	TGACCTTGTGTTTGTC-1	12881	9124	0.7083300985948296
GSM6339601	TGACCTTGTTCAAGAT-1	4774	2603	0.545245077503142
GSM6339601	TGACCTTGTTCCTGTG-1	26022	20172	0.7751902236569057
GSM6339601	TGACCTTGTTGGCGTG-1	22455	12599	0.5610777109775106
GSM6339601	TGACTCCTCAGGAAGC-1	410	274	0.6682926829268293
GSM6339601	TGACTCCTCCAGGTCA-1	9563	7329	0.7663912998013176
GSM6339601	TGACTCCTCCCGTTAC-1	12779	9143	0.7154706941075202
GSM6339601	TGACTCCTCGGCTATG-1	10233	5491	0.5365972832991303
GSM6339601	TGACTCCTCTAATCTC-1	10571	6903	0.6530129599848643
GSM6339601	TGACTCCTCTCCTCTT-1	10621	6190	0.5828076452311458
GSM6339601	TGACTTAAGAGAGGCT-1	4188	2311	0.5518147086914995
GSM6339601	TGACTTAAGCTTAACA-1	12603	7788	0.6179481075934301
GSM6339601	TGACTTAAGGTAAGGC-1	845	562	0.6650887573964497
GSM6339601	TGACTTAAGTTTGCGG-1	20807	16882	0.8113615610131206
GSM6339601	TGACTTCGTATTGCAG-1	846	480	0.5673758865248227
GSM6339601	TGACTTCGTCCACAAA-1	1335	1324	0.9917602996254682
GSM6339601	TGACTTCGTGAAACAA-1	10319	5584	0.5411377071421649
GSM6339601	TGACTTCGTTTGTCTA-1	3836	1914	0.4989572471324296
GSM6339601	TGACTTCGTTTGTTGC-1	3262	1547	0.4742489270386266
GSM6339601	TGAGAACCAAACAACA-1	15803	10890	0.6891096627222679
GSM6339601	TGAGAACCAATCGCAC-1	22365	14356	0.6418958193606081
GSM6339601	TGAGAACCACTATGGC-1	4481	2599	0.5800044632894443
GSM6339601	TGAGAACCACTCGCTC-1	7859	4668	0.5939686983076727
GSM6339601	TGAGAACCACTTCACT-1	6357	3554	0.5590687431178228
GSM6339601	TGAGAACCAGAGGCTA-1	17779	16534	0.9299735643174531
GSM6339601	TGAGAACCATGGTTAT-1	8129	4472	0.5501291671792349
GSM6339601	TGAGAACCATGTTGTG-1	6093	3413	0.5601509929427212
GSM6339601	TGAGAACCATTGTGAT-1	7775	4617	0.5938263665594855
GSM6339601	TGAGCAAAGCAATAGG-1	2720	2066	0.7595588235294117
GSM6339601	TGAGCAAAGGAGGGTT-1	8211	4319	0.526001705029838
GSM6339601	TGAGCAAAGTCACTCC-1	10815	7844	0.725288950531669
GSM6339601	TGAGCACGTTCACTGT-1	8407	4903	0.5832044724634233
GSM6339601	TGAGCACGTTTAACGG-1	4674	2606	0.5575524176294394
GSM6339601	TGAGCACGTTTGAGCA-1	9620	5332	0.5542619542619542
GSM6339601	TGAGCCGGTAACCTAG-1	20837	15238	0.731295292028603
GSM6339601	TGAGCCGGTCCGGTTC-1	1606	797	0.4962640099626401
GSM6339601	TGAGCCGGTGACATAT-1	1062	684	0.6440677966101694
GSM6339601	TGAGCCGGTGTAATAC-1	4704	2196	0.46683673469387754
GSM6339601	TGAGCCGGTGTCACGG-1	7721	5765	0.7466649397746405
GSM6339601	TGAGCTTAGATGGACA-1	14253	9300	0.6524942117448959
GSM6339601	TGAGCTTAGCATTATG-1	11717	7101	0.6060425023470172
GSM6339601	TGAGCTTAGCCAGTAT-1	13241	9122	0.6889207763764066
GSM6339601	TGAGCTTAGCCGCTTT-1	5973	4833	0.8091411351079859
GSM6339601	TGAGCTTAGGAACGCG-1	16668	8892	0.5334773218142549
GSM6339601	TGAGCTTAGGGCTAAA-1	4637	2182	0.47056286392063834
GSM6339601	TGAGCTTAGGTCCTAG-1	3463	4798	1.3855038983540282
GSM6339601	TGAGCTTAGGTTTGCG-1	4342	2339	0.5386918470750806
GSM6339601	TGAGCTTAGTAACGAG-1	23077	12188	0.5281449061836461
GSM6339601	TGAGCTTAGTAACGGA-1	4479	2567	0.5731189997767359
GSM6339601	TGAGGAGGTGCGCAAT-1	3930	1854	0.4717557251908397
GSM6339601	TGAGGAGGTTGAGCCG-1	1606	1151	0.7166874221668742
GSM6339601	TGAGGAGGTTGGCGTG-1	22606	14516	0.6421304078563214
GSM6339601	TGAGGCACAATATAGG-1	21427	12724	0.5938302142157091
GSM6339601	TGAGGCACACCCACAG-1	9781	6075	0.6211021367958286
GSM6339601	TGAGGCACAGGCATCT-1	7031	4052	0.576304935286588
GSM6339601	TGAGGCACAGTAGGAT-1	14385	11316	0.786652763295099
GSM6339601	TGAGGCACATTATGGT-1	17531	14537	0.8292168159260738
GSM6339601	TGAGGGAGTACCGTAA-1	992	517	0.5211693548387096
GSM6339601	TGAGGGAGTTCAAGAT-1	8873	4931	0.5557308689282092
GSM6339601	TGAGGGAGTTCCATTA-1	2088	1625	0.7782567049808429
GSM6339601	TGAGGGAGTTTAAAGC-1	9461	5759	0.6087094387485467
GSM6339601	TGAGGGAGTTTGGGTA-1	13344	8743	0.6552008393285371
GSM6339601	TGAGGGCCAACAACAA-1	6748	5487	0.8131298162418494
GSM6339601	TGAGGGCCAAGGTAAC-1	14185	7801	0.549947127247092
GSM6339601	TGAGGGCCAGCCAGTT-1	11591	7935	0.6845828660167371
GSM6339601	TGAGGGCCAGTTATGT-1	14554	10429	0.7165727635014429
GSM6339601	TGAGGGCCATTATGGT-1	806	388	0.4813895781637717
GSM6339601	TGAGGTGCACACCAAC-1	5352	2992	0.5590433482810164
GSM6339601	TGAGGTGCAGGCTAAG-1	14564	8309	0.5705163416643779
GSM6339601	TGAGGTGCATACTCCT-1	3611	1980	0.5483245638327333
GSM6339601	TGAGGTGCATCCTGAA-1	4170	2186	0.524220623501199
GSM6339601	TGAGGTGCATGTTGGC-1	1385	786	0.5675090252707581
GSM6339601	TGAGTGAAGAGGATAT-1	11091	6572	0.592552520061311
GSM6339601	TGAGTTTCATCGCTTT-1	8115	4953	0.6103512014787431
GSM6339601	TGAGTTTCATGAATAG-1	3711	2510	0.6763675559148478
GSM6339601	TGAGTTTCATGCTATG-1	6912	4014	0.5807291666666666
GSM6339601	TGAGTTTCATTAAAGG-1	420	276	0.6571428571428571
GSM6339601	TGATCAATCAGGTTTA-1	14852	10874	0.7321572852141126
GSM6339601	TGATCAATCCCGAAGC-1	7061	4399	0.6229995751310012
GSM6339601	TGATCAATCCTAAATG-1	6915	4478	0.6475777295733912
GSM6339601	TGATCAATCTAACTGA-1	6440	3924	0.6093167701863355
GSM6339601	TGATCACAGATAAAGC-1	1133	609	0.5375110326566638
GSM6339601	TGATCACAGCTAAGTC-1	11821	7759	0.6563742492174943
GSM6339601	TGATCACAGCTATATG-1	9165	4943	0.5393344244408074
GSM6339601	TGATCACAGGCTATGT-1	3449	1768	0.5126123514062046
GSM6339601	TGATCACAGGGCCATC-1	9211	5313	0.5768103354684616
GSM6339601	TGATCACAGGTGCTGC-1	12929	7029	0.5436615360816769
GSM6339601	TGATCACAGTAACGGA-1	1590	1093	0.6874213836477987
GSM6339601	TGATCAGGTACTTAGG-1	5541	3793	0.6845334777116044
GSM6339601	TGATCAGGTCACCTAT-1	23163	21823	0.9421491171264517
GSM6339601	TGATCAGGTCATCCTG-1	6563	3783	0.5764132256589974
GSM6339601	TGATCAGGTCATTACC-1	12757	10695	0.8383632515481696
GSM6339601	TGATCAGGTGATGGCT-1	11958	7822	0.6541227630038468
GSM6339601	TGATCAGGTTGTGATG-1	2607	2005	0.7690832374376678
GSM6339601	TGATCCTGTTTCCGGC-1	1307	1008	0.7712318286151492
GSM6339601	TGATCGAGTAGTTACG-1	762	406	0.5328083989501312
GSM6339601	TGATCGAGTATTGTCC-1	6586	4203	0.6381718797449134
GSM6339601	TGATCGAGTCCTTTAA-1	9372	5857	0.6249466495945369
GSM6339601	TGATCGAGTCTATCGT-1	5882	3196	0.5433526011560693
GSM6339601	TGATCGAGTCTCAGCC-1	9530	5941	0.6233997901364113
GSM6339601	TGATCGAGTTGCGCGA-1	15162	8746	0.5768368289143913
GSM6339601	TGATGAACAACCCTCC-1	4032	2152	0.5337301587301587
GSM6339601	TGATGAACAATAATGG-1	7112	4236	0.5956130483689539
GSM6339601	TGATGAACACAGGGAC-1	20457	16878	0.8250476609473529
GSM6339601	TGATGAACATCTTGAG-1	2509	1631	0.6500597847748106
GSM6339601	TGATGAACATTAAAGG-1	21451	17873	0.8332012493590042
GSM6339601	TGATGACTCATGGTTA-1	7509	4371	0.5821014782261287
GSM6339601	TGATGACTCATTTAGG-1	3247	2331	0.7178934400985525
GSM6339601	TGATGACTCCCGCAAA-1	11815	7248	0.6134574693186627
GSM6339601	TGATGACTCCGTTATT-1	2243	1102	0.4913062862238074
GSM6339601	TGATGACTCCTGGTGA-1	14620	9668	0.6612859097127223
GSM6339601	TGATGACTCTCACAAA-1	17006	13783	0.8104786545924968
GSM6339601	TGATGATGTAACGAGG-1	662	343	0.5181268882175226
GSM6339601	TGATGATGTAATAACC-1	2316	1459	0.6299654576856649
GSM6339601	TGATGATGTACTGATG-1	916	701	0.7652838427947598
GSM6339601	TGATGATGTAGCTGGT-1	5480	3107	0.566970802919708
GSM6339601	TGATGATGTGCGCATG-1	17097	13935	0.8150552728548868
GSM6339601	TGATGATGTGCGCGTA-1	8417	4534	0.5386717357728407
GSM6339601	TGATGATGTTATGTGG-1	6143	4302	0.7003092951326714
GSM6339601	TGATGATGTTCACTGT-1	7066	4225	0.5979337673365411
GSM6339601	TGATGATGTTCCTGTG-1	4593	2475	0.5388634879163945
GSM6339601	TGATGATGTTGGTGAC-1	10682	7256	0.6792735442800973
GSM6339601	TGATTAGTCAAGCGCC-1	5997	3420	0.5702851425712856
GSM6339601	TGATTAGTCACACAGT-1	16141	11295	0.6997707700885942
GSM6339601	TGATTAGTCCAATTAG-1	8491	6619	0.7795312684018373
GSM6339601	TGATTAGTCCATAAGC-1	16957	9772	0.5762811818128206
GSM6339601	TGATTAGTCCCGTTGT-1	5328	3173	0.5955330330330331
GSM6339601	TGATTAGTCTAGCGTG-1	18051	15653	0.8671541742839732
GSM6339601	TGATTAGTCTGCAACG-1	12563	8482	0.6751572076733264
GSM6339601	TGATTCAAGCTTCCCG-1	18182	11452	0.6298537014629854
GSM6339601	TGATTCAAGGTATTGC-1	15760	11924	0.7565989847715736
GSM6339601	TGATTCAAGGTGCTGC-1	2225	1183	0.531685393258427
GSM6339601	TGATTGCAGACTTACA-1	11252	7687	0.6831674369001066
GSM6339601	TGATTGCAGCCTGAGC-1	3821	2097	0.5488092122481026
GSM6339601	TGCAAGCGTACCTTAC-1	1373	785	0.5717407137654771
GSM6339601	TGCAAGCGTGCTAGCG-1	1503	1238	0.8236859614105123
GSM6339601	TGCAAGCGTGTGAGGA-1	2888	1672	0.5789473684210527
GSM6339601	TGCAAGCGTTCGGTAA-1	403	185	0.45905707196029777
GSM6339601	TGCAAGCGTTGAGCCG-1	1437	1192	0.8295059151009047
GSM6339601	TGCAAGCGTTTGAGGC-1	3158	1954	0.6187460417986067
GSM6339601	TGCAAGCGTTTGTTGC-1	528	416	0.7878787878787878
GSM6339601	TGCAATATCAAAGGCA-1	1992	1751	0.8790160642570282
GSM6339601	TGCAATATCATTATGG-1	12121	6582	0.5430245029288012
GSM6339601	TGCAATATCCTGCGAA-1	4072	2280	0.5599214145383105
GSM6339601	TGCAATATCGCTCACT-1	8912	5532	0.6207360861759426
GSM6339601	TGCAATATCGTACCGA-1	1331	687	0.5161532682193839
GSM6339601	TGCAATATCTGCAACG-1	6225	3382	0.543293172690763
GSM6339601	TGCAATATCTTAGCCC-1	21348	17169	0.8042439572793705
GSM6339601	TGCACACCACCTGCTC-1	1452	1282	0.8829201101928374
GSM6339601	TGCACACCATGTCAAT-1	427	237	0.5550351288056206
GSM6339601	TGCACACCATTGCGAC-1	6407	3296	0.5144373341657562
GSM6339601	TGCACCTTCAGTGAAG-1	21988	19106	0.8689285064580681
GSM6339601	TGCACCTTCCTGATTT-1	4720	3026	0.6411016949152543
GSM6339601	TGCACCTTCTAACCTT-1	19192	14746	0.7683409754064193
GSM6339601	TGCACCTTCTTGGATA-1	1216	680	0.5592105263157895
GSM6339601	TGCACTTGTATTCGCT-1	17412	14762	0.8478061107282334
GSM6339601	TGCACTTGTCAACAAT-1	5701	3421	0.6000701631292755
GSM6339601	TGCACTTGTCAATACG-1	16453	10075	0.6123503312465812
GSM6339601	TGCACTTGTCATAAGT-1	8074	5868	0.7267773098835769
GSM6339601	TGCACTTGTCCACAAA-1	2754	1748	0.6347131445170661
GSM6339601	TGCACTTGTCCGTGAG-1	2437	1157	0.47476405416495693
GSM6339601	TGCACTTGTTAAGTGT-1	1744	817	0.4684633027522936
GSM6339601	TGCACTTGTTCACCAT-1	4433	2180	0.4917662982179111
GSM6339601	TGCACTTGTTTGAGGC-1	3462	1596	0.4610051993067591
GSM6339601	TGCAGGCTCACGAATC-1	5537	3158	0.5703449521401481
GSM6339601	TGCAGGCTCATTGCGG-1	10231	6446	0.6300459388134102
GSM6339601	TGCAGGCTCGTTTCGC-1	8603	4676	0.5435313262815297
GSM6339601	TGCAGGCTCTAACCTT-1	18345	12937	0.7052057781411829
GSM6339601	TGCATCCTCAGAAACG-1	4264	2833	0.6643996247654784
GSM6339601	TGCATCCTCCCGCCTA-1	24040	20649	0.8589434276206322
GSM6339601	TGCATCCTCCGGTTAG-1	3697	2014	0.5447660265079795
GSM6339601	TGCATCCTCCTGTTCA-1	808	537	0.6646039603960396
GSM6339601	TGCATGAGTAGCTGCG-1	939	567	0.6038338658146964
GSM6339601	TGCATGAGTAGGATTT-1	14012	8176	0.5834998572652013
GSM6339601	TGCATGAGTCATCCTG-1	22422	13614	0.6071715279636072
GSM6339601	TGCATGAGTTAGGACC-1	13599	11926	0.876976248253548
GSM6339601	TGCATGAGTTGGTTAG-1	15404	10659	0.6919631264606596
GSM6339601	TGCATGAGTTTGAGGC-1	4000	2124	0.531
GSM6339601	TGCATTAAGCAAGATG-1	3694	2590	0.7011369788846779
GSM6339601	TGCATTAAGGAGTCGG-1	13806	10858	0.7864696508764305
GSM6339601	TGCATTAAGTCATCCC-1	866	498	0.5750577367205543
GSM6339601	TGCCATTGTAGACAAA-1	5037	2445	0.4854079809410363
GSM6339601	TGCCATTGTCACTCGC-1	1586	880	0.5548549810844893
GSM6339601	TGCCATTGTGAGCGAA-1	2047	1072	0.5236932095749878
GSM6339601	TGCCATTGTGAGGTGA-1	5169	4322	0.8361385180886052
GSM6339601	TGCCATTGTGCCTCAC-1	5822	4395	0.7548952250085881
GSM6339601	TGCCATTGTGGTTCTT-1	5024	2670	0.5314490445859873
GSM6339601	TGCCATTGTTAGACCA-1	10978	8319	0.7577883038804882
GSM6339601	TGCCGGTAGAACCTGT-1	9796	6720	0.6859942833809718
GSM6339601	TGCCGGTAGAGGGACT-1	11211	8008	0.7142984568727143
GSM6339601	TGCCGGTAGGAATAAC-1	8657	5536	0.6394824997112164
GSM6339601	TGCCGGTAGGCATGTT-1	7230	5280	0.7302904564315352
GSM6339601	TGCCGGTAGGCATTAC-1	8165	4633	0.5674219228413963
GSM6339601	TGCCTGTTCATTTGTC-1	6708	3734	0.5566487775790101
GSM6339601	TGCCTGTTCCAACTGG-1	11621	7112	0.6119955253420531
GSM6339601	TGCCTGTTCCCGCATT-1	4241	2382	0.5616599858523933
GSM6339601	TGCCTGTTCCTTGAGG-1	1963	1704	0.8680590932246561
GSM6339601	TGCCTGTTCTGCAACG-1	23149	19015	0.8214177718259968
GSM6339601	TGCCTGTTCTTGCATT-1	1706	1145	0.6711606096131302
GSM6339601	TGCGATTAGCGGGCAA-1	5305	3718	0.7008482563619227
GSM6339601	TGCGATTAGGATGATG-1	7189	4800	0.6676867436361107
GSM6339601	TGCGATTAGGGCCATC-1	3778	2598	0.6876654314452091
GSM6339601	TGCGATTAGTTTCCGC-1	7792	4177	0.5360626283367557
GSM6339601	TGCGCAGGTCACAAAT-1	3106	1527	0.49162910495814555
GSM6339601	TGCGCAGGTCCAAGAC-1	6177	3545	0.5739031892504451
GSM6339601	TGCGCAGGTCCTAACT-1	9592	6032	0.6288573811509591
GSM6339601	TGCGCAGGTGCTGGTG-1	3699	2378	0.6428764530954312
GSM6339601	TGCGCAGGTGGAAGGC-1	5601	2575	0.45973933226209607
GSM6339601	TGCGCAGGTGGATTCA-1	11879	6858	0.5773213233437158
GSM6339601	TGCGCAGGTTAAGTGT-1	680	333	0.48970588235294116
GSM6339601	TGCGCAGGTTGAGGTC-1	9664	5530	0.5722268211920529
GSM6339601	TGCGCAGGTTGCGTAA-1	480	261	0.54375
GSM6339601	TGCGCGAGTGATTTGG-1	7716	5039	0.6530585795749093
GSM6339601	TGCGCGAGTTTACCGT-1	526	373	0.7091254752851711
GSM6339601	TGCGGTTCACCACAAC-1	2319	1188	0.5122897800776197
GSM6339601	TGCGGTTCAGCGCTTG-1	11886	7508	0.6316675079925963
GSM6339601	TGCGGTTCATACCCGG-1	698	578	0.828080229226361
GSM6339601	TGCGGTTCATCGCTTT-1	9566	6788	0.7095964875601087
GSM6339601	TGCTAACAGACACTTA-1	16716	12548	0.7506580521655899
GSM6339601	TGCTAACAGCACTTGG-1	12601	7510	0.5959844456789144
GSM6339601	TGCTAACAGCTCGCTT-1	5107	3462	0.6778930879185432
GSM6339601	TGCTAACAGGCTAATC-1	14560	10446	0.717445054945055
GSM6339601	TGCTAACAGTAAGAAC-1	8243	4915	0.5962634962998908
GSM6339601	TGCTAGCCAAACTGTT-1	6291	3342	0.5312350977587029
GSM6339601	TGCTAGCCAATAACGA-1	12420	7877	0.634219001610306
GSM6339601	TGCTAGCCACCTACTT-1	624	354	0.5673076923076923
GSM6339601	TGCTAGCCATGAAATG-1	1320	610	0.4621212121212121
GSM6339601	TGCTATGCAAGTGAAC-1	1533	761	0.4964122635355512
GSM6339601	TGCTATGCACCCTCAC-1	18415	11706	0.6356774368721151
GSM6339601	TGCTATGCATCCAGGT-1	13528	12838	0.9489946777054997
GSM6339601	TGCTATGCATGAATAG-1	7155	4261	0.5955276030747729
GSM6339601	TGCTATGCATGGTTAT-1	555	283	0.5099099099099099
GSM6339601	TGCTCAACAACCTGGT-1	5868	3699	0.6303680981595092
GSM6339601	TGCTCAACAAGGTCGA-1	3088	1846	0.5977979274611399
GSM6339601	TGCTCAACACAAAGCG-1	1187	672	0.5661331086773378
GSM6339601	TGCTCAACACAATTAC-1	9369	5566	0.5940868822713203
GSM6339601	TGCTCAACAGGCAAGC-1	8046	4280	0.5319413373104648
GSM6339601	TGCTCAACATGAATAG-1	5904	8190	1.3871951219512195
GSM6339601	TGCTCAACATGTTGGC-1	23134	17836	0.7709864269041238
GSM6339601	TGCTCACTCATGTCAA-1	469	320	0.6823027718550106
GSM6339601	TGCTCACTCGTACCGA-1	1205	639	0.5302904564315353
GSM6339601	TGCTCCGTCAATGACC-1	4663	2910	0.6240617628136393
GSM6339601	TGCTCCGTCAATTGGC-1	3274	1705	0.5207697006719609
GSM6339601	TGCTCCGTCACTCAAA-1	3898	2073	0.5318111852231914
GSM6339601	TGCTCCGTCACTTTAC-1	2808	1513	0.5388176638176638
GSM6339601	TGCTCCGTCATGCTCC-1	8144	4909	0.6027750491159135
GSM6339601	TGCTCCGTCGACCTGA-1	14489	10293	0.7104009938574091
GSM6339601	TGCTCCGTCGCAAACT-1	9151	5070	0.5540378100754016
GSM6339601	TGCTCCGTCTATCGCC-1	2009	1354	0.6739671478347437
GSM6339601	TGCTCCGTCTATGACA-1	8150	5159	0.6330061349693251
GSM6339601	TGCTCCGTCTCCTCTT-1	4170	3229	0.7743405275779377
GSM6339601	TGCTCCGTCTGCAAAC-1	1352	1071	0.7921597633136095
GSM6339601	TGCTCCGTCTTAGTGA-1	7539	4326	0.5738161559888579
GSM6339601	TGCTCCGTCTTGAGCG-1	1081	640	0.5920444033302498
GSM6339601	TGCTCTCAGCAAGGAC-1	9833	6944	0.7061934302857724
GSM6339601	TGCTCTCAGCTTTGGG-1	13931	10636	0.7634771373196468
GSM6339601	TGCTCTCAGGCATTGT-1	7730	5005	0.6474773609314359
GSM6339601	TGCTCTCAGTGACCTG-1	13881	7608	0.5480873135941214
GSM6339601	TGCTGGATCCTCAGTC-1	4542	2585	0.5691325407309555
GSM6339601	TGCTTAAAGAAGGTGC-1	3803	2823	0.7423087036550092
GSM6339601	TGCTTAAAGACTAAGG-1	3287	1977	0.6014602981442044
GSM6339601	TGCTTAAAGCTTTGTT-1	8746	5041	0.5763777726960897
GSM6339601	TGCTTAAAGGAAGCTA-1	6385	5239	0.8205168363351605
GSM6339601	TGCTTAAAGGGACGCA-1	981	571	0.582059123343527
GSM6339601	TGCTTAAAGTGAGCGG-1	2800	1366	0.4878571428571429
GSM6339601	TGCTTAAAGTTTGCGG-1	10452	6635	0.6348067355530043
GSM6339601	TGCTTCATCACGAATC-1	15166	12187	0.8035737834630093
GSM6339601	TGCTTCATCATGGCCA-1	2524	1472	0.5832012678288431
GSM6339601	TGCTTCATCATTACAG-1	3094	1705	0.5510665804783452
GSM6339601	TGCTTCATCATTTAGG-1	703	827	1.1763869132290186
GSM6339601	TGCTTCATCCTAACGG-1	3697	2079	0.56234784960779
GSM6339601	TGCTTCATCGCCTAAG-1	12948	8460	0.6533827618164968
GSM6339601	TGCTTCATCGTGCTTC-1	6915	4063	0.5875632682574115
GSM6339601	TGCTTCATCTGGCAAT-1	2528	1342	0.5308544303797469
GSM6339601	TGCTTCCAGACTTACA-1	1409	810	0.5748757984386089
GSM6339601	TGCTTCCAGCGATAAG-1	9383	6760	0.7204518810614942
GSM6339601	TGCTTCCAGGAGGTTA-1	1643	1204	0.7328058429701765
GSM6339601	TGCTTCCAGGCGCTTA-1	4863	3745	0.7701007608472137
GSM6339601	TGCTTGCTCAGGTTTA-1	13309	9059	0.6806672176722519
GSM6339601	TGCTTGTGTACCGTAA-1	857	539	0.6289381563593932
GSM6339601	TGCTTGTGTGCTCACC-1	4883	3202	0.6557444194142945
GSM6339601	TGCTTGTGTGGGTACT-1	3596	2505	0.696607341490545
GSM6339601	TGCTTTAGTACCGAAC-1	10513	6137	0.5837534481118615
GSM6339601	TGCTTTAGTACCGGAT-1	14517	10431	0.7185368877867327
GSM6339601	TGCTTTAGTAGACAAA-1	11992	7887	0.6576884589726484
GSM6339601	TGCTTTAGTGCAATAT-1	3320	2393	0.7207831325301205
GSM6339601	TGGAACAAGTGTTGTA-1	3511	1787	0.5089718029051552
GSM6339601	TGGACAAAGACAGGTA-1	7583	4536	0.5981801397863642
GSM6339601	TGGACAAAGACTTACA-1	7349	4193	0.5705538168458294
GSM6339601	TGGACAAAGCATTATG-1	7066	5028	0.7115765638267761
GSM6339601	TGGACAAAGGTCCGTA-1	12195	8348	0.6845428454284543
GSM6339601	TGGACAAAGTTTGTCT-1	913	729	0.7984665936473165
GSM6339601	TGGACCGGTGTCCAAA-1	4473	2461	0.5501900290632685
GSM6339601	TGGACCGGTTAGGTTG-1	12225	7643	0.6251942740286298
GSM6339601	TGGACCGGTTCATTTG-1	8044	4935	0.6135007458975634
GSM6339601	TGGACCGGTTGCTGGG-1	5651	3009	0.5324721288267563
GSM6339601	TGGACGGAGCTAAAGG-1	16653	10889	0.6538761784663424
GSM6339601	TGGACGGAGGAGTCTT-1	2765	1901	0.6875226039783002
GSM6339601	TGGACGGAGTTATCCT-1	7009	4632	0.6608646026537309
GSM6339601	TGGACTAGTGTTAAAC-1	11241	7501	0.6672893870652077
GSM6339601	TGGACTAGTTAGAGGG-1	5382	3808	0.7075436640654031
GSM6339601	TGGACTAGTTAGTTGG-1	2239	1111	0.49620366234926305
GSM6339601	TGGACTAGTTCCATTA-1	6572	4038	0.6144248326232502
GSM6339601	TGGATTCAGAAACTGG-1	4650	3407	0.7326881720430107
GSM6339601	TGGATTCAGACAAACG-1	11511	7065	0.6137607505863957
GSM6339601	TGGATTCAGACTAAGG-1	11153	6707	0.6013628620102215
GSM6339601	TGGATTCAGCTTAGTA-1	6457	3543	0.5487068297971194
GSM6339601	TGGATTCAGCTTCCCG-1	15502	9246	0.5964391691394659
GSM6339601	TGGATTCAGGAGGCAT-1	10912	7428	0.6807184750733137
GSM6339601	TGGATTGGTCCAAATG-1	4212	3453	0.8198005698005698
GSM6339601	TGGATTGGTCCACAAA-1	898	540	0.6013363028953229
GSM6339601	TGGATTGGTGTCCAAA-1	16023	16463	1.0274605254946014
GSM6339601	TGGATTGGTGTTGTGA-1	7547	5493	0.7278388763747184
GSM6339601	TGGATTGGTTACGCGG-1	10429	6124	0.5872087448461022
GSM6339601	TGGATTGGTTCCATTA-1	2498	1405	0.5624499599679744
GSM6339601	TGGATTGGTTGTAACG-1	10870	7515	0.6913523459061638
GSM6339601	TGGATTGGTTTAGCTC-1	16568	13928	0.840656687590536
GSM6339601	TGGCCAATCAAATCGC-1	6319	5122	0.8105712929260959
GSM6339601	TGGCCAATCCCTCAAC-1	662	374	0.5649546827794562
GSM6339601	TGGCCAATCCCTGACT-1	1189	695	0.584524810765349
GSM6339601	TGGCCAATCGCTTGCT-1	2919	1439	0.49297704693388145
GSM6339601	TGGCCAATCGTTAGCG-1	415	274	0.6602409638554216
GSM6339601	TGGCCATCAAACCCTA-1	4273	2778	0.6501287151883922
GSM6339601	TGGCCATCAACAGCCT-1	3733	2204	0.5904098580230378
GSM6339601	TGGCCATCAACTAGAA-1	11350	5798	0.5108370044052863
GSM6339601	TGGCCATCAAGGTGCA-1	4260	2572	0.603755868544601
GSM6339601	TGGCCATCAATGAGGT-1	3735	2151	0.5759036144578313
GSM6339601	TGGCCATCACATACTG-1	7484	4949	0.6612773917691074
GSM6339601	TGGCCATCACCTGCTC-1	10320	6229	0.6035852713178295
GSM6339601	TGGCCATCAGAATGAC-1	8187	4283	0.5231464516917064
GSM6339601	TGGCCATCAGGACCTT-1	18600	14179	0.7623118279569893
GSM6339601	TGGCCATCAGTGAACG-1	16924	14833	0.8764476483100921
GSM6339601	TGGCCATCAGTTATGT-1	8785	5471	0.622766078542971
GSM6339601	TGGCCATCATAAGTCT-1	8228	5119	0.6221438988818668
GSM6339601	TGGCCTGCAAAGCTCC-1	1063	654	0.6152398871119473
GSM6339601	TGGCCTGCAACGTGCT-1	15913	11625	0.7305347828819204
GSM6339601	TGGCCTGCAATGCCTA-1	4384	2622	0.5980839416058394
GSM6339601	TGGCCTGCAGCACGTT-1	6382	3535	0.5539015982450642
GSM6339601	TGGCCTGCAGGATGGC-1	14179	10850	0.7652161647506877
GSM6339601	TGGCCTGCATAAGCAA-1	10025	5466	0.5452369077306733
GSM6339601	TGGCCTGCATTAAAGG-1	10063	6363	0.6323164066381795
GSM6339601	TGGCCTTTCACAGACT-1	9441	5248	0.5558733185043957
GSM6339601	TGGCCTTTCACAGCGC-1	8060	4082	0.5064516129032258
GSM6339601	TGGCCTTTCGCAACAT-1	6827	4699	0.6882964698989307
GSM6339601	TGGCCTTTCGTCATTT-1	4208	2732	0.6492395437262357
GSM6339601	TGGCCTTTCTAATCTC-1	12510	7287	0.5824940047961631
GSM6339601	TGGCCTTTCTAGCGTG-1	9042	6462	0.7146648971466489
GSM6339601	TGGCCTTTCTCCATGC-1	9219	6264	0.6794663195574357
GSM6339601	TGGCGGTTCAATCTAG-1	7325	4485	0.6122866894197952
GSM6339601	TGGCGGTTCAGCTAAC-1	13267	8672	0.6536519182935102
GSM6339601	TGGCGGTTCATGAAGG-1	9872	5955	0.6032212317666127
GSM6339601	TGGCGGTTCATTACGA-1	4504	2774	0.6158969804618117
GSM6339601	TGGCGGTTCCCTCGCA-1	2629	1722	0.6550019018638266
GSM6339601	TGGCGGTTCCCTGGAA-1	15648	8343	0.5331671779141104
GSM6339601	TGGCGGTTCCGTTATT-1	1705	1103	0.6469208211143695
GSM6339601	TGGCGGTTCCTAATTC-1	13997	10331	0.7380867328713295
GSM6339601	TGGCGGTTCGATCAGT-1	20850	18919	0.9073860911270983
GSM6339601	TGGCGGTTCGCTTCTA-1	1443	1133	0.7851697851697852
GSM6339601	TGGCGGTTCGGTTACG-1	3040	2844	0.9355263157894737
GSM6339601	TGGCTAAGTCACTCGC-1	697	531	0.7618364418938307
GSM6339601	TGGCTAAGTCCTCCAA-1	5500	3247	0.5903636363636363
GSM6339601	TGGCTAAGTGATGAAA-1	5515	2895	0.5249320036264733
GSM6339601	TGGCTAAGTGTTTCAC-1	9278	5800	0.6251347273119207
GSM6339601	TGGCTATAGATAACCC-1	12294	7272	0.5915080527086384
GSM6339601	TGGCTATAGGACACTT-1	6567	3675	0.559616263133851
GSM6339601	TGGCTATAGGGCTTTG-1	5699	2758	0.4839445516757326
GSM6339601	TGGCTATAGGTTAGAG-1	23137	21716	0.9385832216795609
GSM6339601	TGGCTTTGTCGCGCAA-1	575	383	0.6660869565217391
GSM6339601	TGGCTTTGTGTCCAGG-1	10648	7711	0.7241735537190083
GSM6339601	TGGCTTTGTTAAGCCA-1	18424	13961	0.7577616152844117
GSM6339601	TGGCTTTGTTAGAGCC-1	12810	8117	0.6336455893832943
GSM6339601	TGGGCATGTCAGGAAG-1	1289	681	0.5283165244375485
GSM6339601	TGGGCATGTGCTTTAC-1	8064	4517	0.5601438492063492
GSM6339601	TGGGCATGTTAACGGC-1	2951	2196	0.7441545238902068
GSM6339601	TGGGCATGTTCCTCCT-1	1109	651	0.5870153291253382
GSM6339601	TGGGCATGTTGCTTCG-1	23011	22019	0.9568901829559776
GSM6339601	TGGGCATGTTGTTGCT-1	14603	10232	0.7006779428884475
GSM6339601	TGGGCCTAGCCTCTCG-1	3217	2016	0.6266708113148897
GSM6339601	TGGTAAACAATTGCGC-1	17673	13587	0.7687998641996265
GSM6339601	TGGTAAACACAGGAAT-1	6462	4948	0.7657072113896627
GSM6339601	TGGTAAACAGATTCAT-1	6121	4011	0.655285084136579
GSM6339601	TGGTAAACAGGGAGCT-1	12775	9132	0.7148336594911937
GSM6339601	TGGTCAAGTGCGCAAT-1	5230	3377	0.6456978967495219
GSM6339601	TGGTCAAGTTAGGCTA-1	1781	1187	0.6664795058955643
GSM6339601	TGGTCAAGTTAGTTGG-1	7208	4343	0.6025249722530521
GSM6339601	TGGTCAAGTTTGTTGC-1	3617	2129	0.5886093447608516
GSM6339601	TGGTCAGTCATCCTGC-1	4018	2913	0.724987555998009
GSM6339601	TGGTCAGTCCCATAAA-1	2780	1507	0.5420863309352518
GSM6339601	TGGTCAGTCGAGGAGT-1	2457	1198	0.4875864875864876
GSM6339601	TGGTCATAGACTAAGG-1	8891	6442	0.724552918681813
GSM6339601	TGGTCATAGAGGCTAA-1	3160	2262	0.7158227848101266
GSM6339601	TGGTCATAGCGATAAG-1	8275	5154	0.6228398791540786
GSM6339601	TGGTCATAGCTAAGTC-1	15012	12988	0.8651745270450306
GSM6339601	TGGTCATAGGCATGAA-1	14678	11029	0.7513966480446927
GSM6339601	TGGTCATAGGGTCCAC-1	8095	6723	0.8305126621371217
GSM6339601	TGGTCCTTCACACAGT-1	1797	1436	0.7991096271563717
GSM6339601	TGGTCCTTCATCCACC-1	7434	4383	0.589588377723971
GSM6339601	TGGTCCTTCTTGTTCG-1	13815	10754	0.7784292435758233
GSM6339601	TGGTGATTCCTTAAGA-1	24279	21279	0.8764364265414556
GSM6339601	TGGTGATTCTAGCGAT-1	9872	6623	0.670887358184765
GSM6339601	TGGTGATTCTTGTTCG-1	14865	12087	0.8131180625630676
GSM6339601	TGGTGCATCAAGCTTA-1	11237	6620	0.5891252113553439
GSM6339601	TGGTGCATCCCTCTAA-1	11461	6498	0.5669662333129745
GSM6339601	TGGTGCATCTTACTCG-1	7060	5620	0.7960339943342776
GSM6339601	TGGTTAATCCAATTAG-1	13466	9581	0.7114956185949799
GSM6339601	TGGTTAATCCCATAGG-1	11256	7148	0.6350390902629709
GSM6339601	TGGTTAATCCGCTAGA-1	999	559	0.5595595595595596
GSM6339601	TGGTTAATCGCTATGG-1	3321	1745	0.5254441433303222
GSM6339601	TGGTTAATCTGGCAAT-1	13508	9982	0.7389694995558188
GSM6339601	TGGTTAATCTTGTCCA-1	11331	6735	0.594387079692878
GSM6339601	TGGTTCCTCACCGGTA-1	16782	12560	0.7484209271838875
GSM6339601	TGGTTCCTCAGCATTA-1	9209	4307	0.46769464654142684
GSM6339601	TGGTTCCTCCATTACT-1	19821	13904	0.7014782301599314
GSM6339601	TGGTTCCTCGCTATAA-1	6916	3183	0.46023713128976285
GSM6339601	TGGTTCCTCTAGCTTT-1	7531	5026	0.6673748506174478
GSM6339601	TGGTTCTGTAAAGCGG-1	2366	1424	0.6018596787827557
GSM6339601	TGGTTCTGTAAATTGC-1	6806	3624	0.5324713488098737
GSM6339601	TGGTTCTGTCAAAGAA-1	3818	2376	0.6223153483499214
GSM6339601	TGGTTCTGTGGTGAGA-1	6107	3316	0.542983461601441
GSM6339601	TGGTTCTGTTAACACG-1	11132	6165	0.5538088393819619
GSM6339601	TGGTTCTGTTATCGAG-1	17779	15185	0.8540975307947578
GSM6339601	TGGTTCTGTTTGCAGA-1	18106	11347	0.6266983320446261
GSM6339601	TGGTTCTGTTTGGCTT-1	8531	4048	0.474504747391865
GSM6339601	TGGTTGAGTAGACAAA-1	4334	2658	0.613290263036456
GSM6339601	TGGTTGAGTAGGATTT-1	8572	4840	0.5646290247316845
GSM6339601	TGGTTGAGTCATTAGG-1	1896	1434	0.7563291139240507
GSM6339601	TGGTTGAGTCGTAATG-1	1188	986	0.82996632996633
GSM6339601	TGGTTGAGTGTTTGAG-1	2653	1952	0.735770825480588
GSM6339601	TGGTTGAGTTAACAGT-1	7320	4527	0.6184426229508196
GSM6339601	TGGTTGAGTTGACTTC-1	10763	7704	0.7157855616463811
GSM6339601	TGGTTGAGTTGCTTCG-1	5715	4236	0.7412073490813649
GSM6339601	TGTAAAGCAAGACTCC-1	8834	5338	0.6042562825447136
GSM6339601	TGTAAAGCAATGAATG-1	10426	7860	0.7538845194705543
GSM6339601	TGTAAAGCAATTGAAG-1	13691	8808	0.6433423416843181
GSM6339601	TGTAAAGCACCTGCCT-1	12655	8697	0.6872382457526669
GSM6339601	TGTAAAGCATCCAGGT-1	8875	5984	0.6742535211267605
GSM6339601	TGTAACTCAATACTGT-1	9046	5767	0.6375193455671014
GSM6339601	TGTAACTCAATCATGT-1	5360	3097	0.5777985074626866
GSM6339601	TGTAACTCACCTCGCT-1	1249	600	0.4803843074459568
GSM6339601	TGTAACTCAGAATGAC-1	9291	4775	0.5139382197825852
GSM6339601	TGTAACTCAGCTCATA-1	7350	5113	0.6956462585034013
GSM6339601	TGTAACTCATCAGCAC-1	21051	14798	0.7029594793596504
GSM6339601	TGTAAGCTCCCGAAGC-1	2394	1312	0.5480367585630743
GSM6339601	TGTAAGCTCGTACCGA-1	12141	6686	0.5506959887982869
GSM6339601	TGTAAGTGTAGGATTT-1	5251	3670	0.6989144924776233
GSM6339601	TGTAAGTGTATTGGAT-1	944	449	0.475635593220339
GSM6339601	TGTAAGTGTTAGCTGA-1	9439	6080	0.6441360313592541
GSM6339601	TGTAATGTCACGCATG-1	2188	1590	0.726691042047532
GSM6339601	TGTAATGTCAGCATTA-1	5271	3301	0.6262568772528931
GSM6339601	TGTAATGTCAGGCCTA-1	17214	13604	0.7902869757174393
GSM6339601	TGTAATGTCCGCACAA-1	4178	2685	0.6426519865964576
GSM6339601	TGTAATGTCCTGTTCA-1	13438	9055	0.673835392171454
GSM6339601	TGTAATGTCGAGCAAA-1	24161	21866	0.9050122097595298
GSM6339601	TGTATCCGTCATGCAA-1	1659	1172	0.7064496684749849
GSM6339601	TGTATCCGTTCGCGCT-1	4786	2863	0.5982030923526953
GSM6339601	TGTATCGCAATAATGG-1	9942	6639	0.667773083886542
GSM6339601	TGTATCGCAATTTGGT-1	2989	1524	0.5098695215791235
GSM6339601	TGTATCGCACAGCCAT-1	11046	8350	0.7559297483251856
GSM6339601	TGTATCGCACCAACCG-1	2236	1580	0.7066189624329159
GSM6339601	TGTATCGCACTTCATC-1	8914	5388	0.6044424500785281
GSM6339601	TGTATCGCAGCATTAT-1	3778	2162	0.5722604552673373
GSM6339601	TGTATCGCAGGCCATT-1	7071	5606	0.7928157262056287
GSM6339601	TGTCAATCACACCAAC-1	1223	687	0.5617334423548651
GSM6339601	TGTCAATCATCAGTAT-1	10141	6193	0.6106892811359826
GSM6339601	TGTCAGTAGCACTTGG-1	866	460	0.5311778290993071
GSM6339601	TGTCAGTAGCTCGCTT-1	19619	15624	0.7963708649778276
GSM6339601	TGTCAGTAGGCAGGTG-1	9746	6074	0.623230043094603
GSM6339601	TGTCAGTAGTAGAGGC-1	1828	1218	0.6663019693654267
GSM6339601	TGTCAGTAGTCATGCG-1	25001	20921	0.8368065277388904
GSM6339601	TGTCATAAGACAAACG-1	9705	6916	0.7126223596084492
GSM6339601	TGTCATAAGAGGATAT-1	21554	13462	0.6245708453187343
GSM6339601	TGTCATAAGCATGGTT-1	21625	13527	0.6255260115606937
GSM6339601	TGTCATAAGCCATCAG-1	885	490	0.5536723163841808
GSM6339601	TGTCATAAGCTCCTTA-1	4762	2391	0.50209995800084
GSM6339601	TGTCATAAGGATCACT-1	10662	6209	0.5823485274807728
GSM6339601	TGTCATAAGGCCTTAG-1	22215	18827	0.8474904343911771
GSM6339601	TGTCATAAGGTTACGT-1	7283	4299	0.59027873129205
GSM6339601	TGTCATAAGTAGGCGG-1	2317	1485	0.6409149762624082
GSM6339601	TGTCATAAGTATTGTG-1	4977	3818	0.7671287924452481
GSM6339601	TGTCCTGGTCATAGAT-1	4248	2871	0.6758474576271186
GSM6339601	TGTCCTGGTGATTTGG-1	12744	7663	0.6013025737602009
GSM6339601	TGTCCTGGTTGGTTAG-1	2703	1263	0.4672586015538291
GSM6339601	TGTCCTTCAATATACC-1	3585	1707	0.47615062761506277
GSM6339601	TGTCCTTCACCAAAGG-1	7321	3888	0.5310749897554978
GSM6339601	TGTCCTTCACCACAAC-1	3365	2414	0.7173848439821694
GSM6339601	TGTCCTTCAGGACCTT-1	6614	4214	0.6371333534925915
GSM6339601	TGTCCTTCATAGCGGA-1	25405	22810	0.8978547530013777
GSM6339601	TGTCCTTCATCTAGCA-1	15512	11145	0.7184760185662713
GSM6339601	TGTGAAACAATGAATG-1	8020	4581	0.5711970074812968
GSM6339601	TGTGAAACACAAAGAC-1	12167	9236	0.7591024903427304
GSM6339601	TGTGAAACACCCACAG-1	6326	3770	0.5959532089788175
GSM6339601	TGTGAAACATGCTATG-1	4096	2107	0.514404296875
GSM6339601	TGTGATCAGAGGGACT-1	20587	21316	1.0354106960703358
GSM6339601	TGTGATCAGCCACAAT-1	5759	3300	0.5730161486369161
GSM6339601	TGTGATCAGCTAATTG-1	3117	1543	0.49502726981071543
GSM6339601	TGTGATCAGGTGTCCA-1	14209	8742	0.6152438595256527
GSM6339601	TGTGCAAGTACCGGAT-1	8330	4725	0.5672268907563025
GSM6339601	TGTGCAAGTGAGCACT-1	2149	1215	0.5653792461610051
GSM6339601	TGTGCAAGTGGATGTC-1	14290	10217	0.7149755073477957
GSM6339601	TGTGCAAGTTAAGTGT-1	893	510	0.5711086226203808
GSM6339601	TGTGCAAGTTGCTGGG-1	14335	11519	0.8035577258458318
GSM6339601	TGTGCAAGTTGTCATC-1	7681	5231	0.681031115740138
GSM6339601	TGTGCGCAGAAGGTGC-1	1205	576	0.47800829875518674
GSM6339601	TGTGCGCAGCCGCAGT-1	7027	4202	0.5979792229970116
GSM6339601	TGTGCGCAGCTTTGGG-1	4678	2346	0.5014963659683626
GSM6339601	TGTGCGCAGTGAGGTA-1	14529	10945	0.75332094431826
GSM6339601	TGTGCGGGTATTCGCT-1	6255	3770	0.6027178257394085
GSM6339601	TGTGCGGGTCCTTAGT-1	4236	2699	0.6371576959395656
GSM6339601	TGTGCGGGTGGTTCTT-1	6484	3801	0.5862122146822949
GSM6339601	TGTGCGGGTTCAAGAT-1	17271	11697	0.6772624630884141
GSM6339601	TGTGCGGGTTCACCAT-1	2546	1795	0.7050274941084054
GSM6339601	TGTGCTGAGCAAGGGT-1	12230	9240	0.7555192150449714
GSM6339601	TGTGCTGAGGACCTTG-1	10069	5499	0.5461316913298242
GSM6339601	TGTGCTGAGGATCCGC-1	16855	13224	0.7845743102936814
GSM6339601	TGTGCTGAGGCCCAGT-1	24301	18606	0.7656475042179334
GSM6339601	TGTGCTGAGGCCTAAT-1	5332	2844	0.5333833458364591
GSM6339601	TGTGCTGAGTATGTGC-1	2941	1528	0.5195511730703842
GSM6339601	TGTGCTGAGTTAGTTG-1	10824	6831	0.6310975609756098
GSM6339601	TGTGGAGCACATAGCC-1	3078	1518	0.49317738791423
GSM6339601	TGTGGAGCAGCATGTC-1	7196	5633	0.7827959977765425
GSM6339601	TGTGGAGCAGGCTAGA-1	3901	2471	0.6334273263265829
GSM6339601	TGTGGAGCATCACTTC-1	3806	1991	0.523121387283237
GSM6339601	TGTGGAGCATTGCAGC-1	1907	1292	0.6775039328788673
GSM6339601	TGTGGCCAGCCTGACA-1	3908	2039	0.5217502558853634
GSM6339601	TGTGGCCAGCGGCTGT-1	5625	2901	0.5157333333333334
GSM6339601	TGTGGCCAGCTAATCA-1	10544	6704	0.6358118361153262
GSM6339601	TGTGGCCAGGAACCGG-1	17189	13489	0.7847460585258014
GSM6339601	TGTGGCCAGGCCTGGT-1	17746	11290	0.63619970697622
GSM6339601	TGTGGCGGTAACGAGG-1	14581	11219	0.7694259652973047
GSM6339601	TGTGGCGGTAGCTAAT-1	3130	2016	0.6440894568690095
GSM6339601	TGTGGCGGTGGGAACA-1	12576	8233	0.6546596692111959
GSM6339601	TGTGGCTCAACAGCCT-1	3511	2019	0.5750498433494731
GSM6339601	TGTGGCTCACAACCTA-1	13200	10817	0.819469696969697
GSM6339601	TGTGGCTCACCGGTAT-1	6947	4810	0.6923852022455736
GSM6339601	TGTGGCTCAGCCAGAA-1	22928	20357	0.8878663642707606
GSM6339601	TGTGGCTCATCACTTC-1	1403	1074	0.7655024946543122
GSM6339601	TGTGGCTCATCCATCT-1	12919	8226	0.6367365895193127
GSM6339601	TGTGGCTCATGGCCTG-1	7316	4873	0.6660743575724439
GSM6339601	TGTGTGAGTACTGAAT-1	23311	13910	0.5967139976834971
GSM6339601	TGTGTGAGTCGCGCAA-1	1478	789	0.5338294993234101
GSM6339601	TGTGTGAGTGAGCGAA-1	7812	6230	0.7974910394265233
GSM6339601	TGTGTGAGTGAGGTGA-1	18261	15052	0.8242703028311702
GSM6339601	TGTGTGAGTGATCATG-1	864	501	0.5798611111111112
GSM6339601	TGTGTGAGTGCTAGCG-1	3875	2060	0.5316129032258065
GSM6339601	TGTGTTAAGCATCCAG-1	14317	10696	0.747083886289027
GSM6339601	TGTGTTAAGCATGCAT-1	11369	7744	0.6811504969654323
GSM6339601	TGTGTTAAGTTGTCAA-1	14090	8956	0.6356281050390348
GSM6339601	TGTTACTTCCACCTTA-1	3380	2245	0.6642011834319527
GSM6339601	TGTTACTTCGAGGTGG-1	8743	5822	0.6659041518929429
GSM6339601	TGTTACTTCGTTCACC-1	6100	4127	0.6765573770491803
GSM6339601	TGTTAGCAGCCAAATC-1	1849	1151	0.6224986479177934
GSM6339601	TGTTAGCAGCCTGAGC-1	5972	3574	0.5984594775619558
GSM6339601	TGTTAGCAGCCTGTGA-1	16057	10742	0.6689917170081584
GSM6339601	TGTTAGCAGCGGGCAA-1	9994	5108	0.511106663998399
GSM6339601	TGTTAGCAGGCCTAAT-1	5880	3555	0.6045918367346939
GSM6339601	TGTTAGCAGTCACTAA-1	8159	5945	0.7286432160804021
GSM6339601	TGTTAGCAGTGAGCAA-1	6237	4326	0.6936026936026936
GSM6339601	TGTTAGCAGTGAGCGG-1	2270	1318	0.5806167400881057
GSM6339601	TGTTAGCAGTGTTGTA-1	5261	4487	0.8528796806690743
GSM6339601	TGTTATGAGAGCAAGC-1	876	581	0.66324200913242
GSM6339601	TGTTATGAGCACGTTG-1	3348	2169	0.6478494623655914
GSM6339601	TGTTATGAGCCAAATC-1	6712	3554	0.5294994040524433
GSM6339601	TGTTATGAGCGTGCGT-1	18217	12998	0.7135093593895812
GSM6339601	TGTTATGAGTGTTGTA-1	1145	549	0.4794759825327511
GSM6339601	TGTTCATTCACCGGTA-1	2046	924	0.45161290322580644
GSM6339601	TGTTCATTCATCCACC-1	24240	20613	0.8503712871287129
GSM6339601	TGTTCATTCCTAATTC-1	1254	648	0.5167464114832536
GSM6339601	TGTTCATTCTTGACCC-1	2702	1520	0.5625462620281273
GSM6339601	TGTTCCTCAATGAATG-1	965	603	0.6248704663212435
GSM6339601	TGTTCCTCACAACAAA-1	18823	15410	0.8186792753546194
GSM6339601	TGTTCCTCATGAGTTT-1	11650	8439	0.7243776824034335
GSM6339601	TGTTGCACAATAAGCA-1	20849	12167	0.5835771499832126
GSM6339601	TGTTGCACAATTAACC-1	12145	8720	0.7179909427748045
GSM6339601	TGTTGCACACCGGTAT-1	14043	9220	0.6565548671936196
GSM6339601	TGTTGCACAGGACCAA-1	9760	5637	0.577561475409836
GSM6339601	TGTTGCACAGTATGTT-1	19234	14433	0.7503899344910056
GSM6339601	TGTTGGCCAATAGCCC-1	10085	6052	0.6000991571641051
GSM6339601	TGTTGGCCACCTGCCT-1	14460	10250	0.7088520055325035
GSM6339601	TGTTGGCCACCTGCTC-1	20120	21245	1.0559145129224652
GSM6339601	TGTTGTAAGGAACACA-1	14055	9790	0.6965492707221629
GSM6339601	TGTTGTAAGGGTGAGT-1	3958	2078	0.5250126326427489
GSM6339601	TGTTGTAAGGTCGAGG-1	17585	11482	0.6529428490190503
GSM6339601	TGTTGTAAGTGACCTG-1	11227	6814	0.6069297229892224
GSM6339601	TGTTGTGCAAGGACCA-1	3688	2790	0.7565075921908894
GSM6339601	TGTTGTGCACCACAAC-1	5126	3003	0.5858369098712446
GSM6339601	TGTTGTGCAGGCTGTT-1	5221	2480	0.4750047883547213
GSM6339601	TGTTGTGCAGGCTTCG-1	15333	8601	0.560946977108198
GSM6339601	TGTTGTTTCAGCAAAG-1	1000	624	0.624
GSM6339601	TGTTGTTTCTCCATGC-1	10443	6914	0.6620702863161927
GSM6339601	TGTTGTTTCTCGCCTG-1	4692	2558	0.5451832907075874
GSM6339601	TGTTTGTTCCCTGTTA-1	4146	2955	0.7127351664254703
GSM6339601	TGTTTGTTCCGCCTCA-1	601	437	0.7271214642262895
GSM6339601	TGTTTGTTCTTGGATA-1	1269	669	0.5271867612293144
GSM6339601	TTAAAGGCAACTAGCC-1	2946	1696	0.5756958587915818
GSM6339601	TTAAAGGCAATACTGT-1	11529	6152	0.533610894266632
GSM6339601	TTAAAGGCAGCTTAAT-1	2316	1355	0.5850604490500864
GSM6339601	TTAAAGGCAGGTTCAC-1	4796	2589	0.5398248540450375
GSM6339601	TTAACCAAGAGGAGTC-1	4162	3046	0.7318596828447862
GSM6339601	TTAACCAAGATAAAGC-1	1205	634	0.5261410788381743
GSM6339601	TTAACCAAGCCTAACG-1	17190	14513	0.8442699243746364
GSM6339601	TTAACCAAGCTTATGA-1	14393	8876	0.6166886681025499
GSM6339601	TTAACCAAGGTCTTGG-1	6893	3871	0.5615842158711737
GSM6339601	TTAACCAAGTACCGCA-1	3496	2746	0.7854691075514875
GSM6339601	TTAACCAAGTCACTAA-1	7005	4195	0.5988579586009993
GSM6339601	TTAACCAAGTTTCCTG-1	8030	6592	0.8209215442092155
GSM6339601	TTAACTGAGCCTGGTA-1	22867	16056	0.7021471990204224
GSM6339601	TTAACTGAGCGGCTGT-1	3199	1992	0.6226945920600188
GSM6339601	TTAAGCCAGAAAGCAT-1	4291	2449	0.5707294336984385
GSM6339601	TTAAGCCAGCAACATC-1	1790	1212	0.6770949720670391
GSM6339601	TTAAGCCAGCTGGACC-1	4497	2897	0.644207249277296
GSM6339601	TTAAGCCAGGCGTAAA-1	5510	4168	0.756442831215971
GSM6339601	TTAAGCCAGTTGGATC-1	9588	6640	0.6925323320817689
GSM6339601	TTAAGGACAAGTTATC-1	15047	10035	0.6669103475775903
GSM6339601	TTAAGGACACAATGCC-1	5181	3064	0.591391623238757
GSM6339601	TTAAGGACACAGGAAT-1	10551	5521	0.5232679366884655
GSM6339601	TTAAGGACACCTGCCT-1	17733	14806	0.8349405064004962
GSM6339601	TTAAGGACAGCTTAAT-1	6380	3796	0.5949843260188088
GSM6339601	TTAAGGACATCACTTC-1	6204	3882	0.625725338491296
GSM6339601	TTAAGGACATGTTGGC-1	3835	2045	0.5332464146023468
GSM6339601	TTAAGGACATGTTGTG-1	4850	3178	0.6552577319587629
GSM6339601	TTAAGGACATTTAAGC-1	790	447	0.5658227848101266
GSM6339601	TTAAGGTGTAGGTGTC-1	3489	2234	0.6402980796789911
GSM6339601	TTAAGGTGTGCGCAAT-1	6003	3514	0.5853739796768282
GSM6339601	TTAAGGTGTTCGCGCT-1	11943	6297	0.5272544586787239
GSM6339601	TTAAGGTGTTGCTTCG-1	6923	6073	0.8772208580095334
GSM6339601	TTAAGGTGTTTACTTG-1	12210	9159	0.7501228501228501
GSM6339601	TTAAGTGTCACGCGGT-1	11131	7036	0.6321085257389273
GSM6339601	TTAAGTGTCAGAAACG-1	12841	9135	0.711393193676505
GSM6339601	TTAAGTGTCAGGCCTA-1	19724	14946	0.7577570472520787
GSM6339601	TTAAGTGTCGATAACC-1	16947	12398	0.7315749100135718
GSM6339601	TTAAGTGTCTTGCAAA-1	14194	10253	0.7223474707622939
GSM6339601	TTAAGTGTCTTGTCTG-1	9680	5484	0.5665289256198347
GSM6339601	TTAATCGAGACAGGCG-1	9010	4416	0.49012208657047723
GSM6339601	TTAATCGAGTTTAACG-1	10557	6635	0.6284929430709482
GSM6339601	TTACACCGTCGACTAA-1	24052	19792	0.8228837518709463
GSM6339601	TTACACCGTCTAACAG-1	28597	24948	0.8723992027135714
GSM6339601	TTACACCGTGCATTTC-1	6366	3699	0.5810556079170593
GSM6339601	TTACACCGTGTAACCA-1	16578	11643	0.7023163228374955
GSM6339601	TTACAGCAGCCTGTTC-1	11666	9615	0.8241899537116406
GSM6339601	TTACAGCAGCTAAGTC-1	19479	13872	0.71215154782073
GSM6339601	TTACAGCAGGCGGATG-1	8481	4408	0.5197500294776559
GSM6339601	TTACAGCAGGCTAGAA-1	19859	13743	0.6920288030615842
GSM6339601	TTACAGCAGTTAGCCG-1	3944	2092	0.5304259634888439
GSM6339601	TTACCGTGTCATAGAT-1	5123	4128	0.8057778645325004
GSM6339601	TTACCGTGTCCCGGAA-1	9546	5834	0.6111460297506809
GSM6339601	TTACCTGTCCTTCTAG-1	627	363	0.5789473684210527
GSM6339601	TTACCTGTCGAGGAAC-1	5748	3400	0.5915100904662491
GSM6339601	TTACCTGTCGATTTGA-1	17589	10671	0.6066859969298993
GSM6339601	TTACGTTTCAGGAAGC-1	4930	2848	0.5776876267748479
GSM6339601	TTACGTTTCCCGAAGC-1	7274	5288	0.7269727797635414
GSM6339601	TTACGTTTCCGTGACA-1	2669	1693	0.6343199700262271
GSM6339601	TTACGTTTCCTAAATG-1	9428	5475	0.5807170131523123
GSM6339601	TTACGTTTCGTGCCTT-1	12554	11077	0.8823482555360841
GSM6339601	TTACGTTTCGTGCTTC-1	16827	11615	0.6902597016699352
GSM6339601	TTACGTTTCTCACACC-1	5885	2914	0.4951571792693288
GSM6339601	TTACGTTTCTTGCAGG-1	10053	5827	0.5796279717497265
GSM6339601	TTAGAAGCAAACCCTA-1	846	363	0.42907801418439717
GSM6339601	TTAGAAGCAATAAGCA-1	9526	6436	0.6756246063405417
GSM6339601	TTAGAAGCATCGTTCT-1	646	407	0.6300309597523219
GSM6339601	TTAGAAGCATTGCGGT-1	8903	5829	0.6547231270358306
GSM6339601	TTAGACTCAACACCTA-1	5008	2935	0.5860623003194888
GSM6339601	TTAGACTCAACCTGGT-1	21725	17747	0.8168929804372842
GSM6339601	TTAGACTCAAGGACCA-1	9081	7754	0.8538707190838013
GSM6339601	TTAGACTCAGAGGGAG-1	17620	14837	0.8420544835414302
GSM6339601	TTAGACTCAGCTTACA-1	15147	13124	0.8664421997755332
GSM6339601	TTAGACTCATTGCAGC-1	8603	5562	0.6465186562826921
GSM6339601	TTAGACTCATTGGGAG-1	8663	5025	0.5800530993882027
GSM6339601	TTAGACTCATTGTCAG-1	10484	7144	0.6814193056085464
GSM6339601	TTAGACTCATTTAAGC-1	2311	1659	0.7178710514928602
GSM6339601	TTAGCAATCAGTGAAG-1	4571	2530	0.5534893896302778
GSM6339601	TTAGCAATCATTGCAA-1	885	484	0.5468926553672316
GSM6339601	TTAGCAATCCTAAATG-1	13669	8556	0.6259419123564269
GSM6339601	TTAGCAATCCTGGCTT-1	1842	1090	0.5917480998914224
GSM6339601	TTAGCAGGTATTGAGT-1	6889	3995	0.5799100014515894
GSM6339601	TTAGCAGGTCGTTACT-1	11461	8891	0.7757612773754472
GSM6339601	TTAGCAGGTCTTTGAC-1	2798	1558	0.5568263045032166
GSM6339601	TTAGCAGGTGGTGAGA-1	16271	13542	0.8322782865220331
GSM6339601	TTAGCAGGTTACAAAC-1	2643	1431	0.5414301929625426
GSM6339601	TTAGCAGGTTGGTTCT-1	1831	1092	0.596395412342982
GSM6339601	TTAGCAGGTTTAACGG-1	646	327	0.5061919504643962
GSM6339601	TTAGCCTGTCTCAGCC-1	2758	1341	0.48622189992748366
GSM6339601	TTAGCCTGTGATTACG-1	7298	4979	0.68224171005755
GSM6339601	TTAGCGGTCAATGAGG-1	602	375	0.6229235880398671
GSM6339601	TTAGCGGTCACGAATC-1	5285	3054	0.5778618732261116
GSM6339601	TTAGCGGTCCCAGTAG-1	17500	10013	0.5721714285714286
GSM6339601	TTAGCTGCAACCTAAT-1	6908	3970	0.5746960046323104
GSM6339601	TTAGCTGCACTTACAG-1	9369	5564	0.5938734123172164
GSM6339601	TTAGCTGCAGTTATCG-1	26038	17771	0.6825024963514863
GSM6339601	TTAGGAACAACCTAAT-1	7611	5886	0.773354355538037
GSM6339601	TTAGGAACAAGGTAAC-1	5855	3284	0.5608881298035867
GSM6339601	TTAGGAACAGAAATTG-1	20305	12530	0.6170893868505294
GSM6339601	TTAGGAACAGCAAATA-1	20526	13016	0.6341225762447628
GSM6339601	TTAGGAACAGCCAGAA-1	6532	3332	0.5101041028781383
GSM6339601	TTAGGAACAGGACACA-1	680	338	0.4970588235294118
GSM6339601	TTAGGAACAGTTTGTG-1	17914	12439	0.6943731159986603
GSM6339601	TTAGGATGTCATCAAG-1	4735	2512	0.5305174234424498
GSM6339601	TTAGGCCCAAAGCCTC-1	705	381	0.5404255319148936
GSM6339601	TTAGGCCCAATTGAGA-1	18904	11709	0.6193927211172239
GSM6339601	TTAGGCCCAGAGGCTA-1	6455	4731	0.7329202168861347
GSM6339601	TTAGGCCCATGGTTAT-1	9595	6439	0.67107868681605
GSM6339601	TTAGGCCCATTCAGCA-1	4419	2461	0.5569133288074225
GSM6339601	TTAGGCGTCAACAAGG-1	10787	7941	0.7361639009919347
GSM6339601	TTAGGCGTCACTTCAT-1	9906	6273	0.6332525741974561
GSM6339601	TTAGGCGTCATGTGGT-1	12583	9365	0.744258126043074
GSM6339601	TTAGGCGTCATTAGTG-1	4704	3388	0.7202380952380952
GSM6339601	TTAGGCGTCCCATAGG-1	7447	4814	0.6464348059621324
GSM6339601	TTAGGCGTCCTTGCAC-1	8700	5376	0.6179310344827587
GSM6339601	TTAGGCGTCGATTATG-1	2709	1467	0.5415282392026578
GSM6339601	TTAGGCGTCGTCAAGT-1	28988	21514	0.7421691734510832
GSM6339601	TTAGGCGTCTTACTCG-1	1681	822	0.48899464604402143
GSM6339601	TTAGGCGTCTTAGGGT-1	7600	4716	0.6205263157894737
GSM6339601	TTAGGCTAGACAACAG-1	8354	5175	0.6194637299497247
GSM6339601	TTAGGCTAGGCCATCA-1	16547	10560	0.6381821478213573
GSM6339601	TTAGGCTAGGGACTAA-1	5836	3756	0.6435915010281015
GSM6339601	TTAGGCTAGTTTGGTA-1	7990	4392	0.5496871088861076
GSM6339601	TTAGTCAAGGCAGGTG-1	16354	12645	0.7732053320288614
GSM6339601	TTAGTCAAGTTGGATC-1	2184	1622	0.7426739926739927
GSM6339601	TTAGTCAAGTTTGTCT-1	2509	1262	0.502989238740534
GSM6339601	TTATAGCCAAACGCGA-1	3308	2268	0.6856106408706167
GSM6339601	TTATAGCCACCGGTAT-1	20914	13730	0.6564980395907047
GSM6339601	TTATAGCCAGAGGGAG-1	7955	4601	0.5783783783783784
GSM6339601	TTATAGCCAGCAATAA-1	518	400	0.7722007722007722
GSM6339601	TTATAGCCAGCTAACC-1	1669	761	0.4559616536848412
GSM6339601	TTATCCGTCCATCAGG-1	5461	3237	0.5927485808459989
GSM6339601	TTATCCGTCGTGCTTC-1	7423	4750	0.639903004176209
GSM6339601	TTATCCGTCTCGCCTG-1	7108	4576	0.6437816544738323
GSM6339601	TTATCCGTCTTTAAGG-1	10620	7003	0.6594161958568738
GSM6339601	TTATCCTAGAGCCGGA-1	402	228	0.5671641791044776
GSM6339601	TTATCCTAGGTTAGCT-1	17697	15138	0.8553992202068147
GSM6339601	TTATCCTAGTTCCCGT-1	23261	15962	0.6862129745066851
GSM6339601	TTATGACCAATAATCC-1	4416	2827	0.6401721014492754
GSM6339601	TTATGACCAATAGCCC-1	4653	2370	0.5093488072211476
GSM6339601	TTATGACCACTTCATC-1	9981	6699	0.671175232942591
GSM6339601	TTATGACCAGCAAATA-1	5844	2955	0.50564681724846
GSM6339601	TTATGACCAGCACCAT-1	1061	977	0.9208294062205467
GSM6339601	TTATGACCAGCTCAAC-1	6613	3900	0.5897474671102374
GSM6339601	TTATGACCAGGCATGA-1	11459	7242	0.6319923204468104
GSM6339601	TTATGCGCAGCTAACC-1	4299	3356	0.780646662014422
GSM6339601	TTATGCGCATATTGAC-1	26394	23930	0.906645449723422
GSM6339601	TTATTGCTCACGTTAA-1	3720	2202	0.5919354838709677
GSM6339601	TTATTGCTCAGCAAAG-1	11647	8698	0.7468017515239976
GSM6339601	TTATTGCTCAGGATGA-1	17087	12896	0.7547258149470357
GSM6339601	TTATTGCTCCGCATGA-1	12778	9481	0.7419784003756457
GSM6339601	TTATTGCTCCGCCTCA-1	16092	9128	0.5672383793189162
GSM6339601	TTATTGCTCTATTGTC-1	20242	14833	0.7327833218061457
GSM6339601	TTCAACCGTAGCTGGT-1	19836	15168	0.764670296430732
GSM6339601	TTCAACCGTCCAAATG-1	9326	5635	0.6042247480162986
GSM6339601	TTCAACCGTCCTCCAA-1	4669	3485	0.7464125080316985
GSM6339601	TTCAACCGTGCATCGG-1	6719	4418	0.6575383241553803
GSM6339601	TTCAACCGTGGATTAT-1	26562	14711	0.5538363075069649
GSM6339601	TTCAACCGTGTAACCA-1	19793	11376	0.5747486485121003
GSM6339601	TTCAACCGTTACTAGG-1	499	241	0.48296593186372744
GSM6339601	TTCAACCGTTAGGTGC-1	16550	10482	0.6333534743202417
GSM6339601	TTCACTGTCAATACGC-1	411	168	0.40875912408759124
GSM6339601	TTCACTGTCAGCAAGA-1	1992	1184	0.5943775100401606
GSM6339601	TTCACTGTCATGCTCC-1	25798	16026	0.6212109465850066
GSM6339601	TTCACTGTCATGCTTT-1	11149	6385	0.572697102879182
GSM6339601	TTCACTGTCCGTCCAT-1	5200	2913	0.5601923076923077
GSM6339601	TTCACTGTCCTAAGAC-1	4207	2866	0.6812455431423817
GSM6339601	TTCAGCACACCTCACC-1	14929	8943	0.5990354343894434
GSM6339601	TTCAGCACAGCTTACA-1	14894	12290	0.8251644957701088
GSM6339601	TTCAGCACAGGCTGTT-1	8788	5257	0.598202093764224
GSM6339601	TTCAGCACAGGCTTGT-1	5187	2693	0.5191825718141507
GSM6339601	TTCAGCACAGTAGGAT-1	2795	1385	0.49552772808586765
GSM6339601	TTCAGCACAGTATGTT-1	2958	1669	0.5642325895875592
GSM6339601	TTCAGCACAGTCTAGC-1	2749	1625	0.5911240451073118
GSM6339601	TTCAGGTAGGAATAAC-1	15121	11024	0.7290523113550691
GSM6339601	TTCAGGTAGGAGGTTA-1	4754	2772	0.5830879259570888
GSM6339601	TTCAGGTAGGTTTGAC-1	2613	1755	0.6716417910447762
GSM6339601	TTCAGGTAGTGCTGTG-1	2797	1668	0.5963532356095816
GSM6339601	TTCAGTTTCACGCATG-1	13246	6668	0.5033972520006039
GSM6339601	TTCAGTTTCAGTATTG-1	4501	3070	0.6820706509664519
GSM6339601	TTCAGTTTCGCACAAT-1	10083	5577	0.5531091936923535
GSM6339601	TTCAGTTTCTAGCTTT-1	17734	12229	0.6895793391225894
GSM6339601	TTCAGTTTCTCACACC-1	7714	4605	0.5969665543168265
GSM6339601	TTCAGTTTCTTAGTGA-1	10365	6294	0.6072358900144718
GSM6339601	TTCATCCCAAACTGCC-1	521	337	0.6468330134357005
GSM6339601	TTCATCCCAACACCTA-1	3726	2319	0.6223832528180354
GSM6339601	TTCATCCCAACTAACT-1	17534	18008	1.0270331926542717
GSM6339601	TTCATCCCAAGTTATC-1	4311	2555	0.5926699141730457
GSM6339601	TTCATCCCACAGACTC-1	3837	5548	1.4459212926765703
GSM6339601	TTCATCCCACCTAATG-1	4571	2411	0.5274556989717786
GSM6339601	TTCATCCCACCTCGCT-1	11021	6638	0.6023046910443698
GSM6339601	TTCATCCCACTTACAG-1	10520	6900	0.655893536121673
GSM6339601	TTCATCCCAGCCTGCA-1	11519	9544	0.8285441444569841
GSM6339601	TTCATTCAGGTGCGGA-1	19885	17648	0.8875031430726679
GSM6339601	TTCATTCAGTCTATGA-1	1044	617	0.5909961685823755
GSM6339601	TTCCACGGTCATTGTC-1	14284	9241	0.6469476337160459
GSM6339601	TTCCACGGTCCTTCAG-1	11442	8868	0.7750393287886733
GSM6339601	TTCCACGGTCTTACTA-1	5171	2735	0.5289112357377683
GSM6339601	TTCCACGGTGGTTCTT-1	4899	3282	0.6699326393141457
GSM6339601	TTCCACGGTTAGCGTA-1	11734	6619	0.5640872677688767
GSM6339601	TTCCACGGTTCGGTAA-1	15768	13015	0.8254058853373922
GSM6339601	TTCCCACAGCAGGTGG-1	6355	3863	0.60786782061369
GSM6339601	TTCCCACAGGAAGCTA-1	407	306	0.7518427518427518
GSM6339601	TTCCCACAGGCTACAT-1	15587	11281	0.7237441457624944
GSM6339601	TTCCCACAGTGAGCGG-1	9259	5830	0.6296576304136516
GSM6339601	TTCCCACAGTTCCCAC-1	7753	4407	0.5684251257577712
GSM6339601	TTCCCGCCAATTAACC-1	7420	4936	0.6652291105121294
GSM6339601	TTCCCGCCACATTGCA-1	1116	779	0.6980286738351255
GSM6339601	TTCCCGCCAGTAGGAT-1	4457	2234	0.5012340139107022
GSM6339601	TTCCCGCCAGTTTACG-1	21653	20162	0.9311411813605505
GSM6339601	TTCCCGCCATAACGGG-1	22258	17682	0.7944109982927486
GSM6339601	TTCCCGCCATAGCTGC-1	2626	1539	0.586062452399086
GSM6339601	TTCCTCAAGACACTTA-1	6907	5147	0.7451860431446359
GSM6339601	TTCCTCAAGATGGAGC-1	19920	13880	0.6967871485943775
GSM6339601	TTCCTCAAGCACTAGT-1	7029	4440	0.6316688006828852
GSM6339601	TTCCTCAAGCCACAAT-1	5081	2995	0.5894508954930132
GSM6339601	TTCCTCAAGGGCCACT-1	10564	6998	0.6624384702764105
GSM6339601	TTCCTTCTCATGTGGT-1	1354	763	0.5635155096011817
GSM6339601	TTCCTTCTCTCACTCA-1	21888	13586	0.6207054093567251
GSM6339601	TTCCTTCTCTGTGAGT-1	3870	2516	0.6501291989664083
GSM6339601	TTCCTTGAGGACAATG-1	20143	13779	0.6840589783051184
GSM6339601	TTCCTTGAGGAGGGTT-1	7815	4090	0.5233525271912988
GSM6339601	TTCCTTGAGGAGTCGG-1	5436	3256	0.5989698307579102
GSM6339601	TTCCTTGAGGCAAGTA-1	6793	3790	0.5579272780803769
GSM6339601	TTCCTTGAGGTGCTGC-1	15205	11162	0.7341006247944755
GSM6339601	TTCCTTGAGGTTTACA-1	10904	7463	0.6844277329420396
GSM6339601	TTCCTTGAGTAGCGGG-1	4984	3678	0.7379614767255217
GSM6339601	TTCCTTGAGTCATGCG-1	2694	1445	0.53637713437268
GSM6339601	TTCGCAACAACCGCCA-1	894	618	0.6912751677852349
GSM6339601	TTCGCAACATTTGCTC-1	5573	3550	0.6369998205634309
GSM6339601	TTCGGTACACCTGCCT-1	827	453	0.5477629987908101
GSM6339601	TTCGGTACATTGGGAG-1	4126	2379	0.5765874939408628
GSM6339601	TTCGTGCTCATCAGTA-1	15648	9074	0.5798824130879345
GSM6339601	TTCGTTAGTATTACCC-1	7971	5191	0.6512357295195083
GSM6339601	TTCGTTAGTCATCATC-1	3320	1503	0.452710843373494
GSM6339601	TTCGTTAGTGCTGGTG-1	778	474	0.609254498714653
GSM6339601	TTCGTTAGTGGATTAT-1	15272	12294	0.8050026191723415
GSM6339601	TTCGTTAGTGTGCACG-1	21018	11534	0.5487677229041774
GSM6339601	TTCGTTAGTTTATGGG-1	1563	841	0.5380678182981445
GSM6339601	TTCGTTAGTTTGGTTC-1	7289	5868	0.8050487035258609
GSM6339601	TTCTTAGGTGGATTAT-1	3905	2724	0.6975672215108835
GSM6339601	TTCTTAGGTTATCGAG-1	2085	1335	0.6402877697841727
GSM6339601	TTCTTAGGTTGCTGGG-1	10304	6200	0.6017080745341615
GSM6339601	TTGACATCAAACCTTG-1	9241	6213	0.6723298344335029
GSM6339601	TTGACATCAAGGTACG-1	3820	2582	0.6759162303664922
GSM6339601	TTGACATCACCAGCAT-1	2160	1374	0.6361111111111111
GSM6339601	TTGACATCAGCCTTGG-1	5278	3450	0.6536566881394468
GSM6339601	TTGACATCAGGAAGCC-1	7849	4806	0.6123073002930309
GSM6339601	TTGACATCATAGGCGA-1	14423	9479	0.6572141718089163
GSM6339601	TTGACGTAGACTAAGG-1	13672	9095	0.6652282036278525
GSM6339601	TTGACGTAGCAATAGG-1	6852	4213	0.6148569760653824
GSM6339601	TTGACGTAGCCTGATG-1	1040	818	0.7865384615384615
GSM6339601	TTGACGTAGCTGGACC-1	7192	3954	0.5497775305895439
GSM6339601	TTGACTAAGGTTTGAC-1	7130	4098	0.5747545582047686
GSM6339601	TTGACTAAGTAAGTCC-1	12541	10071	0.8030460090901842
GSM6339601	TTGAGCTAGGCGAATA-1	14444	8663	0.599764608141789
GSM6339601	TTGAGCTAGTGCACGC-1	14849	10470	0.7050979863963903
GSM6339601	TTGAGCTAGTGCTGTG-1	10458	6052	0.5786957353222414
GSM6339601	TTGAGCTAGTTCCCAC-1	6459	3183	0.4928007431490943
GSM6339601	TTGAGCTAGTTTCCGC-1	11685	8726	0.7467693624304664
GSM6339601	TTGAGGCGTCAATAGT-1	10346	5446	0.5263870094722598
GSM6339601	TTGAGGCGTCGTTACT-1	1077	694	0.6443825441039925
GSM6339601	TTGAGGCGTGGACCTG-1	8457	4711	0.5570533286035237
GSM6339601	TTGAGGCGTTCACTGT-1	26089	15839	0.6071141093947641
GSM6339601	TTGAGGCGTTTGACCT-1	15397	9475	0.6153796194063779
GSM6339601	TTGATGTCAACATAAG-1	13491	7120	0.5277592469053443
GSM6339601	TTGATGTCACAAAGGT-1	19025	11450	0.6018396846254928
GSM6339601	TTGATGTCACAATGTT-1	2624	2135	0.8136432926829268
GSM6339601	TTGATGTCACCTCAGG-1	4662	3241	0.6951951951951952
GSM6339601	TTGCAACAGAACCTAC-1	8651	5245	0.6062882903710554
GSM6339601	TTGCAACAGACACCGC-1	6617	4291	0.6484811848269608
GSM6339601	TTGCAACAGCTGTCAG-1	13807	11252	0.8149489389440139
GSM6339601	TTGCAACAGGCCTGGT-1	19886	15436	0.7762244795333401
GSM6339601	TTGCAACAGGGTTATC-1	4388	3800	0.8659981768459435
GSM6339601	TTGCAAGGTAGGTTTG-1	7544	4147	0.5497083775185578
GSM6339601	TTGCAAGGTCTTACTA-1	9394	5723	0.6092186502022567
GSM6339601	TTGCAATCAATCATGT-1	3455	1758	0.5088277858176555
GSM6339601	TTGCAATCAATTTGGT-1	17073	15004	0.8788145024307386
GSM6339601	TTGCAATCACCTGCCT-1	24911	20906	0.8392276504355506
GSM6339601	TTGCAATCAGCACGTT-1	22809	18170	0.7966153711254329
GSM6339601	TTGCAATCAGGCCATT-1	17419	11896	0.6829324301050577
GSM6339601	TTGCAATCATACCCGG-1	8464	5289	0.6248818525519849
GSM6339601	TTGCAATCATTGTGAT-1	13062	7706	0.5899555963864646
GSM6339601	TTGCACACACATACTG-1	7958	4822	0.6059311384770043
GSM6339601	TTGCACACACCGGTAT-1	4354	2422	0.5562700964630225
GSM6339601	TTGCACACACTTAGGC-1	380	223	0.5868421052631579
GSM6339601	TTGCACACAGGCCAAA-1	4475	2296	0.513072625698324
GSM6339601	TTGCACACATCAGCAC-1	18016	17818	0.9890097690941385
GSM6339601	TTGCAGCCAATATAGG-1	5541	3245	0.5856343620285147
GSM6339601	TTGCAGCCAATTAGCT-1	9186	6956	0.757239277160897
GSM6339601	TTGCAGCCACAACAAA-1	3790	1949	0.5142480211081795
GSM6339601	TTGCAGCCACTGGCCA-1	16049	11278	0.7027229110848028
GSM6339601	TTGCAGCCAGCCAGTT-1	23135	16083	0.6951804625027015
GSM6339601	TTGCAGCCATTGTGTG-1	12893	8549	0.6630729853408827
GSM6339601	TTGCATTTCATCACTT-1	597	276	0.4623115577889447
GSM6339601	TTGCATTTCATGCAAC-1	16791	11606	0.6912036209874337
GSM6339601	TTGCATTTCATGGCCA-1	7595	4973	0.6547728768926926
GSM6339601	TTGCATTTCCGCAAGC-1	5739	3290	0.5732706046349538
GSM6339601	TTGCATTTCCGCCAAA-1	8462	4857	0.5739777830300166
GSM6339601	TTGCATTTCGCGACAC-1	8594	6183	0.7194554340237375
GSM6339601	TTGCATTTCGCTATGG-1	6308	3791	0.6009828788839569
GSM6339601	TTGCCCGTCCAGGTCA-1	8302	5678	0.6839315827511443
GSM6339601	TTGCCCGTCCATAAGC-1	7278	5273	0.7245122286342401
GSM6339601	TTGCCCGTCGAAGTAG-1	25806	14913	0.5778888630551035
GSM6339601	TTGCCCGTCGCATCCT-1	5727	3403	0.5942028985507246
GSM6339601	TTGCCCGTCGCTAGCA-1	14480	10177	0.7028314917127072
GSM6339601	TTGCGAGTCATGTTTC-1	4626	3045	0.6582360570687419
GSM6339601	TTGCGAGTCCCGCATT-1	520	214	0.4115384615384615
GSM6339601	TTGCGAGTCCTCACTA-1	10328	7103	0.6877420604182805
GSM6339601	TTGCGAGTCGAGGAAC-1	7266	4888	0.6727222680979906
GSM6339601	TTGCGAGTCGGTTTCC-1	21091	13844	0.6563937224408516
GSM6339601	TTGCGAGTCGTTACAA-1	5075	2608	0.5138916256157635
GSM6339601	TTGCGAGTCTAAGGAG-1	9551	7061	0.7392943147314417
GSM6339601	TTGCGAGTCTTAGTCT-1	18958	9601	0.5064352779829095
GSM6339601	TTGCGTCTCGATATTG-1	1130	590	0.5221238938053098
GSM6339601	TTGCGTCTCTTTGTAC-1	4116	3059	0.7431972789115646
GSM6339601	TTGCTCTCACTAAATC-1	17839	17371	0.9737653455911206
GSM6339601	TTGCTCTCACTGACCG-1	11185	6986	0.6245864997764864
GSM6339601	TTGCTCTCAGGATAAC-1	3104	2976	0.9587628865979382
GSM6339601	TTGCTCTCAGGCATGA-1	7045	4417	0.6269694819020581
GSM6339601	TTGCTCTCAGTTTGGC-1	11574	7164	0.6189735614307932
GSM6339601	TTGCTCTCATTAAAGG-1	8819	4716	0.5347545073137544
GSM6339601	TTGCTTAGTAACTACG-1	16514	9415	0.5701223204553711
GSM6339601	TTGCTTAGTGGAGCAA-1	9559	6982	0.7304111308714301
GSM6339601	TTGCTTAGTTACAAAC-1	12087	6607	0.5466203358980724
GSM6339601	TTGCTTAGTTGCTGGG-1	20072	14538	0.724292546831407
GSM6339601	TTGCTTAGTTTGGGTA-1	15080	9170	0.6080901856763926
GSM6339601	TTGCTTTAGACAAACG-1	21593	12757	0.5907933126476173
GSM6339601	TTGCTTTAGACTTATG-1	9812	6105	0.6221973094170403
GSM6339601	TTGCTTTAGCATTAGC-1	8543	6015	0.7040852159662881
GSM6339601	TTGCTTTAGCCTAATA-1	15686	13021	0.8301032768073441
GSM6339601	TTGCTTTAGCGCTCAA-1	7999	4385	0.5481935241905238
GSM6339601	TTGGAGGCAAATGCCC-1	4994	2498	0.500200240288346
GSM6339601	TTGGAGGCAATTATGC-1	3259	1719	0.5274624117827554
GSM6339601	TTGGAGGCAGATAGAC-1	6896	3983	0.5775812064965197
GSM6339601	TTGGAGGCAGCCAGAA-1	7830	4178	0.5335887611749681
GSM6339601	TTGGAGGCAGGCTGTT-1	3896	1900	0.48767967145790553
GSM6339601	TTGGAGGCATCCATCT-1	3825	2393	0.6256209150326797
GSM6339601	TTGGATATCAAGCTTA-1	2614	1680	0.6426931905126243
GSM6339601	TTGGATATCAGGTTTA-1	6165	3374	0.5472830494728305
GSM6339601	TTGGATATCATGCCTC-1	1285	893	0.6949416342412451
GSM6339601	TTGGATATCCTTGCAC-1	5348	2680	0.5011219147344802
GSM6339601	TTGGATATCCTTGTTG-1	350	268	0.7657142857142857
GSM6339601	TTGGATCAGCATTTCT-1	6085	3495	0.5743631881676253
GSM6339601	TTGGATCAGCCGCAAC-1	9967	8180	0.8207083375137956
GSM6339601	TTGGATCAGCGCCTAA-1	2662	1248	0.46882043576258453
GSM6339601	TTGGATCAGGTGTCCA-1	3359	2029	0.6040488240547782
GSM6339601	TTGGATCAGGTTACAC-1	17030	13250	0.7780387551379918
GSM6339601	TTGGATCAGTGACCTG-1	15456	11958	0.7736801242236024
GSM6339601	TTGGATTCAAATTCGT-1	4269	2418	0.5664089950808152
GSM6339601	TTGGATTCAACAGGTG-1	4313	3025	0.7013679573382796
GSM6339601	TTGGATTCAACCGCCA-1	7643	4187	0.5478215360460552
GSM6339601	TTGGATTCACACAATT-1	5478	3212	0.5863453815261044
GSM6339601	TTGGATTCAGGAATCG-1	12387	9618	0.7764591910874303
GSM6339601	TTGGATTCATCAATCG-1	11987	9104	0.7594894469008092
GSM6339601	TTGGATTCATGAAATG-1	4896	3246	0.6629901960784313
GSM6339601	TTGGCGGGTCACGAAC-1	1003	629	0.6271186440677966
GSM6339601	TTGGCGGGTCCTTAGT-1	2553	1738	0.6807677242459851
GSM6339601	TTGGCGGGTTAAGGTT-1	11741	10183	0.867302614768759
GSM6339601	TTGGCGGGTTCAAGCA-1	6321	3792	0.599905078310394
GSM6339601	TTGGCGGGTTGAGCCG-1	8650	4872	0.5632369942196532
GSM6339601	TTGGCTACAAAGGCCA-1	8826	5825	0.6599818717425787
GSM6339601	TTGGCTACACACCAAC-1	6226	3684	0.591712174751044
GSM6339601	TTGGCTACACCTCAGG-1	21121	17053	0.8073954831684106
GSM6339601	TTGGCTACATACTCCT-1	1110	693	0.6243243243243243
GSM6339601	TTGGCTACATGACTAT-1	3688	2166	0.5873101952277657
GSM6339601	TTGGCTACATTGCAGC-1	4772	3245	0.6800083822296731
GSM6339601	TTGGCTGAGGCTAATC-1	5527	3094	0.5597973584222906
GSM6339601	TTGGCTGAGTGCACGC-1	4948	2321	0.4690784155214228
GSM6339601	TTGGCTGAGTTGGGCC-1	11040	6071	0.5499094202898551
GSM6339601	TTGGCTTGTAACGAGG-1	2486	1781	0.7164119066773934
GSM6339601	TTGGCTTGTAATTAGC-1	11085	6733	0.6073973838520523
GSM6339601	TTGGCTTGTATTTGCC-1	3842	2513	0.6540864133263925
GSM6339601	TTGGCTTGTCAGGAAG-1	946	480	0.507399577167019
GSM6339601	TTGGCTTGTCAGGCCA-1	2122	1333	0.6281809613572101
GSM6339601	TTGGCTTGTCAGTAAT-1	2053	1297	0.6317584023380419
GSM6339601	TTGGCTTGTCGCGCAA-1	384	224	0.5833333333333334
GSM6339601	TTGGCTTGTGCTCCAC-1	9315	5701	0.6120236178207192
GSM6339601	TTGGCTTGTTAAATGC-1	8099	5519	0.6814421533522658
GSM6339601	TTGGCTTGTTAGGTTG-1	3935	2585	0.6569250317662008
GSM6339601	TTGGCTTGTTCAAGCA-1	11758	7429	0.631825140329988
GSM6339601	TTGGCTTGTTGCGCGA-1	7100	5111	0.7198591549295774
GSM6339601	TTGGGCCAGACAACGA-1	1031	578	0.5606207565470417
GSM6339601	TTGGGCCAGGCATTGT-1	17438	13247	0.759662805367588
GSM6339601	TTGGGCCAGTCACCTC-1	788	435	0.5520304568527918
GSM6339601	TTGGGCGGTAATCGCA-1	1751	1361	0.7772701313535123
GSM6339601	TTGGGCGGTCACTCGC-1	816	538	0.6593137254901961
GSM6339601	TTGGGCGGTGTGCACG-1	19669	14146	0.7192028064466928
GSM6339601	TTGGGCGGTGTTTGCT-1	6864	4247	0.6187354312354313
GSM6339601	TTGGGCGGTTCATCTA-1	14151	9797	0.6923185640590771
GSM6339601	TTGGGCGGTTGTAACG-1	5617	3040	0.5412141712658003
GSM6339601	TTGGGCGGTTGTGACA-1	13092	8049	0.6148029330889092
GSM6339601	TTGGGCGGTTTATTCG-1	6311	3427	0.5430201235937252
GSM6339601	TTGGGTTAGACAACGA-1	11168	7555	0.6764863896848138
GSM6339601	TTGGGTTAGACTAAGG-1	9803	7032	0.7173314291543406
GSM6339601	TTGGGTTAGCGATAGA-1	4301	2926	0.680306905370844
GSM6339601	TTGGGTTAGCTGGACC-1	2592	1870	0.7214506172839507
GSM6339601	TTGGGTTAGGACAACA-1	5419	3258	0.6012179368887248
GSM6339601	TTGGGTTAGGTCCTAG-1	24199	19478	0.8049092937724699
GSM6339601	TTGGGTTAGTGGACAA-1	2087	1410	0.6756109247724006
GSM6339601	TTGGTGAGTCGTTACT-1	8109	4372	0.5391540263904304
GSM6339601	TTGGTGAGTGAGCACT-1	4845	3037	0.6268317853457173
GSM6339601	TTGGTGAGTGCACGCA-1	11697	7045	0.6022911857741301
GSM6339601	TTGGTGAGTTGTGATG-1	4190	2712	0.6472553699284009
GSM6339601	TTGTAAGTCATTGACA-1	2056	1131	0.5500972762645915
GSM6339601	TTGTAAGTCCCTCTAA-1	14028	9405	0.6704448246364414
GSM6339601	TTGTAAGTCTAATCTC-1	3162	1915	0.605629348513599
GSM6339601	TTGTAAGTCTCACATT-1	6672	4156	0.6229016786570744
GSM6339601	TTGTCAAAGCAGGTTT-1	20597	12349	0.5995533330096616
GSM6339601	TTGTCAAAGGCAGGTG-1	16439	10854	0.6602591398503559
GSM6339601	TTGTCAAAGTAAGAAC-1	11902	8678	0.7291211561082171
GSM6339601	TTGTCAAAGTAGAGGC-1	5153	2874	0.5577333592082282
GSM6339601	TTGTCAAAGTATTGCA-1	15904	11015	0.6925930583501007
GSM6339601	TTGTCAAAGTGAACAG-1	14016	10221	0.7292380136986302
GSM6339601	TTGTCAAAGTTTGAGC-1	16524	11296	0.6836117162914549
GSM6339601	TTGTCCATCCATAATG-1	464	246	0.5301724137931034
GSM6339601	TTGTCCATCCGGTTGA-1	4239	2446	0.5770228827553668
GSM6339601	TTGTCCATCTAAGGAG-1	11212	6818	0.6080984659293615
GSM6339601	TTGTCCCAGAGGAGTC-1	8040	4458	0.5544776119402985
GSM6339601	TTGTCCCAGCACTAAC-1	1919	1404	0.7316310578426264
GSM6339601	TTGTCCCAGGAAGCAC-1	13771	9430	0.6847723476871687
GSM6339601	TTGTCCCAGTCAATCA-1	4661	2604	0.5586783951941643
GSM6339601	TTGTCCCAGTTAGAGG-1	2365	1112	0.4701902748414376
GSM6339601	TTGTCCGGTGCACGCA-1	12393	8750	0.7060437343661744
GSM6339601	TTGTCCGGTTAACGGC-1	24871	23138	0.9303204535402678
GSM6339601	TTGTCCGGTTAAGCGC-1	5156	2655	0.514934057408844
GSM6339601	TTGTCCGGTTTCCGGC-1	4516	2744	0.6076173604960142
GSM6339601	TTGTCCGGTTTGGGCG-1	13993	6796	0.4856714071321375
GSM6339601	TTGTGAGGTCATTGTC-1	8680	7055	0.8127880184331797
GSM6339601	TTGTGAGGTGCATTAG-1	3844	3034	0.7892819979188346
GSM6339601	TTGTGAGGTGGTGAGA-1	17813	13769	0.7729747936900017
GSM6339601	TTGTGAGGTGTGAGGA-1	3447	2164	0.6277922831447635
GSM6339601	TTGTGAGGTTTGGCTT-1	3532	2328	0.6591166477916195
GSM6339601	TTGTGCCTCAAATCGC-1	2957	1613	0.5454852891444031
GSM6339601	TTGTGCCTCACCAATA-1	10368	7023	0.6773726851851852
GSM6339601	TTGTGCCTCTCACTAT-1	2002	1098	0.5484515484515484
GSM6339601	TTGTGCGAGCAATAGG-1	444	320	0.7207207207207207
GSM6339601	TTGTGCGAGCCGCAAC-1	11049	7522	0.6807855914562404
GSM6339601	TTGTGCGAGCTGAGGG-1	4313	1976	0.4581497797356828
GSM6339601	TTGTGCGAGCTTTGTT-1	13159	8559	0.6504293639334295
GSM6339601	TTGTGCGAGGTAGCTT-1	13791	8709	0.6314988035675441
GSM6339601	TTGTGCGAGTTAGAGG-1	20915	16113	0.7704040162562754
GSM6339601	TTGTGTGCAAAGGTAC-1	11335	9865	0.870313189236877
GSM6339601	TTGTGTGCAACCTGGT-1	9833	5228	0.5316790399674566
GSM6339601	TTGTGTGCACAGAACG-1	2922	1485	0.5082135523613963
GSM6339601	TTGTGTGCACTAAATC-1	5195	3339	0.6427333974975938
GSM6339601	TTGTGTGCAGCAAGAT-1	7848	6826	0.8697757390417941
GSM6339601	TTGTGTGCAGGAATCG-1	4083	2449	0.5998040656380113
GSM6339601	TTGTGTGCAGTCTAAT-1	1746	923	0.5286368843069874
GSM6339601	TTGTGTGCATTCAGCA-1	3007	1662	0.5527103425340871
GSM6339601	TTGTTCCCAAGGTGCA-1	10278	6614	0.6435104105857171
GSM6339601	TTGTTCCCAATTGACT-1	7100	4585	0.645774647887324
GSM6339601	TTGTTCCCAGCTAATT-1	22641	16659	0.7357890552537432
GSM6339601	TTGTTCCCATAGTCAT-1	13610	9145	0.6719324026451139
GSM6339601	TTGTTGCGTCGTAATG-1	6613	7344	1.1105398457583548
GSM6339601	TTGTTGCGTGTTAAAC-1	5770	3311	0.5738301559792027
GSM6339601	TTGTTGCGTTCACCAT-1	6535	3938	0.602601377199694
GSM6339601	TTGTTGCGTTGTCCAT-1	10669	7296	0.6838504077233105
GSM6339601	TTGTTGTTCCAAATCA-1	8183	4786	0.5848710741781743
GSM6339601	TTGTTGTTCCCTCAAC-1	18366	14534	0.7913535881520201
GSM6339601	TTGTTGTTCCGTAAAC-1	8731	4735	0.5423204673004238
GSM6339601	TTGTTTGGTCAAAGGG-1	2665	1664	0.624390243902439
GSM6339601	TTGTTTGGTCCGCTGT-1	8481	5163	0.6087725504067917
GSM6339601	TTGTTTGGTCGCGCAA-1	1658	920	0.5548854041013269
GSM6339601	TTGTTTGGTTAGCAGC-1	23579	17985	0.7627549938504602
GSM6339601	TTGTTTGGTTGCTTCG-1	10449	9242	0.8844865537371998
GSM6339601	TTTAACCTCAGCATTA-1	6857	4518	0.658888726848476
GSM6339601	TTTAACCTCAGCCAAT-1	1872	970	0.5181623931623932
GSM6339601	TTTAACCTCCTCATGC-1	5263	2784	0.5289758692760783
GSM6339601	TTTAACCTCGCTTCTA-1	4498	2896	0.6438417074255225
GSM6339601	TTTAACGAGCAAGGAC-1	19186	15597	0.8129365162097363
GSM6339601	TTTAACGAGCGATACT-1	8429	4655	0.5522600545734963
GSM6339601	TTTAACGAGCTGTCAG-1	1439	1006	0.6990965948575399
GSM6339601	TTTAACGAGCTTAACA-1	5477	3784	0.690889172904875
GSM6339601	TTTAACGAGGCTAATC-1	15940	11529	0.7232747804265998
GSM6339601	TTTAACGAGTCATTTC-1	5239	3994	0.7623592288604696
GSM6339601	TTTAACGAGTTATGTG-1	7814	4708	0.6025083184028667
GSM6339601	TTTAAGCCAAAGCTAA-1	10487	6156	0.5870124916563364
GSM6339601	TTTAAGCCACCGTTCC-1	3779	1879	0.4972214871659169
GSM6339601	TTTAAGCCACCTGCTC-1	4447	3117	0.7009219698673262
GSM6339601	TTTAAGCCAGTAAAGC-1	8129	5892	0.7248124000492066
GSM6339601	TTTAAGCCAGTAGGTG-1	9265	6465	0.6977873718294657
GSM6339601	TTTAAGCCATGAATCT-1	18594	14426	0.7758416693557061
GSM6339601	TTTAAGCCATTAGCGC-1	3753	2372	0.6320277111644018
GSM6339601	TTTAAGCCATTAGGCC-1	2440	1781	0.7299180327868853
GSM6339601	TTTAAGCCATTGCAGC-1	9418	6731	0.7146952643873434
GSM6339601	TTTAAGCCATTTAAGC-1	5234	3251	0.6211310661062285
GSM6339601	TTTAAGGTCCCGAAGC-1	2081	983	0.4723690533397405
GSM6339601	TTTAAGGTCCGCCTAT-1	24050	13654	0.5677338877338878
GSM6339601	TTTAAGGTCCGGCTAA-1	1437	767	0.5337508698677801
GSM6339601	TTTAAGGTCCTAAGAC-1	9364	7827	0.8358607432721059
GSM6339601	TTTAAGGTCGTTTCTG-1	808	425	0.525990099009901
GSM6339601	TTTACGAAGAGAAGGG-1	7791	4327	0.5553844179181107
GSM6339601	TTTACGAAGCGGCTGT-1	14343	9487	0.6614376350833159
GSM6339601	TTTACGAAGCTTCCCG-1	10563	7757	0.7343557701410585
GSM6339601	TTTACGAAGGAAACTG-1	10189	8783	0.8620080478947885
GSM6339601	TTTACGAAGGCCTAAT-1	7916	4846	0.612177867609904
GSM6339601	TTTACGCGTCACGGAT-1	703	343	0.4879089615931721
GSM6339601	TTTACGCGTTGGTGAC-1	6792	3458	0.5091283863368669
GSM6339601	TTTACGCGTTGTTCAC-1	11536	7373	0.639129680998613
GSM6339601	TTTACGCGTTTACGTC-1	6649	3482	0.5236877725973831
GSM6339601	TTTAGCAAGAAAGGAA-1	5856	2975	0.508025956284153
GSM6339601	TTTAGCAAGGCGAATA-1	8103	4575	0.564605701592003
GSM6339601	TTTAGCTTCAGGGCCT-1	6438	3454	0.5365020192606399
GSM6339601	TTTAGCTTCCTACCTA-1	6128	3417	0.5576044386422977
GSM6339601	TTTAGCTTCGGCTATG-1	19450	14850	0.7634961439588689
GSM6339601	TTTAGCTTCTGTGAGT-1	21414	14182	0.6622770150368917
GSM6339601	TTTAGGATCATAACGC-1	721	333	0.4618585298196949
GSM6339601	TTTAGGATCTTGCTAT-1	3152	2344	0.7436548223350253
GSM6339601	TTTATGGAGCTAATCA-1	5670	3180	0.5608465608465608
GSM6339601	TTTATGGAGGAACGCG-1	6409	4356	0.6796692151661726
GSM6339601	TTTATGGAGTAACCAC-1	6224	4310	0.6924807197943444
GSM6339601	TTTATGGAGTTAGCCG-1	20330	15332	0.7541564190850959
GSM6339601	TTTCACCCAAGCGATG-1	7683	4797	0.6243654822335025
GSM6339601	TTTCACCCAATAAGCA-1	4782	2987	0.6246340443329151
GSM6339601	TTTCACCCAATTTGGT-1	1997	1361	0.6815222834251377
GSM6339601	TTTCACCCACCAGGTT-1	685	488	0.7124087591240876
GSM6339601	TTTCACCCAGGACACA-1	2071	1396	0.6740704973442782
GSM6339601	TTTCACCCAGGCGATA-1	13503	10255	0.7594608605495076
GSM6339601	TTTCAGTTCAAAGGCA-1	7788	4924	0.6322547508988187
GSM6339601	TTTCAGTTCCCTCAGT-1	11127	6333	0.5691561067673228
GSM6339601	TTTCAGTTCCCTTGCG-1	21597	13093	0.6062416076306895
GSM6339601	TTTCAGTTCCTTGAGG-1	12720	11616	0.9132075471698113
GSM6339601	TTTCATCAGCTGTCAG-1	3247	2113	0.6507545426547582
GSM6339601	TTTCATCAGGTAACGA-1	3599	2121	0.5893303695470964
GSM6339601	TTTCATCAGTAAGAAC-1	893	634	0.70996640537514
GSM6339601	TTTCATCAGTCACTCC-1	4359	2597	0.5957788483597155
GSM6339601	TTTCATCAGTTGCCTC-1	1464	1217	0.8312841530054644
GSM6339601	TTTCATCAGTTGCGTG-1	16731	11881	0.7101189408881716
GSM6339601	TTTCATCAGTTTGAGC-1	19359	16443	0.8493723849372385
GSM6339601	TTTCCACCAACCCTAA-1	2588	1355	0.5235703245749613
GSM6339601	TTTCCACCAATAAGCA-1	14481	7140	0.49305987155583175
GSM6339601	TTTCCACCACAGGGAC-1	6717	4059	0.6042876284055382
GSM6339601	TTTCCACCACATTAAC-1	19733	17551	0.8894238078345919
GSM6339601	TTTCCACCACCTGGTG-1	13785	8923	0.647297787450127
GSM6339601	TTTCCACCAGATAGAC-1	3232	1695	0.5244430693069307
GSM6339601	TTTCCGGGTAACCACA-1	10872	6637	0.6104672553348051
GSM6339601	TTTCCGGGTAACCAGC-1	9333	5887	0.630772527590271
GSM6339601	TTTCCGGGTCATCAAG-1	7728	4288	0.5548654244306418
GSM6339601	TTTCCGGGTCGTAATG-1	1538	1031	0.6703511053315995
GSM6339601	TTTCCGGGTCTTTATG-1	545	332	0.6091743119266055
GSM6339601	TTTCCGGGTGTGCAAC-1	1626	702	0.4317343173431734
GSM6339601	TTTCCTGAGACAAACG-1	7377	4226	0.5728615968550902
GSM6339601	TTTCCTGAGGTGCTGC-1	2642	1693	0.6408024224072673
GSM6339601	TTTCCTGAGTTGGATC-1	563	366	0.650088809946714
GSM6339601	TTTCGTCCAAGCTTAT-1	8451	5346	0.6325878594249201
GSM6339601	TTTCGTCCAATCATGT-1	3113	1685	0.5412785094763893
GSM6339601	TTTCGTCCACAACAGG-1	14054	9206	0.6550448270954888
GSM6339601	TTTCGTCCACAGCCTG-1	15688	10975	0.6995792962774094
GSM6339601	TTTCGTCCACCAAAGG-1	8146	5103	0.6264424257304199
GSM6339601	TTTCGTCCACTAAATC-1	9188	4660	0.5071832825424467
GSM6339601	TTTCGTCCATTGTGTG-1	14676	9297	0.633483237939493
GSM6339601	TTTCTCACAAACCTTG-1	26071	17259	0.6619999232864102
GSM6339601	TTTCTCACAGAGAGCC-1	21635	16840	0.7783683845620523
GSM6339601	TTTCTCACAGCTTAGC-1	3481	1963	0.5639184142487791
GSM6339601	TTTCTCACAGGCTAGA-1	14062	9519	0.6769307353150334
GSM6339601	TTTCTCACAGTTTGTG-1	18727	13908	0.742671009771987
GSM6339601	TTTCTTGCAATCCTGA-1	540	338	0.6259259259259259
GSM6339601	TTTCTTGCAGCCTAAC-1	6154	4367	0.7096197595060123
GSM6339601	TTTCTTGCAGGCATCT-1	12797	9570	0.7478315230132062
GSM6339601	TTTCTTGCATAAACCT-1	10174	5382	0.5289954786711225
GSM6339601	TTTCTTGCATAGCAGG-1	9280	5864	0.631896551724138
GSM6339601	TTTCTTGCATTATGCG-1	17824	13520	0.7585278276481149
GSM6339601	TTTGACCGTAATGGCC-1	9237	5884	0.6370033560679874
GSM6339601	TTTGACCGTACCAGGT-1	12292	7440	0.6052717214448422
GSM6339601	TTTGACCGTAGCTGCG-1	12804	9157	0.715167135270228
GSM6339601	TTTGACCGTCAACAAT-1	24188	18465	0.7633950719364975
GSM6339601	TTTGACCGTCACAGAC-1	13032	11493	0.8819060773480663
GSM6339601	TTTGACCGTGCACGCA-1	8258	6142	0.7437636231533059
GSM6339601	TTTGACCGTGTTGCAA-1	19920	14986	0.7523092369477912
GSM6339601	TTTGACCGTTCCTCCT-1	929	509	0.5479009687836384
GSM6339601	TTTGACCGTTTAGCTC-1	10197	6344	0.6221437677748357
GSM6339601	TTTGACTTCACAGCGC-1	9334	5416	0.5802442682665524
GSM6339601	TTTGACTTCATCCTAT-1	1828	1189	0.6504376367614879
GSM6339601	TTTGACTTCCAGGGAG-1	9070	5288	0.5830209481808158
GSM6339601	TTTGAGTCAAAGCTCC-1	2401	1565	0.6518117451062058
GSM6339601	TTTGAGTCAACCTAAT-1	10269	8176	0.7961826857532379
GSM6339601	TTTGAGTCACAGAACG-1	5610	3120	0.5561497326203209
GSM6339601	TTTGAGTCACTGGCTG-1	4916	3049	0.620219690805533
GSM6339601	TTTGAGTCAGCAAGGC-1	6075	3528	0.5807407407407408
GSM6339601	TTTGAGTCAGGTTCAC-1	3828	2401	0.6272204806687566
GSM6339601	TTTGAGTCAGTTGCGT-1	4505	2479	0.5502774694783574
GSM6339601	TTTGCATTCCATAAGC-1	16335	11864	0.7262932353841445
GSM6339601	TTTGCATTCGATAACC-1	6783	3628	0.5348665782102314
GSM6339601	TTTGCATTCGTTAACA-1	19531	11996	0.614203061799191
GSM6339601	TTTGCATTCTAACTGA-1	5078	3117	0.6138243402914533
GSM6339601	TTTGCGACAACCTAAT-1	600	239	0.3983333333333333
GSM6339601	TTTGCGACAGAGGCTA-1	6994	3515	0.5025736345438948
GSM6339601	TTTGCGACAGCGCTTG-1	12213	8254	0.675837222631622
GSM6339601	TTTGCGGAGATAACCC-1	8532	5165	0.6053680262541022
GSM6339601	TTTGCGGAGCACTAGT-1	3635	1921	0.5284731774415405
GSM6339601	TTTGCGGAGCGCCTAA-1	6356	3784	0.5953429830081812
GSM6339601	TTTGCGGAGCTGGACC-1	561	269	0.47950089126559714
GSM6339601	TTTGCGGAGGATAAAC-1	6742	3756	0.5571047167012756
GSM6339601	TTTGCGGAGGCGGATG-1	11058	9667	0.8742087176704648
GSM6339601	TTTGCGGAGGCTGTGC-1	4222	3504	0.8299384178114637
GSM6339601	TTTGCGGAGGGCCATC-1	795	513	0.6452830188679245
GSM6339601	TTTGCGGAGGTCCTAG-1	22400	15444	0.6894642857142858
GSM6339601	TTTGGCTGTCTTTATG-1	2156	1481	0.6869202226345084
GSM6339601	TTTGGCTGTGAAGCCT-1	13724	10643	0.7755027688720489
GSM6339601	TTTGGTAAGAGGAGTC-1	575	313	0.5443478260869565
GSM6339601	TTTGGTAAGGCTTAGT-1	583	299	0.5128644939965694
GSM6339601	TTTGGTGCAAACTCAT-1	659	361	0.5477996965098634
GSM6339601	TTTGGTGCACAAAGCG-1	20155	14384	0.7136690647482015
GSM6339601	TTTGGTGCACATGCTA-1	9292	5436	0.5850193715023676
GSM6339601	TTTGGTGCACATTGCA-1	5536	3227	0.5829118497109826
GSM6339601	TTTGGTGCATAAGGAC-1	3663	2512	0.6857766857766858
GSM6339601	TTTGGTGCATATAACC-1	4326	3447	0.7968099861303745
GSM6339601	TTTGGTGCATGAAATG-1	4459	3625	0.8129625476564252
GSM6339601	TTTGGTGCATGCTCCC-1	1084	736	0.6789667896678967
GSM6339601	TTTGGTGCATGTCGCG-1	6404	3517	0.5491880074953154
GSM6339601	TTTGTCCCAATGCGCT-1	19845	12782	0.6440917107583775
GSM6339601	TTTGTCCCAGGCTTCG-1	17831	14308	0.8024227469014638
GSM6339601	TTTGTCCCATAGCTGC-1	10352	5655	0.5462712519319938
GSM6339601	TTTGTCCCATTAAGCT-1	1672	769	0.4599282296650718
GSM6339601	TTTGTCTAGAAGCTAG-1	22949	16551	0.7212078957688788
GSM6339601	TTTGTCTAGAGAGCCG-1	8382	5215	0.6221665473633977
GSM6339601	TTTGTCTAGGACCTCA-1	3205	1629	0.5082683307332293
GSM6339601	TTTGTCTAGGCGGGTA-1	12253	8958	0.7310862645882641
GSM6339601	TTTGTCTAGGGCCACT-1	9828	5352	0.5445665445665445
GSM6339601	TTTGTCTAGGTATTGC-1	404	224	0.5544554455445545
GSM6339601	TTTGTCTAGTACCGCA-1	7245	4740	0.6542443064182195
GSM6339601	TTTGTCTAGTGATTCA-1	18725	16871	0.9009879839786382
GSM6339601	TTTGTGAAGCCTGACA-1	13329	8723	0.6544376922499813
GSM6339601	TTTGTGAAGCTTTGGG-1	7809	4687	0.6002048917915226
GSM6339601	TTTGTGAAGTTTAACG-1	13819	10640	0.7699544105941095
GSM6339601	TTTGTGGCAAGGGTTG-1	4332	2729	0.6299630655586335
GSM6339601	TTTGTGGCAGCAAATA-1	8907	6310	0.7084315706747502
GSM6339601	TTTGTGGCAGGCTGTT-1	6498	3737	0.5751000307787011
GSM6339601	TTTGTGGCATAAACCT-1	9864	5264	0.5336577453365775
GSM6339601	TTTGTGGCATAATTGC-1	7263	3935	0.5417871403001514
GSM6339601	TTTGTGGCATTGTGAT-1	5688	3207	0.5638185654008439
GSM6339601	TTTGTGTTCATTTAGG-1	2796	1750	0.6258941344778255
GSM6339601	TTTGTGTTCCTAATAG-1	15416	11628	0.7542812662169175
GSM6339601	TTTGTGTTCGTGCTTC-1	19363	12995	0.6711253421473945
GSM6339601	TTTGTGTTCTTGGACG-1	15768	11466	0.7271689497716894
GSM6339601	TTTGTTGGTCCGGTTC-1	3310	1945	0.5876132930513596
GSM6339601	TTTGTTGGTCGTAAAT-1	1838	1249	0.6795429815016322
GSM6339601	TTTGTTGGTCTCAGCC-1	16862	16285	0.965781046139248
GSM6339601	TTTGTTGGTGGGTGAA-1	9110	5771	0.6334796926454446
GSM6339601	TTTGTTGGTGTGAGAG-1	11829	6711	0.567334516865331
GSM6339601	TTTGTTGGTTGCGCGA-1	6916	3608	0.5216888374783112
