gsm	barcode	nucleosome_free	mononucleosomal	nucleosome_signal
GSM6339603	AAACAGCCAACTAACT-1	7183	8602	1.1975497702909648
GSM6339603	AAACAGCCAAGCCACT-1	6813	6013	0.8825774255100544
GSM6339603	AAACAGCCAATCATGT-1	1096	1076	0.9817518248175182
GSM6339603	AAACAGCCACACTAAT-1	17696	26692	1.508363471971067
GSM6339603	AAACAGCCATGAAATG-1	12036	12581	1.0452808241940845
GSM6339603	AAACAGCCATTGCGTA-1	474	506	1.0675105485232068
GSM6339603	AAACATGCAATCCCTT-1	13455	14173	1.0533630620587142
GSM6339603	AAACATGCAATGCCTA-1	464	549	1.1831896551724137
GSM6339603	AAACATGCACAATTAC-1	640	713	1.1140625
GSM6339603	AAACATGCACCTCGCT-1	552	442	0.8007246376811594
GSM6339603	AAACATGCACTGGCCA-1	2225	2652	1.1919101123595506
GSM6339603	AAACATGCAGCATGAG-1	7916	6000	0.7579585649317837
GSM6339603	AAACATGCATAGGCGA-1	2621	2492	0.9507821442197635
GSM6339603	AAACCAACAAAGGTAC-1	14880	15475	1.039986559139785
GSM6339603	AAACCAACATGTCAAT-1	2906	3320	1.1424638678596009
GSM6339603	AAACCGAAGCACGTTG-1	5557	6989	1.2576929998200468
GSM6339603	AAACCGAAGGATAAAC-1	728	727	0.9986263736263736
GSM6339603	AAACCGAAGGCCTAAT-1	1468	880	0.5994550408719346
GSM6339603	AAACCGCGTAGACAAA-1	2804	3363	1.199358059914408
GSM6339603	AAACCGCGTCACAAAT-1	33739	36654	1.0863985298912238
GSM6339603	AAACCGCGTCACAGAC-1	8072	6083	0.7535926660059464
GSM6339603	AAACCGCGTCACGAAC-1	24873	33430	1.3440276605154182
GSM6339603	AAACCGCGTCATAGAT-1	1551	1455	0.9381044487427466
GSM6339603	AAACCGCGTCCAAATG-1	2793	1592	0.5699964196204798
GSM6339603	AAACCGCGTCCTAACT-1	14688	13606	0.9263344226579521
GSM6339603	AAACCGCGTTATAGCG-1	804	967	1.2027363184079602
GSM6339603	AAACCGGCAAACTGTT-1	1385	1464	1.0570397111913357
GSM6339603	AAACCGGCAACTAGCC-1	1087	977	0.8988040478380864
GSM6339603	AAACCGGCAAGACTCC-1	21865	26420	1.208323805168077
GSM6339603	AAACCGGCAAGGTGGC-1	807	788	0.976456009913259
GSM6339603	AAACCGGCACAGACTC-1	28752	29658	1.0315108514190316
GSM6339603	AAACCGGCACCTAATG-1	1676	1526	0.9105011933174224
GSM6339603	AAACCGGCAGGACCAA-1	841	817	0.9714625445897741
GSM6339603	AAACCGGCATCCTGAA-1	7092	6089	0.8585730400451212
GSM6339603	AAACGCGCACGAATTT-1	2694	2557	0.9491462509279881
GSM6339603	AAACGCGCAGTTAAAG-1	10550	8545	0.8099526066350711
GSM6339603	AAACGCGCATGTCAGC-1	5456	6178	1.1323313782991202
GSM6339603	AAACGGATCAATGAGG-1	2409	2564	1.0643420506434205
GSM6339603	AAACGGATCAGCACGC-1	26723	37297	1.3956891067619654
GSM6339603	AAACGTACAAACATAG-1	849	769	0.9057714958775029
GSM6339603	AAACGTACAAGCTAAA-1	1001	1107	1.1058941058941059
GSM6339603	AAACGTACAATATAGG-1	26261	32353	1.231978980236853
GSM6339603	AAACGTACACACTAAT-1	1358	1378	1.0147275405007363
GSM6339603	AAACGTACACTAGCGT-1	818	930	1.136919315403423
GSM6339603	AAACGTACAGGCTAAG-1	16818	19032	1.1316446664288262
GSM6339603	AAACGTACATACTCCT-1	1116	781	0.6998207885304659
GSM6339603	AAACGTACATTTGCTC-1	14690	22478	1.5301565690946222
GSM6339603	AAAGCAAGTCAATAGT-1	2074	2307	1.1123432979749277
GSM6339603	AAAGCAAGTCGTTATC-1	6894	5497	0.7973600232085872
GSM6339603	AAAGCACCAACTAGCC-1	6824	5060	0.7415005861664713
GSM6339603	AAAGCACCACAAAGAC-1	39821	54137	1.359508801888451
GSM6339603	AAAGCACCATAAGTCT-1	3599	3376	0.9380383439844401
GSM6339603	AAAGCACCATGGAGGC-1	996	1011	1.0150602409638554
GSM6339603	AAAGCCCGTAAAGCGG-1	4384	4352	0.9927007299270073
GSM6339603	AAAGCCCGTAAATTGC-1	1607	1622	1.0093341630367143
GSM6339603	AAAGCCCGTCAATACG-1	3827	2595	0.6780768225764306
GSM6339603	AAAGCCCGTCGTTATC-1	537	673	1.2532588454376163
GSM6339603	AAAGCCCGTGCTGTAA-1	2540	2905	1.1437007874015748
GSM6339603	AAAGCCCGTTAGTTGG-1	6522	5514	0.8454461821527139
GSM6339603	AAAGCCGCAAGCCAGA-1	3700	4228	1.1427027027027028
GSM6339603	AAAGCCGCAATAGCCC-1	4412	3218	0.7293744333635539
GSM6339603	AAAGCCGCACAGGAAT-1	607	634	1.044481054365733
GSM6339603	AAAGCCGCACCTGCCT-1	3329	4790	1.4388705316911985
GSM6339603	AAAGCCGCACGCAACT-1	532	277	0.5206766917293233
GSM6339603	AAAGCCGCAGAACCGA-1	27909	42028	1.505894156007023
GSM6339603	AAAGCCGCAGCAAATA-1	752	775	1.0305851063829787
GSM6339603	AAAGCCGCAGCACCAT-1	529	617	1.166351606805293
GSM6339603	AAAGCCGCATAGCTTG-1	35458	48222	1.3599751819053527
GSM6339603	AAAGCGGGTAATCGTG-1	705	824	1.1687943262411347
GSM6339603	AAAGCGGGTACCGTTT-1	734	784	1.0681198910081744
GSM6339603	AAAGCGGGTCAAAGAA-1	20609	17046	0.8271143675093405
GSM6339603	AAAGCGGGTCCCGGAA-1	1441	1581	1.0971547536433033
GSM6339603	AAAGCGGGTCGACTAA-1	15650	19979	1.2766134185303515
GSM6339603	AAAGCGGGTTCAAGAT-1	32924	42849	1.3014518284534078
GSM6339603	AAAGCGGGTTCGGTAA-1	3754	3870	1.0309003729355355
GSM6339603	AAAGGACGTCACAAAT-1	1992	1797	0.9021084337349398
GSM6339603	AAAGGACGTGATTACG-1	28218	33655	1.192678432206393
GSM6339603	AAAGGACGTGCTCCGT-1	2812	3181	1.1312233285917497
GSM6339603	AAAGGACGTTAGAGGG-1	1385	1427	1.0303249097472924
GSM6339603	AAAGGACGTTCCGGGA-1	5628	5521	0.9809879175550817
GSM6339603	AAAGGACGTTGTAAAC-1	951	698	0.7339642481598317
GSM6339603	AAAGGACGTTTGGGCG-1	1770	2087	1.1790960451977401
GSM6339603	AAAGGAGCAAACTGTT-1	1411	1690	1.1977321048901488
GSM6339603	AAAGGAGCAACTGGCT-1	745	735	0.9865771812080537
GSM6339603	AAAGGAGCACAGAACG-1	2579	1273	0.49360217138425744
GSM6339603	AAAGGAGCAGAACCGA-1	23113	23400	1.0124172543590186
GSM6339603	AAAGGAGCATGTGGGA-1	1848	1992	1.077922077922078
GSM6339603	AAAGGAGCATTAAGCT-1	4775	5654	1.1840837696335078
GSM6339603	AAAGGCTCAACCTAAT-1	425	510	1.2
GSM6339603	AAAGGCTCACAAGCCT-1	3106	3550	1.1429491307147457
GSM6339603	AAAGGCTCACGGTTTA-1	2589	2586	0.9988412514484357
GSM6339603	AAAGGCTCATGAATAG-1	530	530	1.0
GSM6339603	AAAGGCTCATGACTAT-1	10258	8669	0.8450965100409437
GSM6339603	AAAGGCTCATTGTGGC-1	1501	1777	1.183877415056629
GSM6339603	AAAGGTTAGAGGAGTC-1	1993	2148	1.0777722027094832
GSM6339603	AAAGGTTAGCTGCACA-1	1680	1888	1.1238095238095238
GSM6339603	AAAGGTTAGGACACTT-1	7374	8059	1.0928939517222673
GSM6339603	AAATCCGGTAACTACG-1	15634	14199	0.908212869387233
GSM6339603	AAATCCGGTAATTAGC-1	546	464	0.8498168498168498
GSM6339603	AAATCCGGTAGTTGGC-1	13769	12319	0.894690972474399
GSM6339603	AAATCCGGTATTCGCT-1	2318	2772	1.1958584987057808
GSM6339603	AAATCCGGTCACAGAC-1	1769	1792	1.0130016958733747
GSM6339603	AAATCCGGTGAGCGAA-1	7112	6413	0.9017154105736783
GSM6339603	AAATCCGGTGCTCACC-1	16063	14443	0.8991471082612215
GSM6339603	AAATCCGGTTTGCGAA-1	923	788	0.8537378114842904
GSM6339603	AAATGCCTCACTAATG-1	1574	1412	0.8970775095298602
GSM6339603	AAATGCCTCATTCATC-1	21787	29630	1.3599853123422225
GSM6339603	AAATGCCTCCGCCTCA-1	2375	2221	0.9351578947368421
GSM6339603	AAATGCCTCCTAATAG-1	4123	4679	1.1348532621877274
GSM6339603	AAATGCCTCGGTTAGT-1	1256	1424	1.1337579617834395
GSM6339603	AAATGCCTCGTTTCTG-1	6024	6201	1.029382470119522
GSM6339603	AAATGGCCACTTCATC-1	6892	4791	0.695153801508996
GSM6339603	AAATGGCCAGATTCAT-1	1111	792	0.7128712871287128
GSM6339603	AAATGGCCAGTTAAAG-1	20718	21863	1.0552659523119992
GSM6339603	AAATGGCCAGTTTACG-1	9801	10435	1.064687276808489
GSM6339603	AAATGGCCATGAATAG-1	822	877	1.0669099756690998
GSM6339603	AACAAAGGTAGTTAAC-1	1030	1232	1.196116504854369
GSM6339603	AACAAAGGTCATCCTG-1	1068	1169	1.094569288389513
GSM6339603	AACAAAGGTGTCCAGG-1	3478	3910	1.1242093156986774
GSM6339603	AACAAAGGTTGGCCGA-1	4676	5173	1.1062874251497006
GSM6339603	AACAAAGGTTTAACCC-1	1415	1671	1.1809187279151943
GSM6339603	AACAAAGGTTTGGGCG-1	1366	1532	1.1215226939970717
GSM6339603	AACAAAGGTTTGGTTC-1	26453	36084	1.3640796885041395
GSM6339603	AACAAGCCACAGGAAT-1	966	867	0.8975155279503105
GSM6339603	AACAAGCCAGTAGCCT-1	1950	2073	1.063076923076923
GSM6339603	AACAAGCCATCCTGAA-1	1108	1332	1.2021660649819494
GSM6339603	AACAAGCCATGTTGGC-1	5419	3951	0.7291013102048348
GSM6339603	AACAAGCCATTGGGAG-1	4684	3716	0.7933390264731
GSM6339603	AACAGATAGAGAAGGG-1	7934	4458	0.561885555835644
GSM6339603	AACAGATAGAGAGCCG-1	2926	3207	1.0960355434039644
GSM6339603	AACAGATAGATAAAGC-1	543	589	1.0847145488029466
GSM6339603	AACAGATAGCTAGAAG-1	667	802	1.2023988005997002
GSM6339603	AACAGATAGGCGCACT-1	2681	2336	0.8713166728832525
GSM6339603	AACAGATAGGTATTGC-1	10780	8185	0.7592764378478665
GSM6339603	AACAGATAGGTTACAC-1	1745	1602	0.9180515759312321
GSM6339603	AACAGCAAGATGGACA-1	9235	10157	1.099837574445046
GSM6339603	AACAGCAAGGTGCTGC-1	5491	6246	1.1374977235476234
GSM6339603	AACAGGATCAAACCTA-1	25885	29154	1.1262893567703303
GSM6339603	AACAGGATCATTAGGC-1	2540	3629	1.428740157480315
GSM6339603	AACAGGATCCAGCACA-1	1732	1914	1.1050808314087759
GSM6339603	AACAGGATCCCGCATT-1	644	629	0.9767080745341615
GSM6339603	AACAGGATCGATAACC-1	3631	4304	1.1853483888735885
GSM6339603	AACAGGATCGGGACTC-1	16014	18723	1.1691644810790558
GSM6339603	AACAGGATCGTAATCA-1	15936	15451	0.9695657630522089
GSM6339603	AACAGGATCGTTCACC-1	2720	3139	1.1540441176470588
GSM6339603	AACAGGATCTCCATAT-1	2903	4050	1.3951085084395454
GSM6339603	AACAGGATCTTGGACG-1	707	793	1.1216407355021216
GSM6339603	AACATAGCAAACTAAG-1	2173	2474	1.1385181776346065
GSM6339603	AACATAGCACGGTACT-1	2129	2410	1.1319868482855802
GSM6339603	AACATAGCACTAGGTC-1	6236	5765	0.9244708146247594
GSM6339603	AACATAGCAGCAACCT-1	11832	10761	0.9094827586206896
GSM6339603	AACATAGCAGGGAGCT-1	1224	1347	1.1004901960784315
GSM6339603	AACATAGCATAGCAGG-1	703	770	1.0953058321479374
GSM6339603	AACATAGCATGAATCT-1	2685	3067	1.1422718808193668
GSM6339603	AACATAGCATGTCAGC-1	11827	11204	0.9473239198444238
GSM6339603	AACATCATCGCTATAA-1	12924	11053	0.8552305787681832
GSM6339603	AACATCATCGGGACCT-1	616	433	0.702922077922078
GSM6339603	AACATTGTCCGCTAGA-1	5298	6419	1.2115892789731975
GSM6339603	AACATTGTCCTACCTA-1	544	483	0.8878676470588235
GSM6339603	AACATTGTCCTGATTT-1	1409	1461	1.0369056068133429
GSM6339603	AACATTGTCGGCTATG-1	1895	1784	0.9414248021108179
GSM6339603	AACATTGTCTCAATTC-1	1839	2347	1.2762370853724851
GSM6339603	AACCCGCAGACAAGTG-1	2977	3290	1.1051394020826335
GSM6339603	AACCCGCAGCACTAAC-1	2315	2159	0.9326133909287257
GSM6339603	AACCCGCAGCCATCAG-1	16668	18489	1.1092512598992081
GSM6339603	AACCCGCAGCTAATTG-1	11766	8502	0.7225905150433453
GSM6339603	AACCCGCAGGAATAAC-1	543	544	1.0018416206261511
GSM6339603	AACCCGCAGGCGCTAC-1	17021	19739	1.159685094882792
GSM6339603	AACCCGCAGGGTTATC-1	2112	2367	1.1207386363636365
GSM6339603	AACCCGCAGGTTAGAG-1	3709	4527	1.220544621191696
GSM6339603	AACCGCTCAATAACCT-1	2138	2613	1.2221702525724976
GSM6339603	AACCGCTCACCTACGG-1	7123	4827	0.6776639056577285
GSM6339603	AACCGCTCACCTGGTG-1	13978	9712	0.6948061239089999
GSM6339603	AACCGCTCATCCGTAA-1	894	1125	1.2583892617449663
GSM6339603	AACCGGCTCATGCAAC-1	13924	12968	0.9313415685147945
GSM6339603	AACCGGCTCCAAGTGT-1	2548	2760	1.0832025117739403
GSM6339603	AACCGGCTCCGCACAA-1	849	763	0.8987043580683156
GSM6339603	AACCGGCTCTTGAGCG-1	1580	1572	0.9949367088607595
GSM6339603	AACCTAATCACCTGCT-1	1150	990	0.8608695652173913
GSM6339603	AACCTAATCTTGACCC-1	886	825	0.9311512415349887
GSM6339603	AACCTCACAAAGCTCC-1	13130	16962	1.2918507235338919
GSM6339603	AACCTCACAACATAAG-1	27133	42274	1.5580289684148454
GSM6339603	AACCTCACAACTGGCT-1	940	1071	1.1393617021276596
GSM6339603	AACCTCACAAGGTACG-1	827	1063	1.2853688029020556
GSM6339603	AACCTCACAATCCTAG-1	1159	1301	1.1225194132873166
GSM6339603	AACCTCACACAGGAAT-1	1393	1579	1.1335247666905959
GSM6339603	AACCTCACACCAGCAT-1	24953	34574	1.3855648619404481
GSM6339603	AACCTCACAGGCGATA-1	1481	1770	1.1951384199864956
GSM6339603	AACCTCACAGGCTTCG-1	1280	1516	1.184375
GSM6339603	AACCTCACAGGTTCAC-1	598	678	1.1337792642140467
GSM6339603	AACCTCCTCAGGGCCT-1	34064	39374	1.15588304368248
GSM6339603	AACCTCCTCAGTATTG-1	11540	13746	1.191161178509532
GSM6339603	AACCTCCTCATGCAAC-1	1196	1249	1.044314381270903
GSM6339603	AACCTCCTCCCAGTAG-1	1260	1473	1.1690476190476191
GSM6339603	AACCTCCTCCCTCATA-1	558	561	1.0053763440860215
GSM6339603	AACCTCCTCGATTCTT-1	27962	33133	1.1849295472426864
GSM6339603	AACCTCCTCGGGACTC-1	1328	1292	0.9728915662650602
GSM6339603	AACCTCCTCTCATCAT-1	20877	23050	1.1040858360875605
GSM6339603	AACCTCCTCTGCAACG-1	2942	2964	1.0074779061862678
GSM6339603	AACCTTAAGAAGGTGC-1	32116	45702	1.4230290198032134
GSM6339603	AACCTTAAGGAGCATA-1	1813	1640	0.9045780474351903
GSM6339603	AACCTTAAGGCTACTG-1	1259	1278	1.0150913423351866
GSM6339603	AACCTTAAGTCACCTC-1	1176	1363	1.159013605442177
GSM6339603	AACCTTAAGTTAGTGC-1	3747	4732	1.2628769682412597
GSM6339603	AACCTTGCAAACTAAG-1	1360	1177	0.8654411764705883
GSM6339603	AACCTTGCACAAAGCG-1	2890	3412	1.1806228373702423
GSM6339603	AACCTTGCATATTGAC-1	1124	1332	1.1850533807829182
GSM6339603	AACCTTGCATGTCAAT-1	759	769	1.013175230566535
GSM6339603	AACGACAAGCACTAGT-1	5097	6687	1.3119482048263684
GSM6339603	AACGACAAGCATGGTT-1	5864	7183	1.224931787175989
GSM6339603	AACGACAAGCTAAAGG-1	4637	5316	1.146430882035799
GSM6339603	AACGACAAGCTATTAG-1	13337	14176	1.0629077003823948
GSM6339603	AACGACAAGGAACGGT-1	1068	1236	1.1573033707865168
GSM6339603	AACGACAAGGCCTGGT-1	2290	2596	1.1336244541484717
GSM6339603	AACGACAAGTATCGCG-1	13355	14821	1.109771621115687
GSM6339603	AACGACAAGTTCCTCA-1	11842	14528	1.226819793953724
GSM6339603	AACGACAAGTTTCCGC-1	4733	4891	1.033382632579759
GSM6339603	AACGCCCAGAATGACG-1	30113	34770	1.1546508152625112
GSM6339603	AACGCCCAGCCATCAG-1	585	598	1.0222222222222221
GSM6339603	AACGCCCAGCGCCTAA-1	3594	3068	0.8536449638286032
GSM6339603	AACGCCCAGCTGGAAA-1	3262	3726	1.1422440220723482
GSM6339603	AACGCCCAGGCCCAGT-1	1685	1804	1.0706231454005934
GSM6339603	AACGCCCAGGTGTCCA-1	16520	21323	1.2907384987893462
GSM6339603	AACGCCCAGTATTGCA-1	10018	9748	0.9730485126771811
GSM6339603	AACGCTAGTATGGTGC-1	756	816	1.0793650793650793
GSM6339603	AACGCTAGTATTGCAG-1	490	518	1.0571428571428572
GSM6339603	AACGCTAGTCTTTGAC-1	710	455	0.6408450704225352
GSM6339603	AACGCTAGTGGATTAT-1	13222	14253	1.0779761004386628
GSM6339603	AACGCTAGTTCCGGCT-1	25386	30836	1.214685259591901
GSM6339603	AACGGTAAGCTATGAC-1	26047	29903	1.148040081391331
GSM6339603	AACGGTAAGGCATGTT-1	39702	42435	1.0688378419223212
GSM6339603	AACGGTAAGGCCGGAA-1	20307	24154	1.1894420643127985
GSM6339603	AACGGTAAGGCGCATC-1	17149	19307	1.1258382412968686
GSM6339603	AACTACTCAAGCTAAA-1	1963	2762	1.4070300560366786
GSM6339603	AACTACTCACCAGCAT-1	483	537	1.1118012422360248
GSM6339603	AACTACTCAGGCCATT-1	535	612	1.1439252336448598
GSM6339603	AACTACTCAGTGAACG-1	3459	4006	1.1581381902283898
GSM6339603	AACTACTCATCAGTAT-1	24154	29513	1.2218680135795312
GSM6339603	AACTACTCATGATTGT-1	875	1058	1.209142857142857
GSM6339603	AACTAGCTCAAACCGT-1	5375	6779	1.2612093023255815
GSM6339603	AACTAGCTCCAACTGG-1	5070	3582	0.7065088757396449
GSM6339603	AACTAGCTCGACAAAG-1	1528	879	0.5752617801047121
GSM6339603	AACTAGCTCGAGGAGT-1	2686	3057	1.1381236038719285
GSM6339603	AACTAGCTCTTGCAGG-1	3096	2808	0.9069767441860465
GSM6339603	AACTAGCTCTTGTCCA-1	11544	9163	0.7937456687456688
GSM6339603	AACTAGTGTAGCAGCT-1	31863	38607	1.2116561529046228
GSM6339603	AACTAGTGTAGCTAAT-1	3285	3786	1.1525114155251142
GSM6339603	AACTAGTGTAGGTTGC-1	4422	4950	1.1194029850746268
GSM6339603	AACTAGTGTGATTACG-1	1613	1760	1.0911345319280843
GSM6339603	AACTAGTGTTTGGCTT-1	26589	40544	1.5248410997028847
GSM6339603	AACTCACAGCAAGGAC-1	15731	18626	1.184031530099803
GSM6339603	AACTCACAGCTGCACA-1	2341	2962	1.2652712516018796
GSM6339603	AACTCACAGCTTAGTA-1	1724	1665	0.9657772621809745
GSM6339603	AACTCACAGGAGGGTT-1	2404	2750	1.1439267886855242
GSM6339603	AACTCACAGTCCTGAG-1	4166	4600	1.1041766682669227
GSM6339603	AACTCACAGTTAGGCT-1	31822	33268	1.0454402614543397
GSM6339603	AACTCACAGTTAGTTG-1	13083	12469	0.9530688679966368
GSM6339603	AACTGTTCAATAGCCC-1	2080	2214	1.064423076923077
GSM6339603	AACTGTTCACTAAGCC-1	717	868	1.2105997210599722
GSM6339603	AACTGTTCAGTGAACG-1	682	797	1.1686217008797655
GSM6339603	AACTGTTCATCTAGCA-1	1896	2009	1.0595991561181435
GSM6339603	AACTGTTCATTATGCG-1	4387	5070	1.1556872578071575
GSM6339603	AACTTAGTCGTCAAGT-1	13284	12964	0.9759108702198133
GSM6339603	AAGAACAGTACCGAAC-1	1360	1597	1.174264705882353
GSM6339603	AAGAACAGTACGTTTC-1	4260	3259	0.7650234741784038
GSM6339603	AAGAACAGTCCGCTGT-1	655	589	0.899236641221374
GSM6339603	AAGAATCAGCTAATTG-1	3364	3587	1.0662901307966706
GSM6339603	AAGAATCAGGAACGCG-1	10770	10938	1.0155988857938718
GSM6339603	AAGAATCAGGAGTCTT-1	1631	1569	0.9619865113427345
GSM6339603	AAGAATCAGGTAAGGC-1	4380	3579	0.8171232876712329
GSM6339603	AAGAATCAGTTCCTCA-1	4650	5237	1.126236559139785
GSM6339603	AAGACAAGTCAAAGGG-1	9423	6731	0.7143160352329406
GSM6339603	AAGACAAGTCAAGTAT-1	15831	15443	0.9754911250078959
GSM6339603	AAGACAAGTCATGAGC-1	501	492	0.9820359281437125
GSM6339603	AAGACAAGTGGATTAT-1	3899	4098	1.0510387278789433
GSM6339603	AAGACAAGTTAGGCGT-1	20734	21037	1.014613678016784
GSM6339603	AAGACAAGTTGACTTC-1	2462	1825	0.7412672623883022
GSM6339603	AAGACAAGTTGAGGTC-1	16358	21897	1.3386110771487958
GSM6339603	AAGACAAGTTGGCCGA-1	972	919	0.9454732510288066
GSM6339603	AAGACAAGTTTAACCC-1	4321	3463	0.801434853043277
GSM6339603	AAGACATAGAGGCTAA-1	7902	9687	1.2258921791951405
GSM6339603	AAGACATAGCCTAACG-1	30580	38115	1.2464028776978417
GSM6339603	AAGACATAGCTCCTAC-1	32062	43360	1.3523797642068491
GSM6339603	AAGACATAGGCTGGCT-1	2255	2238	0.9924611973392461
GSM6339603	AAGACATAGTAAGGGC-1	4742	5819	1.227119358920287
GSM6339603	AAGACATAGTATTGGC-1	17733	18865	1.063835786386962
GSM6339603	AAGACATAGTTATCTC-1	35319	49565	1.4033523032928452
GSM6339603	AAGACCAAGCATGCAT-1	2814	2925	1.0394456289978677
GSM6339603	AAGCAAGTCAAATCGC-1	24414	29270	1.198902269189809
GSM6339603	AAGCAAGTCCCGAAGC-1	1001	889	0.8881118881118881
GSM6339603	AAGCAAGTCCTTGCGT-1	721	806	1.117891816920943
GSM6339603	AAGCAAGTCGCACAAT-1	1470	1695	1.153061224489796
GSM6339603	AAGCAAGTCTGCAACG-1	941	1009	1.0722635494155155
GSM6339603	AAGCATGAGATAGACG-1	681	712	1.0455212922173274
GSM6339603	AAGCATGAGCATGCAT-1	4837	4822	0.9968989042795121
GSM6339603	AAGCATGAGCGTGCGT-1	2112	2066	0.978219696969697
GSM6339603	AAGCATGAGGAAGCTA-1	26300	21000	0.7984790874524715
GSM6339603	AAGCATGAGGACCTTG-1	1073	1116	1.0400745573159367
GSM6339603	AAGCATGAGTAAGGGC-1	36124	49428	1.36828701140516
GSM6339603	AAGCCACGTACCGAAC-1	1960	2117	1.0801020408163264
GSM6339603	AAGCCACGTCATTACC-1	25520	28252	1.1070532915360503
GSM6339603	AAGCCACGTCGCAATA-1	1668	2044	1.225419664268585
GSM6339603	AAGCCACGTGGAGCAA-1	2448	2480	1.0130718954248366
GSM6339603	AAGCCACGTTAGGCTA-1	14481	18157	1.2538498722463918
GSM6339603	AAGCCACGTTTGTCTA-1	5082	3404	0.669815033451397
GSM6339603	AAGCCTCCATGGCCTG-1	18319	21654	1.1820514220208527
GSM6339603	AAGCCTCCATGTCAAT-1	650	718	1.1046153846153846
GSM6339603	AAGCCTGTCCGCCTCA-1	43417	34197	0.787640785867287
GSM6339603	AAGCCTGTCCTCGATC-1	3887	4060	1.0445073321327503
GSM6339603	AAGCCTGTCGACAAAG-1	1901	1934	1.0173592845870594
GSM6339603	AAGCCTGTCGGTCAAT-1	2493	2415	0.9687123947051745
GSM6339603	AAGCCTGTCTTGTCTG-1	666	577	0.8663663663663663
GSM6339603	AAGCCTTAGCTGGAAA-1	4280	4270	0.9976635514018691
GSM6339603	AAGCCTTAGGGTCTAT-1	4946	5267	1.0649009300444805
GSM6339603	AAGCCTTAGGTGCTGC-1	2872	2613	0.9098189415041783
GSM6339603	AAGCCTTAGTCATTTC-1	16195	15415	0.9518369867242976
GSM6339603	AAGCGAATCACTTCAT-1	16339	18193	1.1134708366485098
GSM6339603	AAGCGAATCATAACTG-1	11976	12204	1.0190380761523046
GSM6339603	AAGCGAATCATTTAGG-1	3076	4230	1.3751625487646293
GSM6339603	AAGCGAATCCGTTAAA-1	15556	14223	0.9143095911545385
GSM6339603	AAGCGAATCGTGCTAG-1	2573	2564	0.9965021375825884
GSM6339603	AAGCGAATCGTTTCGC-1	2716	3145	1.1579528718703977
GSM6339603	AAGCGAGGTAAATTGC-1	2781	2936	1.0557353469974828
GSM6339603	AAGCGAGGTAACGGGA-1	1174	1181	1.005962521294719
GSM6339603	AAGCGAGGTATCTGGA-1	7468	9088	1.2169255490091055
GSM6339603	AAGCGAGGTCAAGTGC-1	2038	2650	1.3002944062806674
GSM6339603	AAGCGAGGTCCTAACT-1	28773	42851	1.4892781427032287
GSM6339603	AAGCGAGGTTAAGCCA-1	14139	17240	1.2193224414739374
GSM6339603	AAGCGAGGTTAAGGCC-1	3403	2780	0.8169262415515721
GSM6339603	AAGCGAGGTTACTAGG-1	658	618	0.939209726443769
GSM6339603	AAGCGAGGTTAGCAGC-1	13048	8737	0.6696045370938075
GSM6339603	AAGCGAGGTTGCGTAA-1	452	451	0.9977876106194691
GSM6339603	AAGCGCTGTATTTGGG-1	33409	37492	1.1222125774491902
GSM6339603	AAGCGCTGTCAATGTG-1	2260	2898	1.2823008849557522
GSM6339603	AAGCGCTGTCGACTCC-1	2729	3049	1.1172590692561377
GSM6339603	AAGCGCTGTTATAGCG-1	463	541	1.1684665226781858
GSM6339603	AAGCGCTGTTGTAAAC-1	23810	32223	1.3533389332213355
GSM6339603	AAGCGGGTCAAATCGC-1	35375	43747	1.2366643109540636
GSM6339603	AAGCGGGTCAACAAGG-1	11919	8076	0.67757362194815
GSM6339603	AAGCGGGTCACGCCAA-1	3597	3720	1.0341951626355297
GSM6339603	AAGCGGGTCGCAACAT-1	1418	1398	0.9858956276445698
GSM6339603	AAGCGTTTCATCCTGC-1	8024	6634	0.8267696909272183
GSM6339603	AAGCGTTTCATGGTTA-1	32389	35399	1.092932785822347
GSM6339603	AAGCGTTTCCCATAAA-1	1552	1834	1.181701030927835
GSM6339603	AAGCGTTTCCCTCACG-1	13441	9355	0.6960047615504799
GSM6339603	AAGCGTTTCCGCAAAT-1	552	625	1.1322463768115942
GSM6339603	AAGCGTTTCGATTTAG-1	3312	3530	1.0658212560386473
GSM6339603	AAGCGTTTCGCACACA-1	7729	5006	0.6476905162375469
GSM6339603	AAGCGTTTCGCGACAC-1	1612	2074	1.2866004962779156
GSM6339603	AAGCGTTTCGCTAGAT-1	2379	2715	1.141235813366961
GSM6339603	AAGCGTTTCGTTACAA-1	1154	1202	1.0415944540727904
GSM6339603	AAGCTAGAGCTGTAAC-1	5212	5593	1.0731005372217959
GSM6339603	AAGCTATGTACGGTAC-1	420	571	1.3595238095238096
GSM6339603	AAGCTATGTAGCCATA-1	1239	1182	0.9539951573849879
GSM6339603	AAGCTATGTATTACCC-1	716	770	1.0754189944134078
GSM6339603	AAGCTATGTATTGTGG-1	2394	2593	1.08312447786132
GSM6339603	AAGCTATGTCACCTAT-1	2095	2425	1.1575178997613365
GSM6339603	AAGCTATGTGTCCAAA-1	1564	1798	1.149616368286445
GSM6339603	AAGCTATGTTGGCGTG-1	1883	2205	1.171003717472119
GSM6339603	AAGCTCCCAACCTAAT-1	2324	2519	1.083907056798623
GSM6339603	AAGCTCCCACAAGCCT-1	20107	29859	1.4850052220619685
GSM6339603	AAGCTCCCACTAAGAA-1	4206	4886	1.1616737993342843
GSM6339603	AAGCTCCCAGCAACAG-1	20642	23460	1.136517779284953
GSM6339603	AAGCTCCCAGGACCAA-1	585	623	1.064957264957265
GSM6339603	AAGCTTGGTAGGTTGC-1	3260	3374	1.0349693251533743
GSM6339603	AAGCTTGGTGTTGCTT-1	560	587	1.0482142857142858
GSM6339603	AAGCTTGGTTCCGGCT-1	10313	10861	1.0531368176088431
GSM6339603	AAGCTTGGTTTGAGCA-1	10105	8055	0.7971301335972291
GSM6339603	AAGGATCCAATAGCCC-1	1210	1155	0.9545454545454546
GSM6339603	AAGGATCCAATTGAGA-1	2627	2493	0.9489912447658927
GSM6339603	AAGGATCCATGACTAT-1	32162	38012	1.1818916734033953
GSM6339603	AAGGATGTCAACAAGG-1	498	496	0.9959839357429718
GSM6339603	AAGGATGTCATAACGC-1	1757	1587	0.9032441661923734
GSM6339603	AAGGATGTCATCCACC-1	3405	3963	1.1638766519823789
GSM6339603	AAGGATGTCATGCGTG-1	20751	29768	1.434533275504795
GSM6339603	AAGGATGTCCGGAACC-1	911	1075	1.1800219538968166
GSM6339603	AAGGATGTCCTCACAC-1	20027	25075	1.2520597193788385
GSM6339603	AAGGATGTCGGTTACG-1	1084	1076	0.992619926199262
GSM6339603	AAGGATGTCGTTATCT-1	1989	2544	1.2790346907993966
GSM6339603	AAGGATGTCTTGCAAA-1	2125	2878	1.3543529411764705
GSM6339603	AAGGATTAGCTATTGA-1	413	442	1.0702179176755449
GSM6339603	AAGGATTAGCTTAACA-1	2919	3584	1.2278177458033572
GSM6339603	AAGGATTAGGACCTTG-1	2003	1973	0.9850224663005491
GSM6339603	AAGGATTAGTAGAGGC-1	945	1069	1.1312169312169311
GSM6339603	AAGGATTAGTCATTTC-1	3199	3673	1.148171303532354
GSM6339603	AAGGATTAGTTAGTGC-1	7149	5551	0.7764722338788642
GSM6339603	AAGGCCCTCACGCGGT-1	659	778	1.180576631259484
GSM6339603	AAGGCCCTCACTTTAC-1	2639	2398	0.9086775293671845
GSM6339603	AAGGCCCTCAGCTAAC-1	24854	22896	0.9212199243582522
GSM6339603	AAGGCCCTCCCATAAA-1	948	1093	1.1529535864978904
GSM6339603	AAGGCCCTCGGCCATA-1	39049	36244	0.9281671745755333
GSM6339603	AAGGTATAGCCTCTCG-1	2314	2275	0.9831460674157303
GSM6339603	AAGGTATAGCTACTGG-1	18173	18877	1.0387387883123316
GSM6339603	AAGGTATAGTAAGTGG-1	3850	4298	1.1163636363636364
GSM6339603	AAGGTATAGTAATCCA-1	957	1107	1.1567398119122256
GSM6339603	AAGGTATAGTCAGGCC-1	7628	7181	0.9414001048767698
GSM6339603	AAGGTATAGTGCTGTG-1	1762	2198	1.2474460839954598
GSM6339603	AAGGTATAGTTAGGCT-1	9413	7615	0.8089875703813875
GSM6339603	AAGGTCAAGCTCAATA-1	15173	14981	0.9873459434521848
GSM6339603	AAGGTCAAGGACACTT-1	20279	24577	1.2119433897134968
GSM6339603	AAGGTCAAGGCCTAAT-1	2683	2804	1.0450987700335446
GSM6339603	AAGGTCAAGGCGAATA-1	25812	37549	1.4547109871377655
GSM6339603	AAGGTCAAGTCATGCG-1	26904	28777	1.0696179006839133
GSM6339603	AAGGTGCAGCATGTCG-1	20206	26976	1.3350489953479165
GSM6339603	AAGGTGCAGCCGCTTT-1	21533	31154	1.446802582083314
GSM6339603	AAGGTGCAGGAACACA-1	4811	5709	1.1866555809602992
GSM6339603	AAGGTGCAGGCCTAAT-1	2538	3174	1.2505910165484633
GSM6339603	AAGGTGCAGTCATGCG-1	4146	4786	1.1543656536420646
GSM6339603	AAGGTGCAGTGAGCGG-1	3092	3159	1.0216688227684347
GSM6339603	AAGTAGCCAAGCTACC-1	1035	1155	1.1159420289855073
GSM6339603	AAGTAGCCATCAATCG-1	17140	15095	0.8806884480746792
GSM6339603	AAGTCTATCATTAGGC-1	15316	17931	1.1707364847218595
GSM6339603	AAGTCTATCGAAGCGG-1	1211	1198	0.9892650701899257
GSM6339603	AAGTCTATCGCAACAT-1	3915	3410	0.8710089399744572
GSM6339603	AAGTCTATCGGTAACT-1	499	593	1.188376753507014
GSM6339603	AAGTCTATCGGTCAGC-1	1033	686	0.6640851887705711
GSM6339603	AAGTCTATCTTAGCCC-1	1482	1641	1.1072874493927125
GSM6339603	AAGTGAAGTCACACCC-1	10509	11502	1.0944904367684842
GSM6339603	AAGTGCAAGAAGGTGC-1	2034	2120	1.0422812192723696
GSM6339603	AAGTGCAAGCCAGGTC-1	697	653	0.9368723098995696
GSM6339603	AAGTGCAAGCGGTTAT-1	756	928	1.2275132275132274
GSM6339603	AAGTGCAAGGTCCGTA-1	23509	25545	1.0866051299502317
GSM6339603	AAGTGTTGTAAGCTTG-1	30397	39021	1.2837122084416226
GSM6339603	AAGTGTTGTAATGACT-1	542	496	0.915129151291513
GSM6339603	AAGTGTTGTGCTAGCG-1	34004	38704	1.1382190330549347
GSM6339603	AAGTGTTGTGTAATAC-1	747	783	1.0481927710843373
GSM6339603	AAGTGTTGTTAAGCGC-1	1814	1960	1.0804851157662625
GSM6339603	AAGTGTTGTTACGCGG-1	1436	1415	0.9853760445682451
GSM6339603	AAGTGTTGTTCAAGAT-1	35134	36711	1.044885296294188
GSM6339603	AAGTGTTGTTGTAAAC-1	3253	2800	0.8607439286812173
GSM6339603	AAGTGTTGTTTGTCTA-1	9226	7970	0.8638629958812053
GSM6339603	AAGTTACGTATTGTGG-1	24839	31329	1.2612826603325415
GSM6339603	AAGTTACGTCGTTATC-1	957	1020	1.0658307210031348
GSM6339603	AAGTTACGTGTTTGTC-1	870	752	0.864367816091954
GSM6339603	AAGTTACGTTAGAGGG-1	805	915	1.1366459627329193
GSM6339603	AAGTTAGCAAACTAAG-1	2144	2552	1.1902985074626866
GSM6339603	AAGTTAGCAACAGGAT-1	2760	2604	0.9434782608695652
GSM6339603	AAGTTAGCAACATAAG-1	4158	4729	1.1373256373256373
GSM6339603	AAGTTAGCAACTAGGG-1	3292	3778	1.1476306196840826
GSM6339603	AAGTTAGCACTAAGCC-1	830	843	1.0156626506024096
GSM6339603	AAGTTAGCAGCAAGTG-1	25689	31075	1.2096617229164233
GSM6339603	AAGTTAGCAGCACGAA-1	2809	3024	1.0765396938412246
GSM6339603	AAGTTAGCATTGACAT-1	21623	24688	1.141747213615132
GSM6339603	AAGTTTGTCACATTGA-1	2276	2827	1.242091388400703
GSM6339603	AAGTTTGTCGTCATTT-1	941	1062	1.128586609989373
GSM6339603	AAGTTTGTCTCTAGCC-1	1943	2147	1.1049922799794132
GSM6339603	AATAACCGTAAAGCAA-1	13028	12103	0.9289990789069696
GSM6339603	AATAACCGTCATTGTC-1	1994	1795	0.9002006018054163
GSM6339603	AATAACCGTGCTCCAC-1	16518	21912	1.3265528514347984
GSM6339603	AATAACCGTTATGTGG-1	413	440	1.0653753026634383
GSM6339603	AATACCGGTATTGAGT-1	517	493	0.9535783365570599
GSM6339603	AATACCGGTGGATGTC-1	941	979	1.0403825717321997
GSM6339603	AATACCGGTGTTGTAG-1	15417	13552	0.8790296426023221
GSM6339603	AATACCGGTTAGAGCC-1	12852	11022	0.857609710550887
GSM6339603	AATACCGGTTGAAGCC-1	2446	2441	0.9979558462796402
GSM6339603	AATACCGGTTGCACGG-1	16264	16541	1.0170314805705853
GSM6339603	AATACCGGTTGGCCGA-1	1711	1981	1.1578024547048509
GSM6339603	AATAGAGGTAAGGTCC-1	834	1144	1.3717026378896882
GSM6339603	AATAGAGGTACCGGAT-1	1047	857	0.8185291308500477
GSM6339603	AATAGAGGTCTTACTA-1	1013	1170	1.154985192497532
GSM6339603	AATAGAGGTTGCACGG-1	4499	4934	1.0966881529228718
GSM6339603	AATAGAGGTTTATGGG-1	3659	2306	0.6302268379338617
GSM6339603	AATAGAGGTTTGCGAA-1	1116	1362	1.2204301075268817
GSM6339603	AATAGCTGTATTGTGG-1	15798	15205	0.9624636029877199
GSM6339603	AATAGCTGTCAATACG-1	465	594	1.2774193548387096
GSM6339603	AATAGCTGTCAGGAAG-1	1035	1056	1.0202898550724637
GSM6339603	AATAGCTGTCCGGTTC-1	1043	1322	1.267497603068073
GSM6339603	AATAGCTGTTAAGCCA-1	1922	2208	1.1488033298647242
GSM6339603	AATAGCTGTTAATGCG-1	8673	9750	1.1241784849533034
GSM6339603	AATAGCTGTTCATCTA-1	26268	34420	1.310339576671235
GSM6339603	AATAGCTGTTGGTTAG-1	1652	1714	1.0375302663438257
GSM6339603	AATATCCCAAACATAG-1	67917	69095	1.017344700148711
GSM6339603	AATATCCCAAGCCAGA-1	4325	4874	1.126936416184971
GSM6339603	AATATCCCAAGGTCCT-1	1395	1712	1.2272401433691755
GSM6339603	AATATCCCAATAATCC-1	14146	10837	0.7660822847448042
GSM6339603	AATATCCCAATCATGT-1	26310	38005	1.444507791714177
GSM6339603	AATATCCCAGCACCAT-1	14854	15874	1.0686683721556482
GSM6339603	AATATCCCATAGCGAG-1	1513	1576	1.0416391275611367
GSM6339603	AATATCCCATAGCGGA-1	591	669	1.131979695431472
GSM6339603	AATATCCCATGCAACC-1	1513	1719	1.1361533377395903
GSM6339603	AATATCCCATGTCAAT-1	7437	10391	1.3972031733225763
GSM6339603	AATCAGGAGCATTATG-1	14160	15090	1.0656779661016949
GSM6339603	AATCAGGAGCCAGGTC-1	1502	1728	1.1504660452729694
GSM6339603	AATCAGGAGCCTAACG-1	28647	31348	1.0942856145495166
GSM6339603	AATCAGGAGGCGGGTA-1	1666	1635	0.9813925570228091
GSM6339603	AATCAGGAGGCTTAGT-1	6444	4728	0.7337057728119181
GSM6339603	AATCAGGAGGGATGAC-1	1087	1167	1.0735970561177552
GSM6339603	AATCAGGAGTTGGCCA-1	2417	2218	0.9176665287546545
GSM6339603	AATCAGGAGTTTGGTA-1	1280	1467	1.14609375
GSM6339603	AATCATCCAAATTCGT-1	1971	1798	0.9122272957889396
GSM6339603	AATCATCCAATCCCTT-1	14330	14187	0.9900209351011863
GSM6339603	AATCATCCAATTAACC-1	3003	3485	1.1605061605061604
GSM6339603	AATCATCCACCATATG-1	506	691	1.365612648221344
GSM6339603	AATCATCCAGGCATGA-1	5392	4582	0.8497774480712166
GSM6339603	AATCATCCAGGTATTT-1	1266	1561	1.2330173775671407
GSM6339603	AATCATCCAGTACCGT-1	1174	1540	1.31175468483816
GSM6339603	AATCATCCATCATGTG-1	14386	18359	1.27617127763103
GSM6339603	AATCATGTCAAGCCTG-1	652	651	0.9984662576687117
GSM6339603	AATCATGTCATAACTG-1	879	1017	1.1569965870307166
GSM6339603	AATCATGTCATGTCAA-1	1280	1374	1.0734375
GSM6339603	AATCATGTCGCCTGTT-1	13126	13660	1.0406826146579309
GSM6339603	AATCATGTCGGTTTGG-1	17448	13971	0.8007221458046767
GSM6339603	AATCCATCAACTGGCT-1	19292	20268	1.0505909185154467
GSM6339603	AATCCATCAAGCTACC-1	3387	3863	1.140537348686153
GSM6339603	AATCCATCAATTTGGT-1	10779	8949	0.8302254383523517
GSM6339603	AATCCATCAGAAATTG-1	653	788	1.206738131699847
GSM6339603	AATCCATCAGTTATCG-1	18710	17288	0.9239978621058258
GSM6339603	AATCCATCATTGTGCA-1	31336	36639	1.1692302782741895
GSM6339603	AATCCCTGTAAGCACC-1	8349	5234	0.6269014253203976
GSM6339603	AATCCCTGTCACAAAT-1	794	940	1.1838790931989924
GSM6339603	AATCCCTGTCATTGAG-1	23723	26517	1.117775997976647
GSM6339603	AATCCCTGTCGTTACT-1	911	1019	1.1185510428100989
GSM6339603	AATCCCTGTCTATCGT-1	936	977	1.0438034188034189
GSM6339603	AATCCCTGTGGGTACT-1	4230	4851	1.146808510638298
GSM6339603	AATCCCTGTTAGGCTA-1	24851	21448	0.863063860609231
GSM6339603	AATCCCTGTTAGGTGC-1	4436	4835	1.089945897204689
GSM6339603	AATCCCTGTTGTAACG-1	1963	2253	1.1477330616403465
GSM6339603	AATCCGTAGAAACTGG-1	1647	1838	1.1159684274438373
GSM6339603	AATCCGTAGAACAAGT-1	1265	1345	1.0632411067193677
GSM6339603	AATCCGTAGCCACAAT-1	2358	2787	1.1819338422391859
GSM6339603	AATCCGTAGGAAGCTA-1	3666	3789	1.0335515548281506
GSM6339603	AATCCGTAGGCAGGTG-1	1285	1454	1.1315175097276264
GSM6339603	AATCCGTAGGGATGAC-1	915	1040	1.1366120218579234
GSM6339603	AATCCGTAGGGCCACT-1	3575	3730	1.0433566433566435
GSM6339603	AATCCGTAGTTAGACC-1	4482	5467	1.2197679607318161
GSM6339603	AATCCTAAGAGAGGCT-1	9490	9315	0.9815595363540569
GSM6339603	AATCCTAAGAGGAGTC-1	19892	17058	0.8575306655942088
GSM6339603	AATCCTAAGCAAGACA-1	31071	50568	1.6274983103215217
GSM6339603	AATCCTAAGCCATCAG-1	20074	20766	1.034472451927867
GSM6339603	AATCCTAAGCGCTCAA-1	13849	15940	1.1509856307314608
GSM6339603	AATCCTAAGCGGATAA-1	32207	40172	1.2473064861676033
GSM6339603	AATCCTAAGCTTACTT-1	1931	2114	1.0947695494562404
GSM6339603	AATCCTAAGTGTTGCG-1	22420	24518	1.0935771632471007
GSM6339603	AATCGCCCAAACCTTG-1	2311	2168	0.9381220250973604
GSM6339603	AATCGCCCAACATAAG-1	17336	15527	0.8956506691278265
GSM6339603	AATCGCCCAACTAACT-1	1510	1612	1.0675496688741721
GSM6339603	AATCGCCCAAGGTATA-1	3957	4096	1.0351276219358099
GSM6339603	AATCGCCCAATTAACC-1	3603	4126	1.145156813766306
GSM6339603	AATCGCCCAATTAGCT-1	826	793	0.9600484261501211
GSM6339603	AATCGCCCACACAATT-1	38210	36335	0.9509290761580738
GSM6339603	AATCGCCCACGGTACT-1	16906	18149	1.0735241925943453
GSM6339603	AATCGCCCACTCGCTC-1	1934	1849	0.9560496380558429
GSM6339603	AATCGCCCACTTCATC-1	37832	44140	1.1667371537322901
GSM6339603	AATCGCCCAGCATTAT-1	744	707	0.9502688172043011
GSM6339603	AATCGCCCAGCCAGTT-1	11151	7717	0.6920455564523361
GSM6339603	AATCGCCCAGGAACAT-1	2360	2825	1.1970338983050848
GSM6339603	AATCGCCCAGGTCCTG-1	619	617	0.9967689822294022
GSM6339603	AATCGCCCAGTAGGAT-1	9631	8427	0.8749870210777697
GSM6339603	AATCGCCCATAACGGG-1	7133	11007	1.5431094910977148
GSM6339603	AATCGCCCATTGTTGG-1	1483	1092	0.7363452461227242
GSM6339603	AATCTCAAGCACGATT-1	5541	6005	1.0837393972207183
GSM6339603	AATCTCAAGCTATGAC-1	32995	40857	1.2382785270495529
GSM6339603	AATCTCAAGGAGTCTT-1	2535	2920	1.1518737672583828
GSM6339603	AATCTCAAGGTGCGGA-1	2709	2876	1.0616463639719453
GSM6339603	AATCTCAAGTAACCAC-1	3638	2355	0.6473336998350742
GSM6339603	AATCTCAAGTTTGGTA-1	5157	6597	1.2792321116928447
GSM6339603	AATCTTGAGAATGACG-1	1584	1912	1.207070707070707
GSM6339603	AATCTTGAGCATTTCT-1	6030	6394	1.0603648424543948
GSM6339603	AATCTTGAGCGGATTT-1	2003	2089	1.0429355966050924
GSM6339603	AATCTTGAGGTTACAC-1	1271	1178	0.926829268292683
GSM6339603	AATCTTGAGTGTTGCG-1	2526	2964	1.173396674584323
GSM6339603	AATCTTGAGTTCCTCA-1	14784	13370	0.9043560606060606
GSM6339603	AATGAAGGTGCTCCGT-1	1006	1124	1.117296222664016
GSM6339603	AATGAAGGTGGTTCTT-1	2422	2563	1.0582163501238646
GSM6339603	AATGAAGGTGTTTGAG-1	8551	6582	0.7697345339726348
GSM6339603	AATGAAGGTTAACGAT-1	34126	41338	1.2113344663892633
GSM6339603	AATGAAGGTTCCGCAC-1	1298	1705	1.3135593220338984
GSM6339603	AATGCAACAAACGCGA-1	8423	6297	0.7475958684554197
GSM6339603	AATGCAACAATAACGA-1	3964	4546	1.1468213925327952
GSM6339603	AATGCAACACCACAAC-1	2061	2280	1.1062590975254731
GSM6339603	AATGCAACACGCAACT-1	1201	1182	0.984179850124896
GSM6339603	AATGCAACAGCACCAT-1	27193	35743	1.3144191519876438
GSM6339603	AATGCAACATAGGCGA-1	2930	3129	1.0679180887372013
GSM6339603	AATGCAACATCCTAGA-1	13587	15538	1.1435931405019504
GSM6339603	AATGCAACATGTCGCG-1	2565	1762	0.6869395711500975
GSM6339603	AATGCATGTCCCGAAG-1	1377	1587	1.1525054466230937
GSM6339603	AATGCATGTGCACGCA-1	17523	16997	0.9699823089653599
GSM6339603	AATGCATGTGCCGCAA-1	1657	1768	1.0669885334942668
GSM6339603	AATGCATGTTCGCGCT-1	13852	11272	0.8137453075368178
GSM6339603	AATGCATGTTTATTCG-1	536	564	1.0522388059701493
GSM6339603	AATGCGCGTAAACAAG-1	2788	2748	0.9856527977044476
GSM6339603	AATGCGCGTAACCTAG-1	31909	26870	0.8420821711742769
GSM6339603	AATGCGCGTACAATGT-1	4452	5086	1.14240790655885
GSM6339603	AATGCGCGTAGGTTTG-1	3011	3104	1.0308867485885087
GSM6339603	AATGCGCGTGAACAAA-1	606	676	1.1155115511551155
GSM6339603	AATGCGCGTGAATCGC-1	19509	18276	0.9367984007381208
GSM6339603	AATGCGCGTGCTCCGT-1	26675	28394	1.0644423617619494
GSM6339603	AATGCGCGTGGAGCAA-1	676	691	1.022189349112426
GSM6339603	AATGCGCGTTGGCCGA-1	1706	1789	1.048651817116061
GSM6339603	AATGGCGCAAGGATTA-1	4390	3125	0.7118451025056948
GSM6339603	AATGGCGCACAACAGG-1	519	610	1.1753371868978806
GSM6339603	AATGGCGCAGGCTACT-1	742	821	1.1064690026954178
GSM6339603	AATGGCGCATTGTGGC-1	19714	21604	1.0958709546515166
GSM6339603	AATGTCATCAACAAGG-1	1740	1750	1.0057471264367817
GSM6339603	AATGTCATCATAATCG-1	1108	1125	1.0153429602888087
GSM6339603	AATGTCATCATTAGCA-1	883	994	1.1257078142695356
GSM6339603	AATGTCATCCTCATGC-1	2503	1962	0.783859368757491
GSM6339603	AATGTCATCGGTAACT-1	683	740	1.083455344070278
GSM6339603	AATGTCATCGTTCACC-1	2045	2149	1.0508557457212715
GSM6339603	AATGTCATCTCACTCA-1	1100	1126	1.0236363636363637
GSM6339603	AATGTCCAGAACCTAC-1	26483	30938	1.168221122984556
GSM6339603	AATGTCCAGATGCCTG-1	2129	2266	1.0643494598403007
GSM6339603	AATGTCCAGCACTAGT-1	478	509	1.0648535564853556
GSM6339603	AATGTCCAGGTCGATT-1	13740	12271	0.8930858806404658
GSM6339603	AATGTCCAGTGCACGC-1	18414	18847	1.0235147170631043
GSM6339603	AATTACCCAAGGACCA-1	3592	4121	1.147271714922049
GSM6339603	AATTACCCAAGGATTA-1	2813	3398	1.2079630287948808
GSM6339603	AATTACCCACACTAAT-1	5537	6249	1.1285894888929022
GSM6339603	AATTACCCACCTAATG-1	6410	7480	1.1669266770670828
GSM6339603	AATTACCCACCTACTT-1	479	547	1.1419624217118998
GSM6339603	AATTACCCACGTTACA-1	1839	2101	1.142468733007069
GSM6339603	AATTACCCAGAAATTG-1	1800	1945	1.0805555555555555
GSM6339603	AATTACCCAGCAACCT-1	6405	6863	1.0715066354410616
GSM6339603	AATTACCCAGGAACTG-1	2683	3119	1.1625046589638464
GSM6339603	AATTACCCAGGCCATT-1	1899	2063	1.086361242759347
GSM6339603	AATTACCCAGGCTGTT-1	806	775	0.9615384615384616
GSM6339603	AATTACCCATAGCTTG-1	1968	1877	0.953760162601626
GSM6339603	AATTACCCATGAGTTT-1	766	894	1.1671018276762402
GSM6339603	AATTACCCATGGAGGC-1	1135	1297	1.1427312775330396
GSM6339603	AATTACCCATTGCGAC-1	548	612	1.1167883211678833
GSM6339603	AATTAGCGTACGGTAC-1	21283	25981	1.2207395573932247
GSM6339603	AATTAGCGTAGGTTTG-1	6484	8173	1.2604873534855028
GSM6339603	AATTAGCGTATACTGG-1	16271	15719	0.9660746112715874
GSM6339603	AATTAGCGTCATAACG-1	1116	1225	1.0976702508960574
GSM6339603	AATTAGCGTGTCCAGG-1	1937	2117	1.0929272070211669
GSM6339603	AATTAGGCAAAGCTCC-1	1134	1377	1.2142857142857142
GSM6339603	AATTAGGCACCTGCTC-1	39414	52938	1.3431268077332927
GSM6339603	AATTAGGCAGGCCAAA-1	17034	22958	1.3477750381589761
GSM6339603	AATTAGGCAGTAATAG-1	1520	1633	1.0743421052631579
GSM6339603	AATTAGGCAGTTATGT-1	1905	2104	1.104461942257218
GSM6339603	AATTAGGCATCAGTAT-1	6465	4889	0.7562258313998453
GSM6339603	AATTCGTCAACCCTCC-1	2377	2525	1.062263357172907
GSM6339603	AATTCGTCAAGGAATC-1	1686	1874	1.1115065243179123
GSM6339603	AATTCGTCAATTAGCT-1	15775	15587	0.9880824088748019
GSM6339603	AATTCGTCACATACTG-1	22278	22749	1.0211419337462968
GSM6339603	AATTCGTCACCCACCT-1	1020	1191	1.1676470588235295
GSM6339603	AATTCGTCAGAAACGT-1	766	983	1.283289817232376
GSM6339603	AATTCGTCAGCCAGAA-1	1112	1217	1.0944244604316546
GSM6339603	AATTCGTCAGGCGAGT-1	9069	10092	1.1128018524644392
GSM6339603	AATTGACGTAACAGGG-1	20006	21673	1.0833250024992502
GSM6339603	AATTGACGTCAGGCAT-1	2952	2772	0.9390243902439024
GSM6339603	AATTGACGTCGACTCC-1	649	423	0.6517719568567026
GSM6339603	AATTGACGTTAACGAT-1	1335	804	0.6022471910112359
GSM6339603	AATTGACGTTAGGTTG-1	1869	1886	1.0090957731407169
GSM6339603	AATTGCCAGATTCCTT-1	1737	1666	0.9591249280368451
GSM6339603	AATTGCCAGCAAGGGT-1	459	565	1.2309368191721133
GSM6339603	AATTGCCAGCAGGTTT-1	12318	12356	1.0030849163825297
GSM6339603	AATTGCCAGCCATCAG-1	1435	1622	1.1303135888501743
GSM6339603	AATTGCCAGGTCCTAG-1	9124	8587	0.9411442349846558
GSM6339603	AATTGCCAGTCAATTG-1	2508	3093	1.2332535885167464
GSM6339603	AATTGCCAGTGTTGTA-1	1955	2336	1.1948849104859336
GSM6339603	AATTGCCAGTTCCTCA-1	16684	18581	1.113701750179813
GSM6339603	AATTGCCAGTTGCCTC-1	974	778	0.7987679671457906
GSM6339603	AATTGCTCAATATACC-1	825	967	1.1721212121212121
GSM6339603	AATTGCTCATACTCCT-1	7984	8427	1.0554859719438878
GSM6339603	AATTGCTCATAGACTT-1	17654	15733	0.8911861334541747
GSM6339603	AATTGCTCATCATGTG-1	29213	27531	0.9424228939170917
GSM6339603	AATTGGACAAGCTAAA-1	26650	32041	1.2022889305816136
GSM6339603	AATTGGACAATATGGA-1	2236	2303	1.029964221824687
GSM6339603	AATTGGACACATGCTA-1	1166	1102	0.9451114922813036
GSM6339603	AATTGGACACGCAACT-1	813	862	1.0602706027060271
GSM6339603	AATTGGACACTCAACA-1	26198	33802	1.2902511642110084
GSM6339603	AATTGGACATCGTTCT-1	4304	4707	1.0936338289962826
GSM6339603	AATTGGACATGTGGGA-1	2986	3187	1.0673141326188882
GSM6339603	AATTGGGAGAATCTCA-1	786	915	1.1641221374045803
GSM6339603	AATTGGGAGCAAGGAC-1	441	557	1.2630385487528344
GSM6339603	AATTGGGAGCTGAGGG-1	3443	3721	1.0807435376125472
GSM6339603	AATTGGGAGCTTTGGG-1	3283	3496	1.0648796832165701
GSM6339603	AATTGGGAGGTGAGAC-1	4898	5814	1.1870151082074316
GSM6339603	AATTGGGAGTCCTTCA-1	10614	7800	0.7348784624081401
GSM6339603	AATTGTGTCACTTTAC-1	20198	21163	1.0477770076245172
GSM6339603	AATTGTGTCGATAACC-1	17163	19418	1.131387286604906
GSM6339603	AATTGTGTCGGTTTGG-1	22917	23109	1.0083780599554915
GSM6339603	AATTGTGTCTACCTCA-1	1026	818	0.797270955165692
GSM6339603	AATTTCCTCAATTACG-1	1893	2092	1.1051241415742208
GSM6339603	AATTTCCTCAGAAACG-1	788	927	1.1763959390862944
GSM6339603	AATTTCCTCAGTATTG-1	4304	3060	0.7109665427509294
GSM6339603	AATTTCCTCATCACTT-1	5484	6305	1.1497082421590081
GSM6339603	AATTTCCTCCGTTATT-1	1884	2065	1.096072186836518
GSM6339603	AATTTCCTCTAATCCT-1	2786	3138	1.1263460157932519
GSM6339603	AATTTGCCACCAAAGG-1	2851	3353	1.1760785689231847
GSM6339603	AATTTGCCACCGGCTA-1	1757	2224	1.265793966989186
GSM6339603	AATTTGCCAGCGCTTG-1	1011	1010	0.9990108803165183
GSM6339603	AATTTGCCAGGCCAAA-1	836	968	1.1578947368421053
GSM6339603	AATTTGCCATAAACCT-1	2907	2938	1.0106639146886824
GSM6339603	AATTTGCCATAATCCG-1	848	726	0.8561320754716981
GSM6339603	AATTTGGTCAATTGGC-1	574	756	1.3170731707317074
GSM6339603	AATTTGGTCAGCTAAC-1	8963	5948	0.6636170924913534
GSM6339603	AATTTGGTCATCCACC-1	47528	32986	0.6940329910789429
GSM6339603	AATTTGGTCATTACTC-1	765	962	1.257516339869281
GSM6339603	AATTTGGTCCCTCTAA-1	856	974	1.1378504672897196
GSM6339603	AATTTGGTCCGTTATT-1	7695	9234	1.2
GSM6339603	AATTTGGTCGGTAACT-1	4396	2500	0.5686988171064604
GSM6339603	AATTTGGTCGTGCTAG-1	1109	1297	1.169522091974752
GSM6339603	AATTTGGTCTTAGTCT-1	16993	17673	1.040016477373036
GSM6339603	AATTTGGTCTTGGACG-1	1562	1539	0.9852752880921894
GSM6339603	ACAAACTGTAAAGCGG-1	570	640	1.1228070175438596
GSM6339603	ACAAACTGTCACAGCG-1	6695	7291	1.0890216579536969
GSM6339603	ACAAACTGTCCTTCAG-1	20421	15818	0.7745947798834533
GSM6339603	ACAAACTGTGAACAAA-1	1052	1147	1.0903041825095057
GSM6339603	ACAAACTGTGAGCGAA-1	10366	9179	0.8854910283619526
GSM6339603	ACAAACTGTTCAAGCA-1	12360	14742	1.1927184466019418
GSM6339603	ACAAACTGTTCCGGCT-1	645	672	1.041860465116279
GSM6339603	ACAAAGGTCCCTGGTT-1	452	459	1.0154867256637168
GSM6339603	ACAAAGGTCCTAAGGT-1	1411	1446	1.024805102763997
GSM6339603	ACAAAGGTCGGCCAGT-1	26731	21866	0.8180015712094572
GSM6339603	ACAAAGGTCGGTCAAT-1	19517	15299	0.7838807193728544
GSM6339603	ACAAAGGTCTAAATCG-1	1933	2075	1.0734609415416452
GSM6339603	ACAAAGGTCTAATTGG-1	1049	970	0.9246901811248809
GSM6339603	ACAAAGGTCTACCTGC-1	1231	1237	1.0048740861088545
GSM6339603	ACAACAACAAGTAAGC-1	28768	24240	0.842602892102336
GSM6339603	ACAACAACAATTGACT-1	17896	17200	0.9611086276262852
GSM6339603	ACAACAACACACCAAC-1	2915	2741	0.9403087478559177
GSM6339603	ACAACAACACTTCATC-1	1828	2111	1.1548140043763677
GSM6339603	ACAACAACAGAATGAC-1	27385	29657	1.0829651268942853
GSM6339603	ACAACACTCATCCTCA-1	7304	7446	1.0194414019715226
GSM6339603	ACAACACTCATTATGG-1	3729	4599	1.2333065164923571
GSM6339603	ACAACACTCCATAAGC-1	2303	2677	1.1623968736430743
GSM6339603	ACAACACTCGGGACTC-1	4461	5119	1.1475005604124635
GSM6339603	ACAACACTCGGTACGC-1	4772	6082	1.2745180217937973
GSM6339603	ACAACAGAGAATCTCA-1	1785	2182	1.2224089635854343
GSM6339603	ACAACAGAGAGAGGAG-1	941	1026	1.0903294367693943
GSM6339603	ACAACAGAGAGGAGGA-1	3382	3784	1.1188645771732701
GSM6339603	ACAACAGAGAGGGACT-1	2039	2300	1.1280039234919077
GSM6339603	ACAACAGAGGCAGGTG-1	836	717	0.8576555023923444
GSM6339603	ACAACAGAGGCGTAAA-1	2480	2481	1.0004032258064517
GSM6339603	ACAACAGAGGGTGAAC-1	4737	5655	1.1937935402153261
GSM6339603	ACAACAGAGGTCCTAG-1	24823	27491	1.1074809652338558
GSM6339603	ACAACAGAGTAATCCA-1	911	984	1.0801317233809
GSM6339603	ACAACAGAGTGACCTG-1	21868	26764	1.223888787269069
GSM6339603	ACAACAGAGTGAGGTA-1	565	693	1.2265486725663717
GSM6339603	ACAACAGAGTTAGGCT-1	1986	1944	0.9788519637462235
GSM6339603	ACAACATGTAATCGCA-1	392	587	1.4974489795918366
GSM6339603	ACAACATGTACCCACC-1	2240	1585	0.7075892857142857
GSM6339603	ACAACATGTGATCAGC-1	1288	1608	1.2484472049689441
GSM6339603	ACAACATGTGATGAGG-1	4816	8386	1.7412790697674418
GSM6339603	ACAACATGTTTACTTG-1	1466	930	0.6343792633015006
GSM6339603	ACACAATGTAATTAGC-1	501	586	1.1696606786427146
GSM6339603	ACACAATGTCTAACAG-1	5953	3566	0.599025701327062
GSM6339603	ACACAATGTGAGCACT-1	27012	26396	0.9771953205982526
GSM6339603	ACACAATGTGTGCACG-1	6369	6616	1.0387815983670905
GSM6339603	ACACAATGTGTTAAAC-1	1270	1342	1.0566929133858267
GSM6339603	ACACAATGTTCCTGTG-1	2521	2734	1.084490281634272
GSM6339603	ACACCTTGTCGTAAAT-1	3567	3903	1.0941968040370058
GSM6339603	ACACCTTGTGCATTAG-1	7337	7932	1.0810958157284993
GSM6339603	ACACCTTGTGTTGTAG-1	9745	5552	0.569728065674705
GSM6339603	ACACCTTGTTGGCCGA-1	2947	3054	1.0363081099423141
GSM6339603	ACACGGACAAAGCGCA-1	6236	5549	0.8898332264271969
GSM6339603	ACACGGACAACTAACT-1	4055	4336	1.069297163995068
GSM6339603	ACACGGACAATAATGG-1	21087	22278	1.0564802959169157
GSM6339603	ACACGGACAGCAACAG-1	5408	6109	1.1296227810650887
GSM6339603	ACACGGACAGGGAGCT-1	32300	31755	0.9831269349845201
GSM6339603	ACACGGACATCCAGGT-1	5061	5514	1.0895080023710728
GSM6339603	ACACGGACATGAAATG-1	1509	1014	0.6719681908548708
GSM6339603	ACACGGACATGCTATG-1	28407	39615	1.394550638927025
GSM6339603	ACACGGACATTGGGAG-1	8001	7194	0.8991376077990251
GSM6339603	ACACTAATCACACAGT-1	3127	3423	1.0946594179724976
GSM6339603	ACACTAATCAGGCCTA-1	1472	1470	0.998641304347826
GSM6339603	ACACTAATCCAGGGAG-1	27555	37601	1.3645799310469968
GSM6339603	ACACTAATCCTAATAG-1	717	683	0.9525801952580195
GSM6339603	ACACTAATCGCTAAGT-1	20386	20305	0.9960266849798881
GSM6339603	ACACTAATCGGTAACT-1	2041	1310	0.6418422341989221
GSM6339603	ACACTAGGTAACCACA-1	5938	7361	1.2396429774334792
GSM6339603	ACACTAGGTCGCAAAC-1	1934	2245	1.1608066184074457
GSM6339603	ACACTAGGTGCTGTAA-1	1063	1488	1.3998118532455315
GSM6339603	ACACTAGGTTTATCGC-1	2411	2694	1.1173786810452095
GSM6339603	ACACTTAAGCAAGATG-1	5940	6990	1.1767676767676767
GSM6339603	ACACTTAAGCACTAGT-1	2185	2614	1.1963386727688787
GSM6339603	ACACTTAAGGAGCATA-1	28026	29372	1.0480268322272175
GSM6339603	ACACTTAAGGTTAGCT-1	3847	4174	1.085001299714063
GSM6339603	ACACTTAAGTCTCACC-1	936	1056	1.1282051282051282
GSM6339603	ACACTTGCACACTAAT-1	35770	40462	1.1311713726586525
GSM6339603	ACACTTGCAGCACCAT-1	1400	1628	1.1628571428571428
GSM6339603	ACACTTGCAGGCTGTT-1	1602	1773	1.1067415730337078
GSM6339603	ACACTTGCAGGTTAAA-1	647	694	1.0726429675425038
GSM6339603	ACACTTGCATAAAGCA-1	26693	35896	1.3447720376128574
GSM6339603	ACAGCCGGTAACGGGA-1	13757	12960	0.9420658573816966
GSM6339603	ACAGCCGGTCCTTTAA-1	24476	32047	1.3093234188592908
GSM6339603	ACAGCGCTCCATCAGG-1	5599	6344	1.1330594749062333
GSM6339603	ACAGCGCTCCTTCGTA-1	2597	2839	1.0931844435887563
GSM6339603	ACAGGAATCAGGGCCT-1	13091	13428	1.0257428767855779
GSM6339603	ACAGGAATCCATCAGG-1	4648	5404	1.1626506024096386
GSM6339603	ACAGGAATCCCGAACA-1	3256	3549	1.089987714987715
GSM6339603	ACAGGAATCCCGCAAA-1	13616	9846	0.7231198589894242
GSM6339603	ACAGGAATCCGCTAGA-1	34331	40267	1.1729049547056596
GSM6339603	ACAGGAATCGTTTCCA-1	13543	14672	1.083364099534815
GSM6339603	ACAGGAATCTTAAGTG-1	14794	12663	0.8559551169392997
GSM6339603	ACAGGATCAATATACC-1	2240	2757	1.2308035714285714
GSM6339603	ACAGGATCAATTGAGA-1	1222	1237	1.0122749590834696
GSM6339603	ACAGGATCACGGTTTA-1	2208	2354	1.0661231884057971
GSM6339603	ACAGGATCAGAGAGCC-1	7260	5535	0.762396694214876
GSM6339603	ACAGGATCAGCAAATA-1	15195	14207	0.9349786113853241
GSM6339603	ACAGGATCAGGAACCA-1	2026	1994	0.9842053307008884
GSM6339603	ACAGGCTGTCCCGGAA-1	2655	3136	1.1811676082862523
GSM6339603	ACAGGCTGTGAAACAA-1	23104	26916	1.1649930747922437
GSM6339603	ACAGGCTGTGATCAGC-1	1726	1784	1.033603707995365
GSM6339603	ACAGGTAAGAGAGCCG-1	23296	39995	1.7168183379120878
GSM6339603	ACAGGTAAGCGCATTG-1	25609	36238	1.415049396696474
GSM6339603	ACAGGTAAGCGGATTT-1	6086	6716	1.1035162668419323
GSM6339603	ACAGGTAAGCGGGCAA-1	4582	4589	1.0015277171540813
GSM6339603	ACAGGTAAGGCTGTGC-1	1358	1449	1.0670103092783505
GSM6339603	ACAGGTAAGTTAACCA-1	598	762	1.274247491638796
GSM6339603	ACAGGTAAGTTACCGG-1	3255	3931	1.2076804915514594
GSM6339603	ACAGGTAAGTTAGGCT-1	1166	1555	1.3336192109777016
GSM6339603	ACAGTATGTAAGTCGC-1	952	828	0.8697478991596639
GSM6339603	ACAGTATGTCGCGCAA-1	26349	33286	1.263273748529356
GSM6339603	ACAGTATGTGATCATG-1	9669	13535	1.3998345227014168
GSM6339603	ACAGTATGTTCACCCA-1	15769	16868	1.0696937028346756
GSM6339603	ACAGTATGTTCCGGGA-1	532	516	0.9699248120300752
GSM6339603	ACATAGCTCAATCTAG-1	23585	35437	1.5025227899088405
GSM6339603	ACATAGCTCACTCAAA-1	696	603	0.8663793103448276
GSM6339603	ACATAGCTCATGGCCA-1	20732	15158	0.7311402662550647
GSM6339603	ACATAGCTCTAGCGTG-1	12227	12357	1.0106322074098306
GSM6339603	ACATCAATCAATTACG-1	18766	14918	0.7949483107748055
GSM6339603	ACATCAATCACCTGTC-1	776	729	0.9394329896907216
GSM6339603	ACATCAATCATGCTCC-1	3973	4333	1.090611628492323
GSM6339603	ACATCAATCCAGGGAG-1	7969	6255	0.7849165516375957
GSM6339603	ACATCAATCCTTGTTG-1	564	687	1.2180851063829787
GSM6339603	ACATCAATCGGGACCT-1	14763	11765	0.7969247442931654
GSM6339603	ACATCAATCGTCAAGT-1	1347	1217	0.9034892353377877
GSM6339603	ACATCAATCGTTCACC-1	34119	41272	1.2096485829010228
GSM6339603	ACATCAATCTCAATTC-1	1480	1536	1.037837837837838
GSM6339603	ACATCAATCTTGATGA-1	2291	2297	1.0026189436927107
GSM6339603	ACATCATCAACCCTCC-1	7757	5833	0.7519659662240556
GSM6339603	ACATCATCAACTAGGG-1	2087	2404	1.1518926689027311
GSM6339603	ACATCATCAAGTTATC-1	15042	15790	1.0497274298630501
GSM6339603	ACATCATCAATATGGA-1	1329	1332	1.002257336343115
GSM6339603	ACATCATCAGGAACTG-1	3501	3597	1.027420736932305
GSM6339603	ACATCATCAGTAATAG-1	1514	1431	0.9451783355350066
GSM6339603	ACATCATCATTTGCTC-1	14524	19235	1.32435968052878
GSM6339603	ACATTAGTCAAAGGCA-1	23502	24740	1.0526763679686835
GSM6339603	ACATTAGTCCAGGAAA-1	17018	22456	1.3195440122223527
GSM6339603	ACATTAGTCCGCCTCA-1	3555	3621	1.0185654008438818
GSM6339603	ACATTAGTCCTGAATA-1	28651	40860	1.426128232871453
GSM6339603	ACATTAGTCTAGCGTG-1	38044	41826	1.0994112080748606
GSM6339603	ACATTAGTCTTAGTCT-1	11080	12014	1.0842960288808665
GSM6339603	ACATTGCAGATGCCTG-1	720	612	0.85
GSM6339603	ACATTGCAGCTCCTTA-1	1652	1470	0.8898305084745762
GSM6339603	ACATTGCAGGAGTCGG-1	20119	24775	1.2314230329539242
GSM6339603	ACATTGCAGGCTTAAC-1	1744	1811	1.0384174311926606
GSM6339603	ACATTGCAGGGACGCA-1	25562	28220	1.1039824739848212
GSM6339603	ACATTGCAGGTAGCTT-1	2040	2460	1.2058823529411764
GSM6339603	ACATTGCAGTATTGCA-1	1584	1496	0.9444444444444444
GSM6339603	ACCAAACTCAATGTCA-1	4081	3224	0.7900024503798089
GSM6339603	ACCAAACTCAGGTTTA-1	16426	20408	1.2424205527821746
GSM6339603	ACCAAACTCCCGAAGC-1	25329	31460	1.2420545619645467
GSM6339603	ACCAAACTCCTAAGTA-1	4682	4930	1.0529688167449809
GSM6339603	ACCAAACTCGCTAGAT-1	18376	20610	1.121571615150196
GSM6339603	ACCAAACTCTCAATTC-1	21825	30895	1.4155784650630012
GSM6339603	ACCAAGCGTAGCCATA-1	1314	1392	1.0593607305936072
GSM6339603	ACCAAGCGTCCCGGAA-1	2822	2807	0.9946846208362863
GSM6339603	ACCAAGCGTCCTAAGA-1	828	685	0.8272946859903382
GSM6339603	ACCAAGCGTCGCATAA-1	4138	4010	0.9690671822136298
GSM6339603	ACCAAGCGTGAATCGC-1	21957	26596	1.2112765860545611
GSM6339603	ACCAAGTTCCTTGCGT-1	652	700	1.0736196319018405
GSM6339603	ACCAAGTTCGCTCCAT-1	1014	1029	1.014792899408284
GSM6339603	ACCAAGTTCTAATCAG-1	28527	29242	1.025063974480317
GSM6339603	ACCAAGTTCTCACTCA-1	1019	951	0.9332679097154073
GSM6339603	ACCAATATCCAAATCA-1	9774	6147	0.6289134438305709
GSM6339603	ACCAATATCCTCAGCT-1	2098	2179	1.03860819828408
GSM6339603	ACCAATATCGACAAAG-1	2308	2600	1.1265164644714039
GSM6339603	ACCAATATCGTTTCGC-1	1211	987	0.815028901734104
GSM6339603	ACCAATATCTTGAGGT-1	2565	3001	1.1699805068226121
GSM6339603	ACCACACCAATCGCAC-1	4777	4353	0.9112413648733515
GSM6339603	ACCACACCACGAATCC-1	9249	11081	1.198075467618121
GSM6339603	ACCACACCAGAAACGT-1	1069	1233	1.1534144059869036
GSM6339603	ACCACACCATCTAGCA-1	2767	2863	1.0346946151066136
GSM6339603	ACCACACCATGATTGT-1	1719	1964	1.142524723676556
GSM6339603	ACCACACCATGGTTAT-1	1525	1747	1.1455737704918032
GSM6339603	ACCACACCATTGTGTG-1	2379	2412	1.0138713745271122
GSM6339603	ACCACATAGGCGAAAC-1	1343	1506	1.1213700670141473
GSM6339603	ACCACATAGGTAAGGC-1	636	659	1.0361635220125787
GSM6339603	ACCACATAGTAGCGCC-1	706	729	1.0325779036827196
GSM6339603	ACCACATAGTGCTGTG-1	5884	5333	0.9063562202583276
GSM6339603	ACCACATAGTTAGACC-1	2043	2262	1.1071953010279
GSM6339603	ACCAGCTCACAGGGAC-1	18076	15883	0.8786789112635539
GSM6339603	ACCAGCTCAGCATGTC-1	6659	4443	0.6672172998948791
GSM6339603	ACCAGCTCATTTGCTC-1	16607	17081	1.0285421810080086
GSM6339603	ACCAGGACAATATGGA-1	31424	45071	1.4342858961303462
GSM6339603	ACCAGGACACCCACCT-1	751	664	0.8841544607190412
GSM6339603	ACCAGGACACCCTCAC-1	1663	2054	1.2351172579675285
GSM6339603	ACCAGGACAGCACCAT-1	18113	17268	0.9533484237840225
GSM6339603	ACCAGGACAGTTATGT-1	1303	1329	1.019953952417498
GSM6339603	ACCAGGACATAATCCG-1	1735	1760	1.0144092219020173
GSM6339603	ACCAGGACATCAGTAT-1	21258	22581	1.0622353937341236
GSM6339603	ACCAGGCTCCCGCAAA-1	16843	17968	1.0667933266045242
GSM6339603	ACCAGGCTCGATTCTT-1	1113	1359	1.221024258760108
GSM6339603	ACCAGGGAGCCTGATG-1	627	759	1.2105263157894737
GSM6339603	ACCAGGGAGCTCAAAC-1	2977	3571	1.1995297279140074
GSM6339603	ACCAGGGAGCTCCTTA-1	26381	33066	1.2534020696713544
GSM6339603	ACCAGGGAGGAACCGG-1	6694	8404	1.2554526441589484
GSM6339603	ACCAGGGAGGAGGTTA-1	17430	18389	1.0550200803212852
GSM6339603	ACCAGGGAGGCGAAAC-1	825	1018	1.233939393939394
GSM6339603	ACCAGGGAGTTAGTGC-1	2644	2036	0.7700453857791225
GSM6339603	ACCATAATCCGCCTCA-1	2390	2179	0.9117154811715481
GSM6339603	ACCATAATCCTCCCTC-1	18992	21873	1.151695450716091
GSM6339603	ACCATAATCGAAGTAG-1	1925	2078	1.0794805194805195
GSM6339603	ACCATAATCGCTTGCT-1	1569	1320	0.8413001912045889
GSM6339603	ACCATAATCTAAGGTC-1	7893	5106	0.6469023185100722
GSM6339603	ACCATAATCTGGCTTC-1	375	461	1.2293333333333334
GSM6339603	ACCATAATCTTTGAGA-1	3827	4289	1.1207211915338384
GSM6339603	ACCATTAAGATGCCTG-1	2981	3408	1.1432405233143241
GSM6339603	ACCATTAAGCGCAATT-1	28186	39379	1.3971120414390124
GSM6339603	ACCATTAAGCTAGAAG-1	631	572	0.9064976228209192
GSM6339603	ACCATTAAGCTCCTTA-1	486	452	0.9300411522633745
GSM6339603	ACCATTAAGGGTGAAC-1	28986	28662	0.9888221900227696
GSM6339603	ACCATTAAGGTCGAGG-1	376	470	1.25
GSM6339603	ACCATTAAGTTCCTGC-1	5124	5643	1.101288056206089
GSM6339603	ACCCAACCAAGCGAGC-1	4383	5030	1.1476157882728724
GSM6339603	ACCCAACCAATTGACT-1	1166	1363	1.1689536878216122
GSM6339603	ACCCAACCACCAACCG-1	7241	6834	0.9437922938820605
GSM6339603	ACCCAACCACCTCACC-1	4161	4835	1.1619802931987504
GSM6339603	ACCCAACCAGCAAATA-1	2929	3219	1.099009900990099
GSM6339603	ACCCAACCAGCTCAAC-1	2908	3637	1.250687757909216
GSM6339603	ACCCAACCATGAAGTA-1	466	414	0.8884120171673819
GSM6339603	ACCCAACCATGCTTAG-1	6667	7480	1.1219439028048597
GSM6339603	ACCCAGGGTTACCTGT-1	17789	21362	1.2008544606217326
GSM6339603	ACCCAGGGTTTCGCGC-1	3840	4446	1.1578125
GSM6339603	ACCCGCTGTACGGTAC-1	4870	5527	1.1349075975359344
GSM6339603	ACCCGCTGTGACATGC-1	7600	4885	0.6427631578947368
GSM6339603	ACCCGGTAGAGGATAT-1	609	685	1.1247947454844007
GSM6339603	ACCCGGTAGGTTTACA-1	22879	29901	1.3069190086979325
GSM6339603	ACCCGGTAGTAACCCG-1	1126	1273	1.130550621669627
GSM6339603	ACCCGTAAGCAAGGGT-1	15616	13832	0.8857581967213115
GSM6339603	ACCCGTAAGGAACCAA-1	2355	2598	1.1031847133757962
GSM6339603	ACCCGTAAGGACGTAA-1	931	1079	1.158968850698174
GSM6339603	ACCCGTAAGGTGCTGC-1	3097	3110	1.0041976105908945
GSM6339603	ACCCGTAAGTTAGGCT-1	34198	31292	0.9150242704251711
GSM6339603	ACCCTCCCAACACTTG-1	1382	1405	1.0166425470332852
GSM6339603	ACCCTCCCAAGGACCA-1	836	872	1.0430622009569377
GSM6339603	ACCCTCCCAATCCCTT-1	28362	29089	1.025632889076934
GSM6339603	ACCCTCCCAGTAGGAT-1	16449	14268	0.8674083530913733
GSM6339603	ACCCTGTTCACGTTAA-1	966	1252	1.2960662525879918
GSM6339603	ACCCTGTTCCTGTTCA-1	783	863	1.1021711366538953
GSM6339603	ACCCTGTTCGGGACCT-1	19481	17956	0.9217185976079256
GSM6339603	ACCCTGTTCTCCATAT-1	4431	5231	1.1805461521101333
GSM6339603	ACCGAAGCAACTGGGA-1	1502	1727	1.1498002663115845
GSM6339603	ACCGAAGCAATACTGT-1	2674	3072	1.1488406881077038
GSM6339603	ACCGAAGCAATAGCAA-1	2471	2767	1.1197895588830433
GSM6339603	ACCGAAGCAATCGCAC-1	6292	6872	1.0921805467260013
GSM6339603	ACCGAAGCAATGAAGC-1	20397	27167	1.3319115556209247
GSM6339603	ACCGAAGCACCTGGTG-1	2411	2905	1.2048942347573621
GSM6339603	ACCGAAGCAGCAACCT-1	15097	14696	0.9734384314764523
GSM6339603	ACCGAAGCAGGGAGGA-1	869	1307	1.5040276179516685
GSM6339603	ACCGAAGCATGAAATG-1	5124	5460	1.0655737704918034
GSM6339603	ACCGCAATCATTGTCT-1	1185	1487	1.2548523206751054
GSM6339603	ACCGCAATCCAGGGAG-1	2414	2498	1.0347970173985086
GSM6339603	ACCGCAATCTAATTGG-1	2194	2411	1.0989061075660893
GSM6339603	ACCGCAATCTTAGTGA-1	828	908	1.0966183574879227
GSM6339603	ACCGGCTAGCCTCTGT-1	685	729	1.0642335766423359
GSM6339603	ACCGGCTAGCTGAGGG-1	24436	19423	0.7948518579145523
GSM6339603	ACCGGCTAGGCTAGAA-1	14000	11094	0.7924285714285715
GSM6339603	ACCGGCTAGGTGCTGC-1	1313	1188	0.9047981721249048
GSM6339603	ACCGGCTAGTAACCAC-1	31551	35561	1.1270958131279516
GSM6339603	ACCGGTTCAGGCAAGC-1	2274	1163	0.5114335971855761
GSM6339603	ACCGGTTCATAATGTC-1	3473	2998	0.8632306363374604
GSM6339603	ACCGGTTCATTAAACC-1	505	549	1.0871287128712872
GSM6339603	ACCTAAATCACTAAGC-1	2204	2186	0.9918330308529946
GSM6339603	ACCTAAATCCAAGTGT-1	3278	3462	1.056131787675412
GSM6339603	ACCTAAATCCATCAGG-1	730	751	1.0287671232876712
GSM6339603	ACCTAAATCCCTCACG-1	2104	2401	1.1411596958174905
GSM6339603	ACCTAAATCCGCCTCA-1	3814	3386	0.8877818563188253
GSM6339603	ACCTAAATCGGGATTT-1	15786	14408	0.9127074623083745
GSM6339603	ACCTAAATCTTAATGG-1	1188	1145	0.9638047138047138
GSM6339603	ACCTAAATCTTGGATA-1	9317	7966	0.8549962434259955
GSM6339603	ACCTAAGGTAATCCCT-1	498	626	1.2570281124497993
GSM6339603	ACCTAAGGTCAGTAAT-1	908	924	1.0176211453744493
GSM6339603	ACCTAAGGTGCAATGC-1	24046	29805	1.2394992930217084
GSM6339603	ACCTAAGGTGCTAGCG-1	1291	1393	1.0790085205267235
GSM6339603	ACCTAAGGTTCATCTA-1	551	622	1.1288566243194191
GSM6339603	ACCTACCTCCCGAACA-1	3524	4253	1.206867196367764
GSM6339603	ACCTACCTCGCAGGCT-1	14414	13306	0.9231302899958373
GSM6339603	ACCTACCTCGCCTGTT-1	1523	1430	0.9389363099146422
GSM6339603	ACCTACCTCTGGTCCT-1	2749	3322	1.2084394325209167
GSM6339603	ACCTCACTCACATTGA-1	9414	8291	0.8807095814743998
GSM6339603	ACCTCACTCATGTTTC-1	3079	3931	1.2767132185774601
GSM6339603	ACCTCACTCCCTGGAA-1	1274	1458	1.1444270015698588
GSM6339603	ACCTCACTCGCTAGTG-1	8261	5726	0.6931364241617237
GSM6339603	ACCTCACTCGTTTCGC-1	2645	2563	0.9689981096408318
GSM6339603	ACCTCACTCTATTGTC-1	5140	5005	0.9737354085603113
GSM6339603	ACCTCACTCTGCAACG-1	468	436	0.9316239316239316
GSM6339603	ACCTGGATCATTACGA-1	20704	26201	1.2655042503863987
GSM6339603	ACCTGGATCCGCAAAT-1	31344	30763	0.9814637570188872
GSM6339603	ACCTGGATCCTAATTC-1	1312	1185	0.9032012195121951
GSM6339603	ACCTGGATCGCGACAC-1	674	635	0.9421364985163204
GSM6339603	ACCTGGATCTACTAAG-1	19156	26296	1.3727291710169138
GSM6339603	ACCTGGTCAAACTAAG-1	3188	3415	1.0712045169385194
GSM6339603	ACCTGGTCAACCTGGT-1	474	532	1.1223628691983123
GSM6339603	ACCTGGTCAACTGGGA-1	41774	52662	1.2606405898405706
GSM6339603	ACCTGGTCACCTGCTC-1	644	951	1.4767080745341614
GSM6339603	ACCTGGTCACGGTTTA-1	2222	2776	1.2493249324932494
GSM6339603	ACCTGGTCAGGATGGC-1	2122	2144	1.0103675777568333
GSM6339603	ACCTGGTCAGGGAGGA-1	853	980	1.1488862837045721
GSM6339603	ACCTGGTCATGTTGTG-1	1950	2010	1.0307692307692307
GSM6339603	ACCTGTTGTGCTAGCG-1	10839	12938	1.1936525509733371
GSM6339603	ACCTGTTGTGGGTACT-1	6877	7828	1.1382870437690853
GSM6339603	ACCTGTTGTTGCACGG-1	1104	1178	1.0670289855072463
GSM6339603	ACCTTCATCAATGAGG-1	1226	1130	0.9216965742251223
GSM6339603	ACCTTCATCGGTCAGC-1	2709	2801	1.0339608711701735
GSM6339603	ACCTTCATCGGTTCCT-1	32804	41479	1.2644494573832459
GSM6339603	ACCTTCATCTGTGCCT-1	1139	1098	0.9640035118525022
GSM6339603	ACCTTCATCTGTTGCC-1	630	566	0.8984126984126984
GSM6339603	ACCTTCCAGCACAGGG-1	20102	20193	1.0045269127450005
GSM6339603	ACCTTCCAGCATGTTA-1	6512	5157	0.7919226044226044
GSM6339603	ACCTTCCAGGAAACTG-1	13281	15934	1.1997590542880807
GSM6339603	ACCTTCCAGTAGCTTA-1	1537	1587	1.032530904359141
GSM6339603	ACCTTCCAGTCGCTAG-1	533	552	1.0356472795497185
GSM6339603	ACCTTCCAGTCTGGGC-1	433	509	1.1755196304849884
GSM6339603	ACCTTCCAGTGAGCGG-1	23393	31302	1.338092591800966
GSM6339603	ACCTTCCAGTTCCTGC-1	2608	3052	1.1702453987730062
GSM6339603	ACCTTGCTCATTCATC-1	682	710	1.0410557184750733
GSM6339603	ACCTTGCTCCTTAAGA-1	1538	1602	1.0416124837451235
GSM6339603	ACCTTGCTCCTTAGGG-1	2601	2761	1.061514801999231
GSM6339603	ACCTTGCTCGCAGGCT-1	3050	2799	0.9177049180327869
GSM6339603	ACCTTGCTCTCACAAA-1	1256	1337	1.0644904458598725
GSM6339603	ACCTTGCTCTCACATT-1	4190	4293	1.024582338902148
GSM6339603	ACCTTGTGTAATAGCT-1	11819	12515	1.0588882308147898
GSM6339603	ACCTTGTGTCATCATC-1	4153	5038	1.2130989646039008
GSM6339603	ACCTTGTGTTAGAGGG-1	869	975	1.1219792865362486
GSM6339603	ACCTTGTGTTAGCTGA-1	924	866	0.9372294372294372
GSM6339603	ACCTTGTGTTTACCGT-1	7745	5270	0.6804389928986443
GSM6339603	ACGAACAAGAATCTCA-1	3517	2673	0.7600227466590844
GSM6339603	ACGAACAAGCGAGGTG-1	5851	6740	1.151939839343702
GSM6339603	ACGAACAAGGAAGTAT-1	24733	27716	1.1206080944487122
GSM6339603	ACGAACAAGGTTTGCG-1	688	667	0.9694767441860465
GSM6339603	ACGAACAAGTTACCGG-1	3902	4100	1.0507432086109687
GSM6339603	ACGAAGTCAATGAATG-1	28368	49569	1.7473561759729273
GSM6339603	ACGAAGTCAATGCGCT-1	3730	4058	1.087935656836461
GSM6339603	ACGAAGTCAGGCTGTT-1	23478	25327	1.0787545787545787
GSM6339603	ACGAAGTCAGTTAGCC-1	2085	1928	0.9247002398081535
GSM6339603	ACGAATCTCCGCCTCA-1	17705	17045	0.9627223948037278
GSM6339603	ACGAATCTCCTAAGGT-1	18230	22717	1.2461327482172244
GSM6339603	ACGAATCTCCTAAGTA-1	2156	1966	0.911873840445269
GSM6339603	ACGAATCTCTGTGAGT-1	472	545	1.1546610169491525
GSM6339603	ACGACAAAGAAGGTGC-1	28608	35426	1.2383249440715884
GSM6339603	ACGACAAAGACAACGA-1	948	1106	1.1666666666666667
GSM6339603	ACGACAAAGAGCCGCT-1	1220	1364	1.118032786885246
GSM6339603	ACGACAAAGCACTAAC-1	5017	6691	1.3336655371736097
GSM6339603	ACGACAAAGCGTGCAC-1	441	387	0.8775510204081632
GSM6339603	ACGACAAAGCTGGAAA-1	1754	2260	1.2884834663625997
GSM6339603	ACGACAAAGGGACTAA-1	6018	6453	1.072283150548355
GSM6339603	ACGACAAAGTGAGCAA-1	1591	1656	1.0408548082966687
GSM6339603	ACGACAAAGTTTGGTA-1	2941	3657	1.2434546072764365
GSM6339603	ACGACTTAGAACAAGT-1	14597	14293	0.9791738028361993
GSM6339603	ACGACTTAGAGGAAGG-1	10305	7745	0.7515769044153323
GSM6339603	ACGACTTAGCCTGAGC-1	8563	5577	0.6512904355950018
GSM6339603	ACGACTTAGGAAACTG-1	1163	1184	1.0180567497850388
GSM6339603	ACGACTTAGGCGCTTA-1	3750	2776	0.7402666666666666
GSM6339603	ACGACTTAGGTTAGAG-1	911	803	0.8814489571899012
GSM6339603	ACGAGTAAGCCTCTCG-1	5046	5649	1.1195005945303211
GSM6339603	ACGAGTAAGGAAGCAC-1	2290	2638	1.1519650655021834
GSM6339603	ACGAGTAAGTTGTCCC-1	938	865	0.9221748400852878
GSM6339603	ACGATTCAGCGTGCGT-1	14700	10806	0.7351020408163266
GSM6339603	ACGATTCAGCTAATTG-1	12572	14949	1.1890709513203945
GSM6339603	ACGATTCAGGCCATCA-1	1295	1331	1.0277992277992278
GSM6339603	ACGATTCAGGTACCGC-1	454	534	1.1762114537444934
GSM6339603	ACGATTCAGTCCTGAG-1	3012	3013	1.000332005312085
GSM6339603	ACGATTCAGTTAGCTA-1	3907	4309	1.1028922446890197
GSM6339603	ACGCAAGCAAAGCTAA-1	1283	1403	1.093530787217459
GSM6339603	ACGCAAGCACCTGCTC-1	2197	2530	1.1515703231679564
GSM6339603	ACGCAAGCACTAGGTC-1	1337	1292	0.9663425579655947
GSM6339603	ACGCAAGCACTTCACT-1	2127	1985	0.9332393041842971
GSM6339603	ACGCAAGCAGAAATGC-1	1231	1246	1.0121852152721365
GSM6339603	ACGCAAGCAGGTTACC-1	24068	27644	1.1485790260927373
GSM6339603	ACGCAAGCATGAGCAG-1	14743	15507	1.051821203282914
GSM6339603	ACGCAAGCATGTGGGA-1	1238	1180	0.9531502423263328
GSM6339603	ACGCACGGTCATTAGG-1	635	738	1.1622047244094489
GSM6339603	ACGCACGGTCTAACAG-1	1053	1201	1.140550807217474
GSM6339603	ACGCACGGTGATCAGC-1	23096	18526	0.8021302390024246
GSM6339603	ACGCACGGTGATTACG-1	23064	24017	1.0413198057578912
GSM6339603	ACGCACGGTGGCTTCC-1	14134	14434	1.021225413895571
GSM6339603	ACGCACGGTTAATCGG-1	497	595	1.1971830985915493
GSM6339603	ACGCACGGTTGTCCAT-1	32505	37545	1.1550530687586524
GSM6339603	ACGCCACAGAGGAGTC-1	6475	6821	1.0534362934362935
GSM6339603	ACGCCACAGCAAGACA-1	21207	20206	0.9527986042344508
GSM6339603	ACGCCACAGCATTATG-1	1221	1207	0.9885339885339886
GSM6339603	ACGCCACAGCGCCTAA-1	4067	3128	0.7691172854684042
GSM6339603	ACGCCACAGGCCGGAA-1	8475	7113	0.83929203539823
GSM6339603	ACGCCACAGGCCTGGT-1	3768	4859	1.289543524416136
GSM6339603	ACGCCACAGGCCTTAG-1	8821	8004	0.9073801156331481
GSM6339603	ACGCCACAGGGATGCG-1	5414	5213	0.9628740302918359
GSM6339603	ACGCCACAGGTGAGAC-1	766	507	0.6618798955613577
GSM6339603	ACGCCACAGGTGTCCA-1	1244	1375	1.105305466237942
GSM6339603	ACGCCACAGTACTGGT-1	15035	13646	0.9076155636847356
GSM6339603	ACGCCACAGTTAGTTG-1	3348	6286	1.8775388291517323
GSM6339603	ACGCCTAAGCACGTTG-1	24310	30502	1.2547099958864665
GSM6339603	ACGCCTAAGCGGGCAA-1	1242	1056	0.8502415458937198
GSM6339603	ACGCCTAAGCTAATCA-1	986	705	0.7150101419878296
GSM6339603	ACGCCTAAGCTTTGTT-1	37991	40447	1.0646468900529074
GSM6339603	ACGCCTAAGGAGCAAC-1	10671	8910	0.8349732921000843
GSM6339603	ACGCCTAAGGCATGAA-1	1949	2245	1.1518727552591073
GSM6339603	ACGCCTAAGGCTTAAC-1	31229	35130	1.1249159435140414
GSM6339603	ACGCCTAAGGTACCGC-1	608	537	0.8832236842105263
GSM6339603	ACGCCTAAGTCAATCA-1	2026	2043	1.008390918065153
GSM6339603	ACGCCTAAGTGGCGGA-1	5589	4257	0.7616747181964574
GSM6339603	ACGCCTTTCCAAGTGT-1	7023	7763	1.1053680763206606
GSM6339603	ACGCCTTTCGAGGAAC-1	22406	30445	1.3587878246898153
GSM6339603	ACGCCTTTCGCTTGCT-1	625	602	0.9632
GSM6339603	ACGCTTGAGAATCTCA-1	5129	5657	1.1029440436732307
GSM6339603	ACGCTTGAGGCCGGAA-1	3327	3818	1.147580402765254
GSM6339603	ACGCTTGAGGCGAAAC-1	34284	54901	1.601359234628398
GSM6339603	ACGCTTGAGGGCCATC-1	8344	9257	1.1094199424736337
GSM6339603	ACGGGAAGTGCTAGCG-1	1403	1340	0.955096222380613
GSM6339603	ACGGGAAGTGTGAGAG-1	7417	7660	1.032762572468653
GSM6339603	ACGGGAAGTGTTAGCA-1	1451	1801	1.2412129565816679
GSM6339603	ACGGGAAGTTCGGTAA-1	5728	6286	1.0974162011173185
GSM6339603	ACGGTACGTAATAGCT-1	4036	10931	2.7083746283448957
GSM6339603	ACGGTACGTAGGTGTC-1	3148	3494	1.1099110546378652
GSM6339603	ACGGTACGTCACAAAT-1	539	509	0.9443413729128015
GSM6339603	ACGGTACGTTAGGACC-1	22153	28297	1.2773439263305195
GSM6339603	ACGGTACGTTATAGCG-1	803	1116	1.389788293897883
GSM6339603	ACGGTACGTTATCGAG-1	2623	2967	1.1311475409836065
GSM6339603	ACGGTTAGTAGGATCC-1	24495	30060	1.2271892222902634
GSM6339603	ACGGTTAGTGTTGTGA-1	1034	1172	1.1334622823984526
GSM6339603	ACGGTTAGTTGCGTAA-1	793	974	1.2282471626733922
GSM6339603	ACGGTTAGTTTGCGCC-1	1116	1341	1.2016129032258065
GSM6339603	ACGGTTTAGCAAGGTA-1	34362	33052	0.9618764914731389
GSM6339603	ACGGTTTAGCTGGACC-1	563	565	1.0035523978685612
GSM6339603	ACGGTTTAGTCGCTAG-1	25372	29669	1.1693599243260286
GSM6339603	ACGTACCCAAGGTGGC-1	736	743	1.0095108695652173
GSM6339603	ACGTACCCAGATAGAC-1	9644	5982	0.6202820406470344
GSM6339603	ACGTACCCAGGATTAA-1	426	547	1.284037558685446
GSM6339603	ACGTACCCATCACTTC-1	811	1022	1.2601726263871764
GSM6339603	ACGTACCCATCCATCT-1	23548	25555	1.085230168167148
GSM6339603	ACGTCAAGTAACCTAG-1	3931	3878	0.9865174255914525
GSM6339603	ACGTCAAGTATTGCAG-1	30355	41731	1.3747652775490034
GSM6339603	ACGTCAAGTGGATTAT-1	21570	23372	1.083541956420955
GSM6339603	ACGTCAAGTGTTTGTC-1	4471	5117	1.144486692015209
GSM6339603	ACGTCAAGTTCGCGCT-1	26237	31040	1.1830620878911462
GSM6339603	ACGTCAAGTTGCAATG-1	9970	10287	1.0317953861584754
GSM6339603	ACGTCAAGTTTAAAGC-1	15657	16175	1.0330842434693748
GSM6339603	ACGTCCAAGGCACAGG-1	17016	19427	1.1416901739539258
GSM6339603	ACGTCCAAGGCGCACT-1	781	875	1.120358514724712
GSM6339603	ACGTCCAAGTAAACCC-1	821	859	1.046285018270402
GSM6339603	ACGTCCAAGTCCTGAG-1	21124	22424	1.0615413747396327
GSM6339603	ACGTCCAAGTGAACGA-1	3409	3688	1.081842182458199
GSM6339603	ACGTCCAAGTGAGAGC-1	21494	29238	1.36028659160696
GSM6339603	ACGTCCTTCCCGTTAC-1	5401	6539	1.2107017219033511
GSM6339603	ACGTCCTTCGAAGTAG-1	35964	44534	1.2382938494049605
GSM6339603	ACGTTACAGGACTTAC-1	1569	2000	1.2746972594008923
GSM6339603	ACGTTACAGGTCCAAT-1	9768	11101	1.1364660114660114
GSM6339603	ACGTTACAGTAGCGGG-1	2835	3402	1.2
GSM6339603	ACGTTACAGTTAGAGG-1	21791	26073	1.1965031434996098
GSM6339603	ACGTTGTAGACCATAC-1	893	993	1.1119820828667413
GSM6339603	ACGTTGTAGCCTGAGC-1	19192	15667	0.8163297207169654
GSM6339603	ACGTTGTAGCTATTGA-1	654	671	1.025993883792049
GSM6339603	ACGTTGTAGCTCATAA-1	8786	7445	0.8473708172091965
GSM6339603	ACGTTGTAGGGACCTC-1	5028	5652	1.1241050119331741
GSM6339603	ACGTTGTAGGGTTAGA-1	29449	39108	1.3279907636931645
GSM6339603	ACGTTGTAGTCATTGA-1	12806	15674	1.223957519912541
GSM6339603	ACTAAAGCAACCGCCA-1	37748	50868	1.3475680830772492
GSM6339603	ACTAAAGCAATAGTCT-1	3523	4051	1.1498722679534488
GSM6339603	ACTAAAGCAATGAGGT-1	2333	2656	1.1384483497642521
GSM6339603	ACTAAAGCACCTCAGG-1	10341	7688	0.7434484092447539
GSM6339603	ACTAAAGCACCTGCTC-1	8380	6012	0.7174224343675417
GSM6339603	ACTAAAGCAGGGAGCT-1	1417	1745	1.2314749470712774
GSM6339603	ACTAAAGCATAATCCG-1	1029	880	0.8551992225461613
GSM6339603	ACTAAAGCATTGACAT-1	2145	2117	0.9869463869463869
GSM6339603	ACTAACCAGAATCTCA-1	28093	30336	1.0798419535115509
GSM6339603	ACTAACCAGACTATTG-1	39867	46556	1.1677828780695814
GSM6339603	ACTAACCAGATAAAGC-1	16110	18226	1.131346989447548
GSM6339603	ACTAACCAGATGGAGC-1	714	682	0.9551820728291317
GSM6339603	ACTAACCAGCATGCAT-1	1439	1496	1.0396108408617095
GSM6339603	ACTAACCAGCGAAGTA-1	2235	2810	1.2572706935123044
GSM6339603	ACTAACCAGGTTACGT-1	2593	2715	1.047049749325106
GSM6339603	ACTAACGGTAATAGCT-1	13175	14114	1.0712713472485769
GSM6339603	ACTAACGGTACCCACC-1	10228	11413	1.1158584278451311
GSM6339603	ACTAACGGTCATAACG-1	12834	15275	1.1901979117967898
GSM6339603	ACTAACGGTCATGCCC-1	792	779	0.9835858585858586
GSM6339603	ACTAACGGTCCGTAGG-1	4166	3733	0.8960633701392223
GSM6339603	ACTAACGGTGGACCTG-1	1147	1294	1.1281604184829992
GSM6339603	ACTAACTCAAGATTCT-1	14687	15451	1.0520187921290938
GSM6339603	ACTAACTCACACCAAC-1	797	827	1.0376411543287327
GSM6339603	ACTAACTCAGCTTACA-1	2937	3500	1.191692202928158
GSM6339603	ACTAACTCATCGTTCT-1	7766	8422	1.084470770023178
GSM6339603	ACTAATCCAACCCTCC-1	978	940	0.9611451942740287
GSM6339603	ACTAATCCAACCTAAT-1	8685	7915	0.9113413932066782
GSM6339603	ACTAATCCAATCCCTT-1	1152	1245	1.0807291666666667
GSM6339603	ACTAATCCAATGCCCG-1	587	817	1.3918228279386713
GSM6339603	ACTAATCCACCAAAGG-1	2805	3230	1.1515151515151516
GSM6339603	ACTAATCCAGCTAACC-1	8241	7807	0.9473364882902561
GSM6339603	ACTAATCCAGTTTCTC-1	3344	2630	0.7864832535885168
GSM6339603	ACTAATCCATGAGCAG-1	5031	5439	1.081097197376267
GSM6339603	ACTAATCCATTAAAGG-1	4084	3739	0.9155239960822723
GSM6339603	ACTAATCCATTGTCAG-1	2828	3187	1.126944837340877
GSM6339603	ACTAGGCGTAGGATCC-1	2426	2458	1.0131904369332234
GSM6339603	ACTAGGCGTATACTGG-1	7077	7322	1.0346191889218594
GSM6339603	ACTAGGCGTATTGAGT-1	6105	3915	0.6412776412776413
GSM6339603	ACTAGGCGTCTTGCAT-1	41583	34825	0.8374816631796648
GSM6339603	ACTAGGCGTTGTAAAC-1	877	975	1.1117445838084379
GSM6339603	ACTAGGCGTTTAACCC-1	924	667	0.7218614718614719
GSM6339603	ACTAGGCGTTTATCGC-1	873	1003	1.1489117983963344
GSM6339603	ACTATCCGTATTGGAT-1	28674	38881	1.3559670781893005
GSM6339603	ACTATCCGTGATGAAA-1	1924	1935	1.0057172557172558
GSM6339603	ACTATCCGTGTTTGCT-1	2160	2780	1.287037037037037
GSM6339603	ACTATCCGTTCGCTTG-1	3291	3751	1.1397751443330295
GSM6339603	ACTATGTCACTTGTTC-1	692	752	1.0867052023121386
GSM6339603	ACTATGTCAGGGAGGA-1	19050	20400	1.0708661417322836
GSM6339603	ACTATGTCATCTTGAG-1	3863	4267	1.1045819311415999
GSM6339603	ACTCACCTCAAGACTC-1	10802	13527	1.2522680985002776
GSM6339603	ACTCACCTCCCTGGTT-1	31852	37911	1.1902235338440286
GSM6339603	ACTCACCTCCGGTTGA-1	1543	1743	1.1296176279974077
GSM6339603	ACTCACCTCCTAATAG-1	1226	1285	1.0481239804241436
GSM6339603	ACTCACCTCTGTAAGC-1	2191	1973	0.9005020538566865
GSM6339603	ACTCACCTCTTGAGCG-1	4071	4436	1.0896585605502334
GSM6339603	ACTCACTGTCCAAGAC-1	16093	19059	1.184303734542969
GSM6339603	ACTCACTGTGGGTGAA-1	35165	43113	1.226020190530357
GSM6339603	ACTCAGTAGACAACAG-1	2888	3237	1.1208448753462603
GSM6339603	ACTCAGTAGATAAAGC-1	1057	1096	1.0368968779564807
GSM6339603	ACTCAGTAGCATGTCG-1	2438	2922	1.1985233798195243
GSM6339603	ACTCAGTAGCTCCCTG-1	3262	2893	0.8868792152053955
GSM6339603	ACTCAGTAGTAAGAAC-1	30396	35181	1.1574220292143702
GSM6339603	ACTCAGTAGTAAGTGG-1	2140	2000	0.9345794392523364
GSM6339603	ACTCAGTAGTCAGGCC-1	32493	36340	1.118394731172868
GSM6339603	ACTCAGTAGTTGTCCC-1	1933	2301	1.190377651319193
GSM6339603	ACTCCTCAGAATCTCA-1	3085	3791	1.2288492706645058
GSM6339603	ACTCCTCAGCTTGCTC-1	8345	7633	0.9146794487717196
GSM6339603	ACTCCTCAGCTTTGGG-1	7249	8170	1.1270520071734031
GSM6339603	ACTCCTCAGTAGCGGG-1	7421	8705	1.1730225037057
GSM6339603	ACTCCTCAGTGGACAA-1	5843	7270	1.2442238576073934
GSM6339603	ACTCGCGCAAACCCTA-1	793	695	0.8764186633039092
GSM6339603	ACTCGCGCAGGCCTTG-1	1433	1732	1.2086531751570133
GSM6339603	ACTCGCGCATCTAGCA-1	11958	10269	0.8587556447566482
GSM6339603	ACTCGCGCATGAAGTA-1	1917	1732	0.9034950443401147
GSM6339603	ACTCGCTTCATAGCCG-1	3058	3644	1.1916285153695225
GSM6339603	ACTCGCTTCATTAGCA-1	3040	3103	1.0207236842105263
GSM6339603	ACTCGCTTCCAGGTTG-1	3582	4549	1.2699609156895588
GSM6339603	ACTCGCTTCCGGTATG-1	5592	7313	1.307761087267525
GSM6339603	ACTCGCTTCGGCTAGC-1	1807	1913	1.058660763696735
GSM6339603	ACTCGCTTCGTGCTAG-1	1006	1078	1.0715705765407555
GSM6339603	ACTCGCTTCGTTTCCA-1	1873	2402	1.2824345969033635
GSM6339603	ACTCGCTTCTTGCAAA-1	28103	37246	1.325338931786642
GSM6339603	ACTGAAACAACAGGAT-1	5097	3597	0.7057092407298411
GSM6339603	ACTGAAACAGAATGAC-1	9931	9872	0.9940590071493304
GSM6339603	ACTGAAACAGTATGTT-1	23393	36725	1.5699140768605993
GSM6339603	ACTGAAACATCACAGC-1	2148	2557	1.1904096834264433
GSM6339603	ACTGAATGTAACGGGA-1	1395	1521	1.0903225806451613
GSM6339603	ACTGAATGTAATCGGC-1	16103	14938	0.9276532323169596
GSM6339603	ACTGAATGTATTACCC-1	2720	3131	1.1511029411764706
GSM6339603	ACTGAATGTATTGCAG-1	1046	872	0.8336520076481836
GSM6339603	ACTGAATGTCAGGCCA-1	2931	2750	0.9382463323097919
GSM6339603	ACTGAATGTCGTAAAT-1	2827	3484	1.2324018394057306
GSM6339603	ACTGAATGTGAGCAAG-1	9584	6991	0.7294449081803005
GSM6339603	ACTGAATGTGCTTTAC-1	4951	5001	1.0100989699050698
GSM6339603	ACTGAATGTGGTTCCC-1	429	424	0.9883449883449883
GSM6339603	ACTGAATGTTACTAGG-1	12239	10183	0.8320124193153036
GSM6339603	ACTGAATGTTACTTCA-1	32361	41197	1.2730447143166157
GSM6339603	ACTGAATGTTGCATCT-1	4824	5239	1.0860281923714759
GSM6339603	ACTGAATGTTTAGCGA-1	8040	5917	0.7359452736318408
GSM6339603	ACTGAATGTTTGACCT-1	1058	629	0.5945179584120983
GSM6339603	ACTGAATGTTTGGCGG-1	607	555	0.914332784184514
GSM6339603	ACTTACAAGCACTAGT-1	15270	21905	1.434512115258677
GSM6339603	ACTTACAAGCTCGCTT-1	11273	9817	0.8708418344717467
GSM6339603	ACTTACAAGGAACCAA-1	2518	2791	1.108419380460683
GSM6339603	ACTTACAAGGCGTAAA-1	23574	27851	1.1814286926274709
GSM6339603	ACTTACAAGGCTACTG-1	20214	22684	1.1221925398238843
GSM6339603	ACTTACAAGGTCCAAT-1	3360	3113	0.9264880952380953
GSM6339603	ACTTACAAGTCAATTG-1	16881	16872	0.9994668562288964
GSM6339603	ACTTACTTCATTCATC-1	1101	1211	1.0999091734786557
GSM6339603	ACTTAGGGTATTGTCC-1	13733	13917	1.013398383455909
GSM6339603	ACTTAGGGTCCTTCAG-1	693	863	1.2453102453102454
GSM6339603	ACTTAGGGTCTAACAG-1	813	867	1.066420664206642
GSM6339603	ACTTAGGGTGAAACAA-1	19671	21140	1.0746784606781556
GSM6339603	ACTTAGGGTGGACATC-1	17382	19561	1.1253595673685421
GSM6339603	ACTTAGGGTGGTTATG-1	1727	2127	1.2316155182397222
GSM6339603	ACTTAGGGTGTTGCTT-1	4053	4323	1.066617320503331
GSM6339603	ACTTAGGGTTGGTTCT-1	19520	25443	1.3034323770491802
GSM6339603	ACTTAGTCAATGCGCT-1	23795	25267	1.0618617356587519
GSM6339603	ACTTAGTCACTAAGTT-1	5858	5727	0.9776374189143052
GSM6339603	ACTTAGTCAGTTAAAG-1	926	961	1.0377969762419006
GSM6339603	ACTTAGTCATCCCTCA-1	13031	13725	1.0532576164530734
GSM6339603	ACTTATCTCAAACTCA-1	16471	15588	0.946390625948637
GSM6339603	ACTTATCTCACGAATC-1	1914	2361	1.2335423197492164
GSM6339603	ACTTATCTCGAGGAAC-1	2014	2390	1.1866931479642502
GSM6339603	ACTTATCTCTCACATT-1	7360	6892	0.9364130434782608
GSM6339603	ACTTATCTCTTGATGA-1	3960	4581	1.1568181818181817
GSM6339603	ACTTATGAGCAGGTTT-1	3724	4307	1.1565520945220193
GSM6339603	ACTTCGCTCAATCTCT-1	24658	34802	1.4113877848973964
GSM6339603	ACTTCGCTCACCTGCT-1	12748	14238	1.1168810793850015
GSM6339603	ACTTCGCTCATTACAG-1	580	658	1.1344827586206896
GSM6339603	ACTTCGCTCCCGAAGC-1	601	386	0.6422628951747088
GSM6339603	ACTTCGCTCGTTATAG-1	13523	11828	0.8746579900909561
GSM6339603	ACTTCGCTCTAAGGAG-1	2680	2635	0.9832089552238806
GSM6339603	ACTTGAATCCAAACAC-1	3491	3445	0.9868232598109424
GSM6339603	ACTTGAATCCATAATG-1	2103	1122	0.5335235378031383
GSM6339603	ACTTGAATCCCAGTAG-1	1491	1431	0.959758551307847
GSM6339603	ACTTGAATCCGTTAAA-1	887	901	1.015783540022548
GSM6339603	ACTTGAATCGAAGTGA-1	2106	2497	1.1856600189933524
GSM6339603	ACTTGAATCTATTGTC-1	17130	21256	1.2408639813193227
GSM6339603	ACTTGAATCTGTAATG-1	24238	34091	1.4065104381549633
GSM6339603	ACTTGAATCTGTGCAG-1	15841	19709	1.2441765040085853
GSM6339603	ACTTGAATCTTGAGCG-1	5092	5670	1.1135113904163394
GSM6339603	ACTTGCACAAATGCCC-1	31807	33358	1.0487628509447606
GSM6339603	ACTTGCACAACTAGCC-1	4386	5472	1.2476060191518468
GSM6339603	ACTTGCACAATAACGA-1	974	990	1.0164271047227926
GSM6339603	ACTTGCACACAATACT-1	1141	1149	1.007011393514461
GSM6339603	ACTTGCACACGAATCC-1	4509	3379	0.7493901086715458
GSM6339603	ACTTGCACACTTGTTC-1	893	910	1.019036954087346
GSM6339603	ACTTGCACAGATTCAT-1	36999	39361	1.0638395632314386
GSM6339603	ACTTGCACAGGCCTTG-1	1876	2246	1.197228144989339
GSM6339603	ACTTGCACAGTCTATG-1	2656	3270	1.2311746987951808
GSM6339603	ACTTGTAAGAACAAGT-1	854	859	1.005854800936768
GSM6339603	ACTTGTAAGCCGCAGT-1	20111	22687	1.1280891054646711
GSM6339603	ACTTGTAAGCTCATAA-1	5730	6664	1.163001745200698
GSM6339603	ACTTGTAAGGAAGCTA-1	2581	1829	0.7086400619914762
GSM6339603	ACTTGTAAGTCTCACC-1	2245	2420	1.0779510022271714
GSM6339603	ACTTGTCGTATTCGCT-1	754	905	1.20026525198939
GSM6339603	ACTTGTCGTCTAACAG-1	15963	17297	1.0835682515817828
GSM6339603	ACTTGTCGTTACCGGG-1	3260	3527	1.0819018404907976
GSM6339603	ACTTGTCGTTGCCTCA-1	448	478	1.0669642857142858
GSM6339603	ACTTGTCGTTGCGTAA-1	964	690	0.7157676348547718
GSM6339603	ACTTGTCGTTGGCGTG-1	3114	3728	1.1971740526653822
GSM6339603	ACTTTGTTCATCCTCA-1	11521	9223	0.8005381477302318
GSM6339603	ACTTTGTTCCAGGGAG-1	9504	10122	1.0650252525252526
GSM6339603	ACTTTGTTCGGGCCAT-1	981	1067	1.0876656472986748
GSM6339603	ACTTTGTTCTCAATAG-1	2168	2457	1.1333025830258303
GSM6339603	AGAAACCCAATATAGG-1	734	861	1.173024523160763
GSM6339603	AGAAACCCACAATACT-1	37705	42243	1.1203553905317598
GSM6339603	AGAAACCCAGTTTACG-1	2457	2932	1.1933251933251934
GSM6339603	AGAAACCCAGTTTGTG-1	2741	3166	1.1550529004013135
GSM6339603	AGAAACCCATCCGTAA-1	20913	24151	1.1548319227274901
GSM6339603	AGAAACCCATGGAGGC-1	1429	1591	1.1133659902029391
GSM6339603	AGAAACCCATTATGAC-1	1554	1775	1.1422136422136422
GSM6339603	AGAAACCCATTCCTCG-1	1232	1224	0.9935064935064936
GSM6339603	AGAAACTAGGCCGGAA-1	1642	1253	0.7630937880633374
GSM6339603	AGAAACTAGGGTCTAT-1	4852	4857	1.001030502885408
GSM6339603	AGAAACTAGTATCGCG-1	17057	22316	1.3083191651521369
GSM6339603	AGAAAGGCAAGGATTA-1	5437	6681	1.2288026485194041
GSM6339603	AGAAAGGCAAGTGAAC-1	521	598	1.1477927063339732
GSM6339603	AGAAAGGCACAAACTT-1	24702	27763	1.1239170917334629
GSM6339603	AGAAAGGCACATACTG-1	7597	5859	0.771225483743583
GSM6339603	AGAAAGGCACTCGCTC-1	11995	8727	0.7275531471446436
GSM6339603	AGAAAGGCAGCAACAG-1	10946	9084	0.8298921980632195
GSM6339603	AGAACAAGTCACACCC-1	15315	18342	1.1976493633692458
GSM6339603	AGAACAAGTGTTCCCA-1	533	544	1.020637898686679
GSM6339603	AGAACAAGTTAGCCAA-1	19630	21429	1.0916454406520633
GSM6339603	AGAACAAGTTAGTACG-1	501	540	1.0778443113772456
GSM6339603	AGAACAAGTTCCGGCT-1	5795	7494	1.293183779119931
GSM6339603	AGAACAAGTTTAACGG-1	25055	19484	0.7776491718219917
GSM6339603	AGAACAAGTTTCAGGA-1	11453	11636	1.0159783462848162
GSM6339603	AGAACAAGTTTGGTTC-1	696	704	1.0114942528735633
GSM6339603	AGAACAAGTTTGTTGC-1	1864	1836	0.9849785407725322
GSM6339603	AGAACCAAGTACCGCA-1	4759	5734	1.2048749737339777
GSM6339603	AGAACCAAGTCAGTAC-1	29379	38816	1.3212158344395657
GSM6339603	AGAACCAAGTGCACGC-1	8956	7392	0.825368468066101
GSM6339603	AGAACCGCAAACGCGA-1	1952	2203	1.1285860655737705
GSM6339603	AGAACCGCAGATAGAC-1	25789	29540	1.1454496102989646
GSM6339603	AGAACCGCATTGGGAG-1	514	605	1.1770428015564203
GSM6339603	AGAAGGTGTACGGTAC-1	13429	11045	0.8224737508377392
GSM6339603	AGAAGGTGTACGTTTC-1	44548	44671	1.002761066714555
GSM6339603	AGAAGGTGTACTTAGG-1	1023	997	0.9745845552297165
GSM6339603	AGAAGGTGTCATTAGG-1	827	675	0.8162031438935913
GSM6339603	AGAAGGTGTTCCTGAT-1	1005	978	0.9731343283582089
GSM6339603	AGAAGGTGTTGCTTCG-1	4796	4125	0.8600917431192661
GSM6339603	AGAATCGAGCTCAAAC-1	1313	1460	1.111957349581112
GSM6339603	AGAATCGAGCTTATGA-1	29170	42308	1.4503942406582104
GSM6339603	AGAATCGAGGCAATAG-1	11011	9039	0.8209063663609119
GSM6339603	AGAATCTGTACAAAGA-1	2687	2750	1.0234462225530332
GSM6339603	AGAATCTGTAGCAGCT-1	526	581	1.1045627376425855
GSM6339603	AGAATCTGTATTCGCT-1	536	487	0.9085820895522388
GSM6339603	AGAATCTGTGACATGC-1	2502	2983	1.19224620303757
GSM6339603	AGAATCTGTTACGCGG-1	7914	5343	0.6751326762699015
GSM6339603	AGAATCTGTTAGGCTA-1	6986	6848	0.9802462066991126
GSM6339603	AGAATCTGTTTGCGAA-1	3047	2464	0.8086642599277978
GSM6339603	AGACAATAGCCTGTTC-1	4820	4555	0.9450207468879668
GSM6339603	AGACAATAGCGGATAA-1	6563	7146	1.08883132713698
GSM6339603	AGACAATAGTAGGATG-1	3846	4803	1.248829953198128
GSM6339603	AGACAATAGTCCTTCA-1	1511	1695	1.1217736598279284
GSM6339603	AGACACGCAACCTAAT-1	1768	2092	1.1832579185520362
GSM6339603	AGACACGCAATAGTCT-1	814	925	1.1363636363636365
GSM6339603	AGACACGCAGAAACGT-1	736	807	1.096467391304348
GSM6339603	AGACACGCAGCAAGTG-1	4159	4971	1.1952392402019716
GSM6339603	AGACACGCAGCACGTT-1	880	517	0.5875
GSM6339603	AGACACGCAGTTGCGT-1	13215	13145	0.9947029890276201
GSM6339603	AGACACGCATCCTAGA-1	2450	2794	1.140408163265306
GSM6339603	AGACACGCATCTTGAG-1	29054	31933	1.0990913471466923
GSM6339603	AGACCCGGTAATCGTG-1	11490	8364	0.7279373368146214
GSM6339603	AGACCCGGTGATGAAA-1	1116	1344	1.2043010752688172
GSM6339603	AGACCCGGTTACTTCA-1	4086	4819	1.1793930494371023
GSM6339603	AGACCCGGTTCAAGAT-1	11990	10373	0.865137614678899
GSM6339603	AGACCCGGTTCTTTAG-1	16379	18283	1.1162464130899323
GSM6339603	AGACCCGGTTGGCCGA-1	6889	4180	0.6067644070256931
GSM6339603	AGACCCGGTTTGTTGC-1	1141	1094	0.9588080631025416
GSM6339603	AGACTATGTTGCACGG-1	12699	9634	0.7586424127884085
GSM6339603	AGAGAAGCAATACTGT-1	11995	8132	0.6779491454772822
GSM6339603	AGAGAAGCAATGAATG-1	415	460	1.108433734939759
GSM6339603	AGAGAAGCACCTAAGC-1	18121	18535	1.0228464212791788
GSM6339603	AGAGAAGCACGCAACT-1	402	454	1.1293532338308458
GSM6339603	AGAGAAGCAGCAATAA-1	6847	7848	1.1461954140499488
GSM6339603	AGAGAAGCAGCTCATA-1	1942	2216	1.141091658084449
GSM6339603	AGAGAAGCAGGACCTT-1	1654	1601	0.967956469165659
GSM6339603	AGAGAAGCATTGCGAC-1	568	581	1.022887323943662
GSM6339603	AGAGAAGCATTGTTGG-1	22681	28317	1.2484899254882942
GSM6339603	AGAGAGGAGACAAGTG-1	5196	5265	1.0132794457274827
GSM6339603	AGAGAGGAGCAAGGGT-1	4150	4485	1.080722891566265
GSM6339603	AGAGAGGAGCACGTTG-1	618	542	0.8770226537216829
GSM6339603	AGAGAGGAGGCTATGT-1	20667	26114	1.2635602651570137
GSM6339603	AGAGAGGAGGTCCGTA-1	25577	35672	1.3946905422840834
GSM6339603	AGAGAGGAGTGAGAGC-1	1095	1194	1.0904109589041096
GSM6339603	AGAGAGGAGTTATGTG-1	16815	17576	1.0452572108236693
GSM6339603	AGAGATTAGGATGATG-1	1950	2115	1.0846153846153845
GSM6339603	AGAGATTAGGTTTACA-1	19522	13832	0.7085339616842536
GSM6339603	AGAGATTAGTCAATTG-1	22057	19476	0.8829849934261232
GSM6339603	AGAGATTAGTCACTAA-1	23249	26268	1.129855047528926
GSM6339603	AGAGGAACAACCCTCC-1	2871	2863	0.9972135144548938
GSM6339603	AGAGGAACACGGTTTA-1	3834	4368	1.1392801251956182
GSM6339603	AGAGGAACACTAAATC-1	2277	2755	1.209925340360123
GSM6339603	AGAGGAACACTAAGAA-1	577	495	0.8578856152512998
GSM6339603	AGAGGAACAGCATGGA-1	550	599	1.089090909090909
GSM6339603	AGAGGAACAGGAACAT-1	477	454	0.9517819706498952
GSM6339603	AGAGGAACAGGGAGGA-1	7674	6471	0.843236903831118
GSM6339603	AGAGGAACAGTACCGT-1	430	549	1.2767441860465116
GSM6339603	AGAGGATGTAGCAGCT-1	34187	42384	1.2397695030274667
GSM6339603	AGAGGATGTGATTTGG-1	2305	2272	0.9856832971800434
GSM6339603	AGAGGATGTGCTCACC-1	1237	1368	1.1059013742926436
GSM6339603	AGATGAAGTGTCCAAA-1	789	1154	1.4626108998732572
GSM6339603	AGATGAAGTTCACTGT-1	28484	42247	1.4831835416374104
GSM6339603	AGATGAAGTTCATCTA-1	1036	1240	1.196911196911197
GSM6339603	AGATGAAGTTTACCGT-1	8414	5878	0.6985975754694557
GSM6339603	AGATGCTTCAAACACC-1	1672	2009	1.201555023923445
GSM6339603	AGATGCTTCAAGTGAG-1	23890	29276	1.225449979070741
GSM6339603	AGATGCTTCAATCTCT-1	2387	2757	1.155006284038542
GSM6339603	AGATGCTTCATCCTCA-1	26110	32815	1.2567981616238988
GSM6339603	AGATGCTTCCAAGTTA-1	774	826	1.0671834625322998
GSM6339603	AGATGCTTCCCTCATA-1	826	909	1.1004842615012107
GSM6339603	AGATGCTTCGAAGTAG-1	835	990	1.18562874251497
GSM6339603	AGATGCTTCTACTAAG-1	1124	1410	1.2544483985765125
GSM6339603	AGATGCTTCTCGACCT-1	2925	3283	1.1223931623931624
GSM6339603	AGCAAATAGAACAAGT-1	9774	7259	0.7426846736239001
GSM6339603	AGCAAATAGAATGACG-1	1172	1340	1.1433447098976108
GSM6339603	AGCAAATAGACAAAGT-1	1856	1507	0.8119612068965517
GSM6339603	AGCAAATAGCACTAGT-1	6068	5724	0.9433091628213579
GSM6339603	AGCAAATAGGCTCATG-1	567	625	1.1022927689594357
GSM6339603	AGCAAATAGTGAACCT-1	6397	5142	0.8038142879474753
GSM6339603	AGCAAATAGTTGGCCA-1	37200	34796	0.9353763440860215
GSM6339603	AGCAACAAGAAAGCAT-1	3099	3405	1.0987415295256535
GSM6339603	AGCAACAAGCAAGGAC-1	29487	36177	1.226879641876081
GSM6339603	AGCAACAAGCACTAAC-1	22121	22662	1.0244563988969757
GSM6339603	AGCAACAAGGAAGTAT-1	1070	799	0.7467289719626168
GSM6339603	AGCAACAAGGCTAATC-1	837	865	1.033452807646356
GSM6339603	AGCAACAAGGCTGGCT-1	1753	1545	0.8813462635482031
GSM6339603	AGCAACAAGGTCATTA-1	619	446	0.7205169628432956
GSM6339603	AGCAACAAGTCATTGA-1	2564	2146	0.8369734789391575
GSM6339603	AGCAAGGGTCAGTAAT-1	1266	1320	1.042654028436019
GSM6339603	AGCAAGGGTCCAAGAC-1	19834	16842	0.8491479278007462
GSM6339603	AGCAAGGGTGATTACG-1	702	802	1.1424501424501425
GSM6339603	AGCAAGGGTGCCTCAC-1	1416	1272	0.8983050847457628
GSM6339603	AGCAAGGGTTTGCGCC-1	718	676	0.9415041782729805
GSM6339603	AGCAATACAATAAGCA-1	13450	9399	0.6988104089219331
GSM6339603	AGCAATACAATATACC-1	6281	7200	1.1463142811654194
GSM6339603	AGCAATACACAGCCTG-1	4184	4574	1.0932122370936903
GSM6339603	AGCAATACAGCAGGTA-1	1440	1142	0.7930555555555555
GSM6339603	AGCAATACATAAGCAA-1	31754	35012	1.1026012470869813
GSM6339603	AGCAATACATTCAGCA-1	949	833	0.8777660695468915
GSM6339603	AGCAATTGTACTGAAT-1	3950	4180	1.058227848101266
GSM6339603	AGCAATTGTCACACCC-1	3119	3038	0.9740301378647003
GSM6339603	AGCAATTGTCATTGTC-1	3771	4232	1.1222487403871653
GSM6339603	AGCAATTGTGCTCCAC-1	18557	22705	1.2235275098345637
GSM6339603	AGCACAGCAACAGGTG-1	540	486	0.9
GSM6339603	AGCACAGCAAGGGTTG-1	1643	1827	1.1119902617163724
GSM6339603	AGCACAGCACATACTG-1	8712	10374	1.190771349862259
GSM6339603	AGCACAGCACTTCACT-1	567	626	1.1040564373897708
GSM6339603	AGCACAGCAGTACCGT-1	20847	26181	1.255864153115556
GSM6339603	AGCACAGCAGTTTCTC-1	4682	5731	1.224049551473729
GSM6339603	AGCACAGCATAAGTTC-1	2285	2293	1.0035010940919038
GSM6339603	AGCACAGCATGTTGCA-1	30744	29119	0.947144158209732
GSM6339603	AGCACTAGTGTTTCAC-1	1087	1049	0.9650413983440662
GSM6339603	AGCACTAGTTAGCTGA-1	1496	1702	1.1377005347593583
GSM6339603	AGCACTAGTTCCTGAT-1	707	726	1.0268741159830268
GSM6339603	AGCACTTAGATGGAGC-1	24504	32142	1.3117042115572968
GSM6339603	AGCACTTAGCACAGCC-1	12280	13569	1.1049674267100977
GSM6339603	AGCACTTAGGTGCTGC-1	5565	5553	0.997843665768194
GSM6339603	AGCAGGTAGACAACAG-1	6247	7256	1.1615175284136385
GSM6339603	AGCAGGTAGCGATAAG-1	3820	4160	1.0890052356020943
GSM6339603	AGCAGGTAGCGATACT-1	1237	1294	1.04607922392886
GSM6339603	AGCAGGTAGGTGTTAC-1	612	535	0.8741830065359477
GSM6339603	AGCAGGTAGTAAGGGC-1	2871	3466	1.2072448624172762
GSM6339603	AGCAGGTAGTTAGTGC-1	1030	1368	1.3281553398058252
GSM6339603	AGCAGGTAGTTTGAGC-1	29169	23256	0.7972847886454798
GSM6339603	AGCATCCCAAAGGCCA-1	2940	3764	1.2802721088435374
GSM6339603	AGCATCCCAACCCTAA-1	1169	1306	1.1171941830624466
GSM6339603	AGCATCCCAACCCTCC-1	2750	2673	0.972
GSM6339603	AGCATCCCACATTGCA-1	709	692	0.9760225669957687
GSM6339603	AGCATCCCAGGCCTTG-1	470	534	1.1361702127659574
GSM6339603	AGCATCCCAGGCGAGT-1	5279	5739	1.087137715476416
GSM6339603	AGCATCCCAGTTATCG-1	18263	25171	1.3782511087992115
GSM6339603	AGCATCCCATAAGTCT-1	1899	2007	1.0568720379146919
GSM6339603	AGCATCCCATAATGTC-1	12389	14086	1.1369763499878924
GSM6339603	AGCATCCCATAGCGGA-1	442	378	0.8552036199095022
GSM6339603	AGCATCCCATCCTGAA-1	5454	6367	1.1674000733406673
GSM6339603	AGCATCCCATGACTAT-1	1896	2128	1.1223628691983123
GSM6339603	AGCATCCCATGTCAGC-1	1590	1718	1.080503144654088
GSM6339603	AGCATTTCAATTTGGT-1	3619	4388	1.2124896380215529
GSM6339603	AGCATTTCAGGCAAGC-1	11189	10069	0.8999016891589955
GSM6339603	AGCATTTCAGGTTAAA-1	2023	2090	1.0331191300049432
GSM6339603	AGCATTTCATTAGCGC-1	4733	5733	1.2112824846820198
GSM6339603	AGCCAGTGTCACGAAC-1	22547	25853	1.1466270457267043
GSM6339603	AGCCAGTGTGAGAAAC-1	1020	1014	0.9941176470588236
GSM6339603	AGCCAGTGTGATCAGC-1	1286	1238	0.9626749611197511
GSM6339603	AGCCAGTGTTAGCTGA-1	2265	2206	0.9739514348785872
GSM6339603	AGCCAGTGTTATAGCG-1	800	892	1.115
GSM6339603	AGCCAGTGTTTCGCGC-1	2089	2437	1.1665868836764002
GSM6339603	AGCCGCTAGCCAAATC-1	7797	7802	1.000641272284212
GSM6339603	AGCCGCTAGCCTCTGT-1	1921	2305	1.1998958875585632
GSM6339603	AGCCGCTAGCGCTCAA-1	5159	6196	1.201007947276604
GSM6339603	AGCCGCTAGGAACCAA-1	963	988	1.0259605399792315
GSM6339603	AGCCGCTAGGACAACA-1	8204	11810	1.43954168698196
GSM6339603	AGCCGCTAGGAGGGTT-1	2299	2671	1.1618094823836451
GSM6339603	AGCCGCTAGGATCACT-1	5834	6174	1.0582790538224203
GSM6339603	AGCCGGTTCAAGCTTA-1	480	468	0.975
GSM6339603	AGCCGGTTCAGTTCCC-1	544	630	1.1580882352941178
GSM6339603	AGCCGGTTCATGCTTT-1	9815	11834	1.2057055527254203
GSM6339603	AGCCGGTTCCCTGATC-1	21849	24634	1.1274657879079133
GSM6339603	AGCCTAAGTCATGCAA-1	2376	2683	1.129208754208754
GSM6339603	AGCCTAAGTCCGCTGT-1	16345	19604	1.199388192107678
GSM6339603	AGCCTAAGTGCTAGCG-1	8802	8867	1.0073846852987958
GSM6339603	AGCCTAAGTTGTAAAC-1	1321	1431	1.0832702498107494
GSM6339603	AGCCTAGTCCCTCGCA-1	7444	5835	0.7838527673293928
GSM6339603	AGCCTAGTCCTAAGGT-1	1540	1425	0.9253246753246753
GSM6339603	AGCCTAGTCGCTAGAT-1	816	909	1.1139705882352942
GSM6339603	AGCCTAGTCGGTACGC-1	2692	2879	1.0694650817236255
GSM6339603	AGCCTAGTCTTAGGGT-1	616	524	0.8506493506493507
GSM6339603	AGCCTCCGTAAGTCGC-1	5292	7583	1.43291761148904
GSM6339603	AGCCTCCGTATACTGG-1	7121	7978	1.1203482656930206
GSM6339603	AGCCTCCGTCCTCCAA-1	840	866	1.0309523809523808
GSM6339603	AGCCTCCGTGATGATT-1	17967	19183	1.0676796348861801
GSM6339603	AGCCTGGGTCTATCGT-1	15319	16961	1.1071871532084339
GSM6339603	AGCCTGGGTGATGATT-1	13152	13045	0.9918643552311436
GSM6339603	AGCCTGGGTTAACACG-1	8357	8293	0.9923417494316142
GSM6339603	AGCCTGGGTTAAGGCC-1	2101	2662	1.2670157068062826
GSM6339603	AGCCTGGGTTCCGGCT-1	2808	3342	1.1901709401709402
GSM6339603	AGCGATTTCAAACTCA-1	625	563	0.9008
GSM6339603	AGCGATTTCAGGAACA-1	707	729	1.031117397454031
GSM6339603	AGCGATTTCCTCGATC-1	619	563	0.9095315024232633
GSM6339603	AGCGATTTCCTGGTCT-1	2704	3006	1.1116863905325445
GSM6339603	AGCGATTTCTCAATTC-1	17737	17607	0.992670688391498
GSM6339603	AGCGATTTCTGTGCAG-1	20403	27056	1.3260794981130226
GSM6339603	AGCGCCTAGAGCCGCT-1	18978	19580	1.031720940035831
GSM6339603	AGCGCCTAGCTAAAGG-1	1854	2153	1.1612729234088457
GSM6339603	AGCGCCTAGCTTACTT-1	1317	1430	1.0858010630220198
GSM6339603	AGCGCCTAGGAACCAA-1	3434	4092	1.1916132789749563
GSM6339603	AGCGCCTAGGGATGCG-1	2800	3119	1.1139285714285714
GSM6339603	AGCGCCTAGGGCTTAT-1	918	1045	1.1383442265795207
GSM6339603	AGCGCCTAGGTAAGCA-1	836	781	0.9342105263157895
GSM6339603	AGCGCCTAGTACTGGT-1	541	518	0.9574861367837338
GSM6339603	AGCGCCTAGTAGGATG-1	2752	2627	0.954578488372093
GSM6339603	AGCGCTCAGACAAACG-1	5692	6514	1.1444132115249472
GSM6339603	AGCGCTCAGACACTTA-1	2061	2346	1.1382823871906842
GSM6339603	AGCGCTCAGACTAAGG-1	13417	15912	1.185958112841917
GSM6339603	AGCGCTCAGAGGAGTC-1	2491	2635	1.057808109193095
GSM6339603	AGCGCTCAGCTCAAAC-1	446	545	1.2219730941704037
GSM6339603	AGCGCTCAGGCGCATC-1	18113	23815	1.3148015237674597
GSM6339603	AGCGCTCAGGGACGCA-1	7110	4722	0.6641350210970464
GSM6339603	AGCGCTCAGTTATTCC-1	1571	1667	1.0611075747931253
GSM6339603	AGCGCTCAGTTGGCCA-1	1354	1457	1.0760709010339735
GSM6339603	AGCGGACCAACCTAAT-1	3072	3488	1.1354166666666667
GSM6339603	AGCGGACCAATTGACT-1	10086	8849	0.8773547491572476
GSM6339603	AGCGGACCAGCAAGGC-1	2242	2909	1.2975022301516503
GSM6339603	AGCGGATAGAGGAAGG-1	3160	3448	1.0911392405063292
GSM6339603	AGCGGATAGCAGGCCT-1	1619	1537	0.9493514515132798
GSM6339603	AGCGGATAGTTCCCGT-1	2583	2605	1.0085172280294232
GSM6339603	AGCGTGCTCAGCTAAC-1	2495	3121	1.2509018036072144
GSM6339603	AGCGTGCTCATCCTAT-1	902	845	0.9368070953436807
GSM6339603	AGCGTGCTCCCGTTAC-1	2383	2590	1.086865295845573
GSM6339603	AGCGTGCTCCGTAAAC-1	1453	1470	1.0116999311768755
GSM6339603	AGCGTGCTCGATATTG-1	31017	30157	0.9722732694973724
GSM6339603	AGCGTGCTCGCGACAC-1	757	1005	1.3276089828269484
GSM6339603	AGCGTGCTCGGGACCT-1	858	752	0.8764568764568764
GSM6339603	AGCGTGCTCTACTAAG-1	1207	1411	1.1690140845070423
GSM6339603	AGCGTGCTCTCAATTC-1	553	577	1.0433996383363473
GSM6339603	AGCGTGCTCTCCTCTT-1	3058	3549	1.1605624591236101
GSM6339603	AGCTAAACAATAACGA-1	2008	2365	1.177788844621514
GSM6339603	AGCTAAACACCTCACC-1	2911	3405	1.1697011336310545
GSM6339603	AGCTAAACAGCAAGGC-1	1599	1887	1.1801125703564728
GSM6339603	AGCTAAACATAAACCT-1	2953	2682	0.9082289197426346
GSM6339603	AGCTAAACATCACAGC-1	2653	3267	1.2314361100640785
GSM6339603	AGCTAAACATTAGGTT-1	11832	9434	0.7973292765382015
GSM6339603	AGCTAACTCACAGGAA-1	7442	5330	0.7162053211502284
GSM6339603	AGCTAACTCAGGATGA-1	5010	5680	1.1337325349301397
GSM6339603	AGCTAACTCGTGCTAG-1	8821	7979	0.9045459698446888
GSM6339603	AGCTAACTCTTGTCTG-1	1489	1578	1.0597716588314305
GSM6339603	AGCTACGTCACCGGTA-1	35442	45249	1.276705603521246
GSM6339603	AGCTACGTCCAACTGG-1	3688	3874	1.0504338394793926
GSM6339603	AGCTACGTCCTCCCTC-1	1539	1630	1.0591293047433399
GSM6339603	AGCTACTAGACAAACG-1	14918	12558	0.8418018501139563
GSM6339603	AGCTACTAGACACCGC-1	9208	12985	1.4101867940920938
GSM6339603	AGCTACTAGAGGAGTC-1	9187	10592	1.1529334929792097
GSM6339603	AGCTACTAGCTTACTT-1	1045	1066	1.0200956937799044
GSM6339603	AGCTACTAGGTCGATT-1	5082	5546	1.0913026367571823
GSM6339603	AGCTACTAGTCACCTC-1	1586	1705	1.075031525851198
GSM6339603	AGCTACTAGTGAGCAA-1	1039	1097	1.055822906641001
GSM6339603	AGCTAGTTCATCCTGC-1	411	440	1.0705596107055961
GSM6339603	AGCTAGTTCATGTTTC-1	441	502	1.1383219954648527
GSM6339603	AGCTAGTTCTGCAAAC-1	1277	1289	1.009397024275646
GSM6339603	AGCTATATCAAAGGCA-1	2813	2647	0.9409882687522219
GSM6339603	AGCTATATCACGCATG-1	1951	1884	0.9656586365966171
GSM6339603	AGCTATATCACTTTAC-1	12698	9562	0.75303197353914
GSM6339603	AGCTATATCCGGTATG-1	19785	25280	1.2777356583270154
GSM6339603	AGCTATATCCTAATTC-1	2832	3246	1.146186440677966
GSM6339603	AGCTATATCCTTGAGG-1	3740	3470	0.9278074866310161
GSM6339603	AGCTATATCTACCTGC-1	32977	46375	1.406283167055827
GSM6339603	AGCTATATCTACTAAG-1	1415	1716	1.212720848056537
GSM6339603	AGCTCATAGAAGGTGC-1	9229	9934	1.076389641347925
GSM6339603	AGCTCATAGAGAGCCG-1	35790	45758	1.2785135512713048
GSM6339603	AGCTCATAGCCTGTGA-1	9556	10819	1.132168271243198
GSM6339603	AGCTCATAGGTAACGA-1	1120	1016	0.9071428571428571
GSM6339603	AGCTCATAGGTTTGCG-1	20955	29380	1.4020520162252446
GSM6339603	AGCTGCTCAAATTCGT-1	4136	4238	1.0246615087040618
GSM6339603	AGCTGCTCAAGATTCT-1	18106	24008	1.3259692919474206
GSM6339603	AGCTGCTCAAGGAATC-1	32556	52628	1.6165376581889668
GSM6339603	AGCTGCTCAATTTGGT-1	2442	2737	1.1208026208026207
GSM6339603	AGCTGCTCACATAGCC-1	27601	32852	1.1902467301909352
GSM6339603	AGCTGCTCACTATGGC-1	2075	1767	0.8515662650602409
GSM6339603	AGCTGCTCACTGGCCA-1	2583	2943	1.1393728222996515
GSM6339603	AGCTGCTCAGGTATTT-1	1595	1552	0.9730407523510972
GSM6339603	AGCTGCTCATAGCAGG-1	1296	1265	0.9760802469135802
GSM6339603	AGCTTAATCACAGCCA-1	18845	20050	1.063942690368798
GSM6339603	AGCTTAATCATAACTG-1	1465	1319	0.9003412969283277
GSM6339603	AGCTTAATCGTCAAGT-1	30139	29650	0.9837751750223962
GSM6339603	AGCTTAATCTTGTCTG-1	1337	1498	1.1204188481675392
GSM6339603	AGCTTCCTCACTAAGC-1	5166	6006	1.1626016260162602
GSM6339603	AGCTTCCTCATGGTGT-1	443	565	1.275395033860045
GSM6339603	AGCTTCCTCGGTTTCC-1	4626	2783	0.601599654128837
GSM6339603	AGCTTCCTCTTGGACG-1	1129	1156	1.0239149689991143
GSM6339603	AGCTTGGTCAGGCTAT-1	2556	2419	0.9464006259780907
GSM6339603	AGCTTGGTCCATTACT-1	3777	4141	1.0963727826317182
GSM6339603	AGCTTGGTCGTTATAG-1	1123	1230	1.0952804986642921
GSM6339603	AGCTTTAAGCCTCTGT-1	34248	39229	1.1454391497313712
GSM6339603	AGCTTTAAGCTGTCAG-1	785	716	0.9121019108280255
GSM6339603	AGCTTTAAGGTCCTGA-1	3157	3576	1.1327209375989864
GSM6339603	AGCTTTAAGTAGCTTA-1	18378	15758	0.8574382413755577
GSM6339603	AGCTTTAAGTTAACCA-1	884	825	0.9332579185520362
GSM6339603	AGGAAACGTACCTTAC-1	2253	1881	0.8348868175765646
GSM6339603	AGGAAACGTCCGCTGT-1	2651	2970	1.120331950207469
GSM6339603	AGGAAACGTTCCGCAC-1	539	726	1.346938775510204
GSM6339603	AGGAAACGTTGCACAA-1	541	426	0.7874306839186691
GSM6339603	AGGAACCAGAACCTGT-1	580	639	1.1017241379310345
GSM6339603	AGGAACCAGAGGAGGA-1	3509	3771	1.0746651467654602
GSM6339603	AGGAACCAGATGGAGC-1	786	726	0.9236641221374046
GSM6339603	AGGAACCAGCATGTCG-1	28407	35715	1.25726053437533
GSM6339603	AGGAACCAGCTAAGTC-1	25542	25957	1.0162477488058883
GSM6339603	AGGAACCAGGACACTT-1	20005	22625	1.1309672581854537
GSM6339603	AGGAACCAGGCATGTT-1	2828	3168	1.1202263083451203
GSM6339603	AGGAACCAGGCGGGTA-1	599	602	1.005008347245409
GSM6339603	AGGAACCAGGGTCTAT-1	2020	2290	1.1336633663366336
GSM6339603	AGGAACCAGGTCCTAG-1	1705	1862	1.09208211143695
GSM6339603	AGGAACCAGTAACAGG-1	1080	1182	1.0944444444444446
GSM6339603	AGGAACCAGTAAGAAC-1	29898	36366	1.216335540838852
GSM6339603	AGGAACGGTCGACTAA-1	683	723	1.0585651537335286
GSM6339603	AGGAACGGTTCACTGT-1	608	584	0.9605263157894737
GSM6339603	AGGAACGGTTCGGGAT-1	870	879	1.0103448275862068
GSM6339603	AGGACGTAGAGGAAGG-1	657	553	0.8417047184170472
GSM6339603	AGGACGTAGCTAAGTC-1	721	793	1.0998613037447988
GSM6339603	AGGACGTAGGAAGTAT-1	21452	23364	1.0891292187208652
GSM6339603	AGGACGTAGGACTAAG-1	2117	2344	1.1072272083136514
GSM6339603	AGGACGTAGGCAGGTG-1	19431	31255	1.6085121712727086
GSM6339603	AGGACGTAGGTCCAAT-1	18242	17232	0.9446332638965026
GSM6339603	AGGACGTAGGTGAAGC-1	2192	2670	1.2180656934306568
GSM6339603	AGGACGTAGTATTGCA-1	9510	8844	0.929968454258675
GSM6339603	AGGACGTAGTGAACCT-1	4748	3169	0.6674389216512215
GSM6339603	AGGACTAAGGCGCACT-1	502	536	1.0677290836653386
GSM6339603	AGGACTAAGGCTTAAC-1	38130	47509	1.245974298452662
GSM6339603	AGGACTAAGGTCGAGG-1	12103	11170	0.922911674791374
GSM6339603	AGGACTAAGTGAGCAA-1	4839	4453	0.9202314527794999
GSM6339603	AGGAGCTAGCACTTGG-1	1598	1854	1.1602002503128912
GSM6339603	AGGAGCTAGCTAATCA-1	930	976	1.049462365591398
GSM6339603	AGGAGCTAGCTATTGA-1	452	485	1.073008849557522
GSM6339603	AGGAGCTAGCTGGACC-1	1982	2180	1.099899091826438
GSM6339603	AGGAGCTAGCTGTACG-1	42444	48998	1.1544152294788428
GSM6339603	AGGAGCTAGGATCACT-1	1301	1473	1.132205995388163
GSM6339603	AGGAGCTAGTGTTGTA-1	546	476	0.8717948717948718
GSM6339603	AGGATATAGAACAAGT-1	937	948	1.0117395944503735
GSM6339603	AGGATATAGACAAACG-1	2344	2947	1.2572525597269624
GSM6339603	AGGATATAGATGGAGC-1	2679	2868	1.070548712206047
GSM6339603	AGGATATAGTACTGGT-1	15731	20490	1.302523679359227
GSM6339603	AGGATATAGTGTTGCG-1	12588	15956	1.2675564029234192
GSM6339603	AGGATCCGTCATCAAG-1	1882	2250	1.1955366631243358
GSM6339603	AGGATCCGTCCCGGAA-1	3320	3727	1.122590361445783
GSM6339603	AGGATCCGTCGTTACT-1	837	983	1.1744324970131421
GSM6339603	AGGATGCAGACACCGC-1	34535	37640	1.0899087881858984
GSM6339603	AGGATGCAGATAGACG-1	690	842	1.2202898550724637
GSM6339603	AGGATGCAGCTTAACA-1	3248	3623	1.1154556650246306
GSM6339603	AGGATGCAGGCATTGT-1	1959	2135	1.089841755997958
GSM6339603	AGGATGCAGTTTGGGT-1	478	515	1.0774058577405858
GSM6339603	AGGATGTCAAGGTGGC-1	15589	12956	0.8310988517544422
GSM6339603	AGGATGTCAATATGGA-1	501	597	1.1916167664670658
GSM6339603	AGGATGTCACATACTG-1	9730	7411	0.7616649537512847
GSM6339603	AGGATGTCAGGATTAA-1	8429	5997	0.7114722980187448
GSM6339603	AGGATGTCAGGCAAGC-1	3426	3074	0.8972562755399883
GSM6339603	AGGATGTCAGTTGCGT-1	385	384	0.9974025974025974
GSM6339603	AGGATGTCATCTTGAG-1	4779	5638	1.1797447164678803
GSM6339603	AGGATGTCATGAATCT-1	30125	40099	1.3310871369294606
GSM6339603	AGGATTGAGCAACATC-1	15409	12735	0.8264650528911675
GSM6339603	AGGATTGAGCTATTGA-1	914	955	1.0448577680525164
GSM6339603	AGGATTGAGGGATGAC-1	1462	1386	0.948016415868673
GSM6339603	AGGCAATCAATGAATG-1	19500	18108	0.9286153846153846
GSM6339603	AGGCAATCACAGAACG-1	1992	1918	0.9628514056224899
GSM6339603	AGGCAATCAGCACGTT-1	1232	1400	1.1363636363636365
GSM6339603	AGGCAATCATCGTTCT-1	15907	17235	1.0834852580624883
GSM6339603	AGGCAATCATTCCTGT-1	3879	4091	1.054653261149781
GSM6339603	AGGCAATCATTGTCAG-1	9179	10663	1.161673384900316
GSM6339603	AGGCAGGTCAATCTAG-1	5422	3620	0.6676503135374401
GSM6339603	AGGCAGGTCAGGTCCA-1	1498	1352	0.9025367156208278
GSM6339603	AGGCAGGTCATGCTCC-1	3388	3377	0.9967532467532467
GSM6339603	AGGCAGGTCCGGTTGA-1	11013	7331	0.665667847089803
GSM6339603	AGGCAGGTCTCAATGA-1	9195	8931	0.9712887438825448
GSM6339603	AGGCCCAGTAAAGCGG-1	1689	1819	1.0769686204854945
GSM6339603	AGGCCCAGTAGCAGCT-1	1643	1785	1.086427267194157
GSM6339603	AGGCCCAGTATACTGG-1	12308	11981	0.9734319142021449
GSM6339603	AGGCCCAGTCAAGTGC-1	2013	2326	1.1554893194237457
GSM6339603	AGGCCCAGTCGCATAA-1	994	790	0.7947686116700201
GSM6339603	AGGCCCAGTTTATTCG-1	2655	3068	1.1555555555555554
GSM6339603	AGGCGGATCACGCATG-1	20047	27324	1.362996957150696
GSM6339603	AGGCGGATCATTACGA-1	1984	2296	1.157258064516129
GSM6339603	AGGCGGATCCTGATGG-1	17311	16972	0.9804170758477269
GSM6339603	AGGCGGATCGCCTAAG-1	484	590	1.21900826446281
GSM6339603	AGGCGGATCGTTTCGC-1	1923	2301	1.1965678627145087
GSM6339603	AGGCGGATCTCATCAT-1	6428	7697	1.197417548226509
GSM6339603	AGGCGGATCTCGCCTG-1	31691	39359	1.2419614401565113
GSM6339603	AGGCGGATCTTGTCTG-1	1360	1506	1.1073529411764707
GSM6339603	AGGCTAAAGACAACAG-1	4375	4244	0.9700571428571428
GSM6339603	AGGCTAAAGCAGCTCA-1	2264	2307	1.0189929328621907
GSM6339603	AGGCTAAAGCTGTCAG-1	17745	19468	1.097097774020851
GSM6339603	AGGCTAAAGGAGTAAT-1	1365	1771	1.2974358974358975
GSM6339603	AGGCTAAAGGCGAATA-1	1900	2030	1.068421052631579
GSM6339603	AGGCTAAAGGCTTAGT-1	1554	1532	0.9858429858429858
GSM6339603	AGGCTAAAGTTACCGG-1	473	709	1.4989429175475688
GSM6339603	AGGCTAGCAACCTGGT-1	30747	35052	1.1400136598692556
GSM6339603	AGGCTAGCAATTGACT-1	3312	3241	0.9785628019323671
GSM6339603	AGGCTAGCACGGTTTA-1	1885	2137	1.1336870026525199
GSM6339603	AGGCTAGCAGCCGCTA-1	2174	2695	1.2396504139834406
GSM6339603	AGGGCCTTCACAGCCA-1	2330	2121	0.9103004291845493
GSM6339603	AGGGCCTTCCCGCAAA-1	3383	3692	1.0913390481820868
GSM6339603	AGGGCCTTCCTTTACG-1	1714	1385	0.808051341890315
GSM6339603	AGGGCCTTCGTACCGA-1	3304	2770	0.8383777239709443
GSM6339603	AGGGCCTTCTTAAGTG-1	471	510	1.0828025477707006
GSM6339603	AGGGCTACACAGAAAC-1	719	705	0.980528511821975
GSM6339603	AGGGCTACACTGACTA-1	901	775	0.8601553829078802
GSM6339603	AGGGCTACATCCGTAA-1	33992	34612	1.0182395857848905
GSM6339603	AGGGCTACATGAGTTT-1	4564	5069	1.1106485539000877
GSM6339603	AGGGCTACATTGACAT-1	30453	41253	1.3546448625751157
GSM6339603	AGGGTTGCACAAACTT-1	12551	10256	0.8171460441399092
GSM6339603	AGGGTTGCACCTGCTC-1	3167	3691	1.1654562677612883
GSM6339603	AGGGTTGCAGCTAATT-1	879	1012	1.1513083048919226
GSM6339603	AGGGTTGCAGGCTTGT-1	1436	1693	1.1789693593314763
GSM6339603	AGGGTTGCATAATCGT-1	31677	42724	1.3487388325914702
GSM6339603	AGGTAACCAATCCCTT-1	1948	2117	1.0867556468172486
GSM6339603	AGGTAACCAGGCATGA-1	884	853	0.9649321266968326
GSM6339603	AGGTACGCAACACCTA-1	18254	16862	0.9237427413169716
GSM6339603	AGGTACGCAAGGGTTG-1	566	553	0.9770318021201413
GSM6339603	AGGTACGCAAGTCGCT-1	486	437	0.8991769547325102
GSM6339603	AGGTACGCACGAACAG-1	3634	4578	1.259768849752339
GSM6339603	AGGTACGCACTAGCGT-1	2538	3124	1.2308904649330181
GSM6339603	AGGTACGCAGGAATCG-1	2908	3160	1.0866574965612104
GSM6339603	AGGTACGCATTAAGCT-1	25628	26066	1.0170906820664898
GSM6339603	AGGTATTGTAAGCTCA-1	26030	40280	1.5474452554744527
GSM6339603	AGGTATTGTCAAGACC-1	8841	6244	0.7062549485352335
GSM6339603	AGGTATTGTCCTTCAG-1	815	824	1.011042944785276
GSM6339603	AGGTATTGTTAGCTGA-1	1921	1218	0.6340447683498178
GSM6339603	AGGTCAAAGACTTACA-1	2485	2213	0.890543259557344
GSM6339603	AGGTCAAAGCGAGGTG-1	5740	6598	1.1494773519163763
GSM6339603	AGGTCAAAGCGCCTAA-1	1875	1469	0.7834666666666666
GSM6339603	AGGTCAAAGGAACGGT-1	3146	2742	0.8715829624920534
GSM6339603	AGGTCAAAGTAAAGGT-1	1945	2137	1.098714652956298
GSM6339603	AGGTCAAAGTAAGTGG-1	3851	3980	1.0334977927810958
GSM6339603	AGGTCAAAGTCTTGAA-1	26918	26684	0.991306932164351
GSM6339603	AGGTCAAAGTTAGTGC-1	1442	1054	0.7309292649098474
GSM6339603	AGGTCATTCAAGCCTG-1	1761	2049	1.1635434412265757
GSM6339603	AGGTCATTCACGAATC-1	565	552	0.9769911504424779
GSM6339603	AGGTCATTCATTTGTC-1	1921	2143	1.1155648099947943
GSM6339603	AGGTCATTCCGGTTGA-1	15662	16842	1.0753415911122461
GSM6339603	AGGTCATTCCTAATTC-1	533	527	0.9887429643527205
GSM6339603	AGGTCATTCCTAGTTT-1	2887	2812	0.974021475580187
GSM6339603	AGGTCATTCGCTAGTG-1	13303	11699	0.8794256934526047
GSM6339603	AGGTCATTCGTACCGA-1	1339	1372	1.0246452576549665
GSM6339603	AGGTCCGGTATGGTGC-1	1020	1007	0.9872549019607844
GSM6339603	AGGTCCGGTCGCATAA-1	4206	4025	0.9569662387066096
GSM6339603	AGGTCCGGTGACCTGG-1	26675	32509	1.2187066541705718
GSM6339603	AGGTCCGGTTACTTGC-1	1291	1320	1.0224632068164214
GSM6339603	AGGTCTTAGAGAAGGG-1	1306	1299	0.9946401225114855
GSM6339603	AGGTCTTAGCATTTCT-1	4033	5023	1.2454748326307958
GSM6339603	AGGTCTTAGCTGTAAC-1	3607	3932	1.0901025783199334
GSM6339603	AGGTCTTAGCTTATGA-1	4275	4492	1.0507602339181286
GSM6339603	AGGTCTTAGGATCCGC-1	441	496	1.124716553287982
GSM6339603	AGGTCTTAGTAGGCGG-1	2836	3312	1.1678420310296191
GSM6339603	AGGTCTTAGTGAAGTG-1	20071	20012	0.9970604354541378
GSM6339603	AGGTGAATCAGGAAGC-1	16197	19241	1.1879360375378156
GSM6339603	AGGTGAGGTAACAGGG-1	1598	1891	1.1833541927409261
GSM6339603	AGGTGAGGTAACCTAG-1	31765	37113	1.1683614040610735
GSM6339603	AGGTGAGGTCACAAAT-1	7173	4814	0.671127840513035
GSM6339603	AGGTGAGGTTGCGCGA-1	28285	30404	1.0749160332331624
GSM6339603	AGGTGAGGTTTCAGGA-1	4471	4796	1.072690673227466
GSM6339603	AGGTGAGGTTTGGCGG-1	1985	1917	0.9657430730478589
GSM6339603	AGGTTAACAAGGATTA-1	439	529	1.20501138952164
GSM6339603	AGGTTAACACCGGCTA-1	986	1143	1.1592292089249492
GSM6339603	AGGTTAACACTTGTTC-1	8713	9763	1.1205095833811547
GSM6339603	AGGTTAACAGGCGAGT-1	14454	13865	0.9592500345925004
GSM6339603	AGGTTAACATGCATAT-1	11818	8735	0.739126755796243
GSM6339603	AGGTTACTCAAGGACA-1	2773	2967	1.0699603317706454
GSM6339603	AGGTTACTCCAGGGAG-1	14524	10775	0.7418755163866704
GSM6339603	AGGTTACTCCCTGTTA-1	30224	43639	1.4438525674960296
GSM6339603	AGGTTACTCTTAGTGA-1	912	1022	1.1206140350877194
GSM6339603	AGGTTAGAGCCAGTAT-1	9573	7147	0.7465789198788259
GSM6339603	AGGTTAGAGCTCAATA-1	16057	16319	1.0163168711465405
GSM6339603	AGGTTAGAGGATAAAC-1	1343	1548	1.1526433358153387
GSM6339603	AGGTTAGAGGCGCACT-1	8931	10124	1.133579666330758
GSM6339603	AGGTTAGAGGCTGTCA-1	3553	4299	1.2099634112018014
GSM6339603	AGGTTAGAGGGATGAC-1	1201	1321	1.0999167360532889
GSM6339603	AGGTTGCGTATGGTGC-1	2382	2764	1.160369437447523
GSM6339603	AGGTTGCGTGATTTGG-1	2656	3039	1.1442018072289157
GSM6339603	AGGTTGCGTGCGCATG-1	2349	2847	1.2120051085568326
GSM6339603	AGGTTGCGTTGGATCA-1	544	623	1.1452205882352942
GSM6339603	AGGTTTATCAGTGAAG-1	1764	1913	1.0844671201814058
GSM6339603	AGGTTTATCCTACCTA-1	1617	1100	0.6802721088435374
GSM6339603	AGGTTTATCTGGCATG-1	501	550	1.0978043912175648
GSM6339603	AGGTTTATCTTAGCCC-1	698	661	0.9469914040114613
GSM6339603	AGGTTTGGTAACCTAG-1	14571	9801	0.6726374305126621
GSM6339603	AGGTTTGGTAGCTAAT-1	2894	1943	0.6713890808569454
GSM6339603	AGGTTTGGTCATCATC-1	936	1073	1.1463675213675213
GSM6339603	AGGTTTGGTGAACAAA-1	7637	4904	0.6421369647767448
GSM6339603	AGGTTTGGTGATGGCT-1	38764	38765	1.000025797131359
GSM6339603	AGGTTTGGTTTAGCTC-1	665	660	0.9924812030075187
GSM6339603	AGGTTTGGTTTATCGC-1	25345	30390	1.1990530676662063
GSM6339603	AGTAAACAGAGGAGGA-1	22944	27148	1.183228730822873
GSM6339603	AGTAAACAGGGTGAAC-1	30110	39184	1.3013616738625042
GSM6339603	AGTAAACAGGTCGATT-1	25119	30825	1.2271587244715156
GSM6339603	AGTAAACAGTAAACCC-1	779	865	1.110397946084724
GSM6339603	AGTAAACAGTGAGGTA-1	33382	28516	0.8542328200826793
GSM6339603	AGTAACACAAACGGGC-1	5645	7777	1.3776793622674934
GSM6339603	AGTAACACAAGCCAGA-1	16525	18285	1.1065052950075642
GSM6339603	AGTAACACAATGCCTA-1	1871	2020	1.0796365579903795
GSM6339603	AGTAACACACAAAGAC-1	1569	1928	1.2288081580624601
GSM6339603	AGTAACACACGTAAGG-1	1198	1214	1.013355592654424
GSM6339603	AGTAACACAGCCAGAA-1	1561	1711	1.0960922485586162
GSM6339603	AGTAACACAGTCTAAT-1	22250	26761	1.2027415730337079
GSM6339603	AGTAACACAGTGAACG-1	833	951	1.141656662665066
GSM6339603	AGTAACACAGTTAAAG-1	2482	2634	1.0612409347300564
GSM6339603	AGTAACCTCCCGAACA-1	22335	34357	1.5382583389299307
GSM6339603	AGTAACCTCCTGAATA-1	2887	3914	1.3557325943886387
GSM6339603	AGTAACCTCGCACACA-1	6747	6279	0.930635838150289
GSM6339603	AGTAACGAGCACGATT-1	36523	44665	1.2229280179612847
GSM6339603	AGTAACGAGCCTGGTA-1	1787	2149	1.2025741466144375
GSM6339603	AGTAACGAGGAACACA-1	1198	1436	1.1986644407345577
GSM6339603	AGTAACGAGGACCTGC-1	554	527	0.9512635379061372
GSM6339603	AGTAACGAGTTCCTGC-1	10046	14108	1.4043400358351583
GSM6339603	AGTAAGTAGATGGACA-1	22746	21813	0.9589817989976259
GSM6339603	AGTAAGTAGCTATGAC-1	2426	2435	1.003709810387469
GSM6339603	AGTAAGTAGCTTTGGG-1	1189	1262	1.0613961312026914
GSM6339603	AGTAAGTAGGAATAAC-1	13103	12554	0.9581011981988857
GSM6339603	AGTAAGTAGGCGCTTA-1	22024	21109	0.9584544133672357
GSM6339603	AGTAAGTAGGGTTAGA-1	1192	1261	1.0578859060402686
GSM6339603	AGTAATCGTACTGATG-1	1674	1849	1.1045400238948626
GSM6339603	AGTAATCGTCGCAAAC-1	7353	6040	0.8214334285325717
GSM6339603	AGTAATCGTGACATAT-1	1613	1642	1.0179789212647241
GSM6339603	AGTAATCGTGTCCAAA-1	1537	1669	1.0858815875081327
GSM6339603	AGTAATCGTTAGGTTG-1	2838	3007	1.0595489781536294
GSM6339603	AGTAATCGTTGCAATG-1	1325	1361	1.0271698113207548
GSM6339603	AGTAATGCAATGAATG-1	3248	3872	1.1921182266009853
GSM6339603	AGTAATGCAGGAATCG-1	1729	2133	1.2336610757663389
GSM6339603	AGTAATGCAGTTAAAG-1	11407	8790	0.7705794687472605
GSM6339603	AGTAATGCATAAGGAC-1	2438	2833	1.1620180475799835
GSM6339603	AGTACGCGTAATCCCT-1	4907	4952	1.0091705726513145
GSM6339603	AGTACGCGTGCAACTA-1	12561	9109	0.7251811161531725
GSM6339603	AGTACGCGTTGCTGGG-1	2766	2958	1.06941431670282
GSM6339603	AGTACGCGTTGTTGTC-1	12623	8767	0.6945258654836409
GSM6339603	AGTACGCGTTTACTTG-1	15870	17229	1.0856332703213611
GSM6339603	AGTAGCTTCAGAAACG-1	3667	2721	0.7420234524134169
GSM6339603	AGTAGCTTCAGGCTAT-1	10804	9389	0.8690299888930025
GSM6339603	AGTAGCTTCATGCAAC-1	1513	1676	1.1077329808327825
GSM6339603	AGTAGCTTCATTAGGC-1	1680	1266	0.7535714285714286
GSM6339603	AGTAGCTTCCCATAAA-1	15439	15573	1.0086793186087182
GSM6339603	AGTAGCTTCGCTAGCA-1	2647	2737	1.034000755572346
GSM6339603	AGTAGCTTCGGCTAGC-1	3676	3088	0.8400435255712732
GSM6339603	AGTAGCTTCGGGCCAT-1	1741	1914	1.0993681792073522
GSM6339603	AGTAGCTTCTAATCTC-1	12132	12989	1.0706396307286514
GSM6339603	AGTAGCTTCTTCAATC-1	1694	2001	1.1812278630460449
GSM6339603	AGTAGGATCAAATCGC-1	830	891	1.0734939759036144
GSM6339603	AGTAGGATCCTACCTA-1	29971	33164	1.1065363184411598
GSM6339603	AGTAGGATCGCTCCAT-1	1497	1834	1.225116900467602
GSM6339603	AGTAGGATCTTGTCTG-1	1109	1092	0.9846708746618575
GSM6339603	AGTATAGCAAGGAATC-1	8987	6706	0.7461889395793925
GSM6339603	AGTATAGCACTGGCCA-1	2644	2933	1.109304084720121
GSM6339603	AGTATAGCAGTTAAAG-1	3206	3536	1.1029320024953213
GSM6339603	AGTATAGCATCCCGCT-1	1115	1155	1.0358744394618835
GSM6339603	AGTATAGCATGAATCT-1	29998	39158	1.3053536902460163
GSM6339603	AGTCAAGAGAGGGACT-1	18232	14539	0.7974440544098289
GSM6339603	AGTCAAGAGCAGGCCT-1	832	965	1.1598557692307692
GSM6339603	AGTCAAGAGCCTAATA-1	1150	1056	0.9182608695652174
GSM6339603	AGTCAAGAGCTAAGTC-1	14485	16229	1.1204004142216086
GSM6339603	AGTCAAGAGCTACTGG-1	507	544	1.0729783037475344
GSM6339603	AGTCAAGAGCTGTAAC-1	20029	19781	0.9876179539667482
GSM6339603	AGTCAAGAGGATCCGC-1	30895	36219	1.1723256190322058
GSM6339603	AGTCAAGAGGCGCTAC-1	939	948	1.0095846645367412
GSM6339603	AGTCAATGTAAGCACC-1	1508	1529	1.0139257294429709
GSM6339603	AGTCAATGTACCGTTT-1	16324	11556	0.7079147267826513
GSM6339603	AGTCAATGTATTTGCC-1	1509	1816	1.2034459907223327
GSM6339603	AGTCAATGTCACAGCG-1	12863	16575	1.2885796470496773
GSM6339603	AGTCAATGTCATTACC-1	923	1035	1.1213434452871072
GSM6339603	AGTCAATGTGCTAGCG-1	2606	2942	1.1289332310053721
GSM6339603	AGTCAATGTGGTTATG-1	608	634	1.042763157894737
GSM6339603	AGTCAATGTTACAACG-1	4807	4287	0.8918244227168712
GSM6339603	AGTCAATGTTAGGACC-1	9138	9882	1.0814182534471437
GSM6339603	AGTCAATGTTATAGCG-1	28401	41240	1.4520615471286222
GSM6339603	AGTCAGGCAAGCTAAA-1	18547	18371	0.9905105947053432
GSM6339603	AGTCAGGCAATATACC-1	506	608	1.2015810276679841
GSM6339603	AGTCAGGCACAGAACG-1	19931	20497	1.0283979730068737
GSM6339603	AGTCAGGCACAGGATG-1	7293	7545	1.0345536816125052
GSM6339603	AGTCAGGCAGCACGAA-1	5319	5552	1.0438052265463433
GSM6339603	AGTCAGGCAGTATGTT-1	935	981	1.049197860962567
GSM6339603	AGTCAGGCAGTTATCG-1	4769	4497	0.9429649821765569
GSM6339603	AGTCAGGCATAGACTT-1	4867	5657	1.1623176494760632
GSM6339603	AGTCAGGCATTGTTGG-1	510	498	0.9764705882352941
GSM6339603	AGTCCTGAGCCACAAT-1	1501	1555	1.0359760159893405
GSM6339603	AGTCCTGAGGAAACTG-1	11434	12678	1.108798320797621
GSM6339603	AGTCCTGAGGACAACA-1	1871	2005	1.0716194548369855
GSM6339603	AGTCCTGAGGCATTGT-1	2799	3002	1.0725259021078957
GSM6339603	AGTCCTGAGGCCTAAT-1	2626	2631	1.0019040365575018
GSM6339603	AGTCCTGAGTGACCTG-1	683	774	1.1332357247437774
GSM6339603	AGTCCTGAGTGAGGGT-1	2013	2180	1.0829607550919027
GSM6339603	AGTCCTTGTAACTACG-1	954	893	0.9360587002096437
GSM6339603	AGTCCTTGTAATGACT-1	3853	4420	1.147158058655593
GSM6339603	AGTCCTTGTCATAGAT-1	12280	13342	1.0864820846905539
GSM6339603	AGTCCTTGTCATTAGG-1	578	624	1.0795847750865053
GSM6339603	AGTCCTTGTCTTTGAC-1	7906	6796	0.8596003035669112
GSM6339603	AGTCCTTGTGAGCACT-1	27926	38340	1.3729141302012462
GSM6339603	AGTCCTTGTGCTGTAA-1	32866	40018	1.217610904886509
GSM6339603	AGTCCTTGTTCGCGCT-1	2675	2811	1.050841121495327
GSM6339603	AGTCCTTGTTGGATCA-1	3154	3454	1.0951173113506658
GSM6339603	AGTCCTTGTTGTAAAC-1	1705	1715	1.0058651026392962
GSM6339603	AGTCGCATCAAACTCA-1	1721	1611	0.936083672283556
GSM6339603	AGTCGCATCAGTTCCC-1	1183	1326	1.120879120879121
GSM6339603	AGTCGCATCATAATCG-1	1047	1298	1.2397325692454633
GSM6339603	AGTCGCATCATGCTAA-1	1905	2019	1.0598425196850394
GSM6339603	AGTCGCATCCAGGAAA-1	26835	28756	1.0715856158002608
GSM6339603	AGTCGCATCCGTAAAC-1	3346	4204	1.2564255827854154
GSM6339603	AGTCGCATCCTGCGAA-1	8186	8456	1.0329831419496702
GSM6339603	AGTCGCATCGATCAGT-1	2628	2682	1.0205479452054795
GSM6339603	AGTCGCATCGCATTAA-1	20806	19353	0.9301643756608671
GSM6339603	AGTCGCATCGGTAACT-1	1343	1393	1.0372300819061802
GSM6339603	AGTCGCATCTAATCCT-1	753	780	1.0358565737051793
GSM6339603	AGTCGCATCTGCAAGT-1	1068	1259	1.1788389513108615
GSM6339603	AGTCTTGCAACCTAAT-1	805	803	0.9975155279503105
GSM6339603	AGTCTTGCAATGAATG-1	2180	2434	1.11651376146789
GSM6339603	AGTCTTGCACTAAGAA-1	1312	1412	1.076219512195122
GSM6339603	AGTCTTGCAGATTCAT-1	18631	24068	1.291825452203317
GSM6339603	AGTCTTGCAGCACGTT-1	3664	4262	1.1632096069868996
GSM6339603	AGTCTTGCAGGCCTTG-1	13990	10880	0.777698355968549
GSM6339603	AGTCTTGCATCCCGCT-1	1030	1302	1.2640776699029126
GSM6339603	AGTGAACCAACACTTG-1	871	1009	1.1584385763490241
GSM6339603	AGTGAACCAACAGGAT-1	5960	6710	1.1258389261744965
GSM6339603	AGTGAACCAATTAACC-1	766	871	1.1370757180156659
GSM6339603	AGTGAACCACCGGCTA-1	1320	1465	1.1098484848484849
GSM6339603	AGTGAACCACGAATCC-1	1057	1189	1.1248817407757805
GSM6339603	AGTGAACCAGGAACAT-1	29221	34965	1.1965709592416414
GSM6339603	AGTGAACCAGGCGATA-1	528	537	1.0170454545454546
GSM6339603	AGTGAACCAGGTTATT-1	15259	12704	0.8325578347204928
GSM6339603	AGTGAACCATCTTGAG-1	671	702	1.0461997019374067
GSM6339603	AGTGAGTCAAAGCTAA-1	19023	21987	1.155811386216685
GSM6339603	AGTGAGTCACAGGAAT-1	2938	3038	1.0340367597004765
GSM6339603	AGTGAGTCAGGCGAGT-1	14299	14779	1.0335687810336387
GSM6339603	AGTGAGTCATGAGTTT-1	36613	49816	1.3606096195340454
GSM6339603	AGTGATGAGCCACATG-1	991	998	1.0070635721493442
GSM6339603	AGTGATGAGCGAAGTA-1	984	1045	1.0619918699186992
GSM6339603	AGTGATGAGCTGGAAA-1	2011	2038	1.0134261561412232
GSM6339603	AGTGATGAGGCTGGCT-1	30852	37449	1.2138273045507584
GSM6339603	AGTGCACGTACCAGGT-1	35801	34548	0.9650009776263233
GSM6339603	AGTGCACGTCACCTAT-1	2099	2354	1.1214864221057645
GSM6339603	AGTGCACGTCATAGAT-1	774	706	0.9121447028423773
GSM6339603	AGTGCACGTCTAACCT-1	13808	12696	0.9194669756662804
GSM6339603	AGTGCACGTGTTGTGA-1	2110	2345	1.1113744075829384
GSM6339603	AGTGCACGTTACGCGG-1	1179	878	0.7446988973706531
GSM6339603	AGTGCACGTTTACTTG-1	13136	12105	0.9215133982947625
GSM6339603	AGTGCCGGTAAGCTCA-1	4858	5393	1.1101276245368465
GSM6339603	AGTGCCGGTCAGGAAG-1	1660	1890	1.1385542168674698
GSM6339603	AGTGCCGGTCCGTAGG-1	2182	2201	1.0087076076993584
GSM6339603	AGTGCCGGTCGCGCAA-1	16733	20445	1.2218370883882148
GSM6339603	AGTGCCGGTCTATCGT-1	2120	2486	1.1726415094339622
GSM6339603	AGTGCCGGTTGGTTCT-1	1478	1571	1.0629228687415426
GSM6339603	AGTGCCGGTTTGGTTC-1	1431	1545	1.079664570230608
GSM6339603	AGTGCGGAGAAGCTAG-1	3039	3445	1.133596577821652
GSM6339603	AGTGCGGAGACAACGA-1	1936	1721	0.8889462809917356
GSM6339603	AGTGCGGAGATAGACG-1	17167	16184	0.9427389759422147
GSM6339603	AGTGCGGAGCATCCAG-1	2938	3094	1.0530973451327434
GSM6339603	AGTGCGGAGGCGGGTA-1	22851	25041	1.0958382565314428
GSM6339603	AGTGGACAGATAAAGC-1	2147	2776	1.2929669306008384
GSM6339603	AGTGGACAGCATGTCG-1	3299	3799	1.1515610791148834
GSM6339603	AGTGGACAGCTAATTG-1	2545	2931	1.1516699410609037
GSM6339603	AGTGGACAGGAGTCTT-1	818	863	1.0550122249388754
GSM6339603	AGTGGACAGGCATTGT-1	675	871	1.2903703703703704
GSM6339603	AGTGGACAGGCTCATG-1	688	649	0.9433139534883721
GSM6339603	AGTGGACAGTTCCCGT-1	1479	1808	1.222447599729547
GSM6339603	AGTGTGGCAAGCTACC-1	14573	16664	1.1434845261785493
GSM6339603	AGTGTGGCAATTAACC-1	1514	1536	1.0145310435931307
GSM6339603	AGTGTGGCAGTACCGT-1	774	760	0.9819121447028424
GSM6339603	AGTGTTTCAAACCTTG-1	3009	3102	1.0309072781655035
GSM6339603	AGTGTTTCAAACGCGA-1	429	485	1.1305361305361306
GSM6339603	AGTGTTTCAACAACAA-1	3464	3170	0.9151270207852193
GSM6339603	AGTGTTTCAGCAAGGC-1	9781	9781	1.0
GSM6339603	AGTGTTTCAGCAAGTG-1	16849	15716	0.9327556531544898
GSM6339603	AGTGTTTCAGTAATAG-1	21369	34811	1.629042070288736
GSM6339603	AGTGTTTCATCACAGC-1	25527	41356	1.6200885337094058
GSM6339603	AGTGTTTCATCCATCT-1	8065	6486	0.8042157470551767
GSM6339603	AGTTACATCACCGGTA-1	3532	4351	1.2318799546998866
GSM6339603	AGTTACATCAGCTAAC-1	3213	3673	1.1431683784624962
GSM6339603	AGTTACATCATAACCA-1	577	675	1.169844020797227
GSM6339603	AGTTACATCCAATTAG-1	839	986	1.1752085816448152
GSM6339603	AGTTACATCCTAATAG-1	2825	3259	1.1536283185840708
GSM6339603	AGTTACATCGCTAGTG-1	570	629	1.1035087719298247
GSM6339603	AGTTACATCGTTAGCG-1	413	285	0.6900726392251816
GSM6339603	AGTTACATCTATGACA-1	1213	1163	0.9587798845836768
GSM6339603	AGTTACTCAAGCTTAT-1	31533	35508	1.126058414993816
GSM6339603	AGTTACTCAATGAAGC-1	23876	31221	1.3076310939855922
GSM6339603	AGTTACTCACAGGAAT-1	3121	2455	0.7866068567766742
GSM6339603	AGTTACTCACCACAAC-1	3585	3798	1.0594142259414225
GSM6339603	AGTTACTCACCTCAGG-1	7280	5527	0.7592032967032967
GSM6339603	AGTTACTCAGCCGCTA-1	593	585	0.9865092748735245
GSM6339603	AGTTACTCAGTCTATG-1	2094	2291	1.0940783190066858
GSM6339603	AGTTACTCATAAGTCT-1	1267	1432	1.1302288871349644
GSM6339603	AGTTACTCATTAAGTC-1	903	971	1.0753045404208195
GSM6339603	AGTTATGTCACGAATC-1	3179	3560	1.1198490091223656
GSM6339603	AGTTATGTCATTACGA-1	6431	4816	0.7488726481107137
GSM6339603	AGTTATGTCCAGGAAA-1	2194	2433	1.1089334548769372
GSM6339603	AGTTATGTCTAATCCT-1	15807	19669	1.2443221357626368
GSM6339603	AGTTATGTCTGGCATG-1	974	930	0.9548254620123203
GSM6339603	AGTTATGTCTTAGGGT-1	10216	9417	0.9217893500391543
GSM6339603	AGTTGCAGTAAATTGC-1	5983	6264	1.0469664048136387
GSM6339603	AGTTGCAGTGAAACAA-1	26926	29420	1.0926242293693829
GSM6339603	AGTTGCAGTGACCTGG-1	14056	12656	0.900398406374502
GSM6339603	AGTTGCAGTTCATTTG-1	30010	47782	1.5922025991336222
GSM6339603	AGTTGCAGTTGCAATG-1	15802	17807	1.126882673079357
GSM6339603	AGTTGCAGTTGCCTCA-1	4932	5522	1.1196269261962692
GSM6339603	AGTTGCGTCCGGTTGA-1	1140	1313	1.1517543859649122
GSM6339603	AGTTGCGTCGCTCACT-1	4411	5504	1.2477896168669236
GSM6339603	AGTTGCGTCGTTAAGC-1	3412	3376	0.9894490035169988
GSM6339603	AGTTGCGTCTCTAGCC-1	3715	4382	1.179542395693136
GSM6339603	AGTTGGCGTCACCTAT-1	1326	1378	1.0392156862745099
GSM6339603	AGTTGGCGTCTAGCTT-1	526	411	0.7813688212927756
GSM6339603	AGTTGGCGTTTCAGGA-1	11882	10479	0.8819222353139202
GSM6339603	AGTTGTCAGAGGAAGG-1	1625	1940	1.1938461538461538
GSM6339603	AGTTGTCAGCGTGCGT-1	12829	14942	1.1647049653129629
GSM6339603	AGTTGTCAGCTGTCAG-1	1046	1103	1.054493307839388
GSM6339603	AGTTGTCAGGACGTAA-1	1227	1370	1.1165444172779135
GSM6339603	AGTTGTCAGGTCGAGG-1	1513	1385	0.9153998678122934
GSM6339603	AGTTGTCAGTAGCGCC-1	1008	1125	1.1160714285714286
GSM6339603	AGTTGTCAGTCACCTC-1	592	624	1.054054054054054
GSM6339603	AGTTTGATCAAACCGT-1	1307	1375	1.052027543993879
GSM6339603	AGTTTGATCAACCAAC-1	2798	2737	0.9781987133666905
GSM6339603	AGTTTGATCAGGAAGC-1	537	552	1.0279329608938548
GSM6339603	AGTTTGATCCAATTAG-1	12546	7863	0.6267336202773792
GSM6339603	AGTTTGATCCATAATG-1	3935	4746	1.2060991105463787
GSM6339603	AGTTTGATCGCATCCT-1	4031	4099	1.0168692632101215
GSM6339603	AGTTTGATCGGTCAGC-1	3287	3766	1.1457255856404016
GSM6339603	AGTTTGCAGGCCATCA-1	19421	21149	1.0889758508830647
GSM6339603	AGTTTGCAGGCGGGTA-1	970	982	1.0123711340206185
GSM6339603	AGTTTGCAGGGTTAGA-1	3068	3689	1.2024119947848761
GSM6339603	AGTTTGCAGTAAACCC-1	24952	32785	1.313922731644758
GSM6339603	AGTTTGCAGTATTGCA-1	650	757	1.1646153846153846
GSM6339603	AGTTTGCAGTTATCTC-1	2055	2202	1.0715328467153284
GSM6339603	ATAACGACAACCTGGT-1	3818	4660	1.220534311157674
GSM6339603	ATAACGACAATCATGT-1	15994	9544	0.5967237714142803
GSM6339603	ATAACGACAGTAAGTA-1	2359	2720	1.1530309453158119
GSM6339603	ATAACGACATAGCAGG-1	2197	2199	1.0009103322712791
GSM6339603	ATAAGCCTCCACCTTA-1	718	684	0.9526462395543176
GSM6339603	ATAAGCCTCCCTGTTA-1	19036	19291	1.0133956713595293
GSM6339603	ATAAGCCTCGCCTGTT-1	1507	1502	0.9966821499668215
GSM6339603	ATAAGCCTCGGCCAGT-1	529	539	1.0189035916824196
GSM6339603	ATAAGCCTCGTAATCA-1	1261	1337	1.0602696272799366
GSM6339603	ATAAGCCTCGTCCTTA-1	22876	29064	1.2705018359853122
GSM6339603	ATAAGCCTCTAAGTCA-1	10140	8694	0.857396449704142
GSM6339603	ATAAGCCTCTTGGACG-1	553	454	0.8209764918625678
GSM6339603	ATAAGTCGTCATAACG-1	4732	5904	1.2476754015215554
GSM6339603	ATAAGTCGTCTATCGT-1	922	971	1.0531453362255965
GSM6339603	ATAAGTCGTTAAGTGT-1	3306	2851	0.8623714458560193
GSM6339603	ATAAGTCGTTAGGCGT-1	1814	1820	1.0033076074972436
GSM6339603	ATAAGTCGTTGCAATG-1	4169	4987	1.1962101223314943
GSM6339603	ATAAGTCGTTGTTGCT-1	4578	4250	0.928352992573176
GSM6339603	ATACCGGTCCACCCTG-1	1525	1252	0.820983606557377
GSM6339603	ATACCGGTCGATTTGA-1	559	538	0.962432915921288
GSM6339603	ATACCTGCAAGCTACC-1	14860	18481	1.2436742934051144
GSM6339603	ATACCTGCACCAGGTT-1	12802	11926	0.9315731916887986
GSM6339603	ATACCTGCACGAATCC-1	18454	19780	1.07185434052238
GSM6339603	ATACCTGCAGGAACTG-1	30382	40284	1.3259166611809625
GSM6339603	ATACCTGCAGTTTCTC-1	1595	1681	1.0539184952978056
GSM6339603	ATACCTGCATGCAACC-1	745	754	1.0120805369127517
GSM6339603	ATAGATGCAAATTCGT-1	617	681	1.1037277147487845
GSM6339603	ATAGATGCACATACTG-1	6886	8790	1.276503049665989
GSM6339603	ATAGATGCACCAGGTT-1	967	1196	1.236814891416753
GSM6339603	ATAGATGCAGCACGAA-1	2911	2710	0.9309515630367571
GSM6339603	ATAGATGCATGTTGCA-1	28186	22459	0.7968140211452495
GSM6339603	ATAGCATGTAATGACT-1	1424	1618	1.1362359550561798
GSM6339603	ATAGCATGTAGCCATA-1	9148	7888	0.8622649759510276
GSM6339603	ATAGCATGTCAAAGGG-1	14009	12736	0.9091298450995788
GSM6339603	ATAGCATGTTCCGGCT-1	3143	3501	1.1139039134584792
GSM6339603	ATAGCATGTTGCACGG-1	2072	2178	1.0511583011583012
GSM6339603	ATAGCATGTTGGTTCT-1	1119	1252	1.1188561215370867
GSM6339603	ATAGCATGTTTATCGC-1	12597	11944	0.9481622608557593
GSM6339603	ATAGGTACAATTAAGG-1	4012	4911	1.2240777666999003
GSM6339603	ATAGGTACAGCCTGCA-1	6614	7712	1.1660114907771395
GSM6339603	ATAGGTACAGGATAAC-1	28571	34258	1.1990479857197858
GSM6339603	ATAGGTACAGGTTCAC-1	595	655	1.1008403361344539
GSM6339603	ATAGGTACATAAAGCA-1	29908	34135	1.1413334224956533
GSM6339603	ATATAGGCACTAAATC-1	3002	3160	1.0526315789473684
GSM6339603	ATATAGGCACTAAGCC-1	15993	17953	1.1225536172075283
GSM6339603	ATATAGGCAGCAAGGC-1	2056	2180	1.0603112840466926
GSM6339603	ATATAGGCAGTTAAAG-1	22774	36238	1.591200491788882
GSM6339603	ATATAGGCATCCTGAA-1	1418	1868	1.317348377997179
GSM6339603	ATATGCATCACAGACT-1	772	1220	1.5803108808290156
GSM6339603	ATATGCATCCCTGGAA-1	1399	1553	1.1100786275911365
GSM6339603	ATATGCATCTGCAACG-1	1951	2300	1.1788826242952333
GSM6339603	ATATGCATCTGCAAGT-1	21001	23960	1.1408980524736918
GSM6339603	ATATGCATCTTGCAGG-1	5002	5245	1.0485805677728908
GSM6339603	ATATGCTCAAACCCTA-1	1581	1722	1.0891840607210626
GSM6339603	ATATGCTCAACTGGCT-1	12646	15167	1.199351573620117
GSM6339603	ATATGCTCAATTAAGG-1	14074	14665	1.0419923262754014
GSM6339603	ATATGCTCACTGACCG-1	8921	8336	0.9344243918843179
GSM6339603	ATATGCTCAGAACCGA-1	1885	2130	1.129973474801061
GSM6339603	ATATGCTCAGCAAGAT-1	10814	8607	0.7959127057518032
GSM6339603	ATATGCTCAGGGAGCT-1	19192	17810	0.9279908295122968
GSM6339603	ATATGCTCAGTAGCCT-1	2229	2042	0.9161058770749215
GSM6339603	ATATGCTCAGTAGGTG-1	32418	40399	1.2461903880560183
GSM6339603	ATATGCTCATGTTGGC-1	15154	14292	0.9431173287580836
GSM6339603	ATATGGTGTAACAGGG-1	17793	22330	1.2549879165964144
GSM6339603	ATATGGTGTAAGGTCC-1	476	494	1.0378151260504203
GSM6339603	ATATGGTGTCCCGAAG-1	1264	1475	1.1669303797468353
GSM6339603	ATATGGTGTGAATCGC-1	3498	4115	1.1763865065751857
GSM6339603	ATATGGTGTGGGTACT-1	17885	16913	0.9456527816606094
GSM6339603	ATATGGTGTTAGGTTG-1	516	549	1.063953488372093
GSM6339603	ATATGGTGTTCACTGT-1	2621	2770	1.056848531095002
GSM6339603	ATATGTCCAAGACTCC-1	1043	1141	1.0939597315436242
GSM6339603	ATATGTCCAGGCTAGA-1	19080	19466	1.020230607966457
GSM6339603	ATATGTCCATCACTTC-1	942	1269	1.3471337579617835
GSM6339603	ATATGTCCATCCCGCT-1	2645	2301	0.8699432892249528
GSM6339603	ATATGTCCATCTAGCA-1	27057	37298	1.378497246553572
GSM6339603	ATCAAGACAACGTGCT-1	39137	42254	1.079643304290058
GSM6339603	ATCAAGACAAGATTCT-1	13871	13483	0.972027972027972
GSM6339603	ATCAAGACAAGCGATG-1	2704	2843	1.051405325443787
GSM6339603	ATCAAGACACTAGGTC-1	5924	4561	0.7699189736664416
GSM6339603	ATCAAGACACTTCATC-1	23795	38261	1.6079428451355327
GSM6339603	ATCAAGACAGAAATGC-1	2810	2968	1.0562277580071175
GSM6339603	ATCAAGACAGCAAGGC-1	11871	10244	0.8629433072192738
GSM6339603	ATCAAGACAGCATGGA-1	17446	17792	1.0198326263900035
GSM6339603	ATCAAGACAGGCTACT-1	549	466	0.848816029143898
GSM6339603	ATCAAGACAGGCTTGT-1	1251	1232	0.9848121502797762
GSM6339603	ATCAAGACAGTAGGTG-1	2809	4007	1.4264862940548237
GSM6339603	ATCAAGCTCATCCTGC-1	13021	15337	1.1778665233085017
GSM6339603	ATCAAGCTCGAAGCGG-1	818	563	0.6882640586797066
GSM6339603	ATCAAGCTCTTAGTGA-1	650	648	0.9969230769230769
GSM6339603	ATCAAGCTCTTGGATA-1	867	875	1.0092272202998847
GSM6339603	ATCAATCCAATATAGG-1	6694	4702	0.7024200776815058
GSM6339603	ATCAATCCAATCTCTC-1	417	475	1.1390887290167866
GSM6339603	ATCAATCCAGAGGCTA-1	15856	20497	1.292696770938446
GSM6339603	ATCAATCCAGGTCCTG-1	934	1124	1.2034261241970021
GSM6339603	ATCAATCCAGTCTAAT-1	865	944	1.091329479768786
GSM6339603	ATCACAATCAGAAACG-1	2501	2642	1.0563774490203919
GSM6339603	ATCACAATCAGTTCCC-1	1175	1351	1.1497872340425532
GSM6339603	ATCACAATCATCCACC-1	10181	7501	0.7367645614379726
GSM6339603	ATCACAATCATGCAAC-1	541	592	1.0942698706099816
GSM6339603	ATCACAATCCCTGACT-1	4219	3606	0.8547049063759184
GSM6339603	ATCACAATCCGCACAA-1	2063	2233	1.0824042656325739
GSM6339603	ATCACAATCGCAATCG-1	6796	4716	0.6939376103590347
GSM6339603	ATCACAATCTAAATCG-1	1666	1747	1.0486194477791115
GSM6339603	ATCACAATCTAATCCT-1	24296	27664	1.1386236417517286
GSM6339603	ATCACACAGAGGCTAA-1	1659	1116	0.6726943942133815
GSM6339603	ATCACACAGGAGGACT-1	3001	3591	1.1966011329556814
GSM6339603	ATCACACAGGCCATCA-1	1437	1366	0.9505915100904663
GSM6339603	ATCACACAGGCGCATC-1	3582	2225	0.6211613623673925
GSM6339603	ATCACACAGGCTAGAA-1	1021	1067	1.0450538687561215
GSM6339603	ATCACCCTCGTTACTT-1	1227	1099	0.895680521597392
GSM6339603	ATCACTAAGCGAGTAA-1	12416	12995	1.0466333762886597
GSM6339603	ATCACTAAGCTCAATA-1	2320	2762	1.1905172413793104
GSM6339603	ATCACTAAGGAAGCAC-1	24801	33251	1.3407120680617717
GSM6339603	ATCACTAAGGAAGCTA-1	5396	6079	1.1265752409191994
GSM6339603	ATCACTAAGGAAGTAT-1	632	661	1.0458860759493671
GSM6339603	ATCACTAAGGCATGAA-1	749	879	1.1735647530040054
GSM6339603	ATCACTAAGTGAGCGG-1	2737	3071	1.1220314212641578
GSM6339603	ATCAGGTTCAGCAAGA-1	1607	1627	1.0124455507156191
GSM6339603	ATCAGGTTCAGGATGA-1	4543	5005	1.1016949152542372
GSM6339603	ATCAGGTTCAGGGCCT-1	30319	36928	1.2179821234209571
GSM6339603	ATCAGGTTCATAACGC-1	1054	1373	1.3026565464895636
GSM6339603	ATCAGGTTCCAGGGAG-1	8603	6205	0.7212600255724747
GSM6339603	ATCAGGTTCCATAAGC-1	2109	2401	1.1384542437174017
GSM6339603	ATCAGGTTCCCGTTTA-1	20836	24471	1.1744576694183144
GSM6339603	ATCAGGTTCCCTCGCA-1	1846	2147	1.1630552546045503
GSM6339603	ATCAGGTTCCTACCTA-1	6602	7500	1.1360193880642229
GSM6339603	ATCAGGTTCCTTGCAC-1	2480	2795	1.127016129032258
GSM6339603	ATCAGGTTCCTTTACG-1	10376	9237	0.8902274479568234
GSM6339603	ATCAGGTTCTAAGTCA-1	3262	3723	1.1413243408951563
GSM6339603	ATCAGGTTCTTGAGGT-1	12353	12481	1.010361855419736
GSM6339603	ATCAGGTTCTTGATGA-1	17455	16980	0.9727871670008593
GSM6339603	ATCATCAAGCAGCTCA-1	11744	6763	0.5758685286103542
GSM6339603	ATCATCAAGCTAAGTC-1	20185	27845	1.3794897200891751
GSM6339603	ATCATCAAGGGACTAA-1	26327	38638	1.4676187943935883
GSM6339603	ATCATCAAGGTTTACA-1	19131	26168	1.3678323140452668
GSM6339603	ATCATCAAGTTTGGGT-1	5865	5423	0.9246376811594202
GSM6339603	ATCATGTCAATATAGG-1	2347	2054	0.8751597784405625
GSM6339603	ATCATGTCACAAGCCT-1	3291	3598	1.0932847158918262
GSM6339603	ATCATGTCACAATGCC-1	4319	4574	1.059041444778884
GSM6339603	ATCATGTCAGCCAGAA-1	911	1060	1.163556531284303
GSM6339603	ATCATGTCAGTTATCG-1	989	1060	1.0717896865520729
GSM6339603	ATCATGTCATAGACCC-1	21013	18695	0.8896873364107933
GSM6339603	ATCATGTCATGTCAAT-1	13735	12406	0.9032398980706225
GSM6339603	ATCCAACAGCAGGTTT-1	3181	3746	1.177617101540396
GSM6339603	ATCCAACAGCCATCAG-1	5225	3874	0.7414354066985646
GSM6339603	ATCCAACAGCTCAAAC-1	8488	6769	0.797478793590952
GSM6339603	ATCCAACAGGAACGGT-1	852	737	0.8650234741784038
GSM6339603	ATCCAACAGGAAGCAC-1	8744	6858	0.7843092406221409
GSM6339603	ATCCAACAGGTCGATT-1	1751	1519	0.8675042832667047
GSM6339603	ATCCAACAGTTCCTCA-1	3685	3889	1.055359565807327
GSM6339603	ATCCACCTCAAACCTA-1	8559	8177	0.9553686178291857
GSM6339603	ATCCACCTCAAACTCA-1	2352	2421	1.0293367346938775
GSM6339603	ATCCACCTCAATCTAG-1	5142	4517	0.8784519642162583
GSM6339603	ATCCACCTCACTTTAC-1	722	713	0.9875346260387812
GSM6339603	ATCCACCTCCAAGTTA-1	30877	36814	1.1922790426531076
GSM6339603	ATCCACCTCCGGTTGA-1	2732	2984	1.0922401171303076
GSM6339603	ATCCACCTCCTAAGTA-1	10275	8888	0.8650121654501216
GSM6339603	ATCCACCTCTGCAAAC-1	1645	1803	1.096048632218845
GSM6339603	ATCCATAAGAAAGCAT-1	4029	4344	1.0781831720029784
GSM6339603	ATCCATAAGACAAGTG-1	5654	6050	1.0700389105058365
GSM6339603	ATCCATAAGCCTGGTA-1	4562	4849	1.062911003945638
GSM6339603	ATCCATAAGCGCAATT-1	3926	4195	1.0685175751400917
GSM6339603	ATCCATAAGCTTCCCG-1	2733	3198	1.1701427003293086
GSM6339603	ATCCATAAGGCGCTAC-1	5482	6246	1.1393651951842394
GSM6339603	ATCCATAAGGCTAGAA-1	1247	1459	1.1700080192461908
GSM6339603	ATCCATAAGGCTGTCA-1	1058	1027	0.9706994328922496
GSM6339603	ATCCATAAGGGCTAAA-1	8473	5537	0.6534875486840552
GSM6339603	ATCCCGCGTAAGTCGC-1	503	581	1.1550695825049702
GSM6339603	ATCCCGCGTACTTCAC-1	497	520	1.0462776659959758
GSM6339603	ATCCCGCGTTAACGAT-1	760	858	1.1289473684210527
GSM6339603	ATCCCGCGTTAGCATG-1	18680	21859	1.1701820128479656
GSM6339603	ATCCCGCGTTGCAGTA-1	1877	1519	0.8092701118806607
GSM6339603	ATCCCGCGTTTACGTC-1	2342	2596	1.1084543125533732
GSM6339603	ATCCGTGAGACTCGCA-1	1277	1362	1.066562255285826
GSM6339603	ATCCGTGAGCAAGGAC-1	2119	2429	1.146295422369042
GSM6339603	ATCCGTGAGCAGGTGG-1	8499	7548	0.8881044828803388
GSM6339603	ATCCGTGAGGTTTGAC-1	41900	58417	1.394200477326969
GSM6339603	ATCCGTGAGTAAGTGG-1	5105	4660	0.9128305582761999
GSM6339603	ATCCGTGAGTAGCGCC-1	709	646	0.9111424541607899
GSM6339603	ATCCGTGAGTTATTCC-1	35620	37331	1.048034811903425
GSM6339603	ATCCGTGAGTTCCTCA-1	5800	6038	1.0410344827586206
GSM6339603	ATCCTCATCCTGTTCA-1	1333	1677	1.2580645161290323
GSM6339603	ATCCTCATCGCACACA-1	725	804	1.1089655172413793
GSM6339603	ATCCTGACAACACCTA-1	10032	8065	0.8039274322169059
GSM6339603	ATCCTGACAATAGCAA-1	11111	11760	1.058410584105841
GSM6339603	ATCCTGACAGTCTAGC-1	26528	31572	1.1901387213510253
GSM6339603	ATCCTGACATGGCCCA-1	1471	1375	0.9347382732834806
GSM6339603	ATCCTTAGTAGGATTT-1	7901	7251	0.917731932666751
GSM6339603	ATCCTTAGTTACATCC-1	504	420	0.8333333333333334
GSM6339603	ATCCTTAGTTGGCGTG-1	1477	1254	0.8490182802979012
GSM6339603	ATCCTTAGTTTAGCTC-1	2362	2977	1.260372565622354
GSM6339603	ATCGAGGCAAAGCGCA-1	12879	9289	0.721251649972824
GSM6339603	ATCGAGGCACAACAGG-1	650	642	0.9876923076923076
GSM6339603	ATCGAGGCACATTAAC-1	3111	3469	1.115075538412086
GSM6339603	ATCGAGGCAGAGGCTA-1	2182	2374	1.087992667277727
GSM6339603	ATCGAGGCAGCCAGTT-1	25731	40666	1.5804282771753915
GSM6339603	ATCGAGGCAGCCTAAC-1	2365	2595	1.0972515856236786
GSM6339603	ATCGAGGCATCATGTG-1	5586	7110	1.2728249194414607
GSM6339603	ATCGAGGCATGCTTAG-1	2153	2444	1.1351602415234556
GSM6339603	ATCGCCCGTACTTCAC-1	12132	9768	0.8051434223541049
GSM6339603	ATCGCCCGTCCTTCTC-1	1691	1722	1.0183323477232407
GSM6339603	ATCGCCCGTGCAACTA-1	1375	1403	1.0203636363636364
GSM6339603	ATCGCCCGTTAGGTTG-1	32338	34144	1.0558476096233533
GSM6339603	ATCGCCCGTTCCTGTG-1	1254	1219	0.9720893141945773
GSM6339603	ATCGCCCGTTTGTGGA-1	1087	1225	1.1269549218031278
GSM6339603	ATCGCTTGTAAATTGC-1	578	472	0.8166089965397924
GSM6339603	ATCGCTTGTGATGAAA-1	9519	9825	1.0321462338480933
GSM6339603	ATCGCTTGTTGAAGCC-1	1466	1060	0.723055934515689
GSM6339603	ATCGGCCAGCCTCTGT-1	25823	40575	1.5712736707586261
GSM6339603	ATCGGCCAGGGTCCAC-1	839	990	1.1799761620977354
GSM6339603	ATCGGCCAGGGTGAGT-1	10155	7757	0.7638601674052191
GSM6339603	ATCGGCCAGTTACCGG-1	2875	3551	1.2351304347826086
GSM6339603	ATCTATGAGCACAGGG-1	28636	39637	1.3841667830702613
GSM6339603	ATCTATGAGCCGCTTT-1	4555	6387	1.4021953896816686
GSM6339603	ATCTATGAGCTATGAC-1	15913	15244	0.9579589015270533
GSM6339603	ATCTATGAGGCTGGCT-1	2771	2700	0.9743774810537712
GSM6339603	ATCTATGAGGGACCTC-1	18263	23886	1.307890269944697
GSM6339603	ATCTATGAGTCACCTC-1	501	309	0.6167664670658682
GSM6339603	ATCTATGAGTCAGTAC-1	4328	4885	1.1286968576709797
GSM6339603	ATCTATGAGTCATGCG-1	4658	4468	0.9592099613568055
GSM6339603	ATCTTTGGTAGCCTAA-1	5713	7366	1.2893401015228427
GSM6339603	ATCTTTGGTTACGCAA-1	502	566	1.1274900398406376
GSM6339603	ATCTTTGGTTAGTGAT-1	1436	1373	0.9561281337047354
GSM6339603	ATGAAGCCAAACCCTA-1	40711	54755	1.3449681904153667
GSM6339603	ATGAAGCCAAATACCT-1	3444	4234	1.2293844367015099
GSM6339603	ATGAAGCCAACAGCCT-1	1966	2026	1.0305188199389623
GSM6339603	ATGAAGCCACCAGCAT-1	532	515	0.9680451127819549
GSM6339603	ATGAAGCCACGTGCTG-1	20718	21231	1.024761077324066
GSM6339603	ATGAAGCCATGAGCAG-1	1774	1549	0.8731679819616686
GSM6339603	ATGAAGTAGGGTCCAC-1	16147	16000	0.9908961416981482
GSM6339603	ATGAAGTAGGGTTAGA-1	13747	11894	0.8652069542445624
GSM6339603	ATGAATGCAAGTCGCT-1	15191	12955	0.8528075834375617
GSM6339603	ATGAATGCAATAACGA-1	1422	1701	1.1962025316455696
GSM6339603	ATGAATGCAGCACGAA-1	5735	5697	0.9933740191804707
GSM6339603	ATGAATGCAGCTCAAC-1	12230	12497	1.0218315617334424
GSM6339603	ATGAATGCAGGAAGCC-1	653	668	1.0229709035222052
GSM6339603	ATGAATGCAGTAATAG-1	4890	6379	1.3044989775051126
GSM6339603	ATGAATGCATTAAGCT-1	20746	23629	1.1389665477682445
GSM6339603	ATGACAACAAGCTTAT-1	9107	5978	0.6564181398923905
GSM6339603	ATGACAACACCACAAC-1	2516	2239	0.8899046104928457
GSM6339603	ATGACAACAGACAAAC-1	6623	6423	0.9698022044390759
GSM6339603	ATGACCAGTAGGATTT-1	4254	4852	1.1405735778091208
GSM6339603	ATGACCAGTGAGGTGA-1	35144	42318	1.204131572956977
GSM6339603	ATGACCAGTGTCCAAA-1	3854	4056	1.0524130773222626
GSM6339603	ATGACCAGTTAACAGT-1	1455	1243	0.8542955326460481
GSM6339603	ATGACCAGTTACAAAC-1	17710	15455	0.8726708074534162
GSM6339603	ATGACGAAGATGGACA-1	1082	1207	1.1155268022181146
GSM6339603	ATGACGAAGCCTGACA-1	2290	2506	1.0943231441048036
GSM6339603	ATGACGAAGCGGTTAT-1	1796	1832	1.0200445434298442
GSM6339603	ATGACGAAGGACAACA-1	1667	1807	1.0839832033593282
GSM6339603	ATGACGAAGGTGTCCA-1	2014	2347	1.1653426017874875
GSM6339603	ATGACGAAGTAGCCAT-1	3196	3749	1.1730287859824782
GSM6339603	ATGACGAAGTGACCTG-1	2515	2706	1.075944333996024
GSM6339603	ATGACTCAGCTCGCTT-1	1902	1998	1.0504731861198737
GSM6339603	ATGACTCAGGAGGGTT-1	1306	1356	1.0382848392036754
GSM6339603	ATGACTCAGGGTGAAC-1	2854	3463	1.213384723195515
GSM6339603	ATGACTCAGTCACCAG-1	26521	35643	1.3439538478941215
GSM6339603	ATGACTCAGTCATTGA-1	17926	16924	0.9441035367622448
GSM6339603	ATGAGCCGTCCGCTGT-1	3141	3503	1.1152499204075135
GSM6339603	ATGAGCCGTCCTCCAA-1	20366	25778	1.2657370126681724
GSM6339603	ATGAGCCGTCGACTAA-1	4051	4180	1.0318439891384843
GSM6339603	ATGAGCCGTGATTACG-1	6702	7701	1.149059982094897
GSM6339603	ATGAGCCGTGTGAGAG-1	3090	3507	1.1349514563106795
GSM6339603	ATGAGCCGTTAGCGTA-1	1639	1577	0.9621720561317877
GSM6339603	ATGAGCCGTTCACCAT-1	7272	6880	0.9460946094609461
GSM6339603	ATGAGCCGTTGTCATC-1	2269	2359	1.0396650506831202
GSM6339603	ATGAGCCGTTTATTCG-1	930	1021	1.0978494623655914
GSM6339603	ATGATGACAACTGGGA-1	13630	15988	1.1730007336757153
GSM6339603	ATGATGGAGTTATGTG-1	4277	5235	1.2239887771802664
GSM6339603	ATGATGGAGTTTCCTG-1	1233	1476	1.197080291970803
GSM6339603	ATGCAAACAAACATAG-1	1581	1719	1.0872865275142316
GSM6339603	ATGCAAACAAGTTATC-1	2350	2788	1.1863829787234041
GSM6339603	ATGCAAACACAAAGCG-1	12836	10487	0.8169990651293237
GSM6339603	ATGCAAACACAAAGGT-1	4198	4671	1.112672701286327
GSM6339603	ATGCAAACAGAGGGAG-1	4678	5615	1.2002992731936726
GSM6339603	ATGCAAACATTGTCAG-1	4658	4697	1.0083726921425504
GSM6339603	ATGCAGGCAAGGGTTG-1	12828	14617	1.139460555035859
GSM6339603	ATGCAGGCACTAAGTT-1	40935	55580	1.3577623060950288
GSM6339603	ATGCAGGCAGCAAATA-1	5453	6459	1.1844856042545389
GSM6339603	ATGCAGGCAGGGAGCT-1	1978	2070	1.0465116279069768
GSM6339603	ATGCATTCAACCCTAA-1	798	929	1.1641604010025062
GSM6339603	ATGCATTCACCTATAG-1	13180	12423	0.9425644916540212
GSM6339603	ATGCATTCACTAGCGT-1	1673	1409	0.8421996413628213
GSM6339603	ATGCATTCACTTACAG-1	10234	9804	0.957983193277311
GSM6339603	ATGCATTCAGCATGTC-1	4816	5353	1.1115033222591362
GSM6339603	ATGCATTCAGCTTAAT-1	4079	4817	1.1809266977200295
GSM6339603	ATGCATTCAGGAATCG-1	1674	1699	1.0149342891278375
GSM6339603	ATGCATTCAGGATTAA-1	3806	4126	1.0840777719390435
GSM6339603	ATGCATTCATAAGTCT-1	743	914	1.2301480484522207
GSM6339603	ATGCCTGAGAAGCTAG-1	9732	7225	0.7423962186600904
GSM6339603	ATGCCTGAGGACCAGG-1	583	562	0.9639794168096055
GSM6339603	ATGCCTGAGGTCAAAG-1	1183	1128	0.9535080304311073
GSM6339603	ATGCCTGAGTAGCCAT-1	1287	1388	1.0784770784770785
GSM6339603	ATGCGATTCAATAGCC-1	19691	21988	1.1166522776903154
GSM6339603	ATGCGATTCATGTCAA-1	1268	1373	1.082807570977918
GSM6339603	ATGCGATTCATTGACA-1	684	782	1.1432748538011697
GSM6339603	ATGCGATTCCCGTTGT-1	1211	1526	1.260115606936416
GSM6339603	ATGCGATTCCTGTTCA-1	1127	1152	1.0221827861579413
GSM6339603	ATGCGATTCCTTGCAC-1	1133	1288	1.1368049426301854
GSM6339603	ATGCGATTCGCAGGCT-1	5808	6535	1.12517217630854
GSM6339603	ATGCGATTCTACTAAG-1	23391	35053	1.4985678252319268
GSM6339603	ATGCGATTCTTGGATA-1	5780	6538	1.1311418685121106
GSM6339603	ATGCTTAAGAATGACG-1	2532	2853	1.1267772511848342
GSM6339603	ATGCTTAAGCCGCTAA-1	1244	1162	0.9340836012861736
GSM6339603	ATGCTTAAGCTAGAAG-1	598	714	1.193979933110368
GSM6339603	ATGCTTAAGCTTCCCG-1	2104	2262	1.0750950570342206
GSM6339603	ATGCTTAAGGCATTGT-1	1928	2070	1.0736514522821576
GSM6339603	ATGCTTAAGGCCTGGT-1	2714	2909	1.0718496683861458
GSM6339603	ATGCTTAAGGCGGGTA-1	693	642	0.9264069264069265
GSM6339603	ATGCTTAAGGGCCACT-1	1105	1163	1.0524886877828055
GSM6339603	ATGCTTAAGGTAAGGC-1	30941	49628	1.6039559160983807
GSM6339603	ATGCTTAAGTCATCCC-1	16803	18156	1.0805213354758079
GSM6339603	ATGCTTAAGTTAGAGG-1	12341	13711	1.1110120735758853
GSM6339603	ATGGACAAGACAACAG-1	3578	3833	1.0712688652878704
GSM6339603	ATGGACAAGACACTTA-1	3031	3529	1.164302210491587
GSM6339603	ATGGACAAGCACAGCC-1	1298	1251	0.9637904468412943
GSM6339603	ATGGACAAGCGATAAG-1	4397	5329	1.211962701842165
GSM6339603	ATGGACAAGCGGGCAA-1	4614	4214	0.9133073255309926
GSM6339603	ATGGACAAGCTAATTG-1	2000	2127	1.0635
GSM6339603	ATGGACAAGCTATATG-1	5019	4992	0.9946204423191871
GSM6339603	ATGGACAAGGCAATAG-1	1819	2038	1.120395821880154
GSM6339603	ATGGACAAGGTTACGT-1	5543	6873	1.2399422695291358
GSM6339603	ATGGACAAGTAAAGGT-1	17361	15462	0.8906168999481596
GSM6339603	ATGGCCCAGAGAGCCG-1	1079	1223	1.133456904541242
GSM6339603	ATGGCCCAGATAACCC-1	1173	1151	0.9812446717817562
GSM6339603	ATGGCCCAGCAACAAG-1	1592	1081	0.6790201005025126
GSM6339603	ATGGCCCAGCCTCTGT-1	13225	12964	0.9802646502835539
GSM6339603	ATGGCCCAGCCTGAGC-1	10347	8385	0.8103798202377501
GSM6339603	ATGGCCCAGCTAATCA-1	430	455	1.058139534883721
GSM6339603	ATGGCCCAGGCGCTTA-1	3261	3552	1.0892364305427782
GSM6339603	ATGGCCCAGTAGAGGC-1	28941	40243	1.3905186413738295
GSM6339603	ATGGCCCAGTCAATCA-1	1716	1922	1.1200466200466201
GSM6339603	ATGGCCCAGTCAATTG-1	919	964	1.0489662676822633
GSM6339603	ATGGCCGGTACCGAAC-1	2839	2835	0.9985910531877422
GSM6339603	ATGGCCGGTACTGAAT-1	9536	9944	1.042785234899329
GSM6339603	ATGGCCGGTTAAGCGC-1	668	599	0.8967065868263473
GSM6339603	ATGGCCGGTTGTTGCT-1	6627	5152	0.7774256828127358
GSM6339603	ATGGCTAGTCATTACC-1	1348	1472	1.0919881305637982
GSM6339603	ATGGCTAGTGAGCAAG-1	1035	1112	1.0743961352657005
GSM6339603	ATGGCTAGTTACTTCA-1	18429	19494	1.0577893537359597
GSM6339603	ATGGCTAGTTATCGAG-1	25929	29534	1.1390335145975548
GSM6339603	ATGGCTAGTTGGTGAC-1	16334	16862	1.0323252112158687
GSM6339603	ATGGCTGTCACTAAGC-1	2405	2714	1.1284823284823284
GSM6339603	ATGGCTGTCATGGTTA-1	18182	20777	1.1427235727642724
GSM6339603	ATGGCTGTCCAAGTTA-1	31504	41055	1.3031678517013712
GSM6339603	ATGGCTGTCGAGGAAC-1	831	908	1.09265944645006
GSM6339603	ATGGCTGTCGCTAAAC-1	25829	31529	1.2206821789461457
GSM6339603	ATGGCTGTCGTTATCT-1	2918	3456	1.1843728581220014
GSM6339603	ATGGCTGTCTGTAAGC-1	1112	1138	1.0233812949640289
GSM6339603	ATGGCTTAGAATCGCT-1	22912	26322	1.1488303072625698
GSM6339603	ATGGCTTAGACTTATG-1	1027	971	0.9454722492697176
GSM6339603	ATGGCTTAGATACTTG-1	2788	2232	0.8005738880918221
GSM6339603	ATGGCTTAGTTACCGG-1	3383	3742	1.1061188294413242
GSM6339603	ATGGTCTAGCACAGCC-1	10468	9796	0.9358043561329767
GSM6339603	ATGGTCTAGCCAAATC-1	826	923	1.1174334140435835
GSM6339603	ATGGTCTAGCGCAATT-1	5278	5972	1.1314892004547177
GSM6339603	ATGGTCTAGCGCCTTT-1	5232	5834	1.1150611620795108
GSM6339603	ATGGTCTAGGTTAGCT-1	5973	7287	1.2199899547965847
GSM6339603	ATGGTCTAGTATTGCA-1	29814	32258	1.0819749111155832
GSM6339603	ATGGTCTAGTCATCCC-1	14505	13941	0.9611168562564633
GSM6339603	ATGGTCTAGTTGTCTT-1	19413	21542	1.1096687786534796
GSM6339603	ATGGTGCGTCCTAAGA-1	1507	1433	0.9508958195089582
GSM6339603	ATGGTGCGTGATTTGG-1	2954	3402	1.1516587677725119
GSM6339603	ATGGTGCGTGTCCAAA-1	2597	3018	1.1621101270696959
GSM6339603	ATGGTGCGTGTGTGGT-1	479	492	1.0271398747390397
GSM6339603	ATGGTTATCAAACACC-1	2880	3182	1.104861111111111
GSM6339603	ATGGTTATCCCGCAAA-1	7365	6504	0.8830957230142567
GSM6339603	ATGGTTATCGAAGTGA-1	719	762	1.0598052851182198
GSM6339603	ATGGTTATCTAACCAA-1	1101	1228	1.1153496821071753
GSM6339603	ATGGTTATCTATGACA-1	577	657	1.1386481802426343
GSM6339603	ATGGTTATCTCACAAA-1	749	828	1.1054739652870493
GSM6339603	ATGTAACGTAGGTTAT-1	5641	6591	1.1684098564084382
GSM6339603	ATGTAACGTCGAAGTC-1	12590	13798	1.0959491660047658
GSM6339603	ATGTAACGTGGACCTG-1	6440	4018	0.6239130434782608
GSM6339603	ATGTAACGTTAAGGCC-1	2134	2524	1.1827553889409559
GSM6339603	ATGTAACGTTACAAAC-1	960	1062	1.10625
GSM6339603	ATGTAACGTTCACCAT-1	1686	2103	1.2473309608540926
GSM6339603	ATGTAAGCAACCGCCA-1	643	744	1.157076205287714
GSM6339603	ATGTAAGCACAGAACG-1	1004	641	0.6384462151394422
GSM6339603	ATGTAAGCACTGACCG-1	431	434	1.0069605568445477
GSM6339603	ATGTAAGCAGGCATCT-1	10262	10548	1.0278698109530306
GSM6339603	ATGTAAGCAGGCATGA-1	416	455	1.09375
GSM6339603	ATGTCAATCACTTTAC-1	17574	15946	0.9073631501081143
GSM6339603	ATGTCAATCATCCTCA-1	28626	38971	1.3613847551177252
GSM6339603	ATGTCAATCCGGTATG-1	22792	20202	0.8863636363636364
GSM6339603	ATGTCAATCCTTAAGA-1	2356	2546	1.0806451612903225
GSM6339603	ATGTCATCAAGTGTCC-1	35850	38321	1.068926080892608
GSM6339603	ATGTCATCAATAGTCT-1	900	950	1.0555555555555556
GSM6339603	ATGTCATCACCTGGTG-1	4004	4259	1.0636863136863137
GSM6339603	ATGTCATCACGTAATT-1	19188	18727	0.975974567437982
GSM6339603	ATGTCATCAGGCCAAA-1	30104	37823	1.2564111081583842
GSM6339603	ATGTCATCATGTTTGG-1	1617	1746	1.0797773654916512
GSM6339603	ATGTCCACAACCTGGT-1	35307	39454	1.1174554620896706
GSM6339603	ATGTCCACAAGGTGCA-1	890	957	1.0752808988764044
GSM6339603	ATGTCCACAAGGTGGC-1	18404	21284	1.1564877200608563
GSM6339603	ATGTCCACAATCATGT-1	10975	10900	0.9931662870159453
GSM6339603	ATGTCCACACAAGCCT-1	12628	10683	0.8459771935381691
GSM6339603	ATGTCCACAGCACGTT-1	436	558	1.2798165137614679
GSM6339603	ATGTCCACAGGCGATA-1	491	497	1.0122199592668024
GSM6339603	ATGTCCACATAATCCG-1	8982	8569	0.9540191494099309
GSM6339603	ATGTCCACATCCCGCT-1	5771	6670	1.1557788944723617
GSM6339603	ATGTGAGAGATAGACG-1	28747	32281	1.122934567085261
GSM6339603	ATGTGAGAGGAACACA-1	1125	1291	1.1475555555555557
GSM6339603	ATGTGAGAGTCATTAG-1	1291	1640	1.270333075135554
GSM6339603	ATGTTCAAGAACAAGT-1	1532	1822	1.1892950391644908
GSM6339603	ATGTTCAAGACAGGCG-1	14209	10383	0.7307340418044901
GSM6339603	ATGTTCAAGCCACAAT-1	2567	3092	1.2045188936501754
GSM6339603	ATGTTCAAGGAGTCGG-1	9805	5925	0.6042835288118307
GSM6339603	ATGTTGTCAACACTTG-1	1359	1487	1.0941869021339221
GSM6339603	ATGTTGTCAACTAACT-1	14427	13143	0.9110002079434394
GSM6339603	ATGTTGTCACAACAGG-1	1260	1450	1.1507936507936507
GSM6339603	ATGTTGTCACCTAAGC-1	8301	10197	1.2284062161185398
GSM6339603	ATGTTGTCACGGTTTA-1	8905	6146	0.6901740595171252
GSM6339603	ATGTTGTCACTGGCCA-1	11835	10601	0.8957329953527672
GSM6339603	ATGTTGTCAGTTGCGT-1	1841	1648	0.8951656708310701
GSM6339603	ATGTTGTCATGTCGCG-1	1138	1142	1.0035149384885764
GSM6339603	ATGTTGTCATTGTTGG-1	25700	44066	1.7146303501945526
GSM6339603	ATGTTTGAGAAAGCAT-1	11181	12270	1.0973973705393079
GSM6339603	ATGTTTGAGAACCTGT-1	38046	36735	0.9655417126636178
GSM6339603	ATGTTTGAGACAACAG-1	5900	5052	0.856271186440678
GSM6339603	ATGTTTGAGCCTGTTC-1	2643	2933	1.109723798713583
GSM6339603	ATGTTTGAGCTTAACA-1	1211	1198	0.9892650701899257
GSM6339603	ATGTTTGAGGGACCTC-1	1636	1740	1.0635696821515892
GSM6339603	ATGTTTGAGTAACGGA-1	37156	53706	1.4454193131661104
GSM6339603	ATGTTTGAGTAGCGCC-1	1277	1244	0.9741581832419733
GSM6339603	ATGTTTGAGTAGCGGG-1	17328	17607	1.016101108033241
GSM6339603	ATGTTTGAGTTATTCC-1	2563	2837	1.1069059695669137
GSM6339603	ATTAACCCAAACTAAG-1	1687	1560	0.9247184350918791
GSM6339603	ATTAACCCAAGGCCAA-1	523	484	0.9254302103250478
GSM6339603	ATTAACCCAATTAACC-1	2593	2817	1.0863864249903588
GSM6339603	ATTAACCCATTATGAC-1	2176	2734	1.2564338235294117
GSM6339603	ATTACCGCAACTGGGA-1	16372	19166	1.1706572196432934
GSM6339603	ATTACCGCAGGCGAGT-1	18363	19017	1.0356150955726189
GSM6339603	ATTACCGCATAACGGG-1	30316	32226	1.0630030347011479
GSM6339603	ATTACCGCATAGTCAT-1	17186	17787	1.0349703246828814
GSM6339603	ATTACCGCATATAACC-1	1726	1707	0.9889918887601391
GSM6339603	ATTACGTCAACAGGTG-1	2636	3143	1.1923368740515934
GSM6339603	ATTACGTCAACTAGCC-1	5770	4181	0.7246100519930676
GSM6339603	ATTACGTCACCAGCAT-1	23011	35715	1.552083786015384
GSM6339603	ATTACGTCACCCACAG-1	4161	4766	1.1453977409276617
GSM6339603	ATTACGTCACTAAGAA-1	564	559	0.9911347517730497
GSM6339603	ATTACGTCACTTACAG-1	31600	34889	1.1040822784810127
GSM6339603	ATTACGTCATTAGCGC-1	763	838	1.0982961992136304
GSM6339603	ATTACGTCATTGCGGT-1	1699	1794	1.0559152442613302
GSM6339603	ATTACGTCATTGTCAG-1	570	503	0.8824561403508772
GSM6339603	ATTACGTCATTGTGCA-1	1911	2021	1.0575614861329148
GSM6339603	ATTACTGAGACAGGCG-1	1329	1524	1.146726862302483
GSM6339603	ATTACTGAGCGGTTAT-1	27327	27892	1.0206755223771362
GSM6339603	ATTACTGAGGACCAGG-1	27087	30554	1.1279949791412855
GSM6339603	ATTACTGAGGCTAGAA-1	4279	4655	1.087870997896705
GSM6339603	ATTACTGAGGTCCTAG-1	2281	2442	1.070583077597545
GSM6339603	ATTACTGAGTAGAGGC-1	10551	6678	0.632925789024737
GSM6339603	ATTACTGAGTTATTCC-1	1446	1500	1.037344398340249
GSM6339603	ATTACTGAGTTGTCTT-1	12670	13744	1.0847671665351224
GSM6339603	ATTAGCGGTACCCACC-1	4694	3276	0.697912228376651
GSM6339603	ATTAGCGGTGAATCGC-1	7746	8802	1.1363284275755228
GSM6339603	ATTAGCGGTGTTAAAC-1	18390	20030	1.089178901576944
GSM6339603	ATTAGCGGTTGCGGAT-1	2242	2536	1.1311329170383586
GSM6339603	ATTAGCTCAAACAACA-1	2778	2841	1.0226781857451404
GSM6339603	ATTAGCTCAACATAAG-1	4909	3582	0.7296801792625789
GSM6339603	ATTAGCTCAATGCGCT-1	14933	13996	0.9372530636844573
GSM6339603	ATTAGCTCAATTAGGA-1	928	962	1.0366379310344827
GSM6339603	ATTAGCTCAGGAATCG-1	491	529	1.0773930753564154
GSM6339603	ATTAGCTCAGGCCTTG-1	1106	1430	1.2929475587703436
GSM6339603	ATTAGCTCAGGGAGCT-1	17983	20427	1.1359061335705944
GSM6339603	ATTAGCTCAGGTTCAC-1	803	902	1.1232876712328768
GSM6339603	ATTAGCTCATGTCAGC-1	3183	3450	1.0838831291234685
GSM6339603	ATTAGCTCATTGACAT-1	35374	37869	1.0705320291739695
GSM6339603	ATTAGCTCATTTAAGC-1	14654	12989	0.8863791456257677
GSM6339603	ATTAGGTGTCATAACG-1	1295	1417	1.0942084942084942
GSM6339603	ATTAGGTGTCGCGCAA-1	3075	2683	0.8725203252032521
GSM6339603	ATTAGGTGTTATGTGG-1	1073	1087	1.0130475302889097
GSM6339603	ATTAGTCCACGAATCC-1	3252	3463	1.0648831488314883
GSM6339603	ATTAGTCCACGTAAGG-1	918	1063	1.1579520697167756
GSM6339603	ATTAGTCCATTAAACC-1	2340	2180	0.9316239316239316
GSM6339603	ATTATCCTCAGCACCA-1	8889	9967	1.121273484081449
GSM6339603	ATTATCCTCCATCAGG-1	1957	2573	1.3147675012774656
GSM6339603	ATTATCCTCTGCAACG-1	1967	2318	1.1784443314692425
GSM6339603	ATTATCCTCTGCAAGT-1	1323	1487	1.123960695389267
GSM6339603	ATTATCCTCTTAGGAC-1	8388	10597	1.2633524082021936
GSM6339603	ATTATCCTCTTGAGCG-1	24937	23653	0.9485102458194651
GSM6339603	ATTATGGTCAAATCGC-1	1409	1581	1.1220723917672109
GSM6339603	ATTATGGTCACCAATA-1	4895	5873	1.1997957099080694
GSM6339603	ATTATGGTCACTTCAT-1	663	631	0.951734539969834
GSM6339603	ATTATGGTCATAGACC-1	1531	1758	1.1482691051600262
GSM6339603	ATTATGGTCCCATAAA-1	28644	30618	1.0689149560117301
GSM6339603	ATTATGGTCGGCCATA-1	8128	7007	0.8620816929133859
GSM6339603	ATTATGGTCTCGCCTG-1	1824	1975	1.0827850877192982
GSM6339603	ATTATGGTCTTGACCC-1	2795	1878	0.6719141323792487
GSM6339603	ATTCAACCAAAGCTCC-1	1169	1348	1.1531223267750215
GSM6339603	ATTCAACCAACATAAG-1	14481	17155	1.1846557558179684
GSM6339603	ATTCAACCACATGCTA-1	472	445	0.9427966101694916
GSM6339603	ATTCAACCACTATGGC-1	6116	7465	1.2205689993459778
GSM6339603	ATTCAACCATCAATCG-1	19570	14564	0.744200306591722
GSM6339603	ATTCAACCATCCCGCT-1	7484	10557	1.410609299839658
GSM6339603	ATTCACTTCATTAGGC-1	13430	13472	1.003127326880119
GSM6339603	ATTCACTTCTCAATGA-1	1543	1711	1.1088788075178224
GSM6339603	ATTCATGAGACAACGA-1	538	577	1.0724907063197027
GSM6339603	ATTCATGAGACAGGTA-1	2086	2532	1.2138063279002875
GSM6339603	ATTCATGAGACTAAGG-1	15783	19756	1.2517265412152316
GSM6339603	ATTCATGAGCAAGACA-1	21529	20282	0.9420781271772958
GSM6339603	ATTCATGAGCCACATG-1	16211	16685	1.0292394053420517
GSM6339603	ATTCATGAGCTCGCTT-1	3903	5499	1.4089162182936203
GSM6339603	ATTCATGAGCTTCTCA-1	1814	2392	1.318632855567806
GSM6339603	ATTCATGAGGATAAAC-1	1009	1093	1.083250743310208
GSM6339603	ATTCATGAGGGATGCG-1	3541	4744	1.3397345382660266
GSM6339603	ATTCATGAGGTTTGCG-1	3261	4426	1.3572523765716038
GSM6339603	ATTCCGGAGATGGACA-1	13567	11660	0.8594383430382546
GSM6339603	ATTCCGGAGTTTCCGC-1	7125	8795	1.2343859649122808
GSM6339603	ATTCCTAGTACCGAAC-1	6085	4871	0.800493015612161
GSM6339603	ATTCCTAGTGATGAGG-1	1096	1248	1.1386861313868613
GSM6339603	ATTCCTAGTGGAGCAA-1	6987	7193	1.0294833261771863
GSM6339603	ATTCCTAGTGGGTGAA-1	5813	4946	0.850851539652503
GSM6339603	ATTCCTCCAATTAGCT-1	3232	3839	1.1878094059405941
GSM6339603	ATTCCTCCACCTGTAA-1	1007	1043	1.0357497517378351
GSM6339603	ATTCCTCCAGCGCTTG-1	2421	3205	1.3238331268071044
GSM6339603	ATTCCTCCATAAGTCT-1	2456	3031	1.2341205211726385
GSM6339603	ATTCCTCCATCGCTTT-1	6397	8085	1.263873690792559
GSM6339603	ATTCCTCCATGTCAAT-1	1281	1597	1.2466822794691648
GSM6339603	ATTCGTTTCAACCAAC-1	1214	1211	0.9975288303130149
GSM6339603	ATTCGTTTCAGGGCCT-1	31587	38788	1.2279735334156456
GSM6339603	ATTCGTTTCATGCTTT-1	1925	2021	1.0498701298701298
GSM6339603	ATTCGTTTCCAAATCA-1	2628	2534	0.9642313546423136
GSM6339603	ATTCGTTTCCATAATG-1	2430	3000	1.2345679012345678
GSM6339603	ATTCGTTTCGCATTAA-1	1665	1666	1.0006006006006005
GSM6339603	ATTCGTTTCGCGACAC-1	1139	1268	1.1132572431957857
GSM6339603	ATTCGTTTCGCTAGCA-1	555	731	1.3171171171171172
GSM6339603	ATTCGTTTCGTTATCT-1	1642	982	0.5980511571254568
GSM6339603	ATTGAAGCAAGGTGGC-1	523	789	1.508604206500956
GSM6339603	ATTGAAGCAATAGCAA-1	1544	1632	1.0569948186528497
GSM6339603	ATTGAAGCAATAGCCC-1	16151	17873	1.1066187852145377
GSM6339603	ATTGAAGCAATGCCCG-1	31566	46873	1.4849204840651333
GSM6339603	ATTGAAGCACAAGCCT-1	2319	2662	1.1479085812850367
GSM6339603	ATTGAAGCACTCAACA-1	5849	5417	0.9261412207214909
GSM6339603	ATTGAAGCACTTAACG-1	31579	39480	1.2501979163368062
GSM6339603	ATTGAAGCAGCACCAT-1	5542	6385	1.15211115120895
GSM6339603	ATTGACTCAATACTGT-1	34711	33954	0.978191351444787
GSM6339603	ATTGACTCACAAAGCG-1	32165	40545	1.2605316337634074
GSM6339603	ATTGACTCACAATTAC-1	2620	2879	1.098854961832061
GSM6339603	ATTGACTCACAGGGAC-1	3913	3904	0.9976999744441605
GSM6339603	ATTGACTCACTAAGAA-1	24411	33097	1.3558231944615133
GSM6339603	ATTGACTCAGCTTACA-1	1856	1786	0.9622844827586207
GSM6339603	ATTGACTCAGGATGGC-1	1885	1981	1.0509283819628648
GSM6339603	ATTGACTCATCCTAGA-1	2577	2517	0.9767171129220024
GSM6339603	ATTGACTCATTAAAGG-1	5699	6469	1.1351114230566766
GSM6339603	ATTGCACAGCTATTGA-1	864	1031	1.193287037037037
GSM6339603	ATTGCACAGCTGGCTA-1	3847	4354	1.1317910059786846
GSM6339603	ATTGCACAGGAAGCAC-1	2110	2300	1.0900473933649288
GSM6339603	ATTGCACAGGACCTTG-1	2371	2721	1.1476170392239562
GSM6339603	ATTGCACAGGACGTAA-1	1058	1137	1.0746691871455576
GSM6339603	ATTGCACAGTCCTTTG-1	2795	2296	0.8214669051878354
GSM6339603	ATTGCAGGTAAGGTCC-1	566	712	1.2579505300353357
GSM6339603	ATTGCAGGTATTGCAG-1	805	1030	1.279503105590062
GSM6339603	ATTGCAGGTGCCGCAA-1	2785	3270	1.1741472172351886
GSM6339603	ATTGCAGGTGTTGCAA-1	3784	4757	1.2571353065539113
GSM6339603	ATTGCAGGTTGGATCA-1	25906	37454	1.4457654597390566
GSM6339603	ATTGCGCCAATAAGCA-1	1362	1590	1.1674008810572687
GSM6339603	ATTGCTCGTCCCGAAG-1	1581	1519	0.9607843137254902
GSM6339603	ATTGCTCGTCGTAAAT-1	4026	4548	1.1296572280178838
GSM6339603	ATTGGCTAGAAGCTAG-1	3131	3102	0.9907377834557649
GSM6339603	ATTGGCTAGAGCCGGA-1	5123	4141	0.8083154401717744
GSM6339603	ATTGGCTAGCGATACT-1	2786	2959	1.0620961952620245
GSM6339603	ATTGGCTAGGCAACAA-1	5391	5110	0.9478760897792617
GSM6339603	ATTGGCTAGGCGGGTA-1	3173	3604	1.135833595965963
GSM6339603	ATTGGCTAGGGACTAA-1	1268	1578	1.2444794952681388
GSM6339603	ATTGGCTAGTACCGCA-1	2698	3297	1.2220163083765752
GSM6339603	ATTGGCTAGTATGTGC-1	4852	4526	0.9328112118713933
GSM6339603	ATTGGCTAGTCACTAA-1	3558	3713	1.0435637998875773
GSM6339603	ATTGGCTAGTTGTCAA-1	26381	33944	1.2866835980440468
GSM6339603	ATTGGTTCAAGCTAAA-1	5409	5578	1.0312442225919762
GSM6339603	ATTGGTTCACAGGATG-1	4792	5714	1.1924040066777963
GSM6339603	ATTGGTTCACATAACT-1	945	972	1.0285714285714285
GSM6339603	ATTGGTTCACCAAAGG-1	2922	3681	1.2597535934291582
GSM6339603	ATTGGTTCACGTGCTG-1	3352	3527	1.0522076372315037
GSM6339603	ATTGGTTCAGCTACGT-1	27270	36895	1.352951961862853
GSM6339603	ATTGGTTCAGTTAAAG-1	31940	43420	1.3594239198497182
GSM6339603	ATTGGTTCATGACTAT-1	866	1051	1.2136258660508084
GSM6339603	ATTGGTTCATGCAACC-1	34279	37438	1.0921555471279791
GSM6339603	ATTGTCCGTAACTACG-1	1462	1672	1.1436388508891928
GSM6339603	ATTGTCCGTAGTTAAC-1	20812	20477	0.9839035172016145
GSM6339603	ATTGTCCGTCATCCTG-1	2624	2420	0.9222560975609756
GSM6339603	ATTGTCCGTCTAACCT-1	1754	1909	1.088369441277081
GSM6339603	ATTGTCCGTGAGGTGA-1	1554	1468	0.9446589446589446
GSM6339603	ATTGTCCGTGCAATGC-1	980	1090	1.1122448979591837
GSM6339603	ATTGTCCGTTCATCTA-1	7142	7737	1.083309997199664
GSM6339603	ATTGTCCGTTGAGCCG-1	21856	30604	1.400256222547584
GSM6339603	ATTGTCCGTTGTTCAC-1	9904	11064	1.117124394184168
GSM6339603	ATTGTGATCCAGGTCA-1	2458	2843	1.1566314076484947
GSM6339603	ATTGTGATCCTAGTCC-1	1659	1646	0.9921639541892706
GSM6339603	ATTGTGATCCTCACTA-1	15315	12935	0.8445968005223637
GSM6339603	ATTGTGATCGAGGAAC-1	2390	2083	0.8715481171548117
GSM6339603	ATTGTGATCGTTACTT-1	22726	26700	1.174865792484379
GSM6339603	ATTGTGATCTCACATT-1	5179	5133	0.9911179764433288
GSM6339603	ATTGTGATCTTTAAGG-1	22742	28499	1.2531439627121626
GSM6339603	ATTTAGCCAAATACCT-1	15107	18452	1.221420533527504
GSM6339603	ATTTAGCCAAGCCACT-1	4164	3904	0.9375600384245918
GSM6339603	ATTTAGCCACAACAGG-1	27368	35556	1.2991815258696289
GSM6339603	ATTTAGCCACCTGGTG-1	20222	20225	1.0001483532786075
GSM6339603	ATTTAGCCACTGACTA-1	6656	7805	1.1726262019230769
GSM6339603	ATTTAGCCAGGAACAT-1	2539	2896	1.1406065380070893
GSM6339603	ATTTAGCCATGGCCTG-1	4821	5547	1.1505911636589918
GSM6339603	ATTTAGGTCGGGACCT-1	637	494	0.7755102040816326
GSM6339603	ATTTAGGTCGTCCTTA-1	11881	15807	1.3304435653564515
GSM6339603	ATTTGCAAGAGGAAGG-1	8790	9009	1.0249146757679182
GSM6339603	ATTTGCAAGAGGATAT-1	1502	1718	1.1438082556591211
GSM6339603	ATTTGCAAGATTGAGG-1	2363	2927	1.2386796445196784
GSM6339603	ATTTGCAAGCACAGGG-1	1951	1914	0.9810353664787289
GSM6339603	ATTTGCAAGCAGCTCA-1	6933	6322	0.9118707630174527
GSM6339603	ATTTGCAAGCTATTGA-1	1038	1067	1.0279383429672446
GSM6339603	ATTTGCAAGGCTGTGC-1	2432	2280	0.9375
GSM6339603	ATTTGCAAGTAAGAAC-1	4145	4172	1.0065138721351026
GSM6339603	ATTTGCGCAACTAGAA-1	3506	3817	1.0887050770108386
GSM6339603	ATTTGCGCAATAACGA-1	34839	42096	1.2083010419357616
GSM6339603	ATTTGCGCACCCACCT-1	5996	4488	0.7484989993328885
GSM6339603	ATTTGCGCAGTACCGT-1	27979	36988	1.321991493620215
GSM6339603	ATTTGCGCATAATCCG-1	1066	1084	1.0168855534709194
GSM6339603	ATTTGCGCATGAATAG-1	1534	1717	1.1192959582790092
GSM6339603	ATTTGCGCATGTTGGC-1	1441	1449	1.0055517002081888
GSM6339603	ATTTGCGCATTGTTGG-1	17968	15848	0.8820124666073018
GSM6339603	ATTTGTGAGCAAGACA-1	2308	2426	1.0511265164644714
GSM6339603	ATTTGTGAGCACGTTG-1	1343	1480	1.1020104244229336
GSM6339603	ATTTGTGAGCACTAGT-1	2566	2949	1.1492595479345284
GSM6339603	ATTTGTGAGGCATTGT-1	1551	1705	1.099290780141844
GSM6339603	CAAACAACACAACCTA-1	2052	2423	1.1807992202729045
GSM6339603	CAAACAACACCCACCT-1	1212	1676	1.3828382838283828
GSM6339603	CAAACAACAGCCTGCA-1	1907	2029	1.0639748295752491
GSM6339603	CAAACAACAGTCTAAT-1	972	1099	1.1306584362139918
GSM6339603	CAAACACTCAACAAGG-1	468	454	0.9700854700854701
GSM6339603	CAAACACTCACCTGCT-1	8304	9926	1.1953275529865126
GSM6339603	CAAACACTCACGCATG-1	4284	5131	1.1977124183006536
GSM6339603	CAAACACTCCTTAGTT-1	608	611	1.0049342105263157
GSM6339603	CAAACACTCCTTCGTA-1	2969	3184	1.072414954530145
GSM6339603	CAAACACTCGAGCTAT-1	2479	2722	1.0980233965308592
GSM6339603	CAAACATGTACGCGCA-1	2744	2901	1.0572157434402332
GSM6339603	CAAACATGTATTGTCC-1	1586	1773	1.117906683480454
GSM6339603	CAAACATGTCATCCTG-1	5000	5767	1.1534
GSM6339603	CAAACATGTCCGTGAG-1	2117	2547	1.2031176192725554
GSM6339603	CAAACATGTCGAAGTC-1	7266	5515	0.7590145884943573
GSM6339603	CAAACATGTGTGTCCC-1	929	881	0.9483315392895587
GSM6339603	CAAACATGTTACTTCA-1	3437	3350	0.9746872272330521
GSM6339603	CAAACATGTTGGCGTG-1	916	1063	1.1604803493449782
GSM6339603	CAAACATGTTGTTCAC-1	3846	4362	1.1341653666146645
GSM6339603	CAAACCGTCATTCATC-1	763	836	1.0956749672346002
GSM6339603	CAAACCGTCCTAATAG-1	1080	1209	1.1194444444444445
GSM6339603	CAAACCGTCCTCCCTC-1	524	630	1.202290076335878
GSM6339603	CAAACCGTCGACCTGA-1	5920	6488	1.095945945945946
GSM6339603	CAAACCGTCGCTATAA-1	24993	32491	1.3000040011203138
GSM6339603	CAAACCGTCGTCAAGT-1	1589	1647	1.0365009439899309
GSM6339603	CAAACCGTCGTTAGTA-1	2571	2085	0.8109684947491248
GSM6339603	CAAACCGTCTACCTGC-1	2423	2623	1.0825423029302517
GSM6339603	CAAACGCGTACTTAGG-1	14103	12393	0.8787492022973835
GSM6339603	CAAACGCGTATTCGCT-1	962	1246	1.2952182952182951
GSM6339603	CAAACGCGTGTGAGGA-1	5359	7093	1.3235678298189961
GSM6339603	CAAACTGGTAAACAAG-1	5365	6046	1.1269338303821061
GSM6339603	CAAACTGGTAGCCTCC-1	1100	1215	1.1045454545454545
GSM6339603	CAAACTGGTATTTGGG-1	686	707	1.030612244897959
GSM6339603	CAAACTGGTGACCTGG-1	1503	1613	1.0731869594145043
GSM6339603	CAAACTGGTGCAACTA-1	4577	2420	0.5287306095695871
GSM6339603	CAAACTGGTTGCGCGA-1	587	542	0.9233390119250426
GSM6339603	CAAACTGGTTTCCGGC-1	1019	1073	1.0529931305201177
GSM6339603	CAAAGCGCAAACTCAT-1	581	548	0.9432013769363167
GSM6339603	CAAAGCGCAAAGGCCA-1	5288	5882	1.1123298033282905
GSM6339603	CAAAGCGCACAAACTT-1	20336	18703	0.9196990558615263
GSM6339603	CAAAGCGCACCTGTAA-1	1732	1724	0.9953810623556582
GSM6339603	CAAAGCGCAGATAGAC-1	8012	5838	0.7286570144782826
GSM6339603	CAAAGCGCAGGCTTGT-1	24392	30700	1.258609380124631
GSM6339603	CAAAGCGCATAGCTGC-1	4741	5322	1.1225479856570344
GSM6339603	CAAAGCGCATAGTCAT-1	2099	2272	1.0824202000952834
GSM6339603	CAAAGCGCATTGACAT-1	13451	13764	1.0232696453795256
GSM6339603	CAAAGGATCACTTCAT-1	1334	1194	0.8950524737631185
GSM6339603	CAAAGGATCATTACGA-1	2699	2996	1.1100407558354946
GSM6339603	CAAAGGATCCATAAGC-1	1135	1266	1.1154185022026433
GSM6339603	CAAAGGATCCTTAAGA-1	1849	1913	1.034613304488913
GSM6339603	CAAAGTGAGCCGCTTT-1	14652	17991	1.2278869778869779
GSM6339603	CAAAGTGAGGCGCACT-1	12915	12632	0.9780874951606658
GSM6339603	CAAAGTGAGGTGAAAT-1	1982	1953	0.9853683148335015
GSM6339603	CAAATCATCCTTGAGG-1	824	840	1.0194174757281553
GSM6339603	CAAATCATCGGGACCT-1	933	1120	1.2004287245444802
GSM6339603	CAAATCATCTAGCTTT-1	4509	5358	1.1882900864936794
GSM6339603	CAAATCATCTCACATT-1	1040	1190	1.1442307692307692
GSM6339603	CAACAATGTAAAGCAA-1	875	913	1.0434285714285714
GSM6339603	CAACAATGTGATGAGG-1	15898	16850	1.0598817461315888
GSM6339603	CAACAATGTGGAAGGC-1	2024	2446	1.208498023715415
GSM6339603	CAACAATGTTAGGACC-1	2374	2935	1.2363100252737995
GSM6339603	CAACAATGTTCGCGCT-1	15315	16142	1.0539993470453803
GSM6339603	CAACAATGTTTAGTCC-1	1121	1081	0.9643175735950045
GSM6339603	CAACAGGCACGTGCTG-1	13838	12097	0.8741870212458448
GSM6339603	CAACAGGCAGAAATTG-1	2667	2828	1.0603674540682415
GSM6339603	CAACAGGCAGGAACAT-1	15233	14396	0.9450535022648198
GSM6339603	CAACAGGCAGGAATCG-1	1662	1823	1.0968712394705173
GSM6339603	CAACAGGCAGGACCAA-1	624	620	0.9935897435897436
GSM6339603	CAACAGGCATAGCAGG-1	925	912	0.985945945945946
GSM6339603	CAACAGGCATCAATCG-1	27702	29813	1.076203884196087
GSM6339603	CAACAGGCATGGTTAT-1	777	729	0.9382239382239382
GSM6339603	CAACCCGCACCTCAGG-1	640	743	1.1609375
GSM6339603	CAACCCTTCAAGTGTC-1	659	673	1.0212443095599393
GSM6339603	CAACCCTTCATGGCTG-1	23703	26419	1.1145846517318483
GSM6339603	CAACCCTTCCTAGTCC-1	14528	11754	0.8090583700440529
GSM6339603	CAACCCTTCCTTTACG-1	21149	19677	0.9303986004066386
GSM6339603	CAACCCTTCGACCTGA-1	11460	11979	1.0452879581151833
GSM6339603	CAACCCTTCGATTATG-1	2155	2157	1.0009280742459397
GSM6339603	CAACCCTTCGCTAAGT-1	2407	2849	1.183631076028251
GSM6339603	CAACCCTTCTAAGTCA-1	3121	3773	1.2089074014738865
GSM6339603	CAACCCTTCTTGTTCG-1	7948	7584	0.9542023150478107
GSM6339603	CAACTAATCAATGAGG-1	2807	3392	1.2084075525472033
GSM6339603	CAACTAATCAGAAACG-1	650	501	0.7707692307692308
GSM6339603	CAACTAATCAGGTTTA-1	3439	3915	1.138412329165455
GSM6339603	CAACTAATCGTTCACC-1	2141	2107	0.984119570294255
GSM6339603	CAACTAATCTCAATTC-1	541	641	1.1848428835489833
GSM6339603	CAACTAGGTACTTAGG-1	1296	1548	1.1944444444444444
GSM6339603	CAACTAGGTCACCAAA-1	27089	31339	1.1568902506552474
GSM6339603	CAACTAGGTGCATCGG-1	9076	8511	0.9377479065667695
GSM6339603	CAACTAGGTGTCCAGG-1	2702	3019	1.117320503330866
GSM6339603	CAACTAGGTTAGCCAA-1	474	455	0.959915611814346
GSM6339603	CAACTAGGTTGGATAT-1	755	846	1.1205298013245033
GSM6339603	CAAGAACCAACTAGGG-1	1732	2241	1.293879907621247
GSM6339603	CAAGAACCAGCTTACA-1	9543	8228	0.8622026616368018
GSM6339603	CAAGAACCAGGGAGGA-1	12501	12471	0.9976001919846412
GSM6339603	CAAGAACCAGTAGCCT-1	2526	2664	1.0546318289786223
GSM6339603	CAAGAACCATCAATCG-1	860	1008	1.172093023255814
GSM6339603	CAAGACAAGCACTAGT-1	1898	2351	1.2386722866174922
GSM6339603	CAAGACAAGCATGAAG-1	627	539	0.8596491228070176
GSM6339603	CAAGACAAGCGAGTAA-1	1197	1208	1.009189640768588
GSM6339603	CAAGACAAGCGGCTGT-1	1221	1458	1.194103194103194
GSM6339603	CAAGACAAGCTTATGA-1	18357	19729	1.074739881244212
GSM6339603	CAAGACAAGGCGAAAC-1	10275	9285	0.9036496350364963
GSM6339603	CAAGACAAGGCGTAAA-1	1639	1900	1.1592434411226358
GSM6339603	CAAGACAAGTAACCAC-1	7960	9526	1.1967336683417085
GSM6339603	CAAGACAAGTCATTAG-1	904	968	1.0707964601769913
GSM6339603	CAAGCTAGTAACTACG-1	24933	30231	1.2124894717843822
GSM6339603	CAAGCTAGTAGCAGCT-1	14241	14584	1.0240853872621305
GSM6339603	CAAGCTAGTTGCACAA-1	463	495	1.0691144708423326
GSM6339603	CAAGGCCTCAGGAAGC-1	9495	12308	1.2962611901000527
GSM6339603	CAAGGCCTCCCTTGCG-1	27935	31683	1.1341686056917846
GSM6339603	CAAGGCCTCGTCATTT-1	2367	2212	0.9345162653147444
GSM6339603	CAAGGCCTCTTAGCGG-1	821	824	1.0036540803897687
GSM6339603	CAAGGCTGTAGTTAAC-1	2123	2244	1.0569948186528497
GSM6339603	CAAGGCTGTATTACCC-1	7361	8045	1.092922157315582
GSM6339603	CAAGGCTGTTAACACG-1	3150	2736	0.8685714285714285
GSM6339603	CAAGGCTGTTAGGACC-1	3764	4436	1.1785334750265675
GSM6339603	CAAGGCTGTTGAGCCG-1	1186	1169	0.9856661045531198
GSM6339603	CAAGGGAGTAACCTAG-1	1356	1382	1.019174041297935
GSM6339603	CAAGGGAGTCACAAAT-1	1019	1128	1.1069676153091266
GSM6339603	CAAGGGAGTCCTTAGT-1	13588	14052	1.0341477774506918
GSM6339603	CAAGGGAGTGATGAGG-1	12671	15746	1.2426801357430353
GSM6339603	CAAGGGAGTGCATTAG-1	1943	2203	1.1338136901698403
GSM6339603	CAAGGGAGTGCTGGTG-1	42535	46246	1.0872457975784648
GSM6339603	CAAGGGAGTGTAATAC-1	11865	15333	1.2922882427307205
GSM6339603	CAAGGGAGTTAGCAGC-1	413	506	1.225181598062954
GSM6339603	CAAGGTAAGACTTATG-1	1690	1797	1.0633136094674556
GSM6339603	CAAGGTAAGCATTATG-1	17088	14891	0.8714302434456929
GSM6339603	CAAGGTAAGGACCAGG-1	803	641	0.7982565379825654
GSM6339603	CAAGGTAAGGAGCACG-1	906	958	1.0573951434878588
GSM6339603	CAAGGTAAGGCTAAGA-1	3480	3167	0.9100574712643679
GSM6339603	CAAGGTAAGGCTTAAC-1	22654	22295	0.9841529089785468
GSM6339603	CAAGGTTTCAATGTCA-1	1862	2044	1.0977443609022557
GSM6339603	CAAGGTTTCATTAGCA-1	6091	6081	0.998358233459202
GSM6339603	CAAGGTTTCCAAGTGT-1	2758	2876	1.0427846265409717
GSM6339603	CAAGGTTTCCAGCACA-1	457	560	1.225382932166302
GSM6339603	CAAGGTTTCCGCAACA-1	8531	6961	0.8159653030125424
GSM6339603	CAAGGTTTCCTAATGA-1	6750	7192	1.0654814814814815
GSM6339603	CAAGGTTTCGGCTATG-1	1189	1296	1.0899915895710681
GSM6339603	CAAGGTTTCTTGAGCG-1	1039	1482	1.426371511068335
GSM6339603	CAAGTAACAATGCGCT-1	6445	3645	0.5655546935608999
GSM6339603	CAAGTAACAGGCCTTG-1	905	882	0.974585635359116
GSM6339603	CAAGTAACATATAACC-1	17255	21502	1.2461315560707042
GSM6339603	CAAGTATGTCAGGAAG-1	14112	10462	0.7413548752834467
GSM6339603	CAAGTATGTCGTAATG-1	3135	3150	1.0047846889952152
GSM6339603	CAAGTATGTGATTTGG-1	2902	3051	1.0513439007580978
GSM6339603	CAAGTATGTGTCCAAA-1	931	985	1.0580021482277122
GSM6339603	CAAGTATGTTACGCAA-1	517	609	1.1779497098646035
GSM6339603	CAAGTATGTTCATTTG-1	1744	1935	1.1095183486238531
GSM6339603	CAAGTGAAGCCGCAGT-1	8772	8009	0.9130186958504332
GSM6339603	CAAGTGAAGGATTGAG-1	1692	1808	1.0685579196217494
GSM6339603	CAAGTGAAGGTCCGTA-1	13042	13645	1.046235239993866
GSM6339603	CAAGTGAAGTCACTAA-1	9043	9391	1.0384828043790777
GSM6339603	CAAGTTATCAAGCCTG-1	16885	23634	1.3997038791827066
GSM6339603	CAAGTTATCAGTATTG-1	9374	6760	0.7211435886494559
GSM6339603	CAAGTTATCCAAGTTA-1	3370	4022	1.1934718100890207
GSM6339603	CAAGTTATCTAACCTT-1	869	789	0.9079401611047181
GSM6339603	CAAGTTATCTATTGTC-1	1922	2169	1.1285119667013528
GSM6339603	CAATAAGCAAAGCTAA-1	22316	24492	1.097508514070622
GSM6339603	CAATAAGCAATAAGCA-1	14197	14438	1.0169754173416918
GSM6339603	CAATAAGCAATTAGGA-1	1505	1705	1.132890365448505
GSM6339603	CAATAAGCACAGGATG-1	19417	21495	1.1070196219807384
GSM6339603	CAATAAGCACGTAAGG-1	5159	4949	0.9592944369063772
GSM6339603	CAATAAGCACTAAGTT-1	16069	13430	0.835770738689402
GSM6339603	CAATAAGCAGTAAAGC-1	1584	1754	1.1073232323232323
GSM6339603	CAATAAGCAGTAAGTA-1	4582	3819	0.8334788302051506
GSM6339603	CAATAAGCAGTCTATG-1	816	747	0.9154411764705882
GSM6339603	CAATAAGCATAAGTCT-1	7863	9088	1.155792954343126
GSM6339603	CAATAGCTCACGAATC-1	11260	11673	1.0366785079928953
GSM6339603	CAATAGCTCATCCTAT-1	2409	2897	1.202573682025737
GSM6339603	CAATAGCTCATTCATC-1	14290	12051	0.8433170048985305
GSM6339603	CAATAGCTCCATTACT-1	467	531	1.1370449678800856
GSM6339603	CAATATGTCATCCTAT-1	2811	2880	1.024546424759872
GSM6339603	CAATATGTCATGACCG-1	906	832	0.9183222958057395
GSM6339603	CAATATGTCATGAGCT-1	3171	2398	0.7562283191422264
GSM6339603	CAATATGTCCGTTAAA-1	689	505	0.7329462989840348
GSM6339603	CAATATGTCGATAACC-1	961	1028	1.0697190426638918
GSM6339603	CAATATGTCGATCAGT-1	2351	2483	1.0561463207145896
GSM6339603	CAATATGTCTTGACCC-1	16844	18246	1.08323438613156
GSM6339603	CAATCCCTCAAGCTTA-1	2248	2567	1.1419039145907472
GSM6339603	CAATCCCTCAGCATTA-1	9917	9389	0.9467580921649692
GSM6339603	CAATCCCTCCCGAACA-1	14023	14363	1.0242458817656708
GSM6339603	CAATCCCTCGATATTG-1	8316	7326	0.8809523809523809
GSM6339603	CAATCCCTCGCAGGCT-1	37952	49392	1.3014333895446881
GSM6339603	CAATCCCTCGGCCAGT-1	1242	1410	1.1352657004830917
GSM6339603	CAATCCCTCGGTTTCC-1	2720	2507	0.9216911764705882
GSM6339603	CAATCCCTCTCAATAG-1	522	542	1.0383141762452108
GSM6339603	CAATCCCTCTGCAAAC-1	409	464	1.1344743276283618
GSM6339603	CAATCCTGTGATTTGG-1	859	729	0.8486612339930152
GSM6339603	CAATCCTGTTCGCGCT-1	3781	4467	1.1814334832055011
GSM6339603	CAATCGCCAAACATAG-1	8280	10388	1.2545893719806764
GSM6339603	CAATCGCCAATATAGG-1	9520	7893	0.8290966386554622
GSM6339603	CAATCGCCAGGCCAAA-1	2524	2579	1.0217908082408875
GSM6339603	CAATCGCCAGGCCTTG-1	34318	46643	1.3591409755813275
GSM6339603	CAATCGCCATGTTGTG-1	938	856	0.9125799573560768
GSM6339603	CAATCGCCATTAGCGC-1	618	711	1.1504854368932038
GSM6339603	CAATCTAAGATAGACG-1	462	494	1.0692640692640694
GSM6339603	CAATCTAAGCGTGCGT-1	2210	2472	1.118552036199095
GSM6339603	CAATCTAAGGCAGGTG-1	10150	7897	0.7780295566502463
GSM6339603	CAATCTAAGGTAAGGC-1	987	1054	1.0678824721377913
GSM6339603	CAATCTAAGTAAAGGT-1	4399	4937	1.1223005228461014
GSM6339603	CAATCTAAGTTTCCTG-1	7467	6570	0.8798714343109683
GSM6339603	CAATGAACAACTAACT-1	24458	29085	1.1891814539210075
GSM6339603	CAATGAACAATAACGA-1	708	691	0.9759887005649718
GSM6339603	CAATGAACACAAACTT-1	3388	3557	1.0498819362455727
GSM6339603	CAATGAACACAATTAC-1	25733	29001	1.1269964636847627
GSM6339603	CAATGAACACATTGCA-1	36656	40130	1.094773024879965
GSM6339603	CAATGAACACCAACCG-1	3213	3352	1.043261749144102
GSM6339603	CAATGAACAGCATTAT-1	16486	17258	1.046827611306563
GSM6339603	CAATGAACAGGACCTT-1	2512	2911	1.1588375796178343
GSM6339603	CAATGAACAGGCCATT-1	3664	4290	1.1708515283842795
GSM6339603	CAATGAACATATAACC-1	22824	26170	1.1466000701016474
GSM6339603	CAATGAACATCCAGGT-1	6855	8685	1.2669584245076586
GSM6339603	CAATGACTCAGCTAAC-1	923	997	1.0801733477789817
GSM6339603	CAATGACTCATCCTCA-1	2260	2279	1.0084070796460176
GSM6339603	CAATGACTCATGGTGT-1	18113	21796	1.2033346215425385
GSM6339603	CAATGACTCATTCATC-1	1170	1413	1.2076923076923076
GSM6339603	CAATGACTCCCTTGCG-1	32376	42494	1.3125154435384234
GSM6339603	CAATGACTCCGGTTGA-1	6545	7777	1.188235294117647
GSM6339603	CAATGACTCGACAAAG-1	33240	44457	1.3374548736462093
GSM6339603	CAATGCCCAACCCTAA-1	11051	10645	0.9632612433263958
GSM6339603	CAATGCCCAAGGACCA-1	3223	3368	1.0449891405522804
GSM6339603	CAATGCCCAGCATGGA-1	4063	4969	1.2229879399458528
GSM6339603	CAATGCCCAGCTTACA-1	4088	4288	1.0489236790606653
GSM6339603	CAATGCCCATAAGCAA-1	1593	1667	1.046453232893911
GSM6339603	CAATGCCCATGTCGCG-1	3262	2888	0.8853464132434089
GSM6339603	CAATGCCCATGTTGCA-1	1605	1817	1.1320872274143303
GSM6339603	CAATGCCCATTGTGTG-1	2488	2379	0.9561897106109325
GSM6339603	CAATGTCAGAATCGCT-1	23188	23876	1.0296705192340867
GSM6339603	CAATGTCAGCAAGATG-1	433	579	1.3371824480369514
GSM6339603	CAATGTCAGCGCAATT-1	2130	2325	1.091549295774648
GSM6339603	CAATGTCAGCGCATTG-1	2022	1787	0.8837784371909001
GSM6339603	CAATGTCAGCTATTAG-1	15709	11684	0.7437774524158126
GSM6339603	CAATGTCAGCTTTGGG-1	3734	3800	1.0176754151044456
GSM6339603	CAATGTCAGGATTTGC-1	756	793	1.0489417989417988
GSM6339603	CAATGTCAGGCATGTT-1	11261	12666	1.1247668945919544
GSM6339603	CAATGTCAGGGCTTAT-1	883	1009	1.142695356738392
GSM6339603	CAATGTCAGGTAGCTT-1	24881	35687	1.434307302761143
GSM6339603	CAATGTCAGGTCCTAG-1	7139	7351	1.029696035859364
GSM6339603	CAATGTCAGTAACTCA-1	1870	1840	0.983957219251337
GSM6339603	CAATGTGGTAGCCTAA-1	918	875	0.9531590413943355
GSM6339603	CAATGTGGTCACCAAA-1	6559	5623	0.8572953194084464
GSM6339603	CAATGTGGTGTCCAAA-1	17422	16737	0.9606818964527609
GSM6339603	CAATGTGGTTCGCGCT-1	983	837	0.8514750762970499
GSM6339603	CAATGTGGTTTATTCG-1	26214	30455	1.161783779659724
GSM6339603	CACAAGCGTAAGTCGC-1	9161	7601	0.8297129134373976
GSM6339603	CACAAGCGTCAAGTGC-1	523	493	0.9426386233269598
GSM6339603	CACAAGCGTGATGATT-1	15118	15610	1.0325439872999074
GSM6339603	CACAAGCGTGTCACGG-1	3724	4434	1.1906552094522018
GSM6339603	CACAAGCGTGTTGTGA-1	18394	16445	0.8940415352832445
GSM6339603	CACAAGCGTTGGCGTG-1	2470	2601	1.0530364372469636
GSM6339603	CACAATATCATGAAGG-1	6406	7197	1.1234779893849516
GSM6339603	CACAATATCATTGCGG-1	967	1153	1.1923474663908997
GSM6339603	CACAATATCGCCTAAG-1	2247	2703	1.2029372496662216
GSM6339603	CACAATATCGGTTAGT-1	1173	887	0.7561807331628303
GSM6339603	CACAATATCTAACCTT-1	22482	21818	0.9704652610977671
GSM6339603	CACAATATCTGCAAAC-1	24617	25734	1.0453751472559614
GSM6339603	CACAGGCTCCCTGTTA-1	1906	1847	0.9690451206715635
GSM6339603	CACAGGCTCCTCGATC-1	1101	1233	1.119891008174387
GSM6339603	CACAGGCTCTTGGACG-1	1014	960	0.9467455621301775
GSM6339603	CACAGGGAGACAAACG-1	38601	50402	1.3057174684593664
GSM6339603	CACAGGGAGACACTTA-1	1449	1659	1.144927536231884
GSM6339603	CACAGGGAGGATCACT-1	23896	26434	1.106210244392367
GSM6339603	CACAGGGAGTAACCAC-1	657	727	1.1065449010654491
GSM6339603	CACATAATCCAGGTCA-1	1867	2043	1.0942688805570433
GSM6339603	CACATAATCCTTAGGG-1	509	575	1.1296660117878192
GSM6339603	CACATAATCGGTTAGT-1	1913	2113	1.1045478306325143
GSM6339603	CACATACAGAGGATAT-1	2799	1564	0.5587709896391568
GSM6339603	CACATACAGCTAAGTC-1	26510	41507	1.5657110524330442
GSM6339603	CACATACAGGCTTAGT-1	961	1004	1.04474505723205
GSM6339603	CACATACAGGTGTCCA-1	1591	1500	0.9428032683846638
GSM6339603	CACATACAGTTATTCC-1	454	434	0.9559471365638766
GSM6339603	CACATTAAGCCGCAGT-1	3042	3778	1.2419460880999342
GSM6339603	CACATTAAGCTCAAAC-1	1715	1922	1.1206997084548105
GSM6339603	CACATTAAGCTCGCTT-1	24857	36250	1.4583417146075552
GSM6339603	CACATTAAGGACAACA-1	32948	33119	1.0051899963578972
GSM6339603	CACATTAAGGCTACTG-1	9634	10279	1.0669503840564667
GSM6339603	CACATTAAGTCACCTC-1	7445	7458	1.0017461383478845
GSM6339603	CACATTAAGTCAGTAC-1	3730	4148	1.1120643431635389
GSM6339603	CACCAACCAGTTTGTG-1	1213	1265	1.0428689200329762
GSM6339603	CACCAACCATATAACC-1	1244	1413	1.1358520900321543
GSM6339603	CACCAACCATGCATAT-1	1184	1420	1.1993243243243243
GSM6339603	CACCAACCATTAGGTT-1	1047	1054	1.0066857688634192
GSM6339603	CACCGGTAGAAAGGAA-1	1595	1592	0.9981191222570532
GSM6339603	CACCGGTAGCAACATC-1	15194	14282	0.9399763064367513
GSM6339603	CACCGGTAGCGGTTAT-1	31452	39717	1.262781381152232
GSM6339603	CACCGGTAGCTGGACC-1	23873	20505	0.858920118962845
GSM6339603	CACCGGTAGGACACTT-1	2497	2763	1.10652783340008
GSM6339603	CACCGGTAGGCCTTAG-1	2095	2459	1.1737470167064439
GSM6339603	CACCGGTAGGTGAAGC-1	10204	7504	0.7353978831830654
GSM6339603	CACCGGTAGTAACGAG-1	1213	1270	1.0469909315746084
GSM6339603	CACCGGTAGTCACCAG-1	1168	1227	1.0505136986301369
GSM6339603	CACCGGTAGTGAACAG-1	869	911	1.048331415420023
GSM6339603	CACCTCAGTACCGTTT-1	1131	1024	0.905393457117595
GSM6339603	CACCTCAGTAGGTTAT-1	11385	8921	0.7835748792270532
GSM6339603	CACCTCAGTCCTTCAG-1	737	762	1.033921302578019
GSM6339603	CACCTCAGTGGTGAGA-1	3688	3806	1.0319956616052062
GSM6339603	CACCTCAGTTCGCGCT-1	1321	1156	0.8750946252838758
GSM6339603	CACCTCAGTTGCTTCG-1	438	458	1.0456621004566211
GSM6339603	CACCTCAGTTTCAGGA-1	21277	21430	1.007190863373596
GSM6339603	CACCTGTTCATCCTCA-1	22727	22631	0.9957759493113917
GSM6339603	CACCTGTTCCTAAGGT-1	2221	2418	1.0886987843313822
GSM6339603	CACGCAATCAGCTAAC-1	1006	1000	0.9940357852882704
GSM6339603	CACGCAATCCAACTGG-1	16412	16036	0.9770899341944919
GSM6339603	CACGCAATCCGTTAAA-1	5119	5901	1.1527642117601093
GSM6339603	CACGCAATCGTACCGA-1	2773	3365	1.2134871979805264
GSM6339603	CACGCAATCTCCTCTT-1	15707	11723	0.7463551282867511
GSM6339603	CACGCAATCTGTGCCT-1	603	754	1.2504145936981759
GSM6339603	CACGCTAAGATACTTG-1	1751	1239	0.7075956596230726
GSM6339603	CACGCTAAGCAAGATG-1	1970	2265	1.149746192893401
GSM6339603	CACGCTAAGCATGGTT-1	1513	1682	1.1116986120290813
GSM6339603	CACGCTAAGGTTACAC-1	16765	16678	0.9948106173575902
GSM6339603	CACGCTAAGTAACCAC-1	1131	1228	1.085764809902741
GSM6339603	CACGCTAAGTCAATTG-1	632	661	1.0458860759493671
GSM6339603	CACGCTAAGTGCTGTG-1	1062	898	0.8455743879472694
GSM6339603	CACGCTAAGTTGTCCC-1	10940	13759	1.2576782449725776
GSM6339603	CACGCTAAGTTTCCGC-1	2447	2852	1.1655087862689006
GSM6339603	CACTAAGGTATACTGG-1	1329	1234	0.928517682468021
GSM6339603	CACTAAGGTTAACGGC-1	1345	1395	1.037174721189591
GSM6339603	CACTAAGGTTAGGCGT-1	1125	1296	1.152
GSM6339603	CACTAAGGTTCTTTAG-1	544	517	0.9503676470588235
GSM6339603	CACTAAGGTTGCCTCA-1	18965	23542	1.2413393092538887
GSM6339603	CACTAAGGTTGGCCGA-1	9993	8045	0.8050635444811368
GSM6339603	CACTAGCCAACCCTAA-1	597	648	1.085427135678392
GSM6339603	CACTAGCCAATCGCAC-1	3518	4038	1.1478112563956793
GSM6339603	CACTAGCCAATCTCTC-1	398	502	1.2613065326633166
GSM6339603	CACTAGCCAGAACCGA-1	3220	4265	1.3245341614906831
GSM6339603	CACTAGCCAGCCGCTA-1	21973	29483	1.3417830974377645
GSM6339603	CACTAGCCATGAAGTA-1	3910	3729	0.9537084398976982
GSM6339603	CACTGACCAAAGCTCC-1	4214	5336	1.2662553393450404
GSM6339603	CACTGACCAAGCCACT-1	771	987	1.2801556420233462
GSM6339603	CACTGACCAGATAGAC-1	25203	25584	1.015117247946673
GSM6339603	CACTGACCATAACGGG-1	2012	1826	0.9075546719681908
GSM6339603	CACTGACCATCAGCAC-1	770	786	1.0207792207792208
GSM6339603	CACTGACCATTGCGGT-1	4099	4425	1.0795315930714808
GSM6339603	CACTTAAAGATGGACA-1	24782	25665	1.0356306997013962
GSM6339603	CACTTTGTCAAACACC-1	5685	7407	1.3029023746701847
GSM6339603	CACTTTGTCCCTCACG-1	41204	46621	1.1314678186583826
GSM6339603	CACTTTGTCCTTAAGA-1	35612	42577	1.1955801415253284
GSM6339603	CACTTTGTCTCAATGA-1	1487	1746	1.1741761936785473
GSM6339603	CACTTTGTCTCCATGC-1	1497	1791	1.1963927855711423
GSM6339603	CAGAACCGTGCGCATG-1	1638	1794	1.0952380952380953
GSM6339603	CAGAACCGTTAAGCGC-1	827	879	1.0628778718258767
GSM6339603	CAGAACCGTTGAAGCC-1	2417	2627	1.0868845676458418
GSM6339603	CAGAATCTCAACCAAC-1	754	787	1.0437665782493368
GSM6339603	CAGAATCTCAAGCCTG-1	6762	6512	0.9630286897367643
GSM6339603	CAGAATCTCGGCCAGT-1	1425	1741	1.2217543859649123
GSM6339603	CAGATTCAGCATGCAT-1	11157	7134	0.6394191987093305
GSM6339603	CAGATTCAGCCTGACA-1	27748	32187	1.1599754937292779
GSM6339603	CAGATTCAGCGATAGA-1	917	1048	1.1428571428571428
GSM6339603	CAGATTCAGCGCCTTT-1	1802	1711	0.9495005549389567
GSM6339603	CAGATTCAGGCATTGT-1	1341	1522	1.134973900074571
GSM6339603	CAGATTCAGGGTGAGT-1	503	661	1.3141153081510935
GSM6339603	CAGCAAGCAAAGCTAA-1	7707	5533	0.7179187751394835
GSM6339603	CAGCAAGCAAGCTACC-1	27286	35579	1.3039287546727258
GSM6339603	CAGCAAGCAAGCTTAT-1	30227	28223	0.9337016574585635
GSM6339603	CAGCAAGCAATAGCCC-1	9938	7724	0.7772187562889917
GSM6339603	CAGCAAGCAATTATGC-1	1610	1876	1.1652173913043478
GSM6339603	CAGCAAGCACTAAGAA-1	10118	10341	1.0220399288396917
GSM6339603	CAGCAAGCAGGCTTCG-1	3167	3731	1.178086517208715
GSM6339603	CAGCAAGCATAGCTGC-1	12706	12687	0.9985046434755234
GSM6339603	CAGCAAGCATGAGTTT-1	21816	21047	0.9647506417308398
GSM6339603	CAGCATGTCATGCGTG-1	30304	41834	1.3804778247096092
GSM6339603	CAGCATGTCATTAGGC-1	1261	1611	1.2775574940523393
GSM6339603	CAGCATGTCCATTACT-1	1486	1737	1.1689098250336474
GSM6339603	CAGCATGTCCTAGTTT-1	16516	15430	0.934245580043594
GSM6339603	CAGCATGTCGGTCAGC-1	6975	4739	0.6794265232974911
GSM6339603	CAGCATGTCGTTCACC-1	5633	5904	1.0481093555831706
GSM6339603	CAGCATGTCTTGCAGG-1	4039	4369	1.0817033919286951
GSM6339603	CAGCATGTCTTGCTAT-1	3395	3567	1.0506627393225332
GSM6339603	CAGCATTAGCCTGGTA-1	2133	2473	1.1593999062353493
GSM6339603	CAGCATTAGCGATAAG-1	4774	4752	0.9953917050691244
GSM6339603	CAGCATTAGCTGCACA-1	2411	2565	1.0638739112401494
GSM6339603	CAGCATTAGGACCTGC-1	1096	1308	1.1934306569343065
GSM6339603	CAGCATTAGGTTTGCG-1	1742	2348	1.3478760045924225
GSM6339603	CAGCATTAGTTAGGCT-1	2305	2423	1.0511930585683298
GSM6339603	CAGCCAATCCCTCACG-1	15217	12642	0.830781362949333
GSM6339603	CAGCCAATCCTCATGC-1	1886	2162	1.146341463414634
GSM6339603	CAGCCAATCGGCCAGT-1	26045	33525	1.2871952390094068
GSM6339603	CAGCCAATCTAAGGAG-1	1830	2128	1.1628415300546449
GSM6339603	CAGCCTAAGAGAAGGG-1	10763	7580	0.7042646102387811
GSM6339603	CAGCCTAAGAGCCGCT-1	1550	1661	1.0716129032258064
GSM6339603	CAGCCTAAGAGGAGTC-1	2488	2537	1.019694533762058
GSM6339603	CAGCCTAAGCATCCAG-1	21019	23785	1.1315952233693325
GSM6339603	CAGCCTAAGCCTTAAA-1	13269	12026	0.9063230085160902
GSM6339603	CAGCCTAAGGTGCTGC-1	1687	1706	1.011262596324837
GSM6339603	CAGCCTTTCATTGCGG-1	9301	5912	0.6356305773572735
GSM6339603	CAGCCTTTCCACCCTG-1	3181	2689	0.8453316567117258
GSM6339603	CAGCCTTTCGCGACAC-1	11044	12815	1.1603585657370519
GSM6339603	CAGCCTTTCGGTTACG-1	558	685	1.2275985663082438
GSM6339603	CAGCTAAGTAGGATTT-1	4023	4284	1.0648769574944073
GSM6339603	CAGCTAAGTAGGTTAT-1	31897	39316	1.2325924068094178
GSM6339603	CAGCTAAGTCAAAGAA-1	23487	23779	1.012432409417976
GSM6339603	CAGCTAAGTCCGTGAG-1	2157	2641	1.2243857209086695
GSM6339603	CAGCTAAGTGCTGGTG-1	1041	1008	0.968299711815562
GSM6339603	CAGCTAAGTGTGCACG-1	4219	4420	1.0476416212372601
GSM6339603	CAGCTAAGTTAGCTGA-1	1698	1945	1.1454652532391048
GSM6339603	CAGCTAAGTTAGTGAT-1	2177	2203	1.0119430408819476
GSM6339603	CAGCTATAGACTCGCA-1	1752	2471	1.4103881278538812
GSM6339603	CAGCTATAGAGAGGCT-1	12315	18059	1.4664230613073488
GSM6339603	CAGCTATAGCAAGGTA-1	7749	5848	0.7546780229707059
GSM6339603	CAGCTATAGCACAGCC-1	461	494	1.0715835140997831
GSM6339603	CAGCTATAGCGGATAA-1	4547	2551	0.5610292500549813
GSM6339603	CAGCTATAGGGTGGAT-1	4696	2910	0.6196763202725724
GSM6339603	CAGCTCAAGATGCCTG-1	3665	4168	1.1372442019099591
GSM6339603	CAGCTCAAGCATCCAG-1	3819	3874	1.0144016758313694
GSM6339603	CAGCTCAAGCATTTCT-1	1896	2152	1.1350210970464134
GSM6339603	CAGCTCAAGGCATGAA-1	857	1003	1.1703617269544924
GSM6339603	CAGCTCAAGGTTTGAC-1	1521	1758	1.155818540433925
GSM6339603	CAGCTCAAGTAGCTTA-1	2357	2244	0.9520577004666949
GSM6339603	CAGCTCAAGTCTTGAA-1	1942	1993	1.026261585993821
GSM6339603	CAGCTCAAGTTTGAGC-1	7959	6586	0.827490890815429
GSM6339603	CAGGAAGGTACCGAAC-1	5093	6437	1.263891615943452
GSM6339603	CAGGAAGGTCAATGTG-1	2736	2240	0.8187134502923976
GSM6339603	CAGGAAGGTCATGCAA-1	1069	1146	1.0720299345182414
GSM6339603	CAGGAAGGTGGGAACA-1	738	807	1.0934959349593496
GSM6339603	CAGGAAGGTGTTGCAA-1	934	941	1.0074946466809422
GSM6339603	CAGGAAGGTTAGAGCC-1	1282	989	0.7714508580343213
GSM6339603	CAGGAAGGTTTGGGCG-1	15139	13562	0.8958319571966444
GSM6339603	CAGGACACAAACTGTT-1	41343	51699	1.2504898048037152
GSM6339603	CAGGACACACGAACAG-1	9015	5777	0.6408208541320022
GSM6339603	CAGGACACACGAATCC-1	5398	6020	1.1152278621711744
GSM6339603	CAGGACACAGAGGGAG-1	4355	4777	1.0969001148105626
GSM6339603	CAGGACACATACCCGG-1	1409	1571	1.1149751596877218
GSM6339603	CAGGACACATGCATAT-1	486	554	1.139917695473251
GSM6339603	CAGGACCTCAATGACC-1	982	1113	1.1334012219959266
GSM6339603	CAGGACCTCGGGACCT-1	993	1185	1.1933534743202416
GSM6339603	CAGGACCTCTAAGTGC-1	5045	6053	1.1998017839444994
GSM6339603	CAGGATGCAAAGCTAA-1	795	1034	1.30062893081761
GSM6339603	CAGGATGCAACAGCCT-1	1115	950	0.852017937219731
GSM6339603	CAGGATGCAACCGCCA-1	1886	2293	1.2158006362672322
GSM6339603	CAGGATGCAATAGCCC-1	1751	2016	1.151342090234152
GSM6339603	CAGGATGCAATTTAGC-1	1501	1402	0.9340439706862091
GSM6339603	CAGGATGCACAATGTT-1	2190	1573	0.7182648401826484
GSM6339603	CAGGATGCACAGGAAT-1	1776	2164	1.2184684684684686
GSM6339603	CAGGATGCAGGTTACC-1	1900	2213	1.164736842105263
GSM6339603	CAGGCTATCAGGTTTA-1	619	652	1.0533117932148628
GSM6339603	CAGGCTATCATAACTG-1	2486	2526	1.0160901045856798
GSM6339603	CAGGCTATCCCGTTAC-1	1256	1326	1.055732484076433
GSM6339603	CAGGCTATCCGCACAA-1	3474	3928	1.130685089234312
GSM6339603	CAGGCTATCTTAGCCC-1	34773	51773	1.4888850544963046
GSM6339603	CAGGCTATCTTAGTCT-1	1915	1916	1.0005221932114883
GSM6339603	CAGGCTATCTTTGAGA-1	4641	5522	1.1898297780650722
GSM6339603	CAGGCTGGTAGTTAAC-1	9259	10649	1.1501242034776973
GSM6339603	CAGGGCTTCAATTACG-1	728	610	0.8379120879120879
GSM6339603	CAGGGCTTCCCTGTTA-1	4027	4610	1.1447727837099577
GSM6339603	CAGGGCTTCCTGATTT-1	2589	2936	1.134028582464272
GSM6339603	CAGGGCTTCCTTGAGG-1	2484	2220	0.893719806763285
GSM6339603	CAGGGCTTCGGGACCT-1	3630	4040	1.1129476584022038
GSM6339603	CAGGGCTTCGGTCAGC-1	14342	15169	1.0576628085343747
GSM6339603	CAGGGCTTCTCACATT-1	2836	2822	0.9950634696755994
GSM6339603	CAGGGTGAGACTCGCA-1	1755	2102	1.1977207977207978
GSM6339603	CAGGGTGAGCCAGTAT-1	1993	2132	1.0697441043652784
GSM6339603	CAGGGTGAGCTACTGG-1	2791	3598	1.2891436761017556
GSM6339603	CAGGGTGAGGATTGCT-1	1661	1768	1.0644190246839254
GSM6339603	CAGGGTGAGGCATTGT-1	25098	31695	1.262849629452546
GSM6339603	CAGGGTGAGGGATGCG-1	9155	10418	1.1379574003276898
GSM6339603	CAGGGTGAGGTCCTAG-1	18419	17919	0.9728541180302948
GSM6339603	CAGGGTGAGTCACCTC-1	624	627	1.0048076923076923
GSM6339603	CAGGTCCAGCAGGTGG-1	2972	3293	1.1080080753701211
GSM6339603	CAGGTCCAGCGCCTAA-1	2650	3166	1.1947169811320755
GSM6339603	CAGGTCCAGCGCTCAA-1	24492	48237	1.969500244977952
GSM6339603	CAGGTCCAGCTATTGA-1	882	980	1.1111111111111112
GSM6339603	CAGGTCCAGCTGTCAG-1	2422	2878	1.1882741535920727
GSM6339603	CAGGTCCAGCTTTGGG-1	10327	11772	1.1399244698363513
GSM6339603	CAGGTCCAGGCCTAAT-1	14436	10421	0.7218758658908285
GSM6339603	CAGGTCCAGGGACGCA-1	26650	30657	1.1503564727954971
GSM6339603	CAGGTGGAGACAACGA-1	5341	5132	0.9608687511701929
GSM6339603	CAGGTGGAGCCGCTAA-1	14095	13268	0.9413267115998581
GSM6339603	CAGGTGGAGCGATAAG-1	31174	41029	1.3161288253031371
GSM6339603	CAGGTGGAGCGCTCAA-1	3492	3896	1.1156930126002291
GSM6339603	CAGGTGGAGGAGTCGG-1	665	609	0.9157894736842105
GSM6339603	CAGGTGGAGGTTTGCG-1	5821	7070	1.2145679436522934
GSM6339603	CAGGTGGAGTCATTTC-1	34120	41107	1.2047772567409145
GSM6339603	CAGGTGGAGTTTAACG-1	21528	21975	1.0207636566332219
GSM6339603	CAGGTGGAGTTTGGGT-1	1968	3005	1.526930894308943
GSM6339603	CAGGTTAGTCAATGTG-1	1340	1588	1.1850746268656716
GSM6339603	CAGGTTAGTGGAGCAA-1	676	722	1.0680473372781065
GSM6339603	CAGGTTAGTTATCGAG-1	14634	15049	1.0283586169195025
GSM6339603	CAGGTTAGTTGAGCCG-1	877	924	1.0535917901938427
GSM6339603	CAGGTTTAGCTAGAAG-1	621	706	1.1368760064412238
GSM6339603	CAGGTTTAGCTGGCTA-1	19367	16145	0.8336345329684515
GSM6339603	CAGGTTTAGGACCGCT-1	2444	2584	1.0572831423895255
GSM6339603	CAGGTTTAGTCCTGAG-1	1035	2551	2.464734299516908
GSM6339603	CAGGTTTAGTCGCAAT-1	1099	1325	1.2056414922656962
GSM6339603	CAGGTTTAGTGACCTG-1	541	608	1.1238447319778189
GSM6339603	CAGTACCCAAACTAAG-1	2772	3249	1.172077922077922
GSM6339603	CAGTACCCAACACTTG-1	28070	31133	1.1091200570003563
GSM6339603	CAGTACCCAAGCGAGC-1	19326	19738	1.0213184311290489
GSM6339603	CAGTACCCAAGGTGGC-1	1797	2175	1.2103505843071787
GSM6339603	CAGTACCCACCTCAGG-1	1463	1491	1.0191387559808613
GSM6339603	CAGTACCCATAAGTTC-1	10760	10830	1.0065055762081785
GSM6339603	CAGTACCCATTGTCAG-1	13595	10009	0.7362265538801029
GSM6339603	CAGTATGGTATTCGCT-1	564	551	0.9769503546099291
GSM6339603	CAGTATGGTCATGCAA-1	30834	44128	1.4311474346500617
GSM6339603	CAGTATGGTCTTGCTG-1	2128	2846	1.337406015037594
GSM6339603	CAGTATGGTGATGAGG-1	621	606	0.9758454106280193
GSM6339603	CAGTATGGTGGAGCAA-1	1151	1180	1.0251954821894005
GSM6339603	CAGTATGGTGGATTAT-1	25199	33440	1.3270367871740942
GSM6339603	CAGTATGGTGTAACCA-1	2961	1526	0.5153664302600472
GSM6339603	CAGTATGGTTACCTGT-1	2014	2251	1.1176762661370407
GSM6339603	CAGTATGGTTGAAGCC-1	2669	2389	0.8950917946796553
GSM6339603	CATAACGGTACGCGCA-1	2404	2546	1.0590682196339434
GSM6339603	CATAACGGTAGGTGTC-1	1265	1316	1.0403162055335968
GSM6339603	CATAACGGTGCTTACT-1	939	1087	1.1576144834930777
GSM6339603	CATAACGGTGGATTAT-1	13458	11666	0.8668449992569476
GSM6339603	CATAACGGTGGTTCCC-1	504	791	1.5694444444444444
GSM6339603	CATAACGGTTATCCTA-1	456	280	0.6140350877192983
GSM6339603	CATAAGCTCAGAAACG-1	2057	2438	1.185221195916383
GSM6339603	CATAAGCTCATGCATA-1	9974	8578	0.8600360938439944
GSM6339603	CATAAGCTCCCATAAA-1	1952	2090	1.0706967213114753
GSM6339603	CATAAGCTCCCTCATA-1	445	659	1.4808988764044944
GSM6339603	CATAAGCTCCTCATCA-1	999	978	0.978978978978979
GSM6339603	CATAAGCTCGAAGTGA-1	15332	16093	1.0496347508478998
GSM6339603	CATAATCCAATGAGGT-1	3455	3807	1.1018813314037628
GSM6339603	CATAATCCAGCAAGAT-1	28129	38735	1.3770485975327953
GSM6339603	CATAATCCAGTTAGCC-1	22234	28298	1.272735450211388
GSM6339603	CATAATCCATCCCTCA-1	7217	8840	1.2248856865733684
GSM6339603	CATAATCCATGATTGT-1	640	751	1.1734375
GSM6339603	CATAATGTCAAGACTC-1	10798	14502	1.343026486386368
GSM6339603	CATAATGTCACCAATA-1	3294	3897	1.1830601092896176
GSM6339603	CATAATGTCAGGAACA-1	814	906	1.113022113022113
GSM6339603	CATAATGTCATTTGCT-1	704	826	1.1732954545454546
GSM6339603	CATAATGTCCGGCTAA-1	626	730	1.1661341853035143
GSM6339603	CATAATGTCGGCCAGT-1	8586	7715	0.8985557884928954
GSM6339603	CATAATGTCGGGCCAT-1	2097	2460	1.17310443490701
GSM6339603	CATAATGTCGGTACGC-1	868	1077	1.2407834101382489
GSM6339603	CATAATGTCGTTAGTA-1	2572	3279	1.2748833592534992
GSM6339603	CATAATGTCTTGCTAT-1	15029	15306	1.0184310333355513
GSM6339603	CATAGACTCCCGCATT-1	659	798	1.2109256449165402
GSM6339603	CATAGACTCGGTTTGG-1	1881	1776	0.9441786283891547
GSM6339603	CATAGACTCTTCAATC-1	12204	9676	0.7928548017043592
GSM6339603	CATAGACTCTTGTCTG-1	778	844	1.0848329048843188
GSM6339603	CATAGCTAGCATGGTT-1	979	1120	1.1440245148110317
GSM6339603	CATAGCTAGCCTGACA-1	792	862	1.0883838383838385
GSM6339603	CATAGCTAGCCTGTTC-1	1329	1216	0.9149736644093304
GSM6339603	CATAGCTAGGCAAGTA-1	2409	2645	1.0979659609796597
GSM6339603	CATAGCTAGGCCAATT-1	6688	5326	0.7963516746411483
GSM6339603	CATAGCTAGGGTCTAT-1	4201	4678	1.113544394191859
GSM6339603	CATAGCTAGGGTGAGT-1	919	1181	1.2850924918389555
GSM6339603	CATAGCTAGGTAGCTT-1	3465	4011	1.1575757575757575
GSM6339603	CATAGCTAGGTGCGGA-1	2723	3014	1.1068674256334925
GSM6339603	CATAGGCGTCACAGAC-1	2650	3334	1.2581132075471697
GSM6339603	CATAGGCGTCACCAAA-1	2736	3458	1.2638888888888888
GSM6339603	CATAGGCGTGAGCACT-1	666	645	0.9684684684684685
GSM6339603	CATAGGCGTGATGAGG-1	7031	7859	1.1177641871710995
GSM6339603	CATAGGCGTGTCCAAA-1	1918	1995	1.0401459854014599
GSM6339603	CATAGGTTCACACAGT-1	3359	3220	0.9586186364989581
GSM6339603	CATAGGTTCCCTCATA-1	1215	1304	1.0732510288065844
GSM6339603	CATAGGTTCCCTGGAA-1	1118	1341	1.1994633273703041
GSM6339603	CATAGTCAGACAGGCG-1	1741	1858	1.0672027570361862
GSM6339603	CATAGTCAGCCTGTGA-1	7951	6075	0.7640548358697019
GSM6339603	CATAGTCAGGGACGCA-1	4175	3979	0.9530538922155689
GSM6339603	CATAGTCAGGTCCGTA-1	6557	7652	1.1669971023333843
GSM6339603	CATAGTCAGGTTTGAC-1	1704	1821	1.068661971830986
GSM6339603	CATAGTCAGTCATGCG-1	9120	10408	1.1412280701754387
GSM6339603	CATATCGCACCTCAGG-1	2108	2254	1.069259962049336
GSM6339603	CATATCGCATAACGGG-1	14694	14916	1.0151082074316047
GSM6339603	CATATCGCATAAGCAA-1	1509	1693	1.1219350563286945
GSM6339603	CATCAATCAACAGCCT-1	781	609	0.7797695262483995
GSM6339603	CATCAATCAAGGATTA-1	2318	2639	1.138481449525453
GSM6339603	CATCAATCACAAAGCG-1	17452	20456	1.1721292688517075
GSM6339603	CATCAATCACAAAGGT-1	18503	21454	1.1594876506512457
GSM6339603	CATCAATCAGCTACGT-1	1624	1629	1.0030788177339902
GSM6339603	CATCAATCAGCTTACA-1	5212	5558	1.0663852647735994
GSM6339603	CATCACACAAAGGTAC-1	11352	11579	1.0199964763918252
GSM6339603	CATCACACAATTGACT-1	1717	1906	1.1100757134536983
GSM6339603	CATCACACACAACAGG-1	25333	36241	1.4305846129554336
GSM6339603	CATCACACAGCAACAG-1	1181	1176	0.995766299745978
GSM6339603	CATCACACAGGTATTT-1	1262	1378	1.0919175911251982
GSM6339603	CATCAGCCAAGGTGGC-1	1545	1619	1.04789644012945
GSM6339603	CATCAGCCACCTGCTC-1	2786	2274	0.8162239770279971
GSM6339603	CATCAGCCAGCAAGTG-1	843	865	1.026097271648873
GSM6339603	CATCAGCCAGGACCTT-1	1349	1677	1.2431430689399556
GSM6339603	CATCAGCCATTGCGGT-1	3753	2778	0.7402078337330136
GSM6339603	CATCATAAGAAAGCAT-1	7005	7158	1.0218415417558886
GSM6339603	CATCATAAGCATCCAG-1	2613	2814	1.0769230769230769
GSM6339603	CATCATAAGCTCAAAC-1	2269	2443	1.0766857646540327
GSM6339603	CATCATAAGCTTACTT-1	2283	2543	1.1138852387209812
GSM6339603	CATCATAAGGAGGTTA-1	1525	1361	0.8924590163934426
GSM6339603	CATCATAAGGCCATCA-1	38884	51662	1.3286184548914721
GSM6339603	CATCATAAGTCATTTC-1	1569	1770	1.1281070745697896
GSM6339603	CATCATGCAAAGGTAC-1	16774	13803	0.8228806486228687
GSM6339603	CATCATGCAGCAAGGC-1	14063	14680	1.043873995591268
GSM6339603	CATCATGCAGTAGGAT-1	3398	2540	0.7474985285462037
GSM6339603	CATCATGCAGTTTCTC-1	23174	30610	1.3208768447397945
GSM6339603	CATCATGCATCATGGC-1	7875	8872	1.1266031746031746
GSM6339603	CATCCCAGTTAAATGC-1	8484	8633	1.0175624705327675
GSM6339603	CATCCCAGTTTCCTCC-1	2689	3323	1.2357753811825958
GSM6339603	CATCCTCAGAGAGCCG-1	4212	4652	1.104463437796771
GSM6339603	CATCCTCAGGGCCACT-1	15661	22470	1.4347742800587446
GSM6339603	CATCCTCAGGTCAAAG-1	11238	10835	0.9641395266061576
GSM6339603	CATCCTCAGGTCGAGG-1	2924	3226	1.10328317373461
GSM6339603	CATCCTCAGTAGGCGG-1	1536	1509	0.982421875
GSM6339603	CATCCTCAGTTTGAGC-1	6031	6475	1.0736196319018405
GSM6339603	CATCCTGGTAATTAGC-1	653	681	1.0428790199081164
GSM6339603	CATCCTGGTCACACCC-1	1995	2168	1.0867167919799499
GSM6339603	CATCCTGGTCGCAAAC-1	1590	1731	1.088679245283019
GSM6339603	CATCCTGGTCGCGCAA-1	2139	2267	1.0598410472183264
GSM6339603	CATCCTGGTGTTTGCT-1	524	505	0.9637404580152672
GSM6339603	CATCCTGGTTACAAAC-1	504	576	1.1428571428571428
GSM6339603	CATCCTTCACCCACAG-1	525	520	0.9904761904761905
GSM6339603	CATCGCTTCACAGGAA-1	1370	1392	1.0160583941605839
GSM6339603	CATCGCTTCAGGAAGC-1	28722	40436	1.407840679618411
GSM6339603	CATCGCTTCCAGGTCA-1	28641	37660	1.3148982228274153
GSM6339603	CATCGCTTCCGCATGA-1	1441	1596	1.1075641915336571
GSM6339603	CATCGCTTCCGGAACC-1	1056	1074	1.0170454545454546
GSM6339603	CATCGCTTCGATTTAG-1	20344	22123	1.0874459300039323
GSM6339603	CATCGCTTCGGGACCT-1	27893	36575	1.3112608898289893
GSM6339603	CATCGCTTCGTTCACC-1	20048	21859	1.0903332003192339
GSM6339603	CATCGCTTCTCGCCTG-1	31257	43991	1.4073967431295389
GSM6339603	CATGAGGCAAACAACA-1	7941	7408	0.9328799899257021
GSM6339603	CATGAGGCAACCCTCC-1	4536	4514	0.9951499118165785
GSM6339603	CATGAGGCACCTGGTG-1	28143	33130	1.177202146181999
GSM6339603	CATGAGGCAGCATGTC-1	21008	26774	1.2744668697638994
GSM6339603	CATGAGGCAGGCGATA-1	1252	1554	1.2412140575079873
GSM6339603	CATGAGGCATGTTGCA-1	11066	10134	0.915778058919212
GSM6339603	CATGCAAGTAACGGGA-1	4852	5198	1.0713107996702391
GSM6339603	CATGCAAGTCAGTAAT-1	3789	3821	1.008445500131961
GSM6339603	CATGCAAGTTAAGCGC-1	23006	25170	1.0940624184995218
GSM6339603	CATGCAAGTTAATGCG-1	6269	6888	1.0987398309140213
GSM6339603	CATGCAAGTTCACCAT-1	649	696	1.0724191063174113
GSM6339603	CATGCAAGTTGACTTC-1	507	561	1.106508875739645
GSM6339603	CATGCATAGAGCCGCT-1	3876	4128	1.065015479876161
GSM6339603	CATGCATAGCACAGGG-1	13551	11800	0.8707844439524758
GSM6339603	CATGCATAGCTAATCA-1	12014	5286	0.4399866822040952
GSM6339603	CATGCATAGCTTGCTC-1	5044	5209	1.0327121332275973
GSM6339603	CATGCATAGGCCAATT-1	22661	23855	1.052689642998985
GSM6339603	CATGCATAGGCTAGAA-1	29143	37156	1.2749545345365954
GSM6339603	CATGCATAGGTGCTGC-1	10301	10605	1.0295116978934085
GSM6339603	CATGCATAGTTATTCC-1	1056	1028	0.9734848484848485
GSM6339603	CATGCGCAGGAGCATA-1	1062	887	0.835216572504708
GSM6339603	CATGCGCAGGCTATGT-1	5157	4428	0.8586387434554974
GSM6339603	CATGCGGGTCAGGCCA-1	706	848	1.2011331444759208
GSM6339603	CATGCGGGTGCTAGAC-1	931	958	1.029001074113856
GSM6339603	CATGCGGGTGCTTAGA-1	23061	22508	0.9760201205498461
GSM6339603	CATGCGGGTGTAACCA-1	28397	32098	1.1303306687326127
GSM6339603	CATGCGGGTTACTAGG-1	1139	1305	1.1457418788410887
GSM6339603	CATGCGGGTTCCGGGA-1	1442	1440	0.9986130374479889
GSM6339603	CATGCGGGTTTAGTCC-1	39655	41662	1.0506115243979322
GSM6339603	CATGGATTCCTAATGA-1	633	687	1.085308056872038
GSM6339603	CATGGATTCCTTAAGA-1	31829	44393	1.3947343617455779
GSM6339603	CATGGATTCGTTTCGC-1	34555	44657	1.2923455361018665
GSM6339603	CATGGATTCTAGCTAA-1	1607	1948	1.2121966397013069
GSM6339603	CATGGCGGTCATGCAA-1	2160	2250	1.0416666666666667
GSM6339603	CATGGCGGTGCTAGCG-1	12089	14028	1.1603937463810075
GSM6339603	CATGGCGGTTCAAGAT-1	22791	24931	1.0938967136150235
GSM6339603	CATTATCTCGACAAAG-1	2272	2410	1.0607394366197183
GSM6339603	CATTATCTCTAAATCG-1	1492	1596	1.0697050938337802
GSM6339603	CATTATCTCTTGCAAA-1	19621	36039	1.8367565363640996
GSM6339603	CATTATGAGAAAGCAT-1	4340	4902	1.1294930875576037
GSM6339603	CATTATGAGCAATAGG-1	535	567	1.0598130841121496
GSM6339603	CATTATGAGGAAGCTA-1	12050	7753	0.643402489626556
GSM6339603	CATTATGAGGAGGGTT-1	9609	10813	1.1252991986679155
GSM6339603	CATTATGAGGAGTCGG-1	1959	1167	0.5957120980091883
GSM6339603	CATTATGAGGGACGCA-1	5190	5014	0.9660886319845857
GSM6339603	CATTATGAGTCCTTCA-1	863	807	0.9351100811123986
GSM6339603	CATTCATTCAGGTTTA-1	1630	1771	1.0865030674846625
GSM6339603	CATTCATTCCATAAGC-1	1992	2183	1.0958835341365463
GSM6339603	CATTCATTCCTAGTAA-1	1097	902	0.8222424794895169
GSM6339603	CATTCATTCCTTAGTT-1	1771	1738	0.9813664596273292
GSM6339603	CATTCATTCGATTTAG-1	11025	9891	0.8971428571428571
GSM6339603	CATTCATTCTATTGTC-1	33915	41661	1.2283945157010172
GSM6339603	CATTCATTCTTTGACT-1	3028	3594	1.1869220607661823
GSM6339603	CATTCCTCAAGTAAGC-1	1603	1517	0.9463505926388023
GSM6339603	CATTCCTCAATAGCAA-1	3535	3970	1.123055162659123
GSM6339603	CATTCCTCAATTTAGC-1	15277	16320	1.0682725666033908
GSM6339603	CATTCCTCAGCAAGAT-1	829	1073	1.2943305186972256
GSM6339603	CATTCCTCAGCTCAAC-1	13420	10624	0.7916542473919523
GSM6339603	CATTCCTCAGTTATGT-1	614	638	1.0390879478827362
GSM6339603	CATTGCGAGATGGAGC-1	669	761	1.1375186846038865
GSM6339603	CATTGCGAGCATTAGC-1	6844	6174	0.902104032729398
GSM6339603	CATTGCGAGCCTTAAA-1	12959	8319	0.6419476811482367
GSM6339603	CATTGCGAGCGGTTAT-1	949	863	0.9093782929399368
GSM6339603	CATTGCGAGGCGCTAC-1	5055	5912	1.1695351137487635
GSM6339603	CATTGCGAGGTAGCTT-1	2629	3163	1.203119056675542
GSM6339603	CATTGCGAGGTTACAC-1	1994	2557	1.2823470411233702
GSM6339603	CATTGCGAGTAAAGGT-1	23894	35044	1.4666443458608855
GSM6339603	CATTGCGAGTAGCCAT-1	21993	21997	1.000181876051471
GSM6339603	CATTGCGAGTCATCCC-1	3516	4364	1.2411831626848693
GSM6339603	CATTGTAAGAGGAGTC-1	809	766	0.9468479604449939
GSM6339603	CATTGTAAGCCTGATG-1	8723	6262	0.7178722916427834
GSM6339603	CATTGTAAGCGGGCAA-1	1259	1227	0.9745830023828436
GSM6339603	CATTGTAAGCTAATTG-1	26533	22523	0.8488674480835187
GSM6339603	CATTGTAAGTAAGGGC-1	1800	1874	1.041111111111111
GSM6339603	CATTGTAAGTACCGCA-1	8358	7821	0.9357501794687725
GSM6339603	CATTGTAAGTCACTCC-1	1934	2281	1.1794208893485005
GSM6339603	CATTGTGCAAGATTCT-1	665	711	1.069172932330827
GSM6339603	CATTGTGCAATACTGT-1	2443	2494	1.0208759721653704
GSM6339603	CATTGTGCACAGGGAC-1	1774	1709	0.9633596392333709
GSM6339603	CATTGTGCACTAAGTT-1	19358	21637	1.1177291042463064
GSM6339603	CATTGTGCAGGCATGA-1	10144	15260	1.5043375394321767
GSM6339603	CATTGTGCAGGTTCAC-1	5510	3160	0.573502722323049
GSM6339603	CATTGTGCATTAGGTT-1	826	775	0.9382566585956417
GSM6339603	CATTGTGCATTATGGT-1	1079	1135	1.051899907321594
GSM6339603	CATTTGTTCAAGGACA-1	2540	2800	1.1023622047244095
GSM6339603	CATTTGTTCAGAAACG-1	12775	10640	0.8328767123287671
GSM6339603	CATTTGTTCCTGATTT-1	2686	3026	1.1265822784810127
GSM6339603	CATTTGTTCCTTAAGA-1	3001	3548	1.1822725758080639
GSM6339603	CATTTGTTCGCGCTAA-1	462	570	1.2337662337662338
GSM6339603	CATTTGTTCGTGCCTT-1	23534	31829	1.3524687685901249
GSM6339603	CATTTGTTCTGTAATG-1	12588	11927	0.9474896727041627
GSM6339603	CATTTGTTCTTTAAGG-1	1733	1746	1.0075014425851125
GSM6339603	CCAAACCCACAGAACG-1	4136	4217	1.0195841392649903
GSM6339603	CCAAACCCATAAGGAC-1	3112	3330	1.070051413881748
GSM6339603	CCAAACTAGAACCTGT-1	3993	4501	1.1272226396193339
GSM6339603	CCAAACTAGCACAGGG-1	24311	28045	1.153593023734112
GSM6339603	CCAAACTAGCGATAAG-1	22342	22057	0.9872437561543281
GSM6339603	CCAAACTAGCTAAAGG-1	1982	2044	1.031281533804238
GSM6339603	CCAAACTAGGAAGCTA-1	29770	38766	1.3021834061135371
GSM6339603	CCAAACTAGGCGCACT-1	8558	9335	1.0907922411778452
GSM6339603	CCAAACTAGGCTGTCA-1	32331	39967	1.2361819925149238
GSM6339603	CCAAATCAGCAAGGAC-1	2636	2878	1.0918057663125948
GSM6339603	CCAAATCAGCTTGCTC-1	3300	3206	0.9715151515151516
GSM6339603	CCAAATCAGGAACCAA-1	1398	1345	0.9620886981402003
GSM6339603	CCAAATCAGGCGAAAC-1	1728	1948	1.1273148148148149
GSM6339603	CCAAATCAGTAGCCAT-1	32883	39720	1.2079189854940242
GSM6339603	CCAACATAGCCGCTTT-1	6942	8930	1.2863728032267359
GSM6339603	CCAACATAGCTTGCTC-1	15260	15018	0.9841415465268676
GSM6339603	CCAACATAGGCGCATC-1	4894	3366	0.6877809562729873
GSM6339603	CCAACATAGTACCGCA-1	2229	2119	0.9506505159264244
GSM6339603	CCAACATAGTTAGCTA-1	797	760	0.9535759096612296
GSM6339603	CCAACCAAGCAAGATG-1	2523	2408	0.9544193420531114
GSM6339603	CCAACCAAGCTATATG-1	1092	1289	1.1804029304029304
GSM6339603	CCAACCAAGTCTTGAA-1	3724	3987	1.07062298603652
GSM6339603	CCAACCCGTACCAGGT-1	3168	3553	1.1215277777777777
GSM6339603	CCAACCCGTATTGAGT-1	1091	989	0.9065077910174152
GSM6339603	CCAACCCGTCAAGACC-1	1124	1092	0.9715302491103203
GSM6339603	CCAACCCGTCAAGTAT-1	1431	1796	1.2550663871418588
GSM6339603	CCAACCCGTCCTTCAG-1	26077	35882	1.3760018407025347
GSM6339603	CCAACCCGTGCAATGC-1	11420	8746	0.7658493870402802
GSM6339603	CCAACCCGTGCTCACC-1	29788	29727	0.9979521955149725
GSM6339603	CCAACCCGTGCTGGTG-1	716	705	0.9846368715083799
GSM6339603	CCAACCCGTGGGTGAA-1	33314	41284	1.2392387584799183
GSM6339603	CCAACCCGTTAAGGTT-1	1981	1850	0.933871781928319
GSM6339603	CCAACCCGTTCCATTA-1	734	785	1.069482288828338
GSM6339603	CCAAGGCTCCTGAATA-1	426	413	0.9694835680751174
GSM6339603	CCAAGGCTCCTTCGTA-1	6596	7681	1.1644936325045483
GSM6339603	CCAAGGCTCTAAGGAG-1	1169	1214	1.0384944396920446
GSM6339603	CCAAGTTAGAGGAAGG-1	23858	28317	1.1868974767373628
GSM6339603	CCAAGTTAGATGGAGC-1	2251	2810	1.2483340737450022
GSM6339603	CCAAGTTAGGCGCTAC-1	2020	2410	1.193069306930693
GSM6339603	CCAAGTTAGTATTGCA-1	9283	9007	0.9702682322525046
GSM6339603	CCAAGTTAGTGAGGGT-1	8790	6205	0.7059158134243458
GSM6339603	CCAAGTTAGTGCACGC-1	20905	23124	1.106146854819421
GSM6339603	CCAATATCACTAAGTT-1	6019	3791	0.6298388436617378
GSM6339603	CCAATATCAGTTTACG-1	13430	12396	0.9230081906180193
GSM6339603	CCAATATCATCGCTTT-1	1879	1952	1.038850452368281
GSM6339603	CCAATATCATGTTGGC-1	853	621	0.7280187573270809
GSM6339603	CCACAATAGAATGACG-1	36011	54234	1.5060398211657549
GSM6339603	CCACAATAGCACAGCC-1	1359	1515	1.1147902869757174
GSM6339603	CCACAATAGGAACGCG-1	2281	1693	0.7422183252959228
GSM6339603	CCACACAAGCATTTCT-1	13854	16945	1.2231124584957414
GSM6339603	CCACACAAGCTTACTT-1	815	679	0.8331288343558282
GSM6339603	CCACACAAGGAAGTAT-1	1510	1813	1.2006622516556291
GSM6339603	CCACACAAGTAACTCA-1	30774	34717	1.1281276402157665
GSM6339603	CCACAGGGTACCGGAT-1	27274	38262	1.4028745325218157
GSM6339603	CCACAGGGTGTTGTGA-1	37154	45170	1.2157506594175593
GSM6339603	CCACAGGGTTCATCTA-1	28262	33656	1.190856981105371
GSM6339603	CCACAGGGTTCATTTG-1	3179	3691	1.1610569361434413
GSM6339603	CCACATTGTACTTCAC-1	2261	2238	0.9898275099513489
GSM6339603	CCACATTGTTCCGGGA-1	8627	9658	1.119508519763533
GSM6339603	CCACATTGTTTATTCG-1	26820	30127	1.123303504847129
GSM6339603	CCACTTGGTAAAGCGG-1	1273	1435	1.1272584446190101
GSM6339603	CCACTTGGTACCTTAC-1	2835	3131	1.1044091710758377
GSM6339603	CCACTTGGTACGCGCA-1	2631	3218	1.2231090839984797
GSM6339603	CCACTTGGTACGTTTC-1	15052	22718	1.5093010895562051
GSM6339603	CCACTTGGTCGCATAA-1	559	617	1.1037567084078712
GSM6339603	CCACTTGGTTGCTGGG-1	3052	3655	1.197575360419397
GSM6339603	CCAGACTCAAGCTAAA-1	1058	898	0.8487712665406427
GSM6339603	CCAGACTCAATCCTGA-1	1047	984	0.9398280802292264
GSM6339603	CCAGACTCATCCTAGA-1	17577	16890	0.9609148318825739
GSM6339603	CCAGACTCATTAAGTC-1	1142	1188	1.0402802101576183
GSM6339603	CCAGCCTGTACAATGT-1	5438	6853	1.2602059580728209
GSM6339603	CCAGCCTGTACGTTTC-1	11417	13442	1.1773670841727248
GSM6339603	CCAGCCTGTACTTCAC-1	2208	2305	1.0439311594202898
GSM6339603	CCAGCCTGTCACCTAT-1	1263	1364	1.079968329374505
GSM6339603	CCAGCCTGTGCATTAG-1	4553	5245	1.1519877004173074
GSM6339603	CCAGCCTGTGCTGGTG-1	519	539	1.0385356454720616
GSM6339603	CCAGCCTGTTATAGCG-1	18358	19262	1.0492428369103388
GSM6339603	CCAGCCTGTTTACCGT-1	572	637	1.1136363636363635
GSM6339603	CCAGCCTGTTTACGTC-1	1132	1307	1.1545936395759717
GSM6339603	CCAGCTAAGATAACCC-1	14565	14382	0.9874356333676622
GSM6339603	CCAGCTAAGCGCCTTT-1	2721	2904	1.0672546857772878
GSM6339603	CCAGCTAAGCGGATAA-1	8502	8445	0.9932956951305575
GSM6339603	CCAGCTAAGCTCAATA-1	1082	1221	1.1284658040665434
GSM6339603	CCAGCTAAGCTCGCTT-1	1046	972	0.9292543021032504
GSM6339603	CCAGCTAAGCTGGACC-1	31967	38923	1.2175993993806113
GSM6339603	CCAGCTAAGCTTCTCA-1	33852	54013	1.5955630391114262
GSM6339603	CCAGCTAAGGCTACAT-1	464	491	1.0581896551724137
GSM6339603	CCAGCTAAGTAGCGGG-1	7833	6955	0.8879101238350569
GSM6339603	CCAGCTAAGTCCTGAG-1	12723	10492	0.8246482747779612
GSM6339603	CCAGCTGCAAACTGTT-1	1903	2197	1.1544929059379927
GSM6339603	CCAGCTGCAAGGACCA-1	1963	1949	0.9928680590932246
GSM6339603	CCAGCTGCAAGGTCCT-1	2825	3029	1.0722123893805309
GSM6339603	CCAGCTGCAAGTAAGC-1	27563	38450	1.3949860319994196
GSM6339603	CCAGCTGCAATTGAGA-1	5476	4530	0.827246165084003
GSM6339603	CCAGCTGCATTATGCG-1	3746	3672	0.9802455953016551
GSM6339603	CCAGCTGCATTGGGAG-1	4024	4506	1.1197813121272366
GSM6339603	CCAGGAACAAAGGTAC-1	1215	1431	1.1777777777777778
GSM6339603	CCAGGAACACAAACTT-1	3608	4625	1.2818736141906875
GSM6339603	CCAGGAACACCTACGG-1	1948	2215	1.1370636550308009
GSM6339603	CCAGGAACAGCCTTGG-1	1382	1584	1.14616497829233
GSM6339603	CCAGGAACATAGCAGG-1	9178	8326	0.9071693179341904
GSM6339603	CCAGGAACATGCTTAG-1	3219	3963	1.2311276794035415
GSM6339603	CCAGGAACATTGTTGG-1	18134	17968	0.9908459247821771
GSM6339603	CCAGGAACATTTGCTC-1	1948	2322	1.1919917864476386
GSM6339603	CCAGGATGTATTGTCC-1	728	892	1.2252747252747254
GSM6339603	CCAGGATGTCACAGCG-1	3760	4156	1.1053191489361702
GSM6339603	CCAGGATGTCCTAATC-1	3389	3718	1.097078784302154
GSM6339603	CCAGGATGTGGTTATG-1	1938	2138	1.1031991744066048
GSM6339603	CCAGGATGTTCCTGTG-1	1266	1262	0.9968404423380727
GSM6339603	CCAGGATGTTCGCTCA-1	752	831	1.1050531914893618
GSM6339603	CCAGGATGTTTAACCC-1	2771	2907	1.049079754601227
GSM6339603	CCAGTTTGTCAGTAAT-1	549	604	1.1001821493624773
GSM6339603	CCAGTTTGTTCTTTAG-1	1247	1306	1.0473135525260626
GSM6339603	CCAGTTTGTTTATCTG-1	746	872	1.1689008042895441
GSM6339603	CCATAAATCAATCATG-1	621	689	1.109500805152979
GSM6339603	CCATAAATCCAATTAG-1	17546	16844	0.9599908811125043
GSM6339603	CCATAAATCGCTAGTG-1	1757	2105	1.1980648833238474
GSM6339603	CCATAAATCGTTACAA-1	3055	3512	1.1495908346972177
GSM6339603	CCATAAGGTCTATCGT-1	1149	1380	1.2010443864229765
GSM6339603	CCATAAGGTGAGCAAG-1	9193	8003	0.8705536821494615
GSM6339603	CCATAAGGTGATGAGG-1	23742	30525	1.2856962345211018
GSM6339603	CCATAAGGTTACATCC-1	21566	20851	0.9668459612352778
GSM6339603	CCATAAGGTTGTTCAC-1	8617	7019	0.8145526285250086
GSM6339603	CCATAAGGTTTACGTC-1	801	952	1.188514357053683
GSM6339603	CCATAATCAACACCTA-1	4064	4348	1.0698818897637796
GSM6339603	CCATAATCAACCTAAT-1	8546	6871	0.8040018722209221
GSM6339603	CCATAATCAACTAACT-1	13912	15067	1.083021851638873
GSM6339603	CCATAATCAAGATTCT-1	546	535	0.9798534798534798
GSM6339603	CCATAATCAAGGTCCT-1	5513	6302	1.143116270633049
GSM6339603	CCATAATCAATAATCC-1	633	776	1.2259083728278042
GSM6339603	CCATAATCAATCGCAC-1	37309	36758	0.985231445495725
GSM6339603	CCATAATCACAATGTT-1	31118	40780	1.3104955331319494
GSM6339603	CCATAATCAGAAATGC-1	494	594	1.2024291497975708
GSM6339603	CCATAATCATCATGTG-1	1244	1312	1.0546623794212218
GSM6339603	CCATAGCCAACAGGAT-1	1032	897	0.8691860465116279
GSM6339603	CCATAGCCAATACTGT-1	6114	6165	1.008341511285574
GSM6339603	CCATAGCCACGTGCTG-1	1766	1851	1.0481313703284258
GSM6339603	CCATAGCCAGTAGGAT-1	1027	1119	1.0895813047711782
GSM6339603	CCATAGCCAGTTATGT-1	1856	1885	1.015625
GSM6339603	CCATAGCCATCGCTTT-1	2632	3115	1.1835106382978724
GSM6339603	CCATAGCCATGAAATG-1	5073	4480	0.8831066430120245
GSM6339603	CCATATTTCCATAATG-1	40119	41525	1.0350457389266932
GSM6339603	CCATATTTCCTACCTA-1	723	825	1.1410788381742738
GSM6339603	CCATATTTCGCTCACT-1	1137	1026	0.9023746701846965
GSM6339603	CCATATTTCTCACATT-1	880	1040	1.1818181818181819
GSM6339603	CCATCACTCCCTCAAC-1	643	615	0.9564541213063764
GSM6339603	CCATCACTCCCTGGAA-1	3960	2909	0.7345959595959596
GSM6339603	CCATCACTCCGCTAGA-1	5568	6723	1.2074353448275863
GSM6339603	CCATCACTCTGGCAAT-1	573	650	1.1343804537521816
GSM6339603	CCATCATGTAACCACA-1	2477	2812	1.1352442470730724
GSM6339603	CCATCATGTAATGGCC-1	7552	9199	1.2180879237288136
GSM6339603	CCATCATGTAGGATTT-1	3529	3547	1.0051005950694247
GSM6339603	CCATCATGTGGTTATG-1	2662	2420	0.9090909090909091
GSM6339603	CCATCATGTGTTAGCA-1	1172	1381	1.1783276450511946
GSM6339603	CCATCATGTTACCTGT-1	1014	1177	1.160749506903353
GSM6339603	CCATCATGTTGCATCT-1	2126	2048	0.9633113828786454
GSM6339603	CCATCATGTTTAACCC-1	423	488	1.153664302600473
GSM6339603	CCATTGTGTAGCAGCT-1	25788	27556	1.0685590196990848
GSM6339603	CCATTGTGTCGCGCAA-1	5302	3600	0.6789890607317993
GSM6339603	CCATTGTGTTAGCTGA-1	1429	1515	1.060181945416375
GSM6339603	CCCAAACCAAGTTATC-1	2498	3429	1.3726981585268214
GSM6339603	CCCAAACCAGCCAGAA-1	31732	32325	1.0186877599899156
GSM6339603	CCCAAACCATCAGTAT-1	1061	1108	1.0442978322337417
GSM6339603	CCCAAACCATCCAGGT-1	3066	3802	1.2400521852576647
GSM6339603	CCCAAACCATTATGGT-1	833	782	0.9387755102040817
GSM6339603	CCCAAATAGAATCGCT-1	28756	33499	1.164939490888858
GSM6339603	CCCAAATAGCTGTAAC-1	1386	1413	1.0194805194805194
GSM6339603	CCCAAATAGGCGAATA-1	5903	6812	1.1539894968660003
GSM6339603	CCCAAATAGGTAGCTT-1	1018	1066	1.0471512770137525
GSM6339603	CCCAAATAGTGTTGTA-1	552	507	0.9184782608695652
GSM6339603	CCCAACCGTGAGGTGA-1	2041	2389	1.1705046545810878
GSM6339603	CCCAACCGTGCTCCAC-1	3573	3814	1.0674503218583824
GSM6339603	CCCAACCGTGTTGTAG-1	5448	6296	1.155653450807636
GSM6339603	CCCAACCGTTAAGCCA-1	1975	2132	1.0794936708860758
GSM6339603	CCCAACCGTTCATTTG-1	3290	3534	1.0741641337386019
GSM6339603	CCCAACCGTTGTAAAC-1	32412	43071	1.3288596815994076
GSM6339603	CCCAATTGTATTCGTC-1	5464	6484	1.1866764275256223
GSM6339603	CCCAATTGTCCCGAAG-1	3379	3957	1.1710565255992897
GSM6339603	CCCAATTGTTAAGCCA-1	554	568	1.0252707581227436
GSM6339603	CCCAATTGTTGCTTCG-1	791	952	1.2035398230088497
GSM6339603	CCCAATTGTTTCGCCA-1	10357	12774	1.2333687361204981
GSM6339603	CCCAGCACAAACTGTT-1	772	926	1.1994818652849741
GSM6339603	CCCAGCACACCTCAGG-1	4063	4495	1.10632537533842
GSM6339603	CCCAGCACAGAACCGA-1	1179	1443	1.2239185750636132
GSM6339603	CCCAGCACAGCACGAA-1	450	550	1.2222222222222223
GSM6339603	CCCAGCACAGTTTGGC-1	1100	1367	1.2427272727272727
GSM6339603	CCCAGCACATAATCGT-1	654	601	0.918960244648318
GSM6339603	CCCAGTTTCACACAGT-1	3392	3727	1.0987617924528301
GSM6339603	CCCAGTTTCAGTTCCC-1	869	1013	1.1657077100115074
GSM6339603	CCCAGTTTCATGCCTC-1	1747	2041	1.1682884945621064
GSM6339603	CCCAGTTTCCAAATCA-1	4387	5186	1.1821290175518577
GSM6339603	CCCAGTTTCCGTGACA-1	1564	1979	1.2653452685421995
GSM6339603	CCCAGTTTCGATTTGA-1	4073	5096	1.251166216547999
GSM6339603	CCCAGTTTCGCTAGCA-1	5986	4426	0.7393919144670899
GSM6339603	CCCAGTTTCTCACAAA-1	1965	2328	1.1847328244274808
GSM6339603	CCCATAACAACTGGCT-1	4033	4646	1.1519960327299776
GSM6339603	CCCATAACAAGCCACT-1	686	463	0.6749271137026239
GSM6339603	CCCGCAACACGGTACT-1	1508	1531	1.0152519893899203
GSM6339603	CCCGCAACAGCACCAT-1	2452	2615	1.0664763458401305
GSM6339603	CCCGCAACAGGCCATT-1	3092	3544	1.1461836998706338
GSM6339603	CCCGCAACAGGCTAAG-1	1857	2265	1.2197092084006462
GSM6339603	CCCGCAACAGGGAGGA-1	2030	2652	1.3064039408866994
GSM6339603	CCCGCAACATGAAATG-1	1176	1484	1.2619047619047619
GSM6339603	CCCGCTTCATCATGGC-1	2038	2119	1.0397448478900884
GSM6339603	CCCGTAAAGACACTTA-1	3990	4239	1.062406015037594
GSM6339603	CCCGTAAAGCATGTTA-1	5180	4409	0.8511583011583012
GSM6339603	CCCGTAAAGCCTGAGC-1	4577	5174	1.1304347826086956
GSM6339603	CCCGTAAAGCTAATTG-1	12170	12153	0.9986031224322104
GSM6339603	CCCGTAAAGGGCTTAT-1	2999	3340	1.1137045681893964
GSM6339603	CCCGTAAAGGTCCAAT-1	3701	3959	1.0697108889489326
GSM6339603	CCCGTTGTCACACAGT-1	3876	4450	1.148090815273478
GSM6339603	CCCGTTGTCCACCCTG-1	1525	1601	1.0498360655737704
GSM6339603	CCCGTTGTCGTTATCT-1	1251	1357	1.084732214228617
GSM6339603	CCCGTTGTCTTAGGGT-1	1614	1717	1.063816604708798
GSM6339603	CCCTAATGTAACTACG-1	4442	4625	1.0411976587122918
GSM6339603	CCCTAATGTCAAAGGG-1	13107	14383	1.0973525597009233
GSM6339603	CCCTAATGTGTAACCA-1	669	619	0.9252615844544095
GSM6339603	CCCTCACCAACATAAG-1	2848	3120	1.095505617977528
GSM6339603	CCCTCACCAACTAACT-1	28373	34638	1.220808515137631
GSM6339603	CCCTCACCAAGGGTTG-1	14649	14809	1.0109222472523722
GSM6339603	CCCTCACCAATTAGCT-1	14248	13194	0.9260247052217855
GSM6339603	CCCTCACCACCGGCTA-1	3493	4012	1.148582880045806
GSM6339603	CCCTCACCAGAAACGT-1	14564	14520	0.9969788519637462
GSM6339603	CCCTCACCATTGCGAC-1	667	762	1.1424287856071964
GSM6339603	CCCTCAGTCAACAAGG-1	12919	14009	1.0843718554067652
GSM6339603	CCCTCAGTCAGCAAAG-1	9288	7665	0.8252583979328165
GSM6339603	CCCTCAGTCATCCACC-1	923	1065	1.1538461538461537
GSM6339603	CCCTCAGTCATGTCAA-1	977	1407	1.4401228249744114
GSM6339603	CCCTCAGTCCACCCTG-1	1603	1801	1.1235184029943854
GSM6339603	CCCTCAGTCCCTCAGT-1	5865	6415	1.093776641091219
GSM6339603	CCCTCAGTCCTCATCA-1	2176	2790	1.2821691176470589
GSM6339603	CCCTCAGTCTAATCAG-1	9195	7459	0.8112017400761283
GSM6339603	CCCTCAGTCTACCTGC-1	1663	1694	1.0186410102224894
GSM6339603	CCCTCAGTCTACTAAG-1	18673	22340	1.1963797997108123
GSM6339603	CCCTCAGTCTATTGTC-1	7078	7512	1.061316756145804
GSM6339603	CCCTCAGTCTTGGATA-1	2693	2866	1.064240623839584
GSM6339603	CCCTCAGTCTTGTTCG-1	2280	2469	1.0828947368421054
GSM6339603	CCCTCATAGCCTAATA-1	14761	22519	1.5255741480929477
GSM6339603	CCCTCATAGCCTTAAA-1	9149	11814	1.2912886654279156
GSM6339603	CCCTCATAGGCACAGG-1	3701	3615	0.9767630370170224
GSM6339603	CCCTGGACAACCGCCA-1	10879	7628	0.7011673867083371
GSM6339603	CCCTGGACACTCAACA-1	2844	3085	1.0847398030942335
GSM6339603	CCCTGGACAGCCGCTA-1	731	805	1.1012311901504788
GSM6339603	CCCTGGACAGGAACAT-1	1308	1471	1.1246177370030581
GSM6339603	CCCTGGACATCCAGGT-1	13395	12514	0.9342291899962673
GSM6339603	CCCTGGACATCGCTCC-1	713	569	0.7980364656381487
GSM6339603	CCCTGGACATTCAGCA-1	21274	21963	1.0323869512080475
GSM6339603	CCCTGTTAGCCGCTTT-1	1423	1997	1.4033731553056923
GSM6339603	CCCTGTTAGCGGATTT-1	1562	1920	1.229193341869398
GSM6339603	CCCTGTTAGCGGTTAT-1	706	773	1.094900849858357
GSM6339603	CCCTGTTAGCTAAGTC-1	429	447	1.0419580419580419
GSM6339603	CCCTGTTAGGGTCTAT-1	6296	6989	1.1100698856416773
GSM6339603	CCCTGTTAGTATGTGC-1	1597	1375	0.8609893550407013
GSM6339603	CCCTTAATCAGCTAAC-1	1445	1456	1.0076124567474047
GSM6339603	CCCTTAATCCCTCAGT-1	7788	5622	0.7218798151001541
GSM6339603	CCCTTAATCCTCAGTC-1	22554	27062	1.1998758535071383
GSM6339603	CCCTTAATCCTCATCA-1	9754	6219	0.6375845806848472
GSM6339603	CCCTTAATCCTTCGTA-1	2859	3199	1.1189227002448408
GSM6339603	CCCTTAATCGGGACCT-1	1792	1967	1.09765625
GSM6339603	CCCTTAATCTCCTCTT-1	13944	13346	0.9571141709695926
GSM6339603	CCGACAGGTAGCTGCG-1	513	416	0.8109161793372319
GSM6339603	CCGACAGGTCACAAAT-1	11623	11575	0.9958702572485589
GSM6339603	CCGACAGGTCCTCCAA-1	3921	2737	0.6980362152512114
GSM6339603	CCGACAGGTTAACAGT-1	562	445	0.791814946619217
GSM6339603	CCGACAGGTTAGAGGG-1	1786	2085	1.1674132138857782
GSM6339603	CCGACAGGTTAGTGAT-1	947	1008	1.06441393875396
GSM6339603	CCGACAGGTTGTGACA-1	505	571	1.1306930693069306
GSM6339603	CCGATGCAGACAGGTA-1	11471	8408	0.7329788161450614
GSM6339603	CCGATGCAGACTATTG-1	15899	18673	1.1744763821624002
GSM6339603	CCGATGCAGCATTAGC-1	863	1040	1.205098493626883
GSM6339603	CCGATGCAGCCTTAAA-1	2997	3305	1.1027694361027693
GSM6339603	CCGATGCAGCGATAGA-1	36181	49332	1.3634780685995411
GSM6339603	CCGATGCAGCTGCACA-1	4494	4847	1.0785491766800177
GSM6339603	CCGATGCAGCTGTCAG-1	1347	1532	1.1373422420193022
GSM6339603	CCGATGCAGGAGTCGG-1	1084	1405	1.2961254612546125
GSM6339603	CCGATGCAGGCGAATA-1	31851	35647	1.1191799315563091
GSM6339603	CCGATGCAGGGACTAA-1	2182	2602	1.1924839596700274
GSM6339603	CCGATGCAGTGCTGTG-1	4528	3197	0.7060512367491166
GSM6339603	CCGATGCAGTTTAACG-1	29417	37595	1.2780025155522317
GSM6339603	CCGCAAATCACTAATG-1	1835	2257	1.2299727520435968
GSM6339603	CCGCAAATCACTCGCT-1	9580	8970	0.9363256784968684
GSM6339603	CCGCAAATCAGCCAAT-1	4416	5026	1.1381340579710144
GSM6339603	CCGCAAATCAGGTCCA-1	19327	17220	0.8909815284317276
GSM6339603	CCGCAAATCATTTAGG-1	24830	31350	1.2625855819573097
GSM6339603	CCGCAAATCCTGAGTG-1	1284	1393	1.0848909657320873
GSM6339603	CCGCAAATCGCTCCAT-1	1594	1732	1.0865746549560853
GSM6339603	CCGCAAATCTGCAAGT-1	7966	7358	0.9236756213909114
GSM6339603	CCGCAAGGTGACATGC-1	3312	3171	0.957427536231884
GSM6339603	CCGCAAGGTTTGGGCG-1	847	1075	1.269185360094451
GSM6339603	CCGCACACAAAGGTAC-1	1460	1425	0.976027397260274
GSM6339603	CCGCACACAACTAACT-1	653	703	1.0765696784073506
GSM6339603	CCGCACACAATCCCTT-1	1886	1710	0.9066808059384942
GSM6339603	CCGCACACAGGCATGA-1	3111	3535	1.136290581806493
GSM6339603	CCGCCAACAAAGCTCC-1	6816	8171	1.1987969483568075
GSM6339603	CCGCCAACAATGAATG-1	1644	1828	1.1119221411192215
GSM6339603	CCGCCAACACATTAAC-1	15430	17325	1.1228127025275438
GSM6339603	CCGCCAACACGTGCTG-1	12664	14346	1.1328174352495262
GSM6339603	CCGCCAACACTAAGAA-1	1421	1779	1.2519352568613653
GSM6339603	CCGCCAACATTGTGTG-1	4773	5171	1.0833857112926881
GSM6339603	CCGCTAAAGAGAAGGG-1	1155	984	0.8519480519480519
GSM6339603	CCGCTAAAGCAGGTGG-1	1604	1623	1.0118453865336658
GSM6339603	CCGCTAAAGCCTGGTA-1	21833	22106	1.012504007694774
GSM6339603	CCGCTAAAGCTTAGTA-1	1947	1236	0.6348228043143297
GSM6339603	CCGCTAAAGGACCTTG-1	2517	2333	0.9268970997218912
GSM6339603	CCGCTAAAGGCGGGTA-1	902	1019	1.129711751662971
GSM6339603	CCGCTAAAGGCTGGCT-1	1268	1329	1.0481072555205047
GSM6339603	CCGCTAAAGTATCGCG-1	1782	2062	1.1571268237934904
GSM6339603	CCGCTAGCAAACTGCC-1	2973	2952	0.992936427850656
GSM6339603	CCGCTAGCAGGACCTT-1	1220	1301	1.0663934426229509
GSM6339603	CCGCTAGCAGTATGTT-1	2389	2393	1.0016743407283382
GSM6339603	CCGCTAGCATAAACCT-1	3704	3610	0.974622030237581
GSM6339603	CCGCTTAGTATTGAGT-1	1210	1111	0.9181818181818182
GSM6339603	CCGCTTAGTCCAAGAC-1	2576	3046	1.1824534161490683
GSM6339603	CCGCTTAGTGCAACTA-1	26496	37490	1.4149305555555556
GSM6339603	CCGCTTAGTGTAACCA-1	14637	15847	1.082667213226754
GSM6339603	CCGCTTAGTGTCACGG-1	1437	1501	1.044537230340988
GSM6339603	CCGCTTAGTTATCCGT-1	635	632	0.9952755905511811
GSM6339603	CCGGTAGGTGCTCCGT-1	2490	2118	0.8506024096385543
GSM6339603	CCGGTAGGTTGTTGCT-1	743	759	1.0215343203230147
GSM6339603	CCGGTTAAGCACAGAA-1	20079	33098	1.6483888639872504
GSM6339603	CCGGTTAAGCGGATTT-1	708	702	0.9915254237288136
GSM6339603	CCGGTTAAGCTAAAGG-1	24379	29759	1.2206817342795029
GSM6339603	CCGGTTAAGGACCAGG-1	1517	1463	0.964403427818062
GSM6339603	CCGGTTAAGGGATTAG-1	617	508	0.8233387358184765
GSM6339603	CCGGTTAAGGTCCTAG-1	34540	38362	1.1106543138390272
GSM6339603	CCGGTTAAGTGTTGTA-1	5962	7325	1.2286145588728614
GSM6339603	CCGTGCTGTCTTACTA-1	34264	31916	0.9314732664020546
GSM6339603	CCGTGCTGTGTTGTAG-1	894	955	1.0682326621923937
GSM6339603	CCGTGCTGTGTTTGCT-1	9191	6338	0.6895876400826896
GSM6339603	CCGTGCTGTTAAGGTT-1	33642	40768	1.2118185601331668
GSM6339603	CCGTGCTGTTAGCTGA-1	987	1089	1.1033434650455927
GSM6339603	CCGTGCTGTTTATCGC-1	25267	41812	1.6548066648197253
GSM6339603	CCGTTAACAAACCTTG-1	2981	2972	0.9969808788996981
GSM6339603	CCGTTAACACAAAGAC-1	460	550	1.1956521739130435
GSM6339603	CCGTTAACACCTATAG-1	31148	43074	1.3828817259535122
GSM6339603	CCGTTAACACCTCAGG-1	2498	2371	0.9491593274619696
GSM6339603	CCGTTAACAGCATGAG-1	2280	2631	1.1539473684210526
GSM6339603	CCGTTAACAGGATAAC-1	1052	1038	0.9866920152091255
GSM6339603	CCGTTAACAGGTATTT-1	723	788	1.0899031811894881
GSM6339603	CCGTTAACATAGCTGC-1	2405	2275	0.9459459459459459
GSM6339603	CCGTTACTCAGCATTA-1	6463	5403	0.8359894785703234
GSM6339603	CCGTTACTCCAGGTTG-1	1278	1250	0.9780907668231612
GSM6339603	CCGTTACTCCTCAGTC-1	2288	2713	1.1857517482517483
GSM6339603	CCGTTACTCTTGACCC-1	820	994	1.2121951219512195
GSM6339603	CCGTTATGTCATAACG-1	625	595	0.952
GSM6339603	CCGTTATGTCTATCGT-1	2023	2444	1.208106772120613
GSM6339603	CCGTTATGTGAGGTAG-1	637	683	1.0722135007849294
GSM6339603	CCGTTATGTGGACCTG-1	29919	40984	1.3698318794077342
GSM6339603	CCGTTATGTGGATTAT-1	4758	5240	1.1013030685161833
GSM6339603	CCGTTATGTTTGTGGA-1	1237	1276	1.0315278900565885
GSM6339603	CCGTTGCGTATCTGGA-1	24780	26826	1.0825665859564164
GSM6339603	CCGTTGCGTCACACCC-1	14132	11139	0.7882111519954713
GSM6339603	CCGTTGCGTCATTGAG-1	2069	1558	0.7530207829869502
GSM6339603	CCGTTGCGTCTTGCAT-1	743	891	1.199192462987887
GSM6339603	CCGTTGCGTGTTGTGA-1	410	387	0.9439024390243902
GSM6339603	CCGTTGCGTTCCGGCT-1	20707	28393	1.3711788284155118
GSM6339603	CCGTTTGGTAATGGAA-1	709	793	1.1184767277856136
GSM6339603	CCGTTTGGTAGGTTGC-1	4672	4930	1.055222602739726
GSM6339603	CCGTTTGGTTAGGCGT-1	1161	1208	1.0404823428079242
GSM6339603	CCGTTTGGTTGGTTCT-1	714	680	0.9523809523809523
GSM6339603	CCGTTTGGTTTAGCGA-1	788	855	1.0850253807106598
GSM6339603	CCGTTTGGTTTGCAGA-1	2205	2419	1.0970521541950113
GSM6339603	CCTAAAGGTAGTTGGC-1	1495	1769	1.1832775919732441
GSM6339603	CCTAAAGGTCATCATC-1	4315	4546	1.053534183082271
GSM6339603	CCTAAAGGTGCATTTC-1	19039	18749	0.9847681075686748
GSM6339603	CCTAAAGGTGGTTAGC-1	3059	3412	1.1153971886237333
GSM6339603	CCTAAAGGTGTTGCAA-1	5504	6108	1.1097383720930232
GSM6339603	CCTAAAGGTTAAGCCA-1	2362	2520	1.0668924640135478
GSM6339603	CCTAAATCAGGCATGA-1	2067	2150	1.0401548137397194
GSM6339603	CCTAAATCAGGCTAGA-1	2957	3323	1.123774095366926
GSM6339603	CCTAAATCAGTAGGTG-1	666	794	1.1921921921921923
GSM6339603	CCTAAATCAGTTTACG-1	813	1071	1.3173431734317342
GSM6339603	CCTAAATCATAGACTT-1	2556	3081	1.2053990610328638
GSM6339603	CCTAAGCCAAGCTACC-1	1174	1284	1.0936967632027257
GSM6339603	CCTAAGCCACTGACTA-1	11211	7213	0.6433859602176434
GSM6339603	CCTAAGCCAGGCCAAA-1	9108	6859	0.7530742204655249
GSM6339603	CCTAAGCCAGGTCCTG-1	718	851	1.1852367688022285
GSM6339603	CCTAAGCCATGTCAGC-1	2048	2496	1.21875
GSM6339603	CCTAAGGTCAGGTCCA-1	18139	17852	0.9841777385743425
GSM6339603	CCTAAGGTCATAAGCC-1	497	559	1.124748490945674
GSM6339603	CCTAAGGTCCTAAGAC-1	4046	4257	1.0521502718734552
GSM6339603	CCTAAGGTCCTAAGTA-1	4603	4348	0.9446013469476429
GSM6339603	CCTAAGGTCGGTTTCC-1	6226	6898	1.1079344683584966
GSM6339603	CCTAAGGTCTAAGTCA-1	10904	10108	0.9269992663242846
GSM6339603	CCTAAGGTCTAATCTC-1	13089	13207	1.0090152036060815
GSM6339603	CCTAAGTAGTAACCCG-1	30486	36230	1.1884143541297645
GSM6339603	CCTAATAAGCAGGCCT-1	5115	6265	1.2248289345063539
GSM6339603	CCTAATAAGCGCAATT-1	1678	1592	0.9487485101311085
GSM6339603	CCTAATAAGTAAAGGT-1	24679	22713	0.9203371287329308
GSM6339603	CCTAATAAGTTAGCTA-1	1965	1956	0.9954198473282443
GSM6339603	CCTAATAAGTTGTCTT-1	32314	43996	1.3615151327597945
GSM6339603	CCTAATCGTACTGATG-1	1500	1647	1.098
GSM6339603	CCTAATCGTCAACAAT-1	2252	2267	1.0066607460035524
GSM6339603	CCTAATCGTGGAGCAA-1	20019	26065	1.3020130875668114
GSM6339603	CCTAATCGTTGTGACA-1	726	973	1.340220385674931
GSM6339603	CCTAATCGTTTGGCGG-1	751	842	1.1211717709720372
GSM6339603	CCTACTGGTGAACAAA-1	14565	16405	1.1263302437349811
GSM6339603	CCTACTGGTGAGGTAG-1	1076	1157	1.075278810408922
GSM6339603	CCTACTGGTTGAGGTC-1	918	847	0.9226579520697168
GSM6339603	CCTACTTCAACCTGGT-1	1098	1136	1.034608378870674
GSM6339603	CCTACTTCACAAAGCG-1	1459	948	0.6497601096641535
GSM6339603	CCTAGTTGTACGGGTT-1	2195	2295	1.0455580865603644
GSM6339603	CCTAGTTGTCTCAGCC-1	24048	28503	1.185254491017964
GSM6339603	CCTAGTTGTGATTACG-1	3886	4244	1.092125579001544
GSM6339603	CCTAGTTGTGTGAGAG-1	2519	2683	1.0651052004763795
GSM6339603	CCTAGTTGTTTGTGGA-1	25350	38038	1.5005128205128204
GSM6339603	CCTATAGCAACATAAG-1	7365	4928	0.6691106585200272
GSM6339603	CCTATAGCAAGCTTAT-1	754	778	1.0318302387267904
GSM6339603	CCTATAGCACAGCCAT-1	742	760	1.0242587601078168
GSM6339603	CCTATAGCAGAGAGCC-1	2890	3073	1.0633217993079584
GSM6339603	CCTATAGCAGAGGGAG-1	843	890	1.055753262158956
GSM6339603	CCTATAGCATCTAGCA-1	1072	874	0.8152985074626866
GSM6339603	CCTATAGCATGCAACC-1	1744	1737	0.9959862385321101
GSM6339603	CCTATAGCATTAAGCT-1	33954	41656	1.2268363079460447
GSM6339603	CCTATATTCACACAGT-1	3607	3839	1.0643193789853063
GSM6339603	CCTATATTCACTAGGT-1	7315	5129	0.701161995898838
GSM6339603	CCTATATTCCTGGCTT-1	35106	35608	1.0142995499344842
GSM6339603	CCTATATTCTAGCGAT-1	14799	17596	1.1889992567065342
GSM6339603	CCTATATTCTCTAGCC-1	9585	8825	0.9207094418362024
GSM6339603	CCTATATTCTGTGAGT-1	449	473	1.0534521158129175
GSM6339603	CCTATATTCTTTGAGA-1	525	745	1.4190476190476191
GSM6339603	CCTATTGTCATGCAAC-1	981	1169	1.1916411824668705
GSM6339603	CCTATTGTCGAAGCGG-1	1881	1789	0.951089845826688
GSM6339603	CCTATTGTCGCTCACT-1	1663	1651	0.9927841250751653
GSM6339603	CCTATTTAGACAAACG-1	1809	1756	0.970702045328911
GSM6339603	CCTATTTAGACAAGTG-1	2008	1996	0.9940239043824701
GSM6339603	CCTATTTAGCATGTCG-1	3138	2825	0.9002549394518802
GSM6339603	CCTATTTAGGAATAAC-1	19957	26972	1.3515057373352708
GSM6339603	CCTATTTAGGACCTTG-1	1038	961	0.9258188824662813
GSM6339603	CCTATTTAGTAACGGA-1	1029	1114	1.0826044703595723
GSM6339603	CCTCAAACAATGAGGT-1	12851	13239	1.0301922029414052
GSM6339603	CCTCAAACACAACAAA-1	606	632	1.0429042904290429
GSM6339603	CCTCAAACACCTAAGC-1	982	1113	1.1334012219959266
GSM6339603	CCTCAAACACGAACAG-1	2471	2621	1.0607041683528935
GSM6339603	CCTCAAACAGATTCAT-1	1490	1756	1.1785234899328858
GSM6339603	CCTCAAACAGCATGGA-1	14018	15890	1.133542588101013
GSM6339603	CCTCAAACAGGCCTTG-1	1077	1416	1.3147632311977715
GSM6339603	CCTCAAACAGTAGGAT-1	3363	2794	0.8308058281296461
GSM6339603	CCTCAATGTGTAATAC-1	8100	7952	0.9817283950617284
GSM6339603	CCTCAATGTTAAGCCA-1	6256	4130	0.6601662404092071
GSM6339603	CCTCAATGTTACCGGG-1	13359	12286	0.9196796167377798
GSM6339603	CCTCAATGTTGTTGTC-1	996	1082	1.0863453815261044
GSM6339603	CCTCAGTTCAAGCGCC-1	695	737	1.0604316546762589
GSM6339603	CCTCAGTTCGGGACTC-1	20927	27698	1.323553304343671
GSM6339603	CCTCAGTTCTCTAGCC-1	879	924	1.0511945392491469
GSM6339603	CCTCCTCTCACGCATG-1	4718	5170	1.095803306485799
GSM6339603	CCTCCTCTCGAGGTGG-1	1652	1602	0.9697336561743342
GSM6339603	CCTCCTCTCGTTTCGC-1	1818	1649	0.907040704070407
GSM6339603	CCTCCTGAGAACCTAC-1	2456	2625	1.0688110749185669
GSM6339603	CCTCCTGAGAGCAAGC-1	670	451	0.673134328358209
GSM6339603	CCTCCTGAGATAACCC-1	3890	3966	1.0195372750642673
GSM6339603	CCTCCTGAGCAAGGTA-1	1412	1377	0.9752124645892352
GSM6339603	CCTCCTGAGCACCACA-1	3967	4295	1.0826821275523066
GSM6339603	CCTCCTGAGCGGTTAT-1	39517	58439	1.4788318951337398
GSM6339603	CCTCCTGAGCTCATAA-1	502	619	1.2330677290836654
GSM6339603	CCTCCTGAGGCTACTG-1	3615	3941	1.0901798063623789
GSM6339603	CCTCCTGAGTTATGTG-1	36674	47422	1.2930686589954736
GSM6339603	CCTCCTGAGTTTAACG-1	24488	35971	1.468923554393989
GSM6339603	CCTCCTGAGTTTGGTA-1	21391	36890	1.7245570567060913
GSM6339603	CCTGAATAGCATGCAT-1	3628	3787	1.0438257993384785
GSM6339603	CCTGAATAGCTAGAAG-1	1049	1098	1.0467111534795044
GSM6339603	CCTGAATAGGGCTAAA-1	2853	2709	0.9495268138801262
GSM6339603	CCTGAATAGTTTCCGC-1	26375	33500	1.2701421800947867
GSM6339603	CCTGACTTCACAGGAA-1	16538	15129	0.9148022735518201
GSM6339603	CCTGACTTCATGAGCT-1	7075	5126	0.7245229681978799
GSM6339603	CCTGACTTCGCAAACT-1	15348	14544	0.947615324472244
GSM6339603	CCTGACTTCTAATCTC-1	14110	13937	0.9877391920623672
GSM6339603	CCTGACTTCTGCAAGT-1	4033	3075	0.7624597074138358
GSM6339603	CCTGACTTCTGTTGCC-1	8018	6514	0.8124220503866301
GSM6339603	CCTGAGTCAAAGGTAC-1	1175	1338	1.1387234042553191
GSM6339603	CCTGAGTCAATTAAGG-1	3539	3765	1.0638598474145238
GSM6339603	CCTGAGTCAATTTAGC-1	2261	2455	1.0858027421494914
GSM6339603	CCTGAGTCACCATATG-1	11138	11078	0.9946130364517867
GSM6339603	CCTGAGTCACTTCATC-1	7808	8077	1.034451844262295
GSM6339603	CCTGAGTCATCATGGC-1	6627	6665	1.0057341180021127
GSM6339603	CCTGAGTCATTGCAGC-1	3029	3451	1.139319907560251
GSM6339603	CCTGATGAGGTGAGAC-1	2321	2622	1.129685480396381
GSM6339603	CCTGATGAGGTTACGT-1	5499	6746	1.2267685033642481
GSM6339603	CCTGATGAGTAGAGGC-1	2126	2561	1.204609595484478
GSM6339603	CCTGATGAGTCCTTTG-1	700	596	0.8514285714285714
GSM6339603	CCTGCTCCAAAGCTAA-1	11165	12502	1.1197492163009404
GSM6339603	CCTGCTCCACAGACTC-1	7446	7182	0.9645447219983884
GSM6339603	CCTGCTCCACGTAATT-1	3788	3934	1.0385427666314677
GSM6339603	CCTGCTCCACTGGCCA-1	2118	2283	1.0779036827195467
GSM6339603	CCTGCTCCACTTAGGC-1	980	931	0.95
GSM6339603	CCTGCTCCAGAGGGAG-1	1231	1341	1.0893582453290007
GSM6339603	CCTGCTCCATTGCGGT-1	3925	4705	1.1987261146496815
GSM6339603	CCTGGATCAAATTCGT-1	23488	22680	0.965599455040872
GSM6339603	CCTGGATCACTAGGTC-1	1383	1587	1.1475054229934925
GSM6339603	CCTGGATCACTTCATC-1	8546	8354	0.9775333489351743
GSM6339603	CCTGGATCAGCAACAG-1	1511	1238	0.8193249503639973
GSM6339603	CCTGGATCAGGAATCG-1	2713	3134	1.155178768890527
GSM6339603	CCTGGTAAGCATTAGC-1	3049	3244	1.0639553952115448
GSM6339603	CCTGGTAAGCTGAGGG-1	32237	39427	1.223035642274405
GSM6339603	CCTGGTAAGCTGTACG-1	3393	4102	1.2089596227527262
GSM6339603	CCTGGTAAGGACAACA-1	3274	3999	1.2214416615760537
GSM6339603	CCTGGTAAGGCCCAGT-1	14469	12117	0.8374455732946299
GSM6339603	CCTGGTAAGGCTTAAC-1	713	888	1.2454417952314165
GSM6339603	CCTGGTAAGGTCCTAG-1	17174	16388	0.954233143123326
GSM6339603	CCTGGTAAGTCATTTC-1	991	1118	1.1281533804238144
GSM6339603	CCTGTAACAACATAAG-1	10750	10646	0.9903255813953489
GSM6339603	CCTGTAACAATGAAGC-1	13689	11665	0.8521440572722624
GSM6339603	CCTGTAACAATGCGCT-1	7195	7863	1.0928422515635858
GSM6339603	CCTGTAACAATTAGGA-1	15793	13126	0.8311277148103591
GSM6339603	CCTGTAACACATGCTA-1	3169	3406	1.0747869990533292
GSM6339603	CCTGTAACACCGGTAT-1	1185	1730	1.459915611814346
GSM6339603	CCTGTAACACCTAATG-1	4105	4725	1.151035322777101
GSM6339603	CCTGTAACACTGGCTG-1	13701	12135	0.8857017735931684
GSM6339603	CCTGTAACAGGAAGCC-1	4697	2975	0.6333830104321908
GSM6339603	CCTGTAACATCCCTCA-1	27542	37215	1.3512090625226927
GSM6339603	CCTGTATGTCCTTCAG-1	4714	5846	1.2401357658039882
GSM6339603	CCTGTATGTCCTTCTC-1	10437	10615	1.0170547092076268
GSM6339603	CCTGTATGTCTAACCT-1	17204	18578	1.0798651476400838
GSM6339603	CCTGTATGTGAACAAA-1	3362	3966	1.17965496728138
GSM6339603	CCTGTATGTGCAACTA-1	9096	6050	0.6651275285839929
GSM6339603	CCTGTATGTGGATTAT-1	31110	49080	1.5776277724204435
GSM6339603	CCTGTATGTGTGAGGA-1	12661	10577	0.8354000473896217
GSM6339603	CCTGTATGTGTTGTAG-1	4932	5384	1.091646390916464
GSM6339603	CCTGTATGTTCCGGCT-1	13189	9818	0.744408218970354
GSM6339603	CCTGTATGTTCGCTCA-1	2875	3713	1.2914782608695652
GSM6339603	CCTGTATGTTGAGGTC-1	3934	5362	1.3629893238434163
GSM6339603	CCTGTATGTTTATCGC-1	4816	2907	0.6036129568106312
GSM6339603	CCTGTATGTTTCCGGC-1	32506	39202	1.2059927398018828
GSM6339603	CCTGTTGGTACCGGAT-1	18623	16100	0.8645223648176985
GSM6339603	CCTGTTGGTATTTGCC-1	568	634	1.1161971830985915
GSM6339603	CCTGTTGGTCAGGCCA-1	2015	2420	1.2009925558312655
GSM6339603	CCTGTTGGTCTCAGCC-1	27204	33935	1.247426848992795
GSM6339603	CCTGTTGGTGCGCGTA-1	1303	1249	0.9585571757482733
GSM6339603	CCTGTTGGTTTGCGAA-1	22189	29421	1.325927261255577
GSM6339603	CCTTAACGTAACCACA-1	14354	14728	1.0260554549254564
GSM6339603	CCTTAACGTAAGTCGC-1	1097	1277	1.1640838650866
GSM6339603	CCTTAACGTGAGGTAG-1	8788	8043	0.9152253072371416
GSM6339603	CCTTAACGTTAAGCCA-1	1412	1613	1.1423512747875355
GSM6339603	CCTTAACGTTATCCTA-1	1443	1044	0.7234927234927235
GSM6339603	CCTTAACGTTGCAATG-1	3342	3778	1.1304608019150209
GSM6339603	CCTTAACGTTGCGGAT-1	11231	9733	0.8666191790579646
GSM6339603	CCTTAACGTTGGTGAC-1	3607	4011	1.1120044358192405
GSM6339603	CCTTACTCACAGAAAC-1	877	1015	1.1573546180159635
GSM6339603	CCTTACTCAGGAAGCC-1	10212	9617	0.9417352134743439
GSM6339603	CCTTACTCAGGATTAA-1	5861	8468	1.444804640846272
GSM6339603	CCTTACTCATCCCGCT-1	469	595	1.2686567164179106
GSM6339603	CCTTAGTGTTGTAACG-1	1373	1132	0.8244719592134013
GSM6339603	CCTTATGTCAAGCTAC-1	514	602	1.171206225680934
GSM6339603	CCTTATGTCGCTAGCA-1	1825	2096	1.1484931506849314
GSM6339603	CCTTATGTCGGTCAGC-1	1592	1772	1.1130653266331658
GSM6339603	CCTTATGTCGTAATCA-1	1216	1530	1.2582236842105263
GSM6339603	CCTTATGTCGTACCGA-1	25496	24197	0.9490508315029809
GSM6339603	CCTTCAATCATAGCCG-1	527	661	1.25426944971537
GSM6339603	CCTTCAATCCCTCAAC-1	1935	2479	1.2811369509043928
GSM6339603	CCTTCAATCCTAAGGT-1	2554	2866	1.1221613155833985
GSM6339603	CCTTCAATCGTTACTT-1	712	789	1.1081460674157304
GSM6339603	CCTTCAATCGTTATCT-1	2384	2813	1.1799496644295302
GSM6339603	CCTTCAGGTACAAAGA-1	2040	2411	1.1818627450980392
GSM6339603	CCTTCAGGTATACTGG-1	3333	3696	1.108910891089109
GSM6339603	CCTTCAGGTCATAGAT-1	27368	37249	1.3610420929552762
GSM6339603	CCTTCAGGTTAGGCTA-1	13141	10682	0.8128757324404535
GSM6339603	CCTTCAGGTTGTTCAC-1	13970	15308	1.0957766642806013
GSM6339603	CCTTCGGTCGAAGTGA-1	5217	3909	0.7492811960897068
GSM6339603	CCTTCGTAGAAAGGAA-1	40145	49632	1.2363183459957654
GSM6339603	CCTTCGTAGCCACATG-1	31727	39989	1.260409115264601
GSM6339603	CCTTCGTAGCCATCAG-1	579	588	1.0155440414507773
GSM6339603	CCTTCGTAGTCATTAG-1	1385	1388	1.0021660649819495
GSM6339603	CCTTGCGTCAAATCGC-1	19205	19650	1.023171049205936
GSM6339603	CCTTGCGTCCTAAGAC-1	2511	2897	1.1537236160892075
GSM6339603	CCTTGCGTCCTTGCGT-1	30853	36836	1.1939195540141962
GSM6339603	CCTTGCGTCCTTTACG-1	573	643	1.1221640488656195
GSM6339603	CCTTGCGTCGGTCAGC-1	7975	5713	0.7163636363636363
GSM6339603	CCTTGCGTCGTTAACA-1	17020	14941	0.877849588719154
GSM6339603	CCTTGCGTCTTTAAGG-1	498	526	1.0562248995983936
GSM6339603	CCTTGTTCAACAACAA-1	4556	4894	1.0741878841088675
GSM6339603	CCTTGTTCAATGCCTA-1	4076	3870	0.94946025515211
GSM6339603	CCTTGTTCACCAAAGG-1	2684	2682	0.9992548435171386
GSM6339603	CCTTGTTCAGTAAAGC-1	18786	17166	0.9137655701053976
GSM6339603	CCTTGTTCATCGCTCC-1	2374	2631	1.1082561078348778
GSM6339603	CCTTGTTCATGGCCTG-1	1876	2053	1.0943496801705757
GSM6339603	CCTTGTTCATTATGAC-1	1905	1869	0.9811023622047244
GSM6339603	CCTTTAGTCAAACTCA-1	2283	2641	1.1568112133158126
GSM6339603	CCTTTAGTCAATGACC-1	25956	31622	1.2182924949915241
GSM6339603	CCTTTAGTCAGCAAGA-1	994	927	0.9325955734406438
GSM6339603	CCTTTAGTCGTTACTT-1	40489	45409	1.121514485415792
GSM6339603	CCTTTAGTCTCAATAG-1	742	706	0.9514824797843666
GSM6339603	CCTTTAGTCTCACATT-1	11433	8169	0.7145106271319863
GSM6339603	CCTTTAGTCTTTGACT-1	1328	1333	1.0037650602409638
GSM6339603	CGAAATGAGCACAGGG-1	1130	1059	0.9371681415929204
GSM6339603	CGAAATGAGCCTGTGA-1	3070	3719	1.211400651465798
GSM6339603	CGAAATGAGCTCAATA-1	817	874	1.069767441860465
GSM6339603	CGAAATGAGGATTTGC-1	706	733	1.038243626062323
GSM6339603	CGAACAAAGACAACAG-1	751	791	1.0532623169107855
GSM6339603	CGAACAAAGCGGTTAT-1	14661	12543	0.8555350931041539
GSM6339603	CGAACAAAGGAACGGT-1	1314	1461	1.1118721461187215
GSM6339603	CGAACAAAGGTTTGAC-1	13995	18027	1.2881028938906753
GSM6339603	CGAACAAAGTAAGTCC-1	1432	1404	0.9804469273743017
GSM6339603	CGAACAAAGTGAAGTG-1	10078	6923	0.6869418535423695
GSM6339603	CGAACCGGTTAGGTGC-1	7465	4783	0.6407233757535165
GSM6339603	CGAAGAATCTTGGATA-1	4261	4662	1.0941093639990613
GSM6339603	CGAAGAATCTTTAAGG-1	855	1095	1.280701754385965
GSM6339603	CGAAGCCTCAACCAAC-1	1674	1518	0.9068100358422939
GSM6339603	CGAAGCCTCATTGTTC-1	16183	16747	1.034851387258234
GSM6339603	CGAAGCCTCCAGGTCA-1	11158	8798	0.7884925613909303
GSM6339603	CGAAGCCTCCCTTGCG-1	27934	48704	1.7435383403737381
GSM6339603	CGAAGCCTCCTGTTCA-1	14467	13740	0.9497477016658602
GSM6339603	CGAAGCCTCGATTTGA-1	2520	3052	1.211111111111111
GSM6339603	CGAAGCCTCGTTACAA-1	1185	1326	1.1189873417721519
GSM6339603	CGAAGCGAGACTAAGG-1	2177	2453	1.1267799724391365
GSM6339603	CGAAGCGAGCAAGGAC-1	18340	19364	1.055834242093784
GSM6339603	CGAAGCGAGCAGGCCT-1	1710	1689	0.987719298245614
GSM6339603	CGAAGCGAGCCTAATA-1	16180	18152	1.1218788627935723
GSM6339603	CGAAGCGAGCTGAGGG-1	1896	2039	1.0754219409282701
GSM6339603	CGAAGCGAGGGATTAG-1	2793	2501	0.895452918009309
GSM6339603	CGAAGGCCAAGCCACT-1	37274	50373	1.3514245855019584
GSM6339603	CGAAGGCCACGAATTT-1	6139	6665	1.0856817071184233
GSM6339603	CGAAGGCCACTGGCCA-1	3727	4325	1.1604507646900992
GSM6339603	CGAAGGCCAGCACGAA-1	1167	998	0.8551842330762639
GSM6339603	CGAAGGCCAGGCTAAG-1	10672	7328	0.6866566716641679
GSM6339603	CGAAGGCCATAGTCAT-1	7157	4972	0.6947044851194635
GSM6339603	CGAAGTAAGAATCGCT-1	2143	2254	1.0517965468968735
GSM6339603	CGAAGTAAGCATCCAG-1	2056	2056	1.0
GSM6339603	CGAAGTAAGCCTCTGT-1	479	546	1.139874739039666
GSM6339603	CGAAGTAAGCGGTTAT-1	1545	1379	0.8925566343042072
GSM6339603	CGAAGTAAGGCGCACT-1	4196	2522	0.6010486177311726
GSM6339603	CGAAGTAAGGCTAATC-1	2463	2585	1.049533089727974
GSM6339603	CGAAGTAAGGGATTAG-1	4324	3073	0.7106845513413506
GSM6339603	CGAAGTAAGGTAGCTT-1	3057	2713	0.8874713771671573
GSM6339603	CGAATATGTAGCAGCT-1	26179	29972	1.1448871232667406
GSM6339603	CGAATATGTATTACCC-1	9886	7328	0.7412502528828646
GSM6339603	CGAATATGTCATCCTG-1	3562	3956	1.1106120157215047
GSM6339603	CGAATATGTCCCGAAG-1	4528	5057	1.1168286219081272
GSM6339603	CGAATATGTGTTGCTT-1	10784	11309	1.048683234421365
GSM6339603	CGAATATGTTACTTGC-1	1907	1924	1.0089145254326166
GSM6339603	CGAATCTAGCTATGAC-1	11522	8772	0.7613261586530117
GSM6339603	CGAATCTAGGCCTTAG-1	7297	6013	0.8240372755927093
GSM6339603	CGAATCTAGGGTCTAT-1	6902	7865	1.1395247754274123
GSM6339603	CGAATCTAGTTTGAGC-1	4512	5244	1.1622340425531914
GSM6339603	CGACAAGCAACAGGTG-1	527	692	1.3130929791271346
GSM6339603	CGACAAGCAACCGCCA-1	1816	2076	1.1431718061674008
GSM6339603	CGACAAGCAGTTTACG-1	21165	20583	0.9725017717930545
GSM6339603	CGACAAGCATCATGGC-1	7751	9010	1.1624306541091471
GSM6339603	CGACCTGCAACTAGGG-1	33477	35081	1.0479134928458345
GSM6339603	CGACCTGCAAGCTTAT-1	5345	5680	1.0626753975678205
GSM6339603	CGACCTGCAATTGAAG-1	6049	6586	1.0887750041329145
GSM6339603	CGACCTGCACCGGTAT-1	3710	4185	1.128032345013477
GSM6339603	CGACCTGCACGAATCC-1	4900	4736	0.966530612244898
GSM6339603	CGACCTGCACTCGCTC-1	2854	2819	0.9877365101611773
GSM6339603	CGACCTGCAGCCTGCA-1	2070	2324	1.122705314009662
GSM6339603	CGACCTGCAGGCTAGA-1	1067	1157	1.0843486410496719
GSM6339603	CGACCTGCAGTGAACG-1	22146	34164	1.5426713627743158
GSM6339603	CGACTAAGTAAACAAG-1	26195	35102	1.3400267226569955
GSM6339603	CGACTAAGTGAACAAA-1	708	656	0.9265536723163842
GSM6339603	CGACTAAGTTGTAACG-1	593	652	1.0994940978077572
GSM6339603	CGACTAAGTTTCCTCC-1	12378	8793	0.7103732428502181
GSM6339603	CGAGCGAAGAATGACG-1	1115	929	0.8331838565022421
GSM6339603	CGAGCGAAGCTAATTG-1	24189	18913	0.7818843275869197
GSM6339603	CGAGCGAAGGCCAATT-1	12682	11881	0.9368396152026495
GSM6339603	CGAGCGAAGTAACGAG-1	38348	42303	1.1031344529049756
GSM6339603	CGAGCTGGTAGTAAGA-1	1481	1866	1.259959486833221
GSM6339603	CGAGCTGGTCATCCTG-1	3056	3781	1.237238219895288
GSM6339603	CGAGCTGGTGCAATGC-1	1524	1392	0.9133858267716536
GSM6339603	CGAGCTGGTTACTTCA-1	3301	3358	1.0172674946985762
GSM6339603	CGAGGAAGTAGCCTCC-1	11727	8770	0.7478468491515307
GSM6339603	CGAGGAAGTAGTTGGC-1	2533	2716	1.072246348203711
GSM6339603	CGAGGAAGTCCTAGTT-1	991	875	0.8829465186680121
GSM6339603	CGAGGAAGTCGCGCAA-1	5237	6212	1.1861752911972503
GSM6339603	CGAGGAAGTCGTTACT-1	29475	26836	0.9104664970313825
GSM6339603	CGAGGAAGTGAAACAA-1	2492	2512	1.0080256821829856
GSM6339603	CGAGGAAGTGCGCATG-1	22416	20555	0.916978943611706
GSM6339603	CGAGGAAGTTACTTGC-1	1989	2296	1.1543489190548013
GSM6339603	CGAGGAAGTTGAGGTC-1	6123	6788	1.1086068920463825
GSM6339603	CGAGGAAGTTGTCATC-1	973	1204	1.2374100719424461
GSM6339603	CGAGGCAAGAGAAGGG-1	18432	20119	1.0915256076388888
GSM6339603	CGAGGCAAGCAAGGGT-1	2433	2547	1.0468557336621456
GSM6339603	CGAGGCAAGCACGATT-1	3428	3722	1.0857642940490082
GSM6339603	CGAGGCAAGCTCATAA-1	18771	17306	0.9219540780991956
GSM6339603	CGAGGCAAGGCGAAAC-1	14907	12953	0.8689206413094519
GSM6339603	CGAGGCAAGGTCCACA-1	1943	2145	1.1039629439011838
GSM6339603	CGAGGCAAGGTTACGT-1	3340	3321	0.994311377245509
GSM6339603	CGAGGCAAGTCATCCC-1	5757	6576	1.1422615945805106
GSM6339603	CGAGGCAAGTTTGCGG-1	4436	5282	1.190712353471596
GSM6339603	CGAGGTGAGCATTATG-1	5627	5686	1.0104851608317043
GSM6339603	CGAGGTGAGCTTACTT-1	720	660	0.9166666666666666
GSM6339603	CGAGGTGAGGAAGCTA-1	914	876	0.9584245076586433
GSM6339603	CGAGGTGAGGCGCACT-1	27668	22425	0.8105031082839381
GSM6339603	CGAGGTGAGGCTAATC-1	8024	9682	1.206630109670987
GSM6339603	CGAGTCGGTAACCACA-1	6336	7037	1.1106376262626263
GSM6339603	CGAGTCGGTATTCGTC-1	7985	6058	0.7586725109580463
GSM6339603	CGAGTCGGTGCGCGTA-1	1801	2117	1.1754580788450861
GSM6339603	CGAGTCGGTTAGAGCC-1	2659	2252	0.8469349379465965
GSM6339603	CGAGTCGGTTTAACGG-1	24299	33121	1.3630602082390222
GSM6339603	CGAGTCGGTTTGGGCG-1	24836	36958	1.488081816717668
GSM6339603	CGATATTCAAATGCCC-1	3901	3766	0.9653934888490131
GSM6339603	CGATATTCAACTGGGA-1	14586	13485	0.9245166598107775
GSM6339603	CGATATTCAAGCTACC-1	1672	1786	1.0681818181818181
GSM6339603	CGATATTCAAGGTATA-1	458	447	0.9759825327510917
GSM6339603	CGATATTCACTGGCTG-1	1023	1197	1.1700879765395895
GSM6339603	CGATATTCAGCAATAA-1	1331	1393	1.046581517655898
GSM6339603	CGATATTCAGGCATGA-1	12568	12261	0.9755728835136855
GSM6339603	CGATATTCAGGGAGCT-1	1598	1891	1.1833541927409261
GSM6339603	CGATATTCAGTAATAG-1	2364	2545	1.0765651438240271
GSM6339603	CGATATTCATGGCCTG-1	3887	4585	1.1795729354257782
GSM6339603	CGATCCTTCAATGTCA-1	2401	2605	1.0849645980841316
GSM6339603	CGATCCTTCCAGGAAA-1	893	934	1.045912653975364
GSM6339603	CGATCCTTCCAGGGAG-1	1044	1079	1.0335249042145593
GSM6339603	CGATCCTTCCCTGTTA-1	2147	2189	1.0195621797857475
GSM6339603	CGATCCTTCCGCCTAT-1	19107	21317	1.1156644161825509
GSM6339603	CGATCCTTCCTAAATG-1	2823	3172	1.1236273467941906
GSM6339603	CGATCCTTCTCCATGC-1	13104	11344	0.8656898656898657
GSM6339603	CGATCCTTCTGGCTTC-1	621	802	1.2914653784219001
GSM6339603	CGATGTCCAAATACCT-1	722	660	0.9141274238227147
GSM6339603	CGATGTCCACCTGCTC-1	21450	24735	1.1531468531468532
GSM6339603	CGATGTCCAGAGAGCC-1	787	855	1.0864040660736975
GSM6339603	CGATGTCCAGCAGGTA-1	2650	2981	1.1249056603773584
GSM6339603	CGATGTCCATGTCAGC-1	3479	3573	1.0270192584075883
GSM6339603	CGATGTCCATTGTGTG-1	438	483	1.1027397260273972
GSM6339603	CGATTATCAAAGCTCC-1	1077	1287	1.1949860724233983
GSM6339603	CGATTATCAACTAGAA-1	1060	951	0.8971698113207547
GSM6339603	CGATTATCAATAATGG-1	836	850	1.0167464114832536
GSM6339603	CGATTATCACAATGCC-1	1202	1226	1.0199667221297837
GSM6339603	CGATTATCAGCACCAT-1	1370	1476	1.0773722627737226
GSM6339603	CGATTATCATTGACAT-1	787	782	0.9936467598475223
GSM6339603	CGATTCCTCAGAAACG-1	1198	1417	1.182804674457429
GSM6339603	CGATTCCTCAGGATGA-1	14895	14274	0.9583081570996979
GSM6339603	CGATTCCTCATTACAG-1	9655	8894	0.9211807353702745
GSM6339603	CGATTCCTCCTAAATG-1	3875	4049	1.0449032258064517
GSM6339603	CGATTCCTCCTCAGTC-1	3784	2840	0.7505285412262156
GSM6339603	CGATTCCTCGCATTAA-1	36102	45374	1.2568278765719352
GSM6339603	CGATTCCTCGGTTTCC-1	12847	13050	1.0158013544018059
GSM6339603	CGATTCCTCTCAATTC-1	1119	1243	1.1108132260947274
GSM6339603	CGATTCCTCTCACACC-1	8116	9783	1.2053967471660916
GSM6339603	CGATTCCTCTGCAACG-1	3396	3583	1.0550647820965842
GSM6339603	CGATTCCTCTGTTCAT-1	1902	2406	1.2649842271293374
GSM6339603	CGATTCCTCTTTGACT-1	729	975	1.337448559670782
GSM6339603	CGATTGAGTGTCCAAA-1	17187	15988	0.9302379705591436
GSM6339603	CGATTGAGTTACAACG-1	633	738	1.1658767772511849
GSM6339603	CGATTTGCAATAATGG-1	23628	27049	1.1447858472998138
GSM6339603	CGATTTGCAATTAACC-1	3029	2676	0.8834598877517332
GSM6339603	CGATTTGCACCATATG-1	3239	3081	0.9512195121951219
GSM6339603	CGATTTGCACCTATAG-1	3302	2217	0.6714112658994549
GSM6339603	CGATTTGCAGGCCAAA-1	1170	1309	1.1188034188034188
GSM6339603	CGATTTGCAGTCTAAT-1	9903	9918	1.001514692517419
GSM6339603	CGATTTGCATCATGGC-1	41137	42809	1.0406446751099983
GSM6339603	CGCAAATTCCGGAACC-1	34516	45442	1.3165488469115771
GSM6339603	CGCAAATTCTTGAGGT-1	3231	5195	1.6078613432373878
GSM6339603	CGCAATAGTACTGAAT-1	588	439	0.7465986394557823
GSM6339603	CGCAATAGTATTGTGG-1	4411	4778	1.0832010881886194
GSM6339603	CGCAATAGTCATTGTC-1	1058	1015	0.9593572778827977
GSM6339603	CGCAATAGTCCTTCAG-1	8455	6888	0.8146658781785926
GSM6339603	CGCAATCCAACTGGCT-1	769	755	0.9817945383615084
GSM6339603	CGCAATCCAATTGACT-1	25725	34909	1.3570068027210884
GSM6339603	CGCAATCCAGGACCAA-1	8852	7320	0.8269317668323543
GSM6339603	CGCAATCCAGTTATCG-1	29043	34561	1.1899941466101986
GSM6339603	CGCAATCCATAATGTC-1	13144	11650	0.8863359707851491
GSM6339603	CGCAATCCATGACTAT-1	1692	1725	1.0195035460992907
GSM6339603	CGCAATGTCAAGCTTA-1	5668	6255	1.1035638673253352
GSM6339603	CGCAATGTCATGAAGG-1	683	726	1.0629575402635432
GSM6339603	CGCAATGTCATGCTAA-1	14313	11234	0.7848808775239293
GSM6339603	CGCAATGTCATGTCAA-1	1785	1721	0.9641456582633053
GSM6339603	CGCAATGTCCCTCAAC-1	3985	4754	1.19297365119197
GSM6339603	CGCAATGTCGCTTCTA-1	861	753	0.8745644599303136
GSM6339603	CGCAATGTCTGGTCCT-1	21519	26040	1.2100934058274084
GSM6339603	CGCAATTAGGATGATG-1	4732	4940	1.043956043956044
GSM6339603	CGCAATTAGGCGTAAA-1	21113	20789	0.98465400464169
GSM6339603	CGCAATTAGGTCAAAG-1	27596	30280	1.097260472532251
GSM6339603	CGCAATTAGTCATTTC-1	27683	39699	1.4340570024925043
GSM6339603	CGCACAATCCGGTTGA-1	31150	40258	1.2923916532905297
GSM6339603	CGCACAATCCTAGTCC-1	19854	23035	1.1602196031026493
GSM6339603	CGCACAATCTAGCTAA-1	988	944	0.9554655870445344
GSM6339603	CGCACAATCTCGCCCA-1	422	435	1.0308056872037914
GSM6339603	CGCACACAGCTCCTTA-1	598	652	1.0903010033444815
GSM6339603	CGCACACAGCTGTAAC-1	2600	3183	1.2242307692307692
GSM6339603	CGCACACAGCTTAGTA-1	939	840	0.8945686900958466
GSM6339603	CGCACACAGGAGCACG-1	1358	1530	1.1266568483063328
GSM6339603	CGCACCACAACTGGCT-1	1915	2172	1.1342036553524804
GSM6339603	CGCACCACAAGCCAGA-1	32594	41521	1.2738847640670061
GSM6339603	CGCACCACAAGGTAAC-1	2985	3215	1.0770519262981575
GSM6339603	CGCACCACAATCCTGA-1	565	644	1.1398230088495576
GSM6339603	CGCACCACACAAAGGT-1	9012	7034	0.7805148690634709
GSM6339603	CGCACCACACATAGCC-1	1526	1664	1.09043250327654
GSM6339603	CGCACCACACTATGGC-1	1878	2005	1.0676251331203408
GSM6339603	CGCACCACACTGACCG-1	1387	1594	1.1492429704397982
GSM6339603	CGCACCACATAAGCAA-1	1833	2254	1.2296781232951446
GSM6339603	CGCACCACATCGCTCC-1	1219	1345	1.103363412633306
GSM6339603	CGCACCACATTGTGTG-1	1711	2063	1.2057276446522502
GSM6339603	CGCATATAGATGCCTG-1	15568	14074	0.9040339157245632
GSM6339603	CGCATATAGATGGACA-1	1355	1511	1.115129151291513
GSM6339603	CGCATATAGCAAGGTA-1	497	561	1.1287726358148893
GSM6339603	CGCATATAGCTGGCTA-1	21537	25171	1.1687328783024562
GSM6339603	CGCATATAGGAGGTTA-1	687	378	0.5502183406113537
GSM6339603	CGCATATAGGCAGGTG-1	1331	1521	1.1427498121712998
GSM6339603	CGCATATAGGTCCTAG-1	34082	40448	1.186784813097823
GSM6339603	CGCATATAGGTCGATT-1	31708	43403	1.368834363567554
GSM6339603	CGCATATAGTCATTTC-1	19308	17923	0.9282680754091568
GSM6339603	CGCATATAGTGTTGTA-1	1095	1016	0.9278538812785389
GSM6339603	CGCATATAGTTTGTCT-1	1645	1934	1.1756838905775076
GSM6339603	CGCATGATCAGGATGA-1	1704	1809	1.0616197183098592
GSM6339603	CGCATGATCATCAGTA-1	16953	16295	0.9611868105939951
GSM6339603	CGCATGATCATTGACA-1	501	427	0.8522954091816367
GSM6339603	CGCATGATCCGGAACC-1	1240	1379	1.1120967741935484
GSM6339603	CGCATGATCCTGATGG-1	6002	4117	0.68593802065978
GSM6339603	CGCATGATCCTTGAGG-1	29636	35332	1.1921986772843838
GSM6339603	CGCATGATCGCTATGG-1	12520	11082	0.8851437699680511
GSM6339603	CGCATGATCGGCCAGT-1	1531	1608	1.0502939255388635
GSM6339603	CGCATGATCGGTCAAT-1	19919	19498	0.9788644008233345
GSM6339603	CGCATGATCGGTTTGG-1	1490	1705	1.1442953020134228
GSM6339603	CGCATGATCGTTTCTG-1	5420	5577	1.0289667896678967
GSM6339603	CGCATGATCTACTAAG-1	13602	14198	1.0438170857226878
GSM6339603	CGCATGATCTCACATT-1	1311	1094	0.8344774980930587
GSM6339603	CGCATGATCTCCATGC-1	1928	2030	1.0529045643153527
GSM6339603	CGCATTACACTTCACT-1	1727	1850	1.0712217718587145
GSM6339603	CGCATTACAGGCAAGC-1	7868	4725	0.6005338078291815
GSM6339603	CGCATTACAGTTGCGT-1	543	517	0.9521178637200737
GSM6339603	CGCATTACATAAACCT-1	1619	1711	1.0568252007411982
GSM6339603	CGCATTACATGCAACC-1	835	756	0.9053892215568863
GSM6339603	CGCATTTGTACGTTTC-1	3084	3446	1.1173800259403373
GSM6339603	CGCATTTGTATTTGGG-1	8918	8200	0.9194886745907154
GSM6339603	CGCATTTGTGATTACG-1	1627	1570	0.9649661954517517
GSM6339603	CGCATTTGTGGAGCAA-1	1022	1206	1.1800391389432485
GSM6339603	CGCATTTGTGTCCAGG-1	2196	2207	1.0050091074681238
GSM6339603	CGCATTTGTGTGAGGA-1	440	408	0.9272727272727272
GSM6339603	CGCATTTGTTAACACG-1	21436	20148	0.9399141630901288
GSM6339603	CGCATTTGTTACTTGC-1	644	643	0.9984472049689441
GSM6339603	CGCATTTGTTAGTGAT-1	3805	3834	1.0076215505913273
GSM6339603	CGCATTTGTTCCTGAT-1	13993	12140	0.86757664546559
GSM6339603	CGCATTTGTTTGTTGC-1	9185	8473	0.9224823081110506
GSM6339603	CGCCAAATCATTGCAA-1	1746	2144	1.2279495990836198
GSM6339603	CGCCAAATCCTAACGG-1	612	456	0.7450980392156863
GSM6339603	CGCCAAATCCTTCTAG-1	6149	6106	0.993006993006993
GSM6339603	CGCCAAATCTAACTGA-1	10356	12334	1.191000386249517
GSM6339603	CGCCAAATCTATCGCC-1	418	478	1.1435406698564594
GSM6339603	CGCCACACAAGGTAAC-1	36800	46497	1.2635054347826087
GSM6339603	CGCCACACATCACAGC-1	2020	2266	1.121782178217822
GSM6339603	CGCCACACATCACTTC-1	416	282	0.6778846153846154
GSM6339603	CGCCTCATCAAACCGT-1	2938	3224	1.0973451327433628
GSM6339603	CGCCTCATCAAATCGC-1	593	608	1.0252951096121417
GSM6339603	CGCCTCATCAAGTGTC-1	642	727	1.132398753894081
GSM6339603	CGCCTCATCAGGTTTA-1	2772	3016	1.0880230880230881
GSM6339603	CGCCTCATCATGACCG-1	593	679	1.145025295109612
GSM6339603	CGCCTCATCCCTGGTT-1	794	811	1.021410579345088
GSM6339603	CGCCTCATCCTCCCTC-1	960	983	1.0239583333333333
GSM6339603	CGCCTCATCGTTAGTA-1	2633	3119	1.1845803266236232
GSM6339603	CGCCTCATCTTAGCCC-1	12761	9050	0.709192069587023
GSM6339603	CGCCTGTGTAACAGGG-1	4432	5258	1.1863718411552346
GSM6339603	CGCCTGTGTCATCATC-1	10532	7018	0.6663501709077099
GSM6339603	CGCCTGTGTCATTGTC-1	1883	2014	1.069569835369092
GSM6339603	CGCCTGTGTCTTGCTG-1	755	652	0.8635761589403973
GSM6339603	CGCCTGTGTGAACAAA-1	18841	21300	1.1305132423969004
GSM6339603	CGCCTGTGTGATCATG-1	5451	4818	0.8838745184369841
GSM6339603	CGCCTGTGTGCTAGCG-1	43728	41937	0.9590422612513722
GSM6339603	CGCCTGTGTGTTCCCA-1	477	462	0.9685534591194969
GSM6339603	CGCCTGTGTGTTTGCT-1	8113	10012	1.2340687785036362
GSM6339603	CGCCTGTGTTAACAGT-1	1043	1116	1.0699904122722914
GSM6339603	CGCGATTCAAAGGTAC-1	672	729	1.0848214285714286
GSM6339603	CGCGATTCAAGCGAGC-1	2026	2052	1.012833168805528
GSM6339603	CGCGATTCACCTCAGG-1	15642	16422	1.0498657460682776
GSM6339603	CGCGATTCACGGTACT-1	28825	34297	1.1898352124891587
GSM6339603	CGCGATTCAGGGAGGA-1	508	606	1.1929133858267718
GSM6339603	CGCGGATTCAATCTCT-1	2770	2969	1.071841155234657
GSM6339603	CGCGGATTCACAGCGC-1	1613	1726	1.0700557966522009
GSM6339603	CGCGGATTCCAAACAC-1	1076	1045	0.9711895910780669
GSM6339603	CGCGGATTCCAGGTTG-1	3592	3836	1.0679287305122493
GSM6339603	CGCGGATTCCATAATG-1	1048	1024	0.9770992366412213
GSM6339603	CGCGGATTCCATCAGG-1	1430	1674	1.1706293706293707
GSM6339603	CGCGGATTCGAGGAGT-1	757	643	0.8494055482166446
GSM6339603	CGCGGATTCGTTACAA-1	587	531	0.9045996592844975
GSM6339603	CGCTAACCAGGCTGTT-1	683	463	0.677891654465593
GSM6339603	CGCTAACCAGTTTCTC-1	2839	3067	1.0803099682986967
GSM6339603	CGCTAACCATAAGCAA-1	797	882	1.1066499372647427
GSM6339603	CGCTAACCATCTAGCA-1	2481	2799	1.1281741233373639
GSM6339603	CGCTAACCATGAATAG-1	3268	3501	1.071297429620563
GSM6339603	CGCTAACCATGAGCAG-1	9088	10230	1.1256602112676057
GSM6339603	CGCTAACCATGCAACC-1	1645	1826	1.110030395136778
GSM6339603	CGCTAATAGAATCGCT-1	2255	2639	1.170288248337029
GSM6339603	CGCTAATAGAATGACG-1	1465	1632	1.1139931740614335
GSM6339603	CGCTAATAGACTAAGG-1	2558	2790	1.0906958561376074
GSM6339603	CGCTAATAGCATGTTA-1	5778	6422	1.1114572516441674
GSM6339603	CGCTAATAGGATCCGC-1	10219	10284	1.0063607006556414
GSM6339603	CGCTAATAGTAACAGG-1	2575	3194	1.2403883495145631
GSM6339603	CGCTAATAGTCACCAG-1	5705	6905	1.21034180543383
GSM6339603	CGCTAATAGTCGCTAG-1	921	949	1.0304017372421281
GSM6339603	CGCTACTTCAATGTCA-1	4344	4609	1.0610036832412524
GSM6339603	CGCTACTTCCTCAGTC-1	28836	44910	1.5574282147315854
GSM6339603	CGCTACTTCTCAATGA-1	3705	3995	1.0782726045883941
GSM6339603	CGCTACTTCTTTGAGA-1	2389	2138	0.8949351192967769
GSM6339603	CGCTATGAGATGGAGC-1	3425	4323	1.2621897810218978
GSM6339603	CGCTATGAGGTCGATT-1	1452	1656	1.140495867768595
GSM6339603	CGCTCAGCAAACTAAG-1	839	833	0.9928486293206198
GSM6339603	CGCTCAGCAAGGTAAC-1	19497	20643	1.0587782735805509
GSM6339603	CGCTCAGCAAGGTACG-1	653	663	1.0153139356814702
GSM6339603	CGCTCAGCAAGTGTTT-1	2081	2164	1.0398846708313312
GSM6339603	CGCTCAGCACAACAAA-1	1163	1331	1.1444539982803095
GSM6339603	CGCTCAGCACATTAAC-1	1081	1295	1.1979648473635522
GSM6339603	CGCTCAGCACTGGCCA-1	980	1088	1.110204081632653
GSM6339603	CGCTCAGCAGCAACAG-1	2816	2658	0.9438920454545454
GSM6339603	CGCTCAGCATCAGCAC-1	737	597	0.8100407055630936
GSM6339603	CGCTCAGCATTCAGCA-1	17213	20846	1.2110614070760473
GSM6339603	CGCTCCATCAAATCGC-1	4020	4452	1.1074626865671642
GSM6339603	CGCTCCATCAAGCGCC-1	24510	28180	1.149734802121583
GSM6339603	CGCTCCATCATGCGTG-1	2553	2840	1.1124167645906777
GSM6339603	CGCTCCATCCGGTTAG-1	1317	1337	1.0151860288534549
GSM6339603	CGCTCCATCGATTATG-1	845	876	1.0366863905325443
GSM6339603	CGCTGTGCAAAGCGGC-1	500	568	1.136
GSM6339603	CGCTGTGCAAAGGCCA-1	24781	34342	1.3858197812840483
GSM6339603	CGCTGTGCAGGGAGCT-1	12918	12300	0.9521597770552717
GSM6339603	CGCTGTGCAGTCTATG-1	805	863	1.0720496894409939
GSM6339603	CGCTGTGCAGTGAACG-1	454	486	1.0704845814977975
GSM6339603	CGCTGTGCATGAATCT-1	2329	2685	1.1528553027050237
GSM6339603	CGCTTAACACAAAGAC-1	1025	1114	1.086829268292683
GSM6339603	CGCTTAACACCATATG-1	412	559	1.3567961165048543
GSM6339603	CGCTTAACACGTTACA-1	13016	10378	0.7973263675476336
GSM6339603	CGCTTAACACTAGCGT-1	17842	17916	1.0041475170944962
GSM6339603	CGCTTAACAGGTTCAC-1	1530	1792	1.1712418300653595
GSM6339603	CGCTTAACATGAATCT-1	2200	2325	1.0568181818181819
GSM6339603	CGCTTACTCAATGTCA-1	3222	3072	0.9534450651769087
GSM6339603	CGCTTACTCAGCCAAT-1	1027	1109	1.0798442064264848
GSM6339603	CGCTTACTCATTAGCA-1	18035	13801	0.7652342667036318
GSM6339603	CGCTTACTCCCGTTGT-1	1895	2151	1.1350923482849604
GSM6339603	CGCTTACTCCCTGTTA-1	3534	4139	1.171194114318053
GSM6339603	CGCTTACTCGAGGTGG-1	1876	1943	1.0357142857142858
GSM6339603	CGCTTACTCGCTAAGT-1	34484	44190	1.2814638673007772
GSM6339603	CGCTTACTCGCTAGTG-1	588	752	1.2789115646258504
GSM6339603	CGCTTACTCGTTTCCA-1	23139	25205	1.0892864860192748
GSM6339603	CGCTTACTCTAACCTT-1	1036	1013	0.9777992277992278
GSM6339603	CGCTTACTCTAATTGG-1	833	971	1.1656662665066027
GSM6339603	CGCTTACTCTGCAAGT-1	5877	3420	0.5819295558958653
GSM6339603	CGCTTACTCTTTGTAC-1	23422	27719	1.1834599948766118
GSM6339603	CGCTTCTAGCACTAGT-1	1202	1117	0.9292845257903494
GSM6339603	CGCTTCTAGTGGCGGA-1	2100	2309	1.0995238095238096
GSM6339603	CGCTTGCGTAAGCTCA-1	928	845	0.9105603448275862
GSM6339603	CGCTTGCGTAGTTAAC-1	710	799	1.1253521126760564
GSM6339603	CGCTTGCGTTAACGGC-1	19548	26289	1.344843462246777
GSM6339603	CGCTTGCGTTATCCTA-1	953	1195	1.253934942287513
GSM6339603	CGCTTGCGTTTGCTGT-1	917	1072	1.1690294438386042
GSM6339603	CGGAATCGTAAAGCGG-1	2205	2510	1.1383219954648527
GSM6339603	CGGAATCGTAGCAGCT-1	570	636	1.1157894736842104
GSM6339603	CGGAATCGTCCCGAAG-1	3622	4238	1.1700717835450027
GSM6339603	CGGAATCGTTATAGCG-1	7125	4979	0.6988070175438597
GSM6339603	CGGAATCGTTCATTTG-1	4635	5676	1.2245954692556635
GSM6339603	CGGACAACAAACAACA-1	1963	2137	1.0886398369842079
GSM6339603	CGGACAACAACTAGCC-1	1322	941	0.7118003025718608
GSM6339603	CGGACAACAATGAAGC-1	24199	44716	1.847844952270755
GSM6339603	CGGACAACAGCTTACA-1	21211	22441	1.0579887794069116
GSM6339603	CGGACAACAGGTATTT-1	553	582	1.0524412296564196
GSM6339603	CGGACAACAGTGAACG-1	1382	1102	0.7973950795947902
GSM6339603	CGGACAACATAAGTCT-1	1829	2278	1.245489338436304
GSM6339603	CGGACCTAGAGGAGTC-1	1528	1309	0.856675392670157
GSM6339603	CGGACCTAGCACAGGG-1	40402	54771	1.3556507103608733
GSM6339603	CGGACCTAGCTTCCCG-1	883	973	1.101925254813137
GSM6339603	CGGACCTAGGAACGGT-1	2712	3003	1.1073008849557522
GSM6339603	CGGACCTAGGCCGGAA-1	2611	2981	1.1417081577939487
GSM6339603	CGGACCTAGGCTAATC-1	9781	11005	1.1251405786729374
GSM6339603	CGGACCTAGTAACAGG-1	1288	1253	0.9728260869565217
GSM6339603	CGGACCTAGTTGGATC-1	660	675	1.0227272727272727
GSM6339603	CGGAGCAAGTAACAGG-1	18701	17309	0.9255654777819368
GSM6339603	CGGAGCAAGTGAGAGC-1	2033	2228	1.0959173635022135
GSM6339603	CGGAGTCTCAAATCGC-1	1307	1038	0.7941851568477429
GSM6339603	CGGAGTCTCACTAAGC-1	3290	3578	1.0875379939209726
GSM6339603	CGGAGTCTCATGCTTT-1	2815	3319	1.1790408525754885
GSM6339603	CGGAGTCTCATGGCTG-1	22356	25557	1.1431830381105743
GSM6339603	CGGAGTCTCATTACAG-1	481	508	1.0561330561330562
GSM6339603	CGGAGTCTCCAGGAAA-1	15942	16377	1.0272864132480242
GSM6339603	CGGAGTCTCCCGCAAA-1	35813	41730	1.1652193337614833
GSM6339603	CGGAGTCTCCGCCTCA-1	16061	14732	0.917252973040284
GSM6339603	CGGAGTCTCCGGAACC-1	1218	1300	1.0673234811165846
GSM6339603	CGGAGTCTCCTACCTA-1	1099	1008	0.9171974522292994
GSM6339603	CGGAGTCTCGTTAGTA-1	7296	8526	1.1685855263157894
GSM6339603	CGGATAAAGATGCCTG-1	35757	49750	1.3913359621892216
GSM6339603	CGGATAAAGCGAGTAA-1	1504	1668	1.1090425531914894
GSM6339603	CGGATAAAGGCTGGCT-1	28866	33274	1.152705605210282
GSM6339603	CGGATAAAGGGTCTAT-1	4959	5505	1.1101028433151845
GSM6339603	CGGATAAAGTTAGTTG-1	13864	13272	0.9572994806693594
GSM6339603	CGGATTAGTAAGGTTT-1	17528	14730	0.84036969420356
GSM6339603	CGGATTAGTACGGGTT-1	623	434	0.6966292134831461
GSM6339603	CGGATTAGTCATGAGC-1	2394	2634	1.100250626566416
GSM6339603	CGGATTAGTTTAACGG-1	928	1123	1.2101293103448276
GSM6339603	CGGCAATGTAAGCTCA-1	1294	1505	1.1630602782071098
GSM6339603	CGGCAATGTCAATACG-1	1179	1283	1.0882103477523324
GSM6339603	CGGCAATGTCAATGTG-1	1840	1524	0.8282608695652174
GSM6339603	CGGCAATGTTGAGGTC-1	3941	2448	0.6211621415884293
GSM6339603	CGGCCATAGACAACGA-1	11243	9847	0.8758338521746865
GSM6339603	CGGCCATAGACAAGTG-1	5407	6482	1.1988163491769928
GSM6339603	CGGCCATAGCACAGCC-1	2264	2576	1.137809187279152
GSM6339603	CGGCCATAGCATCCAG-1	5670	5826	1.0275132275132275
GSM6339603	CGGCCATAGCTTAACA-1	5131	5863	1.1426622490742546
GSM6339603	CGGCCATAGTCAATCA-1	1974	2144	1.0861195542046607
GSM6339603	CGGCTAATCACAGGAA-1	991	952	0.9606458123107972
GSM6339603	CGGCTAATCATAATCG-1	40910	53363	1.304399902224395
GSM6339603	CGGCTAATCCCTTGCG-1	17248	14088	0.8167903525046383
GSM6339603	CGGCTAATCCTAGTTT-1	2330	2698	1.1579399141630902
GSM6339603	CGGCTAATCCTGGTCT-1	14972	11687	0.7805904354795619
GSM6339603	CGGCTAATCTAACCAA-1	1164	1333	1.145189003436426
GSM6339603	CGGCTAATCTCCATGC-1	2830	3145	1.1113074204946995
GSM6339603	CGGCTCACACACCAAC-1	586	609	1.0392491467576792
GSM6339603	CGGCTCACATAAGTCT-1	2081	2527	1.2143200384430561
GSM6339603	CGGGACAAGAACCTGT-1	3053	3937	1.2895512610547002
GSM6339603	CGGGACAAGATTCCTT-1	8658	8837	1.0206745206745207
GSM6339603	CGGGACAAGCTGGCTA-1	13307	13361	1.0040580145787932
GSM6339603	CGGGACAAGGAACACA-1	1852	2403	1.2975161987041037
GSM6339603	CGGGACAAGGACCGCT-1	26942	38506	1.4292183208373543
GSM6339603	CGGGACAAGGTGAAAT-1	3155	4340	1.375594294770206
GSM6339603	CGGGACAAGTAACCCG-1	2702	3365	1.2453737971872687
GSM6339603	CGGGACAAGTATCGCG-1	2778	2803	1.0089992800575953
GSM6339603	CGGGACAAGTTCCCAC-1	412	522	1.266990291262136
GSM6339603	CGGGACAAGTTGGATC-1	23258	23109	0.993593602201393
GSM6339603	CGGGCTTAGCCACATG-1	792	543	0.6856060606060606
GSM6339603	CGGGCTTAGTAAGTGG-1	1193	1319	1.1056160938809723
GSM6339603	CGGGCTTAGTCAATTG-1	18537	24665	1.330582079085073
GSM6339603	CGGGTATGTATTTGGG-1	1369	1543	1.127100073046019
GSM6339603	CGGGTATGTCTTTGAC-1	10147	9777	0.9635360204986696
GSM6339603	CGGGTATGTGACCTGG-1	27255	29940	1.0985140341221795
GSM6339603	CGGGTATGTGTGTGGT-1	9327	7821	0.8385332904470891
GSM6339603	CGGGTATGTTAGGATT-1	16970	21288	1.254449027695934
GSM6339603	CGGGTATGTTGGTTAG-1	2021	3491	1.727362691736764
GSM6339603	CGGGTATGTTGTAAAC-1	2883	2844	0.9864724245577523
GSM6339603	CGGGTATGTTTCGCCA-1	21068	21643	1.027292576419214
GSM6339603	CGGGTATGTTTGAGGC-1	2598	2469	0.9503464203233256
GSM6339603	CGGGTATGTTTGTCTA-1	1211	1425	1.176713459950454
GSM6339603	CGGGTCTAGATTGAGG-1	3171	3873	1.2213812677388836
GSM6339603	CGGGTCTAGCATGTTA-1	1710	2011	1.1760233918128655
GSM6339603	CGGGTCTAGCCTAATA-1	523	548	1.0478011472275335
GSM6339603	CGGGTCTAGCCTCTCG-1	1386	1600	1.1544011544011543
GSM6339603	CGGGTCTAGGACTTAC-1	1096	1291	1.177919708029197
GSM6339603	CGGGTCTAGGCTAATC-1	1155	1095	0.948051948051948
GSM6339603	CGGGTCTAGTTGGCCA-1	747	884	1.1834002677376172
GSM6339603	CGGTAACGTGAGGTGA-1	1977	2414	1.2210419828022256
GSM6339603	CGGTGAACAAGGCCAA-1	1198	1298	1.0834724540901504
GSM6339603	CGGTGAACAGAATGAC-1	5159	6965	1.350067842605156
GSM6339603	CGGTGAACATCCATCT-1	2019	2334	1.1560178306092124
GSM6339603	CGGTGAACATCCTGAA-1	2160	2526	1.1694444444444445
GSM6339603	CGGTGAGAGCAACATC-1	546	569	1.0421245421245422
GSM6339603	CGGTGAGAGCAAGATG-1	2205	2151	0.9755102040816327
GSM6339603	CGGTGAGAGCACGTTG-1	14046	13214	0.9407660543927097
GSM6339603	CGGTGAGAGGAGGCAT-1	745	904	1.2134228187919462
GSM6339603	CGGTGAGAGGGACCTC-1	31650	38248	1.2084676145339652
GSM6339603	CGGTGAGAGGGCTAAA-1	10412	8570	0.8230887437572032
GSM6339603	CGGTGAGAGGTTTGCG-1	1193	1429	1.197820620284996
GSM6339603	CGGTGAGAGTACCGCA-1	5560	6436	1.1575539568345323
GSM6339603	CGGTGAGAGTTTGAGC-1	33349	39712	1.1908003238477916
GSM6339603	CGGTTATAGACAGGTA-1	9230	7621	0.8256771397616468
GSM6339603	CGGTTATAGCAGCTCA-1	3080	3238	1.0512987012987014
GSM6339603	CGGTTATAGGCGAAAC-1	1399	1300	0.9292351679771265
GSM6339603	CGGTTATAGTAGCGGG-1	1749	1692	0.967409948542024
GSM6339603	CGGTTATAGTATCGCG-1	13240	14872	1.123262839879154
GSM6339603	CGGTTATAGTTGTCCC-1	2409	2548	1.057700290577003
GSM6339603	CGGTTCCGTACGTTTC-1	19948	19623	0.9837076398636455
GSM6339603	CGGTTCCGTATTGGAT-1	6170	4745	0.7690437601296597
GSM6339603	CGGTTCCGTCGTAATG-1	387	344	0.8888888888888888
GSM6339603	CGGTTCCGTCTTACTA-1	22283	25155	1.128887492707445
GSM6339603	CGGTTCCGTTGTTGTC-1	35075	26111	0.7444333570919458
GSM6339603	CGGTTGGGTACTGATG-1	1217	1272	1.0451930977814297
GSM6339603	CGGTTGGGTCATTGAG-1	988	1020	1.0323886639676114
GSM6339603	CGGTTGGGTGACATAT-1	521	580	1.1132437619961613
GSM6339603	CGGTTGGGTGCACGCA-1	1142	1214	1.063047285464098
GSM6339603	CGGTTGGGTGGATGTC-1	1189	1226	1.0311185870479394
GSM6339603	CGGTTGGGTTCGCGCT-1	1400	1281	0.915
GSM6339603	CGGTTTCTCCAAGTTA-1	3035	2774	0.914003294892916
GSM6339603	CGGTTTCTCCGCCAAA-1	1095	959	0.8757990867579909
GSM6339603	CGGTTTCTCGCTCACT-1	893	963	1.078387458006719
GSM6339603	CGGTTTCTCGGGACCT-1	2707	2587	0.9556704839305504
GSM6339603	CGGTTTCTCGGTACGC-1	13397	10828	0.8082406508919907
GSM6339603	CGGTTTGAGACAACGA-1	31371	42006	1.3390073634885722
GSM6339603	CGGTTTGAGAGGAGGA-1	2577	2989	1.1598758246022507
GSM6339603	CGGTTTGAGCATGTCG-1	2389	2421	1.0133947258267058
GSM6339603	CGGTTTGAGCATGTTA-1	793	728	0.9180327868852459
GSM6339603	CGGTTTGAGCCTGATG-1	13884	15891	1.1445548833189283
GSM6339603	CGGTTTGAGGAACGCG-1	1072	959	0.894589552238806
GSM6339603	CGGTTTGAGGTACCGC-1	16611	17565	1.0574318222864367
GSM6339603	CGTAACCCAAGGAATC-1	19133	13752	0.7187581665185805
GSM6339603	CGTAACCCACAATACT-1	880	922	1.0477272727272726
GSM6339603	CGTAACCCACCGGTAT-1	15359	13996	0.9112572433101114
GSM6339603	CGTAACCCAGGACACA-1	815	806	0.9889570552147239
GSM6339603	CGTAACCCAGTTTACG-1	687	678	0.9868995633187773
GSM6339603	CGTAACCCATAGACCC-1	485	568	1.1711340206185568
GSM6339603	CGTAACCCATCAGTAT-1	1731	2038	1.1773541305603696
GSM6339603	CGTAACCCATGTTGGC-1	1564	1683	1.076086956521739
GSM6339603	CGTAACCCATTGTCCT-1	17274	27438	1.5883987495658214
GSM6339603	CGTAACTAGACTCGCA-1	8720	6442	0.7387614678899083
GSM6339603	CGTAACTAGCACGATT-1	3625	3942	1.087448275862069
GSM6339603	CGTAACTAGGCGAATA-1	3735	4540	1.215528781793842
GSM6339603	CGTAACTAGGGACTAA-1	15632	15211	0.973068065506653
GSM6339603	CGTAACTAGGTCCACA-1	3321	1886	0.5679012345679012
GSM6339603	CGTAACTAGTAAGTGG-1	36325	30030	0.8267033723331039
GSM6339603	CGTAATGGTACGGTAC-1	470	494	1.0510638297872341
GSM6339603	CGTAATGGTCAGGAAG-1	507	497	0.980276134122288
GSM6339603	CGTAATGGTCCAAGAC-1	2419	2357	0.9743695742042167
GSM6339603	CGTAATGGTGATGATT-1	5285	6037	1.1422894985808894
GSM6339603	CGTAATGGTTGGTGAC-1	4577	5434	1.1872405505789818
GSM6339603	CGTACGGGTAGCCATA-1	20569	23490	1.1420098206038214
GSM6339603	CGTACGGGTCACGAAC-1	510	614	1.203921568627451
GSM6339603	CGTACGGGTTAGAGCC-1	28784	37631	1.307358254585881
GSM6339603	CGTACGGGTTAGTTGG-1	7004	4444	0.6344945745288406
GSM6339603	CGTACGGGTTTGTGGA-1	1465	1387	0.9467576791808874
GSM6339603	CGTAGCGGTAATAGCT-1	1707	1728	1.0123022847100176
GSM6339603	CGTAGCGGTTGGTTCT-1	12279	17167	1.3980780193826858
GSM6339603	CGTAGTTAGGAACCAA-1	1797	1979	1.1012799109627156
GSM6339603	CGTAGTTAGGCAACAA-1	833	635	0.7623049219687875
GSM6339603	CGTAGTTAGGCCGGAA-1	21840	23614	1.0812271062271062
GSM6339603	CGTAGTTAGGGCTTTG-1	2287	2543	1.1119370354175777
GSM6339603	CGTAGTTAGTCAATTG-1	1021	921	0.9020568070519099
GSM6339603	CGTAGTTAGTGAACCT-1	14092	14889	1.0565569117229634
GSM6339603	CGTAGTTAGTTTCCTG-1	9281	12775	1.376468053011529
GSM6339603	CGTATTGCAACCGCCA-1	1380	1681	1.2181159420289855
GSM6339603	CGTATTGCACAAGCCT-1	9550	6996	0.732565445026178
GSM6339603	CGTATTGCACCAGGTT-1	7161	4077	0.5693338919145371
GSM6339603	CGTATTGCACCGGCTA-1	3995	4926	1.2330413016270338
GSM6339603	CGTATTGCACGAATTT-1	2686	2664	0.9918093819806404
GSM6339603	CGTATTGCACTAGGTC-1	2151	2373	1.103207810320781
GSM6339603	CGTATTGCAGCCAGTT-1	727	696	0.9573590096286108
GSM6339603	CGTATTGCAGGCCATT-1	2697	2729	1.0118650352243233
GSM6339603	CGTATTGCAGTAGCCT-1	4106	4441	1.081587920116902
GSM6339603	CGTATTGCATAGCTTG-1	23196	30015	1.2939730988101397
GSM6339603	CGTATTGCATTGTCCT-1	3149	3307	1.0501746586217846
GSM6339603	CGTCAATAGCCGGTAC-1	2324	2287	0.98407917383821
GSM6339603	CGTCAATAGCTAAGTC-1	1850	1719	0.9291891891891891
GSM6339603	CGTCAATAGCTTACTT-1	567	532	0.9382716049382716
GSM6339603	CGTCAATAGGCAAGTA-1	1831	2238	1.2222829055161115
GSM6339603	CGTCAATAGGGTGAAC-1	18806	19115	1.016430926300117
GSM6339603	CGTCAATAGTCACCAG-1	1644	1548	0.9416058394160584
GSM6339603	CGTCATTGTACCCACC-1	1405	1121	0.797864768683274
GSM6339603	CGTCATTGTCCGCTGT-1	1005	893	0.8885572139303483
GSM6339603	CGTCATTGTCCTAACT-1	9868	9731	0.9861167409809485
GSM6339603	CGTCATTGTCTTTGAC-1	2499	2610	1.0444177671068426
GSM6339603	CGTCATTGTGGAAGGC-1	977	991	1.0143295803480041
GSM6339603	CGTCATTGTTCACTGT-1	1488	1725	1.159274193548387
GSM6339603	CGTCCTAGTATTGGTG-1	967	913	0.9441571871768356
GSM6339603	CGTCCTAGTTTACCGT-1	1636	1841	1.1253056234718826
GSM6339603	CGTGACATCAACAAGG-1	905	964	1.065193370165746
GSM6339603	CGTGACATCACACAGT-1	7108	8088	1.1378728193584693
GSM6339603	CGTGACATCAGGCTAT-1	25280	31815	1.2585047468354431
GSM6339603	CGTGACATCATTGTCT-1	14311	13489	0.942561665851443
GSM6339603	CGTGACATCCCGTTAC-1	3615	3982	1.1015214384508991
GSM6339603	CGTGACATCCGGGACT-1	3558	3952	1.1107363687464868
GSM6339603	CGTGACATCCTAACGG-1	4292	3443	0.8021901211556384
GSM6339603	CGTGACATCCTTCGTA-1	2994	3490	1.1656646626586507
GSM6339603	CGTGACATCGATAACC-1	26024	32760	1.2588379956962803
GSM6339603	CGTGACATCGGTCAGC-1	8935	6185	0.6922216004476777
GSM6339603	CGTGACATCTCATCAT-1	2294	2471	1.0771578029642546
GSM6339603	CGTGACATCTGTGAGT-1	9319	7338	0.7874235432986372
GSM6339603	CGTGAGGAGGCATTAC-1	832	978	1.1754807692307692
GSM6339603	CGTGAGGAGGCTAGAA-1	1553	1773	1.1416613007083065
GSM6339603	CGTGAGGAGTAACGAG-1	13323	11205	0.8410267957667192
GSM6339603	CGTGAGGAGTCAATTG-1	18180	18176	0.9997799779977998
GSM6339603	CGTGAGGAGTTAACCA-1	2080	2080	1.0
GSM6339603	CGTGCACAGCATCCAG-1	33308	32316	0.9702173651975501
GSM6339603	CGTGCACAGTTCCTGC-1	849	877	1.032979976442874
GSM6339603	CGTGCTGCAAGTAAGC-1	7120	6381	0.8962078651685393
GSM6339603	CGTGCTGCACAACAGG-1	2255	2599	1.152549889135255
GSM6339603	CGTGCTGCAGAATGAC-1	20417	19684	0.9640985453298722
GSM6339603	CGTGCTGCAGGCATCT-1	1727	1927	1.115807759119861
GSM6339603	CGTGCTGCAGGTTATT-1	463	462	0.9978401727861771
GSM6339603	CGTGCTGCATGAATCT-1	35711	40061	1.12181120663101
GSM6339603	CGTGCTGCATTCCTGT-1	725	789	1.0882758620689654
GSM6339603	CGTGCTGCATTGCGGT-1	3132	3356	1.0715197956577267
GSM6339603	CGTGCTTTCAGGATGA-1	1951	2093	1.0727831881086622
GSM6339603	CGTGCTTTCATAACTG-1	1808	1792	0.9911504424778761
GSM6339603	CGTGCTTTCCAAGTGT-1	942	1007	1.0690021231422506
GSM6339603	CGTGCTTTCCGGCTAA-1	4123	4805	1.1654135338345866
GSM6339603	CGTGCTTTCCTCACTA-1	720	761	1.0569444444444445
GSM6339603	CGTGCTTTCGAGGAGT-1	27407	30900	1.1274491918123106
GSM6339603	CGTGCTTTCGATATTG-1	676	653	0.9659763313609467
GSM6339603	CGTGCTTTCTCGCCCA-1	484	418	0.8636363636363636
GSM6339603	CGTGCTTTCTGCAACG-1	926	850	0.91792656587473
GSM6339603	CGTGGTTCAGGCAAGC-1	21950	26856	1.223507972665148
GSM6339603	CGTGGTTCATCTTGAG-1	44646	45447	1.017941136943959
GSM6339603	CGTGGTTCATGTCGCG-1	10685	12382	1.1588207767898924
GSM6339603	CGTGGTTCATTGGGAG-1	24038	26946	1.1209751227223563
GSM6339603	CGTGTGTCAACTCGCG-1	32292	43329	1.3417874396135265
GSM6339603	CGTGTGTCAAGATTCT-1	504	554	1.0992063492063493
GSM6339603	CGTGTGTCACCAGCAT-1	7737	5114	0.6609797078971178
GSM6339603	CGTGTGTCACCTAAGC-1	37631	42650	1.1333740798809493
GSM6339603	CGTGTGTCAGGAAGCC-1	8535	6816	0.7985940246045694
GSM6339603	CGTGTGTCAGGCGAGT-1	18798	18227	0.9696244281306522
GSM6339603	CGTGTGTCATTAGCGC-1	16671	28707	1.7219722872053267
GSM6339603	CGTGTTACAAAGGTAC-1	18070	18076	1.0003320420586608
GSM6339603	CGTGTTACAATGCCTA-1	15786	14131	0.8951602685924237
GSM6339603	CGTGTTACAATTGACT-1	11518	12179	1.057388435492273
GSM6339603	CGTGTTACACGAATTT-1	6149	6777	1.1021304277118231
GSM6339603	CGTGTTACACTAAGTT-1	3122	3246	1.0397181294042281
GSM6339603	CGTGTTACAGCTCATA-1	4622	4888	1.057550843790567
GSM6339603	CGTGTTACATAGGCGA-1	1858	2163	1.1641550053821312
GSM6339603	CGTGTTACATTAGCGC-1	20013	25507	1.2745215609853595
GSM6339603	CGTTAAATCAATAGCC-1	1225	1322	1.0791836734693878
GSM6339603	CGTTAAATCAGGAAGC-1	543	513	0.9447513812154696
GSM6339603	CGTTAAATCATAACTG-1	2112	2412	1.1420454545454546
GSM6339603	CGTTAAATCCTAGTTT-1	4222	4970	1.177167219327333
GSM6339603	CGTTAACAGACTTACA-1	17497	14563	0.8323141109904555
GSM6339603	CGTTAACAGGCCAATT-1	19734	17770	0.900476335258944
GSM6339603	CGTTAACAGGCCTGGT-1	1426	1309	0.9179523141654979
GSM6339603	CGTTAACAGGGACTAA-1	3264	3703	1.1344975490196079
GSM6339603	CGTTAACAGGTCCTAG-1	4513	5148	1.14070463106581
GSM6339603	CGTTAACAGGTTTGCG-1	1581	1822	1.1524351676154332
GSM6339603	CGTTAACAGTAGCGCC-1	1967	1909	0.9705134722928317
GSM6339603	CGTTAGGTCAATTACG-1	1449	1558	1.075224292615597
GSM6339603	CGTTAGGTCACCGGTA-1	889	1051	1.1822272215973004
GSM6339603	CGTTAGGTCATGGTGT-1	17923	21419	1.1950566311443396
GSM6339603	CGTTAGGTCGAGGAGT-1	9010	6569	0.7290788013318535
GSM6339603	CGTTAGGTCGATAACC-1	14423	17054	1.182416972890522
GSM6339603	CGTTAGTAGCCTGTTC-1	8579	9415	1.0974472549248164
GSM6339603	CGTTAGTAGGAAGCTA-1	2284	2423	1.0608581436077058
GSM6339603	CGTTAGTAGGATGATG-1	5539	6641	1.198952879581152
GSM6339603	CGTTAGTAGGCCGGAA-1	23198	27154	1.1705319424088283
GSM6339603	CGTTAGTAGGCGAATA-1	3620	4079	1.1267955801104972
GSM6339603	CGTTAGTAGTGAACAG-1	1787	2013	1.1264689423614997
GSM6339603	CGTTAGTAGTTCCCGT-1	5385	6981	1.2963788300835655
GSM6339603	CGTTAGTAGTTTGAGC-1	3414	3557	1.0418863503222027
GSM6339603	CGTTATCGTATTGGTG-1	1451	1099	0.757408683666437
GSM6339603	CGTTATCGTCAACAAT-1	3040	3602	1.1848684210526317
GSM6339603	CGTTATCGTGAGCGAA-1	977	983	1.0061412487205732
GSM6339603	CGTTATCGTTACTTGC-1	1261	1041	0.8255352894528152
GSM6339603	CGTTATCGTTGTTGCT-1	793	429	0.5409836065573771
GSM6339603	CGTTATTTCAACAAGG-1	6417	4040	0.6295776842761415
GSM6339603	CGTTATTTCACTTCAT-1	552	503	0.9112318840579711
GSM6339603	CGTTATTTCATAACTG-1	2612	3028	1.1592649310872893
GSM6339603	CGTTATTTCTCGACCT-1	8072	5254	0.6508919722497523
GSM6339603	CGTTGCAAGCAAGGGT-1	10456	7843	0.7500956388676359
GSM6339603	CGTTGCAAGCTAATCA-1	1404	1570	1.1182336182336183
GSM6339603	CGTTGCAAGCTGTCAG-1	16175	18254	1.1285316846986089
GSM6339603	CGTTGCAAGGACTTAC-1	5097	5308	1.0413969001373358
GSM6339603	CGTTGCAAGGCCATCA-1	1220	1111	0.910655737704918
GSM6339603	CGTTGCAAGGGTGAAC-1	4988	4378	0.8777064955894146
GSM6339603	CGTTGCAAGGTACCGC-1	3886	3251	0.8365928975810603
GSM6339603	CGTTGCAAGGTTACGT-1	3968	4538	1.143649193548387
GSM6339603	CGTTGCAAGTTTAACG-1	448	517	1.1540178571428572
GSM6339603	CGTTGCGCAGGCTAAG-1	947	1056	1.1151003167898628
GSM6339603	CGTTGCGCATAAGTCT-1	2136	2103	0.9845505617977528
GSM6339603	CGTTGCGCATTAAACC-1	1622	1622	1.0
GSM6339603	CGTTGCGCATTGTGAT-1	12083	12053	0.997517172887528
GSM6339603	CGTTTCTCAAGGTCGA-1	4588	5159	1.124455100261552
GSM6339603	CGTTTCTCACCCACCT-1	957	1041	1.0877742946708464
GSM6339603	CGTTTCTCAGCAACCT-1	1372	1859	1.3549562682215743
GSM6339603	CGTTTCTCAGTAGGTG-1	5977	7450	1.2464447047013552
GSM6339603	CGTTTCTCAGTTTACG-1	668	740	1.1077844311377245
GSM6339603	CGTTTGGAGATTGAGG-1	1294	1511	1.1676970633693973
GSM6339603	CGTTTGGAGCGATAGA-1	677	821	1.2127031019202363
GSM6339603	CGTTTGGAGCTTGCTC-1	10413	9859	0.9467972726399693
GSM6339603	CGTTTGGAGGCTACAT-1	3237	3736	1.1541550818659252
GSM6339603	CGTTTGGAGTATTGGC-1	22481	26698	1.1875806236377386
GSM6339603	CGTTTGGAGTTATGTG-1	1330	1519	1.1421052631578947
GSM6339603	CTAAAGCTCAATGACC-1	3248	3722	1.145935960591133
GSM6339603	CTAAAGCTCAATGAGG-1	4347	4718	1.0853462157809983
GSM6339603	CTAAAGCTCGATTTAG-1	1248	1419	1.1370192307692308
GSM6339603	CTAAAGCTCGGCCATA-1	5955	6848	1.1499580184718723
GSM6339603	CTAAAGCTCTAACTGA-1	514	628	1.2217898832684826
GSM6339603	CTAAAGCTCTTGCAGG-1	1987	1690	0.8505284348263714
GSM6339603	CTAAATGTCAATACGC-1	852	1004	1.1784037558685445
GSM6339603	CTAAATGTCACAGACT-1	3870	4361	1.12687338501292
GSM6339603	CTAAATGTCATCACTT-1	4076	4341	1.0650147203140334
GSM6339603	CTAAATGTCCCTGGTT-1	2224	2595	1.16681654676259
GSM6339603	CTAAATGTCCGGCTAA-1	605	784	1.2958677685950413
GSM6339603	CTAAATGTCCGTCCAT-1	3636	2989	0.8220572057205721
GSM6339603	CTAAATGTCGCACAAT-1	24315	33685	1.3853588319967098
GSM6339603	CTAAATGTCGGTTAGT-1	526	478	0.908745247148289
GSM6339603	CTAACCACACCGTTCC-1	601	648	1.0782029950083194
GSM6339603	CTAACCACACTTACAG-1	15467	15425	0.997284541281438
GSM6339603	CTAACCACAGTACCGT-1	2525	2794	1.1065346534653466
GSM6339603	CTAACCACATAGCGAG-1	4152	4510	1.086223506743738
GSM6339603	CTAACCACATGTCAAT-1	644	530	0.8229813664596274
GSM6339603	CTAACCACATGTCGCG-1	2310	2686	1.1627705627705627
GSM6339603	CTAACCACATTGTTGG-1	11719	9240	0.7884631794521717
GSM6339603	CTAACCCTCAACAAGG-1	709	725	1.0225669957686883
GSM6339603	CTAACCCTCACAGACT-1	2316	2800	1.2089810017271156
GSM6339603	CTAACCCTCACGCATG-1	3421	3847	1.1245249926921952
GSM6339603	CTAACCCTCACGTTAA-1	3569	3497	0.9798262818716728
GSM6339603	CTAACCCTCAGGCTAT-1	6975	4338	0.6219354838709678
GSM6339603	CTAACCCTCAGGTCCA-1	35280	37020	1.0493197278911566
GSM6339603	CTAACCCTCCAGGTTG-1	3254	3121	0.9591272280270436
GSM6339603	CTAACCCTCCGTCCAT-1	1234	1209	0.979740680713128
GSM6339603	CTAACCCTCCTAATAG-1	1119	621	0.5549597855227882
GSM6339603	CTAACCCTCGATCAGT-1	3886	4498	1.15748841996912
GSM6339603	CTAACCTGTCACAAAT-1	36666	37822	1.0315278459608357
GSM6339603	CTAACCTGTGGAAGGC-1	1022	956	0.9354207436399217
GSM6339603	CTAACCTGTGTTCCCA-1	7297	5767	0.7903247910100041
GSM6339603	CTAACCTGTTACCTGT-1	1581	1884	1.191650853889943
GSM6339603	CTAACCTGTTCGGTAA-1	2045	2263	1.106601466992665
GSM6339603	CTAAGGTTCACCATTT-1	5456	6277	1.1504765395894427
GSM6339603	CTAAGGTTCATAATCG-1	9346	7138	0.7637491975176546
GSM6339603	CTAAGGTTCCTCAGCT-1	11739	8700	0.7411193457705085
GSM6339603	CTAAGGTTCTATTGTC-1	12185	10587	0.8688551497743127
GSM6339603	CTAAGGTTCTCCATAT-1	24271	31518	1.2985867908203206
GSM6339603	CTAAGGTTCTTAGCGG-1	14713	15697	1.0668796302589547
GSM6339603	CTAAGTCAGCTGCACA-1	27943	45467	1.6271338081093656
GSM6339603	CTAAGTCAGGAGTCGG-1	3774	4561	1.208532061473238
GSM6339603	CTAAGTCAGGCACAGG-1	2582	3167	1.226568551510457
GSM6339603	CTAAGTCAGGGCTTAT-1	2824	3226	1.1423512747875355
GSM6339603	CTAAGTCAGGGTGAGT-1	19849	23674	1.1927049221623256
GSM6339603	CTAAGTCAGTCACCTC-1	483	556	1.1511387163561078
GSM6339603	CTAAGTCAGTGAACCT-1	16319	23034	1.411483546785955
GSM6339603	CTAATAGTCAATGTCA-1	1088	1168	1.0735294117647058
GSM6339603	CTAATAGTCATGTTTC-1	443	456	1.0293453724604966
GSM6339603	CTAATAGTCTATGACA-1	5507	7030	1.2765571091338297
GSM6339603	CTAATAGTCTGTGCAG-1	22539	26804	1.1892275611162872
GSM6339603	CTAATAGTCTTAGCGG-1	520	540	1.0384615384615385
GSM6339603	CTAATCCGTAATCGTG-1	1712	1983	1.1582943925233644
GSM6339603	CTAATCCGTCGTTATC-1	512	555	1.083984375
GSM6339603	CTAATCCGTGGATTGC-1	2242	2244	1.0008920606601248
GSM6339603	CTAATCCGTTTAAAGC-1	11007	9071	0.8241119287725992
GSM6339603	CTAATCCGTTTGGGCG-1	13325	11312	0.8489305816135084
GSM6339603	CTAATCGCAACTAGAA-1	22709	28934	1.2741203927958078
GSM6339603	CTAATCGCAAGCGAGC-1	1117	1247	1.116383169203223
GSM6339603	CTAATCGCAGACAAAC-1	20649	20534	0.9944307230374352
GSM6339603	CTAATCGCAGCTTACA-1	845	977	1.1562130177514793
GSM6339603	CTAATCGCAGGACCAA-1	17750	16381	0.9228732394366197
GSM6339603	CTAATCGCAGGCATGA-1	554	398	0.7184115523465704
GSM6339603	CTAATCGCAGTTTACG-1	22924	28743	1.2538387715930903
GSM6339603	CTAATCGCATTAGGTT-1	13863	13327	0.961335930173844
GSM6339603	CTAATCGCATTGTGTG-1	1534	1675	1.0919165580182528
GSM6339603	CTAATCTTCAGGAACA-1	30835	37816	1.2263985730501055
GSM6339603	CTAATCTTCCTCAGCT-1	4779	3176	0.6645741786984725
GSM6339603	CTAATCTTCGAGCTAT-1	3063	3969	1.2957884427032322
GSM6339603	CTAATCTTCTACCTAT-1	2880	2594	0.9006944444444445
GSM6339603	CTAATCTTCTATTGTC-1	3782	4128	1.091485986250661
GSM6339603	CTAATGTCAAACCTAT-1	444	456	1.027027027027027
GSM6339603	CTAATGTCAATTGAAG-1	16388	14394	0.8783256041005614
GSM6339603	CTAATGTCACCGGTAT-1	895	919	1.0268156424581005
GSM6339603	CTAATGTCACCTATAG-1	1493	1254	0.8399196249162759
GSM6339603	CTAATGTCACGAATTT-1	1014	1002	0.9881656804733728
GSM6339603	CTAATGTCACTAAGCC-1	9853	7163	0.7269867045569878
GSM6339603	CTAATGTCAGTCTAAT-1	1667	1716	1.029394121175765
GSM6339603	CTAATGTCATCCCTCA-1	6100	6798	1.1144262295081968
GSM6339603	CTAATTGAGACAGGCG-1	18260	21163	1.1589813800657174
GSM6339603	CTAATTGAGACTATTG-1	38068	40871	1.0736313964484607
GSM6339603	CTAATTGAGCACAGGG-1	6067	6420	1.0581836162848195
GSM6339603	CTAATTGAGCATTTCT-1	6247	6645	1.0637105810789178
GSM6339603	CTAATTGAGGCAATAG-1	5021	3267	0.6506671977693687
GSM6339603	CTAATTGAGGCTGTCA-1	1535	1372	0.8938110749185668
GSM6339603	CTAATTGAGGTGAAGC-1	26202	31861	1.2159758797038394
GSM6339603	CTAATTGAGTAGGATG-1	30545	21585	0.7066623015223441
GSM6339603	CTACAACAGCAGGTTT-1	1164	1303	1.1194158075601375
GSM6339603	CTACAACAGCCTGGTA-1	4136	4766	1.152321083172147
GSM6339603	CTACAACAGTAACGAG-1	8889	7304	0.821689728878389
GSM6339603	CTACCGGCAACGTGCT-1	7252	7984	1.1009376723662438
GSM6339603	CTACCGGCAGCAACCT-1	1500	1230	0.82
GSM6339603	CTACCGGCAGTTGCGT-1	1041	1217	1.1690682036503361
GSM6339603	CTACCGGCAGTTTGGC-1	6500	6849	1.0536923076923077
GSM6339603	CTACCGGCATTGCGTA-1	631	656	1.0396196513470681
GSM6339603	CTACCTCAGCATGTTA-1	9274	9620	1.0373086047013156
GSM6339603	CTACCTCAGCCGCAAC-1	1741	1923	1.1045376220562895
GSM6339603	CTACCTCAGGACACTT-1	3443	3901	1.133023525994772
GSM6339603	CTACCTCAGGGCTAAA-1	1100	1010	0.9181818181818182
GSM6339603	CTACCTCAGGTATTGC-1	1635	1255	0.7675840978593272
GSM6339603	CTACCTCAGGTTTGAC-1	33374	42986	1.288008629472044
GSM6339603	CTACCTCAGTGATTCA-1	6530	7697	1.1787136294027565
GSM6339603	CTACGAAGTCCAAGAC-1	11581	9710	0.8384422761419567
GSM6339603	CTACGAAGTGCTCCAC-1	476	428	0.8991596638655462
GSM6339603	CTACGAAGTGCTGGTG-1	14686	16202	1.1032275636660764
GSM6339603	CTACGAAGTTACGCGG-1	9958	12180	1.2231371761397871
GSM6339603	CTACGAAGTTACTTGC-1	2001	2081	1.0399800099950025
GSM6339603	CTACGAAGTTCGCTTG-1	4171	4873	1.1683049628386477
GSM6339603	CTACTAAAGCCACATG-1	929	920	0.9903121636167922
GSM6339603	CTACTAAAGCTAAAGG-1	850	920	1.0823529411764705
GSM6339603	CTACTAAAGCTGGCTA-1	22363	22459	1.0042928050798194
GSM6339603	CTACTAAAGTCCTGAG-1	13054	14280	1.093917573157653
GSM6339603	CTACTAAAGTTCCCGT-1	9473	6240	0.658714240472923
GSM6339603	CTACTTAGTAACGAGG-1	8543	7624	0.8924265480510359
GSM6339603	CTACTTAGTGGGTACT-1	1009	606	0.6005946481665014
GSM6339603	CTACTTAGTTAGGCTA-1	1585	1981	1.2498422712933754
GSM6339603	CTAGATTCACCAAAGG-1	1874	1980	1.056563500533618
GSM6339603	CTAGATTCAGCAAGGC-1	3037	3283	1.0810009878169247
GSM6339603	CTAGCGGGTCGCAAAC-1	1253	1135	0.9058260175578612
GSM6339603	CTAGCGGGTGCGCAAT-1	2115	2434	1.1508274231678488
GSM6339603	CTAGCGGGTTAGCAGC-1	3572	3918	1.0968645016797312
GSM6339603	CTAGCGGGTTCCTGTG-1	985	1086	1.1025380710659898
GSM6339603	CTAGCGGGTTTAACGG-1	3235	3509	1.0846986089644512
GSM6339603	CTAGCTGAGAACAAGT-1	1404	1683	1.1987179487179487
GSM6339603	CTAGCTGAGATGCCTG-1	825	1053	1.2763636363636364
GSM6339603	CTAGCTGAGCCTAACG-1	25580	32112	1.2553557466770915
GSM6339603	CTAGCTGAGCTTAACA-1	1215	1263	1.039506172839506
GSM6339603	CTAGCTGAGCTTCTCA-1	14761	13433	0.910033195582955
GSM6339603	CTAGCTGAGGCAACAA-1	923	795	0.8613217768147345
GSM6339603	CTAGCTGAGGCCTAAT-1	2069	2585	1.24939584340261
GSM6339603	CTAGCTGAGGCCTGGT-1	18188	16314	0.8969650318891577
GSM6339603	CTAGCTGAGGTCATTA-1	3518	3001	0.8530415008527572
GSM6339603	CTAGCTGAGGTCTTGG-1	1393	1456	1.0452261306532664
GSM6339603	CTAGCTGAGTAAACCC-1	2164	2835	1.3100739371534196
GSM6339603	CTAGCTGAGTAACCCG-1	887	960	1.0822998872604284
GSM6339603	CTAGCTGAGTGAACAG-1	2304	2648	1.1493055555555556
GSM6339603	CTAGCTGAGTTTAACG-1	9055	6304	0.6961899503036996
GSM6339603	CTAGCTTGTAACGAGG-1	1699	1713	1.0082401412595645
GSM6339603	CTAGCTTGTAATGGAA-1	21083	22885	1.0854717070625624
GSM6339603	CTAGCTTGTACTTCAC-1	35539	37420	1.05292776949267
GSM6339603	CTAGCTTGTCCTTCTC-1	24865	28043	1.1278101749447014
GSM6339603	CTAGCTTGTGATCATG-1	549	583	1.0619307832422586
GSM6339603	CTAGCTTGTTATCGAG-1	417	497	1.1918465227817745
GSM6339603	CTAGGACGTAAAGCGG-1	1010	1223	1.2108910891089109
GSM6339603	CTAGGACGTAAGCTTG-1	957	1022	1.0679205851619644
GSM6339603	CTAGGACGTCATCCTG-1	1647	1998	1.2131147540983607
GSM6339603	CTAGGACGTCGACTCC-1	577	635	1.10051993067591
GSM6339603	CTAGGACGTCTAACCT-1	756	950	1.2566137566137565
GSM6339603	CTAGGACGTGTGTGGT-1	971	1095	1.1277033985581875
GSM6339603	CTAGGACGTTATAGCG-1	1419	1588	1.1190979563072587
GSM6339603	CTAGGACGTTATCCGT-1	1029	1187	1.15354713313897
GSM6339603	CTAGGACGTTGGCGTG-1	13051	13230	1.0137154241054325
GSM6339603	CTAGGCGGTATTGTGG-1	6244	7639	1.2234144778987828
GSM6339603	CTAGGCGGTCAGTAAT-1	3336	4117	1.2341127098321343
GSM6339603	CTAGGCGGTCGCAATA-1	417	494	1.184652278177458
GSM6339603	CTAGGCGGTCTAACCT-1	30273	36866	1.2177848247613385
GSM6339603	CTAGGCGGTGAAACAA-1	29603	29840	1.0080059453433774
GSM6339603	CTAGGCGGTGCATTTC-1	25678	22002	0.8568424332113093
GSM6339603	CTAGGCGGTTTGTCTA-1	942	1029	1.0923566878980893
GSM6339603	CTAGTAATCAAGCCTG-1	734	667	0.9087193460490464
GSM6339603	CTAGTAATCAGGAACA-1	7501	6836	0.9113451539794694
GSM6339603	CTAGTAATCATCCACC-1	1801	2123	1.178789561354803
GSM6339603	CTAGTAATCGCAACAT-1	2610	2492	0.9547892720306513
GSM6339603	CTAGTAATCGTGCTAG-1	3854	4107	1.065646081992735
GSM6339603	CTAGTAATCTGTAATG-1	1986	2210	1.1127895266868078
GSM6339603	CTAGTAGGTAATGGCC-1	4080	4646	1.1387254901960784
GSM6339603	CTAGTAGGTAGACAAA-1	1955	2246	1.148849104859335
GSM6339603	CTAGTAGGTGGAGCAA-1	3896	4411	1.1321868583162218
GSM6339603	CTAGTAGGTTGAAGCC-1	5207	6475	1.243518340695218
GSM6339603	CTAGTCGAGCATTATG-1	26626	31189	1.1713738451137985
GSM6339603	CTAGTCGAGCTTTGGG-1	2519	3100	1.2306470821754665
GSM6339603	CTAGTCGAGGCGCATC-1	640	697	1.0890625
GSM6339603	CTAGTCGAGGCGGATG-1	2838	3161	1.113812544045102
GSM6339603	CTAGTCGAGGGCCACT-1	6873	8000	1.1639749745380474
GSM6339603	CTAGTCGAGTCATGCG-1	2517	2585	1.0270162892332142
GSM6339603	CTAGTCGAGTTATCCT-1	2861	3081	1.0768961901433065
GSM6339603	CTAGTGAGTACTGAAT-1	839	777	0.9261025029797377
GSM6339603	CTAGTGAGTCACGAAC-1	15816	14386	0.9095852301466869
GSM6339603	CTAGTGAGTCGCGCAA-1	18023	18323	1.016645397547578
GSM6339603	CTAGTGAGTGACATGC-1	3951	4574	1.1576815995950391
GSM6339603	CTAGTGAGTTAGTGAT-1	10532	10456	0.9927838966957843
GSM6339603	CTAGTTGCAAACTAAG-1	9840	9285	0.9435975609756098
GSM6339603	CTAGTTGCACCAGCAT-1	7821	7721	0.9872139112645442
GSM6339603	CTAGTTGCAGAAATTG-1	15821	20583	1.3009923519372986
GSM6339603	CTAGTTGCAGGCATCT-1	546	581	1.064102564102564
GSM6339603	CTAGTTGCAGTCTAGC-1	747	775	1.037483266398929
GSM6339603	CTATAACCAAACCCTA-1	790	660	0.8354430379746836
GSM6339603	CTATAACCAACAGGAT-1	1142	906	0.7933450087565674
GSM6339603	CTATAACCATCAATCG-1	563	577	1.024866785079929
GSM6339603	CTATGACAGCCTGACA-1	2615	2481	0.9487571701720842
GSM6339603	CTATGACAGCGAGGTG-1	473	434	0.9175475687103594
GSM6339603	CTATGACAGGACTTAC-1	1570	1922	1.224203821656051
GSM6339603	CTATGACAGTAGGCGG-1	1985	2528	1.273551637279597
GSM6339603	CTATGAGGTAATTAGC-1	562	569	1.0124555160142348
GSM6339603	CTATGAGGTGACATAT-1	40193	46387	1.154106436444157
GSM6339603	CTATGAGGTTAATGCG-1	39070	50615	1.2954952649091374
GSM6339603	CTATGAGGTTGTAAAC-1	8419	6612	0.7853664330680603
GSM6339603	CTATGATCAACCCTCC-1	32149	44002	1.3686895393324832
GSM6339603	CTATGATCACAGGATG-1	2438	2362	0.9688269073010665
GSM6339603	CTATGATCACATGCTA-1	2387	3150	1.3196480938416422
GSM6339603	CTATGATCACATTAAC-1	13106	17624	1.3447276056767892
GSM6339603	CTATGATCACCCACCT-1	1738	2053	1.1812428078250863
GSM6339603	CTATGATCACCTCACC-1	852	967	1.1349765258215962
GSM6339603	CTATGATCATAAAGCA-1	4150	5176	1.2472289156626506
GSM6339603	CTATGATCATTAAGTC-1	1624	1858	1.1440886699507389
GSM6339603	CTATGGCCAAGCTTAT-1	3672	2358	0.6421568627450981
GSM6339603	CTATGGCCAAGGATTA-1	11006	10608	0.963837906596402
GSM6339603	CTATGGCCAATGAATG-1	3452	4379	1.268539976825029
GSM6339603	CTATGGCCAATTTAGC-1	3161	3505	1.108826320784562
GSM6339603	CTATGGCCACCTATAG-1	1594	1834	1.150564617314931
GSM6339603	CTATGGCCACCTCAGG-1	2278	2724	1.195785776997366
GSM6339603	CTATGGCCACTAAGAA-1	5445	6900	1.2672176308539944
GSM6339603	CTATGGCCAGTCTAAT-1	767	805	1.0495436766623207
GSM6339603	CTATGTTTCATAGCCG-1	22220	31172	1.402880288028803
GSM6339603	CTATGTTTCCTCCTAA-1	1571	1912	1.217059197963081
GSM6339603	CTATGTTTCGAGGAGT-1	1525	1953	1.2806557377049181
GSM6339603	CTATGTTTCGGTACGC-1	3185	3736	1.1729984301412872
GSM6339603	CTATTACTCAGGCTAT-1	22974	33550	1.4603464786280143
GSM6339603	CTATTACTCATGGTGT-1	846	1065	1.2588652482269505
GSM6339603	CTATTACTCCTAAGGT-1	23255	28077	1.2073532573640078
GSM6339603	CTATTACTCCTAAGTA-1	20967	26390	1.2586445366528354
GSM6339603	CTATTACTCCTGGTCT-1	5956	4709	0.7906312961719275
GSM6339603	CTATTACTCCTGTTCA-1	11911	11895	0.9986567038871631
GSM6339603	CTATTACTCCTTCTAG-1	32601	40404	1.2393484862427533
GSM6339603	CTATTACTCGCTAAAC-1	11612	9289	0.7999483293145022
GSM6339603	CTATTCAGTAACGTGC-1	777	852	1.0965250965250966
GSM6339603	CTATTCAGTCTAACAG-1	1792	1612	0.8995535714285714
GSM6339603	CTATTCAGTCTTGCAT-1	6973	4731	0.6784741144414169
GSM6339603	CTATTCAGTGAGACTC-1	4265	5092	1.1939038686987105
GSM6339603	CTATTCAGTGCCTCAC-1	2386	2409	1.009639564124057
GSM6339603	CTATTCAGTGTGTGGT-1	4032	4859	1.205109126984127
GSM6339603	CTATTCAGTGTTCCCA-1	1259	1484	1.1787132644956315
GSM6339603	CTATTCAGTTCATTTG-1	1036	958	0.9247104247104247
GSM6339603	CTATTCAGTTCCATTA-1	588	387	0.6581632653061225
GSM6339603	CTATTGAAGAAGCTAG-1	1730	1565	0.9046242774566474
GSM6339603	CTATTGAAGAGGCTAA-1	2067	1929	0.9332365747460087
GSM6339603	CTATTGAAGCAACAAG-1	870	1049	1.2057471264367816
GSM6339603	CTATTGAAGGACTTAC-1	1069	1095	1.0243217960710944
GSM6339603	CTATTGAAGGAGGTTA-1	2729	2831	1.0373763283253938
GSM6339603	CTATTGAAGGCGCTTA-1	5931	4280	0.7216321025122239
GSM6339603	CTATTGAAGGCGGATG-1	39049	36553	0.936080309354913
GSM6339603	CTATTGAAGGTCCTAG-1	10892	7614	0.6990451707675358
GSM6339603	CTATTGAAGGTCCTGA-1	2750	3010	1.0945454545454545
GSM6339603	CTATTGAAGTGAGCGG-1	36355	40636	1.1177554669233942
GSM6339603	CTCAATAAGAGGAAGG-1	3456	3843	1.1119791666666667
GSM6339603	CTCAATAAGAGGGACT-1	2786	3105	1.1145010768126347
GSM6339603	CTCAATAAGCAAGGAC-1	16031	20506	1.2791466533591167
GSM6339603	CTCACAACAACTAACT-1	1682	1785	1.0612366230677766
GSM6339603	CTCACAACAATCGCAC-1	11336	8474	0.747529992942837
GSM6339603	CTCACAACACAATACT-1	1973	1640	0.8312214901165738
GSM6339603	CTCACAACAGCTAACC-1	13981	14926	1.0675917316357915
GSM6339603	CTCACAACATTGCAGC-1	926	962	1.038876889848812
GSM6339603	CTCACACTCACAGACT-1	16412	16254	0.9903728978796003
GSM6339603	CTCACACTCATTGTCT-1	631	687	1.0887480190174326
GSM6339603	CTCACACTCGGCTATG-1	1834	2042	1.113413304252999
GSM6339603	CTCACACTCGGTCATG-1	2578	1913	0.7420480993017843
GSM6339603	CTCACTCAGAGGATAT-1	12204	10284	0.8426745329400197
GSM6339603	CTCACTCAGCTGCACA-1	3106	3195	1.0286542176432711
GSM6339603	CTCACTCAGGCATGTT-1	4398	5298	1.204638472032742
GSM6339603	CTCAGGATCAGGGCCT-1	4367	7333	1.6791847950538128
GSM6339603	CTCAGGATCCTCAGCT-1	6077	5735	0.94372223136416
GSM6339603	CTCATCATCCATAAGC-1	1021	1127	1.1038197845249755
GSM6339603	CTCATCATCCGCAACA-1	527	637	1.2087286527514232
GSM6339603	CTCATCATCCTCGATC-1	3792	4313	1.1373945147679325
GSM6339603	CTCATCATCTCCATAT-1	2010	1838	0.9144278606965174
GSM6339603	CTCATGACACCTGTAA-1	2315	2659	1.148596112311015
GSM6339603	CTCATGACAGCTCATA-1	21889	24198	1.1054867741788112
GSM6339603	CTCATGACAGGCCATT-1	10737	9988	0.9302412219428146
GSM6339603	CTCATGACAGTGAACG-1	751	835	1.1118508655126498
GSM6339603	CTCATGACATAAACCT-1	5483	5744	1.047601677913551
GSM6339603	CTCATGCTCCGCAAGC-1	635	617	0.9716535433070866
GSM6339603	CTCATGCTCTAATCTC-1	1939	2103	1.0845796802475502
GSM6339603	CTCATGCTCTTAGGAC-1	387	480	1.2403100775193798
GSM6339603	CTCATTAGTAGGATTT-1	1007	1084	1.0764647467725919
GSM6339603	CTCATTAGTGCAACTA-1	2330	2534	1.0875536480686696
GSM6339603	CTCATTAGTGGGAACA-1	1097	1168	1.064721969006381
GSM6339603	CTCATTAGTGTCCAGG-1	702	684	0.9743589743589743
GSM6339603	CTCATTAGTTGGGTTA-1	906	1160	1.2803532008830023
GSM6339603	CTCATTGTCATTATGG-1	867	480	0.5536332179930796
GSM6339603	CTCATTGTCCGCCAAA-1	2237	2478	1.1077335717478767
GSM6339603	CTCATTGTCTTAATGG-1	879	919	1.0455062571103526
GSM6339603	CTCATTTAGCGGATTT-1	727	711	0.9779917469050894
GSM6339603	CTCATTTAGCTCCTTA-1	5211	5002	0.9598925350220687
GSM6339603	CTCATTTAGGCACAGG-1	13221	16626	1.257544815066939
GSM6339603	CTCATTTAGGGTGAAC-1	5544	6117	1.1033549783549783
GSM6339603	CTCATTTAGGTAAGGC-1	1900	1999	1.0521052631578947
GSM6339603	CTCATTTAGGTCTTGG-1	1826	1929	1.056407447973713
GSM6339603	CTCATTTAGTCAATCA-1	2943	2985	1.0142711518858307
GSM6339603	CTCATTTAGTTGGGCC-1	502	628	1.250996015936255
GSM6339603	CTCCAAACACAACAAA-1	1531	1866	1.2188112344872633
GSM6339603	CTCCAAACACTAGGTC-1	12978	12903	0.9942209893666204
GSM6339603	CTCCAAACAGCACCAT-1	477	562	1.178197064989518
GSM6339603	CTCCAACTCAATACGC-1	683	431	0.6310395314787701
GSM6339603	CTCCAACTCACAGACT-1	6280	6907	1.0998407643312103
GSM6339603	CTCCAACTCACGAATC-1	2321	2477	1.067212408444636
GSM6339603	CTCCAACTCATTACGA-1	9701	7553	0.7785795278837233
GSM6339603	CTCCAACTCCGCCTCA-1	36873	33413	0.9061644021370651
GSM6339603	CTCCAACTCGGTTCCT-1	2418	2491	1.0301902398676592
GSM6339603	CTCCAACTCTCAATTC-1	16261	19033	1.170469220835127
GSM6339603	CTCCAACTCTTGGACG-1	20830	27952	1.341910705712914
GSM6339603	CTCCATCAGCATCCAG-1	1609	1702	1.057799875699192
GSM6339603	CTCCCTGAGGACACTT-1	3710	3670	0.9892183288409704
GSM6339603	CTCCCTGAGGGCCACT-1	21096	26465	1.2545032233598787
GSM6339603	CTCCCTGAGGTCGATT-1	2913	3532	1.2124957088911774
GSM6339603	CTCCCTGAGTTTGGTA-1	1080	974	0.9018518518518519
GSM6339603	CTCCGGACAAACTGTT-1	14812	13717	0.9260734539562517
GSM6339603	CTCCGGACAACAACAA-1	3997	4190	1.0482862146609957
GSM6339603	CTCCGGACAAGGAATC-1	5524	7062	1.278421433743664
GSM6339603	CTCCGGACAAGGACCA-1	3175	3985	1.2551181102362206
GSM6339603	CTCCGGACAATCGCAC-1	5163	6016	1.1652140228549293
GSM6339603	CTCCGGACACAGGATG-1	3358	3771	1.122989874925551
GSM6339603	CTCCGGACACCTGCCT-1	2568	3051	1.1880841121495327
GSM6339603	CTCCGGACAGCAAGTG-1	8017	8707	1.0860671073967818
GSM6339603	CTCCGGACAGCACGAA-1	25063	21488	0.8573594541754778
GSM6339603	CTCCGGACAGGAACTG-1	9227	11193	1.2130703370542972
GSM6339603	CTCCGGACAGGCTTCG-1	30201	28195	0.9335783583325056
GSM6339603	CTCCGGACATAGCAGG-1	931	955	1.0257787325456498
GSM6339603	CTCCGGACATCTAGCA-1	4064	4512	1.110236220472441
GSM6339603	CTCCGTCCAACTAGGG-1	18867	19391	1.0277733608946837
GSM6339603	CTCCGTCCACTAAGTT-1	2197	2628	1.1961766044606281
GSM6339603	CTCCGTCCAGAAATTG-1	982	1014	1.0325865580448066
GSM6339603	CTCCGTCCAGTTTACG-1	2540	2634	1.037007874015748
GSM6339603	CTCCGTCCATCAGCAC-1	4051	2721	0.6716860034559368
GSM6339603	CTCCGTCCATCGTTCT-1	10121	9666	0.955043967987353
GSM6339603	CTCCGTCCATGTGGGA-1	2195	2392	1.089749430523918
GSM6339603	CTCCTAATCATTGCAA-1	3393	3903	1.1503094606542883
GSM6339603	CTCCTAATCCAATTAG-1	10911	9758	0.894326826138759
GSM6339603	CTCCTAATCCCTGACT-1	8047	9421	1.170746862184665
GSM6339603	CTCCTAATCCGCCTAT-1	1773	1858	1.047941342357586
GSM6339603	CTCCTAATCCTCAGCT-1	12813	12286	0.9588698977600875
GSM6339603	CTCCTAATCCTTGCAC-1	1102	1019	0.9246823956442831
GSM6339603	CTCCTAATCCTTGTTG-1	646	777	1.2027863777089782
GSM6339603	CTCCTAATCGCTAGAT-1	2555	2632	1.0301369863013699
GSM6339603	CTCCTAATCGGTACGC-1	3932	4699	1.1950661241098677
GSM6339603	CTCCTAATCTCACATT-1	20188	25842	1.2800673667525262
GSM6339603	CTCCTCACAAGGTCCT-1	37538	46365	1.2351483829719219
GSM6339603	CTCCTCACAATTAGGA-1	918	1102	1.2004357298474946
GSM6339603	CTCCTCACACCTCACC-1	904	1230	1.3606194690265487
GSM6339603	CTCCTGAGTACAAAGA-1	24840	33864	1.3632850241545893
GSM6339603	CTCCTGAGTATTGGAT-1	5479	4663	0.8510677130863297
GSM6339603	CTCCTGAGTGCTCCAC-1	452	518	1.1460176991150441
GSM6339603	CTCCTGAGTGGATTCA-1	2625	2297	0.8750476190476191
GSM6339603	CTCCTGAGTGTGTGGT-1	502	493	0.9820717131474104
GSM6339603	CTCCTGAGTTCCTGTG-1	2729	2799	1.0256504213997801
GSM6339603	CTCCTGAGTTGAAGCC-1	29002	42388	1.4615543755603062
GSM6339603	CTCCTGAGTTTGGGTA-1	4337	4696	1.0827761125201751
GSM6339603	CTCGACAAGTTCCCGT-1	1462	1487	1.0170998632010944
GSM6339603	CTCGCTAGTCAACAAT-1	1475	1421	0.9633898305084746
GSM6339603	CTCGCTAGTCCCGAAG-1	20894	21536	1.0307265243610606
GSM6339603	CTCGCTAGTGCATTAG-1	9636	7079	0.7346409298464093
GSM6339603	CTCGCTAGTGTTAAAC-1	1161	1095	0.9431524547803618
GSM6339603	CTCGCTCCAACAGGTG-1	26919	33773	1.2546156989486978
GSM6339603	CTCGCTCCAAGGGTTG-1	11328	8023	0.7082450564971752
GSM6339603	CTCGCTCCAGAGGCTA-1	27084	40871	1.5090459311770787
GSM6339603	CTCGCTCCAGCGCTTG-1	1899	2083	1.0968931016324381
GSM6339603	CTCGCTCCAGGACACA-1	1737	2089	1.2026482440990214
GSM6339603	CTCGCTCCAGTCTAAT-1	3056	3297	1.0788612565445026
GSM6339603	CTCGCTCCAGTTATCG-1	2357	2777	1.1781926177344082
GSM6339603	CTCGCTCCATCCATCT-1	20274	20021	0.9875209628095097
GSM6339603	CTCGCTCCATGAAGTA-1	967	974	1.0072388831437435
GSM6339603	CTCGCTCCATGGCCTG-1	889	1070	1.2035995500562429
GSM6339603	CTCGCTCCATTAAAGG-1	2183	2522	1.1552908841044434
GSM6339603	CTCGCTCCATTGACAT-1	647	714	1.1035548686244203
GSM6339603	CTCGTTATCACTAAGC-1	652	631	0.9677914110429447
GSM6339603	CTCGTTATCGTTACTT-1	765	959	1.25359477124183
GSM6339603	CTCTAAGCAAGGTATA-1	1060	1184	1.1169811320754717
GSM6339603	CTCTAAGCACAACCTA-1	11844	9429	0.7960992907801419
GSM6339603	CTCTAAGCACCGTTCC-1	520	446	0.8576923076923076
GSM6339603	CTCTAAGCATAAACCT-1	518	543	1.0482625482625483
GSM6339603	CTCTAAGCATTCCTCG-1	612	507	0.8284313725490197
GSM6339603	CTCTAGCTCATCCTAT-1	1738	2060	1.1852704257767548
GSM6339603	CTCTAGCTCCATCAGG-1	13727	13062	0.9515553289138194
GSM6339603	CTCTAGCTCTTGGACG-1	3378	3708	1.0976909413854352
GSM6339603	CTCTATGTCAGGGCCT-1	1498	1682	1.1228304405874499
GSM6339603	CTCTATGTCCCGCAAA-1	19798	19703	0.9952015355086372
GSM6339603	CTCTATGTCGGCTAGC-1	13943	13308	0.954457433837768
GSM6339603	CTCTCACAGACAACAG-1	3146	3279	1.0422759059122695
GSM6339603	CTCTCACAGAGGCTAA-1	5158	2828	0.5482745250096936
GSM6339603	CTCTCACAGCCAAATC-1	620	715	1.153225806451613
GSM6339603	CTCTCACAGCTATTGA-1	921	1009	1.0955483170466884
GSM6339603	CTCTCACAGGCTCATG-1	5502	4245	0.7715376226826608
GSM6339603	CTCTCACAGGGCTTTG-1	2361	2202	0.9326556543837357
GSM6339603	CTCTCACAGTTTAACG-1	530	503	0.9490566037735849
GSM6339603	CTCTGTTCAATAACCT-1	2302	1656	0.7193744569939183
GSM6339603	CTCTGTTCAATTATGC-1	563	561	0.9964476021314387
GSM6339603	CTCTGTTCAGCAAATA-1	30844	28903	0.9370704188821165
GSM6339603	CTCTGTTCAGCTCATA-1	3931	3140	0.7987789366573391
GSM6339603	CTCTGTTCAGGCATCT-1	1145	1241	1.0838427947598253
GSM6339603	CTCTTGATCATCAGTA-1	5242	5890	1.1236169400991989
GSM6339603	CTCTTGATCTGCAAAC-1	5670	6293	1.1098765432098765
GSM6339603	CTGAAACTCAGGCCTA-1	1055	1195	1.132701421800948
GSM6339603	CTGAAACTCATAACTG-1	8333	10987	1.3184927397095885
GSM6339603	CTGAAACTCCTTGCGT-1	1939	2068	1.0665291387313047
GSM6339603	CTGAAACTCTTACTCG-1	14848	17448	1.1751077586206897
GSM6339603	CTGAATATCATTAGTG-1	1015	1211	1.193103448275862
GSM6339603	CTGAATATCCCGAACA-1	940	937	0.9968085106382979
GSM6339603	CTGACATAGAATCTCA-1	2039	2408	1.18097106424718
GSM6339603	CTGACATAGGTTAGCT-1	793	791	0.9974779319041615
GSM6339603	CTGACATAGTGTTGTA-1	6241	4718	0.7559685947764782
GSM6339603	CTGACATAGTTCCTCA-1	28657	31596	1.1025578392713822
GSM6339603	CTGACCAAGGCATGTT-1	2620	3023	1.1538167938931299
GSM6339603	CTGACCAAGGCGAAAC-1	25722	40834	1.5875126350983593
GSM6339603	CTGACCAAGGCTAGAA-1	20402	22092	1.0828350161748848
GSM6339603	CTGACCAAGGGCTTAT-1	4877	5016	1.0285011277424647
GSM6339603	CTGACCAAGGGCTTTG-1	4691	12289	2.619697292688126
GSM6339603	CTGATCACAAACGGGC-1	1193	1257	1.0536462699077955
GSM6339603	CTGATCACAGATTCAT-1	1630	1496	0.9177914110429448
GSM6339603	CTGATCACAGGAACAT-1	1483	1637	1.1038435603506407
GSM6339603	CTGATCACATCGTTCT-1	2922	2868	0.9815195071868583
GSM6339603	CTGATCACATTAGCCA-1	2224	2331	1.048111510791367
GSM6339603	CTGCAATAGCATTTCT-1	17149	19117	1.1147588780686921
GSM6339603	CTGCAATAGGATTTGC-1	500	560	1.12
GSM6339603	CTGCAATAGGCTACTG-1	706	716	1.0141643059490084
GSM6339603	CTGCAATAGGTCCTGA-1	3388	3367	0.993801652892562
GSM6339603	CTGCAATAGTCATCCC-1	28432	31754	1.1168401800787844
GSM6339603	CTGCAATAGTCATTTC-1	1682	1834	1.0903686087990487
GSM6339603	CTGCAATAGTTTGGGT-1	18011	22266	1.2362445172394647
GSM6339603	CTGCTACTCACCAATA-1	29389	35077	1.1935418013542483
GSM6339603	CTGCTACTCATGTGGT-1	631	818	1.2963549920760697
GSM6339603	CTGCTACTCCCTGGAA-1	1082	1142	1.055452865064695
GSM6339603	CTGCTACTCGCAATCG-1	1345	1709	1.2706319702602231
GSM6339603	CTGCTACTCGGTTAGT-1	1404	1703	1.212962962962963
GSM6339603	CTGCTACTCTATGACA-1	1176	1181	1.004251700680272
GSM6339603	CTGCTACTCTCACATT-1	12213	13194	1.0803242446573325
GSM6339603	CTGCTATGTTAGACCA-1	34933	44188	1.2649357341196004
GSM6339603	CTGCTATGTTATCCGT-1	497	470	0.9456740442655935
GSM6339603	CTGCTCCCAACACTTG-1	1442	1619	1.122746185852982
GSM6339603	CTGCTCCCAAGCCAGA-1	26265	36585	1.3929183323814962
GSM6339603	CTGCTCCCAATCGCAC-1	34483	46572	1.3505785459501785
GSM6339603	CTGCTCCCAATTATGC-1	3010	3200	1.06312292358804
GSM6339603	CTGCTCCCAGCAAATA-1	3098	3477	1.1223369916074888
GSM6339603	CTGCTCCCAGCTTACA-1	3586	4516	1.2593418851087563
GSM6339603	CTGCTCCCAGTTTCTC-1	7366	8746	1.1873472712462667
GSM6339603	CTGCTCCCATAAGTTC-1	985	1131	1.148223350253807
GSM6339603	CTGCTCCCATTAAGTC-1	2862	3316	1.1586303284416493
GSM6339603	CTGCTCCCATTAGCGC-1	979	1149	1.1736465781409602
GSM6339603	CTGGACCAGACAACAG-1	39002	50586	1.2970104097225783
GSM6339603	CTGGACCAGCCACATG-1	804	910	1.1318407960199004
GSM6339603	CTGGACCAGCGGATAA-1	6691	6457	0.9650276490808549
GSM6339603	CTGGACCAGGCAAGTA-1	40362	48323	1.1972399781973142
GSM6339603	CTGGACCAGGCCGGAA-1	10476	8288	0.7911416571210386
GSM6339603	CTGGACCAGGCTAGAA-1	2134	2364	1.1077788191190252
GSM6339603	CTGGACCAGGTCCGTA-1	4568	4881	1.0685201401050788
GSM6339603	CTGGACCAGGTTAGCT-1	11716	9402	0.802492318197337
GSM6339603	CTGGATGTCACAGCCA-1	36498	52452	1.4371198421831333
GSM6339603	CTGGATGTCATCCTCA-1	686	895	1.30466472303207
GSM6339603	CTGGATGTCATGTCAA-1	3674	4169	1.1347305389221556
GSM6339603	CTGGATGTCCACCTGT-1	1308	1535	1.1735474006116209
GSM6339603	CTGGATGTCCGTGACA-1	1233	1379	1.1184103811841037
GSM6339603	CTGGATGTCCTCGATC-1	723	730	1.0096818810511756
GSM6339603	CTGGATGTCGCTAAAC-1	29481	33422	1.1336793188833485
GSM6339603	CTGGCTAAGCGATACT-1	28812	43186	1.498889351659031
GSM6339603	CTGGCTAAGGACAACA-1	1083	993	0.9168975069252078
GSM6339603	CTGGCTAAGGACCAGG-1	1059	786	0.7422096317280453
GSM6339603	CTGGCTAAGGAGGCAT-1	9776	7324	0.7491816693944353
GSM6339603	CTGGCTAAGTAGCGCC-1	1027	1203	1.1713729308666017
GSM6339603	CTGGCTAAGTGAAGTG-1	2845	3703	1.3015817223198594
GSM6339603	CTGGTAAGTAATCCCT-1	1256	1302	1.036624203821656
GSM6339603	CTGGTAAGTAGCAGCT-1	495	544	1.098989898989899
GSM6339603	CTGGTAAGTGGGAACA-1	7421	5774	0.7780622557606791
GSM6339603	CTGGTAAGTTGAAGCC-1	3233	3802	1.1759975255180946
GSM6339603	CTGGTCAAGCACAGGG-1	2309	1956	0.8471199653529666
GSM6339603	CTGGTCAAGCACGTTG-1	6559	8356	1.2739746912639123
GSM6339603	CTGGTCAAGCTCGCTT-1	16830	15831	0.9406417112299466
GSM6339603	CTGGTCAAGGGCCATC-1	1885	1720	0.9124668435013262
GSM6339603	CTGGTCAAGGGTCTAT-1	3171	3526	1.1119520655944497
GSM6339603	CTGGTCAAGTTGGGCC-1	840	1070	1.2738095238095237
GSM6339603	CTGGTTACAAACCTAT-1	69927	58157	0.8316816108227151
GSM6339603	CTGGTTACAACTAGAA-1	2953	2796	0.9468337284117846
GSM6339603	CTGGTTACAAGTTATC-1	39114	48789	1.247353888633226
GSM6339603	CTGGTTACAATAGCAA-1	878	876	0.9977220956719818
GSM6339603	CTGGTTACACAGAAAC-1	14348	14150	0.9862001672706997
GSM6339603	CTGGTTACACGTGCTG-1	1126	1196	1.0621669626998225
GSM6339603	CTGGTTACAGCAAGGC-1	2516	3179	1.2635135135135136
GSM6339603	CTGGTTACATGGTTAT-1	5512	6955	1.2617924528301887
GSM6339603	CTGGTTACATTAAGCT-1	2443	2986	1.2222677036430618
GSM6339603	CTGGTTACATTAGCCA-1	22898	28449	1.2424229190322298
GSM6339603	CTGGTTACATTGTGAT-1	815	964	1.1828220858895706
GSM6339603	CTGGTTTGTATTGAGT-1	10712	11764	1.0982076176250934
GSM6339603	CTGGTTTGTGAATCGC-1	33780	42157	1.2479869745411487
GSM6339603	CTGGTTTGTGGTTAGC-1	2255	2380	1.0554323725055432
GSM6339603	CTGGTTTGTTATCCTA-1	615	426	0.6926829268292682
GSM6339603	CTGGTTTGTTGCAATG-1	2258	2076	0.9193976970770593
GSM6339603	CTGTAACAGATGGAGC-1	7674	6135	0.7994526974198592
GSM6339603	CTGTAACAGCAAACCT-1	12815	11135	0.8689036285602809
GSM6339603	CTGTAACAGCGATAAG-1	28688	36557	1.2742958728388176
GSM6339603	CTGTAACAGCGATAGA-1	851	903	1.0611045828437133
GSM6339603	CTGTAACAGCTGCACA-1	1551	1731	1.11605415860735
GSM6339603	CTGTAACAGGAGCATA-1	38923	41549	1.0674665364951315
GSM6339603	CTGTAACAGGATCCGC-1	529	629	1.1890359168241966
GSM6339603	CTGTAACAGTTAGAGG-1	23825	27694	1.162392444910808
GSM6339603	CTGTACCTCCCGTTGT-1	868	954	1.099078341013825
GSM6339603	CTGTACCTCCTAATTC-1	12664	10686	0.8438092229943146
GSM6339603	CTGTACCTCGCAAACT-1	1742	2264	1.2996555683122848
GSM6339603	CTGTACCTCTCAATTC-1	33027	42375	1.2830411481515125
GSM6339603	CTGTACCTCTGGCATG-1	11649	11140	0.9563052622542707
GSM6339603	CTGTATTTCAAGTGTC-1	1531	1648	1.0764206401045069
GSM6339603	CTGTATTTCACCGGTA-1	3438	3999	1.1631762652705062
GSM6339603	CTGTATTTCCTGAATA-1	1350	1672	1.2385185185185186
GSM6339603	CTGTATTTCTGCAACG-1	708	841	1.1878531073446328
GSM6339603	CTGTATTTCTTAGGAC-1	649	731	1.1263482280431434
GSM6339603	CTGTATTTCTTAGGGT-1	8867	8964	1.0109394383669787
GSM6339603	CTGTGTGAGACAAACG-1	10946	9512	0.8689932395395579
GSM6339603	CTGTGTGAGCATGTTA-1	21760	27758	1.2756433823529412
GSM6339603	CTGTGTGAGGACAACA-1	1099	1135	1.0327570518653322
GSM6339603	CTGTGTGAGGACGTAA-1	1637	1819	1.1111789859499084
GSM6339603	CTGTGTGAGGAGGGTT-1	4994	5211	1.0434521425710852
GSM6339603	CTGTGTGAGGCTAATC-1	35444	43178	1.2182033630515743
GSM6339603	CTGTGTGAGGTCGATT-1	1438	1284	0.8929068150208623
GSM6339603	CTGTGTGAGTGAGCGG-1	1993	1943	0.9749121926743602
GSM6339603	CTGTTAAAGACAAACG-1	4294	3846	0.895668374476013
GSM6339603	CTGTTAAAGCATTAGC-1	1785	1052	0.5893557422969188
GSM6339603	CTGTTAAAGCGCTCAA-1	30964	42797	1.3821534685441157
GSM6339603	CTGTTAAAGGAAGTAT-1	1363	1537	1.127659574468085
GSM6339603	CTGTTAAAGGACCTTG-1	29216	26375	0.9027587623220154
GSM6339603	CTGTTAAAGTGAGCAA-1	6091	7543	1.2383845017238548
GSM6339603	CTGTTAAAGTTAGAGG-1	1572	1786	1.1361323155216285
GSM6339603	CTGTTCATCACGCCAA-1	1727	1670	0.9669947886508397
GSM6339603	CTGTTCATCAGGTCCA-1	943	1179	1.2502651113467655
GSM6339603	CTGTTCATCATTGCGG-1	14449	18996	1.314693058343138
GSM6339603	CTGTTCATCCAAACAC-1	4113	4613	1.1215657670799903
GSM6339603	CTGTTCATCCTCGATC-1	5088	5742	1.1285377358490567
GSM6339603	CTGTTCATCGTAATCA-1	1584	1926	1.2159090909090908
GSM6339603	CTGTTGGAGGGACGCA-1	5000	4871	0.9742
GSM6339603	CTGTTGGAGGTCCTGA-1	3947	4311	1.0922219407144667
GSM6339603	CTGTTGGAGTTGCCTC-1	4471	4153	0.9288749720420487
GSM6339603	CTGTTTAGTACCGAAC-1	1494	1294	0.8661311914323963
GSM6339603	CTGTTTAGTCGTTATC-1	7017	9608	1.3692461165740344
GSM6339603	CTGTTTAGTGATGATT-1	28435	37091	1.3044135748197643
GSM6339603	CTGTTTAGTTGCCTCA-1	5588	3442	0.6159627773801002
GSM6339603	CTTAACAAGATTGAGG-1	38035	32921	0.8655448928618378
GSM6339603	CTTAACAAGCATTTCT-1	29379	36843	1.2540590217502297
GSM6339603	CTTAACAAGCCGCAGT-1	5050	5865	1.1613861386138613
GSM6339603	CTTAACAAGGCGAATA-1	3086	2835	0.9186649384316267
GSM6339603	CTTAACAAGGTAGCTT-1	2527	3018	1.1943015433320143
GSM6339603	CTTAACAAGTGGACAA-1	5575	5965	1.0699551569506727
GSM6339603	CTTAACAAGTTTGAGC-1	2576	3015	1.1704192546583851
GSM6339603	CTTAAGATCATTCATC-1	592	696	1.1756756756756757
GSM6339603	CTTAAGATCCAAACAC-1	14184	13769	0.9707416807670615
GSM6339603	CTTAAGATCCAGGTCA-1	2677	3072	1.1475532312289878
GSM6339603	CTTAAGATCCTAAGAC-1	8734	9865	1.1294939317609343
GSM6339603	CTTAAGATCCTACCTA-1	25457	26582	1.0441921671838787
GSM6339603	CTTAAGATCTACCTGC-1	2517	2820	1.1203814064362336
GSM6339603	CTTAAGATCTCAATAG-1	450	483	1.0733333333333333
GSM6339603	CTTAAGATCTGTGCCT-1	1633	1770	1.0838946723821188
GSM6339603	CTTAAGGGTACAATGT-1	6955	8082	1.1620416966211358
GSM6339603	CTTAAGGGTCACAGAC-1	1283	1305	1.0171473109898674
GSM6339603	CTTAAGGGTCCTTTAA-1	1150	1185	1.0304347826086957
GSM6339603	CTTAAGGGTGCAACTA-1	10877	8561	0.7870736416291256
GSM6339603	CTTAAGGGTTTATTCG-1	988	1121	1.1346153846153846
GSM6339603	CTTAATGAGACAAGTG-1	8541	9632	1.1277367989696756
GSM6339603	CTTAATGAGACCATAC-1	6188	6598	1.066257272139625
GSM6339603	CTTAATGAGATGGAGC-1	1027	1117	1.0876338851022396
GSM6339603	CTTAATGAGCACGTTG-1	12270	13392	1.091442542787286
GSM6339603	CTTAATGAGCAGCTCA-1	2609	2502	0.9589881180528939
GSM6339603	CTTAATGAGCAGGCCT-1	1934	1892	0.9782833505687694
GSM6339603	CTTAATGAGGACTAAG-1	716	581	0.8114525139664804
GSM6339603	CTTAATGAGTACCGCA-1	2386	2573	1.07837384744342
GSM6339603	CTTAATGAGTTATGGC-1	4268	4944	1.1583880037488286
GSM6339603	CTTAATGAGTTGGCCA-1	15783	14201	0.8997655705505924
GSM6339603	CTTACCGGTGGTTATG-1	1978	1213	0.6132457027300303
GSM6339603	CTTACCGGTGTCCAAA-1	2592	2692	1.0385802469135803
GSM6339603	CTTACCGGTTAACAGT-1	4895	3149	0.6433094994892747
GSM6339603	CTTACCGGTTAGTACG-1	917	987	1.0763358778625953
GSM6339603	CTTACCGGTTGTAACG-1	997	1078	1.0812437311935807
GSM6339603	CTTACCGGTTGTCATC-1	22834	22245	0.9742051326968556
GSM6339603	CTTACCGGTTTGAGGC-1	2466	2711	1.0993511759935117
GSM6339603	CTTACCGGTTTGCAGA-1	14530	17141	1.1796971782518926
GSM6339603	CTTACCTCAAACCTAT-1	622	625	1.004823151125402
GSM6339603	CTTACCTCAACTGGCT-1	1845	1860	1.008130081300813
GSM6339603	CTTACCTCAGCCAGTT-1	14224	13691	0.9625281214848144
GSM6339603	CTTACCTCAGCCGCTA-1	12767	16052	1.2573039868410747
GSM6339603	CTTACCTCATAAGTTC-1	5056	5440	1.0759493670886076
GSM6339603	CTTACCTCATTGTGTG-1	1836	1809	0.9852941176470589
GSM6339603	CTTACTAGTACCGTAA-1	957	1070	1.1180773249738767
GSM6339603	CTTACTAGTCAATACG-1	7564	4812	0.6361713379164463
GSM6339603	CTTACTAGTCTTACTA-1	16775	18744	1.1173770491803279
GSM6339603	CTTACTAGTGTAACCA-1	1191	1364	1.1452560873215785
GSM6339603	CTTACTAGTTAATGAC-1	7488	6183	0.8257211538461539
GSM6339603	CTTACTAGTTCAAGAT-1	1337	1383	1.0344053851907256
GSM6339603	CTTAGGAGTGAACAAA-1	1929	2217	1.1493001555209954
GSM6339603	CTTAGGAGTTACATCC-1	2175	2367	1.0882758620689654
GSM6339603	CTTAGGAGTTATCCTA-1	980	1194	1.2183673469387755
GSM6339603	CTTAGGAGTTGTGATG-1	2172	2455	1.1302946593001841
GSM6339603	CTTAGTTTCATAACGC-1	838	865	1.032219570405728
GSM6339603	CTTAGTTTCATTGTCT-1	1716	1448	0.8438228438228438
GSM6339603	CTTAGTTTCCCTGGAA-1	5979	6707	1.1217594915537716
GSM6339603	CTTAGTTTCGATCAGT-1	3587	2565	0.7150822414273766
GSM6339603	CTTAGTTTCGGCTAGC-1	26851	19848	0.739190346728241
GSM6339603	CTTAGTTTCGGTCAGC-1	1036	1250	1.2065637065637065
GSM6339603	CTTAGTTTCTAAGTGC-1	3891	4192	1.0773580056540735
GSM6339603	CTTATGTTCCCTCAGT-1	35328	42658	1.2074841485507246
GSM6339603	CTTATGTTCGAAGTGA-1	15810	16899	1.0688804554079696
GSM6339603	CTTATGTTCGCTAGAT-1	2761	3204	1.1604491126403478
GSM6339603	CTTATGTTCGTACCGA-1	12730	11869	0.9323644933228594
GSM6339603	CTTATGTTCGTTATCT-1	1931	2129	1.1025375453133093
GSM6339603	CTTATGTTCTCATCAT-1	13268	13840	1.043111245100995
GSM6339603	CTTATTGGTTCCAGGG-1	28283	33633	1.1891595658169218
GSM6339603	CTTATTGGTTTACGTC-1	1689	1721	1.0189461219656601
GSM6339603	CTTCAAGCAATTTGGT-1	12627	12140	0.961431852379821
GSM6339603	CTTCAAGCACAACCTA-1	1260	1538	1.2206349206349207
GSM6339603	CTTCAAGCAGTTAAAG-1	10137	6922	0.6828450231824011
GSM6339603	CTTCAAGCATTGCAGC-1	19494	19587	1.004770698676516
GSM6339603	CTTCAATTCATGGTTA-1	10532	12272	1.1652107861754653
GSM6339603	CTTCAATTCCGGAACC-1	19291	17317	0.8976724897620653
GSM6339603	CTTCAATTCGCAAACT-1	11230	9910	0.8824577025823687
GSM6339603	CTTCAATTCGGTCAGC-1	2321	2528	1.0891856958207669
GSM6339603	CTTCAATTCGGTTAGT-1	1448	1643	1.1346685082872927
GSM6339603	CTTCAATTCGTTAACA-1	4260	4997	1.1730046948356807
GSM6339603	CTTCAATTCTGCAACG-1	4265	4100	0.9613130128956624
GSM6339603	CTTCAATTCTGGCTTC-1	970	778	0.8020618556701031
GSM6339603	CTTCACTCACCGGCTA-1	599	495	0.8263772954924875
GSM6339603	CTTCACTCACTAGGTC-1	1142	987	0.8642732049036778
GSM6339603	CTTCACTCAGCTTAGC-1	4948	5238	1.0586095392077608
GSM6339603	CTTCACTCAGTAGCCT-1	2968	3133	1.0555929919137466
GSM6339603	CTTCACTCAGTAGGTG-1	8461	5784	0.683607138636095
GSM6339603	CTTCACTCAGTCTATG-1	6390	7293	1.1413145539906104
GSM6339603	CTTCACTCATTGTGAT-1	613	630	1.0277324632952691
GSM6339603	CTTCAGGAGAACAAGT-1	3244	3758	1.158446362515413
GSM6339603	CTTCAGGAGCTGCACA-1	2312	2704	1.1695501730103806
GSM6339603	CTTCAGGAGGCTAATC-1	23487	27411	1.1670711457401968
GSM6339603	CTTCAGGAGGGACTAA-1	3337	4215	1.2631105783638
GSM6339603	CTTCAGGAGTGGACAA-1	4662	3419	0.7333762333762334
GSM6339603	CTTCATCCACCTCACC-1	608	690	1.1348684210526316
GSM6339603	CTTCATCCACCTGTAA-1	2301	2526	1.0977835723598435
GSM6339603	CTTCATCCACTAGGTC-1	6896	5663	0.8212006960556845
GSM6339603	CTTCATCCATCAATCG-1	446	439	0.984304932735426
GSM6339603	CTTCATCCATTGACAT-1	32075	43747	1.3638971161340607
GSM6339603	CTTCGCGTCAACAAGG-1	1138	1218	1.070298769771529
GSM6339603	CTTCGCGTCACGCCAA-1	6690	7508	1.122272047832586
GSM6339603	CTTCGCGTCACTCAAA-1	935	962	1.0288770053475935
GSM6339603	CTTCGCGTCGTTTCGC-1	33510	38635	1.152939421068338
GSM6339603	CTTCGCGTCTCGCCCA-1	1271	1075	0.8457907159716759
GSM6339603	CTTCGCGTCTGCAACG-1	25714	33147	1.2890643229369214
GSM6339603	CTTCGCGTCTGTGAGT-1	19873	13315	0.6700045287576109
GSM6339603	CTTCTAAGTAGGTTGC-1	32613	44410	1.3617269187133965
GSM6339603	CTTCTAAGTAGTTGGC-1	23088	29694	1.286122661122661
GSM6339603	CTTCTAAGTGCCTCAC-1	11418	14553	1.2745664739884393
GSM6339603	CTTCTCAAGATGGACA-1	28031	32750	1.1683493275302343
GSM6339603	CTTCTCAAGCGATAGA-1	1810	1743	0.9629834254143647
GSM6339603	CTTCTCAAGCTCCTAC-1	2995	3303	1.102838063439065
GSM6339603	CTTCTCAAGGAAGCAC-1	31238	50411	1.613771688328318
GSM6339603	CTTCTCAAGGAGGACT-1	558	521	0.9336917562724014
GSM6339603	CTTCTCAAGGATTGAG-1	9472	9106	0.9613597972972973
GSM6339603	CTTCTCAAGGTGAAAT-1	8682	8046	0.926744989633725
GSM6339603	CTTCTCAAGGTTAGCT-1	4450	5606	1.2597752808988765
GSM6339603	CTTCTCAAGTGTTGCG-1	12009	14030	1.168290448830044
GSM6339603	CTTCTCAAGTTTAACG-1	1235	1585	1.2834008097165992
GSM6339603	CTTGAACAGAAGCTAG-1	3390	3589	1.0587020648967551
GSM6339603	CTTGAACAGCAGGCCT-1	31783	42804	1.3467577006575842
GSM6339603	CTTGAACAGCATGGTT-1	472	421	0.8919491525423728
GSM6339603	CTTGAACAGCCGGTAC-1	3765	4553	1.2092961487383798
GSM6339603	CTTGAACAGCGGATTT-1	7158	6162	0.8608549874266554
GSM6339603	CTTGAACAGCTCAATA-1	22354	25055	1.120828487071665
GSM6339603	CTTGAACAGGAAACTG-1	1512	1702	1.1256613756613756
GSM6339603	CTTGAACAGGAGGGTT-1	2758	3003	1.0888324873096447
GSM6339603	CTTGAACAGGATAAAC-1	18011	22713	1.2610626839153851
GSM6339603	CTTGAACAGGGTGAAC-1	3606	3473	0.9631170271769274
GSM6339603	CTTGAACAGGTCCGTA-1	7634	8853	1.159680377259628
GSM6339603	CTTGAACAGTCTGGGC-1	7798	7910	1.014362657091562
GSM6339603	CTTGAACAGTGAACGA-1	8708	5952	0.6835094166283877
GSM6339603	CTTGAACAGTTTGCGG-1	2274	2991	1.3153034300791557
GSM6339603	CTTGAATCAAGCGATG-1	9607	8738	0.9095451233475591
GSM6339603	CTTGAATCACCTATAG-1	28329	28583	1.0089660771647428
GSM6339603	CTTGAATCAGTTTCTC-1	10512	11820	1.1244292237442923
GSM6339603	CTTGAATCATGCATAT-1	552	552	1.0
GSM6339603	CTTGACGAGCTCCTAC-1	1662	1907	1.1474127557160048
GSM6339603	CTTGACGAGCTTTGTT-1	38584	30880	0.8003317437279701
GSM6339603	CTTGACGAGGATAAAC-1	1851	1930	1.0426796326310102
GSM6339603	CTTGACGAGGCATGAA-1	19408	18582	0.9574402308326463
GSM6339603	CTTGACGAGGTAGCTT-1	2153	2192	1.0181142591732466
GSM6339603	CTTGACGAGTGTTGCG-1	26795	31103	1.1607762642284007
GSM6339603	CTTGACGAGTTATGGC-1	713	822	1.152875175315568
GSM6339603	CTTGCAACACTGGCTG-1	4090	4630	1.1320293398533008
GSM6339603	CTTGCAACAGAATGAC-1	22010	26707	1.2134029986369832
GSM6339603	CTTGCAACATCAGCAC-1	6580	5007	0.7609422492401215
GSM6339603	CTTGCAACATTATGAC-1	636	676	1.0628930817610063
GSM6339603	CTTGCATGTAACGAGG-1	40378	46058	1.1406706622418148
GSM6339603	CTTGCATGTACGCGCA-1	41744	37346	0.8946435415868149
GSM6339603	CTTGCATGTAGGTTGC-1	3906	4247	1.0873015873015872
GSM6339603	CTTGCATGTTAGGACC-1	13434	12269	0.9132797379782641
GSM6339603	CTTGCGCGTAATCCCT-1	6193	4342	0.7011141611496852
GSM6339603	CTTGCGCGTAGTCAAT-1	744	765	1.028225806451613
GSM6339603	CTTGCGCGTCACGGAT-1	7322	7332	1.001365747063644
GSM6339603	CTTGCGCGTGCAATAT-1	454	519	1.1431718061674008
GSM6339603	CTTGCGCGTGCATTAG-1	2346	2398	1.0221653878942882
GSM6339603	CTTGCGCGTTGAGGTC-1	20704	21548	1.0407650695517774
GSM6339603	CTTGCGCGTTGTAAAC-1	4319	4555	1.0546422783051632
GSM6339603	CTTGCGCGTTTAACGG-1	511	439	0.8590998043052838
GSM6339603	CTTGCTCAGAGCCGGA-1	437	389	0.8901601830663616
GSM6339603	CTTGCTCAGATTGAGG-1	497	491	0.9879275653923542
GSM6339603	CTTGCTCAGGGACGCA-1	13322	11050	0.8294550367812641
GSM6339603	CTTGCTCAGGTTTACA-1	17147	20483	1.1945529830291013
GSM6339603	CTTGCTCAGTGAGCGG-1	29188	37724	1.292448951623955
GSM6339603	CTTGCTCAGTTCCCGT-1	19037	15703	0.824867363555182
GSM6339603	CTTGGACCAAGGAATC-1	34073	51925	1.5239339066122737
GSM6339603	CTTGGACCAATAGCCC-1	1796	1748	0.9732739420935412
GSM6339603	CTTGGACCAGCAAGAT-1	1415	990	0.6996466431095406
GSM6339603	CTTGTAAAGACAAACG-1	1418	1693	1.193935119887165
GSM6339603	CTTGTAAAGCACCACA-1	2258	2473	1.0952170062001771
GSM6339603	CTTGTAAAGCCATCAG-1	3857	4272	1.1075965776510242
GSM6339603	CTTGTAAAGGACCTCA-1	1092	1252	1.1465201465201464
GSM6339603	CTTGTAAAGGGACTAA-1	2722	3216	1.1814842027920647
GSM6339603	CTTGTAAAGTATTGTG-1	6843	9451	1.3811193920794973
GSM6339603	CTTGTCCAGACACTTA-1	1859	1954	1.0511027434104356
GSM6339603	CTTGTCCAGCGATAGA-1	1089	1085	0.9963269054178145
GSM6339603	CTTGTCCAGGACTAAG-1	1010	1065	1.0544554455445545
GSM6339603	CTTGTCCAGGCTCATG-1	450	500	1.1111111111111112
GSM6339603	CTTGTCCAGGTAAGGC-1	796	829	1.0414572864321607
GSM6339603	CTTGTCCAGGTATTGC-1	410	504	1.2292682926829268
GSM6339603	CTTGTCCAGTAGGCGG-1	1915	2408	1.2574412532637076
GSM6339603	CTTGTTCCACCTGCTC-1	12410	7488	0.6033843674456084
GSM6339603	CTTGTTCCACTCGCTC-1	4706	5401	1.1476838079048024
GSM6339603	CTTGTTCCACTTCATC-1	36408	45387	1.2466216216216217
GSM6339603	CTTGTTCCAGCACGTT-1	4815	4407	0.9152647975077881
GSM6339603	CTTGTTCCATCTTGAG-1	1356	1484	1.0943952802359882
GSM6339603	CTTGTTTAGTCTGGGC-1	2599	2054	0.7903039630627164
GSM6339603	CTTTAGGCAAAGGTAC-1	7845	6177	0.7873804971319311
GSM6339603	CTTTAGGCAAGGACCA-1	9980	13127	1.3153306613226452
GSM6339603	CTTTAGGCAAGGGTTG-1	2455	2610	1.0631364562118126
GSM6339603	CTTTAGGCAATAGCCC-1	22495	25415	1.1298066236941542
GSM6339603	CTTTAGGCACCCACCT-1	1133	1195	1.0547219770520742
GSM6339603	CTTTAGGCATTGCGGT-1	556	634	1.1402877697841727
GSM6339603	CTTTAGTTCAATCTCT-1	1048	1139	1.0868320610687023
GSM6339603	CTTTAGTTCATTACGA-1	1211	1403	1.1585466556564823
GSM6339603	CTTTAGTTCATTAGCA-1	3648	1897	0.5200109649122807
GSM6339603	CTTTAGTTCATTGCAA-1	24462	17231	0.704398659144796
GSM6339603	CTTTAGTTCCGGTTGA-1	2437	2495	1.0237997537956505
GSM6339603	CTTTAGTTCCTCCATA-1	3108	3841	1.2358429858429858
GSM6339603	CTTTATCAGCGATACT-1	681	625	0.9177679882525698
GSM6339603	CTTTATCAGCGGATAA-1	690	590	0.855072463768116
GSM6339603	CTTTATCAGTAGCGCC-1	15552	18900	1.2152777777777777
GSM6339603	CTTTATGGTAGGATCC-1	20877	18289	0.8760358289026201
GSM6339603	CTTTATGGTTATGTGG-1	1777	1983	1.1159257175014068
GSM6339603	CTTTATGGTTTACGTC-1	1934	1904	0.984488107549121
GSM6339603	CTTTATGGTTTGACCT-1	14772	15511	1.0500270782561603
GSM6339603	CTTTCTTGTAATGACT-1	28796	33476	1.162522572579525
GSM6339603	CTTTCTTGTATTGGAT-1	24119	18199	0.754550354492309
GSM6339603	CTTTCTTGTCAGTAAT-1	12808	11142	0.8699250468457215
GSM6339603	CTTTCTTGTTGTCCAT-1	6135	6636	1.0816625916870415
GSM6339603	CTTTGAGCAAGCCACT-1	38159	43124	1.130113472575277
GSM6339603	CTTTGAGCACAGAACG-1	998	1032	1.034068136272545
GSM6339603	CTTTGAGCACCAACCG-1	499	512	1.0260521042084167
GSM6339603	CTTTGAGCACCTCACC-1	562	679	1.208185053380783
GSM6339603	CTTTGAGCACGAACAG-1	838	693	0.8269689737470167
GSM6339603	CTTTGAGCATATAACC-1	537	511	0.9515828677839852
GSM6339603	CTTTGGGAGCGGATAA-1	4970	5697	1.146277665995976
GSM6339603	CTTTGGGAGGAAGCAC-1	21430	31239	1.457722818478768
GSM6339603	CTTTGGGAGGCTACTG-1	29686	21934	0.7388668059017719
GSM6339603	CTTTGGGAGGGTGGAT-1	683	717	1.0497803806734993
GSM6339603	CTTTGGGAGGTCCAAT-1	568	568	1.0
GSM6339603	CTTTGGGAGGTCCTGA-1	7834	10668	1.3617564462598928
GSM6339603	CTTTGGGAGGTGAAAT-1	6949	7293	1.0495035256871492
GSM6339603	CTTTGGGAGTAACCCG-1	794	941	1.185138539042821
GSM6339603	CTTTGGGAGTACCGCA-1	1444	1572	1.0886426592797784
GSM6339603	CTTTGGGAGTATTGCA-1	841	932	1.1082045184304399
GSM6339603	CTTTGGTGTACCGTAA-1	4112	4951	1.2040369649805447
GSM6339603	CTTTGGTGTAGGTTAT-1	25836	34100	1.3198637559993807
GSM6339603	CTTTGGTGTAGTTGGC-1	18047	17556	0.9727932620380119
GSM6339603	CTTTGGTGTATTACCC-1	1404	1502	1.0698005698005697
GSM6339603	CTTTGGTGTCAATAGT-1	1601	1824	1.1392879450343536
GSM6339603	CTTTGGTGTCACAGAC-1	7329	8874	1.210806385591486
GSM6339603	CTTTGGTGTGACCTGG-1	789	795	1.0076045627376427
GSM6339603	CTTTGGTGTTAGGCGT-1	1646	1755	1.066221142162819
GSM6339603	CTTTGGTGTTGGATAT-1	15556	17862	1.1482386217536642
GSM6339603	CTTTGTCCAAAGCGGC-1	18455	19063	1.0329450013546464
GSM6339603	CTTTGTCCAATAACCT-1	17253	18835	1.0916941981104735
GSM6339603	CTTTGTCCAGCAACCT-1	28399	30116	1.0604598753477235
GSM6339603	CTTTGTCCAGTATGTT-1	4282	4949	1.1557683325548809
GSM6339603	CTTTGTCCATAAGCAA-1	5833	4278	0.7334133379050232
GSM6339603	CTTTGTCCATGAGTTT-1	5566	4679	0.8406395975565936
GSM6339603	GAAACCCGTCACCAAA-1	1353	1592	1.1766444937176646
GSM6339603	GAAACCCGTGCACGCA-1	23126	29833	1.290019891031739
GSM6339603	GAAACCCGTGCTTTAC-1	2526	1662	0.6579572446555819
GSM6339603	GAAACCCGTTCGCTTG-1	3086	3557	1.1526247569669474
GSM6339603	GAAACCCGTTTATCTG-1	21503	34253	1.592940519927452
GSM6339603	GAAACCCGTTTATTCG-1	9073	7484	0.8248649840185165
GSM6339603	GAAACTGAGATAACCC-1	16462	19205	1.1666261693597375
GSM6339603	GAAACTGAGCAAACCT-1	480	523	1.0895833333333333
GSM6339603	GAAACTGAGCAATAGG-1	829	806	0.9722557297949337
GSM6339603	GAAACTGAGCATGGTT-1	2300	2703	1.1752173913043478
GSM6339603	GAAACTGAGCCTGTTC-1	794	813	1.0239294710327456
GSM6339603	GAAACTGAGTAACAGG-1	14118	15146	1.0728148462955094
GSM6339603	GAAAGCCAGACACCGC-1	25098	36586	1.45772571519643
GSM6339603	GAAAGCCAGAGAGCCG-1	12171	8095	0.6651055788349355
GSM6339603	GAAAGCCAGCATGTTA-1	3238	3847	1.1880790611488574
GSM6339603	GAAAGCCAGCCTGGTA-1	3554	4375	1.231007315700619
GSM6339603	GAAAGCCAGCGATAAG-1	554	522	0.9422382671480144
GSM6339603	GAAAGCCAGCTTTGGG-1	3074	3352	1.0904359141184126
GSM6339603	GAAAGCCAGGCATTAC-1	14714	14870	1.0106021476145168
GSM6339603	GAAAGCCAGGGTTAGA-1	677	730	1.0782865583456425
GSM6339603	GAAAGCCAGTCAATTG-1	901	853	0.946725860155383
GSM6339603	GAAAGCCAGTCATCCC-1	2234	2575	1.1526410026857654
GSM6339603	GAAAGCCAGTGGACAA-1	542	501	0.9243542435424354
GSM6339603	GAAAGGCTCAATGACC-1	1460	1568	1.073972602739726
GSM6339603	GAAAGGCTCACCAATA-1	1208	812	0.6721854304635762
GSM6339603	GAAAGGCTCATTATGG-1	30189	32018	1.0605849812845738
GSM6339603	GAAAGGCTCCGGCTAA-1	708	741	1.0466101694915255
GSM6339603	GAAAGGCTCCGTGACA-1	3679	3824	1.039412883935852
GSM6339603	GAACACAAGACAACAG-1	4044	4452	1.1008902077151335
GSM6339603	GAACACAAGCACAGGG-1	7481	8954	1.196898810319476
GSM6339603	GAACACAAGCCATCAG-1	664	675	1.016566265060241
GSM6339603	GAACACAAGGAGTCGG-1	576	620	1.0763888888888888
GSM6339603	GAACACAAGTAACAGG-1	1109	1028	0.9269612263300271
GSM6339603	GAACCAAAGCATGACT-1	719	705	0.980528511821975
GSM6339603	GAACCAAAGCCTGTGA-1	1512	1442	0.9537037037037037
GSM6339603	GAACCAAAGGAATAAC-1	19819	23738	1.1977395428629094
GSM6339603	GAACCAAAGGAGCAAC-1	6708	7903	1.1781454979129398
GSM6339603	GAACCAAAGGTTAGAG-1	3361	3725	1.1083011008628385
GSM6339603	GAACCAAAGTGAGCGG-1	1846	1981	1.073131094257855
GSM6339603	GAACCAAAGTGTTGCG-1	5165	4471	0.8656340755082285
GSM6339603	GAACCAGCAACAGCCT-1	25100	30934	1.232430278884462
GSM6339603	GAACCAGCAAGGGTTG-1	11297	10806	0.9565371337523236
GSM6339603	GAACCAGCAAGTGTTT-1	8317	5311	0.6385716003366598
GSM6339603	GAACCAGCAGCTCAAC-1	877	866	0.9874572405929305
GSM6339603	GAACCAGCAGGCATGA-1	1556	1821	1.1703084832904884
GSM6339603	GAACCAGCAGGCTAGA-1	1305	1495	1.1455938697318007
GSM6339603	GAACCAGCATTATGGT-1	29004	34642	1.1943869811060543
GSM6339603	GAACCGCTCATAGCCG-1	15365	18873	1.2283110966482265
GSM6339603	GAACCGCTCATTAGTG-1	3657	4194	1.1468416735028713
GSM6339603	GAACCGCTCCCGTTGT-1	5782	3765	0.6511587685921827
GSM6339603	GAACCGCTCCCTGTTA-1	2459	2822	1.1476209841398943
GSM6339603	GAACCGCTCCGTCCAT-1	1865	2067	1.1083109919571046
GSM6339603	GAACCTGTCAAACACC-1	429	469	1.0932400932400932
GSM6339603	GAACCTGTCACGCCAA-1	1983	2113	1.0655572365103378
GSM6339603	GAACCTGTCACTAATG-1	25162	30284	1.2035609252046737
GSM6339603	GAACCTTAGCAATAGG-1	9817	9650	0.9829886930834267
GSM6339603	GAACCTTAGGCATTGT-1	8934	7051	0.7892321468547123
GSM6339603	GAACCTTAGGCGCTTA-1	684	644	0.9415204678362573
GSM6339603	GAACCTTAGGCTAATC-1	1847	2006	1.0860855441256092
GSM6339603	GAACGAATCAAACCGT-1	5039	5715	1.13415360190514
GSM6339603	GAACGAATCAAGTGTC-1	1073	1177	1.0969245107176142
GSM6339603	GAACGAATCAGTGAAG-1	5107	5251	1.0281965929116899
GSM6339603	GAACGAATCCATAAGC-1	21627	21924	1.013732833957553
GSM6339603	GAACGAATCCCTGGTT-1	11850	14185	1.1970464135021097
GSM6339603	GAACTTATCAAACACC-1	3658	4026	1.100601421541826
GSM6339603	GAACTTATCACCTGCT-1	10256	10335	1.0077028081123245
GSM6339603	GAACTTATCATTAGTG-1	2966	3074	1.0364126770060689
GSM6339603	GAACTTATCCCGCAAA-1	5531	5763	1.0419453986620864
GSM6339603	GAACTTATCCGCAAAT-1	497	464	0.9336016096579477
GSM6339603	GAACTTATCCTCACAC-1	5228	5945	1.1371461361897475
GSM6339603	GAACTTATCCTTCGTA-1	23067	33195	1.439068799583821
GSM6339603	GAAGCCTGTAATCACG-1	10436	12896	1.2357224990417786
GSM6339603	GAAGCCTGTCCTAACT-1	3640	3976	1.0923076923076922
GSM6339603	GAAGCCTGTGTTTCAC-1	424	402	0.9481132075471698
GSM6339603	GAAGCCTGTTCACCAT-1	977	1091	1.1166837256908906
GSM6339603	GAAGCCTGTTCATTTG-1	13868	14385	1.037280069224113
GSM6339603	GAAGCCTGTTCCGCAC-1	9134	7450	0.8156338953361069
GSM6339603	GAAGCCTGTTGAGCCG-1	17246	19584	1.1355676678650122
GSM6339603	GAAGCTAAGCTAAAGG-1	496	478	0.9637096774193549
GSM6339603	GAAGCTAAGGAGCAAC-1	3066	3593	1.1718851924331377
GSM6339603	GAAGCTAAGTGAGCGG-1	1444	1572	1.0886426592797784
GSM6339603	GAAGCTAAGTTAGCTA-1	2272	2269	0.9986795774647887
GSM6339603	GAAGCTAAGTTTGGTA-1	667	674	1.0104947526236883
GSM6339603	GAAGGAACAACATAAG-1	1778	1919	1.0793025871766029
GSM6339603	GAAGGAACAATCCCTT-1	24787	26854	1.0833904869488038
GSM6339603	GAAGGAACACGTAATT-1	6014	7987	1.3280678417026937
GSM6339603	GAAGGAACACTTAACG-1	3639	3825	1.0511129431162407
GSM6339603	GAAGGATGTGGCTTCC-1	2154	2474	1.1485608170844939
GSM6339603	GAAGGATGTTAGGATT-1	11455	12240	1.0685290266259275
GSM6339603	GAAGGCCCAACCTAAT-1	1912	1940	1.0146443514644352
GSM6339603	GAAGGCCCAATAACGA-1	923	972	1.0530877573131094
GSM6339603	GAAGGCCCAATTGCGC-1	2086	1875	0.8988494726749761
GSM6339603	GAAGGCCCACAGACTC-1	28950	31884	1.1013471502590673
GSM6339603	GAAGGCCCAGCCAGAA-1	1613	2031	1.25914445133292
GSM6339603	GAAGGCCCAGGAATCG-1	3042	3698	1.2156476002629848
GSM6339603	GAAGGCCCAGGACCAA-1	20659	20813	1.007454378237088
GSM6339603	GAAGGCCCAGGCTTGT-1	1879	1727	0.9191059073975519
GSM6339603	GAAGGCCCATCCATCT-1	4012	4515	1.1253738783649052
GSM6339603	GAAGGCCCATCCGTAA-1	962	1003	1.0426195426195426
GSM6339603	GAAGGCCCATGGTTAT-1	1849	1885	1.0194699837750134
GSM6339603	GAAGGCTAGCATGCAT-1	5392	6454	1.1969584569732938
GSM6339603	GAAGGCTAGCCATCAG-1	1245	1330	1.0682730923694779
GSM6339603	GAAGGCTAGGAATAAC-1	3967	3228	0.8137131333501386
GSM6339603	GAAGGCTAGGCATGTT-1	2952	3409	1.154810298102981
GSM6339603	GAAGTAAGTATGGTGC-1	945	779	0.8243386243386244
GSM6339603	GAAGTAAGTCATAGAT-1	1356	844	0.6224188790560472
GSM6339603	GAAGTAAGTTACTTCA-1	4089	3629	0.8875030569821473
GSM6339603	GAAGTAAGTTACTTGC-1	1548	1391	0.898578811369509
GSM6339603	GAAGTAAGTTAGAGGG-1	9942	8460	0.8509354254677127
GSM6339603	GAAGTAAGTTCCATTA-1	1504	2449	1.6283244680851063
GSM6339603	GAAGTAAGTTGAAGCC-1	3866	3667	0.9485256078634248
GSM6339603	GAAGTAAGTTTATCTG-1	11774	11548	0.9808051639205028
GSM6339603	GAAGTATAGACTATTG-1	1515	1613	1.0646864686468647
GSM6339603	GAAGTATAGAGAGCCG-1	39668	50784	1.2802258747605122
GSM6339603	GAAGTATAGTTTGAGC-1	12389	11965	0.9657760916942449
GSM6339603	GAAGTCAAGAAAGCAT-1	1092	1318	1.206959706959707
GSM6339603	GAAGTCAAGCCTCTGT-1	19587	23606	1.205187113902078
GSM6339603	GAAGTGATCACAGCGC-1	2002	1871	0.9345654345654346
GSM6339603	GAAGTGATCCAAACAC-1	6607	7857	1.1891932798546996
GSM6339603	GAAGTGATCGAAGCGG-1	1180	800	0.6779661016949152
GSM6339603	GAAGTGATCTCGCCTG-1	2949	3268	1.1081722617836556
GSM6339603	GAATTTGTCCAAGTTA-1	15298	16045	1.0488299124068505
GSM6339603	GAATTTGTCCATCAGG-1	666	375	0.5630630630630631
GSM6339603	GAATTTGTCCCGAAGC-1	1983	1983	1.0
GSM6339603	GAATTTGTCCCGTTAC-1	1565	1855	1.1853035143769968
GSM6339603	GAATTTGTCCCTTGCG-1	981	1063	1.0835881753312946
GSM6339603	GAATTTGTCCTTAGGG-1	1576	1711	1.0856598984771573
GSM6339603	GAATTTGTCTAAGTCA-1	24299	28102	1.1565084982921108
GSM6339603	GAATTTGTCTGGCATG-1	1054	1104	1.047438330170778
GSM6339603	GAATTTGTCTTTAAGG-1	640	733	1.1453125
GSM6339603	GACAATACAACAGGTG-1	580	642	1.106896551724138
GSM6339603	GACAATACAGTAGCCT-1	1898	2186	1.1517386722866174
GSM6339603	GACAATACAGTTTACG-1	763	856	1.1218872870249017
GSM6339603	GACAATACATCATGGC-1	659	848	1.2867981790591805
GSM6339603	GACAATACATTAGGCC-1	757	886	1.1704095112285338
GSM6339603	GACACCGGTAACGAGG-1	14304	17440	1.2192393736017897
GSM6339603	GACACCGGTCAAAGGG-1	23751	23515	0.9900635762704728
GSM6339603	GACACCGGTCACTCGC-1	22938	28857	1.2580434213968088
GSM6339603	GACACCGGTCCTAATC-1	592	547	0.9239864864864865
GSM6339603	GACACCGGTGAACAAA-1	608	656	1.0789473684210527
GSM6339603	GACACCGGTGAATCGC-1	1473	1637	1.111337406653089
GSM6339603	GACACCGGTGATCAGC-1	4408	4651	1.0551270417422867
GSM6339603	GACACCGGTGATGATT-1	2437	2674	1.0972507180960196
GSM6339603	GACACCGGTGGACCTG-1	3678	4028	1.0951604132680806
GSM6339603	GACACCGGTTACCGGG-1	31731	41211	1.2987614635529923
GSM6339603	GACACCGGTTCCAGGG-1	1650	1849	1.1206060606060606
GSM6339603	GACACCGGTTGAAGCC-1	722	791	1.0955678670360112
GSM6339603	GACACCGGTTGCCTCA-1	1779	1801	1.0123664980326026
GSM6339603	GACACTAGTCCTGATT-1	875	1178	1.3462857142857143
GSM6339603	GACATAGAGAGGATAT-1	2337	2898	1.2400513478819
GSM6339603	GACATAGAGCTCAAAC-1	1480	1666	1.1256756756756756
GSM6339603	GACATAGAGGTTAGCT-1	44904	45618	1.015900587920898
GSM6339603	GACATAGAGTGGCGGA-1	3129	3389	1.08309364014062
GSM6339603	GACATAGAGTTGTCCC-1	1592	1828	1.1482412060301508
GSM6339603	GACATTATCATGAAGG-1	814	849	1.042997542997543
GSM6339603	GACATTATCATTTGCT-1	1520	1551	1.0203947368421054
GSM6339603	GACATTATCGCTAGAT-1	17616	27387	1.55466621253406
GSM6339603	GACATTATCTCACACC-1	700	737	1.052857142857143
GSM6339603	GACATTATCTGCAAGT-1	14772	16632	1.1259138911454103
GSM6339603	GACATTATCTGGTCCT-1	1049	1088	1.0371782650142993
GSM6339603	GACCGAACAAAGCGGC-1	1499	1732	1.1554369579719814
GSM6339603	GACCGAACAAATGCCC-1	5235	8570	1.6370582617000955
GSM6339603	GACCGAACAATAGCCC-1	4413	4775	1.0820303648311806
GSM6339603	GACCGAACACCTGCTC-1	10210	10083	0.9875612144955925
GSM6339603	GACCGAACACCTGTAA-1	31658	39995	1.2633457577863416
GSM6339603	GACCGAACACTAAGCC-1	1087	1238	1.1389144434222631
GSM6339603	GACCGTTCAATCCTAG-1	6590	5739	0.8708649468892261
GSM6339603	GACCGTTCAATTGAGA-1	2134	2431	1.1391752577319587
GSM6339603	GACCGTTCACATTGCA-1	25667	25167	0.9805197335099544
GSM6339603	GACCGTTCAGAGAGCC-1	4379	5418	1.2372687828271294
GSM6339603	GACCGTTCAGCCTAAC-1	29112	31110	1.068631492168178
GSM6339603	GACCGTTCAGGATGGC-1	3091	3988	1.2901973471368489
GSM6339603	GACCGTTCAGTACCGT-1	1673	1936	1.1572026300059772
GSM6339603	GACCGTTCATTGTGTG-1	548	646	1.1788321167883211
GSM6339603	GACCTAAGTAACGGGA-1	812	872	1.0738916256157636
GSM6339603	GACCTAAGTCACAGCG-1	1296	1622	1.251543209876543
GSM6339603	GACCTAAGTCATCATC-1	3767	4792	1.2720998141757367
GSM6339603	GACCTAAGTCATTACC-1	1159	1352	1.1665228645383952
GSM6339603	GACCTAAGTGTCCAAA-1	3202	3641	1.137101811367895
GSM6339603	GACCTAAGTGTTCCCA-1	514	567	1.1031128404669261
GSM6339603	GACCTAAGTTAGGATT-1	411	472	1.1484184914841848
GSM6339603	GACCTAAGTTCACCCA-1	13841	13652	0.9863449172747634
GSM6339603	GACCTAAGTTTCCTCC-1	4667	5159	1.105421041354189
GSM6339603	GACCTAGTCCACCCTG-1	20570	28772	1.3987360233349537
GSM6339603	GACCTAGTCGCAGGCT-1	19014	20605	1.0836751867045336
GSM6339603	GACCTAGTCTTCAATC-1	1213	1104	0.9101401483924155
GSM6339603	GACCTCAAGCAGGTTT-1	33202	38516	1.1600505993614842
GSM6339603	GACCTCAAGCCGCTAA-1	2298	2064	0.8981723237597912
GSM6339603	GACCTCAAGCTAGAAG-1	2895	2520	0.8704663212435233
GSM6339603	GACCTCAAGCTGTCAG-1	527	547	1.0379506641366223
GSM6339603	GACCTCAAGGATAAAC-1	3583	3918	1.0934970694948367
GSM6339603	GACCTCAAGGCACAGG-1	24640	27841	1.1299107142857143
GSM6339603	GACCTCAAGGCTTAAC-1	20081	18530	0.9227628106170012
GSM6339603	GACCTCAAGGTGTTAC-1	1682	1775	1.0552913198573126
GSM6339603	GACCTCAAGTCTTGAA-1	3610	3635	1.0069252077562327
GSM6339603	GACCTCAAGTTAGTTG-1	9812	8573	0.8737260497350183
GSM6339603	GACCTCAAGTTATTCC-1	3212	3420	1.0647571606475716
GSM6339603	GACCTGATCAAACTCA-1	1245	1112	0.8931726907630522
GSM6339603	GACCTGATCATCACTT-1	1266	1264	0.9984202211690363
GSM6339603	GACCTGATCATGCATA-1	15809	14912	0.9432601682585868
GSM6339603	GACCTGATCCGTTAAA-1	8075	5434	0.6729411764705883
GSM6339603	GACCTGATCCTAAATG-1	1849	2102	1.1368307193077338
GSM6339603	GACCTGATCCTACCTA-1	35850	38131	1.063626220362622
GSM6339603	GACCTGATCGTTTCGC-1	6153	7225	1.1742239557939216
GSM6339603	GACCTGATCGTTTCTG-1	1500	848	0.5653333333333334
GSM6339603	GACCTGCAGCAAGACA-1	11670	15749	1.349528706083976
GSM6339603	GACCTGCAGCCTGTTC-1	26848	26838	0.9996275327771156
GSM6339603	GACCTGCAGCTCCCTG-1	32423	44795	1.3815809764673226
GSM6339603	GACCTGCAGGAAACTG-1	1294	1288	0.9953632148377125
GSM6339603	GACCTGCAGGAAGTAT-1	1977	2393	1.210419828022256
GSM6339603	GACCTGCAGTCATTAG-1	21433	21870	1.020389119581953
GSM6339603	GACCTGCAGTCGCTAG-1	1676	1783	1.0638424821002386
GSM6339603	GACCTTTGTCACCAAA-1	3073	3215	1.0462089163683697
GSM6339603	GACCTTTGTCCTTCAG-1	757	970	1.2813738441215323
GSM6339603	GACCTTTGTTCATTTG-1	2156	2283	1.0589053803339519
GSM6339603	GACCTTTGTTCCATTA-1	3170	3470	1.0946372239747635
GSM6339603	GACCTTTGTTCCGGCT-1	14264	10071	0.7060431856421762
GSM6339603	GACCTTTGTTTCCTCC-1	1245	1484	1.1919678714859439
GSM6339603	GACGCAACAATCCCTT-1	20914	20166	0.9642344840776513
GSM6339603	GACGCAACACCTAATG-1	9161	7949	0.8677000327475166
GSM6339603	GACGCAACACGGTTTA-1	1986	2244	1.1299093655589123
GSM6339603	GACGCAACACTTCACT-1	4013	4685	1.1674557687515574
GSM6339603	GACGCAACAGGAAGCC-1	1654	1762	1.0652962515114872
GSM6339603	GACGCAACAGTTTACG-1	948	739	0.7795358649789029
GSM6339603	GACGCCTAGCGCATTG-1	25023	32331	1.292051312792231
GSM6339603	GACGCCTAGGCGCTAC-1	586	547	0.9334470989761092
GSM6339603	GACGCCTAGGTCGATT-1	5821	6355	1.091736814980244
GSM6339603	GACGCCTAGTAAGGGC-1	2202	2473	1.1230699364214352
GSM6339603	GACGCCTAGTAATCCA-1	21633	35066	1.6209494753386031
GSM6339603	GACGCCTAGTCATCCC-1	2140	2330	1.088785046728972
GSM6339603	GACGCCTAGTCCTTCA-1	1259	1611	1.279586973788721
GSM6339603	GACGTAAAGGCCTTAG-1	781	722	0.9244558258642765
GSM6339603	GACGTAAAGGCTAGAA-1	1302	1356	1.0414746543778801
GSM6339603	GACGTAAAGGTCGATT-1	9696	8636	0.8906765676567657
GSM6339603	GACGTAAAGTCGCAAT-1	3614	3681	1.0185390149418927
GSM6339603	GACTAATGTGTTGTAG-1	12450	14356	1.1530923694779116
GSM6339603	GACTAATGTTACTTCA-1	1432	1477	1.0314245810055866
GSM6339603	GACTAATGTTGCACAA-1	4598	4683	1.0184862983906047
GSM6339603	GACTAATGTTGCGCGA-1	2541	2902	1.1420700511609603
GSM6339603	GACTAATGTTTACGTC-1	8253	9927	1.202835332606325
GSM6339603	GACTATTCAACACCTA-1	15086	11371	0.7537451942198065
GSM6339603	GACTATTCAACCCTCC-1	4870	4877	1.0014373716632443
GSM6339603	GACTATTCAACGTGCT-1	16803	15332	0.9124561090281498
GSM6339603	GACTATTCAACTCGCG-1	1480	1147	0.775
GSM6339603	GACTATTCAAGGCCAA-1	666	704	1.057057057057057
GSM6339603	GACTATTCATCAGTAT-1	17697	19963	1.1280443012940047
GSM6339603	GACTATTCATCCAGGT-1	1351	1076	0.7964470762398224
GSM6339603	GACTATTCATGCTTAG-1	5309	6318	1.1900546242230174
GSM6339603	GACTATTCATTAAACC-1	37441	39727	1.0610560615368179
GSM6339603	GACTCACCAACCGCCA-1	1372	1406	1.0247813411078717
GSM6339603	GACTCACCAATCCTAG-1	10435	14527	1.3921418303785338
GSM6339603	GACTCACCACAGAACG-1	30871	40499	1.311878461986978
GSM6339603	GACTCACCACAGACTC-1	35310	50487	1.42982158028887
GSM6339603	GACTCACCACAGCCAT-1	3474	3842	1.105929763960852
GSM6339603	GACTCACCAGCTCAAC-1	3005	2846	0.9470881863560732
GSM6339603	GACTCACCATTGCAGC-1	2799	2968	1.0603787066809576
GSM6339603	GACTTACAGAAAGGAA-1	1087	976	0.8978840846366145
GSM6339603	GACTTACAGCACCACA-1	1175	1112	0.9463829787234043
GSM6339603	GACTTACAGGAACGGT-1	9972	14246	1.428600080224629
GSM6339603	GACTTACAGGAAGCAC-1	461	550	1.193058568329718
GSM6339603	GACTTAGGTAGGTTGC-1	16605	13996	0.8428786510087323
GSM6339603	GACTTAGGTCCTAAGA-1	1590	1801	1.1327044025157234
GSM6339603	GACTTAGGTGGGTACT-1	6554	6915	1.055080866646323
GSM6339603	GACTTAGGTTATCCGT-1	11878	8897	0.7490318235393164
GSM6339603	GACTTAGGTTTGCGCC-1	808	879	1.0878712871287128
GSM6339603	GACTTGGTCACCGGTA-1	1156	1198	1.0363321799307958
GSM6339603	GACTTGGTCATGCTAA-1	1136	1266	1.1144366197183098
GSM6339603	GACTTGGTCTTTAAGG-1	32074	42018	1.31003304857517
GSM6339603	GAGAAACGTAGGATCC-1	888	1029	1.1587837837837838
GSM6339603	GAGAAACGTCAAGTAT-1	914	862	0.9431072210065645
GSM6339603	GAGAAACGTTGAAGCC-1	27911	31356	1.1234280391243596
GSM6339603	GAGAACCAGCATGAAG-1	3441	3309	0.9616390584132519
GSM6339603	GAGAACCAGCCTGTTC-1	4285	4834	1.1281213535589265
GSM6339603	GAGAACCAGCTTAGTA-1	16599	15867	0.9559009578890295
GSM6339603	GAGAACCAGTCAATCA-1	980	1249	1.2744897959183674
GSM6339603	GAGAACCAGTCGCTAG-1	2072	2237	1.0796332046332047
GSM6339603	GAGAACCAGTGTTGCG-1	14899	17661	1.1853815692328344
GSM6339603	GAGAGGCGTAGGATCC-1	525	473	0.900952380952381
GSM6339603	GAGAGGCGTTTGGCTT-1	14296	14170	0.9911863458310016
GSM6339603	GAGAGGCGTTTGTCTA-1	8959	5269	0.5881236745172452
GSM6339603	GAGATAAGTGATGGCT-1	1891	1913	1.0116340560549975
GSM6339603	GAGATAAGTGCACGCA-1	19387	18124	0.9348532521792954
GSM6339603	GAGATAAGTGTGAGAG-1	4067	4604	1.1320383575116795
GSM6339603	GAGATAAGTTGCTTCG-1	12713	15605	1.2274836781247542
GSM6339603	GAGATAAGTTTGTGGA-1	2294	2625	1.1442894507410637
GSM6339603	GAGCAAATCAATGTGC-1	921	1077	1.1693811074918568
GSM6339603	GAGCAAATCATTGACA-1	716	808	1.1284916201117319
GSM6339603	GAGCAAATCCGGAACC-1	1575	1833	1.1638095238095238
GSM6339603	GAGCAAATCGATTCTT-1	1778	1830	1.0292463442069741
GSM6339603	GAGCAAATCGCACACA-1	429	563	1.3123543123543124
GSM6339603	GAGCAAATCGCTCACT-1	11271	11511	1.021293585307426
GSM6339603	GAGCAAATCGTTATAG-1	17534	17147	0.9779285958708794
GSM6339603	GAGCAAATCGTTTCCA-1	1992	2329	1.1691767068273093
GSM6339603	GAGCAAATCTCACTAT-1	1327	1537	1.1582516955538809
GSM6339603	GAGCAAATCTTAGCCC-1	600	677	1.1283333333333334
GSM6339603	GAGCAAGGTCACAAAT-1	31219	37535	1.2023126941926392
GSM6339603	GAGCAAGGTCTCACTG-1	480	478	0.9958333333333333
GSM6339603	GAGCAAGGTGTTTGTC-1	494	426	0.8623481781376519
GSM6339603	GAGCATGCACAGAACG-1	3086	3278	1.0622164614387557
GSM6339603	GAGCATGCACTTACAG-1	16025	16283	1.0160998439937599
GSM6339603	GAGCATGCAGGTATTT-1	988	1331	1.347165991902834
GSM6339603	GAGCATGCATAAACCT-1	11688	12375	1.0587782340862424
GSM6339603	GAGCATGCATGAGTTT-1	1690	1802	1.0662721893491125
GSM6339603	GAGCCACTCAAACCGT-1	4750	5182	1.0909473684210527
GSM6339603	GAGCCACTCAAGCTAC-1	2256	2480	1.099290780141844
GSM6339603	GAGCCACTCATAACTG-1	698	467	0.669054441260745
GSM6339603	GAGCCACTCATGACCG-1	3495	3836	1.0975679542203147
GSM6339603	GAGCCACTCATGTTTC-1	13737	13020	0.9478051976414065
GSM6339603	GAGCCACTCATTAGCA-1	2572	2546	0.9898911353032659
GSM6339603	GAGCCACTCCTCATCA-1	25138	29387	1.1690269711194208
GSM6339603	GAGCCACTCGATAACC-1	1129	1132	1.0026572187776794
GSM6339603	GAGCCACTCGCGACAC-1	706	675	0.9560906515580736
GSM6339603	GAGCCACTCTTGAGCG-1	4113	4675	1.136639922197909
GSM6339603	GAGCCACTCTTGCTAT-1	4045	3984	0.984919653893696
GSM6339603	GAGCCTTCAAACCTTG-1	4190	5123	1.222673031026253
GSM6339603	GAGCCTTCACAATGCC-1	1559	1558	0.9993585631815266
GSM6339603	GAGCCTTCACCAACCG-1	22175	30509	1.3758286358511838
GSM6339603	GAGCCTTCACCCACAG-1	2328	2073	0.8904639175257731
GSM6339603	GAGCCTTCAGGCTTGT-1	2670	3119	1.1681647940074906
GSM6339603	GAGCCTTCAGTACCGT-1	28431	33591	1.1814920333438852
GSM6339603	GAGCGAAGTCCGGTTC-1	8545	9826	1.1499122293739028
GSM6339603	GAGCGAAGTGGATGTC-1	1277	1454	1.1386061080657792
GSM6339603	GAGCGAAGTGGCTTCC-1	29123	23367	0.8023555265597637
GSM6339603	GAGCGAAGTTAGCGTA-1	2479	2455	0.9903186768858411
GSM6339603	GAGCGATAGCCGCTAA-1	2512	2718	1.0820063694267517
GSM6339603	GAGCGATAGGACCTCA-1	10025	9094	0.9071321695760598
GSM6339603	GAGCGATAGGGTTAGA-1	1811	1921	1.060739922694644
GSM6339603	GAGCGATAGTGTGATC-1	9826	8311	0.8458172196214125
GSM6339603	GAGCGGTCAACCGCCA-1	1026	990	0.9649122807017544
GSM6339603	GAGCGGTCAACTCGCG-1	16093	18112	1.1254582737836327
GSM6339603	GAGCGGTCACGGTTTA-1	21860	33962	1.5536139066788655
GSM6339603	GAGCGGTCATTAAAGG-1	566	719	1.2703180212014133
GSM6339603	GAGCTAGCAAACGCGA-1	448	557	1.2433035714285714
GSM6339603	GAGCTAGCAACCTAAT-1	5750	5074	0.8824347826086957
GSM6339603	GAGCTAGCAAGCTAAA-1	2637	3199	1.2131209708001516
GSM6339603	GAGCTAGCAATAACCT-1	5380	6447	1.1983271375464684
GSM6339603	GAGCTAGCACCAACCG-1	1540	1686	1.094805194805195
GSM6339603	GAGCTAGCACCGTTCC-1	426	485	1.1384976525821595
GSM6339603	GAGCTAGCAGAATGAC-1	22218	26132	1.1761634710595013
GSM6339603	GAGCTAGCAGCAAGAT-1	4857	5257	1.082355363393041
GSM6339603	GAGCTAGCAGCTCATA-1	15178	14537	0.9577678218474107
GSM6339603	GAGCTGCTCATGACCG-1	508	613	1.2066929133858268
GSM6339603	GAGCTGCTCATTACGA-1	1937	1888	0.9747031491997935
GSM6339603	GAGCTGCTCTCCTCAA-1	456	636	1.394736842105263
GSM6339603	GAGCTGCTCTTACTCG-1	16834	20245	1.2026256385885707
GSM6339603	GAGCTTAGTACCGTTT-1	1827	2083	1.140120415982485
GSM6339603	GAGCTTAGTATTGGTG-1	2673	3107	1.1623643845866067
GSM6339603	GAGCTTAGTCATCAAG-1	21487	20696	0.9631870433285242
GSM6339603	GAGCTTAGTCTAACAG-1	19515	19154	0.9815014091724314
GSM6339603	GAGCTTAGTCTTGCAT-1	3401	4116	1.21023228462217
GSM6339603	GAGCTTAGTGCTCCGT-1	25096	27194	1.0835989799171182
GSM6339603	GAGCTTAGTTAATGAC-1	16239	19047	1.1729170515425826
GSM6339603	GAGCTTAGTTGGTTAG-1	998	1071	1.0731462925851702
GSM6339603	GAGCTTGTCACATTGA-1	13001	12769	0.9821552188293208
GSM6339603	GAGCTTGTCACCGGTA-1	865	945	1.092485549132948
GSM6339603	GAGCTTGTCACCTGTC-1	12611	15716	1.2462136230275156
GSM6339603	GAGCTTGTCATGCTCC-1	5401	5728	1.0605443436400666
GSM6339603	GAGCTTGTCATTGTCT-1	29629	28965	0.9775895237773803
GSM6339603	GAGCTTGTCCTTGTTG-1	5104	4449	0.8716692789968652
GSM6339603	GAGGACTAGCTACTGG-1	25757	33503	1.3007337811080484
GSM6339603	GAGGACTAGGAGGCAT-1	1168	1419	1.2148972602739727
GSM6339603	GAGGACTAGTAACTCA-1	13991	18434	1.3175612894003288
GSM6339603	GAGGACTAGTACCGCA-1	2388	2422	1.0142378559463987
GSM6339603	GAGGAGGCAACCTGGT-1	1626	1126	0.6924969249692496
GSM6339603	GAGGAGGCAATGAATG-1	2491	2440	0.9795262946607788
GSM6339603	GAGGAGGCACATGCTA-1	2824	3233	1.144830028328612
GSM6339603	GAGGAGGCACGAATTT-1	3111	3585	1.1523625843780134
GSM6339603	GAGGAGGCACTAGGTC-1	2314	2950	1.2748487467588592
GSM6339603	GAGGAGGCAGAGGCTA-1	967	1112	1.1499482936918304
GSM6339603	GAGGAGGCAGCAAATA-1	713	968	1.3576437587657784
GSM6339603	GAGGAGGCAGGAAGCC-1	776	876	1.1288659793814433
GSM6339603	GAGGCAAGTCCTAGTT-1	792	955	1.2058080808080809
GSM6339603	GAGGCAAGTGTTGTAG-1	2279	2198	0.9644580956559895
GSM6339603	GAGGCCTTCAAGCTAC-1	535	577	1.0785046728971963
GSM6339603	GAGGCCTTCATAACTG-1	767	638	0.8318122555410691
GSM6339603	GAGGCCTTCATGTCAA-1	22109	19658	0.8891401691618798
GSM6339603	GAGGCCTTCATTGTCT-1	2815	3031	1.0767317939609236
GSM6339603	GAGGCCTTCCTGTTCA-1	1403	1572	1.120456165359943
GSM6339603	GAGGCCTTCGCATTAA-1	1034	1069	1.0338491295938104
GSM6339603	GAGGCCTTCGCTATAA-1	39311	39061	0.9936404568695785
GSM6339603	GAGGCTACACACAATT-1	20780	19736	0.9497593840230991
GSM6339603	GAGGCTACAGGCATGA-1	831	934	1.1239470517448857
GSM6339603	GAGGCTTGTAAGGTCC-1	723	957	1.3236514522821576
GSM6339603	GAGGCTTGTACTTCAC-1	25121	30129	1.1993551212133275
GSM6339603	GAGGCTTGTCTAACCT-1	1984	2182	1.0997983870967742
GSM6339603	GAGGCTTGTGCATTTC-1	1199	1160	0.9674728940783986
GSM6339603	GAGGCTTGTGTGCAAC-1	8663	6338	0.73161722267113
GSM6339603	GAGGCTTGTGTTAGCA-1	2664	2155	0.808933933933934
GSM6339603	GAGGCTTGTTGAAGCC-1	2422	2323	0.9591246903385632
GSM6339603	GAGGCTTGTTGGATCA-1	5524	6429	1.1638305575669805
GSM6339603	GAGGGAGCAATAGCCC-1	6446	6144	0.9531492398386596
GSM6339603	GAGGGAGCACACAATT-1	15609	14029	0.8987763469793069
GSM6339603	GAGGGAGCACCTATAG-1	751	693	0.9227696404793608
GSM6339603	GAGGGAGCAGGATGGC-1	704	849	1.2059659090909092
GSM6339603	GAGGGAGCATTAAGTC-1	1445	1696	1.1737024221453287
GSM6339603	GAGGGAGCATTCCTGT-1	1266	974	0.7693522906793049
GSM6339603	GAGGTACAGAGCAAGC-1	2798	2322	0.82987848463188
GSM6339603	GAGGTACAGCAACATC-1	1060	1274	1.2018867924528303
GSM6339603	GAGGTACAGCAAGATG-1	2707	2827	1.0443295160694497
GSM6339603	GAGGTACAGCGCCTAA-1	849	870	1.0247349823321554
GSM6339603	GAGGTACAGCGCTCAA-1	1409	1405	0.9971611071682044
GSM6339603	GAGGTACAGGATCACT-1	20628	20875	1.0119740159007176
GSM6339603	GAGGTACAGGCTGGCT-1	1004	1152	1.1474103585657371
GSM6339603	GAGGTAGGTTACAAAC-1	11072	7555	0.6823518786127167
GSM6339603	GAGGTAGGTTGCTGGG-1	4684	5536	1.1818958155422716
GSM6339603	GAGGTAGGTTTGGCTT-1	1779	1847	1.0382237211916807
GSM6339603	GAGGTGAGTAATGGCC-1	4807	4689	0.9754524651549823
GSM6339603	GAGGTGAGTACTGATG-1	1730	1661	0.9601156069364162
GSM6339603	GAGGTGAGTAGTAAGA-1	25897	41176	1.5899911186623934
GSM6339603	GAGGTGAGTCCCGGAA-1	1338	1273	0.9514200298953662
GSM6339603	GAGGTGAGTCCTTCTC-1	833	884	1.0612244897959184
GSM6339603	GAGGTGAGTCTTGCAT-1	1695	1975	1.1651917404129795
GSM6339603	GAGGTGAGTTGGTTGA-1	3787	4373	1.1547398996567204
GSM6339603	GAGGTGAGTTTCCTCC-1	3565	3154	0.8847124824684433
GSM6339603	GAGGTTAAGCTCCCTG-1	21045	25439	1.208790686623901
GSM6339603	GAGGTTAAGGCGGGTA-1	724	842	1.1629834254143647
GSM6339603	GAGGTTAAGGTCAAAG-1	29811	29494	0.9893663412834188
GSM6339603	GAGGTTAAGGTCCAAT-1	13145	10728	0.8161278052491442
GSM6339603	GAGGTTAAGGTCCGTA-1	5438	5583	1.0266642147848473
GSM6339603	GAGGTTAAGGTTTGCG-1	8167	5215	0.638545365495286
GSM6339603	GAGGTTAAGTAAGTCC-1	3133	3660	1.168209383977019
GSM6339603	GAGGTTAAGTTATTCC-1	4040	4165	1.0309405940594059
GSM6339603	GAGTAACCAACAGCCT-1	1674	1822	1.088410991636798
GSM6339603	GAGTAACCACCCACAG-1	1370	1600	1.167883211678832
GSM6339603	GAGTAACCAGGAACTG-1	2367	2326	0.9826784959864808
GSM6339603	GAGTAACCAGGTTCAC-1	1817	1746	0.9609246009906439
GSM6339603	GAGTAATAGAAAGGAA-1	10182	7045	0.6919072873698684
GSM6339603	GAGTAATAGACAGGCG-1	27152	36426	1.3415586328815556
GSM6339603	GAGTAATAGCTGTAAC-1	747	777	1.0401606425702812
GSM6339603	GAGTAATAGGCATGTT-1	24432	32515	1.3308366077275704
GSM6339603	GAGTAATAGGCGCTAC-1	1044	1351	1.2940613026819923
GSM6339603	GAGTAATAGTAAGAAC-1	11407	11238	0.9851845358113439
GSM6339603	GAGTAATAGTCCTTTG-1	566	872	1.540636042402827
GSM6339603	GAGTAATAGTGAGAGC-1	3958	2991	0.7556846892369884
GSM6339603	GAGTAATAGTGAGGGT-1	1697	1818	1.071302298173247
GSM6339603	GAGTAATAGTTAACCA-1	835	879	1.0526946107784432
GSM6339603	GAGTATCTCACCATTT-1	10518	12439	1.182639285035178
GSM6339603	GAGTATCTCACTAGGT-1	4278	5028	1.1753155680224403
GSM6339603	GAGTATCTCATTTGTC-1	6164	5266	0.854315379623621
GSM6339603	GAGTATCTCCATCAGG-1	2770	2767	0.9989169675090253
GSM6339603	GAGTATCTCCCGTTTA-1	1215	1199	0.9868312757201646
GSM6339603	GAGTATCTCCGCCAAA-1	3765	4525	1.201859229747676
GSM6339603	GAGTATCTCTGCAAAC-1	2868	3210	1.1192468619246863
GSM6339603	GAGTATCTCTGTGCCT-1	1830	2179	1.1907103825136611
GSM6339603	GAGTCAAAGGCGAATA-1	2972	2799	0.9417900403768507
GSM6339603	GAGTCAAAGGCTAGAA-1	1271	1227	0.9653815892997639
GSM6339603	GAGTCAAAGGTTAGAG-1	1493	1561	1.045545880776959
GSM6339603	GAGTCAAAGTAACAGG-1	13224	10238	0.7741984271022384
GSM6339603	GAGTCAAAGTCACGAT-1	743	761	1.0242261103633916
GSM6339603	GAGTCAAAGTCACTAA-1	20077	21051	1.048513224087264
GSM6339603	GAGTCAAAGTGCACGC-1	1242	1276	1.0273752012882447
GSM6339603	GAGTCATTCATCCTCA-1	533	474	0.8893058161350844
GSM6339603	GAGTCATTCCCTCAGT-1	2440	3040	1.2459016393442623
GSM6339603	GAGTCATTCGCTATAA-1	12546	11984	0.9552048461661087
GSM6339603	GAGTGAGGTAACCTAG-1	17554	14142	0.8056283468155406
GSM6339603	GAGTGAGGTAGACAAA-1	767	881	1.1486310299869622
GSM6339603	GAGTGAGGTAGCCTCC-1	413	270	0.6537530266343826
GSM6339603	GAGTGAGGTCATTACC-1	13313	12185	0.9152707879516262
GSM6339603	GAGTGAGGTGTTTGCT-1	2953	3573	1.2099559769725703
GSM6339603	GAGTGAGGTTCATTTG-1	1670	1757	1.0520958083832335
GSM6339603	GAGTGAGGTTGAGGTC-1	2819	2916	1.034409365023058
GSM6339603	GAGTGATCAATCATGT-1	18135	18228	1.005128205128205
GSM6339603	GAGTGATCACATTAAC-1	29360	31756	1.081607629427793
GSM6339603	GAGTGATCAGCCGCTA-1	21949	21705	0.9888833204246207
GSM6339603	GAGTGATCAGCCTGCA-1	588	626	1.064625850340136
GSM6339603	GAGTGATCAGCTTAGC-1	2983	3018	1.0117331545424069
GSM6339603	GAGTGATCAGGATGGC-1	813	709	0.8720787207872078
GSM6339603	GAGTGATCATAATGTC-1	1309	1494	1.1413292589763178
GSM6339603	GAGTGATCATCAGCAC-1	810	796	0.9827160493827161
GSM6339603	GAGTGATCATCCCTCA-1	8030	4756	0.5922789539227895
GSM6339603	GAGTGATCATTGTGCA-1	36237	47777	1.318459033584458
GSM6339603	GAGTGTTTCAACAAGG-1	23776	26056	1.0958950201884252
GSM6339603	GAGTGTTTCAAGTGAG-1	2546	2639	1.0365278868813825
GSM6339603	GAGTGTTTCATCCTGC-1	1751	1785	1.0194174757281553
GSM6339603	GAGTGTTTCCATCAGG-1	2698	2754	1.0207561156412157
GSM6339603	GAGTGTTTCCCTCAAC-1	23633	27246	1.152879448229171
GSM6339603	GAGTGTTTCCTAAATG-1	3170	3259	1.0280757097791797
GSM6339603	GAGTTACTCAATCTCT-1	732	703	0.9603825136612022
GSM6339603	GAGTTACTCATGAGCT-1	632	683	1.0806962025316456
GSM6339603	GAGTTACTCCTCCCTC-1	13698	15475	1.1297269674405022
GSM6339603	GAGTTACTCGAGGTGG-1	13844	13202	0.9536261196186073
GSM6339603	GAGTTACTCGCTCACT-1	5432	5473	1.0075478645066274
GSM6339603	GAGTTACTCGCTCCAT-1	33191	46019	1.3864903136392395
GSM6339603	GAGTTACTCGGTACGC-1	1992	2194	1.1014056224899598
GSM6339603	GAGTTACTCTAAGTCA-1	2089	2232	1.0684538056486357
GSM6339603	GAGTTACTCTTAGCGG-1	24867	31820	1.2796075119636465
GSM6339603	GAGTTGCGTAATCCCT-1	1414	1401	0.9908062234794908
GSM6339603	GAGTTGCGTCAAGACC-1	2557	2729	1.067266327727806
GSM6339603	GAGTTGCGTGCAATGC-1	1497	1720	1.1489645958583834
GSM6339603	GAGTTGCGTTATCCGT-1	2805	3111	1.1090909090909091
GSM6339603	GAGTTGCGTTGGTTAG-1	1076	1023	0.9507434944237918
GSM6339603	GAGTTGCGTTTCAGGA-1	1589	1816	1.1428571428571428
GSM6339603	GAGTTTGGTAATGGCC-1	28097	32614	1.1607644944300104
GSM6339603	GAGTTTGGTATTACCC-1	20698	25396	1.22697845202435
GSM6339603	GAGTTTGGTATTCGCT-1	19014	21417	1.1263805616913853
GSM6339603	GAGTTTGGTCAAGTGC-1	423	405	0.9574468085106383
GSM6339603	GAGTTTGGTGATGATT-1	3602	3441	0.9553026096612993
GSM6339603	GAGTTTGGTGCATCGG-1	9840	7964	0.8093495934959349
GSM6339603	GAGTTTGGTGTTGTGA-1	765	807	1.0549019607843138
GSM6339603	GAGTTTGGTTATAGCG-1	594	522	0.8787878787878788
GSM6339603	GATAAAGGTAGTTAAC-1	15037	11473	0.7629846378931968
GSM6339603	GATAAAGGTGAGCAAG-1	2139	2176	1.0172978027115473
GSM6339603	GATAACGAGAATGACG-1	1297	1152	0.8882035466461063
GSM6339603	GATAACGAGAGGATAT-1	476	496	1.0420168067226891
GSM6339603	GATAACGAGCCAGTAT-1	773	802	1.03751617076326
GSM6339603	GATAACGAGCGATAAG-1	17366	16620	0.9570424968328919
GSM6339603	GATAACGAGCTCAAAC-1	581	655	1.1273666092943202
GSM6339603	GATAAGCCAACTCGCG-1	589	748	1.269949066213922
GSM6339603	GATAAGCCAATATAGG-1	21472	28351	1.3203707153502235
GSM6339603	GATAAGCCACATAGCC-1	2460	2640	1.0731707317073171
GSM6339603	GATAAGCCACTAGCGT-1	5700	6579	1.1542105263157896
GSM6339603	GATAAGCCATAAAGCA-1	2910	3513	1.2072164948453608
GSM6339603	GATAAGCCATAATTGC-1	11967	9742	0.8140720314197376
GSM6339603	GATAATCGTAATTAGC-1	35610	36313	1.0197416456051671
GSM6339603	GATAATCGTATTGCAG-1	520	595	1.1442307692307692
GSM6339603	GATAATCGTATTTGCC-1	1095	1159	1.0584474885844748
GSM6339603	GATAATCGTGCTAGAC-1	2098	2406	1.1468064823641564
GSM6339603	GATAGACCACAACAAA-1	5685	4370	0.7686895338610378
GSM6339603	GATAGACCATGTCGCG-1	1025	1204	1.1746341463414633
GSM6339603	GATCAAGAGCAGGCCT-1	3243	3828	1.1803885291396854
GSM6339603	GATCAAGAGGAACACA-1	560	710	1.2678571428571428
GSM6339603	GATCAAGAGGTTACGT-1	3702	4232	1.143165856293895
GSM6339603	GATCAAGAGTAGAGGC-1	15728	14217	0.9039292980671414
GSM6339603	GATCACTAGCATTAGC-1	751	673	0.8961384820239681
GSM6339603	GATCACTAGCCGCAAC-1	4822	5175	1.0732061385317295
GSM6339603	GATCACTAGCGCTCAA-1	1176	1101	0.9362244897959183
GSM6339603	GATCACTAGGATAAAC-1	7328	5380	0.7341703056768559
GSM6339603	GATCACTAGGCTGTCA-1	14086	12448	0.8837143262814142
GSM6339603	GATCACTAGGTCCGTA-1	10851	12371	1.140079255368169
GSM6339603	GATCACTAGTGAGGTA-1	967	985	1.0186142709410548
GSM6339603	GATCACTAGTTTAACG-1	705	876	1.2425531914893617
GSM6339603	GATCAGGCAAATACCT-1	648	669	1.0324074074074074
GSM6339603	GATCAGGCAAGGTCGA-1	403	436	1.0818858560794045
GSM6339603	GATCAGGCAATTTGGT-1	27638	35458	1.2829437730660684
GSM6339603	GATCAGGCAGGTCCTG-1	542	663	1.2232472324723247
GSM6339603	GATCAGGCATTGTGGC-1	33290	36181	1.0868428957644938
GSM6339603	GATCAGTTCTCACACC-1	421	469	1.1140142517814726
GSM6339603	GATCAGTTCTTAGTGA-1	12832	12187	0.9497350374064838
GSM6339603	GATCCGTCAAAGCGCA-1	1061	924	0.8708765315739868
GSM6339603	GATCCGTCAACCTAAT-1	2640	2855	1.081439393939394
GSM6339603	GATCCGTCAATCTCTC-1	483	309	0.639751552795031
GSM6339603	GATCGAGCAAGCTAAA-1	1438	1504	1.0458970792767732
GSM6339603	GATCGAGCAAGGTACG-1	657	773	1.1765601217656012
GSM6339603	GATCGAGCAATTAGCT-1	27712	33317	1.202258949191686
GSM6339603	GATCGAGCAGCTTAGC-1	12797	11946	0.9335000390716575
GSM6339603	GATCGATTCAACAAGG-1	1086	1194	1.0994475138121547
GSM6339603	GATCGATTCATCCTAT-1	26387	23230	0.8803577519232956
GSM6339603	GATCGATTCCTAGTAA-1	1986	2294	1.1550855991943605
GSM6339603	GATCGATTCCTCAGTC-1	1609	1737	1.0795525170913611
GSM6339603	GATCGATTCGTTACTT-1	916	969	1.0578602620087336
GSM6339603	GATCGATTCTCGCCTG-1	3699	4026	1.0884022708840226
GSM6339603	GATCGATTCTTAGTGA-1	640	702	1.096875
GSM6339603	GATCGCTCAAAGCGGC-1	2034	2255	1.108652900688299
GSM6339603	GATCGCTCACTAAGAA-1	14153	13146	0.928849007277609
GSM6339603	GATCGCTCAGCAACCT-1	2664	2861	1.0739489489489489
GSM6339603	GATCGCTCAGCACCAT-1	18835	13274	0.704751791876825
GSM6339603	GATCGCTCAGTGAACG-1	1448	1376	0.9502762430939227
GSM6339603	GATCGCTCATAGGCGA-1	1877	2107	1.1225359616409163
GSM6339603	GATGACTTCCGCCTAT-1	915	864	0.9442622950819672
GSM6339603	GATGACTTCCGTAAAC-1	19455	24155	1.2415831405808275
GSM6339603	GATGACTTCCGTTAAA-1	7779	8385	1.07790204396452
GSM6339603	GATGACTTCGGGATTT-1	2941	3118	1.060183611016661
GSM6339603	GATGACTTCTCACTAT-1	31944	37051	1.1598735286751816
GSM6339603	GATGAGGGTATTTGCC-1	5697	5142	0.9025803054239073
GSM6339603	GATGAGGGTCAGTAAT-1	5808	6892	1.1866391184573002
GSM6339603	GATGAGGGTCGACTAA-1	1540	1741	1.1305194805194805
GSM6339603	GATGAGGGTGTCCAGG-1	22573	21929	0.9714703406724848
GSM6339603	GATGAGGGTGTTGTAG-1	2024	2233	1.1032608695652173
GSM6339603	GATGAGGGTTTATCGC-1	1086	1040	0.9576427255985267
GSM6339603	GATGCAGCAAGCCAGA-1	1879	2256	1.2006386375731772
GSM6339603	GATGCAGCAAGGTCGA-1	8753	7587	0.8667885296469782
GSM6339603	GATGCAGCAATGAATG-1	561	646	1.1515151515151516
GSM6339603	GATGCAGCAATGCGCT-1	5381	5940	1.1038840364244564
GSM6339603	GATGCATTCCCATAAA-1	23206	31600	1.361716797379988
GSM6339603	GATGCATTCCCTCAAC-1	2007	2301	1.1464872944693572
GSM6339603	GATGCATTCCCTCAGT-1	25822	31036	1.2019208426922778
GSM6339603	GATGCATTCCTACCTA-1	4252	4511	1.0609125117591722
GSM6339603	GATGCATTCCTTGTTG-1	4062	2945	0.7250123092072871
GSM6339603	GATGCATTCGGTTACG-1	1636	2133	1.3037897310513447
GSM6339603	GATGCATTCTAATCTC-1	4690	5665	1.2078891257995736
GSM6339603	GATGCATTCTGTGAGT-1	992	1006	1.0141129032258065
GSM6339603	GATGCGACAATTGAAG-1	1375	1402	1.0196363636363637
GSM6339603	GATGCGACACATGCTA-1	5043	5097	1.0107079119571682
GSM6339603	GATGCGACACCAACCG-1	1687	1307	0.7747480735032602
GSM6339603	GATGCGACAGCAAGGC-1	2220	2422	1.090990990990991
GSM6339603	GATGCGACATAATTGC-1	487	422	0.86652977412731
GSM6339603	GATGCGACATTATGAC-1	735	661	0.8993197278911564
GSM6339603	GATGCTTAGAAAGCAT-1	16620	15473	0.9309867629362214
GSM6339603	GATGCTTAGAGGATAT-1	12731	10889	0.8553138009582908
GSM6339603	GATGCTTAGGCCAATT-1	11561	11203	0.969033820603754
GSM6339603	GATGCTTAGGCGCTTA-1	799	861	1.0775969962453067
GSM6339603	GATGCTTAGGCTGTGC-1	893	946	1.059350503919373
GSM6339603	GATGCTTAGTCATTGA-1	3223	3014	0.9351535836177475
GSM6339603	GATGGACAGACAACGA-1	733	721	0.9836289222373806
GSM6339603	GATGGACAGATAACCC-1	748	698	0.9331550802139037
GSM6339603	GATGGACAGCTGCACA-1	30644	39310	1.282795979637123
GSM6339603	GATGGACAGGTGAAAT-1	5111	5928	1.1598513011152416
GSM6339603	GATGGACAGTCACGAT-1	643	654	1.0171073094867806
GSM6339603	GATGGACAGTTGGCCA-1	2858	2557	0.8946815955213436
GSM6339603	GATGGCTGTGCTGTAA-1	2707	3368	1.2441817510158848
GSM6339603	GATTAAGCAAACGGGC-1	19757	22938	1.1610062256415448
GSM6339603	GATTAAGCAACCTGGT-1	11143	7922	0.7109396033384188
GSM6339603	GATTAAGCAATAATGG-1	3402	3106	0.9129923574368018
GSM6339603	GATTAAGCAATAGCAA-1	400	453	1.1325
GSM6339603	GATTAAGCACCTCAGG-1	2079	2311	1.1115921115921117
GSM6339603	GATTAAGCACTAAGTT-1	4798	5346	1.114214255939975
GSM6339603	GATTAAGCAGCACGTT-1	555	593	1.0684684684684684
GSM6339603	GATTAAGCAGGCATCT-1	5483	5899	1.0758708736093379
GSM6339603	GATTAAGCAGGTATTT-1	4131	4822	1.167271847010409
GSM6339603	GATTACGGTTACCGGG-1	2406	1573	0.6537822111388196
GSM6339603	GATTACGGTTGCTGGG-1	4153	3693	0.8892366963640742
GSM6339603	GATTACTCAACTAGAA-1	897	850	0.947603121516165
GSM6339603	GATTACTCAATGCCCG-1	636	623	0.9795597484276729
GSM6339603	GATTACTCACAGCCTG-1	23783	29016	1.220031114661733
GSM6339603	GATTACTCAGCAATAA-1	5381	6732	1.251068574614384
GSM6339603	GATTACTCAGGTATTT-1	41464	49471	1.1931072737796642
GSM6339603	GATTAGCTCCCGAACA-1	1129	1082	0.95837023914969
GSM6339603	GATTAGTGTGCTCACC-1	455	425	0.9340659340659341
GSM6339603	GATTAGTGTGGGAACA-1	4995	5145	1.03003003003003
GSM6339603	GATTAGTGTTAATCGG-1	2963	2420	0.8167397907526156
GSM6339603	GATTAGTGTTAGGCTA-1	1667	1991	1.194361127774445
GSM6339603	GATTAGTGTTTAACCC-1	2223	2296	1.032838506522717
GSM6339603	GATTAGTGTTTACGTC-1	1142	1107	0.9693520140105079
GSM6339603	GATTCAATCAGCAAGA-1	17094	26599	1.556043056043056
GSM6339603	GATTCAATCATAGCCG-1	556	576	1.0359712230215827
GSM6339603	GATTCAATCCACCTGT-1	751	702	0.9347536617842876
GSM6339603	GATTCAATCGAGGAAC-1	769	946	1.2301690507152145
GSM6339603	GATTCAATCGGCCAGT-1	1750	1845	1.0542857142857143
GSM6339603	GATTCAATCTCAATTC-1	569	567	0.9964850615114236
GSM6339603	GATTCAATCTTTGTAC-1	611	708	1.1587561374795416
GSM6339603	GATTCAGGTCGTTACT-1	20488	23754	1.159410386567747
GSM6339603	GATTCAGGTCTTGCAT-1	4834	4986	1.0314439387670666
GSM6339603	GATTCAGGTGATTACG-1	38497	40054	1.0404447099774008
GSM6339603	GATTCATCAAATGCCC-1	3096	3546	1.1453488372093024
GSM6339603	GATTCATCAACTGGGA-1	648	709	1.0941358024691359
GSM6339603	GATTCATCAATAGCCC-1	3149	3594	1.141314703080343
GSM6339603	GATTCATCAATCATGT-1	871	871	1.0
GSM6339603	GATTCATCAATGCCCG-1	6576	5396	0.8205596107055961
GSM6339603	GATTCATCACAATGCC-1	9133	6964	0.7625095806416292
GSM6339603	GATTCATCACCCACCT-1	1181	1339	1.1337849280270957
GSM6339603	GATTCATCACTAAATC-1	12607	13822	1.0963750297453796
GSM6339603	GATTCATCACTATGGC-1	846	911	1.0768321513002364
GSM6339603	GATTCATCAGAAACGT-1	1157	1336	1.1547104580812446
GSM6339603	GATTCCTGTAGACAAA-1	1740	1932	1.110344827586207
GSM6339603	GATTCCTGTGCGCAAT-1	936	914	0.9764957264957265
GSM6339603	GATTCCTGTGGATTAT-1	3158	3748	1.1868271057631412
GSM6339603	GATTCGCCAAACGGGC-1	14640	16071	1.0977459016393443
GSM6339603	GATTCGCCACAGGGAC-1	763	784	1.0275229357798166
GSM6339603	GATTCGCCATGCAACC-1	8470	7441	0.8785123966942149
GSM6339603	GATTGATGTGACCTGG-1	718	694	0.9665738161559888
GSM6339603	GATTGATGTGCAATGC-1	25942	24089	0.9285714285714286
GSM6339603	GATTGATGTGGGAACA-1	4021	4480	1.1141507087789106
GSM6339603	GATTGATGTTTCCACG-1	7539	7965	1.0565061679267806
GSM6339603	GATTGCAGTAGCTGCG-1	10598	8304	0.7835440649179091
GSM6339603	GATTGCAGTCATCATC-1	662	684	1.0332326283987916
GSM6339603	GATTGCAGTGGTGAGA-1	1427	1435	1.0056061667834617
GSM6339603	GATTGCAGTTAGCGTA-1	17272	15259	0.8834529874942103
GSM6339603	GATTGCAGTTCCGGGA-1	808	911	1.1274752475247525
GSM6339603	GATTGCAGTTTGCTGT-1	534	584	1.0936329588014981
GSM6339603	GATTGCGTCAAGTGTC-1	3607	6952	1.9273634599390075
GSM6339603	GATTGCGTCACATTGA-1	488	522	1.069672131147541
GSM6339603	GATTGCGTCACCATTT-1	624	702	1.125
GSM6339603	GATTGCGTCATGTCAA-1	14824	17690	1.1933351322180248
GSM6339603	GATTGCGTCCGCAAGC-1	3086	3385	1.0968891769280622
GSM6339603	GATTGCGTCCTCCCTC-1	3843	2327	0.6055165235493104
GSM6339603	GATTGCGTCTAAGTGC-1	26900	34219	1.272081784386617
GSM6339603	GATTGCGTCTTGAGCG-1	2980	1619	0.5432885906040269
GSM6339603	GATTGGCGTAGTTAAC-1	2233	2434	1.090013434841021
GSM6339603	GATTGGCGTTCGCGCT-1	2005	2027	1.0109725685785536
GSM6339603	GATTGGCGTTTGGCTT-1	21185	20646	0.9745574699079538
GSM6339603	GATTGGCGTTTGTCTA-1	5122	5538	1.0812182741116751
GSM6339603	GATTGGTTCAAGGACA-1	9142	7768	0.8497046598118574
GSM6339603	GATTGGTTCATTGCAA-1	985	946	0.9604060913705583
GSM6339603	GATTGGTTCCCGTTAC-1	11385	8004	0.703030303030303
GSM6339603	GATTGGTTCCGCCTCA-1	3112	3566	1.1458868894601542
GSM6339603	GATTGGTTCCGTTAAA-1	1875	2042	1.0890666666666666
GSM6339603	GATTGGTTCCTAAATG-1	29700	34425	1.1590909090909092
GSM6339603	GATTGGTTCGAGGAGT-1	2603	1836	0.7053399923165579
GSM6339603	GATTGGTTCGTTAACA-1	2777	3015	1.0857039971191933
GSM6339603	GATTGGTTCTCACTAT-1	33542	41539	1.2384175064098741
GSM6339603	GATTGGTTCTTGATGA-1	1274	837	0.6569858712715856
GSM6339603	GATTGTTCAAGGTACG-1	18776	16086	0.8567319982956967
GSM6339603	GATTGTTCACGGTACT-1	928	1089	1.1734913793103448
GSM6339603	GATTGTTCAGGTATTT-1	20874	27484	1.3166618760180129
GSM6339603	GATTGTTCAGTCTATG-1	2082	2344	1.1258405379442844
GSM6339603	GATTGTTCATGTTGTG-1	1159	1370	1.182053494391717
GSM6339603	GATTGTTCATTGCGAC-1	26448	33002	1.2478070175438596
GSM6339603	GATTGTTCATTGCGGT-1	2321	2685	1.1568289530374838
GSM6339603	GATTTGCAGAGGGACT-1	15701	19251	1.2261002483918222
GSM6339603	GATTTGCAGATGGACA-1	2936	3430	1.1682561307901906
GSM6339603	GATTTGCAGCAACATC-1	621	751	1.209339774557166
GSM6339603	GATTTGCAGCAAGGTA-1	691	737	1.0665701881331404
GSM6339603	GATTTGCAGCTAAAGG-1	15547	14970	0.9628867305589502
GSM6339603	GATTTGCAGCTATTAG-1	14608	14244	0.9750821467688937
GSM6339603	GATTTGCAGCTATTGA-1	7053	5842	0.8283000141783639
GSM6339603	GATTTGCAGGGATGCG-1	21703	29163	1.3437312813896696
GSM6339603	GATTTGCAGGTACCGC-1	28051	24020	0.8562974582011337
GSM6339603	GATTTGCAGGTTAGAG-1	1126	1002	0.8898756660746003
GSM6339603	GATTTGCAGTAACTCA-1	1350	1404	1.04
GSM6339603	GATTTGCAGTTAGGCT-1	774	795	1.0271317829457365
GSM6339603	GCAAACAAGCCGCTTT-1	2629	3411	1.297451502472423
GSM6339603	GCAAACAAGCCTGATG-1	21379	26112	1.2213854717245896
GSM6339603	GCAAACAAGGCTACTG-1	5207	4490	0.8623007489917419
GSM6339603	GCAAACCGTACAATGT-1	8931	13432	1.5039749188220803
GSM6339603	GCAAACCGTCCGGTTC-1	903	898	0.9944629014396457
GSM6339603	GCAAACCGTCCTAACT-1	9516	9852	1.0353089533417403
GSM6339603	GCAAACCGTGCATCGG-1	3023	3803	1.258021832616606
GSM6339603	GCAAACCGTGGTGAGA-1	2128	2118	0.9953007518796992
GSM6339603	GCAAACCGTTAGTGAT-1	816	759	0.9301470588235294
GSM6339603	GCAAACCGTTCAAGAT-1	21057	20351	0.9664719570689082
GSM6339603	GCAAACCGTTGTTCAC-1	3606	3624	1.004991680532446
GSM6339603	GCAAACTTCAACAAGG-1	1456	1472	1.010989010989011
GSM6339603	GCAAACTTCATTTGTC-1	13132	14091	1.0730277185501067
GSM6339603	GCAAACTTCCCTGTTA-1	985	1273	1.2923857868020305
GSM6339603	GCAAACTTCCGTTATT-1	1017	998	0.9813176007866273
GSM6339603	GCAAACTTCGAGCTAT-1	1081	1111	1.0277520814061054
GSM6339603	GCAAACTTCGCAACAT-1	5987	6879	1.1489894772006013
GSM6339603	GCAAACTTCGCTAGCA-1	2478	3312	1.3365617433414043
GSM6339603	GCAAACTTCGTTTCGC-1	6656	9615	1.4445612980769231
GSM6339603	GCAACAGCAATTAAGG-1	4381	5323	1.215019401963022
GSM6339603	GCAACAGCACTTAGGC-1	403	480	1.1910669975186103
GSM6339603	GCAACAGCATCCTAGA-1	15011	17173	1.144027713010459
GSM6339603	GCAACAGCATTGTTGG-1	15634	13458	0.8608161698861456
GSM6339603	GCAAGCCTCACAGCCA-1	2031	2015	0.9921221073362876
GSM6339603	GCAAGCCTCCTGGTGA-1	7160	4320	0.6033519553072626
GSM6339603	GCAAGCCTCGATAACC-1	802	953	1.188279301745636
GSM6339603	GCAAGCCTCTAGCGTG-1	10420	8673	0.832341650671785
GSM6339603	GCAAGCCTCTTAGTCT-1	1187	1142	0.962089300758214
GSM6339603	GCAAGTCGTAATGACT-1	10234	7962	0.7779949188977917
GSM6339603	GCAAGTCGTACAAAGA-1	7913	5785	0.7310754454694806
GSM6339603	GCAAGTCGTACCAGGT-1	19530	20131	1.0307731694828468
GSM6339603	GCAAGTCGTCCGCTGT-1	2321	2535	1.0922016372253338
GSM6339603	GCAAGTCGTGGATTCA-1	1308	1330	1.0168195718654434
GSM6339603	GCAAGTCGTTACTTGC-1	2784	2731	0.9809626436781609
GSM6339603	GCAAGTGCAAAGGCCA-1	8961	6336	0.7070639437562772
GSM6339603	GCAAGTGCAATTAACC-1	6327	7656	1.2100521574205785
GSM6339603	GCAAGTGCACAATGTT-1	904	1036	1.1460176991150441
GSM6339603	GCAAGTGCACCGTTCC-1	32918	33317	1.012121028008992
GSM6339603	GCAAGTGCACCTCGCT-1	6266	5022	0.8014682413022662
GSM6339603	GCAAGTGCACTAGGTC-1	5812	6090	1.0478320715760496
GSM6339603	GCAAGTGCACTCGCTC-1	5246	6032	1.1498284407167365
GSM6339603	GCAAGTGCATAGGCGA-1	7270	5861	0.8061898211829436
GSM6339603	GCAAGTGCATCTTGAG-1	13811	14579	1.055607848816161
GSM6339603	GCAAGTGCATTGACAT-1	4881	5860	1.2005736529399713
GSM6339603	GCAATAGAGCACAGGG-1	2700	2587	0.9581481481481482
GSM6339603	GCAATAGAGCCGCAAC-1	854	1081	1.265807962529274
GSM6339603	GCAATAGAGGGTGGAT-1	1973	1993	1.010136847440446
GSM6339603	GCAATAGAGGTGAAAT-1	13297	14533	1.0929532977363314
GSM6339603	GCAATAGAGGTGAGAC-1	5153	5556	1.0782068697845915
GSM6339603	GCAATAGAGTTGGGCC-1	17568	19884	1.1318306010928962
GSM6339603	GCAATCTAGATTCCTT-1	521	429	0.8234165067178503
GSM6339603	GCAATCTAGCATGCAT-1	1850	1702	0.92
GSM6339603	GCAATCTAGGGTTAGA-1	16724	15900	0.9507294905524994
GSM6339603	GCAATCTAGTAAAGGT-1	19947	21242	1.06492204341505
GSM6339603	GCAATCTAGTGAGGTA-1	29664	34843	1.1745887270765911
GSM6339603	GCAATGAAGCGCTCAA-1	20653	20667	1.0006778676221373
GSM6339603	GCAATGAAGCTTACTT-1	12420	15660	1.2608695652173914
GSM6339603	GCAATGAAGGACTAAG-1	638	424	0.664576802507837
GSM6339603	GCAATGAAGGCCTAAT-1	4658	5254	1.1279519106912839
GSM6339603	GCAATGAAGTAGAGGC-1	469	538	1.1471215351812367
GSM6339603	GCAATGAAGTCACTCC-1	36126	45131	1.2492664562918674
GSM6339603	GCAATGAAGTTATCTC-1	11518	10934	0.949296752908491
GSM6339603	GCAATGAAGTTGTCTT-1	499	485	0.9719438877755511
GSM6339603	GCAATGAAGTTTGGTA-1	1021	935	0.9157688540646425
GSM6339603	GCAATGTTCACCTGTC-1	2398	1941	0.8094245204336947
GSM6339603	GCAATGTTCCTCGATC-1	891	1002	1.1245791245791246
GSM6339603	GCAATGTTCGCAAACT-1	17404	19722	1.1331877729257642
GSM6339603	GCAATGTTCTCACTCA-1	2309	2410	1.0437418796015592
GSM6339603	GCACATTAGGACCGCT-1	531	582	1.0960451977401129
GSM6339603	GCACATTAGGCCTAAT-1	2207	2334	1.0575441776166743
GSM6339603	GCACATTAGGCGCACT-1	17490	27166	1.5532304173813607
GSM6339603	GCACATTAGGCGGATG-1	1975	2243	1.1356962025316455
GSM6339603	GCACATTAGGGCCATC-1	21908	18036	0.8232609092568924
GSM6339603	GCACATTAGGGTTATC-1	5317	6357	1.19559902200489
GSM6339603	GCACATTAGGTTACGT-1	2602	3114	1.196771714066103
GSM6339603	GCACATTAGTAAGGGC-1	2631	2967	1.127708095781072
GSM6339603	GCACATTAGTGAGGGT-1	2944	3064	1.0407608695652173
GSM6339603	GCACATTAGTGCTGTG-1	2507	2939	1.172317510969286
GSM6339603	GCACATTAGTTATGTG-1	1352	1629	1.2048816568047338
GSM6339603	GCACATTAGTTGGCCA-1	15239	14053	0.9221733709560995
GSM6339603	GCACCTAAGAATCGCT-1	23456	29862	1.273107094133697
GSM6339603	GCACCTAAGATGGACA-1	26984	32478	1.2036021345982804
GSM6339603	GCACCTAAGCGATAAG-1	8947	10361	1.1580418017212473
GSM6339603	GCACCTAAGCTATATG-1	3919	3757	0.958662924215361
GSM6339603	GCACCTAAGGAGGACT-1	549	517	0.941712204007286
GSM6339603	GCACCTAAGGCGCATC-1	9211	6965	0.7561611117142547
GSM6339603	GCACCTAAGTAAACCC-1	5870	4644	0.7911413969335604
GSM6339603	GCACCTAAGTGATTCA-1	4725	4971	1.0520634920634921
GSM6339603	GCACCTAAGTTATGGC-1	21704	20561	0.9473368964246222
GSM6339603	GCACGAACAAACTCAT-1	791	993	1.2553729456384324
GSM6339603	GCACGAACAAGTGTTT-1	398	483	1.2135678391959799
GSM6339603	GCACGAACAATAACCT-1	35020	44711	1.2767275842375785
GSM6339603	GCACGAACACAGGGAC-1	2273	2268	0.9978002639683238
GSM6339603	GCACGAACACGAATTT-1	2966	3166	1.0674308833445718
GSM6339603	GCACGAACACTGACCG-1	574	528	0.9198606271777003
GSM6339603	GCACGAACAGCAACAG-1	4582	4893	1.0678742907027499
GSM6339603	GCACGAACAGGTTACC-1	4384	4831	1.1019616788321167
GSM6339603	GCACGAACATTATGAC-1	2233	2729	1.2221227048813255
GSM6339603	GCACGCTAGGGTGAAC-1	32891	39810	1.2103614970660668
GSM6339603	GCACGCTAGGTACCGC-1	14123	16449	1.1646958861431707
GSM6339603	GCACGGTTCATGTGGT-1	8358	10610	1.269442450346973
GSM6339603	GCACGGTTCATGTTTC-1	1231	1273	1.0341186027619822
GSM6339603	GCACGGTTCATTAGGC-1	1910	2232	1.168586387434555
GSM6339603	GCACGGTTCCCGAACA-1	1912	2327	1.2170502092050208
GSM6339603	GCACGGTTCCTAACGG-1	465	748	1.6086021505376344
GSM6339603	GCACGGTTCGCTAGAT-1	12383	13657	1.1028829847371395
GSM6339603	GCACGGTTCGGGCCAT-1	34503	30635	0.8878938063356809
GSM6339603	GCACGGTTCGGTACGC-1	4009	4553	1.1356946869543527
GSM6339603	GCACGGTTCTAGCGAT-1	3455	4088	1.1832127351664254
GSM6339603	GCACTAAGTAATAACC-1	3634	4317	1.1879471656576774
GSM6339603	GCACTAAGTAGGATTT-1	3705	3702	0.9991902834008097
GSM6339603	GCACTAAGTCACAGCG-1	1404	1694	1.2065527065527066
GSM6339603	GCACTAAGTGAGACTC-1	2344	2850	1.2158703071672354
GSM6339603	GCACTAAGTGAGCAAG-1	21115	18284	0.8659246980819323
GSM6339603	GCACTAAGTTACCTGT-1	11397	10967	0.9622707730104414
GSM6339603	GCACTTACAAGGCCAA-1	23830	30815	1.2931179185900126
GSM6339603	GCACTTACACTTCATC-1	1131	1384	1.2236958443854995
GSM6339603	GCACTTACAGGCATCT-1	21244	24208	1.1395217473168895
GSM6339603	GCACTTACAGTAGGTG-1	27531	26841	0.974937343358396
GSM6339603	GCACTTACATATAACC-1	22991	29864	1.2989430646774824
GSM6339603	GCAGCAACAAGACTCC-1	956	978	1.0230125523012552
GSM6339603	GCAGCAACAAGCTTTG-1	13930	12870	0.923905240488155
GSM6339603	GCAGCAACAGCTTAGC-1	1943	1872	0.9634585692228512
GSM6339603	GCAGCAACAGTAAGTA-1	1252	1207	0.9640575079872205
GSM6339603	GCAGCCAGTATTGGTG-1	4253	3828	0.9000705384434516
GSM6339603	GCAGCCAGTCACAGAC-1	1842	1908	1.0358306188925082
GSM6339603	GCAGCCAGTGCATTTC-1	1773	1688	0.952058657642414
GSM6339603	GCAGCCAGTTAAGCGC-1	26574	30066	1.1314066380672838
GSM6339603	GCAGCCAGTTCCGGGA-1	715	663	0.9272727272727272
GSM6339603	GCAGCCAGTTGGATAT-1	436	458	1.0504587155963303
GSM6339603	GCAGCCAGTTTGTCTA-1	3216	4006	1.2456467661691542
GSM6339603	GCAGCTATCAAGCTTA-1	10390	7216	0.6945139557266603
GSM6339603	GCAGCTATCAATGTCA-1	590	496	0.8406779661016949
GSM6339603	GCAGCTATCAGTGAAG-1	706	640	0.9065155807365439
GSM6339603	GCAGCTATCATGCAAC-1	11293	10215	0.9045426370317896
GSM6339603	GCAGCTATCATGTTTC-1	1195	1442	1.2066945606694561
GSM6339603	GCAGCTATCTGCAAAC-1	2727	3072	1.1265126512651265
GSM6339603	GCAGCTATCTGGCTTC-1	738	696	0.943089430894309
GSM6339603	GCAGGAAGTACTTAGG-1	10034	10068	1.0033884791708192
GSM6339603	GCAGGAAGTCGTAAAT-1	3419	3798	1.1108511260602516
GSM6339603	GCAGGAAGTTGGTTAG-1	4288	4456	1.039179104477612
GSM6339603	GCAGGACCAAACCTTG-1	16965	20383	1.2014736221632774
GSM6339603	GCAGGACCAATATGGA-1	18701	20537	1.0981765680979627
GSM6339603	GCAGGACCACATTGCA-1	563	574	1.019538188277087
GSM6339603	GCAGGACCACCGGCTA-1	2936	3146	1.0715258855585832
GSM6339603	GCAGGACCACTTACAG-1	2930	3517	1.2003412969283276
GSM6339603	GCAGGACCAGACAAAC-1	525	525	1.0
GSM6339603	GCAGGACCAGCATGGA-1	829	952	1.1483715319662244
GSM6339603	GCAGGACCAGTTTCTC-1	456	489	1.0723684210526316
GSM6339603	GCAGGATAGCACTTGG-1	22039	25300	1.1479649711874405
GSM6339603	GCAGGATAGCATGCAT-1	15556	15681	1.0080354847004371
GSM6339603	GCAGGATAGCTAATCA-1	502	552	1.099601593625498
GSM6339603	GCAGGATAGGAACCGG-1	6867	8474	1.234017766127858
GSM6339603	GCAGGATAGGCCATCA-1	11866	11922	1.0047193662565312
GSM6339603	GCAGGATAGGTTAGCT-1	39432	43860	1.1122945830797322
GSM6339603	GCAGGCAAGAGGATAT-1	1842	2069	1.1232356134636265
GSM6339603	GCAGGCAAGATAACCC-1	1511	948	0.6273990734612839
GSM6339603	GCAGGCAAGGATCACT-1	2213	2791	1.2611839132399458
GSM6339603	GCAGGCAAGGATCCGC-1	13746	17757	1.2917939764295068
GSM6339603	GCAGGCAAGGCCATCA-1	2374	1531	0.6449031171019377
GSM6339603	GCAGGCAAGGGCTTTG-1	16681	15684	0.9402314009951441
GSM6339603	GCAGGCAAGTTACCGG-1	2441	2712	1.1110200737402705
GSM6339603	GCAGGCTTCCGGCTAA-1	697	590	0.8464849354375896
GSM6339603	GCAGGCTTCCTAACGG-1	4587	5397	1.1765860039241334
GSM6339603	GCAGGCTTCGCTTGCT-1	716	722	1.0083798882681565
GSM6339603	GCAGGTGAGACTAAGG-1	19001	21287	1.1203094573969792
GSM6339603	GCAGGTGAGCATTATG-1	3379	4059	1.201242971293282
GSM6339603	GCAGGTGAGTCATCCC-1	1975	2400	1.2151898734177216
GSM6339603	GCAGGTTGTAATAGCT-1	1489	1607	1.0792478173270652
GSM6339603	GCAGGTTGTAGACAAA-1	23705	28659	1.208985446108416
GSM6339603	GCAGGTTGTAGTCAAT-1	3735	3976	1.064524765729585
GSM6339603	GCAGGTTGTGTTGCTT-1	26024	30874	1.1863664309867814
GSM6339603	GCAGGTTGTTACTTCA-1	4819	4943	1.0257314795600747
GSM6339603	GCAGGTTGTTAGCTGA-1	7832	8166	1.0426455566905004
GSM6339603	GCAGGTTGTTCCGCAC-1	2747	2570	0.9355660720786312
GSM6339603	GCAGGTTGTTCCTGTG-1	693	750	1.0822510822510822
GSM6339603	GCAGGTTGTTTGCAGA-1	5074	6235	1.228813559322034
GSM6339603	GCATATATCAATCTAG-1	638	747	1.170846394984326
GSM6339603	GCATATATCATAGCCG-1	1085	1069	0.9852534562211982
GSM6339603	GCATATATCATCCTGC-1	14928	16203	1.0854099678456592
GSM6339603	GCATATATCATTAGTG-1	3680	3740	1.016304347826087
GSM6339603	GCATATATCCCTGGAA-1	1933	2301	1.190377651319193
GSM6339603	GCATATATCCGTCCAT-1	3640	3824	1.0505494505494506
GSM6339603	GCATATATCGCATCCT-1	7482	7609	1.016974071103983
GSM6339603	GCATCCTTCATAATCG-1	15210	12047	0.7920447074293228
GSM6339603	GCATCCTTCCCTGATC-1	2109	2308	1.094357515410147
GSM6339603	GCATCCTTCCTCGATC-1	3117	3198	1.0259865255052936
GSM6339603	GCATCCTTCCTTAGGG-1	3781	4156	1.0991801110817243
GSM6339603	GCATCCTTCCTTCGTA-1	3914	4952	1.2652018395503322
GSM6339603	GCATCCTTCGAGGAGT-1	792	892	1.1262626262626263
GSM6339603	GCATCCTTCGGGATTT-1	3111	3419	1.0990035358405656
GSM6339603	GCATCCTTCTTAGTCT-1	1903	2102	1.1045717288491854
GSM6339603	GCATGAAAGCAACATC-1	34949	35806	1.0245214455349223
GSM6339603	GCATGAAAGCCTGATG-1	35369	37432	1.0583279142752127
GSM6339603	GCATGAAAGGCGCATC-1	4291	4694	1.0939175017478444
GSM6339603	GCATGAAAGGGACGCA-1	35340	47403	1.3413412563667233
GSM6339603	GCATGAAAGTTAGGCT-1	613	602	0.9820554649265906
GSM6339603	GCATGAGCAACTCGCG-1	444	454	1.0225225225225225
GSM6339603	GCATGAGCACAGGAAT-1	3236	3699	1.1430778739184178
GSM6339603	GCATGAGCACCCACAG-1	8768	6371	0.7266195255474452
GSM6339603	GCATGAGCACCGGTAT-1	3995	4337	1.0856070087609513
GSM6339603	GCATGAGCAGAAATTG-1	1193	1289	1.0804694048616932
GSM6339603	GCATGAGCAGGAAGCC-1	1629	1775	1.0896255371393493
GSM6339603	GCATGAGCAGGCCTTG-1	637	728	1.1428571428571428
GSM6339603	GCATGAGCAGGCTACT-1	1260	1524	1.2095238095238094
GSM6339603	GCATGAGCAGGTTAAA-1	3449	3245	0.9408524209915917
GSM6339603	GCATGAGCAGTTAAAG-1	14627	13592	0.9292404457510084
GSM6339603	GCATGAGCATCAGTAT-1	8701	9942	1.1426272842202045
GSM6339603	GCATTAGGTAATAACC-1	572	641	1.1206293706293706
GSM6339603	GCATTAGGTACCCACC-1	17201	17614	1.024010231963258
GSM6339603	GCATTAGGTCAAACTG-1	4208	4039	0.9598384030418251
GSM6339603	GCATTAGGTGATTACG-1	877	826	0.9418472063854048
GSM6339603	GCATTAGGTGCCTCAC-1	692	719	1.0390173410404624
GSM6339603	GCATTAGGTGGGTGAA-1	22353	30343	1.3574464277725584
GSM6339603	GCATTAGGTTAACGAT-1	1751	1700	0.970873786407767
GSM6339603	GCATTAGGTTGGATAT-1	1959	1826	0.9321082184788158
GSM6339603	GCATTAGGTTTACTTG-1	18305	20775	1.1349358098880087
GSM6339603	GCATTAGGTTTGAGCA-1	724	724	1.0
GSM6339603	GCATTGCCAAGCTACC-1	739	797	1.0784844384303112
GSM6339603	GCATTGCCACAGCCAT-1	35437	38010	1.0726077263876739
GSM6339603	GCATTGCCACATTGCA-1	2050	2366	1.1541463414634145
GSM6339603	GCATTGCCACCTAATG-1	36647	49822	1.3595110104510602
GSM6339603	GCATTGCCAGGCCATT-1	688	803	1.1671511627906976
GSM6339603	GCATTGCCAGGCTGTT-1	689	629	0.9129172714078374
GSM6339603	GCATTGCCAGTTTGTG-1	1430	1777	1.2426573426573426
GSM6339603	GCATTGCCATAAACCT-1	11082	8887	0.801931059375564
GSM6339603	GCATTGCCATACTCCT-1	2231	2436	1.0918870461676378
GSM6339603	GCATTGCCATCCGTAA-1	1539	1402	0.9109811565951916
GSM6339603	GCATTGCCATCCTGAA-1	5890	6949	1.1797962648556877
GSM6339603	GCCAACATCACAGGAA-1	28191	36111	1.2809407257635415
GSM6339603	GCCAACATCCACCTGT-1	602	609	1.0116279069767442
GSM6339603	GCCAACATCCTCACAC-1	615	650	1.056910569105691
GSM6339603	GCCAACATCCTGGTCT-1	5101	5663	1.110174475593021
GSM6339603	GCCAACATCGTCAAGT-1	7209	7804	1.082535719239839
GSM6339603	GCCAATAGTAGCTGCG-1	6101	8383	1.3740370431076874
GSM6339603	GCCAATAGTCATTACC-1	7935	6465	0.8147448015122873
GSM6339603	GCCAATAGTTTAACGG-1	5347	4877	0.9121002431269871
GSM6339603	GCCAATTAGAGGATAT-1	3954	4988	1.2615073343449672
GSM6339603	GCCAATTAGCATTTCT-1	29434	36017	1.2236529183936944
GSM6339603	GCCAATTAGCTGGCTA-1	2445	2662	1.088752556237219
GSM6339603	GCCAATTAGTTATCTC-1	15686	14769	0.9415402269539717
GSM6339603	GCCACAATCAAGCCTG-1	27126	45468	1.6761778367617783
GSM6339603	GCCACAATCCTCCCTC-1	494	552	1.1174089068825912
GSM6339603	GCCACAATCGACAAAG-1	3420	3927	1.1482456140350876
GSM6339603	GCCACAATCGCTAGCA-1	702	609	0.8675213675213675
GSM6339603	GCCACAATCTTAGTGA-1	18622	18687	1.0034904951133068
GSM6339603	GCCACAATCTTGCTAT-1	17480	17073	0.976716247139588
GSM6339603	GCCACACAGCGGCTGT-1	19266	17205	0.8930239800685145
GSM6339603	GCCACACAGTTCCCGT-1	31781	32217	1.0137188886441584
GSM6339603	GCCACTAAGACAACAG-1	3620	4289	1.184806629834254
GSM6339603	GCCACTAAGCATTATG-1	3889	4182	1.0753407045512986
GSM6339603	GCCACTAAGGAATAAC-1	751	855	1.1384820239680427
GSM6339603	GCCACTAAGGGCTTTG-1	2515	2750	1.0934393638170974
GSM6339603	GCCACTAAGTCATTTC-1	1140	1160	1.0175438596491229
GSM6339603	GCCACTAAGTTAGCTA-1	2072	1578	0.7615830115830116
GSM6339603	GCCAGGAAGCACAGGG-1	3124	3544	1.1344430217669654
GSM6339603	GCCAGGAAGCCTGTTC-1	4275	3840	0.8982456140350877
GSM6339603	GCCAGGAAGGAGCAAC-1	1772	1689	0.9531602708803611
GSM6339603	GCCAGGAAGGAGCATA-1	3332	3250	0.975390156062425
GSM6339603	GCCAGGAAGGGATGCG-1	16484	15678	0.9511041009463722
GSM6339603	GCCAGGAAGGTTAGCT-1	8907	10463	1.1746940608510161
GSM6339603	GCCAGGAAGGTTTACA-1	4509	2984	0.6617875360390331
GSM6339603	GCCAGGAAGTTTGAGC-1	29559	44543	1.5069183666565176
GSM6339603	GCCAGGTTCAATCATG-1	24352	31391	1.2890522339027595
GSM6339603	GCCAGGTTCAGCACCA-1	905	990	1.0939226519337018
GSM6339603	GCCAGGTTCCATAAGC-1	2785	2944	1.0570915619389587
GSM6339603	GCCAGGTTCCGCAAAT-1	20872	32520	1.5580682253737064
GSM6339603	GCCAGGTTCGTAACGT-1	39207	38500	0.9819675058025352
GSM6339603	GCCAGGTTCTAAGGAG-1	2256	2275	1.008421985815603
GSM6339603	GCCAGGTTCTAAGTCA-1	4940	5768	1.1676113360323888
GSM6339603	GCCAGGTTCTACCTAT-1	3602	3792	1.0527484730705163
GSM6339603	GCCAGGTTCTGGCTTC-1	762	856	1.1233595800524934
GSM6339603	GCCATGATCAAGTGTC-1	961	1033	1.0749219562955254
GSM6339603	GCCATGATCCGTTAAA-1	32597	39850	1.2225051385096788
GSM6339603	GCCATGATCCTTTACG-1	2660	3050	1.1466165413533835
GSM6339603	GCCATGATCGATTTGA-1	12307	13789	1.1204192735841392
GSM6339603	GCCATGATCTAACCTT-1	13022	13046	1.001843034864076
GSM6339603	GCCATGATCTAATCTC-1	2192	2530	1.1541970802919708
GSM6339603	GCCATTACAACTGGGA-1	889	990	1.1136107986501687
GSM6339603	GCCATTACAAGGTAAC-1	2197	1919	0.8734638142922166
GSM6339603	GCCATTACACTTCACT-1	13950	11406	0.8176344086021505
GSM6339603	GCCATTACATATTGAC-1	2396	2283	0.9528380634390651
GSM6339603	GCCATTACATCGTTCT-1	3242	3715	1.1458975940777298
GSM6339603	GCCATTACATTATGCG-1	4286	4526	1.055996266915539
GSM6339603	GCCCAAATCCCGAACA-1	2421	2404	0.9929781082197439
GSM6339603	GCCCATAAGCTCCCTG-1	3304	3881	1.174636803874092
GSM6339603	GCCCGTTGTAGTTGGC-1	12184	9531	0.7822554169402495
GSM6339603	GCCCGTTGTGAAGCCT-1	21862	26495	1.2119202268776874
GSM6339603	GCCCGTTGTGCCTCAC-1	5082	5693	1.1202282565918928
GSM6339603	GCCCGTTGTGTTAAAC-1	34062	48041	1.410398684751336
GSM6339603	GCCCGTTGTTCACCCA-1	1756	2237	1.2739179954441913
GSM6339603	GCCCGTTGTTCATTTG-1	2643	3289	1.2444192205826712
GSM6339603	GCCCGTTGTTGTAACG-1	9459	9567	1.011417697431018
GSM6339603	GCCCGTTGTTTGGTTC-1	2588	3292	1.2720247295208655
GSM6339603	GCCCTCATCATGCTTT-1	5631	7407	1.3153969099627065
GSM6339603	GCCCTCATCGCAGGCT-1	549	604	1.1001821493624773
GSM6339603	GCCGTGAGTCATGCAA-1	1523	1492	0.979645436638214
GSM6339603	GCCGTGAGTCGCAAAC-1	1529	1659	1.0850228907782864
GSM6339603	GCCGTGAGTCGTTATC-1	1597	1882	1.1784596117720727
GSM6339603	GCCGTGAGTGGGAACA-1	784	868	1.1071428571428572
GSM6339603	GCCGTGAGTTAGCAGC-1	30413	33652	1.1065005096504783
GSM6339603	GCCGTGAGTTGTTCAC-1	2037	2308	1.1330387825233186
GSM6339603	GCCGTGAGTTTACCGT-1	1682	1713	1.0184304399524375
GSM6339603	GCCTAATAGCACTAAC-1	10632	14738	1.3861926260346125
GSM6339603	GCCTAATAGGACTTAC-1	4384	5693	1.2985857664233578
GSM6339603	GCCTAATAGGATCACT-1	1562	1597	1.0224071702944941
GSM6339603	GCCTAATAGGCAAGTA-1	1335	1577	1.1812734082397003
GSM6339603	GCCTAATAGTCCTTCA-1	2601	3057	1.1753171856978086
GSM6339603	GCCTAATAGTCTATGA-1	8666	8338	0.9621509346872836
GSM6339603	GCCTAATAGTTTCCGC-1	2642	2520	0.9538228614685844
GSM6339603	GCCTACTTCCAGGTCA-1	25024	27185	1.0863570971867007
GSM6339603	GCCTACTTCTACCTCA-1	4305	4535	1.0534262485481998
GSM6339603	GCCTACTTCTCCTCTT-1	11662	13319	1.1420854055908078
GSM6339603	GCCTATTGTAACCACA-1	627	769	1.226475279106858
GSM6339603	GCCTATTGTAATGGCC-1	9763	10513	1.076820649390556
GSM6339603	GCCTATTGTACCGAAC-1	1654	1782	1.0773881499395406
GSM6339603	GCCTATTGTCAAGTGC-1	23071	26870	1.1646655975033593
GSM6339603	GCCTATTGTGCTCCGT-1	4023	3924	0.9753914988814317
GSM6339603	GCCTATTGTTATAGCG-1	23383	31191	1.3339178035324808
GSM6339603	GCCTATTGTTCACTGT-1	1228	1412	1.1498371335504887
GSM6339603	GCCTATTGTTGCCTCA-1	11025	13068	1.1853061224489796
GSM6339603	GCCTCAAAGCCTGACA-1	2296	2342	1.0200348432055748
GSM6339603	GCCTCAAAGCTTTGGG-1	2026	2095	1.0340572556762093
GSM6339603	GCCTCAAAGGAAGCAC-1	2552	3207	1.2566614420062696
GSM6339603	GCCTCAAAGGATTTGC-1	626	706	1.1277955271565496
GSM6339603	GCCTCAAAGGCAAGTA-1	6722	7505	1.1164831895269265
GSM6339603	GCCTCAAAGTATTGCA-1	2210	2499	1.1307692307692307
GSM6339603	GCCTCAAAGTTTCCTG-1	22409	21348	0.952652951938953
GSM6339603	GCCTCCATCAACAAGG-1	15333	15697	1.0237396465140547
GSM6339603	GCCTCCATCCAGGGAG-1	6602	6787	1.0280218115722508
GSM6339603	GCCTCCATCCAGGTCA-1	12796	10710	0.8369803063457331
GSM6339603	GCCTCCATCCGCCTCA-1	769	766	0.9960988296488946
GSM6339603	GCCTCCATCTAAGTCA-1	1581	1691	1.0695762175838077
GSM6339603	GCCTCGACACTTCATC-1	840	987	1.175
GSM6339603	GCCTCGACAGCAAATA-1	2570	3081	1.1988326848249027
GSM6339603	GCCTCGACAGTAATAG-1	4489	5503	1.2258854978837157
GSM6339603	GCCTCGACATCAATCG-1	18847	17579	0.9327213880193134
GSM6339603	GCCTCGACATTCCTGT-1	614	707	1.1514657980456027
GSM6339603	GCCTGACAGCCGCAAC-1	1351	1536	1.1369356032568467
GSM6339603	GCCTGACAGCCGCTTT-1	480	590	1.2291666666666667
GSM6339603	GCCTGACAGCTTACTT-1	1838	1790	0.9738846572361263
GSM6339603	GCCTGACAGCTTGCTC-1	9876	7364	0.7456460105305792
GSM6339603	GCCTGACAGGCGAATA-1	3328	3343	1.0045072115384615
GSM6339603	GCCTGACAGGCTGGCT-1	11532	10809	0.9373048907388137
GSM6339603	GCCTGACAGGTCCTAG-1	3955	4653	1.1764854614412137
GSM6339603	GCCTGACAGTCATCCC-1	2416	2572	1.064569536423841
GSM6339603	GCCTGAGGTCACAAAT-1	1462	1643	1.1238030095759235
GSM6339603	GCCTGAGGTCCGTAGG-1	2485	2917	1.1738430583501005
GSM6339603	GCCTGAGGTCGTAATG-1	1569	1036	0.6602931803696622
GSM6339603	GCCTGAGGTTAACAGT-1	4214	4773	1.1326530612244898
GSM6339603	GCCTGCTGTAGCCTAA-1	848	479	0.5648584905660378
GSM6339603	GCCTGCTGTGATTTGG-1	17801	16206	0.9103982922307735
GSM6339603	GCCTGCTGTGCCGCAA-1	719	703	0.9777468706536857
GSM6339603	GCCTGCTGTTAACGGC-1	19521	21420	1.0972798524665746
GSM6339603	GCCTGTGCAAGCTTAT-1	1711	1727	1.0093512565751024
GSM6339603	GCCTGTGCAATCCCTT-1	5519	3405	0.6169595941293713
GSM6339603	GCCTGTGCAATTTGGT-1	2514	2496	0.9928400954653938
GSM6339603	GCCTGTGCACCTCAGG-1	8011	8624	1.076519785295219
GSM6339603	GCCTGTGCACTGGCTG-1	14404	27351	1.8988475423493474
GSM6339603	GCCTGTGCAGGAATCG-1	16544	18183	1.0990691489361701
GSM6339603	GCCTGTGCATGAAATG-1	24756	29658	1.198012603005332
GSM6339603	GCCTGTGCATGGCCCA-1	10318	9146	0.8864120953673192
GSM6339603	GCCTGTGCATTAAGTC-1	2933	2819	0.9611319468121378
GSM6339603	GCCTTAACAACCCTCC-1	1048	1527	1.45706106870229
GSM6339603	GCCTTAACAATATGGA-1	66982	56983	0.8507210892478576
GSM6339603	GCCTTAACACATGCTA-1	2796	2634	0.9420600858369099
GSM6339603	GCCTTAACACTAAGAA-1	2505	2945	1.1756487025948104
GSM6339603	GCCTTACTCACAGCCA-1	4404	4482	1.0177111716621254
GSM6339603	GCCTTACTCCAGCACA-1	1895	2224	1.1736147757255937
GSM6339603	GCCTTACTCGAGCTAT-1	5908	4369	0.7395057549085985
GSM6339603	GCCTTACTCGGTTTCC-1	2791	2680	0.9602293084915801
GSM6339603	GCCTTACTCTGGCATG-1	14947	11860	0.7934702615909547
GSM6339603	GCCTTAGAGCATTATG-1	4348	4796	1.1030358785648573
GSM6339603	GCCTTAGAGCGCCTAA-1	1970	2643	1.3416243654822335
GSM6339603	GCCTTAGAGCTGGAAA-1	28424	36406	1.2808190261750634
GSM6339603	GCCTTAGAGCTTCTCA-1	32486	47016	1.44726959305547
GSM6339603	GCCTTAGAGGAAACTG-1	2083	1977	0.9491118578972636
GSM6339603	GCCTTAGAGTAAAGGT-1	2052	2250	1.0964912280701755
GSM6339603	GCCTTAGAGTGGCGGA-1	1975	2159	1.0931645569620254
GSM6339603	GCCTTGCGTATTGAGT-1	1005	1233	1.226865671641791
GSM6339603	GCCTTGCGTCCCGAAG-1	21827	28037	1.2845100105374079
GSM6339603	GCCTTTATCGACCTGA-1	22917	24724	1.0788497621852773
GSM6339603	GCCTTTATCTAGCGAT-1	1501	1625	1.0826115922718187
GSM6339603	GCCTTTATCTCCTCTT-1	5976	7139	1.194611780455154
GSM6339603	GCCTTTATCTTAGGGT-1	16521	16274	0.9850493311542885
GSM6339603	GCCTTTGGTAGACAAA-1	949	1060	1.1169652265542676
GSM6339603	GCCTTTGGTCATTGTC-1	558	570	1.021505376344086
GSM6339603	GCCTTTGGTTAAGCGC-1	1483	1893	1.2764666217127445
GSM6339603	GCGAAGCCAAACTCAT-1	10599	10906	1.0289649966978016
GSM6339603	GCGAAGCCAAAGCGGC-1	3483	3595	1.032156187194947
GSM6339603	GCGAAGCCACGAATCC-1	2739	2887	1.05403431909456
GSM6339603	GCGAAGCCAGAGGCTA-1	760	785	1.0328947368421053
GSM6339603	GCGAAGCCAGCAAATA-1	8984	7246	0.8065449688334817
GSM6339603	GCGAAGCCAGCACCAT-1	6397	6359	0.9940597154916367
GSM6339603	GCGAAGCCAGCCTAAC-1	3136	3859	1.230548469387755
GSM6339603	GCGAAGCCAGCTCAAC-1	17371	18125	1.0434056761268782
GSM6339603	GCGAAGCCATGGTTAT-1	27904	27260	0.976920871559633
GSM6339603	GCGAAGCCATTAGCCA-1	2421	2748	1.1350681536555143
GSM6339603	GCGAAGCCATTGCGGT-1	18471	19201	1.0395214119430458
GSM6339603	GCGAAGCCATTGTGAT-1	834	821	0.9844124700239808
GSM6339603	GCGAAGTAGGACAACA-1	1303	1537	1.1795855717574828
GSM6339603	GCGAAGTAGGAGGTTA-1	4696	4968	1.0579216354344123
GSM6339603	GCGAAGTAGGCAATAG-1	1317	1386	1.0523917995444192
GSM6339603	GCGAAGTAGGCTGGCT-1	8063	5756	0.7138782091033115
GSM6339603	GCGAAGTAGGGTCTAT-1	7960	7666	0.9630653266331658
GSM6339603	GCGAAGTAGTGAGAGC-1	8268	12738	1.5406386066763424
GSM6339603	GCGAGTGAGATAGACG-1	476	550	1.1554621848739495
GSM6339603	GCGAGTGAGCTATGAC-1	5391	6166	1.143758115377481
GSM6339603	GCGAGTGAGCTCGCTT-1	3071	3299	1.0742429176164117
GSM6339603	GCGAGTGAGCTTAGCG-1	9330	9781	1.0483386923901394
GSM6339603	GCGAGTGAGTAGCCAT-1	3331	3718	1.1161813269288503
GSM6339603	GCGAGTGAGTCATTAG-1	919	913	0.9934711643090316
GSM6339603	GCGATATTCATCAGTA-1	5159	5052	0.9792595464237255
GSM6339603	GCGATATTCCAGGTCA-1	562	604	1.0747330960854093
GSM6339603	GCGATATTCCCTTGCG-1	3052	2879	0.9433158584534731
GSM6339603	GCGATATTCCTAATTC-1	10185	8495	0.8340697103583702
GSM6339603	GCGATATTCCTCCCTC-1	2768	2010	0.7261560693641619
GSM6339603	GCGATATTCGCCTGTT-1	8396	5280	0.6288708909004288
GSM6339603	GCGATATTCGCGACAC-1	10798	7736	0.716428968327468
GSM6339603	GCGATATTCGCTAGTG-1	600	721	1.2016666666666667
GSM6339603	GCGATTAGTAGCTAAT-1	464	458	0.9870689655172413
GSM6339603	GCGATTAGTCATGCAA-1	1129	965	0.8547387068201948
GSM6339603	GCGATTAGTTAATGCG-1	2357	2594	1.1005515485787016
GSM6339603	GCGATTAGTTAGCAGC-1	1548	1249	0.8068475452196382
GSM6339603	GCGATTAGTTAGCGTA-1	2035	1952	0.9592137592137592
GSM6339603	GCGATTAGTTTATCGC-1	1540	1644	1.0675324675324676
GSM6339603	GCGATTAGTTTATCTG-1	455	450	0.989010989010989
GSM6339603	GCGATTTAGATAACCC-1	1411	1258	0.891566265060241
GSM6339603	GCGATTTAGGCTGTCA-1	13614	13359	0.9812692816218599
GSM6339603	GCGATTTAGGGACTAA-1	7680	9205	1.1985677083333333
GSM6339603	GCGATTTAGTTAACCA-1	1895	2268	1.1968337730870713
GSM6339603	GCGCAAACAAATTCGT-1	1066	1004	0.9418386491557224
GSM6339603	GCGCAAACAAGTAAGC-1	1429	1775	1.2421273617914625
GSM6339603	GCGCAAACAATATACC-1	419	534	1.2744630071599046
GSM6339603	GCGCAAACACATGCTA-1	2559	2693	1.0523642047674873
GSM6339603	GCGCAAACACCAGCAT-1	1509	1547	1.0251822398939696
GSM6339603	GCGCAAACACGTTACA-1	682	511	0.749266862170088
GSM6339603	GCGCAAACAGGCCAAA-1	778	716	0.9203084832904884
GSM6339603	GCGCAAACAGGTTCAC-1	16660	17557	1.0538415366146459
GSM6339603	GCGCAAACAGTTTACG-1	1854	2198	1.1855447680690399
GSM6339603	GCGCAAACATCGCTTT-1	1267	1396	1.101815311760063
GSM6339603	GCGCAAACATGGCCCA-1	1921	2126	1.1067152524726704
GSM6339603	GCGCAAACATGGTTAT-1	4306	5094	1.183000464468184
GSM6339603	GCGCAAACATGTTGCA-1	785	736	0.9375796178343949
GSM6339603	GCGCAAACATTGTGCA-1	15247	11355	0.7447366695087558
GSM6339603	GCGCAATGTATACTGG-1	31113	42162	1.355124867418764
GSM6339603	GCGCAATGTATTGTCC-1	27818	33660	1.2100079085484219
GSM6339603	GCGCAATGTCTTGCAT-1	17481	16704	0.9555517418911962
GSM6339603	GCGCAATGTGAATCGC-1	16553	13483	0.8145351295837613
GSM6339603	GCGCAATGTGATGATT-1	5503	6525	1.1857168817008905
GSM6339603	GCGCAATGTGATTTGG-1	3325	3174	0.9545864661654135
GSM6339603	GCGCAATGTTAACAGT-1	1559	1656	1.062219371391918
GSM6339603	GCGCAATGTTCAAGCA-1	27686	28547	1.031098750270895
GSM6339603	GCGCAATGTTGCATCT-1	22276	22925	1.0291344945232537
GSM6339603	GCGCCTTGTAACCTAG-1	687	672	0.9781659388646288
GSM6339603	GCGCCTTGTCTAACCT-1	16206	14210	0.8768357398494385
GSM6339603	GCGCCTTGTGATGAAA-1	960	1046	1.0895833333333333
GSM6339603	GCGCCTTGTGCGCAAT-1	3034	3781	1.2462096242584046
GSM6339603	GCGCCTTGTTAGAGCC-1	2858	2909	1.0178446466060183
GSM6339603	GCGCCTTGTTAGGTGC-1	561	525	0.9358288770053476
GSM6339603	GCGCGATTCCTAAGTA-1	852	802	0.9413145539906104
GSM6339603	GCGCGATTCCTTCTAG-1	17495	18077	1.0332666476136039
GSM6339603	GCGCGATTCGCTATAA-1	681	677	0.9941262848751835
GSM6339603	GCGCGATTCGGGACTC-1	1030	1065	1.0339805825242718
GSM6339603	GCGCGATTCGTTAGTA-1	8296	5466	0.6588717454194792
GSM6339603	GCGCGATTCTGGTCCT-1	18195	25522	1.402693047540533
GSM6339603	GCGCTAGGTGATCATG-1	15834	25431	1.606100795755968
GSM6339603	GCGCTAGGTTCTTTAG-1	675	706	1.045925925925926
GSM6339603	GCGCTAGGTTGGATAT-1	2275	2584	1.1358241758241758
GSM6339603	GCGCTAGGTTTGTTGC-1	9542	10193	1.0682246908404947
GSM6339603	GCGCTTAAGAACCTGT-1	5142	4509	0.8768961493582264
GSM6339603	GCGCTTAAGCACGTTG-1	20414	18969	0.9292152444400902
GSM6339603	GCGCTTAAGCCAAATC-1	501	528	1.0538922155688624
GSM6339603	GCGCTTAAGCTTCCCG-1	1565	1559	0.9961661341853035
GSM6339603	GCGCTTAAGGAGTCGG-1	14574	16065	1.1023054755043227
GSM6339603	GCGCTTAAGGTGCGGA-1	693	630	0.9090909090909091
GSM6339603	GCGCTTAAGTAGGATG-1	10468	8831	0.8436186473060756
GSM6339603	GCGCTTGCAACCGCCA-1	2739	3644	1.3304125593282219
GSM6339603	GCGCTTGCAACGTGCT-1	2256	2392	1.0602836879432624
GSM6339603	GCGCTTGCAATAGTCT-1	2455	2632	1.0720977596741343
GSM6339603	GCGCTTGCACAACCTA-1	29875	27120	0.9077824267782427
GSM6339603	GCGCTTGCACGGTACT-1	742	900	1.2129380053908356
GSM6339603	GCGCTTGCACTGGCTG-1	14487	14925	1.030234002899151
GSM6339603	GCGGAACCAAACCCTA-1	7304	5221	0.7148138006571741
GSM6339603	GCGGAACCACTTACAG-1	3352	3833	1.1434964200477327
GSM6339603	GCGGAACCAGCAACCT-1	5912	7019	1.1872462787550744
GSM6339603	GCGGAACCAGCTTACA-1	2175	2429	1.1167816091954024
GSM6339603	GCGGAACCAGGACACA-1	2707	2508	0.9264868858514961
GSM6339603	GCGGAACCAGTCTATG-1	1251	1327	1.0607513988808952
GSM6339603	GCGGAACCATATAACC-1	1643	1920	1.1685940353012783
GSM6339603	GCGGAACCATCCTAGA-1	1384	1480	1.069364161849711
GSM6339603	GCGGAACCATTGTCCT-1	2654	3068	1.1559909570459683
GSM6339603	GCGGATACAACAGGAT-1	661	654	0.989409984871407
GSM6339603	GCGGATACAAGGTACG-1	3657	4099	1.12086409625376
GSM6339603	GCGGATACAATTAGGA-1	841	802	0.9536266349583828
GSM6339603	GCGGATACAGCACGTT-1	1197	939	0.7844611528822055
GSM6339603	GCGGATACAGCCAGTT-1	1358	1682	1.2385861561119293
GSM6339603	GCGGATACAGCCGCTA-1	23309	32115	1.3777939851559484
GSM6339603	GCGGATACAGTTATCG-1	9253	10832	1.1706473576137468
GSM6339603	GCGGATACATTGCGTA-1	549	680	1.238615664845173
GSM6339603	GCGGGTTTCATAGACC-1	1559	1348	0.8646568313021168
GSM6339603	GCGGTTATCAAATCGC-1	8318	5766	0.693195479682616
GSM6339603	GCGGTTATCAATTGGC-1	2492	3075	1.2339486356340288
GSM6339603	GCGGTTATCCAAATCA-1	24560	29390	1.1966612377850163
GSM6339603	GCGGTTATCCTAGTCC-1	10285	8010	0.7788040836169179
GSM6339603	GCGGTTATCGGCCAGT-1	1923	1125	0.5850234009360374
GSM6339603	GCGGTTATCTCGCCCA-1	864	546	0.6319444444444444
GSM6339603	GCGGTTGGTAGCCTCC-1	3929	2799	0.712395011453296
GSM6339603	GCGGTTGGTGCATTAG-1	16074	14319	0.8908174692049272
GSM6339603	GCGGTTGGTGCCGCAA-1	1851	2182	1.17882225823879
GSM6339603	GCGGTTGGTTAACGGC-1	537	682	1.2700186219739293
GSM6339603	GCGGTTGGTTCACTGT-1	502	532	1.0597609561752988
GSM6339603	GCGGTTGGTTTGAGGC-1	3905	4090	1.0473751600512164
GSM6339603	GCGTAACGTAGGATTT-1	19460	22072	1.134224049331963
GSM6339603	GCGTAACGTCAAAGGG-1	2117	1211	0.5720358998582901
GSM6339603	GCGTAACGTGAAGCCT-1	1290	1404	1.0883720930232559
GSM6339603	GCGTAACGTTCCTGTG-1	4015	4734	1.1790784557907845
GSM6339603	GCGTAACGTTGTGACA-1	1824	2334	1.2796052631578947
GSM6339603	GCGTGCTAGACAGGCG-1	22913	15989	0.6978134683367521
GSM6339603	GCGTGCTAGTCATTTC-1	7377	5078	0.6883557001491121
GSM6339603	GCGTTTCTCAAGCTTA-1	4690	5043	1.075266524520256
GSM6339603	GCGTTTCTCTAACCAA-1	12613	14004	1.1102830413065885
GSM6339603	GCTAACAGTAGGTTTG-1	5406	6690	1.237513873473918
GSM6339603	GCTAACAGTGCTCCGT-1	2629	2641	1.00456447318372
GSM6339603	GCTAACAGTGGGTGAA-1	1255	1271	1.0127490039840636
GSM6339603	GCTAACAGTTAGCGTA-1	1727	1678	0.971627099015634
GSM6339603	GCTAACAGTTGAAGCC-1	3238	3175	0.9805435453983941
GSM6339603	GCTAACAGTTGTGATG-1	2439	1999	0.8195981959819598
GSM6339603	GCTAACAGTTTAACCC-1	6300	6024	0.9561904761904761
GSM6339603	GCTAACCCAAGGTAAC-1	1692	1908	1.127659574468085
GSM6339603	GCTAACCCACCTATAG-1	2657	3075	1.1573202860368836
GSM6339603	GCTAACCCACTAAGTT-1	43829	46022	1.0500353647128613
GSM6339603	GCTAACCCAGCTAATT-1	631	733	1.161648177496038
GSM6339603	GCTAACCCATGAGTTT-1	515	526	1.021359223300971
GSM6339603	GCTAAGAAGCCACAAT-1	1891	2164	1.1443680592279217
GSM6339603	GCTAAGAAGCCTCTGT-1	17708	17587	0.9931669302010391
GSM6339603	GCTAAGAAGCCTGAGC-1	3313	3591	1.0839118623603985
GSM6339603	GCTAAGAAGCTCAAAC-1	863	858	0.9942062572421785
GSM6339603	GCTAAGAAGCTTGCTC-1	9148	7421	0.8112155662439877
GSM6339603	GCTAAGAAGTTGCCTC-1	1249	1191	0.9535628502802241
GSM6339603	GCTAAGCGTAGTAAGA-1	1520	2004	1.318421052631579
GSM6339603	GCTAAGCGTTAGCTGA-1	2624	2596	0.989329268292683
GSM6339603	GCTAAGCGTTCCTGTG-1	1819	1952	1.0731170973062123
GSM6339603	GCTAAGCGTTTACTTG-1	19285	26622	1.3804511278195488
GSM6339603	GCTAAGCGTTTGAGGC-1	22849	27146	1.188060746640991
GSM6339603	GCTAAGTTCAGCACCA-1	745	856	1.148993288590604
GSM6339603	GCTAAGTTCAGCCAAT-1	3525	4272	1.2119148936170212
GSM6339603	GCTAAGTTCATGTCAA-1	20209	23655	1.1705180860012865
GSM6339603	GCTAAGTTCATTGCGG-1	834	383	0.4592326139088729
GSM6339603	GCTAAGTTCCGCAAGC-1	2470	2511	1.0165991902834008
GSM6339603	GCTAAGTTCTAACTGA-1	397	511	1.2871536523929472
GSM6339603	GCTAAGTTCTATCGCC-1	30410	45310	1.489970404472213
GSM6339603	GCTAATATCACCTGCT-1	3002	2685	0.8944037308461026
GSM6339603	GCTAATATCCAAGTGT-1	1096	945	0.8622262773722628
GSM6339603	GCTAATATCGATTATG-1	1510	1459	0.9662251655629139
GSM6339603	GCTAATATCGCAATCG-1	1468	1668	1.1362397820163488
GSM6339603	GCTAATATCGTTTCTG-1	5688	8275	1.454817158931083
GSM6339603	GCTAATATCTTGTTCG-1	3285	3029	0.9220700152207002
GSM6339603	GCTAGCCAGCACAGCC-1	1848	909	0.49188311688311687
GSM6339603	GCTAGCCAGCATGTTA-1	3414	3453	1.0114235500878734
GSM6339603	GCTAGCCAGCCGCAAC-1	792	837	1.0568181818181819
GSM6339603	GCTAGCCAGCCTGAGC-1	7062	5032	0.712546020957236
GSM6339603	GCTAGCCAGCTTCCCG-1	2356	2623	1.1133276740237692
GSM6339603	GCTAGCCAGGAACCGG-1	4581	5497	1.1999563414101724
GSM6339603	GCTAGCCAGGACCTGC-1	25343	26183	1.033145247208302
GSM6339603	GCTAGCCAGTTAGGCT-1	2355	2482	1.053927813163482
GSM6339603	GCTAGCGGTCCCGAAG-1	1429	1463	1.0237928621413577
GSM6339603	GCTAGCGGTGACATAT-1	25804	33042	1.2804991474190048
GSM6339603	GCTAGCGGTTAACGGC-1	1699	1599	0.9411418481459682
GSM6339603	GCTAGCGGTTAGGACC-1	1183	1147	0.9695688926458157
GSM6339603	GCTAGCTCAATTTGGT-1	25406	39198	1.542863890419586
GSM6339603	GCTAGCTCAGCAGGTA-1	5746	6799	1.1832579185520362
GSM6339603	GCTAGCTCAGGCCTTG-1	1387	1663	1.1989906272530642
GSM6339603	GCTAGCTCAGTAGCCT-1	2094	2352	1.1232091690544412
GSM6339603	GCTAGCTCAGTTAGCC-1	5742	6645	1.157262277951933
GSM6339603	GCTAGCTCATCAGCAC-1	428	556	1.2990654205607477
GSM6339603	GCTAGTGTCAAGTGAG-1	885	1102	1.2451977401129943
GSM6339603	GCTAGTGTCCCGTTAC-1	4388	5081	1.1579307201458524
GSM6339603	GCTAGTGTCCGCCTCA-1	5043	5623	1.1150109062066231
GSM6339603	GCTAGTGTCGGTTTCC-1	23154	24382	1.0530361924505485
GSM6339603	GCTAGTGTCTTTGAGA-1	12070	9746	0.8074565037282518
GSM6339603	GCTATAGGTAGGTGTC-1	15004	15142	1.0091975473207144
GSM6339603	GCTATAGGTCAGTAAT-1	9382	7121	0.7590066083990621
GSM6339603	GCTATAGGTCTTTGAC-1	1845	1757	0.9523035230352304
GSM6339603	GCTATAGGTTCACTGT-1	1360	1313	0.9654411764705882
GSM6339603	GCTATAGGTTCTTTAG-1	8955	10838	1.2102735901730877
GSM6339603	GCTATCCTCATGCCTC-1	8281	5584	0.6743146962927182
GSM6339603	GCTATCCTCTATCGCC-1	18412	18672	1.0141212252878558
GSM6339603	GCTATCCTCTGCAAGT-1	813	948	1.1660516605166051
GSM6339603	GCTATCCTCTTGCAGG-1	5073	5129	1.0110388330376503
GSM6339603	GCTATTGCAAAGCGCA-1	1717	1763	1.0267909143855563
GSM6339603	GCTATTGCAAAGGCCA-1	2042	2329	1.1405484818805094
GSM6339603	GCTATTGCAAGACTCC-1	856	984	1.1495327102803738
GSM6339603	GCTATTGCACGAACAG-1	30597	26604	0.8694970095107364
GSM6339603	GCTATTGCACTAAGTT-1	1364	1365	1.000733137829912
GSM6339603	GCTATTGCACTGACTA-1	1037	1051	1.013500482160077
GSM6339603	GCTATTGCAGCAAGTG-1	3018	3439	1.1394963552021207
GSM6339603	GCTATTGCAGCCGCTA-1	4312	4098	0.9503710575139147
GSM6339603	GCTATTGCATCGTTCT-1	2461	2299	0.934173100365705
GSM6339603	GCTCAACCAACTAGAA-1	5010	5410	1.0798403193612773
GSM6339603	GCTCAACCACCAAAGG-1	2597	3189	1.2279553330766269
GSM6339603	GCTCAACCACCAGGTT-1	13963	13859	0.9925517438945786
GSM6339603	GCTCAACCACCTGCCT-1	9412	12151	1.2910114747131323
GSM6339603	GCTCAACCAGAAATTG-1	3637	4915	1.351388507011273
GSM6339603	GCTCAACCAGCATGTC-1	3153	3547	1.1249603552172533
GSM6339603	GCTCAACCAGCCTAAC-1	31350	45892	1.463859649122807
GSM6339603	GCTCAACCAGCTTAAT-1	8462	6023	0.7117702670763413
GSM6339603	GCTCAACCATAAGCAA-1	3809	4737	1.243633499606196
GSM6339603	GCTCAACCATAAGTCT-1	11875	11450	0.9642105263157895
GSM6339603	GCTCACAAGAGGCTAA-1	3692	4215	1.1416576381365113
GSM6339603	GCTCACAAGCATGCAT-1	6566	7163	1.0909229363387145
GSM6339603	GCTCACAAGGTCTTGG-1	13724	13159	0.9588312445351209
GSM6339603	GCTCACAAGTGAAGTG-1	1177	1068	0.907391673746814
GSM6339603	GCTCATTGTGGACCTG-1	3766	4135	1.0979819437068508
GSM6339603	GCTCATTGTTAACGGC-1	18460	23289	1.2615926327193934
GSM6339603	GCTCATTGTTATAGCG-1	1143	721	0.6307961504811899
GSM6339603	GCTCATTGTTGTTCAC-1	9350	6914	0.7394652406417113
GSM6339603	GCTCCTTAGCAAGGTA-1	454	422	0.9295154185022027
GSM6339603	GCTCCTTAGCTGTCAG-1	1972	2411	1.2226166328600405
GSM6339603	GCTCCTTAGCTTGCTC-1	22904	28577	1.2476859937128886
GSM6339603	GCTCCTTAGGAAACTG-1	1793	2160	1.2046848856664807
GSM6339603	GCTCCTTAGGCAATAG-1	5434	4303	0.7918660287081339
GSM6339603	GCTCCTTAGTTCCCGT-1	5974	7546	1.2631402745229328
GSM6339603	GCTCGATCACAAAGCG-1	912	1033	1.1326754385964912
GSM6339603	GCTCGATCACCTCAGG-1	830	863	1.0397590361445783
GSM6339603	GCTCTGGCAAACCTTG-1	1979	2284	1.1541182415361293
GSM6339603	GCTCTGGCACGAATTT-1	35950	50952	1.4173018080667594
GSM6339603	GCTCTGGCACTGACTA-1	2365	2576	1.0892177589852008
GSM6339603	GCTCTGGCAGCCAGTT-1	19962	19938	0.9987977156597535
GSM6339603	GCTCTGGCAGGCTACT-1	25567	30753	1.2028395979191928
GSM6339603	GCTCTGGCAGTTTCTC-1	3133	3713	1.1851260772422598
GSM6339603	GCTCTGGCATTATGGT-1	2393	2638	1.1023819473464271
GSM6339603	GCTCTGTTCAGCACGC-1	440	567	1.2886363636363636
GSM6339603	GCTCTGTTCATCCTGC-1	16063	17361	1.0808068231339103
GSM6339603	GCTCTGTTCATGACCG-1	460	460	1.0
GSM6339603	GCTCTGTTCCTCAGTC-1	32709	35182	1.0756061022960042
GSM6339603	GCTGACATCCCTGATC-1	3029	3280	1.0828656322218555
GSM6339603	GCTGACATCGCTATAA-1	1102	1289	1.1696914700544465
GSM6339603	GCTGACATCGTTATAG-1	2835	3140	1.1075837742504409
GSM6339603	GCTGACATCGTTTCTG-1	35397	42912	1.2123061276379354
GSM6339603	GCTGACATCTCCATGC-1	6519	7034	1.0789998466022397
GSM6339603	GCTGACCAGCGGATAA-1	1769	1679	0.9491237987563595
GSM6339603	GCTGACCAGTAATCCA-1	1354	1461	1.0790251107828657
GSM6339603	GCTGACCAGTTGTCAA-1	16145	20463	1.2674512232889439
GSM6339603	GCTGAGGAGCTTAGTA-1	11480	9357	0.8150696864111499
GSM6339603	GCTGAGGAGGATAAAC-1	1024	1057	1.0322265625
GSM6339603	GCTGAGGAGTTTGGTA-1	954	1045	1.0953878406708595
GSM6339603	GCTGATCCAGTTATCG-1	4185	4728	1.1297491039426524
GSM6339603	GCTGCAATCAGCACGC-1	11570	9938	0.8589455488331893
GSM6339603	GCTGCAATCCTTGTTG-1	10669	8853	0.8297872340425532
GSM6339603	GCTGCAATCGCTATAA-1	1408	1610	1.1434659090909092
GSM6339603	GCTGCAATCGGGCCAT-1	24096	32185	1.3356988711819389
GSM6339603	GCTGCAATCTTAGCCC-1	1564	1523	0.9737851662404092
GSM6339603	GCTGCACAGCAAGGTA-1	1035	1127	1.0888888888888888
GSM6339603	GCTGCACAGCAATAGG-1	23071	35050	1.519223267305275
GSM6339603	GCTGCACAGCTACTGG-1	22652	30530	1.3477838601447996
GSM6339603	GCTGCACAGGTCCTGA-1	1427	864	0.6054660126138752
GSM6339603	GCTGCACAGTTGCGTG-1	1978	2176	1.1001011122345803
GSM6339603	GCTGCATCAAACGGGC-1	7514	7650	1.0180995475113122
GSM6339603	GCTGCATCAACGTGCT-1	3744	4088	1.0918803418803418
GSM6339603	GCTGCATCACAATACT-1	32509	41627	1.2804761758282321
GSM6339603	GCTGCATCACAATGTT-1	15788	14279	0.9044210793007348
GSM6339603	GCTGCATCAGGGAGCT-1	13945	15991	1.1467192542129796
GSM6339603	GCTGGATGTAGGATTT-1	2586	2818	1.0897138437741687
GSM6339603	GCTGGATGTCTTTGAC-1	6452	6283	0.9738065716057036
GSM6339603	GCTGGATGTGGGTGAA-1	6158	8379	1.3606690483923352
GSM6339603	GCTGGATGTTAACGAT-1	7043	4714	0.6693170523924464
GSM6339603	GCTGGATGTTACATCC-1	2122	1832	0.8633364750235627
GSM6339603	GCTGGATGTTGCAATG-1	27415	38114	1.3902608061280322
GSM6339603	GCTGGTTCAAGTGAAC-1	3255	3136	0.9634408602150538
GSM6339603	GCTGGTTCATTATGGT-1	761	903	1.1865965834428385
GSM6339603	GCTGTAAGTAGACAAA-1	3184	3566	1.1199748743718594
GSM6339603	GCTGTAAGTATCTGGA-1	2433	2964	1.218249075215783
GSM6339603	GCTGTAAGTCAATGTG-1	929	1116	1.201291711517761
GSM6339603	GCTGTAAGTCACCAAA-1	26845	33571	1.2505494505494505
GSM6339603	GCTGTAAGTGACATAT-1	1095	1153	1.0529680365296803
GSM6339603	GCTGTAAGTGTCCAGG-1	1327	1336	1.0067822155237378
GSM6339603	GCTGTAAGTGTCCTGC-1	941	944	1.0031880977683316
GSM6339603	GCTGTACCAAAGCCTC-1	2150	1658	0.7711627906976745
GSM6339603	GCTGTACCAAATATCC-1	2517	2691	1.069129916567342
GSM6339603	GCTGTACCACCTAAGC-1	4570	5583	1.2216630196936542
GSM6339603	GCTGTACCAGCCTGCA-1	12351	11598	0.9390332766577605
GSM6339603	GCTGTACCAGGCAAGC-1	5024	6003	1.1948646496815287
GSM6339603	GCTGTACCATCCCGCT-1	1602	1768	1.1036204744069913
GSM6339603	GCTGTACCATTAGCCA-1	7161	9086	1.2688172043010753
GSM6339603	GCTGTGATCAGCTAAC-1	2326	2438	1.048151332760103
GSM6339603	GCTGTGATCAGGGCCT-1	3401	3641	1.0705674801528962
GSM6339603	GCTGTGATCATCACTT-1	1040	890	0.8557692307692307
GSM6339603	GCTGTGATCATGCATA-1	4011	4555	1.1356270256793817
GSM6339603	GCTGTGATCATGCCTC-1	2211	1927	0.8715513342379014
GSM6339603	GCTGTGATCATGGCTG-1	14685	14591	0.993598910452843
GSM6339603	GCTGTGATCCGTTAAA-1	5610	5042	0.8987522281639929
GSM6339603	GCTGTGATCCGTTATT-1	953	739	0.7754459601259182
GSM6339603	GCTGTGATCCTGATGG-1	8603	8801	1.0230152272463093
GSM6339603	GCTGTGATCGCGACAC-1	1992	2210	1.109437751004016
GSM6339603	GCTGTGATCGTAATCA-1	18271	16501	0.903125171036068
GSM6339603	GCTGTGATCTAAGGTC-1	14489	18327	1.2648906066671268
GSM6339603	GCTGTGATCTCACTAT-1	13696	12353	0.9019421728971962
GSM6339603	GCTGTGATCTCGACCT-1	1790	1695	0.946927374301676
GSM6339603	GCTGTGCAGCAAGACA-1	3886	4423	1.138188368502316
GSM6339603	GCTGTGCAGCACGATT-1	7922	8640	1.0906336783640496
GSM6339603	GCTGTGCAGCAGGTGG-1	16713	17015	1.01806976605038
GSM6339603	GCTGTGCAGTAACCAC-1	1245	1359	1.091566265060241
GSM6339603	GCTGTGCAGTGAGAGC-1	2054	2368	1.1528724440116844
GSM6339603	GCTTAAATCCGCACAA-1	34725	40591	1.1689272858171347
GSM6339603	GCTTAAATCCGCTAGA-1	1599	1588	0.9931207004377736
GSM6339603	GCTTAAATCCTAAGGT-1	4761	4821	1.0126023944549465
GSM6339603	GCTTAAATCCTTAGGG-1	3508	3486	0.9937286202964652
GSM6339603	GCTTAAATCGCTAAGT-1	2222	2420	1.0891089108910892
GSM6339603	GCTTAAATCTCTAGCC-1	24481	27810	1.1359830072300967
GSM6339603	GCTTAAATCTTGTCCA-1	14216	14881	1.0467782779966235
GSM6339603	GCTTAACAGACAGGCG-1	3002	3298	1.0986009327115256
GSM6339603	GCTTAACAGAGGAAGG-1	15585	15539	0.9970484440166827
GSM6339603	GCTTAACAGCCATCAG-1	4759	5916	1.2431183021643202
GSM6339603	GCTTAACAGCCGCTAA-1	1381	1221	0.8841419261404779
GSM6339603	GCTTAACAGGCGCTTA-1	12190	13335	1.093929450369155
GSM6339603	GCTTAACAGGTCGATT-1	17047	17793	1.0437613656361824
GSM6339603	GCTTAACAGTAACCAC-1	3092	3151	1.0190815006468306
GSM6339603	GCTTAACAGTGAACGA-1	1819	1664	0.9147883452446399
GSM6339603	GCTTAACAGTTTGCGG-1	22897	16795	0.7335022055291086
GSM6339603	GCTTAACAGTTTGGTA-1	35050	48170	1.3743223965763196
GSM6339603	GCTTACCTCAGCACCA-1	518	511	0.9864864864864865
GSM6339603	GCTTACCTCCTAAATG-1	22423	21022	0.937519511216162
GSM6339603	GCTTACCTCCTACCTA-1	4672	9793	2.0961044520547945
GSM6339603	GCTTACCTCCTAGTAA-1	1381	1635	1.1839246922519913
GSM6339603	GCTTACCTCCTTAGTT-1	10921	9790	0.8964380551231572
GSM6339603	GCTTACCTCGGGACCT-1	28609	44988	1.5725121465273166
GSM6339603	GCTTACCTCTTGAGCG-1	7974	9212	1.1552545773764735
GSM6339603	GCTTACCTCTTGCAAA-1	1235	1514	1.225910931174089
GSM6339603	GCTTAGTAGACACCGC-1	31004	43965	1.4180428331828152
GSM6339603	GCTTAGTAGACTTATG-1	17980	21791	1.2119577308120133
GSM6339603	GCTTAGTAGCCTGTGA-1	1824	1962	1.075657894736842
GSM6339603	GCTTAGTAGCTATGAC-1	2611	2876	1.1014936805821525
GSM6339603	GCTTAGTAGGACCTGC-1	1488	1912	1.2849462365591398
GSM6339603	GCTTAGTAGTTAGAGG-1	1142	1133	0.9921190893169878
GSM6339603	GCTTATCGTATTTGCC-1	4314	4094	0.9490032452480297
GSM6339603	GCTTATCGTTAATGCG-1	3493	3195	0.9146865158889207
GSM6339603	GCTTATCGTTGGTTCT-1	727	738	1.015130674002751
GSM6339603	GCTTCGCGTACAAAGA-1	6205	4572	0.7368251410153103
GSM6339603	GCTTCGCGTACTGAAT-1	1800	2013	1.1183333333333334
GSM6339603	GCTTCGCGTCAAGTAT-1	8101	7751	0.9567954573509443
GSM6339603	GCTTCGCGTGTCACGG-1	14452	14371	0.99439523941323
GSM6339603	GCTTCGCGTTAAGGTT-1	449	457	1.017817371937639
GSM6339603	GCTTGACCACAGGAAT-1	1195	1330	1.112970711297071
GSM6339603	GCTTGACCAGGCGAGT-1	2410	2593	1.0759336099585062
GSM6339603	GCTTGACCATAAGGAC-1	1049	1281	1.221163012392755
GSM6339603	GCTTGACCATCCCTCA-1	28675	28297	0.9868177855274629
GSM6339603	GCTTGTTGTCATCAAG-1	20865	17421	0.8349388928828181
GSM6339603	GCTTGTTGTGAGCACT-1	17936	16720	0.9322033898305084
GSM6339603	GCTTGTTGTGTTTCAC-1	608	709	1.1661184210526316
GSM6339603	GCTTGTTGTTCCGGGA-1	39591	33506	0.8463034528049305
GSM6339603	GCTTGTTGTTGGATAT-1	27589	23423	0.8489977889738664
GSM6339603	GCTTGTTGTTTAAAGC-1	1114	1332	1.1956912028725315
GSM6339603	GCTTGTTGTTTAGCTC-1	1138	1242	1.0913884007029877
GSM6339603	GCTTTACGTACCGAAC-1	2746	2872	1.0458849235251275
GSM6339603	GCTTTACGTCAGTAAT-1	4205	4630	1.1010701545778834
GSM6339603	GCTTTACGTCATCATC-1	1340	1379	1.0291044776119402
GSM6339603	GCTTTACGTGTTGCAA-1	936	911	0.9732905982905983
GSM6339603	GCTTTACGTTCATTTG-1	13818	12555	0.9085974815458098
GSM6339603	GCTTTACGTTTGTGGA-1	3483	3636	1.0439276485788114
GSM6339603	GCTTTATTCTCAATAG-1	18411	22446	1.219162457226658
GSM6339603	GCTTTATTCTCGACCT-1	2946	3401	1.1544467073998643
GSM6339603	GCTTTCATCCCTCAGT-1	1094	1087	0.993601462522852
GSM6339603	GCTTTCATCGACAAAG-1	868	1122	1.292626728110599
GSM6339603	GCTTTCATCGCCTAAG-1	17926	19673	1.097456208858641
GSM6339603	GCTTTCATCTCATCAT-1	5356	6065	1.1323749066467512
GSM6339603	GCTTTCATCTCGCCCA-1	630	506	0.8031746031746032
GSM6339603	GCTTTGTGTAATGACT-1	37334	56689	1.518428242352815
GSM6339603	GCTTTGTGTACAATGT-1	1734	1780	1.0265282583621684
GSM6339603	GCTTTGTGTACCAGGT-1	3397	3489	1.0270827200471004
GSM6339603	GCTTTGTGTATGGTGC-1	965	892	0.9243523316062177
GSM6339603	GCTTTGTGTGCGCATG-1	29730	30831	1.0370332996972755
GSM6339603	GCTTTGTGTTAAATGC-1	6207	7308	1.1773803769937168
GSM6339603	GCTTTGTGTTAAGTGT-1	692	614	0.8872832369942196
GSM6339603	GCTTTGTGTTGCGCGA-1	23411	29278	1.2506086882234846
GSM6339603	GCTTTGTGTTGTGATG-1	4663	5160	1.1065837443705768
GSM6339603	GCTTTGTGTTTCAGGA-1	14247	12943	0.9084719590089142
GSM6339603	GGAAACTCAATATAGG-1	756	708	0.9365079365079365
GSM6339603	GGAAACTCAATTATGC-1	2531	1375	0.5432635322007112
GSM6339603	GGAAACTCACTGGCCA-1	2055	2361	1.148905109489051
GSM6339603	GGAAACTCATTGTCCT-1	30513	41865	1.3720381476747616
GSM6339603	GGAACAATCACGTTAA-1	1273	1509	1.185388845247447
GSM6339603	GGAACAATCAGAAACG-1	1428	1596	1.1176470588235294
GSM6339603	GGAACAATCAGGTCCA-1	3684	4015	1.0898479913137893
GSM6339603	GGAACAATCATGCGTG-1	1667	1738	1.0425914817036592
GSM6339603	GGAACAATCCGGTTGA-1	3018	3550	1.1762756792577866
GSM6339603	GGAACAATCCTTAAGA-1	1445	1689	1.1688581314878892
GSM6339603	GGAACAATCGGGACTC-1	29481	44743	1.5176893592483294
GSM6339603	GGAACAATCGGTTAGT-1	36251	59598	1.6440374058646658
GSM6339603	GGAACAATCTCCTCTT-1	1729	1957	1.1318681318681318
GSM6339603	GGAACCACAAGGTAAC-1	2165	1915	0.8845265588914549
GSM6339603	GGAACCACACCACAAC-1	6817	5763	0.8453865336658354
GSM6339603	GGAACCACAGGATGGC-1	8344	7379	0.8843480345158198
GSM6339603	GGAACCACATGCAACC-1	625	622	0.9952
GSM6339603	GGAACCTGTAAGGTTT-1	9931	7616	0.7668915517067768
GSM6339603	GGAACCTGTACCGGAT-1	1224	1347	1.1004901960784315
GSM6339603	GGAACCTGTCCGTGAG-1	2052	2634	1.2836257309941521
GSM6339603	GGAACCTGTGTGTCCC-1	2226	2665	1.197214734950584
GSM6339603	GGAACCTGTTAACACG-1	4984	6002	1.2042536115569824
GSM6339603	GGAACCTGTTGGTTCT-1	1278	1217	0.9522691705790297
GSM6339603	GGAACCTGTTTAACCC-1	32093	44201	1.3772785342598075
GSM6339603	GGAACCTGTTTGAGCA-1	719	659	0.9165507649513213
GSM6339603	GGAACGGTCTAAGTCA-1	10741	8837	0.8227353132855414
GSM6339603	GGAACGGTCTCACTAT-1	741	795	1.0728744939271255
GSM6339603	GGAACGGTCTCGCCTG-1	1811	1896	1.0469353948094975
GSM6339603	GGAACGGTCTGGCATG-1	440	481	1.0931818181818183
GSM6339603	GGAACTAAGAAAGCAT-1	17744	18054	1.0174706943192064
GSM6339603	GGAACTAAGATAACCC-1	1405	1473	1.0483985765124555
GSM6339603	GGAACTAAGCTCAATA-1	2306	2490	1.0797918473547268
GSM6339603	GGAACTAAGCTCCTAC-1	2750	3015	1.0963636363636364
GSM6339603	GGAACTAAGCTCGCTT-1	2455	2438	0.9930753564154786
GSM6339603	GGAACTAAGGACAACA-1	21934	28001	1.2766025348773593
GSM6339603	GGAACTAAGGCTTAGT-1	1179	1279	1.0848176420695506
GSM6339603	GGAACTAAGGGCTTAT-1	964	1006	1.0435684647302905
GSM6339603	GGAACTAAGTAACTCA-1	1053	1052	0.9990503323836657
GSM6339603	GGAACTAAGTTCCCGT-1	23111	21248	0.9193890355242093
GSM6339603	GGAACTAAGTTGGGCC-1	19836	26304	1.326073805202662
GSM6339603	GGAAGCTAGCTCCCTG-1	15060	13561	0.900464807436919
GSM6339603	GGAAGCTAGGATCACT-1	11457	8365	0.7301213232085189
GSM6339603	GGAAGCTAGGCTAATC-1	2094	2629	1.25549188156638
GSM6339603	GGAAGCTAGGTCAAAG-1	15366	11901	0.7745021475985943
GSM6339603	GGAAGCTAGTAACCCG-1	4059	5096	1.2554816457255482
GSM6339603	GGAAGCTAGTGAACGA-1	30229	37313	1.2343445036223495
GSM6339603	GGAAGCTAGTTTCCTG-1	23360	25226	1.0798801369863014
GSM6339603	GGAAGTATCACTTCAT-1	2542	2641	1.0389457120377656
GSM6339603	GGAAGTATCATCCACC-1	15258	11594	0.7598636780705204
GSM6339603	GGAAGTATCATTACGA-1	28888	28583	0.989441982830241
GSM6339603	GGAAGTATCCAGGTTG-1	6626	7062	1.0658013884696649
GSM6339603	GGAAGTATCCGCATGA-1	24168	30128	1.2466070837471037
GSM6339603	GGAAGTATCCGCCTCA-1	21718	21480	0.9890413481904411
GSM6339603	GGAAGTATCGTGCTTC-1	25022	32541	1.3004955639037648
GSM6339603	GGAAGTATCTTGCTAT-1	5004	6197	1.2384092725819345
GSM6339603	GGAATCTTCCCTGATC-1	3563	4410	1.237721021611002
GSM6339603	GGAATCTTCCCTGGTT-1	1580	1677	1.0613924050632912
GSM6339603	GGAATCTTCCGGGACT-1	2654	3095	1.166164280331575
GSM6339603	GGAATCTTCGCTATGG-1	3464	2714	0.7834872979214781
GSM6339603	GGAATCTTCGCTTGCT-1	1082	1151	1.0637707948243993
GSM6339603	GGAATCTTCTTAAGTG-1	2702	1372	0.5077720207253886
GSM6339603	GGAATCTTCTTCAATC-1	11206	14932	1.3325004461895413
GSM6339603	GGAATCTTCTTGCTAT-1	2837	2755	0.9710962284102925
GSM6339603	GGAATCTTCTTGTTCG-1	14391	12515	0.8696407476895281
GSM6339603	GGAATCTTCTTTGACT-1	1518	1709	1.1258234519104084
GSM6339603	GGACAGCCAAGGTCCT-1	4717	5319	1.127623489506042
GSM6339603	GGACAGCCAAGTTATC-1	30639	48439	1.5809589085805673
GSM6339603	GGACAGCCAATAGCAA-1	1617	1825	1.1286332714904144
GSM6339603	GGACAGCCAATAGCCC-1	2918	3234	1.1082933516106923
GSM6339603	GGACAGCCAATGAATG-1	18876	14203	0.7524369569824115
GSM6339603	GGACAGCCAATGCCTA-1	19169	23615	1.2319369815848504
GSM6339603	GGACAGCCACAGCCAT-1	1707	1728	1.0123022847100176
GSM6339603	GGACAGCCACTAGGTC-1	2279	2854	1.252303641948223
GSM6339603	GGACAGCCACTTGTTC-1	9500	8314	0.8751578947368421
GSM6339603	GGACAGCCAGGACCTT-1	25698	24812	0.9655226087633278
GSM6339603	GGACAGCCAGGATGGC-1	3385	3636	1.0741506646971934
GSM6339603	GGACAGCCATCCCGCT-1	702	844	1.2022792022792024
GSM6339603	GGACATAAGATAAAGC-1	5234	5302	1.0129919755445167
GSM6339603	GGACATAAGCAAGGGT-1	10116	8116	0.8022933965994464
GSM6339603	GGACATAAGCTAGAAG-1	899	766	0.8520578420467185
GSM6339603	GGACATAAGCTCAATA-1	1436	1472	1.0250696378830084
GSM6339603	GGACATAAGGCGCATC-1	2378	2179	0.9163162321278385
GSM6339603	GGACATAAGGTGAAAT-1	9151	8000	0.874221396568681
GSM6339603	GGACCGAAGGCTAAGA-1	16851	20199	1.1986825707673134
GSM6339603	GGACCGAAGGTCGAGG-1	13996	12788	0.9136896256073164
GSM6339603	GGACCGAAGTAGGCGG-1	2398	2485	1.03628023352794
GSM6339603	GGACCGAAGTGAGCAA-1	491	994	2.024439918533605
GSM6339603	GGACCTCAGCGGATTT-1	11207	8828	0.7877219594896047
GSM6339603	GGACCTCAGGGATTAG-1	1597	1094	0.6850344395742016
GSM6339603	GGACCTCAGTAAGTCC-1	1510	1630	1.0794701986754967
GSM6339603	GGACCTCAGTCATTTC-1	1213	1368	1.1277823577906019
GSM6339603	GGACCTCAGTCTTGAA-1	3173	3358	1.0583044437440907
GSM6339603	GGACCTCAGTTTGAGC-1	2981	3085	1.0348876216034888
GSM6339603	GGACGAAGTACGCGCA-1	896	980	1.09375
GSM6339603	GGACGAAGTCATCCTG-1	3078	3037	0.9866796621182586
GSM6339603	GGACGAAGTCCTAACT-1	561	492	0.8770053475935828
GSM6339603	GGACGAAGTGACCTGG-1	9942	8572	0.8622007644337155
GSM6339603	GGACGAAGTGTCCTGC-1	1433	1484	1.0355896720167481
GSM6339603	GGACGAAGTGTTGCAA-1	1598	1948	1.219023779724656
GSM6339603	GGACGAAGTTGGATCA-1	2135	2451	1.1480093676814989
GSM6339603	GGACGGATCACCTGTC-1	599	676	1.1285475792988313
GSM6339603	GGACGGATCACTAGGT-1	831	1290	1.552346570397112
GSM6339603	GGACGGATCCTAATAG-1	620	681	1.0983870967741935
GSM6339603	GGACGGATCTGGTCCT-1	9069	11245	1.2399382511853567
GSM6339603	GGACGGATCTTAGTCT-1	9524	6588	0.6917261654766904
GSM6339603	GGACTAAAGACACCGC-1	5397	5398	1.0001852881230313
GSM6339603	GGACTAAAGCGAAGTA-1	21731	22920	1.0547144632092402
GSM6339603	GGACTAAAGCTACTGG-1	13608	12172	0.8944738389182834
GSM6339603	GGACTAAAGCTGTAAC-1	6769	5153	0.7612645885655193
GSM6339603	GGACTAAAGTAACAGG-1	16431	16475	1.002677865011259
GSM6339603	GGACTAAAGTAGGATG-1	2640	2553	0.9670454545454545
GSM6339603	GGACTAAAGTCACTCC-1	35109	47827	1.3622432994388902
GSM6339603	GGACTAAAGTGAGCGG-1	1280	853	0.66640625
GSM6339603	GGACTAAAGTTTGAGC-1	20712	33543	1.6194959443800696
GSM6339603	GGAGCAAGTACCAGGT-1	24205	25565	1.0561867382772154
GSM6339603	GGAGCAAGTACGATTG-1	1199	919	0.7664720600500416
GSM6339603	GGAGCAAGTCAAACTG-1	6989	5287	0.7564744598655029
GSM6339603	GGAGCAAGTCCTTAGT-1	21318	19388	0.909466178816024
GSM6339603	GGAGCAAGTGAACAAA-1	3027	3505	1.1579121242153947
GSM6339603	GGAGCAAGTGCTCCAC-1	4276	4874	1.1398503274087932
GSM6339603	GGAGCAAGTGTTGCTT-1	28307	32723	1.1560038153107006
GSM6339603	GGAGCAAGTTAAGCCA-1	3302	3665	1.1099333737129013
GSM6339603	GGAGCAAGTTAGCCAA-1	932	1073	1.1512875536480687
GSM6339603	GGAGCAAGTTAGCTGA-1	25370	30144	1.1881750098541584
GSM6339603	GGAGCAAGTTCATTTG-1	2642	2921	1.1056018168054504
GSM6339603	GGAGCATAGCCTCTGT-1	13056	11658	0.8929227941176471
GSM6339603	GGAGCATAGCTAATTG-1	25717	33730	1.311583777267955
GSM6339603	GGAGCATAGGCGAATA-1	1810	1933	1.0679558011049723
GSM6339603	GGAGCATAGGTCGAGG-1	3204	3700	1.1548064918851435
GSM6339603	GGAGCATAGTAAGGGC-1	16060	15825	0.9853673723536738
GSM6339603	GGAGCATAGTCACTAA-1	14512	16997	1.1712375964718853
GSM6339603	GGAGCATAGTTCCCAC-1	21927	25175	1.1481278788707985
GSM6339603	GGAGCGATCCCTTGCG-1	495	462	0.9333333333333333
GSM6339603	GGAGCGATCCTAATAG-1	23692	29701	1.253629917271653
GSM6339603	GGAGCGATCGCTAAAC-1	1367	1516	1.1089978054133138
GSM6339603	GGAGCGATCGGCTATG-1	27995	31448	1.1233434541882479
GSM6339603	GGAGGTTAGAATGACG-1	1167	1192	1.0214224507283634
GSM6339603	GGAGGTTAGCGAGGTG-1	2534	2697	1.0643251775848461
GSM6339603	GGAGGTTAGGACACTT-1	2139	2375	1.1103319308087891
GSM6339603	GGAGGTTAGGCTTAAC-1	18065	18855	1.043730971491835
GSM6339603	GGAGGTTAGGGACGCA-1	3994	4179	1.0463194792188282
GSM6339603	GGAGGTTAGTAACGGA-1	2622	2555	0.9744469870327994
GSM6339603	GGAGGTTAGTAGAGGC-1	1020	1045	1.0245098039215685
GSM6339603	GGAGGTTAGTCTATGA-1	449	255	0.5679287305122495
GSM6339603	GGAGTCTGTCACACCC-1	10967	7825	0.7135041488100665
GSM6339603	GGAGTCTGTTCAAGAT-1	5237	4640	0.886003437082299
GSM6339603	GGAGTGAGTAATCACG-1	5555	4973	0.8952295229522952
GSM6339603	GGAGTGAGTACCGAAC-1	2420	2756	1.1388429752066116
GSM6339603	GGAGTGAGTAGGTTGC-1	4855	5847	1.2043254376930999
GSM6339603	GGAGTGAGTCAATACG-1	574	629	1.0958188153310104
GSM6339603	GGAGTGAGTCCGTAGG-1	2433	2646	1.0875462392108508
GSM6339603	GGAGTGAGTCCTTCAG-1	893	1018	1.1399776035834266
GSM6339603	GGAGTGAGTTGCACAA-1	543	397	0.7311233885819521
GSM6339603	GGAGTGAGTTTAACCC-1	21999	23341	1.0610027728533116
GSM6339603	GGAGTGAGTTTGTGGA-1	4902	5733	1.1695226438188495
GSM6339603	GGATAACCAAGCTAAA-1	1177	1095	0.9303313508920985
GSM6339603	GGATAACCAATTGCGC-1	2108	1631	0.773719165085389
GSM6339603	GGATAACCACTGGCCA-1	2113	2271	1.0747752011358258
GSM6339603	GGATAACCAGAATGAC-1	5288	5554	1.050302571860817
GSM6339603	GGATAACCAGCCGCTA-1	21809	33230	1.5236828832133522
GSM6339603	GGATAACCATCCCTCA-1	20119	16606	0.8253889358318008
GSM6339603	GGATAACCATTATGAC-1	1453	1521	1.0467997247075018
GSM6339603	GGATAACCATTTAAGC-1	6035	6518	1.08003314001657
GSM6339603	GGATACTTCATTAGCA-1	2034	2361	1.1607669616519174
GSM6339603	GGATACTTCCTAATAG-1	14272	9471	0.663607062780269
GSM6339603	GGATACTTCTAACTGA-1	12309	11864	0.9638475911934357
GSM6339603	GGATATTGTCATTGTC-1	15856	14126	0.8908930373360242
GSM6339603	GGATGAATCCCTGGAA-1	667	744	1.1154422788605698
GSM6339603	GGATGAATCCTGGCTT-1	5252	6330	1.2052551408987053
GSM6339603	GGATGAATCGGTAACT-1	1211	1452	1.199009083402147
GSM6339603	GGATGAATCGTTCACC-1	5237	5446	1.039908344472026
GSM6339603	GGATGAATCTAACTGA-1	499	586	1.1743486973947896
GSM6339603	GGATGAATCTTGTCTG-1	16101	19198	1.1923483013477423
GSM6339603	GGATGAATCTTGTTCG-1	2587	2703	1.0448395825280248
GSM6339603	GGATGGCCAAATTGCT-1	5400	4656	0.8622222222222222
GSM6339603	GGATGGCCAGGCTTGT-1	1268	1072	0.8454258675078864
GSM6339603	GGATGGCCAGTTTACG-1	761	593	0.7792378449408672
GSM6339603	GGATGGCCAGTTTCTC-1	1399	1319	0.9428162973552537
GSM6339603	GGATGGCCATGAATCT-1	2133	2341	1.097515236755743
GSM6339603	GGATGGCCATGCTATG-1	1691	1674	0.989946777054997
GSM6339603	GGATGGCCATGTCGCG-1	889	861	0.968503937007874
GSM6339603	GGATGTAAGGAGGCAT-1	2062	2516	1.2201745877788555
GSM6339603	GGATGTAAGGCAAGTA-1	2321	2514	1.083153813011633
GSM6339603	GGATGTAAGGCTAGAA-1	1832	1970	1.0753275109170306
GSM6339603	GGATGTAAGGGCCACT-1	29071	35611	1.2249664614220357
GSM6339603	GGATGTAAGGTAAGGC-1	471	446	0.9469214437367304
GSM6339603	GGATGTAAGGTGAAAT-1	41036	60633	1.4775562920362608
GSM6339603	GGATGTAAGTAGCCAT-1	20519	24361	1.1872410936205469
GSM6339603	GGATTATGTATTGTGG-1	463	480	1.0367170626349893
GSM6339603	GGATTATGTCAAGTAT-1	1152	1369	1.1883680555555556
GSM6339603	GGATTATGTGCTTTAC-1	1796	2196	1.22271714922049
GSM6339603	GGATTATGTGTTAAAC-1	1714	1776	1.0361726954492416
GSM6339603	GGATTATGTTTGGGTA-1	28145	37051	1.3164327589269853
GSM6339603	GGATTCAGTGCAATGC-1	1824	1083	0.59375
GSM6339603	GGATTCAGTTAGACCA-1	2986	2361	0.790689886135298
GSM6339603	GGATTGCGTCACCTAT-1	1369	1475	1.0774287801314828
GSM6339603	GGATTGCGTCGTTATC-1	2975	2616	0.879327731092437
GSM6339603	GGATTGCGTGAACAAA-1	17721	26058	1.4704587777213476
GSM6339603	GGATTGCGTGATGAGG-1	6056	7471	1.233652575957728
GSM6339603	GGATTGCGTGTTTGTC-1	3437	4185	1.2176316555135291
GSM6339603	GGATTGCGTTCCGGGA-1	15858	16740	1.0556186152099887
GSM6339603	GGATTGCGTTGCACGG-1	31180	26970	0.8649775497113534
GSM6339603	GGATTGCGTTTGGGTA-1	1726	1713	0.992468134414832
GSM6339603	GGATTTATCATCCTCA-1	520	521	1.001923076923077
GSM6339603	GGATTTATCATTGCGG-1	9616	8681	0.9027662229617305
GSM6339603	GGATTTATCCTACCTA-1	582	601	1.0326460481099657
GSM6339603	GGCAAATCACCAACCG-1	4328	4823	1.1143715341959335
GSM6339603	GGCAAATCACCCACAG-1	3043	2827	0.929017417022675
GSM6339603	GGCAAATCACCCTCAC-1	35795	37961	1.060511244587233
GSM6339603	GGCAAATCAGGCTTCG-1	20097	22920	1.1404687266756233
GSM6339603	GGCAAATCATCATGTG-1	843	799	0.9478054567022538
GSM6339603	GGCAAGCCAACTGGGA-1	1887	2181	1.1558028616852147
GSM6339603	GGCAAGCCACCTATAG-1	13147	11663	0.8871225374610178
GSM6339603	GGCAAGCCATCACTTC-1	4591	3503	0.7630145937704204
GSM6339603	GGCAAGCCATCCCTCA-1	464	409	0.8814655172413793
GSM6339603	GGCAAGCCATGTTGTG-1	1868	1844	0.987152034261242
GSM6339603	GGCAAGCCATTGCAGC-1	3010	3399	1.129235880398671
GSM6339603	GGCAATCGTTCATTTG-1	7268	4820	0.6631810676940011
GSM6339603	GGCAATCGTTGCTGGG-1	31511	41444	1.3152232553711403
GSM6339603	GGCAATCGTTGTTCAC-1	3394	3747	1.1040070713022982
GSM6339603	GGCAGGATCACCTGTC-1	12661	11587	0.915172577205592
GSM6339603	GGCAGGATCACTTTAC-1	30443	30238	0.9932661038662418
GSM6339603	GGCAGGATCAGCTAAC-1	7637	8369	1.0958491554275238
GSM6339603	GGCAGGATCCAATTAG-1	1389	1570	1.1303095752339813
GSM6339603	GGCAGGATCCTAATAG-1	2328	2483	1.0665807560137457
GSM6339603	GGCAGGATCCTCATCA-1	1554	1832	1.178893178893179
GSM6339603	GGCATGGAGATAAAGC-1	732	830	1.133879781420765
GSM6339603	GGCATGGAGATGCCTG-1	8821	6353	0.7202131277632922
GSM6339603	GGCATGGAGGCCTGGT-1	3431	3989	1.1626348003497522
GSM6339603	GGCATGGAGGCGAAAC-1	24955	31491	1.2619114405930676
GSM6339603	GGCATGGAGGCGCTAC-1	2167	2578	1.1896631287494233
GSM6339603	GGCATGGAGGTCTTGG-1	1536	1856	1.2083333333333333
GSM6339603	GGCATGGAGTATTGGC-1	4898	5842	1.1927317272356064
GSM6339603	GGCATTAGTCATGCCC-1	3158	3444	1.090563647878404
GSM6339603	GGCATTAGTCCTAACT-1	1588	1619	1.019521410579345
GSM6339603	GGCATTAGTGATGATT-1	3389	3453	1.0188846267335496
GSM6339603	GGCATTAGTTAAGTGT-1	1000	1145	1.145
GSM6339603	GGCATTAGTTAGGACC-1	15269	16582	1.0859912240487262
GSM6339603	GGCATTAGTTCCGCAC-1	765	852	1.1137254901960785
GSM6339603	GGCATTAGTTGAGCCG-1	3472	4318	1.243663594470046
GSM6339603	GGCATTGTCCTGGTGA-1	711	756	1.0632911392405062
GSM6339603	GGCATTGTCCTTAGGG-1	3609	4345	1.203934607924633
GSM6339603	GGCATTGTCGGGACCT-1	14060	12738	0.9059743954480797
GSM6339603	GGCATTGTCGGTTTGG-1	1021	947	0.9275220372184133
GSM6339603	GGCATTGTCTAGCTAA-1	581	540	0.9294320137693631
GSM6339603	GGCATTGTCTGCAACG-1	10614	8668	0.8166572451479178
GSM6339603	GGCATTGTCTTTAAGG-1	710	774	1.0901408450704226
GSM6339603	GGCCAACTCAAGTGTC-1	467	608	1.3019271948608138
GSM6339603	GGCCAACTCATGCTAA-1	4629	4263	0.9209332469215813
GSM6339603	GGCCAACTCATTGTTC-1	30919	38988	1.2609722177301983
GSM6339603	GGCCAACTCCTAATTC-1	10285	7668	0.7455517744287797
GSM6339603	GGCCAACTCGCTAGTG-1	484	574	1.1859504132231404
GSM6339603	GGCCAACTCGTAATCA-1	1290	1364	1.0573643410852713
GSM6339603	GGCCAACTCTAATCCT-1	546	461	0.8443223443223443
GSM6339603	GGCCAACTCTTTAGGA-1	1318	1474	1.118361153262519
GSM6339603	GGCCATCAGACAAGTG-1	14660	13862	0.9455661664392906
GSM6339603	GGCCATCAGCCGCAAC-1	4287	5068	1.1821786797294145
GSM6339603	GGCCATCAGCTTAACA-1	2454	2736	1.114914425427873
GSM6339603	GGCCATCAGGCTTAGT-1	495	526	1.0626262626262626
GSM6339603	GGCCATCAGGGACCTC-1	3057	2928	0.957801766437684
GSM6339603	GGCCGTTAGAATCGCT-1	1714	820	0.47841306884480744
GSM6339603	GGCCGTTAGACCATAC-1	4379	3255	0.7433203927837406
GSM6339603	GGCCGTTAGAGCAAGC-1	803	499	0.6214196762141968
GSM6339603	GGCCGTTAGATAGACG-1	4774	3522	0.737746124842899
GSM6339603	GGCCGTTAGCAAACCT-1	1840	1897	1.0309782608695652
GSM6339603	GGCCGTTAGCAAGGGT-1	2084	2309	1.1079654510556622
GSM6339603	GGCCGTTAGGCCTAAT-1	1919	1916	0.9984366857738406
GSM6339603	GGCCGTTAGGGCCATC-1	8472	8559	1.010269121813031
GSM6339603	GGCCGTTAGTTAGGCT-1	436	454	1.0412844036697249
GSM6339603	GGCCTAATCCAATAGC-1	1137	1359	1.195250659630607
GSM6339603	GGCCTAATCCCTTGCG-1	39128	52460	1.3407278675117562
GSM6339603	GGCCTAATCCTCACAC-1	2238	2587	1.1559428060768544
GSM6339603	GGCCTAATCCTTGCGT-1	26822	31076	1.1586011483110878
GSM6339603	GGCCTAATCGCCTAAG-1	1552	1943	1.2519329896907216
GSM6339603	GGCCTAATCTATGACA-1	20629	22491	1.0902612826603326
GSM6339603	GGCCTCTGTACAAAGA-1	17668	20259	1.1466493094860766
GSM6339603	GGCCTCTGTACGCGCA-1	19385	22981	1.1855042558679392
GSM6339603	GGCCTCTGTACTGAAT-1	4249	4740	1.1155566015533067
GSM6339603	GGCCTCTGTGGAAGGC-1	2012	2269	1.1277335984095427
GSM6339603	GGCCTCTGTGTGCACG-1	21401	20098	0.9391149946264193
GSM6339603	GGCCTTAAGACCATAC-1	9612	6701	0.6971493965875988
GSM6339603	GGCCTTAAGAGAGCCG-1	2617	2930	1.119602598395109
GSM6339603	GGCCTTAAGCGCATTG-1	12036	12285	1.0206879361914256
GSM6339603	GGCCTTAAGCGCCTTT-1	3109	3385	1.0887745255709231
GSM6339603	GGCCTTAAGGCTAGAA-1	22328	24243	1.085766750268721
GSM6339603	GGCCTTAAGGTACCGC-1	445	514	1.155056179775281
GSM6339603	GGCCTTAAGGTTAGCT-1	4236	4556	1.0755429650613786
GSM6339603	GGCCTTAAGTAACTCA-1	1339	1439	1.0746825989544435
GSM6339603	GGCCTTAAGTTAGTGC-1	1066	1310	1.2288930581613509
GSM6339603	GGCCTTAAGTTTGCGG-1	20760	19969	0.961897880539499
GSM6339603	GGCCTTCGTAACGTGC-1	1022	1009	0.987279843444227
GSM6339603	GGCCTTCGTCCTTAGT-1	714	483	0.6764705882352942
GSM6339603	GGCCTTCGTGTTGTAG-1	1564	1494	0.9552429667519181
GSM6339603	GGCCTTCGTTACAACG-1	2865	2491	0.8694589877835951
GSM6339603	GGCCTTCGTTCACCCA-1	1673	1892	1.1309025702331141
GSM6339603	GGCCTTCGTTCGCTCA-1	2044	1352	0.6614481409001957
GSM6339603	GGCGATACAAGTAAGC-1	2594	2951	1.1376252891287586
GSM6339603	GGCGATACACGAATCC-1	19875	19359	0.9740377358490566
GSM6339603	GGCGATACACTAAGTT-1	3942	4102	1.0405885337392187
GSM6339603	GGCGATACAGAAATGC-1	1115	1222	1.0959641255605381
GSM6339603	GGCGATACAGAGAGCC-1	2300	2765	1.2021739130434783
GSM6339603	GGCGCTAGTACGATTG-1	3940	3972	1.0081218274111674
GSM6339603	GGCGCTAGTAGTAAGA-1	13465	10271	0.7627924248050502
GSM6339603	GGCGCTAGTTGCACAA-1	9747	9825	1.008002462296091
GSM6339603	GGCGGTAAGACTATTG-1	5788	6644	1.147892190739461
GSM6339603	GGCGGTAAGCAGCTCA-1	808	668	0.8267326732673267
GSM6339603	GGCGGTAAGCGATACT-1	21800	24900	1.1422018348623852
GSM6339603	GGCGGTAAGGACCGCT-1	1480	1398	0.9445945945945946
GSM6339603	GGCGGTAAGGCGGATG-1	24326	23174	0.9526432623530379
GSM6339603	GGCGGTAAGGCTAGAA-1	3151	3482	1.1050460171374168
GSM6339603	GGCGGTAAGGCTTAAC-1	30720	36809	1.1982096354166667
GSM6339603	GGCGGTAAGGGATGCG-1	2965	2860	0.9645868465430016
GSM6339603	GGCGGTAAGTAGCGGG-1	2716	2800	1.0309278350515463
GSM6339603	GGCGGTAAGTCAGTAC-1	31148	40397	1.2969372030306923
GSM6339603	GGCGGTTTCATTGTTC-1	3399	4128	1.2144748455428067
GSM6339603	GGCGGTTTCCGCCAAA-1	1649	1632	0.9896907216494846
GSM6339603	GGCGGTTTCCTAATTC-1	19860	20084	1.0112789526686807
GSM6339603	GGCGGTTTCGAGCTAT-1	7559	5074	0.6712528112184152
GSM6339603	GGCGGTTTCGCGACAC-1	1294	1259	0.972952086553323
GSM6339603	GGCGGTTTCGTTACTT-1	2991	3144	1.0511534603811434
GSM6339603	GGCGGTTTCGTTTCCA-1	2670	3563	1.3344569288389514
GSM6339603	GGCGGTTTCTTTAAGG-1	976	1191	1.2202868852459017
GSM6339603	GGCGTTATCAATGAGG-1	2438	2347	0.9626743232157506
GSM6339603	GGCGTTATCGAGCAAA-1	3909	3576	0.9148119723714505
GSM6339603	GGCGTTATCGATTTGA-1	43477	41253	0.9488465165489799
GSM6339603	GGCGTTATCGGCCAGT-1	13469	15479	1.1492315687875863
GSM6339603	GGCGTTATCGGTAACT-1	9532	7571	0.7942719261435166
GSM6339603	GGCGTTATCGTTACTT-1	12723	22513	1.7694726086614792
GSM6339603	GGCGTTATCTAAGGAG-1	5113	5872	1.1484451398396245
GSM6339603	GGCTAGACAACCTGGT-1	630	821	1.3031746031746032
GSM6339603	GGCTAGACAATCCTGA-1	8374	8370	0.9995223310246
GSM6339603	GGCTAGACAATCTCTC-1	8808	9680	1.0990009082652135
GSM6339603	GGCTAGACAATTGAAG-1	1334	1325	0.9932533733133433
GSM6339603	GGCTAGACACCTAATG-1	3790	3910	1.0316622691292876
GSM6339603	GGCTAGACACCTCGCT-1	1076	962	0.8940520446096655
GSM6339603	GGCTAGACAGGCTTGT-1	1048	1251	1.1937022900763359
GSM6339603	GGCTAGACATCACTTC-1	8101	5849	0.7220096284409332
GSM6339603	GGCTAGACATCGCTTT-1	1768	1924	1.088235294117647
GSM6339603	GGCTAGACATTGTTGG-1	3041	2774	0.9121999342321605
GSM6339603	GGCTAGTGTACAAAGA-1	6668	7685	1.1525194961007799
GSM6339603	GGCTAGTGTATCTGGA-1	1599	1438	0.8993120700437773
GSM6339603	GGCTAGTGTCTTACTA-1	34961	40409	1.1558307828723435
GSM6339603	GGCTAGTGTTGGCCGA-1	10594	9203	0.8686992637341892
GSM6339603	GGCTATGTCAGCAAGA-1	11360	8907	0.7840669014084507
GSM6339603	GGCTATGTCATTGCAA-1	9916	8562	0.86345300524405
GSM6339603	GGCTATGTCCCTGATC-1	823	834	1.0133657351154313
GSM6339603	GGCTATGTCCCTGGTT-1	9079	8443	0.9299482321841612
GSM6339603	GGCTATGTCGGGCCAT-1	6119	6878	1.1240398757966987
GSM6339603	GGCTATGTCTCAATGA-1	1325	1414	1.0671698113207546
GSM6339603	GGCTATTAGCATTATG-1	5796	5874	1.0134575569358177
GSM6339603	GGCTATTAGCCTGTGA-1	1861	2162	1.1617409994626544
GSM6339603	GGCTATTAGGGTGAAC-1	5655	5503	0.9731211317418214
GSM6339603	GGCTATTAGGTTTGAC-1	10122	9709	0.9591977869986169
GSM6339603	GGCTATTAGTAGGCGG-1	1953	2097	1.0737327188940091
GSM6339603	GGCTCAATCAATGACC-1	3776	4528	1.1991525423728813
GSM6339603	GGCTCAATCATGAAGG-1	657	521	0.7929984779299848
GSM6339603	GGCTCAATCATGCTAA-1	30774	40387	1.3123740820172873
GSM6339603	GGCTCAATCATGCTCC-1	16236	16156	0.9950726779995073
GSM6339603	GGCTCAATCATTAGGC-1	2092	2918	1.3948374760994264
GSM6339603	GGCTCAATCCATAAGC-1	972	978	1.0061728395061729
GSM6339603	GGCTCAATCCGTTAAA-1	444	698	1.572072072072072
GSM6339603	GGCTCAATCGCACAAT-1	1887	2149	1.1388447270800213
GSM6339603	GGCTCAATCGGCTAGC-1	33045	42860	1.2970192162203056
GSM6339603	GGCTCACAGACCATAC-1	456	499	1.094298245614035
GSM6339603	GGCTCACAGCGAGGTG-1	2340	2527	1.0799145299145299
GSM6339603	GGCTCACAGGCTGTCA-1	2005	2031	1.0129675810473815
GSM6339603	GGCTCACAGGGACGCA-1	1535	1586	1.0332247557003258
GSM6339603	GGCTCACAGTCATTGA-1	21741	21145	0.9725863575732487
GSM6339603	GGCTGAGAGACTTACA-1	15369	15362	0.9995445377057713
GSM6339603	GGCTGAGAGCCAAATC-1	898	1086	1.2093541202672606
GSM6339603	GGCTGAGAGCGCCTTT-1	3060	3093	1.0107843137254902
GSM6339603	GGCTGAGAGCTAATTG-1	1173	1209	1.030690537084399
GSM6339603	GGCTGAGAGGAAGCTA-1	2580	2625	1.0174418604651163
GSM6339603	GGCTGAGAGGTTAGCT-1	3627	3635	1.0022056796250345
GSM6339603	GGCTGAGAGTCACGAT-1	1593	1359	0.8531073446327684
GSM6339603	GGCTGGTTCAAGGACA-1	2148	2161	1.0060521415270018
GSM6339603	GGCTGGTTCGGTCAGC-1	17218	18736	1.088163549773493
GSM6339603	GGCTGTCAGCATTTCT-1	4238	4956	1.169419537517697
GSM6339603	GGCTGTCAGCTAATTG-1	1394	1472	1.0559540889526542
GSM6339603	GGCTGTCAGGACGTAA-1	13082	13646	1.043112673903073
GSM6339603	GGCTGTCAGGATCACT-1	2803	2995	1.0684980378166251
GSM6339603	GGCTTAAGTAACCTAG-1	27960	37085	1.3263590844062947
GSM6339603	GGCTTAAGTAGACAAA-1	1718	1870	1.0884749708963912
GSM6339603	GGCTTAAGTCATCCTG-1	1111	1375	1.2376237623762376
GSM6339603	GGCTTAAGTTGCATCT-1	1918	2002	1.0437956204379562
GSM6339603	GGCTTAAGTTGGTTCT-1	996	1168	1.1726907630522088
GSM6339603	GGCTTAAGTTTATGGG-1	8767	7632	0.8705372419299646
GSM6339603	GGCTTCAAGCAGCTCA-1	30313	40887	1.348827235839409
GSM6339603	GGCTTCAAGCCAAATC-1	642	788	1.2274143302180685
GSM6339603	GGCTTCAAGCTTTGTT-1	34042	43101	1.2661124493273015
GSM6339603	GGCTTCAAGGATCACT-1	3241	3449	1.064177722925023
GSM6339603	GGCTTCAAGTCTATGA-1	5194	4423	0.8515594917212168
GSM6339603	GGCTTCAAGTTTGAGC-1	2824	2995	1.0605524079320112
GSM6339603	GGCTTCAAGTTTGTCT-1	3111	2844	0.914175506268081
GSM6339603	GGGAATATCACAGGAA-1	1030	1196	1.1611650485436893
GSM6339603	GGGAATATCCGGTTAG-1	8862	6157	0.6947641615888062
GSM6339603	GGGAATATCTAATCCT-1	829	868	1.0470446320868516
GSM6339603	GGGAGTAGTAATAGCT-1	2328	2337	1.0038659793814433
GSM6339603	GGGAGTAGTCACAGCG-1	23161	29614	1.2786149130003022
GSM6339603	GGGAGTAGTGATTTGG-1	856	948	1.1074766355140186
GSM6339603	GGGAGTAGTGTTAAAC-1	402	560	1.3930348258706469
GSM6339603	GGGATTAAGAGGGACT-1	20024	22328	1.115061925689173
GSM6339603	GGGATTAAGCATGAAG-1	1679	1854	1.1042287075640262
GSM6339603	GGGATTAAGCATGACT-1	473	592	1.251585623678647
GSM6339603	GGGATTAAGCTATTGA-1	1405	1535	1.092526690391459
GSM6339603	GGGATTAAGGTGCTGC-1	12613	15744	1.2482359470387696
GSM6339603	GGGATTAAGTGAACGA-1	3963	4622	1.1662881655311632
GSM6339603	GGGCAATAGCACCACA-1	18065	17709	0.9802933849986161
GSM6339603	GGGCAATAGGTTTGCG-1	2258	2433	1.0775022143489814
GSM6339603	GGGCAATAGTCAATCA-1	33816	44610	1.3191980127750178
GSM6339603	GGGCATGAGCACTTGG-1	19855	22237	1.1199697809116091
GSM6339603	GGGCATGAGGGATGAC-1	3352	2797	0.8344272076372315
GSM6339603	GGGCATTGTACTGATG-1	1967	1682	0.8551093035078801
GSM6339603	GGGCATTGTCACCAAA-1	1490	1606	1.0778523489932885
GSM6339603	GGGCATTGTCATCCTG-1	6366	7096	1.1146716933710337
GSM6339603	GGGCATTGTCCTAAGA-1	815	849	1.041717791411043
GSM6339603	GGGCATTGTGCTGGTG-1	9876	8595	0.8702916160388822
GSM6339603	GGGCATTGTGCTGTAA-1	15927	15217	0.9554216111006467
GSM6339603	GGGCATTGTGGGAACA-1	1595	1632	1.0231974921630094
GSM6339603	GGGCATTGTTAACACG-1	19971	16840	0.8432226728756698
GSM6339603	GGGCATTGTTGTTGGA-1	2843	3026	1.0643686246922266
GSM6339603	GGGCCTAGTAATGGAA-1	5313	5357	1.0082815734989647
GSM6339603	GGGCCTAGTAGGATCC-1	1108	1174	1.05956678700361
GSM6339603	GGGCCTAGTATTTGGG-1	13859	12653	0.9129807345407317
GSM6339603	GGGCCTAGTCAGGAAG-1	1487	1576	1.0598520511096168
GSM6339603	GGGCCTAGTCCGCTGT-1	8692	7372	0.8481362172112287
GSM6339603	GGGCCTAGTTGCGCGA-1	25636	25111	0.9795209861132782
GSM6339603	GGGCCTAGTTTGCTGT-1	585	651	1.1128205128205129
GSM6339603	GGGCGAATCATAGCCG-1	631	562	0.8906497622820919
GSM6339603	GGGCGAATCCCGTTGT-1	1865	2057	1.1029490616621984
GSM6339603	GGGCGAATCGCAAACT-1	18955	23738	1.2523344763914535
GSM6339603	GGGCGAATCTAACCTT-1	19014	20086	1.0563795098348585
GSM6339603	GGGCGAATCTGCAAGT-1	14636	15248	1.0418147034708938
GSM6339603	GGGCGAATCTTTGAGA-1	457	625	1.3676148796498906
GSM6339603	GGGCTAACAAAGGCCA-1	4046	4556	1.1260504201680672
GSM6339603	GGGCTAACAACACTTG-1	1574	1697	1.0781448538754765
GSM6339603	GGGCTAACAATTAACC-1	875	821	0.9382857142857143
GSM6339603	GGGCTAACAGGTTCAC-1	1129	1089	0.9645704162976085
GSM6339603	GGGCTAACATAATGTC-1	20104	19116	0.9508555511341027
GSM6339603	GGGCTAACATAATTGC-1	2043	1989	0.973568281938326
GSM6339603	GGGCTAACATCCCTCA-1	12467	10165	0.8153525306809979
GSM6339603	GGGCTAACATGTTTGG-1	5945	3719	0.6255677039529016
GSM6339603	GGGTATTTCACCTGTC-1	12006	10076	0.8392470431450941
GSM6339603	GGGTATTTCACGCATG-1	1796	2191	1.219933184855234
GSM6339603	GGGTATTTCATGAAGG-1	3848	4760	1.237006237006237
GSM6339603	GGGTATTTCATGCAAC-1	14875	16052	1.079126050420168
GSM6339603	GGGTATTTCCTCACTA-1	509	443	0.8703339882121808
GSM6339603	GGGTATTTCCTTGTTG-1	496	547	1.1028225806451613
GSM6339603	GGGTATTTCGATTTGA-1	661	612	0.9258698940998488
GSM6339603	GGGTATTTCGCTATGG-1	7189	5425	0.7546251217137293
GSM6339603	GGGTCAACAAACGGGC-1	23091	27090	1.1731843575418994
GSM6339603	GGGTCAACAATAATCC-1	1148	1223	1.0653310104529616
GSM6339603	GGGTCAACAGGAACTG-1	2790	3316	1.1885304659498208
GSM6339603	GGGTCAACATAGACCC-1	2394	2207	0.9218880534670009
GSM6339603	GGGTCAACATGTTGCA-1	2950	3643	1.234915254237288
GSM6339603	GGGTCAACATGTTGTG-1	4514	5509	1.2204253433761632
GSM6339603	GGGTCACTCATTGCGG-1	879	963	1.0955631399317407
GSM6339603	GGGTCACTCGTTCACC-1	8884	9912	1.115713642503377
GSM6339603	GGGTCACTCTGGCATG-1	5593	5767	1.0311103164670123
GSM6339603	GGGTCACTCTTGCAAA-1	484	627	1.2954545454545454
GSM6339603	GGGTGAAGTACGCGCA-1	3479	3887	1.117275079045703
GSM6339603	GGGTGAAGTACTGATG-1	1158	1343	1.1597582037996546
GSM6339603	GGGTGAAGTCCTTAGT-1	2089	1796	0.8597415031115366
GSM6339603	GGGTGAAGTTCATCTA-1	735	807	1.0979591836734695
GSM6339603	GGGTGAAGTTGCGGAT-1	1904	1772	0.930672268907563
GSM6339603	GGGTGTTGTCAGGCAT-1	7826	6441	0.8230258113979044
GSM6339603	GGGTGTTGTCCGTAGG-1	663	701	1.057315233785822
GSM6339603	GGGTGTTGTGCATTAG-1	5414	6108	1.1281861839674916
GSM6339603	GGGTGTTGTGGTGAGA-1	1293	1299	1.0046403712296983
GSM6339603	GGGTGTTGTTACTTGC-1	858	843	0.9825174825174825
GSM6339603	GGGTGTTGTTCAAGAT-1	3638	3945	1.0843870258383728
GSM6339603	GGGTGTTGTTGCATCT-1	4097	4070	0.9934098120576031
GSM6339603	GGGTGTTGTTGTAACG-1	536	501	0.9347014925373134
GSM6339603	GGGTGTTGTTGTTGGA-1	8074	4898	0.6066385930146148
GSM6339603	GGGTGTTGTTTCCTCC-1	1201	1065	0.8867610324729392
GSM6339603	GGGTTACGTCGTTATC-1	9713	10351	1.0656851642129106
GSM6339603	GGGTTACGTGGATGTC-1	844	908	1.0758293838862558
GSM6339603	GGGTTACGTGGATTGC-1	2736	3069	1.1217105263157894
GSM6339603	GGGTTACGTGTCCTGC-1	1202	1342	1.1164725457570714
GSM6339603	GGGTTACGTTGGATAT-1	23743	23390	0.9851324600935012
GSM6339603	GGGTTATTCAAGGACA-1	13732	11918	0.8678997960967084
GSM6339603	GGGTTATTCATAATCG-1	1211	1184	0.9777043765483072
GSM6339603	GGGTTATTCATGCTCC-1	27018	35092	1.298837811829151
GSM6339603	GGGTTATTCCCAGTAG-1	29425	34498	1.1724044180118947
GSM6339603	GGGTTATTCCTTAGGG-1	23962	21299	0.888865704031383
GSM6339603	GGGTTATTCGCTAAAC-1	1632	1633	1.0006127450980393
GSM6339603	GGGTTATTCGCTCACT-1	4158	5098	1.226070226070226
GSM6339603	GGGTTATTCTTGAGCG-1	4054	4725	1.1655155402072028
GSM6339603	GGGTTTCCAATAATGG-1	1340	1605	1.1977611940298507
GSM6339603	GGGTTTCCACAATTAC-1	1142	1408	1.2329246935201401
GSM6339603	GGGTTTCCACAGAAAC-1	1158	1224	1.0569948186528497
GSM6339603	GGGTTTCCACCCACAG-1	26675	30718	1.1515651358950327
GSM6339603	GGGTTTCCACCTCGCT-1	1290	1069	0.8286821705426357
GSM6339603	GGGTTTCCACCTGTAA-1	16820	21447	1.275089179548157
GSM6339603	GGGTTTCCACTGACTA-1	930	906	0.9741935483870968
GSM6339603	GGGTTTCCAGAAATGC-1	21395	23516	1.0991353119887823
GSM6339603	GGGTTTCCAGAGAGCC-1	16132	17368	1.0766179023059756
GSM6339603	GGGTTTCCATTAAGCT-1	7402	8299	1.121183463928668
GSM6339603	GGGTTTGTCCATCAGG-1	3584	3587	1.0008370535714286
GSM6339603	GGGTTTGTCCCGTTGT-1	40149	47882	1.1926075369249545
GSM6339603	GGGTTTGTCCTGGTCT-1	6279	7826	1.2463768115942029
GSM6339603	GGTAAACCAAAGCGCA-1	10939	8347	0.7630496389066642
GSM6339603	GGTAAACCACACAATT-1	1029	1165	1.1321671525753159
GSM6339603	GGTAAACCAGCCAGAA-1	1890	1812	0.9587301587301588
GSM6339603	GGTAAACCAGTTATCG-1	3274	3489	1.065668906536347
GSM6339603	GGTAACCGTAGCCTCC-1	571	634	1.1103327495621715
GSM6339603	GGTAACCGTCATTGAG-1	13107	16024	1.2225528343633174
GSM6339603	GGTAACCGTGAGGTGA-1	21387	26018	1.2165334081451349
GSM6339603	GGTAACCGTTACATCC-1	5621	5831	1.037359900373599
GSM6339603	GGTAACCGTTGCATCT-1	1413	1295	0.916489738145789
GSM6339603	GGTAACCGTTGTTGGA-1	2430	2522	1.0378600823045268
GSM6339603	GGTAACCGTTTAGCTC-1	1187	1374	1.1575400168491996
GSM6339603	GGTAACCGTTTGGGCG-1	41998	45260	1.0776703652554884
GSM6339603	GGTAACTTCACGCATG-1	6961	7621	1.0948139635109897
GSM6339603	GGTAACTTCACTAAGC-1	2848	3104	1.0898876404494382
GSM6339603	GGTAACTTCAGGAACA-1	13120	14240	1.0853658536585367
GSM6339603	GGTAACTTCATAATCG-1	1801	2012	1.1171571349250415
GSM6339603	GGTAACTTCCTAAATG-1	16883	17370	1.0288455843155837
GSM6339603	GGTAACTTCCTTGTTG-1	9968	7576	0.7600321027287319
GSM6339603	GGTAACTTCGATTATG-1	1177	1420	1.2064570943075617
GSM6339603	GGTAACTTCGGTAACT-1	23753	35537	1.4961057550625185
GSM6339603	GGTAACTTCTAGCGAT-1	477	533	1.1174004192872118
GSM6339603	GGTAACTTCTGTTCAT-1	2960	3201	1.081418918918919
GSM6339603	GGTAAGGGTAAACAAG-1	20074	17261	0.8598684865995816
GSM6339603	GGTAAGGGTCCTAAGA-1	2653	3091	1.165096117602714
GSM6339603	GGTAAGGGTCTTGCAT-1	678	699	1.0309734513274336
GSM6339603	GGTAAGGGTTGTGACA-1	7320	4220	0.5765027322404371
GSM6339603	GGTAAGGGTTTAGCGA-1	13616	11603	0.8521592244418331
GSM6339603	GGTAATTGTAGCTGGT-1	15045	16105	1.0704553007643736
GSM6339603	GGTAATTGTCCTTCTC-1	958	1182	1.2338204592901878
GSM6339603	GGTAATTGTTACCGGG-1	3454	3319	0.9609148812970469
GSM6339603	GGTAATTGTTAGTTGG-1	709	460	0.6488011283497884
GSM6339603	GGTACAAAGAGAAGGG-1	984	1053	1.0701219512195121
GSM6339603	GGTACAAAGCGCTCAA-1	2216	2529	1.141245487364621
GSM6339603	GGTACAAAGCTGGACC-1	38573	55504	1.438933969356804
GSM6339603	GGTACAAAGTAGCGCC-1	1879	2290	1.2187333688131985
GSM6339603	GGTACAAAGTGAACAG-1	2871	3132	1.0909090909090908
GSM6339603	GGTACAAAGTTCCCGT-1	13987	14787	1.0571959676842781
GSM6339603	GGTACAAAGTTGGGCC-1	796	1093	1.3731155778894473
GSM6339603	GGTACCGGTAACGTGC-1	6951	8172	1.1756581786793268
GSM6339603	GGTACCGGTCAAGTGC-1	1154	1287	1.1152512998266897
GSM6339603	GGTACCGGTCATCAAG-1	4531	5385	1.1884793643787244
GSM6339603	GGTACCGGTGGTTCTT-1	15008	10999	0.7328757995735607
GSM6339603	GGTACCGGTTACTTCA-1	11264	13323	1.1827947443181819
GSM6339603	GGTACCGGTTTGTTGC-1	23332	24469	1.0487313560774902
GSM6339603	GGTACTAGTAATCACG-1	3436	3867	1.1254365541327125
GSM6339603	GGTACTAGTCATGAGC-1	1637	1825	1.1148442272449604
GSM6339603	GGTACTAGTGGATGTC-1	1140	1299	1.1394736842105264
GSM6339603	GGTACTAGTTAAGCCA-1	1006	1083	1.0765407554671969
GSM6339603	GGTACTAGTTACGCGG-1	4352	5784	1.3290441176470589
GSM6339603	GGTACTTAGCATTAGC-1	4738	6259	1.321021528070916
GSM6339603	GGTACTTAGCTTCCCG-1	11312	10100	0.8928571428571429
GSM6339603	GGTACTTAGGCGGATG-1	11006	12379	1.1247501362892967
GSM6339603	GGTACTTAGTATTGGC-1	3680	3570	0.970108695652174
GSM6339603	GGTACTTAGTGAACCT-1	499	486	0.9739478957915831
GSM6339603	GGTAGGAGTCAAGTAT-1	14412	10514	0.7295309464335276
GSM6339603	GGTAGGAGTTAAGCCA-1	1030	1027	0.9970873786407767
GSM6339603	GGTAGGAGTTAGCGTA-1	2331	2486	1.0664950664950665
GSM6339603	GGTAGGAGTTATCGAG-1	25372	30573	1.2049897524830522
GSM6339603	GGTATGTTCACAGCCA-1	6767	4551	0.6725284468745382
GSM6339603	GGTATGTTCACCGGTA-1	3307	2182	0.6598125188993045
GSM6339603	GGTATGTTCATTATGG-1	2866	2328	0.8122819260293092
GSM6339603	GGTATGTTCCTTAGGG-1	13200	12284	0.9306060606060607
GSM6339603	GGTATTGGTACCGGAT-1	4133	3517	0.8509557222356642
GSM6339603	GGTATTGGTCCTCCAA-1	698	616	0.8825214899713467
GSM6339603	GGTATTGGTGATGAAA-1	11788	9106	0.7724804886325076
GSM6339603	GGTATTGGTTGTCATC-1	2038	1808	0.887144259077527
GSM6339603	GGTATTTCAATTGCGC-1	5542	5919	1.0680259833994947
GSM6339603	GGTATTTCACCGGTAT-1	1343	1380	1.0275502606105733
GSM6339603	GGTATTTCACTAGGTC-1	15150	12170	0.8033003300330033
GSM6339603	GGTATTTCACTATGGC-1	8143	5918	0.7267591796635147
GSM6339603	GGTATTTCAGCAGGTA-1	1483	1512	1.0195549561699258
GSM6339603	GGTATTTCAGCTAATT-1	32400	45027	1.3897222222222223
GSM6339603	GGTATTTCATCGCTTT-1	1709	2015	1.179052077238151
GSM6339603	GGTATTTCATGAAATG-1	7945	4824	0.6071743234738829
GSM6339603	GGTATTTCATTATGCG-1	3715	4546	1.2236877523553162
GSM6339603	GGTCAAGCAACAGGAT-1	2672	2829	1.0587574850299402
GSM6339603	GGTCAAGCAAGGTACG-1	11009	7730	0.702152784085748
GSM6339603	GGTCAAGCAAGGTGCA-1	1838	1633	0.8884657236126224
GSM6339603	GGTCAAGCAATTAGGA-1	5962	5207	0.8733646427373365
GSM6339603	GGTCAAGCAGACAAAC-1	930	885	0.9516129032258065
GSM6339603	GGTCAATTCACTTCAT-1	2056	2000	0.9727626459143969
GSM6339603	GGTCAATTCCCTGGTT-1	716	810	1.1312849162011174
GSM6339603	GGTCAATTCCGTAAAC-1	1166	1485	1.2735849056603774
GSM6339603	GGTCAATTCCTCGATC-1	2212	2000	0.9041591320072333
GSM6339603	GGTCAATTCGAGCAAA-1	2453	2606	1.0623726049735018
GSM6339603	GGTCAGGAGAGAAGGG-1	9392	10322	1.0990204429301533
GSM6339603	GGTCAGGAGCATGCAT-1	14389	16747	1.1638751824310236
GSM6339603	GGTCAGGAGCCAAATC-1	7386	7582	1.0265366910370972
GSM6339603	GGTCAGGAGCGTGCAC-1	750	845	1.1266666666666667
GSM6339603	GGTCAGGAGTTATGTG-1	1545	1827	1.1825242718446602
GSM6339603	GGTCATTAGCATGGTT-1	2905	3148	1.0836488812392426
GSM6339603	GGTCATTAGCTCATAA-1	16401	18096	1.1033473568684837
GSM6339603	GGTCATTAGGTTACGT-1	5703	6131	1.075048220234964
GSM6339603	GGTCATTAGTGAGCGG-1	4031	4486	1.1128752170677252
GSM6339603	GGTCCATCAAGGCCAA-1	3634	3434	0.9449642267473858
GSM6339603	GGTCCATCAATTAAGG-1	1693	1651	0.9751919669226226
GSM6339603	GGTCCATCAGGCTAGA-1	856	1017	1.1880841121495327
GSM6339603	GGTCCATCATAATTGC-1	1665	1502	0.9021021021021021
GSM6339603	GGTCCATCATGTCAGC-1	3296	2742	0.8319174757281553
GSM6339603	GGTCCGTAGAGGCTAA-1	2542	3054	1.2014162077104642
GSM6339603	GGTCCGTAGCATGGTT-1	6363	7494	1.1777463460631779
GSM6339603	GGTCCGTAGCTACTGG-1	531	671	1.2636534839924671
GSM6339603	GGTCCGTAGGAGCAAC-1	12675	11358	0.8960946745562131
GSM6339603	GGTCCGTAGTCACCAG-1	1413	1875	1.326963906581741
GSM6339603	GGTCCTGCACAAAGAC-1	596	583	0.9781879194630873
GSM6339603	GGTCCTGCACGGTTTA-1	2835	3272	1.1541446208112875
GSM6339603	GGTCCTGCATAATTGC-1	1239	1413	1.1404358353510895
GSM6339603	GGTCCTGCATAGACCC-1	27880	30255	1.0851865136298422
GSM6339603	GGTCGGTTCACACAGT-1	29002	34845	1.201468864216261
GSM6339603	GGTCGGTTCAGCCAAT-1	1474	1008	0.683853459972863
GSM6339603	GGTCGGTTCCCTCAAC-1	2243	2502	1.1154703522068659
GSM6339603	GGTCGGTTCCCTCTAA-1	16239	16988	1.0461235297740008
GSM6339603	GGTCGGTTCGATTCTT-1	3937	4782	1.2146304292608585
GSM6339603	GGTCGGTTCGCTATAA-1	2637	2979	1.129692832764505
GSM6339603	GGTCTTGAGAAACTGG-1	568	633	1.1144366197183098
GSM6339603	GGTCTTGAGCGGTTAT-1	1153	1051	0.9115351257588898
GSM6339603	GGTCTTGAGGATGATG-1	31672	32960	1.0406668350593584
GSM6339603	GGTCTTGAGTATTGCA-1	26819	31974	1.1922144748126329
GSM6339603	GGTCTTTGTCAAAGGG-1	9110	10135	1.1125137211855105
GSM6339603	GGTCTTTGTCAAGTGC-1	1475	1476	1.000677966101695
GSM6339603	GGTCTTTGTGATGAGG-1	37098	49454	1.33306377702302
GSM6339603	GGTCTTTGTGGTGAGA-1	916	887	0.9683406113537117
GSM6339603	GGTCTTTGTTCGCTTG-1	1516	1651	1.0890501319261214
GSM6339603	GGTCTTTGTTTAGCGA-1	1300	1383	1.0638461538461539
GSM6339603	GGTGAGCCACAATGTT-1	32532	28827	0.8861121357432682
GSM6339603	GGTGAGCCACAGAAAC-1	1172	1230	1.0494880546075085
GSM6339603	GGTGAGCCACATTAAC-1	1946	1982	1.0184994861253853
GSM6339603	GGTGAGCCAGAACCGA-1	34000	42694	1.2557058823529412
GSM6339603	GGTGAGCCAGCCAGTT-1	1366	1566	1.1464128843338213
GSM6339603	GGTGAGCCAGGATAAC-1	17964	22495	1.2522266755733689
GSM6339603	GGTGAGCCAGGCATCT-1	1285	1438	1.1190661478599222
GSM6339603	GGTGAGCCAGTAGCCT-1	1963	2314	1.1788079470198676
GSM6339603	GGTGAGCCATAAACCT-1	866	872	1.0069284064665127
GSM6339603	GGTGAGCCATCCAGGT-1	2575	3140	1.2194174757281553
GSM6339603	GGTGAGCCATGACTAT-1	3034	3493	1.1512854317732366
GSM6339603	GGTGAGCCATGTCAAT-1	1698	1583	0.9322732626619552
GSM6339603	GGTGAGGTCAACCAAC-1	19206	24708	1.2864729771946266
GSM6339603	GGTGAGGTCAAGTGTC-1	1956	2085	1.0659509202453987
GSM6339603	GGTGAGGTCATCCTCA-1	1151	1306	1.1346655082536925
GSM6339603	GGTGAGGTCCGGCTAA-1	2056	2351	1.1434824902723735
GSM6339603	GGTGAGGTCCGGTTGA-1	2180	2586	1.1862385321100917
GSM6339603	GGTGAGGTCTGCAAAC-1	3796	4079	1.0745521601685986
GSM6339603	GGTGAGGTCTGTTCAT-1	560	594	1.0607142857142857
GSM6339603	GGTGAGTAGAACAAGT-1	1768	2000	1.1312217194570136
GSM6339603	GGTGAGTAGAGCCGGA-1	8945	9773	1.0925656791503633
GSM6339603	GGTGAGTAGAGGAGTC-1	1211	1285	1.0611065235342692
GSM6339603	GGTGAGTAGCATGAAG-1	1462	1768	1.2093023255813953
GSM6339603	GGTGAGTAGCTCGCTT-1	2249	2517	1.1191640729212984
GSM6339603	GGTGAGTAGGAGGCAT-1	36638	37855	1.0332168786505813
GSM6339603	GGTGAGTAGGATGATG-1	2954	3122	1.0568720379146919
GSM6339603	GGTGAGTAGGTACCGC-1	1024	1358	1.326171875
GSM6339603	GGTGATTTCATGACCG-1	1442	1550	1.0748959778085991
GSM6339603	GGTGATTTCATTACTC-1	2037	2194	1.0770741286205203
GSM6339603	GGTGATTTCCAGGTCA-1	1220	1340	1.098360655737705
GSM6339603	GGTGATTTCCTAAATG-1	36544	57913	1.5847471541155866
GSM6339603	GGTGATTTCGCATTAA-1	2969	2996	1.009093971034018
GSM6339603	GGTGATTTCGCCTGTT-1	2740	2969	1.0835766423357664
GSM6339603	GGTGATTTCGGCTATG-1	1242	1261	1.0152979066022545
GSM6339603	GGTGATTTCTAGCGTG-1	4129	4923	1.192298377331073
GSM6339603	GGTGCTGGTCTATCGT-1	2742	2256	0.8227571115973742
GSM6339603	GGTGCTGGTGATTTGG-1	33796	46430	1.373831222629897
GSM6339603	GGTGCTGGTGGACCTG-1	6249	7092	1.1349015842534806
GSM6339603	GGTGCTGGTTTGAGGC-1	2953	2880	0.9752793769048426
GSM6339603	GGTGCTTCAAGGTGGC-1	2775	3087	1.1124324324324324
GSM6339603	GGTGCTTCAATAGCCC-1	1479	1577	1.066260987153482
GSM6339603	GGTGCTTCACACAATT-1	42139	48926	1.161062198913121
GSM6339603	GGTGCTTCACACCAAC-1	2082	2107	1.0120076849183477
GSM6339603	GGTGCTTCAGTTTCTC-1	10743	13101	1.219491762077632
GSM6339603	GGTGTCCAGAGAGCCG-1	2677	3148	1.1759432200224131
GSM6339603	GGTGTCCAGCACTAGT-1	1374	1630	1.1863173216885008
GSM6339603	GGTGTCCAGCCTTAAA-1	3052	3439	1.1268020969855832
GSM6339603	GGTGTCCAGGGACCTC-1	17179	18206	1.0597822923336633
GSM6339603	GGTGTGACAATCGCAC-1	830	718	0.8650602409638555
GSM6339603	GGTGTGACACAGGGAC-1	1372	1428	1.0408163265306123
GSM6339603	GGTGTGACATTAGGCC-1	997	966	0.9689067201604814
GSM6339603	GGTGTGACATTGTCCT-1	744	902	1.2123655913978495
GSM6339603	GGTGTGACATTGTGAT-1	644	638	0.9906832298136646
GSM6339603	GGTGTTGTCACTAATG-1	23318	25327	1.0861566172055923
GSM6339603	GGTGTTGTCAGCTAAC-1	1785	1527	0.8554621848739495
GSM6339603	GGTGTTGTCATGGTTA-1	3786	4690	1.2387744321183307
GSM6339603	GGTGTTGTCATTGCAA-1	2096	2133	1.0176526717557253
GSM6339603	GGTGTTGTCGCAGGCT-1	3689	4154	1.1260504201680672
GSM6339603	GGTGTTGTCGCGACAC-1	2444	3182	1.3019639934533551
GSM6339603	GGTGTTGTCGTTAGCG-1	9531	10730	1.125800020984157
GSM6339603	GGTGTTGTCTGCAACG-1	4650	5623	1.209247311827957
GSM6339603	GGTTAATGTAGCTGGT-1	13456	10290	0.7647146254458977
GSM6339603	GGTTAATGTCATAGAT-1	1467	1489	1.0149965916837083
GSM6339603	GGTTAATGTCGCAATA-1	479	574	1.198329853862213
GSM6339603	GGTTAATGTCTCACTG-1	11577	8477	0.7322276928392503
GSM6339603	GGTTAATGTGAATCGC-1	14674	11257	0.7671391576938803
GSM6339603	GGTTACCCACAATTAC-1	727	782	1.0756533700137552
GSM6339603	GGTTACCCACATTAAC-1	457	524	1.1466083150984683
GSM6339603	GGTTACTAGCAGGCCT-1	2447	2037	0.8324478953821005
GSM6339603	GGTTAGCGTCTAACAG-1	4099	4651	1.134666991949256
GSM6339603	GGTTAGCGTGCTGTAA-1	18598	22389	1.2038391224862888
GSM6339603	GGTTAGCGTTAGAGGG-1	1992	2579	1.2946787148594376
GSM6339603	GGTTAGCGTTAGCCAA-1	590	528	0.8949152542372881
GSM6339603	GGTTAGCGTTTATGGG-1	2479	2567	1.035498184751916
GSM6339603	GGTTAGCGTTTCCACG-1	1390	1243	0.8942446043165467
GSM6339603	GGTTATATCAAGCCTG-1	813	889	1.0934809348093482
GSM6339603	GGTTATATCCACCCTG-1	2676	2410	0.9005979073243647
GSM6339603	GGTTATATCCATTACT-1	17057	16167	0.9478220085595357
GSM6339603	GGTTATATCCTCCTAA-1	741	768	1.0364372469635628
GSM6339603	GGTTATGGTATTCGTC-1	30689	34297	1.1175665547916191
GSM6339603	GGTTATGGTCCTTTAA-1	860	991	1.1523255813953488
GSM6339603	GGTTATGGTTGGTTAG-1	15403	14591	0.9472829968188016
GSM6339603	GGTTATGGTTTGAGCA-1	824	806	0.9781553398058253
GSM6339603	GGTTCCCGTAGCTGCG-1	3405	2583	0.758590308370044
GSM6339603	GGTTCCCGTATTGGTG-1	1076	1312	1.2193308550185873
GSM6339603	GGTTCCCGTGAGAAAC-1	413	440	1.0653753026634383
GSM6339603	GGTTCCCGTGTCCTGC-1	2565	2584	1.0074074074074073
GSM6339603	GGTTCCCGTTAGGACC-1	794	735	0.9256926952141058
GSM6339603	GGTTCCCGTTGAGCCG-1	4348	4827	1.1101655933762649
GSM6339603	GGTTCCCGTTTAAAGC-1	1161	1265	1.0895779500430662
GSM6339603	GGTTCTTGTCACCTAT-1	2229	2599	1.1659937191565724
GSM6339603	GGTTCTTGTCTATCGT-1	1452	1610	1.1088154269972452
GSM6339603	GGTTCTTGTGATTACG-1	4096	3513	0.857666015625
GSM6339603	GGTTCTTGTGGAGCAA-1	7098	4810	0.6776556776556777
GSM6339603	GGTTCTTGTTAAGGCC-1	824	809	0.9817961165048543
GSM6339603	GGTTCTTGTTGGATCA-1	4108	4982	1.2127555988315482
GSM6339603	GGTTGACGTGCCGCAA-1	3089	3172	1.026869537067012
GSM6339603	GGTTGACGTTAGTTGG-1	1104	491	0.4447463768115942
GSM6339603	GGTTGAGCAAATTCGT-1	29587	34175	1.155068104234968
GSM6339603	GGTTGAGCAACACCTA-1	9085	6615	0.7281232801320858
GSM6339603	GGTTGAGCACTTACAG-1	5170	5961	1.1529980657640233
GSM6339603	GGTTGAGCAGGCGAGT-1	4756	3622	0.7615643397813289
GSM6339603	GGTTGAGCAGTAAAGC-1	1686	1760	1.0438908659549229
GSM6339603	GGTTGAGCATAAGCAA-1	780	878	1.1256410256410256
GSM6339603	GGTTGAGCATAATTGC-1	28823	40135	1.392464351386046
GSM6339603	GGTTGAGCATAGCGAG-1	3538	4019	1.135952515545506
GSM6339603	GGTTGAGCATAGCTTG-1	718	696	0.9693593314763231
GSM6339603	GGTTGAGCATGAAATG-1	11892	15709	1.3209720820719812
GSM6339603	GGTTGAGCATTGCAGC-1	517	504	0.9748549323017408
GSM6339603	GGTTGAGCATTGTGGC-1	7923	6814	0.8600277672598763
GSM6339603	GGTTGCATCAATACGC-1	12230	12369	1.0113654946852004
GSM6339603	GGTTGCATCATAGACC-1	1489	1603	1.0765614506380121
GSM6339603	GGTTGCATCCCTTGCG-1	2269	2192	0.9660643455266638
GSM6339603	GGTTGCATCCGCAAGC-1	35888	46469	1.294833927775301
GSM6339603	GGTTGCATCCTCAGTC-1	9090	7251	0.7976897689768977
GSM6339603	GGTTGCATCCTGAGTG-1	7718	10120	1.3112205234516714
GSM6339603	GGTTGCATCGGGACCT-1	1268	1205	0.9503154574132492
GSM6339603	GGTTGCATCGTTTCGC-1	22975	26634	1.159260065288357
GSM6339603	GGTTGCGGTGAGCACT-1	962	1050	1.0914760914760915
GSM6339603	GGTTGCGGTGATGAAA-1	1797	1800	1.001669449081803
GSM6339603	GGTTGCGGTGGTTATG-1	11478	13098	1.1411395713538943
GSM6339603	GGTTGCGGTGTGCACG-1	12068	11017	0.9129101756711966
GSM6339603	GGTTGCGGTTAAGCGC-1	5955	4174	0.7009235936188077
GSM6339603	GGTTGCGGTTACCTGT-1	10454	12479	1.1937057585613162
GSM6339603	GGTTGCGGTTCGCTCA-1	1048	1216	1.1603053435114503
GSM6339603	GGTTGCGGTTTCCTCC-1	37004	40219	1.086882499189277
GSM6339603	GGTTGCTCAATCCCTT-1	30713	37606	1.2244326506690977
GSM6339603	GGTTGCTCACGAATTT-1	10444	13659	1.3078322481807736
GSM6339603	GGTTGCTCACTTGTTC-1	1554	831	0.5347490347490348
GSM6339603	GGTTGCTCAGTAGGAT-1	14106	11364	0.805614632071459
GSM6339603	GGTTGCTCATAAAGCA-1	1429	1359	0.9510146955913226
GSM6339603	GGTTGCTCATAAGTCT-1	898	983	1.0946547884187083
GSM6339603	GGTTGCTCATGAATAG-1	2058	2154	1.0466472303206997
GSM6339603	GGTTGGTGTGCAACTA-1	1321	1575	1.1922785768357305
GSM6339603	GGTTGGTGTGTTGCAA-1	2287	2092	0.9147354613030171
GSM6339603	GGTTGGTGTTAATCGG-1	454	434	0.9559471365638766
GSM6339603	GGTTGGTGTTACCTGT-1	976	1052	1.0778688524590163
GSM6339603	GGTTGGTGTTATAGCG-1	19753	28175	1.4263656153495672
GSM6339603	GGTTTAATCCAGGAAA-1	2024	2376	1.173913043478261
GSM6339603	GGTTTAATCCCGTTAC-1	41478	45266	1.0913255219634506
GSM6339603	GGTTTAATCCGCATGA-1	17380	18245	1.0497698504027617
GSM6339603	GGTTTAATCGCTTCTA-1	5935	5176	0.8721145745577085
GSM6339603	GGTTTAATCTACCTGC-1	6034	5413	0.8970831952270467
GSM6339603	GGTTTAATCTCAATTC-1	928	1216	1.3103448275862069
GSM6339603	GGTTTCCTCCTTGCGT-1	3705	4035	1.0890688259109311
GSM6339603	GGTTTCCTCGCACACA-1	24849	23154	0.9317879995170831
GSM6339603	GGTTTCCTCGCTCACT-1	1767	1759	0.9954725523486134
GSM6339603	GGTTTCTGTAGTTACG-1	807	705	0.8736059479553904
GSM6339603	GGTTTCTGTTGCCTCA-1	957	969	1.0125391849529781
GSM6339603	GGTTTCTGTTTAAAGC-1	12832	14227	1.1087125935162094
GSM6339603	GGTTTGTAGGCATTAC-1	16321	15025	0.9205931009129342
GSM6339603	GGTTTGTAGGGTGAAC-1	2885	3379	1.1712305025996534
GSM6339603	GTAAAGCCAGCTTAGC-1	18440	28394	1.5398047722342734
GSM6339603	GTAAAGCCAGGCTGTT-1	13036	12033	0.923059220619822
GSM6339603	GTAAGCAAGAAAGCAT-1	3489	3852	1.1040412725709372
GSM6339603	GTAAGCAAGATGCCTG-1	1274	1458	1.1444270015698588
GSM6339603	GTAAGCAAGCCTGGTA-1	2622	2858	1.0900076277650648
GSM6339603	GTAAGCAAGGCGCACT-1	9259	9993	1.079274219678151
GSM6339603	GTAAGCAAGGTCGATT-1	2830	2908	1.0275618374558304
GSM6339603	GTAAGCGCAATATACC-1	442	483	1.092760180995475
GSM6339603	GTAAGCGCAATTAAGG-1	15067	14994	0.9951549744474679
GSM6339603	GTAAGCGCAATTAGCT-1	1423	2172	1.5263527758257203
GSM6339603	GTAAGCGCACCGGCTA-1	4030	4111	1.0200992555831265
GSM6339603	GTAAGCGCAGCCAGTT-1	23538	34531	1.4670320333078426
GSM6339603	GTAAGCTTCACCATTT-1	1150	1138	0.9895652173913043
GSM6339603	GTAAGCTTCGAGGTGG-1	25310	31562	1.2470169893322798
GSM6339603	GTAAGCTTCGGGCCAT-1	3077	3188	1.0360740981475463
GSM6339603	GTAAGCTTCGTACCGA-1	33995	45378	1.3348433593175466
GSM6339603	GTAAGCTTCTTGCATT-1	1399	1612	1.152251608291637
GSM6339603	GTAAGGTCAAGTTATC-1	13309	15526	1.1665790066872042
GSM6339603	GTAAGGTCACAGGAAT-1	21497	21697	1.009303623761455
GSM6339603	GTAAGGTCACCCACCT-1	7373	4930	0.668655906686559
GSM6339603	GTAAGGTCATCCATCT-1	1723	1678	0.9738827626233314
GSM6339603	GTAAGGTCATGCAACC-1	1720	1802	1.0476744186046512
GSM6339603	GTAATAGCAAGTGTTT-1	1187	1482	1.248525695029486
GSM6339603	GTAATAGCACAGGAAT-1	1658	2082	1.255729794933655
GSM6339603	GTAATAGCACCTAAGC-1	16869	24603	1.458474124133025
GSM6339603	GTAATAGCAGATAGAC-1	21896	25099	1.1462824260138837
GSM6339603	GTAATAGCAGGCATGA-1	2990	3283	1.0979933110367892
GSM6339603	GTAATAGCAGTAAGTA-1	2282	2227	0.9758983347940403
GSM6339603	GTAATAGCAGTTATCG-1	1757	1598	0.9095048377916903
GSM6339603	GTAATAGCATCGTTCT-1	3496	3236	0.9256292906178489
GSM6339603	GTAATAGCATGAAATG-1	518	447	0.862934362934363
GSM6339603	GTAATAGCATGAGTTT-1	25346	35659	1.4068886609326916
GSM6339603	GTAATAGCATTGCGTA-1	1005	1042	1.0368159203980098
GSM6339603	GTACAATGTGATGAGG-1	20173	23855	1.1825211916918654
GSM6339603	GTACAATGTGTTAGCA-1	3996	3895	0.9747247247247247
GSM6339603	GTACAATGTTAGGACC-1	1894	2162	1.1414994720168954
GSM6339603	GTACAATGTTTCCACG-1	525	711	1.3542857142857143
GSM6339603	GTACACCCACATTGCA-1	15587	14034	0.9003656893565151
GSM6339603	GTACACCCACCTGCCT-1	698	932	1.335243553008596
GSM6339603	GTACACCCATAAACCT-1	1485	1575	1.0606060606060606
GSM6339603	GTACACCCATCCTGAA-1	16569	21854	1.3189691592733417
GSM6339603	GTACACCCATGGAGGC-1	36635	41920	1.144260952640917
GSM6339603	GTACCGGGTAAGGTTT-1	23445	32325	1.378758797184901
GSM6339603	GTACCGGGTATTGGTG-1	1228	1209	0.9845276872964169
GSM6339603	GTACCGGGTGAGACTC-1	11608	8305	0.7154548587181254
GSM6339603	GTACCGGGTGGGTGAA-1	8455	5499	0.6503843879361325
GSM6339603	GTACCTTGTACTGAAT-1	1523	1217	0.799080761654629
GSM6339603	GTACCTTGTGGTTAGC-1	567	468	0.8253968253968254
GSM6339603	GTACCTTGTTAGCAGC-1	5042	4503	0.8930979769932567
GSM6339603	GTACGTAGTAAGCTCA-1	3072	3027	0.9853515625
GSM6339603	GTACGTAGTACGGTAC-1	711	690	0.9704641350210971
GSM6339603	GTACGTAGTCCTTCTC-1	36314	48192	1.3270914798700226
GSM6339603	GTACGTAGTCTCAGCC-1	837	938	1.1206690561529271
GSM6339603	GTACGTAGTGGATTGC-1	6429	5748	0.8940737284181055
GSM6339603	GTACGTAGTTAAATGC-1	2775	2880	1.037837837837838
GSM6339603	GTACGTAGTTCCTGAT-1	926	1110	1.1987041036717063
GSM6339603	GTACGTAGTTGTAAAC-1	17880	14827	0.8292505592841163
GSM6339603	GTACGTAGTTGTTCAC-1	3047	3420	1.1224154906465376
GSM6339603	GTACGTAGTTTGTCTA-1	20791	21441	1.0312635274878552
GSM6339603	GTACTAATCACGAATC-1	4165	5118	1.2288115246098439
GSM6339603	GTACTAATCCATCAGG-1	2908	3106	1.0680880330123796
GSM6339603	GTACTAATCCCGCATT-1	1183	1349	1.1403212172442942
GSM6339603	GTACTAATCCGCCTAT-1	3210	2951	0.9193146417445482
GSM6339603	GTACTAATCCTAACGG-1	9215	10576	1.1476939772110688
GSM6339603	GTACTAGGTCAATACG-1	21651	30467	1.4071867350237863
GSM6339603	GTACTAGGTCACAGCG-1	20454	20370	0.9958932238193019
GSM6339603	GTACTAGGTCGCATAA-1	12270	10015	0.8162184189079055
GSM6339603	GTACTAGGTTAGCTGA-1	2400	2479	1.0329166666666667
GSM6339603	GTACTAGGTTCATCTA-1	35896	42375	1.1804936483173614
GSM6339603	GTACTAGGTTGAGGTC-1	2313	2375	1.0268050151318633
GSM6339603	GTACTAGGTTGGGTTA-1	1417	1566	1.10515172900494
GSM6339603	GTACTAGGTTTGAGCA-1	9604	6084	0.6334860474802165
GSM6339603	GTACTGGTCATCACTT-1	12648	12870	1.0175521821631879
GSM6339603	GTACTGGTCATCAGTA-1	25521	26575	1.0412993221268758
GSM6339603	GTACTGGTCATTAGTG-1	6124	7004	1.1436969301110385
GSM6339603	GTACTGGTCCTCCATA-1	1591	1702	1.069767441860465
GSM6339603	GTACTGGTCCTCCCTC-1	3966	6536	1.648008068582955
GSM6339603	GTACTGGTCGAGGTGG-1	1678	1723	1.0268176400476758
GSM6339603	GTACTGGTCGCAATCG-1	6200	4879	0.7869354838709678
GSM6339603	GTACTGGTCTCAATTC-1	1299	1572	1.210161662817552
GSM6339603	GTACTGGTCTGTGCCT-1	11503	8689	0.755368164826567
GSM6339603	GTACTTAAGAATGACG-1	32403	35176	1.0855784958182884
GSM6339603	GTACTTAAGCACTTGG-1	1573	1398	0.8887476160203432
GSM6339603	GTACTTAAGGACACTT-1	1875	1726	0.9205333333333333
GSM6339603	GTACTTAAGGCGAAAC-1	16663	15400	0.924203324731441
GSM6339603	GTACTTAAGGTTTGAC-1	1248	1499	1.201121794871795
GSM6339603	GTACTTAAGTATCGCG-1	5677	6331	1.1152016910339968
GSM6339603	GTACTTAAGTCTGGGC-1	2711	1960	0.7229804500184434
GSM6339603	GTACTTCGTATACTGG-1	3839	4242	1.1049752539723887
GSM6339603	GTACTTCGTCAGTAAT-1	9136	7379	0.8076838879159369
GSM6339603	GTACTTCGTGAGGTGA-1	799	906	1.1339173967459324
GSM6339603	GTACTTCGTGTGAGGA-1	699	837	1.1974248927038627
GSM6339603	GTACTTCGTGTGCAAC-1	14592	9461	0.6483689692982456
GSM6339603	GTACTTCGTGTGTCCC-1	1737	844	0.485895221646517
GSM6339603	GTACTTCGTTAGGACC-1	1564	1612	1.030690537084399
GSM6339603	GTAGCCATCACTTTAC-1	1520	1298	0.8539473684210527
GSM6339603	GTAGCCATCCTAGTTT-1	730	812	1.1123287671232878
GSM6339603	GTAGCGCTCAAGTGTC-1	12466	9786	0.7850152414567624
GSM6339603	GTAGCGCTCACTAATG-1	1492	1476	0.9892761394101877
GSM6339603	GTAGCGCTCCTGGCTT-1	1027	1160	1.1295034079844206
GSM6339603	GTAGCGCTCCTTTACG-1	12705	12890	1.0145611963793781
GSM6339603	GTAGCGCTCTACCTGC-1	4271	4471	1.046827440880356
GSM6339603	GTAGCGCTCTCATCAT-1	4938	5809	1.1763872012960712
GSM6339603	GTAGCGCTCTTAGCCC-1	20166	24428	1.2113458296142021
GSM6339603	GTAGCTGTCAAACTCA-1	1507	1776	1.1785003317850034
GSM6339603	GTAGCTGTCAACCAAC-1	20386	27619	1.3548023153144315
GSM6339603	GTAGCTGTCAATCATG-1	10434	8332	0.798543224075139
GSM6339603	GTAGCTGTCATGACCG-1	1528	1770	1.1583769633507854
GSM6339603	GTAGCTGTCCAAGTGT-1	4233	3792	0.8958185683912119
GSM6339603	GTAGCTGTCCACCCTG-1	1345	1557	1.1576208178438663
GSM6339603	GTAGGAGGTCACAGAC-1	10606	10908	1.0284744484254196
GSM6339603	GTAGGAGGTGACCTGG-1	15945	13808	0.8659767952336156
GSM6339603	GTAGGAGGTTCGCTTG-1	995	901	0.9055276381909547
GSM6339603	GTAGGAGGTTTCGCGC-1	15771	11036	0.699765392175512
GSM6339603	GTAGGAGGTTTGGGCG-1	1203	1277	1.061512884455528
GSM6339603	GTAGGATCAATATACC-1	1638	1728	1.054945054945055
GSM6339603	GTAGGATCAATTATGC-1	2010	2155	1.072139303482587
GSM6339603	GTAGGATCAGGCTGTT-1	2944	3099	1.052649456521739
GSM6339603	GTAGGATCATCGTTCT-1	24186	26225	1.0843049698172496
GSM6339603	GTAGGCGAGAAGCTAG-1	3038	3166	1.0421329822251482
GSM6339603	GTAGGCGAGAATGACG-1	19590	16772	0.8561510974987239
GSM6339603	GTAGGCGAGACAAGTG-1	4204	4195	0.9978591817316841
GSM6339603	GTAGGCGAGATAGACG-1	23213	30656	1.320639296945677
GSM6339603	GTAGGCGAGCCTGAGC-1	3725	3823	1.0263087248322147
GSM6339603	GTAGGCGAGCTTCTCA-1	891	960	1.0774410774410774
GSM6339603	GTAGGCGAGGCTATGT-1	379	456	1.2031662269129288
GSM6339603	GTAGGCGAGGTTAGAG-1	33796	40897	1.2101136229139544
GSM6339603	GTAGGCGAGTCAGGCC-1	390	501	1.2846153846153847
GSM6339603	GTAGGTGCAACTAGAA-1	3883	4551	1.1720319340715941
GSM6339603	GTAGGTGCAAGGTAAC-1	22743	25480	1.1203447214527547
GSM6339603	GTAGGTGCACAGGATG-1	3138	2878	0.917144678138942
GSM6339603	GTAGGTGCAGCGCTTG-1	1210	1441	1.190909090909091
GSM6339603	GTAGGTGCAGCTACGT-1	542	629	1.1605166051660516
GSM6339603	GTAGGTGCAGCTTACA-1	2744	3206	1.1683673469387754
GSM6339603	GTAGGTGCAGGTTATT-1	22108	21369	0.9665731861769495
GSM6339603	GTAGGTGCATGAATAG-1	5550	6431	1.1587387387387387
GSM6339603	GTAGTTATCACTTCAT-1	31808	35339	1.1110098088531186
GSM6339603	GTAGTTATCTAAATCG-1	35800	40469	1.1304189944134078
GSM6339603	GTAGTTATCTAAGGAG-1	6427	7124	1.1084487319122451
GSM6339603	GTAGTTATCTGTGCCT-1	28789	23036	0.8001667303483969
GSM6339603	GTAGTTATCTTAGCGG-1	11686	10010	0.856580523703577
GSM6339603	GTAGTTATCTTGCTAT-1	546	548	1.0036630036630036
GSM6339603	GTAGTTTCAATAACCT-1	17850	16230	0.9092436974789916
GSM6339603	GTAGTTTCAATCCTAG-1	1047	1207	1.1528175740210125
GSM6339603	GTAGTTTCACCTCGCT-1	2344	2718	1.1595563139931742
GSM6339603	GTAGTTTCACGTGCTG-1	11304	8787	0.7773354564755839
GSM6339603	GTAGTTTCAGAAACGT-1	1966	2115	1.0757884028484233
GSM6339603	GTAGTTTCAGAGAGCC-1	1663	1690	1.016235718580878
GSM6339603	GTAGTTTCAGATTCAT-1	1768	1807	1.0220588235294117
GSM6339603	GTAGTTTCAGCTAACC-1	536	591	1.1026119402985075
GSM6339603	GTAGTTTCATGAGCAG-1	4864	4394	0.9033717105263158
GSM6339603	GTAGTTTCATTAAGCT-1	7893	5129	0.6498162929177752
GSM6339603	GTAGTTTCATTGTGAT-1	4570	4033	0.8824945295404814
GSM6339603	GTATCGCCAATAGCCC-1	15306	12468	0.8145825166601333
GSM6339603	GTATCGCCACGGTACT-1	24655	25079	1.0171973230582032
GSM6339603	GTATCGCCACTAGCGT-1	15082	15379	1.0196923484948945
GSM6339603	GTATCGCCAGCAATAA-1	10589	8452	0.7981867976201719
GSM6339603	GTATCGCCATAATCCG-1	1774	2181	1.2294250281848929
GSM6339603	GTATCGCCATGTTGCA-1	2600	2815	1.0826923076923076
GSM6339603	GTATGTGGTCATCAAG-1	710	731	1.0295774647887324
GSM6339603	GTATGTGGTCGTAAAT-1	989	1048	1.0596562184024267
GSM6339603	GTATGTGGTGATCATG-1	2481	2549	1.0274083031035872
GSM6339603	GTATGTGGTTTACCGT-1	501	582	1.1616766467065869
GSM6339603	GTATGTGGTTTGACCT-1	13861	17312	1.2489719356467788
GSM6339603	GTATGTTCAAGGCCAA-1	2857	3320	1.1620581029051453
GSM6339603	GTATGTTCACCTCAGG-1	2369	2198	0.9278176445757703
GSM6339603	GTATGTTCACGCAACT-1	3174	3291	1.0368620037807184
GSM6339603	GTATTCAAGACACTTA-1	3192	3126	0.9793233082706767
GSM6339603	GTATTCAAGAGGGACT-1	1831	1846	1.0081922446750409
GSM6339603	GTATTCAAGCATGTTA-1	27756	32031	1.1540207522697794
GSM6339603	GTATTCAAGCCACAAT-1	9779	6958	0.7115246957766643
GSM6339603	GTATTCAAGGCCGGAA-1	11132	12410	1.1148041681638519
GSM6339603	GTATTCAAGGGTGAAC-1	2467	2668	1.0814754762869883
GSM6339603	GTATTCAAGGTCAAAG-1	707	713	1.0084865629420086
GSM6339603	GTATTGATCAGGATGA-1	19220	16532	0.8601456815816857
GSM6339603	GTATTGATCCTTAAGA-1	34773	42036	1.2088689500474505
GSM6339603	GTATTGATCGTCCTTA-1	6335	6338	1.0004735595895817
GSM6339603	GTATTGCAGCTCAATA-1	1421	1738	1.223082336382829
GSM6339603	GTATTGCAGCTTCCCG-1	2182	2018	0.9248395967002749
GSM6339603	GTATTGCAGGCCTTAG-1	22153	32014	1.4451315848869228
GSM6339603	GTATTGCAGGTGCTGC-1	30632	38447	1.2551253591015932
GSM6339603	GTATTGCAGTCATTTC-1	1042	1082	1.038387715930902
GSM6339603	GTATTGCAGTTATGGC-1	1607	1860	1.1574362165525824
GSM6339603	GTATTGTCAACAGGAT-1	10113	9094	0.8992386037773163
GSM6339603	GTATTGTCAAGGTCCT-1	21093	30588	1.4501493386431517
GSM6339603	GTATTGTCAATAATCC-1	18996	21271	1.1197620551695093
GSM6339603	GTATTGTCAGGGAGCT-1	9055	8769	0.9684152401987852
GSM6339603	GTATTGTCATAAGCAA-1	31607	40684	1.287183218907204
GSM6339603	GTATTGTCATCCATCT-1	909	1045	1.1496149614961497
GSM6339603	GTCAAACTCAACCAAC-1	1750	1177	0.6725714285714286
GSM6339603	GTCAAACTCCACCTGT-1	2096	2404	1.1469465648854962
GSM6339603	GTCAAACTCCGCATGA-1	1141	1027	0.9000876424189308
GSM6339603	GTCAAACTCCGGCTAA-1	1273	1362	1.0699135899450118
GSM6339603	GTCAAACTCGCGCTAA-1	13491	14105	1.0455118226966125
GSM6339603	GTCAAACTCTCCATGC-1	3140	3661	1.165923566878981
GSM6339603	GTCAATATCATCCACC-1	1065	1192	1.1192488262910798
GSM6339603	GTCAATATCATGACCG-1	1738	2009	1.1559263521288838
GSM6339603	GTCAATATCATTGCAA-1	11191	10955	0.9789116254132785
GSM6339603	GTCAATATCCAGGTCA-1	1309	1494	1.1413292589763178
GSM6339603	GTCAATATCCGCATGA-1	2416	2853	1.1808774834437086
GSM6339603	GTCAATATCCTTAATC-1	1143	1234	1.0796150481189852
GSM6339603	GTCAATATCCTTGCGT-1	14625	12648	0.8648205128205129
GSM6339603	GTCAATATCGCTATAA-1	812	712	0.8768472906403941
GSM6339603	GTCAATATCGGTTACG-1	1793	1821	1.0156162855549358
GSM6339603	GTCAATATCTCCTCAA-1	9743	7445	0.7641383557425844
GSM6339603	GTCAGGCTCAATCTCT-1	2657	2779	1.0459164471208129
GSM6339603	GTCAGGCTCACCATTT-1	1482	1700	1.147098515519568
GSM6339603	GTCAGGCTCCTAATTC-1	2199	2502	1.1377899045020463
GSM6339603	GTCAGGCTCGCTAGAT-1	18713	21433	1.1453534975685353
GSM6339603	GTCAGGCTCGGCCATA-1	12432	7802	0.6275740025740025
GSM6339603	GTCATCACAAGGATTA-1	2322	2360	1.016365202411714
GSM6339603	GTCATCACACGGTACT-1	1221	1440	1.1793611793611793
GSM6339603	GTCATCACACTTAGGC-1	1190	1364	1.146218487394958
GSM6339603	GTCATCACAGCAGGTA-1	3057	3629	1.187111547268564
GSM6339603	GTCATCACATCAGTAT-1	992	1100	1.1088709677419355
GSM6339603	GTCATCCTCCTCATGC-1	489	534	1.0920245398773005
GSM6339603	GTCATCCTCCTGTTCA-1	5031	5964	1.1854502087060226
GSM6339603	GTCATCCTCGTTCACC-1	30015	40430	1.3469931700816258
GSM6339603	GTCATCCTCTAACCAA-1	5934	5408	0.9113582743511965
GSM6339603	GTCATCCTCTATCGCC-1	11516	12204	1.0597429663077458
GSM6339603	GTCATGAGTAAGGTCC-1	18296	21345	1.1666484477481416
GSM6339603	GTCATGAGTATTCGTC-1	1995	2313	1.1593984962406014
GSM6339603	GTCATGAGTGCGCAAT-1	572	643	1.1241258741258742
GSM6339603	GTCATGAGTGCTCACC-1	32798	42798	1.3048966400390267
GSM6339603	GTCATGAGTGTCACGG-1	2106	2768	1.3143399810066476
GSM6339603	GTCATGAGTTGAGGTC-1	3031	2763	0.9115803365225998
GSM6339603	GTCATGAGTTTGCAGA-1	2352	2855	1.213860544217687
GSM6339603	GTCATGCCAAACCTAT-1	819	870	1.0622710622710623
GSM6339603	GTCATGCCAACTAACT-1	7991	9147	1.1446627455887874
GSM6339603	GTCATGCCACAGAACG-1	770	851	1.1051948051948053
GSM6339603	GTCATGCCAGCATTAT-1	20212	19011	0.9405798535523452
GSM6339603	GTCATGCCAGTAATAG-1	861	1088	1.2636469221835076
GSM6339603	GTCATGCCAGTTATCG-1	21544	23318	1.0823431117712587
GSM6339603	GTCATTAAGAAAGCAT-1	2183	2475	1.1337608795235914
GSM6339603	GTCATTAAGAACCTAC-1	1672	1818	1.0873205741626795
GSM6339603	GTCATTAAGAGAGCCG-1	8960	6008	0.6705357142857142
GSM6339603	GTCATTAAGAGGAGGA-1	1782	1634	0.9169472502805837
GSM6339603	GTCATTAAGCGAAGTA-1	3389	3812	1.1248155798170552
GSM6339603	GTCATTAAGGACCTTG-1	18897	23035	1.2189765571254696
GSM6339603	GTCATTAAGTGTTGTA-1	3985	4605	1.1555834378920953
GSM6339603	GTCATTAAGTTGTCTT-1	19100	16451	0.8613089005235602
GSM6339603	GTCATTAAGTTTGAGC-1	1944	1972	1.01440329218107
GSM6339603	GTCCAAGTCTGCAAGT-1	1993	2366	1.1871550426492725
GSM6339603	GTCCAAGTCTTAATGG-1	2044	2399	1.173679060665362
GSM6339603	GTCCAGGGTCATTGTC-1	7222	5083	0.7038216560509554
GSM6339603	GTCCAGGGTGGACATC-1	3985	3427	0.8599749058971142
GSM6339603	GTCCAGGGTTACTTGC-1	1258	1248	0.9920508744038156
GSM6339603	GTCCATTGTAGCTAAT-1	594	530	0.8922558922558923
GSM6339603	GTCCATTGTATTGTGG-1	7449	5935	0.7967512417774197
GSM6339603	GTCCATTGTCCTTCTC-1	31229	48171	1.542508565756188
GSM6339603	GTCCATTGTGCTAGAC-1	3694	3167	0.8573362208987547
GSM6339603	GTCCGTAAGCACAGCC-1	26226	31701	1.208762296957218
GSM6339603	GTCCGTAAGCATTAGC-1	10631	14454	1.3596086915624117
GSM6339603	GTCCGTAAGCCGCTAA-1	955	926	0.9696335078534032
GSM6339603	GTCCGTAAGCCTGGTA-1	8437	9222	1.0930425506696693
GSM6339603	GTCCGTAAGCTGTAAC-1	20488	21453	1.0471007418976963
GSM6339603	GTCCGTAAGGACCTTG-1	2821	3207	1.1368309110244594
GSM6339603	GTCCGTAAGGAGCATA-1	2658	3088	1.161775771256584
GSM6339603	GTCCGTAAGGAGTAAT-1	509	306	0.6011787819253438
GSM6339603	GTCCGTAAGGCGGATG-1	4035	4869	1.2066914498141263
GSM6339603	GTCCGTAAGGTTTGCG-1	14426	13957	0.9674892555108832
GSM6339603	GTCCTAGAGCATGACT-1	1265	1217	0.9620553359683794
GSM6339603	GTCCTAGAGCCAGTAT-1	31685	40600	1.2813634211772131
GSM6339603	GTCCTAGAGCTTAACA-1	3174	3018	0.9508506616257089
GSM6339603	GTCCTAGAGGCTAATC-1	4431	5046	1.1387948544346649
GSM6339603	GTCCTAGAGGGATGCG-1	30630	31422	1.0258570029382958
GSM6339603	GTCCTAGAGTGATTCA-1	28365	35962	1.2678300722721665
GSM6339603	GTCCTCAGTAAGCTCA-1	2673	2969	1.1107369996258885
GSM6339603	GTCCTCAGTCGCATAA-1	1553	1582	1.0186735350933678
GSM6339603	GTCCTCAGTTCGGTAA-1	3005	3252	1.0821963394342762
GSM6339603	GTCCTCAGTTGCATCT-1	739	682	0.9228687415426252
GSM6339603	GTCCTCAGTTGCTGGG-1	3987	4247	1.0652119388011037
GSM6339603	GTCCTCAGTTGCTTCG-1	541	480	0.8872458410351202
GSM6339603	GTCCTCAGTTGGATCA-1	9648	10399	1.077839966832504
GSM6339603	GTCCTCAGTTTACGTC-1	3565	3471	0.973632538569425
GSM6339603	GTCCTCAGTTTGAGGC-1	2841	2878	1.0130235832453363
GSM6339603	GTCCTCAGTTTGGGCG-1	27348	48916	1.7886499926868509
GSM6339603	GTCCTCCCAACTAGAA-1	1278	1361	1.0649452269170578
GSM6339603	GTCCTCCCAAGTTATC-1	1709	1917	1.1217086015213575
GSM6339603	GTCCTCCCAATATACC-1	35253	42084	1.1937707429154965
GSM6339603	GTCCTCCCAATTGAAG-1	2803	2931	1.0456653585444167
GSM6339603	GTCCTCCCACTTGTTC-1	14851	11838	0.7971180391892801
GSM6339603	GTCCTCCCATGGAGGC-1	1913	2215	1.1578672242550967
GSM6339603	GTCCTCCCATTGTTGG-1	17700	20755	1.172598870056497
GSM6339603	GTCGAAGCACAGAAAC-1	502	520	1.0358565737051793
GSM6339603	GTCGAAGCACATGCTA-1	1105	935	0.8461538461538461
GSM6339603	GTCGAAGCACCATATG-1	22038	26953	1.2230238678645975
GSM6339603	GTCGAAGCACTGGCCA-1	2142	2234	1.042950513538749
GSM6339603	GTCGAAGCAGCTTACA-1	1326	1492	1.1251885369532428
GSM6339603	GTCGAAGCATAACGGG-1	8864	10675	1.2043095667870036
GSM6339603	GTCGAAGCATATAACC-1	14904	14566	0.9773215244229737
GSM6339603	GTCGAAGCATCATGGC-1	734	756	1.0299727520435968
GSM6339603	GTCGAAGCATCCTAGA-1	830	828	0.9975903614457832
GSM6339603	GTCGAGGAGCAAGGAC-1	1910	2126	1.1130890052356022
GSM6339603	GTCGAGGAGCAGCTCA-1	34157	42780	1.2524519132242293
GSM6339603	GTCGAGGAGCTTAGCG-1	31051	35819	1.1535538307944995
GSM6339603	GTCGAGGAGGACTTAC-1	6939	8078	1.1641446894365182
GSM6339603	GTCGAGGAGGATTTGC-1	492	487	0.9898373983739838
GSM6339603	GTCGCAATCAAGCTTA-1	26346	36098	1.3701510665755712
GSM6339603	GTCGCAATCAATAGCC-1	19820	18479	0.9323410696266398
GSM6339603	GTCGCAATCACTTTAC-1	19758	16992	0.8600060734892195
GSM6339603	GTCGCAATCCAGGGAG-1	3221	3524	1.0940701645451723
GSM6339603	GTCGCAATCCCTCAAC-1	32296	38607	1.1954111964329948
GSM6339603	GTCGCAATCCTAAATG-1	15737	20166	1.2814386477727648
GSM6339603	GTCGCAATCGTGCCTT-1	10534	9069	0.8609265236377445
GSM6339603	GTCGCAATCTAACCAA-1	1993	2102	1.0546914199698947
GSM6339603	GTCGCAATCTAGCGTG-1	2719	3133	1.1522618609783009
GSM6339603	GTCGGTTCAACAGCCT-1	5212	5793	1.1114735226400614
GSM6339603	GTCGGTTCAACCTGGT-1	39597	38300	0.9672449933075739
GSM6339603	GTCGGTTCAATGCGCT-1	643	716	1.1135303265940901
GSM6339603	GTCGGTTCAATTAGGA-1	25358	35366	1.394668349238899
GSM6339603	GTCGGTTCAATTGAGA-1	5115	5715	1.1173020527859236
GSM6339603	GTCGGTTCACAATACT-1	14232	12825	0.9011382799325464
GSM6339603	GTCGGTTCACACAATT-1	3539	3195	0.902797400395592
GSM6339603	GTCGGTTCAGAGGCTA-1	15429	18344	1.188929937131376
GSM6339603	GTCGGTTCAGGCTGTT-1	14144	13309	0.9409643665158371
GSM6339603	GTCGGTTCATAATGTC-1	10383	9846	0.9482808436867958
GSM6339603	GTCGGTTCATCGCTCC-1	18585	23635	1.2717245090126446
GSM6339603	GTCGGTTCATTTAAGC-1	29097	36683	1.2607141629721277
GSM6339603	GTCTAACAGCATGTTA-1	2886	3116	1.0796950796950797
GSM6339603	GTCTAACAGGAGGTTA-1	15841	16415	1.0362350861688026
GSM6339603	GTCTAACAGGTCCGTA-1	3423	3912	1.1428571428571428
GSM6339603	GTCTAACAGGTGAGAC-1	444	465	1.0472972972972974
GSM6339603	GTCTAACAGTGAGCGG-1	1799	1775	0.9866592551417455
GSM6339603	GTCTAACAGTTGGGCC-1	1556	1605	1.031491002570694
GSM6339603	GTCTAATCAAACTAAG-1	715	675	0.9440559440559441
GSM6339603	GTCTAATCAAGTGAAC-1	838	471	0.5620525059665871
GSM6339603	GTCTAATCAGAAACGT-1	18664	28145	1.5079832833261895
GSM6339603	GTCTAATCAGTTATCG-1	42650	56684	1.32905041031653
GSM6339603	GTCTAATCATGATTGT-1	1304	1518	1.1641104294478528
GSM6339603	GTCTAATCATTAAACC-1	1924	2212	1.1496881496881497
GSM6339603	GTCTAGCCAACTAACT-1	7632	8396	1.100104821802935
GSM6339603	GTCTAGCCAAGCGATG-1	1420	1561	1.0992957746478873
GSM6339603	GTCTAGCCAAGGACCA-1	35360	36739	1.0389988687782805
GSM6339603	GTCTAGCCAGTTATGT-1	1700	1836	1.08
GSM6339603	GTCTAGCCATGATTGT-1	1304	1566	1.200920245398773
GSM6339603	GTCTAGCCATTAAGCT-1	41312	38915	0.9419781177381874
GSM6339603	GTCTATCGTCCGGTTC-1	2898	3870	1.3354037267080745
GSM6339603	GTCTATGCAAACGGGC-1	1306	1519	1.163093415007657
GSM6339603	GTCTATGCAACAGGTG-1	10963	10105	0.9217367508893551
GSM6339603	GTCTATGCAACCTGGT-1	711	859	1.2081575246132208
GSM6339603	GTCTATGCAACTAACT-1	3124	3705	1.185979513444302
GSM6339603	GTCTATGCAAGCTAAA-1	16596	14912	0.898529766208725
GSM6339603	GTCTATGCAGATTCAT-1	4860	5035	1.036008230452675
GSM6339603	GTCTATGCAGTTATGT-1	973	1205	1.238437821171634
GSM6339603	GTCTCACTCACAGCGC-1	1194	886	0.7420435510887772
GSM6339603	GTCTCACTCCAGGTTG-1	4482	4204	0.9379741186970103
GSM6339603	GTCTCACTCCCGCATT-1	12401	15185	1.2244980243528747
GSM6339603	GTCTCACTCCGCACAA-1	8081	7622	0.9432000989976488
GSM6339603	GTCTCACTCGCCTAAG-1	1429	1592	1.1140657802659202
GSM6339603	GTCTTGCTCACGTTAA-1	9830	7048	0.7169888097660224
GSM6339603	GTCTTGCTCATGAGCT-1	6781	5852	0.8629995575873765
GSM6339603	GTCTTGCTCCAACTGG-1	21227	21481	1.0119658924954067
GSM6339603	GTCTTGCTCCGTGACA-1	4150	3267	0.7872289156626506
GSM6339603	GTCTTGCTCGCATTAA-1	5259	5754	1.094124358243012
GSM6339603	GTCTTGCTCGCGCTAA-1	1023	925	0.9042033235581622
GSM6339603	GTCTTTAGTGGATGTC-1	485	453	0.934020618556701
GSM6339603	GTCTTTAGTGTGAGAG-1	847	818	0.9657615112160567
GSM6339603	GTCTTTAGTTAGCTGA-1	38984	45547	1.168351118407552
GSM6339603	GTCTTTAGTTGTTGGA-1	2592	2740	1.0570987654320987
GSM6339603	GTCTTTAGTTTGTTGC-1	12089	13499	1.1166349573992886
GSM6339603	GTCTTTGTCATTAGTG-1	7480	8452	1.129946524064171
GSM6339603	GTCTTTGTCCAAGTTA-1	37486	39505	1.0538601077735688
GSM6339603	GTCTTTGTCCCTGGTT-1	8496	5452	0.641713747645951
GSM6339603	GTCTTTGTCCGGGACT-1	2746	2869	1.0447924253459577
GSM6339603	GTCTTTGTCGTCAAGT-1	5103	5619	1.1011169900058788
GSM6339603	GTGAACAAGCAGGCCT-1	5303	5925	1.1172920988119932
GSM6339603	GTGAACAAGCGATAAG-1	4585	4587	1.0004362050163578
GSM6339603	GTGAACAAGGCTACAT-1	4413	4626	1.0482664853840924
GSM6339603	GTGAACAAGGGACTAA-1	2436	2412	0.9901477832512315
GSM6339603	GTGAACAAGGTCGAGG-1	3458	3558	1.0289184499710815
GSM6339603	GTGAACAAGTAACCAC-1	561	488	0.8698752228163993
GSM6339603	GTGAACAAGTTTGCGG-1	35452	43244	1.2197901387791945
GSM6339603	GTGAATCTCATAGCCG-1	665	628	0.9443609022556391
GSM6339603	GTGAATCTCATTAGGC-1	8204	6694	0.8159434422233057
GSM6339603	GTGAATCTCCGCTAGA-1	3106	3547	1.1419832582099163
GSM6339603	GTGAATCTCCTAATTC-1	1827	1849	1.0120415982484947
GSM6339603	GTGAATCTCCTAGTCC-1	700	565	0.8071428571428572
GSM6339603	GTGAATCTCCTCCATA-1	4674	3320	0.7103123662815576
GSM6339603	GTGAATCTCCTTGCAC-1	944	1074	1.1377118644067796
GSM6339603	GTGAGCGAGACTTATG-1	2552	2753	1.0787617554858935
GSM6339603	GTGAGCGAGCGATACT-1	2660	2820	1.0601503759398496
GSM6339603	GTGAGCGAGCGCTCAA-1	24521	32227	1.3142612454630724
GSM6339603	GTGAGCGAGGAAGCAC-1	3009	3533	1.1741442339647723
GSM6339603	GTGAGCGAGTAACTCA-1	5034	5791	1.1503774334525227
GSM6339603	GTGAGGAGTACCGTTT-1	412	383	0.9296116504854369
GSM6339603	GTGAGGAGTTGGTGAC-1	3068	2990	0.9745762711864406
GSM6339603	GTGATCAGTCGACTAA-1	1378	1448	1.050798258345428
GSM6339603	GTGATCAGTGAACAAA-1	712	719	1.0098314606741574
GSM6339603	GTGATCAGTTTAACGG-1	1404	1481	1.0548433048433048
GSM6339603	GTGATGAAGACTAAGG-1	18867	19372	1.026766311549266
GSM6339603	GTGATGAAGCGATACT-1	1480	1709	1.1547297297297296
GSM6339603	GTGATGAAGCGGCTGT-1	633	665	1.0505529225908372
GSM6339603	GTGATGAAGGAATAAC-1	706	869	1.2308781869688386
GSM6339603	GTGATGAAGGAGGGTT-1	20098	20510	1.0204995521942481
GSM6339603	GTGATGAAGGCTACAT-1	24596	26115	1.061758009432428
GSM6339603	GTGATGAAGTTTGGGT-1	741	778	1.049932523616734
GSM6339603	GTGCAAGCAACGTGCT-1	1435	1678	1.1693379790940766
GSM6339603	GTGCAAGCAAGCGAGC-1	26735	30946	1.157508883486067
GSM6339603	GTGCAAGCAATGAGGT-1	19561	20729	1.0597106487398396
GSM6339603	GTGCAAGCACAAGCCT-1	16805	17623	1.0486759892889022
GSM6339603	GTGCAAGCACCGGCTA-1	1136	1180	1.0387323943661972
GSM6339603	GTGCAAGCACGCAACT-1	1016	1247	1.2273622047244095
GSM6339603	GTGCAAGCACGTAATT-1	14720	15157	1.0296875
GSM6339603	GTGCAAGCATAGGCGA-1	9771	12350	1.263944325043496
GSM6339603	GTGCAAGCATTGTCCT-1	2581	2968	1.1499418829910888
GSM6339603	GTGCACGGTAAAGCGG-1	13617	11362	0.8343981787471543
GSM6339603	GTGCACGGTACGGTAC-1	9056	10823	1.19511925795053
GSM6339603	GTGCACGGTCATCATC-1	2650	2666	1.0060377358490566
GSM6339603	GTGCACGGTCGTAAAT-1	1187	1078	0.9081718618365627
GSM6339603	GTGCACGGTCTAGCTT-1	1128	975	0.8643617021276596
GSM6339603	GTGCACGGTGAACAAA-1	1076	1115	1.0362453531598512
GSM6339603	GTGCACGGTGTTGTGA-1	2410	2400	0.995850622406639
GSM6339603	GTGCACGGTTACATCC-1	2299	2085	0.9069160504567203
GSM6339603	GTGCACGGTTCGCTCA-1	24108	27919	1.1580803052928488
GSM6339603	GTGCACGGTTGTGATG-1	26616	30578	1.1488578298767658
GSM6339603	GTGCATTAGGAGGACT-1	4886	5414	1.1080638559148588
GSM6339603	GTGCATTAGGAGGTTA-1	3881	4398	1.133213089409946
GSM6339603	GTGCATTAGGAGTCTT-1	1312	1400	1.0670731707317074
GSM6339603	GTGCATTAGGCATTGT-1	1647	1731	1.0510018214936248
GSM6339603	GTGCATTAGTCATTAG-1	2332	2848	1.2212692967409948
GSM6339603	GTGCCTTTCAGGAACA-1	538	683	1.2695167286245352
GSM6339603	GTGCCTTTCATAGACC-1	1212	963	0.7945544554455446
GSM6339603	GTGCCTTTCCCGTTTA-1	1044	1087	1.0411877394636015
GSM6339603	GTGCCTTTCCTCAGCT-1	2604	2941	1.129416282642089
GSM6339603	GTGCCTTTCCTCGATC-1	2371	2481	1.0463939266132434
GSM6339603	GTGCCTTTCGAGCAAA-1	2529	2935	1.1605377619612496
GSM6339603	GTGCCTTTCGGTAACT-1	1455	1134	0.7793814432989691
GSM6339603	GTGCCTTTCGGTTACG-1	716	672	0.9385474860335196
GSM6339603	GTGCCTTTCTTGACCC-1	11087	6899	0.6222603048615496
GSM6339603	GTGCCTTTCTTGAGCG-1	8670	8571	0.9885813148788928
GSM6339603	GTGCGCAGTGAAGCCT-1	3342	3429	1.0260323159784561
GSM6339603	GTGCGCAGTGGGAACA-1	3921	4564	1.163988778372864
GSM6339603	GTGCGCAGTTAGGCGT-1	1475	1675	1.1355932203389831
GSM6339603	GTGCGCAGTTGAGGTC-1	14025	12763	0.910017825311943
GSM6339603	GTGCGCAGTTTAACCC-1	558	557	0.9982078853046595
GSM6339603	GTGCGCAGTTTATCTG-1	33486	34033	1.0163351848533715
GSM6339603	GTGCGGTTCAATCTCT-1	894	622	0.6957494407158836
GSM6339603	GTGCGGTTCATTGACA-1	29431	29620	1.0064218001427068
GSM6339603	GTGCGGTTCCTCCATA-1	26440	31228	1.181089258698941
GSM6339603	GTGCGGTTCGGTCAGC-1	672	696	1.0357142857142858
GSM6339603	GTGCTCAAGCTCATAA-1	908	1012	1.1145374449339207
GSM6339603	GTGCTCAAGGCGCTAC-1	33765	45052	1.3342810602695099
GSM6339603	GTGCTCAAGGCTACTG-1	5056	5879	1.1627768987341771
GSM6339603	GTGCTCAAGGCTTAAC-1	818	748	0.9144254278728606
GSM6339603	GTGCTCAAGTTGTCAA-1	26773	34018	1.2706084488103686
GSM6339603	GTGCTCCGTAGGATTT-1	2296	2339	1.0187282229965158
GSM6339603	GTGCTCCGTATGGTGC-1	528	479	0.9071969696969697
GSM6339603	GTGCTCCGTCCGTGAG-1	2122	2353	1.1088595664467484
GSM6339603	GTGCTCCGTGATCAGC-1	1929	1985	1.0290305857957491
GSM6339603	GTGCTCCGTGGGTACT-1	3178	3371	1.0607300188797986
GSM6339603	GTGCTCCGTGTGCAAC-1	1395	1333	0.9555555555555556
GSM6339603	GTGCTCCGTTGCACGG-1	1122	1189	1.0597147950089127
GSM6339603	GTGCTCCGTTGCTTCG-1	13676	15242	1.1145071658379644
GSM6339603	GTGCTGATCACAGCGC-1	26350	27200	1.032258064516129
GSM6339603	GTGCTGATCACCGGTA-1	730	676	0.9260273972602739
GSM6339603	GTGCTGATCAGGAACA-1	2383	2931	1.2299622324800672
GSM6339603	GTGCTGATCCTCCATA-1	14946	14579	0.9754449350996922
GSM6339603	GTGCTGATCCTGGTGA-1	12290	11572	0.9415785191212368
GSM6339603	GTGCTGATCCTTAGTT-1	664	571	0.8599397590361446
GSM6339603	GTGCTGATCGATTATG-1	21287	22579	1.0606943204772865
GSM6339603	GTGCTGATCGCTAGAT-1	616	646	1.0487012987012987
GSM6339603	GTGCTGATCTTGCAGG-1	5254	5632	1.0719451846212409
GSM6339603	GTGCTGGGTCAATACG-1	709	595	0.8392101551480959
GSM6339603	GTGCTGGGTGATGAGG-1	2915	3216	1.1032590051457976
GSM6339603	GTGCTGGGTGCCGCAA-1	663	709	1.0693815987933635
GSM6339603	GTGCTGGGTGGACCTG-1	3040	3420	1.125
GSM6339603	GTGCTGGGTGTTGCTT-1	3321	4020	1.2104787714543812
GSM6339603	GTGCTGGGTTAGCAGC-1	15541	23958	1.5415996396628273
GSM6339603	GTGCTGGGTTAGGCTA-1	4712	4602	0.9766553480475382
GSM6339603	GTGCTTACAATTGAGA-1	569	658	1.1564147627416521
GSM6339603	GTGCTTACACCTGCTC-1	16540	16649	1.006590084643289
GSM6339603	GTGCTTACACTAAGTT-1	937	1146	1.2230522945570972
GSM6339603	GTGCTTACAGCAGGTA-1	3115	2853	0.9158908507223114
GSM6339603	GTGCTTACAGGCTGTT-1	12326	13713	1.1125263670290444
GSM6339603	GTGCTTACATTAGCGC-1	12379	15120	1.221423378301963
GSM6339603	GTGCTTCTCATAGCCG-1	22539	32638	1.4480677936022006
GSM6339603	GTGCTTCTCATGAGCT-1	24086	29957	1.243751556921033
GSM6339603	GTGCTTCTCCTAATTC-1	1739	2027	1.16561242093157
GSM6339603	GTGCTTCTCCTTCGTA-1	3394	3886	1.1449616971125516
GSM6339603	GTGCTTCTCTAAGTCA-1	10792	8709	0.8069866567828021
GSM6339603	GTGCTTCTCTGGCAAT-1	15123	12794	0.8459961647821199
GSM6339603	GTGCTTCTCTTGCTAT-1	9616	15527	1.6147046589018303
GSM6339603	GTGGACACAATTTGGT-1	4964	5103	1.0280016116035455
GSM6339603	GTGGACACACTAAGAA-1	2925	3511	1.2003418803418804
GSM6339603	GTGGACACACTGACTA-1	36978	37312	1.0090323976418412
GSM6339603	GTGGATGCAGCTACGT-1	1655	1620	0.9788519637462235
GSM6339603	GTGGATGCAGTTAGCC-1	4187	4143	0.989491282541199
GSM6339603	GTGGATGCATAGGCGA-1	15665	15603	0.9960421321417172
GSM6339603	GTGGATGCATATAACC-1	7158	6650	0.9290304554344789
GSM6339603	GTGGATGCATCCGTAA-1	2198	2339	1.0641492265696086
GSM6339603	GTGGATGCATGAGTTT-1	1248	1499	1.201121794871795
GSM6339603	GTGGCTTCAATTATGC-1	2834	3508	1.2378263937896965
GSM6339603	GTGGCTTCAGTTAAAG-1	39420	49657	1.2596905124302384
GSM6339603	GTGGTTAGTAATGGAA-1	1653	1019	0.616454930429522
GSM6339603	GTGGTTAGTCCCGGAA-1	1523	1910	1.2541037426132633
GSM6339603	GTGGTTAGTGAGCGAA-1	7185	5211	0.7252609603340292
GSM6339603	GTGGTTAGTGCTTTAC-1	33871	39089	1.1540550913761034
GSM6339603	GTGGTTAGTGTTTGTC-1	3514	3897	1.1089926010244735
GSM6339603	GTGGTTAGTTCGCGCT-1	4537	5444	1.1999118360149879
GSM6339603	GTGGTTAGTTTGTGGA-1	1144	1176	1.027972027972028
GSM6339603	GTGTAACTCAATGACC-1	19969	19772	0.9901347087986379
GSM6339603	GTGTAACTCAGCTAAC-1	1469	1423	0.9686861810755616
GSM6339603	GTGTAACTCCCGAACA-1	4804	5516	1.148209825145712
GSM6339603	GTGTAACTCGGTTTCC-1	12414	8376	0.6747220879652006
GSM6339603	GTGTAACTCTAGCGAT-1	865	816	0.9433526011560693
GSM6339603	GTGTAACTCTCCTCAA-1	9299	11331	1.2185181202279816
GSM6339603	GTGTAACTCTTAGCCC-1	27767	26082	0.9393164547844564
GSM6339603	GTGTAACTCTTAGGAC-1	839	1027	1.2240762812872468
GSM6339603	GTGTAACTCTTGGACG-1	3487	3547	1.0172067679954115
GSM6339603	GTGTAACTCTTTAAGG-1	855	928	1.0853801169590642
GSM6339603	GTGTCCAAGAACCTGT-1	1073	1043	0.9720410065237651
GSM6339603	GTGTCCAAGACAGGTA-1	1441	1666	1.156141568355309
GSM6339603	GTGTCCAAGAGAGCCG-1	1973	2154	1.0917384693360366
GSM6339603	GTGTCCAAGGAACGGT-1	35404	44615	1.2601683425601626
GSM6339603	GTGTCCAAGGACTAAG-1	1551	1510	0.973565441650548
GSM6339603	GTGTCCAAGGCCTGGT-1	3396	4012	1.1813898704358068
GSM6339603	GTGTCCAAGGTCCTGA-1	38614	49864	1.29134510799192
GSM6339603	GTGTCCAAGGTGAAAT-1	6260	7472	1.1936102236421726
GSM6339603	GTGTCCAAGGTGTTAC-1	15192	12318	0.8108214849921012
GSM6339603	GTGTGAGCAAGCCAGA-1	16836	22301	1.3246020432406747
GSM6339603	GTGTGAGCAATTGACT-1	9803	7109	0.725186167499745
GSM6339603	GTGTGAGCACTGGCTG-1	624	605	0.969551282051282
GSM6339603	GTGTGAGCAGGACCAA-1	552	556	1.0072463768115942
GSM6339603	GTGTGAGCATCCGTAA-1	486	227	0.4670781893004115
GSM6339603	GTGTGAGCATTGTCCT-1	12371	10605	0.8572467868401907
GSM6339603	GTGTGCGGTACGATTG-1	595	549	0.9226890756302522
GSM6339603	GTGTGCGGTCGACTAA-1	25757	30598	1.1879489070932174
GSM6339603	GTGTGCGGTGATGAAA-1	897	841	0.9375696767001115
GSM6339603	GTGTGCGGTGTCCAGG-1	1250	1257	1.0056
GSM6339603	GTGTGCGGTTCCTCCT-1	1252	1163	0.9289137380191693
GSM6339603	GTGTGCGGTTCGCGCT-1	1031	891	0.8642095053346266
GSM6339603	GTGTGTTAGCAAGGAC-1	1128	1250	1.1081560283687943
GSM6339603	GTGTGTTAGGAGGGTT-1	1298	981	0.7557781201848999
GSM6339603	GTGTGTTAGGAGGTTA-1	3408	3444	1.0105633802816902
GSM6339603	GTGTGTTAGTTATTCC-1	2381	2444	1.0264594708105839
GSM6339603	GTGTGTTAGTTTCCTG-1	18282	17379	0.9506071545782737
GSM6339603	GTGTTACAGCTAATCA-1	986	1116	1.13184584178499
GSM6339603	GTGTTACAGCTTTGTT-1	10868	10104	0.9297018770702982
GSM6339603	GTGTTACAGGGTCCAC-1	11542	10094	0.8745451394905562
GSM6339603	GTGTTACAGTCAGGCC-1	21838	21860	1.0010074182617457
GSM6339603	GTGTTACAGTCATTTC-1	3046	2440	0.8010505581089954
GSM6339603	GTGTTACAGTTAACCA-1	3180	2905	0.9135220125786163
GSM6339603	GTGTTACAGTTTGGGT-1	1415	1439	1.0169611307420494
GSM6339603	GTGTTCCTCAGTGAAG-1	4538	4492	0.989863375936536
GSM6339603	GTGTTCCTCATCGTTT-1	2905	2952	1.0161790017211705
GSM6339603	GTGTTCCTCCCTCAAC-1	19674	22553	1.146335264816509
GSM6339603	GTGTTCCTCCGCCTAT-1	33535	51178	1.526107052333383
GSM6339603	GTGTTCCTCGATTCTT-1	1403	1526	1.0876692801140413
GSM6339603	GTGTTCCTCGTTAACA-1	3539	3677	1.038994066120373
GSM6339603	GTGTTCCTCTCACACC-1	15781	16947	1.073886318991192
GSM6339603	GTTAAACGTAGTTGGC-1	13941	12767	0.9157879635607202
GSM6339603	GTTAAACGTCCTAGTT-1	1045	753	0.7205741626794259
GSM6339603	GTTAAACGTTAGGTGC-1	20653	19966	0.9667360673994093
GSM6339603	GTTAAACGTTATCCTA-1	4491	3542	0.7886884880872856
GSM6339603	GTTAACCAGCAAACCT-1	757	804	1.0620871862615588
GSM6339603	GTTAACCAGCATGAAG-1	2119	2265	1.0689004247286455
GSM6339603	GTTAACCAGCATTTCT-1	3201	3475	1.0855982505467041
GSM6339603	GTTAACCAGCCAAATC-1	801	926	1.1560549313358301
GSM6339603	GTTAACCAGTAAGAAC-1	495	625	1.2626262626262625
GSM6339603	GTTAACCAGTCGCTAG-1	879	1044	1.1877133105802047
GSM6339603	GTTAACGGTAACCTAG-1	23134	30663	1.3254517160888735
GSM6339603	GTTAACGGTCATGCAA-1	1569	1670	1.0643722115997452
GSM6339603	GTTAACGGTCCTCCAA-1	17618	17395	0.9873424906345782
GSM6339603	GTTAACGGTGAGACTC-1	1235	1531	1.2396761133603238
GSM6339603	GTTAACGGTGCTCCAC-1	13018	11842	0.9096635427869104
GSM6339603	GTTAACGGTGTAACCA-1	763	857	1.1231979030144168
GSM6339603	GTTAACGGTTGTAACG-1	1575	1616	1.026031746031746
GSM6339603	GTTAAGCTCAATTACG-1	1070	1102	1.0299065420560747
GSM6339603	GTTAAGCTCACAGCGC-1	5193	5836	1.1238205276333526
GSM6339603	GTTAAGCTCGCTTGCT-1	732	836	1.1420765027322404
GSM6339603	GTTAAGCTCTCAATAG-1	2255	1494	0.6625277161862527
GSM6339603	GTTAAGTGTAGCTAAT-1	29547	32840	1.1114495549463566
GSM6339603	GTTAAGTGTAGCTGGT-1	18560	18748	1.0101293103448277
GSM6339603	GTTAAGTGTAGGTTTG-1	4801	4961	1.033326390335347
GSM6339603	GTTAAGTGTGCACGCA-1	1432	1431	0.9993016759776536
GSM6339603	GTTAAGTGTGCGCGTA-1	3115	3362	1.0792937399678972
GSM6339603	GTTAAGTGTGTTTGTC-1	1513	1650	1.0905485789821547
GSM6339603	GTTAAGTGTTAACACG-1	1560	1533	0.9826923076923076
GSM6339603	GTTAAGTGTTCATTTG-1	2170	2321	1.0695852534562211
GSM6339603	GTTAAGTGTTGCGTAA-1	2917	2753	0.9437778539595475
GSM6339603	GTTAATGTCATGCTCC-1	2185	2427	1.1107551487414187
GSM6339603	GTTAATGTCGTTACAA-1	1338	1386	1.0358744394618835
GSM6339603	GTTAATGTCTGCAAAC-1	3233	3993	1.2350757810083515
GSM6339603	GTTACAGGTCACCAAA-1	6495	7213	1.1105465742879137
GSM6339603	GTTACAGGTCAGGAAG-1	14915	13657	0.9156553804894402
GSM6339603	GTTACAGGTCCTAATC-1	870	693	0.7965517241379311
GSM6339603	GTTACAGGTCGCGCAA-1	1162	1287	1.1075731497418244
GSM6339603	GTTACAGGTGCTAGCG-1	1844	1892	1.0260303687635575
GSM6339603	GTTACAGGTGGATTAT-1	30351	34795	1.1464202167968107
GSM6339603	GTTACAGGTGTTGTAG-1	14560	15143	1.0400412087912088
GSM6339603	GTTACAGGTTAGACCA-1	1014	1099	1.0838264299802762
GSM6339603	GTTACAGGTTGTAAAC-1	3426	3518	1.026853473438412
GSM6339603	GTTACCTGTAATCGTG-1	19853	20586	1.0369213720848234
GSM6339603	GTTACCTGTACGGTAC-1	28546	37547	1.3153156309115113
GSM6339603	GTTACCTGTCACACCC-1	1217	1132	0.9301561216105176
GSM6339603	GTTACCTGTCGAAGTC-1	1607	1618	1.0068450528935906
GSM6339603	GTTACCTGTTACCTGT-1	9864	7716	0.7822384428223844
GSM6339603	GTTACGCCAGAACCGA-1	638	681	1.067398119122257
GSM6339603	GTTACGCCAGAGAGCC-1	1482	1622	1.0944669365721997
GSM6339603	GTTACGCCAGCATGTC-1	1811	2205	1.2175593594699061
GSM6339603	GTTACGCCAGCCTAAC-1	971	1102	1.1349124613800206
GSM6339603	GTTACGCCAGTGAACG-1	8239	6287	0.7630780434518752
GSM6339603	GTTACGCCATAGCAGG-1	4361	2939	0.6739279981655584
GSM6339603	GTTACGCCATTGCGGT-1	2425	2501	1.031340206185567
GSM6339603	GTTACGTAGCCTGACA-1	4169	4973	1.192852002878388
GSM6339603	GTTACGTAGGTGTCCA-1	28451	41685	1.465150609820393
GSM6339603	GTTACGTAGTAACAGG-1	24489	19917	0.8133039323778023
GSM6339603	GTTACGTAGTGGCGGA-1	16567	15105	0.9117522786261846
GSM6339603	GTTACTAAGCTGTACG-1	8603	7957	0.9249099151458794
GSM6339603	GTTACTAAGCTTTGGG-1	16281	18359	1.127633437749524
GSM6339603	GTTACTAAGGATAAAC-1	9112	9385	1.0299604916593503
GSM6339603	GTTACTAAGGTAAGCA-1	1951	2326	1.1922091235263967
GSM6339603	GTTACTCGTAACCACA-1	3543	3815	1.0767710979395992
GSM6339603	GTTACTCGTAACGGGA-1	16597	12291	0.740555522082304
GSM6339603	GTTACTCGTACGCGCA-1	3658	3386	0.9256424275560415
GSM6339603	GTTACTCGTCAACAAT-1	2631	2774	1.0543519574306348
GSM6339603	GTTACTCGTCATCAAG-1	2143	2341	1.0923938404106392
GSM6339603	GTTACTCGTCATCATC-1	1616	1598	0.9888613861386139
GSM6339603	GTTACTCGTGTTTGAG-1	1500	1362	0.908
GSM6339603	GTTACTCGTGTTTGCT-1	11010	12431	1.1290644868301545
GSM6339603	GTTACTCGTTTACTTG-1	3395	4049	1.1926362297496318
GSM6339603	GTTAGACTCCATCAGG-1	4399	4792	1.0893384860195499
GSM6339603	GTTAGACTCCCGTTGT-1	12556	9491	0.755893596686843
GSM6339603	GTTAGACTCCGCCAAA-1	1078	1050	0.974025974025974
GSM6339603	GTTAGACTCGCTAGCA-1	980	1117	1.139795918367347
GSM6339603	GTTAGACTCTCTAGCC-1	28823	40127	1.392186795267668
GSM6339603	GTTAGGCGTAATCACG-1	19999	23516	1.175858792939647
GSM6339603	GTTAGGCGTCCTAGTT-1	596	846	1.419463087248322
GSM6339603	GTTAGGCGTTGAAGCC-1	3253	6824	2.0977559176145095
GSM6339603	GTTAGGCGTTGAGCCG-1	2483	2800	1.1276681433749496
GSM6339603	GTTCACCTCATCACTT-1	2726	3148	1.1548055759354365
GSM6339603	GTTCACCTCATCCTAT-1	3764	4292	1.1402763018065887
GSM6339603	GTTCACCTCCTGGTGA-1	555	658	1.1855855855855857
GSM6339603	GTTCACCTCGAAGTGA-1	12497	12001	0.9603104745138833
GSM6339603	GTTCACCTCTATCGCC-1	26941	35862	1.3311309899409822
GSM6339603	GTTCATTTCAGGGCCT-1	29225	32747	1.120513259195894
GSM6339603	GTTCATTTCCACAATA-1	3677	3025	0.8226815338591242
GSM6339603	GTTCATTTCCGCAAGC-1	2236	2527	1.1301431127012522
GSM6339603	GTTCATTTCCGGGACT-1	4544	4598	1.0118838028169015
GSM6339603	GTTCATTTCCTAAGTA-1	11176	10011	0.8957587687902648
GSM6339603	GTTCATTTCGGTTTCC-1	3184	3234	1.0157035175879396
GSM6339603	GTTCATTTCTTGCATT-1	639	656	1.02660406885759
GSM6339603	GTTCCCAGTACGTTTC-1	3051	3171	1.039331366764995
GSM6339603	GTTCCCAGTATTGGAT-1	2972	2574	0.8660834454912517
GSM6339603	GTTCCCAGTGAGGTAG-1	11637	12643	1.0864483973532697
GSM6339603	GTTCCCAGTGTGAGGA-1	1226	1427	1.16394779771615
GSM6339603	GTTCCCAGTTGCAATG-1	600	586	0.9766666666666667
GSM6339603	GTTCCTGGTAACAGGG-1	14187	14820	1.0446183125396489
GSM6339603	GTTCCTGGTCTTTATG-1	856	985	1.1507009345794392
GSM6339603	GTTCCTGGTGCGCAAT-1	43437	51764	1.191702926076847
GSM6339603	GTTCCTGGTTCGGTAA-1	4395	4426	1.0070534698521048
GSM6339603	GTTCCTTCAAGCTTAT-1	11446	11069	0.9670627293377599
GSM6339603	GTTCCTTCACAACAGG-1	1411	1583	1.1218993621545004
GSM6339603	GTTCCTTCATTCAGCA-1	516	608	1.178294573643411
GSM6339603	GTTCGCGCAACTGGGA-1	1884	2437	1.2935244161358812
GSM6339603	GTTCGCGCACATTAAC-1	2358	2523	1.0699745547073791
GSM6339603	GTTCGCGCAGCAATAA-1	902	1080	1.1973392461197339
GSM6339603	GTTCGCGCAGGCGAGT-1	3287	3306	1.0057803468208093
GSM6339603	GTTCGCGCAGGCTAGA-1	1551	1763	1.1366860090264346
GSM6339603	GTTCGCGCAGTTTGTG-1	1827	2166	1.1855500821018063
GSM6339603	GTTCGCGCATAATTGC-1	3455	4111	1.1898697539797396
GSM6339603	GTTCGCGCATTAAGTC-1	10211	9148	0.8958965821173245
GSM6339603	GTTCGCTTCAGCTAAC-1	10889	7936	0.7288088897052071
GSM6339603	GTTCGCTTCATTCATC-1	817	855	1.0465116279069768
GSM6339603	GTTCGCTTCGTTACTT-1	30029	39601	1.3187585334176963
GSM6339603	GTTCGCTTCTCACTAT-1	948	1040	1.0970464135021096
GSM6339603	GTTCGCTTCTCGACCT-1	4038	4666	1.1555225359088657
GSM6339603	GTTCGCTTCTGGCTTC-1	1294	1677	1.295981452859351
GSM6339603	GTTCGCTTCTTCAATC-1	27156	37748	1.3900427161584916
GSM6339603	GTTCTCATCCAGGAAA-1	14821	14419	0.9728763241346737
GSM6339603	GTTCTCATCCGCAAAT-1	1455	1366	0.9388316151202749
GSM6339603	GTTCTCATCCGCAAGC-1	25397	29953	1.1793912666850415
GSM6339603	GTTCTCATCCGCACAA-1	3908	3523	0.9014841351074718
GSM6339603	GTTCTCATCTAAGTGC-1	28599	35211	1.2311968949963286
GSM6339603	GTTCTCATCTAATTGG-1	1010	951	0.9415841584158415
GSM6339603	GTTCTCATCTTTGACT-1	665	586	0.881203007518797
GSM6339603	GTTCTTAGTCAAGTGC-1	910	1075	1.1813186813186813
GSM6339603	GTTCTTAGTCGACTAA-1	21484	25292	1.1772481846955873
GSM6339603	GTTCTTAGTGCTGGTG-1	1285	1534	1.1937743190661478
GSM6339603	GTTCTTAGTTGCAGTA-1	1012	862	0.8517786561264822
GSM6339603	GTTCTTAGTTTCGCCA-1	685	863	1.2598540145985402
GSM6339603	GTTCTTGTCAATGAGG-1	2884	3586	1.2434119278779472
GSM6339603	GTTCTTGTCACCAATA-1	4450	5631	1.2653932584269663
GSM6339603	GTTCTTGTCACTCAAA-1	5386	6839	1.2697734868176755
GSM6339603	GTTCTTGTCATGACCG-1	760	702	0.9236842105263158
GSM6339603	GTTCTTGTCATGCGTG-1	4217	5144	1.2198245198008062
GSM6339603	GTTCTTGTCATGCTAA-1	1737	1803	1.0379965457685665
GSM6339603	GTTCTTGTCCAATTAG-1	26869	35192	1.309762179463322
GSM6339603	GTTCTTGTCCCAGTAG-1	1979	2298	1.1611925214754926
GSM6339603	GTTCTTGTCCGTCCAT-1	3204	3736	1.1660424469413233
GSM6339603	GTTCTTGTCCTAGTAA-1	2492	2703	1.0846709470304976
GSM6339603	GTTGCATAGACAGGTA-1	27685	29092	1.0508217446270545
GSM6339603	GTTGCATAGATAAAGC-1	564	650	1.1524822695035462
GSM6339603	GTTGCATAGCGAAGTA-1	1676	2080	1.2410501193317423
GSM6339603	GTTGCATAGCTAGAAG-1	747	697	0.9330655957161981
GSM6339603	GTTGCCCGTAATCGTG-1	922	881	0.955531453362256
GSM6339603	GTTGCCCGTAGTTAAC-1	1727	1724	0.998262883613202
GSM6339603	GTTGCCCGTATTGCAG-1	3914	3123	0.7979049565661727
GSM6339603	GTTGCCCGTGATGGCT-1	2532	2760	1.0900473933649288
GSM6339603	GTTGCCCGTGATTACG-1	888	880	0.990990990990991
GSM6339603	GTTGCCCGTGCATTTC-1	23021	25643	1.1138960079927023
GSM6339603	GTTGCCCGTTCAAGCA-1	1551	1506	0.9709864603481625
GSM6339603	GTTGCCCGTTGAGCCG-1	21781	17956	0.8243882282723475
GSM6339603	GTTGCCCGTTGCGGAT-1	5707	5723	1.002803574557561
GSM6339603	GTTGCGGGTATTCGTC-1	2318	2407	1.03839516824849
GSM6339603	GTTGCTGAGACAACAG-1	24126	28758	1.1919920417806515
GSM6339603	GTTGCTGAGCGAGCGA-1	2095	2027	0.9675417661097852
GSM6339603	GTTGCTGAGCGATAGA-1	1912	1999	1.0455020920502092
GSM6339603	GTTGCTGAGGAGTCGG-1	22322	20264	0.9078039602186184
GSM6339603	GTTGCTGAGGATAAAC-1	8831	11480	1.2999660287623145
GSM6339603	GTTGCTGAGGATTGAG-1	1245	1139	0.914859437751004
GSM6339603	GTTGCTGAGGCTGGCT-1	28680	32211	1.1231171548117156
GSM6339603	GTTGCTGAGGGCCATC-1	3130	2959	0.9453674121405751
GSM6339603	GTTGCTGAGTGAGCAA-1	1071	945	0.8823529411764706
GSM6339603	GTTGGAGCAAGTGTCC-1	531	549	1.0338983050847457
GSM6339603	GTTGGAGCAGTAGGAT-1	22033	23944	1.0867335360595471
GSM6339603	GTTGGAGCATAGCTTG-1	3754	3743	0.9970697922216303
GSM6339603	GTTGGCCAGCACAGAA-1	5549	4322	0.7788790773112273
GSM6339603	GTTGGCCAGCCGCAAC-1	2057	2292	1.1142440447253281
GSM6339603	GTTGGCCAGGAGTCTT-1	8700	6362	0.7312643678160919
GSM6339603	GTTGGCCAGGTGCGGA-1	4478	5487	1.22532380527021
GSM6339603	GTTGGCCAGTGAGCAA-1	3282	3420	1.0420475319926874
GSM6339603	GTTGGCGGTAACGTGC-1	1901	1868	0.9826407154129405
GSM6339603	GTTGGCGGTAGTTAAC-1	24393	28218	1.1568072807772722
GSM6339603	GTTGGCGGTCATTACC-1	9950	6907	0.6941708542713568
GSM6339603	GTTGGCGGTGCGCATG-1	2452	2656	1.0831973898858076
GSM6339603	GTTGGCGGTTCACCCA-1	20654	18402	0.8909654304250992
GSM6339603	GTTGGCGGTTGGCCGA-1	11215	11089	0.9887650468123049
GSM6339603	GTTGTGAGTATTGTCC-1	6675	4031	0.6038951310861423
GSM6339603	GTTGTGAGTCACCTAT-1	2557	2950	1.153695737192022
GSM6339603	GTTGTGAGTCCTTCTC-1	1132	1324	1.1696113074204948
GSM6339603	GTTGTGAGTGGATTCA-1	21050	26400	1.2541567695961995
GSM6339603	GTTGTGAGTTGTAAAC-1	8100	9386	1.1587654320987655
GSM6339603	GTTGTGAGTTGTGACA-1	13581	9300	0.6847802076430307
GSM6339603	GTTGTTGCAAACCTTG-1	1976	1818	0.9200404858299596
GSM6339603	GTTGTTGCAACCGCCA-1	940	978	1.0404255319148936
GSM6339603	GTTGTTGCACCCTCAC-1	18948	17624	0.9301245514038421
GSM6339603	GTTGTTGCACGGTTTA-1	5357	3043	0.5680418144483853
GSM6339603	GTTGTTGCAGGTATTT-1	14986	16698	1.1142399572934738
GSM6339603	GTTGTTGCATGAGCAG-1	13850	14477	1.0452707581227436
GSM6339603	GTTGTTGCATGCTTAG-1	33926	41012	1.2088663561869952
GSM6339603	GTTGTTGCATGTTGCA-1	14932	14392	0.9638360567907849
GSM6339603	GTTTAACCAAGGTACG-1	1262	969	0.7678288431061807
GSM6339603	GTTTAACCAATTGCGC-1	17957	25692	1.4307512390711143
GSM6339603	GTTTAACCAGTTATGT-1	17888	20063	1.1215898926654742
GSM6339603	GTTTAACCAGTTTGGC-1	17733	19426	1.0954717193932217
GSM6339603	GTTTAACCATAACGGG-1	15398	15741	1.0222756202104168
GSM6339603	GTTTAACCATCATGTG-1	7133	5677	0.7958783120706575
GSM6339603	GTTTAACCATGGCCCA-1	666	737	1.1066066066066067
GSM6339603	GTTTACCGTCATTGAG-1	529	468	0.8846880907372401
GSM6339603	GTTTACCGTGATCATG-1	4588	4491	0.9788578901482128
GSM6339603	GTTTACCGTGGATGTC-1	1277	1348	1.0555990602975724
GSM6339603	GTTTACCGTTAGACCA-1	30718	41909	1.3643140829481086
GSM6339603	GTTTACCGTTAGGCGT-1	28451	30383	1.0679062247372675
GSM6339603	GTTTACCGTTGTTGGA-1	3036	3130	1.030961791831357
GSM6339603	GTTTACCGTTTGCGCC-1	823	812	0.9866342648845686
GSM6339603	GTTTAGCAGAAACTGG-1	2973	4011	1.3491422805247224
GSM6339603	GTTTAGCAGGACAATG-1	1128	1184	1.049645390070922
GSM6339603	GTTTAGCAGGACCGCT-1	29066	26997	0.9288171747058419
GSM6339603	GTTTAGCAGTAAGTCC-1	1171	1179	1.0068317677198975
GSM6339603	GTTTAGCAGTCCTTCA-1	12489	14526	1.1631035311073745
GSM6339603	GTTTAGCAGTTAGAGG-1	16092	18349	1.1402560278399205
GSM6339603	GTTTATCTCATTCATC-1	8596	6675	0.7765239646347138
GSM6339603	GTTTATCTCCATAATG-1	6746	4907	0.7273940112659354
GSM6339603	GTTTATCTCCCTCAGT-1	1033	995	0.9632139399806389
GSM6339603	GTTTATCTCCGCAACA-1	1438	1576	1.0959666203059806
GSM6339603	GTTTATCTCTAAGTGC-1	2995	3042	1.0156928213689482
GSM6339603	GTTTATCTCTTTAAGG-1	11539	9809	0.8500736632290493
GSM6339603	GTTTCAGCAAAGGTAC-1	4721	5498	1.1645837746240204
GSM6339603	GTTTCAGCAAATGCCC-1	8014	8976	1.120039930122286
GSM6339603	GTTTCAGCAACTAACT-1	6001	6492	1.0818196967172138
GSM6339603	GTTTCAGCAACTAGCC-1	2395	2459	1.026722338204593
GSM6339603	GTTTCAGCAATAGTCT-1	488	495	1.014344262295082
GSM6339603	GTTTCAGCAGTAGGAT-1	28052	24258	0.8647511763867104
GSM6339603	GTTTCAGCATTATGAC-1	1528	1442	0.943717277486911
GSM6339603	GTTTCAGCATTGTGCA-1	3246	3387	1.043438077634011
GSM6339603	GTTTCCTCAACACCTA-1	1878	2118	1.1277955271565496
GSM6339603	GTTTCCTCAAGCTACC-1	11089	8130	0.733158986382902
GSM6339603	GTTTCCTCAATTTAGC-1	37055	50757	1.3697746592902442
GSM6339603	GTTTCCTCACCAAAGG-1	935	863	0.9229946524064171
GSM6339603	GTTTCCTCACTGGCCA-1	2194	2591	1.1809480401093893
GSM6339603	GTTTCCTCACTTAACG-1	1758	1861	1.058589306029579
GSM6339603	GTTTCCTCATAATCGT-1	7912	6435	0.8133215369059656
GSM6339603	GTTTCCTCATCAGTAT-1	987	1087	1.1013171225937184
GSM6339603	GTTTCCTCATCATGGC-1	2267	2328	1.026907807675342
GSM6339603	GTTTCCTCATTAGGCC-1	693	685	0.9884559884559885
GSM6339603	GTTTCTAGTAAGCACC-1	3245	4030	1.2419106317411401
GSM6339603	GTTTCTAGTCATTAGG-1	2358	1828	0.7752332485156913
GSM6339603	GTTTCTAGTCATTGTC-1	12342	9709	0.7866634257008589
GSM6339603	GTTTCTAGTCCAAATG-1	1771	2335	1.3184641445511012
GSM6339603	GTTTCTAGTCCCGGAA-1	501	686	1.3692614770459082
GSM6339603	GTTTCTAGTGACATGC-1	33448	37949	1.134567089213107
GSM6339603	GTTTCTAGTGCGCATG-1	11471	10954	0.9549298230319937
GSM6339603	GTTTCTAGTTACTTGC-1	15355	19314	1.2578313253012048
GSM6339603	GTTTCTAGTTAGGTTG-1	8569	6676	0.7790874080989614
GSM6339603	GTTTCTAGTTAGTACG-1	21352	32071	1.5020138628699888
GSM6339603	GTTTCTAGTTGCACGG-1	1879	2023	1.0766365087812666
GSM6339603	GTTTCTAGTTTCAGGA-1	1448	1842	1.272099447513812
GSM6339603	GTTTCTAGTTTGCGCC-1	927	1186	1.279395900755124
GSM6339603	GTTTGCTGTAAGCACC-1	24817	34301	1.382157392110247
GSM6339603	GTTTGCTGTAGCTGGT-1	13607	17473	1.2841184684353641
GSM6339603	GTTTGCTGTGCATTAG-1	8613	5456	0.6334610472541508
GSM6339603	GTTTGCTGTGCTCCAC-1	450	441	0.98
GSM6339603	GTTTGCTGTGCTTAGA-1	1960	1399	0.7137755102040816
GSM6339603	GTTTGCTGTGGTTAGC-1	4490	4424	0.9853006681514477
GSM6339603	GTTTGTAAGACAACAG-1	27815	28997	1.0424950566241238
GSM6339603	GTTTGTAAGGAAGCTA-1	4442	4529	1.0195857721746961
GSM6339603	GTTTGTAAGGATGATG-1	9259	9189	0.9924397883140728
GSM6339603	GTTTGTAAGGGCTAAA-1	11822	14634	1.2378616139401117
GSM6339603	GTTTGTAAGGTTTGAC-1	12207	10069	0.8248545916277545
GSM6339603	GTTTGTAAGTGAAGTG-1	1872	1909	1.0197649572649572
GSM6339603	GTTTGTAAGTTATCCT-1	20565	17507	0.8513007537077559
GSM6339603	GTTTGTAAGTTATCTC-1	2984	3496	1.1715817694369972
GSM6339603	GTTTGTAAGTTCCCAC-1	2751	3154	1.1464921846601235
GSM6339603	GTTTGTCGTAATAGCT-1	19283	27158	1.408390810558523
GSM6339603	GTTTGTCGTCAGTAAT-1	8684	6719	0.7737217871948411
GSM6339603	GTTTGTCGTTACTTCA-1	22132	21616	0.9766853424905114
GSM6339603	GTTTGTCGTTTATCGC-1	2475	1920	0.7757575757575758
GSM6339603	GTTTGTTTCAATGTGC-1	1061	1099	1.0358152686145146
GSM6339603	GTTTGTTTCACTTTAC-1	1338	1375	1.0276532137518684
GSM6339603	GTTTGTTTCCATAAGC-1	16018	15814	0.9872643276314147
GSM6339603	GTTTGTTTCCTAATAG-1	2806	2776	0.9893086243763364
GSM6339603	GTTTGTTTCCTTCTAG-1	25478	25546	1.002668969306853
GSM6339603	GTTTGTTTCCTTGCAC-1	2562	3031	1.1830601092896176
GSM6339603	GTTTGTTTCGCTATGG-1	27569	39321	1.4262758895861294
GSM6339603	GTTTGTTTCTCAATTC-1	1216	1665	1.3692434210526316
GSM6339603	GTTTGTTTCTTGACCC-1	2696	3441	1.2763353115727003
GSM6339603	TAAACAGCAATAACCT-1	496	649	1.3084677419354838
GSM6339603	TAAACAGCAGCTACGT-1	8655	6401	0.7395725014442519
GSM6339603	TAAAGCCTCAGGTCCA-1	6717	7497	1.1161232693166592
GSM6339603	TAAAGCCTCATCCACC-1	4309	5192	1.2049199350197262
GSM6339603	TAAAGCCTCCAAGTTA-1	9923	11646	1.1736370049380227
GSM6339603	TAAAGCCTCCCGTTAC-1	7558	8707	1.152024345064832
GSM6339603	TAAAGCCTCCGCATGA-1	2223	2186	0.9833558254610886
GSM6339603	TAAAGCCTCCGGTATG-1	22094	33160	1.5008599619806282
GSM6339603	TAAAGCCTCCTAACGG-1	727	682	0.938101788170564
GSM6339603	TAAAGCCTCGGTTCCT-1	7854	8757	1.1149732620320856
GSM6339603	TAAAGCCTCTAAATCG-1	26027	28384	1.090559803281208
GSM6339603	TAAAGCCTCTTAGTCT-1	7440	8938	1.2013440860215054
GSM6339603	TAAAGCCTCTTGATGA-1	13588	13005	0.957094495142773
GSM6339603	TAACAAGCACCTAAGC-1	6103	6790	1.1125675897099787
GSM6339603	TAACAAGCAGTTTACG-1	1106	1083	0.9792043399638336
GSM6339603	TAACAAGCATAAACCT-1	2026	2307	1.1386969397828233
GSM6339603	TAACAAGCATGCATAT-1	1325	1473	1.1116981132075472
GSM6339603	TAACAAGCATTAGCCA-1	793	805	1.0151324085750315
GSM6339603	TAACCAGGTAAACAAG-1	29369	35104	1.1952739282917362
GSM6339603	TAACCAGGTCAGGCAT-1	3195	3671	1.1489827856025039
GSM6339603	TAACCAGGTCATTACC-1	941	1054	1.120085015940489
GSM6339603	TAACCAGGTGAGCGAA-1	617	560	0.9076175040518638
GSM6339603	TAACCAGGTGTGTGGT-1	818	883	1.0794621026894866
GSM6339603	TAACCAGGTGTTTGAG-1	2451	2859	1.1664626682986536
GSM6339603	TAACCAGGTTAGGCTA-1	2438	2552	1.0467596390484004
GSM6339603	TAACCAGGTTCGGGAT-1	33129	32204	0.9720788433094871
GSM6339603	TAACCAGGTTGCTGGG-1	14779	12920	0.8742134109209013
GSM6339603	TAACCGGTCAATGAGG-1	2486	3137	1.261866452131939
GSM6339603	TAACCGGTCATCCACC-1	2007	2138	1.0652715495764824
GSM6339603	TAACCGGTCATCCTAT-1	3022	2164	0.7160820648577101
GSM6339603	TAACCGGTCCTTAGGG-1	7156	8442	1.179709334823924
GSM6339603	TAACCGGTCGGGCCAT-1	3844	4503	1.1714360041623308
GSM6339603	TAACCGGTCGTTAGTA-1	1371	1601	1.1677607585703866
GSM6339603	TAACCGGTCTCAATTC-1	30725	44102	1.4353783563873068
GSM6339603	TAACCTAAGCAGGTTT-1	1099	1041	0.9472247497725205
GSM6339603	TAACCTAAGCTCATAA-1	19543	23804	1.2180320319295912
GSM6339603	TAACCTAAGCTGAGGG-1	1451	1519	1.0468642315644383
GSM6339603	TAACCTAAGGACCTCA-1	3619	5094	1.4075711522520034
GSM6339603	TAACCTAAGTAAACCC-1	1363	1644	1.2061628760088041
GSM6339603	TAACCTAAGTTTGGTA-1	1787	1978	1.10688304420817
GSM6339603	TAAGCCAGTCAAAGGG-1	2623	1990	0.758673274876096
GSM6339603	TAAGCCAGTCAAGTAT-1	798	865	1.0839598997493733
GSM6339603	TAAGCCAGTCCGGTTC-1	28445	25188	0.88549833011074
GSM6339603	TAAGCCAGTGACATGC-1	2982	3226	1.0818242790073775
GSM6339603	TAAGCCAGTGACCTGG-1	15837	14695	0.9278903832796616
GSM6339603	TAAGCCAGTGAGCACT-1	2639	2703	1.024251610458507
GSM6339603	TAAGCCAGTTAAGCCA-1	32405	38952	1.202036722727974
GSM6339603	TAAGCCTAGACAGGCG-1	2733	3049	1.1156238565678742
GSM6339603	TAAGCCTAGCCATCAG-1	5948	4562	0.7669804976462676
GSM6339603	TAAGCCTAGTGCTGTG-1	568	531	0.9348591549295775
GSM6339603	TAAGCTATCAAGGACA-1	24174	25232	1.0437660296185984
GSM6339603	TAAGCTATCCCTCTAA-1	535	523	0.9775700934579439
GSM6339603	TAAGCTATCCTCATGC-1	1389	1351	0.97264218862491
GSM6339603	TAAGCTATCGCCTAAG-1	7780	6574	0.844987146529563
GSM6339603	TAAGCTATCGCCTGTT-1	1175	1301	1.1072340425531915
GSM6339603	TAAGCTATCGGCCATA-1	686	750	1.0932944606413995
GSM6339603	TAAGCTGGTAGACAAA-1	452	527	1.165929203539823
GSM6339603	TAAGCTGGTAGGATCC-1	1900	2036	1.071578947368421
GSM6339603	TAAGCTGGTCAAGTGC-1	16922	18408	1.0878146791159438
GSM6339603	TAAGCTGGTGAGACTC-1	14929	13601	0.9110456159153326
GSM6339603	TAAGCTGGTGGTGAGA-1	1307	1404	1.0742157612853864
GSM6339603	TAAGCTGGTTACAAAC-1	5446	4130	0.7583547557840618
GSM6339603	TAAGCTGGTTGGTTAG-1	4656	5423	1.164733676975945
GSM6339603	TAAGGACCACAACAGG-1	508	716	1.4094488188976377
GSM6339603	TAAGGCTTCATAGCCG-1	26716	33653	1.2596571343015421
GSM6339603	TAAGGCTTCATGCTTT-1	1300	1622	1.2476923076923077
GSM6339603	TAAGGCTTCATTACGA-1	18812	17714	0.9416330002126302
GSM6339603	TAAGGCTTCATTCATC-1	13239	12157	0.9182717727925069
GSM6339603	TAAGGCTTCCAAACAC-1	3427	3949	1.1523198132477386
GSM6339603	TAAGGCTTCCAAATCA-1	17749	20370	1.147670291284016
GSM6339603	TAAGGCTTCTAACCTT-1	1598	1554	0.9724655819774718
GSM6339603	TAAGGCTTCTTGTCCA-1	36528	52278	1.4311760840998686
GSM6339603	TAAGTAGCAAGGACCA-1	4732	5726	1.2100591715976332
GSM6339603	TAAGTAGCAATATGGA-1	20087	25058	1.2474734903171205
GSM6339603	TAAGTAGCAATTATGC-1	2235	2501	1.1190156599552572
GSM6339603	TAAGTAGCACACTAAT-1	7585	6475	0.8536585365853658
GSM6339603	TAAGTAGCAGTATGTT-1	2081	2245	1.0788082652570878
GSM6339603	TAAGTAGCAGTTATCG-1	18073	18168	1.0052564599125768
GSM6339603	TAAGTGCTCCAGGTCA-1	23154	28269	1.2209121534076186
GSM6339603	TAAGTGCTCCTGGTGA-1	1308	1227	0.9380733944954128
GSM6339603	TAAGTGCTCGCAATCG-1	15936	17184	1.0783132530120483
GSM6339603	TAATCACCAATGAAGC-1	1454	1570	1.079779917469051
GSM6339603	TAATCACCACTAGCGT-1	8015	9838	1.2274485339987524
GSM6339603	TAATCCGCAACTAACT-1	6006	6396	1.0649350649350648
GSM6339603	TAATCCGCAAGCTTAT-1	8820	12660	1.435374149659864
GSM6339603	TAATCCGCAGCTAATT-1	19428	23780	1.2240065884290714
GSM6339603	TAATCCGCAGGAACAT-1	469	710	1.5138592750533049
GSM6339603	TAATCCGCAGTCTAAT-1	1419	1694	1.193798449612403
GSM6339603	TAATGCATCAATCATG-1	429	412	0.9603729603729604
GSM6339603	TAATGCATCACGCGGT-1	9211	9179	0.9965258929540767
GSM6339603	TAATGCATCAGCTAAC-1	3451	4060	1.1764705882352942
GSM6339603	TAATGCATCGTCAAGT-1	1197	1485	1.2406015037593985
GSM6339603	TAATGCATCTAACCAA-1	790	695	0.879746835443038
GSM6339603	TAATGCATCTTGTCTG-1	17941	16995	0.947271612507664
GSM6339603	TAATGGACAAGGACCA-1	3999	4503	1.1260315078769692
GSM6339603	TAATGGACACCTGCCT-1	685	829	1.2102189781021897
GSM6339603	TAATGGACAGGAACTG-1	1692	2316	1.3687943262411348
GSM6339603	TAATGGTGTGGACATC-1	2941	3428	1.1655899353961239
GSM6339603	TAATGGTGTGTTGCAA-1	4999	6132	1.2266453290658133
GSM6339603	TAATGGTGTTGTAAAC-1	2696	2757	1.0226261127596439
GSM6339603	TAATGGTGTTTAGTCC-1	2376	2104	0.8855218855218855
GSM6339603	TAATTGCCACATGCTA-1	912	1186	1.3004385964912282
GSM6339603	TAATTGCCAGGAAGCC-1	764	781	1.0222513089005236
GSM6339603	TAATTGCCAGGCTACT-1	1264	1418	1.1218354430379747
GSM6339603	TAATTGCCATAAACCT-1	34726	41430	1.1930541957035075
GSM6339603	TACAACATCAACAAGG-1	31343	41832	1.3346520754235396
GSM6339603	TACAACATCAAGCCTG-1	1259	1162	0.9229547259729944
GSM6339603	TACAACATCAGTGAAG-1	1361	1468	1.0786186627479795
GSM6339603	TACAACATCATAATCG-1	3854	4646	1.2055007784120395
GSM6339603	TACAACATCCAATTAG-1	13553	11355	0.8378218844536265
GSM6339603	TACAACATCCCGTTTA-1	433	514	1.1870669745958429
GSM6339603	TACAAGCTCAACAAGG-1	16075	13632	0.8480248833592535
GSM6339603	TACAAGCTCATGCTCC-1	1619	1831	1.130945027794935
GSM6339603	TACAAGCTCATGTCAA-1	586	639	1.0904436860068258
GSM6339603	TACAAGCTCCCATAGG-1	3826	4588	1.1991636173549398
GSM6339603	TACAAGCTCGTAATCA-1	2175	1526	0.7016091954022988
GSM6339603	TACAAGCTCGTTTCTG-1	1217	748	0.6146261298274446
GSM6339603	TACAAGCTCTGCAAAC-1	8997	6682	0.7426920084472602
GSM6339603	TACAAGCTCTTCAATC-1	667	528	0.7916041979010495
GSM6339603	TACAATGTCAAGTGAG-1	1126	1146	1.0177619893428065
GSM6339603	TACAATGTCCTCACTA-1	785	929	1.1834394904458598
GSM6339603	TACAGCTAGCACCACA-1	11305	12881	1.139407341884122
GSM6339603	TACAGCTAGCGAAGTA-1	943	997	1.0572640509013786
GSM6339603	TACAGCTAGGACCTTG-1	9850	11347	1.151979695431472
GSM6339603	TACAGCTAGGAGCATA-1	30805	31060	1.0082778769680247
GSM6339603	TACAGCTAGTTAGGCT-1	855	921	1.0771929824561404
GSM6339603	TACAGGTTCAGGATGA-1	1285	1559	1.2132295719844357
GSM6339603	TACAGGTTCATGAGCT-1	2775	2350	0.8468468468468469
GSM6339603	TACAGGTTCCGCACAA-1	2914	3281	1.1259437199725464
GSM6339603	TACAGGTTCGGTTACG-1	3944	3416	0.8661257606490872
GSM6339603	TACATCAAGCCTGACA-1	8440	6018	0.7130331753554502
GSM6339603	TACATCAAGCTAATCA-1	3108	3413	1.098133848133848
GSM6339603	TACATCAAGCTCCTTA-1	664	732	1.1024096385542168
GSM6339603	TACATCAAGGCAGGTG-1	1345	1457	1.083271375464684
GSM6339603	TACATCAAGGTGCTGC-1	1531	1658	1.0829523187459178
GSM6339603	TACCAAATCAAGGACA-1	4883	3083	0.6313741552324391
GSM6339603	TACCAAATCAGTGAAG-1	1709	1777	1.039789350497367
GSM6339603	TACCAAATCGAGGAGT-1	6595	4981	0.7552691432903715
GSM6339603	TACCAAATCGCACAAT-1	647	638	0.9860896445131375
GSM6339603	TACCAAATCTTTGAGA-1	9387	9364	0.9975498029189305
GSM6339603	TACCAGGTCCGCACAA-1	3592	4012	1.1169265033407572
GSM6339603	TACCAGGTCGTGCTTC-1	529	456	0.8620037807183365
GSM6339603	TACCCGGCAAGCTAAA-1	1629	1668	1.0239410681399632
GSM6339603	TACCCGGCAAGGAATC-1	2897	3491	1.205039696237487
GSM6339603	TACCCGGCAAGGTACG-1	826	836	1.0121065375302662
GSM6339603	TACCCGGCACTAAGAA-1	15201	13524	0.8896783106374581
GSM6339603	TACCCGGCACTGACTA-1	9360	11472	1.2256410256410257
GSM6339603	TACCCGGCAGAGAGCC-1	3992	5337	1.3369238476953909
GSM6339603	TACCCGGCAGTAAGTA-1	1490	1786	1.1986577181208053
GSM6339603	TACCCGGCATATTGAC-1	4254	5716	1.3436765397273154
GSM6339603	TACCGAAGTAACCACA-1	636	831	1.3066037735849056
GSM6339603	TACCGAAGTACCAGGT-1	3412	3708	1.0867526377491208
GSM6339603	TACCGAAGTAGCTAAT-1	676	708	1.047337278106509
GSM6339603	TACCGAAGTATTCGTC-1	1607	1580	0.9831985065339142
GSM6339603	TACCGAAGTCAAGACC-1	666	556	0.8348348348348348
GSM6339603	TACCGAAGTGAGAAAC-1	2841	2571	0.9049630411826821
GSM6339603	TACCGCAAGCCGCTAA-1	1836	1994	1.0860566448801743
GSM6339603	TACCGCAAGGCATTAC-1	2160	2411	1.1162037037037038
GSM6339603	TACCGCAAGTTGGGCC-1	1205	1356	1.125311203319502
GSM6339603	TACCGTTGTGCTTTAC-1	3003	3518	1.1714951714951716
GSM6339603	TACCGTTGTTAGCAGC-1	35213	34653	0.984096782438304
GSM6339603	TACCGTTGTTCCTGTG-1	2391	2433	1.0175658720200753
GSM6339603	TACCGTTGTTGAAGCC-1	16462	18220	1.1067913983720084
GSM6339603	TACCGTTGTTGCTTCG-1	1745	1886	1.0808022922636102
GSM6339603	TACCGTTGTTTACGTC-1	5022	5766	1.1481481481481481
GSM6339603	TACCTCATCAATGTGC-1	6385	5181	0.811433046202036
GSM6339603	TACCTCATCACACAGT-1	7448	8733	1.1725295381310419
GSM6339603	TACCTCATCCCTCACG-1	2227	2729	1.2254153569824877
GSM6339603	TACCTCATCGCTATAA-1	4826	4994	1.0348114380439286
GSM6339603	TACCTCATCTTGATGA-1	3132	2997	0.9568965517241379
GSM6339603	TACCTGCTCACTAAGC-1	7056	5318	0.7536848072562359
GSM6339603	TACCTGCTCCCGTTAC-1	18339	14730	0.803206281694749
GSM6339603	TACCTGCTCCGGTTGA-1	6521	4182	0.6413126821039717
GSM6339603	TACCTGCTCCTCACTA-1	25813	30536	1.1829698214078177
GSM6339603	TACCTGCTCGACAAAG-1	956	871	0.9110878661087866
GSM6339603	TACCTGCTCGCAGGCT-1	22155	20668	0.932881967953058
GSM6339603	TACCTGCTCTAAGGAG-1	6324	6500	1.027830487033523
GSM6339603	TACCTGCTCTCACTAT-1	1660	1889	1.1379518072289156
GSM6339603	TACCTTAGTAGGATCC-1	23346	27400	1.1736485907650134
GSM6339603	TACCTTAGTCAAAGGG-1	1984	2177	1.0972782258064515
GSM6339603	TACCTTAGTCAATACG-1	894	946	1.058165548098434
GSM6339603	TACCTTAGTCACACCC-1	534	548	1.0262172284644195
GSM6339603	TACCTTAGTCGCAAAC-1	861	975	1.132404181184669
GSM6339603	TACCTTAGTGACATAT-1	1000	1114	1.114
GSM6339603	TACCTTAGTGCGCGTA-1	11223	10790	0.9614185155484274
GSM6339603	TACCTTAGTGTTTGCT-1	670	736	1.0985074626865672
GSM6339603	TACCTTAGTTCCGCAC-1	8701	7676	0.88219744856913
GSM6339603	TACCTTTAGACAGGCG-1	21941	34254	1.5611868191969371
GSM6339603	TACCTTTAGATTGAGG-1	18886	16955	0.8977549507571746
GSM6339603	TACCTTTAGCATGAAG-1	5923	4020	0.6787101131183522
GSM6339603	TACCTTTAGCGAGCGA-1	7560	5907	0.7813492063492063
GSM6339603	TACCTTTAGTAGAGGC-1	545	650	1.1926605504587156
GSM6339603	TACCTTTAGTAGCTTA-1	2465	2700	1.0953346855983772
GSM6339603	TACCTTTAGTTTAACG-1	948	1113	1.1740506329113924
GSM6339603	TACCTTTAGTTTCCGC-1	7281	5209	0.7154237055349539
GSM6339603	TACGCACCAAACGGGC-1	648	581	0.8966049382716049
GSM6339603	TACGCACCAAGGCCAA-1	485	568	1.1711340206185568
GSM6339603	TACGCACCACCAGGTT-1	19683	25512	1.2961438805060204
GSM6339603	TACGCACCACCTAAGC-1	8884	7590	0.8543448896893291
GSM6339603	TACGCACCAGCCTAAC-1	4164	4868	1.1690682036503361
GSM6339603	TACGCACCATAGCAGG-1	12540	18982	1.5137161084529505
GSM6339603	TACGCACCATATTGAC-1	401	501	1.2493765586034913
GSM6339603	TACGCACCATCCCTCA-1	1126	1107	0.9831261101243339
GSM6339603	TACGCACCATGTCGCG-1	1574	1555	0.9879288437102922
GSM6339603	TACGCACCATGTTTGG-1	1494	1790	1.1981258366800536
GSM6339603	TACGCTTGTATTCGCT-1	35444	39640	1.1183839295790543
GSM6339603	TACGCTTGTCATAGAT-1	942	964	1.0233545647558386
GSM6339603	TACGCTTGTCGTTACT-1	5187	4119	0.7941006362058993
GSM6339603	TACGCTTGTTTGTTGC-1	432	482	1.1157407407407407
GSM6339603	TACGGATTCACACAGT-1	7739	9877	1.27626308308567
GSM6339603	TACGGATTCACATTGA-1	22827	21814	0.9556227274718535
GSM6339603	TACGGATTCAGTGAAG-1	12297	12247	0.9959339676343824
GSM6339603	TACGGATTCATGCTTT-1	674	634	0.9406528189910979
GSM6339603	TACGGATTCGAGGTGG-1	2146	2669	1.243709226467847
GSM6339603	TACGGATTCGCTCCAT-1	27107	40753	1.5034124027004094
GSM6339603	TACGGATTCGTTTCCA-1	32630	36212	1.109776279497395
GSM6339603	TACGGATTCTAATCAG-1	5293	3670	0.6933686000377858
GSM6339603	TACGGATTCTGTGCCT-1	20511	21181	1.032665399054166
GSM6339603	TACGGTTAGCAAGACA-1	2241	2559	1.14190093708166
GSM6339603	TACGGTTAGCACGTTG-1	35890	49038	1.36634159933129
GSM6339603	TACGGTTAGGATCACT-1	6355	7286	1.146498819826908
GSM6339603	TACGGTTAGGCTGGCT-1	3457	4081	1.1805033265837432
GSM6339603	TACGGTTAGTAGGCGG-1	14768	14653	0.9922128927410617
GSM6339603	TACGGTTAGTTTGAGC-1	5261	5779	1.098460368751188
GSM6339603	TACGTAATCCAGCACA-1	884	1057	1.1957013574660633
GSM6339603	TACGTAATCCTAGTTT-1	2456	2557	1.0411237785016287
GSM6339603	TACGTAATCGCTAGCA-1	32506	48443	1.49027871777518
GSM6339603	TACGTACAGCACGATT-1	1538	1763	1.14629388816645
GSM6339603	TACGTACAGCATGGTT-1	1750	1960	1.12
GSM6339603	TACGTACAGCTCCCTG-1	4222	4253	1.00734249171009
GSM6339603	TACGTTAAGATGGAGC-1	1622	1864	1.1491985203452528
GSM6339603	TACGTTAAGGAAGTAT-1	885	839	0.9480225988700565
GSM6339603	TACGTTAAGGACGTAA-1	736	702	0.9538043478260869
GSM6339603	TACGTTAAGGGATGAC-1	17704	12136	0.6854948034342522
GSM6339603	TACGTTAAGTTTAACG-1	1547	1776	1.1480284421460891
GSM6339603	TACTAAGTCACCAATA-1	2359	2447	1.0373039423484527
GSM6339603	TACTAAGTCATAGCCG-1	40172	35924	0.8942547047694912
GSM6339603	TACTAAGTCCCTCAGT-1	681	851	1.249632892804699
GSM6339603	TACTAAGTCCTGTTCA-1	24678	32188	1.3043196369235757
GSM6339603	TACTAAGTCGGTACGC-1	7784	6257	0.8038283658787256
GSM6339603	TACTAAGTCTAAATCG-1	31885	29242	0.9171083581621452
GSM6339603	TACTAAGTCTACCTGC-1	1286	1283	0.9976671850699844
GSM6339603	TACTCAAAGAACCTGT-1	38442	44914	1.1683575256230165
GSM6339603	TACTCAAAGCCATCAG-1	10020	8323	0.8306387225548902
GSM6339603	TACTCAAAGGACCTCA-1	989	1075	1.0869565217391304
GSM6339603	TACTCAAAGGAGTCGG-1	2022	2655	1.3130563798219586
GSM6339603	TACTCAAAGGGATGAC-1	1373	1293	0.9417334304442826
GSM6339603	TACTCAAAGTCAATCA-1	3393	3599	1.0607132331270261
GSM6339603	TACTCAAAGTTGTCCC-1	25934	32133	1.2390298449911312
GSM6339603	TACTCGCTCCTTCTAG-1	3943	2100	0.5325893989348212
GSM6339603	TACTCGCTCGAGGTGG-1	8110	5993	0.7389642416769421
GSM6339603	TACTCGCTCGGTACGC-1	1465	1634	1.115358361774744
GSM6339603	TACTCGCTCGGTTCCT-1	519	483	0.930635838150289
GSM6339603	TACTCGCTCTTGGATA-1	1343	1321	0.9836187639612807
GSM6339603	TACTCGCTCTTTGTAC-1	27269	27631	1.0132751476035058
GSM6339603	TACTGACAGACAGGTA-1	1013	950	0.9378084896347483
GSM6339603	TACTGACAGATAGACG-1	788	631	0.800761421319797
GSM6339603	TACTGACAGGGTGAAC-1	1806	1922	1.0642303433001108
GSM6339603	TACTGACAGGTTACAC-1	3194	3761	1.1775203506574827
GSM6339603	TACTGACAGTCATCCC-1	7719	8675	1.1238502396683507
GSM6339603	TACTGACAGTTCCCAC-1	2306	2693	1.1678230702515178
GSM6339603	TACTGACAGTTCCTCA-1	2563	2775	1.0827155676941085
GSM6339603	TACTGACAGTTGCGTG-1	1575	1837	1.1663492063492062
GSM6339603	TACTGAGGTATTGGTG-1	2549	2730	1.0710082385249118
GSM6339603	TACTGAGGTCACAAAT-1	927	820	0.8845738942826321
GSM6339603	TACTGAGGTGAATCGC-1	1756	1652	0.9407744874715261
GSM6339603	TACTGAGGTTCCTGAT-1	4842	6315	1.3042131350681536
GSM6339603	TACTGCACAAGCGAGC-1	2199	2818	1.2814915870850387
GSM6339603	TACTGCACAAGTGAAC-1	2543	3010	1.1836413684624458
GSM6339603	TACTGCACACCTGTAA-1	1728	1785	1.0329861111111112
GSM6339603	TACTGCACACGTTACA-1	1099	1082	0.9845313921747043
GSM6339603	TACTGCACACTTGTTC-1	2648	3080	1.163141993957704
GSM6339603	TACTGCACAGGCTGTT-1	833	913	1.0960384153661464
GSM6339603	TACTGCACATTAAGTC-1	2302	2896	1.258036490008688
GSM6339603	TACTGGCCAAATTCGT-1	15299	18065	1.1807961304660435
GSM6339603	TACTGGCCAGCCTGCA-1	537	680	1.266294227188082
GSM6339603	TACTGGCCAGCTTAAT-1	3266	3688	1.129210042865891
GSM6339603	TACTGGCCATCAATCG-1	15653	16705	1.067207564045231
GSM6339603	TACTGGCCATCCCTCA-1	12069	11205	0.9284116331096197
GSM6339603	TACTGGCCATGTCAAT-1	11485	10314	0.8980409229429691
GSM6339603	TACTTCGTCAAGCTAC-1	899	932	1.0367074527252502
GSM6339603	TACTTCGTCATCCTCA-1	29092	35550	1.221985425546542
GSM6339603	TACTTCGTCATTACAG-1	1913	2191	1.145321484579195
GSM6339603	TACTTCGTCATTAGTG-1	1907	2118	1.1106449921342423
GSM6339603	TACTTCGTCCATCAGG-1	5490	6836	1.2451730418943534
GSM6339603	TACTTCGTCCGGTTAG-1	12298	12252	0.9962595543990893
GSM6339603	TACTTCGTCGTTACTT-1	2461	2833	1.1511580658268996
GSM6339603	TACTTGTTCACGCGGT-1	406	426	1.0492610837438423
GSM6339603	TACTTGTTCCTAAGGT-1	38019	42808	1.1259633341224125
GSM6339603	TACTTGTTCGTTAAGC-1	3371	3792	1.1248887570453872
GSM6339603	TACTTGTTCTAATCTC-1	17228	19794	1.1489435802182493
GSM6339603	TAGACCAGTATCTGGA-1	1762	2126	1.206583427922815
GSM6339603	TAGACCAGTATTGAGT-1	1311	1206	0.919908466819222
GSM6339603	TAGACCAGTCCCGGAA-1	1629	1854	1.138121546961326
GSM6339603	TAGACCAGTCCTAACT-1	1991	2110	1.0597689603214464
GSM6339603	TAGACCAGTCGCAATA-1	708	740	1.0451977401129944
GSM6339603	TAGACCAGTGGGTGAA-1	10316	7261	0.7038580845288872
GSM6339603	TAGACCAGTTAGTGAT-1	2323	2575	1.1084804132587172
GSM6339603	TAGACCAGTTGCATCT-1	12787	13498	1.0556033471494486
GSM6339603	TAGAGCCGTACTGAAT-1	1295	1421	1.0972972972972972
GSM6339603	TAGAGCCGTATTACCC-1	3658	4092	1.11864406779661
GSM6339603	TAGAGCCGTATTGAGT-1	3364	3521	1.0466706302021402
GSM6339603	TAGAGCCGTCACAAAT-1	1199	1239	1.0333611342785656
GSM6339603	TAGAGCCGTCATGAGC-1	2515	2644	1.0512922465208747
GSM6339603	TAGAGCCGTCGCAAAC-1	26582	31098	1.1698893988413213
GSM6339603	TAGAGCCGTGCTGGTG-1	1778	1821	1.0241844769403825
GSM6339603	TAGAGCCGTTGTCCAT-1	1577	1424	0.9029803424223208
GSM6339603	TAGCAGGCAAGGTATA-1	7937	9938	1.2521103691571123
GSM6339603	TAGCAGGCACGGTACT-1	761	808	1.0617608409986858
GSM6339603	TAGCAGGCAGGAATCG-1	1545	1552	1.0045307443365696
GSM6339603	TAGCAGGCAGGTCCTG-1	1109	1404	1.266005410279531
GSM6339603	TAGCAGGCAGGTTAAA-1	1129	1309	1.1594331266607618
GSM6339603	TAGCAGGCATTGCGTA-1	666	747	1.1216216216216217
GSM6339603	TAGCATATCATTACGA-1	898	1010	1.1247216035634744
GSM6339603	TAGCATATCCATCAGG-1	6359	3939	0.6194370183991194
GSM6339603	TAGCCGGGTAATCGGC-1	543	645	1.1878453038674033
GSM6339603	TAGCCGGGTCAAGTGC-1	618	637	1.0307443365695792
GSM6339603	TAGCCGGGTGACATGC-1	15809	18213	1.152065279271301
GSM6339603	TAGCCTCTCCAACTGG-1	9864	9613	0.9745539334955393
GSM6339603	TAGCCTCTCCACCCTG-1	1329	1216	0.9149736644093304
GSM6339603	TAGCCTCTCCTCGATC-1	4687	4240	0.904629827181566
GSM6339603	TAGCCTCTCGCATTAA-1	1274	1431	1.1232339089481946
GSM6339603	TAGCCTGAGCGCTCAA-1	18561	20121	1.0840471957329885
GSM6339603	TAGCCTGAGCTGAGGG-1	20155	20727	1.028380054577028
GSM6339603	TAGCCTGAGGTCCTGA-1	1793	1587	0.8851087562744004
GSM6339603	TAGCCTGAGTAAGAAC-1	2581	1655	0.6412243316543975
GSM6339603	TAGCCTGAGTAGAGGC-1	11771	12666	1.0760343216379238
GSM6339603	TAGCCTGAGTTGCCTC-1	1844	1803	0.9777657266811279
GSM6339603	TAGCCTTGTGTTTGTC-1	14654	14142	0.9650607342705063
GSM6339603	TAGCCTTGTTAACGAT-1	14242	15509	1.0889622244066846
GSM6339603	TAGCCTTGTTACTTGC-1	1213	1309	1.0791426215993405
GSM6339603	TAGCCTTGTTGAGCCG-1	2821	3107	1.1013824884792627
GSM6339603	TAGCCTTGTTGGTGAC-1	4864	5462	1.1229440789473684
GSM6339603	TAGCCTTGTTTAGCTC-1	485	500	1.0309278350515463
GSM6339603	TAGCGCGGTAACGAGG-1	24689	21710	0.8793389768722913
GSM6339603	TAGCGCGGTCTAACCT-1	1867	2222	1.1901446170326728
GSM6339603	TAGCGCGGTCTTGCTG-1	624	415	0.6650641025641025
GSM6339603	TAGCGCGGTGGTGAGA-1	894	896	1.0022371364653244
GSM6339603	TAGCGCGGTTGCATCT-1	1515	1519	1.0026402640264027
GSM6339603	TAGCGCGGTTGTTGCT-1	743	591	0.7954239569313594
GSM6339603	TAGCGCGGTTGTTGTC-1	1467	1499	1.021813224267212
GSM6339603	TAGCGCGGTTTATCGC-1	9045	14250	1.5754560530679933
GSM6339603	TAGCGCGGTTTCCACG-1	433	515	1.1893764434180139
GSM6339603	TAGCGGACAAACCTAT-1	6107	3609	0.5909611920746685
GSM6339603	TAGCGGACAGGTCCTG-1	12119	8770	0.7236570674148032
GSM6339603	TAGCGGACATCTTGAG-1	3566	3820	1.071228266965788
GSM6339603	TAGCGGACATGTTGGC-1	5643	6910	1.2245259613680666
GSM6339603	TAGCGGCTCAACCAAC-1	3774	4167	1.1041335453100158
GSM6339603	TAGCGGCTCCAGGTTG-1	14825	15417	1.0399325463743676
GSM6339603	TAGCGGCTCCTGGCTT-1	1943	2179	1.121461657231086
GSM6339603	TAGCGGCTCCTTAAGA-1	778	677	0.8701799485861182
GSM6339603	TAGCGGCTCGGTTCCT-1	2487	2497	1.004020908725372
GSM6339603	TAGCTAATCCCTCACG-1	2338	2648	1.1325919589392643
GSM6339603	TAGCTAATCGGGATTT-1	3688	5037	1.3657809110629067
GSM6339603	TAGCTAGGTCAATGTG-1	13616	13565	0.9962544065804936
GSM6339603	TAGCTAGGTCCTTTAA-1	11795	13054	1.1067401441288682
GSM6339603	TAGCTAGGTGAATCGC-1	36012	39630	1.1004665111629457
GSM6339603	TAGCTAGGTGCGCATG-1	2001	2341	1.1699150424787605
GSM6339603	TAGCTAGGTGGATGTC-1	24319	24923	1.0248365475554093
GSM6339603	TAGCTAGGTTACATCC-1	34588	41943	1.2126460043945877
GSM6339603	TAGCTAGGTTAGCATG-1	9749	8709	0.8933223920402092
GSM6339603	TAGCTAGGTTGGCCGA-1	36950	51962	1.406278755074425
GSM6339603	TAGCTAGGTTTGAGCA-1	13356	12555	0.9400269541778976
GSM6339603	TAGCTTAAGAATGACG-1	10152	7055	0.6949369582348306
GSM6339603	TAGCTTAAGCATGTCG-1	14987	13294	0.8870354307066124
GSM6339603	TAGCTTAAGCCACATG-1	1006	1012	1.0059642147117296
GSM6339603	TAGCTTAAGGACTTAC-1	1462	1768	1.2093023255813953
GSM6339603	TAGCTTAAGGATGATG-1	14963	14262	0.9531511060616187
GSM6339603	TAGCTTGCAACTAGAA-1	21594	23671	1.0961841252199684
GSM6339603	TAGCTTGCACAAGCCT-1	2310	2140	0.9264069264069265
GSM6339603	TAGCTTGCACAGGATG-1	7199	11065	1.5370190304208917
GSM6339603	TAGCTTGCAGAAACGT-1	495	562	1.1353535353535353
GSM6339603	TAGCTTGCAGCAACCT-1	8464	7833	0.9254489603024575
GSM6339603	TAGCTTGCAGTTATCG-1	3974	4384	1.1031706089582285
GSM6339603	TAGCTTGCATTGGGAG-1	2579	2383	0.9240015509887554
GSM6339603	TAGGAACCAACTGGCT-1	2217	2501	1.1281010374379792
GSM6339603	TAGGAACCACAGACTC-1	6864	8672	1.2634032634032635
GSM6339603	TAGGAACCAGCAACAG-1	1276	1269	0.9945141065830722
GSM6339603	TAGGAACCAGCCTTGG-1	579	628	1.084628670120898
GSM6339603	TAGGAACCAGGCGAGT-1	798	777	0.9736842105263158
GSM6339603	TAGGAACCATTGCGTA-1	516	573	1.1104651162790697
GSM6339603	TAGGAGGGTGCTGGTG-1	11806	11034	0.9346095205827545
GSM6339603	TAGGAGGGTTACAACG-1	1233	1576	1.2781832927818328
GSM6339603	TAGGAGGGTTAGGTGC-1	394	398	1.0101522842639594
GSM6339603	TAGGAGGGTTGAGGTC-1	2402	2671	1.1119900083263947
GSM6339603	TAGGAGGGTTGCATCT-1	22042	20650	0.9368478359495509
GSM6339603	TAGGAGTCAATAACGA-1	1009	1099	1.089197224975223
GSM6339603	TAGGAGTCACCTAATG-1	3132	3599	1.1491060025542785
GSM6339603	TAGGAGTCAGGAACAT-1	520	534	1.0269230769230768
GSM6339603	TAGGAGTCATAATTGC-1	2031	2494	1.2279665189561793
GSM6339603	TAGGAGTCATATTGAC-1	4304	5653	1.3134293680297398
GSM6339603	TAGGAGTCATTTAAGC-1	1204	1137	0.9443521594684385
GSM6339603	TAGGCTAGTCAACAAT-1	7752	9131	1.177889576883385
GSM6339603	TAGGCTAGTTACAACG-1	2500	2005	0.802
GSM6339603	TAGGCTAGTTGGATCA-1	3202	3696	1.1542785758900687
GSM6339603	TAGGCTAGTTTAACCC-1	26713	24446	0.9151349530191293
GSM6339603	TAGGCTGTCCTAGTAA-1	3599	2838	0.7885523756599055
GSM6339603	TAGGCTGTCGGCTAGC-1	486	480	0.9876543209876543
GSM6339603	TAGGCTGTCGGTTTCC-1	8938	7020	0.785410606399642
GSM6339603	TAGGCTGTCTGCAACG-1	2798	2820	1.0078627591136526
GSM6339603	TAGGCTGTCTGCAAGT-1	22450	21779	0.9701113585746103
GSM6339603	TAGGCTTAGAGCAAGC-1	859	805	0.9371362048894063
GSM6339603	TAGGCTTAGAGGGACT-1	1188	1320	1.1111111111111112
GSM6339603	TAGGCTTAGCGCCTTT-1	2041	2096	1.0269475747182752
GSM6339603	TAGGCTTAGGACCTTG-1	1106	1235	1.116636528028933
GSM6339603	TAGGCTTAGGGATGAC-1	40317	49441	1.226306520822482
GSM6339603	TAGGCTTAGGTTACAC-1	3450	4176	1.2104347826086956
GSM6339603	TAGGCTTAGGTTAGAG-1	2445	2314	0.9464212678936605
GSM6339603	TAGGCTTAGTAACGAG-1	2135	2433	1.1395784543325527
GSM6339603	TAGGCTTAGTGAGCGG-1	14681	11902	0.8107077174579388
GSM6339603	TAGGCTTAGTTAGCCG-1	6993	5534	0.7913627913627914
GSM6339603	TAGGCTTAGTTATGGC-1	3786	3525	0.9310618066561014
GSM6339603	TAGGGTTTCCTACCTA-1	2941	2473	0.8408704522271336
GSM6339603	TAGGGTTTCCTCATGC-1	1588	1746	1.0994962216624684
GSM6339603	TAGGGTTTCCTTAGGG-1	3124	3173	1.015685019206146
GSM6339603	TAGGGTTTCGAGGTGG-1	4463	4389	0.9834192247367242
GSM6339603	TAGGGTTTCTCAATAG-1	609	660	1.083743842364532
GSM6339603	TAGGGTTTCTGCAACG-1	989	971	0.9817997977755308
GSM6339603	TAGGTGCGTCACAGAC-1	4816	6140	1.2749169435215948
GSM6339603	TAGGTGCGTGAAGCCT-1	20818	18961	0.9107983475838217
GSM6339603	TAGGTGCGTGGATTAT-1	2049	2137	1.0429477794045876
GSM6339603	TAGGTGCGTGGTTATG-1	460	486	1.0565217391304347
GSM6339603	TAGGTGCGTGTGTCCC-1	1678	1961	1.16865315852205
GSM6339603	TAGGTGCGTTTGTTGC-1	5152	4897	0.9505046583850931
GSM6339603	TAGGTTATCAGTGAAG-1	3068	3623	1.1808996088657107
GSM6339603	TAGGTTATCATGGCTG-1	9827	8588	0.8739187951562023
GSM6339603	TAGGTTATCCCTCACG-1	2716	3165	1.165316642120766
GSM6339603	TAGGTTATCCTCCTAA-1	4751	5580	1.1744895811408125
GSM6339603	TAGGTTATCCTTGCGT-1	11503	11529	1.0022602799269755
GSM6339603	TAGGTTATCGGTTAGT-1	1274	2263	1.7762951334379906
GSM6339603	TAGGTTATCGTAACGT-1	725	825	1.1379310344827587
GSM6339603	TAGGTTGGTAAGCTTG-1	2178	2145	0.9848484848484849
GSM6339603	TAGGTTGGTCAAGTAT-1	418	508	1.215311004784689
GSM6339603	TAGGTTGGTCAATGTG-1	455	577	1.268131868131868
GSM6339603	TAGGTTGGTCCCGAAG-1	2988	3993	1.3363453815261044
GSM6339603	TAGTAACGTACCGAAC-1	1951	1775	0.9097898513582778
GSM6339603	TAGTAACGTCATAACG-1	1789	1930	1.0788149804359977
GSM6339603	TAGTAACGTGATGAAA-1	24471	33216	1.3573617751624372
GSM6339603	TAGTAACGTGGATTAT-1	10885	9482	0.8711070280202113
GSM6339603	TAGTAAGCACAATTAC-1	510	538	1.0549019607843138
GSM6339603	TAGTAAGCACGAATCC-1	4695	5475	1.1661341853035143
GSM6339603	TAGTAAGCACTAAGCC-1	872	820	0.9403669724770642
GSM6339603	TAGTAAGCAGACAAAC-1	18000	20182	1.1212222222222221
GSM6339603	TAGTAAGCAGCAACAG-1	13916	10396	0.747053751077896
GSM6339603	TAGTAAGCATGAATCT-1	2214	2343	1.0582655826558265
GSM6339603	TAGTACGGTAACCTAG-1	3041	3129	1.0289378493916475
GSM6339603	TAGTACGGTAAGCACC-1	762	776	1.0183727034120735
GSM6339603	TAGTACGGTCAATGTG-1	5234	4690	0.8960641956438671
GSM6339603	TAGTACGGTGAGACTC-1	1078	1052	0.9758812615955473
GSM6339603	TAGTACGGTGGACCTG-1	2863	2875	1.0041914076143905
GSM6339603	TAGTACGGTTACTTCA-1	4791	4500	0.939261114589856
GSM6339603	TAGTACGGTTCATCTA-1	6005	4495	0.7485428809325562
GSM6339603	TAGTACGGTTTAGTCC-1	1231	1269	1.0308692120227458
GSM6339603	TAGTACGGTTTATCGC-1	37344	48951	1.3108129820051413
GSM6339603	TAGTAGGAGAATCTCA-1	1061	802	0.7558906691800189
GSM6339603	TAGTAGGAGACCATAC-1	932	1101	1.1813304721030042
GSM6339603	TAGTAGGAGCAGCTAT-1	1814	1297	0.7149944873208379
GSM6339603	TAGTAGGAGCGATAAG-1	1566	1412	0.9016602809706258
GSM6339603	TAGTAGGAGCTGGAAA-1	18554	15118	0.8148108224641587
GSM6339603	TAGTAGGAGGTGCTGC-1	3667	3718	1.0139078265612218
GSM6339603	TAGTAGGAGTAAGGGC-1	5327	5822	1.092922845879482
GSM6339603	TAGTCAATCCGCACAA-1	5962	7262	1.2180476350218048
GSM6339603	TAGTCAATCCTCACTA-1	804	813	1.0111940298507462
GSM6339603	TAGTCAATCTAAATCG-1	26295	23166	0.8810039931545921
GSM6339603	TAGTCAATCTAGCGAT-1	1503	1710	1.1377245508982037
GSM6339603	TAGTCAATCTTTAGGA-1	4103	2545	0.6202778454789178
GSM6339603	TAGTGAGAGGTCCACA-1	1617	1871	1.1570810142238714
GSM6339603	TAGTGAGAGGTGTCCA-1	38492	35244	0.9156188298867297
GSM6339603	TAGTGAGAGTAACGAG-1	14277	12770	0.8944456118232121
GSM6339603	TAGTGAGAGTAGCGCC-1	20597	26356	1.2796038257998739
GSM6339603	TAGTGAGAGTAGGCGG-1	778	772	0.9922879177377892
GSM6339603	TAGTGGCGTAACGAGG-1	932	1098	1.1781115879828326
GSM6339603	TAGTGGCGTAAGTCGC-1	830	891	1.0734939759036144
GSM6339603	TAGTGGCGTAGCTGGT-1	14528	12347	0.8498761013215859
GSM6339603	TAGTGGCGTAGTTAAC-1	2879	3193	1.109065647794373
GSM6339603	TAGTGGCGTATTGAGT-1	696	838	1.2040229885057472
GSM6339603	TAGTGGCGTATTGTCC-1	29062	42801	1.4727479182437548
GSM6339603	TAGTGGCGTCAGGAAG-1	764	774	1.013089005235602
GSM6339603	TAGTGGCGTCATCCTG-1	1376	834	0.6061046511627907
GSM6339603	TAGTGGCGTGTCCAGG-1	18720	18834	1.0060897435897436
GSM6339603	TAGTGTGGTATTACCC-1	10527	7969	0.7570057946233495
GSM6339603	TAGTGTGGTCCACAAA-1	587	719	1.2248722316865417
GSM6339603	TAGTGTGGTCGCAAAC-1	7817	8009	1.024561852373033
GSM6339603	TAGTGTGGTGACATGC-1	1290	1410	1.0930232558139534
GSM6339603	TAGTGTGGTTAAGGCC-1	1925	2026	1.0524675324675326
GSM6339603	TAGTGTGGTTAGTTGG-1	23707	25678	1.0831400008436327
GSM6339603	TAGTGTGGTTTGCAGA-1	6725	4728	0.7030483271375465
GSM6339603	TAGTGTGGTTTGGCTT-1	7270	8525	1.172627235213205
GSM6339603	TAGTTGTCAACCGCCA-1	1033	987	0.9554695062923524
GSM6339603	TAGTTGTCACGTAATT-1	1197	1491	1.2456140350877194
GSM6339603	TAGTTGTCAGAAACGT-1	6220	4512	0.7254019292604501
GSM6339603	TAGTTGTCATGAATCT-1	1638	1826	1.1147741147741148
GSM6339603	TAGTTGTCATTAGCCA-1	635	685	1.078740157480315
GSM6339603	TAGTTTGAGAACCTAC-1	4227	4064	0.9614383723681098
GSM6339603	TAGTTTGAGCCTAATA-1	767	710	0.9256844850065189
GSM6339603	TAGTTTGAGCTATGAC-1	2849	3195	1.1214461214461215
GSM6339603	TAGTTTGAGGATCACT-1	3738	4289	1.1474050294275013
GSM6339603	TAGTTTGAGGATTGAG-1	545	448	0.8220183486238533
GSM6339603	TAGTTTGAGGGTTATC-1	1999	1918	0.959479739869935
GSM6339603	TAGTTTGAGTTATCCT-1	1573	1386	0.8811188811188811
GSM6339603	TATAACCCAATGCGCT-1	3282	3420	1.0420475319926874
GSM6339603	TATAACCCACCTCAGG-1	24427	33161	1.3575551643672985
GSM6339603	TATAACCCACCTCGCT-1	747	731	0.9785809906291834
GSM6339603	TATAACCCACGGTTTA-1	15268	15934	1.0436206444851979
GSM6339603	TATAACCCAGCAAATA-1	822	816	0.9927007299270073
GSM6339603	TATAACCCAGTTAAAG-1	34384	55492	1.613890181479758
GSM6339603	TATAACCCATAACGGG-1	5004	5217	1.0425659472422062
GSM6339603	TATAACCCATCATGGC-1	2709	3299	1.2177925433739387
GSM6339603	TATAGCCAGAATCTCA-1	2138	2454	1.1478016838166512
GSM6339603	TATAGCCAGAGCCGCT-1	13996	8688	0.6207487853672478
GSM6339603	TATAGCCAGAGGAGGA-1	26288	23263	0.8849284844796105
GSM6339603	TATAGCCAGGAGGACT-1	2039	2034	0.9975478175576263
GSM6339603	TATAGCCAGGTAACGA-1	2467	3026	1.226591001216052
GSM6339603	TATAGCCAGGTCGATT-1	2154	2285	1.0608170844939646
GSM6339603	TATAGCCAGTCACGAT-1	1621	1491	0.919802590993214
GSM6339603	TATAGCTCAAACATAG-1	498	454	0.9116465863453815
GSM6339603	TATAGCTCAAGGCCAA-1	1366	1467	1.0739385065885798
GSM6339603	TATAGCTCAATCTCTC-1	3435	3375	0.982532751091703
GSM6339603	TATAGCTCACTAGCGT-1	7535	7462	0.9903118779031188
GSM6339603	TATAGCTCATGAAATG-1	3256	2541	0.7804054054054054
GSM6339603	TATAGGTGTAAACAAG-1	1506	1311	0.8705179282868526
GSM6339603	TATAGGTGTAACCACA-1	3190	3397	1.0648902821316615
GSM6339603	TATAGGTGTCTCAGCC-1	910	1014	1.1142857142857143
GSM6339603	TATAGGTGTTAATGCG-1	3671	4523	1.2320893489512394
GSM6339603	TATAGGTGTTCACCCA-1	12702	11765	0.9262320894347347
GSM6339603	TATAGGTGTTGCATCT-1	5314	5992	1.127587504704554
GSM6339603	TATATCCTCAAGCTTA-1	4697	5668	1.2067276985309772
GSM6339603	TATATCCTCCTTGCGT-1	30502	43385	1.4223657465084256
GSM6339603	TATATCCTCGCTATGG-1	24679	24104	0.9767008387698043
GSM6339603	TATCACAAGAAAGCAT-1	3208	3821	1.1910847880299251
GSM6339603	TATCACAAGAGAGCCG-1	2266	2309	1.0189761694616064
GSM6339603	TATCACAAGCCTGAGC-1	3035	2992	0.985831960461285
GSM6339603	TATCACAAGCTCCTAC-1	11890	10328	0.8686291000841043
GSM6339603	TATCACAAGCTGGACC-1	3059	3413	1.1157240928407977
GSM6339603	TATCACAAGTTATTCC-1	3290	3974	1.20790273556231
GSM6339603	TATCACAAGTTTCCTG-1	626	653	1.0431309904153354
GSM6339603	TATCACGCACCTCAGG-1	2824	3607	1.2772662889518414
GSM6339603	TATCACGCATAGCAGG-1	10315	14630	1.41832283082889
GSM6339603	TATCACGCATGCTTAG-1	1913	1941	1.014636696288552
GSM6339603	TATCCAGCAAGCCAGA-1	4116	4903	1.1912050534499514
GSM6339603	TATCCAGCAATAACCT-1	25064	29626	1.182014044047239
GSM6339603	TATCCAGCACCCACCT-1	688	835	1.2136627906976745
GSM6339603	TATCCAGCACCTGCTC-1	595	741	1.2453781512605042
GSM6339603	TATCCAGCACTGACTA-1	2196	2607	1.1871584699453552
GSM6339603	TATCCAGCAGGCTAGA-1	3274	4198	1.2822235797189983
GSM6339603	TATCCAGCATGTCAAT-1	916	964	1.0524017467248907
GSM6339603	TATCCGGAGAATCGCT-1	2517	2432	0.9662296384584823
GSM6339603	TATCCGGAGACAAACG-1	2095	2307	1.1011933174224344
GSM6339603	TATCCGGAGACTCGCA-1	2165	2386	1.1020785219399538
GSM6339603	TATCCGGAGATGGAGC-1	723	669	0.9253112033195021
GSM6339603	TATCCGGAGCATGTCG-1	8940	7763	0.86834451901566
GSM6339603	TATCCGGAGCATTAGC-1	36521	45748	1.2526491607568249
GSM6339603	TATCCGGAGCATTATG-1	824	730	0.8859223300970874
GSM6339603	TATCCGGAGCCGCAAC-1	26337	31999	1.2149827239245168
GSM6339603	TATCCGGAGGACAATG-1	512	497	0.970703125
GSM6339603	TATCCGGAGGGTGAAC-1	597	593	0.9932998324958124
GSM6339603	TATCCGGAGTACCGCA-1	14809	14061	0.9494901748936457
GSM6339603	TATCCGGAGTGGCGGA-1	1348	1231	0.9132047477744807
GSM6339603	TATCCGGAGTTAGTTG-1	6606	4402	0.6663639115955192
GSM6339603	TATCGAGGTATTCGTC-1	4254	4572	1.07475317348378
GSM6339603	TATCGAGGTGAGGTGA-1	2235	2613	1.1691275167785236
GSM6339603	TATCGAGGTGTTTCAC-1	37815	35796	0.9466084886949623
GSM6339603	TATCGCACACCTGGTG-1	1148	1311	1.14198606271777
GSM6339603	TATCGCACACTGACTA-1	2564	2770	1.0803432137285491
GSM6339603	TATCGCACAGTTATCG-1	39786	45070	1.1328105363695773
GSM6339603	TATCGCACATAGACCC-1	21357	23369	1.0942079880132978
GSM6339603	TATCGCACATCATGGC-1	17101	25297	1.4792702181158996
GSM6339603	TATCGCACATCCATCT-1	26618	20883	0.784544293335337
GSM6339603	TATCGCGAGACAGGTA-1	2177	2620	1.2034910427193386
GSM6339603	TATCGCGAGCAAGGGT-1	1353	1682	1.2431633407243163
GSM6339603	TATCGCGAGCGAAGTA-1	1379	1504	1.0906453952139232
GSM6339603	TATCGCGAGCGAGGTG-1	570	464	0.8140350877192982
GSM6339603	TATCGCGAGGAACCAA-1	9842	7897	0.8023775655354602
GSM6339603	TATCGCGAGGAAGCAC-1	8625	7983	0.9255652173913044
GSM6339603	TATCGCGAGGAAGTAT-1	19858	23352	1.1759492396011684
GSM6339603	TATCGCGAGTAGCCAT-1	965	804	0.8331606217616581
GSM6339603	TATCGCGAGTTGTCAA-1	7898	6137	0.7770321600405166
GSM6339603	TATGAAGCAAGCCAGA-1	19027	24291	1.2766594838913123
GSM6339603	TATGAAGCAAGGTACG-1	6574	7460	1.1347733495588683
GSM6339603	TATGAAGCACAATGTT-1	940	953	1.0138297872340425
GSM6339603	TATGAAGCACATACTG-1	2540	2870	1.1299212598425197
GSM6339603	TATGAAGCAGAAACGT-1	23824	35156	1.4756548018804567
GSM6339603	TATGAAGCATCACAGC-1	2090	2140	1.0239234449760766
GSM6339603	TATGACATCAATGTCA-1	3661	3907	1.0671947555312755
GSM6339603	TATGACATCACTTTAC-1	1013	920	0.9081934846989141
GSM6339603	TATGACATCCATTACT-1	1456	1641	1.1270604395604396
GSM6339603	TATGACATCTAAATCG-1	4183	5011	1.1979440592875927
GSM6339603	TATGACATCTCAATAG-1	2621	2973	1.1342998855398703
GSM6339603	TATGACATCTTGAGCG-1	34454	47039	1.3652696348754862
GSM6339603	TATGACTCAACCCTAA-1	25494	22520	0.8833451008080333
GSM6339603	TATGACTCAGAAACGT-1	5961	6366	1.0679416205334675
GSM6339603	TATGACTCAGAAATTG-1	11313	10279	0.9086007248298418
GSM6339603	TATGACTCAGGAATCG-1	1957	1934	0.9882473173224323
GSM6339603	TATGACTCAGGCTACT-1	3221	3747	1.163303321949705
GSM6339603	TATGACTCAGTAATAG-1	1170	1253	1.070940170940171
GSM6339603	TATGACTCATGTCAAT-1	1419	1599	1.1268498942917549
GSM6339603	TATGACTCATTATGCG-1	1123	1013	0.9020480854853072
GSM6339603	TATGCATCAAAGCTCC-1	973	1363	1.4008221993833505
GSM6339603	TATGCATCAAAGGTAC-1	584	609	1.042808219178082
GSM6339603	TATGCATCAAGCTTAT-1	29387	36731	1.249906421206656
GSM6339603	TATGCATCAAGTAAGC-1	3114	3367	1.0812459858702634
GSM6339603	TATGCATCAGCTTAAT-1	3465	4047	1.1679653679653679
GSM6339603	TATGCATCAGGGAGGA-1	41748	45799	1.0970345884832806
GSM6339603	TATGCATCAGGTATTT-1	1718	2123	1.2357392316647264
GSM6339603	TATGCATCATATAACC-1	2815	3119	1.1079928952042628
GSM6339603	TATGGATGTAACAGGG-1	4176	4845	1.1602011494252873
GSM6339603	TATGGATGTCACAAAT-1	35753	37820	1.0578133303499007
GSM6339603	TATGGATGTGAGACTC-1	39658	44921	1.13270966765848
GSM6339603	TATGGATGTGAGCGAA-1	40364	50298	1.2461103954018433
GSM6339603	TATGGATGTGATCAGC-1	1838	1588	0.8639825897714908
GSM6339603	TATGGATGTGCGCGTA-1	992	853	0.8598790322580645
GSM6339603	TATGGATGTTAACACG-1	2790	2914	1.0444444444444445
GSM6339603	TATGGATGTTCGCTCA-1	28023	36393	1.2986832244941655
GSM6339603	TATGGATGTTGAAGCC-1	10865	8034	0.7394385641969627
GSM6339603	TATGGATGTTTGTCTA-1	1122	1106	0.9857397504456328
GSM6339603	TATGGCCCAAAGGCCA-1	7154	4782	0.6684372379088622
GSM6339603	TATGGCCCAATTATGC-1	1502	1579	1.0512649800266312
GSM6339603	TATGGCCCAGCAAATA-1	2479	2612	1.053650665590964
GSM6339603	TATGGCCCAGCATTAT-1	762	843	1.1062992125984252
GSM6339603	TATGGGCGTGTGTGGT-1	903	1042	1.1539313399778517
GSM6339603	TATGGGCGTTTACCGT-1	31626	43613	1.3790235881869348
GSM6339603	TATGGGCGTTTAGCGA-1	23103	34767	1.5048694974678614
GSM6339603	TATGGTCAGCTTTGTT-1	2445	2632	1.076482617586912
GSM6339603	TATGGTCAGGAACACA-1	1571	1599	1.0178230426479948
GSM6339603	TATGGTCAGGACCAGG-1	1057	992	0.9385052034058656
GSM6339603	TATGGTCAGGATGATG-1	2367	2458	1.0384452893958598
GSM6339603	TATGGTCAGGCCGGAA-1	2556	2822	1.1040688575899844
GSM6339603	TATGGTCAGGTCCGTA-1	7384	5478	0.7418743228602384
GSM6339603	TATGGTCAGGTGAAGC-1	9642	7840	0.8131093134204522
GSM6339603	TATGGTCAGTAAAGGT-1	1395	1461	1.0473118279569893
GSM6339603	TATGGTCAGTAACGAG-1	3397	3630	1.0685899322932
GSM6339603	TATGGTCAGTAAGTCC-1	1041	1096	1.05283381364073
GSM6339603	TATGGTCAGTGTTGCG-1	1620	1842	1.137037037037037
GSM6339603	TATGTGATCACGCATG-1	4025	4376	1.0872049689440995
GSM6339603	TATGTGATCATTTGTC-1	8498	6628	0.7799482231113203
GSM6339603	TATGTGATCGTTAGTA-1	1535	1443	0.9400651465798046
GSM6339603	TATGTGATCTTAGGGT-1	19819	15945	0.8045310056006862
GSM6339603	TATTACCTCAGGAAGC-1	520	540	1.0384615384615385
GSM6339603	TATTACCTCCCGCCTA-1	714	619	0.8669467787114846
GSM6339603	TATTACCTCGGGACCT-1	4087	4931	1.2065084413995595
GSM6339603	TATTACCTCGGGCCAT-1	552	628	1.1376811594202898
GSM6339603	TATTACCTCTCTAGCC-1	1672	1750	1.0466507177033493
GSM6339603	TATTACCTCTTGTCTG-1	4494	3702	0.8237650200267023
GSM6339603	TATTAGCCAAAGCTAA-1	2225	2377	1.068314606741573
GSM6339603	TATTAGCCAATTGACT-1	712	713	1.0014044943820224
GSM6339603	TATTAGCCAGAGGCTA-1	11499	9616	0.8362466301417515
GSM6339603	TATTAGCCAGGCAAGC-1	7466	8112	1.0865255826413072
GSM6339603	TATTAGCCAGGGAGCT-1	851	840	0.9870740305522914
GSM6339603	TATTAGCCATGATTGT-1	34417	35280	1.0250748176773106
GSM6339603	TATTAGGTCGTTAAGC-1	4753	4443	0.9347780349253103
GSM6339603	TATTAGGTCGTTAGCG-1	4965	3577	0.7204431017119839
GSM6339603	TATTAGGTCGTTATCT-1	1699	1664	0.9793996468510888
GSM6339603	TATTAGGTCGTTTCCA-1	16219	20477	1.2625315987422159
GSM6339603	TATTCGTTCAATCTAG-1	20736	20572	0.9920910493827161
GSM6339603	TATTCGTTCATAGCCG-1	1078	1296	1.202226345083488
GSM6339603	TATTCGTTCCAATTAG-1	3142	3272	1.0413749204328453
GSM6339603	TATTCGTTCCGGTTGA-1	11918	11876	0.9964759187783185
GSM6339603	TATTCGTTCGGTCAGC-1	14142	12999	0.9191769198133221
GSM6339603	TATTCGTTCGTTTCGC-1	3486	3521	1.0100401606425702
GSM6339603	TATTGACCAACTAACT-1	2362	2461	1.041913632514818
GSM6339603	TATTGACCAAGGTACG-1	2907	3405	1.1713106295149638
GSM6339603	TATTGACCAATCTCTC-1	3422	3332	0.9736995908825249
GSM6339603	TATTGACCACCTCACC-1	838	858	1.0238663484486874
GSM6339603	TATTGACCAGTAGCCT-1	2717	3057	1.125138019874862
GSM6339603	TATTGACCATCAGCAC-1	1187	1264	1.0648694187026115
GSM6339603	TATTGACCATCTTGAG-1	1639	2044	1.2471018913971934
GSM6339603	TATTTGCTCCCTGATC-1	1379	1522	1.103698332124728
GSM6339603	TATTTGCTCCGTTAAA-1	1127	1296	1.1499556344276842
GSM6339603	TATTTGCTCTCACAAA-1	3667	2087	0.5691300790837197
GSM6339603	TATTTGCTCTTTGACT-1	889	969	1.0899887514060742
GSM6339603	TATTTGGAGCATTTCT-1	7524	5467	0.7266081871345029
GSM6339603	TATTTGGAGCTCCTTA-1	672	804	1.1964285714285714
GSM6339603	TATTTGGAGGGACCTC-1	994	923	0.9285714285714286
GSM6339603	TATTTGGAGTGGACAA-1	462	576	1.2467532467532467
GSM6339603	TCAAACCAGACAACGA-1	1810	1960	1.0828729281767955
GSM6339603	TCAAACCAGCATTTCT-1	5337	5590	1.0474049091249766
GSM6339603	TCAAACCAGGAGGTTA-1	1678	1977	1.1781883194278904
GSM6339603	TCAAACCAGGCCTGGT-1	6244	5888	0.942985265855221
GSM6339603	TCAAACCAGTAAGTGG-1	15010	15561	1.0367088607594936
GSM6339603	TCAAACCAGTTTGCGG-1	15779	14544	0.9217314151720641
GSM6339603	TCAACAATCAAGCCTG-1	12534	16875	1.3463379607467687
GSM6339603	TCAACAATCATTTGTC-1	1164	1108	0.9518900343642611
GSM6339603	TCAACAATCCAAACAC-1	1864	1911	1.025214592274678
GSM6339603	TCAACAATCCATAATG-1	429	517	1.205128205128205
GSM6339603	TCAACAATCCGGTTGA-1	881	1245	1.41316685584563
GSM6339603	TCAACAATCCTACCTA-1	4477	4065	0.9079740897922716
GSM6339603	TCAACAATCCTCATCA-1	1227	1274	1.0383048084759576
GSM6339603	TCAACAATCGCTAAAC-1	2083	2422	1.1627460393662985
GSM6339603	TCAACAATCGTAATCA-1	33949	37640	1.1087219063889953
GSM6339603	TCAACAATCTAGCTAA-1	478	518	1.0836820083682008
GSM6339603	TCAAGAACAAGTGTCC-1	4856	3112	0.6408566721581549
GSM6339603	TCAAGAACAATAATGG-1	7750	9178	1.1842580645161291
GSM6339603	TCAAGAACAATTGCGC-1	2162	2128	0.9842738205365402
GSM6339603	TCAAGAACACAGAAAC-1	1110	1139	1.026126126126126
GSM6339603	TCAAGAACATAATCGT-1	1704	1803	1.0580985915492958
GSM6339603	TCAAGAACATGTTGCA-1	2836	2872	1.0126939351198871
GSM6339603	TCAAGAACATTAAAGG-1	1373	1492	1.0866715222141297
GSM6339603	TCAAGACTCCCTGTTA-1	15603	14515	0.9302698199064282
GSM6339603	TCAAGACTCGAGGTGG-1	2058	2539	1.2337220602526724
GSM6339603	TCAAGACTCGGCTATG-1	2044	2225	1.0885518590998042
GSM6339603	TCAAGACTCGTTCACC-1	2494	2510	1.0064153969526866
GSM6339603	TCAAGCTAGCAAGGTA-1	1927	2033	1.0550077841203944
GSM6339603	TCAAGCTAGCGAGTAA-1	25804	21800	0.8448302588745931
GSM6339603	TCAAGCTAGGGCCACT-1	2716	2860	1.053019145802651
GSM6339603	TCAAGCTAGGGTGAGT-1	615	725	1.1788617886178863
GSM6339603	TCAAGCTAGGTCCAAT-1	20397	23644	1.1591900769721037
GSM6339603	TCAAGCTAGTTGGGCC-1	1744	1945	1.1152522935779816
GSM6339603	TCAAGGAAGACAAGTG-1	3749	3896	1.0392104561216324
GSM6339603	TCAAGGAAGTAACCAC-1	1095	1103	1.0073059360730594
GSM6339603	TCAAGGAAGTAGGATG-1	679	660	0.9720176730486009
GSM6339603	TCAAGGAAGTCTATGA-1	674	437	0.6483679525222552
GSM6339603	TCAAGGTTCAAGCTTA-1	5126	5986	1.1677721420210692
GSM6339603	TCAAGGTTCACTAGGT-1	3532	3687	1.0438844847112119
GSM6339603	TCAAGGTTCAGTTCCC-1	679	805	1.1855670103092784
GSM6339603	TCAAGGTTCGCTATAA-1	612	584	0.954248366013072
GSM6339603	TCAAGGTTCGGTTTCC-1	15205	15776	1.0375534363696153
GSM6339603	TCAAGGTTCTGGCAAT-1	446	482	1.0807174887892377
GSM6339603	TCAAGTATCAACAAGG-1	1835	2008	1.0942779291553133
GSM6339603	TCAAGTATCATTACGA-1	24021	28505	1.1866699970858832
GSM6339603	TCAAGTATCTTTGAGA-1	2223	2454	1.1039136302294197
GSM6339603	TCAATCGCAAACCTTG-1	8325	10348	1.243003003003003
GSM6339603	TCAATCGCAATCATGT-1	1195	1388	1.1615062761506276
GSM6339603	TCAATCGCACTTGTTC-1	1325	1577	1.190188679245283
GSM6339603	TCAATCGCAGGACACA-1	13350	15077	1.1293632958801498
GSM6339603	TCAATCGCATAGCTTG-1	1017	962	0.9459193706981318
GSM6339603	TCAATCGCATCAATCG-1	680	590	0.8676470588235294
GSM6339603	TCACATAAGAAACTGG-1	5258	5715	1.0869151768733358
GSM6339603	TCACATAAGCCGGTAC-1	3063	3297	1.0763956904995102
GSM6339603	TCACATAAGGAGGCAT-1	1433	1730	1.2072575017445917
GSM6339603	TCACATAAGGGCCATC-1	16664	14697	0.8819611137782045
GSM6339603	TCACCGGCAAGGTCGA-1	3594	2096	0.5831942125765164
GSM6339603	TCACCGGCAATTTGGT-1	9462	7324	0.7740435425914183
GSM6339603	TCACCGGCATGCATAT-1	25831	32476	1.2572490418489413
GSM6339603	TCACCGGCATTGTGGC-1	761	688	0.9040735873850198
GSM6339603	TCACCTCAGAGAGGAG-1	870	882	1.013793103448276
GSM6339603	TCACCTCAGCTGTAAC-1	12949	15235	1.1765387288593714
GSM6339603	TCACCTCAGGTTTACA-1	931	1005	1.079484425349087
GSM6339603	TCACCTCAGTGCTGTG-1	13961	14726	1.0547955017548887
GSM6339603	TCACCTCAGTTAGTGC-1	2474	2725	1.1014551333872271
GSM6339603	TCACCTCAGTTCCTCA-1	8946	6259	0.6996422982338475
GSM6339603	TCACCTCAGTTGCGTG-1	15758	14794	0.9388247239497398
GSM6339603	TCACCTGGTAACCTAG-1	15733	14792	0.9401894107926015
GSM6339603	TCACCTGGTACGGTAC-1	447	502	1.1230425055928412
GSM6339603	TCACCTGGTTCCGGCT-1	1737	1133	0.6522740356937248
GSM6339603	TCACCTGGTTTACGTC-1	534	476	0.8913857677902621
GSM6339603	TCACGGATCAAGTGAG-1	787	618	0.7852604828462516
GSM6339603	TCACGGATCATGCATA-1	761	706	0.9277266754270697
GSM6339603	TCACGGATCCGCCAAA-1	2911	3010	1.034008931638612
GSM6339603	TCACGGATCCTAAATG-1	808	849	1.0507425742574257
GSM6339603	TCACGGATCTAATCTC-1	1738	2097	1.2065592635212887
GSM6339603	TCACTGACAAGGATTA-1	27514	35539	1.2916696954277822
GSM6339603	TCACTGACAATGAATG-1	4618	4980	1.0783889129493287
GSM6339603	TCACTGACACTATGGC-1	1824	2155	1.181469298245614
GSM6339603	TCACTGACATGGCCTG-1	3036	3370	1.1100131752305666
GSM6339603	TCAGCAAGTAGGTTTG-1	4110	3429	0.8343065693430657
GSM6339603	TCAGCAAGTGATGAGG-1	1227	1264	1.030154849225754
GSM6339603	TCAGCAAGTGATGATT-1	4536	4934	1.087742504409171
GSM6339603	TCAGCAAGTTACGCGG-1	1600	1395	0.871875
GSM6339603	TCAGCAAGTTAGGCGT-1	1163	1249	1.0739466895958727
GSM6339603	TCAGCAAGTTCCGGGA-1	8426	9452	1.121765962497033
GSM6339603	TCAGCAAGTTTAACGG-1	438	427	0.9748858447488584
GSM6339603	TCAGCCTTCACCTGCT-1	12962	11576	0.8930720567813609
GSM6339603	TCAGCCTTCAGCCAAT-1	11134	9008	0.8090533500987965
GSM6339603	TCAGCCTTCAGGAAGC-1	1681	1765	1.049970255800119
GSM6339603	TCAGCCTTCATCCTCA-1	1274	1246	0.978021978021978
GSM6339603	TCAGCCTTCATGCTTT-1	1383	1573	1.1373825018076644
GSM6339603	TCAGCCTTCCGCTAGA-1	1785	1851	1.0369747899159665
GSM6339603	TCAGCCTTCCGGCTAA-1	1326	1392	1.0497737556561086
GSM6339603	TCAGCCTTCGTTATAG-1	1873	2158	1.1521623064602242
GSM6339603	TCAGCCTTCTAATCCT-1	2772	3223	1.1626984126984128
GSM6339603	TCAGCCTTCTCACATT-1	1416	1547	1.0925141242937852
GSM6339603	TCAGCCTTCTTACTCG-1	656	745	1.1356707317073171
GSM6339603	TCAGCGATCAATCTCT-1	33308	35396	1.0626876426083824
GSM6339603	TCAGCGATCACTTCAT-1	1025	1079	1.0526829268292683
GSM6339603	TCAGCGATCAGGAACA-1	450	464	1.031111111111111
GSM6339603	TCAGCGATCCCATAGG-1	11918	14241	1.194915254237288
GSM6339603	TCAGCGATCCGCTAGA-1	18459	17271	0.9356411506582155
GSM6339603	TCAGCGATCCTAACGG-1	7407	6767	0.9135952477386257
GSM6339603	TCAGCGATCCTCACTA-1	16643	19277	1.1582647359250136
GSM6339603	TCAGGAGCAAATATCC-1	670	760	1.1343283582089552
GSM6339603	TCAGGAGCAAGATTCT-1	34622	41038	1.1853156952226909
GSM6339603	TCAGGAGCACAGACTC-1	18284	21653	1.1842594618245461
GSM6339603	TCAGGAGCACTTCATC-1	2176	2092	0.9613970588235294
GSM6339603	TCAGGAGCATTCCTCG-1	2643	3027	1.145289443813848
GSM6339603	TCAGGTCCAATTGACT-1	657	703	1.0700152207001523
GSM6339603	TCAGGTCCAGAGGCTA-1	483	471	0.9751552795031055
GSM6339603	TCAGGTCCAGGCCATT-1	18427	21665	1.1757204102675423
GSM6339603	TCAGGTCCATAGCAGG-1	2002	2174	1.085914085914086
GSM6339603	TCAGGTCCATTAAGCT-1	1425	1313	0.9214035087719298
GSM6339603	TCAGGTCCATTAGGCC-1	439	427	0.9726651480637813
GSM6339603	TCAGGTTAGCCGCAAC-1	3327	3478	1.045386233844304
GSM6339603	TCAGGTTAGCTGTCAG-1	15758	16072	1.0199263865972839
GSM6339603	TCAGGTTAGGACCGCT-1	20840	29798	1.4298464491362763
GSM6339603	TCAGGTTAGGATAAAC-1	13774	13808	1.0024684187599826
GSM6339603	TCAGGTTAGGCAAGTA-1	25314	28689	1.133325432566959
GSM6339603	TCAGGTTAGGTCCACA-1	34885	45864	1.3147197936075676
GSM6339603	TCAGGTTAGTAGGATG-1	20966	24050	1.147095297147763
GSM6339603	TCAGGTTAGTGAGCGG-1	2870	2886	1.005574912891986
GSM6339603	TCAGGTTAGTGAGGGT-1	3529	3805	1.0782091243978464
GSM6339603	TCAGGTTAGTTAGTGC-1	1341	1623	1.2102908277404922
GSM6339603	TCAGTAATCACCATTT-1	12288	10525	0.8565266927083334
GSM6339603	TCAGTAATCAGCAAAG-1	1996	2122	1.06312625250501
GSM6339603	TCAGTAATCAGTTCCC-1	1761	1786	1.0141964792731402
GSM6339603	TCAGTAATCATTACGA-1	38619	38516	0.9973329190294933
GSM6339603	TCAGTAATCCTGGCTT-1	6633	7772	1.1717171717171717
GSM6339603	TCAGTAATCCTGTTCA-1	598	493	0.8244147157190636
GSM6339603	TCAGTAATCGGGCCAT-1	3209	3327	1.0367715799314428
GSM6339603	TCAGTAATCGTTTCCA-1	6151	5419	0.8809949601690782
GSM6339603	TCAGTAGGTATACTGG-1	15198	14393	0.9470325042768786
GSM6339603	TCAGTAGGTGGATTCA-1	2704	2969	1.0980029585798816
GSM6339603	TCAGTAGGTGGTTCTT-1	2191	2300	1.0497489730716567
GSM6339603	TCAGTAGGTTCCTGTG-1	2231	2000	0.8964589870013447
GSM6339603	TCAGTAGGTTCTTTAG-1	43169	50298	1.1651416525747642
GSM6339603	TCAGTAGGTTTGGGCG-1	13280	9556	0.719578313253012
GSM6339603	TCAGTGAGTAAGCTTG-1	11956	13831	1.156825025092004
GSM6339603	TCAGTGAGTAATGACT-1	1900	2154	1.1336842105263158
GSM6339603	TCAGTGAGTAGCCTAA-1	430	357	0.8302325581395349
GSM6339603	TCAGTGAGTAGCTGGT-1	542	577	1.0645756457564575
GSM6339603	TCAGTGAGTGGAGCAA-1	1811	1720	0.9497515184980674
GSM6339603	TCATAACCAAGACTCC-1	1825	1874	1.0268493150684932
GSM6339603	TCATAACCAAGCCAGA-1	16025	14546	0.9077067082683308
GSM6339603	TCATAACCAAGGATTA-1	16808	15704	0.934316991908615
GSM6339603	TCATAACCACACCAAC-1	1368	1379	1.0080409356725146
GSM6339603	TCATAACCACCTCACC-1	1859	1891	1.017213555675094
GSM6339603	TCATAACCACTCAACA-1	5633	6199	1.100479318302858
GSM6339603	TCATAACCACTGGCTG-1	996	1057	1.0612449799196788
GSM6339603	TCATAACCAGGACCAA-1	21737	28935	1.3311404517642729
GSM6339603	TCATAACCATAAGTCT-1	32059	39419	1.2295767179263233
GSM6339603	TCATACTTCAGGTTTA-1	1820	1718	0.9439560439560439
GSM6339603	TCATACTTCCGTGACA-1	17027	14783	0.8682093146179597
GSM6339603	TCATACTTCCTCGATC-1	1335	1429	1.0704119850187266
GSM6339603	TCATACTTCGCTCACT-1	4412	5190	1.1763372620126926
GSM6339603	TCATACTTCTATGACA-1	1773	1781	1.0045121263395376
GSM6339603	TCATACTTCTTAGCGG-1	17195	18570	1.0799651061355044
GSM6339603	TCATCCATCAAGCCTG-1	1706	1740	1.0199296600234466
GSM6339603	TCATCCATCAGGATGA-1	664	625	0.9412650602409639
GSM6339603	TCATCCATCATGACCG-1	3979	4447	1.1176174918321187
GSM6339603	TCATCCATCCTAAATG-1	2646	2910	1.0997732426303855
GSM6339603	TCATCCATCGAGCAAA-1	1809	1897	1.048645660585959
GSM6339603	TCATCCATCGCTAGAT-1	23734	24226	1.020729754782169
GSM6339603	TCATGAGGTCGAAGTC-1	881	982	1.1146424517593643
GSM6339603	TCATGCCTCAATACGC-1	14094	16085	1.1412657868596565
GSM6339603	TCATGCCTCACAGCCA-1	2304	2265	0.9830729166666666
GSM6339603	TCATGCCTCATAATCG-1	1903	2385	1.2532842879663688
GSM6339603	TCATGCCTCATGCAAC-1	1629	1746	1.0718232044198894
GSM6339603	TCATGCCTCCCTCAAC-1	2531	2810	1.1102331094429079
GSM6339603	TCATGCCTCCCTTGCG-1	2401	2757	1.1482715535193668
GSM6339603	TCATGCCTCCGTTAAA-1	4824	6041	1.2522802653399667
GSM6339603	TCATGCCTCGGTCAGC-1	2619	2545	0.9717449408171057
GSM6339603	TCATGCCTCGTTTCGC-1	12188	10330	0.8475549721037086
GSM6339603	TCATGCCTCTCGCCTG-1	1617	866	0.5355596784168213
GSM6339603	TCATGTTTCCGCAAAT-1	596	677	1.1359060402684564
GSM6339603	TCATGTTTCCTCATCA-1	26245	31443	1.198056772718613
GSM6339603	TCATGTTTCTCCATGC-1	1854	1761	0.9498381877022654
GSM6339603	TCATTACTCAGAAACG-1	11237	9278	0.8256652131351784
GSM6339603	TCATTACTCCTGGCTT-1	754	915	1.2135278514588859
GSM6339603	TCATTACTCCTGTTCA-1	3979	3867	0.9718522241769288
GSM6339603	TCATTACTCGTGCCTT-1	13728	9699	0.7065122377622378
GSM6339603	TCATTACTCTAGCTTT-1	721	927	1.2857142857142858
GSM6339603	TCATTACTCTTCAATC-1	12271	10642	0.8672479830494663
GSM6339603	TCATTGCGTACCGGAT-1	2184	2515	1.1515567765567765
GSM6339603	TCATTGCGTATACTGG-1	7574	4881	0.6444415104304199
GSM6339603	TCATTGCGTTAAGCGC-1	1228	1364	1.1107491856677525
GSM6339603	TCATTGCGTTAAGTGT-1	11104	7444	0.6703890489913544
GSM6339603	TCATTGCGTTACATCC-1	36981	39221	1.0605716448987317
GSM6339603	TCATTGTTCAAGCCTG-1	2500	2649	1.0596
GSM6339603	TCATTGTTCAAGTGAG-1	1561	1844	1.1812940422805893
GSM6339603	TCATTGTTCAGAAACG-1	20757	22810	1.0989063930240401
GSM6339603	TCATTGTTCCCTCACG-1	2915	3134	1.0751286449399657
GSM6339603	TCATTGTTCGTCCTTA-1	17604	22784	1.294251306521245
GSM6339603	TCATTTGGTACAAAGA-1	13066	12206	0.9341803153222104
GSM6339603	TCATTTGGTAGTTGGC-1	23118	28698	1.241370360757851
GSM6339603	TCATTTGGTCCCGAAG-1	28779	28692	0.9969769623683936
GSM6339603	TCATTTGGTCCGTAGG-1	556	517	0.9298561151079137
GSM6339603	TCATTTGGTCGCAAAC-1	36387	46294	1.2722675680875037
GSM6339603	TCATTTGGTGAGGTAG-1	518	488	0.9420849420849421
GSM6339603	TCATTTGGTGGATTCA-1	1659	1853	1.1169379144062688
GSM6339603	TCATTTGGTGTGAGAG-1	9880	11157	1.129251012145749
GSM6339603	TCATTTGGTGTTTGAG-1	757	819	1.081902245706737
GSM6339603	TCATTTGGTTACAAAC-1	696	858	1.2327586206896552
GSM6339603	TCATTTGGTTGCGCGA-1	12332	12582	1.0202724618877717
GSM6339603	TCCACAACAAGTAAGC-1	1343	1535	1.1429635145197319
GSM6339603	TCCACAACAATAGCCC-1	1122	1188	1.0588235294117647
GSM6339603	TCCACAACACGAATCC-1	481	590	1.2266112266112266
GSM6339603	TCCACAACAGACAAAC-1	758	931	1.2282321899736148
GSM6339603	TCCACAACAGGCTAGA-1	12599	14855	1.1790618303039924
GSM6339603	TCCACAACATGCTTAG-1	2840	3238	1.1401408450704225
GSM6339603	TCCACAACATTAAACC-1	728	828	1.1373626373626373
GSM6339603	TCCACAACATTATGAC-1	764	789	1.0327225130890052
GSM6339603	TCCAGCAAGCCGCTTT-1	606	661	1.0907590759075907
GSM6339603	TCCAGCAAGCGTGCGT-1	1131	955	0.8443854995579133
GSM6339603	TCCAGCAAGGGACTAA-1	4853	5568	1.1473315474963939
GSM6339603	TCCAGGATCAAAGGCA-1	10728	8376	0.7807606263982103
GSM6339603	TCCAGGATCTCAATTC-1	1632	2115	1.2959558823529411
GSM6339603	TCCAGGATCTTGAGCG-1	4523	5183	1.1459208489940305
GSM6339603	TCCAGGTCACCTGTAA-1	466	535	1.148068669527897
GSM6339603	TCCAGGTCAGGACCAA-1	6128	6866	1.1204308093994777
GSM6339603	TCCATAAAGAATCTCA-1	11942	8906	0.745771227600067
GSM6339603	TCCATAAAGATTGAGG-1	1698	1800	1.0600706713780919
GSM6339603	TCCATAAAGCCTTAAA-1	1373	1439	1.0480699198834669
GSM6339603	TCCATAAAGGAGCACG-1	10026	6378	0.6361460203470976
GSM6339603	TCCATAAAGGATAAAC-1	896	991	1.1060267857142858
GSM6339603	TCCATAAAGTAGCTTA-1	1736	2035	1.1722350230414746
GSM6339603	TCCATAAAGTAGGCGG-1	1270	1378	1.0850393700787402
GSM6339603	TCCATAAAGTCTTGAA-1	46322	42012	0.9069556582185571
GSM6339603	TCCATAAAGTGTGATC-1	9334	8655	0.9272551960574245
GSM6339603	TCCATATTCAGTTCCC-1	685	738	1.0773722627737226
GSM6339603	TCCATATTCATTGCGG-1	1476	1462	0.9905149051490515
GSM6339603	TCCATATTCCTAAATG-1	3751	4033	1.0751799520127965
GSM6339603	TCCATATTCCTCCATA-1	2886	3514	1.2176022176022177
GSM6339603	TCCATATTCCTTGCAC-1	863	984	1.1402085747392816
GSM6339603	TCCATATTCGCCTGTT-1	3780	4289	1.1346560846560847
GSM6339603	TCCATATTCTCACTCA-1	3552	3732	1.0506756756756757
GSM6339603	TCCATATTCTTGCTAT-1	4012	4083	1.0176969092721835
GSM6339603	TCCATCATCACGCATG-1	3095	3618	1.1689822294022618
GSM6339603	TCCATCATCACTAATG-1	11728	11298	0.9633356070941337
GSM6339603	TCCATCATCACTCGCT-1	19492	26531	1.3611225117997128
GSM6339603	TCCATCATCAGGTCCA-1	2268	2578	1.13668430335097
GSM6339603	TCCATCATCATTACGA-1	2861	3319	1.1600838867528835
GSM6339603	TCCATCATCATTACTC-1	1969	2141	1.0873539867953277
GSM6339603	TCCATCATCCCTTGCG-1	1356	1764	1.3008849557522124
GSM6339603	TCCATCATCCTCAGCT-1	28786	51197	1.778538178281109
GSM6339603	TCCATCATCGTTTCGC-1	11930	10035	0.8411567476948868
GSM6339603	TCCATCATCTCAATGA-1	554	707	1.2761732851985559
GSM6339603	TCCATGCTCACGCGGT-1	1057	1041	0.9848628192999054
GSM6339603	TCCATGCTCCTAATTC-1	9646	8052	0.8347501555048725
GSM6339603	TCCATGCTCCTACCTA-1	2793	3136	1.1228070175438596
GSM6339603	TCCATGCTCCTGAGTG-1	27518	33388	1.213314921142525
GSM6339603	TCCATGCTCGAGGAAC-1	14389	12349	0.8582250330113281
GSM6339603	TCCATGCTCTCATCAT-1	7317	8096	1.106464397977313
GSM6339603	TCCATGCTCTTGGACG-1	2341	2253	0.9624092268261427
GSM6339603	TCCATTGTCCCAGTAG-1	12697	9991	0.7868787902654171
GSM6339603	TCCATTGTCCTCAGTC-1	1175	1108	0.9429787234042554
GSM6339603	TCCATTGTCCTGAGTG-1	1577	1693	1.073557387444515
GSM6339603	TCCATTGTCCTTCTAG-1	1051	1137	1.081826831588963
GSM6339603	TCCATTGTCGCAACAT-1	13105	12044	0.9190385349103396
GSM6339603	TCCATTGTCGTGCCTT-1	7271	5478	0.7534039334341907
GSM6339603	TCCATTGTCTAACCAA-1	1569	1611	1.0267686424474187
GSM6339603	TCCATTGTCTATGACA-1	2591	3064	1.1825549980702432
GSM6339603	TCCATTGTCTGCAAAC-1	18603	15574	0.8371767994409504
GSM6339603	TCCCGGACAAACGGGC-1	8375	6701	0.8001194029850747
GSM6339603	TCCCGGACAAGCGAGC-1	21040	17665	0.8395912547528517
GSM6339603	TCCCGGACACAAAGAC-1	516	609	1.180232558139535
GSM6339603	TCCCGGACAGCTACGT-1	30769	38175	1.2406968052260392
GSM6339603	TCCCGGACATAAGGAC-1	3831	4866	1.2701644479248237
GSM6339603	TCCCGGACATCCCTCA-1	4550	3880	0.8527472527472527
GSM6339603	TCCCGTTAGCGATACT-1	958	1013	1.05741127348643
GSM6339603	TCCCGTTAGCTATTAG-1	19066	22797	1.1956886604426729
GSM6339603	TCCCGTTAGGCATTGT-1	746	788	1.0563002680965148
GSM6339603	TCCCGTTAGGGTCTAT-1	4700	5147	1.0951063829787233
GSM6339603	TCCCGTTAGGTTAGAG-1	1270	1421	1.1188976377952755
GSM6339603	TCCCGTTAGTCAATTG-1	1406	1312	0.9331436699857752
GSM6339603	TCCCTCACAATAGCCC-1	2071	2427	1.1718976339932399
GSM6339603	TCCCTCACAGATTCAT-1	24762	26458	1.0684920442613681
GSM6339603	TCCCTCACAGCTTAGC-1	4041	4576	1.1323929720366246
GSM6339603	TCCCTCACAGGATAAC-1	10033	16104	1.6051031595734078
GSM6339603	TCCCTCACAGGTATTT-1	574	651	1.1341463414634145
GSM6339603	TCCCTCACAGTTTGTG-1	1514	1469	0.9702774108322325
GSM6339603	TCCCTGGTCATGCTCC-1	2784	3080	1.1063218390804597
GSM6339603	TCCCTGGTCCAAATCA-1	3038	1447	0.47630019749835417
GSM6339603	TCCCTGGTCCCGCCTA-1	2157	2511	1.1641168289290682
GSM6339603	TCCCTGGTCTTAGCCC-1	8746	6198	0.7086668191173108
GSM6339603	TCCGCCATCAGGTTTA-1	1617	1299	0.8033395176252319
GSM6339603	TCCGCCATCCGGTTAG-1	18407	19814	1.0764383115119247
GSM6339603	TCCGCCATCGAGGAGT-1	763	744	0.9750982961992136
GSM6339603	TCCGCCATCGTAACGT-1	1846	1934	1.047670639219935
GSM6339603	TCCGCCATCTGTTGCC-1	503	628	1.2485089463220675
GSM6339603	TCCGCCATCTTAATGG-1	1547	1695	1.0956690368455075
GSM6339603	TCCGGAATCACGCGGT-1	9727	10532	1.0827593297008327
GSM6339603	TCCGGAATCCCTCTAA-1	2081	2270	1.090821720326766
GSM6339603	TCCGGAATCCGGTTAG-1	2429	2685	1.1053931659118978
GSM6339603	TCCGGAATCCTAGTAA-1	599	715	1.1936560934891485
GSM6339603	TCCGGAATCGGTTTGG-1	474	326	0.6877637130801688
GSM6339603	TCCGGAATCTCAATAG-1	1681	1826	1.0862581796549673
GSM6339603	TCCGGAATCTTAGCCC-1	1737	2201	1.2671272308578008
GSM6339603	TCCGGAATCTTGATGA-1	17014	18667	1.0971552838838603
GSM6339603	TCCGGTAAGTTGTCTT-1	40064	46624	1.1637380191693292
GSM6339603	TCCGGTTTCAATGACC-1	3452	3591	1.0402665121668597
GSM6339603	TCCGGTTTCCAGGTTG-1	3839	3328	0.8668924199010158
GSM6339603	TCCGGTTTCCTCAGTC-1	1422	1599	1.1244725738396624
GSM6339603	TCCGGTTTCCTTAGGG-1	24663	29469	1.194866804524997
GSM6339603	TCCGGTTTCGCAATCG-1	2162	2692	1.2451433857539316
GSM6339603	TCCGGTTTCGCACAAT-1	2672	3187	1.1927395209580838
GSM6339603	TCCGGTTTCGCTAAAC-1	2093	2272	1.0855231724796943
GSM6339603	TCCTAGTGTAACCACA-1	970	690	0.711340206185567
GSM6339603	TCCTAGTGTAATCGTG-1	1147	1125	0.980819529206626
GSM6339603	TCCTAGTGTACCTTAC-1	25050	33982	1.356566866267465
GSM6339603	TCCTAGTGTTCCAGGG-1	495	540	1.0909090909090908
GSM6339603	TCCTAGTGTTGAGGTC-1	3884	4508	1.160659114315139
GSM6339603	TCCTCAATCAATGACC-1	1387	1338	0.9646719538572458
GSM6339603	TCCTCAATCACGCCAA-1	17321	17325	1.0002309335488713
GSM6339603	TCCTCAATCAGTGAAG-1	4342	5150	1.1860893597420543
GSM6339603	TCCTCAATCATGCTCC-1	4216	3846	0.9122390891840607
GSM6339603	TCCTCAATCCAAGTTA-1	11433	10381	0.9079856555584711
GSM6339603	TCCTCAATCCGTAAAC-1	19635	20306	1.0341736694677872
GSM6339603	TCCTCAATCGGTTTGG-1	1541	1747	1.1336794289422454
GSM6339603	TCCTCAATCGTGCTTC-1	3686	3481	0.944384156266956
GSM6339603	TCCTCAATCGTTAGTA-1	1020	885	0.8676470588235294
GSM6339603	TCCTCAATCTCCATGC-1	4346	5212	1.199263690750115
GSM6339603	TCCTCACAGAATCGCT-1	10662	8676	0.8137310073157006
GSM6339603	TCCTCACAGCCTTAAA-1	22086	21788	0.9865072896857738
GSM6339603	TCCTCACAGCTGTAAC-1	21892	19887	0.9084140325232962
GSM6339603	TCCTCACAGGATCCGC-1	8877	8444	0.9512222597724457
GSM6339603	TCCTCACAGGCATTGT-1	1189	1393	1.1715727502102606
GSM6339603	TCCTCACAGGGCCACT-1	5610	6058	1.0798573975044563
GSM6339603	TCCTCACAGTCTCACC-1	888	1143	1.287162162162162
GSM6339603	TCCTCTAAGACAAGTG-1	1676	1745	1.0411694510739857
GSM6339603	TCCTCTAAGAGAGGCT-1	12891	12059	0.9354588472577767
GSM6339603	TCCTCTAAGCACTTGG-1	3046	2948	0.9678266579120157
GSM6339603	TCCTCTAAGCAGGTTT-1	2750	3337	1.2134545454545456
GSM6339603	TCCTCTAAGCATGACT-1	753	598	0.7941567065073041
GSM6339603	TCCTCTAAGGGTTATC-1	1511	1606	1.0628722700198543
GSM6339603	TCCTGGTTCACTAGGT-1	2832	3331	1.1762005649717515
GSM6339603	TCCTGGTTCCCAGTAG-1	16811	17079	1.0159419427755636
GSM6339603	TCCTGGTTCGACCTGA-1	5236	4018	0.767379679144385
GSM6339603	TCCTGTTCAATACTGT-1	6625	6239	0.9417358490566038
GSM6339603	TCCTGTTCACAGCCTG-1	4681	5535	1.1824396496475111
GSM6339603	TCCTGTTCAGTAGCCT-1	33526	46657	1.3916661695400585
GSM6339603	TCCTGTTCAGTTTGGC-1	7054	6814	0.9659767507796995
GSM6339603	TCCTGTTCATAGCAGG-1	8635	9619	1.1139548349739432
GSM6339603	TCCTTAGTCAGGCTAT-1	16192	18286	1.1293231225296443
GSM6339603	TCCTTAGTCATCCACC-1	19009	23400	1.2309958440738598
GSM6339603	TCCTTAGTCATCGTTT-1	18132	25616	1.4127509375689389
GSM6339603	TCCTTAGTCCACCTTA-1	3698	2041	0.5519199567333694
GSM6339603	TCCTTAGTCCAGGGAG-1	2672	3019	1.1298652694610778
GSM6339603	TCCTTAGTCCCTGGAA-1	21787	26781	1.2292192591912607
GSM6339603	TCCTTAGTCGCACACA-1	1886	2206	1.1696712619300107
GSM6339603	TCCTTAGTCGGTTACG-1	4483	5116	1.1412000892259648
GSM6339603	TCCTTCAAGGGATTAG-1	474	482	1.0168776371308017
GSM6339603	TCCTTCAAGTGAACGA-1	2997	2789	0.9305972639305973
GSM6339603	TCCTTGCAGCAAGGGT-1	28127	27159	0.9655846695346109
GSM6339603	TCCTTGCAGCCGCTAA-1	1749	1929	1.1029159519725558
GSM6339603	TCCTTGCAGCTTAACA-1	10228	10294	1.0064528744622605
GSM6339603	TCCTTGCAGGAATAAC-1	7130	5273	0.7395511921458625
GSM6339603	TCCTTGCAGGTGCGGA-1	969	1161	1.1981424148606812
GSM6339603	TCCTTGCAGTCACTAA-1	15035	16251	1.0808779514466245
GSM6339603	TCCTTTACAACAGCCT-1	1476	1542	1.0447154471544715
GSM6339603	TCCTTTACAGCAAGTG-1	470	532	1.1319148936170214
GSM6339603	TCCTTTACATGTTGGC-1	738	690	0.9349593495934959
GSM6339603	TCGACAAGTAAATTGC-1	2834	2903	1.024347212420607
GSM6339603	TCGACAAGTATTGTGG-1	14748	13725	0.9306346623270952
GSM6339603	TCGACAAGTCATCAAG-1	28312	30247	1.0683455778468494
GSM6339603	TCGACAAGTCGTAAAT-1	4549	5332	1.1721257419213014
GSM6339603	TCGACAAGTGCTGGTG-1	488	583	1.194672131147541
GSM6339603	TCGACAAGTTACAACG-1	5601	6703	1.196750580253526
GSM6339603	TCGACAAGTTGGATCA-1	17029	18470	1.0846203535145928
GSM6339603	TCGACAAGTTGTTGCT-1	14198	15764	1.1102972249612622
GSM6339603	TCGACAAGTTTAACGG-1	9625	7801	0.8104935064935065
GSM6339603	TCGATTAAGAACCTGT-1	2051	2106	1.0268161872257435
GSM6339603	TCGATTAAGAGGAGTC-1	3837	2975	0.7753453218660412
GSM6339603	TCGATTAAGAGGCTAA-1	1652	1708	1.0338983050847457
GSM6339603	TCGATTAAGAGGGACT-1	1843	1880	1.0200759631036354
GSM6339603	TCGATTAAGCATGACT-1	2093	2386	1.1399904443382705
GSM6339603	TCGATTAAGCCTGTGA-1	7604	5503	0.7236980536559705
GSM6339603	TCGATTAAGGCGTAAA-1	3803	2415	0.6350249802787273
GSM6339603	TCGATTAAGGTCCAAT-1	3046	3206	1.0525279054497703
GSM6339603	TCGATTAAGTAAGAAC-1	3272	3569	1.0907701711491442
GSM6339603	TCGATTAAGTCCTGAG-1	10240	13343	1.30302734375
GSM6339603	TCGATTAAGTTAGCTA-1	4600	4870	1.058695652173913
GSM6339603	TCGCATTGTCAAAGAA-1	579	623	1.075993091537133
GSM6339603	TCGCATTGTCAATGTG-1	1443	1217	0.8433818433818434
GSM6339603	TCGCATTGTGCGCGTA-1	5919	6835	1.1547558709241426
GSM6339603	TCGCATTGTGTTAAAC-1	1039	1222	1.176130895091434
GSM6339603	TCGCATTGTTAACGAT-1	2124	2307	1.0861581920903955
GSM6339603	TCGCCCATCAAGCGCC-1	550	516	0.9381818181818182
GSM6339603	TCGCCCATCCCTCAAC-1	580	647	1.1155172413793104
GSM6339603	TCGCCCATCTCAATGA-1	944	1149	1.2171610169491525
GSM6339603	TCGCGAGGTAATCCCT-1	950	899	0.9463157894736842
GSM6339603	TCGCGAGGTAGTTAAC-1	1465	1710	1.1672354948805461
GSM6339603	TCGCGAGGTATTCGCT-1	790	855	1.0822784810126582
GSM6339603	TCGCGAGGTCATCCTG-1	34725	42509	1.2241612670986322
GSM6339603	TCGCGAGGTGAACAAA-1	4889	5494	1.123747187563919
GSM6339603	TCGCGAGGTGAAGCCT-1	17796	17987	1.0107327489323443
GSM6339603	TCGCGAGGTGGTGAGA-1	1436	1268	0.883008356545961
GSM6339603	TCGCGAGGTGTTGCTT-1	25451	31402	1.233821853758202
GSM6339603	TCGCGAGGTTAAGTGT-1	4416	3959	0.8965126811594203
GSM6339603	TCGCGAGGTTCCGGGA-1	2717	2643	0.972764078027236
GSM6339603	TCGCGCACAACCGCCA-1	15425	12480	0.8090761750405187
GSM6339603	TCGCGCACACCATATG-1	13438	19204	1.4290817085875875
GSM6339603	TCGCGCACAGCCAGAA-1	9136	9010	0.9862084063047285
GSM6339603	TCGCGCACAGCGCTTG-1	9589	8378	0.8737094587548232
GSM6339603	TCGCGCACAGGGAGCT-1	437	428	0.9794050343249427
GSM6339603	TCGCGCACATTAAACC-1	7376	6471	0.8773047722342733
GSM6339603	TCGCTAACAATAATCC-1	7253	6409	0.8836343581966083
GSM6339603	TCGCTAACAATGCCTA-1	1837	1713	0.9324986390854655
GSM6339603	TCGCTAACACCTGGTG-1	2878	3144	1.0924252953439888
GSM6339603	TCGCTAACAGCCTTGG-1	616	701	1.1379870129870129
GSM6339603	TCGCTAACAGGAACCA-1	4663	5506	1.1807849024233326
GSM6339603	TCGGTAAGTAACGAGG-1	908	905	0.9966960352422908
GSM6339603	TCGGTAAGTAACTACG-1	1544	2010	1.3018134715025906
GSM6339603	TCGGTAAGTAATCGGC-1	13383	10487	0.7836060673989389
GSM6339603	TCGGTAAGTCACAGCG-1	15808	15591	0.9862727732793523
GSM6339603	TCGGTAAGTGATTTGG-1	2737	3175	1.1600292290829375
GSM6339603	TCGGTAAGTGGATTCA-1	26782	32753	1.222948248823837
GSM6339603	TCGGTAAGTGTGAGGA-1	9355	8156	0.8718332442544094
GSM6339603	TCGGTAAGTTAACGAT-1	36464	47877	1.3129936375603335
GSM6339603	TCGGTAAGTTGAAGCC-1	2812	2840	1.0099573257467995
GSM6339603	TCGGTTACAAAGCTCC-1	524	615	1.1736641221374047
GSM6339603	TCGGTTACAACCTAAT-1	2533	2745	1.0836952230556651
GSM6339603	TCGGTTACAAGGTGGC-1	2469	2308	0.934791413527744
GSM6339603	TCGGTTACACAATACT-1	17283	18125	1.0487183937973732
GSM6339603	TCGGTTACACAGACTC-1	588	528	0.8979591836734694
GSM6339603	TCGGTTACACAGGGAC-1	4937	6192	1.2542029572614948
GSM6339603	TCGGTTACACCTAAGC-1	820	924	1.1268292682926828
GSM6339603	TCGGTTACACCTCACC-1	33761	37281	1.1042623145049022
GSM6339603	TCGGTTACACCTGCCT-1	2856	2970	1.0399159663865547
GSM6339603	TCGGTTACAGCAACAG-1	1380	1330	0.9637681159420289
GSM6339603	TCGGTTACAGGTATTT-1	449	407	0.9064587973273942
GSM6339603	TCGGTTACATCCAGGT-1	5575	3547	0.6362331838565023
GSM6339603	TCGGTTCTCAAATCGC-1	3724	2705	0.7263694951664876
GSM6339603	TCGGTTCTCAGGCTAT-1	3384	3377	0.9979314420803782
GSM6339603	TCGGTTCTCGCACAAT-1	2051	2386	1.1633349585568016
GSM6339603	TCGGTTCTCGCTAGAT-1	2053	1895	0.9230394544568924
GSM6339603	TCGGTTCTCGTTAAGC-1	25769	46086	1.7884279560712484
GSM6339603	TCGGTTTGTCACAGCG-1	1471	1565	1.0639021074099253
GSM6339603	TCGGTTTGTTAAGCGC-1	1224	1270	1.0375816993464053
GSM6339603	TCGGTTTGTTTCCACG-1	442	403	0.9117647058823529
GSM6339603	TCGTAATCAAATACCT-1	2035	2354	1.1567567567567567
GSM6339603	TCGTAATCAAGCTAAA-1	2392	2794	1.1680602006688963
GSM6339603	TCGTAATCAAGTGTTT-1	1632	1985	1.2162990196078431
GSM6339603	TCGTAATCAATGAATG-1	2868	3342	1.1652719665271967
GSM6339603	TCGTAATCACCAGCAT-1	2697	3160	1.171672228401928
GSM6339603	TCGTAATCACTTGTTC-1	1405	1600	1.1387900355871887
GSM6339603	TCGTAATCAGCTCATA-1	2089	2276	1.0895165150789852
GSM6339603	TCGTAATCAGGAACCA-1	13081	11202	0.8563565476645516
GSM6339603	TCGTAATCATAGCTGC-1	1374	1501	1.0924308588064047
GSM6339603	TCGTAATCATCACTTC-1	711	782	1.09985935302391
GSM6339603	TCGTCAACAATCATGT-1	37683	37789	1.0028129395218002
GSM6339603	TCGTCAACAATTAACC-1	1017	700	0.688298918387414
GSM6339603	TCGTCAACACACCAAC-1	385	399	1.0363636363636364
GSM6339603	TCGTCAACAGAAATGC-1	3074	3668	1.1932335718932987
GSM6339603	TCGTCAACAGCCGCTA-1	2577	3044	1.1812184710904152
GSM6339603	TCGTGCTTCAGAAACG-1	22866	24830	1.0858917169596782
GSM6339603	TCGTGCTTCCGGCTAA-1	947	1115	1.17740232312566
GSM6339603	TCGTGCTTCCTGGCTT-1	19220	20124	1.0470343392299688
GSM6339603	TCGTGCTTCGCACAAT-1	22505	19785	0.8791379693401467
GSM6339603	TCGTGCTTCTCAATAG-1	562	563	1.001779359430605
GSM6339603	TCGTGCTTCTCAATGA-1	4706	5727	1.216957076073098
GSM6339603	TCGTGCTTCTTGCAAA-1	39004	41209	1.056532663316583
GSM6339603	TCGTTAAAGCACAGGG-1	15565	17976	1.154898811435914
GSM6339603	TCGTTAAAGCACCACA-1	3905	4254	1.0893725992317542
GSM6339603	TCGTTAAAGCATGCAT-1	14274	13221	0.9262295081967213
GSM6339603	TCGTTAAAGCCTGAGC-1	31752	42723	1.3455215419501134
GSM6339603	TCGTTAAAGCTGTACG-1	25757	28779	1.1173273284932252
GSM6339603	TCGTTAAAGGCATTAC-1	519	473	0.9113680154142582
GSM6339603	TCGTTAAAGGTTTACA-1	1671	1699	1.0167564332734889
GSM6339603	TCGTTAAAGTGAAGTG-1	2877	3274	1.137990962808481
GSM6339603	TCGTTAAAGTTCCCAC-1	1548	1636	1.0568475452196382
GSM6339603	TCGTTACGTACGATTG-1	1121	1159	1.0338983050847457
GSM6339603	TCGTTACGTATTGCAG-1	14649	11077	0.7561608300907912
GSM6339603	TCGTTAGCAACTGGCT-1	6898	4237	0.6142360104378081
GSM6339603	TCGTTAGCAAGTGTTT-1	813	1025	1.2607626076260763
GSM6339603	TCGTTAGCAATTATGC-1	512	436	0.8515625
GSM6339603	TCGTTAGCACATTGCA-1	29921	36889	1.2328799171150697
GSM6339603	TCGTTAGCAGCACCAT-1	28969	26851	0.92688736235286
GSM6339603	TCGTTAGCAGCTTAAT-1	8563	11377	1.3286231460936588
GSM6339603	TCGTTAGCATAGACTT-1	15962	18555	1.1624483147475253
GSM6339603	TCGTTAGCATCATGTG-1	482	589	1.2219917012448134
GSM6339603	TCGTTATTCCCTGGAA-1	27174	35894	1.320894973136086
GSM6339603	TCGTTATTCCGGTATG-1	1997	2244	1.1236855282924387
GSM6339603	TCGTTATTCGAGGTGG-1	12340	13519	1.0955429497568883
GSM6339603	TCGTTATTCGCAACAT-1	1263	1116	0.8836104513064132
GSM6339603	TCGTTATTCTTAGCCC-1	15073	12826	0.8509254959198567
GSM6339603	TCGTTATTCTTGCAGG-1	24300	35231	1.449835390946502
GSM6339603	TCGTTTCCAACCGCCA-1	21558	19805	0.918684479079692
GSM6339603	TCGTTTCCACAGGGAC-1	1845	2099	1.1376693766937669
GSM6339603	TCGTTTCCAGCATGTC-1	1093	1242	1.1363220494053066
GSM6339603	TCGTTTCCAGTACCGT-1	31200	40769	1.306698717948718
GSM6339603	TCTAACCGTCCTTTAA-1	1647	1539	0.9344262295081968
GSM6339603	TCTAACCGTGACATGC-1	8214	8071	0.9825906988069151
GSM6339603	TCTAACCGTGAGAAAC-1	539	552	1.0241187384044528
GSM6339603	TCTAACCGTGTCACGG-1	2405	1445	0.6008316008316008
GSM6339603	TCTAACCGTTACATCC-1	851	931	1.0940070505287895
GSM6339603	TCTAACCGTTTAAAGC-1	2828	3123	1.1043140028288543
GSM6339603	TCTAACTTCCAACTGG-1	741	677	0.9136302294197031
GSM6339603	TCTAACTTCCTGGTCT-1	22464	35632	1.5861823361823362
GSM6339603	TCTAACTTCGGTTAGT-1	1613	1817	1.1264724116553007
GSM6339603	TCTAACTTCGTGCTTC-1	8751	5713	0.652839675465661
GSM6339603	TCTAACTTCGTTCACC-1	18275	21869	1.1966621067031464
GSM6339603	TCTAACTTCTCACATT-1	3924	5315	1.3544852191641183
GSM6339603	TCTAACTTCTTGAGGT-1	530	489	0.9226415094339623
GSM6339603	TCTAAGGGTCGACTAA-1	714	649	0.9089635854341737
GSM6339603	TCTAAGGGTTAGTGAT-1	1025	1023	0.9980487804878049
GSM6339603	TCTAATCTCATGTGGT-1	16541	18203	1.1004776011123873
GSM6339603	TCTAATCTCGCTAGCA-1	860	613	0.7127906976744186
GSM6339603	TCTAATCTCTCTAGCC-1	2509	2865	1.1418891988840176
GSM6339603	TCTAATCTCTTGCAGG-1	5208	6042	1.1601382488479262
GSM6339603	TCTACCTCAAGGTGGC-1	1042	1058	1.0153550863723608
GSM6339603	TCTACCTCAATGAGGT-1	853	944	1.1066822977725674
GSM6339603	TCTACCTCACAGGATG-1	2151	2544	1.1827057182705718
GSM6339603	TCTACCTCACCTCAGG-1	30487	41121	1.3488044084363828
GSM6339603	TCTACCTCACTGGCCA-1	1907	2401	1.259045621394861
GSM6339603	TCTACCTCATGGCCCA-1	11959	12606	1.0541015135044736
GSM6339603	TCTACTAGTAACCAGC-1	874	961	1.09954233409611
GSM6339603	TCTACTAGTCATTGTC-1	489	607	1.2413087934560327
GSM6339603	TCTACTAGTCGCAATA-1	473	514	1.0866807610993658
GSM6339603	TCTACTAGTCTAACCT-1	5834	7424	1.2725402811107303
GSM6339603	TCTAGCACAATTGAGA-1	16163	17958	1.111056115820083
GSM6339603	TCTAGCACAGCTTAGC-1	5977	6498	1.087167475322068
GSM6339603	TCTAGCACAGTAAGTA-1	3630	4556	1.2550964187327824
GSM6339603	TCTAGCACATTGGGAG-1	7657	8714	1.1380436202167952
GSM6339603	TCTAGCCTCGGCTAGC-1	3629	2768	0.7627445577294021
GSM6339603	TCTAGCCTCGTTCACC-1	2486	2426	0.9758648431214803
GSM6339603	TCTAGCCTCTTTAAGG-1	22059	28120	1.2747631352282516
GSM6339603	TCTAGCGAGGCCAATT-1	1093	1114	1.019213174748399
GSM6339603	TCTAGCGAGGTCCACA-1	639	644	1.0078247261345852
GSM6339603	TCTAGCGAGGTCCTGA-1	421	402	0.9548693586698337
GSM6339603	TCTATGTTCACGCCAA-1	3369	3779	1.1216978331849214
GSM6339603	TCTATGTTCAGGATGA-1	2058	2344	1.1389698736637512
GSM6339603	TCTATGTTCATTCATC-1	1224	1364	1.1143790849673203
GSM6339603	TCTATGTTCGCTATGG-1	16313	24713	1.5149267455403665
GSM6339603	TCTCAAGCAAGACTCC-1	1250	1160	0.928
GSM6339603	TCTCAAGCAAGTGAAC-1	3022	3825	1.2657180675049635
GSM6339603	TCTCAAGCAATAACGA-1	4959	6683	1.347650736035491
GSM6339603	TCTCAAGCAATACTGT-1	4439	4395	0.9900878576255914
GSM6339603	TCTCAAGCAATCCTAG-1	769	849	1.1040312093628089
GSM6339603	TCTCAAGCAGGCCAAA-1	822	822	1.0
GSM6339603	TCTCAAGCATAGCGAG-1	3612	4157	1.1508859357696568
GSM6339603	TCTCAATTCCTCCTAA-1	31783	41070	1.2922002328288709
GSM6339603	TCTCAATTCGCAGGCT-1	5939	4676	0.7873379356794074
GSM6339603	TCTCACCAGAATGACG-1	2480	2788	1.1241935483870968
GSM6339603	TCTCACCAGACACTTA-1	18445	29095	1.5773922472214692
GSM6339603	TCTCACCAGCGATACT-1	25018	25422	1.0161483731713166
GSM6339603	TCTCACCAGCTGTAAC-1	3494	3716	1.0635374928448769
GSM6339603	TCTCACCAGCTTCCCG-1	8476	5852	0.6904200094384143
GSM6339603	TCTCACCAGGAGGTTA-1	8775	5839	0.6654131054131054
GSM6339603	TCTCACCAGGATGATG-1	13662	14593	1.0681452203191333
GSM6339603	TCTCACCAGGCCTAAT-1	4688	5071	1.08169795221843
GSM6339603	TCTCACCAGTAAAGGT-1	23641	30331	1.282982953343767
GSM6339603	TCTCCTCGTCGACTAA-1	25833	41393	1.6023303526497117
GSM6339603	TCTCCTCGTGAGACTC-1	11309	9913	0.8765584932354762
GSM6339603	TCTCCTCGTGCTCACC-1	1727	1915	1.1088592935726693
GSM6339603	TCTCCTCGTTAAGTGT-1	1370	1428	1.0423357664233577
GSM6339603	TCTCCTCGTTCATTTG-1	2311	2844	1.2306360882734746
GSM6339603	TCTCCTCGTTCCGGCT-1	20947	18921	0.903279705924476
GSM6339603	TCTCCTCGTTTGCAGA-1	1073	1229	1.1453867660764212
GSM6339603	TCTCGCCCAAACGGGC-1	876	799	0.9121004566210046
GSM6339603	TCTCGCCCAATCTCTC-1	4501	3760	0.8353699177960453
GSM6339603	TCTCGCCCACAATTAC-1	841	946	1.1248513674197385
GSM6339603	TCTCGCCCACTAAGAA-1	2044	2213	1.0826810176125246
GSM6339603	TCTCGCCCAGTCTATG-1	1930	2033	1.0533678756476683
GSM6339603	TCTCGCCCAGTTAAAG-1	14034	13501	0.9620208066125124
GSM6339603	TCTCGCCCAGTTTACG-1	847	826	0.9752066115702479
GSM6339603	TCTCGCCCATTGTGGC-1	2311	2835	1.2267416702726093
GSM6339603	TCTGGCTTCCGCAAAT-1	9157	5946	0.6493393032652616
GSM6339603	TCTGGCTTCCTTAGTT-1	1065	1179	1.1070422535211268
GSM6339603	TCTGGCTTCCTTGCAC-1	955	1168	1.2230366492146596
GSM6339603	TCTGGCTTCGCTCACT-1	7652	8440	1.1029796131730267
GSM6339603	TCTGGCTTCGGTCAGC-1	1992	2037	1.0225903614457832
GSM6339603	TCTGTGACAAGCTACC-1	24526	28631	1.1673733996575064
GSM6339603	TCTGTGACAATAACGA-1	861	895	1.0394889663182345
GSM6339603	TCTGTGACAATAAGCA-1	26190	37449	1.4298969072164949
GSM6339603	TCTGTGACAATTAGCT-1	1005	1137	1.1313432835820896
GSM6339603	TCTGTGACACAGAACG-1	1303	1316	1.009976976208749
GSM6339603	TCTGTGACACCCTCAC-1	489	640	1.30879345603272
GSM6339603	TCTGTGACAGCCTAAC-1	2940	3679	1.2513605442176872
GSM6339603	TCTGTGACAGTTTGGC-1	16274	19613	1.2051738970136414
GSM6339603	TCTTAGCGTAACGAGG-1	6312	6893	1.0920468948035489
GSM6339603	TCTTAGCGTGAGGTGA-1	1361	1562	1.1476855253490081
GSM6339603	TCTTAGCGTGATTTGG-1	3140	3448	1.0980891719745223
GSM6339603	TCTTAGCGTGTGCACG-1	1954	2081	1.0649948822927329
GSM6339603	TCTTAGCGTTATGTGG-1	2353	2807	1.1929451763705907
GSM6339603	TCTTAGCGTTTCCTCC-1	1377	955	0.6935366739288308
GSM6339603	TCTTAGTTCAAGGACA-1	11987	11247	0.9382664553266038
GSM6339603	TCTTAGTTCCGCACAA-1	20461	23651	1.155906358438004
GSM6339603	TCTTAGTTCCGGTTGA-1	17850	17664	0.9895798319327731
GSM6339603	TCTTAGTTCCTGGCTT-1	922	1170	1.2689804772234274
GSM6339603	TCTTAGTTCCTTAGGG-1	13141	10757	0.8185830606498744
GSM6339603	TCTTAGTTCGCCTGTT-1	1034	991	0.9584139264990329
GSM6339603	TCTTAGTTCGGCCATA-1	2275	2659	1.168791208791209
GSM6339603	TCTTAGTTCTCGACCT-1	2258	2070	0.91674047829938
GSM6339603	TCTTCAAGTATTTGCC-1	3987	3431	0.8605467770253323
GSM6339603	TCTTCAAGTCCGCTGT-1	2556	2713	1.0614241001564946
GSM6339603	TCTTCAAGTGCTTAGA-1	5699	4987	0.8750658010177224
GSM6339603	TCTTCAAGTGGATTAT-1	2476	2528	1.0210016155088852
GSM6339603	TCTTCAAGTGGGTGAA-1	4907	5130	1.0454452822498472
GSM6339603	TCTTCAAGTTAGGCGT-1	1356	1310	0.9660766961651918
GSM6339603	TCTTCAAGTTGTAAAC-1	3858	3874	1.00414722654225
GSM6339603	TCTTCAAGTTTCGCCA-1	1167	1431	1.2262210796915167
GSM6339603	TCTTCAAGTTTGTTGC-1	3536	3371	0.9533371040723982
GSM6339603	TCTTGACGTAGGTTTG-1	5034	5429	1.078466428287644
GSM6339603	TCTTGACGTGCTCCGT-1	4417	4340	0.9825673534072901
GSM6339603	TCTTGACGTGCTGTAA-1	3612	4546	1.2585825027685493
GSM6339603	TCTTGACGTGCTTACT-1	745	631	0.8469798657718121
GSM6339603	TCTTGACGTTGCGTAA-1	1945	1854	0.9532133676092545
GSM6339603	TCTTGACGTTTCCGGC-1	593	670	1.129848229342327
GSM6339603	TCTTGTCCACCGGCTA-1	3031	3162	1.0432200593863412
GSM6339603	TCTTGTCCATAGTCAT-1	28735	41727	1.4521315468940317
GSM6339603	TCTTTGTAGCATGCAT-1	1581	1554	0.9829222011385199
GSM6339603	TCTTTGTAGCGGGCAA-1	6094	3741	0.6138825073843125
GSM6339603	TCTTTGTAGCTCCTTA-1	18765	19828	1.0566480149213962
GSM6339603	TCTTTGTAGGGACGCA-1	935	714	0.7636363636363637
GSM6339603	TCTTTGTAGGTTACGT-1	7861	7328	0.9321969215112581
GSM6339603	TGAAACTGTAGACAAA-1	1504	1584	1.053191489361702
GSM6339603	TGAAACTGTGAGCGAA-1	12352	10586	0.8570272020725389
GSM6339603	TGAAACTGTTAGACCA-1	8818	7864	0.8918122023134497
GSM6339603	TGAAACTGTTGCAATG-1	2796	2845	1.0175250357653791
GSM6339603	TGAAACTGTTGTTCAC-1	3745	3977	1.0619492656875835
GSM6339603	TGAACAACAACCCTCC-1	2972	3543	1.1921265141318977
GSM6339603	TGAACAACACTGGCTG-1	1084	1260	1.1623616236162362
GSM6339603	TGAACAACACTTCATC-1	24454	31467	1.286783348327472
GSM6339603	TGAACAACAGTAGGTG-1	3101	3631	1.1709126088358595
GSM6339603	TGAACAACATAAGGAC-1	2992	3321	1.1099598930481283
GSM6339603	TGAACAGAGCTTACTT-1	20642	20314	0.984110066853987
GSM6339603	TGAACAGAGGAACGGT-1	9361	8911	0.9519282127977781
GSM6339603	TGAACAGAGTTAGGCT-1	14855	15478	1.041938741164591
GSM6339603	TGAAGCAAGCCTCTGT-1	933	1232	1.3204715969989282
GSM6339603	TGAAGCAAGGAATAAC-1	465	447	0.9612903225806452
GSM6339603	TGAAGCAAGGATTGAG-1	812	928	1.1428571428571428
GSM6339603	TGAAGCAAGGCTAAGA-1	25873	27880	1.077571213233873
GSM6339603	TGAAGCAAGGCTGGCT-1	25383	31174	1.2281448213371153
GSM6339603	TGAAGCAAGGGTCTAT-1	26421	30465	1.153060065856705
GSM6339603	TGAAGCAAGGTCCTAG-1	754	598	0.7931034482758621
GSM6339603	TGAAGCAAGTCAGGCC-1	9511	6786	0.7134896435706024
GSM6339603	TGAAGCAAGTCATGCG-1	2363	2495	1.0558611933982227
GSM6339603	TGAAGGATCAAGTGAG-1	11364	8708	0.7662794790566702
GSM6339603	TGAAGGATCATGCGTG-1	3792	4255	1.1220991561181435
GSM6339603	TGAAGGATCGAGCAAA-1	9515	7960	0.836573830793484
GSM6339603	TGAAGGATCGATTTGA-1	1466	1720	1.1732605729877217
GSM6339603	TGAAGGATCTCAATGA-1	1855	1901	1.024797843665768
GSM6339603	TGAAGTGAGCATTAGC-1	936	1133	1.2104700854700854
GSM6339603	TGAAGTGAGCCTAACG-1	4744	4532	0.9553119730185498
GSM6339603	TGAAGTGAGCCTGTGA-1	7072	8929	1.2625848416289593
GSM6339603	TGAAGTGAGCTATGAC-1	3365	3082	0.9158989598811292
GSM6339603	TGAAGTGAGCTGGCTA-1	1781	2003	1.124649073554183
GSM6339603	TGAAGTGAGCTTCCCG-1	1458	1537	1.0541838134430728
GSM6339603	TGAAGTGAGGCCATCA-1	13656	14121	1.0340509666080844
GSM6339603	TGAAGTGAGGCGCACT-1	16852	18032	1.070021362449561
GSM6339603	TGAAGTGAGGTCCACA-1	4956	5623	1.1345843422114608
GSM6339603	TGACCAAGTCAATACG-1	750	815	1.0866666666666667
GSM6339603	TGACCAAGTGGCTTCC-1	1533	1869	1.2191780821917808
GSM6339603	TGACCAAGTTAAATGC-1	1003	894	0.8913260219341974
GSM6339603	TGACCAAGTTCACTGT-1	2142	1971	0.9201680672268907
GSM6339603	TGACCAAGTTCGGTAA-1	1115	678	0.6080717488789238
GSM6339603	TGACCAAGTTTAGCGA-1	895	1005	1.1229050279329609
GSM6339603	TGACCTTGTAACCTAG-1	3474	3265	0.939838802533103
GSM6339603	TGACCTTGTACTGATG-1	2304	2284	0.9913194444444444
GSM6339603	TGACCTTGTGACATGC-1	3578	4114	1.149804359977641
GSM6339603	TGACCTTGTGCGCGTA-1	1955	2034	1.0404092071611253
GSM6339603	TGACCTTGTGCTTACT-1	952	944	0.9915966386554622
GSM6339603	TGACCTTGTGGATGTC-1	624	584	0.9358974358974359
GSM6339603	TGACTCCTCAACAAGG-1	37264	41472	1.1129240017174753
GSM6339603	TGACTCCTCAAGGACA-1	1642	1698	1.0341047503045067
GSM6339603	TGACTCCTCAAGTGAG-1	815	943	1.1570552147239264
GSM6339603	TGACTCCTCCGCCTCA-1	3829	4320	1.1282319143379473
GSM6339603	TGACTCCTCCGGTTAG-1	27464	33378	1.2153364404311098
GSM6339603	TGACTCCTCGAAGTAG-1	20830	26926	1.2926548247719636
GSM6339603	TGACTTAAGCATGTCG-1	1503	1618	1.076513639387891
GSM6339603	TGACTTAAGGAACCGG-1	5818	7028	1.2079752492265383
GSM6339603	TGACTTAAGGTCGAGG-1	1846	2126	1.1516793066088842
GSM6339603	TGACTTAAGGTGCGGA-1	20588	31625	1.5360889838741014
GSM6339603	TGACTTAAGGTGTTAC-1	7847	5861	0.7469096469988531
GSM6339603	TGACTTAAGTGCACGC-1	3054	3520	1.1525867714472822
GSM6339603	TGACTTAAGTTGTCCC-1	21810	27326	1.2529115084823474
GSM6339603	TGACTTCGTAATGACT-1	31708	42648	1.3450233379588747
GSM6339603	TGACTTCGTCATAAGT-1	13197	11765	0.8914904902629386
GSM6339603	TGACTTCGTGAGGTAG-1	4386	5607	1.2783857729138166
GSM6339603	TGACTTCGTTAATCGG-1	1770	1604	0.9062146892655367
GSM6339603	TGACTTCGTTAGCTGA-1	5523	5291	0.9579938439254029
GSM6339603	TGACTTCGTTAGGCGT-1	1508	1541	1.0218832891246685
GSM6339603	TGAGAACCAAACAACA-1	1459	1414	0.9691569568197396
GSM6339603	TGAGAACCAAGCTTAT-1	949	1016	1.0706006322444679
GSM6339603	TGAGAACCAATTAGGA-1	1705	1848	1.0838709677419356
GSM6339603	TGAGAACCACATAGCC-1	1115	1043	0.9354260089686098
GSM6339603	TGAGAACCACTTAGGC-1	666	628	0.9429429429429429
GSM6339603	TGAGAACCAGAGGCTA-1	3163	3725	1.1776794182737906
GSM6339603	TGAGAACCAGCAACAG-1	1943	1965	1.011322696860525
GSM6339603	TGAGAACCATAAAGCA-1	2486	2896	1.164923572003218
GSM6339603	TGAGCAAAGAATCTCA-1	1180	1328	1.1254237288135593
GSM6339603	TGAGCAAAGCACGATT-1	39591	43027	1.086787401177035
GSM6339603	TGAGCAAAGCCTGGTA-1	3486	3404	0.9764773379231211
GSM6339603	TGAGCAAAGCGAAGTA-1	19255	24170	1.2552583744481953
GSM6339603	TGAGCAAAGCTATTAG-1	15106	17182	1.137428836224017
GSM6339603	TGAGCAAAGCTGCACA-1	3017	3190	1.0573417301955585
GSM6339603	TGAGCAAAGGAGCAAC-1	2622	3261	1.2437070938215102
GSM6339603	TGAGCAAAGTAGCGGG-1	2084	2179	1.0455854126679462
GSM6339603	TGAGCAAAGTGTGATC-1	4271	2757	0.6455162725357059
GSM6339603	TGAGCAAAGTTACTTC-1	389	364	0.9357326478149101
GSM6339603	TGAGCACGTTAGAGCC-1	23551	24173	1.0264107681202497
GSM6339603	TGAGCCGGTAAGCTCA-1	2602	3219	1.2371252882398156
GSM6339603	TGAGCCGGTACCGTAA-1	545	604	1.108256880733945
GSM6339603	TGAGCCGGTGCTTAGA-1	1373	835	0.6081573197378004
GSM6339603	TGAGCTTAGACCATAC-1	18999	14221	0.7485130796357703
GSM6339603	TGAGCTTAGGACGTAA-1	15311	18452	1.2051466266083208
GSM6339603	TGAGCTTAGGGTCCAC-1	38233	38155	0.9979598775926556
GSM6339603	TGAGCTTAGGTTAGAG-1	1812	1792	0.9889624724061811
GSM6339603	TGAGCTTAGTCTCACC-1	1053	1119	1.0626780626780628
GSM6339603	TGAGCTTAGTTAGTGC-1	1081	1171	1.0832562442183165
GSM6339603	TGAGGAGGTACAAAGA-1	5041	5493	1.0896647490577267
GSM6339603	TGAGGAGGTACTTAGG-1	9794	8444	0.8621605064325097
GSM6339603	TGAGGAGGTAGCTAAT-1	16725	26121	1.5617937219730942
GSM6339603	TGAGGAGGTAGTTGGC-1	931	1057	1.1353383458646618
GSM6339603	TGAGGAGGTCACCTAT-1	8817	11631	1.3191561755699217
GSM6339603	TGAGGAGGTGAGCAAG-1	3084	3972	1.2879377431906616
GSM6339603	TGAGGAGGTGCAACTA-1	1488	1731	1.1633064516129032
GSM6339603	TGAGGAGGTTACAAAC-1	557	798	1.4326750448833034
GSM6339603	TGAGGAGGTTCACTGT-1	605	872	1.4413223140495868
GSM6339603	TGAGGAGGTTCGCTTG-1	2250	3349	1.4884444444444445
GSM6339603	TGAGGAGGTTGGTTGA-1	16582	23071	1.3913279459655048
GSM6339603	TGAGGAGGTTTCGCGC-1	18919	20573	1.0874253396056874
GSM6339603	TGAGGCACAACATAAG-1	1697	1848	1.08898055391868
GSM6339603	TGAGGCACAAGGATTA-1	2531	3031	1.197550375345713
GSM6339603	TGAGGCACACATTGCA-1	26549	36635	1.379901314550454
GSM6339603	TGAGGCACAGAAACGT-1	939	1011	1.0766773162939298
GSM6339603	TGAGGCACAGAGGCTA-1	1466	1523	1.038881309686221
GSM6339603	TGAGGCACATGTGGGA-1	2283	2661	1.1655716162943495
GSM6339603	TGAGGGAGTGCTGGTG-1	12680	12367	0.9753154574132492
GSM6339603	TGAGGGAGTGTGAGAG-1	2756	3023	1.0968795355587808
GSM6339603	TGAGGGAGTTTGGCTT-1	8014	6022	0.7514349887696531
GSM6339603	TGAGGGCCAGATTCAT-1	861	811	0.9419279907084785
GSM6339603	TGAGGGCCAGGCTAAG-1	638	525	0.822884012539185
GSM6339603	TGAGGTGCAATGAAGC-1	711	788	1.1082981715893108
GSM6339603	TGAGGTGCAGCCAGTT-1	970	1029	1.0608247422680412
GSM6339603	TGAGGTGCAGTTAGCC-1	3034	3432	1.131179960448253
GSM6339603	TGAGGTGCATCATGGC-1	32043	31687	0.9888899291576944
GSM6339603	TGAGGTGCATGTCAAT-1	868	811	0.934331797235023
GSM6339603	TGAGGTGCATGTTGGC-1	9399	7798	0.8296627300776679
GSM6339603	TGAGTGAAGAACCTAC-1	1670	1474	0.8826347305389222
GSM6339603	TGAGTGAAGAATCTCA-1	13433	10241	0.7623762376237624
GSM6339603	TGAGTGAAGACAACAG-1	4046	4581	1.1322293623331685
GSM6339603	TGAGTTTCAAAGCTAA-1	594	699	1.1767676767676767
GSM6339603	TGAGTTTCAAGCCACT-1	2355	1195	0.5074309978768577
GSM6339603	TGAGTTTCAATAACGA-1	741	780	1.0526315789473684
GSM6339603	TGAGTTTCAATATAGG-1	2002	2436	1.2167832167832169
GSM6339603	TGAGTTTCACACAATT-1	13461	12522	0.9302429240026744
GSM6339603	TGAGTTTCAGCAAGTG-1	2586	2729	1.0552977571539057
GSM6339603	TGAGTTTCAGTTAAAG-1	3015	3158	1.04742951907131
GSM6339603	TGAGTTTCATTCCTCG-1	451	482	1.0687361419068737
GSM6339603	TGATCAATCAGTATTG-1	11975	12021	1.0038413361169103
GSM6339603	TGATCAATCCATCAGG-1	23426	31281	1.3353111926918808
GSM6339603	TGATCAATCCTAATGA-1	25469	29009	1.1389925006871098
GSM6339603	TGATCAATCGTTTCGC-1	7584	8524	1.123945147679325
GSM6339603	TGATCAATCTTAGGAC-1	835	862	1.0323353293413173
GSM6339603	TGATCACAGCACTAGT-1	9494	8918	0.9393301032230883
GSM6339603	TGATCACAGCATGAAG-1	2280	2513	1.1021929824561403
GSM6339603	TGATCACAGCTCAAAC-1	945	1052	1.1132275132275131
GSM6339603	TGATCACAGGAAGCAC-1	5163	5707	1.10536509781135
GSM6339603	TGATCACAGGAGCACG-1	36854	57046	1.54789168068595
GSM6339603	TGATCACAGGTAGCTT-1	4063	4482	1.1031257691361063
GSM6339603	TGATCACAGTGGCGGA-1	14556	14905	1.023976367133828
GSM6339603	TGATCAGGTCACGAAC-1	2255	1412	0.6261640798226165
GSM6339603	TGATCAGGTCTTTGAC-1	4630	5104	1.1023758099352052
GSM6339603	TGATCAGGTGCTGTAA-1	1072	1272	1.1865671641791045
GSM6339603	TGATCCTGTAAGCACC-1	942	636	0.6751592356687898
GSM6339603	TGATCCTGTTCCGGCT-1	922	927	1.0054229934924077
GSM6339603	TGATCCTGTTTGAGCA-1	690	718	1.0405797101449274
GSM6339603	TGATCGAGTCACGAAC-1	20245	21288	1.0515188935539639
GSM6339603	TGATCGAGTGCTCCAC-1	7616	8186	1.07484243697479
GSM6339603	TGATCGAGTGTGAGAG-1	1437	1558	1.0842032011134308
GSM6339603	TGATCGAGTTGAGCCG-1	1134	965	0.8509700176366843
GSM6339603	TGATGAACAACTGGGA-1	9181	8483	0.9239734233743601
GSM6339603	TGATGAACAAGCGATG-1	989	1062	1.0738119312436805
GSM6339603	TGATGAACACAGGATG-1	18839	21738	1.1538829024895165
GSM6339603	TGATGAACACCTATAG-1	16533	16195	0.979556039436279
GSM6339603	TGATGAACACTGACTA-1	2135	2571	1.2042154566744732
GSM6339603	TGATGAACAGAGAGCC-1	24583	28035	1.1404222430134645
GSM6339603	TGATGAACAGGCATGA-1	2791	3205	1.1483339304908635
GSM6339603	TGATGAACATGATTGT-1	29174	41746	1.4309316514704875
GSM6339603	TGATGAACATTTAAGC-1	14729	14436	0.9801072713694073
GSM6339603	TGATGACTCATTAGGC-1	7084	5032	0.7103331451157539
GSM6339603	TGATGACTCCGTAAAC-1	1817	2266	1.2471106219042378
GSM6339603	TGATGACTCGCATTAA-1	3318	3503	1.0557564798071126
GSM6339603	TGATGACTCGGGACCT-1	1745	2065	1.183381088825215
GSM6339603	TGATGACTCTAAGGTC-1	33427	41567	1.2435157208244831
GSM6339603	TGATGATGTGCGCAAT-1	23730	28497	1.2008849557522123
GSM6339603	TGATGATGTGCTGGTG-1	9499	8852	0.9318875671123276
GSM6339603	TGATGATGTTAGGCGT-1	562	560	0.99644128113879
GSM6339603	TGATGATGTTGCACGG-1	12028	12701	1.0559527768540073
GSM6339603	TGATTAGTCAATTGGC-1	3236	3320	1.0259579728059331
GSM6339603	TGATTAGTCACCGGTA-1	20150	21490	1.0665012406947891
GSM6339603	TGATTAGTCATTGACA-1	15349	19426	1.2656199100918626
GSM6339603	TGATTAGTCCAGGAAA-1	12503	12441	0.9950411901143725
GSM6339603	TGATTAGTCCTAAGTA-1	684	804	1.1754385964912282
GSM6339603	TGATTAGTCCTGTTCA-1	1209	1318	1.0901571546732838
GSM6339603	TGATTAGTCGCGACAC-1	1089	1326	1.2176308539944904
GSM6339603	TGATTAGTCGGCTATG-1	2466	3031	1.2291159772911597
GSM6339603	TGATTAGTCGGGACCT-1	1154	985	0.8535528596187175
GSM6339603	TGATTCAAGACTTACA-1	3784	4454	1.177061310782241
GSM6339603	TGATTCAAGGCAATAG-1	3548	4470	1.2598647125140925
GSM6339603	TGATTCAAGGCATTAC-1	2753	1933	0.7021431166000727
GSM6339603	TGATTCAAGGGTTAGA-1	8695	9057	1.0416331224841864
GSM6339603	TGATTCAAGGTCAAAG-1	8985	11084	1.2336115748469672
GSM6339603	TGATTCAAGTAGCTTA-1	28912	40190	1.3900802434975097
GSM6339603	TGATTCAAGTGAGAGC-1	1682	1810	1.0760998810939357
GSM6339603	TGATTCAAGTGAGGTA-1	2473	2660	1.075616659927214
GSM6339603	TGATTCAAGTTCCTGC-1	5241	7054	1.3459263499332188
GSM6339603	TGATTGCAGACTCGCA-1	6418	9107	1.4189778747273294
GSM6339603	TGATTGCAGAGAAGGG-1	673	822	1.2213967310549778
GSM6339603	TGATTGCAGCACAGCC-1	791	906	1.145385587863464
GSM6339603	TGATTGCAGGGACCTC-1	1154	605	0.524263431542461
GSM6339603	TGATTGCAGGGCTTAT-1	3334	3697	1.108878224355129
GSM6339603	TGATTGCAGTCATGCG-1	3528	4428	1.2551020408163265
GSM6339603	TGCAAGCGTGCATTTC-1	1189	1413	1.1883936080740118
GSM6339603	TGCAATATCGATAACC-1	30420	31830	1.0463510848126232
GSM6339603	TGCAATATCTAGCGAT-1	22056	21450	0.9725244831338411
GSM6339603	TGCAATATCTCCATGC-1	27003	32837	1.2160500685109061
GSM6339603	TGCACACCAAGTGTTT-1	1144	1304	1.1398601398601398
GSM6339603	TGCACACCACCTAAGC-1	5484	4959	0.9042669584245077
GSM6339603	TGCACACCACGTTACA-1	764	656	0.8586387434554974
GSM6339603	TGCACCTTCAAGCCTG-1	3616	3046	0.8423672566371682
GSM6339603	TGCACCTTCATTTGCT-1	18750	17749	0.9466133333333333
GSM6339603	TGCACCTTCCAGGTTG-1	2771	2582	0.931793576326236
GSM6339603	TGCACCTTCCGTCCAT-1	20647	19446	0.9418317431103792
GSM6339603	TGCACCTTCGGTACGC-1	2327	2428	1.0434035238504513
GSM6339603	TGCACCTTCTACTAAG-1	1123	1193	1.06233303650935
GSM6339603	TGCACCTTCTGTGCAG-1	19330	17942	0.9281945162959131
GSM6339603	TGCACCTTCTTAGGGT-1	3565	4668	1.3093969144460027
GSM6339603	TGCACTTGTATTGTCC-1	1256	1037	0.8256369426751592
GSM6339603	TGCACTTGTCAAGTAT-1	2103	2452	1.1659533999048977
GSM6339603	TGCACTTGTCATCCTG-1	2925	3578	1.2232478632478632
GSM6339603	TGCACTTGTGTAACCA-1	12179	10493	0.861564988915346
GSM6339603	TGCACTTGTGTTGCAA-1	1822	2304	1.2645444566410537
GSM6339603	TGCACTTGTTCCTCCT-1	3266	3176	0.9724433557868953
GSM6339603	TGCACTTGTTGAGCCG-1	1472	1278	0.8682065217391305
GSM6339603	TGCACTTGTTTCCTCC-1	5869	6312	1.0754813426478105
GSM6339603	TGCAGGCTCACCAATA-1	22347	29313	1.3117196939186468
GSM6339603	TGCAGGCTCAGGCCTA-1	26858	40719	1.5160845930449027
GSM6339603	TGCAGGCTCGCATTAA-1	12507	14462	1.156312465019589
GSM6339603	TGCAGGCTCTTGGACG-1	37537	48982	1.3048991661560594
GSM6339603	TGCATCCTCAGGATGA-1	16925	16525	0.9763663220088626
GSM6339603	TGCATCCTCCCTTGCG-1	1648	1895	1.149878640776699
GSM6339603	TGCATCCTCGAGGAGT-1	1466	1625	1.1084583901773533
GSM6339603	TGCATCCTCGGCCATA-1	17769	24538	1.3809443412685014
GSM6339603	TGCATCCTCGGTTCCT-1	993	1103	1.1107754279959718
GSM6339603	TGCATCCTCTAACCTT-1	2905	3164	1.0891566265060242
GSM6339603	TGCATGAGTCAGGCAT-1	30098	34896	1.1594125855538573
GSM6339603	TGCATGAGTCATCCTG-1	3211	3553	1.106508875739645
GSM6339603	TGCATGAGTCATTGTC-1	25166	30331	1.2052372248271477
GSM6339603	TGCATGAGTCCCGGAA-1	29030	37162	1.2801240096451947
GSM6339603	TGCATGAGTCTTGCAT-1	4530	5557	1.226710816777042
GSM6339603	TGCATGAGTGCATTAG-1	7708	6314	0.8191489361702128
GSM6339603	TGCATGAGTGGATTAT-1	2805	2924	1.0424242424242425
GSM6339603	TGCATGAGTGGATTGC-1	25693	33749	1.3135484373175572
GSM6339603	TGCATGAGTGTCACGG-1	1302	1168	0.8970814132104454
GSM6339603	TGCATGAGTTAACACG-1	7722	9198	1.191142191142191
GSM6339603	TGCATGAGTTACTTCA-1	28726	33452	1.1645199470862633
GSM6339603	TGCATGAGTTGAAGCC-1	31138	45565	1.4633245552058578
GSM6339603	TGCATGAGTTTCCTCC-1	2787	3203	1.149264442052386
GSM6339603	TGCATTAAGAACCTAC-1	1931	2112	1.0937338166752977
GSM6339603	TGCATTAAGAAGCTAG-1	721	749	1.0388349514563107
GSM6339603	TGCATTAAGGAACCAA-1	11752	11808	1.0047651463580667
GSM6339603	TGCATTAAGGCATGTT-1	937	1040	1.1099252934898614
GSM6339603	TGCATTAAGGGCCATC-1	3589	3975	1.107550849818891
GSM6339603	TGCATTAAGTTAACCA-1	820	894	1.0902439024390245
GSM6339603	TGCATTAAGTTATGTG-1	1534	2015	1.3135593220338984
GSM6339603	TGCCATTGTAAAGCAA-1	514	535	1.0408560311284047
GSM6339603	TGCCATTGTAATAGCT-1	17468	16047	0.9186512479963361
GSM6339603	TGCCATTGTACCCACC-1	1751	1089	0.6219303255282695
GSM6339603	TGCCATTGTACGTTTC-1	18323	21960	1.1984936964470883
GSM6339603	TGCCATTGTCATCCTG-1	31143	36620	1.1758661657515332
GSM6339603	TGCCATTGTTGCAATG-1	6998	7804	1.115175764504144
GSM6339603	TGCCATTGTTGTTGGA-1	30165	51180	1.6966683242168075
GSM6339603	TGCCATTGTTTGGTTC-1	715	793	1.1090909090909091
GSM6339603	TGCCGGTAGAGCAAGC-1	829	628	0.7575392038600723
GSM6339603	TGCCGGTAGCAAACCT-1	2913	3081	1.0576725025746654
GSM6339603	TGCCGGTAGGAGGTTA-1	6590	7655	1.161608497723824
GSM6339603	TGCCGGTAGTGAGGGT-1	3129	3320	1.061041866410994
GSM6339603	TGCCTGTTCACAGCCA-1	4920	5308	1.0788617886178862
GSM6339603	TGCCTGTTCCCGCCTA-1	1138	941	0.8268892794376098
GSM6339603	TGCCTGTTCGACAAAG-1	1811	2039	1.1258972943125345
GSM6339603	TGCCTGTTCGCTAAGT-1	2744	3248	1.183673469387755
GSM6339603	TGCCTGTTCTAATCTC-1	4299	4550	1.058385671086299
GSM6339603	TGCCTGTTCTTGCTAT-1	558	539	0.9659498207885304
GSM6339603	TGCGATTAGCAAGGAC-1	1060	922	0.869811320754717
GSM6339603	TGCGATTAGCAAGGTA-1	7845	7511	0.9574251115360102
GSM6339603	TGCGATTAGGAACCAA-1	734	723	0.9850136239782016
GSM6339603	TGCGATTAGGCAAGTA-1	4192	4339	1.0350667938931297
GSM6339603	TGCGATTAGTAACGAG-1	1256	1719	1.3686305732484076
GSM6339603	TGCGATTAGTTAGACC-1	1087	1005	0.9245630174793008
GSM6339603	TGCGATTAGTTTGAGC-1	3982	4257	1.069060773480663
GSM6339603	TGCGCAGGTAACTACG-1	1657	1756	1.059746529873265
GSM6339603	TGCGCAGGTAATGGCC-1	3067	3158	1.029670687968699
GSM6339603	TGCGCAGGTGTTGCAA-1	1831	1702	0.9295466957946478
GSM6339603	TGCGCAGGTGTTTGTC-1	18953	17315	0.9135756872262967
GSM6339603	TGCGCAGGTTCTTTAG-1	754	731	0.9694960212201591
GSM6339603	TGCGCAGGTTTAAAGC-1	602	657	1.0913621262458473
GSM6339603	TGCGCAGGTTTCCGGC-1	13829	9837	0.7113312603948225
GSM6339603	TGCGCGAGTAAAGCGG-1	7733	9648	1.2476399844820898
GSM6339603	TGCGCGAGTTTACTTG-1	1559	1439	0.9230275817831943
GSM6339603	TGCGGTTCAAGCGATG-1	1827	1922	1.0519978106185002
GSM6339603	TGCGGTTCACTCAACA-1	23088	25065	1.0856288981288982
GSM6339603	TGCGGTTCAGGGAGGA-1	1095	1230	1.1232876712328768
GSM6339603	TGCGGTTCATAAGTTC-1	1247	1272	1.0200481154771452
GSM6339603	TGCGGTTCATAGACTT-1	18693	17498	0.9360723265393462
GSM6339603	TGCTAACAGAGCCGCT-1	1917	2187	1.1408450704225352
GSM6339603	TGCTAACAGCATTTCT-1	4783	5318	1.1118544846330756
GSM6339603	TGCTAACAGCTTACTT-1	2369	2678	1.1304347826086956
GSM6339603	TGCTAACAGGAATAAC-1	7301	4725	0.6471716203259827
GSM6339603	TGCTAACAGTTAGACC-1	2319	2766	1.1927554980595083
GSM6339603	TGCTAACAGTTTGGTA-1	3498	4213	1.2044025157232705
GSM6339603	TGCTAGCCAAGCCAGA-1	4413	4708	1.0668479492408791
GSM6339603	TGCTAGCCAAGCGAGC-1	16520	19301	1.1683414043583535
GSM6339603	TGCTAGCCAAGGGTTG-1	2282	2253	0.9872918492550394
GSM6339603	TGCTAGCCAATAGTCT-1	28020	26732	0.9540328336902213
GSM6339603	TGCTAGCCACCTCACC-1	2237	2205	0.9856951274027715
GSM6339603	TGCTAGCCAGCAAATA-1	1513	1724	1.1394580304031725
GSM6339603	TGCTAGCCAGGAACCA-1	600	403	0.6716666666666666
GSM6339603	TGCTAGCCATGAGCAG-1	5829	6178	1.0598730485503516
GSM6339603	TGCTAGCCATTAGGCC-1	1883	2048	1.0876261285183217
GSM6339603	TGCTATGCAATCCCTT-1	5336	4707	0.8821214392803598
GSM6339603	TGCTATGCACTCAACA-1	4416	4747	1.0749547101449275
GSM6339603	TGCTATGCAGGCATCT-1	2086	1226	0.5877277085330777
GSM6339603	TGCTATGCATAAGTTC-1	496	657	1.3245967741935485
GSM6339603	TGCTATGCATATTGAC-1	21997	27646	1.2568077465108878
GSM6339603	TGCTCAACAATCGCAC-1	8616	9405	1.091573816155989
GSM6339603	TGCTCAACACAGCCAT-1	989	1164	1.1769464105156724
GSM6339603	TGCTCAACACCTCAGG-1	2624	2850	1.0861280487804879
GSM6339603	TGCTCAACAGGAAGCC-1	42705	47755	1.1182531319517621
GSM6339603	TGCTCAACATACCCGG-1	446	494	1.1076233183856503
GSM6339603	TGCTCAACATCCCTCA-1	1031	769	0.7458777885548011
GSM6339603	TGCTCAACATGAGCAG-1	2463	2513	1.0203004466098253
GSM6339603	TGCTCAACATTGTGCA-1	5005	3782	0.7556443556443556
GSM6339603	TGCTCACTCAACCAAC-1	427	487	1.1405152224824355
GSM6339603	TGCTCACTCAATGTCA-1	1344	835	0.6212797619047619
GSM6339603	TGCTCACTCACATTGA-1	736	778	1.0570652173913044
GSM6339603	TGCTCACTCATTCATC-1	694	719	1.0360230547550433
GSM6339603	TGCTCACTCCTCACTA-1	26644	30797	1.1558699894910673
GSM6339603	TGCTCCGTCACAGCCA-1	23481	35702	1.5204633533495167
GSM6339603	TGCTCCGTCCCTCACG-1	2345	2550	1.0874200426439233
GSM6339603	TGCTCCGTCCTGGTGA-1	3369	3406	1.0109824873849806
GSM6339603	TGCTCCGTCCTTAGGG-1	595	729	1.2252100840336135
GSM6339603	TGCTCCGTCGAGGAGT-1	1668	1636	0.9808153477218226
GSM6339603	TGCTCTCAGGCTGGCT-1	17807	17824	1.000954680743528
GSM6339603	TGCTCTCAGTACTGGT-1	1263	1477	1.1694378463974664
GSM6339603	TGCTCTCAGTCCTGAG-1	6985	7725	1.1059413027916964
GSM6339603	TGCTGGATCAATTACG-1	1046	1096	1.0478011472275335
GSM6339603	TGCTGGATCAGCCAAT-1	4269	4797	1.123682361208714
GSM6339603	TGCTGGATCATGCTCC-1	4909	5052	1.0291301690772052
GSM6339603	TGCTGGATCATTGTCT-1	1016	959	0.9438976377952756
GSM6339603	TGCTGGATCCAACTGG-1	8524	8265	0.9696152041295166
GSM6339603	TGCTGGATCCATAATG-1	953	1146	1.2025183630640084
GSM6339603	TGCTGGATCCTTCGTA-1	3865	4271	1.105045278137128
GSM6339603	TGCTGGATCGCTAGCA-1	14179	13496	0.9518301713802102
GSM6339603	TGCTGGATCTGTGCAG-1	20281	19982	0.9852571372220305
GSM6339603	TGCTTAAAGCAGCTAT-1	846	559	0.6607565011820331
GSM6339603	TGCTTAAAGCCACAAT-1	8559	7523	0.8789578221754878
GSM6339603	TGCTTAAAGCGGGCAA-1	618	689	1.1148867313915858
GSM6339603	TGCTTAAAGCTTGCTC-1	3837	3067	0.7993223872817306
GSM6339603	TGCTTAAAGGCTACTG-1	1737	2038	1.17328727691422
GSM6339603	TGCTTAAAGTAGAGGC-1	12368	13397	1.0831985769728332
GSM6339603	TGCTTAAAGTTCCCGT-1	693	644	0.9292929292929293
GSM6339603	TGCTTCATCACGCCAA-1	1852	2056	1.1101511879049677
GSM6339603	TGCTTCATCATAACGC-1	1666	1827	1.096638655462185
GSM6339603	TGCTTCATCATAGCCG-1	28859	30190	1.0461207942063135
GSM6339603	TGCTTCATCTCACTAT-1	21879	22370	1.0224416106769048
GSM6339603	TGCTTCATCTTGTCCA-1	23878	32533	1.3624675433453388
GSM6339603	TGCTTCCAGAATCTCA-1	11509	10607	0.9216265531323312
GSM6339603	TGCTTCCAGCATGCAT-1	13978	12259	0.8770210330519388
GSM6339603	TGCTTCCAGCTACTGG-1	2066	2468	1.1945788964181994
GSM6339603	TGCTTCCAGCTTCCCG-1	1036	1123	1.083976833976834
GSM6339603	TGCTTCCAGTTCCTCA-1	2178	2294	1.0532598714416896
GSM6339603	TGCTTGCTCAAGCCTG-1	605	694	1.147107438016529
GSM6339603	TGCTTGCTCGATTCTT-1	1593	1866	1.1713747645951036
GSM6339603	TGCTTGCTCGGTCAAT-1	633	641	1.0126382306477093
GSM6339603	TGCTTGCTCGTTATCT-1	9222	9519	1.0322055953155498
GSM6339603	TGCTTGTGTACAATGT-1	516	436	0.8449612403100775
GSM6339603	TGCTTGTGTACCGGAT-1	24978	30594	1.2248378573144367
GSM6339603	TGCTTGTGTCACAAAT-1	10059	7158	0.7116015508499851
GSM6339603	TGCTTGTGTCAGTAAT-1	1516	1627	1.0732189973614776
GSM6339603	TGCTTGTGTCATGCAA-1	1447	1599	1.1050449205252246
GSM6339603	TGCTTGTGTGCAATAT-1	493	520	1.054766734279919
GSM6339603	TGCTTGTGTGGACCTG-1	4041	4693	1.1613462014352882
GSM6339603	TGCTTGTGTTAAGCGC-1	1067	1162	1.0890346766635426
GSM6339603	TGCTTGTGTTACGCGG-1	31480	45721	1.452382465057179
GSM6339603	TGCTTTAGTAACCAGC-1	7026	4656	0.6626814688300597
GSM6339603	TGCTTTAGTAATTAGC-1	23480	30498	1.298892674616695
GSM6339603	TGCTTTAGTCACAGAC-1	2528	2598	1.0276898734177216
GSM6339603	TGCTTTAGTGCATCGG-1	15518	16939	1.0915710787472612
GSM6339603	TGCTTTAGTGGGAACA-1	7225	6987	0.9670588235294117
GSM6339603	TGCTTTAGTGTAACCA-1	1346	1212	0.9004457652303121
GSM6339603	TGCTTTAGTTAGTACG-1	1334	1507	1.1296851574212894
GSM6339603	TGGAACAAGCAAGGAC-1	655	716	1.0931297709923664
GSM6339603	TGGAACAAGCTTATGA-1	6585	7968	1.2100227790432803
GSM6339603	TGGAACAAGGACAATG-1	574	577	1.005226480836237
GSM6339603	TGGAACAAGGTGTCCA-1	21218	16699	0.7870204543312282
GSM6339603	TGGAACAAGTTGCCTC-1	3009	2979	0.9900299102691924
GSM6339603	TGGACAAAGCTGAGGG-1	11179	12644	1.131049288845156
GSM6339603	TGGACAAAGGGACCTC-1	9463	9013	0.9524463700729155
GSM6339603	TGGACAAAGGGCTTAT-1	542	597	1.1014760147601477
GSM6339603	TGGACAAAGGTCGATT-1	10213	12032	1.1781063350631549
GSM6339603	TGGACAAAGTCACTCC-1	870	965	1.1091954022988506
GSM6339603	TGGACAAAGTTAGCTA-1	13043	13007	0.9972398987962892
GSM6339603	TGGACAAAGTTATTCC-1	12910	12920	1.0007745933384973
GSM6339603	TGGACCGGTTGGTTAG-1	1421	1723	1.2125263898662912
GSM6339603	TGGACGGAGCTATTAG-1	19397	20179	1.0403155127081507
GSM6339603	TGGACGGAGCTTAGCG-1	12507	9400	0.7515791156952106
GSM6339603	TGGACGGAGGAACACA-1	1468	1635	1.1137602179836512
GSM6339603	TGGACGGAGGCATGTT-1	1575	1623	1.0304761904761905
GSM6339603	TGGACGGAGTAACCAC-1	3331	3862	1.1594115881116782
GSM6339603	TGGACGGAGTTGGGCC-1	12414	9973	0.8033671661027871
GSM6339603	TGGACTAGTAGCTAAT-1	1213	1117	0.9208573784006595
GSM6339603	TGGACTAGTATTCGCT-1	1087	1261	1.1600735970561178
GSM6339603	TGGACTAGTCCTAAGA-1	8407	6012	0.7151183537528251
GSM6339603	TGGACTAGTGCCGCAA-1	19627	20600	1.0495745656493605
GSM6339603	TGGACTAGTTGTGACA-1	503	461	0.9165009940357853
GSM6339603	TGGACTAGTTTATGGG-1	1438	1448	1.0069541029207232
GSM6339603	TGGATTCAGCAACAAG-1	808	759	0.9393564356435643
GSM6339603	TGGATTCAGGAGGACT-1	6691	7079	1.0579883425496936
GSM6339603	TGGATTCAGGGATGCG-1	1689	975	0.5772646536412078
GSM6339603	TGGATTCAGTGAGGTA-1	1514	1760	1.1624834874504624
GSM6339603	TGGATTCAGTTCCCAC-1	11054	7730	0.699294373077619
GSM6339603	TGGATTCAGTTCCCGT-1	2580	2726	1.0565891472868216
GSM6339603	TGGATTGGTGCTGGTG-1	852	903	1.0598591549295775
GSM6339603	TGGATTGGTTAACAGT-1	1034	1169	1.130560928433269
GSM6339603	TGGATTGGTTCAAGCA-1	917	972	1.059978189749182
GSM6339603	TGGATTGGTTGTTGGA-1	1273	1449	1.138256087981147
GSM6339603	TGGATTGGTTTGGGCG-1	1750	1665	0.9514285714285714
GSM6339603	TGGCCAATCAAATCGC-1	486	471	0.9691358024691358
GSM6339603	TGGCCAATCCTGGTCT-1	4276	5380	1.2581852198316184
GSM6339603	TGGCCAATCGCTATAA-1	8156	5920	0.7258460029426189
GSM6339603	TGGCCAATCGGTTAGT-1	498	509	1.0220883534136547
GSM6339603	TGGCCAATCTAAGTGC-1	28282	33038	1.168163496216675
GSM6339603	TGGCCATCACGAATCC-1	3626	3432	0.9464975179260894
GSM6339603	TGGCCATCACGTAAGG-1	823	782	0.9501822600243013
GSM6339603	TGGCCATCAGCCTGCA-1	2845	2723	0.9571177504393673
GSM6339603	TGGCCATCAGCGCTTG-1	2893	2906	1.0044936052540616
GSM6339603	TGGCCATCAGGTTACC-1	1920	2112	1.1
GSM6339603	TGGCCATCATGTCGCG-1	1063	1284	1.2079021636876763
GSM6339603	TGGCCTGCAAATGCCC-1	7206	8210	1.1393283374965306
GSM6339603	TGGCCTGCAAGCCAGA-1	4263	5090	1.1939948393150364
GSM6339603	TGGCCTGCAATAAGCA-1	666	664	0.996996996996997
GSM6339603	TGGCCTGCAATTGCGC-1	3745	4003	1.0688918558077436
GSM6339603	TGGCCTGCACAATACT-1	16340	15862	0.9707466340269277
GSM6339603	TGGCCTGCACTTAGGC-1	5243	4240	0.808697310699981
GSM6339603	TGGCCTGCATAATCAC-1	5507	3786	0.6874886508080624
GSM6339603	TGGCCTGCATCCTAGA-1	32493	35901	1.1048841288892992
GSM6339603	TGGCCTGCATTGTCCT-1	16098	19489	1.2106472853770656
GSM6339603	TGGCCTTTCAAACCTA-1	763	851	1.1153342070773264
GSM6339603	TGGCCTTTCCGGTTAG-1	27496	27680	1.00669188245563
GSM6339603	TGGCCTTTCGGTCAAT-1	20411	21214	1.0393415315271177
GSM6339603	TGGCCTTTCTAAATCG-1	14452	15247	1.0550096872405204
GSM6339603	TGGCGGTTCAGGGCCT-1	4883	5483	1.122875281589187
GSM6339603	TGGCGGTTCCGCTAGA-1	38452	45591	1.1856600436908353
GSM6339603	TGGCGGTTCCTCAGTC-1	28989	43777	1.5101245299941357
GSM6339603	TGGCGGTTCCTTGCAC-1	6356	5752	0.9049716803020768
GSM6339603	TGGCGGTTCGACAAAG-1	11323	9151	0.8081780446878036
GSM6339603	TGGCGGTTCGTCATTT-1	1228	1243	1.012214983713355
GSM6339603	TGGCGGTTCGTTAAGC-1	15938	15794	0.990964989333668
GSM6339603	TGGCGGTTCGTTCACC-1	3851	4495	1.1672292910932225
GSM6339603	TGGCGGTTCTCACAAA-1	639	667	1.0438184663536776
GSM6339603	TGGCTAAGTCAATAGT-1	516	643	1.246124031007752
GSM6339603	TGGCTAAGTCATCCTG-1	1716	2064	1.2027972027972027
GSM6339603	TGGCTAAGTGGATTAT-1	2470	2676	1.0834008097165992
GSM6339603	TGGCTAAGTGTAACCA-1	883	884	1.001132502831257
GSM6339603	TGGCTAAGTTAGAGCC-1	1643	1849	1.1253804017041997
GSM6339603	TGGCTATAGCTGGAAA-1	2586	2510	0.9706109822119103
GSM6339603	TGGCTATAGCTTCCCG-1	1412	1562	1.1062322946175638
GSM6339603	TGGCTATAGGACCGCT-1	957	988	1.03239289446186
GSM6339603	TGGCTATAGGCAACAA-1	808	881	1.0903465346534653
GSM6339603	TGGCTATAGGCGGATG-1	29429	52265	1.7759692820007476
GSM6339603	TGGCTATAGGGTTAGA-1	3799	3984	1.048697025533035
GSM6339603	TGGCTATAGTAACGAG-1	2729	2452	0.8984976181751557
GSM6339603	TGGCTATAGTACTGGT-1	826	847	1.0254237288135593
GSM6339603	TGGCTATAGTGAGCAA-1	9490	10350	1.0906217070600632
GSM6339603	TGGCTTTGTCACAAAT-1	35016	50116	1.4312314370573451
GSM6339603	TGGCTTTGTCCTCCAA-1	992	1295	1.3054435483870968
GSM6339603	TGGCTTTGTCTTTGAC-1	8241	9244	1.121708530518141
GSM6339603	TGGCTTTGTGTTCCCA-1	3120	3403	1.090705128205128
GSM6339603	TGGCTTTGTTAATCGG-1	1339	1581	1.1807318894697536
GSM6339603	TGGCTTTGTTAGTGAT-1	1036	1011	0.9758687258687259
GSM6339603	TGGCTTTGTTATCGAG-1	22612	16646	0.7361577923226605
GSM6339603	TGGCTTTGTTGAGGTC-1	36914	48129	1.3038142710082896
GSM6339603	TGGCTTTGTTTAGTCC-1	10986	8946	0.8143091206990716
GSM6339603	TGGGCATGTAAATTGC-1	4785	5548	1.1594566353187044
GSM6339603	TGGGCATGTAAGCACC-1	4663	3003	0.6440060047179927
GSM6339603	TGGGCATGTCCGGTTC-1	29659	43069	1.4521393169021208
GSM6339603	TGGGCATGTTGCTGGG-1	1791	1700	0.9491903964265773
GSM6339603	TGGGCCTAGACCATAC-1	8101	10414	1.285520306135045
GSM6339603	TGGGCCTAGAGGGACT-1	1488	1679	1.1283602150537635
GSM6339603	TGGGCCTAGCAACATC-1	1678	1847	1.100715137067938
GSM6339603	TGGGCCTAGCCTGTGA-1	10580	8152	0.7705103969754253
GSM6339603	TGGGCCTAGGTGCGGA-1	9183	8645	0.9414134814330829
GSM6339603	TGGGCCTAGTTTAACG-1	726	815	1.1225895316804408
GSM6339603	TGGTAAACAATCCTGA-1	14451	14002	0.9689294858487302
GSM6339603	TGGTAAACACTAAATC-1	15477	13361	0.8632809976093558
GSM6339603	TGGTAAACAGCACGTT-1	7497	4686	0.6250500200080032
GSM6339603	TGGTAAACAGGTTTGC-1	388	419	1.0798969072164948
GSM6339603	TGGTAAACAGTCTAGC-1	20926	16389	0.7831883780942368
GSM6339603	TGGTAAACATCCCTCA-1	2385	2586	1.0842767295597484
GSM6339603	TGGTAAACATGAAATG-1	18192	12330	0.6777704485488126
GSM6339603	TGGTCAAGTCCGTAGG-1	3794	4578	1.2066420664206643
GSM6339603	TGGTCAAGTGAGCACT-1	1936	2021	1.0439049586776858
GSM6339603	TGGTCAAGTGCTGGTG-1	1325	1480	1.1169811320754717
GSM6339603	TGGTCAAGTTACCGGG-1	3312	3492	1.0543478260869565
GSM6339603	TGGTCAAGTTCACTGT-1	21818	28220	1.2934274452287102
GSM6339603	TGGTCAAGTTTACCGT-1	868	783	0.902073732718894
GSM6339603	TGGTCAAGTTTGCGCC-1	789	852	1.079847908745247
GSM6339603	TGGTCAGTCACACAGT-1	3003	3384	1.126873126873127
GSM6339603	TGGTCAGTCAGGTCCA-1	3216	3448	1.072139303482587
GSM6339603	TGGTCAGTCCCGCCTA-1	2963	3119	1.0526493418832266
GSM6339603	TGGTCAGTCGCAACAT-1	8722	9345	1.0714285714285714
GSM6339603	TGGTCAGTCTAACCAA-1	894	1012	1.1319910514541387
GSM6339603	TGGTCATAGAATCTCA-1	33033	38114	1.1538158810886083
GSM6339603	TGGTCATAGGGTTATC-1	2583	1840	0.7123499806426635
GSM6339603	TGGTCATAGGTGAAAT-1	8555	6501	0.7599064874342489
GSM6339603	TGGTCATAGGTTAGAG-1	1825	1711	0.9375342465753425
GSM6339603	TGGTCATAGTTAGTGC-1	14090	12222	0.8674237047551455
GSM6339603	TGGTCCTTCAAACTCA-1	1208	1456	1.205298013245033
GSM6339603	TGGTCCTTCACTAGGT-1	913	1055	1.1555312157721795
GSM6339603	TGGTCCTTCATTGACA-1	1118	1324	1.184257602862254
GSM6339603	TGGTCCTTCCACCTGT-1	11660	15305	1.3126072041166381
GSM6339603	TGGTCCTTCCGGTATG-1	664	870	1.3102409638554218
GSM6339603	TGGTCCTTCCTAATAG-1	1096	1114	1.0164233576642336
GSM6339603	TGGTCCTTCCTCACTA-1	679	716	1.0544918998527246
GSM6339603	TGGTCCTTCGACCTGA-1	718	804	1.1197771587743732
GSM6339603	TGGTCCTTCTGGTCCT-1	866	1031	1.1905311778290992
GSM6339603	TGGTGATTCATTTGCT-1	1815	1859	1.0242424242424242
GSM6339603	TGGTGATTCCGGTTGA-1	2230	2383	1.068609865470852
GSM6339603	TGGTGATTCCTAAGTA-1	33688	41043	1.2183270007124198
GSM6339603	TGGTGATTCCTAATGA-1	1175	1391	1.1838297872340426
GSM6339603	TGGTGATTCGGTACGC-1	13382	12685	0.9479151098490509
GSM6339603	TGGTGATTCTGCAACG-1	21275	25039	1.1769212690951822
GSM6339603	TGGTGCATCAAGCTTA-1	1542	1535	0.9954604409857328
GSM6339603	TGGTGCATCATTGTCT-1	40420	63071	1.5603908955962396
GSM6339603	TGGTGCATCCTCAGTC-1	15406	13929	0.9041282617162144
GSM6339603	TGGTGCATCCTTTACG-1	1370	1748	1.275912408759124
GSM6339603	TGGTGCATCGGTCAAT-1	1861	2053	1.1031703385276732
GSM6339603	TGGTGCATCGTTTCGC-1	7670	7820	1.0195567144719686
GSM6339603	TGGTGCATCTAACCAA-1	4150	3814	0.9190361445783133
GSM6339603	TGGTGCATCTAAGGTC-1	7824	8499	1.0862730061349692
GSM6339603	TGGTTAATCAGCTAAC-1	1063	1062	0.9990592662276576
GSM6339603	TGGTTAATCATTTGTC-1	1674	1775	1.0603345280764636
GSM6339603	TGGTTAATCCGCAAGC-1	1893	2008	1.0607501320655044
GSM6339603	TGGTTAATCCGCCAAA-1	977	972	0.9948822927328557
GSM6339603	TGGTTAATCGAGGTGG-1	1900	2177	1.1457894736842105
GSM6339603	TGGTTCCTCAAGCCTG-1	25863	24924	0.9636933070409466
GSM6339603	TGGTTCCTCCCATAAA-1	2350	2701	1.1493617021276596
GSM6339603	TGGTTCCTCCCGAACA-1	22314	24999	1.1203280451734337
GSM6339603	TGGTTCCTCCCTGGAA-1	2910	3032	1.0419243986254296
GSM6339603	TGGTTCCTCGAGGAGT-1	935	981	1.049197860962567
GSM6339603	TGGTTCTGTATACTGG-1	16846	13371	0.7937195773477383
GSM6339603	TGGTTCTGTCAACAAT-1	11159	8159	0.7311587059772381
GSM6339603	TGGTTCTGTGCTCCGT-1	5633	5614	0.9966270193502574
GSM6339603	TGGTTCTGTTAACGAT-1	3039	3087	1.0157946692991116
GSM6339603	TGGTTGAGTCAGGAAG-1	1041	861	0.8270893371757925
GSM6339603	TGGTTGAGTCATAGAT-1	16373	24028	1.4675380199108288
GSM6339603	TGGTTGAGTTAGACCA-1	27253	43185	1.5845961912450006
GSM6339603	TGTAAAGCAATTGAGA-1	11631	7275	0.6254836213567191
GSM6339603	TGTAAAGCAGCCGCTA-1	12306	13787	1.1203477978222005
GSM6339603	TGTAAAGCAGGGAGGA-1	19692	19107	0.970292504570384
GSM6339603	TGTAAAGCATTATGGT-1	876	878	1.0022831050228311
GSM6339603	TGTAACTCAATAGCAA-1	1277	1426	1.1166797180892718
GSM6339603	TGTAACTCAATTTGGT-1	8667	9496	1.0956501673012577
GSM6339603	TGTAACTCACATGCTA-1	3519	3844	1.0923557828928674
GSM6339603	TGTAACTCAGTATGTT-1	1774	2231	1.2576099210823
GSM6339603	TGTAACTCATCATGTG-1	1289	1529	1.1861908456167571
GSM6339603	TGTAACTCATCCAGGT-1	3952	4390	1.11082995951417
GSM6339603	TGTAACTCATTGCGTA-1	1785	1998	1.119327731092437
GSM6339603	TGTAAGCTCACAGGAA-1	930	883	0.9494623655913978
GSM6339603	TGTAAGCTCACGAATC-1	14419	15386	1.0670642901726888
GSM6339603	TGTAAGCTCACTAATG-1	4581	3624	0.7910936476751801
GSM6339603	TGTAAGCTCATCCTCA-1	8798	9867	1.121504887474426
GSM6339603	TGTAAGCTCCCGCATT-1	2219	2539	1.1442091031996395
GSM6339603	TGTAAGCTCCTAAGAC-1	1017	1067	1.0491642084562438
GSM6339603	TGTAAGCTCCTCCCTC-1	4657	4208	0.903585999570539
GSM6339603	TGTAAGCTCGCACACA-1	29032	35786	1.2326398456875172
GSM6339603	TGTAAGCTCGTTACAA-1	14632	16019	1.0947922361946418
GSM6339603	TGTAAGCTCTGGTCCT-1	2537	3168	1.2487189594008672
GSM6339603	TGTAAGTGTCTAACCT-1	1859	1982	1.066164604626143
GSM6339603	TGTAAGTGTGGATTGC-1	2859	2307	0.8069254984260231
GSM6339603	TGTAAGTGTGTCACGG-1	1130	1269	1.1230088495575221
GSM6339603	TGTAAGTGTTAGAGGG-1	4277	4262	0.9964928688332944
GSM6339603	TGTAAGTGTTGCGGAT-1	5029	4605	0.915689003778087
GSM6339603	TGTAAGTGTTGGGTTA-1	507	333	0.6568047337278107
GSM6339603	TGTAATGTCATCAGTA-1	16954	16578	0.9778223428099564
GSM6339603	TGTAATGTCCATAATG-1	12858	11833	0.9202830922382952
GSM6339603	TGTAATGTCCCAGTAG-1	3116	3734	1.1983311938382541
GSM6339603	TGTAATGTCCCTGATC-1	5683	6523	1.1478092556748196
GSM6339603	TGTAATGTCGCGACAC-1	2379	2985	1.2547288776796974
GSM6339603	TGTAATGTCTAATCCT-1	20366	17314	0.850142394186389
GSM6339603	TGTAATGTCTTGAGGT-1	1711	1571	0.9181765049678551
GSM6339603	TGTAATGTCTTGCTAT-1	1595	1863	1.168025078369906
GSM6339603	TGTATCCGTCATAACG-1	826	940	1.1380145278450364
GSM6339603	TGTATCCGTGAGCACT-1	1387	1591	1.1470800288392213
GSM6339603	TGTATCCGTTAAGCTG-1	441	550	1.2471655328798186
GSM6339603	TGTATCCGTTGAGCCG-1	11392	9135	0.8018785112359551
GSM6339603	TGTATCGCAAGACTCC-1	13713	12978	0.9464012251148545
GSM6339603	TGTATCGCAATGAAGC-1	518	501	0.9671814671814671
GSM6339603	TGTATCGCAATGCCTA-1	4212	5008	1.1889838556505223
GSM6339603	TGTATCGCAATTAGGA-1	1179	1408	1.1942324003392706
GSM6339603	TGTATCGCACGCAACT-1	1724	2077	1.2047563805104409
GSM6339603	TGTATCGCACTCGCTC-1	12171	8404	0.6904937967299318
GSM6339603	TGTATCGCAGTATGTT-1	1315	1451	1.1034220532319392
GSM6339603	TGTATCGCATAGCAGG-1	1659	2123	1.279686558167571
GSM6339603	TGTATCGCATCCATCT-1	1381	807	0.5843591600289645
GSM6339603	TGTATCGCATGATTGT-1	14131	14928	1.0564008208902413
GSM6339603	TGTATCGCATGTTTGG-1	3845	4615	1.200260078023407
GSM6339603	TGTCAATCAACAGCCT-1	15785	13710	0.8685460880582831
GSM6339603	TGTCAATCAATATACC-1	17363	12914	0.7437654783159592
GSM6339603	TGTCAATCATGTCAGC-1	2560	2645	1.033203125
GSM6339603	TGTCAATCATTAAGTC-1	2699	2773	1.0274175620600223
GSM6339603	TGTCAGTAGCTGGCTA-1	1771	1870	1.0559006211180124
GSM6339603	TGTCAGTAGGACAACA-1	757	695	0.9180977542932629
GSM6339603	TGTCAGTAGGAGGCAT-1	853	913	1.0703399765533412
GSM6339603	TGTCAGTAGGTCGAGG-1	9514	6763	0.7108471725877654
GSM6339603	TGTCAGTAGGTGAAGC-1	670	682	1.017910447761194
GSM6339603	TGTCAGTAGTAGCGCC-1	1060	943	0.8896226415094339
GSM6339603	TGTCAGTAGTGAGGTA-1	648	727	1.1219135802469136
GSM6339603	TGTCAGTAGTGCACGC-1	7261	6291	0.8664095854565487
GSM6339603	TGTCATAAGATTGAGG-1	3328	3809	1.14453125
GSM6339603	TGTCATAAGGAATAAC-1	14324	15078	1.0526389276738342
GSM6339603	TGTCATAAGGCAGGTG-1	628	601	0.9570063694267515
GSM6339603	TGTCATAAGGGTTAGA-1	1755	1950	1.1111111111111112
GSM6339603	TGTCATAAGGTAACGA-1	1184	1369	1.15625
GSM6339603	TGTCATAAGTCATTAG-1	1646	1871	1.1366950182260025
GSM6339603	TGTCATAAGTCATTTC-1	17945	17401	0.9696851490665923
GSM6339603	TGTCATAAGTTTCCTG-1	795	969	1.2188679245283018
GSM6339603	TGTCCTGGTATGGTGC-1	502	391	0.7788844621513944
GSM6339603	TGTCCTGGTATTGGTG-1	416	473	1.1370192307692308
GSM6339603	TGTCCTGGTGATCAGC-1	22981	27225	1.1846742961576955
GSM6339603	TGTCCTGGTGCATTTC-1	1115	1327	1.1901345291479821
GSM6339603	TGTCCTGGTGTTAAAC-1	618	533	0.8624595469255664
GSM6339603	TGTCCTGGTGTTTGTC-1	26848	38042	1.416939809296782
GSM6339603	TGTCCTGGTTAATGCG-1	3770	4204	1.1151193633952254
GSM6339603	TGTCCTGGTTATCCTA-1	1176	1285	1.092687074829932
GSM6339603	TGTCCTGGTTGTTGTC-1	928	871	0.9385775862068966
GSM6339603	TGTCCTTCAAGCGAGC-1	3738	4705	1.2586944890315677
GSM6339603	TGTCCTTCACGGTACT-1	3101	3713	1.197355691712351
GSM6339603	TGTCCTTCAGGCTACT-1	5705	5261	0.9221735319894829
GSM6339603	TGTCCTTCAGGGAGGA-1	1810	2173	1.2005524861878454
GSM6339603	TGTCCTTCAGGTTTGC-1	640	522	0.815625
GSM6339603	TGTCCTTCATCCCGCT-1	1312	1222	0.9314024390243902
GSM6339603	TGTCCTTCATGTTGTG-1	23362	23977	1.026324800958822
GSM6339603	TGTCCTTCATTGTGCA-1	1242	1166	0.9388083735909822
GSM6339603	TGTGAAACAACAGGTG-1	899	961	1.0689655172413792
GSM6339603	TGTGAAACAAGCTAAA-1	1363	1475	1.0821716801173882
GSM6339603	TGTGAAACACATAACT-1	1475	1545	1.047457627118644
GSM6339603	TGTGAAACACTTAGGC-1	1086	1237	1.1390423572744015
GSM6339603	TGTGAAACATAATCCG-1	20464	23661	1.1562255668491008
GSM6339603	TGTGAAACATAATGAG-1	2741	2342	0.8544326887997081
GSM6339603	TGTGAAACATTCCTCG-1	733	728	0.9931787175989086
GSM6339603	TGTGAAACATTGACAT-1	11322	8659	0.7647942059706766
GSM6339603	TGTGATCAGATAACCC-1	1647	1437	0.8724954462659381
GSM6339603	TGTGATCAGTAGAGGC-1	4649	3484	0.7494084749408475
GSM6339603	TGTGATCAGTATGTGC-1	8895	13109	1.4737492973580664
GSM6339603	TGTGATCAGTTAACCA-1	550	461	0.8381818181818181
GSM6339603	TGTGCAAGTAGGTGTC-1	1896	1891	0.9973628691983122
GSM6339603	TGTGCAAGTGCAATGC-1	23034	22567	0.9797256229920986
GSM6339603	TGTGCAAGTGCTTTAC-1	18409	21517	1.1688304633603128
GSM6339603	TGTGCAAGTTGAGCCG-1	2274	2326	1.0228671943711523
GSM6339603	TGTGCACCATTGCGAC-1	7907	7937	1.003794106487922
GSM6339603	TGTGCGCAGCCAGGTC-1	6112	6592	1.0785340314136125
GSM6339603	TGTGCGCAGCGAGGTG-1	2085	2197	1.0537170263788969
GSM6339603	TGTGCGCAGGACAATG-1	7095	6913	0.9743481324876674
GSM6339603	TGTGCGCAGTGCTGTG-1	17526	20963	1.196108638594089
GSM6339603	TGTGCGCAGTTATGTG-1	2338	2705	1.1569717707442257
GSM6339603	TGTGCGGGTACTTAGG-1	20874	22224	1.0646737568266744
GSM6339603	TGTGCGGGTGCTGGTG-1	789	724	0.917617237008872
GSM6339603	TGTGCGGGTTCACTGT-1	16127	13345	0.8274942642772989
GSM6339603	TGTGCGGGTTCCGCAC-1	10313	10261	0.994957820226898
GSM6339603	TGTGCGGGTTGCGCGA-1	19938	19230	0.9644899187481192
GSM6339603	TGTGCGGGTTGGTTAG-1	637	670	1.0518053375196232
GSM6339603	TGTGCGGGTTTATTCG-1	2698	2905	1.0767234988880652
GSM6339603	TGTGCTGAGAACCTAC-1	11133	9771	0.8776610078146052
GSM6339603	TGTGCTGAGACAAGTG-1	2608	2905	1.1138803680981595
GSM6339603	TGTGCTGAGACTAAGG-1	1616	1508	0.9331683168316832
GSM6339603	TGTGCTGAGCGCAATT-1	11280	9570	0.848404255319149
GSM6339603	TGTGCTGAGCTCCTTA-1	588	540	0.9183673469387755
GSM6339603	TGTGCTGAGGGTTATC-1	17931	14449	0.8058111650214712
GSM6339603	TGTGGAGCAAGATTCT-1	8672	6651	0.7669511070110702
GSM6339603	TGTGGAGCAAGCTACC-1	1529	1706	1.1157619359058208
GSM6339603	TGTGGAGCAATATGGA-1	19634	19055	0.9705103392074972
GSM6339603	TGTGGAGCATGCTATG-1	7405	5359	0.7237002025658339
GSM6339603	TGTGGCCAGAACCTAC-1	2076	2189	1.0544315992292872
GSM6339603	TGTGGCCAGAGGGACT-1	1303	1203	0.9232540291634689
GSM6339603	TGTGGCCAGCATTTCT-1	3207	3272	1.0202681633925788
GSM6339603	TGTGGCCAGCCTGATG-1	23375	22278	0.9530695187165775
GSM6339603	TGTGGCCAGCTTACTT-1	526	521	0.9904942965779467
GSM6339603	TGTGGCCAGGAGGCAT-1	13639	11191	0.8205147004912383
GSM6339603	TGTGGCCAGGCTGGCT-1	13681	11558	0.8448212849937871
GSM6339603	TGTGGCCAGGTGCGGA-1	8138	7301	0.8971491767018923
GSM6339603	TGTGGCCAGTAAAGGT-1	895	929	1.0379888268156425
GSM6339603	TGTGGCCAGTGAGCGG-1	6852	8188	1.1949795680093402
GSM6339603	TGTGGCGGTAAGCTCA-1	894	1009	1.128635346756152
GSM6339603	TGTGGCGGTCCGTAGG-1	21592	25912	1.2000741015190812
GSM6339603	TGTGGCGGTCCTAATC-1	764	808	1.057591623036649
GSM6339603	TGTGGCGGTCCTCCAA-1	706	745	1.0552407932011332
GSM6339603	TGTGGCGGTCGTAATG-1	2366	2199	0.9294167371090448
GSM6339603	TGTGGCGGTCTAACAG-1	1319	1396	1.0583775587566338
GSM6339603	TGTGGCGGTGAACAAA-1	13038	12740	0.977143733701488
GSM6339603	TGTGGCGGTGACATGC-1	1934	2120	1.0961737331954498
GSM6339603	TGTGGCGGTTTGGGCG-1	27902	36899	1.3224500035839726
GSM6339603	TGTGGCTCAGTTAGCC-1	4420	5052	1.1429864253393665
GSM6339603	TGTGGCTCATAATCGT-1	2397	2373	0.9899874843554443
GSM6339603	TGTGGCTCATAGTCAT-1	3153	3849	1.2207421503330163
GSM6339603	TGTGGCTCATGTTGCA-1	2673	3208	1.2001496445940891
GSM6339603	TGTGGCTCATTGTCAG-1	1750	1988	1.136
GSM6339603	TGTGTGAGTATCTGGA-1	3151	3335	1.0583941605839415
GSM6339603	TGTGTGAGTCAGGAAG-1	909	1090	1.199119911991199
GSM6339603	TGTGTGAGTGTTTGCT-1	3149	3307	1.0501746586217846
GSM6339603	TGTGTGAGTTGGTTCT-1	589	579	0.9830220713073005
GSM6339603	TGTGTGAGTTGTCATC-1	1052	1021	0.970532319391635
GSM6339603	TGTGTGAGTTTCCGGC-1	2037	2523	1.2385861561119293
GSM6339603	TGTGTTAAGCAACATC-1	1250	1603	1.2824
GSM6339603	TGTGTTAAGCGCTCAA-1	2339	2702	1.155194527575887
GSM6339603	TGTGTTAAGCTTACTT-1	4242	4640	1.0938236680810938
GSM6339603	TGTGTTAAGTGAGCGG-1	3658	3889	1.0631492618917442
GSM6339603	TGTTACTTCACTTTAC-1	2610	2825	1.082375478927203
GSM6339603	TGTTACTTCAGAAACG-1	1724	1937	1.1235498839907192
GSM6339603	TGTTACTTCATTATGG-1	15094	18606	1.2326752351927919
GSM6339603	TGTTACTTCCTTCTAG-1	5386	6628	1.2305978462681024
GSM6339603	TGTTACTTCGCTCACT-1	4387	4363	0.9945292910873034
GSM6339603	TGTTAGCAGCAAGGTA-1	10181	9293	0.9127787054316865
GSM6339603	TGTTAGCAGCCTCTGT-1	2184	2355	1.0782967032967032
GSM6339603	TGTTAGCAGCGATAAG-1	2314	2579	1.1145203111495245
GSM6339603	TGTTAGCAGCTGGCTA-1	12969	13854	1.0682396483923202
GSM6339603	TGTTAGCAGGAAGCTA-1	1709	1992	1.165593914569924
GSM6339603	TGTTAGCAGGCAATAG-1	1057	914	0.8647114474929044
GSM6339603	TGTTAGCAGGCTACAT-1	3555	4006	1.1268635724331928
GSM6339603	TGTTAGCAGGCTTAAC-1	2462	2389	0.970349309504468
GSM6339603	TGTTAGCAGGTTTGAC-1	692	731	1.05635838150289
GSM6339603	TGTTAGCAGTTAGTTG-1	907	923	1.017640573318633
GSM6339603	TGTTAGCAGTTTGTCT-1	649	733	1.1294298921417565
GSM6339603	TGTTATGAGCAACATC-1	1162	1469	1.2641996557659207
GSM6339603	TGTTATGAGGAGTCTT-1	37858	53968	1.4255375349992077
GSM6339603	TGTTATGAGGCGAATA-1	2342	2481	1.0593509820666098
GSM6339603	TGTTATGAGGTCCACA-1	2327	2443	1.0498495917490331
GSM6339603	TGTTCATTCACGCCAA-1	828	895	1.0809178743961352
GSM6339603	TGTTCATTCCTAACGG-1	1066	1165	1.0928705440900564
GSM6339603	TGTTCATTCTAATTGG-1	5905	5622	0.9520745131244708
GSM6339603	TGTTCATTCTATCGCC-1	8385	8888	1.0599880739415624
GSM6339603	TGTTCATTCTCAATAG-1	2571	2198	0.8549202644885259
GSM6339603	TGTTCCTCAAAGGCCA-1	2340	2437	1.0414529914529915
GSM6339603	TGTTCCTCAAGCTAAA-1	2896	3562	1.2299723756906078
GSM6339603	TGTTCCTCAATGAGGT-1	4157	5078	1.221554005292278
GSM6339603	TGTTCCTCAATTGCGC-1	18410	15208	0.8260727865290602
GSM6339603	TGTTCCTCAGAAATGC-1	1218	1355	1.11247947454844
GSM6339603	TGTTCCTCAGCACGAA-1	2808	2822	1.004985754985755
GSM6339603	TGTTCCTCAGCCAGAA-1	1584	1740	1.0984848484848484
GSM6339603	TGTTCCTCATTAGGTT-1	584	700	1.1986301369863013
GSM6339603	TGTTGCACAAGGTGCA-1	12388	11828	0.9547949628672909
GSM6339603	TGTTGCACAATTAGGA-1	1113	1307	1.174303683737646
GSM6339603	TGTTGCACAGGCGATA-1	3254	3659	1.124462200368777
GSM6339603	TGTTGGCCACATACTG-1	6862	4913	0.7159720198192947
GSM6339603	TGTTGGCCACCTAATG-1	798	549	0.6879699248120301
GSM6339603	TGTTGGCCAGGTCCTG-1	1835	1949	1.062125340599455
GSM6339603	TGTTGGCCAGTACCGT-1	12901	12328	0.9555848383846214
GSM6339603	TGTTGGCCATAATTGC-1	1549	1786	1.1530019367333764
GSM6339603	TGTTGGCCATCCTAGA-1	2351	2068	0.879625691195236
GSM6339603	TGTTGGCCATCTAGCA-1	9212	7374	0.8004776378636561
GSM6339603	TGTTGGCCATGCAACC-1	15634	20436	1.307151080977357
GSM6339603	TGTTGTAAGATAAAGC-1	33851	37081	1.0954181560367493
GSM6339603	TGTTGTAAGCCTGTGA-1	1377	1546	1.1227305737109659
GSM6339603	TGTTGTAAGCTATTGA-1	728	888	1.2197802197802199
GSM6339603	TGTTGTAAGGAACCAA-1	1856	2297	1.2376077586206897
GSM6339603	TGTTGTAAGGACCTCA-1	11526	12231	1.0611660593440917
GSM6339603	TGTTGTAAGGCCATCA-1	705	803	1.1390070921985815
GSM6339603	TGTTGTAAGGCCGGAA-1	1480	1559	1.0533783783783783
GSM6339603	TGTTGTAAGGCTTAAC-1	768	949	1.2356770833333333
GSM6339603	TGTTGTGCAAACCTAT-1	1349	1355	1.0044477390659747
GSM6339603	TGTTGTGCAACCTAAT-1	20786	21213	1.0205426729529492
GSM6339603	TGTTGTGCAAGCGAGC-1	42780	38389	0.8973585787751286
GSM6339603	TGTTGTGCAATAGCAA-1	719	819	1.1390820584144645
GSM6339603	TGTTGTGCACCTGCTC-1	1730	1851	1.069942196531792
GSM6339603	TGTTGTGCAGCTAATT-1	3196	3179	0.9946808510638298
GSM6339603	TGTTGTGCAGTCTAAT-1	1552	1803	1.1617268041237114
GSM6339603	TGTTGTTTCATAAGCC-1	7836	6639	0.8472434915773354
GSM6339603	TGTTGTTTCCTCCATA-1	10199	9976	0.9781351112854202
GSM6339603	TGTTGTTTCGCCTGTT-1	486	502	1.0329218106995885
GSM6339603	TGTTGTTTCGCTAGTG-1	24848	26132	1.0516741790083708
GSM6339603	TGTTGTTTCGGCTAGC-1	1974	2268	1.148936170212766
GSM6339603	TGTTGTTTCTGTGCCT-1	1346	1507	1.1196136701337296
GSM6339603	TGTTTGTTCATTCATC-1	744	551	0.7405913978494624
GSM6339603	TGTTTGTTCCATAATG-1	1317	1524	1.1571753986332574
GSM6339603	TGTTTGTTCCTAATGA-1	2571	2645	1.0287825748735901
GSM6339603	TGTTTGTTCGATATTG-1	432	341	0.7893518518518519
GSM6339603	TTAAAGGCAGCTAATT-1	35699	41989	1.1761954116361804
GSM6339603	TTAAAGGCAGGCGATA-1	701	730	1.0413694721825963
GSM6339603	TTAAAGGCAGTATGTT-1	1443	1473	1.0207900207900207
GSM6339603	TTAAAGGCAGTTAAAG-1	4266	4666	1.093764650726676
GSM6339603	TTAAAGGCATAATCCG-1	2088	2285	1.0943486590038314
GSM6339603	TTAAAGGCATCACAGC-1	27890	30101	1.0792757260666905
GSM6339603	TTAAAGGCATGGCCTG-1	1236	1274	1.0307443365695792
GSM6339603	TTAACCAAGCACGATT-1	10787	9341	0.8659497543339204
GSM6339603	TTAACCAAGCAGGTGG-1	1352	1493	1.1042899408284024
GSM6339603	TTAACCAAGCTAAAGG-1	2594	2695	1.0389360061680801
GSM6339603	TTAACCAAGTCAATTG-1	811	994	1.2256473489519113
GSM6339603	TTAACTGAGAAAGCAT-1	24321	26772	1.1007771062045146
GSM6339603	TTAACTGAGCGCTAAT-1	1827	1953	1.0689655172413792
GSM6339603	TTAACTGAGCGGATTT-1	1119	1224	1.093833780160858
GSM6339603	TTAACTGAGGAATAAC-1	549	651	1.185792349726776
GSM6339603	TTAACTGAGGCACAGG-1	748	774	1.03475935828877
GSM6339603	TTAACTGAGTACTGGT-1	938	941	1.0031982942430704
GSM6339603	TTAAGCCAGCAGCTCA-1	1974	1796	0.9098277608915907
GSM6339603	TTAAGCCAGCCTGTGA-1	18508	16102	0.8700021612275772
GSM6339603	TTAAGCCAGCGATAGA-1	5625	5242	0.9319111111111111
GSM6339603	TTAAGCCAGCTTAGTA-1	2330	2377	1.0201716738197424
GSM6339603	TTAAGCCAGGAACCAA-1	649	582	0.8967642526964561
GSM6339603	TTAAGCCAGGCGAAAC-1	3302	4022	1.2180496668685645
GSM6339603	TTAAGCCAGGTGAAGC-1	552	654	1.184782608695652
GSM6339603	TTAAGCCAGTTTCCGC-1	25202	24878	0.9871438774700421
GSM6339603	TTAAGCCAGTTTGTCT-1	1352	1438	1.0636094674556213
GSM6339603	TTAAGGACAAATACCT-1	3811	4038	1.0595644187877198
GSM6339603	TTAAGGACAATCCTAG-1	1207	1575	1.3048881524440763
GSM6339603	TTAAGGACACTCAACA-1	9094	6722	0.7391686826478997
GSM6339603	TTAAGGACAGGAACTG-1	8646	5747	0.6647004395095998
GSM6339603	TTAAGGACAGGCCATT-1	2122	2208	1.0405278039585297
GSM6339603	TTAAGGACAGTCTAAT-1	1165	1166	1.0008583690987125
GSM6339603	TTAAGGACATCCAGGT-1	2432	2644	1.087171052631579
GSM6339603	TTAAGGACATGTGGGA-1	1737	1954	1.1249280368451353
GSM6339603	TTAAGGACATTAAGTC-1	940	887	0.9436170212765957
GSM6339603	TTAAGGTGTAAGGTCC-1	28006	35338	1.2618010426337214
GSM6339603	TTAAGGTGTCCGCTGT-1	2642	2879	1.0897047691143074
GSM6339603	TTAAGGTGTGGAAGGC-1	23019	24875	1.08062904557105
GSM6339603	TTAAGGTGTTAAGCTG-1	485	465	0.9587628865979382
GSM6339603	TTAAGGTGTTGTCATC-1	835	875	1.0479041916167664
GSM6339603	TTAAGTGTCAATCATG-1	700	874	1.2485714285714287
GSM6339603	TTAAGTGTCATGCGTG-1	3101	3661	1.18058690744921
GSM6339603	TTAAGTGTCATGGTTA-1	2941	3163	1.0754845290717443
GSM6339603	TTAAGTGTCCGCCTAT-1	27376	31828	1.1626241963763881
GSM6339603	TTAAGTGTCCTCATGC-1	1228	1300	1.0586319218241043
GSM6339603	TTAAGTGTCCTTAGGG-1	3640	4179	1.148076923076923
GSM6339603	TTAAGTGTCGGTTACG-1	16283	20965	1.2875391512620524
GSM6339603	TTAATCGAGAGCAAGC-1	2386	1971	0.8260687342833194
GSM6339603	TTAATCGAGCCAGGTC-1	1119	1199	1.0714924039320821
GSM6339603	TTAATCGAGCTAAAGG-1	690	715	1.036231884057971
GSM6339603	TTAATCGAGGGATGAC-1	1668	1413	0.8471223021582733
GSM6339603	TTAATCGAGTTTGGGT-1	20020	30341	1.5155344655344656
GSM6339603	TTACACCGTACCGGAT-1	689	680	0.9869375907111756
GSM6339603	TTACACCGTACGGTAC-1	517	584	1.1295938104448742
GSM6339603	TTACACCGTAGCAGCT-1	1445	1673	1.1577854671280277
GSM6339603	TTACACCGTAGTTGGC-1	1960	1930	0.9846938775510204
GSM6339603	TTACACCGTGAGCAAG-1	4706	5124	1.0888227794305143
GSM6339603	TTACACCGTGGATTCA-1	32923	46090	1.3999331774139658
GSM6339603	TTACACCGTGTTAGCA-1	23093	28638	1.2401160524834365
GSM6339603	TTACACCGTTAGGCTA-1	3196	3596	1.1251564455569463
GSM6339603	TTACACCGTTGCAATG-1	9945	8943	0.8992458521870287
GSM6339603	TTACACCGTTTAGTCC-1	29545	35843	1.213166356405483
GSM6339603	TTACACCGTTTCAGGA-1	2286	2625	1.1482939632545932
GSM6339603	TTACAGCAGCCTCTCG-1	18524	14414	0.7781256748002591
GSM6339603	TTACAGCAGCTCAATA-1	1460	1538	1.0534246575342465
GSM6339603	TTACAGCAGGCCAATT-1	14854	12977	0.87363673084691
GSM6339603	TTACAGCAGGCCTAAT-1	18503	25830	1.3959898394854888
GSM6339603	TTACAGCAGTGGCGGA-1	708	742	1.0480225988700564
GSM6339603	TTACAGCAGTTCCCAC-1	38568	52567	1.3629693009749015
GSM6339603	TTACCGTGTATTCGCT-1	1149	1241	1.0800696257615319
GSM6339603	TTACCGTGTCAAAGGG-1	6516	5913	0.9074585635359116
GSM6339603	TTACCGTGTGAGACTC-1	13055	10604	0.8122558406740712
GSM6339603	TTACCGTGTGATGGCT-1	11713	11003	0.939383590881926
GSM6339603	TTACCGTGTGCGCATG-1	566	586	1.0353356890459364
GSM6339603	TTACCGTGTTCATTTG-1	2031	2009	0.9891678975873953
GSM6339603	TTACCGTGTTCCGGGA-1	21171	23237	1.0975863209106798
GSM6339603	TTACCGTGTTTACTTG-1	4394	4328	0.9849795175238962
GSM6339603	TTACCTGTCAGCAAGA-1	16420	20419	1.2435444579780754
GSM6339603	TTACCTGTCAGTATTG-1	1791	1903	1.062534896705751
GSM6339603	TTACCTGTCATGCTCC-1	21117	31071	1.471373774683904
GSM6339603	TTACCTGTCCTCACAC-1	13792	21595	1.5657627610208817
GSM6339603	TTACCTGTCCTGGTGA-1	6997	5432	0.7763327140202944
GSM6339603	TTACCTGTCGAGCAAA-1	10057	7949	0.790394749925425
GSM6339603	TTACCTGTCTAAATCG-1	24541	37789	1.5398313027179007
GSM6339603	TTACCTGTCTAACCTT-1	703	818	1.1635846372688479
GSM6339603	TTACCTGTCTTGTTCG-1	1338	1381	1.0321375186846038
GSM6339603	TTACGTTTCACTCAAA-1	451	422	0.9356984478935698
GSM6339603	TTACGTTTCATTATGG-1	3165	3126	0.9876777251184834
GSM6339603	TTACGTTTCCGGGACT-1	2880	3110	1.0798611111111112
GSM6339603	TTACGTTTCTCATCAT-1	18919	16396	0.8666420001057138
GSM6339603	TTACGTTTCTTAGGAC-1	560	583	1.0410714285714286
GSM6339603	TTAGAAGCAAACCCTA-1	7929	5199	0.6556942867953084
GSM6339603	TTAGAAGCAAAGCTAA-1	1540	1533	0.9954545454545455
GSM6339603	TTAGAAGCAAGGATTA-1	2023	2379	1.175976272862086
GSM6339603	TTAGAAGCACATTAAC-1	1659	1620	0.976491862567812
GSM6339603	TTAGAAGCAGTTATGT-1	1443	1554	1.0769230769230769
GSM6339603	TTAGAAGCAGTTTCTC-1	3324	4021	1.2096871239470517
GSM6339603	TTAGAAGCATTGTTGG-1	8961	11666	1.3018636312911505
GSM6339603	TTAGACTCAAATACCT-1	729	719	0.9862825788751715
GSM6339603	TTAGACTCAAGGTCGA-1	7141	6339	0.8876907996078981
GSM6339603	TTAGACTCACCTACGG-1	607	688	1.1334431630971993
GSM6339603	TTAGACTCACGAATTT-1	1394	1316	0.9440459110473458
GSM6339603	TTAGACTCAGCCGCTA-1	2169	2550	1.1756569847856155
GSM6339603	TTAGACTCAGTAAAGC-1	4171	5098	1.2222488611843683
GSM6339603	TTAGCAATCATGCTCC-1	5869	6926	1.1800988243312318
GSM6339603	TTAGCAATCATGTTTC-1	7660	8489	1.1082245430809399
GSM6339603	TTAGCAATCCCGAACA-1	4957	3548	0.7157554972765786
GSM6339603	TTAGCAATCGCGCTAA-1	39912	52530	1.3161455201443175
GSM6339603	TTAGCAATCGCTAAGT-1	2289	2414	1.054608999563128
GSM6339603	TTAGCAATCGTTATCT-1	1614	1789	1.1084262701363072
GSM6339603	TTAGCAATCTCACTAT-1	9690	7386	0.7622291021671826
GSM6339603	TTAGCAATCTCGCCTG-1	6459	6883	1.065644836662022
GSM6339603	TTAGCAATCTGTAATG-1	7859	11603	1.476396488102812
GSM6339603	TTAGCAGGTCACAGCG-1	3925	3162	0.8056050955414013
GSM6339603	TTAGCAGGTTAACGAT-1	1217	1082	0.8890714872637634
GSM6339603	TTAGCAGGTTAGTACG-1	606	611	1.0082508250825082
GSM6339603	TTAGCAGGTTATCGAG-1	1635	1790	1.0948012232415902
GSM6339603	TTAGCCTGTATACTGG-1	4397	4703	1.0695929042528998
GSM6339603	TTAGCCTGTCAAACTG-1	32216	41639	1.2924944127141793
GSM6339603	TTAGCGGTCAAACTCA-1	4685	5215	1.1131270010672358
GSM6339603	TTAGCGGTCATAAGCC-1	467	609	1.3040685224839401
GSM6339603	TTAGCGGTCCAACTGG-1	1751	1906	1.0885208452312964
GSM6339603	TTAGCGGTCCCGCCTA-1	818	846	1.0342298288508558
GSM6339603	TTAGCGGTCCGTGACA-1	2407	2997	1.2451184046530952
GSM6339603	TTAGCGGTCCTTGAGG-1	1973	2210	1.1201216421692854
GSM6339603	TTAGCGGTCGAGCTAT-1	1007	1309	1.2999006951340615
GSM6339603	TTAGCGGTCGCTAAGT-1	1929	2174	1.1270088128564022
GSM6339603	TTAGCGGTCGCTATAA-1	1081	916	0.84736355226642
GSM6339603	TTAGCGGTCTAGCTTT-1	812	919	1.1317733990147782
GSM6339603	TTAGCGGTCTTAGGGT-1	23157	35803	1.5460983719825538
GSM6339603	TTAGCGGTCTTGAGGT-1	3472	4043	1.164458525345622
GSM6339603	TTAGCTGCAATTAGCT-1	4219	5417	1.2839535434937188
GSM6339603	TTAGCTGCAATTATGC-1	10962	13871	1.265371282612662
GSM6339603	TTAGCTGCAGTTTGTG-1	766	867	1.1318537859007833
GSM6339603	TTAGCTGCATGCTATG-1	2769	2139	0.7724810400866738
GSM6339603	TTAGGAACAATAGTCT-1	802	917	1.1433915211970074
GSM6339603	TTAGGAACAATTTAGC-1	9979	8027	0.8043892173564485
GSM6339603	TTAGGAACACCTCGCT-1	1168	910	0.7791095890410958
GSM6339603	TTAGGAACACCTGTAA-1	12282	9810	0.7987298485588666
GSM6339603	TTAGGAACACGTAATT-1	3312	3414	1.0307971014492754
GSM6339603	TTAGGAACAGAGGCTA-1	1013	1129	1.1145113524185588
GSM6339603	TTAGGAACAGCTTACA-1	2875	2656	0.9238260869565217
GSM6339603	TTAGGAACAGGCTTCG-1	716	734	1.0251396648044693
GSM6339603	TTAGGAACATGACTAT-1	893	994	1.1131019036954088
GSM6339603	TTAGGATGTAATCGTG-1	590	582	0.9864406779661017
GSM6339603	TTAGGATGTACTGATG-1	32726	29758	0.9093075841838294
GSM6339603	TTAGGATGTGATGATT-1	2674	3008	1.12490650710546
GSM6339603	TTAGGATGTGCGCGTA-1	10811	9749	0.901766719082416
GSM6339603	TTAGGATGTTTCGCCA-1	11508	14621	1.2705074730622177
GSM6339603	TTAGGCCCAATGCCTA-1	9835	10120	1.028978139298424
GSM6339603	TTAGGCCCACAGGAAT-1	855	831	0.9719298245614035
GSM6339603	TTAGGCCCACCTAATG-1	14627	10356	0.7080057428044029
GSM6339603	TTAGGCCCAGAGGGAG-1	4602	4359	0.9471968709256845
GSM6339603	TTAGGCCCAGCAAGTG-1	4919	5403	1.0983939825167717
GSM6339603	TTAGGCCCAGCACGTT-1	874	881	1.0080091533180777
GSM6339603	TTAGGCCCAGCTAATT-1	1704	1835	1.0768779342723005
GSM6339603	TTAGGCCCAGGCTAAG-1	1317	1266	0.9612756264236902
GSM6339603	TTAGGCGTCAATAGCC-1	24165	34126	1.4122077384647218
GSM6339603	TTAGGCGTCGCAATCG-1	24120	37457	1.5529436152570482
GSM6339603	TTAGGCGTCGCCTAAG-1	6581	5573	0.8468317884819936
GSM6339603	TTAGGCGTCGCCTGTT-1	2904	3405	1.1725206611570247
GSM6339603	TTAGGCGTCGTTCACC-1	2028	2741	1.351577909270217
GSM6339603	TTAGGCGTCTAGCGAT-1	1009	1129	1.1189296333002974
GSM6339603	TTAGGCTAGAATCTCA-1	5493	6650	1.2106317130893864
GSM6339603	TTAGGCTAGACAGGTA-1	14925	17274	1.1573869346733667
GSM6339603	TTAGGCTAGCATGTCG-1	9205	6450	0.7007061379684953
GSM6339603	TTAGGCTAGCTCATAA-1	20110	26384	1.3119840875186475
GSM6339603	TTAGGCTAGCTTAACA-1	9948	7155	0.7192400482509047
GSM6339603	TTAGGCTAGGCTAAGA-1	10219	12220	1.195811723260593
GSM6339603	TTAGGCTAGGTCCTAG-1	3876	4602	1.1873065015479876
GSM6339603	TTAGGCTAGTCAGTAC-1	3000	3174	1.058
GSM6339603	TTAGGCTAGTTTGAGC-1	3420	3594	1.050877192982456
GSM6339603	TTAGTCAAGAGGAGGA-1	2481	2569	1.0354695687222895
GSM6339603	TTAGTCAAGCACTAGT-1	16242	13477	0.8297623445388499
GSM6339603	TTAGTCAAGCCTGACA-1	2695	2684	0.9959183673469387
GSM6339603	TTAGTCAAGCTCGCTT-1	58028	47418	0.8171572344385469
GSM6339603	TTAGTCAAGCTGCACA-1	2874	3367	1.1715379262352124
GSM6339603	TTAGTCAAGGTCCGTA-1	3481	3573	1.0264291870152256
GSM6339603	TTAGTCAAGTATTGTG-1	5361	6184	1.1535161350494312
GSM6339603	TTATAGCCAAGTGTCC-1	2563	2554	0.9964884900507218
GSM6339603	TTATAGCCAATTAACC-1	2773	3194	1.151821132347638
GSM6339603	TTATAGCCACCCTCAC-1	11944	15317	1.282401205626256
GSM6339603	TTATAGCCAGCTACGT-1	10265	9264	0.902484169508037
GSM6339603	TTATAGCCAGTTGCGT-1	14852	9287	0.6253029894963641
GSM6339603	TTATCCGTCATCAGTA-1	2500	3006	1.2024
GSM6339603	TTATCCGTCATGCGTG-1	1500	1577	1.0513333333333332
GSM6339603	TTATCCGTCATTGTCT-1	731	896	1.225718194254446
GSM6339603	TTATCCGTCCGCTAGA-1	1014	962	0.9487179487179487
GSM6339603	TTATCCGTCTAAGGAG-1	2304	2584	1.1215277777777777
GSM6339603	TTATCCGTCTAAGTGC-1	21410	22707	1.0605791686127977
GSM6339603	TTATCCGTCTAATCTC-1	31280	51632	1.6506393861892583
GSM6339603	TTATCCGTCTCCATAT-1	13051	13224	1.0132556892192168
GSM6339603	TTATCCGTCTCGCCTG-1	2425	2792	1.151340206185567
GSM6339603	TTATCCTAGAACAAGT-1	1312	1356	1.0335365853658536
GSM6339603	TTATCCTAGCAAACCT-1	1499	1638	1.0927284856571047
GSM6339603	TTATCCTAGCTCAAAC-1	784	935	1.1926020408163265
GSM6339603	TTATCCTAGGCATTAC-1	21465	22642	1.0548334498020033
GSM6339603	TTATCCTAGGGACGCA-1	30152	32852	1.089546298752985
GSM6339603	TTATCCTAGGGATGCG-1	2097	2324	1.1082498807820695
GSM6339603	TTATCCTAGGGTCCAC-1	1017	1113	1.0943952802359882
GSM6339603	TTATCCTAGTAACCCG-1	1514	1596	1.0541611624834875
GSM6339603	TTATGACCAACACTTG-1	1062	1127	1.06120527306968
GSM6339603	TTATGACCAGTTATGT-1	1040	973	0.9355769230769231
GSM6339603	TTATGACCATAGCGGA-1	532	595	1.118421052631579
GSM6339603	TTATGACCATATTGAC-1	1231	1471	1.1949634443541837
GSM6339603	TTATGACCATGATTGT-1	30517	40079	1.3133335517908051
GSM6339603	TTATGACCATGCTCCC-1	1955	1642	0.8398976982097187
GSM6339603	TTATGCGCAATGCCCG-1	1251	1199	0.9584332533972821
GSM6339603	TTATGCGCACCTCAGG-1	706	740	1.048158640226629
GSM6339603	TTATGCGCATGCTTAG-1	519	423	0.815028901734104
GSM6339603	TTATTGCTCAAACACC-1	1211	1188	0.9810074318744839
GSM6339603	TTATTGCTCACGAATC-1	2164	2422	1.1192236598890943
GSM6339603	TTATTGCTCATTTGTC-1	25339	30037	1.185405896049568
GSM6339603	TTATTGCTCCTTTACG-1	483	433	0.8964803312629399
GSM6339603	TTATTGCTCTGTAATG-1	1005	1221	1.2149253731343284
GSM6339603	TTATTGCTCTTAGGAC-1	710	835	1.176056338028169
GSM6339603	TTATTGCTCTTTAAGG-1	738	710	0.962059620596206
GSM6339603	TTCAACCGTAAAGCGG-1	26747	33688	1.2595057389613789
GSM6339603	TTCAACCGTAACCACA-1	4380	4309	0.9837899543378995
GSM6339603	TTCAACCGTCATTACC-1	3597	4134	1.1492910758965804
GSM6339603	TTCAACCGTGGATTCA-1	4077	4739	1.1623742948246258
GSM6339603	TTCAACCGTGGGTGAA-1	2921	2963	1.0143786374529271
GSM6339603	TTCAACCGTTACTAGG-1	3394	2070	0.6098998232174425
GSM6339603	TTCAACCGTTCCTCCT-1	2388	3076	1.288107202680067
GSM6339603	TTCAACCGTTGCAGTA-1	1373	1624	1.1828113619810634
GSM6339603	TTCAACCGTTGTTGGA-1	14268	15908	1.1149425287356323
GSM6339603	TTCACTGTCATAATCG-1	17815	22340	1.2539994386752737
GSM6339603	TTCACTGTCATCAGTA-1	3264	3511	1.0756740196078431
GSM6339603	TTCACTGTCCTAGTCC-1	1744	1455	0.8342889908256881
GSM6339603	TTCACTGTCGATCAGT-1	669	667	0.9970104633781763
GSM6339603	TTCACTGTCGCAACAT-1	24756	26983	1.0899579899822265
GSM6339603	TTCACTGTCGGTTACG-1	3563	4067	1.1414538310412574
GSM6339603	TTCAGCACAATTAGCT-1	5196	5877	1.1310623556581987
GSM6339603	TTCAGCACAATTGAGA-1	3423	3880	1.1335086181711949
GSM6339603	TTCAGCACACAATACT-1	28932	32078	1.1087377298493017
GSM6339603	TTCAGCACACCTGGTG-1	5435	6579	1.21048758049678
GSM6339603	TTCAGCACACTCAACA-1	4572	5017	1.097331583552056
GSM6339603	TTCAGCACAGCAAGGC-1	805	912	1.132919254658385
GSM6339603	TTCAGCACATAGCTTG-1	5072	5781	1.1397870662460567
GSM6339603	TTCAGGTAGCAAGACA-1	3018	3539	1.1726308813783963
GSM6339603	TTCAGGTAGCATGTCG-1	29533	37320	1.2636711475298819
GSM6339603	TTCAGGTAGCGATACT-1	11143	10373	0.930898321816387
GSM6339603	TTCAGGTAGCGCTCAA-1	13632	14851	1.0894219483568075
GSM6339603	TTCAGGTAGCTTTGTT-1	1988	2292	1.152917505030181
GSM6339603	TTCAGGTAGGCAGGTG-1	503	580	1.1530815109343937
GSM6339603	TTCAGGTAGGTGCGGA-1	561	577	1.0285204991087344
GSM6339603	TTCAGGTAGTTGCGTG-1	2137	2233	1.044922788956481
GSM6339603	TTCAGTTTCACGAATC-1	2569	2862	1.1140521603736862
GSM6339603	TTCAGTTTCGGTAACT-1	901	956	1.0610432852386238
GSM6339603	TTCAGTTTCGTCAAGT-1	1039	1028	0.9894128970163619
GSM6339603	TTCAGTTTCTTAGGGT-1	2651	3275	1.2353828743870237
GSM6339603	TTCATCCCAACTGGGA-1	503	638	1.268389662027833
GSM6339603	TTCATCCCAGAAATTG-1	928	1005	1.0829741379310345
GSM6339603	TTCATCCCAGAGGCTA-1	4359	4735	1.086258316127552
GSM6339603	TTCATCCCATAATTGC-1	16560	17979	1.0856884057971015
GSM6339603	TTCATCCCATCCAGGT-1	8730	10802	1.2373424971363116
GSM6339603	TTCATCCCATTCCTCG-1	22881	26773	1.1700974607753158
GSM6339603	TTCATTCAGCGGATAA-1	8990	6962	0.7744160177975529
GSM6339603	TTCATTCAGCTATTGA-1	23468	31581	1.3457047895005965
GSM6339603	TTCATTCAGGCTGTGC-1	2250	2624	1.1662222222222223
GSM6339603	TTCCACGGTAATCGCA-1	766	778	1.0156657963446476
GSM6339603	TTCCACGGTACTTAGG-1	2909	2531	0.870058439326229
GSM6339603	TTCCACGGTCAAGTAT-1	8794	10112	1.1498749147145781
GSM6339603	TTCCACGGTCGCAAAC-1	2321	2981	1.2843601895734598
GSM6339603	TTCCACGGTGCATCGG-1	7182	7756	1.0799220272904484
GSM6339603	TTCCACGGTGTTAAAC-1	1349	1620	1.200889547813195
GSM6339603	TTCCACGGTTATTGCC-1	20025	15101	0.754107365792759
GSM6339603	TTCCACGGTTTACTTG-1	4521	5658	1.2514930325149303
GSM6339603	TTCCACGGTTTGGCGG-1	1655	1036	0.6259818731117824
GSM6339603	TTCCCACAGAATGACG-1	3402	3308	0.9723691945914168
GSM6339603	TTCCCACAGCTTCCCG-1	688	1185	1.7223837209302326
GSM6339603	TTCCCACAGGACTTAC-1	2844	3206	1.1272855133614628
GSM6339603	TTCCCACAGGCCTAAT-1	622	669	1.0755627009646302
GSM6339603	TTCCCACAGTTGGGCC-1	15600	16672	1.0687179487179488
GSM6339603	TTCCCGCCAATCATGT-1	2180	2265	1.0389908256880733
GSM6339603	TTCCCGCCAGCCTAAC-1	2933	3047	1.0388680531878622
GSM6339603	TTCCCGCCAGGATAAC-1	2900	2095	0.7224137931034482
GSM6339603	TTCCCGCCAGTCTAGC-1	511	517	1.0117416829745598
GSM6339603	TTCCTCAAGAGAGCCG-1	1044	1297	1.2423371647509578
GSM6339603	TTCCTCAAGCAAGGAC-1	1934	2354	1.2171664943123062
GSM6339603	TTCCTCAAGCACCACA-1	950	1104	1.1621052631578948
GSM6339603	TTCCTCAAGCAGGTTT-1	8338	10917	1.3093067881986087
GSM6339603	TTCCTCAAGCCTCTCG-1	1236	1432	1.1585760517799353
GSM6339603	TTCCTTCTCAACAAGG-1	2557	2568	1.0043019163081737
GSM6339603	TTCCTTCTCGATTTGA-1	2560	3088	1.20625
GSM6339603	TTCCTTCTCGCATTAA-1	9850	9060	0.9197969543147209
GSM6339603	TTCCTTCTCGCTAAGT-1	4690	4724	1.0072494669509595
GSM6339603	TTCCTTCTCGTGCTTC-1	16027	14848	0.926436638173083
GSM6339603	TTCCTTGAGCATGAAG-1	520	527	1.0134615384615384
GSM6339603	TTCCTTGAGCGCCTTT-1	10482	10451	0.9970425491318451
GSM6339603	TTCCTTGAGGCTTAGT-1	8499	9693	1.1404871161313095
GSM6339603	TTCCTTGAGTAGCCAT-1	15104	15685	1.0384666313559323
GSM6339603	TTCGCAACACCTACGG-1	578	705	1.2197231833910034
GSM6339603	TTCGGTACAAGGTATA-1	23567	29392	1.2471676496796367
GSM6339603	TTCGGTACAATGCGCT-1	13506	10649	0.7884643861987265
GSM6339603	TTCGGTACAGATAGAC-1	2163	2522	1.1659731853906612
GSM6339603	TTCGGTACAGCCTAAC-1	9698	6745	0.6955042276758094
GSM6339603	TTCGGTACAGTAAGTA-1	1114	1284	1.1526032315978456
GSM6339603	TTCGGTACATGACTAT-1	1442	1491	1.0339805825242718
GSM6339603	TTCGTGCTCACCAATA-1	10537	11686	1.1090443200151845
GSM6339603	TTCGTGCTCCAACTGG-1	5232	4620	0.8830275229357798
GSM6339603	TTCGTGCTCGCGACAC-1	33976	36352	1.0699317165057687
GSM6339603	TTCGTGCTCTGTGAGT-1	8162	7773	0.9523401127174712
GSM6339603	TTCGTTAGTCACCAAA-1	3676	4365	1.1874319912948856
GSM6339603	TTCGTTAGTCATCCTG-1	3108	3539	1.1386743886743886
GSM6339603	TTCGTTAGTGCTTAGA-1	4426	3984	0.9001355625847266
GSM6339603	TTCGTTAGTGGATGTC-1	2060	2443	1.1859223300970874
GSM6339603	TTCGTTAGTGTTTCAC-1	720	714	0.9916666666666667
GSM6339603	TTCTTAGGTAAGGTCC-1	33854	42994	1.2699828676079636
GSM6339603	TTCTTAGGTCAATGTG-1	1745	1381	0.791404011461318
GSM6339603	TTCTTAGGTGATCATG-1	4595	3462	0.7534276387377584
GSM6339603	TTCTTAGGTGGAGCAA-1	4630	3134	0.676889848812095
GSM6339603	TTCTTAGGTGGGAACA-1	5508	5360	0.9731299927378358
GSM6339603	TTCTTAGGTTTGTTGC-1	474	445	0.9388185654008439
GSM6339603	TTGACATCAAGACTCC-1	681	746	1.0954478707782673
GSM6339603	TTGACATCAATATACC-1	1150	1317	1.1452173913043477
GSM6339603	TTGACATCACCAAAGG-1	5933	6769	1.1409067925164336
GSM6339603	TTGACATCACCCACAG-1	12860	10390	0.8079315707620529
GSM6339603	TTGACATCACCGGTAT-1	1185	1233	1.040506329113924
GSM6339603	TTGACATCACTTGTTC-1	968	1238	1.2789256198347108
GSM6339603	TTGACATCAGCTTAGC-1	4073	4322	1.0611342990424748
GSM6339603	TTGACATCATGAAGTA-1	848	876	1.0330188679245282
GSM6339603	TTGACATCATTAGGTT-1	1299	1355	1.0431100846805235
GSM6339603	TTGACATCATTTAAGC-1	9659	6473	0.6701521896676674
GSM6339603	TTGACGTAGATAACCC-1	34726	45320	1.3050740079479353
GSM6339603	TTGACGTAGCCTCTCG-1	16696	24421	1.4626856732151414
GSM6339603	TTGACGTAGCGAAGTA-1	1411	1628	1.1537916371367825
GSM6339603	TTGACGTAGCTATATG-1	1665	1702	1.0222222222222221
GSM6339603	TTGACGTAGTAACAGG-1	1684	2111	1.253562945368171
GSM6339603	TTGACGTAGTCGCTAG-1	16099	15966	0.9917386173054227
GSM6339603	TTGACGTAGTGGCGGA-1	22164	33163	1.4962551885941167
GSM6339603	TTGACGTAGTTACCGG-1	2209	2172	0.9832503395201448
GSM6339603	TTGACTAAGCCTGAGC-1	34182	44892	1.3133228014744602
GSM6339603	TTGACTAAGCTTAGTA-1	2181	2526	1.15818431911967
GSM6339603	TTGACTAAGTTATGGC-1	521	468	0.8982725527831094
GSM6339603	TTGAGCTAGATAGACG-1	30838	38744	1.2563720085608665
GSM6339603	TTGAGCTAGCAAGGGT-1	2050	2328	1.1356097560975609
GSM6339603	TTGAGCTAGCGCTCAA-1	2097	2182	1.0405340963280878
GSM6339603	TTGAGCTAGGAACGCG-1	25907	27140	1.0475933145481917
GSM6339603	TTGAGCTAGGACCAGG-1	5252	5775	1.0995811119573495
GSM6339603	TTGAGCTAGGCGCTAC-1	17737	13907	0.7840672041495179
GSM6339603	TTGAGCTAGGGTCTAT-1	30995	38598	1.2452976286497823
GSM6339603	TTGAGCTAGTGAACGA-1	28141	30719	1.0916101062506662
GSM6339603	TTGAGGCGTATTCGCT-1	799	810	1.0137672090112642
GSM6339603	TTGAGGCGTCAATAGT-1	11988	10183	0.8494327660994327
GSM6339603	TTGAGGCGTCCTTCTC-1	2248	2257	1.0040035587188612
GSM6339603	TTGAGGCGTCTCAGCC-1	14462	15147	1.0473655096113954
GSM6339603	TTGAGGCGTGCTAGAC-1	1977	2388	1.2078907435508346
GSM6339603	TTGAGGCGTTCCTGAT-1	1641	1927	1.174283973187081
GSM6339603	TTGAGGCGTTGAAGCC-1	1261	1515	1.2014274385408406
GSM6339603	TTGAGGCGTTTACCGT-1	22184	23241	1.047646952758745
GSM6339603	TTGAGGCGTTTGGGCG-1	20550	24908	1.2120681265206812
GSM6339603	TTGAGGCGTTTGTTGC-1	6299	4908	0.7791712970312749
GSM6339603	TTGATGTCAAGGTACG-1	2065	2147	1.0397094430992737
GSM6339603	TTGATGTCAAGGTCCT-1	25432	38483	1.513172381251966
GSM6339603	TTGATGTCACAGCCTG-1	2810	3341	1.188967971530249
GSM6339603	TTGATGTCACCTCGCT-1	30144	40675	1.3493564225053079
GSM6339603	TTGATGTCACTAAGTT-1	35749	48159	1.347142577414753
GSM6339603	TTGATGTCACTTAGGC-1	26353	27818	1.0555913937692103
GSM6339603	TTGATGTCAGCCTAAC-1	1922	2325	1.2096774193548387
GSM6339603	TTGATGTCAGGAACAT-1	12361	12752	1.0316317450044494
GSM6339603	TTGATGTCATAAACCT-1	684	717	1.0482456140350878
GSM6339603	TTGATGTCATGATTGT-1	21639	28640	1.3235362077730024
GSM6339603	TTGCAACAGAATCGCT-1	1748	1832	1.0480549199084668
GSM6339603	TTGCAACAGCACTTGG-1	15073	12288	0.8152325349963511
GSM6339603	TTGCAACAGCGAAGTA-1	2541	3078	1.2113341204250294
GSM6339603	TTGCAACAGCGATAAG-1	3712	4080	1.0991379310344827
GSM6339603	TTGCAACAGCGGGCAA-1	2698	2545	0.9432913269088213
GSM6339603	TTGCAACAGCGTGCGT-1	8894	5400	0.6071508882392624
GSM6339603	TTGCAACAGCTCCTAC-1	2428	2657	1.0943163097199342
GSM6339603	TTGCAACAGGAACCAA-1	1212	1409	1.1625412541254125
GSM6339603	TTGCAACAGGAAGCTA-1	12363	13068	1.0570249939335112
GSM6339603	TTGCAACAGGACCGCT-1	1185	1162	0.980590717299578
GSM6339603	TTGCAAGGTACCCACC-1	686	729	1.0626822157434401
GSM6339603	TTGCAAGGTACGTTTC-1	1504	1690	1.1236702127659575
GSM6339603	TTGCAAGGTATTGTCC-1	30098	44676	1.484351119675726
GSM6339603	TTGCAAGGTCAACAAT-1	23590	17677	0.7493429419245443
GSM6339603	TTGCAAGGTCACAAAT-1	704	738	1.0482954545454546
GSM6339603	TTGCAAGGTCCTTCTC-1	28329	32180	1.1359384376434043
GSM6339603	TTGCAAGGTTAGGCGT-1	9987	7923	0.7933313307299489
GSM6339603	TTGCAAGGTTGTTCAC-1	1942	2118	1.090628218331617
GSM6339603	TTGCAAGGTTTGAGGC-1	4784	5986	1.2512541806020068
GSM6339603	TTGCAATCAAGTGAAC-1	1416	1696	1.1977401129943503
GSM6339603	TTGCAATCAATAACGA-1	1328	1478	1.1129518072289157
GSM6339603	TTGCAATCAATCCCTT-1	3865	4682	1.2113842173350582
GSM6339603	TTGCAATCACTTGTTC-1	1905	1920	1.0078740157480315
GSM6339603	TTGCAATCAGCAAATA-1	8854	11308	1.2771628642421504
GSM6339603	TTGCAATCATAATCGT-1	25454	30826	1.2110473795867054
GSM6339603	TTGCAATCATAGCTTG-1	2493	2973	1.1925391095066185
GSM6339603	TTGCAATCATGAAATG-1	4269	3963	0.9283204497540407
GSM6339603	TTGCAATCATGAGCAG-1	2521	2762	1.0955969853232843
GSM6339603	TTGCAATCATTTAAGC-1	7862	8987	1.1430933604680742
GSM6339603	TTGCACACAAACGGGC-1	3324	4018	1.2087845968712394
GSM6339603	TTGCACACAACTAGGG-1	10697	7977	0.7457230999345611
GSM6339603	TTGCACACACACAATT-1	1663	1758	1.0571256764882742
GSM6339603	TTGCACACACCCACCT-1	7789	9185	1.1792271151624085
GSM6339603	TTGCACACACTGACTA-1	4770	4482	0.939622641509434
GSM6339603	TTGCACACAGCAACAG-1	4570	4305	0.9420131291028446
GSM6339603	TTGCACACAGCACGAA-1	9757	7128	0.7305524239007892
GSM6339603	TTGCACACAGCAGGTA-1	14479	13087	0.9038607638649078
GSM6339603	TTGCACACAGTCTATG-1	3193	3807	1.1922956467272159
GSM6339603	TTGCAGCCAAGTGTTT-1	865	1050	1.2138728323699421
GSM6339603	TTGCAGCCAATGAAGC-1	2198	2754	1.2529572338489536
GSM6339603	TTGCAGCCAATTAAGG-1	1331	1579	1.1863260706235912
GSM6339603	TTGCAGCCACCACAAC-1	1712	1789	1.0449766355140186
GSM6339603	TTGCAGCCATAAGTTC-1	2144	2352	1.0970149253731343
GSM6339603	TTGCAGCCATTGCGTA-1	617	698	1.1312803889789302
GSM6339603	TTGCAGCCATTGTGGC-1	1291	1152	0.8923315259488769
GSM6339603	TTGCATTTCCAGGGAG-1	3216	3365	1.0463308457711442
GSM6339603	TTGCATTTCCCTGACT-1	13600	19837	1.4586029411764705
GSM6339603	TTGCCCGTCATAGACC-1	28291	35263	1.2464387967904988
GSM6339603	TTGCCCGTCATTACTC-1	1967	1809	0.9196746314184037
GSM6339603	TTGCCCGTCATTATGG-1	3284	4216	1.2838002436053593
GSM6339603	TTGCCCGTCGTTCACC-1	1687	1561	0.9253112033195021
GSM6339603	TTGCGAGTCACAGACT-1	7329	6229	0.8499113112293628
GSM6339603	TTGCGAGTCATCCTCA-1	2319	2268	0.9780077619663649
GSM6339603	TTGCGAGTCGAAGCGG-1	2922	4911	1.6806981519507187
GSM6339603	TTGCGAGTCGCTATAA-1	32799	40036	1.220646970944236
GSM6339603	TTGCGAGTCTCACATT-1	25066	29796	1.1887018271762546
GSM6339603	TTGCGTCTCGCGACAC-1	9404	6860	0.7294768183751595
GSM6339603	TTGCTCTCACAACCTA-1	441	487	1.1043083900226758
GSM6339603	TTGCTCTCACAATGCC-1	2758	2927	1.061276287164612
GSM6339603	TTGCTCTCAGCAAATA-1	1840	2014	1.0945652173913043
GSM6339603	TTGCTCTCATAGCGGA-1	8084	6642	0.8216229589312222
GSM6339603	TTGCTCTCATCCATCT-1	14852	13694	0.9220307029356316
GSM6339603	TTGCTCTCATCTTGAG-1	949	873	0.9199157007376185
GSM6339603	TTGCTTAGTAGACAAA-1	7789	7000	0.8987032995249711
GSM6339603	TTGCTTAGTATCTGGA-1	28906	41407	1.4324707673147443
GSM6339603	TTGCTTAGTCAGTAAT-1	886	868	0.9796839729119639
GSM6339603	TTGCTTAGTGGCTTCC-1	1865	1972	1.057372654155496
GSM6339603	TTGCTTTAGAAAGCAT-1	4542	5549	1.2217084984588287
GSM6339603	TTGCTTTAGACAAACG-1	1255	1086	0.8653386454183267
GSM6339603	TTGCTTTAGACACCGC-1	15314	22288	1.4554002873187932
GSM6339603	TTGCTTTAGCCGCTAA-1	4164	4891	1.1745917387127762
GSM6339603	TTGCTTTAGCTATATG-1	905	991	1.0950276243093922
GSM6339603	TTGCTTTAGCTATTAG-1	7593	6980	0.9192677466087186
GSM6339603	TTGCTTTAGGGATGCG-1	21381	22310	1.0434497918712875
GSM6339603	TTGCTTTAGGTAAGCA-1	12984	12593	0.9698860135551448
GSM6339603	TTGCTTTAGTGAACAG-1	13647	12471	0.9138272147724774
GSM6339603	TTGGATATCAAGCGCC-1	33410	36897	1.104369949117031
GSM6339603	TTGGATATCAATGAGG-1	5209	3398	0.6523325014398157
GSM6339603	TTGGATATCATGGTGT-1	12481	12626	1.011617658841439
GSM6339603	TTGGATATCCTCCTAA-1	5764	5404	0.9375433726578765
GSM6339603	TTGGATATCGCTAGCA-1	1543	1701	1.102397926117952
GSM6339603	TTGGATATCGTGCTTC-1	15104	15002	0.9932468220338984
GSM6339603	TTGGATCAGCAGCTCA-1	1862	2104	1.129967776584318
GSM6339603	TTGGATCAGCTTAGTA-1	14057	15653	1.1135377392046668
GSM6339603	TTGGATCAGGACAACA-1	1771	1696	0.9576510446075663
GSM6339603	TTGGATCAGGATGATG-1	3332	3743	1.1233493397358945
GSM6339603	TTGGATCAGTTGTCCC-1	475	423	0.8905263157894737
GSM6339603	TTGGATTCAAGCTTTG-1	632	707	1.1186708860759493
GSM6339603	TTGGATTCAATTTAGC-1	2019	2096	1.0381376919266965
GSM6339603	TTGGATTCAGCACGAA-1	3947	4210	1.0666328857360021
GSM6339603	TTGGATTCAGCGCTTG-1	3704	4259	1.1498380129589634
GSM6339603	TTGGATTCAGTTTGTG-1	5308	5871	1.1060663149962322
GSM6339603	TTGGATTCATAATGTC-1	1702	1942	1.1410105757931845
GSM6339603	TTGGATTCATTGTGGC-1	2679	2573	0.9604329973870848
GSM6339603	TTGGCGGGTAACAGGG-1	2434	2501	1.0275267050123253
GSM6339603	TTGGCGGGTCAGGCCA-1	916	992	1.0829694323144106
GSM6339603	TTGGCGGGTCCTAGTT-1	1092	1098	1.0054945054945055
GSM6339603	TTGGCGGGTGGATTAT-1	15267	11180	0.7322984214318464
GSM6339603	TTGGCGGGTTACTTGC-1	13446	12202	0.9074817789677228
GSM6339603	TTGGCTACAGTAAAGC-1	868	930	1.0714285714285714
GSM6339603	TTGGCTACATAGCAGG-1	28495	27114	0.9515353570801895
GSM6339603	TTGGCTGAGACTCGCA-1	605	569	0.9404958677685951
GSM6339603	TTGGCTGAGCTAATCA-1	19405	24354	1.2550373615047667
GSM6339603	TTGGCTGAGCTTCTCA-1	439	495	1.1275626423690206
GSM6339603	TTGGCTGAGGACAATG-1	3191	2114	0.6624882481980571
GSM6339603	TTGGCTGAGGCGGATG-1	2521	2632	1.044030146767156
GSM6339603	TTGGCTGAGGGCTTTG-1	3099	3378	1.0900290416263312
GSM6339603	TTGGCTGAGTCTCACC-1	20946	18224	0.8700467869760337
GSM6339603	TTGGCTTGTGCTTACT-1	502	657	1.3087649402390438
GSM6339603	TTGGCTTGTGTGTGGT-1	621	743	1.1964573268921095
GSM6339603	TTGGCTTGTTGCGGAT-1	1527	1673	1.0956123117223313
GSM6339603	TTGGGCCAGCAACATC-1	501	605	1.2075848303393213
GSM6339603	TTGGGCCAGGTGTTAC-1	15690	14858	0.9469725940089229
GSM6339603	TTGGGCCAGTACCGCA-1	15052	13891	0.9228673930374701
GSM6339603	TTGGGCCAGTTTCCGC-1	30675	45661	1.4885411572942135
GSM6339603	TTGGGCGGTAACGGGA-1	530	563	1.0622641509433963
GSM6339603	TTGGGCGGTAATGGAA-1	11483	7669	0.6678568318383697
GSM6339603	TTGGGCGGTATGGTGC-1	4016	5458	1.3590637450199203
GSM6339603	TTGGGCGGTGCTAGCG-1	502	648	1.2908366533864541
GSM6339603	TTGGGCGGTTGAAGCC-1	871	882	1.0126291618828933
GSM6339603	TTGGGCGGTTGCACAA-1	39269	40015	1.0189971733428405
GSM6339603	TTGGGCGGTTGGGTTA-1	25225	28359	1.1242418235877105
GSM6339603	TTGGGTTAGCCTGGTA-1	15074	12522	0.8307018707708638
GSM6339603	TTGGGTTAGGCCTAAT-1	9112	6630	0.7276119402985075
GSM6339603	TTGGGTTAGGTGAAAT-1	579	695	1.2003454231433506
GSM6339603	TTGGTGAGTAGGATTT-1	928	937	1.009698275862069
GSM6339603	TTGGTGAGTGATGGCT-1	16849	16450	0.9763190693809721
GSM6339603	TTGGTGAGTTTGAGCA-1	31638	38889	1.229186421391997
GSM6339603	TTGTAAGTCACTCAAA-1	15501	14609	0.9424553254628734
GSM6339603	TTGTAAGTCATTGCAA-1	5036	5812	1.1540905480540111
GSM6339603	TTGTAAGTCCGCAACA-1	653	679	1.0398162327718223
GSM6339603	TTGTAAGTCCGCACAA-1	1378	1493	1.083454281567489
GSM6339603	TTGTAAGTCCGGAACC-1	828	1078	1.3019323671497585
GSM6339603	TTGTAAGTCCTAGTTT-1	1921	2151	1.1197293076522645
GSM6339603	TTGTAAGTCCTGAATA-1	841	1016	1.2080856123662307
GSM6339603	TTGTAAGTCCTGATGG-1	735	876	1.1918367346938776
GSM6339603	TTGTAAGTCGGTTACG-1	10358	8751	0.8448542189611894
GSM6339603	TTGTAAGTCGTTACAA-1	697	801	1.1492109038737446
GSM6339603	TTGTAAGTCTTAGTCT-1	27929	30700	1.0992158688101974
GSM6339603	TTGTCAAAGAACCTGT-1	1009	1133	1.1228939544103071
GSM6339603	TTGTCAAAGCAAGACA-1	3349	3394	1.0134368468199462
GSM6339603	TTGTCAAAGGCCCAGT-1	3745	4161	1.1110814419225634
GSM6339603	TTGTCAAAGGTGAAAT-1	2545	2810	1.1041257367387034
GSM6339603	TTGTCCATCAAACCTA-1	27333	34811	1.2735887023012475
GSM6339603	TTGTCCATCATGAAGG-1	598	661	1.105351170568562
GSM6339603	TTGTCCATCATTAGCA-1	5083	5773	1.1357466063348416
GSM6339603	TTGTCCATCATTCATC-1	1240	1393	1.1233870967741935
GSM6339603	TTGTCCATCCATAATG-1	2841	1599	0.5628299894403379
GSM6339603	TTGTCCATCGTTAAGC-1	1235	1262	1.0218623481781377
GSM6339603	TTGTCCATCGTTCACC-1	2939	3304	1.1241919020074855
GSM6339603	TTGTCCATCTGTTCAT-1	1219	1447	1.1870385561936012
GSM6339603	TTGTCCCAGCCTGTTC-1	6057	7100	1.172197457487205
GSM6339603	TTGTCCCAGCTGGACC-1	7917	5961	0.7529367184539598
GSM6339603	TTGTCCCAGGGATGCG-1	3273	4015	1.2267033302780324
GSM6339603	TTGTCCCAGTAACAGG-1	1553	1806	1.1629104958145524
GSM6339603	TTGTCCCAGTCACTAA-1	544	627	1.1525735294117647
GSM6339603	TTGTCCGGTTTGCGCC-1	11332	10427	0.9201376632545005
GSM6339603	TTGTGAGGTAACAGGG-1	1261	1332	1.056304520222046
GSM6339603	TTGTGAGGTCCAAATG-1	3308	2760	0.8343409915356711
GSM6339603	TTGTGAGGTGATTTGG-1	17438	17300	0.9920862484229843
GSM6339603	TTGTGAGGTGGGTGAA-1	1331	1534	1.1525169045830204
GSM6339603	TTGTGAGGTGGTTCTT-1	1798	1881	1.046162402669633
GSM6339603	TTGTGAGGTTAACGAT-1	4001	4554	1.1382154461384655
GSM6339603	TTGTGAGGTTAATGCG-1	39473	51948	1.3160388113393966
GSM6339603	TTGTGAGGTTATCGAG-1	2593	2880	1.110682607018897
GSM6339603	TTGTGAGGTTCGCTCA-1	13256	11769	0.8878243814121907
GSM6339603	TTGTGAGGTTGCACGG-1	857	840	0.9801633605600933
GSM6339603	TTGTGAGGTTTGGGTA-1	1296	1476	1.1388888888888888
GSM6339603	TTGTGCCTCACTAGGT-1	1182	1425	1.2055837563451777
GSM6339603	TTGTGCCTCATCCTGC-1	8260	6414	0.7765133171912832
GSM6339603	TTGTGCCTCCAGGGAG-1	41595	41146	0.989205433345354
GSM6339603	TTGTGCCTCCGGAACC-1	881	895	1.0158910329171396
GSM6339603	TTGTGCCTCCTCGATC-1	4170	4905	1.1762589928057554
GSM6339603	TTGTGCCTCGTTACTT-1	794	797	1.0037783375314862
GSM6339603	TTGTGCCTCGTTTCGC-1	1037	984	0.9488910318225651
GSM6339603	TTGTGCCTCGTTTCTG-1	10744	13339	1.241530156366344
GSM6339603	TTGTGCCTCTTGCATT-1	1478	1466	0.9918809201623816
GSM6339603	TTGTGCGAGAAAGCAT-1	13821	12467	0.9020331379784386
GSM6339603	TTGTGCGAGACTTACA-1	2819	2936	1.0415040794608017
GSM6339603	TTGTGCGAGCAATAGG-1	16501	16881	1.0230289073389491
GSM6339603	TTGTGCGAGCACAGAA-1	5827	4854	0.8330187060236829
GSM6339603	TTGTGCGAGGAGGTTA-1	22017	23614	1.0725348594268065
GSM6339603	TTGTGCGAGGCTTAAC-1	3464	3838	1.1079676674364896
GSM6339603	TTGTGTGCACACAATT-1	33876	37725	1.113620262132483
GSM6339603	TTGTGTGCACAGCCTG-1	907	551	0.607497243660419
GSM6339603	TTGTGTGCACGTAAGG-1	28335	37896	1.337427210164108
GSM6339603	TTGTGTGCAGAATGAC-1	2298	2838	1.2349869451697129
GSM6339603	TTGTGTGCATTAGGTT-1	1239	1402	1.1315577078288943
GSM6339603	TTGTTCCCAATAGTCT-1	10991	12047	1.0960786097716313
GSM6339603	TTGTTCCCATAGGCGA-1	9476	6542	0.690375685943436
GSM6339603	TTGTTGCGTCCTTCAG-1	5662	6406	1.131402331331685
GSM6339603	TTGTTGCGTGCGCGTA-1	37056	43323	1.169122409326425
GSM6339603	TTGTTGCGTGTTGCTT-1	1597	1894	1.1859737006887914
GSM6339603	TTGTTGCGTTAGGTGC-1	8270	7119	0.8608222490931077
GSM6339603	TTGTTGCGTTCGCGCT-1	10701	10718	1.001588636576021
GSM6339603	TTGTTGTTCAGGAACA-1	2050	2202	1.0741463414634147
GSM6339603	TTGTTGTTCCGGCTAA-1	957	1015	1.0606060606060606
GSM6339603	TTGTTGTTCGCTCACT-1	7569	9157	1.2098031444048092
GSM6339603	TTGTTGTTCGGTCAAT-1	31244	36416	1.165535782870311
GSM6339603	TTGTTGTTCTAAATCG-1	19402	17293	0.8912998659931965
GSM6339603	TTGTTGTTCTTTGAGA-1	15510	16493	1.0633784655061251
GSM6339603	TTGTTTGGTAAAGCGG-1	1290	1411	1.0937984496124031
GSM6339603	TTGTTTGGTAACGTGC-1	16269	19800	1.2170385395537526
GSM6339603	TTGTTTGGTCCTAAGA-1	1720	1503	0.8738372093023256
GSM6339603	TTGTTTGGTCTATCGT-1	2033	2087	1.0265617314313822
GSM6339603	TTGTTTGGTGAGGTGA-1	14172	14797	1.0441010443127294
GSM6339603	TTGTTTGGTTCCGGGA-1	4214	4250	1.0085429520645468
GSM6339603	TTGTTTGGTTTGCTGT-1	14877	12950	0.870471197149963
GSM6339603	TTGTTTGGTTTGTTGC-1	27099	30215	1.114985792833684
GSM6339603	TTTAACCTCACAGCCA-1	7819	7304	0.9341347998465277
GSM6339603	TTTAACCTCACTAGGT-1	5309	5955	1.121680165756263
GSM6339603	TTTAACCTCATTGCGG-1	25940	30937	1.1926368542791057
GSM6339603	TTTAACCTCCCATAAA-1	9430	8004	0.848780487804878
GSM6339603	TTTAACCTCCGCCTCA-1	3893	4519	1.160801438479322
GSM6339603	TTTAACCTCCGTAAAC-1	840	1122	1.3357142857142856
GSM6339603	TTTAACCTCGGTTCCT-1	2377	2716	1.1426167437946992
GSM6339603	TTTAACCTCTATTGTC-1	2587	2917	1.1275608813297255
GSM6339603	TTTAACCTCTTAGTGA-1	2493	2777	1.1139189731247492
GSM6339603	TTTAACGAGAGGATAT-1	1634	1538	0.9412484700122399
GSM6339603	TTTAACGAGCATGTCG-1	36489	51887	1.4219901888240292
GSM6339603	TTTAACGAGGCGCACT-1	809	943	1.165636588380717
GSM6339603	TTTAAGCCAAACGCGA-1	12249	13146	1.0732304677932893
GSM6339603	TTTAAGCCAAACTGTT-1	1086	1083	0.9972375690607734
GSM6339603	TTTAAGCCAAAGGTAC-1	2755	3270	1.1869328493647913
GSM6339603	TTTAAGCCAACTCGCG-1	15280	15957	1.0443062827225131
GSM6339603	TTTAAGCCACAAAGCG-1	2563	2712	1.0581349980491612
GSM6339603	TTTAAGCCAGAACCGA-1	21454	27491	1.2813927472732358
GSM6339603	TTTAAGCCAGCAGGTA-1	19383	17285	0.8917608213382862
GSM6339603	TTTAAGGTCCCTGGTT-1	27802	24513	0.8816991583339329
GSM6339603	TTTAAGGTCCGTAAAC-1	22660	23669	1.0445278022947926
GSM6339603	TTTAAGGTCCTTCAAT-1	488	537	1.1004098360655739
GSM6339603	TTTAAGGTCGGCCATA-1	9796	7700	0.7860351163740302
GSM6339603	TTTACGAAGAGGAGGA-1	26803	32891	1.2271387531246503
GSM6339603	TTTACGAAGCCACAAT-1	32354	46677	1.4426964208444086
GSM6339603	TTTACGAAGCGGATTT-1	2610	2957	1.1329501915708813
GSM6339603	TTTACGAAGGACAATG-1	12825	14278	1.1132943469785574
GSM6339603	TTTACGAAGGTTTGAC-1	15377	14895	0.9686544839695649
GSM6339603	TTTACGCGTATTGTCC-1	28465	38786	1.3625856314772529
GSM6339603	TTTACGCGTCAAGTAT-1	1573	1879	1.1945327399872854
GSM6339603	TTTACGCGTCAGGCCA-1	4624	4760	1.0294117647058822
GSM6339603	TTTACGCGTGAATCGC-1	32353	41808	1.2922449231910487
GSM6339603	TTTACGCGTTAATGCG-1	1495	1653	1.105685618729097
GSM6339603	TTTACGCGTTCACCCA-1	11561	7717	0.6675028111755038
GSM6339603	TTTACGCGTTTGGGCG-1	3229	3481	1.0780427376896873
GSM6339603	TTTAGCAAGAAACTGG-1	1906	3373	1.7696747114375655
GSM6339603	TTTAGCAAGCATTAGC-1	16996	17418	1.024829371616851
GSM6339603	TTTAGCAAGCGGGCAA-1	2631	2940	1.1174458380843786
GSM6339603	TTTAGCAAGGCTAGAA-1	20086	33433	1.6644926814696803
GSM6339603	TTTAGCAAGTGAGAGC-1	2398	2071	0.8636363636363636
GSM6339603	TTTAGCAAGTTAGCCG-1	701	648	0.9243937232524965
GSM6339603	TTTAGCTTCAATGACC-1	1459	1639	1.1233721727210417
GSM6339603	TTTAGCTTCATAACTG-1	1947	1561	0.8017462763225475
GSM6339603	TTTAGCTTCATTAGTG-1	6813	6719	0.9862028474974314
GSM6339603	TTTAGCTTCCACCTTA-1	1089	1220	1.120293847566575
GSM6339603	TTTAGCTTCTTTGACT-1	13378	11489	0.8587980266108537
GSM6339603	TTTAGGATCAAACTCA-1	1345	1595	1.1858736059479553
GSM6339603	TTTAGGATCCGGCTAA-1	5330	3599	0.675234521575985
GSM6339603	TTTAGGATCTCCTCAA-1	12130	12211	1.0066776586974444
GSM6339603	TTTAGGATCTGGCTTC-1	2146	2070	0.9645852749301025
GSM6339603	TTTAGGATCTGGTCCT-1	2670	2645	0.9906367041198502
GSM6339603	TTTATGGAGCCTCTGT-1	12177	9937	0.816046645314938
GSM6339603	TTTATGGAGCGATAGA-1	1075	1170	1.0883720930232559
GSM6339603	TTTATGGAGGAACCGG-1	2984	3429	1.1491286863270778
GSM6339603	TTTATGGAGGAGGTTA-1	5025	5705	1.135323383084577
GSM6339603	TTTATGGAGGCGCTTA-1	1132	1394	1.2314487632508835
GSM6339603	TTTATGGAGTGAGGGT-1	10180	7421	0.7289783889980354
GSM6339603	TTTATGGAGTTAGACC-1	889	805	0.905511811023622
GSM6339603	TTTCACCCACTTACAG-1	877	984	1.1220068415051312
GSM6339603	TTTCACCCAGCACGTT-1	645	676	1.048062015503876
GSM6339603	TTTCACCCAGCATTAT-1	24289	29598	1.2185763102639056
GSM6339603	TTTCACCCAGCTCATA-1	1503	1823	1.21290751829674
GSM6339603	TTTCACCCAGGGAGCT-1	1299	1616	1.2440338722093918
GSM6339603	TTTCACCCATCAGTAT-1	1189	1245	1.047098402018503
GSM6339603	TTTCAGTTCACCATTT-1	2462	2711	1.1011372867587328
GSM6339603	TTTCAGTTCACGCATG-1	3229	3340	1.034375967791886
GSM6339603	TTTCAGTTCAGGATGA-1	2394	2600	1.086048454469507
GSM6339603	TTTCAGTTCATGCATA-1	3262	3298	1.011036174126303
GSM6339603	TTTCAGTTCCGCAAGC-1	7399	7973	1.0775780510879849
GSM6339603	TTTCAGTTCGTGCTAG-1	1379	1316	0.9543147208121827
GSM6339603	TTTCAGTTCTTAAGTG-1	14573	14357	0.9851780690317711
GSM6339603	TTTCAGTTCTTAGTGA-1	2224	2462	1.1070143884892085
GSM6339603	TTTCATCAGAAGGTGC-1	27424	29741	1.0844880396732788
GSM6339603	TTTCATCAGCAAGATG-1	4834	5759	1.1913529168390566
GSM6339603	TTTCATCAGCAGGTGG-1	501	499	0.9960079840319361
GSM6339603	TTTCATCAGGATGATG-1	37519	42817	1.1412084543831125
GSM6339603	TTTCATCAGTTCCCAC-1	1497	1767	1.1803607214428857
GSM6339603	TTTCATCAGTTTCCGC-1	399	486	1.218045112781955
GSM6339603	TTTCCACCAGTGAACG-1	10937	10984	1.0042973393069397
GSM6339603	TTTCCACCAGTTTGGC-1	1225	1284	1.0481632653061224
GSM6339603	TTTCCGGGTGCGCGTA-1	2601	2956	1.1364859669357938
GSM6339603	TTTCCGGGTGCTCACC-1	36689	49210	1.3412739513205594
GSM6339603	TTTCCGGGTGGATGTC-1	420	426	1.0142857142857142
GSM6339603	TTTCCGGGTGTAATAC-1	5402	3723	0.6891891891891891
GSM6339603	TTTCCGGGTTAGCATG-1	12367	12494	1.0102692649793805
GSM6339603	TTTCCGGGTTAGGCTA-1	25251	28330	1.121935764920201
GSM6339603	TTTCCGGGTTAGGTTG-1	10816	8527	0.7883690828402367
GSM6339603	TTTCCGGGTTTGCGAA-1	1114	1355	1.2163375224416517
GSM6339603	TTTCCGGGTTTGGCTT-1	3200	3871	1.2096875
GSM6339603	TTTCCTGAGGCCTAAT-1	4656	5220	1.1211340206185567
GSM6339603	TTTCCTGAGGGCTTAT-1	585	453	0.7743589743589744
GSM6339603	TTTCCTGAGTCAATCA-1	983	1022	1.0396744659206512
GSM6339603	TTTCCTGAGTCCTTCA-1	2317	2549	1.1001294777729822
GSM6339603	TTTCCTGAGTTCCCGT-1	4670	5586	1.1961456102783725
GSM6339603	TTTCGTCCAAACGGGC-1	464	470	1.0129310344827587
GSM6339603	TTTCGTCCAGCATGAG-1	36617	43107	1.177240079744381
GSM6339603	TTTCGTCCATCCCGCT-1	564	395	0.700354609929078
GSM6339603	TTTCGTCCATGCTCCC-1	415	351	0.8457831325301205
GSM6339603	TTTCTCACACCAGGTT-1	2209	2116	0.9578995020371208
GSM6339603	TTTCTCACACTAAATC-1	44320	51612	1.1645306859205775
GSM6339603	TTTCTCACATCAGTAT-1	2175	2305	1.0597701149425287
GSM6339603	TTTCTCACATCCCGCT-1	1916	1794	0.9363256784968684
GSM6339603	TTTCTTGCACCTGTAA-1	23006	29090	1.2644527514561419
GSM6339603	TTTCTTGCACTTCACT-1	771	785	1.0181582360570687
GSM6339603	TTTCTTGCATTGTCAG-1	32444	41304	1.2730859326840094
GSM6339603	TTTGACCGTAAGCTTG-1	3587	4020	1.1207136883189295
GSM6339603	TTTGACCGTCATTACC-1	27734	32961	1.1884690271868465
GSM6339603	TTTGACCGTGTGCACG-1	8847	7177	0.8112354470441958
GSM6339603	TTTGACCGTGTTGCTT-1	2597	2816	1.084328070850982
GSM6339603	TTTGACCGTTAGCAGC-1	2937	3072	1.0459652706843718
GSM6339603	TTTGACCGTTGAGCCG-1	20625	23124	1.1211636363636364
GSM6339603	TTTGACCGTTGCACGG-1	14893	14306	0.9605855099711273
GSM6339603	TTTGACCGTTGTCATC-1	28836	39141	1.3573657927590512
GSM6339603	TTTGACCGTTTCCTCC-1	2591	2448	0.944808954071787
GSM6339603	TTTGACTTCAGGCCTA-1	985	1084	1.100507614213198
GSM6339603	TTTGACTTCATGAGCT-1	15273	13076	0.856151378249198
GSM6339603	TTTGACTTCCAAGTTA-1	935	1004	1.0737967914438502
GSM6339603	TTTGACTTCCACCCTG-1	1658	1821	1.0983112183353438
GSM6339603	TTTGACTTCCGTGACA-1	3142	3344	1.0642902609802674
GSM6339603	TTTGACTTCGAGCAAA-1	5773	6372	1.103758877533345
GSM6339603	TTTGACTTCGCACACA-1	501	602	1.2015968063872255
GSM6339603	TTTGACTTCGGGACTC-1	1401	1749	1.2483940042826553
GSM6339603	TTTGACTTCTCAATAG-1	854	936	1.0960187353629978
GSM6339603	TTTGAGTCAATTTGGT-1	4228	4676	1.1059602649006623
GSM6339603	TTTGAGTCAGCAATAA-1	1989	2316	1.1644042232277527
GSM6339603	TTTGAGTCATAAAGCA-1	18518	18606	1.0047521330597258
GSM6339603	TTTGCATTCCTACCTA-1	6264	7591	1.211845466155811
GSM6339603	TTTGCATTCGTTACAA-1	8744	6863	0.7848810612991766
GSM6339603	TTTGCATTCTGTAATG-1	513	624	1.2163742690058479
GSM6339603	TTTGCGACAAGATTCT-1	2721	3065	1.1264241087835354
GSM6339603	TTTGCGACACTAAATC-1	3808	4464	1.1722689075630253
GSM6339603	TTTGCGACAGGACCTT-1	3205	3809	1.188455538221529
GSM6339603	TTTGCGACAGGCATCT-1	34805	35916	1.0319207010487
GSM6339603	TTTGCGACATCCCGCT-1	612	513	0.8382352941176471
GSM6339603	TTTGCGGAGCAGGTGG-1	1075	1329	1.236279069767442
GSM6339603	TTTGCGGAGGGCCATC-1	8689	8420	0.9690413166072045
GSM6339603	TTTGCGGAGTGAAGTG-1	688	633	0.9200581395348837
GSM6339603	TTTGGCTGTATTCGTC-1	1836	2066	1.1252723311546842
GSM6339603	TTTGGCTGTCGCAAAC-1	15356	18287	1.1908700182339151
GSM6339603	TTTGGCTGTGTTGCTT-1	1152	1497	1.2994791666666667
GSM6339603	TTTGGCTGTTAGACCA-1	828	928	1.1207729468599035
GSM6339603	TTTGGCTGTTCGCGCT-1	2462	1334	0.5418359057676686
GSM6339603	TTTGGTAAGCCATCAG-1	575	631	1.097391304347826
GSM6339603	TTTGGTAAGGGCTTAT-1	758	866	1.1424802110817942
GSM6339603	TTTGGTGCACCCACCT-1	5054	6046	1.1962801741195093
GSM6339603	TTTGGTGCATCGCTCC-1	3248	2457	0.7564655172413793
GSM6339603	TTTGGTGCATGTTGGC-1	610	621	1.018032786885246
GSM6339603	TTTGTCCCAAACTGTT-1	15012	13593	0.9054756195043965
GSM6339603	TTTGTCCCAGCAACCT-1	4525	5018	1.1089502762430938
GSM6339603	TTTGTCCCATAATCCG-1	3027	3379	1.1162867525602906
GSM6339603	TTTGTCTAGAGGAGGA-1	2217	2268	1.0230040595399188
GSM6339603	TTTGTCTAGATAACCC-1	24320	30157	1.2400082236842105
GSM6339603	TTTGTCTAGCATTTCT-1	4239	4468	1.0540221750412833
GSM6339603	TTTGTCTAGCTGGAAA-1	4088	4750	1.1619373776908024
GSM6339603	TTTGTCTAGGACCGCT-1	1022	965	0.9442270058708415
GSM6339603	TTTGTCTAGGCCATCA-1	3331	4201	1.2611828279795858
GSM6339603	TTTGTCTAGGTAAGGC-1	528	527	0.9981060606060606
GSM6339603	TTTGTCTAGGTCCTGA-1	2480	2509	1.0116935483870968
GSM6339603	TTTGTCTAGGTTAGAG-1	3813	4133	1.0839234198793601
GSM6339603	TTTGTCTAGGTTTGCG-1	496	555	1.1189516129032258
GSM6339603	TTTGTCTAGTAAAGGT-1	3743	4308	1.150948437082554
GSM6339603	TTTGTCTAGTTTAACG-1	12749	9279	0.7278217899443093
GSM6339603	TTTGTGAAGACACCGC-1	821	800	0.97442143727162
GSM6339603	TTTGTGAAGCAGCTAT-1	28578	46254	1.6185177409195886
GSM6339603	TTTGTGAAGCGAAGTA-1	15187	15396	1.0137617699348127
GSM6339603	TTTGTGAAGGATCACT-1	15605	22545	1.444729253444409
GSM6339603	TTTGTGAAGGCATTGT-1	1429	1631	1.1413575927221833
GSM6339603	TTTGTGAAGGCTGGCT-1	1441	1876	1.3018736988202637
GSM6339603	TTTGTGAAGGGATGAC-1	11214	11723	1.0453896914571073
GSM6339603	TTTGTGAAGTGAACGA-1	1412	1596	1.1303116147308783
GSM6339603	TTTGTGAAGTGCACGC-1	2827	3503	1.2391227449593207
GSM6339603	TTTGTGGCAACCCTAA-1	13854	12933	0.933521004763967
GSM6339603	TTTGTGGCAAGCTTAT-1	7530	7826	1.0393094289508633
GSM6339603	TTTGTGGCAATACTGT-1	1671	1931	1.1555954518252542
GSM6339603	TTTGTGGCAGCAATAA-1	12405	13161	1.0609431680773882
GSM6339603	TTTGTGGCAGTCTAGC-1	549	602	1.0965391621129326
GSM6339603	TTTGTGGCATTTGCTC-1	6413	4704	0.7335100576953064
GSM6339603	TTTGTGTTCAGAAACG-1	30346	32318	1.0649838528965927
GSM6339603	TTTGTGTTCAGGGCCT-1	15271	13119	0.8590793006351909
GSM6339603	TTTGTGTTCAGGTCCA-1	3426	3592	1.0484530064214828
GSM6339603	TTTGTGTTCCACCCTG-1	16405	15460	0.9423956110941786
GSM6339603	TTTGTGTTCCTAATAG-1	650	691	1.063076923076923
GSM6339603	TTTGTTGGTACCAGGT-1	2345	2369	1.010234541577825
GSM6339603	TTTGTTGGTAGCAGCT-1	12396	12895	1.0402549209422394
GSM6339603	TTTGTTGGTCCCGGAA-1	908	1025	1.1288546255506609
GSM6339603	TTTGTTGGTGGTTCTT-1	422	503	1.1919431279620853
GSM6339603	TTTGTTGGTTGGCGTG-1	1988	2040	1.0261569416498995
