gsm	barcode	blacklist_fragments
GSM6339597	AAACAGCCAACTAGCC-1	197
GSM6339597	AAACAGCCACAAAGAC-1	876
GSM6339597	AAACAGCCAGGCATCT-1	176
GSM6339597	AAACAGCCAGGCTGTT-1	355
GSM6339597	AAACAGCCATTGCGGT-1	65
GSM6339597	AAACATGCAACTAACT-1	39
GSM6339597	AAACATGCAATACTGT-1	151
GSM6339597	AAACATGCAGCAAGAT-1	151
GSM6339597	AAACATGCAGGATGGC-1	119
GSM6339597	AAACATGCAGTAGGAT-1	55
GSM6339597	AAACATGCATCTAGCA-1	112
GSM6339597	AAACATGCATTATGCG-1	233
GSM6339597	AAACCAACAATAATCC-1	145
GSM6339597	AAACCAACATGCTTAG-1	256
GSM6339597	AAACCGAAGCGGATAA-1	121
GSM6339597	AAACCGAAGTAACGAG-1	209
GSM6339597	AAACCGCGTAACAGGG-1	79
GSM6339597	AAACCGCGTAATGACT-1	121
GSM6339597	AAACCGCGTCATCCTG-1	93
GSM6339597	AAACCGCGTCCTTCAG-1	103
GSM6339597	AAACCGCGTGTTTCAC-1	310
GSM6339597	AAACCGGCAAACGGGC-1	390
GSM6339597	AAACCGGCAATGAGGT-1	302
GSM6339597	AAACGCGCACCTCACC-1	128
GSM6339597	AAACGCGCACCTCAGG-1	10
GSM6339597	AAACGCGCAGCTACGT-1	39
GSM6339597	AAACGCGCAGCTTAAT-1	213
GSM6339597	AAACGCGCAGTGAACG-1	93
GSM6339597	AAACGCGCATAGACCC-1	166
GSM6339597	AAACGCGCATGAAATG-1	14
GSM6339597	AAACGGATCAGCAAAG-1	461
GSM6339597	AAACGGATCATGAAGG-1	223
GSM6339597	AAACGGATCCTGATTT-1	60
GSM6339597	AAACGGATCGCATTAA-1	224
GSM6339597	AAACGGATCTAGCGAT-1	151
GSM6339597	AAAGCAAGTGTTTCAC-1	33
GSM6339597	AAAGCAAGTTCCGGGA-1	4
GSM6339597	AAAGCAAGTTTACGTC-1	31
GSM6339597	AAAGCACCACTTCACT-1	9
GSM6339597	AAAGCACCAGTAAAGC-1	134
GSM6339597	AAAGCACCAGTTGCGT-1	10
GSM6339597	AAAGCACCATTAAACC-1	280
GSM6339597	AAAGCCCGTAAGGTTT-1	83
GSM6339597	AAAGCCCGTGCATCGG-1	18
GSM6339597	AAAGCCCGTGTGCACG-1	239
GSM6339597	AAAGCCCGTTTATGGG-1	121
GSM6339597	AAAGCCGCAGTCTAGC-1	19
GSM6339597	AAAGCGGGTGTCCTGC-1	39
GSM6339597	AAAGCGGGTGTGCAAC-1	73
GSM6339597	AAAGCGGGTTTGTGGA-1	334
GSM6339597	AAAGCTTGTCATCAAG-1	17
GSM6339597	AAAGCTTGTTTGGCGG-1	67
GSM6339597	AAAGGACGTCGCGCAA-1	26
GSM6339597	AAAGGACGTTAGGATT-1	75
GSM6339597	AAAGGACGTTGCGTAA-1	7
GSM6339597	AAAGGAGCAAAGCCTC-1	15
GSM6339597	AAAGGAGCAATAATGG-1	245
GSM6339597	AAAGGAGCACCTCGCT-1	198
GSM6339597	AAAGGAGCATTCCTCG-1	81
GSM6339597	AAAGGCTCAACCTAAT-1	147
GSM6339597	AAAGGCTCAAGTGTCC-1	161
GSM6339597	AAAGGCTCAGAACCGA-1	228
GSM6339597	AAAGGCTCAGGCCTTG-1	33
GSM6339597	AAAGGCTCATGTCAAT-1	165
GSM6339597	AAAGGCTCATTTAAGC-1	48
GSM6339597	AAAGGTTAGACACCGC-1	24
GSM6339597	AAAGGTTAGCTCGCTT-1	331
GSM6339597	AAAGGTTAGCTTAGTA-1	286
GSM6339597	AAATCCGGTAGCTGGT-1	135
GSM6339597	AAATCCGGTCATTGTC-1	500
GSM6339597	AAATCCGGTGAATCGC-1	304
GSM6339597	AAATCCGGTGGACCTG-1	216
GSM6339597	AAATCCGGTTTGCGCC-1	141
GSM6339597	AAATGCCTCAAACACC-1	307
GSM6339597	AAATGCCTCAAGCCTG-1	126
GSM6339597	AAATGCCTCAGTATTG-1	6
GSM6339597	AAATGCCTCCCGTTTA-1	175
GSM6339597	AAATGGCCAGGTTATT-1	211
GSM6339597	AAATGGCCATCGCTTT-1	111
GSM6339597	AAATGGCCATCTAGCA-1	181
GSM6339597	AAATGGCCATGCAACC-1	167
GSM6339597	AACAAAGGTAGCCTAA-1	9
GSM6339597	AACAAAGGTGGTTCCC-1	20
GSM6339597	AACAAAGGTTAGTTGG-1	27
GSM6339597	AACAAAGGTTTATCGC-1	174
GSM6339597	AACAAGCCAGCCTGCA-1	239
GSM6339597	AACAAGCCAGCTAATT-1	15
GSM6339597	AACAAGCCATTGTCCT-1	198
GSM6339597	AACAGATAGTGAAGTG-1	30
GSM6339597	AACAGCAAGATAACCC-1	106
GSM6339597	AACAGCAAGCCTGACA-1	144
GSM6339597	AACAGCAAGGCCTGGT-1	69
GSM6339597	AACAGGATCGCTTGCT-1	297
GSM6339597	AACAGGATCTTGATGA-1	54
GSM6339597	AACATAGCAATGAATG-1	353
GSM6339597	AACATAGCAGAAATTG-1	325
GSM6339597	AACATAGCATAGCGAG-1	135
GSM6339597	AACATAGCATATTGAC-1	236
GSM6339597	AACATAGCATGAGTTT-1	193
GSM6339597	AACATAGCATGGCCTG-1	70
GSM6339597	AACATAGCATTGACAT-1	260
GSM6339597	AACATCATCAGCACGC-1	26
GSM6339597	AACATCATCATGCCTC-1	26
GSM6339597	AACATCATCGCATCCT-1	29
GSM6339597	AACATCATCGCCTGTT-1	73
GSM6339597	AACATCATCGTCCTTA-1	13
GSM6339597	AACATTGTCAGGTTTA-1	11
GSM6339597	AACATTGTCATAACTG-1	38
GSM6339597	AACATTGTCATGAAGG-1	58
GSM6339597	AACATTGTCATGCATA-1	72
GSM6339597	AACATTGTCATTACGA-1	4
GSM6339597	AACATTGTCCGGTATG-1	161
GSM6339597	AACATTGTCGATCAGT-1	151
GSM6339597	AACATTGTCGCGCTAA-1	153
GSM6339597	AACATTGTCGGTAACT-1	43
GSM6339597	AACCCGCAGGCTTAGT-1	119
GSM6339597	AACCCGCAGTTGGATC-1	41
GSM6339597	AACCCGCAGTTTGCGG-1	215
GSM6339597	AACCGCTCAAAGGTAC-1	141
GSM6339597	AACCGCTCAACTAACT-1	422
GSM6339597	AACCGGCTCAAGCTAC-1	183
GSM6339597	AACCGGCTCACCATTT-1	171
GSM6339597	AACCGGCTCACTCAAA-1	200
GSM6339597	AACCGGCTCCATCAGG-1	218
GSM6339597	AACCGGCTCCGCCTAT-1	230
GSM6339597	AACCGGCTCCGGTATG-1	254
GSM6339597	AACCGGCTCTAAATCG-1	123
GSM6339597	AACCGGCTCTAACTGA-1	17
GSM6339597	AACCGGCTCTCCTCTT-1	98
GSM6339597	AACCTAATCAGGCCTA-1	248
GSM6339597	AACCTAATCCTCCATA-1	306
GSM6339597	AACCTAATCGTGCCTT-1	272
GSM6339597	AACCTAATCTGTGAGT-1	8
GSM6339597	AACCTCACAAACCCTA-1	154
GSM6339597	AACCTCACAGGGAGGA-1	228
GSM6339597	AACCTCACAGTAGGTG-1	165
GSM6339597	AACCTCCTCCTAATGA-1	150
GSM6339597	AACCTCCTCTCACTAT-1	154
GSM6339597	AACCTTAAGATACTTG-1	4
GSM6339597	AACCTTAAGCAGCTAT-1	31
GSM6339597	AACCTTAAGCTCAATA-1	145
GSM6339597	AACCTTAAGGGACTAA-1	223
GSM6339597	AACCTTGCAACTGGGA-1	87
GSM6339597	AACCTTGCACTAAGCC-1	29
GSM6339597	AACCTTGCAGGCTGTT-1	234
GSM6339597	AACCTTGCATAACGGG-1	81
GSM6339597	AACGACAAGAACCTGT-1	402
GSM6339597	AACGACAAGCGCTAAT-1	49
GSM6339597	AACGACAAGGTGAAAT-1	128
GSM6339597	AACGACAAGTCATTAG-1	68
GSM6339597	AACGACAAGTCGCTAG-1	124
GSM6339597	AACGACAAGTTGGCCA-1	56
GSM6339597	AACGCCCAGCTAATCA-1	112
GSM6339597	AACGCCCAGCTATATG-1	87
GSM6339597	AACGCCCAGTAGCGGG-1	125
GSM6339597	AACGCCCAGTTGCCTC-1	5
GSM6339597	AACGCTAGTAGTAAGA-1	28
GSM6339597	AACGCTAGTCACACCC-1	140
GSM6339597	AACGCTAGTCCCGGAA-1	24
GSM6339597	AACGCTAGTGAGGTAG-1	113
GSM6339597	AACGGTAAGCCGCAAC-1	169
GSM6339597	AACGGTAAGTTAGCCG-1	74
GSM6339597	AACTACTCAACGTGCT-1	103
GSM6339597	AACTAGCTCAAAGGCA-1	208
GSM6339597	AACTAGCTCAAGCGCC-1	193
GSM6339597	AACTAGCTCACGCCAA-1	198
GSM6339597	AACTAGCTCATCCACC-1	248
GSM6339597	AACTAGCTCCACCCTG-1	127
GSM6339597	AACTAGCTCTAATCAG-1	7
GSM6339597	AACTAGTGTACAATGT-1	172
GSM6339597	AACTAGTGTAGCCATA-1	206
GSM6339597	AACTAGTGTTACTAGG-1	57
GSM6339597	AACTAGTGTTTATTCG-1	106
GSM6339597	AACTCACAGAATCTCA-1	275
GSM6339597	AACTGTTCAGGAATCG-1	355
GSM6339597	AACTGTTCAGGATAAC-1	75
GSM6339597	AACTGTTCATATTGAC-1	41
GSM6339597	AACTGTTCATCGCTTT-1	27
GSM6339597	AACTTAGTCCAAACAC-1	9
GSM6339597	AACTTAGTCCCGTTGT-1	272
GSM6339597	AACTTAGTCGTGCCTT-1	412
GSM6339597	AAGAACAGTCCTAAGA-1	250
GSM6339597	AAGAACAGTGATTTGG-1	12
GSM6339597	AAGAACAGTTAGAGCC-1	56
GSM6339597	AAGAACAGTTGCCTCA-1	29
GSM6339597	AAGAATCAGCTGAGGG-1	278
GSM6339597	AAGAATCAGTAACGGA-1	70
GSM6339597	AAGAATCAGTCATTTC-1	217
GSM6339597	AAGAATCAGTTTAACG-1	79
GSM6339597	AAGACAAGTACTTCAC-1	46
GSM6339597	AAGACAAGTGTGTGGT-1	62
GSM6339597	AAGACATAGGCTAATC-1	213
GSM6339597	AAGACATAGTTATGTG-1	419
GSM6339597	AAGACCAAGCTGTACG-1	20
GSM6339597	AAGACCAAGCTTGCTC-1	143
GSM6339597	AAGACCAAGGCTAGAA-1	94
GSM6339597	AAGACCAAGTTAGTGC-1	60
GSM6339597	AAGCAAGTCAATCTCT-1	103
GSM6339597	AAGCAAGTCAATTACG-1	456
GSM6339597	AAGCAAGTCCACCCTG-1	173
GSM6339597	AAGCAAGTCCGGCTAA-1	137
GSM6339597	AAGCAAGTCGTTCACC-1	53
GSM6339597	AAGCAAGTCTTGCTAT-1	122
GSM6339597	AAGCATGAGGTACCGC-1	152
GSM6339597	AAGCATGAGTCATCCC-1	81
GSM6339597	AAGCATGAGTTGTCCC-1	218
GSM6339597	AAGCCACGTCCGTAGG-1	57
GSM6339597	AAGCCACGTGAAGCCT-1	225
GSM6339597	AAGCCACGTTTAACCC-1	131
GSM6339597	AAGCCTCCAAGGTGCA-1	162
GSM6339597	AAGCCTCCACTGGCCA-1	269
GSM6339597	AAGCCTCCATCCAGGT-1	138
GSM6339597	AAGCCTGTCATGAGCT-1	78
GSM6339597	AAGCCTGTCCTAATAG-1	212
GSM6339597	AAGCCTTAGACTTACA-1	141
GSM6339597	AAGCCTTAGAGGATAT-1	39
GSM6339597	AAGCGAATCATTTGTC-1	37
GSM6339597	AAGCGAATCGTTAGCG-1	293
GSM6339597	AAGCGAATCTGTGAGT-1	424
GSM6339597	AAGCGAGGTCAAGTAT-1	43
GSM6339597	AAGCGAGGTCACAAAT-1	92
GSM6339597	AAGCGAGGTTACAACG-1	54
GSM6339597	AAGCGAGGTTTAAAGC-1	205
GSM6339597	AAGCGAGGTTTACTTG-1	196
GSM6339597	AAGCGCTGTCACCTAT-1	254
GSM6339597	AAGCGCTGTGCAATGC-1	218
GSM6339597	AAGCGCTGTGTTAAAC-1	138
GSM6339597	AAGCGCTGTTGGTTAG-1	79
GSM6339597	AAGCGGGTCAAGTGTC-1	134
GSM6339597	AAGCGGGTCAATCTCT-1	152
GSM6339597	AAGCGGGTCAATGTGC-1	153
GSM6339597	AAGCGGGTCCCAGTAG-1	104
GSM6339597	AAGCGGGTCCTAAGGT-1	113
GSM6339597	AAGCGGGTCGTGCCTT-1	158
GSM6339597	AAGCGGGTCTCACAAA-1	129
GSM6339597	AAGCGGGTCTGGCATG-1	136
GSM6339597	AAGCGTTTCAACAAGG-1	168
GSM6339597	AAGCGTTTCAGTGAAG-1	174
GSM6339597	AAGCGTTTCCACCCTG-1	60
GSM6339597	AAGCGTTTCCGTAAAC-1	57
GSM6339597	AAGCTAGAGGCGCACT-1	218
GSM6339597	AAGCTAGAGGTCCTAG-1	128
GSM6339597	AAGCTATGTAGACAAA-1	476
GSM6339597	AAGCTATGTTAGTGAT-1	143
GSM6339597	AAGCTCCCAATTAAGG-1	112
GSM6339597	AAGCTCCCACCATATG-1	241
GSM6339597	AAGCTCCCAGCAAGGC-1	39
GSM6339597	AAGCTCCCAGCTCAAC-1	27
GSM6339597	AAGCTCCCATGTTGGC-1	164
GSM6339597	AAGCTTGGTCCCGAAG-1	82
GSM6339597	AAGCTTGGTGACATAT-1	31
GSM6339597	AAGCTTGGTGATTTGG-1	131
GSM6339597	AAGCTTGGTGTTTGTC-1	371
GSM6339597	AAGCTTGGTTGCCTCA-1	71
GSM6339597	AAGGAAGCAGCTTAAT-1	31
GSM6339597	AAGGATCCACTTGTTC-1	57
GSM6339597	AAGGATCCAGAAATGC-1	479
GSM6339597	AAGGATGTCCACCTTA-1	91
GSM6339597	AAGGATGTCCGGCTAA-1	167
GSM6339597	AAGGATGTCGTTATAG-1	259
GSM6339597	AAGGATGTCTCCTCAA-1	25
GSM6339597	AAGGATTAGATGGACA-1	639
GSM6339597	AAGGATTAGCCTCTCG-1	89
GSM6339597	AAGGATTAGCTGTCAG-1	168
GSM6339597	AAGGATTAGGCGCACT-1	6
GSM6339597	AAGGATTAGGCTCATG-1	11
GSM6339597	AAGGATTAGGTCCTGA-1	399
GSM6339597	AAGGATTAGTCACTAA-1	407
GSM6339597	AAGGCCCTCAAGTGTC-1	27
GSM6339597	AAGGCCCTCCCTCAGT-1	241
GSM6339597	AAGGCCCTCTGTGCAG-1	14
GSM6339597	AAGGCCCTCTTGATGA-1	92
GSM6339597	AAGGCCCTCTTGTTCG-1	232
GSM6339597	AAGGTATAGACACCGC-1	79
GSM6339597	AAGGTATAGAGAGGAG-1	184
GSM6339597	AAGGTATAGGTAACGA-1	304
GSM6339597	AAGGTATAGTGAACAG-1	199
GSM6339597	AAGGTATAGTTCCTGC-1	292
GSM6339597	AAGGTCAAGCATGCAT-1	176
GSM6339597	AAGGTCAAGCGATACT-1	45
GSM6339597	AAGGTCAAGCGGTTAT-1	142
GSM6339597	AAGGTCAAGGTCCTGA-1	294
GSM6339597	AAGGTGCAGGATCCGC-1	121
GSM6339597	AAGTAGCCACAATGCC-1	160
GSM6339597	AAGTAGCCACATAACT-1	135
GSM6339597	AAGTAGCCACGGTTTA-1	105
GSM6339597	AAGTAGCCAGACAAAC-1	227
GSM6339597	AAGTCTATCAGGCTAT-1	12
GSM6339597	AAGTCTATCATTCATC-1	10
GSM6339597	AAGTCTATCCCTGATC-1	131
GSM6339597	AAGTCTATCCCTGGAA-1	10
GSM6339597	AAGTCTATCGGTCAAT-1	427
GSM6339597	AAGTGAAGTAGCTAAT-1	14
GSM6339597	AAGTGAAGTCCGGTTC-1	140
GSM6339597	AAGTGAAGTCGTTACT-1	20
GSM6339597	AAGTGAAGTTAGCAGC-1	105
GSM6339597	AAGTGAAGTTAGGACC-1	358
GSM6339597	AAGTGAAGTTGTTGGA-1	93
GSM6339597	AAGTGCAAGAATGACG-1	232
GSM6339597	AAGTGCAAGCAATAGG-1	70
GSM6339597	AAGTGCAAGCACTAAC-1	484
GSM6339597	AAGTGCAAGCCGGTAC-1	181
GSM6339597	AAGTGCAAGGATCCGC-1	7
GSM6339597	AAGTGCAAGTTTGCGG-1	53
GSM6339597	AAGTGTTGTCCAAGAC-1	98
GSM6339597	AAGTGTTGTGATGAGG-1	130
GSM6339597	AAGTGTTGTGCGCAAT-1	176
GSM6339597	AAGTGTTGTTAAGCCA-1	351
GSM6339597	AAGTGTTGTTAGTTGG-1	227
GSM6339597	AAGTTACGTAAAGCAA-1	26
GSM6339597	AAGTTACGTACCCACC-1	18
GSM6339597	AAGTTACGTAGCTGGT-1	100
GSM6339597	AAGTTACGTGCATTTC-1	321
GSM6339597	AAGTTACGTGCTTAGA-1	73
GSM6339597	AAGTTACGTGGTTATG-1	72
GSM6339597	AAGTTACGTGTCCTGC-1	119
GSM6339597	AAGTTACGTTACAAAC-1	126
GSM6339597	AAGTTACGTTCCGGCT-1	100
GSM6339597	AAGTTACGTTGAAGCC-1	234
GSM6339597	AAGTTACGTTGCGGAT-1	185
GSM6339597	AAGTTAGCACATGCTA-1	93
GSM6339597	AAGTTAGCAGCTTAGC-1	195
GSM6339597	AAGTTAGCAGGAACTG-1	146
GSM6339597	AAGTTAGCATAATGTC-1	49
GSM6339597	AAGTTAGCATAGACCC-1	573
GSM6339597	AAGTTAGCATAGCTGC-1	51
GSM6339597	AAGTTAGCATGAAATG-1	225
GSM6339597	AAGTTAGCATGAGTTT-1	344
GSM6339597	AAGTTTGTCATTGTCT-1	192
GSM6339597	AAGTTTGTCCCTCTAA-1	118
GSM6339597	AAGTTTGTCGCCTGTT-1	56
GSM6339597	AAGTTTGTCGGTCAGC-1	120
GSM6339597	AATACCGGTCAAGTAT-1	63
GSM6339597	AATACCGGTCCCGGAA-1	243
GSM6339597	AATACCGGTGAGGTGA-1	513
GSM6339597	AATACCGGTGATGGCT-1	21
GSM6339597	AATACCGGTGCGCGTA-1	136
GSM6339597	AATACCGGTTGTCATC-1	11
GSM6339597	AATACCGGTTTAGCTC-1	33
GSM6339597	AATAGAGGTAACTACG-1	289
GSM6339597	AATAGAGGTTCGGTAA-1	68
GSM6339597	AATAGCTGTAACCACA-1	296
GSM6339597	AATAGCTGTAACGTGC-1	127
GSM6339597	AATAGCTGTGACATAT-1	43
GSM6339597	AATAGCTGTGCTTTAC-1	207
GSM6339597	AATAGCTGTGGACCTG-1	254
GSM6339597	AATAGCTGTGTCCAAA-1	172
GSM6339597	AATAGCTGTTAACGGC-1	168
GSM6339597	AATAGCTGTTTACGTC-1	198
GSM6339597	AATATCCCAAACGCGA-1	161
GSM6339597	AATATCCCAGCACGTT-1	118
GSM6339597	AATATCCCAGCATGGA-1	19
GSM6339597	AATATCCCAGGCTACT-1	390
GSM6339597	AATCAGGAGACAGGCG-1	290
GSM6339597	AATCAGGAGCATGGTT-1	166
GSM6339597	AATCAGGAGCATGTTA-1	102
GSM6339597	AATCAGGAGCCTGTGA-1	320
GSM6339597	AATCAGGAGCTGGCTA-1	129
GSM6339597	AATCAGGAGGATTTGC-1	6
GSM6339597	AATCAGGAGGTTAGCT-1	151
GSM6339597	AATCAGGAGTAGGCGG-1	101
GSM6339597	AATCATCCAAACCTTG-1	182
GSM6339597	AATCATCCACCTATAG-1	287
GSM6339597	AATCATCCAGCAGGTA-1	96
GSM6339597	AATCATCCAGTGAACG-1	169
GSM6339597	AATCATCCAGTTATCG-1	109
GSM6339597	AATCATCCATAATCGT-1	52
GSM6339597	AATCATCCATTAGGTT-1	40
GSM6339597	AATCATGTCACAAGCT-1	50
GSM6339597	AATCATGTCACGCCAA-1	113
GSM6339597	AATCATGTCCCATAAA-1	208
GSM6339597	AATCATGTCGGTAACT-1	132
GSM6339597	AATCATGTCTTGCTAT-1	295
GSM6339597	AATCCATCAAAGCTCC-1	19
GSM6339597	AATCCATCAAATGCCC-1	419
GSM6339597	AATCCATCAACTAGGG-1	400
GSM6339597	AATCCATCAATAGCAA-1	141
GSM6339597	AATCCATCAGGCCTTG-1	52
GSM6339597	AATCCCTGTAAGCTCA-1	79
GSM6339597	AATCCCTGTATTGAGT-1	408
GSM6339597	AATCCCTGTGCCTCAC-1	70
GSM6339597	AATCCCTGTTTAAAGC-1	320
GSM6339597	AATCCCTGTTTAGCGA-1	160
GSM6339597	AATCCGTAGAGCAAGC-1	22
GSM6339597	AATCCGTAGGCCGGAA-1	233
GSM6339597	AATCCGTAGGGACTAA-1	103
GSM6339597	AATCCGTAGGTTTGAC-1	241
GSM6339597	AATCCGTAGTAACCAC-1	45
GSM6339597	AATCCGTAGTAGCGGG-1	22
GSM6339597	AATCCTAAGGTCAAAG-1	37
GSM6339597	AATCCTAAGTAAGGGC-1	40
GSM6339597	AATCCTAAGTAAGTGG-1	66
GSM6339597	AATCGCCCAAACGGGC-1	165
GSM6339597	AATCGCCCAGGCATCT-1	102
GSM6339597	AATCGCCCAGGCGATA-1	71
GSM6339597	AATCGCCCATAGCTTG-1	78
GSM6339597	AATCGCCCATTGGGAG-1	54
GSM6339597	AATCTCAAGCTTACTT-1	170
GSM6339597	AATCTCAAGGAGGTTA-1	132
GSM6339597	AATCTCAAGGCTGGCT-1	178
GSM6339597	AATCTCAAGTCACGAT-1	149
GSM6339597	AATCTCAAGTGAGCAA-1	753
GSM6339597	AATCTTGAGAGGAGGA-1	44
GSM6339597	AATCTTGAGCCTGGTA-1	241
GSM6339597	AATCTTGAGTCACTAA-1	98
GSM6339597	AATCTTGAGTCTTGAA-1	70
GSM6339597	AATGAAGGTAGTTGGC-1	81
GSM6339597	AATGAAGGTGCATCGG-1	65
GSM6339597	AATGAAGGTTGGTTAG-1	130
GSM6339597	AATGCAACATAAACCT-1	173
GSM6339597	AATGCAACATCGCTCC-1	25
GSM6339597	AATGCATGTGCATTTC-1	120
GSM6339597	AATGCATGTGCCTCAC-1	62
GSM6339597	AATGCATGTTGTTCAC-1	30
GSM6339597	AATGCGCGTAAAGCAA-1	13
GSM6339597	AATGCGCGTGAAACAA-1	225
GSM6339597	AATGCGCGTGCTAGCG-1	134
GSM6339597	AATGCGCGTTGTAAAC-1	148
GSM6339597	AATGGCGCAACAGCCT-1	46
GSM6339597	AATGGCGCAAGGAATC-1	45
GSM6339597	AATGGCGCACGGTTTA-1	186
GSM6339597	AATGGCGCACTTAGGC-1	10
GSM6339597	AATGTCATCGGTCATG-1	15
GSM6339597	AATGTCATCTCAATTC-1	57
GSM6339597	AATGTCCAGCCTCTCG-1	324
GSM6339597	AATGTCCAGCCTTAAA-1	119
GSM6339597	AATGTCCAGCTGTACG-1	133
GSM6339597	AATGTCCAGTAAGTCC-1	11
GSM6339597	AATGTCCAGTGACCTG-1	130
GSM6339597	AATGTCCAGTTAGTGC-1	67
GSM6339597	AATGTCCAGTTGTCTT-1	132
GSM6339597	AATTACCCACAAAGAC-1	199
GSM6339597	AATTACCCACCTGGTG-1	126
GSM6339597	AATTACCCAGGTCCTG-1	212
GSM6339597	AATTAGCGTAATCACG-1	38
GSM6339597	AATTAGCGTAATGACT-1	294
GSM6339597	AATTAGCGTAGCCATA-1	144
GSM6339597	AATTAGCGTTGAGCCG-1	188
GSM6339597	AATTAGGCAATTGACT-1	82
GSM6339597	AATTAGGCACGAATTT-1	24
GSM6339597	AATTCGTCAATATACC-1	194
GSM6339597	AATTCGTCAATTAGCT-1	35
GSM6339597	AATTCGTCACCTCGCT-1	71
GSM6339597	AATTCGTCACTTCACT-1	183
GSM6339597	AATTCGTCATCGTTCT-1	271
GSM6339597	AATTGACGTCCAAATG-1	5
GSM6339597	AATTGACGTCGTTATC-1	19
GSM6339597	AATTGACGTGTAATAC-1	303
GSM6339597	AATTGACGTGTCACGG-1	260
GSM6339597	AATTGACGTTCCAGGG-1	75
GSM6339597	AATTGACGTTGTCCAT-1	17
GSM6339597	AATTGCCAGCACAGCC-1	107
GSM6339597	AATTGCCAGCAGGTTT-1	15
GSM6339597	AATTGCCAGCCTGGTA-1	78
GSM6339597	AATTGCCAGCGCCTTT-1	261
GSM6339597	AATTGCCAGGACCTTG-1	106
GSM6339597	AATTGCTCAATGCCTA-1	225
GSM6339597	AATTGGACAACTAACT-1	465
GSM6339597	AATTGGACAATAACGA-1	85
GSM6339597	AATTGGACATAACGGG-1	204
GSM6339597	AATTGGACATTGTGAT-1	86
GSM6339597	AATTGGGAGGACAATG-1	77
GSM6339597	AATTGGGAGGGTCCAC-1	179
GSM6339597	AATTGGGAGGTGCGGA-1	32
GSM6339597	AATTGGGAGTGAGAGC-1	322
GSM6339597	AATTGGGAGTTAGTGC-1	84
GSM6339597	AATTGTGTCATGCTTT-1	66
GSM6339597	AATTGTGTCATTGTTC-1	730
GSM6339597	AATTGTGTCCAAACAC-1	146
GSM6339597	AATTGTGTCCTTTACG-1	37
GSM6339597	AATTTCCTCCAAGTGT-1	93
GSM6339597	AATTTCCTCCCTGTTA-1	200
GSM6339597	AATTTCCTCGGGCCAT-1	404
GSM6339597	AATTTGCCAAGCCAGA-1	739
GSM6339597	AATTTGGTCGCTCACT-1	58
GSM6339597	AATTTGGTCGTACCGA-1	327
GSM6339597	AATTTGGTCGTTATAG-1	309
GSM6339597	ACAAACTGTAATAGCT-1	410
GSM6339597	ACAAACTGTTAGCTGA-1	74
GSM6339597	ACAAACTGTTTATGGG-1	47
GSM6339597	ACAAAGGTCATGCATA-1	144
GSM6339597	ACAAAGGTCCTCACTA-1	218
GSM6339597	ACAACAACACCTGCTC-1	120
GSM6339597	ACAACAACAGTTATCG-1	414
GSM6339597	ACAACACTCAGGCTAT-1	70
GSM6339597	ACAACACTCGTGCCTT-1	142
GSM6339597	ACAACACTCTAACTGA-1	67
GSM6339597	ACAACAGAGAGGATAT-1	107
GSM6339597	ACAACAGAGATACTTG-1	14
GSM6339597	ACAACAGAGCAAGACA-1	409
GSM6339597	ACAACAGAGCTGTCAG-1	47
GSM6339597	ACAACAGAGGCATTAC-1	161
GSM6339597	ACAACATGTAGCCTCC-1	14
GSM6339597	ACAACATGTGGGTACT-1	33
GSM6339597	ACAACATGTTGAAGCC-1	15
GSM6339597	ACAACATGTTGCACGG-1	90
GSM6339597	ACACAATGTAATGACT-1	319
GSM6339597	ACACAATGTGAAGCCT-1	36
GSM6339597	ACACAATGTTTACTTG-1	120
GSM6339597	ACACCTTGTAAGCACC-1	143
GSM6339597	ACACCTTGTGAAACAA-1	347
GSM6339597	ACACCTTGTGATTACG-1	141
GSM6339597	ACACCTTGTTTAAAGC-1	366
GSM6339597	ACACGGACAAGCTTAT-1	17
GSM6339597	ACACGGACACCTGCCT-1	300
GSM6339597	ACACGGACATTGTTGG-1	20
GSM6339597	ACACTAATCAAGCTTA-1	107
GSM6339597	ACACTAATCCATCAGG-1	86
GSM6339597	ACACTAGGTGTGTCCC-1	345
GSM6339597	ACACTTAAGCTGTACG-1	213
GSM6339597	ACACTTAAGGCAATAG-1	31
GSM6339597	ACACTTAAGGCCATCA-1	435
GSM6339597	ACACTTAAGTGAAGTG-1	23
GSM6339597	ACACTTGCAAACTGTT-1	178
GSM6339597	ACACTTGCAGGCCAAA-1	458
GSM6339597	ACACTTGCAGGTTCAC-1	239
GSM6339597	ACACTTGCATCGTTCT-1	110
GSM6339597	ACAGCCGGTCATGAGC-1	124
GSM6339597	ACAGCGCTCAGAAACG-1	113
GSM6339597	ACAGCGCTCTAATCCT-1	223
GSM6339597	ACAGGAATCCTAGTTT-1	521
GSM6339597	ACAGGAATCCTTCGTA-1	51
GSM6339597	ACAGGAATCGGTCATG-1	79
GSM6339597	ACAGGATCAACAGGTG-1	213
GSM6339597	ACAGGATCATTAGGTT-1	244
GSM6339597	ACAGGATCATTTAAGC-1	93
GSM6339597	ACAGGCTGTATTTGCC-1	80
GSM6339597	ACAGGCTGTCCAAATG-1	15
GSM6339597	ACAGGCTGTGATGGCT-1	246
GSM6339597	ACAGGCTGTGCATTTC-1	179
GSM6339597	ACAGGCTGTGCTTAGA-1	12
GSM6339597	ACAGGCTGTTAACAGT-1	426
GSM6339597	ACAGGTAAGCTGTACG-1	367
GSM6339597	ACAGTATGTAGCCTCC-1	153
GSM6339597	ACAGTATGTTACTTCA-1	120
GSM6339597	ACAGTATGTTCTTTAG-1	109
GSM6339597	ACATAGCTCAATCATG-1	37
GSM6339597	ACATAGCTCATGACCG-1	447
GSM6339597	ACATCAATCACAGGAA-1	93
GSM6339597	ACATCAATCCGCATGA-1	90
GSM6339597	ACATCAATCGATCAGT-1	84
GSM6339597	ACATCATCAAACGGGC-1	173
GSM6339597	ACATCATCAAGGACCA-1	361
GSM6339597	ACATCATCAGGAAGCC-1	67
GSM6339597	ACATCATCATGCAACC-1	206
GSM6339597	ACATCATCATGCTCCC-1	55
GSM6339597	ACATCATCATTAAAGG-1	59
GSM6339597	ACATTAGTCCCTGGAA-1	117
GSM6339597	ACATTAGTCCTCCCTC-1	41
GSM6339597	ACATTAGTCCTTTACG-1	567
GSM6339597	ACATTAGTCGCTAGTG-1	202
GSM6339597	ACATTAGTCTCGCCTG-1	205
GSM6339597	ACATTGCAGCGATAAG-1	211
GSM6339597	ACATTGCAGCTGTCAG-1	335
GSM6339597	ACATTGCAGGCGCTTA-1	26
GSM6339597	ACATTGCAGGGTGAAC-1	51
GSM6339597	ACCAAACTCCGGTATG-1	30
GSM6339597	ACCAAACTCTAAATCG-1	84
GSM6339597	ACCAAACTCTCCATAT-1	13
GSM6339597	ACCAAGCGTATTGTGG-1	110
GSM6339597	ACCAAGCGTTAAATGC-1	20
GSM6339597	ACCAAGCGTTTGAGCA-1	214
GSM6339597	ACCAAGCGTTTGTGGA-1	166
GSM6339597	ACCAAGTTCAATGTGC-1	150
GSM6339597	ACCAAGTTCATAACCA-1	60
GSM6339597	ACCAAGTTCATAACGC-1	16
GSM6339597	ACCAAGTTCATGAAGG-1	175
GSM6339597	ACCAAGTTCCCGTTAC-1	203
GSM6339597	ACCAAGTTCCTAGTTT-1	311
GSM6339597	ACCAAGTTCTCAATGA-1	179
GSM6339597	ACCAAGTTCTCACATT-1	251
GSM6339597	ACCAATATCACTAATG-1	31
GSM6339597	ACCAATATCAGCATTA-1	208
GSM6339597	ACCAATATCATAGCCG-1	137
GSM6339597	ACCAATATCATGCTAA-1	32
GSM6339597	ACCAATATCATTACAG-1	33
GSM6339597	ACCAATATCCACCCTG-1	66
GSM6339597	ACCAATATCCCTGATC-1	90
GSM6339597	ACCAATATCGAGGTGG-1	114
GSM6339597	ACCACACCAACTAACT-1	367
GSM6339597	ACCACACCACCACAAC-1	43
GSM6339597	ACCACACCACCAGCAT-1	213
GSM6339597	ACCACACCAGGCTTCG-1	86
GSM6339597	ACCACATAGCAAGGAC-1	292
GSM6339597	ACCACATAGGCATTAC-1	46
GSM6339597	ACCACATAGGTAAGGC-1	58
GSM6339597	ACCACATAGTATCGCG-1	106
GSM6339597	ACCACATAGTGAGCAA-1	106
GSM6339597	ACCAGCTCAAGCTAAA-1	191
GSM6339597	ACCAGCTCACAAAGAC-1	71
GSM6339597	ACCAGCTCACATAACT-1	142
GSM6339597	ACCAGCTCATGCTTAG-1	197
GSM6339597	ACCAGCTCATTAAAGG-1	225
GSM6339597	ACCAGGACAAGCCAGA-1	18
GSM6339597	ACCAGGACAATAGTCT-1	285
GSM6339597	ACCAGGACAGGACCAA-1	123
GSM6339597	ACCAGGACATGGTTAT-1	115
GSM6339597	ACCAGGCTCAGCTAAC-1	148
GSM6339597	ACCAGGCTCCCGCATT-1	106
GSM6339597	ACCAGGCTCCCGTTTA-1	76
GSM6339597	ACCAGGCTCCCTCAAC-1	231
GSM6339597	ACCAGGCTCCCTCGCA-1	103
GSM6339597	ACCAGGCTCCTGTTCA-1	106
GSM6339597	ACCAGGCTCTAGCTTT-1	50
GSM6339597	ACCAGGGAGCATGACT-1	90
GSM6339597	ACCAGGGAGCTTCTCA-1	250
GSM6339597	ACCAGGGAGGCAAGTA-1	321
GSM6339597	ACCAGGGAGGCACAGG-1	222
GSM6339597	ACCAGGGAGGCCAATT-1	88
GSM6339597	ACCAGGGAGGCGCACT-1	28
GSM6339597	ACCAGGGAGGGTCTAT-1	233
GSM6339597	ACCAGGGAGTCAGGCC-1	122
GSM6339597	ACCATAATCATTTGCT-1	254
GSM6339597	ACCATAATCCTGGCTT-1	187
GSM6339597	ACCATAATCGGTTAGT-1	249
GSM6339597	ACCATTAAGAAGCTAG-1	75
GSM6339597	ACCATTAAGGAACGCG-1	35
GSM6339597	ACCATTAAGGAAGCTA-1	11
GSM6339597	ACCATTAAGGCCTAAT-1	52
GSM6339597	ACCATTAAGTCATTAG-1	102
GSM6339597	ACCCAACCACAGAAAC-1	226
GSM6339597	ACCCAACCAGCCTGCA-1	81
GSM6339597	ACCCAACCATTAGCGC-1	34
GSM6339597	ACCCAGGGTTACTAGG-1	144
GSM6339597	ACCCAGGGTTAGGCGT-1	175
GSM6339597	ACCCGCTGTGAATCGC-1	139
GSM6339597	ACCCGCTGTGCATCGG-1	12
GSM6339597	ACCCGCTGTGGACATC-1	13
GSM6339597	ACCCGCTGTTATAGCG-1	69
GSM6339597	ACCCGGTAGCCTGGTA-1	109
GSM6339597	ACCCGGTAGGGCCACT-1	45
GSM6339597	ACCCGGTAGTTCCCAC-1	95
GSM6339597	ACCCGTAAGGAAGCTA-1	71
GSM6339597	ACCCGTAAGGCGGATG-1	156
GSM6339597	ACCCGTAAGGGTCTAT-1	195
GSM6339597	ACCCGTAAGTCACGAT-1	22
GSM6339597	ACCCTCCCAAAGCTAA-1	64
GSM6339597	ACCCTCCCAGTGAACG-1	166
GSM6339597	ACCCTGTTCAGGAACA-1	161
GSM6339597	ACCCTGTTCCTTAGTT-1	247
GSM6339597	ACCCTGTTCTTGCTAT-1	270
GSM6339597	ACCGAAGCAATCATGT-1	233
GSM6339597	ACCGAAGCACCTAATG-1	515
GSM6339597	ACCGAAGCAGCTTACA-1	451
GSM6339597	ACCGAAGCAGGCATGA-1	70
GSM6339597	ACCGAAGCATGCATAT-1	200
GSM6339597	ACCGCAATCATGCTTT-1	36
GSM6339597	ACCGCAATCATTGCGG-1	151
GSM6339597	ACCGCAATCCCGCATT-1	235
GSM6339597	ACCGCAATCGGTTTCC-1	243
GSM6339597	ACCGGCTAGGCAACAA-1	46
GSM6339597	ACCGGCTAGTAGAGGC-1	29
GSM6339597	ACCTAAATCAGCAAAG-1	178
GSM6339597	ACCTAAATCCTACCTA-1	67
GSM6339597	ACCTAAGGTAATCACG-1	7
GSM6339597	ACCTAAGGTATGGTGC-1	299
GSM6339597	ACCTAAGGTCACTCGC-1	12
GSM6339597	ACCTAAGGTGGTGAGA-1	105
GSM6339597	ACCTAAGGTTCACCCA-1	319
GSM6339597	ACCTAAGGTTGTGATG-1	144
GSM6339597	ACCTACCTCCGCAACA-1	117
GSM6339597	ACCTACCTCTTGACCC-1	54
GSM6339597	ACCTCACTCATGTCAA-1	104
GSM6339597	ACCTCACTCCCTGATC-1	191
GSM6339597	ACCTGGATCAGGGCCT-1	170
GSM6339597	ACCTGGATCCGCAAGC-1	313
GSM6339597	ACCTGGATCTGTGCAG-1	27
GSM6339597	ACCTGGATCTTTGAGA-1	291
GSM6339597	ACCTGGTCAACTAGCC-1	99
GSM6339597	ACCTGGTCAATAATCC-1	79
GSM6339597	ACCTGGTCACCAGGTT-1	14
GSM6339597	ACCTGGTCAGGAAGCC-1	74
GSM6339597	ACCTGGTCATGAATAG-1	147
GSM6339597	ACCTGGTCATTTGCTC-1	95
GSM6339597	ACCTGTTGTTGTTGTC-1	127
GSM6339597	ACCTTCATCATAGCCG-1	212
GSM6339597	ACCTTCATCATGCAAC-1	113
GSM6339597	ACCTTCATCCGCTAGA-1	181
GSM6339597	ACCTTCATCCTCGATC-1	270
GSM6339597	ACCTTCATCCTGCGAA-1	16
GSM6339597	ACCTTCATCGCCTAAG-1	60
GSM6339597	ACCTTCCAGGAAGCAC-1	256
GSM6339597	ACCTTCCAGGACCTGC-1	162
GSM6339597	ACCTTGCTCAGGTCCA-1	109
GSM6339597	ACCTTGCTCCGCAAGC-1	267
GSM6339597	ACCTTGCTCGCTTGCT-1	368
GSM6339597	ACCTTGTGTAATGGAA-1	14
GSM6339597	ACCTTGTGTATTTGCC-1	154
GSM6339597	ACGAACAAGTCACCTC-1	26
GSM6339597	ACGAACAAGTCATTTC-1	284
GSM6339597	ACGAACAAGTTGCGTG-1	61
GSM6339597	ACGAAGTCAAACATAG-1	54
GSM6339597	ACGAAGTCAAGCTTAT-1	30
GSM6339597	ACGAAGTCAATACTGT-1	139
GSM6339597	ACGAAGTCATCCTGAA-1	107
GSM6339597	ACGAATCTCATGCTCC-1	66
GSM6339597	ACGAATCTCCCAGTAG-1	111
GSM6339597	ACGAATCTCCCGAACA-1	142
GSM6339597	ACGAATCTCGGTCAGC-1	126
GSM6339597	ACGAATCTCTAAGTGC-1	121
GSM6339597	ACGAATCTCTTGAGGT-1	180
GSM6339597	ACGACAAAGAAACTGG-1	182
GSM6339597	ACGACAAAGCATGGTT-1	246
GSM6339597	ACGACAAAGGATTGCT-1	59
GSM6339597	ACGACAAAGGCATGAA-1	157
GSM6339597	ACGACAAAGGTCGAGG-1	278
GSM6339597	ACGACAAAGTAGCTTA-1	216
GSM6339597	ACGACAAAGTTAGACC-1	88
GSM6339597	ACGACAAAGTTTAACG-1	176
GSM6339597	ACGACTTAGAATGACG-1	45
GSM6339597	ACGACTTAGACAACGA-1	211
GSM6339597	ACGACTTAGAGGGACT-1	63
GSM6339597	ACGACTTAGCCGCAGT-1	224
GSM6339597	ACGACTTAGGTGTTAC-1	120
GSM6339597	ACGACTTAGTGTGATC-1	147
GSM6339597	ACGACTTAGTTATGGC-1	106
GSM6339597	ACGAGTAAGCAGCTCA-1	61
GSM6339597	ACGAGTAAGCCTCTCG-1	140
GSM6339597	ACGAGTAAGGACTTAC-1	151
GSM6339597	ACGAGTAAGGCGCATC-1	14
GSM6339597	ACGAGTAAGGGTGGAT-1	241
GSM6339597	ACGATTCAGCAAGGAC-1	83
GSM6339597	ACGATTCAGCACGATT-1	153
GSM6339597	ACGATTCAGCGATACT-1	216
GSM6339597	ACGATTCAGTAAAGGT-1	128
GSM6339597	ACGATTCAGTTAGTTG-1	22
GSM6339597	ACGCAAGCAAAGCCTC-1	53
GSM6339597	ACGCAAGCAACCTGGT-1	72
GSM6339597	ACGCAAGCACCACAAC-1	208
GSM6339597	ACGCAAGCATAAGTCT-1	285
GSM6339597	ACGCAAGCATAATTGC-1	130
GSM6339597	ACGCAAGCATACCCGG-1	191
GSM6339597	ACGCACGGTAGTAAGA-1	81
GSM6339597	ACGCACGGTATTCGCT-1	326
GSM6339597	ACGCACGGTCACCTAT-1	172
GSM6339597	ACGCACGGTCATCAAG-1	34
GSM6339597	ACGCACGGTGAAACAA-1	15
GSM6339597	ACGCACGGTGAACAAA-1	20
GSM6339597	ACGCACGGTGCTAGAC-1	18
GSM6339597	ACGCACGGTTTGTCTA-1	140
GSM6339597	ACGCCACAGCACAGCC-1	82
GSM6339597	ACGCCACAGCCATCAG-1	189
GSM6339597	ACGCCTAAGGCATTAC-1	219
GSM6339597	ACGCCTTTCCTTGAGG-1	561
GSM6339597	ACGCCTTTCGCTAGCA-1	111
GSM6339597	ACGCTTGAGAGAGCCG-1	421
GSM6339597	ACGCTTGAGCAATAGG-1	182
GSM6339597	ACGCTTGAGCTCATAA-1	118
GSM6339597	ACGCTTGAGCTGCACA-1	156
GSM6339597	ACGCTTGAGGCCATCA-1	13
GSM6339597	ACGCTTGAGTAACCAC-1	224
GSM6339597	ACGGGAAGTTTAGTCC-1	160
GSM6339597	ACGGTACGTTAAGGTT-1	58
GSM6339597	ACGGTACGTTGTTGTC-1	239
GSM6339597	ACGGTTAGTAATCGCA-1	122
GSM6339597	ACGGTTAGTCCTAACT-1	272
GSM6339597	ACGGTTTAGCCTGTTC-1	20
GSM6339597	ACGGTTTAGTCATCCC-1	6
GSM6339597	ACGGTTTAGTTTCCGC-1	67
GSM6339597	ACGTACCCAAACAACA-1	141
GSM6339597	ACGTACCCAAGCCAGA-1	48
GSM6339597	ACGTACCCAATAAGCA-1	102
GSM6339597	ACGTACCCACCCACCT-1	93
GSM6339597	ACGTACCCACGTTACA-1	74
GSM6339597	ACGTACCCACTAGGTC-1	81
GSM6339597	ACGTACCCAGCCGCTA-1	180
GSM6339597	ACGTACCCATAACGGG-1	124
GSM6339597	ACGTACCCATCCTAGA-1	82
GSM6339597	ACGTCAAGTAACAGGG-1	98
GSM6339597	ACGTCAAGTGAGGTGA-1	98
GSM6339597	ACGTCAAGTGGCTTCC-1	148
GSM6339597	ACGTCAAGTGGTGAGA-1	19
GSM6339597	ACGTCAAGTTAGCCAA-1	263
GSM6339597	ACGTCAAGTTCCGGGA-1	76
GSM6339597	ACGTCCAAGACCATAC-1	89
GSM6339597	ACGTCCAAGCGCAATT-1	184
GSM6339597	ACGTCCAAGGAACCGG-1	166
GSM6339597	ACGTCCAAGGGACGCA-1	97
GSM6339597	ACGTCCAAGTTGGGCC-1	78
GSM6339597	ACGTCCTTCCGGTATG-1	52
GSM6339597	ACGTCCTTCTGTAAGC-1	71
GSM6339597	ACGTCCTTCTTTGTAC-1	283
GSM6339597	ACGTTACAGGCTTAGT-1	32
GSM6339597	ACGTTACAGTTAGTGC-1	226
GSM6339597	ACGTTGTAGCAAGGTA-1	18
GSM6339597	ACGTTGTAGGCACAGG-1	54
GSM6339597	ACTAAAGCAAGCTACC-1	18
GSM6339597	ACTAAAGCAATTTAGC-1	525
GSM6339597	ACTAACCAGAATCGCT-1	79
GSM6339597	ACTAACCAGCATTTCT-1	69
GSM6339597	ACTAACCAGCCTAACG-1	188
GSM6339597	ACTAACCAGGCTACAT-1	29
GSM6339597	ACTAACCAGTCTATGA-1	20
GSM6339597	ACTAACGGTCGCATAA-1	9
GSM6339597	ACTAACTCAAAGCGGC-1	553
GSM6339597	ACTAACTCAACATAAG-1	253
GSM6339597	ACTAACTCATAATGAG-1	3
GSM6339597	ACTAACTCATGGCCTG-1	177
GSM6339597	ACTAATCCAGTACCGT-1	59
GSM6339597	ACTAGGCGTATACTGG-1	182
GSM6339597	ACTAGGCGTTTATTCG-1	50
GSM6339597	ACTAGGCGTTTCCACG-1	5
GSM6339597	ACTATCCGTCAATACG-1	57
GSM6339597	ACTATCCGTGTGAGAG-1	85
GSM6339597	ACTATCCGTTCACTGT-1	118
GSM6339597	ACTATCCGTTGGCCGA-1	465
GSM6339597	ACTATGTCAACCTGGT-1	118
GSM6339597	ACTATGTCAGGAACTG-1	113
GSM6339597	ACTATGTCAGGCGATA-1	373
GSM6339597	ACTATGTCATGCTATG-1	53
GSM6339597	ACTCACCTCACAGACT-1	315
GSM6339597	ACTCACCTCATAACGC-1	14
GSM6339597	ACTCACCTCCAAATCA-1	59
GSM6339597	ACTCACTGTCGCGCAA-1	75
GSM6339597	ACTCACTGTGCTCACC-1	97
GSM6339597	ACTCAGTAGATAAAGC-1	150
GSM6339597	ACTCAGTAGTTAGAGG-1	61
GSM6339597	ACTCCTCAGAATCGCT-1	167
GSM6339597	ACTCCTCAGAGGCTAA-1	389
GSM6339597	ACTCCTCAGATTCCTT-1	5
GSM6339597	ACTCCTCAGCAGCTCA-1	23
GSM6339597	ACTCCTCAGTTAGCTA-1	151
GSM6339597	ACTCGCGCAAACTCAT-1	57
GSM6339597	ACTCGCGCAATTAACC-1	115
GSM6339597	ACTCGCGCACAGCCTG-1	99
GSM6339597	ACTCGCGCAGTACCGT-1	371
GSM6339597	ACTCGCGCAGTTATCG-1	77
GSM6339597	ACTCGCGCATGACTAT-1	134
GSM6339597	ACTCGCTTCATAACCA-1	109
GSM6339597	ACTCGCTTCATGCATA-1	112
GSM6339597	ACTCGCTTCCTCACTA-1	126
GSM6339597	ACTCGCTTCCTTAGGG-1	341
GSM6339597	ACTGAAACACCAGGTT-1	111
GSM6339597	ACTGAAACAGCCAGAA-1	84
GSM6339597	ACTGAATGTAACGGGA-1	168
GSM6339597	ACTGAATGTAACTACG-1	104
GSM6339597	ACTGAATGTCATAGAT-1	22
GSM6339597	ACTGAATGTGAGCAAG-1	86
GSM6339597	ACTGAATGTGCTAGAC-1	15
GSM6339597	ACTGAATGTGTTGCAA-1	448
GSM6339597	ACTGAATGTTAAGGTT-1	158
GSM6339597	ACTGAATGTTACATCC-1	293
GSM6339597	ACTGAATGTTAGCGTA-1	174
GSM6339597	ACTGAATGTTGTTCAC-1	254
GSM6339597	ACTGAATGTTTGAGGC-1	245
GSM6339597	ACTTACAAGAGAGCCG-1	194
GSM6339597	ACTTACAAGCTCCCTG-1	142
GSM6339597	ACTTACAAGGAACCGG-1	253
GSM6339597	ACTTACAAGGACCTCA-1	25
GSM6339597	ACTTACAAGGACCTTG-1	222
GSM6339597	ACTTACAAGGTCCACA-1	119
GSM6339597	ACTTACTTCAATCATG-1	94
GSM6339597	ACTTACTTCAATGAGG-1	47
GSM6339597	ACTTACTTCATCCTAT-1	159
GSM6339597	ACTTACTTCCGGTTAG-1	58
GSM6339597	ACTTACTTCCTTAGTT-1	167
GSM6339597	ACTTACTTCGCTCACT-1	127
GSM6339597	ACTTACTTCTAACCAA-1	75
GSM6339597	ACTTACTTCTTGATGA-1	6
GSM6339597	ACTTAGGGTCAGGCCA-1	18
GSM6339597	ACTTAGGGTCATAAGT-1	122
GSM6339597	ACTTAGGGTGACATGC-1	78
GSM6339597	ACTTAGGGTGTTTCAC-1	412
GSM6339597	ACTTAGTCAAGGACCA-1	130
GSM6339597	ACTTAGTCAATTGACT-1	163
GSM6339597	ACTTAGTCACATACTG-1	19
GSM6339597	ACTTAGTCACCGGTAT-1	20
GSM6339597	ACTTAGTCACTTAACG-1	95
GSM6339597	ACTTAGTCAGGACCAA-1	201
GSM6339597	ACTTAGTCATAATTGC-1	230
GSM6339597	ACTTAGTCATTAGCCA-1	119
GSM6339597	ACTTATCTCAATTGGC-1	119
GSM6339597	ACTTATCTCACAGCCA-1	71
GSM6339597	ACTTATCTCGTCATTT-1	59
GSM6339597	ACTTATCTCTCCTCTT-1	134
GSM6339597	ACTTATGAGCTGCACA-1	82
GSM6339597	ACTTATGAGTGCTGTG-1	84
GSM6339597	ACTTATGAGTTTCCGC-1	98
GSM6339597	ACTTCGCTCCAGGTTG-1	311
GSM6339597	ACTTCGCTCGCTAGTG-1	189
GSM6339597	ACTTGAATCCCTGTTA-1	293
GSM6339597	ACTTGAATCCGGTTGA-1	235
GSM6339597	ACTTGAATCCTGGTCT-1	91
GSM6339597	ACTTGAATCGACCTGA-1	107
GSM6339597	ACTTGAATCGGTTTCC-1	115
GSM6339597	ACTTGAATCTAGCGAT-1	359
GSM6339597	ACTTGCACAAACCTAT-1	355
GSM6339597	ACTTGCACACCACAAC-1	122
GSM6339597	ACTTGCACAGCAATAA-1	10
GSM6339597	ACTTGCACAGCCTTGG-1	82
GSM6339597	ACTTGCACAGTTTACG-1	159
GSM6339597	ACTTGTAAGCGCAATT-1	38
GSM6339597	ACTTGTAAGGTCGAGG-1	70
GSM6339597	ACTTGTAAGTCATTAG-1	60
GSM6339597	ACTTGTAAGTGAACCT-1	34
GSM6339597	ACTTGTCGTCGCATAA-1	25
GSM6339597	ACTTGTCGTTACAACG-1	117
GSM6339597	ACTTGTCGTTGGTTGA-1	36
GSM6339597	ACTTTGTTCATCCTCA-1	335
GSM6339597	ACTTTGTTCATTGACA-1	266
GSM6339597	ACTTTGTTCCGCACAA-1	11
GSM6339597	ACTTTGTTCGTTAAGC-1	102
GSM6339597	AGAAACCCATTGACAT-1	220
GSM6339597	AGAAACTAGCCTCTCG-1	148
GSM6339597	AGAAACTAGTCACGAT-1	99
GSM6339597	AGAAAGGCACGGTACT-1	211
GSM6339597	AGAAAGGCATGAGCAG-1	82
GSM6339597	AGAACAAGTAACCACA-1	130
GSM6339597	AGAACAAGTCCTCCAA-1	28
GSM6339597	AGAACAAGTTACTTCA-1	139
GSM6339597	AGAACAAGTTAGTGAT-1	216
GSM6339597	AGAACAAGTTTGGGCG-1	162
GSM6339597	AGAACCAAGGTTTGCG-1	445
GSM6339597	AGAACCGCAAACATAG-1	74
GSM6339597	AGAACCGCACAACAAA-1	114
GSM6339597	AGAACCGCACTTAACG-1	149
GSM6339597	AGAAGGTGTAGCTAGC-1	108
GSM6339597	AGAAGGTGTCGACTAA-1	170
GSM6339597	AGAATCGAGCCTGAGC-1	70
GSM6339597	AGAATCGAGGAGGACT-1	134
GSM6339597	AGAATCGAGGAGTCTT-1	107
GSM6339597	AGAATCGAGGTACCGC-1	76
GSM6339597	AGAATCGAGGTGTTAC-1	100
GSM6339597	AGAATCGAGTCTTGAA-1	195
GSM6339597	AGAATCGAGTTATGGC-1	271
GSM6339597	AGAATCTGTCAAGTAT-1	47
GSM6339597	AGAATCTGTCAATACG-1	90
GSM6339597	AGAATCTGTCCAAGAC-1	61
GSM6339597	AGAATCTGTCTCAGCC-1	206
GSM6339597	AGAATCTGTGCCGCAA-1	625
GSM6339597	AGAATCTGTGGTGAGA-1	260
GSM6339597	AGAATCTGTTAGGATT-1	110
GSM6339597	AGACAATAGAGCAAGC-1	10
GSM6339597	AGACAATAGCACGATT-1	333
GSM6339597	AGACAATAGCAGGTTT-1	309
GSM6339597	AGACAATAGCGATAAG-1	438
GSM6339597	AGACAATAGCTTAGTA-1	145
GSM6339597	AGACAATAGGAACCAA-1	82
GSM6339597	AGACACGCAAACGCGA-1	128
GSM6339597	AGACACGCAATTGAGA-1	138
GSM6339597	AGACACGCACATGCTA-1	66
GSM6339597	AGACACGCAGAAATTG-1	65
GSM6339597	AGACACGCAGGCTTCG-1	104
GSM6339597	AGACACGCAGTTTGTG-1	194
GSM6339597	AGACCCGGTCATCCTG-1	214
GSM6339597	AGAGAAGCAGCAAGAT-1	10
GSM6339597	AGAGAAGCATGTCAAT-1	160
GSM6339597	AGAGAGGAGAGAGCCG-1	256
GSM6339597	AGAGAGGAGCAGGCCT-1	390
GSM6339597	AGAGAGGAGCCGCAAC-1	408
GSM6339597	AGAGAGGAGGATTGAG-1	184
GSM6339597	AGAGAGGAGGCTGTGC-1	83
GSM6339597	AGAGATTAGCCAGGTC-1	20
GSM6339597	AGAGATTAGCCAGTAT-1	93
GSM6339597	AGAGATTAGCTCCTAC-1	102
GSM6339597	AGAGATTAGCTTAGCG-1	89
GSM6339597	AGAGATTAGGCCCAGT-1	402
GSM6339597	AGAGATTAGGGCTTAT-1	184
GSM6339597	AGAGATTAGGTGCGGA-1	74
GSM6339597	AGAGATTAGTTTGAGC-1	193
GSM6339597	AGAGGAACAAACTGTT-1	54
GSM6339597	AGAGGAACAAGCGAGC-1	287
GSM6339597	AGAGGAACAAGTTATC-1	250
GSM6339597	AGAGGAACAATACTGT-1	188
GSM6339597	AGAGGAACACATAACT-1	93
GSM6339597	AGAGGAACACCCTCAC-1	115
GSM6339597	AGAGGAACAGTAAAGC-1	183
GSM6339597	AGAGGATGTAAACAAG-1	301
GSM6339597	AGATGAAGTAACGAGG-1	33
GSM6339597	AGATGAAGTATACTGG-1	313
GSM6339597	AGATGAAGTCATGCAA-1	86
GSM6339597	AGATGAAGTCCGGTTC-1	574
GSM6339597	AGATGAAGTGCGCATG-1	263
GSM6339597	AGATGAAGTGTGAGGA-1	48
GSM6339597	AGATGAAGTTAATCGG-1	44
GSM6339597	AGATGAAGTTAGGATT-1	104
GSM6339597	AGATGAAGTTGAGGTC-1	332
GSM6339597	AGATGCTTCACTAATG-1	24
GSM6339597	AGATGCTTCATCCTCA-1	213
GSM6339597	AGATGCTTCCGCTAGA-1	98
GSM6339597	AGATGCTTCCTAAGAC-1	566
GSM6339597	AGATGCTTCCTCCTAA-1	73
GSM6339597	AGATGCTTCCTTAGTT-1	134
GSM6339597	AGATGCTTCGTTCACC-1	82
GSM6339597	AGATGCTTCTTAAGTG-1	25
GSM6339597	AGCAAATAGTTTGCGG-1	271
GSM6339597	AGCAACAAGCTTATGA-1	25
GSM6339597	AGCAACAAGGAATAAC-1	19
GSM6339597	AGCAACAAGGTGAGAC-1	20
GSM6339597	AGCAACAAGTTAGCTA-1	155
GSM6339597	AGCAAGGGTTAGCCAA-1	92
GSM6339597	AGCAATACAAAGCTAA-1	117
GSM6339597	AGCAATACACTTCATC-1	502
GSM6339597	AGCAATACAGCTTACA-1	13
GSM6339597	AGCAATACATAATCGT-1	35
GSM6339597	AGCAATACATAATGTC-1	10
GSM6339597	AGCAATACATGTCGCG-1	23
GSM6339597	AGCAATTGTCAAGACC-1	63
GSM6339597	AGCAATTGTCACAAAT-1	327
GSM6339597	AGCAATTGTCGCGCAA-1	126
GSM6339597	AGCAATTGTGAGCAAG-1	13
GSM6339597	AGCAATTGTTACGCAA-1	16
GSM6339597	AGCAATTGTTCACCCA-1	99
GSM6339597	AGCACAGCACCTACGG-1	172
GSM6339597	AGCACAGCACTTAACG-1	41
GSM6339597	AGCACAGCAGGCATCT-1	139
GSM6339597	AGCACAGCATAAACCT-1	7
GSM6339597	AGCACAGCATGCTTAG-1	140
GSM6339597	AGCACAGCATTGTGAT-1	68
GSM6339597	AGCACAGCATTGTTGG-1	194
GSM6339597	AGCACTAGTACCGGAT-1	93
GSM6339597	AGCACTAGTATCTGGA-1	154
GSM6339597	AGCACTAGTCGCATAA-1	21
GSM6339597	AGCACTAGTGAGGTGA-1	191
GSM6339597	AGCACTAGTGCAATGC-1	14
GSM6339597	AGCACTAGTTGAATCG-1	81
GSM6339597	AGCACTAGTTGCAATG-1	182
GSM6339597	AGCACTAGTTGCGGAT-1	22
GSM6339597	AGCACTAGTTGTTCAC-1	191
GSM6339597	AGCACTAGTTTAGCTC-1	74
GSM6339597	AGCACTAGTTTCCTCC-1	18
GSM6339597	AGCACTTAGCGATAGA-1	247
GSM6339597	AGCACTTAGCTGTACG-1	388
GSM6339597	AGCACTTAGGCATGTT-1	80
GSM6339597	AGCACTTAGTAGGCGG-1	125
GSM6339597	AGCACTTAGTTAGGCT-1	315
GSM6339597	AGCAGGTAGCATGCAT-1	54
GSM6339597	AGCAGGTAGCGCTCAA-1	494
GSM6339597	AGCAGGTAGCTGGACC-1	100
GSM6339597	AGCAGGTAGGCTACAT-1	20
GSM6339597	AGCATCCCAACATAAG-1	56
GSM6339597	AGCATCCCAACTCGCG-1	126
GSM6339597	AGCATCCCAATGAAGC-1	125
GSM6339597	AGCATCCCACACAATT-1	118
GSM6339597	AGCATCCCAGAGGCTA-1	116
GSM6339597	AGCATCCCATGGAGGC-1	12
GSM6339597	AGCATTTCACAGAAAC-1	54
GSM6339597	AGCATTTCATAGCGGA-1	89
GSM6339597	AGCCAGTGTGCGCGTA-1	295
GSM6339597	AGCCAGTGTTAGGCTA-1	5
GSM6339597	AGCCAGTGTTCCTCCT-1	22
GSM6339597	AGCCGCTAGCACTAGT-1	25
GSM6339597	AGCCGCTAGGCTTAAC-1	232
GSM6339597	AGCCGGTTCCACCCTG-1	48
GSM6339597	AGCCGGTTCCTCACTA-1	48
GSM6339597	AGCCGGTTCCTTAAGA-1	10
GSM6339597	AGCCTAAGTAACGGGA-1	35
GSM6339597	AGCCTAAGTGACATAT-1	34
GSM6339597	AGCCTAAGTGCTAGCG-1	64
GSM6339597	AGCCTAAGTTTACCGT-1	54
GSM6339597	AGCCTAGTCATGCCTC-1	12
GSM6339597	AGCCTAGTCATGGTTA-1	203
GSM6339597	AGCCTCCGTTGGTTAG-1	171
GSM6339597	AGCCTGGGTGCGCATG-1	246
GSM6339597	AGCGATTTCCACCTGT-1	334
GSM6339597	AGCGATTTCCGGTATG-1	256
GSM6339597	AGCGCCTAGAATGACG-1	183
GSM6339597	AGCGCTCAGCTTATGA-1	25
GSM6339597	AGCGCTCAGGTACCGC-1	82
GSM6339597	AGCGGACCAACACCTA-1	195
GSM6339597	AGCGGACCACCTATAG-1	84
GSM6339597	AGCGGACCAGGAACTG-1	186
GSM6339597	AGCGGACCAGGCCAAA-1	31
GSM6339597	AGCGGACCATAAGCAA-1	173
GSM6339597	AGCGGATAGCTAGAAG-1	5
GSM6339597	AGCGGATAGGATAAAC-1	262
GSM6339597	AGCGGATAGTTTGTCT-1	108
GSM6339597	AGCGTGCTCCAATTAG-1	66
GSM6339597	AGCGTGCTCGCAGGCT-1	168
GSM6339597	AGCGTGCTCTTAAGTG-1	49
GSM6339597	AGCGTGCTCTTGAGCG-1	102
GSM6339597	AGCTAAACACCAAAGG-1	238
GSM6339597	AGCTAAACACCTGGTG-1	169
GSM6339597	AGCTAAACACTCGCTC-1	319
GSM6339597	AGCTAAACAGAGAGCC-1	293
GSM6339597	AGCTAAACATAGCGAG-1	91
GSM6339597	AGCTAAACATTAGGCC-1	158
GSM6339597	AGCTAACTCAAACACC-1	142
GSM6339597	AGCTAACTCTCGCCCA-1	14
GSM6339597	AGCTAACTCTCTAGCC-1	209
GSM6339597	AGCTACGTCAATGAGG-1	191
GSM6339597	AGCTACTAGACACCGC-1	58
GSM6339597	AGCTACTAGACAGGCG-1	207
GSM6339597	AGCTACTAGGGACGCA-1	234
GSM6339597	AGCTACTAGTAACCAC-1	229
GSM6339597	AGCTAGTTCAAAGGCA-1	17
GSM6339597	AGCTAGTTCACGCATG-1	51
GSM6339597	AGCTAGTTCCTGATTT-1	4
GSM6339597	AGCTATATCCGCTAGA-1	254
GSM6339597	AGCTATATCCTTGAGG-1	358
GSM6339597	AGCTATATCTAGCTTT-1	103
GSM6339597	AGCTCATAGTAGGCGG-1	122
GSM6339597	AGCTCATAGTATTGCA-1	259
GSM6339597	AGCTCATAGTGAACAG-1	69
GSM6339597	AGCTCATAGTGGACAA-1	41
GSM6339597	AGCTGCTCATCCTGAA-1	107
GSM6339597	AGCTTAATCATTCATC-1	298
GSM6339597	AGCTTAATCGATAACC-1	383
GSM6339597	AGCTTCCTCGATAACC-1	113
GSM6339597	AGCTTCCTCTGCAAAC-1	170
GSM6339597	AGCTTGGTCAACCAAC-1	15
GSM6339597	AGCTTGGTCACCGGTA-1	76
GSM6339597	AGCTTGGTCACTAAGC-1	99
GSM6339597	AGCTTGGTCATCGTTT-1	4
GSM6339597	AGCTTGGTCTCGCCCA-1	9
GSM6339597	AGCTTTAAGAGGGACT-1	151
GSM6339597	AGCTTTAAGCATTAGC-1	100
GSM6339597	AGCTTTAAGCCTAATA-1	67
GSM6339597	AGCTTTAAGTCAATTG-1	187
GSM6339597	AGGAAACGTTCCTGTG-1	178
GSM6339597	AGGAACCAGCCGGTAC-1	68
GSM6339597	AGGAACCAGGGTCCAC-1	102
GSM6339597	AGGAACCAGTCGCTAG-1	321
GSM6339597	AGGAACCAGTGAACGA-1	136
GSM6339597	AGGAACCAGTTCCTCA-1	198
GSM6339597	AGGAACGGTCAGGCCA-1	54
GSM6339597	AGGAACGGTTATCCGT-1	48
GSM6339597	AGGACGTAGTTAGGCT-1	17
GSM6339597	AGGACTAAGACTTACA-1	573
GSM6339597	AGGACTAAGTGAACCT-1	190
GSM6339597	AGGACTAAGTTTGGGT-1	271
GSM6339597	AGGAGCTAGCATTATG-1	341
GSM6339597	AGGAGCTAGCCGCAAC-1	120
GSM6339597	AGGAGCTAGCGAGCGA-1	286
GSM6339597	AGGAGCTAGGAACACA-1	205
GSM6339597	AGGAGCTAGGATTTGC-1	139
GSM6339597	AGGAGCTAGTAACCCG-1	484
GSM6339597	AGGAGCTAGTGAGCGG-1	73
GSM6339597	AGGATATAGCGTGCAC-1	5
GSM6339597	AGGATCCGTGGATTCA-1	119
GSM6339597	AGGATCCGTTACAAAC-1	275
GSM6339597	AGGATCCGTTAGGCGT-1	402
GSM6339597	AGGATCCGTTGGCGTG-1	30
GSM6339597	AGGATGCAGGACACTT-1	315
GSM6339597	AGGATGCAGGATTGAG-1	200
GSM6339597	AGGATGCAGTTGTCCC-1	102
GSM6339597	AGGATGTCAAGATTCT-1	140
GSM6339597	AGGATGTCACAAAGCG-1	29
GSM6339597	AGGATGTCACAGCCTG-1	202
GSM6339597	AGGATGTCAGGCAAGC-1	120
GSM6339597	AGGATGTCAGGCATCT-1	83
GSM6339597	AGGATGTCAGTTTGTG-1	233
GSM6339597	AGGATGTCATTCAGCA-1	128
GSM6339597	AGGATGTCATTGCAGC-1	96
GSM6339597	AGGATTGAGCAAACCT-1	146
GSM6339597	AGGATTGAGGACAACA-1	392
GSM6339597	AGGATTGAGTCATTGA-1	14
GSM6339597	AGGATTGAGTCGCTAG-1	151
GSM6339597	AGGCAATCAATGCGCT-1	177
GSM6339597	AGGCAATCAGAGAGCC-1	9
GSM6339597	AGGCAATCAGCTACGT-1	34
GSM6339597	AGGCAATCATCCATCT-1	86
GSM6339597	AGGCAATCATTAAAGG-1	13
GSM6339597	AGGCAGGTCCCTCAGT-1	51
GSM6339597	AGGCAGGTCCTTGTTG-1	79
GSM6339597	AGGCAGGTCGGCCAGT-1	210
GSM6339597	AGGCAGGTCTAACCTT-1	218
GSM6339597	AGGCAGGTCTCCTCAA-1	157
GSM6339597	AGGCAGGTCTTGGACG-1	233
GSM6339597	AGGCCCAGTATTGCAG-1	43
GSM6339597	AGGCCCAGTTTGAGCA-1	49
GSM6339597	AGGCCCAGTTTGCAGA-1	321
GSM6339597	AGGCGGATCATTTAGG-1	21
GSM6339597	AGGCGGATCTCAATGA-1	70
GSM6339597	AGGCGGATCTTTGTAC-1	207
GSM6339597	AGGCTAAAGAACCTAC-1	159
GSM6339597	AGGCTAAAGCACAGGG-1	207
GSM6339597	AGGCTAAAGCCTCTGT-1	149
GSM6339597	AGGCTAAAGCGGGCAA-1	136
GSM6339597	AGGCTAAAGGTATTGC-1	20
GSM6339597	AGGCTAGCAATATACC-1	111
GSM6339597	AGGCTAGCACAATTAC-1	180
GSM6339597	AGGGCCTTCAGTGAAG-1	32
GSM6339597	AGGGCCTTCATGAGCT-1	31
GSM6339597	AGGGCCTTCATTTGCT-1	138
GSM6339597	AGGGCCTTCCGGTTAG-1	96
GSM6339597	AGGGCCTTCTAAGGAG-1	236
GSM6339597	AGGGCTACAGCACGAA-1	59
GSM6339597	AGGGTTGCACTGGCCA-1	51
GSM6339597	AGGGTTGCAGCACCAT-1	197
GSM6339597	AGGGTTGCAGCTTACA-1	80
GSM6339597	AGGGTTGCATGAATCT-1	253
GSM6339597	AGGGTTGCATGGTTAT-1	156
GSM6339597	AGGTAACCAACAACAA-1	13
GSM6339597	AGGTAACCAGAAATGC-1	405
GSM6339597	AGGTACGCAAGGAATC-1	65
GSM6339597	AGGTACGCACGTTACA-1	117
GSM6339597	AGGTACGCAGGATAAC-1	13
GSM6339597	AGGTACGCAGTATGTT-1	26
GSM6339597	AGGTATTGTAAGGTTT-1	13
GSM6339597	AGGTATTGTAGACAAA-1	99
GSM6339597	AGGTATTGTAGTAAGA-1	217
GSM6339597	AGGTATTGTGAAGCCT-1	101
GSM6339597	AGGTATTGTGACATGC-1	77
GSM6339597	AGGTATTGTTTGGCTT-1	307
GSM6339597	AGGTCAAAGACTTACA-1	174
GSM6339597	AGGTCAAAGTCAGGCC-1	484
GSM6339597	AGGTCATTCAACCAAC-1	6
GSM6339597	AGGTCATTCAGGCCTA-1	25
GSM6339597	AGGTCATTCATTGACA-1	278
GSM6339597	AGGTCATTCCTTTACG-1	59
GSM6339597	AGGTCCGGTCTTACTA-1	140
GSM6339597	AGGTCCGGTTAGAGCC-1	207
GSM6339597	AGGTCCGGTTGTCATC-1	188
GSM6339597	AGGTCCGGTTGTTCAC-1	24
GSM6339597	AGGTCTTAGAATCGCT-1	163
GSM6339597	AGGTCTTAGAATGACG-1	107
GSM6339597	AGGTCTTAGCTCCTAC-1	114
GSM6339597	AGGTCTTAGGTGTCCA-1	96
GSM6339597	AGGTGAATCACAGCCA-1	196
GSM6339597	AGGTGAATCAGCCAAT-1	50
GSM6339597	AGGTGAATCATTAGCA-1	47
GSM6339597	AGGTGAATCCAGGTCA-1	66
GSM6339597	AGGTGAATCGCAAACT-1	76
GSM6339597	AGGTGAATCGCTAGAT-1	47
GSM6339597	AGGTGAATCGTCAAGT-1	297
GSM6339597	AGGTGAATCGTTATCT-1	313
GSM6339597	AGGTGAATCTAAGTGC-1	249
GSM6339597	AGGTGAATCTTGATGA-1	141
GSM6339597	AGGTGAGGTATTTGGG-1	48
GSM6339597	AGGTGAGGTCAGGCCA-1	11
GSM6339597	AGGTGAGGTGACCTGG-1	92
GSM6339597	AGGTGAGGTGTTGTGA-1	45
GSM6339597	AGGTTAACACAAAGAC-1	135
GSM6339597	AGGTTAACACTTAGGC-1	10
GSM6339597	AGGTTAACAGCCGCTA-1	228
GSM6339597	AGGTTAACAGGTTAAA-1	85
GSM6339597	AGGTTAACATAAGTCT-1	82
GSM6339597	AGGTTACTCACCATTT-1	167
GSM6339597	AGGTTACTCTAATCAG-1	99
GSM6339597	AGGTTAGAGACTAAGG-1	40
GSM6339597	AGGTTAGAGCATGAAG-1	56
GSM6339597	AGGTTAGAGCTATTGA-1	62
GSM6339597	AGGTTAGAGCTTATGA-1	100
GSM6339597	AGGTTAGAGTAACCCG-1	75
GSM6339597	AGGTTAGAGTTGTCAA-1	101
GSM6339597	AGGTTGCGTAATCGGC-1	10
GSM6339597	AGGTTGCGTACAAAGA-1	172
GSM6339597	AGGTTGCGTGCCGCAA-1	309
GSM6339597	AGGTTGCGTTAGCGTA-1	233
GSM6339597	AGGTTGCGTTCACTGT-1	82
GSM6339597	AGGTTGCGTTTAGCTC-1	93
GSM6339597	AGGTTTATCGCTATGG-1	25
GSM6339597	AGGTTTATCGGTTTCC-1	63
GSM6339597	AGGTTTATCTTGACCC-1	93
GSM6339597	AGGTTTGGTAACCTAG-1	62
GSM6339597	AGGTTTGGTATTCGCT-1	299
GSM6339597	AGGTTTGGTCAAACTG-1	21
GSM6339597	AGGTTTGGTTTAGCTC-1	181
GSM6339597	AGTAAACAGAATCGCT-1	181
GSM6339597	AGTAACACACAACCTA-1	242
GSM6339597	AGTAACACACAGACTC-1	137
GSM6339597	AGTAACACACCCTCAC-1	197
GSM6339597	AGTAACACAGCTTAGC-1	187
GSM6339597	AGTAACACATGCTCCC-1	11
GSM6339597	AGTAACCTCACTAATG-1	171
GSM6339597	AGTAACCTCAGTGAAG-1	184
GSM6339597	AGTAACCTCATAACGC-1	137
GSM6339597	AGTAACGAGCAAACCT-1	227
GSM6339597	AGTAACGAGCTATTAG-1	194
GSM6339597	AGTAACGAGTATTGCA-1	127
GSM6339597	AGTAACGAGTCAGTAC-1	124
GSM6339597	AGTAACGAGTGAACCT-1	28
GSM6339597	AGTAACGAGTTTGGGT-1	161
GSM6339597	AGTAAGTAGCATGACT-1	119
GSM6339597	AGTAAGTAGCTGGAAA-1	149
GSM6339597	AGTAATCGTAAAGCGG-1	124
GSM6339597	AGTAATCGTCCGTAGG-1	103
GSM6339597	AGTAATGCAAGATTCT-1	295
GSM6339597	AGTAATGCAATTGCGC-1	257
GSM6339597	AGTAATGCACCGTTCC-1	6
GSM6339597	AGTAATGCACTAGCGT-1	112
GSM6339597	AGTAATGCAGGCAAGC-1	286
GSM6339597	AGTAATGCAGTAATAG-1	158
GSM6339597	AGTAATGCATAGTCAT-1	192
GSM6339597	AGTAATGCATCACAGC-1	70
GSM6339597	AGTAATGCATGAAATG-1	518
GSM6339597	AGTAATGCATTATGCG-1	164
GSM6339597	AGTACGCGTCACAGCG-1	243
GSM6339597	AGTACGCGTTAGCAGC-1	64
GSM6339597	AGTACGCGTTAGCTGA-1	165
GSM6339597	AGTACGCGTTGCTGGG-1	355
GSM6339597	AGTAGCTTCGAGGTGG-1	41
GSM6339597	AGTAGCTTCGGGATTT-1	123
GSM6339597	AGTAGCTTCGTACCGA-1	74
GSM6339597	AGTAGCTTCTCCATGC-1	78
GSM6339597	AGTAGGATCGCTTCTA-1	113
GSM6339597	AGTAGGATCGGTTTGG-1	19
GSM6339597	AGTAGGATCGTAATCA-1	101
GSM6339597	AGTATAGCAGTCTAGC-1	98
GSM6339597	AGTATAGCATGTGGGA-1	183
GSM6339597	AGTCAAGAGCACGTTG-1	104
GSM6339597	AGTCAAGAGCCACATG-1	106
GSM6339597	AGTCAAGAGCTAAAGG-1	154
GSM6339597	AGTCAAGAGTCACCTC-1	48
GSM6339597	AGTCAATGTAACGTGC-1	197
GSM6339597	AGTCAATGTCAATAGT-1	277
GSM6339597	AGTCAGGCAGGAAGCC-1	83
GSM6339597	AGTCAGGCATAAGTTC-1	111
GSM6339597	AGTCAGGCATTGTCAG-1	215
GSM6339597	AGTCCTGAGAAGGTGC-1	172
GSM6339597	AGTCCTGAGCAGCTCA-1	175
GSM6339597	AGTCCTGAGCTGTCAG-1	123
GSM6339597	AGTCCTGAGGAACCGG-1	53
GSM6339597	AGTCCTGAGGCCATCA-1	199
GSM6339597	AGTCCTGAGGCTCATG-1	40
GSM6339597	AGTCCTGAGTCATTAG-1	84
GSM6339597	AGTCCTTGTAACCTAG-1	51
GSM6339597	AGTCCTTGTGTCCAAA-1	196
GSM6339597	AGTCCTTGTTCCTGTG-1	112
GSM6339597	AGTCCTTGTTTACGTC-1	162
GSM6339597	AGTCGCATCAAAGGCA-1	137
GSM6339597	AGTCGCATCAGGTTTA-1	352
GSM6339597	AGTCGCATCGTTTCGC-1	302
GSM6339597	AGTCGCATCTCTAGCC-1	54
GSM6339597	AGTCGCATCTTACTCG-1	114
GSM6339597	AGTCTTGCACAGCCAT-1	420
GSM6339597	AGTCTTGCACCTATAG-1	49
GSM6339597	AGTCTTGCACTTCACT-1	85
GSM6339597	AGTCTTGCAGTCTAGC-1	97
GSM6339597	AGTCTTGCATCCCTCA-1	258
GSM6339597	AGTCTTGCATTGTCAG-1	163
GSM6339597	AGTGAACCAAGGTAAC-1	154
GSM6339597	AGTGAACCAGCCTAAC-1	59
GSM6339597	AGTGAACCATCATGGC-1	92
GSM6339597	AGTGAGTCACCCACCT-1	141
GSM6339597	AGTGAGTCATGCTATG-1	180
GSM6339597	AGTGATGAGACAGGCG-1	139
GSM6339597	AGTGCACGTATTGCAG-1	76
GSM6339597	AGTGCACGTGGCTTCC-1	575
GSM6339597	AGTGCACGTTAAGCGC-1	125
GSM6339597	AGTGCCGGTGCACGCA-1	310
GSM6339597	AGTGCCGGTGCTTACT-1	32
GSM6339597	AGTGCCGGTTAGTTGG-1	4
GSM6339597	AGTGCCGGTTATAGCG-1	124
GSM6339597	AGTGCCGGTTTATCTG-1	57
GSM6339597	AGTGCCGGTTTGCGAA-1	28
GSM6339597	AGTGCGGAGCCAGTAT-1	21
GSM6339597	AGTGCGGAGGACCGCT-1	94
GSM6339597	AGTGCGGAGTTAGTGC-1	50
GSM6339597	AGTGGACAGTGACCTG-1	323
GSM6339597	AGTGGACAGTTTGAGC-1	165
GSM6339597	AGTGGACAGTTTGCGG-1	272
GSM6339597	AGTGTGGCAAACGCGA-1	103
GSM6339597	AGTGTGGCAACAGGTG-1	49
GSM6339597	AGTGTGGCAGGGAGGA-1	17
GSM6339597	AGTGTGGCAGGTTATT-1	195
GSM6339597	AGTGTGGCAGGTTCAC-1	485
GSM6339597	AGTGTGGCATCTTGAG-1	172
GSM6339597	AGTGTTTCAATCGCAC-1	135
GSM6339597	AGTGTTTCAATGCGCT-1	66
GSM6339597	AGTGTTTCACTTGTTC-1	16
GSM6339597	AGTGTTTCATAATCAC-1	44
GSM6339597	AGTTACATCACGCATG-1	194
GSM6339597	AGTTACATCATGTTTC-1	29
GSM6339597	AGTTACATCGATATTG-1	58
GSM6339597	AGTTACATCGCTAGAT-1	173
GSM6339597	AGTTACTCATGAATAG-1	385
GSM6339597	AGTTACTCATTGCAGC-1	141
GSM6339597	AGTTATGTCAAGCGCC-1	158
GSM6339597	AGTTATGTCAATGACC-1	213
GSM6339597	AGTTATGTCAGGTTTA-1	211
GSM6339597	AGTTATGTCGTTATAG-1	513
GSM6339597	AGTTATGTCTATTGTC-1	106
GSM6339597	AGTTATGTCTCAATTC-1	142
GSM6339597	AGTTGCAGTAATAACC-1	44
GSM6339597	AGTTGCAGTGGAAACG-1	56
GSM6339597	AGTTGCAGTGGTTCTT-1	14
GSM6339597	AGTTGCAGTTAACAGT-1	206
GSM6339597	AGTTGCAGTTCAAGCA-1	214
GSM6339597	AGTTGCGTCATAATCG-1	87
GSM6339597	AGTTGCGTCATTAGGC-1	73
GSM6339597	AGTTGCGTCCTACCTA-1	252
GSM6339597	AGTTGCGTCTACTAAG-1	182
GSM6339597	AGTTGCGTCTGTTGCC-1	156
GSM6339597	AGTTGGCGTAACTACG-1	68
GSM6339597	AGTTGGCGTATGGTGC-1	185
GSM6339597	AGTTGGCGTTACAAAC-1	528
GSM6339597	AGTTGTCAGGCTATGT-1	17
GSM6339597	AGTTTGATCAAGCTAC-1	263
GSM6339597	AGTTTGATCGCGACAC-1	160
GSM6339597	AGTTTGATCTCAATGA-1	169
GSM6339597	AGTTTGCAGACTATTG-1	249
GSM6339597	AGTTTGCAGGTGAAAT-1	188
GSM6339597	ATAACGACAAAGGTAC-1	198
GSM6339597	ATAACGACACAACAGG-1	233
GSM6339597	ATAACGACAGGTCCTG-1	45
GSM6339597	ATAACGACATAAGCAA-1	171
GSM6339597	ATAACGACATTGTCCT-1	185
GSM6339597	ATAAGCCTCAAGGACA-1	54
GSM6339597	ATAAGCCTCCAAACAC-1	11
GSM6339597	ATAAGCCTCCAAATCA-1	225
GSM6339597	ATAAGCCTCCTAATTC-1	132
GSM6339597	ATAAGCCTCTAATCCT-1	10
GSM6339597	ATAAGCCTCTGTTGCC-1	44
GSM6339597	ATAAGTCGTCTAACCT-1	441
GSM6339597	ATAAGTCGTGCACGCA-1	39
GSM6339597	ATAAGTCGTGTTTGTC-1	117
GSM6339597	ATAAGTCGTTACAACG-1	4
GSM6339597	ATAAGTCGTTGTTGCT-1	28
GSM6339597	ATAATGGCAAGGATTA-1	21
GSM6339597	ATAATGGCACCTAAGC-1	77
GSM6339597	ATAATGGCAGGGAGGA-1	4
GSM6339597	ATAATGGCATGTTGTG-1	192
GSM6339597	ATACCTGCAAGTAAGC-1	272
GSM6339597	ATACCTGCATCGCTTT-1	151
GSM6339597	ATAGATGCAACTGGCT-1	258
GSM6339597	ATAGATGCACAAGCCT-1	396
GSM6339597	ATAGATGCAGGAATCG-1	559
GSM6339597	ATAGATGCAGGCCATT-1	207
GSM6339597	ATAGATGCAGTTTACG-1	274
GSM6339597	ATAGATGCATAGCTTG-1	436
GSM6339597	ATAGATGCATAGTCAT-1	241
GSM6339597	ATAGCATGTACCGTAA-1	15
GSM6339597	ATAGCATGTGGACCTG-1	346
GSM6339597	ATAGCATGTTACGCAA-1	16
GSM6339597	ATAGCATGTTGACTTC-1	130
GSM6339597	ATAGCATGTTGAGGTC-1	188
GSM6339597	ATAGGTACAACCCTCC-1	184
GSM6339597	ATAGGTACAAGTGTCC-1	77
GSM6339597	ATAGGTACAATTAACC-1	38
GSM6339597	ATAGGTACACTAAATC-1	295
GSM6339597	ATAGGTACACTTACAG-1	201
GSM6339597	ATAGGTACAGGATAAC-1	30
GSM6339597	ATAGGTACAGGCCATT-1	140
GSM6339597	ATAGGTACAGGCTTCG-1	9
GSM6339597	ATAGGTACAGTAAAGC-1	356
GSM6339597	ATAGGTACATAGGCGA-1	266
GSM6339597	ATAGGTACATTAAACC-1	99
GSM6339597	ATATAGGCACAGAAAC-1	91
GSM6339597	ATATAGGCAGCACGAA-1	72
GSM6339597	ATATAGGCAGGCTTCG-1	185
GSM6339597	ATATAGGCAGGTTCAC-1	176
GSM6339597	ATATAGGCATCCTGAA-1	70
GSM6339597	ATATAGGCATGAAATG-1	6
GSM6339597	ATATGCATCAGGCTAT-1	448
GSM6339597	ATATGCATCCTAATTC-1	101
GSM6339597	ATATGCATCGGCTATG-1	18
GSM6339597	ATATGCATCTAGCTTT-1	23
GSM6339597	ATATGCTCAACAGCCT-1	288
GSM6339597	ATATGCTCAAGTTATC-1	193
GSM6339597	ATATGCTCACCGTTCC-1	114
GSM6339597	ATATGCTCACTCGCTC-1	140
GSM6339597	ATATGCTCATGAGCAG-1	229
GSM6339597	ATATGGTGTCATTGAG-1	30
GSM6339597	ATATGGTGTCATTGTC-1	40
GSM6339597	ATATGGTGTGAGCAAG-1	82
GSM6339597	ATATGGTGTTGGGTTA-1	100
GSM6339597	ATATGGTGTTGTAACG-1	34
GSM6339597	ATATGTCCACTTCATC-1	24
GSM6339597	ATATGTCCATAGCGAG-1	17
GSM6339597	ATATGTCCATAGTCAT-1	4
GSM6339597	ATATGTCCATCAGTAT-1	93
GSM6339597	ATCAAGACAATAATGG-1	53
GSM6339597	ATCAAGACACATTGCA-1	69
GSM6339597	ATCAAGACATTGTGGC-1	112
GSM6339597	ATCAAGCTCCCATAGG-1	117
GSM6339597	ATCAAGCTCTAACCAA-1	50
GSM6339597	ATCAATCCATTGTCCT-1	109
GSM6339597	ATCACAATCCCTCATA-1	135
GSM6339597	ATCACAATCTACTAAG-1	103
GSM6339597	ATCACACAGGAAGCTA-1	150
GSM6339597	ATCACACAGGACTTAC-1	54
GSM6339597	ATCACACAGGCCAATT-1	26
GSM6339597	ATCACACAGGGATGAC-1	499
GSM6339597	ATCACACAGTCATGCG-1	203
GSM6339597	ATCACCCTCAGTTCCC-1	208
GSM6339597	ATCACCCTCCCTGGAA-1	404
GSM6339597	ATCACCCTCTCAATGA-1	98
GSM6339597	ATCACTAAGAATGACG-1	288
GSM6339597	ATCACTAAGCAGCTCA-1	241
GSM6339597	ATCAGGTTCAACCAAC-1	156
GSM6339597	ATCAGGTTCACAAGCT-1	146
GSM6339597	ATCAGGTTCTACTAAG-1	227
GSM6339597	ATCATCAAGCACAGAA-1	42
GSM6339597	ATCATCAAGCACGTTG-1	264
GSM6339597	ATCATCAAGCCTCTGT-1	129
GSM6339597	ATCATCAAGCTATGAC-1	378
GSM6339597	ATCATCAAGTTTGTCT-1	301
GSM6339597	ATCATGTCACAAAGAC-1	118
GSM6339597	ATCATGTCACCTATAG-1	126
GSM6339597	ATCATGTCATAATGAG-1	20
GSM6339597	ATCATGTCATTGACAT-1	120
GSM6339597	ATCATGTCATTTAAGC-1	86
GSM6339597	ATCCAACAGGACCTGC-1	581
GSM6339597	ATCCAACAGGTTACGT-1	125
GSM6339597	ATCCAACAGTCACCAG-1	227
GSM6339597	ATCCACCTCCTCATGC-1	308
GSM6339597	ATCCACCTCTAGCGAT-1	25
GSM6339597	ATCCACCTCTTGTTCG-1	32
GSM6339597	ATCCATAAGCTAAAGG-1	138
GSM6339597	ATCCATAAGGCGGATG-1	169
GSM6339597	ATCCATAAGGGACGCA-1	121
GSM6339597	ATCCATAAGGTGAAAT-1	58
GSM6339597	ATCCCGCGTAAAGCGG-1	236
GSM6339597	ATCCCGCGTTAATGAC-1	86
GSM6339597	ATCCGTGAGAGAGCCG-1	382
GSM6339597	ATCCGTGAGCCGCTTT-1	44
GSM6339597	ATCCGTGAGGATCCGC-1	120
GSM6339597	ATCCTCATCAATCTAG-1	14
GSM6339597	ATCCTCATCCAAACAC-1	20
GSM6339597	ATCCTCATCGAGGAAC-1	474
GSM6339597	ATCCTGACAATTGACT-1	48
GSM6339597	ATCCTGACAGCCTAAC-1	133
GSM6339597	ATCCTGACATAGACCC-1	13
GSM6339597	ATCCTGACATGAAATG-1	219
GSM6339597	ATCCTTAGTACCGTAA-1	7
GSM6339597	ATCGAGGCACGAATCC-1	117
GSM6339597	ATCGAGGCACTGACCG-1	91
GSM6339597	ATCGAGGCAGCGCTTG-1	209
GSM6339597	ATCGCCCGTACTGATG-1	193
GSM6339597	ATCGCCCGTCATTACC-1	53
GSM6339597	ATCGCCCGTCCTAAGA-1	120
GSM6339597	ATCGCCCGTCCTCCAA-1	14
GSM6339597	ATCGCCCGTGAAACAA-1	434
GSM6339597	ATCGCTTGTAACCACA-1	10
GSM6339597	ATCGCTTGTAACGGGA-1	15
GSM6339597	ATCGCTTGTCAACAAT-1	13
GSM6339597	ATCGCTTGTCAAGTGC-1	12
GSM6339597	ATCGCTTGTCAGGCCA-1	28
GSM6339597	ATCGGCCAGAGAGGCT-1	26
GSM6339597	ATCGGCCAGGACGTAA-1	131
GSM6339597	ATCGGCCAGGCTACAT-1	468
GSM6339597	ATCGGCCAGTTGCCTC-1	46
GSM6339597	ATCTATGAGAGGATAT-1	147
GSM6339597	ATCTATGAGGACCTTG-1	13
GSM6339597	ATCTATGAGTCACTCC-1	116
GSM6339597	ATCTTTGGTATGGTGC-1	18
GSM6339597	ATCTTTGGTTCAAGAT-1	10
GSM6339597	ATCTTTGGTTTACGTC-1	16
GSM6339597	ATCTTTGGTTTCGCGC-1	74
GSM6339597	ATGAAGCCAACCTGGT-1	67
GSM6339597	ATGAAGCCAATGCCTA-1	116
GSM6339597	ATGAAGCCACTCAACA-1	176
GSM6339597	ATGAAGCCACTGACCG-1	108
GSM6339597	ATGAAGCCATCGCTTT-1	326
GSM6339597	ATGAAGTAGCGGTTAT-1	97
GSM6339597	ATGAAGTAGGACTTAC-1	187
GSM6339597	ATGAAGTAGGGACTAA-1	140
GSM6339597	ATGAATGCAATAGCAA-1	157
GSM6339597	ATGAATGCAGTTGCGT-1	161
GSM6339597	ATGACAACAAGGTAAC-1	233
GSM6339597	ATGACAACATGAGTTT-1	117
GSM6339597	ATGACAACATTGACAT-1	371
GSM6339597	ATGACCAGTTAAGCGC-1	497
GSM6339597	ATGACGAAGACTTATG-1	294
GSM6339597	ATGACGAAGCAAGATG-1	607
GSM6339597	ATGACGAAGCACTAGT-1	78
GSM6339597	ATGACTCAGGCGCATC-1	100
GSM6339597	ATGACTCAGTTTGGGT-1	51
GSM6339597	ATGAGCCGTAAAGCAA-1	78
GSM6339597	ATGAGCCGTTTGCGAA-1	113
GSM6339597	ATGAGCCGTTTGGGCG-1	126
GSM6339597	ATGATGACAATGCGCT-1	39
GSM6339597	ATGATGACAGAAATGC-1	36
GSM6339597	ATGATGACAGCAAGAT-1	5
GSM6339597	ATGATGGAGAACAAGT-1	171
GSM6339597	ATGATGGAGAAGCTAG-1	196
GSM6339597	ATGATGGAGGAGCAAC-1	307
GSM6339597	ATGATGGAGGTGTTAC-1	74
GSM6339597	ATGCAAACAAGCTAAA-1	292
GSM6339597	ATGCAAACACGCAACT-1	22
GSM6339597	ATGCAAACACTTAGGC-1	52
GSM6339597	ATGCAAACAGCAACCT-1	176
GSM6339597	ATGCAAACAGGTTACC-1	340
GSM6339597	ATGCAAACATGTTTGG-1	431
GSM6339597	ATGCAGGCACATTAAC-1	344
GSM6339597	ATGCAGGCACCTAAGC-1	13
GSM6339597	ATGCAGGCACGTAAGG-1	174
GSM6339597	ATGCATTCAAAGCTAA-1	126
GSM6339597	ATGCATTCATCAGCAC-1	256
GSM6339597	ATGCCTGAGAAAGGAA-1	197
GSM6339597	ATGCCTGAGCCTTAAA-1	223
GSM6339597	ATGCCTGAGCGATACT-1	84
GSM6339597	ATGCCTGAGCTTATGA-1	228
GSM6339597	ATGCGATTCCCTCACG-1	103
GSM6339597	ATGCGATTCTTAAGTG-1	110
GSM6339597	ATGCTTAAGCACGATT-1	395
GSM6339597	ATGCTTAAGCATGTTA-1	128
GSM6339597	ATGCTTAAGCCATCAG-1	201
GSM6339597	ATGCTTAAGGTATTGC-1	13
GSM6339597	ATGGACAAGACACCGC-1	136
GSM6339597	ATGGACAAGAGGAGTC-1	129
GSM6339597	ATGGACAAGGACCTTG-1	155
GSM6339597	ATGGACAAGTTACCGG-1	89
GSM6339597	ATGGACAAGTTATCCT-1	168
GSM6339597	ATGGCCCAGCACTAGT-1	380
GSM6339597	ATGGCCCAGCGCAATT-1	510
GSM6339597	ATGGCCCAGCTGGAAA-1	136
GSM6339597	ATGGCCCAGGCCCAGT-1	46
GSM6339597	ATGGCCCAGGGTGAGT-1	23
GSM6339597	ATGGCCCAGTATGTGC-1	17
GSM6339597	ATGGCCGGTGAGGTGA-1	57
GSM6339597	ATGGCTAGTATTGCAG-1	9
GSM6339597	ATGGCTAGTCATCATC-1	139
GSM6339597	ATGGCTAGTTAATCGG-1	5
GSM6339597	ATGGCTGTCACATTGA-1	72
GSM6339597	ATGGCTGTCATGGTTA-1	323
GSM6339597	ATGGCTGTCATGTCAA-1	85
GSM6339597	ATGGCTGTCTTTGAGA-1	151
GSM6339597	ATGGCTTAGAGAAGGG-1	300
GSM6339597	ATGGCTTAGCGGTTAT-1	181
GSM6339597	ATGGCTTAGGAGCATA-1	204
GSM6339597	ATGGCTTAGTTGTCCC-1	314
GSM6339597	ATGGTCTAGGTTACGT-1	488
GSM6339597	ATGGTCTAGTAGCGCC-1	210
GSM6339597	ATGGTGCGTATTGTGG-1	136
GSM6339597	ATGGTGCGTATTTGGG-1	60
GSM6339597	ATGGTGCGTCCGGTTC-1	153
GSM6339597	ATGGTGCGTGCTAGAC-1	185
GSM6339597	ATGGTGCGTGTTGTAG-1	70
GSM6339597	ATGGTGCGTTACTAGG-1	161
GSM6339597	ATGGTTATCAGGTTTA-1	72
GSM6339597	ATGGTTATCCACCTGT-1	14
GSM6339597	ATGGTTATCCGGTTAG-1	192
GSM6339597	ATGGTTATCCTGCGAA-1	9
GSM6339597	ATGGTTATCTCACACC-1	76
GSM6339597	ATGGTTATCTCACTAT-1	94
GSM6339597	ATGTAACGTACGGGTT-1	87
GSM6339597	ATGTAACGTCAAGACC-1	44
GSM6339597	ATGTAACGTGAGCAAG-1	343
GSM6339597	ATGTAACGTGGATTGC-1	298
GSM6339597	ATGTAACGTGGGTACT-1	42
GSM6339597	ATGTAACGTTCCGGGA-1	142
GSM6339597	ATGTAAGCAATAACGA-1	13
GSM6339597	ATGTAAGCACCAGCAT-1	17
GSM6339597	ATGTAAGCATCCGTAA-1	11
GSM6339597	ATGTAAGCATTTGCTC-1	31
GSM6339597	ATGTCAATCATTATGG-1	108
GSM6339597	ATGTCAATCATTGACA-1	110
GSM6339597	ATGTCAATCCATTACT-1	372
GSM6339597	ATGTCAATCGCCTAAG-1	167
GSM6339597	ATGTCAATCGCGCTAA-1	114
GSM6339597	ATGTCATCACTAAGCC-1	84
GSM6339597	ATGTCATCAGGATGGC-1	107
GSM6339597	ATGTCATCAGGCGATA-1	161
GSM6339597	ATGTCCACAGCAAGAT-1	17
GSM6339597	ATGTCCACATCATGTG-1	127
GSM6339597	ATGTGAGAGCATGCAT-1	339
GSM6339597	ATGTGAGAGCCAGTAT-1	144
GSM6339597	ATGTGAGAGCGATAAG-1	284
GSM6339597	ATGTGAGAGGCGTAAA-1	87
GSM6339597	ATGTGAGAGGGACTAA-1	146
GSM6339597	ATGTGAGAGTTGTCCC-1	32
GSM6339597	ATGTTCAAGAGCAAGC-1	95
GSM6339597	ATGTTCAAGGCACAGG-1	76
GSM6339597	ATGTTCAAGGCCTTAG-1	154
GSM6339597	ATGTTCAAGGTACCGC-1	205
GSM6339597	ATGTTCAAGTAAGTGG-1	55
GSM6339597	ATGTTCAAGTCATTTC-1	113
GSM6339597	ATGTTCAAGTTCCTCA-1	531
GSM6339597	ATGTTCAAGTTTCCTG-1	199
GSM6339597	ATGTTGTCAGGCCAAA-1	302
GSM6339597	ATGTTGTCAGGTTATT-1	77
GSM6339597	ATGTTGTCAGTTAGCC-1	130
GSM6339597	ATGTTTGAGCTAATCA-1	364
GSM6339597	ATGTTTGAGGCGGATG-1	197
GSM6339597	ATGTTTGAGGGCCATC-1	117
GSM6339597	ATGTTTGAGGTAAGGC-1	15
GSM6339597	ATGTTTGAGTCACTCC-1	138
GSM6339597	ATTAACCCAATGCGCT-1	157
GSM6339597	ATTAACCCAATTAGGA-1	90
GSM6339597	ATTAACCCATCCTAGA-1	26
GSM6339597	ATTACCCGTGAAACAA-1	202
GSM6339597	ATTACCCGTTGAGCCG-1	219
GSM6339597	ATTACCGCAGGGAGGA-1	11
GSM6339597	ATTACCGCATGAAGTA-1	9
GSM6339597	ATTACGTCAACACTTG-1	232
GSM6339597	ATTACGTCACGAATTT-1	138
GSM6339597	ATTACGTCAGCCAGTT-1	203
GSM6339597	ATTACGTCAGCTTAGC-1	236
GSM6339597	ATTACGTCATCAATCG-1	321
GSM6339597	ATTACGTCATGGCCTG-1	440
GSM6339597	ATTACGTCATGTCGCG-1	179
GSM6339597	ATTACTGAGCATGCAT-1	439
GSM6339597	ATTACTGAGTAAACCC-1	17
GSM6339597	ATTACTGAGTAAGTCC-1	177
GSM6339597	ATTACTGAGTCACGAT-1	163
GSM6339597	ATTAGCGGTACTTCAC-1	25
GSM6339597	ATTAGCGGTCACACCC-1	181
GSM6339597	ATTAGCGGTGACATGC-1	30
GSM6339597	ATTAGCGGTGCATTAG-1	81
GSM6339597	ATTAGCGGTTCGCTCA-1	160
GSM6339597	ATTAGCTCAAGGTCGA-1	308
GSM6339597	ATTAGCTCAGCAAGGC-1	387
GSM6339597	ATTAGGTGTAACTACG-1	70
GSM6339597	ATTAGGTGTATGTGGC-1	9
GSM6339597	ATTAGGTGTCAAAGGG-1	234
GSM6339597	ATTAGGTGTGATTACG-1	170
GSM6339597	ATTAGGTGTTACTTGC-1	326
GSM6339597	ATTAGGTGTTAGAGGG-1	334
GSM6339597	ATTAGGTGTTGGGTTA-1	25
GSM6339597	ATTAGTCCAACCTAAT-1	158
GSM6339597	ATTAGTCCACTAAGTT-1	145
GSM6339597	ATTAGTCCAGCTAATT-1	22
GSM6339597	ATTAGTCCAGTTATGT-1	339
GSM6339597	ATTAGTCCATTGTCCT-1	223
GSM6339597	ATTATCCTCAGCAAGA-1	106
GSM6339597	ATTATGGTCCTAACGG-1	80
GSM6339597	ATTATGGTCGGTTACG-1	35
GSM6339597	ATTCAACCAACCCTAA-1	134
GSM6339597	ATTCAACCACCTGGTG-1	323
GSM6339597	ATTCAACCAGCATGGA-1	300
GSM6339597	ATTCAACCAGGGAGGA-1	84
GSM6339597	ATTCAACCATCAGTAT-1	59
GSM6339597	ATTCAACCATGTTGCA-1	188
GSM6339597	ATTCAACCATTATGCG-1	143
GSM6339597	ATTCACTTCAAGCTTA-1	102
GSM6339597	ATTCACTTCATGCTTT-1	196
GSM6339597	ATTCACTTCCGCAACA-1	58
GSM6339597	ATTCACTTCCTCACAC-1	44
GSM6339597	ATTCACTTCGTTAGTA-1	40
GSM6339597	ATTCACTTCTAAATCG-1	41
GSM6339597	ATTCACTTCTCAATAG-1	47
GSM6339597	ATTCACTTCTCAATTC-1	143
GSM6339597	ATTCACTTCTGGCATG-1	245
GSM6339597	ATTCATGAGACAACAG-1	272
GSM6339597	ATTCATGAGATTCCTT-1	175
GSM6339597	ATTCATGAGTGAACCT-1	165
GSM6339597	ATTCATGAGTGAGGGT-1	96
GSM6339597	ATTCATGAGTTTGGGT-1	22
GSM6339597	ATTCCGGAGCATGCAT-1	84
GSM6339597	ATTCCGGAGGAGGTTA-1	243
GSM6339597	ATTCCTAGTAGGTTGC-1	177
GSM6339597	ATTCCTAGTCAAGTAT-1	6
GSM6339597	ATTCCTAGTCCTTAGT-1	89
GSM6339597	ATTCCTCCAATTGAAG-1	49
GSM6339597	ATTCCTCCACAAAGCG-1	277
GSM6339597	ATTCCTCCACCTAATG-1	75
GSM6339597	ATTCCTCCAGCAGGTA-1	296
GSM6339597	ATTCCTCCAGTTGCGT-1	25
GSM6339597	ATTCCTCCATAGACTT-1	86
GSM6339597	ATTCCTCCATCCATCT-1	204
GSM6339597	ATTCGTTTCAAGCGCC-1	255
GSM6339597	ATTCGTTTCAAGGACA-1	80
GSM6339597	ATTCGTTTCAATTGGC-1	25
GSM6339597	ATTCGTTTCTTACTCG-1	33
GSM6339597	ATTCGTTTCTTTGACT-1	77
GSM6339597	ATTGAAGCAATAAGCA-1	68
GSM6339597	ATTGAAGCAGGCCAAA-1	268
GSM6339597	ATTGAAGCAGGCCATT-1	363
GSM6339597	ATTGAAGCATCATGTG-1	194
GSM6339597	ATTGAAGCATCCGTAA-1	155
GSM6339597	ATTGAAGCATTAGGCC-1	283
GSM6339597	ATTGACTCAAACTAAG-1	67
GSM6339597	ATTGACTCAGCATTAT-1	59
GSM6339597	ATTGACTCAGGAACTG-1	221
GSM6339597	ATTGCACAGCATGAAG-1	117
GSM6339597	ATTGCACAGGACTTAC-1	140
GSM6339597	ATTGCACAGGCAACAA-1	11
GSM6339597	ATTGCACAGGTCCTGA-1	86
GSM6339597	ATTGCACAGTGAGAGC-1	245
GSM6339597	ATTGCACAGTGATTCA-1	197
GSM6339597	ATTGCACAGTTCCCAC-1	258
GSM6339597	ATTGCAGGTCTTACTA-1	231
GSM6339597	ATTGCAGGTTCGGTAA-1	176
GSM6339597	ATTGCAGGTTGGGTTA-1	124
GSM6339597	ATTGCGCCAACATAAG-1	55
GSM6339597	ATTGCGCCAAGGTCGA-1	193
GSM6339597	ATTGCGCCAATTAACC-1	92
GSM6339597	ATTGCGCCAGGCTGTT-1	270
GSM6339597	ATTGCTCGTCATTAGG-1	9
GSM6339597	ATTGCTCGTCTCACTG-1	32
GSM6339597	ATTGCTCGTGGAGCAA-1	55
GSM6339597	ATTGCTCGTTGCAATG-1	141
GSM6339597	ATTGCTCGTTGTAACG-1	138
GSM6339597	ATTGCTCGTTTAAAGC-1	72
GSM6339597	ATTGGCTAGACACTTA-1	202
GSM6339597	ATTGGCTAGGAGGGTT-1	234
GSM6339597	ATTGGTTCACCTGCTC-1	417
GSM6339597	ATTGGTTCAGGAACAT-1	294
GSM6339597	ATTGGTTCAGGATGGC-1	170
GSM6339597	ATTGGTTCATTTAAGC-1	244
GSM6339597	ATTGTCCGTAAACAAG-1	45
GSM6339597	ATTGTGATCCGGTATG-1	170
GSM6339597	ATTGTGATCGATATTG-1	66
GSM6339597	ATTGTGATCGCTCACT-1	161
GSM6339597	ATTGTGATCTTAAGTG-1	72
GSM6339597	ATTTAGCCAAGCTACC-1	523
GSM6339597	ATTTAGCCACAACAGG-1	134
GSM6339597	ATTTAGCCACCAAAGG-1	81
GSM6339597	ATTTAGCCAGCAACCT-1	124
GSM6339597	ATTTAGCCAGGACACA-1	50
GSM6339597	ATTTAGCCATACTCCT-1	55
GSM6339597	ATTTAGCCATGTCAGC-1	134
GSM6339597	ATTTAGGTCAAGCTTA-1	5
GSM6339597	ATTTAGGTCAATAGCC-1	9
GSM6339597	ATTTAGGTCGGGACTC-1	25
GSM6339597	ATTTAGGTCTGTAAGC-1	131
GSM6339597	ATTTGCAAGCGGCTGT-1	89
GSM6339597	ATTTGCAAGCTTACTT-1	106
GSM6339597	ATTTGCAAGGGTTATC-1	66
GSM6339597	ATTTGCAAGTTTCCTG-1	569
GSM6339597	ATTTGCGCAATCGCAC-1	140
GSM6339597	ATTTGTGAGCGCCTAA-1	154
GSM6339597	ATTTGTGAGGAACGGT-1	120
GSM6339597	ATTTGTGAGTATTGCA-1	28
GSM6339597	ATTTGTGAGTCTCACC-1	101
GSM6339597	CAAACAACAACAACAA-1	113
GSM6339597	CAAACAACACCCTCAC-1	70
GSM6339597	CAAACAACAGAGGCTA-1	184
GSM6339597	CAAACACTCATTACTC-1	195
GSM6339597	CAAACACTCCGGTTGA-1	130
GSM6339597	CAAACATGTAAGCTTG-1	112
GSM6339597	CAAACATGTCATTGAG-1	118
GSM6339597	CAAACATGTCCGTAGG-1	232
GSM6339597	CAAACCGTCACTTTAC-1	213
GSM6339597	CAAACCGTCCATCAGG-1	114
GSM6339597	CAAACCGTCCCTCAGT-1	83
GSM6339597	CAAACCGTCCTTAAGA-1	72
GSM6339597	CAAACCGTCTAATCCT-1	418
GSM6339597	CAAACCGTCTAGCTTT-1	114
GSM6339597	CAAACGCGTGCGCATG-1	146
GSM6339597	CAAACGCGTGCTGGTG-1	9
GSM6339597	CAAACGCGTTTATTCG-1	81
GSM6339597	CAAACTGGTAGCTAAT-1	165
GSM6339597	CAAACTGGTTTCGCCA-1	41
GSM6339597	CAAAGCGCAGCACGTT-1	11
GSM6339597	CAAAGCGCATAGGCGA-1	119
GSM6339597	CAAAGCGCATATAACC-1	131
GSM6339597	CAAAGGATCACATTGA-1	70
GSM6339597	CAAAGGATCATGCATA-1	107
GSM6339597	CAAAGTGAGAATCGCT-1	153
GSM6339597	CAAAGTGAGCGTGCAC-1	3
GSM6339597	CAAAGTGAGGAACCAA-1	72
GSM6339597	CAAAGTGAGGATGATG-1	60
GSM6339597	CAAATCATCGCTAGTG-1	139
GSM6339597	CAAATCATCGCTATGG-1	105
GSM6339597	CAAATCATCGTCCTTA-1	58
GSM6339597	CAAATCATCTGGTCCT-1	10
GSM6339597	CAACAATGTGCACGCA-1	269
GSM6339597	CAACAATGTGTGAGAG-1	162
GSM6339597	CAACAGGCAATTGAGA-1	33
GSM6339597	CAACAGGCAGAGAGCC-1	121
GSM6339597	CAACAGGCAGCAAATA-1	153
GSM6339597	CAACAGGCAGCAAGGC-1	53
GSM6339597	CAACCCGCACATACTG-1	84
GSM6339597	CAACCCGCATAGCTGC-1	18
GSM6339597	CAACCCTTCTTGGACG-1	120
GSM6339597	CAACCGGGTTAGACCA-1	10
GSM6339597	CAACTAATCACACAGT-1	195
GSM6339597	CAACTAATCACAGGAA-1	205
GSM6339597	CAACTAATCAGGGCCT-1	259
GSM6339597	CAACTAATCATTGTCT-1	79
GSM6339597	CAACTAATCTTAAGTG-1	120
GSM6339597	CAACTAGGTGAACAAA-1	169
GSM6339597	CAACTAGGTGTTAAAC-1	121
GSM6339597	CAAGAACCAATTGCGC-1	65
GSM6339597	CAAGAACCAGAACCGA-1	261
GSM6339597	CAAGAACCAGGTCCTG-1	163
GSM6339597	CAAGACAAGACAGGCG-1	525
GSM6339597	CAAGACAAGGAGCACG-1	110
GSM6339597	CAAGACAAGGTTAGCT-1	81
GSM6339597	CAAGACAAGTGAGCGG-1	111
GSM6339597	CAAGCTAGTAATGGAA-1	8
GSM6339597	CAAGCTAGTAGGTGTC-1	79
GSM6339597	CAAGCTAGTTTAACGG-1	189
GSM6339597	CAAGGCCTCATGCCTC-1	11
GSM6339597	CAAGGCCTCCGGTATG-1	101
GSM6339597	CAAGGCCTCCTAATAG-1	69
GSM6339597	CAAGGCCTCTTAAGTG-1	55
GSM6339597	CAAGGCTGTCTTTGAC-1	118
GSM6339597	CAAGGCTGTGAGGTGA-1	493
GSM6339597	CAAGGCTGTTGTAACG-1	75
GSM6339597	CAAGGGAGTCTTGCAT-1	63
GSM6339597	CAAGGGAGTTGGGTTA-1	41
GSM6339597	CAAGGGAGTTTATGGG-1	18
GSM6339597	CAAGGGAGTTTATTCG-1	16
GSM6339597	CAAGGTAAGACAAACG-1	367
GSM6339597	CAAGGTAAGGGACCTC-1	89
GSM6339597	CAAGGTAAGGGTGAAC-1	153
GSM6339597	CAAGGTAAGGTCCAAT-1	233
GSM6339597	CAAGGTAAGTTGCGTG-1	27
GSM6339597	CAAGGTTTCCGGTTAG-1	160
GSM6339597	CAAGGTTTCCTCCTAA-1	302
GSM6339597	CAAGGTTTCTAGCGTG-1	31
GSM6339597	CAAGTAACAGCCAGAA-1	181
GSM6339597	CAAGTAACAGGCTACT-1	8
GSM6339597	CAAGTAACATTGCGAC-1	86
GSM6339597	CAAGTATGTAAGGTCC-1	277
GSM6339597	CAAGTATGTCATCCTG-1	25
GSM6339597	CAAGTATGTGTAATAC-1	209
GSM6339597	CAAGTGAAGCTCGCTT-1	95
GSM6339597	CAAGTGAAGGCTGGCT-1	93
GSM6339597	CAAGTGAAGGGCCACT-1	240
GSM6339597	CAAGTGAAGGTTACGT-1	77
GSM6339597	CAAGTTATCAAGCCTG-1	486
GSM6339597	CAAGTTATCATGAAGG-1	259
GSM6339597	CAAGTTATCTGTAATG-1	95
GSM6339597	CAATAAGCAACAGGAT-1	156
GSM6339597	CAATAAGCAATGAGGT-1	237
GSM6339597	CAATAAGCAATTTGGT-1	28
GSM6339597	CAATAGCTCACGAATC-1	42
GSM6339597	CAATAGCTCCAGGGAG-1	85
GSM6339597	CAATAGCTCGGTCAAT-1	408
GSM6339597	CAATAGCTCGTTAGCG-1	183
GSM6339597	CAATAGCTCTACCTAT-1	11
GSM6339597	CAATAGCTCTCATCAT-1	130
GSM6339597	CAATAGCTCTTGTTCG-1	36
GSM6339597	CAATATGTCAAACCGT-1	91
GSM6339597	CAATATGTCATAACCA-1	51
GSM6339597	CAATATGTCCTCCCTC-1	71
GSM6339597	CAATATGTCGGTAACT-1	21
GSM6339597	CAATCCCTCACTTTAC-1	83
GSM6339597	CAATCCCTCATGTGGT-1	151
GSM6339597	CAATCCCTCCATAAGC-1	72
GSM6339597	CAATCCCTCCGCAAGC-1	124
GSM6339597	CAATCCCTCCTGATTT-1	165
GSM6339597	CAATCCTGTGATTTGG-1	81
GSM6339597	CAATCCTGTTTATGGG-1	66
GSM6339597	CAATCGCCAGAAATTG-1	109
GSM6339597	CAATCGCCAGCGCTTG-1	123
GSM6339597	CAATCGCCATTGTGAT-1	253
GSM6339597	CAATCTAAGGCGGGTA-1	48
GSM6339597	CAATCTAAGTACTGGT-1	178
GSM6339597	CAATGAACAACAGGAT-1	219
GSM6339597	CAATGAACACAGACTC-1	423
GSM6339597	CAATGAACACATACTG-1	117
GSM6339597	CAATGAACAGGATGGC-1	53
GSM6339597	CAATGAACATTTGCTC-1	106
GSM6339597	CAATGACTCAATCTCT-1	157
GSM6339597	CAATGACTCATGAGCT-1	56
GSM6339597	CAATGACTCCCGTTAC-1	558
GSM6339597	CAATGACTCCGGGACT-1	114
GSM6339597	CAATGACTCGTTATCT-1	245
GSM6339597	CAATGACTCTAACCAA-1	325
GSM6339597	CAATGCCCAGTTATGT-1	83
GSM6339597	CAATGCCCATTGACAT-1	108
GSM6339597	CAATGTCAGCTCAAAC-1	154
GSM6339597	CAATGTCAGGTCAAAG-1	111
GSM6339597	CAATGTCAGGTCTTGG-1	99
GSM6339597	CAATGTCAGTCCTTCA-1	56
GSM6339597	CAATGTCAGTGGCGGA-1	129
GSM6339597	CAATGTGGTAATAGCT-1	99
GSM6339597	CAATGTGGTACGGGTT-1	6
GSM6339597	CAATGTGGTAGGATTT-1	110
GSM6339597	CAATGTGGTCTTGCAT-1	24
GSM6339597	CAATGTGGTTACTAGG-1	33
GSM6339597	CAATGTGGTTAGAGCC-1	30
GSM6339597	CAATGTGGTTTCAGGA-1	158
GSM6339597	CAATGTGGTTTGAGCA-1	548
GSM6339597	CAATGTGGTTTGAGGC-1	237
GSM6339597	CACAAGCGTGTGAGAG-1	361
GSM6339597	CACAATATCCCGAACA-1	104
GSM6339597	CACAATATCCGGTTGA-1	26
GSM6339597	CACAATATCCTAAGGT-1	72
GSM6339597	CACAATATCCTGATTT-1	99
GSM6339597	CACAATATCCTTAGGG-1	224
GSM6339597	CACAATATCGTGCCTT-1	274
GSM6339597	CACAGGGAGCTTTGTT-1	105
GSM6339597	CACAGGGAGGCTTAAC-1	73
GSM6339597	CACAGGGAGGGACTAA-1	157
GSM6339597	CACAGGGAGGTGAAAT-1	189
GSM6339597	CACAGGGAGTAAGTGG-1	191
GSM6339597	CACAGGGAGTCACTCC-1	70
GSM6339597	CACAGGGAGTCATTGA-1	14
GSM6339597	CACAGGGAGTCTGGGC-1	22
GSM6339597	CACATAATCAAACTCA-1	23
GSM6339597	CACATAATCAATTACG-1	32
GSM6339597	CACATAATCATTGCGG-1	178
GSM6339597	CACATAATCCGGTTAG-1	235
GSM6339597	CACATAATCTAACTGA-1	19
GSM6339597	CACATACAGCCGCAGT-1	131
GSM6339597	CACATACAGGAGCACG-1	524
GSM6339597	CACATACAGGCATGAA-1	144
GSM6339597	CACATACAGGCATGTT-1	15
GSM6339597	CACATACAGGTCCACA-1	194
GSM6339597	CACATACAGTTTGGGT-1	22
GSM6339597	CACATTAAGCTTAGTA-1	463
GSM6339597	CACATTAAGGAGGGTT-1	84
GSM6339597	CACATTAAGGTATTGC-1	21
GSM6339597	CACATTAAGGTGTCCA-1	127
GSM6339597	CACATTAAGTGAACCT-1	63
GSM6339597	CACATTAAGTGATTCA-1	169
GSM6339597	CACCAACCAATATACC-1	56
GSM6339597	CACCAACCACACAATT-1	208
GSM6339597	CACCAACCACCTCGCT-1	8
GSM6339597	CACCAACCAGCTCAAC-1	60
GSM6339597	CACCAACCAGTCTAAT-1	49
GSM6339597	CACCAACCATAACGGG-1	416
GSM6339597	CACCGGTAGCAAGGGT-1	168
GSM6339597	CACCGGTAGCTAGAAG-1	5
GSM6339597	CACCGGTAGTGTGATC-1	123
GSM6339597	CACCGGTAGTTACCGG-1	244
GSM6339597	CACCTCAGTATTTGGG-1	44
GSM6339597	CACCTCAGTCAATAGT-1	249
GSM6339597	CACCTCAGTGGAAGGC-1	104
GSM6339597	CACCTCAGTTGAGCCG-1	233
GSM6339597	CACCTGTTCAAATCGC-1	191
GSM6339597	CACCTGTTCCTTTACG-1	264
GSM6339597	CACCTGTTCTAGCGTG-1	345
GSM6339597	CACGCAATCACTAGGT-1	219
GSM6339597	CACGCAATCCGTTATT-1	22
GSM6339597	CACGCAATCCTGTTCA-1	76
GSM6339597	CACGCAATCGTTAGCG-1	39
GSM6339597	CACGCAATCTAGCTTT-1	94
GSM6339597	CACGCTAAGACAAACG-1	148
GSM6339597	CACGCTAAGCATTAGC-1	127
GSM6339597	CACGCTAAGGCACAGG-1	110
GSM6339597	CACGCTAAGTATTGCA-1	253
GSM6339597	CACGCTAAGTTACCGG-1	652
GSM6339597	CACGCTAAGTTATGTG-1	167
GSM6339597	CACTAAGGTTCACCCA-1	144
GSM6339597	CACTAAGGTTCGCGCT-1	122
GSM6339597	CACTAAGGTTGCACGG-1	431
GSM6339597	CACTAGCCAAACTCAT-1	21
GSM6339597	CACTAGCCAATCATGT-1	108
GSM6339597	CACTAGCCACACCAAC-1	253
GSM6339597	CACTAGCCACCTCGCT-1	295
GSM6339597	CACTAGCCAGCCAGTT-1	426
GSM6339597	CACTAGCCAGCTACGT-1	95
GSM6339597	CACTAGCCAGTTAGCC-1	100
GSM6339597	CACTAGCCATGTCAAT-1	152
GSM6339597	CACTGACCAAAGGCCA-1	226
GSM6339597	CACTGACCAAATTCGT-1	33
GSM6339597	CACTGACCAGTTAGCC-1	3
GSM6339597	CACTGACCATAGCTGC-1	10
GSM6339597	CACTGACCATCACTTC-1	40
GSM6339597	CACTGACCATCGCTTT-1	416
GSM6339597	CACTTAAAGAGGGACT-1	54
GSM6339597	CACTTAAAGGACCGCT-1	258
GSM6339597	CACTTAAAGGATTGAG-1	110
GSM6339597	CACTTAAAGGTCTTGG-1	100
GSM6339597	CACTTAAAGTGCTGTG-1	66
GSM6339597	CACTTAAAGTTAGTGC-1	119
GSM6339597	CACTTTGTCCCTGGAA-1	328
GSM6339597	CACTTTGTCCTAATAG-1	362
GSM6339597	CACTTTGTCCTAGTCC-1	248
GSM6339597	CACTTTGTCTCACACC-1	306
GSM6339597	CAGAACCGTATTTGCC-1	33
GSM6339597	CAGAACCGTGGGAACA-1	159
GSM6339597	CAGAACCGTTAGGCTA-1	85
GSM6339597	CAGAATCTCAACCAAC-1	162
GSM6339597	CAGAATCTCCAATTAG-1	182
GSM6339597	CAGAATCTCCTAATTC-1	121
GSM6339597	CAGAATCTCCTTAGGG-1	161
GSM6339597	CAGAATCTCCTTCGTA-1	65
GSM6339597	CAGAATCTCGCTTCTA-1	46
GSM6339597	CAGAATCTCGGTTAGT-1	63
GSM6339597	CAGAATCTCGTTATAG-1	77
GSM6339597	CAGATTCAGCATGAAG-1	87
GSM6339597	CAGATTCAGCCGCAAC-1	476
GSM6339597	CAGATTCAGCGCTAAT-1	56
GSM6339597	CAGATTCAGCTGTAAC-1	109
GSM6339597	CAGATTCAGTTTGCGG-1	158
GSM6339597	CAGCAAGCAGCTCATA-1	138
GSM6339597	CAGCAAGCAGTTGCGT-1	103
GSM6339597	CAGCATGTCACCTGCT-1	105
GSM6339597	CAGCATGTCATGCTCC-1	136
GSM6339597	CAGCATGTCCACAATA-1	219
GSM6339597	CAGCATGTCCTGAATA-1	240
GSM6339597	CAGCATGTCCTTAGTT-1	272
GSM6339597	CAGCATGTCTCACTCA-1	182
GSM6339597	CAGCATTAGAAAGCAT-1	76
GSM6339597	CAGCATTAGAGGCTAA-1	34
GSM6339597	CAGCATTAGCTACTGG-1	83
GSM6339597	CAGCATTAGGAAGCAC-1	77
GSM6339597	CAGCATTAGGTCATTA-1	227
GSM6339597	CAGCATTAGGTCCGTA-1	124
GSM6339597	CAGCATTAGTCATTAG-1	100
GSM6339597	CAGCCAATCATTGTCT-1	138
GSM6339597	CAGCCAATCCTCAGCT-1	217
GSM6339597	CAGCCAATCGATAACC-1	219
GSM6339597	CAGCCTAAGCACAGAA-1	49
GSM6339597	CAGCCTAAGCAGGTGG-1	132
GSM6339597	CAGCCTAAGCGGGCAA-1	189
GSM6339597	CAGCCTAAGGCGGGTA-1	311
GSM6339597	CAGCCTAAGTAAGTGG-1	182
GSM6339597	CAGCCTAAGTCTATGA-1	5
GSM6339597	CAGCCTTTCAAGTGTC-1	84
GSM6339597	CAGCCTTTCAGGAACA-1	73
GSM6339597	CAGCCTTTCCCGAAGC-1	229
GSM6339597	CAGCCTTTCGGCCAGT-1	19
GSM6339597	CAGCCTTTCTTAGCCC-1	29
GSM6339597	CAGCTAAGTATTGGAT-1	572
GSM6339597	CAGCTAAGTCGAAGTC-1	122
GSM6339597	CAGCTAAGTTATTGCC-1	425
GSM6339597	CAGCTAAGTTGGTTCT-1	530
GSM6339597	CAGCTATAGGCGGATG-1	72
GSM6339597	CAGCTATAGGCTTAGT-1	23
GSM6339597	CAGCTCAAGAGGAGTC-1	401
GSM6339597	CAGCTCAAGCTAATCA-1	186
GSM6339597	CAGCTCAAGCTGGACC-1	142
GSM6339597	CAGCTCAAGGCTGTCA-1	203
GSM6339597	CAGCTCAAGTTATTCC-1	69
GSM6339597	CAGGAAGGTCATCCTG-1	120
GSM6339597	CAGGAAGGTGATCATG-1	79
GSM6339597	CAGGACACAAACTGTT-1	158
GSM6339597	CAGGACACACAACAAA-1	109
GSM6339597	CAGGACACACAGAAAC-1	193
GSM6339597	CAGGACACACCTGCCT-1	132
GSM6339597	CAGGACACACTGGCTG-1	64
GSM6339597	CAGGACACATGAATAG-1	506
GSM6339597	CAGGACACATGTCGCG-1	197
GSM6339597	CAGGACCTCACCAATA-1	365
GSM6339597	CAGGACCTCCTAAGTA-1	162
GSM6339597	CAGGACCTCCTAGTAA-1	247
GSM6339597	CAGGACCTCGCTATGG-1	66
GSM6339597	CAGGACCTCTTCAATC-1	137
GSM6339597	CAGGATGCAATGAATG-1	26
GSM6339597	CAGGATGCAATTGCGC-1	10
GSM6339597	CAGGATGCACAAGCCT-1	572
GSM6339597	CAGGATGCAGGATTAA-1	20
GSM6339597	CAGGATGCATAGCGAG-1	18
GSM6339597	CAGGCTATCATCCTCA-1	72
GSM6339597	CAGGCTATCCTTGCGT-1	136
GSM6339597	CAGGCTGGTACGGGTT-1	13
GSM6339597	CAGGCTGGTGGTTCTT-1	64
GSM6339597	CAGGCTGGTTTATCTG-1	400
GSM6339597	CAGGCTGGTTTGGCGG-1	36
GSM6339597	CAGGGCTTCAGCACCA-1	14
GSM6339597	CAGGGCTTCCCAGTAG-1	57
GSM6339597	CAGGGCTTCCTCACAC-1	115
GSM6339597	CAGGGCTTCTGTTGCC-1	66
GSM6339597	CAGGGTGAGCATGCAT-1	437
GSM6339597	CAGGGTGAGCCTGTTC-1	100
GSM6339597	CAGGGTGAGGAGCACG-1	357
GSM6339597	CAGGGTGAGGTGAGAC-1	15
GSM6339597	CAGGTCCAGCGATAAG-1	72
GSM6339597	CAGGTCCAGCTCAAAC-1	164
GSM6339597	CAGGTCCAGCTCCTAC-1	41
GSM6339597	CAGGTCCAGGAGTCTT-1	133
GSM6339597	CAGGTGGAGCGATACT-1	115
GSM6339597	CAGGTGGAGGACCAGG-1	44
GSM6339597	CAGGTGGAGTAACCCG-1	85
GSM6339597	CAGGTGGAGTAGCCAT-1	180
GSM6339597	CAGGTGGAGTTCCCAC-1	472
GSM6339597	CAGGTGGAGTTCCTGC-1	294
GSM6339597	CAGGTTAGTAACTACG-1	94
GSM6339597	CAGGTTAGTACCGGAT-1	5
GSM6339597	CAGGTTTAGCTCCTAC-1	330
GSM6339597	CAGGTTTAGGTTAGAG-1	139
GSM6339597	CAGGTTTAGTCACCTC-1	15
GSM6339597	CAGTACCCAACGTGCT-1	544
GSM6339597	CAGTACCCATTAGGTT-1	101
GSM6339597	CAGTATGGTGCTGTAA-1	103
GSM6339597	CATAACGGTACTTCAC-1	113
GSM6339597	CATAACGGTGGGTACT-1	202
GSM6339597	CATAAGCTCAAGCGCC-1	108
GSM6339597	CATAAGCTCACAGACT-1	427
GSM6339597	CATAAGCTCCCTGATC-1	338
GSM6339597	CATAAGCTCCTTAGTT-1	363
GSM6339597	CATAAGCTCTGGCAAT-1	80
GSM6339597	CATAAGCTCTGTGCCT-1	128
GSM6339597	CATAATCCAACAGCCT-1	339
GSM6339597	CATAATCCAACTAGAA-1	216
GSM6339597	CATAATCCAAGCTACC-1	216
GSM6339597	CATAATCCACGTAATT-1	68
GSM6339597	CATAATCCAGCAATAA-1	29
GSM6339597	CATAATCCAGTAAAGC-1	273
GSM6339597	CATAATCCATTTGCTC-1	43
GSM6339597	CATAATGTCAAGGACA-1	20
GSM6339597	CATAATGTCCTACCTA-1	19
GSM6339597	CATAATGTCGTTATAG-1	10
GSM6339597	CATAGACTCAGTGAAG-1	78
GSM6339597	CATAGACTCATGCATA-1	159
GSM6339597	CATAGACTCCGCAACA-1	87
GSM6339597	CATAGACTCCTTCTAG-1	61
GSM6339597	CATAGACTCGGGACTC-1	77
GSM6339597	CATAGACTCGTTATCT-1	123
GSM6339597	CATAGACTCTCTAGCC-1	384
GSM6339597	CATAGCTAGTCATTTC-1	85
GSM6339597	CATAGGCGTAACCTAG-1	73
GSM6339597	CATAGGCGTAATAGCT-1	36
GSM6339597	CATAGGCGTCACAGAC-1	97
GSM6339597	CATAGGCGTCACAGCG-1	460
GSM6339597	CATAGGCGTTGGATAT-1	168
GSM6339597	CATAGGTTCACCAATA-1	41
GSM6339597	CATAGGTTCCGGCTAA-1	118
GSM6339597	CATAGTCAGAGCCGCT-1	89
GSM6339597	CATAGTCAGGTATTGC-1	27
GSM6339597	CATATCGCAACTAGAA-1	6
GSM6339597	CATATCGCAATATACC-1	281
GSM6339597	CATATCGCAGCCTAAC-1	104
GSM6339597	CATATCGCAGGCTGTT-1	155
GSM6339597	CATCAATCAAGGTCGA-1	120
GSM6339597	CATCAATCAATTAACC-1	174
GSM6339597	CATCAATCACCTCGCT-1	36
GSM6339597	CATCAATCAGTAGGTG-1	87
GSM6339597	CATCACACACAAGCCT-1	129
GSM6339597	CATCACACACAGCCAT-1	397
GSM6339597	CATCACACAGGAAGCC-1	163
GSM6339597	CATCACACAGGGAGGA-1	80
GSM6339597	CATCACACAGGTTCAC-1	82
GSM6339597	CATCACACAGTTTACG-1	103
GSM6339597	CATCACACAGTTTGTG-1	156
GSM6339597	CATCAGCCAAATACCT-1	9
GSM6339597	CATCAGCCACCAACCG-1	29
GSM6339597	CATCAGCCAGGCTTCG-1	8
GSM6339597	CATCAGCCAGTAAGTA-1	40
GSM6339597	CATCATAAGCCTGGTA-1	51
GSM6339597	CATCATAAGCTATATG-1	48
GSM6339597	CATCATAAGGGATGCG-1	113
GSM6339597	CATCATAAGGTCCACA-1	52
GSM6339597	CATCATGCAACATAAG-1	212
GSM6339597	CATCATGCACCGTTCC-1	4
GSM6339597	CATCATGCAGGCTTGT-1	39
GSM6339597	CATCATGCATCCTGAA-1	37
GSM6339597	CATCATGCATTGTGTG-1	38
GSM6339597	CATCCCAGTCATCCTG-1	122
GSM6339597	CATCCCAGTGATTACG-1	171
GSM6339597	CATCCCAGTGTAACCA-1	12
GSM6339597	CATCCCAGTTTATGGG-1	59
GSM6339597	CATCCTCAGAGCAAGC-1	35
GSM6339597	CATCCTCAGCAAGGAC-1	197
GSM6339597	CATCCTCAGCTATTGA-1	266
GSM6339597	CATCCTCAGGAGCAAC-1	177
GSM6339597	CATCCTCAGTCCTTCA-1	390
GSM6339597	CATCCTGGTTAAGGCC-1	6
GSM6339597	CATCGCTTCAATCTCT-1	108
GSM6339597	CATCGCTTCGCTAGTG-1	86
GSM6339597	CATGAGGCAAACTCAT-1	95
GSM6339597	CATGAGGCACCTAAGC-1	101
GSM6339597	CATGAGGCAGGACCAA-1	77
GSM6339597	CATGAGGCAGGATGGC-1	305
GSM6339597	CATGAGGCATACTCCT-1	30
GSM6339597	CATGAGGCATTGTCCT-1	489
GSM6339597	CATGCAAGTACCGTTT-1	421
GSM6339597	CATGCAAGTCAAGACC-1	31
GSM6339597	CATGCAAGTTCAAGCA-1	218
GSM6339597	CATGCAAGTTGTTGGA-1	146
GSM6339597	CATGCATAGCGAAGTA-1	157
GSM6339597	CATGCATAGGCGCACT-1	105
GSM6339597	CATGCATAGTTAGGCT-1	221
GSM6339597	CATGCGCAGCAGGTGG-1	386
GSM6339597	CATGCGCAGGAACCGG-1	107
GSM6339597	CATGCGCAGGACCTCA-1	69
GSM6339597	CATGCGCAGGAGGCAT-1	500
GSM6339597	CATGCGGGTCATGAGC-1	138
GSM6339597	CATGCGGGTCCTAACT-1	106
GSM6339597	CATGCGGGTGTAATAC-1	120
GSM6339597	CATGCGGGTTGAGGTC-1	344
GSM6339597	CATGCGGGTTGCTTCG-1	195
GSM6339597	CATGGATTCAAGTGTC-1	104
GSM6339597	CATGGATTCACCATTT-1	161
GSM6339597	CATGGATTCACTAAGC-1	258
GSM6339597	CATGGATTCGGCCAGT-1	53
GSM6339597	CATGGCGGTATGGTGC-1	209
GSM6339597	CATGGCGGTGTCCTGC-1	98
GSM6339597	CATGGCGGTTACAAAC-1	142
GSM6339597	CATGGCGGTTAGGATT-1	29
GSM6339597	CATGGCGGTTAGGCTA-1	52
GSM6339597	CATGGCGGTTCCTCCT-1	24
GSM6339597	CATGGCGGTTGCAATG-1	235
GSM6339597	CATGGCGGTTTGCTGT-1	191
GSM6339597	CATGGCGGTTTGGCTT-1	5
GSM6339597	CATTATCTCATAAGCC-1	148
GSM6339597	CATTATCTCCAAGTGT-1	79
GSM6339597	CATTATCTCCTCCATA-1	84
GSM6339597	CATTATCTCTTGATGA-1	25
GSM6339597	CATTATCTCTTGCTAT-1	154
GSM6339597	CATTATGAGCCTGACA-1	198
GSM6339597	CATTATGAGCGGATTT-1	192
GSM6339597	CATTATGAGGACCTTG-1	378
GSM6339597	CATTATGAGGTCAAAG-1	141
GSM6339597	CATTCATTCATCACTT-1	204
GSM6339597	CATTCATTCCGCTAGA-1	177
GSM6339597	CATTCATTCGCAAACT-1	135
GSM6339597	CATTCATTCGCTAGCA-1	9
GSM6339597	CATTCATTCTCAATGA-1	288
GSM6339597	CATTCCTCACCTGGTG-1	79
GSM6339597	CATTCCTCATAGCGGA-1	35
GSM6339597	CATTCCTCATTCCTCG-1	308
GSM6339597	CATTGCGAGATGGAGC-1	131
GSM6339597	CATTGTAAGCAAACCT-1	353
GSM6339597	CATTGTAAGCACGTTG-1	225
GSM6339597	CATTGTAAGCCATCAG-1	340
GSM6339597	CATTGTAAGCCTTAAA-1	166
GSM6339597	CATTGTAAGCTGCACA-1	110
GSM6339597	CATTGTAAGGTGCTGC-1	367
GSM6339597	CATTGTAAGTAACCCG-1	279
GSM6339597	CATTGTAAGTTAACCA-1	255
GSM6339597	CATTGTAAGTTAGGCT-1	294
GSM6339597	CATTGTGCAAACCTTG-1	167
GSM6339597	CATTGTGCAAGTAAGC-1	152
GSM6339597	CATTGTGCAGCAACCT-1	208
GSM6339597	CATTGTGCAGCAGGTA-1	264
GSM6339597	CATTGTGCATGGTTAT-1	112
GSM6339597	CATTGTGCATTCCTCG-1	99
GSM6339597	CATTTGTTCACAGCCA-1	163
GSM6339597	CATTTGTTCCAGGGAG-1	56
GSM6339597	CATTTGTTCCGTAAAC-1	168
GSM6339597	CATTTGTTCGTCAAGT-1	91
GSM6339597	CATTTGTTCTGTAAGC-1	325
GSM6339597	CCAAACCCACAGGATG-1	129
GSM6339597	CCAAACCCAGGCTAAG-1	72
GSM6339597	CCAAACCCATTGCGAC-1	120
GSM6339597	CCAAACTAGCTCCTAC-1	107
GSM6339597	CCAAACTAGTCATTTC-1	161
GSM6339597	CCAAATCAGCTGTCAG-1	300
GSM6339597	CCAAATCAGGAGTCTT-1	113
GSM6339597	CCAACATAGCCTGTTC-1	134
GSM6339597	CCAACATAGCTATGAC-1	63
GSM6339597	CCAACATAGGAGCACG-1	296
GSM6339597	CCAACATAGGCTAATC-1	54
GSM6339597	CCAACATAGTGGCGGA-1	200
GSM6339597	CCAACCAAGCATGCAT-1	212
GSM6339597	CCAACCAAGCTATTGA-1	113
GSM6339597	CCAACCAAGGTGTCCA-1	239
GSM6339597	CCAACCCGTCAAGACC-1	14
GSM6339597	CCAACCCGTCACGGAT-1	24
GSM6339597	CCAACCCGTCGTTACT-1	131
GSM6339597	CCAACCCGTGTCCAGG-1	158
GSM6339597	CCAAGGCTCGCTAGTG-1	143
GSM6339597	CCAAGGCTCGGTTACG-1	51
GSM6339597	CCAAGGCTCTAATCTC-1	145
GSM6339597	CCAAGTTAGAATCTCA-1	192
GSM6339597	CCAAGTTAGCCGCTAA-1	187
GSM6339597	CCAAGTTAGCTTGCTC-1	279
GSM6339597	CCAAGTTAGGAACCAA-1	104
GSM6339597	CCAAGTTAGGAGTCTT-1	265
GSM6339597	CCAAGTTAGGATTTGC-1	61
GSM6339597	CCAAGTTAGGCATTAC-1	175
GSM6339597	CCAAGTTAGGTCCGTA-1	131
GSM6339597	CCAAGTTAGTTCCTCA-1	256
GSM6339597	CCAAGTTAGTTGGCCA-1	62
GSM6339597	CCAATATCAATTAGGA-1	143
GSM6339597	CCAATATCACATAGCC-1	271
GSM6339597	CCAATATCATGTTGTG-1	3
GSM6339597	CCACAATAGATAGACG-1	3
GSM6339597	CCACAATAGCAAACCT-1	2
GSM6339597	CCACAATAGCACTAAC-1	62
GSM6339597	CCACAATAGCGGATTT-1	159
GSM6339597	CCACAATAGGTTTGAC-1	52
GSM6339597	CCACAATAGTGATTCA-1	295
GSM6339597	CCACAATAGTGTTGTA-1	21
GSM6339597	CCACAATAGTTACCGG-1	109
GSM6339597	CCACACAAGCACTAGT-1	525
GSM6339597	CCACACAAGCCGCAAC-1	64
GSM6339597	CCACACAAGCGCTAAT-1	16
GSM6339597	CCACACAAGGCTGTCA-1	170
GSM6339597	CCACAGGGTAACCAGC-1	28
GSM6339597	CCACAGGGTCAGGAAG-1	111
GSM6339597	CCACAGGGTCATGCCC-1	261
GSM6339597	CCACAGGGTCGTTATC-1	13
GSM6339597	CCACAGGGTCTCAGCC-1	145
GSM6339597	CCACAGGGTTAGGACC-1	62
GSM6339597	CCACATTGTCCTTTAA-1	106
GSM6339597	CCACTTGGTAAAGCGG-1	117
GSM6339597	CCACTTGGTACTTCAC-1	130
GSM6339597	CCACTTGGTCAGGCCA-1	111
GSM6339597	CCACTTGGTCCAAATG-1	103
GSM6339597	CCACTTGGTCCCGAAG-1	280
GSM6339597	CCACTTGGTTGCAATG-1	289
GSM6339597	CCACTTGGTTTGTCTA-1	481
GSM6339597	CCAGACTCAACAGGAT-1	287
GSM6339597	CCAGACTCAGGCATCT-1	45
GSM6339597	CCAGACTCATGGAGGC-1	158
GSM6339597	CCAGACTCATTCCTGT-1	98
GSM6339597	CCAGCCTGTGGATGTC-1	152
GSM6339597	CCAGCCTGTGGATTAT-1	251
GSM6339597	CCAGCCTGTGTCCAGG-1	390
GSM6339597	CCAGCCTGTTCCGCAC-1	26
GSM6339597	CCAGCCTGTTGCGGAT-1	151
GSM6339597	CCAGCCTGTTGTGATG-1	31
GSM6339597	CCAGCTAAGTACCGCA-1	119
GSM6339597	CCAGCTAAGTCACTCC-1	305
GSM6339597	CCAGCTGCAACAGCCT-1	254
GSM6339597	CCAGCTGCACACTAAT-1	53
GSM6339597	CCAGCTGCATGAGCAG-1	109
GSM6339597	CCAGGAACACTGGCCA-1	172
GSM6339597	CCAGGAACAGGACACA-1	94
GSM6339597	CCAGGAACAGGTTTGC-1	53
GSM6339597	CCAGGAACAGTAATAG-1	317
GSM6339597	CCAGGAACATGAAGTA-1	114
GSM6339597	CCAGGATGTGATCAGC-1	88
GSM6339597	CCAGTTTGTCGCGCAA-1	150
GSM6339597	CCAGTTTGTTACTTCA-1	80
GSM6339597	CCAGTTTGTTATCCTA-1	8
GSM6339597	CCATAAATCCGCTAGA-1	180
GSM6339597	CCATAAATCCTCCCTC-1	32
GSM6339597	CCATAAATCTCACAAA-1	49
GSM6339597	CCATAAGGTTAGCCAA-1	5
GSM6339597	CCATAATCAATAGCAA-1	18
GSM6339597	CCATAATCACATTAAC-1	334
GSM6339597	CCATAATCACGAACAG-1	27
GSM6339597	CCATAATCAGGTCCTG-1	404
GSM6339597	CCATAATCAGTAAGTA-1	111
GSM6339597	CCATAATCAGTCTAGC-1	46
GSM6339597	CCATAGCCAAAGCTCC-1	27
GSM6339597	CCATAGCCACCAGCAT-1	227
GSM6339597	CCATAGCCAGCGCTTG-1	511
GSM6339597	CCATAGCCAGGCTAAG-1	114
GSM6339597	CCATAGCCAGGTTTGC-1	11
GSM6339597	CCATAGCCATTGCAGC-1	9
GSM6339597	CCATATTTCCCGCCTA-1	185
GSM6339597	CCATATTTCCCTGTTA-1	175
GSM6339597	CCATCACTCCCTCAGT-1	120
GSM6339597	CCATCATGTAAGCTCA-1	295
GSM6339597	CCATCATGTATGGTGC-1	162
GSM6339597	CCATCATGTCAAAGGG-1	36
GSM6339597	CCATCATGTCACTCGC-1	10
GSM6339597	CCATCATGTCTTTGAC-1	117
GSM6339597	CCATCATGTGAGGTGA-1	84
GSM6339597	CCATCATGTGATGATT-1	234
GSM6339597	CCATCATGTGCCGCAA-1	238
GSM6339597	CCATCATGTTACATCC-1	159
GSM6339597	CCATCATGTTGCGGAT-1	43
GSM6339597	CCATCATGTTGGTGAC-1	82
GSM6339597	CCATCATGTTTCGCGC-1	20
GSM6339597	CCATTATTCAAAGGCA-1	106
GSM6339597	CCATTATTCCGGTTGA-1	10
GSM6339597	CCATTGTGTACTTAGG-1	35
GSM6339597	CCATTGTGTTTACTTG-1	318
GSM6339597	CCATTGTGTTTGCTGT-1	41
GSM6339597	CCCAAACCACGTAATT-1	121
GSM6339597	CCCAAACCAGATTCAT-1	303
GSM6339597	CCCAAACCAGCCAGTT-1	321
GSM6339597	CCCAAACCAGCTTAGC-1	97
GSM6339597	CCCAAACCATCCCTCA-1	43
GSM6339597	CCCAAATAGCAAGATG-1	424
GSM6339597	CCCAAATAGGGTCCAC-1	103
GSM6339597	CCCAACCGTTTATGGG-1	130
GSM6339597	CCCAATTGTAACGGGA-1	133
GSM6339597	CCCAATTGTAATAGCT-1	42
GSM6339597	CCCAATTGTACTGATG-1	110
GSM6339597	CCCAATTGTCATAGAT-1	64
GSM6339597	CCCAATTGTCCTAATC-1	230
GSM6339597	CCCAATTGTCTAACCT-1	396
GSM6339597	CCCAATTGTGATCAGC-1	227
GSM6339597	CCCAATTGTGGATTAT-1	233
GSM6339597	CCCAATTGTTAACGGC-1	238
GSM6339597	CCCAATTGTTACTAGG-1	91
GSM6339597	CCCAGCACAACTGGGA-1	29
GSM6339597	CCCAGCACAAGGTAAC-1	174
GSM6339597	CCCAGCACAGAACCGA-1	69
GSM6339597	CCCAGCACATGCTTAG-1	97
GSM6339597	CCCAGCACATTAGCCA-1	153
GSM6339597	CCCAGTTTCATGGTGT-1	17
GSM6339597	CCCAGTTTCCCTCTAA-1	383
GSM6339597	CCCGCAACAAACCCTA-1	107
GSM6339597	CCCGCAACACATAGCC-1	40
GSM6339597	CCCGCAACACCCACCT-1	224
GSM6339597	CCCGCAACATGTTGCA-1	280
GSM6339597	CCCGCTTCAAACATAG-1	12
GSM6339597	CCCGCTTCAAATACCT-1	45
GSM6339597	CCCGCTTCAAGGTATA-1	113
GSM6339597	CCCGCTTCAGCTAATT-1	24
GSM6339597	CCCGCTTCAGGAACTG-1	103
GSM6339597	CCCGCTTCATTAAACC-1	220
GSM6339597	CCCGTAAAGGCGAAAC-1	388
GSM6339597	CCCGTAAAGTTATCCT-1	250
GSM6339597	CCCGTAAAGTTTGGTA-1	71
GSM6339597	CCCGTTGTCTATCGCC-1	42
GSM6339597	CCCTAATGTAAGCACC-1	143
GSM6339597	CCCTAATGTAGCTAAT-1	50
GSM6339597	CCCTAATGTGCAATGC-1	108
GSM6339597	CCCTAATGTTAAATGC-1	224
GSM6339597	CCCTAATGTTACCGGG-1	107
GSM6339597	CCCTAATGTTGCGCGA-1	32
GSM6339597	CCCTAATGTTTGCTGT-1	99
GSM6339597	CCCTCACCACCAGCAT-1	100
GSM6339597	CCCTCACCACCCACCT-1	591
GSM6339597	CCCTCACCACCTGGTG-1	210
GSM6339597	CCCTCACCAGAGAGCC-1	26
GSM6339597	CCCTCACCATGGAGGC-1	184
GSM6339597	CCCTCACCATTAAGTC-1	242
GSM6339597	CCCTCACCATTGTGCA-1	86
GSM6339597	CCCTCAGTCAACCAAC-1	168
GSM6339597	CCCTCAGTCCGGTTAG-1	60
GSM6339597	CCCTCAGTCCTTCTAG-1	488
GSM6339597	CCCTCAGTCCTTTACG-1	80
GSM6339597	CCCTCAGTCTAAGTCA-1	47
GSM6339597	CCCTCATAGAGGGACT-1	233
GSM6339597	CCCTCATAGCCTGTTC-1	139
GSM6339597	CCCTCATAGCGCCTAA-1	507
GSM6339597	CCCTCATAGCTTATGA-1	107
GSM6339597	CCCTCATAGTGTGATC-1	163
GSM6339597	CCCTGGACAAACTCAT-1	233
GSM6339597	CCCTGGACATGTTGTG-1	242
GSM6339597	CCCTGGACATTGTGCA-1	173
GSM6339597	CCCTGTTAGCAACAAG-1	7
GSM6339597	CCCTGTTAGGACTTAC-1	69
GSM6339597	CCCTTAATCCTTGCGT-1	641
GSM6339597	CCCTTAATCGCGCTAA-1	265
GSM6339597	CCGACAGGTAAATTGC-1	8
GSM6339597	CCGACAGGTTACGCAA-1	28
GSM6339597	CCGACAGGTTGGTTAG-1	66
GSM6339597	CCGATGCAGACTATTG-1	121
GSM6339597	CCGATGCAGAGAGGAG-1	418
GSM6339597	CCGATGCAGAGAGGCT-1	11
GSM6339597	CCGATGCAGCAAGGTA-1	538
GSM6339597	CCGATGCAGGAAGCTA-1	252
GSM6339597	CCGATGCAGTTTGGTA-1	121
GSM6339597	CCGCAAATCAAGGACA-1	246
GSM6339597	CCGCAAATCAATAGCC-1	340
GSM6339597	CCGCAAATCATGTCAA-1	14
GSM6339597	CCGCAAATCCTAGTTT-1	387
GSM6339597	CCGCAAATCCTGATTT-1	104
GSM6339597	CCGCAAATCGTTTCGC-1	70
GSM6339597	CCGCAAGGTCAAGTAT-1	11
GSM6339597	CCGCAAGGTCATTGTC-1	28
GSM6339597	CCGCAAGGTCGACTAA-1	121
GSM6339597	CCGCACACAAGATTCT-1	105
GSM6339597	CCGCACACAAGCTTAT-1	239
GSM6339597	CCGCACACACTGGCTG-1	87
GSM6339597	CCGCACACAGCAATAA-1	360
GSM6339597	CCGCACACAGTGAACG-1	119
GSM6339597	CCGCACACATAGCGAG-1	311
GSM6339597	CCGCCAACAGCACGAA-1	297
GSM6339597	CCGCCAACAGCTACGT-1	58
GSM6339597	CCGCCAACAGGAATCG-1	66
GSM6339597	CCGCCAACAGTCTATG-1	68
GSM6339597	CCGCCAACATCAGTAT-1	164
GSM6339597	CCGCTAAAGGAACGCG-1	353
GSM6339597	CCGCTAAAGTAGGCGG-1	73
GSM6339597	CCGCTAAAGTGAGCGG-1	38
GSM6339597	CCGCTAAAGTTGCCTC-1	53
GSM6339597	CCGCTAAAGTTGCGTG-1	44
GSM6339597	CCGCTAGCATTTGCTC-1	53
GSM6339597	CCGCTTAGTAGTTAAC-1	156
GSM6339597	CCGCTTAGTCAAAGAA-1	448
GSM6339597	CCGCTTAGTTAAGGTT-1	191
GSM6339597	CCGCTTAGTTCCATTA-1	245
GSM6339597	CCGGTAGGTACAATGT-1	177
GSM6339597	CCGGTAGGTCATAACG-1	111
GSM6339597	CCGGTTAAGCACCACA-1	163
GSM6339597	CCGGTTAAGCCTGGTA-1	93
GSM6339597	CCGGTTAAGCGCTAAT-1	4
GSM6339597	CCGGTTAAGCTTACTT-1	122
GSM6339597	CCGGTTAAGGGTCTAT-1	355
GSM6339597	CCGGTTAAGTTGTCCC-1	103
GSM6339597	CCGTGCTGTCACAAAT-1	4
GSM6339597	CCGTGCTGTGGAAACG-1	81
GSM6339597	CCGTGCTGTTACCTGT-1	42
GSM6339597	CCGTGCTGTTCATCTA-1	279
GSM6339597	CCGTTAACAGAAATGC-1	13
GSM6339597	CCGTTAACAGCCTAAC-1	219
GSM6339597	CCGTTAACATAAGTTC-1	88
GSM6339597	CCGTTAACATGCTCCC-1	26
GSM6339597	CCGTTACTCAATCTAG-1	274
GSM6339597	CCGTTACTCATGCTCC-1	102
GSM6339597	CCGTTACTCATTTGCT-1	100
GSM6339597	CCGTTACTCCTGATGG-1	129
GSM6339597	CCGTTACTCGGTTAGT-1	195
GSM6339597	CCGTTATGTATTGGAT-1	125
GSM6339597	CCGTTATGTCCTTTAA-1	150
GSM6339597	CCGTTATGTCTTTGAC-1	75
GSM6339597	CCGTTATGTGGATTCA-1	37
GSM6339597	CCGTTGCGTCAATACG-1	72
GSM6339597	CCGTTGCGTTTATTCG-1	171
GSM6339597	CCGTTTGGTAGGTGTC-1	170
GSM6339597	CCGTTTGGTGATGAAA-1	20
GSM6339597	CCGTTTGGTGTTTGAG-1	139
GSM6339597	CCGTTTGGTTCACCCA-1	199
GSM6339597	CCTAAAGGTCACTCGC-1	4
GSM6339597	CCTAAAGGTCATTGAG-1	25
GSM6339597	CCTAAAGGTCTTACTA-1	181
GSM6339597	CCTAAAGGTTAGGCTA-1	130
GSM6339597	CCTAAAGGTTCAAGCA-1	86
GSM6339597	CCTAAAGGTTGTTCAC-1	222
GSM6339597	CCTAAATCAATTGCGC-1	45
GSM6339597	CCTAAATCACATAGCC-1	32
GSM6339597	CCTAAATCAGGCATCT-1	263
GSM6339597	CCTAAATCAGGGAGCT-1	246
GSM6339597	CCTAAATCAGTTAGCC-1	82
GSM6339597	CCTAAGGTCCTCATGC-1	36
GSM6339597	CCTAAGGTCCTGATTT-1	278
GSM6339597	CCTAAGGTCGCATTAA-1	112
GSM6339597	CCTAAGGTCTGGTCCT-1	116
GSM6339597	CCTAAGTAGCCTGTGA-1	96
GSM6339597	CCTAAGTAGTAATCCA-1	33
GSM6339597	CCTAATAAGTAAGTCC-1	95
GSM6339597	CCTAATAAGTCACCTC-1	20
GSM6339597	CCTAATAAGTTATGTG-1	181
GSM6339597	CCTAATAAGTTGGGCC-1	517
GSM6339597	CCTAATAAGTTTAACG-1	355
GSM6339597	CCTAATCGTATGTGGC-1	7
GSM6339597	CCTAATCGTCATGCAA-1	233
GSM6339597	CCTAATCGTGCTTAGA-1	6
GSM6339597	CCTAATCGTGTTTGCT-1	133
GSM6339597	CCTAATCGTTATCCGT-1	94
GSM6339597	CCTAATCGTTTATCTG-1	126
GSM6339597	CCTACTGGTAATCGTG-1	296
GSM6339597	CCTACTGGTAGCTAGC-1	41
GSM6339597	CCTACTGGTCAAAGGG-1	88
GSM6339597	CCTACTGGTGCTCACC-1	90
GSM6339597	CCTACTGGTGGGAACA-1	226
GSM6339597	CCTACTGGTTAGTACG-1	49
GSM6339597	CCTACTGGTTGCACGG-1	344
GSM6339597	CCTACTTCAAGTGAAC-1	7
GSM6339597	CCTACTTCACCTACGG-1	31
GSM6339597	CCTAGTTGTAGCTGGT-1	179
GSM6339597	CCTAGTTGTTGCATCT-1	90
GSM6339597	CCTATAGCAATCCCTT-1	76
GSM6339597	CCTATAGCATTAAAGG-1	64
GSM6339597	CCTATATTCACAGACT-1	324
GSM6339597	CCTATATTCACTTTAC-1	137
GSM6339597	CCTATATTCGCTAGTG-1	83
GSM6339597	CCTATTGTCAAGGACA-1	235
GSM6339597	CCTATTGTCAATAGCC-1	57
GSM6339597	CCTATTGTCAATGACC-1	7
GSM6339597	CCTATTGTCAATGTCA-1	141
GSM6339597	CCTATTGTCCCGAAGC-1	37
GSM6339597	CCTATTGTCCGGGACT-1	97
GSM6339597	CCTATTGTCCTGTTCA-1	136
GSM6339597	CCTATTGTCGATATTG-1	74
GSM6339597	CCTATTTAGCACGATT-1	288
GSM6339597	CCTATTTAGCTAAGTC-1	136
GSM6339597	CCTATTTAGCTCCTTA-1	338
GSM6339597	CCTATTTAGCTCGCTT-1	32
GSM6339597	CCTATTTAGCTTACTT-1	116
GSM6339597	CCTATTTAGCTTAGCG-1	79
GSM6339597	CCTATTTAGGACCTGC-1	78
GSM6339597	CCTATTTAGGGTCTAT-1	124
GSM6339597	CCTATTTAGTGAGGTA-1	85
GSM6339597	CCTCAAACAAGCCACT-1	48
GSM6339597	CCTCAAACAAGGCCAA-1	88
GSM6339597	CCTCAAACACGTAATT-1	62
GSM6339597	CCTCAAACAGTACCGT-1	358
GSM6339597	CCTCAAACATGAGCAG-1	86
GSM6339597	CCTCAAACATTAAACC-1	128
GSM6339597	CCTCAATGTACAAAGA-1	96
GSM6339597	CCTCAATGTACGATTG-1	7
GSM6339597	CCTCAATGTAGCTGCG-1	28
GSM6339597	CCTCAATGTCATCCTG-1	77
GSM6339597	CCTCAATGTTACGCGG-1	65
GSM6339597	CCTCAGTTCAGGTTTA-1	32
GSM6339597	CCTCAGTTCATAGACC-1	106
GSM6339597	CCTCAGTTCATCACTT-1	94
GSM6339597	CCTCAGTTCCTAGTTT-1	70
GSM6339597	CCTCAGTTCCTTGAGG-1	77
GSM6339597	CCTCCTCTCACGCCAA-1	199
GSM6339597	CCTCCTCTCATGACCG-1	216
GSM6339597	CCTCCTCTCCCTCTAA-1	166
GSM6339597	CCTCCTCTCTTGGATA-1	188
GSM6339597	CCTCCTGAGACAAACG-1	104
GSM6339597	CCTCCTGAGCATGCAT-1	117
GSM6339597	CCTCCTGAGCTACTGG-1	125
GSM6339597	CCTCCTGAGCTCATAA-1	111
GSM6339597	CCTCCTGAGGCGCATC-1	96
GSM6339597	CCTGAATAGATAACCC-1	148
GSM6339597	CCTGAATAGCCTGAGC-1	78
GSM6339597	CCTGAATAGGCAGGTG-1	164
GSM6339597	CCTGACTTCATTTGCT-1	41
GSM6339597	CCTGAGTCAACCTGGT-1	276
GSM6339597	CCTGAGTCAGGCTAAG-1	137
GSM6339597	CCTGAGTCAGTAGGAT-1	123
GSM6339597	CCTGAGTCATAAACCT-1	85
GSM6339597	CCTGATGAGCACTTGG-1	251
GSM6339597	CCTGATGAGGAGGTTA-1	135
GSM6339597	CCTGATGAGGTATTGC-1	58
GSM6339597	CCTGATGAGTTATCCT-1	126
GSM6339597	CCTGCTCCACCAGGTT-1	195
GSM6339597	CCTGCTCCACTAAATC-1	78
GSM6339597	CCTGCTCCATTAAACC-1	3
GSM6339597	CCTGGATCAGCTTAGC-1	52
GSM6339597	CCTGGATCATTAAGTC-1	115
GSM6339597	CCTGGATCATTTGCTC-1	291
GSM6339597	CCTGGTAAGCAGCTCA-1	399
GSM6339597	CCTGTAACAACCTGGT-1	129
GSM6339597	CCTGTAACAATAGCCC-1	141
GSM6339597	CCTGTAACAATGCCCG-1	20
GSM6339597	CCTGTAACACATGCTA-1	18
GSM6339597	CCTGTAACATTGCGTA-1	246
GSM6339597	CCTGTATGTACGATTG-1	108
GSM6339597	CCTGTATGTCCTTCAG-1	282
GSM6339597	CCTGTATGTGTCCAAA-1	200
GSM6339597	CCTGTATGTTAGGACC-1	255
GSM6339597	CCTGTTGGTCCGCTGT-1	344
GSM6339597	CCTGTTGGTGTCCAAA-1	517
GSM6339597	CCTGTTGGTGTTTCAC-1	148
GSM6339597	CCTGTTGGTTTAGCGA-1	28
GSM6339597	CCTTAACGTAGGTTAT-1	179
GSM6339597	CCTTAACGTGTTTGAG-1	57
GSM6339597	CCTTAACGTTAACGAT-1	347
GSM6339597	CCTTAACGTTGGATCA-1	115
GSM6339597	CCTTACTCAAGGTACG-1	269
GSM6339597	CCTTACTCAATAATCC-1	34
GSM6339597	CCTTACTCAATCCCTT-1	186
GSM6339597	CCTTACTCATTAGGCC-1	157
GSM6339597	CCTTAGTGTACAAAGA-1	170
GSM6339597	CCTTAGTGTTTGGTTC-1	6
GSM6339597	CCTTATGTCAGTATTG-1	134
GSM6339597	CCTTATGTCATGCTTT-1	168
GSM6339597	CCTTATGTCCATAAGC-1	367
GSM6339597	CCTTATGTCGGCCATA-1	194
GSM6339597	CCTTATGTCGTGCTAG-1	46
GSM6339597	CCTTATGTCTTTGTAC-1	74
GSM6339597	CCTTCAATCCGGTTGA-1	21
GSM6339597	CCTTCAATCCTGCGAA-1	106
GSM6339597	CCTTCAGGTGTGCACG-1	183
GSM6339597	CCTTCAGGTGTTTGCT-1	186
GSM6339597	CCTTCGGTCCGTAAAC-1	4
GSM6339597	CCTTCGGTCGGGCCAT-1	26
GSM6339597	CCTTCGGTCTTGAGGT-1	6
GSM6339597	CCTTCGGTCTTGCAGG-1	23
GSM6339597	CCTTCGTAGGAACGGT-1	69
GSM6339597	CCTTCGTAGGGCCATC-1	288
GSM6339597	CCTTGCGTCATGGTGT-1	200
GSM6339597	CCTTGCGTCCTTGCAC-1	131
GSM6339597	CCTTGTTCACCAGCAT-1	50
GSM6339597	CCTTGTTCACCTCACC-1	159
GSM6339597	CCTTGTTCAGTTAGCC-1	256
GSM6339597	CCTTGTTCATAGGCGA-1	446
GSM6339597	CCTTGTTCATGTTTGG-1	165
GSM6339597	CCTTTAGTCCTAAGTA-1	197
GSM6339597	CCTTTAGTCTTAATGG-1	171
GSM6339597	CGAAATGAGCCGCTTT-1	152
GSM6339597	CGAAATGAGCCTGATG-1	266
GSM6339597	CGAAATGAGCTCCTAC-1	188
GSM6339597	CGAACAAAGCTGGCTA-1	247
GSM6339597	CGAACAAAGTTGGCCA-1	189
GSM6339597	CGAACCGGTGATGAAA-1	3
GSM6339597	CGAACCGGTGTTAAAC-1	60
GSM6339597	CGAACCGGTTAGTACG-1	233
GSM6339597	CGAAGAATCAGCCAAT-1	134
GSM6339597	CGAAGAATCCCATAGG-1	99
GSM6339597	CGAAGAATCCGTCCAT-1	120
GSM6339597	CGAAGAATCCTAACGG-1	11
GSM6339597	CGAAGAATCTGTGAGT-1	206
GSM6339597	CGAAGCCTCAAGACTC-1	22
GSM6339597	CGAAGCCTCTACCTGC-1	216
GSM6339597	CGAAGCCTCTCCATAT-1	363
GSM6339597	CGAAGCCTCTTCAATC-1	92
GSM6339597	CGAAGCGAGCCAGTAT-1	95
GSM6339597	CGAAGCGAGGAGTCTT-1	417
GSM6339597	CGAAGCGAGTTGTCCC-1	80
GSM6339597	CGAAGGCCAAAGCTAA-1	107
GSM6339597	CGAAGGCCAAGCCACT-1	203
GSM6339597	CGAAGGCCAAGCTTAT-1	255
GSM6339597	CGAAGGCCAGATAGAC-1	59
GSM6339597	CGAAGTAAGACACCGC-1	64
GSM6339597	CGAAGTAAGGAACCAA-1	38
GSM6339597	CGAAGTAAGGCATTAC-1	177
GSM6339597	CGAAGTAAGTGACCTG-1	178
GSM6339597	CGAATATGTCACCAAA-1	62
GSM6339597	CGAATATGTCACCTAT-1	90
GSM6339597	CGAATATGTGAGCAAG-1	268
GSM6339597	CGACAAGCAAATGCCC-1	33
GSM6339597	CGACAAGCAGCGCTTG-1	119
GSM6339597	CGACAAGCAGGCTGTT-1	79
GSM6339597	CGACAAGCATCTTGAG-1	139
GSM6339597	CGACCTGCACAGAACG-1	217
GSM6339597	CGACCTGCAGTTAAAG-1	70
GSM6339597	CGACCTGCATGTTTGG-1	153
GSM6339597	CGACTAAGTAATGGAA-1	3
GSM6339597	CGACTAAGTATTGGAT-1	10
GSM6339597	CGACTAAGTCCCGAAG-1	74
GSM6339597	CGACTAAGTCGCAATA-1	63
GSM6339597	CGACTAAGTCGCATAA-1	13
GSM6339597	CGAGCGAAGGACCTCA-1	98
GSM6339597	CGAGCGAAGGGACGCA-1	168
GSM6339597	CGAGCGAAGTAACGGA-1	286
GSM6339597	CGAGCGAAGTGAAGTG-1	93
GSM6339597	CGAGGAAGTCCGTGAG-1	525
GSM6339597	CGAGGAAGTCTTACTA-1	231
GSM6339597	CGAGGAAGTGATGAAA-1	70
GSM6339597	CGAGGAAGTTAGGCGT-1	72
GSM6339597	CGAGGCAAGAACAAGT-1	177
GSM6339597	CGAGGCAAGCAGCTCA-1	166
GSM6339597	CGAGGCAAGTTTGGTA-1	449
GSM6339597	CGAGGTGAGGATGATG-1	82
GSM6339597	CGAGTCGGTAATGGAA-1	15
GSM6339597	CGAGTCGGTATTGGAT-1	195
GSM6339597	CGAGTCGGTCACAGAC-1	185
GSM6339597	CGAGTCGGTTATGTGG-1	211
GSM6339597	CGATATTCAGGAACTG-1	71
GSM6339597	CGATATTCATGAATCT-1	112
GSM6339597	CGATCCTTCACTAGGT-1	146
GSM6339597	CGATCCTTCCTTGTTG-1	74
GSM6339597	CGATCCTTCGAAGTAG-1	22
GSM6339597	CGATGTCCAACCGCCA-1	282
GSM6339597	CGATGTCCAATAAGCA-1	54
GSM6339597	CGATGTCCAGGATGGC-1	144
GSM6339597	CGATGTCCATGTTTGG-1	169
GSM6339597	CGATGTCCATTAGGCC-1	355
GSM6339597	CGATTATCAGGAACTG-1	69
GSM6339597	CGATTATCAGGACCAA-1	152
GSM6339597	CGATTCCTCAGAAACG-1	50
GSM6339597	CGATTCCTCCTGAGTG-1	84
GSM6339597	CGATTCCTCTATGACA-1	35
GSM6339597	CGATTGAGTTGAAGCC-1	53
GSM6339597	CGATTTGCAAGCTTTG-1	253
GSM6339597	CGATTTGCAATAAGCA-1	114
GSM6339597	CGATTTGCAGCCGCTA-1	165
GSM6339597	CGATTTGCATAATCCG-1	126
GSM6339597	CGCAAATTCAGTATTG-1	42
GSM6339597	CGCAAATTCGAGCTAT-1	32
GSM6339597	CGCAATAGTGTTTGAG-1	85
GSM6339597	CGCAATCCAACAACAA-1	304
GSM6339597	CGCAATCCAAGGATTA-1	37
GSM6339597	CGCAATCCACAATTAC-1	88
GSM6339597	CGCAATCCAGTTTCTC-1	111
GSM6339597	CGCAATCCATCCCTCA-1	199
GSM6339597	CGCAATCCATGACTAT-1	219
GSM6339597	CGCAATCCATTGCAGC-1	80
GSM6339597	CGCAATGTCAGTTCCC-1	356
GSM6339597	CGCAATGTCATGCGTG-1	96
GSM6339597	CGCAATGTCCTCATCA-1	248
GSM6339597	CGCAATGTCCTGGCTT-1	195
GSM6339597	CGCAATTAGCTTTGTT-1	218
GSM6339597	CGCAATTAGGCGGGTA-1	134
GSM6339597	CGCACAATCACCAATA-1	246
GSM6339597	CGCACAATCAGGTTTA-1	231
GSM6339597	CGCACAATCATGAAGG-1	156
GSM6339597	CGCACAATCGCTAAAC-1	228
GSM6339597	CGCACAATCGTAATCA-1	136
GSM6339597	CGCACAATCTCGCCCA-1	7
GSM6339597	CGCACAATCTGTGCAG-1	19
GSM6339597	CGCACACAGACAAGTG-1	128
GSM6339597	CGCACACAGACTATTG-1	288
GSM6339597	CGCACCACAACAGGAT-1	184
GSM6339597	CGCACCACAAGTCGCT-1	56
GSM6339597	CGCACCACATTATGCG-1	88
GSM6339597	CGCATATAGCATTAGC-1	65
GSM6339597	CGCATATAGCTTATGA-1	97
GSM6339597	CGCATATAGCTTCTCA-1	103
GSM6339597	CGCATATAGGCCTGGT-1	126
GSM6339597	CGCATGATCATGCAAC-1	175
GSM6339597	CGCATGATCCGCCTAT-1	142
GSM6339597	CGCATGATCCTAGTTT-1	550
GSM6339597	CGCATGATCTGTTCAT-1	86
GSM6339597	CGCATTACACGAACAG-1	261
GSM6339597	CGCATTACATATTGAC-1	61
GSM6339597	CGCATTTGTAGTAAGA-1	12
GSM6339597	CGCATTTGTGGTTATG-1	183
GSM6339597	CGCATTTGTTCAAGCA-1	58
GSM6339597	CGCATTTGTTCCTGTG-1	169
GSM6339597	CGCATTTGTTGTTGCT-1	136
GSM6339597	CGCCAAATCACAGCGC-1	7
GSM6339597	CGCCAAATCGTTAACA-1	102
GSM6339597	CGCCAAATCTCTAGCC-1	148
GSM6339597	CGCCACACAAATATCC-1	42
GSM6339597	CGCCACACACCTACGG-1	39
GSM6339597	CGCCACACATGAGCAG-1	563
GSM6339597	CGCCACACATGTTGCA-1	324
GSM6339597	CGCCACACATTGTCCT-1	157
GSM6339597	CGCCTCATCCGCCAAA-1	350
GSM6339597	CGCCTCATCTAACTGA-1	237
GSM6339597	CGCCTGTGTAAGGTTT-1	195
GSM6339597	CGCCTGTGTAATGGCC-1	265
GSM6339597	CGCCTGTGTCATTGTC-1	313
GSM6339597	CGCCTGTGTGTTGTGA-1	443
GSM6339597	CGCCTGTGTTACTAGG-1	38
GSM6339597	CGCCTGTGTTCGCTCA-1	161
GSM6339597	CGCGATTCAATCCTGA-1	63
GSM6339597	CGCGATTCACCAGGTT-1	63
GSM6339597	CGCGATTCAGCCAGAA-1	76
GSM6339597	CGCGATTCAGCTAACC-1	41
GSM6339597	CGCGGATTCAATACGC-1	127
GSM6339597	CGCGGATTCGATTATG-1	110
GSM6339597	CGCGGATTCGTCCTTA-1	59
GSM6339597	CGCGGATTCTGTGCCT-1	82
GSM6339597	CGCTAACCAATTATGC-1	140
GSM6339597	CGCTAACCACAAGCCT-1	16
GSM6339597	CGCTAACCACACAATT-1	60
GSM6339597	CGCTAACCACAGGAAT-1	122
GSM6339597	CGCTAACCAGGGAGGA-1	80
GSM6339597	CGCTAACCAGTATGTT-1	225
GSM6339597	CGCTAACCATAACGGG-1	109
GSM6339597	CGCTAATAGGCGCACT-1	82
GSM6339597	CGCTAATAGGCTAATC-1	67
GSM6339597	CGCTAATAGGTTACGT-1	90
GSM6339597	CGCTAATAGTGAGGGT-1	229
GSM6339597	CGCTACTTCAAATCGC-1	681
GSM6339597	CGCTACTTCACGCCAA-1	35
GSM6339597	CGCTACTTCGCGCTAA-1	170
GSM6339597	CGCTACTTCGCTCCAT-1	411
GSM6339597	CGCTACTTCTCACACC-1	154
GSM6339597	CGCTATGAGACAAACG-1	121
GSM6339597	CGCTATGAGCAAGACA-1	19
GSM6339597	CGCTATGAGCATTTCT-1	20
GSM6339597	CGCTATGAGGTGAAAT-1	25
GSM6339597	CGCTCAGCAGGCAAGC-1	400
GSM6339597	CGCTCAGCAGGCTAAG-1	299
GSM6339597	CGCTCAGCATGAATCT-1	221
GSM6339597	CGCTCCATCATTTGTC-1	14
GSM6339597	CGCTCCATCCTTAGGG-1	242
GSM6339597	CGCTCCATCGTTATAG-1	281
GSM6339597	CGCTGTGCACCTCGCT-1	13
GSM6339597	CGCTGTGCACGAATTT-1	130
GSM6339597	CGCTGTGCAGCAACCT-1	43
GSM6339597	CGCTGTGCATAGCAGG-1	18
GSM6339597	CGCTTAACAAGGTGCA-1	146
GSM6339597	CGCTTAACATTATGCG-1	144
GSM6339597	CGCTTACTCACTCGCT-1	11
GSM6339597	CGCTTACTCATCCTAT-1	355
GSM6339597	CGCTTACTCCCATAAA-1	351
GSM6339597	CGCTTACTCGCTAAGT-1	260
GSM6339597	CGCTTACTCGCTTGCT-1	129
GSM6339597	CGCTTACTCGTTTCGC-1	507
GSM6339597	CGCTTACTCTAACCAA-1	125
GSM6339597	CGCTTCTAGAGAGGAG-1	344
GSM6339597	CGCTTCTAGCATGGTT-1	183
GSM6339597	CGCTTCTAGCCTGACA-1	65
GSM6339597	CGCTTCTAGCTGCACA-1	124
GSM6339597	CGCTTCTAGGGCCATC-1	374
GSM6339597	CGCTTCTAGTAGAGGC-1	348
GSM6339597	CGCTTGCGTATTTGGG-1	65
GSM6339597	CGCTTGCGTGAATCGC-1	187
GSM6339597	CGCTTGCGTGGAAACG-1	299
GSM6339597	CGCTTGCGTTGGTGAC-1	383
GSM6339597	CGCTTGCGTTTCGCCA-1	20
GSM6339597	CGGAATCGTCCCGAAG-1	243
GSM6339597	CGGAATCGTGACATAT-1	23
GSM6339597	CGGAATCGTTTCCACG-1	7
GSM6339597	CGGACAACAAAGCGCA-1	195
GSM6339597	CGGACAACAACCCTCC-1	85
GSM6339597	CGGACAACAAGCGAGC-1	163
GSM6339597	CGGACAACAAGTGTTT-1	88
GSM6339597	CGGACAACACTAAGAA-1	154
GSM6339597	CGGACAACATTCAGCA-1	90
GSM6339597	CGGACAACATTGGGAG-1	6
GSM6339597	CGGACCTAGAAGCTAG-1	411
GSM6339597	CGGACCTAGATAAAGC-1	81
GSM6339597	CGGACCTAGGCAAGTA-1	524
GSM6339597	CGGACCTAGGTTTACA-1	575
GSM6339597	CGGACCTAGTAAGTGG-1	167
GSM6339597	CGGACCTAGTCATCCC-1	409
GSM6339597	CGGACCTAGTTACCGG-1	230
GSM6339597	CGGACCTAGTTAGACC-1	196
GSM6339597	CGGAGCAAGCCGCTTT-1	49
GSM6339597	CGGAGCAAGTCCTTCA-1	447
GSM6339597	CGGAGTCTCAACAAGG-1	153
GSM6339597	CGGAGTCTCACTTCAT-1	188
GSM6339597	CGGAGTCTCGTTCACC-1	285
GSM6339597	CGGAGTCTCTAGCGTG-1	163
GSM6339597	CGGAGTCTCTGTTCAT-1	276
GSM6339597	CGGATAAAGCACGTTG-1	183
GSM6339597	CGGATAAAGCACTAGT-1	50
GSM6339597	CGGATAAAGGAGGGTT-1	123
GSM6339597	CGGATAAAGTATTGTG-1	15
GSM6339597	CGGATTAGTGATGAGG-1	104
GSM6339597	CGGATTAGTGCGCGTA-1	345
GSM6339597	CGGATTAGTGGATGTC-1	500
GSM6339597	CGGATTAGTTAATGCG-1	279
GSM6339597	CGGCAATGTAGTTACG-1	6
GSM6339597	CGGCAATGTCATTGTC-1	69
GSM6339597	CGGCAATGTTTCCGGC-1	157
GSM6339597	CGGCAATGTTTGGCGG-1	12
GSM6339597	CGGCAATGTTTGGGTA-1	560
GSM6339597	CGGCCATAGATGGAGC-1	69
GSM6339597	CGGCCATAGCGAGCGA-1	194
GSM6339597	CGGCCATAGGCTCATG-1	98
GSM6339597	CGGCCATAGGCTGTCA-1	102
GSM6339597	CGGCCATAGTAGGCGG-1	145
GSM6339597	CGGCTAATCATGGTTA-1	169
GSM6339597	CGGCTAATCCTAATGA-1	298
GSM6339597	CGGCTAATCGAAGCGG-1	14
GSM6339597	CGGCTCACATATAACC-1	158
GSM6339597	CGGGACAAGCACTTGG-1	208
GSM6339597	CGGGACAAGGCTAATC-1	138
GSM6339597	CGGGCTTAGAGGAAGG-1	289
GSM6339597	CGGGCTTAGCATTATG-1	114
GSM6339597	CGGGCTTAGTGAGCGG-1	97
GSM6339597	CGGGTATGTTAATGAC-1	101
GSM6339597	CGGGTATGTTCCGGGA-1	244
GSM6339597	CGGGTATGTTGTTGGA-1	241
GSM6339597	CGGGTCTAGAGGGACT-1	51
GSM6339597	CGGGTCTAGTACCGCA-1	58
GSM6339597	CGGGTCTAGTATCGCG-1	130
GSM6339597	CGGTAACGTAATGACT-1	436
GSM6339597	CGGTAACGTGAACAAA-1	419
GSM6339597	CGGTAACGTTACTTGC-1	426
GSM6339597	CGGTAACGTTAGGTTG-1	208
GSM6339597	CGGTAACGTTGGCCGA-1	17
GSM6339597	CGGTAACGTTTACCGT-1	74
GSM6339597	CGGTGAACAGAACCGA-1	127
GSM6339597	CGGTGAACAGCTTAGC-1	240
GSM6339597	CGGTGAACAGGAAGCC-1	146
GSM6339597	CGGTGAACATGCAACC-1	213
GSM6339597	CGGTGAGAGAAACTGG-1	124
GSM6339597	CGGTGAGAGCTTAGTA-1	97
GSM6339597	CGGTGAGAGGAACGGT-1	55
GSM6339597	CGGTGAGAGTAACGGA-1	504
GSM6339597	CGGTGAGAGTCAGTAC-1	65
GSM6339597	CGGTGAGAGTCGCAAT-1	5
GSM6339597	CGGTGAGAGTGAACGA-1	399
GSM6339597	CGGTTATAGCCAGTAT-1	157
GSM6339597	CGGTTATAGCCGCAGT-1	115
GSM6339597	CGGTTATAGCGGTTAT-1	275
GSM6339597	CGGTTATAGGTCAAAG-1	175
GSM6339597	CGGTTATAGTAAGTGG-1	412
GSM6339597	CGGTTATAGTTAGGCT-1	132
GSM6339597	CGGTTCCGTAAACAAG-1	125
GSM6339597	CGGTTCCGTATTGTCC-1	134
GSM6339597	CGGTTCCGTCGTAAAT-1	433
GSM6339597	CGGTTCCGTGGATTCA-1	91
GSM6339597	CGGTTCCGTTAGACCA-1	86
GSM6339597	CGGTTCCGTTGACTTC-1	81
GSM6339597	CGGTTGGGTCGACTAA-1	300
GSM6339597	CGGTTGGGTCGCAATA-1	30
GSM6339597	CGGTTGGGTGCTCACC-1	144
GSM6339597	CGGTTGGGTTTGGCTT-1	308
GSM6339597	CGGTTTCTCGTTATAG-1	199
GSM6339597	CGGTTTGAGCTTCTCA-1	479
GSM6339597	CGGTTTGAGGTTAGAG-1	193
GSM6339597	CGTAACCCAAACCCTA-1	189
GSM6339597	CGTAACCCACATAACT-1	167
GSM6339597	CGTAACCCAGCTTACA-1	13
GSM6339597	CGTAACCCAGGCGATA-1	49
GSM6339597	CGTAACTAGATTCCTT-1	14
GSM6339597	CGTAACTAGCCTCTGT-1	152
GSM6339597	CGTAACTAGGTCCTGA-1	176
GSM6339597	CGTAACTAGTCCTTTG-1	9
GSM6339597	CGTAACTAGTCTCACC-1	139
GSM6339597	CGTAACTAGTTAACCA-1	80
GSM6339597	CGTAACTAGTTATGGC-1	77
GSM6339597	CGTAATGGTCCCGAAG-1	281
GSM6339597	CGTAATGGTGGTTCTT-1	190
GSM6339597	CGTACGGGTAGCTGCG-1	368
GSM6339597	CGTACGGGTAGCTGGT-1	134
GSM6339597	CGTACGGGTATGGTGC-1	123
GSM6339597	CGTACGGGTCATAACG-1	55
GSM6339597	CGTACGGGTTCAAGAT-1	299
GSM6339597	CGTAGCGGTAGACAAA-1	30
GSM6339597	CGTAGCGGTCCAAATG-1	9
GSM6339597	CGTAGCGGTGATGGCT-1	63
GSM6339597	CGTAGCGGTGGACATC-1	71
GSM6339597	CGTAGTTAGAACAAGT-1	451
GSM6339597	CGTAGTTAGTAAAGGT-1	26
GSM6339597	CGTAGTTAGTTTGTCT-1	277
GSM6339597	CGTATTGCACTAGGTC-1	122
GSM6339597	CGTATTGCAGCCAGAA-1	299
GSM6339597	CGTATTGCATAGCGAG-1	201
GSM6339597	CGTATTGCATGCTCCC-1	44
GSM6339597	CGTATTGCATTATGCG-1	266
GSM6339597	CGTATTGCATTATGGT-1	39
GSM6339597	CGTCAATAGCAAGGAC-1	367
GSM6339597	CGTCAATAGGGCTAAA-1	101
GSM6339597	CGTCAATAGGTAGCTT-1	137
GSM6339597	CGTCATTGTGGACATC-1	117
GSM6339597	CGTCATTGTGTTGTGA-1	609
GSM6339597	CGTCATTGTTTAGCGA-1	88
GSM6339597	CGTCCTAGTGGATGTC-1	130
GSM6339597	CGTCCTAGTGGGTGAA-1	180
GSM6339597	CGTGACATCAATGAGG-1	128
GSM6339597	CGTGACATCACAGACT-1	109
GSM6339597	CGTGACATCCCGTTGT-1	96
GSM6339597	CGTGACATCCTAACGG-1	26
GSM6339597	CGTGACATCCTGAATA-1	140
GSM6339597	CGTGACATCGCTCACT-1	145
GSM6339597	CGTGACATCGGGCCAT-1	189
GSM6339597	CGTGAGGAGCGTGCGT-1	234
GSM6339597	CGTGAGGAGTGAACGA-1	47
GSM6339597	CGTGAGGAGTTTGTCT-1	212
GSM6339597	CGTGCACAGAAGCTAG-1	78
GSM6339597	CGTGCACAGATTGAGG-1	134
GSM6339597	CGTGCACAGCGTGCAC-1	103
GSM6339597	CGTGCACAGGACAACA-1	37
GSM6339597	CGTGCACAGGATAAAC-1	115
GSM6339597	CGTGCACAGGTAACGA-1	11
GSM6339597	CGTGCACAGTCACTAA-1	446
GSM6339597	CGTGCACAGTGTTGCG-1	245
GSM6339597	CGTGCTGCAGGAACCA-1	624
GSM6339597	CGTGCTGCATGTTGTG-1	116
GSM6339597	CGTGCTTTCAATACGC-1	4
GSM6339597	CGTGCTTTCAATGAGG-1	205
GSM6339597	CGTGCTTTCACGCCAA-1	6
GSM6339597	CGTGCTTTCCAAATCA-1	113
GSM6339597	CGTGCTTTCTGGCAAT-1	23
GSM6339597	CGTGCTTTCTTTGTAC-1	61
GSM6339597	CGTGGTTCATCACAGC-1	370
GSM6339597	CGTGGTTCATGACTAT-1	257
GSM6339597	CGTGTGTCACCAACCG-1	292
GSM6339597	CGTGTGTCAGGCAAGC-1	174
GSM6339597	CGTGTTACAACTGGGA-1	74
GSM6339597	CGTGTTACAAGGTATA-1	25
GSM6339597	CGTGTTACACGTTACA-1	113
GSM6339597	CGTGTTACACTGGCTG-1	111
GSM6339597	CGTTAAATCAACCAAC-1	173
GSM6339597	CGTTAAATCAGGTTTA-1	60
GSM6339597	CGTTAAATCATAATCG-1	53
GSM6339597	CGTTAAATCCAGGTCA-1	143
GSM6339597	CGTTAAATCTTAGTCT-1	169
GSM6339597	CGTTAACAGCTTTGTT-1	446
GSM6339597	CGTTAACAGGAGTCTT-1	285
GSM6339597	CGTTAACAGTTAGCCG-1	133
GSM6339597	CGTTAGGTCGCCTGTT-1	29
GSM6339597	CGTTAGGTCGCTTGCT-1	206
GSM6339597	CGTTAGGTCGGTTACG-1	15
GSM6339597	CGTTAGGTCTCCTCTT-1	54
GSM6339597	CGTTAGTAGATAACCC-1	153
GSM6339597	CGTTAGTAGCATGACT-1	129
GSM6339597	CGTTAGTAGGCTGTCA-1	106
GSM6339597	CGTTAGTAGGTATTGC-1	13
GSM6339597	CGTTATCGTCGTTACT-1	105
GSM6339597	CGTTATCGTCTCACTG-1	159
GSM6339597	CGTTATCGTCTCAGCC-1	27
GSM6339597	CGTTATCGTGGATGTC-1	361
GSM6339597	CGTTATTTCCCGTTAC-1	34
GSM6339597	CGTTATTTCCTGGTCT-1	55
GSM6339597	CGTTGCAAGCAAGGTA-1	278
GSM6339597	CGTTGCAAGTCACGAT-1	138
GSM6339597	CGTTGCAAGTTGCGTG-1	55
GSM6339597	CGTTGCGCAAACTGTT-1	98
GSM6339597	CGTTGCGCAGGCATGA-1	49
GSM6339597	CGTTGCGCATCAATCG-1	8
GSM6339597	CGTTGCGCATTTGCTC-1	19
GSM6339597	CGTTTGGAGAGAGGAG-1	19
GSM6339597	CGTTTGGAGCAAGGAC-1	97
GSM6339597	CGTTTGGAGCGATACT-1	214
GSM6339597	CGTTTGGAGGACCTGC-1	25
GSM6339597	CGTTTGGAGGCTTAAC-1	119
GSM6339597	CGTTTGGAGTCCTTCA-1	391
GSM6339597	CTAAAGCTCTTGCTAT-1	164
GSM6339597	CTAAATGTCAAATCGC-1	40
GSM6339597	CTAAATGTCAATTACG-1	88
GSM6339597	CTAAATGTCATGGCTG-1	82
GSM6339597	CTAAATGTCCCGTTAC-1	146
GSM6339597	CTAAATGTCCCTCACG-1	67
GSM6339597	CTAAATGTCCTCCATA-1	91
GSM6339597	CTAAATGTCGTGCTTC-1	185
GSM6339597	CTAAATGTCTAATCAG-1	106
GSM6339597	CTAAATGTCTGCAACG-1	251
GSM6339597	CTAAATGTCTTTGTAC-1	31
GSM6339597	CTAACCACACTTGTTC-1	138
GSM6339597	CTAACCACAGTTATGT-1	99
GSM6339597	CTAACCACATTGTGCA-1	303
GSM6339597	CTAACCCTCAAGCCTG-1	102
GSM6339597	CTAACCCTCAAGTGAG-1	30
GSM6339597	CTAACCCTCACGTTAA-1	352
GSM6339597	CTAACCCTCCAAGTGT-1	247
GSM6339597	CTAACCCTCCGTAAAC-1	80
GSM6339597	CTAACCCTCGGTTAGT-1	481
GSM6339597	CTAACCTGTAGCAGCT-1	147
GSM6339597	CTAACCTGTTTACTTG-1	209
GSM6339597	CTAACCTGTTTGTCTA-1	33
GSM6339597	CTAAGGTTCAAGGACA-1	149
GSM6339597	CTAAGGTTCTAGCTTT-1	204
GSM6339597	CTAAGTCAGGCCAATT-1	14
GSM6339597	CTAAGTCAGGCGCACT-1	18
GSM6339597	CTAAGTCAGTAATCCA-1	206
GSM6339597	CTAATAGTCAAACCTA-1	109
GSM6339597	CTAATAGTCACGCCAA-1	142
GSM6339597	CTAATAGTCAGGCCTA-1	201
GSM6339597	CTAATAGTCATCCTAT-1	95
GSM6339597	CTAATAGTCCGCTAGA-1	433
GSM6339597	CTAATAGTCCTGAATA-1	55
GSM6339597	CTAATCCGTACGGGTT-1	7
GSM6339597	CTAATCCGTGAAGCCT-1	76
GSM6339597	CTAATCCGTTGCACGG-1	83
GSM6339597	CTAATCCGTTGGATAT-1	98
GSM6339597	CTAATCGCAACTGGCT-1	89
GSM6339597	CTAATCGCACCTCAGG-1	20
GSM6339597	CTAATCGCACTTGTTC-1	20
GSM6339597	CTAATCGCAGCACGAA-1	180
GSM6339597	CTAATCGCAGCTCAAC-1	14
GSM6339597	CTAATCGCATTGTGGC-1	5
GSM6339597	CTAATCTTCAGGGCCT-1	11
GSM6339597	CTAATCTTCATCGTTT-1	29
GSM6339597	CTAATCTTCCATAAGC-1	17
GSM6339597	CTAATCTTCCATAATG-1	201
GSM6339597	CTAATGTCAAACGCGA-1	132
GSM6339597	CTAATGTCAATCCCTT-1	243
GSM6339597	CTAATGTCATAATCCG-1	10
GSM6339597	CTAATGTCATTGCGAC-1	126
GSM6339597	CTAATTGAGAACCTGT-1	25
GSM6339597	CTAATTGAGGATCACT-1	379
GSM6339597	CTAATTGAGTAACGAG-1	128
GSM6339597	CTAATTGAGTTAGAGG-1	323
GSM6339597	CTACAACAGCAGCTCA-1	354
GSM6339597	CTACAACAGCATGTTA-1	87
GSM6339597	CTACAACAGCCGCAGT-1	143
GSM6339597	CTACAACAGTAACGGA-1	439
GSM6339597	CTACAACAGTTAGCCG-1	107
GSM6339597	CTACAACAGTTATTCC-1	364
GSM6339597	CTACCGGCACCTAAGC-1	254
GSM6339597	CTACCGGCAGAGGGAG-1	58
GSM6339597	CTACCGGCAGATAGAC-1	84
GSM6339597	CTACCGGCAGCAACAG-1	80
GSM6339597	CTACCGGCAGGCTAAG-1	230
GSM6339597	CTACCGGCATCAATCG-1	194
GSM6339597	CTACCTCAGCTCGCTT-1	18
GSM6339597	CTACCTCAGGACCTTG-1	122
GSM6339597	CTACCTCAGGCATGAA-1	598
GSM6339597	CTACCTCAGTCTGGGC-1	31
GSM6339597	CTACGAAGTATTCGCT-1	97
GSM6339597	CTACGAAGTCAGGAAG-1	542
GSM6339597	CTACGAAGTGATCATG-1	26
GSM6339597	CTACGAAGTTGTAAAC-1	356
GSM6339597	CTACTAAAGCTCAATA-1	239
GSM6339597	CTACTAAAGGACACTT-1	130
GSM6339597	CTACTAAAGGAGCAAC-1	427
GSM6339597	CTACTAAAGGTCAAAG-1	245
GSM6339597	CTACTAAAGTATTGTG-1	24
GSM6339597	CTACTAAAGTTTGGGT-1	11
GSM6339597	CTACTTAGTCATGAGC-1	159
GSM6339597	CTACTTAGTGAAACAA-1	230
GSM6339597	CTACTTAGTTAGTGAT-1	158
GSM6339597	CTAGATTCACTGGCTG-1	68
GSM6339597	CTAGATTCAGGTTCAC-1	183
GSM6339597	CTAGATTCAGTCTAAT-1	22
GSM6339597	CTAGATTCATACCCGG-1	32
GSM6339597	CTAGCGGGTAATAGCT-1	43
GSM6339597	CTAGCGGGTTGCACAA-1	27
GSM6339597	CTAGCTGAGGACGTAA-1	486
GSM6339597	CTAGCTGAGGCTGGCT-1	131
GSM6339597	CTAGCTGAGTAACTCA-1	26
GSM6339597	CTAGCTTGTACGATTG-1	5
GSM6339597	CTAGCTTGTAGCTGCG-1	204
GSM6339597	CTAGCTTGTCATGCCC-1	483
GSM6339597	CTAGCTTGTGATCATG-1	259
GSM6339597	CTAGCTTGTTGACTTC-1	58
GSM6339597	CTAGCTTGTTGGCCGA-1	70
GSM6339597	CTAGGACGTCTCAGCC-1	147
GSM6339597	CTAGGACGTGAAGCCT-1	350
GSM6339597	CTAGGACGTTGAAGCC-1	30
GSM6339597	CTAGGACGTTGGCCGA-1	153
GSM6339597	CTAGGCGGTCCCGGAA-1	36
GSM6339597	CTAGGCGGTGAGCACT-1	27
GSM6339597	CTAGGCGGTTAGTGAT-1	121
GSM6339597	CTAGTAATCCCTCATA-1	214
GSM6339597	CTAGTAATCCGGCTAA-1	265
GSM6339597	CTAGTAATCCTGAATA-1	109
GSM6339597	CTAGTAATCGCATTAA-1	159
GSM6339597	CTAGTAGGTCAATGTG-1	14
GSM6339597	CTAGTAGGTCAGGAAG-1	28
GSM6339597	CTAGTAGGTCATGCCC-1	157
GSM6339597	CTAGTCGAGCAGGCCT-1	205
GSM6339597	CTAGTCGAGGTTTGAC-1	542
GSM6339597	CTAGTCGAGTTTCCTG-1	91
GSM6339597	CTAGTGAGTACAATGT-1	209
GSM6339597	CTAGTGAGTCATAAGT-1	114
GSM6339597	CTAGTGAGTGGCTTCC-1	244
GSM6339597	CTAGTGAGTGTTGTAG-1	152
GSM6339597	CTAGTGAGTTGCTTCG-1	13
GSM6339597	CTAGTTGCAACTGGGA-1	110
GSM6339597	CTAGTTGCAGGAACCA-1	144
GSM6339597	CTAGTTGCATGGCCCA-1	242
GSM6339597	CTATAACCAACACCTA-1	108
GSM6339597	CTATAACCAATAGCAA-1	40
GSM6339597	CTATAACCAGCATGTC-1	197
GSM6339597	CTATAACCAGGAACCA-1	118
GSM6339597	CTATAACCATATTGAC-1	222
GSM6339597	CTATAACCATTATGGT-1	22
GSM6339597	CTATGACAGGAAGCTA-1	6
GSM6339597	CTATGACAGGAGTCTT-1	11
GSM6339597	CTATGACAGGTGAAAT-1	32
GSM6339597	CTATGACAGGTGAGAC-1	15
GSM6339597	CTATGACAGTTGCGTG-1	24
GSM6339597	CTATGAGGTAAACAAG-1	258
GSM6339597	CTATGAGGTAAGCTCA-1	177
GSM6339597	CTATGAGGTAGTTAAC-1	238
GSM6339597	CTATGAGGTCACAGAC-1	191
GSM6339597	CTATGAGGTCACCAAA-1	300
GSM6339597	CTATGAGGTCGTTACT-1	15
GSM6339597	CTATGAGGTGGATTAT-1	144
GSM6339597	CTATGAGGTGGTTCTT-1	77
GSM6339597	CTATGATCAGGACCAA-1	339
GSM6339597	CTATGATCATTATGAC-1	79
GSM6339597	CTATGGCCACAAAGGT-1	212
GSM6339597	CTATGGCCACTAGGTC-1	120
GSM6339597	CTATGGCCATGCTATG-1	87
GSM6339597	CTATTACTCACCAATA-1	483
GSM6339597	CTATTACTCAGGTCCA-1	236
GSM6339597	CTATTACTCCACCTTA-1	116
GSM6339597	CTATTACTCCTGAATA-1	568
GSM6339597	CTATTACTCCTGGTCT-1	4
GSM6339597	CTATTACTCGACCTGA-1	134
GSM6339597	CTATTACTCGCTAAGT-1	217
GSM6339597	CTATTACTCTACCTCA-1	7
GSM6339597	CTATTCAGTAATCGGC-1	7
GSM6339597	CTATTCAGTACGGTAC-1	25
GSM6339597	CTATTCAGTGGTGAGA-1	47
GSM6339597	CTATTCAGTGTCCTGC-1	225
GSM6339597	CTATTCAGTTAGCTGA-1	59
GSM6339597	CTATTCAGTTAGTGAT-1	37
GSM6339597	CTATTCAGTTGCCTCA-1	14
GSM6339597	CTATTCAGTTTAGCGA-1	158
GSM6339597	CTATTGAAGGGACTAA-1	248
GSM6339597	CTATTGAAGGGCTAAA-1	452
GSM6339597	CTCAATAAGACTATTG-1	92
GSM6339597	CTCAATAAGCCTGACA-1	99
GSM6339597	CTCAATAAGGAGCACG-1	401
GSM6339597	CTCAATAAGGCAAGTA-1	199
GSM6339597	CTCAATAAGGCTACTG-1	273
GSM6339597	CTCACAACAAAGCTAA-1	331
GSM6339597	CTCACAACATTAAACC-1	35
GSM6339597	CTCACACTCCAAACAC-1	5
GSM6339597	CTCACACTCCTAATAG-1	6
GSM6339597	CTCACACTCTAATTGG-1	299
GSM6339597	CTCACACTCTCACAAA-1	186
GSM6339597	CTCACACTCTCGCCTG-1	158
GSM6339597	CTCACACTCTTGTTCG-1	8
GSM6339597	CTCACTCAGCAACATC-1	179
GSM6339597	CTCACTCAGCACCACA-1	64
GSM6339597	CTCACTCAGGATTGCT-1	48
GSM6339597	CTCACTCAGGCTACAT-1	203
GSM6339597	CTCACTCAGGTTTGCG-1	16
GSM6339597	CTCACTCAGTTATTCC-1	127
GSM6339597	CTCAGGATCAGCACGC-1	311
GSM6339597	CTCAGGATCATGCGTG-1	21
GSM6339597	CTCAGGATCCACAATA-1	13
GSM6339597	CTCAGGATCCGGTTGA-1	152
GSM6339597	CTCAGGATCGGTACGC-1	126
GSM6339597	CTCAGGATCTAGCGAT-1	31
GSM6339597	CTCAGGATCTCAATAG-1	17
GSM6339597	CTCATCATCAGTATTG-1	58
GSM6339597	CTCATCATCATCAGTA-1	370
GSM6339597	CTCATCATCCGCATGA-1	181
GSM6339597	CTCATCATCTCGCCCA-1	55
GSM6339597	CTCATCATCTTTGAGA-1	507
GSM6339597	CTCATGACAGCAAGAT-1	102
GSM6339597	CTCATGACAGCTAATT-1	97
GSM6339597	CTCATGACATCACAGC-1	170
GSM6339597	CTCATGACATCATGTG-1	83
GSM6339597	CTCATGACATCCTAGA-1	162
GSM6339597	CTCATGACATCGCTTT-1	151
GSM6339597	CTCATGCTCAGCTAAC-1	22
GSM6339597	CTCATGCTCCCGAACA-1	15
GSM6339597	CTCATTAGTCAAAGAA-1	9
GSM6339597	CTCATTAGTGAGGTAG-1	11
GSM6339597	CTCATTGTCAACCAAC-1	18
GSM6339597	CTCATTGTCAATCTAG-1	24
GSM6339597	CTCATTGTCAGGAACA-1	86
GSM6339597	CTCATTGTCCTGGCTT-1	4
GSM6339597	CTCATTTAGCTATATG-1	291
GSM6339597	CTCATTTAGGTCCTGA-1	301
GSM6339597	CTCATTTAGTTTAACG-1	196
GSM6339597	CTCCAAACAAATACCT-1	15
GSM6339597	CTCCAAACAATTTAGC-1	222
GSM6339597	CTCCAAACACCAGCAT-1	264
GSM6339597	CTCCAAACACCGGTAT-1	50
GSM6339597	CTCCAACTCAATACGC-1	22
GSM6339597	CTCCAACTCATGGTGT-1	241
GSM6339597	CTCCAACTCCGGTTGA-1	312
GSM6339597	CTCCAACTCGACAAAG-1	117
GSM6339597	CTCCAACTCGTTAAGC-1	100
GSM6339597	CTCCATCAGAGAGGAG-1	21
GSM6339597	CTCCATCAGCGCCTAA-1	31
GSM6339597	CTCCATCAGCGGATAA-1	18
GSM6339597	CTCCATCAGGACCTCA-1	11
GSM6339597	CTCCCTGAGATAACCC-1	150
GSM6339597	CTCCCTGAGCATGGTT-1	45
GSM6339597	CTCCCTGAGCTAATTG-1	185
GSM6339597	CTCCCTGAGCTATTGA-1	435
GSM6339597	CTCCCTGAGGAGCACG-1	500
GSM6339597	CTCCCTGAGTATTGTG-1	8
GSM6339597	CTCCCTGAGTGGCGGA-1	230
GSM6339597	CTCCCTGAGTTAGACC-1	95
GSM6339597	CTCCGGACAAGTGTTT-1	135
GSM6339597	CTCCGGACATTAAACC-1	117
GSM6339597	CTCCGTCCACGAATTT-1	124
GSM6339597	CTCCGTCCACGTAATT-1	91
GSM6339597	CTCCGTCCACTATGGC-1	567
GSM6339597	CTCCGTCCAGGTTACC-1	168
GSM6339597	CTCCGTCCAGGTTTGC-1	17
GSM6339597	CTCCTAATCAGAAACG-1	305
GSM6339597	CTCCTAATCAGGCTAT-1	162
GSM6339597	CTCCTAATCATGCATA-1	206
GSM6339597	CTCCTAATCCACCTTA-1	142
GSM6339597	CTCCTAATCGCGACAC-1	75
GSM6339597	CTCCTAATCTGCAACG-1	130
GSM6339597	CTCCTCACAACCTAAT-1	23
GSM6339597	CTCCTCACAATGCCCG-1	42
GSM6339597	CTCCTCACAGCAACAG-1	164
GSM6339597	CTCCTCACAGTTTGTG-1	118
GSM6339597	CTCCTGAGTAAAGCAA-1	8
GSM6339597	CTCCTGAGTAATCACG-1	17
GSM6339597	CTCCTGAGTATGGTGC-1	115
GSM6339597	CTCCTGAGTGTGTGGT-1	233
GSM6339597	CTCCTGAGTTGGTGAC-1	182
GSM6339597	CTCCTGAGTTGGTTAG-1	177
GSM6339597	CTCCTGAGTTTATCTG-1	313
GSM6339597	CTCGACAAGCAAGGAC-1	165
GSM6339597	CTCGACAAGCATTATG-1	93
GSM6339597	CTCGACAAGCGGCTGT-1	46
GSM6339597	CTCGACAAGCTCCCTG-1	128
GSM6339597	CTCGACAAGTAACGGA-1	165
GSM6339597	CTCGCTAGTGAAACAA-1	165
GSM6339597	CTCGCTAGTTCAAGAT-1	193
GSM6339597	CTCGCTCCAAGACTCC-1	228
GSM6339597	CTCGCTCCAGCTTACA-1	44
GSM6339597	CTCGCTCCATTGTGGC-1	74
GSM6339597	CTCGTTATCCCTCATA-1	17
GSM6339597	CTCGTTATCGTAATCA-1	161
GSM6339597	CTCTAAGCAGGCTAGA-1	14
GSM6339597	CTCTAAGCATAATGTC-1	459
GSM6339597	CTCTAGCTCAATCTCT-1	383
GSM6339597	CTCTAGCTCACCTGCT-1	107
GSM6339597	CTCTAGCTCAGGTCCA-1	276
GSM6339597	CTCTAGCTCATAAGCC-1	258
GSM6339597	CTCTAGCTCCCGAAGC-1	383
GSM6339597	CTCTATGTCCCGTTAC-1	431
GSM6339597	CTCTATGTCCCTTGCG-1	290
GSM6339597	CTCTATGTCCTGAGTG-1	57
GSM6339597	CTCTATGTCTCACACC-1	148
GSM6339597	CTCTCACAGCCGGTAC-1	37
GSM6339597	CTCTCACAGCGAGTAA-1	18
GSM6339597	CTCTCACAGTCAATTG-1	128
GSM6339597	CTCTCACAGTCTCACC-1	242
GSM6339597	CTCTGTTCAAGGGTTG-1	160
GSM6339597	CTCTGTTCACAATGTT-1	114
GSM6339597	CTCTGTTCACTTCACT-1	87
GSM6339597	CTCTTGATCAATGAGG-1	356
GSM6339597	CTCTTGATCATTCATC-1	260
GSM6339597	CTCTTGATCTGTTCAT-1	122
GSM6339597	CTGAAACTCATTAGCA-1	145
GSM6339597	CTGAAACTCGAAGTAG-1	146
GSM6339597	CTGAAACTCGTTAAGC-1	340
GSM6339597	CTGAATATCAATTGGC-1	12
GSM6339597	CTGAATATCCAGGTCA-1	269
GSM6339597	CTGAATATCGCAAACT-1	43
GSM6339597	CTGAATATCGCTAAGT-1	113
GSM6339597	CTGACATAGAGCAAGC-1	2
GSM6339597	CTGACATAGCAGGTGG-1	79
GSM6339597	CTGACATAGCCTGACA-1	46
GSM6339597	CTGACATAGCCTGAGC-1	75
GSM6339597	CTGACATAGTTCCTCA-1	527
GSM6339597	CTGACATAGTTGTCAA-1	72
GSM6339597	CTGACCAAGACTTACA-1	280
GSM6339597	CTGACCAAGGAAGCTA-1	346
GSM6339597	CTGACCAAGGCGGGTA-1	215
GSM6339597	CTGATCACAATTAACC-1	284
GSM6339597	CTGATCACACCAAAGG-1	567
GSM6339597	CTGATCACACGTAATT-1	66
GSM6339597	CTGATCACAGATTCAT-1	91
GSM6339597	CTGATCACAGCTTAGC-1	39
GSM6339597	CTGATCACAGGAACTG-1	38
GSM6339597	CTGCAATAGCAACATC-1	123
GSM6339597	CTGCAATAGCATGACT-1	250
GSM6339597	CTGCAATAGGATCACT-1	184
GSM6339597	CTGCAATAGGTGTCCA-1	167
GSM6339597	CTGCAATAGTGGACAA-1	25
GSM6339597	CTGCTACTCCCGTTTA-1	103
GSM6339597	CTGCTACTCCGCTAGA-1	114
GSM6339597	CTGCTCCCAAACGGGC-1	167
GSM6339597	CTGCTCCCAAGCCAGA-1	132
GSM6339597	CTGCTCCCAATCCTGA-1	51
GSM6339597	CTGCTCCCAATTAGCT-1	175
GSM6339597	CTGCTCCCACCGGCTA-1	118
GSM6339597	CTGCTCCCAGGAATCG-1	147
GSM6339597	CTGGACCAGAAAGCAT-1	332
GSM6339597	CTGGACCAGACTAAGG-1	181
GSM6339597	CTGGACCAGCAAGGAC-1	52
GSM6339597	CTGGACCAGGTGAAGC-1	126
GSM6339597	CTGGATGTCAAGTGTC-1	206
GSM6339597	CTGGATGTCATTACTC-1	42
GSM6339597	CTGGATGTCCATAATG-1	453
GSM6339597	CTGGATGTCGCATCCT-1	6
GSM6339597	CTGGATGTCGCTTCTA-1	34
GSM6339597	CTGGATGTCGGTCAAT-1	232
GSM6339597	CTGGATGTCTTAGGAC-1	48
GSM6339597	CTGGCTAAGAATCTCA-1	123
GSM6339597	CTGGCTAAGCATTAGC-1	244
GSM6339597	CTGGCTAAGGAGCATA-1	103
GSM6339597	CTGGCTAAGGATCACT-1	418
GSM6339597	CTGGCTAAGGGTCTAT-1	219
GSM6339597	CTGGCTTTCATGGCCA-1	156
GSM6339597	CTGGTAAGTATCTGGA-1	143
GSM6339597	CTGGTAAGTCGTTACT-1	181
GSM6339597	CTGGTAAGTTGCACGG-1	140
GSM6339597	CTGGTAAGTTGTTCAC-1	244
GSM6339597	CTGGTAAGTTGTTGTC-1	35
GSM6339597	CTGGTAAGTTTAGTCC-1	154
GSM6339597	CTGGTCAAGACAACGA-1	109
GSM6339597	CTGGTCAAGCGAGCGA-1	261
GSM6339597	CTGGTCAAGCGATACT-1	107
GSM6339597	CTGGTCAAGCTAGAAG-1	10
GSM6339597	CTGGTCAAGGACTTAC-1	71
GSM6339597	CTGGTCAAGGGTGAGT-1	58
GSM6339597	CTGGTCAAGTCCTGAG-1	388
GSM6339597	CTGGTTACAAGCTACC-1	172
GSM6339597	CTGGTTACAAGGCCAA-1	203
GSM6339597	CTGGTTACACCTACGG-1	128
GSM6339597	CTGGTTACACGTAAGG-1	70
GSM6339597	CTGGTTACATCTAGCA-1	42
GSM6339597	CTGGTTACATGCTATG-1	164
GSM6339597	CTGGTTTGTAACGTGC-1	89
GSM6339597	CTGGTTTGTAGTTAAC-1	28
GSM6339597	CTGGTTTGTCATCCTG-1	52
GSM6339597	CTGGTTTGTTGCTTCG-1	45
GSM6339597	CTGGTTTGTTTAGTCC-1	181
GSM6339597	CTGTAACAGCCATCAG-1	238
GSM6339597	CTGTAACAGGGCTAAA-1	171
GSM6339597	CTGTAACAGGTTTGCG-1	128
GSM6339597	CTGTAACAGTGTGATC-1	357
GSM6339597	CTGTAACAGTTATGTG-1	163
GSM6339597	CTGTACCTCCAAGTGT-1	12
GSM6339597	CTGTACCTCCTAAGTA-1	100
GSM6339597	CTGTATTTCAAGGACA-1	66
GSM6339597	CTGTATTTCATAGACC-1	19
GSM6339597	CTGTATTTCTAAGGTC-1	67
GSM6339597	CTGTGTGAGCTAAGTC-1	30
GSM6339597	CTGTGTGAGCTTAACA-1	124
GSM6339597	CTGTGTGAGCTTAGTA-1	174
GSM6339597	CTGTGTGAGCTTTGGG-1	215
GSM6339597	CTGTGTGAGTTTCCGC-1	263
GSM6339597	CTGTTCATCCCATAGG-1	128
GSM6339597	CTGTTCATCCCGAACA-1	137
GSM6339597	CTGTTCATCCCGTTTA-1	110
GSM6339597	CTGTTCATCGATAACC-1	231
GSM6339597	CTGTTCATCTCCATAT-1	160
GSM6339597	CTGTTCATCTTAGTGA-1	136
GSM6339597	CTGTTCATCTTGAGGT-1	322
GSM6339597	CTGTTGGAGACTCGCA-1	264
GSM6339597	CTGTTGGAGCACTAAC-1	404
GSM6339597	CTGTTGGAGCTGTCAG-1	88
GSM6339597	CTGTTGGAGGTTTGAC-1	122
GSM6339597	CTGTTGGAGTAACTCA-1	360
GSM6339597	CTGTTGGAGTCAATCA-1	121
GSM6339597	CTGTTTAGTAAGCTCA-1	128
GSM6339597	CTGTTTAGTACCGTTT-1	187
GSM6339597	CTGTTTAGTAGCTGCG-1	41
GSM6339597	CTGTTTAGTGTGAGAG-1	52
GSM6339597	CTGTTTAGTTAAGTGT-1	6
GSM6339597	CTGTTTAGTTGCGCGA-1	128
GSM6339597	CTTAACAAGACTTACA-1	8
GSM6339597	CTTAACAAGCCTGGTA-1	193
GSM6339597	CTTAACAAGGAGTAAT-1	11
GSM6339597	CTTAACAAGGGTGGAT-1	105
GSM6339597	CTTAACAAGGTTACAC-1	110
GSM6339597	CTTAACAAGTTAGTGC-1	9
GSM6339597	CTTAACAAGTTTGAGC-1	15
GSM6339597	CTTAAGATCACAAGCT-1	189
GSM6339597	CTTAAGATCCATTACT-1	255
GSM6339597	CTTAAGATCCGCCTAT-1	425
GSM6339597	CTTAAGATCCTCATGC-1	116
GSM6339597	CTTAAGATCTTAGGAC-1	155
GSM6339597	CTTAAGGGTACGGTAC-1	102
GSM6339597	CTTAAGGGTATTGTGG-1	46
GSM6339597	CTTAAGGGTGCATCGG-1	94
GSM6339597	CTTAAGGGTTACAAAC-1	71
GSM6339597	CTTAAGGGTTTGCTGT-1	32
GSM6339597	CTTAATGAGGCTGTCA-1	558
GSM6339597	CTTAATGAGTATTGTG-1	38
GSM6339597	CTTACCGGTACGTTTC-1	556
GSM6339597	CTTACCGGTATGGTGC-1	321
GSM6339597	CTTACCGGTCATTACC-1	11
GSM6339597	CTTACCGGTGCGCATG-1	23
GSM6339597	CTTACCGGTTGCACAA-1	139
GSM6339597	CTTACCTCACGGTACT-1	339
GSM6339597	CTTACTAGTGATGGCT-1	87
GSM6339597	CTTACTAGTTACTTGC-1	84
GSM6339597	CTTACTAGTTGTTGTC-1	300
GSM6339597	CTTAGGAGTAAACAAG-1	230
GSM6339597	CTTAGGAGTTCACCCA-1	61
GSM6339597	CTTAGTTTCGCCTAAG-1	62
GSM6339597	CTTAGTTTCTATGACA-1	42
GSM6339597	CTTAGTTTCTTAGGAC-1	159
GSM6339597	CTTATGTTCCAGGAAA-1	14
GSM6339597	CTTATGTTCCGTAAAC-1	255
GSM6339597	CTTATGTTCGGCCATA-1	92
GSM6339597	CTTATGTTCGGCTAGC-1	153
GSM6339597	CTTATGTTCGTACCGA-1	61
GSM6339597	CTTATGTTCGTTAGCG-1	16
GSM6339597	CTTATGTTCTACCTAT-1	8
GSM6339597	CTTATGTTCTCGCCCA-1	6
GSM6339597	CTTATTGGTAATGGCC-1	391
GSM6339597	CTTATTGGTGGCTTCC-1	203
GSM6339597	CTTATTGGTTGAAGCC-1	278
GSM6339597	CTTATTGGTTGAGCCG-1	419
GSM6339597	CTTCAAGCAGAACCGA-1	446
GSM6339597	CTTCAAGCAGAATGAC-1	136
GSM6339597	CTTCAAGCATTGTCCT-1	126
GSM6339597	CTTCAATTCAATAGCC-1	78
GSM6339597	CTTCAATTCCAGGTTG-1	179
GSM6339597	CTTCAATTCGCATTAA-1	378
GSM6339597	CTTCAATTCTCACAAA-1	147
GSM6339597	CTTCACTCACACCAAC-1	56
GSM6339597	CTTCACTCACATAACT-1	138
GSM6339597	CTTCACTCAGAATGAC-1	414
GSM6339597	CTTCAGGAGCGCCTTT-1	236
GSM6339597	CTTCAGGAGTAGCGCC-1	151
GSM6339597	CTTCAGGAGTTTGTCT-1	115
GSM6339597	CTTCATCCAACTGGGA-1	108
GSM6339597	CTTCATCCAGGCATCT-1	70
GSM6339597	CTTCGCGTCATTAGTG-1	92
GSM6339597	CTTCGCGTCCATAAGC-1	137
GSM6339597	CTTCGCGTCCTAGTTT-1	90
GSM6339597	CTTCTAAGTAAGCTCA-1	131
GSM6339597	CTTCTAAGTCAGTAAT-1	165
GSM6339597	CTTCTAAGTCTATCGT-1	240
GSM6339597	CTTCTAAGTTACATCC-1	112
GSM6339597	CTTCTCAAGATGCCTG-1	73
GSM6339597	CTTCTCAAGCACAGAA-1	73
GSM6339597	CTTCTCAAGCGGTTAT-1	56
GSM6339597	CTTCTCAAGGAAACTG-1	33
GSM6339597	CTTCTCAAGGACCTGC-1	165
GSM6339597	CTTCTCAAGTCCTTCA-1	77
GSM6339597	CTTCTCAAGTCTATGA-1	17
GSM6339597	CTTGAACAGGAAGCTA-1	139
GSM6339597	CTTGAACAGTCAGGCC-1	169
GSM6339597	CTTGAACAGTGACCTG-1	227
GSM6339597	CTTGAATCAATTGAAG-1	359
GSM6339597	CTTGAATCACACCAAC-1	55
GSM6339597	CTTGAATCACATGCTA-1	354
GSM6339597	CTTGAATCAGCGCTTG-1	121
GSM6339597	CTTGAATCAGTTTGTG-1	122
GSM6339597	CTTGAATCATTAAACC-1	56
GSM6339597	CTTGAATCATTATGCG-1	118
GSM6339597	CTTGACGAGCACTTGG-1	21
GSM6339597	CTTGACGAGCATGTTA-1	69
GSM6339597	CTTGACGAGCCAAATC-1	47
GSM6339597	CTTGACGAGCCTCTCG-1	116
GSM6339597	CTTGACGAGGAACGGT-1	50
GSM6339597	CTTGCAACAATTGAAG-1	169
GSM6339597	CTTGCAACATAATGAG-1	16
GSM6339597	CTTGCAACATGAGCAG-1	116
GSM6339597	CTTGCAACATTAGCGC-1	152
GSM6339597	CTTGCAACATTAGGTT-1	137
GSM6339597	CTTGCATGTCGAAGTC-1	183
GSM6339597	CTTGCATGTGCAATGC-1	82
GSM6339597	CTTGCATGTTATCGAG-1	99
GSM6339597	CTTGCATGTTATTGCC-1	74
GSM6339597	CTTGCGCGTAGGATTT-1	39
GSM6339597	CTTGCGCGTCAAAGAA-1	190
GSM6339597	CTTGCGCGTCCGTGAG-1	166
GSM6339597	CTTGCGCGTCTAACAG-1	5
GSM6339597	CTTGCGCGTGAACAAA-1	34
GSM6339597	CTTGCGCGTGACCTGG-1	73
GSM6339597	CTTGCGCGTTCGCTTG-1	5
GSM6339597	CTTGCTCAGAGGAGTC-1	82
GSM6339597	CTTGCTCAGAGGATAT-1	98
GSM6339597	CTTGCTCAGGCAACAA-1	30
GSM6339597	CTTGCTCAGGCGCTTA-1	46
GSM6339597	CTTGCTCAGGGATGCG-1	142
GSM6339597	CTTGCTCAGGTATTGC-1	48
GSM6339597	CTTGCTCAGTGAACAG-1	146
GSM6339597	CTTGCTCAGTGAGGGT-1	368
GSM6339597	CTTGCTCAGTTTCCGC-1	147
GSM6339597	CTTGGACCAAAGCTCC-1	67
GSM6339597	CTTGGACCAAGTGAAC-1	36
GSM6339597	CTTGGACCAGCATGAG-1	63
GSM6339597	CTTGGACCAGCATTAT-1	107
GSM6339597	CTTGGACCAGCCGCTA-1	46
GSM6339597	CTTGTAAAGTAATCCA-1	203
GSM6339597	CTTGTAAAGTAGAGGC-1	212
GSM6339597	CTTGTAAAGTTGCCTC-1	24
GSM6339597	CTTGTCCAGCCTGATG-1	64
GSM6339597	CTTGTCCAGGGTGGAT-1	116
GSM6339597	CTTGTTCCAAACTAAG-1	90
GSM6339597	CTTGTTCCACAAGCCT-1	173
GSM6339597	CTTGTTCCATCCGTAA-1	241
GSM6339597	CTTGTTTAGAACCTAC-1	7
GSM6339597	CTTGTTTAGACTTACA-1	9
GSM6339597	CTTGTTTAGGAATAAC-1	49
GSM6339597	CTTGTTTAGTGTTGTA-1	7
GSM6339597	CTTTAGTTCGGTTCCT-1	485
GSM6339597	CTTTAGTTCTTTAAGG-1	185
GSM6339597	CTTTATCAGAGGATAT-1	11
GSM6339597	CTTTATCAGCATGTTA-1	6
GSM6339597	CTTTATCAGCGTGCGT-1	40
GSM6339597	CTTTATCAGCTAAGTC-1	82
GSM6339597	CTTTATGGTCCTTAGT-1	198
GSM6339597	CTTTATGGTGTTGCAA-1	166
GSM6339597	CTTTATGGTTCCGCAC-1	22
GSM6339597	CTTTATGGTTTGGTTC-1	144
GSM6339597	CTTTCTTGTCGACTCC-1	22
GSM6339597	CTTTCTTGTGAATCGC-1	230
GSM6339597	CTTTCTTGTGACATAT-1	157
GSM6339597	CTTTCTTGTTACATCC-1	99
GSM6339597	CTTTGAGCAAACCTTG-1	42
GSM6339597	CTTTGAGCAAGGCCAA-1	199
GSM6339597	CTTTGAGCACTTGTTC-1	41
GSM6339597	CTTTGAGCAGGATAAC-1	32
GSM6339597	CTTTGAGCATACCCGG-1	112
GSM6339597	CTTTGAGCATGTTGTG-1	481
GSM6339597	CTTTGGGAGCAAACCT-1	152
GSM6339597	CTTTGGGAGCCTGGTA-1	145
GSM6339597	CTTTGGGAGGACCGCT-1	449
GSM6339597	CTTTGGGAGGCCATCA-1	91
GSM6339597	CTTTGGGAGTAGCGGG-1	134
GSM6339597	CTTTGGGAGTTGTCCC-1	117
GSM6339597	CTTTGGTGTCAATGTG-1	22
GSM6339597	CTTTGGTGTCGTAAAT-1	132
GSM6339597	CTTTGGTGTGCATTAG-1	396
GSM6339597	CTTTGGTGTGGTTAGC-1	106
GSM6339597	CTTTGTCCAAGTGTTT-1	347
GSM6339597	CTTTGTCCACCCACCT-1	254
GSM6339597	CTTTGTCCAGGGAGCT-1	19
GSM6339597	GAAACCCGTGTAACCA-1	69
GSM6339597	GAAACCCGTTAGGATT-1	37
GSM6339597	GAAACCCGTTAGTTGG-1	89
GSM6339597	GAAACTGAGCCGGTAC-1	32
GSM6339597	GAAACTGAGCGGATTT-1	104
GSM6339597	GAAACTGAGGTGAAGC-1	130
GSM6339597	GAAACTGAGTTAGAGG-1	72
GSM6339597	GAAAGCCAGCTCAAAC-1	239
GSM6339597	GAAAGCCAGCTCGCTT-1	240
GSM6339597	GAAAGCCAGGTGAGAC-1	12
GSM6339597	GAAAGCCAGTAAGGGC-1	156
GSM6339597	GAAAGGCTCGCTAGCA-1	112
GSM6339597	GAACACAAGCATGCAT-1	438
GSM6339597	GAACACAAGCTTAGTA-1	137
GSM6339597	GAACACAAGGACTAAG-1	15
GSM6339597	GAACACAAGGCTACTG-1	447
GSM6339597	GAACCAAAGACAAGTG-1	88
GSM6339597	GAACCAAAGCTTTGGG-1	127
GSM6339597	GAACCAAAGCTTTGTT-1	356
GSM6339597	GAACCAAAGGATGATG-1	190
GSM6339597	GAACCAAAGGCTTAAC-1	88
GSM6339597	GAACCAAAGTAAGAAC-1	120
GSM6339597	GAACCAAAGTCACGAT-1	57
GSM6339597	GAACCAGCAATAAGCA-1	123
GSM6339597	GAACCAGCACCGTTCC-1	72
GSM6339597	GAACCAGCAGGAACAT-1	572
GSM6339597	GAACCAGCATTATGGT-1	128
GSM6339597	GAACCGCTCAGCACCA-1	8
GSM6339597	GAACCGCTCATTACGA-1	185
GSM6339597	GAACCGCTCCTCAGCT-1	433
GSM6339597	GAACCGCTCGCATTAA-1	159
GSM6339597	GAACCTGTCCAATTAG-1	42
GSM6339597	GAACCTGTCCTCACTA-1	80
GSM6339597	GAACCTGTCGCTAGCA-1	114
GSM6339597	GAACCTGTCTCCATAT-1	347
GSM6339597	GAACCTTAGGGACCTC-1	25
GSM6339597	GAACCTTAGGTCCTAG-1	133
GSM6339597	GAACCTTAGTCTCACC-1	95
GSM6339597	GAACCTTAGTTATTCC-1	331
GSM6339597	GAACCTTAGTTTGAGC-1	192
GSM6339597	GAACGAATCATGAAGG-1	71
GSM6339597	GAACGAATCATGCATA-1	285
GSM6339597	GAACGAATCATTGTCT-1	84
GSM6339597	GAACGAATCCGGTTAG-1	448
GSM6339597	GAACGAATCCGTTAAA-1	249
GSM6339597	GAACGAATCCTAGTCC-1	112
GSM6339597	GAACGAATCCTTGAGG-1	144
GSM6339597	GAACGAATCGACCTGA-1	169
GSM6339597	GAACGAATCTTGAGGT-1	151
GSM6339597	GAACGAATCTTTAGGA-1	386
GSM6339597	GAACTTATCATTACTC-1	185
GSM6339597	GAACTTATCCTTGCAC-1	20
GSM6339597	GAACTTATCTTTGACT-1	86
GSM6339597	GAAGCCTGTATTTGCC-1	96
GSM6339597	GAAGCCTGTTCATTTG-1	249
GSM6339597	GAAGCTAAGAATGACG-1	13
GSM6339597	GAAGCTAAGCCTGGTA-1	117
GSM6339597	GAAGCTAAGGGATGCG-1	75
GSM6339597	GAAGCTAAGGTAGCTT-1	263
GSM6339597	GAAGGAACACAGACTC-1	174
GSM6339597	GAAGGAACAGTGAACG-1	84
GSM6339597	GAAGGAACATCAATCG-1	388
GSM6339597	GAAGGAACATTGTTGG-1	158
GSM6339597	GAAGGATGTACTGATG-1	119
GSM6339597	GAAGGATGTCATAGAT-1	121
GSM6339597	GAAGGATGTCCTCCAA-1	424
GSM6339597	GAAGGCCCACAAAGCG-1	105
GSM6339597	GAAGGCCCACATACTG-1	304
GSM6339597	GAAGGCCCACGTTACA-1	138
GSM6339597	GAAGGCCCAGGAACTG-1	553
GSM6339597	GAAGGCCCATCATGTG-1	146
GSM6339597	GAAGGCCCATCCCTCA-1	33
GSM6339597	GAAGGCCCATTAGGTT-1	191
GSM6339597	GAAGGCCCATTGTGGC-1	137
GSM6339597	GAAGGCTAGAATCGCT-1	105
GSM6339597	GAAGGCTAGCGATACT-1	32
GSM6339597	GAAGGCTAGGAGTCGG-1	12
GSM6339597	GAAGGCTAGGGCCACT-1	213
GSM6339597	GAAGGCTAGGTCTTGG-1	31
GSM6339597	GAAGTAAGTCTTACTA-1	321
GSM6339597	GAAGTAAGTGATCAGC-1	72
GSM6339597	GAAGTAAGTGTGTGGT-1	106
GSM6339597	GAAGTAAGTTCCGGGA-1	108
GSM6339597	GAAGTAAGTTGGTTAG-1	81
GSM6339597	GAAGTATAGCACGATT-1	224
GSM6339597	GAAGTATAGGACCAGG-1	63
GSM6339597	GAAGTATAGGTCCGTA-1	100
GSM6339597	GAAGTCAAGCTCAAAC-1	37
GSM6339597	GAAGTCAAGGCCAATT-1	210
GSM6339597	GAAGTCAAGTAACAGG-1	33
GSM6339597	GAAGTCAAGTGAGAGC-1	48
GSM6339597	GAAGTGATCAAGCGCC-1	160
GSM6339597	GAAGTGATCATCACTT-1	186
GSM6339597	GAAGTGATCCTCATGC-1	61
GSM6339597	GAAGTGATCCTGGTCT-1	69
GSM6339597	GAAGTGATCGGTTAGT-1	94
GSM6339597	GAAGTGATCGGTTTCC-1	568
GSM6339597	GAAGTGATCTTGAGGT-1	148
GSM6339597	GAATTTGTCATAACGC-1	5
GSM6339597	GAATTTGTCCGGTTAG-1	535
GSM6339597	GAATTTGTCGCTATGG-1	69
GSM6339597	GACAATACAGGCCATT-1	192
GSM6339597	GACAATACATAGACTT-1	20
GSM6339597	GACAATACATCATGTG-1	179
GSM6339597	GACACCGGTAACGGGA-1	91
GSM6339597	GACACCGGTCACACCC-1	210
GSM6339597	GACACCGGTGAGACTC-1	137
GSM6339597	GACACCGGTGTTCCCA-1	18
GSM6339597	GACACCGGTTGGTGAC-1	257
GSM6339597	GACATAGAGAAAGCAT-1	77
GSM6339597	GACATAGAGACAACGA-1	153
GSM6339597	GACATAGAGCAAGACA-1	402
GSM6339597	GACATAGAGGCAACAA-1	22
GSM6339597	GACATAGAGTACCGCA-1	227
GSM6339597	GACATAGAGTCTTGAA-1	205
GSM6339597	GACATAGAGTTATGGC-1	47
GSM6339597	GACATAGAGTTGGGCC-1	214
GSM6339597	GACATTATCGGTACGC-1	399
GSM6339597	GACCGAACAAGGCCAA-1	241
GSM6339597	GACCGAACATTGCGAC-1	56
GSM6339597	GACCGTTCATGTGGGA-1	286
GSM6339597	GACCTAAGTAATAGCT-1	105
GSM6339597	GACCTAAGTAGTTACG-1	16
GSM6339597	GACCTAGTCCGCCAAA-1	48
GSM6339597	GACCTAGTCCTCAGCT-1	309
GSM6339597	GACCTAGTCGGCCAGT-1	121
GSM6339597	GACCTAGTCTGTTGCC-1	58
GSM6339597	GACCTCAAGGACGTAA-1	202
GSM6339597	GACCTCAAGTCACTAA-1	270
GSM6339597	GACCTCAAGTTAGTGC-1	114
GSM6339597	GACCTGATCATGTCAA-1	23
GSM6339597	GACCTGATCCACCCTG-1	281
GSM6339597	GACCTGATCGAGGTGG-1	219
GSM6339597	GACCTGATCTAAGGAG-1	189
GSM6339597	GACCTGCAGACACTTA-1	274
GSM6339597	GACCTGCAGGCGCATC-1	177
GSM6339597	GACCTGCAGGTAAGCA-1	358
GSM6339597	GACCTGCAGGTCGATT-1	65
GSM6339597	GACCTGCAGTTAACCA-1	91
GSM6339597	GACCTTTGTAATGGAA-1	11
GSM6339597	GACCTTTGTACAAAGA-1	461
GSM6339597	GACCTTTGTAGCAGCT-1	69
GSM6339597	GACCTTTGTGATCATG-1	339
GSM6339597	GACCTTTGTTTGGGTA-1	25
GSM6339597	GACGCAACAAAGCTAA-1	27
GSM6339597	GACGCAACACAACAGG-1	84
GSM6339597	GACGCAACACCTATAG-1	162
GSM6339597	GACGCCTAGAAGCTAG-1	172
GSM6339597	GACGCCTAGACTATTG-1	134
GSM6339597	GACGCCTAGCAAGACA-1	92
GSM6339597	GACGCCTAGCCTGGTA-1	198
GSM6339597	GACGCCTAGCGCAATT-1	361
GSM6339597	GACGCCTAGGCTACAT-1	70
GSM6339597	GACGCCTAGGTCCGTA-1	58
GSM6339597	GACGCCTAGGTTTGAC-1	300
GSM6339597	GACGTAAAGCAGGTTT-1	128
GSM6339597	GACGTAAAGCGGATAA-1	27
GSM6339597	GACGTAAAGGAACGCG-1	138
GSM6339597	GACGTAAAGGTCATTA-1	40
GSM6339597	GACGTAAAGGTTACGT-1	173
GSM6339597	GACGTAAAGTGAGAGC-1	25
GSM6339597	GACGTAAAGTGTTGCG-1	136
GSM6339597	GACGTAAAGTTACCGG-1	106
GSM6339597	GACTAATGTCATTGAG-1	49
GSM6339597	GACTAATGTTCCGCAC-1	124
GSM6339597	GACTAATGTTGTTGCT-1	24
GSM6339597	GACTATTCAAGCTTTG-1	52
GSM6339597	GACTATTCACCTATAG-1	227
GSM6339597	GACTATTCACTCGCTC-1	334
GSM6339597	GACTATTCAGGAACAT-1	85
GSM6339597	GACTATTCATGTCGCG-1	131
GSM6339597	GACTCACCACCATATG-1	339
GSM6339597	GACTCACCACCCACCT-1	137
GSM6339597	GACTCACCATAAGTCT-1	165
GSM6339597	GACTCACCATTGCGGT-1	14
GSM6339597	GACTCACCATTGTCAG-1	32
GSM6339597	GACTTACAGCCTGACA-1	263
GSM6339597	GACTTACAGCGTGCGT-1	19
GSM6339597	GACTTACAGCTAAGTC-1	144
GSM6339597	GACTTACAGGCCTAAT-1	117
GSM6339597	GACTTACAGGCTGTCA-1	78
GSM6339597	GACTTAGGTAAATTGC-1	345
GSM6339597	GACTTAGGTAACCAGC-1	6
GSM6339597	GACTTAGGTCAGTAAT-1	128
GSM6339597	GACTTAGGTCTTACTA-1	97
GSM6339597	GACTTAGGTGGTGAGA-1	76
GSM6339597	GACTTAGGTTCCGCAC-1	145
GSM6339597	GACTTAGGTTTGCGAA-1	13
GSM6339597	GACTTGGTCATAGCCG-1	75
GSM6339597	GACTTGGTCCTGATTT-1	85
GSM6339597	GAGAACCAGCCTGACA-1	152
GSM6339597	GAGAACCAGGCATTGT-1	174
GSM6339597	GAGAACCAGTAGCCAT-1	123
GSM6339597	GAGAACCAGTAGCGGG-1	54
GSM6339597	GAGAGGCGTAGACAAA-1	151
GSM6339597	GAGAGGCGTGATCATG-1	91
GSM6339597	GAGAGGCGTTATCGAG-1	124
GSM6339597	GAGAGGCGTTGAGCCG-1	139
GSM6339597	GAGAGGCGTTTAACGG-1	123
GSM6339597	GAGAGGCGTTTGGGTA-1	308
GSM6339597	GAGATAAGTAAGGTTT-1	23
GSM6339597	GAGATAAGTCATCATC-1	379
GSM6339597	GAGATAAGTGAATCGC-1	223
GSM6339597	GAGATAAGTTAGACCA-1	95
GSM6339597	GAGATAAGTTGTGATG-1	143
GSM6339597	GAGCAAATCATTGTCT-1	43
GSM6339597	GAGCAAATCGCCTGTT-1	131
GSM6339597	GAGCAAGGTGCTTAGA-1	127
GSM6339597	GAGCATGCAATTGCGC-1	32
GSM6339597	GAGCATGCACAGGGAC-1	355
GSM6339597	GAGCATGCAGCTAATT-1	18
GSM6339597	GAGCATGCAGGACCTT-1	138
GSM6339597	GAGCATGCAGTAGCCT-1	112
GSM6339597	GAGCATGCATAATGTC-1	78
GSM6339597	GAGCCACTCACTTTAC-1	83
GSM6339597	GAGCCACTCAGGAACA-1	195
GSM6339597	GAGCCACTCGAGCAAA-1	60
GSM6339597	GAGCCACTCGCTCACT-1	628
GSM6339597	GAGCCACTCGTTTCCA-1	217
GSM6339597	GAGCCACTCTCCTCTT-1	234
GSM6339597	GAGCCTTCAAGGTGGC-1	184
GSM6339597	GAGCCTTCACATTAAC-1	271
GSM6339597	GAGCCTTCATACCCGG-1	126
GSM6339597	GAGCGAAGTAATGGCC-1	161
GSM6339597	GAGCGAAGTAATTAGC-1	156
GSM6339597	GAGCGAAGTCACCAAA-1	207
GSM6339597	GAGCGATAGATAAAGC-1	54
GSM6339597	GAGCGATAGCTGGACC-1	48
GSM6339597	GAGCGATAGGATGATG-1	218
GSM6339597	GAGCGATAGTAAGTGG-1	173
GSM6339597	GAGCGATAGTCTGGGC-1	17
GSM6339597	GAGCGGTCAAAGGCCA-1	365
GSM6339597	GAGCGGTCAACAGCCT-1	207
GSM6339597	GAGCGGTCAGCTTAGC-1	37
GSM6339597	GAGCTAGCAAACTGTT-1	130
GSM6339597	GAGCTAGCAATGCCCG-1	312
GSM6339597	GAGCTAGCACAAAGCG-1	104
GSM6339597	GAGCTAGCAGTTTGGC-1	171
GSM6339597	GAGCTAGCATGTTTGG-1	78
GSM6339597	GAGCTTAGTAATCGCA-1	186
GSM6339597	GAGCTTAGTCAGGCAT-1	193
GSM6339597	GAGCTTAGTGGGTACT-1	54
GSM6339597	GAGCTTAGTTACTTCA-1	70
GSM6339597	GAGCTTAGTTATGTGG-1	415
GSM6339597	GAGCTTAGTTTACTTG-1	192
GSM6339597	GAGCTTAGTTTCGCGC-1	166
GSM6339597	GAGCTTGTCATTGTTC-1	139
GSM6339597	GAGCTTGTCGCCTGTT-1	76
GSM6339597	GAGCTTGTCGGTCAGC-1	144
GSM6339597	GAGCTTGTCTTAGTGA-1	128
GSM6339597	GAGGACTAGACAAAGT-1	87
GSM6339597	GAGGACTAGCGAAGTA-1	109
GSM6339597	GAGGACTAGGAAGCTA-1	461
GSM6339597	GAGGACTAGTATTGCA-1	42
GSM6339597	GAGGACTAGTATTGTG-1	35
GSM6339597	GAGGACTAGTCTATGA-1	7
GSM6339597	GAGGAGGCACGAATCC-1	122
GSM6339597	GAGGAGGCATTGCGTA-1	147
GSM6339597	GAGGCAAGTAATGACT-1	19
GSM6339597	GAGGCAAGTTAAATGC-1	262
GSM6339597	GAGGCAAGTTCACTGT-1	25
GSM6339597	GAGGCAAGTTGGGTTA-1	7
GSM6339597	GAGGCAAGTTGGTTAG-1	193
GSM6339597	GAGGCCTTCATCACTT-1	148
GSM6339597	GAGGCCTTCATTCATC-1	217
GSM6339597	GAGGCCTTCCCGTTGT-1	195
GSM6339597	GAGGCCTTCCGCAACA-1	76
GSM6339597	GAGGCCTTCCGCCTAT-1	45
GSM6339597	GAGGCCTTCGGTACGC-1	221
GSM6339597	GAGGCTACAAATGCCC-1	33
GSM6339597	GAGGCTACAACACCTA-1	88
GSM6339597	GAGGCTACACAGAACG-1	124
GSM6339597	GAGGCTTGTAAGGTCC-1	162
GSM6339597	GAGGCTTGTTAAGCTG-1	10
GSM6339597	GAGGCTTGTTACGCGG-1	82
GSM6339597	GAGGGAGCAGCTTAAT-1	179
GSM6339597	GAGGGAGCATAATGTC-1	33
GSM6339597	GAGGTACAGCCTGGTA-1	214
GSM6339597	GAGGTACAGCGATACT-1	208
GSM6339597	GAGGTACAGCGGTTAT-1	76
GSM6339597	GAGGTACAGTCAGGCC-1	92
GSM6339597	GAGGTAGGTAACAGGG-1	187
GSM6339597	GAGGTAGGTCAAGACC-1	29
GSM6339597	GAGGTAGGTTAGGCGT-1	42
GSM6339597	GAGGTAGGTTATCGAG-1	36
GSM6339597	GAGGTAGGTTCGCGCT-1	61
GSM6339597	GAGGTGAGTAAGGTTT-1	33
GSM6339597	GAGGTGAGTACGATTG-1	8
GSM6339597	GAGGTGAGTCCAAATG-1	23
GSM6339597	GAGGTGAGTCTTGCTG-1	10
GSM6339597	GAGGTGAGTGCTTACT-1	40
GSM6339597	GAGGTGAGTTAATCGG-1	62
GSM6339597	GAGGTGAGTTTAACCC-1	163
GSM6339597	GAGGTTAAGACTAAGG-1	190
GSM6339597	GAGGTTAAGCAGGCCT-1	182
GSM6339597	GAGGTTAAGCAGGTGG-1	141
GSM6339597	GAGGTTAAGGCCCAGT-1	247
GSM6339597	GAGGTTAAGTAACGGA-1	9
GSM6339597	GAGGTTAAGTCAGGCC-1	70
GSM6339597	GAGGTTAAGTGAACCT-1	9
GSM6339597	GAGTAACCAGCATGTC-1	410
GSM6339597	GAGTAACCATAGGCGA-1	124
GSM6339597	GAGTAACCATTAAGCT-1	144
GSM6339597	GAGTAATAGGCATGTT-1	49
GSM6339597	GAGTATCTCCATAAGC-1	153
GSM6339597	GAGTATCTCCCATAGG-1	79
GSM6339597	GAGTATCTCCTGAATA-1	32
GSM6339597	GAGTATCTCCTTCGTA-1	438
GSM6339597	GAGTCAAAGACTATTG-1	365
GSM6339597	GAGTCAAAGCAAGATG-1	148
GSM6339597	GAGTCAAAGCCACAAT-1	60
GSM6339597	GAGTCAAAGTCGCAAT-1	13
GSM6339597	GAGTCATTCAGCCAAT-1	171
GSM6339597	GAGTCATTCGGTACGC-1	16
GSM6339597	GAGTCATTCTTAAGTG-1	33
GSM6339597	GAGTGAGGTGAGACTC-1	49
GSM6339597	GAGTGAGGTTAAGGTT-1	135
GSM6339597	GAGTGAGGTTGACTTC-1	98
GSM6339597	GAGTGATCAAGTTATC-1	137
GSM6339597	GAGTGATCACAAGCCT-1	142
GSM6339597	GAGTGATCACAGGGAC-1	204
GSM6339597	GAGTGATCAGCACGAA-1	97
GSM6339597	GAGTGATCATAAGTCT-1	76
GSM6339597	GAGTGATCATGAATAG-1	231
GSM6339597	GAGTGATCATGTGGGA-1	108
GSM6339597	GAGTGTTTCATAGACC-1	117
GSM6339597	GAGTTACTCACAGCCA-1	314
GSM6339597	GAGTTACTCGAAGTGA-1	88
GSM6339597	GAGTTACTCGGCCATA-1	230
GSM6339597	GAGTTGCGTACCGTAA-1	33
GSM6339597	GAGTTGCGTATTGCAG-1	117
GSM6339597	GAGTTGCGTGAAGCCT-1	224
GSM6339597	GAGTTTGGTAAGGTCC-1	88
GSM6339597	GAGTTTGGTATTGTGG-1	96
GSM6339597	GAGTTTGGTGCGCGTA-1	302
GSM6339597	GAGTTTGGTTAATGAC-1	195
GSM6339597	GAGTTTGGTTCGCTTG-1	56
GSM6339597	GATAAAGGTCCTAAGA-1	23
GSM6339597	GATAAAGGTGACCTGG-1	162
GSM6339597	GATAAAGGTGCAACTA-1	22
GSM6339597	GATAAAGGTGGTGAGA-1	50
GSM6339597	GATAAAGGTTTAGTCC-1	106
GSM6339597	GATAACGAGCGGGCAA-1	322
GSM6339597	GATAACGAGGACAATG-1	383
GSM6339597	GATAACGAGGTCCGTA-1	68
GSM6339597	GATAACGAGTGATTCA-1	85
GSM6339597	GATAACGAGTTGCCTC-1	20
GSM6339597	GATAAGCCAATTTGGT-1	212
GSM6339597	GATAAGCCACATTGCA-1	47
GSM6339597	GATAAGCCACGGTTTA-1	568
GSM6339597	GATAAGCCAGGTTACC-1	69
GSM6339597	GATAATCGTACGGGTT-1	8
GSM6339597	GATAATCGTCACACCC-1	350
GSM6339597	GATAATCGTCCTTAGT-1	190
GSM6339597	GATAATCGTGAAACAA-1	133
GSM6339597	GATAATCGTTAAGCTG-1	11
GSM6339597	GATAATCGTTCCATTA-1	38
GSM6339597	GATAGACCAACTGGGA-1	63
GSM6339597	GATAGACCAATAGCAA-1	2
GSM6339597	GATAGACCAGTCTAGC-1	112
GSM6339597	GATCAAGAGAGAGGCT-1	10
GSM6339597	GATCAAGAGGACAATG-1	40
GSM6339597	GATCACTAGGAGGGTT-1	134
GSM6339597	GATCACTAGGATCCGC-1	199
GSM6339597	GATCACTAGTTACCGG-1	134
GSM6339597	GATCAGGCAAGGATTA-1	3
GSM6339597	GATCAGGCAAGTGAAC-1	13
GSM6339597	GATCAGGCAGCTTAGC-1	162
GSM6339597	GATCAGGCATTGTGCA-1	133
GSM6339597	GATCAGTTCAATGTCA-1	239
GSM6339597	GATCAGTTCACGCATG-1	290
GSM6339597	GATCAGTTCCGTAAAC-1	306
GSM6339597	GATCAGTTCGATTATG-1	66
GSM6339597	GATCAGTTCTTGATGA-1	218
GSM6339597	GATCCGTCACCTACGG-1	13
GSM6339597	GATCGAGCAACTCGCG-1	364
GSM6339597	GATCGAGCACCTCACC-1	289
GSM6339597	GATCGAGCATGCTCCC-1	19
GSM6339597	GATCGAGCATGTCGCG-1	60
GSM6339597	GATCGATTCAGCAAGA-1	72
GSM6339597	GATCGATTCGCGACAC-1	96
GSM6339597	GATCGCTCAGATAGAC-1	91
GSM6339597	GATCGCTCATCAGCAC-1	197
GSM6339597	GATCGCTCATTGTGCA-1	79
GSM6339597	GATGACTTCAGGGCCT-1	274
GSM6339597	GATGACTTCCTGTTCA-1	89
GSM6339597	GATGACTTCTTAGTCT-1	20
GSM6339597	GATGAGGGTACCCACC-1	26
GSM6339597	GATGAGGGTCAGGAAG-1	11
GSM6339597	GATGAGGGTGCTAGAC-1	21
GSM6339597	GATGAGGGTGTCCAAA-1	160
GSM6339597	GATGCAGCAAACCCTA-1	96
GSM6339597	GATGCAGCAGCTTAAT-1	275
GSM6339597	GATGCAGCAGGAATCG-1	159
GSM6339597	GATGCAGCATGTCAGC-1	216
GSM6339597	GATGCATTCAAGACTC-1	69
GSM6339597	GATGCATTCATGCGTG-1	198
GSM6339597	GATGCATTCCCTCTAA-1	154
GSM6339597	GATGCATTCCTTGCGT-1	252
GSM6339597	GATGCGACAAACTCAT-1	19
GSM6339597	GATGCGACACCAAAGG-1	8
GSM6339597	GATGCGACAGTTTGGC-1	111
GSM6339597	GATGCGACATAATGTC-1	76
GSM6339597	GATGCGACATTTAAGC-1	25
GSM6339597	GATGCTTAGCACAGCC-1	158
GSM6339597	GATGCTTAGGAAGTAT-1	49
GSM6339597	GATGCTTAGGGCCACT-1	185
GSM6339597	GATGCTTAGGTTTGCG-1	598
GSM6339597	GATGCTTAGTGTTGCG-1	177
GSM6339597	GATGCTTAGTTAGTGC-1	512
GSM6339597	GATGGACAGCGATACT-1	146
GSM6339597	GATGGACAGCTTAACA-1	197
GSM6339597	GATGGACAGTGAGCAA-1	52
GSM6339597	GATGGCTGTAGGATCC-1	152
GSM6339597	GATGGCTGTCTATCGT-1	128
GSM6339597	GATGGCTGTGCAACTA-1	13
GSM6339597	GATGGCTGTGGTGAGA-1	166
GSM6339597	GATGGCTGTTTGCAGA-1	26
GSM6339597	GATTAAGCAAACTCAT-1	140
GSM6339597	GATTAAGCAACACTTG-1	243
GSM6339597	GATTAAGCAAGCGATG-1	188
GSM6339597	GATTAAGCAGAAACGT-1	18
GSM6339597	GATTAAGCATAATTGC-1	436
GSM6339597	GATTACGGTCATAGAT-1	38
GSM6339597	GATTACGGTTCATTTG-1	20
GSM6339597	GATTACGGTTTCCGGC-1	31
GSM6339597	GATTACTCAACAGCCT-1	298
GSM6339597	GATTACTCAATCCCTT-1	144
GSM6339597	GATTACTCAGCAAATA-1	52
GSM6339597	GATTACTCATAAGTCT-1	276
GSM6339597	GATTAGCTCAAAGGCA-1	178
GSM6339597	GATTAGCTCATAGACC-1	22
GSM6339597	GATTAGCTCATGGTGT-1	46
GSM6339597	GATTAGCTCTTGCAAA-1	294
GSM6339597	GATTAGTGTAGTTAAC-1	139
GSM6339597	GATTAGTGTCCGGTTC-1	269
GSM6339597	GATTAGTGTGACATAT-1	281
GSM6339597	GATTAGTGTGCTCACC-1	198
GSM6339597	GATTAGTGTTCGGTAA-1	110
GSM6339597	GATTAGTGTTGGTTGA-1	22
GSM6339597	GATTATGTCAGGAACA-1	105
GSM6339597	GATTATGTCATCACTT-1	108
GSM6339597	GATTCAATCCGCAAGC-1	15
GSM6339597	GATTCAATCCTAGTCC-1	12
GSM6339597	GATTCAATCGATAACC-1	176
GSM6339597	GATTCAATCGTCAAGT-1	46
GSM6339597	GATTCAATCTTAGGGT-1	98
GSM6339597	GATTCAGGTTAATGCG-1	180
GSM6339597	GATTCATCAAGCTTTG-1	67
GSM6339597	GATTCATCACTCGCTC-1	418
GSM6339597	GATTCCTGTGATTTGG-1	22
GSM6339597	GATTGATGTATTGTGG-1	43
GSM6339597	GATTGATGTGACCTGG-1	53
GSM6339597	GATTGATGTTCACTGT-1	138
GSM6339597	GATTGATGTTGGCCGA-1	82
GSM6339597	GATTGATGTTGTAAAC-1	214
GSM6339597	GATTGCAGTAAAGCAA-1	234
GSM6339597	GATTGCAGTGTTTGAG-1	512
GSM6339597	GATTGCAGTTGGTTCT-1	84
GSM6339597	GATTGCGTCAATGTGC-1	184
GSM6339597	GATTGCGTCACACAGT-1	287
GSM6339597	GATTGCGTCCACCCTG-1	61
GSM6339597	GATTGCGTCGACCTGA-1	34
GSM6339597	GATTGGCGTACTTAGG-1	146
GSM6339597	GATTGGCGTCACAGCG-1	10
GSM6339597	GATTGGCGTTATAGCG-1	86
GSM6339597	GATTGGCGTTGTCATC-1	287
GSM6339597	GATTGGCGTTTACCGT-1	172
GSM6339597	GATTGGCGTTTATGGG-1	72
GSM6339597	GATTGGTTCATGCTTT-1	49
GSM6339597	GATTGTTCAAGTAAGC-1	84
GSM6339597	GATTGTTCAGAGAGCC-1	221
GSM6339597	GATTGTTCATAATGTC-1	183
GSM6339597	GATTTGCAGATAAAGC-1	80
GSM6339597	GATTTGCAGATGGACA-1	95
GSM6339597	GATTTGCAGGATAAAC-1	242
GSM6339597	GATTTGCAGGATTTGC-1	145
GSM6339597	GATTTGCAGGCTGTCA-1	147
GSM6339597	GATTTGCAGTAAGTGG-1	242
GSM6339597	GATTTGCAGTGCACGC-1	34
GSM6339597	GATTTGCAGTGGCGGA-1	98
GSM6339597	GATTTGCAGTTGCCTC-1	241
GSM6339597	GCAAACAAGCTGCACA-1	186
GSM6339597	GCAAACAAGGAATAAC-1	57
GSM6339597	GCAAACAAGTCCTGAG-1	31
GSM6339597	GCAAACCGTAACGAGG-1	21
GSM6339597	GCAAACCGTATACTGG-1	217
GSM6339597	GCAAACCGTCGCAATA-1	40
GSM6339597	GCAAACCGTTATGTGG-1	377
GSM6339597	GCAAACCGTTCCGCAC-1	39
GSM6339597	GCAAACTTCGCAAACT-1	201
GSM6339597	GCAAACTTCGTACCGA-1	13
GSM6339597	GCAACAGCAAACTAAG-1	227
GSM6339597	GCAACAGCAATTGACT-1	258
GSM6339597	GCAAGCCTCCGGAACC-1	180
GSM6339597	GCAAGCCTCCGGCTAA-1	172
GSM6339597	GCAAGCCTCCTGTTCA-1	107
GSM6339597	GCAAGTCGTTCACCAT-1	78
GSM6339597	GCAAGTGCAAAGCTAA-1	173
GSM6339597	GCAAGTGCACTTACAG-1	97
GSM6339597	GCAAGTGCATTAAAGG-1	100
GSM6339597	GCAATAGAGCGGATTT-1	94
GSM6339597	GCAATAGAGGCCAATT-1	188
GSM6339597	GCAATATGTTATCGAG-1	16
GSM6339597	GCAATCTAGCTTACTT-1	139
GSM6339597	GCAATCTAGTCGCAAT-1	5
GSM6339597	GCAATGTTCAAGCTTA-1	120
GSM6339597	GCAATGTTCCTGAGTG-1	62
GSM6339597	GCAATGTTCTAAATCG-1	93
GSM6339597	GCAATGTTCTAAGGAG-1	44
GSM6339597	GCACATTAGAGGAAGG-1	282
GSM6339597	GCACATTAGCAAGGTA-1	106
GSM6339597	GCACATTAGGTCCGTA-1	198
GSM6339597	GCACATTAGTTATTCC-1	350
GSM6339597	GCACCTAAGCAAGGTA-1	57
GSM6339597	GCACCTAAGGACTAAG-1	14
GSM6339597	GCACGAACAACAGGTG-1	130
GSM6339597	GCACGCTAGACTAAGG-1	12
GSM6339597	GCACGCTAGCTATTGA-1	46
GSM6339597	GCACGCTAGGAATAAC-1	17
GSM6339597	GCACGCTAGGCGGATG-1	183
GSM6339597	GCACGCTAGTGAAGTG-1	123
GSM6339597	GCACGGTTCCATAAGC-1	327
GSM6339597	GCACGGTTCGTCCTTA-1	73
GSM6339597	GCACGGTTCTAATTGG-1	492
GSM6339597	GCACGGTTCTCGACCT-1	222
GSM6339597	GCACGGTTCTGTTGCC-1	51
GSM6339597	GCACTAAGTAATCGTG-1	71
GSM6339597	GCACTAAGTACCGTTT-1	318
GSM6339597	GCACTAAGTACTGAAT-1	343
GSM6339597	GCACTAAGTATGGTGC-1	34
GSM6339597	GCACTAAGTCGTAAAT-1	161
GSM6339597	GCACTAAGTTAGAGCC-1	18
GSM6339597	GCACTAAGTTATCCTA-1	15
GSM6339597	GCACTAAGTTTGGGTA-1	58
GSM6339597	GCAGCAACAAGATTCT-1	237
GSM6339597	GCAGCAACACCACAAC-1	23
GSM6339597	GCAGCAACAGGCGATA-1	120
GSM6339597	GCAGCAACATGTCAGC-1	171
GSM6339597	GCAGCCAGTCGACTAA-1	231
GSM6339597	GCAGCCAGTTAGTGAT-1	5
GSM6339597	GCAGCCAGTTGGGTTA-1	3
GSM6339597	GCAGCCAGTTGTTGGA-1	198
GSM6339597	GCAGCTATCATCACTT-1	83
GSM6339597	GCAGCTATCATTATGG-1	75
GSM6339597	GCAGCTATCATTTGTC-1	237
GSM6339597	GCAGGAAGTCATAGAT-1	181
GSM6339597	GCAGGAAGTGACATAT-1	169
GSM6339597	GCAGGAAGTGTGAGAG-1	52
GSM6339597	GCAGGAAGTTATCCGT-1	91
GSM6339597	GCAGGACCAAATTCGT-1	24
GSM6339597	GCAGGACCAATACTGT-1	215
GSM6339597	GCAGGACCAATGCGCT-1	240
GSM6339597	GCAGGACCACCTCGCT-1	11
GSM6339597	GCAGGACCAGCAATAA-1	43
GSM6339597	GCAGGACCAGGCCAAA-1	337
GSM6339597	GCAGGACCAGGCTACT-1	107
GSM6339597	GCAGGACCATCCCTCA-1	147
GSM6339597	GCAGGATAGATTCCTT-1	27
GSM6339597	GCAGGATAGCACCACA-1	174
GSM6339597	GCAGGATAGCAGGCCT-1	35
GSM6339597	GCAGGATAGTTGCGTG-1	57
GSM6339597	GCAGGCAAGTTGGCCA-1	125
GSM6339597	GCAGGCTTCACTCAAA-1	115
GSM6339597	GCAGGCTTCCTCATCA-1	260
GSM6339597	GCAGGCTTCGGCTATG-1	214
GSM6339597	GCAGGCTTCTCCTCAA-1	134
GSM6339597	GCAGGTGAGACAAACG-1	205
GSM6339597	GCAGGTGAGACTAAGG-1	471
GSM6339597	GCAGGTGAGAGGAGGA-1	300
GSM6339597	GCAGGTGAGGTGCGGA-1	46
GSM6339597	GCAGGTTGTAACGGGA-1	134
GSM6339597	GCAGGTTGTAAGCTTG-1	226
GSM6339597	GCAGGTTGTACGGTAC-1	50
GSM6339597	GCAGGTTGTAGCTGGT-1	201
GSM6339597	GCATATATCATGCTTT-1	107
GSM6339597	GCATATATCCAGGTTG-1	78
GSM6339597	GCATATATCTTAATGG-1	170
GSM6339597	GCATCCTTCATTACGA-1	396
GSM6339597	GCATCCTTCATTGTTC-1	120
GSM6339597	GCATCCTTCCCAGTAG-1	163
GSM6339597	GCATCCTTCGTTTCCA-1	128
GSM6339597	GCATCCTTCTCACAAA-1	241
GSM6339597	GCATGAAAGACTTATG-1	139
GSM6339597	GCATGAAAGCTCCTTA-1	216
GSM6339597	GCATGAAAGTAAAGGT-1	89
GSM6339597	GCATGAAAGTGTGATC-1	71
GSM6339597	GCATGAGCAACACTTG-1	133
GSM6339597	GCATGAGCACATACTG-1	142
GSM6339597	GCATGAGCAGGAACCA-1	123
GSM6339597	GCATTAGGTAGGTTGC-1	119
GSM6339597	GCATTAGGTATTGTGG-1	72
GSM6339597	GCATTAGGTCACGGAT-1	41
GSM6339597	GCATTAGGTCGCATAA-1	12
GSM6339597	GCATTGCCACGGTTTA-1	84
GSM6339597	GCCAACATCCACCCTG-1	340
GSM6339597	GCCAACATCCCTCACG-1	97
GSM6339597	GCCAACATCCTAGTTT-1	197
GSM6339597	GCCAACATCCTGATTT-1	136
GSM6339597	GCCAACATCTTAGCCC-1	103
GSM6339597	GCCAATAGTATTGTCC-1	19
GSM6339597	GCCAATAGTCACAGCG-1	101
GSM6339597	GCCAATAGTCGTTACT-1	71
GSM6339597	GCCAATAGTTACTAGG-1	38
GSM6339597	GCCAATAGTTCCTCCT-1	14
GSM6339597	GCCAATAGTTGAGGTC-1	159
GSM6339597	GCCAATTAGAGCCGGA-1	11
GSM6339597	GCCAATTAGATAACCC-1	353
GSM6339597	GCCAATTAGCAGCTAT-1	26
GSM6339597	GCCAATTAGGAGTCTT-1	53
GSM6339597	GCCAATTAGTCTTGAA-1	228
GSM6339597	GCCAATTAGTTTCCTG-1	183
GSM6339597	GCCACAATCAATCTAG-1	201
GSM6339597	GCCACAATCACGCCAA-1	234
GSM6339597	GCCACAATCCGTCCAT-1	201
GSM6339597	GCCACAATCCTTGCAC-1	275
GSM6339597	GCCACACAGTGAGGTA-1	41
GSM6339597	GCCACACAGTGTTGCG-1	151
GSM6339597	GCCACACAGTTAGAGG-1	207
GSM6339597	GCCACTAAGAGGAGGA-1	191
GSM6339597	GCCACTAAGCATTAGC-1	122
GSM6339597	GCCACTAAGCATTTCT-1	169
GSM6339597	GCCACTAAGTCAGTAC-1	30
GSM6339597	GCCAGGAAGACAGGCG-1	132
GSM6339597	GCCAGGAAGTTTAACG-1	57
GSM6339597	GCCAGGTTCCTGGTGA-1	142
GSM6339597	GCCAGGTTCGCCTGTT-1	135
GSM6339597	GCCAGGTTCTAGCGAT-1	435
GSM6339597	GCCATGATCAATAGCC-1	165
GSM6339597	GCCATGATCAATTACG-1	274
GSM6339597	GCCATGATCCGGTATG-1	119
GSM6339597	GCCATGATCGCTATAA-1	173
GSM6339597	GCCATGATCTTGGATA-1	100
GSM6339597	GCCATTACAAACCTAT-1	118
GSM6339597	GCCATTACAACACCTA-1	471
GSM6339597	GCCATTACAGATTCAT-1	351
GSM6339597	GCCATTACAGGAATCG-1	89
GSM6339597	GCCCAAATCAAACCGT-1	326
GSM6339597	GCCCAAATCAAAGGCA-1	70
GSM6339597	GCCCAAATCAAGCGCC-1	275
GSM6339597	GCCCATAAGACTATTG-1	85
GSM6339597	GCCCATAAGCTTGCTC-1	156
GSM6339597	GCCCATAAGGCGAATA-1	161
GSM6339597	GCCCGTTGTCCCGGAA-1	13
GSM6339597	GCCCGTTGTGATTTGG-1	80
GSM6339597	GCCCGTTGTGGGTACT-1	79
GSM6339597	GCCCGTTGTGTTTGAG-1	231
GSM6339597	GCCCGTTGTTCGCGCT-1	10
GSM6339597	GCCCGTTGTTGGATCA-1	118
GSM6339597	GCCCTCATCCTAACGG-1	35
GSM6339597	GCCGTGAGTAGTAAGA-1	97
GSM6339597	GCCGTGAGTCATCCTG-1	311
GSM6339597	GCCGTGAGTTAGGCGT-1	202
GSM6339597	GCCGTGAGTTGCACAA-1	94
GSM6339597	GCCGTGAGTTTAACCC-1	59
GSM6339597	GCCTAATAGAGAGCCG-1	62
GSM6339597	GCCTAATAGCATGAAG-1	130
GSM6339597	GCCTACTTCCAGGTTG-1	200
GSM6339597	GCCTACTTCCCGCAAA-1	387
GSM6339597	GCCTACTTCCCTGTTA-1	401
GSM6339597	GCCTACTTCGACAAAG-1	151
GSM6339597	GCCTACTTCGGTTAGT-1	14
GSM6339597	GCCTATTGTGAGCGAA-1	229
GSM6339597	GCCTATTGTTAAGTGT-1	99
GSM6339597	GCCTATTGTTGGCCGA-1	372
GSM6339597	GCCTCAAAGCGGATTT-1	161
GSM6339597	GCCTCAAAGCTTAGTA-1	449
GSM6339597	GCCTCAAAGGAGGGTT-1	76
GSM6339597	GCCTCAAAGGCAGGTG-1	150
GSM6339597	GCCTCAAAGGTGAAAT-1	337
GSM6339597	GCCTCAAAGTTGGATC-1	18
GSM6339597	GCCTCCATCCTAAGAC-1	6
GSM6339597	GCCTCCATCTTGGACG-1	21
GSM6339597	GCCTCGACACGTGCTG-1	192
GSM6339597	GCCTGACAGCACAGGG-1	209
GSM6339597	GCCTGACAGCGCCTAA-1	251
GSM6339597	GCCTGACAGGGATTAG-1	23
GSM6339597	GCCTGACAGTTTGTCT-1	211
GSM6339597	GCCTGAGGTATTGTCC-1	65
GSM6339597	GCCTGAGGTCAAGTGC-1	136
GSM6339597	GCCTGAGGTCATTAGG-1	60
GSM6339597	GCCTGAGGTTACCGGG-1	127
GSM6339597	GCCTGCTGTAAAGCAA-1	8
GSM6339597	GCCTGCTGTCATTGTC-1	34
GSM6339597	GCCTGCTGTTAATCGG-1	7
GSM6339597	GCCTGTGCAAACAACA-1	32
GSM6339597	GCCTGTGCAAGGTCGA-1	141
GSM6339597	GCCTGTGCAGGGAGGA-1	78
GSM6339597	GCCTGTGCAGTTAAAG-1	169
GSM6339597	GCCTGTGCAGTTATGT-1	91
GSM6339597	GCCTGTGCATGTTGTG-1	61
GSM6339597	GCCTGTGCATGTTTGG-1	129
GSM6339597	GCCTGTGCATTTGCTC-1	102
GSM6339597	GCCTTAACAACTGGGA-1	14
GSM6339597	GCCTTACTCATGCATA-1	95
GSM6339597	GCCTTACTCATTGCGG-1	51
GSM6339597	GCCTTACTCCTAGTAA-1	129
GSM6339597	GCCTTACTCGGGATTT-1	108
GSM6339597	GCCTTAGAGGGCCATC-1	290
GSM6339597	GCCTTAGAGGGTGAAC-1	485
GSM6339597	GCCTTAGAGGTCCTAG-1	300
GSM6339597	GCCTTAGAGTTACCGG-1	130
GSM6339597	GCCTTAGAGTTGCGTG-1	291
GSM6339597	GCCTTGCGTATTACCC-1	18
GSM6339597	GCCTTGCGTTTACGTC-1	437
GSM6339597	GCCTTGCGTTTCGCGC-1	79
GSM6339597	GCCTTTATCAATGTCA-1	310
GSM6339597	GCCTTTATCACAGACT-1	175
GSM6339597	GCCTTTATCACAGCGC-1	261
GSM6339597	GCCTTTATCATTGCGG-1	28
GSM6339597	GCCTTTATCCGTAAAC-1	284
GSM6339597	GCCTTTGGTAATAGCT-1	102
GSM6339597	GCCTTTGGTTGTCATC-1	242
GSM6339597	GCGAAGCCAGGTATTT-1	176
GSM6339597	GCGAAGCCAGTAAAGC-1	334
GSM6339597	GCGAAGTAGGAACGCG-1	224
GSM6339597	GCGAAGTAGGAATAAC-1	43
GSM6339597	GCGAAGTAGGAGCAAC-1	151
GSM6339597	GCGAAGTAGTCTGGGC-1	105
GSM6339597	GCGAGTGAGCGCTAAT-1	15
GSM6339597	GCGAGTGAGTCACGAT-1	55
GSM6339597	GCGAGTGAGTGAGCAA-1	148
GSM6339597	GCGATATTCGCTATAA-1	144
GSM6339597	GCGATATTCTTGGATA-1	172
GSM6339597	GCGATTAGTAACCTAG-1	309
GSM6339597	GCGATTAGTTTATGGG-1	57
GSM6339597	GCGATTAGTTTGAGGC-1	143
GSM6339597	GCGATTTAGAGCCGCT-1	244
GSM6339597	GCGATTTAGCACTTGG-1	44
GSM6339597	GCGATTTAGCTTACTT-1	260
GSM6339597	GCGATTTAGGCTCATG-1	10
GSM6339597	GCGATTTAGGTCATTA-1	119
GSM6339597	GCGATTTAGTTAGACC-1	452
GSM6339597	GCGCAAACAATCCTAG-1	24
GSM6339597	GCGCAAACACTCGCTC-1	373
GSM6339597	GCGCAAACACTTGTTC-1	250
GSM6339597	GCGCAATGTCATAGAT-1	74
GSM6339597	GCGCAATGTCATCATC-1	146
GSM6339597	GCGCAATGTCCTAACT-1	138
GSM6339597	GCGCAATGTTATGTGG-1	158
GSM6339597	GCGCCTTGTAATAGCT-1	118
GSM6339597	GCGCCTTGTATTGCAG-1	65
GSM6339597	GCGCCTTGTCAGGAAG-1	144
GSM6339597	GCGCCTTGTCCAAGAC-1	518
GSM6339597	GCGCCTTGTTGTAAAC-1	454
GSM6339597	GCGCGATTCAAACACC-1	134
GSM6339597	GCGCGATTCAAGCTTA-1	123
GSM6339597	GCGCGATTCATCCTAT-1	437
GSM6339597	GCGCGATTCCTCCATA-1	46
GSM6339597	GCGCGATTCTATGACA-1	167
GSM6339597	GCGCTTAAGCTTAGTA-1	82
GSM6339597	GCGCTTAAGGGCCATC-1	89
GSM6339597	GCGCTTGCAAACCTTG-1	84
GSM6339597	GCGCTTGCAATAGTCT-1	49
GSM6339597	GCGCTTGCACCTGCTC-1	17
GSM6339597	GCGCTTGCAGCTTAGC-1	92
GSM6339597	GCGGAACCACAGAAAC-1	147
GSM6339597	GCGGAACCACCTGGTG-1	119
GSM6339597	GCGGAACCAGTTTCTC-1	74
GSM6339597	GCGGAACCATCCTGAA-1	75
GSM6339597	GCGGAACCATTGCAGC-1	394
GSM6339597	GCGGATACAAGCGAGC-1	277
GSM6339597	GCGGATACAAGGTGCA-1	46
GSM6339597	GCGGATACACCAAAGG-1	33
GSM6339597	GCGGATACACCTAATG-1	154
GSM6339597	GCGGATACAGGCTTGT-1	85
GSM6339597	GCGGATACATGACTAT-1	192
GSM6339597	GCGGGTTTCAGGCTAT-1	88
GSM6339597	GCGGGTTTCGGTTTCC-1	175
GSM6339597	GCGGTTATCCCTGATC-1	144
GSM6339597	GCGGTTATCGACAAAG-1	379
GSM6339597	GCGGTTATCGCGCTAA-1	363
GSM6339597	GCGGTTGGTACTTAGG-1	152
GSM6339597	GCGGTTGGTCAAGTGC-1	168
GSM6339597	GCGGTTGGTGTTTGAG-1	486
GSM6339597	GCGGTTGGTGTTTGCT-1	113
GSM6339597	GCGGTTGGTTAGAGCC-1	517
GSM6339597	GCGGTTGGTTCCAGGG-1	72
GSM6339597	GCGGTTGGTTCCTGAT-1	62
GSM6339597	GCGTAACGTAAGCTCA-1	45
GSM6339597	GCGTAACGTTCTTTAG-1	257
GSM6339597	GCGTAACGTTTATTCG-1	270
GSM6339597	GCGTGCTAGGACAACA-1	143
GSM6339597	GCGTGCTAGTAACGAG-1	213
GSM6339597	GCGTTTCTCAGGTTTA-1	11
GSM6339597	GCGTTTCTCCCGTTGT-1	128
GSM6339597	GCGTTTCTCCCTCACG-1	228
GSM6339597	GCGTTTCTCCGTTAAA-1	358
GSM6339597	GCGTTTCTCCTTGCGT-1	47
GSM6339597	GCTAACAGTCAATAGT-1	27
GSM6339597	GCTAACAGTGGATTAT-1	49
GSM6339597	GCTAACAGTGGTTCTT-1	208
GSM6339597	GCTAACCCAATCCCTT-1	278
GSM6339597	GCTAACCCACATACTG-1	409
GSM6339597	GCTAACCCATAGGCGA-1	160
GSM6339597	GCTAACCCATGTCAGC-1	457
GSM6339597	GCTAACCCATTAGCGC-1	180
GSM6339597	GCTAAGAAGGAACCGG-1	94
GSM6339597	GCTAAGAAGGTCCTAG-1	202
GSM6339597	GCTAAGCGTAACGTGC-1	106
GSM6339597	GCTAAGCGTCCTAATC-1	129
GSM6339597	GCTAAGCGTGCTTTAC-1	22
GSM6339597	GCTAAGCGTTTCGCGC-1	87
GSM6339597	GCTAAGTTCCTTGAGG-1	154
GSM6339597	GCTAAGTTCGCTTGCT-1	48
GSM6339597	GCTAAGTTCGTTACAA-1	126
GSM6339597	GCTAAGTTCTGCAAGT-1	62
GSM6339597	GCTAAGTTCTTGCAAA-1	134
GSM6339597	GCTAATATCAATTACG-1	15
GSM6339597	GCTAATATCAGGCTAT-1	187
GSM6339597	GCTAATATCCGCTAGA-1	170
GSM6339597	GCTAGCCAGCGGCTGT-1	150
GSM6339597	GCTAGCCAGGCGCTAC-1	182
GSM6339597	GCTAGCCAGGGATGCG-1	119
GSM6339597	GCTAGCCAGTGAGGTA-1	30
GSM6339597	GCTAGCGGTAGGTTAT-1	66
GSM6339597	GCTAGCGGTATTCGCT-1	112
GSM6339597	GCTAGCGGTTAGGCTA-1	124
GSM6339597	GCTAGCTCACGTAATT-1	357
GSM6339597	GCTAGCTCAGAGGGAG-1	62
GSM6339597	GCTAGCTCAGGCTTCG-1	100
GSM6339597	GCTAGTGTCCTTGAGG-1	219
GSM6339597	GCTAGTGTCGAGGTGG-1	149
GSM6339597	GCTAGTGTCGGCCATA-1	76
GSM6339597	GCTAGTGTCGTCATTT-1	36
GSM6339597	GCTAGTGTCTAACCAA-1	320
GSM6339597	GCTAGTGTCTCAATAG-1	107
GSM6339597	GCTATAGGTGCAATGC-1	45
GSM6339597	GCTATCCTCACAGACT-1	102
GSM6339597	GCTATCCTCTCAATAG-1	78
GSM6339597	GCTATCCTCTGTGAGT-1	284
GSM6339597	GCTATCCTCTTGAGGT-1	130
GSM6339597	GCTATTGCAAAGCGGC-1	88
GSM6339597	GCTATTGCATATAACC-1	209
GSM6339597	GCTATTGCATCCTGAA-1	72
GSM6339597	GCTATTGCATCGCTTT-1	67
GSM6339597	GCTCAACCACAACAGG-1	180
GSM6339597	GCTCAACCACACAATT-1	528
GSM6339597	GCTCAACCAGAGGCTA-1	35
GSM6339597	GCTCAACCAGCTAATT-1	103
GSM6339597	GCTCACAAGAGAAGGG-1	245
GSM6339597	GCTCACAAGCCATCAG-1	209
GSM6339597	GCTCACAAGGTAAGGC-1	27
GSM6339597	GCTCACAAGGTGAGAC-1	45
GSM6339597	GCTCACAAGTAGCGCC-1	74
GSM6339597	GCTCATTGTAATGGAA-1	14
GSM6339597	GCTCATTGTATTTGGG-1	40
GSM6339597	GCTCATTGTTCCGGCT-1	208
GSM6339597	GCTCATTGTTTAGCTC-1	103
GSM6339597	GCTCCTTAGACACTTA-1	364
GSM6339597	GCTCCTTAGCCTGTTC-1	139
GSM6339597	GCTCCTTAGGCATGTT-1	193
GSM6339597	GCTCCTTAGGCTAGAA-1	111
GSM6339597	GCTCCTTAGTCACGAT-1	38
GSM6339597	GCTCGATCAAGTGTCC-1	38
GSM6339597	GCTCGATCACAATTAC-1	148
GSM6339597	GCTCGATCACATGCTA-1	184
GSM6339597	GCTCGATCAGCACGAA-1	128
GSM6339597	GCTCGATCAGTTATCG-1	134
GSM6339597	GCTCTGGCAAACGGGC-1	92
GSM6339597	GCTCTGGCATCACTTC-1	19
GSM6339597	GCTCTGTTCACCAATA-1	135
GSM6339597	GCTCTGTTCCCTGTTA-1	126
GSM6339597	GCTCTGTTCCGCCTCA-1	182
GSM6339597	GCTCTGTTCCTAAATG-1	154
GSM6339597	GCTCTGTTCGAGGTGG-1	139
GSM6339597	GCTCTGTTCTAGCGAT-1	165
GSM6339597	GCTCTGTTCTCACAAA-1	92
GSM6339597	GCTCTGTTCTTAAGTG-1	126
GSM6339597	GCTGACATCACGTTAA-1	162
GSM6339597	GCTGACATCACTAAGC-1	148
GSM6339597	GCTGACATCCAATTAG-1	134
GSM6339597	GCTGACATCGGGCCAT-1	28
GSM6339597	GCTGACATCTAACCAA-1	257
GSM6339597	GCTGACATCTACCTGC-1	49
GSM6339597	GCTGACCAGACACCGC-1	227
GSM6339597	GCTGAGGAGCAACATC-1	124
GSM6339597	GCTGAGGAGCCTAACG-1	273
GSM6339597	GCTGAGGAGGACAACA-1	378
GSM6339597	GCTGAGGAGGCTAAGA-1	3
GSM6339597	GCTGAGGAGGGCTTAT-1	216
GSM6339597	GCTGATCCAAGGTCCT-1	218
GSM6339597	GCTGATCCACAATACT-1	154
GSM6339597	GCTGATCCACAATTAC-1	206
GSM6339597	GCTGATCCACGCAACT-1	25
GSM6339597	GCTGATCCACTTAGGC-1	52
GSM6339597	GCTGATCCAGCCTGCA-1	334
GSM6339597	GCTGATCCATGCTATG-1	122
GSM6339597	GCTGCAATCAAACCGT-1	200
GSM6339597	GCTGCAATCAAACCTA-1	243
GSM6339597	GCTGCAATCAACAAGG-1	115
GSM6339597	GCTGCAATCAAGCGCC-1	267
GSM6339597	GCTGCAATCCACAATA-1	45
GSM6339597	GCTGCAATCCGCTAGA-1	40
GSM6339597	GCTGCAATCCTCCATA-1	121
GSM6339597	GCTGCAATCGTGCTTC-1	245
GSM6339597	GCTGCAATCTGTAATG-1	85
GSM6339597	GCTGCACAGAATCTCA-1	95
GSM6339597	GCTGCACAGGAGGACT-1	7
GSM6339597	GCTGCACAGGTAAGGC-1	11
GSM6339597	GCTGCACAGGTTAGCT-1	132
GSM6339597	GCTGCACAGTTGCGTG-1	207
GSM6339597	GCTGCATCAATAGCCC-1	25
GSM6339597	GCTGCATCATCCAGGT-1	246
GSM6339597	GCTGCATCATGAAATG-1	109
GSM6339597	GCTGCATCATTGCAGC-1	89
GSM6339597	GCTGGATGTGCTGTAA-1	198
GSM6339597	GCTGGTTCAAAGCGCA-1	107
GSM6339597	GCTGGTTCAACACCTA-1	311
GSM6339597	GCTGGTTCAAGGTGCA-1	196
GSM6339597	GCTGGTTCACAAAGCG-1	45
GSM6339597	GCTGGTTCATTGCGGT-1	36
GSM6339597	GCTGTAAGTAGTTGGC-1	260
GSM6339597	GCTGTAAGTATTCGTC-1	171
GSM6339597	GCTGTAAGTCTTGCTG-1	7
GSM6339597	GCTGTAAGTTAGCATG-1	36
GSM6339597	GCTGTACCAGTGAACG-1	133
GSM6339597	GCTGTACCATAGTCAT-1	84
GSM6339597	GCTGTACCATTCAGCA-1	202
GSM6339597	GCTGTGATCACCGGTA-1	200
GSM6339597	GCTGTGATCGTGCCTT-1	132
GSM6339597	GCTGTGATCTTGTCTG-1	95
GSM6339597	GCTGTGCAGAGGATAT-1	83
GSM6339597	GCTGTGCAGGCGTAAA-1	215
GSM6339597	GCTGTGCAGGTATTGC-1	5
GSM6339597	GCTTAAATCCAAACAC-1	304
GSM6339597	GCTTAAATCCTCCCTC-1	149
GSM6339597	GCTTAACAGCACAGAA-1	110
GSM6339597	GCTTAACAGGAATAAC-1	163
GSM6339597	GCTTAACAGGCTTAGT-1	84
GSM6339597	GCTTAACAGTAACCAC-1	179
GSM6339597	GCTTAACAGTCCTGAG-1	127
GSM6339597	GCTTAACAGTTCCTCA-1	246
GSM6339597	GCTTAACAGTTTCCTG-1	31
GSM6339597	GCTTACCTCACAGGAA-1	223
GSM6339597	GCTTACCTCGGGACCT-1	442
GSM6339597	GCTTACCTCTGCAACG-1	234
GSM6339597	GCTTAGTAGGGACCTC-1	49
GSM6339597	GCTTAGTAGTCGCTAG-1	256
GSM6339597	GCTTAGTAGTGGACAA-1	13
GSM6339597	GCTTAGTAGTTGGGCC-1	57
GSM6339597	GCTTATCGTGATGAAA-1	243
GSM6339597	GCTTATCGTGCCGCAA-1	572
GSM6339597	GCTTATCGTGCTCCGT-1	270
GSM6339597	GCTTATCGTGGGAACA-1	193
GSM6339597	GCTTATCGTGGGTACT-1	641
GSM6339597	GCTTATCGTTAGTGAT-1	320
GSM6339597	GCTTCGCGTCCCGAAG-1	16
GSM6339597	GCTTCGCGTGAAACAA-1	385
GSM6339597	GCTTCGCGTTGGTTGA-1	5
GSM6339597	GCTTGACCAATTGAAG-1	187
GSM6339597	GCTTGACCAGCAAATA-1	360
GSM6339597	GCTTGACCATCAGTAT-1	244
GSM6339597	GCTTGACCATCTTGAG-1	141
GSM6339597	GCTTGACCATTAAAGG-1	152
GSM6339597	GCTTGTTGTCGAAGTC-1	183
GSM6339597	GCTTGTTGTGCTCCGT-1	241
GSM6339597	GCTTGTTGTTAGTACG-1	106
GSM6339597	GCTTGTTGTTTAGCTC-1	71
GSM6339597	GCTTTACGTAACCTAG-1	459
GSM6339597	GCTTTACGTAGCTGCG-1	14
GSM6339597	GCTTTACGTAGGTTGC-1	349
GSM6339597	GCTTTACGTATTGCAG-1	30
GSM6339597	GCTTTACGTCGTAAAT-1	288
GSM6339597	GCTTTACGTGAACAAA-1	172
GSM6339597	GCTTTACGTTAGGACC-1	89
GSM6339597	GCTTTACGTTTACCGT-1	49
GSM6339597	GCTTTATTCCTCATGC-1	99
GSM6339597	GCTTTATTCTCCATAT-1	313
GSM6339597	GCTTTCATCAGTGAAG-1	21
GSM6339597	GCTTTCATCCGCAAGC-1	37
GSM6339597	GCTTTCATCTAAGTGC-1	43
GSM6339597	GCTTTCATCTTAGTCT-1	11
GSM6339597	GCTTTGTGTACCGTTT-1	191
GSM6339597	GCTTTGTGTGCATTAG-1	123
GSM6339597	GCTTTGTGTTATCCGT-1	88
GSM6339597	GCTTTGTGTTGTCATC-1	141
GSM6339597	GCTTTGTGTTTACTTG-1	110
GSM6339597	GCTTTGTGTTTCCTCC-1	173
GSM6339597	GGAAACTCACATAGCC-1	226
GSM6339597	GGAAACTCAGTCTAGC-1	164
GSM6339597	GGAACAATCCCTCAAC-1	23
GSM6339597	GGAACAATCGAGCTAT-1	47
GSM6339597	GGAACCACAAAGCTAA-1	135
GSM6339597	GGAACCACATCAATCG-1	43
GSM6339597	GGAACCACATTCCTCG-1	50
GSM6339597	GGAACCTGTAACGGGA-1	103
GSM6339597	GGAACCTGTTACTTCA-1	336
GSM6339597	GGAACGGTCACTTCAT-1	188
GSM6339597	GGAACGGTCCCAGTAG-1	96
GSM6339597	GGAACGGTCCTAAGGT-1	26
GSM6339597	GGAACGGTCTTGCTAT-1	22
GSM6339597	GGAACTAAGATAAAGC-1	20
GSM6339597	GGAACTAAGTCAGTAC-1	84
GSM6339597	GGAACTAAGTGAGCGG-1	164
GSM6339597	GGAAGCTAGGTCGAGG-1	240
GSM6339597	GGAAGCTAGTACCGCA-1	246
GSM6339597	GGAAGCTAGTAGGATG-1	154
GSM6339597	GGAAGTATCAGGAAGC-1	180
GSM6339597	GGAAGTATCCGGCTAA-1	173
GSM6339597	GGAAGTATCTCACATT-1	62
GSM6339597	GGAATCTTCACCGGTA-1	45
GSM6339597	GGAATCTTCATTGTTC-1	540
GSM6339597	GGAATCTTCGTGCTAG-1	143
GSM6339597	GGAATCTTCTAACCTT-1	168
GSM6339597	GGAATCTTCTAAGGTC-1	336
GSM6339597	GGAATCTTCTCGCCCA-1	34
GSM6339597	GGACAGCCAAAGCTCC-1	114
GSM6339597	GGACAGCCAAGCCACT-1	116
GSM6339597	GGACAGCCAATACTGT-1	201
GSM6339597	GGACAGCCAATTAAGG-1	166
GSM6339597	GGACAGCCACTCAACA-1	169
GSM6339597	GGACAGCCACTTACAG-1	85
GSM6339597	GGACAGCCAGCAAGTG-1	93
GSM6339597	GGACAGCCAGTTGCGT-1	94
GSM6339597	GGACAGCCATAGCTTG-1	125
GSM6339597	GGACAGCCATGGCCCA-1	49
GSM6339597	GGACATAAGACAGGCG-1	76
GSM6339597	GGACATAAGCTCGCTT-1	253
GSM6339597	GGACATAAGGTCAAAG-1	137
GSM6339597	GGACATAAGTTGCCTC-1	25
GSM6339597	GGACCGAAGCTGGCTA-1	104
GSM6339597	GGACCGAAGCTTAACA-1	107
GSM6339597	GGACCGAAGGTCGAGG-1	304
GSM6339597	GGACCTCAGCGCTCAA-1	541
GSM6339597	GGACCTCAGCGGATTT-1	20
GSM6339597	GGACCTCAGCGTGCGT-1	22
GSM6339597	GGACCTCAGGCACAGG-1	172
GSM6339597	GGACCTCAGGTCCAAT-1	52
GSM6339597	GGACCTCAGTTCCTGC-1	163
GSM6339597	GGACCTCAGTTGGCCA-1	33
GSM6339597	GGACGAAGTAACGTGC-1	450
GSM6339597	GGACGAAGTCAAGTAT-1	244
GSM6339597	GGACGAAGTCCTTAGT-1	117
GSM6339597	GGACGGATCACAGCGC-1	200
GSM6339597	GGACGGATCAGCACGC-1	367
GSM6339597	GGACGGATCCATTACT-1	194
GSM6339597	GGACGGATCGCATCCT-1	18
GSM6339597	GGACGGATCGCGCTAA-1	56
GSM6339597	GGACGGATCGGTTACG-1	438
GSM6339597	GGACTAAAGATGGAGC-1	531
GSM6339597	GGACTAAAGGCATTGT-1	175
GSM6339597	GGACTAAAGGGTGAGT-1	277
GSM6339597	GGACTAAAGTTAGCCG-1	68
GSM6339597	GGAGCAAGTCATAGAT-1	79
GSM6339597	GGAGCAAGTCATGCCC-1	113
GSM6339597	GGAGCAAGTGACCTGG-1	405
GSM6339597	GGAGCAAGTGCATCGG-1	16
GSM6339597	GGAGCAAGTTGGTTAG-1	361
GSM6339597	GGAGCATAGAAGCTAG-1	262
GSM6339597	GGAGCATAGAATGACG-1	82
GSM6339597	GGAGCATAGGAACGGT-1	21
GSM6339597	GGAGCATAGTAAGTCC-1	34
GSM6339597	GGAGCGATCCCGCCTA-1	56
GSM6339597	GGAGCGATCCCTGTTA-1	4
GSM6339597	GGAGCGATCGATTTGA-1	312
GSM6339597	GGAGGTTAGCCACATG-1	29
GSM6339597	GGAGGTTAGGATTGAG-1	23
GSM6339597	GGAGGTTAGGGACTAA-1	175
GSM6339597	GGAGGTTAGTCTCACC-1	55
GSM6339597	GGAGGTTAGTGCTGTG-1	297
GSM6339597	GGAGTCTGTCAGGCCA-1	58
GSM6339597	GGAGTCTGTCGCATAA-1	72
GSM6339597	GGAGTCTGTGACCTGG-1	30
GSM6339597	GGAGTGAGTAAGGTTT-1	85
GSM6339597	GGAGTGAGTAGCAGCT-1	27
GSM6339597	GGAGTGAGTCACAGCG-1	229
GSM6339597	GGAGTGAGTTAGTGAT-1	145
GSM6339597	GGATAACCATATTGAC-1	267
GSM6339597	GGATAACCATTGCGGT-1	27
GSM6339597	GGATACTTCAACAAGG-1	176
GSM6339597	GGATACTTCAAGCCTG-1	11
GSM6339597	GGATACTTCGCCTGTT-1	139
GSM6339597	GGATACTTCTGGCAAT-1	243
GSM6339597	GGATATTGTAATTAGC-1	57
GSM6339597	GGATATTGTCGTAAAT-1	204
GSM6339597	GGATATTGTTCCGGCT-1	570
GSM6339597	GGATATTGTTGTTCAC-1	121
GSM6339597	GGATGAATCCTGAGTG-1	101
GSM6339597	GGATGAATCCTTGAGG-1	147
GSM6339597	GGATGAATCCTTGTTG-1	33
GSM6339597	GGATGAATCGCTCACT-1	608
GSM6339597	GGATGAATCGGTAACT-1	257
GSM6339597	GGATGAATCGTAACGT-1	79
GSM6339597	GGATGAATCTCAATAG-1	116
GSM6339597	GGATGAATCTGTGCCT-1	103
GSM6339597	GGATGGCCATATAACC-1	172
GSM6339597	GGATGTAAGCACTAGT-1	90
GSM6339597	GGATGTAAGCATGTTA-1	215
GSM6339597	GGATGTAAGGAACGCG-1	78
GSM6339597	GGATGTAAGGCGGATG-1	124
GSM6339597	GGATGTAAGGTCCTGA-1	321
GSM6339597	GGATGTAAGTAAGGGC-1	255
GSM6339597	GGATGTAAGTTTCCTG-1	238
GSM6339597	GGATTATGTAGCTGGT-1	109
GSM6339597	GGATTATGTGGATTGC-1	14
GSM6339597	GGATTATGTTCCATTA-1	14
GSM6339597	GGATTATGTTGTCATC-1	63
GSM6339597	GGATTCAGTAATCCCT-1	79
GSM6339597	GGATTCAGTAGGTTGC-1	43
GSM6339597	GGATTCAGTCACAGCG-1	26
GSM6339597	GGATTCAGTCACGGAT-1	33
GSM6339597	GGATTCAGTCGTTACT-1	90
GSM6339597	GGATTCAGTCTAGCTT-1	20
GSM6339597	GGATTGCGTATGGTGC-1	88
GSM6339597	GGATTGCGTCGTAATG-1	6
GSM6339597	GGATTGCGTTTGCGCC-1	119
GSM6339597	GGATTTATCACCAATA-1	21
GSM6339597	GGATTTATCCCGCCTA-1	20
GSM6339597	GGATTTATCCTCACAC-1	82
GSM6339597	GGATTTATCGTTAAGC-1	69
GSM6339597	GGCAAATCAGCTCAAC-1	46
GSM6339597	GGCAAATCATGAGCAG-1	108
GSM6339597	GGCAAGCCAAGCTACC-1	115
GSM6339597	GGCAAGCCAATGCGCT-1	5
GSM6339597	GGCAAGCCACGGTACT-1	155
GSM6339597	GGCAAGCCAGAAATTG-1	132
GSM6339597	GGCAAGCCATCATGTG-1	520
GSM6339597	GGCAATCGTAGGTTTG-1	80
GSM6339597	GGCAATCGTCCGCTGT-1	173
GSM6339597	GGCAATCGTGCGCAAT-1	207
GSM6339597	GGCAATCGTTTATCGC-1	76
GSM6339597	GGCAGGATCAGTATTG-1	64
GSM6339597	GGCAGGATCATTCATC-1	155
GSM6339597	GGCAGGATCCAAGTGT-1	344
GSM6339597	GGCAGGATCCCTTGCG-1	146
GSM6339597	GGCAGGATCCGCCAAA-1	162
GSM6339597	GGCATGGAGATAACCC-1	94
GSM6339597	GGCATGGAGCTGGCTA-1	225
GSM6339597	GGCATGGAGGAGGGTT-1	105
GSM6339597	GGCATTAGTAATCCCT-1	167
GSM6339597	GGCATTAGTTAGCTGA-1	38
GSM6339597	GGCATTAGTTGGGTTA-1	21
GSM6339597	GGCATTAGTTGGTTGA-1	35
GSM6339597	GGCATTGTCAATGTCA-1	222
GSM6339597	GGCATTGTCACGCGGT-1	45
GSM6339597	GGCATTGTCCCTGACT-1	6
GSM6339597	GGCATTGTCTAATCCT-1	317
GSM6339597	GGCATTGTCTGTGCCT-1	44
GSM6339597	GGCATTGTCTTGGACG-1	67
GSM6339597	GGCCAACTCAAGCGCC-1	303
GSM6339597	GGCCAACTCAAGCTTA-1	195
GSM6339597	GGCCAACTCCCTGGTT-1	158
GSM6339597	GGCCAACTCCTTGTTG-1	150
GSM6339597	GGCCAACTCGGCCAGT-1	525
GSM6339597	GGCCAACTCGTTATCT-1	383
GSM6339597	GGCCAACTCTCACAAA-1	191
GSM6339597	GGCCAACTCTGGCATG-1	52
GSM6339597	GGCCATCAGACAACAG-1	200
GSM6339597	GGCCATCAGATACTTG-1	43
GSM6339597	GGCCATCAGCCAAATC-1	86
GSM6339597	GGCCATCAGGCCAATT-1	251
GSM6339597	GGCCATCAGGGTTAGA-1	81
GSM6339597	GGCCATCAGGTGAAAT-1	73
GSM6339597	GGCCATCAGTGTTGCG-1	330
GSM6339597	GGCCATCAGTTAGAGG-1	36
GSM6339597	GGCCGTTAGGACTTAC-1	256
GSM6339597	GGCCGTTAGTTAGTTG-1	50
GSM6339597	GGCCTAATCCTTGCGT-1	232
GSM6339597	GGCCTAATCCTTGTTG-1	306
GSM6339597	GGCCTAATCGGGCCAT-1	19
GSM6339597	GGCCTCTGTAATGGCC-1	81
GSM6339597	GGCCTCTGTAGGTTAT-1	82
GSM6339597	GGCCTCTGTCACAAAT-1	72
GSM6339597	GGCCTCTGTTGCACAA-1	73
GSM6339597	GGCCTTAAGACAACAG-1	193
GSM6339597	GGCCTTAAGCTCAAAC-1	134
GSM6339597	GGCCTTAAGTAAGAAC-1	328
GSM6339597	GGCCTTCGTACCGTTT-1	31
GSM6339597	GGCCTTCGTAGCCTCC-1	106
GSM6339597	GGCCTTCGTGCGCAAT-1	192
GSM6339597	GGCCTTCGTTACCGGG-1	178
GSM6339597	GGCGATACAAGTAAGC-1	365
GSM6339597	GGCGATACAGCGCTTG-1	157
GSM6339597	GGCGCTAGTCAAGTAT-1	236
GSM6339597	GGCGCTAGTGCTCCGT-1	600
GSM6339597	GGCGCTAGTTGCGCGA-1	351
GSM6339597	GGCGGTAAGCGCCTTT-1	206
GSM6339597	GGCGGTAAGCTCCTAC-1	496
GSM6339597	GGCGGTAAGTAGCGGG-1	274
GSM6339597	GGCGGTAAGTGCTGTG-1	128
GSM6339597	GGCGGTAAGTTGTCTT-1	112
GSM6339597	GGCGGTTTCATTTAGG-1	0
GSM6339597	GGCGTTATCAGGAAGC-1	121
GSM6339597	GGCGTTATCCAAATCA-1	86
GSM6339597	GGCGTTATCTGTAAGC-1	483
GSM6339597	GGCTAGACAACTAACT-1	125
GSM6339597	GGCTAGACACTATGGC-1	134
GSM6339597	GGCTAGACAGCATGTC-1	185
GSM6339597	GGCTAGACAGGCTTCG-1	267
GSM6339597	GGCTAGACATCCTAGA-1	23
GSM6339597	GGCTAGACATTAAGTC-1	66
GSM6339597	GGCTAGTGTACAAAGA-1	218
GSM6339597	GGCTAGTGTCGACTAA-1	157
GSM6339597	GGCTATGTCGGCCATA-1	244
GSM6339597	GGCTATGTCGGTAACT-1	251
GSM6339597	GGCTATGTCGTACCGA-1	135
GSM6339597	GGCTATTAGCAACATC-1	94
GSM6339597	GGCTATTAGCAGCTCA-1	127
GSM6339597	GGCTATTAGCTGGACC-1	45
GSM6339597	GGCTATTAGTCACCTC-1	47
GSM6339597	GGCTATTAGTCATGCG-1	60
GSM6339597	GGCTATTAGTGTTGTA-1	72
GSM6339597	GGCTCAATCAAACACC-1	160
GSM6339597	GGCTCAATCACCTGTC-1	22
GSM6339597	GGCTCAATCCAGGTTG-1	331
GSM6339597	GGCTCAATCGCGACAC-1	180
GSM6339597	GGCTCACAGCCGCTTT-1	33
GSM6339597	GGCTCACAGGAGGCAT-1	153
GSM6339597	GGCTCACAGTTTGCGG-1	108
GSM6339597	GGCTGAGAGCTTATGA-1	151
GSM6339597	GGCTGAGAGGAAGCAC-1	93
GSM6339597	GGCTGGTTCAGGCTAT-1	18
GSM6339597	GGCTGGTTCCCGCATT-1	170
GSM6339597	GGCTGGTTCTGGCAAT-1	121
GSM6339597	GGCTGTCAGAGGAGTC-1	10
GSM6339597	GGCTGTCAGCAAGGTA-1	143
GSM6339597	GGCTGTCAGCAGGTGG-1	306
GSM6339597	GGCTGTCAGGATTGCT-1	84
GSM6339597	GGCTGTCAGGCGAAAC-1	164
GSM6339597	GGCTGTCAGGCTTAGT-1	56
GSM6339597	GGCTGTCAGTCACCTC-1	13
GSM6339597	GGCTTAAGTCAATACG-1	268
GSM6339597	GGCTTAAGTGCCTCAC-1	232
GSM6339597	GGCTTAAGTGGATTCA-1	229
GSM6339597	GGCTTAAGTTCAAGCA-1	104
GSM6339597	GGCTTCAAGCTAGAAG-1	17
GSM6339597	GGCTTCAAGGTGTTAC-1	95
GSM6339597	GGCTTCAAGGTTAGAG-1	39
GSM6339597	GGGAATATCATTGCGG-1	206
GSM6339597	GGGAATATCCAGGTTG-1	96
GSM6339597	GGGAATATCCGCTAGA-1	120
GSM6339597	GGGAATATCCGTTAAA-1	155
GSM6339597	GGGAATATCGCAGGCT-1	139
GSM6339597	GGGAATATCGGTTTGG-1	117
GSM6339597	GGGAATATCTTGACCC-1	187
GSM6339597	GGGAGTAGTAAATTGC-1	16
GSM6339597	GGGAGTAGTGCTCACC-1	85
GSM6339597	GGGAGTAGTGTTTGCT-1	33
GSM6339597	GGGATTAAGCAATAGG-1	294
GSM6339597	GGGATTAAGTTCCCGT-1	191
GSM6339597	GGGCATGAGGCCATCA-1	59
GSM6339597	GGGCATGAGTAGGATG-1	374
GSM6339597	GGGCATGAGTGAGGGT-1	192
GSM6339597	GGGCATTGTATTGGTG-1	11
GSM6339597	GGGCATTGTATTTGGG-1	12
GSM6339597	GGGCATTGTGAGACTC-1	149
GSM6339597	GGGCATTGTGTGTGGT-1	147
GSM6339597	GGGCCTAGTAGCTAGC-1	16
GSM6339597	GGGCCTAGTCACCAAA-1	57
GSM6339597	GGGCCTAGTGATCATG-1	54
GSM6339597	GGGCCTAGTGCGCAAT-1	174
GSM6339597	GGGCCTAGTTAGCAGC-1	167
GSM6339597	GGGCCTAGTTTAGTCC-1	89
GSM6339597	GGGCGAATCCGCCAAA-1	98
GSM6339597	GGGCGAATCCGGGACT-1	202
GSM6339597	GGGCGAATCCTAGTAA-1	81
GSM6339597	GGGCGAATCCTCGATC-1	290
GSM6339597	GGGCTAACAACAACAA-1	145
GSM6339597	GGGCTAACACCAACCG-1	130
GSM6339597	GGGTATTTCAATGTGC-1	79
GSM6339597	GGGTATTTCTAACCAA-1	57
GSM6339597	GGGTATTTCTTCAATC-1	9
GSM6339597	GGGTCAACAACTAACT-1	158
GSM6339597	GGGTCAACAAGCCAGA-1	434
GSM6339597	GGGTCAACATAATCCG-1	375
GSM6339597	GGGTCACTCAATGTCA-1	59
GSM6339597	GGGTCACTCACCATTT-1	142
GSM6339597	GGGTCACTCATTGCAA-1	360
GSM6339597	GGGTCACTCCGTTAAA-1	122
GSM6339597	GGGTCACTCCTCCCTC-1	32
GSM6339597	GGGTCACTCGCCTGTT-1	67
GSM6339597	GGGTGAAGTAATAACC-1	6
GSM6339597	GGGTGAAGTAGGTTGC-1	184
GSM6339597	GGGTGAAGTAGTTAAC-1	169
GSM6339597	GGGTGAAGTTGCATCT-1	243
GSM6339597	GGGTGTTGTACAAAGA-1	261
GSM6339597	GGGTGTTGTAGTTAAC-1	489
GSM6339597	GGGTGTTGTCCGTAGG-1	142
GSM6339597	GGGTGTTGTGACCTGG-1	76
GSM6339597	GGGTGTTGTGTAATAC-1	18
GSM6339597	GGGTGTTGTGTGTGGT-1	392
GSM6339597	GGGTTACGTAACAGGG-1	199
GSM6339597	GGGTTACGTAACGAGG-1	72
GSM6339597	GGGTTACGTAATGGCC-1	523
GSM6339597	GGGTTACGTACAATGT-1	108
GSM6339597	GGGTTACGTAGGTTGC-1	840
GSM6339597	GGGTTACGTCCTTAGT-1	139
GSM6339597	GGGTTACGTCGCAAAC-1	281
GSM6339597	GGGTTACGTGAAACAA-1	274
GSM6339597	GGGTTATTCATAGCCG-1	59
GSM6339597	GGGTTATTCATGGCCA-1	7
GSM6339597	GGGTTATTCGAGCTAT-1	282
GSM6339597	GGGTTATTCTGCAAGT-1	18
GSM6339597	GGGTTATTCTGGCTTC-1	28
GSM6339597	GGGTTATTCTTAGCGG-1	194
GSM6339597	GGGTTTCCACTAGGTC-1	138
GSM6339597	GGGTTTCCACTCGCTC-1	83
GSM6339597	GGGTTTCCAGAGGGAG-1	196
GSM6339597	GGGTTTCCAGTCTATG-1	167
GSM6339597	GGGTTTCCATTAAAGG-1	443
GSM6339597	GGGTTTGTCGCTAGTG-1	202
GSM6339597	GGGTTTGTCTTGCAAA-1	79
GSM6339597	GGTAAACCAATATGGA-1	345
GSM6339597	GGTAAACCAGCATTAT-1	79
GSM6339597	GGTAAACCAGCTCATA-1	220
GSM6339597	GGTAAACCAGGCTGTT-1	165
GSM6339597	GGTAAACCATTGTGGC-1	54
GSM6339597	GGTAACCGTACTTAGG-1	144
GSM6339597	GGTAACCGTCCAAATG-1	62
GSM6339597	GGTAACCGTCCTAATC-1	221
GSM6339597	GGTAACCGTGAATCGC-1	257
GSM6339597	GGTAACCGTGTCACGG-1	155
GSM6339597	GGTAACCGTTATCCGT-1	198
GSM6339597	GGTAACTTCAGGCTAT-1	65
GSM6339597	GGTAACTTCATTGTCT-1	110
GSM6339597	GGTAACTTCCCGCCTA-1	50
GSM6339597	GGTAACTTCGTTAAGC-1	161
GSM6339597	GGTAACTTCTAAGTCA-1	242
GSM6339597	GGTAACTTCTACCTGC-1	170
GSM6339597	GGTAAGGGTAGGTTGC-1	38
GSM6339597	GGTAAGGGTATTGGTG-1	12
GSM6339597	GGTAAGGGTGCTAGCG-1	133
GSM6339597	GGTAAGGGTTAAGTGT-1	27
GSM6339597	GGTAAGGGTTACGCAA-1	49
GSM6339597	GGTAATTGTACCGAAC-1	169
GSM6339597	GGTAATTGTTACCGGG-1	207
GSM6339597	GGTAATTGTTTGGTTC-1	4
GSM6339597	GGTACAAAGCATGAAG-1	146
GSM6339597	GGTACAAAGGCAATAG-1	456
GSM6339597	GGTACAAAGGTCGATT-1	71
GSM6339597	GGTACCGGTACGGTAC-1	60
GSM6339597	GGTACCGGTCCGGTTC-1	207
GSM6339597	GGTACCGGTCCTAACT-1	133
GSM6339597	GGTACCGGTTTACCGT-1	534
GSM6339597	GGTACCGGTTTCCACG-1	8
GSM6339597	GGTACTAGTATACTGG-1	292
GSM6339597	GGTACTAGTCAAGTGC-1	53
GSM6339597	GGTACTAGTCATAAGT-1	11
GSM6339597	GGTACTAGTGACCTGG-1	94
GSM6339597	GGTACTTAGCCGCTTT-1	137
GSM6339597	GGTACTTAGCGAGCGA-1	81
GSM6339597	GGTACTTAGGCAAGTA-1	225
GSM6339597	GGTACTTAGTTCCCAC-1	30
GSM6339597	GGTAGGAGTAGGATTT-1	180
GSM6339597	GGTAGGAGTCATTGTC-1	9
GSM6339597	GGTAGGAGTCTCAGCC-1	181
GSM6339597	GGTAGGAGTGGACCTG-1	124
GSM6339597	GGTATTGGTACCGGAT-1	74
GSM6339597	GGTATTGGTGATGATT-1	198
GSM6339597	GGTATTGGTGGAAGGC-1	367
GSM6339597	GGTATTGGTTACCGGG-1	68
GSM6339597	GGTATTTCAAGATTCT-1	99
GSM6339597	GGTATTTCACAAGCCT-1	163
GSM6339597	GGTATTTCACAGACTC-1	377
GSM6339597	GGTATTTCACGGTTTA-1	109
GSM6339597	GGTATTTCATCTAGCA-1	60
GSM6339597	GGTATTTCATTCCTCG-1	451
GSM6339597	GGTCAAGCATGAGTTT-1	71
GSM6339597	GGTCAATTCATGCCTC-1	7
GSM6339597	GGTCAATTCCGTTAAA-1	110
GSM6339597	GGTCAGGAGCATGCAT-1	127
GSM6339597	GGTCAGGAGGTCCAAT-1	133
GSM6339597	GGTCAGGAGTGAGGTA-1	174
GSM6339597	GGTCATTAGCAGGTTT-1	182
GSM6339597	GGTCATTAGGAGGCAT-1	136
GSM6339597	GGTCATTAGGATTGCT-1	51
GSM6339597	GGTCATTAGGCAGGTG-1	248
GSM6339597	GGTCCATCAACCTGGT-1	431
GSM6339597	GGTCCATCAATATACC-1	12
GSM6339597	GGTCCATCACGTGCTG-1	20
GSM6339597	GGTCCATCACTAGGTC-1	34
GSM6339597	GGTCCATCAGAATGAC-1	155
GSM6339597	GGTCCATCAGATTCAT-1	46
GSM6339597	GGTCCATCAGCTTAGC-1	8
GSM6339597	GGTCCATCATAAGCAA-1	562
GSM6339597	GGTCCGTAGCATTATG-1	141
GSM6339597	GGTCCGTAGCTGTCAG-1	139
GSM6339597	GGTCCGTAGGTCCTGA-1	166
GSM6339597	GGTCCGTAGTTTCCTG-1	147
GSM6339597	GGTCCTGCACAATACT-1	137
GSM6339597	GGTCCTGCACACAATT-1	58
GSM6339597	GGTCCTGCACCCACCT-1	56
GSM6339597	GGTCCTGCACGTTACA-1	437
GSM6339597	GGTCCTGCACTGACTA-1	232
GSM6339597	GGTCCTGCAGCCGCTA-1	67
GSM6339597	GGTCCTGCAGGCTTCG-1	377
GSM6339597	GGTCCTGCAGGTCCTG-1	141
GSM6339597	GGTCCTGCATGCATAT-1	16
GSM6339597	GGTCGGTTCATGCTTT-1	54
GSM6339597	GGTCGGTTCCCGAACA-1	217
GSM6339597	GGTCGGTTCTACCTCA-1	8
GSM6339597	GGTCTTGAGGCAATAG-1	133
GSM6339597	GGTCTTGAGGCGTAAA-1	13
GSM6339597	GGTCTTGAGGTTAGAG-1	124
GSM6339597	GGTCTTGAGTTTGAGC-1	180
GSM6339597	GGTCTTTGTTAAGTGT-1	61
GSM6339597	GGTCTTTGTTAATGCG-1	130
GSM6339597	GGTGAGCCAAATATCC-1	72
GSM6339597	GGTGAGCCAATGCCCG-1	115
GSM6339597	GGTGAGCCACAGCCAT-1	100
GSM6339597	GGTGAGCCACTAAGAA-1	136
GSM6339597	GGTGAGCCAGGATTAA-1	33
GSM6339597	GGTGAGCCAGTACCGT-1	71
GSM6339597	GGTGAGCCATGTGGGA-1	42
GSM6339597	GGTGAGCCATTAGGTT-1	141
GSM6339597	GGTGAGGTCAAATCGC-1	54
GSM6339597	GGTGAGGTCATTACTC-1	41
GSM6339597	GGTGAGGTCCAATTAG-1	305
GSM6339597	GGTGAGGTCCTAACGG-1	31
GSM6339597	GGTGAGGTCTAATCAG-1	105
GSM6339597	GGTGAGGTCTATGACA-1	481
GSM6339597	GGTGAGTAGCACAGGG-1	56
GSM6339597	GGTGAGTAGTAACAGG-1	213
GSM6339597	GGTGAGTAGTCAGGCC-1	153
GSM6339597	GGTGATTTCAGGTTTA-1	109
GSM6339597	GGTGATTTCGCTAGCA-1	432
GSM6339597	GGTGATTTCGTGCCTT-1	57
GSM6339597	GGTGATTTCGTTTCTG-1	167
GSM6339597	GGTGCTGGTCATGCCC-1	120
GSM6339597	GGTGCTGGTGAGGTAG-1	170
GSM6339597	GGTGCTGGTTAGGATT-1	7
GSM6339597	GGTGCTGGTTAGGCTA-1	33
GSM6339597	GGTGCTTCAACGTGCT-1	67
GSM6339597	GGTGCTTCAATTAGCT-1	215
GSM6339597	GGTGCTTCACGAATCC-1	150
GSM6339597	GGTGCTTCAGTTAAAG-1	170
GSM6339597	GGTGCTTCATTGTCAG-1	231
GSM6339597	GGTGTCCAGCCGCAGT-1	113
GSM6339597	GGTGTCCAGCTGTAAC-1	147
GSM6339597	GGTGTCCAGGGTCCAC-1	240
GSM6339597	GGTGTCCAGTCATTTC-1	71
GSM6339597	GGTGTCCAGTCCTGAG-1	126
GSM6339597	GGTGTCCAGTGAGGTA-1	40
GSM6339597	GGTGTGACACCTGCCT-1	388
GSM6339597	GGTGTGACAGCACGAA-1	13
GSM6339597	GGTGTGACAGGTCCTG-1	15
GSM6339597	GGTGTGACATAGCGAG-1	35
GSM6339597	GGTGTGACATGAAGTA-1	81
GSM6339597	GGTGTGACATTCCTGT-1	31
GSM6339597	GGTGTTGTCAGGTTTA-1	111
GSM6339597	GGTGTTGTCCCGTTAC-1	102
GSM6339597	GGTGTTGTCCGGTATG-1	130
GSM6339597	GGTGTTGTCGCCTAAG-1	102
GSM6339597	GGTGTTGTCGGCCAGT-1	327
GSM6339597	GGTTAATGTAGACAAA-1	29
GSM6339597	GGTTAATGTCCTTCAG-1	499
GSM6339597	GGTTAATGTGGTTATG-1	389
GSM6339597	GGTTACCCAAAGGCCA-1	170
GSM6339597	GGTTACCCAAGCCACT-1	269
GSM6339597	GGTTACCCAAGCTTAT-1	89
GSM6339597	GGTTACCCAGGTTATT-1	55
GSM6339597	GGTTACTAGCAGCTAT-1	42
GSM6339597	GGTTACTAGCCACATG-1	28
GSM6339597	GGTTACTAGCGGCTGT-1	1
GSM6339597	GGTTACTAGGCGCTTA-1	32
GSM6339597	GGTTAGCGTCAGGCCA-1	247
GSM6339597	GGTTAGCGTGAGCACT-1	98
GSM6339597	GGTTAGCGTGCATTAG-1	58
GSM6339597	GGTTAGCGTTAACAGT-1	87
GSM6339597	GGTTATATCAGGAAGC-1	113
GSM6339597	GGTTATATCATGACCG-1	147
GSM6339597	GGTTATATCCTTCGTA-1	65
GSM6339597	GGTTATATCTAATCTC-1	76
GSM6339597	GGTTATGGTCATGAGC-1	84
GSM6339597	GGTTATGGTTAACACG-1	49
GSM6339597	GGTTCCCGTATACTGG-1	298
GSM6339597	GGTTCCCGTCAAAGGG-1	114
GSM6339597	GGTTCCCGTCCTTTAA-1	95
GSM6339597	GGTTCCCGTGGATTAT-1	96
GSM6339597	GGTTCCCGTTCCGGCT-1	172
GSM6339597	GGTTCTTGTCACAGAC-1	140
GSM6339597	GGTTCTTGTCACAGCG-1	336
GSM6339597	GGTTCTTGTGCTTTAC-1	28
GSM6339597	GGTTGACGTACGTTTC-1	28
GSM6339597	GGTTGACGTATTCGTC-1	18
GSM6339597	GGTTGACGTCATTGAG-1	62
GSM6339597	GGTTGACGTCGAAGTC-1	40
GSM6339597	GGTTGACGTTTAGTCC-1	79
GSM6339597	GGTTGAGCAAAGGCCA-1	92
GSM6339597	GGTTGAGCAAGTAAGC-1	245
GSM6339597	GGTTGAGCAATCCCTT-1	151
GSM6339597	GGTTGAGCAGAGGGAG-1	97
GSM6339597	GGTTGAGCATTGCGTA-1	12
GSM6339597	GGTTGCATCATAACGC-1	2
GSM6339597	GGTTGCATCCGCCTCA-1	309
GSM6339597	GGTTGCATCGTCATTT-1	55
GSM6339597	GGTTGCATCTAGCGAT-1	151
GSM6339597	GGTTGCATCTTTAAGG-1	304
GSM6339597	GGTTGCGGTCACAGCG-1	54
GSM6339597	GGTTGCGGTCGTAATG-1	4
GSM6339597	GGTTGCTCAATTAGGA-1	215
GSM6339597	GGTTGCTCACTGACCG-1	155
GSM6339597	GGTTGCTCATTCAGCA-1	74
GSM6339597	GGTTGGTGTAGGTTAT-1	151
GSM6339597	GGTTGGTGTCAACAAT-1	74
GSM6339597	GGTTGGTGTGCGCGTA-1	213
GSM6339597	GGTTGGTGTTGCGGAT-1	220
GSM6339597	GGTTTAATCACGCATG-1	102
GSM6339597	GGTTTAATCATTGTCT-1	16
GSM6339597	GGTTTAATCCACCTTA-1	23
GSM6339597	GGTTTAATCCTGCGAA-1	7
GSM6339597	GGTTTAATCGCTAGAT-1	141
GSM6339597	GGTTTCCTCACAGCCA-1	48
GSM6339597	GGTTTCCTCATGCGTG-1	260
GSM6339597	GGTTTCCTCTGTTGCC-1	178
GSM6339597	GGTTTGTAGCGCTAAT-1	5
GSM6339597	GGTTTGTAGCTAAGTC-1	303
GSM6339597	GGTTTGTAGGACCTGC-1	188
GSM6339597	GGTTTGTAGGACTTAC-1	450
GSM6339597	GGTTTGTAGGCGCTAC-1	65
GSM6339597	GGTTTGTAGTAAGAAC-1	258
GSM6339597	GTAAAGCCAACAGGAT-1	81
GSM6339597	GTAAAGCCAAGGACCA-1	426
GSM6339597	GTAAAGCCAATACTGT-1	177
GSM6339597	GTAAAGCCAATAGTCT-1	96
GSM6339597	GTAAAGCCACGAATCC-1	91
GSM6339597	GTAAAGCCAGCTAATT-1	45
GSM6339597	GTAAAGCCAGTTGCGT-1	133
GSM6339597	GTAAAGCCATAGCGGA-1	33
GSM6339597	GTAAGCAAGCGAGTAA-1	109
GSM6339597	GTAAGCAAGGAGTCTT-1	84
GSM6339597	GTAAGCAAGTCATTTC-1	195
GSM6339597	GTAAGCGCAACCTGGT-1	113
GSM6339597	GTAAGCGCAAGTCGCT-1	52
GSM6339597	GTAAGCGCATGAATCT-1	301
GSM6339597	GTAAGCGCATTAGCCA-1	100
GSM6339597	GTAAGCTTCTCGACCT-1	111
GSM6339597	GTAAGGTCACAATTAC-1	134
GSM6339597	GTAAGGTCACTTGTTC-1	37
GSM6339597	GTAAGGTCAGCAAGGC-1	137
GSM6339597	GTAAGGTCAGTCTAAT-1	298
GSM6339597	GTAATAGCAAACCTTG-1	164
GSM6339597	GTAATAGCAACATAAG-1	162
GSM6339597	GTAATAGCAACCCTAA-1	160
GSM6339597	GTAATAGCAATTTGGT-1	161
GSM6339597	GTAATAGCACTAGGTC-1	248
GSM6339597	GTAATAGCAGGTTTGC-1	65
GSM6339597	GTAATAGCAGTATGTT-1	75
GSM6339597	GTAATAGCATAGGCGA-1	97
GSM6339597	GTAATAGCATCCCGCT-1	32
GSM6339597	GTAATAGCATCCTAGA-1	111
GSM6339597	GTAATAGCATTCAGCA-1	106
GSM6339597	GTACAATGTCCCGGAA-1	286
GSM6339597	GTACAATGTTACCTGT-1	28
GSM6339597	GTACAATGTTCCATTA-1	6
GSM6339597	GTACAATGTTGGATCA-1	68
GSM6339597	GTACAATGTTTAACGG-1	376
GSM6339597	GTACACCCAATATGGA-1	208
GSM6339597	GTACACCCACGTAATT-1	50
GSM6339597	GTACACCCATGGAGGC-1	399
GSM6339597	GTACACCCATTAAACC-1	160
GSM6339597	GTACACCCATTCCTCG-1	137
GSM6339597	GTACCGGGTAATCGCA-1	13
GSM6339597	GTACCGGGTACCTTAC-1	149
GSM6339597	GTACCGGGTAGGTTAT-1	18
GSM6339597	GTACCGGGTATTACCC-1	12
GSM6339597	GTACCGGGTATTGTGG-1	40
GSM6339597	GTACCGGGTCGTAATG-1	48
GSM6339597	GTACCGGGTTGTTGGA-1	41
GSM6339597	GTACCTTGTCCGTGAG-1	6
GSM6339597	GTACCTTGTCCTAAGA-1	24
GSM6339597	GTACGTAGTCCGTAGG-1	210
GSM6339597	GTACGTAGTGACCTGG-1	28
GSM6339597	GTACGTAGTTCGCTTG-1	263
GSM6339597	GTACTAATCAAGTGAG-1	94
GSM6339597	GTACTAATCAGGGCCT-1	528
GSM6339597	GTACTAATCATTTGTC-1	186
GSM6339597	GTACTAATCCTGGTGA-1	177
GSM6339597	GTACTAATCCTTGCGT-1	462
GSM6339597	GTACTAATCTTCAATC-1	219
GSM6339597	GTACTAGGTAATCGTG-1	33
GSM6339597	GTACTAGGTACGCGCA-1	139
GSM6339597	GTACTAGGTTTAGCGA-1	91
GSM6339597	GTACTGGTCAGGGCCT-1	193
GSM6339597	GTACTGGTCTCAATTC-1	49
GSM6339597	GTACTTAAGCTCAAAC-1	42
GSM6339597	GTACTTAAGGGTTATC-1	115
GSM6339597	GTACTTAAGGTTTGAC-1	63
GSM6339597	GTACTTCGTCACAGCG-1	421
GSM6339597	GTACTTCGTGGCTTCC-1	278
GSM6339597	GTACTTCGTGTAACCA-1	161
GSM6339597	GTACTTCGTTTGGCTT-1	230
GSM6339597	GTACTTCGTTTGGTTC-1	21
GSM6339597	GTAGCCATCAATAGCC-1	22
GSM6339597	GTAGCCATCCGTTATT-1	3
GSM6339597	GTAGCCATCCTCAGTC-1	17
GSM6339597	GTAGCCATCTTGCAGG-1	138
GSM6339597	GTAGCGCTCAGCACCA-1	15
GSM6339597	GTAGCGCTCATCCTAT-1	558
GSM6339597	GTAGCGCTCATGAAGG-1	154
GSM6339597	GTAGCGCTCCCTCGCA-1	311
GSM6339597	GTAGCGCTCCTAAGAC-1	239
GSM6339597	GTAGCTGTCCAGGTCA-1	61
GSM6339597	GTAGGAGGTCCTTAGT-1	100
GSM6339597	GTAGGAGGTGACCTGG-1	180
GSM6339597	GTAGGATCAACACTTG-1	118
GSM6339597	GTAGGATCAGAACCGA-1	262
GSM6339597	GTAGGATCATTGCGTA-1	56
GSM6339597	GTAGGCGAGGAGTCGG-1	183
GSM6339597	GTAGGTGCAAACATAG-1	99
GSM6339597	GTAGGTGCAACTAGGG-1	154
GSM6339597	GTAGGTGCACATACTG-1	248
GSM6339597	GTAGGTGCAGGATTAA-1	41
GSM6339597	GTAGGTGCATAGGCGA-1	187
GSM6339597	GTAGGTGCATAGTCAT-1	43
GSM6339597	GTAGGTGCATCAATCG-1	110
GSM6339597	GTAGTTATCACACAGT-1	134
GSM6339597	GTAGTTATCACGTTAA-1	338
GSM6339597	GTAGTTTCAAGCGATG-1	260
GSM6339597	GTAGTTTCAATGCCCG-1	31
GSM6339597	GTAGTTTCACGTGCTG-1	201
GSM6339597	GTAGTTTCAGCAGGTA-1	374
GSM6339597	GTATCGCCAATTGAAG-1	91
GSM6339597	GTATCGCCAATTGACT-1	73
GSM6339597	GTATCGCCAGGCCATT-1	199
GSM6339597	GTATCGCCATCGCTTT-1	440
GSM6339597	GTATGTGGTACCTTAC-1	37
GSM6339597	GTATGTGGTTTGGGCG-1	136
GSM6339597	GTATGTTCAGGCCAAA-1	79
GSM6339597	GTATGTTCAGGTCCTG-1	408
GSM6339597	GTATTCAAGAGAGGCT-1	302
GSM6339597	GTATTCAAGCAAGGGT-1	72
GSM6339597	GTATTCAAGCTCCTTA-1	245
GSM6339597	GTATTCAAGGATTTGC-1	13
GSM6339597	GTATTCAAGGCTACTG-1	160
GSM6339597	GTATTCAAGTGAGCGG-1	125
GSM6339597	GTATTGATCATGTTTC-1	101
GSM6339597	GTATTGATCATTGACA-1	22
GSM6339597	GTATTGATCTATCGCC-1	27
GSM6339597	GTATTGCAGCCGCAAC-1	140
GSM6339597	GTATTGCAGCTGTCAG-1	241
GSM6339597	GTATTGCAGGAACCGG-1	251
GSM6339597	GTATTGTCAAATTGCT-1	54
GSM6339597	GTATTGTCAGAAATGC-1	403
GSM6339597	GTATTGTCAGCTAACC-1	58
GSM6339597	GTATTGTCAGTTTCTC-1	356
GSM6339597	GTATTGTCATGTTGGC-1	76
GSM6339597	GTCAAACTCATTTGCT-1	47
GSM6339597	GTCAAACTCCCTCACG-1	18
GSM6339597	GTCAAACTCTTGAGGT-1	36
GSM6339597	GTCAATATCACAGCGC-1	30
GSM6339597	GTCAATATCAGGAACA-1	150
GSM6339597	GTCAATATCATTATGG-1	263
GSM6339597	GTCAATATCGTCATTT-1	76
GSM6339597	GTCAGGCTCACCATTT-1	14
GSM6339597	GTCAGGCTCATGCTTT-1	664
GSM6339597	GTCAGGCTCTAAGTCA-1	177
GSM6339597	GTCATCACAAATTGCT-1	90
GSM6339597	GTCATCACAATAATGG-1	127
GSM6339597	GTCATCACACGTAAGG-1	144
GSM6339597	GTCATCACAGAGAGCC-1	136
GSM6339597	GTCATCCTCAAGCTAC-1	122
GSM6339597	GTCATCCTCGCTTGCT-1	217
GSM6339597	GTCATCCTCGGTTTCC-1	211
GSM6339597	GTCATCCTCTGTGAGT-1	72
GSM6339597	GTCATGAGTCACAGCG-1	199
GSM6339597	GTCATGAGTGGTTATG-1	301
GSM6339597	GTCATGAGTTAATGCG-1	39
GSM6339597	GTCATGCCAAGTGTCC-1	135
GSM6339597	GTCATGCCAATTAGCT-1	190
GSM6339597	GTCATTAAGAGAGGCT-1	115
GSM6339597	GTCATTAAGCATTATG-1	97
GSM6339597	GTCATTAAGCTACTGG-1	146
GSM6339597	GTCATTAAGGAAACTG-1	207
GSM6339597	GTCATTAAGGCTATGT-1	94
GSM6339597	GTCATTAAGTTACTTC-1	10
GSM6339597	GTCCAAGTCACGCATG-1	192
GSM6339597	GTCCAAGTCAGGAACA-1	61
GSM6339597	GTCCAAGTCCAGGTCA-1	73
GSM6339597	GTCCAAGTCTTAAGTG-1	24
GSM6339597	GTCCAGGGTAGGTTTG-1	229
GSM6339597	GTCCAGGGTATTGCAG-1	45
GSM6339597	GTCCAGGGTGTCACGG-1	148
GSM6339597	GTCCAGGGTTTGCAGA-1	34
GSM6339597	GTCCATTGTAACGAGG-1	148
GSM6339597	GTCCATTGTATACTGG-1	87
GSM6339597	GTCCATTGTCACGGAT-1	10
GSM6339597	GTCCATTGTGTTTGTC-1	228
GSM6339597	GTCCATTGTTCGCTTG-1	151
GSM6339597	GTCCGTAAGCACTAGT-1	12
GSM6339597	GTCCGTAAGGACGTAA-1	31
GSM6339597	GTCCGTAAGTATTGCA-1	104
GSM6339597	GTCCGTAAGTTTGGGT-1	49
GSM6339597	GTCCTAGAGCATGTTA-1	215
GSM6339597	GTCCTAGAGCGCTCAA-1	157
GSM6339597	GTCCTAGAGGACACTT-1	71
GSM6339597	GTCCTAGAGGATCACT-1	83
GSM6339597	GTCCTAGAGTCACCTC-1	28
GSM6339597	GTCCTCAGTAATTAGC-1	70
GSM6339597	GTCCTCAGTCATTGAG-1	6
GSM6339597	GTCCTCAGTTCCAGGG-1	53
GSM6339597	GTCCTCAGTTGAAGCC-1	189
GSM6339597	GTCCTCCCAGTCTATG-1	339
GSM6339597	GTCGAAGCAAGCTTAT-1	70
GSM6339597	GTCGAAGCAATCATGT-1	85
GSM6339597	GTCGAAGCACCCACCT-1	158
GSM6339597	GTCGAAGCAGCAACCT-1	304
GSM6339597	GTCGAAGCAGTTAAAG-1	151
GSM6339597	GTCGCAATCACAGCCA-1	117
GSM6339597	GTCGCAATCTCACAAA-1	152
GSM6339597	GTCGGTTCAATCGCAC-1	136
GSM6339597	GTCGGTTCACCGTTCC-1	182
GSM6339597	GTCGGTTCAGAATGAC-1	416
GSM6339597	GTCGGTTCAGGCTGTT-1	59
GSM6339597	GTCTAACAGGCTATGT-1	55
GSM6339597	GTCTAACAGTCCTTTG-1	11
GSM6339597	GTCTAATCAATCCTAG-1	67
GSM6339597	GTCTAATCACCTAAGC-1	70
GSM6339597	GTCTAATCATTAAACC-1	26
GSM6339597	GTCTAGCCAAATTGCT-1	92
GSM6339597	GTCTAGCCACCCTCAC-1	178
GSM6339597	GTCTAGCCACTCAACA-1	294
GSM6339597	GTCTAGCCAGGCGAGT-1	52
GSM6339597	GTCTATCGTACGGTAC-1	27
GSM6339597	GTCTATCGTGGACATC-1	17
GSM6339597	GTCTATCGTTACTTCA-1	40
GSM6339597	GTCTATCGTTCCTGTG-1	25
GSM6339597	GTCTATCGTTCGCGCT-1	25
GSM6339597	GTCTATGCAATTAAGG-1	134
GSM6339597	GTCTATGCACAGGGAC-1	124
GSM6339597	GTCTATGCACCTCGCT-1	76
GSM6339597	GTCTATGCAGGCCATT-1	42
GSM6339597	GTCTCACTCAGCCAAT-1	150
GSM6339597	GTCTCACTCCCTGGAA-1	9
GSM6339597	GTCTCACTCCCTTGCG-1	41
GSM6339597	GTCTCACTCCTCAGCT-1	157
GSM6339597	GTCTCACTCGCCTAAG-1	46
GSM6339597	GTCTCACTCTAGCTAA-1	562
GSM6339597	GTCTCACTCTTTAAGG-1	208
GSM6339597	GTCTTGCTCAGCAAGA-1	10
GSM6339597	GTCTTGCTCCTAAGTA-1	212
GSM6339597	GTCTTGCTCCTGATTT-1	155
GSM6339597	GTCTTGCTCGAGGAGT-1	50
GSM6339597	GTCTTTAGTGAGAAAC-1	24
GSM6339597	GTCTTTAGTTTGCGCC-1	142
GSM6339597	GTCTTTGTCCCTCAGT-1	104
GSM6339597	GTCTTTGTCTATTGTC-1	139
GSM6339597	GTGAACAAGCCTGACA-1	42
GSM6339597	GTGAACAAGGCCCAGT-1	111
GSM6339597	GTGAACAAGGGTGAGT-1	116
GSM6339597	GTGAACAAGTTTGGGT-1	12
GSM6339597	GTGAATCTCAATAGCC-1	351
GSM6339597	GTGAATCTCATCCTGC-1	216
GSM6339597	GTGAATCTCGCGACAC-1	50
GSM6339597	GTGAATCTCTAATTGG-1	244
GSM6339597	GTGAGCGAGAGCCGCT-1	497
GSM6339597	GTGAGCGAGCACAGAA-1	423
GSM6339597	GTGAGCGAGGGTTAGA-1	69
GSM6339597	GTGAGCGAGGTCTTGG-1	166
GSM6339597	GTGAGGAGTACAATGT-1	416
GSM6339597	GTGAGGAGTCCGCTGT-1	453
GSM6339597	GTGAGGAGTGAGGTGA-1	156
GSM6339597	GTGAGGAGTTCGCGCT-1	23
GSM6339597	GTGATCAGTCATCATC-1	80
GSM6339597	GTGATCAGTTAAGCGC-1	30
GSM6339597	GTGATCAGTTGGATAT-1	108
GSM6339597	GTGATCAGTTGTAACG-1	148
GSM6339597	GTGATGAAGCTCATAA-1	194
GSM6339597	GTGATGAAGGAAGTAT-1	221
GSM6339597	GTGATGAAGGTAACGA-1	178
GSM6339597	GTGCAAGCAATTGCGC-1	115
GSM6339597	GTGCAAGCACAAACTT-1	141
GSM6339597	GTGCAAGCATCGCTCC-1	418
GSM6339597	GTGCAAGCATTGCAGC-1	109
GSM6339597	GTGCAAGCATTGTTGG-1	167
GSM6339597	GTGCACGGTAGCCTAA-1	4
GSM6339597	GTGCACGGTCTTACTA-1	88
GSM6339597	GTGCACGGTTAGAGCC-1	20
GSM6339597	GTGCACGGTTGCTGGG-1	533
GSM6339597	GTGCATTAGCTAATTG-1	187
GSM6339597	GTGCATTAGGAACCAA-1	139
GSM6339597	GTGCATTAGGACCTGC-1	112
GSM6339597	GTGCATTAGGTGAAAT-1	196
GSM6339597	GTGCATTAGGTGCGGA-1	441
GSM6339597	GTGCGCAGTAAATTGC-1	7
GSM6339597	GTGCGCAGTATTCGTC-1	98
GSM6339597	GTGCGCAGTTATGTGG-1	306
GSM6339597	GTGCGGTTCAAGTGTC-1	117
GSM6339597	GTGCGGTTCAGGCCTA-1	9
GSM6339597	GTGCGGTTCATCGTTT-1	92
GSM6339597	GTGCGGTTCATTGACA-1	95
GSM6339597	GTGCGGTTCCAGGTTG-1	126
GSM6339597	GTGCGGTTCGGTTCCT-1	117
GSM6339597	GTGCGGTTCTCGCCTG-1	11
GSM6339597	GTGCTCAAGCCGCTTT-1	41
GSM6339597	GTGCTCAAGTCACGAT-1	173
GSM6339597	GTGCTCAAGTGAGGGT-1	103
GSM6339597	GTGCTGATCAAACCTA-1	102
GSM6339597	GTGCTGATCACTTCAT-1	413
GSM6339597	GTGCTGATCCTCAGTC-1	229
GSM6339597	GTGCTGATCCTTAAGA-1	79
GSM6339597	GTGCTGATCTGTGCCT-1	25
GSM6339597	GTGCTGATCTTGTCTG-1	141
GSM6339597	GTGCTGGGTAATCCCT-1	759
GSM6339597	GTGCTGGGTGCAATGC-1	119
GSM6339597	GTGCTGGGTGCTTTAC-1	95
GSM6339597	GTGCTGGGTTACCTGT-1	12
GSM6339597	GTGCTGGGTTTCCGGC-1	60
GSM6339597	GTGCTTACAAGGTGGC-1	117
GSM6339597	GTGCTTACAATCCTAG-1	65
GSM6339597	GTGCTTACAGGCGATA-1	138
GSM6339597	GTGCTTACATTGTCCT-1	67
GSM6339597	GTGCTTCTCAAGCGCC-1	249
GSM6339597	GTGCTTCTCAGGAACA-1	264
GSM6339597	GTGCTTCTCCCGAAGC-1	38
GSM6339597	GTGCTTCTCCTAAGAC-1	429
GSM6339597	GTGCTTCTCTCAATGA-1	129
GSM6339597	GTGGACACACAACAAA-1	176
GSM6339597	GTGGACACAGCATGGA-1	498
GSM6339597	GTGGACACAGCCAGTT-1	59
GSM6339597	GTGGACACAGTACCGT-1	476
GSM6339597	GTGGACACATAGCTGC-1	251
GSM6339597	GTGGACACATCCGTAA-1	155
GSM6339597	GTGGACACATTGCGGT-1	173
GSM6339597	GTGGATGCAAAGGCCA-1	116
GSM6339597	GTGGATGCAATGAGGT-1	93
GSM6339597	GTGGCTTCAAAGGTAC-1	245
GSM6339597	GTGGCTTCAACACTTG-1	375
GSM6339597	GTGGCTTCAAGGGTTG-1	139
GSM6339597	GTGGCTTCAGCTAATT-1	126
GSM6339597	GTGGCTTCAGGAACAT-1	134
GSM6339597	GTGGTTAGTCAGGCCA-1	181
GSM6339597	GTGGTTAGTCATCAAG-1	45
GSM6339597	GTGGTTAGTCGTTATC-1	49
GSM6339597	GTGGTTAGTGATCAGC-1	115
GSM6339597	GTGGTTAGTTACGCGG-1	31
GSM6339597	GTGGTTAGTTAGGACC-1	84
GSM6339597	GTGGTTAGTTGCACGG-1	168
GSM6339597	GTGGTTAGTTGTAACG-1	226
GSM6339597	GTGTAACTCCTGGCTT-1	201
GSM6339597	GTGTAACTCTCGCCTG-1	116
GSM6339597	GTGTCCAAGGCTCATG-1	25
GSM6339597	GTGTCCAAGTACCGCA-1	372
GSM6339597	GTGTCCAAGTGAGAGC-1	11
GSM6339597	GTGTGAGCACTAGCGT-1	80
GSM6339597	GTGTGAGCAGCACCAT-1	223
GSM6339597	GTGTGAGCATGGTTAT-1	64
GSM6339597	GTGTGAGCATTATGGT-1	312
GSM6339597	GTGTGAGCATTGTGAT-1	97
GSM6339597	GTGTGCGGTACTTAGG-1	310
GSM6339597	GTGTGCGGTTATCGAG-1	140
GSM6339597	GTGTGCGGTTCACTGT-1	128
GSM6339597	GTGTGCGGTTCATCTA-1	55
GSM6339597	GTGTGCGGTTCCTCCT-1	38
GSM6339597	GTGTGCGGTTGAGGTC-1	444
GSM6339597	GTGTGTTAGCCTGAGC-1	85
GSM6339597	GTGTGTTAGTTGTCTT-1	85
GSM6339597	GTGTTACAGCCAGTAT-1	247
GSM6339597	GTGTTACAGGACCAGG-1	35
GSM6339597	GTGTTACAGGATTGCT-1	236
GSM6339597	GTGTTCCTCACCGGTA-1	131
GSM6339597	GTGTTCCTCATTACGA-1	248
GSM6339597	GTGTTCCTCATTAGGC-1	295
GSM6339597	GTGTTCCTCATTGTCT-1	16
GSM6339597	GTGTTCCTCATTGTTC-1	587
GSM6339597	GTGTTCCTCGTTATCT-1	149
GSM6339597	GTGTTCCTCTGCAAGT-1	65
GSM6339597	GTTAAACGTGCAACTA-1	6
GSM6339597	GTTAAACGTGCATTAG-1	97
GSM6339597	GTTAAACGTGCGCAAT-1	90
GSM6339597	GTTAAACGTTCAAGAT-1	21
GSM6339597	GTTAACCAGCCACATG-1	226
GSM6339597	GTTAACCAGCTTTGTT-1	37
GSM6339597	GTTAACCAGGAACCGG-1	151
GSM6339597	GTTAACCAGGAGGCAT-1	203
GSM6339597	GTTAACCAGGGTCTAT-1	211
GSM6339597	GTTAACGGTAATCGCA-1	47
GSM6339597	GTTAACGGTAGTAAGA-1	283
GSM6339597	GTTAACGGTCAAGACC-1	8
GSM6339597	GTTAACGGTCTAGCTT-1	11
GSM6339597	GTTAACGGTTAAGCGC-1	119
GSM6339597	GTTAACGGTTAGGCGT-1	138
GSM6339597	GTTAACGGTTCCTCCT-1	16
GSM6339597	GTTAACGGTTTAGTCC-1	120
GSM6339597	GTTAACGGTTTATCTG-1	9
GSM6339597	GTTAAGCTCATCACTT-1	32
GSM6339597	GTTAAGCTCATGCTAA-1	268
GSM6339597	GTTAAGCTCCTTAGGG-1	20
GSM6339597	GTTAAGCTCGTTTCGC-1	97
GSM6339597	GTTAAGTGTATTACCC-1	221
GSM6339597	GTTAAGTGTGAATCGC-1	214
GSM6339597	GTTAAGTGTGATCATG-1	81
GSM6339597	GTTAAGTGTGGTTCCC-1	13
GSM6339597	GTTAATGTCAGCACCA-1	42
GSM6339597	GTTAATGTCATTACGA-1	38
GSM6339597	GTTAATGTCCAACTGG-1	93
GSM6339597	GTTAATGTCCTCCTAA-1	4
GSM6339597	GTTAATGTCCTTCGTA-1	29
GSM6339597	GTTAATGTCGGGACTC-1	48
GSM6339597	GTTAATGTCTACTAAG-1	114
GSM6339597	GTTAATGTCTTCAATC-1	14
GSM6339597	GTTACAGGTAATCCCT-1	65
GSM6339597	GTTACAGGTAATGGAA-1	14
GSM6339597	GTTACAGGTGGAAGGC-1	233
GSM6339597	GTTACAGGTTAACGAT-1	216
GSM6339597	GTTACAGGTTTGTTGC-1	89
GSM6339597	GTTACCTGTCACAAAT-1	156
GSM6339597	GTTACCTGTCACAGAC-1	44
GSM6339597	GTTACCTGTCGACTAA-1	102
GSM6339597	GTTACCTGTGGAAGGC-1	101
GSM6339597	GTTACCTGTTGACTTC-1	83
GSM6339597	GTTACGCCAAATTGCT-1	44
GSM6339597	GTTACGCCAAGCTTAT-1	174
GSM6339597	GTTACGCCACCAAAGG-1	242
GSM6339597	GTTACGCCAGGCATCT-1	85
GSM6339597	GTTACGCCATAGTCAT-1	226
GSM6339597	GTTACGTAGGTCGAGG-1	157
GSM6339597	GTTACGTAGTGTTGTA-1	100
GSM6339597	GTTACTAAGCTAATTG-1	88
GSM6339597	GTTACTAAGGACCAGG-1	31
GSM6339597	GTTACTAAGGAGGCAT-1	175
GSM6339597	GTTACTAAGTAACTCA-1	190
GSM6339597	GTTACTCGTAAATTGC-1	105
GSM6339597	GTTACTCGTATTGCAG-1	161
GSM6339597	GTTACTCGTGGTTCTT-1	48
GSM6339597	GTTAGACTCCTACCTA-1	278
GSM6339597	GTTAGACTCGTAACGT-1	206
GSM6339597	GTTAGGCGTCACGAAC-1	245
GSM6339597	GTTAGGCGTGAAGCCT-1	523
GSM6339597	GTTAGGCGTGATTACG-1	117
GSM6339597	GTTAGGCGTGTGAGAG-1	202
GSM6339597	GTTCACCTCCTCCATA-1	89
GSM6339597	GTTCATTTCACTTCAT-1	113
GSM6339597	GTTCATTTCATTAGGC-1	184
GSM6339597	GTTCATTTCATTATGG-1	244
GSM6339597	GTTCATTTCCTAAATG-1	713
GSM6339597	GTTCATTTCCTGTTCA-1	340
GSM6339597	GTTCATTTCTGCAAAC-1	250
GSM6339597	GTTCATTTCTGTGCAG-1	77
GSM6339597	GTTCCCAGTACCGTAA-1	26
GSM6339597	GTTCCCAGTGATTACG-1	107
GSM6339597	GTTCCCAGTTGGTTCT-1	83
GSM6339597	GTTCCTGGTACCGGAT-1	45
GSM6339597	GTTCCTGGTCAACAAT-1	128
GSM6339597	GTTCCTGGTCGACTCC-1	9
GSM6339597	GTTCCTGGTGCTGTAA-1	397
GSM6339597	GTTCCTGGTTAGGCTA-1	31
GSM6339597	GTTCCTGGTTATAGCG-1	169
GSM6339597	GTTCCTTCAACAACAA-1	68
GSM6339597	GTTCCTTCACTCGCTC-1	107
GSM6339597	GTTCCTTCATCATGGC-1	191
GSM6339597	GTTCCTTCATCCCTCA-1	45
GSM6339597	GTTCGCGCAATGAGGT-1	264
GSM6339597	GTTCGCGCACAATGTT-1	303
GSM6339597	GTTCGCGCACATTAAC-1	183
GSM6339597	GTTCGCGCACTAAGAA-1	208
GSM6339597	GTTCGCGCATAAGTCT-1	240
GSM6339597	GTTCGCTTCACAAGCT-1	65
GSM6339597	GTTCGCTTCATCGTTT-1	64
GSM6339597	GTTCGCTTCATGGCCA-1	33
GSM6339597	GTTCGCTTCCCTCAAC-1	192
GSM6339597	GTTCGCTTCCGCTAGA-1	105
GSM6339597	GTTCTCATCAATGTGC-1	63
GSM6339597	GTTCTCATCCTGCGAA-1	72
GSM6339597	GTTCTCATCGCTAGTG-1	51
GSM6339597	GTTCTTAGTAGGTGTC-1	32
GSM6339597	GTTCTTGTCCTGAGTG-1	104
GSM6339597	GTTCTTGTCGATTTAG-1	102
GSM6339597	GTTCTTGTCGCTAGTG-1	189
GSM6339597	GTTGCATAGAATGACG-1	346
GSM6339597	GTTGCATAGACAACGA-1	130
GSM6339597	GTTGCATAGGCCATCA-1	94
GSM6339597	GTTGCATAGGGTTATC-1	449
GSM6339597	GTTGCATAGTGAAGTG-1	91
GSM6339597	GTTGCATAGTGAGCAA-1	164
GSM6339597	GTTGCGGGTAATGGAA-1	9
GSM6339597	GTTGCGGGTACGGGTT-1	14
GSM6339597	GTTGCGGGTCATGAGC-1	124
GSM6339597	GTTGCGGGTCCTAATC-1	68
GSM6339597	GTTGCGGGTGACCTGG-1	106
GSM6339597	GTTGCGGGTGTTGCTT-1	14
GSM6339597	GTTGCGGGTTGTAACG-1	260
GSM6339597	GTTGCTGAGACAGGTA-1	143
GSM6339597	GTTGCTGAGCCGGTAC-1	78
GSM6339597	GTTGCTGAGTCGCTAG-1	181
GSM6339597	GTTGGAGCATAAACCT-1	146
GSM6339597	GTTGGAGCATACTCCT-1	85
GSM6339597	GTTGGAGCATATAACC-1	67
GSM6339597	GTTGGCGGTCACGGAT-1	11
GSM6339597	GTTGGCGGTGAGACTC-1	276
GSM6339597	GTTGGCGGTTAAGGCC-1	14
GSM6339597	GTTGGCGGTTCACTGT-1	162
GSM6339597	GTTGGCGGTTTGGGCG-1	174
GSM6339597	GTTGTGAGTACCGTTT-1	245
GSM6339597	GTTGTGAGTCCTAACT-1	144
GSM6339597	GTTGTGAGTGAGGTAG-1	33
GSM6339597	GTTGTTGCAATCGCAC-1	468
GSM6339597	GTTGTTGCAATGAAGC-1	208
GSM6339597	GTTGTTGCACTAAGTT-1	95
GSM6339597	GTTGTTGCAGGCATCT-1	110
GSM6339597	GTTTAACCAGGCTAAG-1	121
GSM6339597	GTTTAACCATAAGCAA-1	449
GSM6339597	GTTTAACCATGTCGCG-1	56
GSM6339597	GTTTACCGTCCTAACT-1	237
GSM6339597	GTTTACCGTTATCCGT-1	280
GSM6339597	GTTTACCGTTCACTGT-1	218
GSM6339597	GTTTACCGTTGAGCCG-1	242
GSM6339597	GTTTAGCAGCAGGTGG-1	256
GSM6339597	GTTTAGCAGCATTATG-1	192
GSM6339597	GTTTAGCAGCGCAATT-1	38
GSM6339597	GTTTAGCAGCTCCTTA-1	90
GSM6339597	GTTTAGCAGTTCCTGC-1	569
GSM6339597	GTTTATCTCACAGACT-1	91
GSM6339597	GTTTATCTCATGTTTC-1	155
GSM6339597	GTTTATCTCCGCACAA-1	466
GSM6339597	GTTTCAGCAACATAAG-1	106
GSM6339597	GTTTCAGCAACTGGGA-1	88
GSM6339597	GTTTCAGCAAGGGTTG-1	91
GSM6339597	GTTTCAGCAATTAAGG-1	237
GSM6339597	GTTTCAGCAGAGGCTA-1	168
GSM6339597	GTTTCAGCAGCATTAT-1	40
GSM6339597	GTTTCAGCATCCTGAA-1	200
GSM6339597	GTTTCAGCATTTGCTC-1	51
GSM6339597	GTTTCCTCAATATACC-1	251
GSM6339597	GTTTCCTCAATGCGCT-1	94
GSM6339597	GTTTCCTCATAATGAG-1	6
GSM6339597	GTTTCCTCATCGCTCC-1	212
GSM6339597	GTTTCTAGTAACGTGC-1	39
GSM6339597	GTTTCTAGTAATGGAA-1	54
GSM6339597	GTTTCTAGTGTCACGG-1	97
GSM6339597	GTTTCTAGTTGTTGTC-1	20
GSM6339597	GTTTCTAGTTTCCGGC-1	74
GSM6339597	GTTTGTAAGCTTTGTT-1	238
GSM6339597	GTTTGTAAGGAACCAA-1	430
GSM6339597	GTTTGTAAGGCTGGCT-1	77
GSM6339597	GTTTGTAAGTAACCCG-1	62
GSM6339597	GTTTGTAAGTAGAGGC-1	139
GSM6339597	GTTTGTAAGTCTCACC-1	122
GSM6339597	GTTTGTCGTCTAACAG-1	136
GSM6339597	GTTTGTCGTTCCGGCT-1	77
GSM6339597	GTTTGTTTCAAAGGCA-1	411
GSM6339597	GTTTGTTTCAGGCTAT-1	206
GSM6339597	GTTTGTTTCCTTAGGG-1	153
GSM6339597	GTTTGTTTCGGTTTCC-1	160
GSM6339597	GTTTGTTTCTCTAGCC-1	388
GSM6339597	GTTTGTTTCTTTGACT-1	125
GSM6339597	TAAACAGCAACCTAAT-1	42
GSM6339597	TAAACAGCACCAGCAT-1	100
GSM6339597	TAAACAGCACCTATAG-1	119
GSM6339597	TAAACAGCACTTACAG-1	8
GSM6339597	TAAAGCCTCATTGCGG-1	120
GSM6339597	TAAAGCCTCCACCTGT-1	76
GSM6339597	TAAAGCCTCCTGCGAA-1	91
GSM6339597	TAAAGCCTCCTGGTCT-1	93
GSM6339597	TAACAAGCACCTGCCT-1	137
GSM6339597	TAACAAGCATAAAGCA-1	192
GSM6339597	TAACAAGCATAGGCGA-1	68
GSM6339597	TAACCAGGTGCTTTAC-1	398
GSM6339597	TAACCAGGTTCATTTG-1	375
GSM6339597	TAACCAGGTTCCTCCT-1	22
GSM6339597	TAACCGGTCATCCTCA-1	117
GSM6339597	TAACCGGTCATGCTAA-1	28
GSM6339597	TAACCGGTCTAAGGAG-1	152
GSM6339597	TAACCGGTCTTAGCCC-1	506
GSM6339597	TAACCTAAGAGAGGAG-1	22
GSM6339597	TAACCTAAGCACCACA-1	262
GSM6339597	TAACCTAAGCTATATG-1	245
GSM6339597	TAACCTAAGGCATGAA-1	80
GSM6339597	TAACCTAAGGTGAAGC-1	116
GSM6339597	TAACCTAAGGTTAGCT-1	127
GSM6339597	TAACCTAAGTGAGGTA-1	319
GSM6339597	TAAGCCAGTCAAGTAT-1	138
GSM6339597	TAAGCCAGTCATGCAA-1	94
GSM6339597	TAAGCCAGTGGTTATG-1	6
GSM6339597	TAAGCCAGTTAGACCA-1	60
GSM6339597	TAAGCCTAGCTGCACA-1	274
GSM6339597	TAAGCTATCCATAAGC-1	19
GSM6339597	TAAGCTATCCGCAACA-1	243
GSM6339597	TAAGCTGGTTGCGCGA-1	165
GSM6339597	TAAGGACCATCTTGAG-1	162
GSM6339597	TAAGGCTTCAAACCTA-1	151
GSM6339597	TAAGGCTTCCCGCATT-1	130
GSM6339597	TAAGGCTTCTTGCATT-1	55
GSM6339597	TAAGTAGCAAGCGATG-1	462
GSM6339597	TAAGTAGCACTAAGCC-1	564
GSM6339597	TAAGTAGCAGCTTACA-1	195
GSM6339597	TAAGTAGCATAGACCC-1	34
GSM6339597	TAAGTAGCATCCCTCA-1	122
GSM6339597	TAAGTGCTCGGTACGC-1	121
GSM6339597	TAATCACCAACACCTA-1	246
GSM6339597	TAATCACCAGATTCAT-1	118
GSM6339597	TAATCACCAGGAATCG-1	164
GSM6339597	TAATCACCAGTGAACG-1	23
GSM6339597	TAATCACCATGGCCCA-1	220
GSM6339597	TAATCACCATTAAAGG-1	8
GSM6339597	TAATCCGCAATTATGC-1	134
GSM6339597	TAATCCGCAGAGGGAG-1	254
GSM6339597	TAATCCGCAGGTTACC-1	91
GSM6339597	TAATCCGCATCGTTCT-1	41
GSM6339597	TAATGCATCAATCTAG-1	6
GSM6339597	TAATGCATCAGCACGC-1	137
GSM6339597	TAATGCATCATAACCA-1	305
GSM6339597	TAATGCATCCCTGATC-1	10
GSM6339597	TAATGCATCCTTAGGG-1	124
GSM6339597	TAATGCATCGGTAACT-1	110
GSM6339597	TAATGCATCTGTGCCT-1	213
GSM6339597	TAATGCATCTTACTCG-1	95
GSM6339597	TAATGGACAACTGGCT-1	93
GSM6339597	TAATGGACAAGGTAAC-1	139
GSM6339597	TAATGGACAGGAACAT-1	89
GSM6339597	TAATGGACATAGTCAT-1	63
GSM6339597	TAATGGACATCCCTCA-1	62
GSM6339597	TAATGGTGTGTTAAAC-1	369
GSM6339597	TAATGGTGTGTTGTAG-1	234
GSM6339597	TAATGGTGTGTTTGCT-1	105
GSM6339597	TAATGGTGTTACTTCA-1	221
GSM6339597	TAATGGTGTTCGCTCA-1	161
GSM6339597	TAATGGTGTTGTTCAC-1	136
GSM6339597	TAATGGTGTTGTTGCT-1	14
GSM6339597	TAATGGTGTTTACGTC-1	181
GSM6339597	TAATTGCCACAACAAA-1	64
GSM6339597	TAATTGCCACACCAAC-1	12
GSM6339597	TACAACATCCCGTTAC-1	243
GSM6339597	TACAACATCCTTTACG-1	43
GSM6339597	TACAACATCGCGACAC-1	95
GSM6339597	TACAACATCTGGTCCT-1	57
GSM6339597	TACAACATCTTAAGTG-1	42
GSM6339597	TACAACATCTTAGCGG-1	429
GSM6339597	TACAAGCTCCAAACAC-1	3
GSM6339597	TACAGCTAGCCTGTGA-1	164
GSM6339597	TACAGCTAGGCCATCA-1	43
GSM6339597	TACAGCTAGGTAAGCA-1	5
GSM6339597	TACAGGTTCACAGGAA-1	227
GSM6339597	TACATCAAGTAACCCG-1	75
GSM6339597	TACCAAATCATTAGTG-1	100
GSM6339597	TACCAAATCCAAACAC-1	246
GSM6339597	TACCAAATCCGGTATG-1	21
GSM6339597	TACCAAATCGGCCATA-1	93
GSM6339597	TACCAGGTCCCTTGCG-1	81
GSM6339597	TACCAGGTCCTCGATC-1	92
GSM6339597	TACCAGGTCGGTTCCT-1	9
GSM6339597	TACCCGGCAACAGGTG-1	154
GSM6339597	TACCCGGCAATTAAGG-1	144
GSM6339597	TACCCGGCATTCCTCG-1	46
GSM6339597	TACCGAAGTAACCTAG-1	43
GSM6339597	TACCGAAGTGTGAGAG-1	113
GSM6339597	TACCGAAGTTCGGTAA-1	235
GSM6339597	TACCGCAAGCAAACCT-1	126
GSM6339597	TACCGCAAGCAAGGAC-1	111
GSM6339597	TACCGCAAGCACGATT-1	189
GSM6339597	TACCGCAAGCACGTTG-1	384
GSM6339597	TACCGCAAGCCTGGTA-1	177
GSM6339597	TACCGCAAGCCTGTGA-1	501
GSM6339597	TACCGCAAGTAACGAG-1	179
GSM6339597	TACCGCAAGTACCGCA-1	108
GSM6339597	TACCGCAAGTCATTGA-1	50
GSM6339597	TACCGCAAGTGATTCA-1	450
GSM6339597	TACCGCAAGTTCCTCA-1	155
GSM6339597	TACCGTTGTGTAATAC-1	156
GSM6339597	TACCTCATCATGGCTG-1	170
GSM6339597	TACCTCATCCGGGACT-1	357
GSM6339597	TACCTCATCCGTGACA-1	99
GSM6339597	TACCTCATCCTTAGTT-1	55
GSM6339597	TACCTGCTCAATGTCA-1	166
GSM6339597	TACCTGCTCAGCAAAG-1	143
GSM6339597	TACCTGCTCCGGAACC-1	244
GSM6339597	TACCTGCTCTTGAGCG-1	56
GSM6339597	TACCTTAGTGAGACTC-1	66
GSM6339597	TACCTTAGTGCGCATG-1	17
GSM6339597	TACCTTAGTGGATTAT-1	404
GSM6339597	TACCTTAGTTTATGGG-1	30
GSM6339597	TACCTTTAGCACAGAA-1	14
GSM6339597	TACCTTTAGGACCGCT-1	32
GSM6339597	TACCTTTAGGTGAGAC-1	19
GSM6339597	TACCTTTAGTAACGGA-1	65
GSM6339597	TACGCACCAAGCTACC-1	33
GSM6339597	TACGCACCATACTCCT-1	44
GSM6339597	TACGCACCATCCTGAA-1	62
GSM6339597	TACGCTTGTAACCAGC-1	23
GSM6339597	TACGCTTGTACCGAAC-1	230
GSM6339597	TACGCTTGTGTTTGAG-1	23
GSM6339597	TACGCTTGTTAAGTGT-1	71
GSM6339597	TACGGATTCAGGCCTA-1	217
GSM6339597	TACGGATTCCGTGACA-1	308
GSM6339597	TACGGATTCGAGGTGG-1	103
GSM6339597	TACGGATTCTAATCAG-1	109
GSM6339597	TACGGATTCTGTAATG-1	45
GSM6339597	TACGGTTAGGCGCATC-1	48
GSM6339597	TACGGTTAGTCAGGCC-1	16
GSM6339597	TACGTAATCAAGCTAC-1	170
GSM6339597	TACGTAATCATGCAAC-1	267
GSM6339597	TACGTAATCTCACTCA-1	114
GSM6339597	TACGTAATCTCGCCTG-1	103
GSM6339597	TACGTACAGGAAGCAC-1	453
GSM6339597	TACGTACAGTGAACCT-1	101
GSM6339597	TACGTTAAGCTACTGG-1	133
GSM6339597	TACGTTAAGGACCTTG-1	209
GSM6339597	TACGTTAAGGGTGAGT-1	183
GSM6339597	TACGTTAAGTCATTAG-1	73
GSM6339597	TACTAAGTCGTTATCT-1	8
GSM6339597	TACTAAGTCTATCGCC-1	9
GSM6339597	TACTCAAAGATGGAGC-1	382
GSM6339597	TACTCAAAGCTATATG-1	437
GSM6339597	TACTCAAAGCTTACTT-1	187
GSM6339597	TACTCAAAGGAGCAAC-1	219
GSM6339597	TACTCAAAGTTGGATC-1	111
GSM6339597	TACTCGCTCACCGGTA-1	27
GSM6339597	TACTCGCTCATCAGTA-1	423
GSM6339597	TACTCGCTCCTTGTTG-1	17
GSM6339597	TACTGACAGAGGATAT-1	106
GSM6339597	TACTGACAGTAAGTGG-1	163
GSM6339597	TACTGACAGTCACTCC-1	98
GSM6339597	TACTGACAGTCATTTC-1	302
GSM6339597	TACTGACAGTGTTGTA-1	86
GSM6339597	TACTGAGGTGATGAAA-1	67
GSM6339597	TACTGAGGTGGAAACG-1	74
GSM6339597	TACTGAGGTTGCAGTA-1	8
GSM6339597	TACTGAGGTTTCCTCC-1	14
GSM6339597	TACTGCACAACCGCCA-1	425
GSM6339597	TACTGCACAATTAGCT-1	360
GSM6339597	TACTGCACACTAAGAA-1	242
GSM6339597	TACTGCACACTAAGCC-1	144
GSM6339597	TACTGGCCACCCACCT-1	253
GSM6339597	TACTGGCCAGGCTACT-1	137
GSM6339597	TACTTCGTCAATGAGG-1	299
GSM6339597	TACTTCGTCATGCATA-1	218
GSM6339597	TACTTCGTCCTAGTAA-1	120
GSM6339597	TACTTCGTCCTGAATA-1	193
GSM6339597	TACTTCGTCCTGATTT-1	195
GSM6339597	TACTTCGTCTGTGCAG-1	109
GSM6339597	TACTTGTTCAATGTGC-1	187
GSM6339597	TACTTGTTCTGTAATG-1	291
GSM6339597	TACTTGTTCTTGATGA-1	51
GSM6339597	TAGACCAGTACTGATG-1	100
GSM6339597	TAGACCAGTATTGCAG-1	21
GSM6339597	TAGACCAGTCAATAGT-1	134
GSM6339597	TAGACCAGTCATAGAT-1	92
GSM6339597	TAGACCAGTCTAGCTT-1	137
GSM6339597	TAGACCAGTTGCGGAT-1	44
GSM6339597	TAGAGCCGTATTGTGG-1	42
GSM6339597	TAGAGCCGTGATTACG-1	38
GSM6339597	TAGAGCCGTTTCGCGC-1	204
GSM6339597	TAGCAGGCAAGATTCT-1	204
GSM6339597	TAGCAGGCAGCTAACC-1	30
GSM6339597	TAGCAGGCAGTCTAGC-1	19
GSM6339597	TAGCATATCAGCAAGA-1	41
GSM6339597	TAGCATATCATAACGC-1	7
GSM6339597	TAGCATATCATGGCCA-1	77
GSM6339597	TAGCATATCATTGACA-1	75
GSM6339597	TAGCATATCCGCAAAT-1	68
GSM6339597	TAGCATATCCTACCTA-1	390
GSM6339597	TAGCATATCGTTAAGC-1	107
GSM6339597	TAGCCGGGTGACATAT-1	11
GSM6339597	TAGCCGGGTGTGCAAC-1	57
GSM6339597	TAGCCGGGTTACCTGT-1	2
GSM6339597	TAGCCGGGTTGCTTCG-1	7
GSM6339597	TAGCCTCTCAAAGGCA-1	318
GSM6339597	TAGCCTCTCAAATCGC-1	66
GSM6339597	TAGCCTCTCATGCTTT-1	9
GSM6339597	TAGCCTCTCCTAGTTT-1	160
GSM6339597	TAGCCTCTCCTTGCGT-1	45
GSM6339597	TAGCCTGAGAGGAAGG-1	65
GSM6339597	TAGCCTGAGATGGACA-1	82
GSM6339597	TAGCCTGAGGCATGTT-1	34
GSM6339597	TAGCCTGAGTAGCTTA-1	276
GSM6339597	TAGCCTGAGTCAGTAC-1	174
GSM6339597	TAGCCTTGTAACCTAG-1	473
GSM6339597	TAGCCTTGTCACAAAT-1	78
GSM6339597	TAGCCTTGTGTAACCA-1	31
GSM6339597	TAGCGCGGTACGGTAC-1	13
GSM6339597	TAGCGCGGTACTTCAC-1	151
GSM6339597	TAGCGCGGTATTGTGG-1	112
GSM6339597	TAGCGCGGTCCTTCAG-1	186
GSM6339597	TAGCGCGGTCCTTCTC-1	191
GSM6339597	TAGCGCGGTCCTTTAA-1	495
GSM6339597	TAGCGCGGTTAGTTGG-1	13
GSM6339597	TAGCGGCTCATAATCG-1	168
GSM6339597	TAGCGGCTCCAGGTTG-1	217
GSM6339597	TAGCTAATCAAACTCA-1	34
GSM6339597	TAGCTAATCATGCAAC-1	215
GSM6339597	TAGCTAATCCACCTTA-1	43
GSM6339597	TAGCTAATCCATCAGG-1	16
GSM6339597	TAGCTAATCCGCAAGC-1	137
GSM6339597	TAGCTAATCGCGCTAA-1	21
GSM6339597	TAGCTAATCGTTCACC-1	66
GSM6339597	TAGCTAATCGTTTCTG-1	32
GSM6339597	TAGCTAATCTTGTTCG-1	158
GSM6339597	TAGCTAGGTAACTACG-1	93
GSM6339597	TAGCTAGGTCATCAAG-1	148
GSM6339597	TAGCTAGGTTCCTCCT-1	45
GSM6339597	TAGCTTAAGAGGAGGA-1	168
GSM6339597	TAGCTTAAGATAGACG-1	144
GSM6339597	TAGCTTAAGGAGGCAT-1	8
GSM6339597	TAGCTTAAGGTACCGC-1	163
GSM6339597	TAGCTTAAGTGAGAGC-1	185
GSM6339597	TAGCTTAAGTTGTCCC-1	15
GSM6339597	TAGCTTAAGTTTGTCT-1	27
GSM6339597	TAGCTTGCAAAGCTAA-1	481
GSM6339597	TAGCTTGCAAGGCCAA-1	177
GSM6339597	TAGCTTGCAAGTCGCT-1	92
GSM6339597	TAGCTTGCAATAGCCC-1	255
GSM6339597	TAGCTTGCACCAGGTT-1	70
GSM6339597	TAGCTTGCATGAATAG-1	199
GSM6339597	TAGGAACCAAGGTACG-1	4
GSM6339597	TAGGAACCACATTAAC-1	96
GSM6339597	TAGGAACCACTGGCTG-1	93
GSM6339597	TAGGAACCATAATCGT-1	82
GSM6339597	TAGGAGGGTCATAGAT-1	29
GSM6339597	TAGGAGGGTGTTCCCA-1	46
GSM6339597	TAGGCTAGTTAGGCGT-1	129
GSM6339597	TAGGCTAGTTGCTTCG-1	142
GSM6339597	TAGGCTAGTTTGCGCC-1	94
GSM6339597	TAGGCTAGTTTGTTGC-1	79
GSM6339597	TAGGCTGTCAAACACC-1	21
GSM6339597	TAGGCTGTCACCAATA-1	365
GSM6339597	TAGGCTGTCATGTCAA-1	14
GSM6339597	TAGGCTGTCCCGTTAC-1	504
GSM6339597	TAGGCTGTCGAAGTAG-1	6
GSM6339597	TAGGCTGTCTGTGCAG-1	340
GSM6339597	TAGGCTTAGCAAGATG-1	190
GSM6339597	TAGGCTTAGCATCCAG-1	126
GSM6339597	TAGGCTTAGCCATCAG-1	363
GSM6339597	TAGGCTTAGCGGGCAA-1	316
GSM6339597	TAGGCTTAGCTCCTAC-1	52
GSM6339597	TAGGCTTAGCTTACTT-1	96
GSM6339597	TAGGCTTAGGCCGGAA-1	163
GSM6339597	TAGGCTTAGGCTAATC-1	150
GSM6339597	TAGGCTTAGTTGCGTG-1	45
GSM6339597	TAGGCTTAGTTGTCCC-1	103
GSM6339597	TAGGGTTTCAGTATTG-1	19
GSM6339597	TAGGGTTTCCACCTGT-1	165
GSM6339597	TAGGGTTTCGGGACCT-1	87
GSM6339597	TAGGGTTTCTTGCAGG-1	61
GSM6339597	TAGGTGCGTCCGTGAG-1	277
GSM6339597	TAGGTGCGTCGCATAA-1	47
GSM6339597	TAGGTGCGTGTTGTGA-1	147
GSM6339597	TAGGTGCGTTTGGCTT-1	119
GSM6339597	TAGGTTATCATTACGA-1	113
GSM6339597	TAGGTTATCCGGAACC-1	697
GSM6339597	TAGGTTATCGTCAAGT-1	410
GSM6339597	TAGGTTATCTACCTAT-1	5
GSM6339597	TAGGTTATCTTGCTAT-1	478
GSM6339597	TAGGTTGGTCACCTAT-1	232
GSM6339597	TAGGTTGGTTCGGGAT-1	93
GSM6339597	TAGTAACGTAAGTCGC-1	61
GSM6339597	TAGTAACGTCGTTACT-1	152
GSM6339597	TAGTAACGTTGAAGCC-1	92
GSM6339597	TAGTAAGCAATTGACT-1	213
GSM6339597	TAGTAAGCACAGCCAT-1	54
GSM6339597	TAGTAAGCATGCTCCC-1	26
GSM6339597	TAGTAGGAGAGAGCCG-1	169
GSM6339597	TAGTAGGAGGAAGTAT-1	50
GSM6339597	TAGTAGGAGGAGCACG-1	192
GSM6339597	TAGTAGGAGTAAGTCC-1	226
GSM6339597	TAGTAGGAGTTGGCCA-1	407
GSM6339597	TAGTCAATCTTAGTGA-1	205
GSM6339597	TAGTGAGAGCGCCTAA-1	306
GSM6339597	TAGTGAGAGCTTGCTC-1	112
GSM6339597	TAGTGAGAGGCGCTAC-1	196
GSM6339597	TAGTGAGAGGGCCACT-1	494
GSM6339597	TAGTGAGAGTCATTGA-1	89
GSM6339597	TAGTGAGAGTGAAGTG-1	410
GSM6339597	TAGTGGCGTAATCGTG-1	425
GSM6339597	TAGTGGCGTACTTAGG-1	103
GSM6339597	TAGTGGCGTATTACCC-1	54
GSM6339597	TAGTGGCGTGGGTGAA-1	25
GSM6339597	TAGTGGCGTTAACAGT-1	128
GSM6339597	TAGTGGCGTTTGGTTC-1	166
GSM6339597	TAGTGTGGTACGTTTC-1	171
GSM6339597	TAGTGTGGTTAGTGAT-1	64
GSM6339597	TAGTGTGGTTTATCGC-1	207
GSM6339597	TAGTTGTCAGGCTTGT-1	4
GSM6339597	TAGTTTGAGATGCCTG-1	115
GSM6339597	TAGTTTGAGCAGGTTT-1	259
GSM6339597	TAGTTTGAGCCTGTGA-1	87
GSM6339597	TATAACCCAAACCTTG-1	178
GSM6339597	TATAACCCAGCTACGT-1	525
GSM6339597	TATAACCCATGAATAG-1	227
GSM6339597	TATAGCCAGAAGGTGC-1	117
GSM6339597	TATAGCCAGGTGAAGC-1	159
GSM6339597	TATAGCCAGGTTAGCT-1	439
GSM6339597	TATAGCCAGTGAAGTG-1	185
GSM6339597	TATAGCCAGTGAGAGC-1	190
GSM6339597	TATAGCTCAAAGCTCC-1	7
GSM6339597	TATAGCTCAAGCTTAT-1	78
GSM6339597	TATAGCTCACCTCAGG-1	18
GSM6339597	TATAGCTCATAGGCGA-1	156
GSM6339597	TATAGCTCATCGCTTT-1	23
GSM6339597	TATAGGTGTAATCGGC-1	37
GSM6339597	TATAGGTGTCATTGTC-1	170
GSM6339597	TATAGGTGTCTATCGT-1	89
GSM6339597	TATAGGTGTGCTAGCG-1	85
GSM6339597	TATAGGTGTGGCTTCC-1	50
GSM6339597	TATATCCTCAGGAACA-1	151
GSM6339597	TATATCCTCATTACGA-1	254
GSM6339597	TATATCCTCCCAGTAG-1	222
GSM6339597	TATATCCTCCTCATGC-1	226
GSM6339597	TATATCCTCCTTTACG-1	219
GSM6339597	TATATCCTCGCTAGAT-1	256
GSM6339597	TATATCCTCTTTAGGA-1	310
GSM6339597	TATCACAAGCATTAGC-1	119
GSM6339597	TATCACAAGCCTGTTC-1	61
GSM6339597	TATCCAGCAAACTCAT-1	78
GSM6339597	TATCCAGCACCTAAGC-1	338
GSM6339597	TATCCAGCAGCGCTTG-1	194
GSM6339597	TATCCAGCAGGTTACC-1	72
GSM6339597	TATCCAGCAGTTTGGC-1	20
GSM6339597	TATCCAGCATTATGAC-1	69
GSM6339597	TATCCGGAGAAAGGAA-1	112
GSM6339597	TATCCGGAGCTAAAGG-1	233
GSM6339597	TATCCGGAGGACACTT-1	143
GSM6339597	TATCCGGAGGGTCTAT-1	342
GSM6339597	TATCCGGAGTAAGGGC-1	100
GSM6339597	TATCGAGGTACCGTAA-1	25
GSM6339597	TATCGAGGTAGTTACG-1	10
GSM6339597	TATCGAGGTCTAACAG-1	80
GSM6339597	TATCGAGGTGAAGCCT-1	139
GSM6339597	TATCGAGGTTACAAAC-1	330
GSM6339597	TATCGAGGTTAGGCTA-1	163
GSM6339597	TATCGCACAAAGGCCA-1	114
GSM6339597	TATCGCACAATAACCT-1	97
GSM6339597	TATCGCACACATACTG-1	162
GSM6339597	TATCGCACAGCACCAT-1	14
GSM6339597	TATCGCACATTAGGTT-1	139
GSM6339597	TATCGCGAGCTACTGG-1	16
GSM6339597	TATCGCGAGTCACTAA-1	276
GSM6339597	TATGAAGCACCGGTAT-1	58
GSM6339597	TATGAAGCAGCAACAG-1	5
GSM6339597	TATGAAGCATTAGGCC-1	120
GSM6339597	TATGACATCACAGCGC-1	26
GSM6339597	TATGACATCCCAGTAG-1	43
GSM6339597	TATGACATCCCTCAGT-1	428
GSM6339597	TATGACATCCCTGTTA-1	153
GSM6339597	TATGACATCTAAGTGC-1	107
GSM6339597	TATGACTCAAGGTATA-1	44
GSM6339597	TATGACTCACAATGTT-1	39
GSM6339597	TATGACTCACTAAGTT-1	572
GSM6339597	TATGACTCAGCTTAAT-1	372
GSM6339597	TATGACTCAGGATAAC-1	38
GSM6339597	TATGACTCAGGCATGA-1	53
GSM6339597	TATGACTCAGGCTGTT-1	134
GSM6339597	TATGACTCAGTTAAAG-1	77
GSM6339597	TATGCATCACAACAAA-1	70
GSM6339597	TATGCATCACCAGCAT-1	303
GSM6339597	TATGCATCACTCGCTC-1	133
GSM6339597	TATGGATGTAGGATTT-1	158
GSM6339597	TATGGATGTCATGCAA-1	199
GSM6339597	TATGGATGTCCTTCTC-1	275
GSM6339597	TATGGATGTCGTTATC-1	15
GSM6339597	TATGGATGTGGAAACG-1	26
GSM6339597	TATGGATGTGGATTGC-1	22
GSM6339597	TATGGATGTGTTAAAC-1	100
GSM6339597	TATGGATGTTTATGGG-1	161
GSM6339597	TATGGCCCAACCCTCC-1	156
GSM6339597	TATGGCCCAATGAGGT-1	273
GSM6339597	TATGGCCCATAATGAG-1	22
GSM6339597	TATGGCCCATAGCTTG-1	80
GSM6339597	TATGGCCCATCATGTG-1	359
GSM6339597	TATGGGCGTATACTGG-1	190
GSM6339597	TATGGGCGTGAGCAAG-1	101
GSM6339597	TATGGGCGTGATCATG-1	53
GSM6339597	TATGGGCGTGTTTGCT-1	351
GSM6339597	TATGGGCGTTGGTTGA-1	94
GSM6339597	TATGGTCAGCTAAGTC-1	204
GSM6339597	TATGGTCAGGAATAAC-1	99
GSM6339597	TATGGTCAGGACAATG-1	96
GSM6339597	TATGGTCAGGTCGAGG-1	186
GSM6339597	TATGTGATCACTTTAC-1	80
GSM6339597	TATGTGATCCTCACAC-1	152
GSM6339597	TATGTGATCCTCATGC-1	155
GSM6339597	TATGTGATCTATGACA-1	144
GSM6339597	TATGTGATCTCACATT-1	105
GSM6339597	TATTACCTCCCGAAGC-1	68
GSM6339597	TATTACCTCCTGGCTT-1	16
GSM6339597	TATTACCTCGATTTGA-1	239
GSM6339597	TATTACCTCGGCCAGT-1	8
GSM6339597	TATTACCTCTTGGATA-1	34
GSM6339597	TATTAGCCAACCGCCA-1	179
GSM6339597	TATTAGCCAAGGATTA-1	104
GSM6339597	TATTAGCCACTAAGCC-1	238
GSM6339597	TATTAGCCAGTATGTT-1	129
GSM6339597	TATTAGCCATTGACAT-1	133
GSM6339597	TATTAGGTCAGTATTG-1	64
GSM6339597	TATTAGGTCATCACTT-1	148
GSM6339597	TATTAGGTCCAGGTTG-1	40
GSM6339597	TATTAGGTCCCGCCTA-1	34
GSM6339597	TATTAGGTCTAATTGG-1	23
GSM6339597	TATTCGTTCAGAAACG-1	149
GSM6339597	TATTCGTTCATAAGCC-1	265
GSM6339597	TATTCGTTCATTAGCA-1	119
GSM6339597	TATTCGTTCGCAAACT-1	75
GSM6339597	TATTCGTTCGTTAAGC-1	227
GSM6339597	TATTGACCAAGGTGGC-1	80
GSM6339597	TATTGACCACTGGCTG-1	35
GSM6339597	TATTGACCAGTCTAAT-1	36
GSM6339597	TATTGACCATGTTGCA-1	171
GSM6339597	TATTGACCATTGCAGC-1	70
GSM6339597	TATTTGCTCCATTACT-1	113
GSM6339597	TATTTGCTCCTGTTCA-1	34
GSM6339597	TATTTGCTCTCAATTC-1	90
GSM6339597	TATTTGGAGGCACAGG-1	101
GSM6339597	TATTTGGAGTCAGTAC-1	86
GSM6339597	TATTTGGAGTTTAACG-1	99
GSM6339597	TCAAACCAGCACTTGG-1	44
GSM6339597	TCAAACCAGCCTCTCG-1	159
GSM6339597	TCAAACCAGCGCATTG-1	340
GSM6339597	TCAAACCAGGTGTCCA-1	285
GSM6339597	TCAACAATCCGTTAAA-1	162
GSM6339597	TCAACAATCTTCAATC-1	218
GSM6339597	TCAAGAACACCAGGTT-1	124
GSM6339597	TCAAGAACAGAGGCTA-1	336
GSM6339597	TCAAGAACATTGGGAG-1	546
GSM6339597	TCAAGACTCATGTTTC-1	117
GSM6339597	TCAAGCTAGACAACGA-1	470
GSM6339597	TCAAGCTAGATTCCTT-1	9
GSM6339597	TCAAGGAAGACAAGTG-1	29
GSM6339597	TCAAGGAAGCAAACCT-1	182
GSM6339597	TCAAGGAAGCATGAAG-1	45
GSM6339597	TCAAGGAAGTCATTGA-1	141
GSM6339597	TCAAGGAAGTGAGGGT-1	80
GSM6339597	TCAAGGAAGTTTCCGC-1	285
GSM6339597	TCAAGGTTCATGGCTG-1	245
GSM6339597	TCAAGGTTCATTCATC-1	161
GSM6339597	TCAAGGTTCCACCCTG-1	103
GSM6339597	TCAAGGTTCGATTTGA-1	524
GSM6339597	TCAAGGTTCGCTATAA-1	197
GSM6339597	TCAAGGTTCTAATCTC-1	111
GSM6339597	TCAAGTATCAGGAAGC-1	92
GSM6339597	TCAAGTATCTCTAGCC-1	41
GSM6339597	TCAATCGCAAATACCT-1	130
GSM6339597	TCAATCGCACTGGCCA-1	477
GSM6339597	TCAATCGCAGCAGGTA-1	208
GSM6339597	TCAATCGCAGCTTAAT-1	245
GSM6339597	TCACATAAGACAGGTA-1	89
GSM6339597	TCACATAAGCAAGACA-1	197
GSM6339597	TCACATAAGCGGCTGT-1	65
GSM6339597	TCACCGGCAATTAACC-1	80
GSM6339597	TCACCGGCACTGACCG-1	186
GSM6339597	TCACCGGCAGAAATTG-1	97
GSM6339597	TCACCGGCATGCATAT-1	70
GSM6339597	TCACCGGCATTAGGCC-1	95
GSM6339597	TCACCTCAGGCGGATG-1	426
GSM6339597	TCACCTCAGTCTATGA-1	19
GSM6339597	TCACCTCAGTGTGATC-1	68
GSM6339597	TCACCTCAGTTGCCTC-1	108
GSM6339597	TCACCTGGTGGATGTC-1	29
GSM6339597	TCACGGATCGTCATTT-1	34
GSM6339597	TCACGGATCTTTAAGG-1	79
GSM6339597	TCACTGACAACCCTAA-1	175
GSM6339597	TCACTGACACTTGTTC-1	11
GSM6339597	TCACTGACATGTCGCG-1	32
GSM6339597	TCAGCAAGTCAATACG-1	117
GSM6339597	TCAGCAAGTTAGCTGA-1	34
GSM6339597	TCAGCCTTCTAAATCG-1	419
GSM6339597	TCAGCGATCAACCAAC-1	149
GSM6339597	TCAGCGATCACAGCGC-1	47
GSM6339597	TCAGCGATCATTCATC-1	111
GSM6339597	TCAGCGATCATTGCGG-1	204
GSM6339597	TCAGCGATCGCTAGCA-1	332
GSM6339597	TCAGCGATCGCTATGG-1	141
GSM6339597	TCAGCGATCTACCTCA-1	21
GSM6339597	TCAGGAGCAAGGAATC-1	102
GSM6339597	TCAGGAGCAATCCTGA-1	77
GSM6339597	TCAGGTCCAAGACTCC-1	207
GSM6339597	TCAGGTCCAAGGTCCT-1	103
GSM6339597	TCAGGTCCAATTAAGG-1	103
GSM6339597	TCAGGTCCACAATACT-1	115
GSM6339597	TCAGGTCCAGATTCAT-1	190
GSM6339597	TCAGGTCCATAAGTCT-1	122
GSM6339597	TCAGGTCCATTGACAT-1	28
GSM6339597	TCAGGTTAGCACAGGG-1	404
GSM6339597	TCAGGTTAGCCAGTAT-1	17
GSM6339597	TCAGGTTAGTTAGCCG-1	152
GSM6339597	TCAGTAATCACGCGGT-1	116
GSM6339597	TCAGTAATCCAGGGAG-1	209
GSM6339597	TCAGTAATCCTAGTTT-1	337
GSM6339597	TCAGTAATCGAGGAAC-1	203
GSM6339597	TCAGTAATCTAAGTCA-1	255
GSM6339597	TCAGTAGGTACGTTTC-1	58
GSM6339597	TCAGTAGGTGGAAGGC-1	129
GSM6339597	TCAGTAGGTTCACCCA-1	257
GSM6339597	TCAGTGAGTAATAACC-1	37
GSM6339597	TCAGTGAGTACGCGCA-1	297
GSM6339597	TCAGTGAGTATTGGTG-1	35
GSM6339597	TCAGTGAGTGTCCAGG-1	190
GSM6339597	TCAGTGAGTTAAGCCA-1	122
GSM6339597	TCAGTGAGTTTAACGG-1	188
GSM6339597	TCATAACCACAATGTT-1	145
GSM6339597	TCATAACCAGCTCATA-1	127
GSM6339597	TCATAACCATAGCAGG-1	215
GSM6339597	TCATACTTCATCAGTA-1	133
GSM6339597	TCATACTTCCGCTAGA-1	365
GSM6339597	TCATACTTCCGGTATG-1	108
GSM6339597	TCATACTTCGCAGGCT-1	105
GSM6339597	TCATCCATCCTAATGA-1	44
GSM6339597	TCATGAGGTACTGATG-1	141
GSM6339597	TCATGAGGTAGGTTTG-1	137
GSM6339597	TCATGAGGTCAAAGAA-1	216
GSM6339597	TCATGAGGTCAATAGT-1	153
GSM6339597	TCATGAGGTTACCGGG-1	60
GSM6339597	TCATGAGGTTTGCGCC-1	188
GSM6339597	TCATGAGGTTTGTCTA-1	94
GSM6339597	TCATGCCTCATGCTCC-1	123
GSM6339597	TCATGCCTCCCTCATA-1	231
GSM6339597	TCATGCCTCCTGGTCT-1	20
GSM6339597	TCATGCCTCTGCAAGT-1	46
GSM6339597	TCATGTTTCACACAGT-1	430
GSM6339597	TCATGTTTCACTTCAT-1	56
GSM6339597	TCATGTTTCAGGCTAT-1	36
GSM6339597	TCATGTTTCCTCACTA-1	49
GSM6339597	TCATGTTTCGCTATGG-1	110
GSM6339597	TCATGTTTCTTAGGGT-1	149
GSM6339597	TCATTACTCGATTTAG-1	32
GSM6339597	TCATTACTCGCTCCAT-1	310
GSM6339597	TCATTACTCGGTTTGG-1	79
GSM6339597	TCATTGCGTCACCAAA-1	323
GSM6339597	TCATTGTTCACAGCGC-1	96
GSM6339597	TCATTGTTCCGGTATG-1	152
GSM6339597	TCATTGTTCTTGATGA-1	38
GSM6339597	TCATTTGGTAAGGTTT-1	108
GSM6339597	TCATTTGGTATTGGTG-1	118
GSM6339597	TCATTTGGTGAAACAA-1	534
GSM6339597	TCATTTGGTGGATTCA-1	410
GSM6339597	TCATTTGGTTTAACGG-1	160
GSM6339597	TCATTTGGTTTATCTG-1	173
GSM6339597	TCCACAACAATAGCCC-1	319
GSM6339597	TCCACAACACAAAGGT-1	118
GSM6339597	TCCACAACATTGTCCT-1	133
GSM6339597	TCCAGCAAGGAGGTTA-1	71
GSM6339597	TCCAGCAAGGTCCAAT-1	248
GSM6339597	TCCAGGATCAATACGC-1	8
GSM6339597	TCCAGGATCGTAACGT-1	96
GSM6339597	TCCAGGATCGTGCCTT-1	68
GSM6339597	TCCAGGATCTGGCAAT-1	22
GSM6339597	TCCAGGTCACCAGGTT-1	331
GSM6339597	TCCAGGTCAGCAATAA-1	228
GSM6339597	TCCAGGTCAGGACCAA-1	8
GSM6339597	TCCATAAAGCATGCAT-1	181
GSM6339597	TCCATAAAGGAACGCG-1	63
GSM6339597	TCCATAAAGGATCACT-1	80
GSM6339597	TCCATAAAGGTCCAAT-1	139
GSM6339597	TCCATAAAGTGAGGTA-1	58
GSM6339597	TCCATAAAGTTTCCTG-1	420
GSM6339597	TCCATATTCACAAGCT-1	168
GSM6339597	TCCATATTCATGCGTG-1	125
GSM6339597	TCCATATTCCAAGTGT-1	212
GSM6339597	TCCATATTCTAATCAG-1	9
GSM6339597	TCCATATTCTCGACCT-1	245
GSM6339597	TCCATCATCCTTAATC-1	7
GSM6339597	TCCATCATCTCAATTC-1	211
GSM6339597	TCCATCATCTTGAGGT-1	393
GSM6339597	TCCATGCTCAACAAGG-1	263
GSM6339597	TCCATGCTCAGGGCCT-1	275
GSM6339597	TCCATGCTCCTTGCGT-1	507
GSM6339597	TCCATGCTCTAAATCG-1	161
GSM6339597	TCCATTGTCCGTCCAT-1	32
GSM6339597	TCCATTGTCCTCACAC-1	178
GSM6339597	TCCATTGTCGCTCCAT-1	213
GSM6339597	TCCATTGTCTTAGGAC-1	266
GSM6339597	TCCCGGACAAAGCTCC-1	8
GSM6339597	TCCCGGACAATATACC-1	75
GSM6339597	TCCCGGACACCTAAGC-1	180
GSM6339597	TCCCGGACAGAACCGA-1	96
GSM6339597	TCCCGGACAGATTCAT-1	157
GSM6339597	TCCCGTTAGAACCTGT-1	148
GSM6339597	TCCCGTTAGCTTAGTA-1	56
GSM6339597	TCCCGTTAGGTTTACA-1	145
GSM6339597	TCCCGTTAGTGAGGGT-1	443
GSM6339597	TCCCGTTAGTTATGGC-1	129
GSM6339597	TCCCGTTAGTTGCCTC-1	20
GSM6339597	TCCCTCACAACGTGCT-1	161
GSM6339597	TCCCTCACAATGAGGT-1	71
GSM6339597	TCCCTCACACACTAAT-1	98
GSM6339597	TCCCTCACAGAAATTG-1	142
GSM6339597	TCCCTCACAGCCTGCA-1	50
GSM6339597	TCCCTCACAGGTTCAC-1	190
GSM6339597	TCCCTCACATGAGTTT-1	492
GSM6339597	TCCCTGGTCCTGATTT-1	62
GSM6339597	TCCCTGGTCCTGGTCT-1	184
GSM6339597	TCCCTGGTCGAGCAAA-1	14
GSM6339597	TCCCTGGTCGGGACTC-1	75
GSM6339597	TCCCTGGTCTAACTGA-1	52
GSM6339597	TCCGCCATCGCTAAAC-1	20
GSM6339597	TCCGCCATCGTTATCT-1	102
GSM6339597	TCCGCCATCTAACCTT-1	104
GSM6339597	TCCGGAATCCCGCAAA-1	137
GSM6339597	TCCGGAATCCCTCAGT-1	133
GSM6339597	TCCGGAATCGCGCTAA-1	57
GSM6339597	TCCGGAATCTCAATGA-1	202
GSM6339597	TCCGGAATCTCGCCTG-1	356
GSM6339597	TCCGGTAAGGACCTCA-1	19
GSM6339597	TCCGGTAAGGTACCGC-1	41
GSM6339597	TCCGGTTTCATCCACC-1	190
GSM6339597	TCCGGTTTCCGTGACA-1	325
GSM6339597	TCCGGTTTCCTAACGG-1	33
GSM6339597	TCCGGTTTCGCAGGCT-1	79
GSM6339597	TCCGGTTTCGCCTGTT-1	107
GSM6339597	TCCGGTTTCGCTAAGT-1	317
GSM6339597	TCCGGTTTCTAATTGG-1	94
GSM6339597	TCCGGTTTCTAGCGTG-1	131
GSM6339597	TCCTAGTGTCGTTACT-1	84
GSM6339597	TCCTAGTGTGCATTTC-1	344
GSM6339597	TCCTAGTGTTTCCGGC-1	136
GSM6339597	TCCTCAATCAGGAAGC-1	139
GSM6339597	TCCTCAATCATTACAG-1	7
GSM6339597	TCCTCAATCCTGTTCA-1	171
GSM6339597	TCCTCAATCGATTATG-1	29
GSM6339597	TCCTCAATCGGTCAAT-1	8
GSM6339597	TCCTCACAGAAGGTGC-1	188
GSM6339597	TCCTCACAGGAGCATA-1	35
GSM6339597	TCCTCACAGTGCACGC-1	42
GSM6339597	TCCTCTAAGCCTGAGC-1	360
GSM6339597	TCCTCTAAGGGACGCA-1	403
GSM6339597	TCCTCTAAGTTAGCCG-1	157
GSM6339597	TCCTGGTTCATGACCG-1	122
GSM6339597	TCCTGGTTCGTTATCT-1	101
GSM6339597	TCCTGGTTCTCTAGCC-1	76
GSM6339597	TCCTGTTCACTTAGGC-1	93
GSM6339597	TCCTGTTCAGAAATGC-1	261
GSM6339597	TCCTGTTCAGGCGAGT-1	286
GSM6339597	TCCTGTTCATATTGAC-1	154
GSM6339597	TCCTTAGTCTAAATCG-1	324
GSM6339597	TCCTTCAAGCGAGGTG-1	82
GSM6339597	TCCTTGCAGACTAAGG-1	66
GSM6339597	TCCTTGCAGAGGCTAA-1	86
GSM6339597	TCCTTGCAGCATGTCG-1	241
GSM6339597	TCCTTGCAGTGAGCGG-1	141
GSM6339597	TCCTTTACAAGCCACT-1	14
GSM6339597	TCCTTTACAGGTATTT-1	228
GSM6339597	TCGACAAGTCTCAGCC-1	177
GSM6339597	TCGATTAAGCAAGACA-1	155
GSM6339597	TCGATTAAGCTCCTTA-1	272
GSM6339597	TCGATTAAGGCGAATA-1	137
GSM6339597	TCGATTAAGGTGTCCA-1	57
GSM6339597	TCGCATTGTAATGACT-1	114
GSM6339597	TCGCATTGTGGGTACT-1	28
GSM6339597	TCGCATTGTTGTCCAT-1	9
GSM6339597	TCGCCCATCACTAAGC-1	67
GSM6339597	TCGCCCATCACTTCAT-1	308
GSM6339597	TCGCCCATCATAATCG-1	281
GSM6339597	TCGCCCATCATGCTCC-1	69
GSM6339597	TCGCCCATCATTACTC-1	140
GSM6339597	TCGCCCATCGTTAAGC-1	187
GSM6339597	TCGCCCATCTCATCAT-1	15
GSM6339597	TCGCGAGGTACCAGGT-1	143
GSM6339597	TCGCGAGGTAGGATTT-1	145
GSM6339597	TCGCGAGGTAGGTTGC-1	11
GSM6339597	TCGCGAGGTGGACCTG-1	83
GSM6339597	TCGCGAGGTTTGTTGC-1	17
GSM6339597	TCGCGCACACAACAAA-1	62
GSM6339597	TCGCGCACACAGGAAT-1	253
GSM6339597	TCGCGCACATAAGGAC-1	264
GSM6339597	TCGCTAACACAAAGAC-1	156
GSM6339597	TCGCTAACAGGGAGGA-1	35
GSM6339597	TCGGTAAGTAGTTAAC-1	182
GSM6339597	TCGGTAAGTCACAAAT-1	193
GSM6339597	TCGGTAAGTTCGCGCT-1	107
GSM6339597	TCGGTAAGTTTGGTTC-1	293
GSM6339597	TCGGTTACAACATAAG-1	399
GSM6339597	TCGGTTACATAGACCC-1	57
GSM6339597	TCGGTTCTCAATGTCA-1	61
GSM6339597	TCGGTTCTCACTAATG-1	150
GSM6339597	TCGGTTCTCTTACTCG-1	316
GSM6339597	TCGGTTTGTTGACTTC-1	12
GSM6339597	TCGGTTTGTTTGCGAA-1	17
GSM6339597	TCGTAATCAAAGGCCA-1	121
GSM6339597	TCGTAATCACTTAACG-1	186
GSM6339597	TCGTAATCAGGCATCT-1	104
GSM6339597	TCGTAATCATGAGCAG-1	82
GSM6339597	TCGTGCTTCCCTCACG-1	191
GSM6339597	TCGTGCTTCCTTAGTT-1	153
GSM6339597	TCGTGCTTCCTTGCGT-1	126
GSM6339597	TCGTGCTTCTAACCAA-1	60
GSM6339597	TCGTTAAAGAAACTGG-1	4
GSM6339597	TCGTTAAAGGATTGCT-1	102
GSM6339597	TCGTTAAAGGCATTAC-1	270
GSM6339597	TCGTTAAAGGCTAAGA-1	57
GSM6339597	TCGTTAAAGGTGAAGC-1	67
GSM6339597	TCGTTAAAGTAGCTTA-1	26
GSM6339597	TCGTTAAAGTATTGGC-1	113
GSM6339597	TCGTTAAAGTTAGCTA-1	22
GSM6339597	TCGTTACGTCATTGAG-1	103
GSM6339597	TCGTTACGTGCTTTAC-1	75
GSM6339597	TCGTTACGTTCGCGCT-1	9
GSM6339597	TCGTTACGTTGTAAAC-1	82
GSM6339597	TCGTTACGTTTATCGC-1	34
GSM6339597	TCGTTAGCAATGCGCT-1	258
GSM6339597	TCGTTAGCAGGCTAAG-1	228
GSM6339597	TCGTTAGCATGCTCCC-1	7
GSM6339597	TCGTTAGCATTCCTCG-1	25
GSM6339597	TCGTTATTCACAAGCT-1	413
GSM6339597	TCGTTATTCCCGAACA-1	187
GSM6339597	TCGTTATTCCTAGTTT-1	145
GSM6339597	TCGTTATTCCTTGCGT-1	52
GSM6339597	TCGTTATTCGAAGTAG-1	158
GSM6339597	TCGTTTCCAAGGTCGA-1	26
GSM6339597	TCGTTTCCAATAAGCA-1	40
GSM6339597	TCGTTTCCACCTCACC-1	34
GSM6339597	TCGTTTCCACCTCGCT-1	72
GSM6339597	TCGTTTCCATATTGAC-1	69
GSM6339597	TCTAACCGTATTACCC-1	172
GSM6339597	TCTAACCGTCAAGTGC-1	113
GSM6339597	TCTAACCGTCGCAATA-1	134
GSM6339597	TCTAACCGTCGTAAAT-1	37
GSM6339597	TCTAACCGTTGTAACG-1	39
GSM6339597	TCTAACTTCCAAGTGT-1	47
GSM6339597	TCTAACTTCCTAATAG-1	45
GSM6339597	TCTAACTTCCTGGCTT-1	47
GSM6339597	TCTAACTTCCTTGTTG-1	73
GSM6339597	TCTAACTTCGACAAAG-1	15
GSM6339597	TCTAAGGGTTACGCGG-1	151
GSM6339597	TCTAAGGGTTGTGATG-1	84
GSM6339597	TCTAATCTCATCCTCA-1	73
GSM6339597	TCTAATCTCCACCTGT-1	111
GSM6339597	TCTAATCTCCCGAAGC-1	27
GSM6339597	TCTAATCTCCTAAGGT-1	186
GSM6339597	TCTAATCTCGAAGTAG-1	27
GSM6339597	TCTACCTCAACTCGCG-1	243
GSM6339597	TCTACCTCAAGTAAGC-1	55
GSM6339597	TCTAGCACAACAACAA-1	148
GSM6339597	TCTAGCACAACCTAAT-1	120
GSM6339597	TCTAGCACAAGCTTAT-1	99
GSM6339597	TCTAGCACAATGCCCG-1	48
GSM6339597	TCTAGCACAGCATGGA-1	155
GSM6339597	TCTAGCACAGCCTAAC-1	13
GSM6339597	TCTAGCACAGGGAGGA-1	111
GSM6339597	TCTAGCCTCAAACCGT-1	221
GSM6339597	TCTAGCCTCGAGGAGT-1	11
GSM6339597	TCTAGCCTCGTAATCA-1	63
GSM6339597	TCTAGCGAGCATGTTA-1	413
GSM6339597	TCTAGCGAGCGCCTAA-1	173
GSM6339597	TCTAGCGAGGCGGGTA-1	685
GSM6339597	TCTAGCGAGTTATGTG-1	14
GSM6339597	TCTAGCGAGTTGGCCA-1	88
GSM6339597	TCTATGTTCAGTTCCC-1	22
GSM6339597	TCTATGTTCATGGTTA-1	267
GSM6339597	TCTATGTTCCCATAAA-1	189
GSM6339597	TCTATGTTCGAAGTAG-1	215
GSM6339597	TCTATGTTCGGTAACT-1	68
GSM6339597	TCTATGTTCGGTCAAT-1	183
GSM6339597	TCTCAAGCACCAACCG-1	75
GSM6339597	TCTCAAGCAGTAGCCT-1	134
GSM6339597	TCTCAAGCATATAACC-1	113
GSM6339597	TCTCAAGCATCAGTAT-1	337
GSM6339597	TCTCAATTCCGCAAAT-1	9
GSM6339597	TCTCAATTCTCCTCTT-1	443
GSM6339597	TCTCACCAGAGCCGCT-1	114
GSM6339597	TCTCACCAGTGTTGCG-1	262
GSM6339597	TCTCCTCGTAAGGTCC-1	289
GSM6339597	TCTCCTCGTGTTGTAG-1	296
GSM6339597	TCTCGCCCAATTTGGT-1	226
GSM6339597	TCTCGCCCACCTGCTC-1	144
GSM6339597	TCTGGCTTCATCCTCA-1	509
GSM6339597	TCTGGCTTCCGTGACA-1	219
GSM6339597	TCTGGCTTCGTCATTT-1	92
GSM6339597	TCTGGCTTCTCGCCTG-1	328
GSM6339597	TCTTAGCGTGCTTTAC-1	22
GSM6339597	TCTTAGCGTGGACCTG-1	367
GSM6339597	TCTTAGCGTTACTTCA-1	68
GSM6339597	TCTTAGCGTTCAAGAT-1	33
GSM6339597	TCTTAGTTCGCAGGCT-1	48
GSM6339597	TCTTAGTTCGCTCCAT-1	373
GSM6339597	TCTTCAAGTAATGGAA-1	41
GSM6339597	TCTTCAAGTTTACTTG-1	112
GSM6339597	TCTTGACGTAGCCTCC-1	33
GSM6339597	TCTTGACGTAGCTAAT-1	175
GSM6339597	TCTTGACGTGATGGCT-1	596
GSM6339597	TCTTGACGTTGCACGG-1	63
GSM6339597	TCTTGACGTTGTAAAC-1	155
GSM6339597	TCTTGACGTTGTGACA-1	197
GSM6339597	TCTTGTCCAAACATAG-1	18
GSM6339597	TCTTGTCCAAGGTGCA-1	88
GSM6339597	TCTTGTCCAGAGGCTA-1	133
GSM6339597	TCTTGTCCAGTAAAGC-1	78
GSM6339597	TCTTTGTAGCCGCTTT-1	15
GSM6339597	TCTTTGTAGGAGGACT-1	111
GSM6339597	TCTTTGTAGGCGCTAC-1	312
GSM6339597	TCTTTGTAGTATTGGC-1	209
GSM6339597	TCTTTGTAGTCGCTAG-1	120
GSM6339597	TGAAACTGTCGTTACT-1	6
GSM6339597	TGAAACTGTTGTAACG-1	65
GSM6339597	TGAAACTGTTTATGGG-1	36
GSM6339597	TGAACAACAGGAAGCC-1	42
GSM6339597	TGAACAGAGCATGTTA-1	254
GSM6339597	TGAACAGAGTTCCCAC-1	116
GSM6339597	TGAACAGAGTTTGTCT-1	181
GSM6339597	TGAAGCAAGACAAACG-1	156
GSM6339597	TGAAGCAAGGTCGATT-1	147
GSM6339597	TGAAGGATCACACAGT-1	237
GSM6339597	TGAAGGATCCATTACT-1	267
GSM6339597	TGAAGGATCCTGTTCA-1	99
GSM6339597	TGAAGGATCCTTGCGT-1	88
GSM6339597	TGAAGGATCGGTAACT-1	335
GSM6339597	TGAAGGATCGTTCACC-1	372
GSM6339597	TGAAGGATCTGGTCCT-1	22
GSM6339597	TGAAGTGAGAGGGACT-1	461
GSM6339597	TGAAGTGAGCACGTTG-1	207
GSM6339597	TGAAGTGAGGCTCATG-1	23
GSM6339597	TGAAGTGAGTTGGATC-1	54
GSM6339597	TGACCAAGTTGGGTTA-1	9
GSM6339597	TGACCAAGTTTATTCG-1	26
GSM6339597	TGACCTTGTCAGGCAT-1	215
GSM6339597	TGACCTTGTGCATTAG-1	113
GSM6339597	TGACCTTGTTAGAGCC-1	92
GSM6339597	TGACCTTGTTGCACAA-1	8
GSM6339597	TGACTCCTCACTCGCT-1	110
GSM6339597	TGACTCCTCATCCTCA-1	371
GSM6339597	TGACTCCTCCACAATA-1	60
GSM6339597	TGACTCCTCCAGGTCA-1	109
GSM6339597	TGACTCCTCCTAAGAC-1	186
GSM6339597	TGACTTAAGAAAGGAA-1	112
GSM6339597	TGACTTAAGCGAGGTG-1	139
GSM6339597	TGACTTAAGGAACCGG-1	417
GSM6339597	TGACTTAAGGACCTCA-1	152
GSM6339597	TGACTTAAGGATAAAC-1	125
GSM6339597	TGACTTAAGGCGGGTA-1	190
GSM6339597	TGACTTAAGGGACTAA-1	174
GSM6339597	TGACTTAAGGGTTATC-1	110
GSM6339597	TGACTTAAGTGAGGGT-1	84
GSM6339597	TGACTTAAGTGTGATC-1	129
GSM6339597	TGAGAACCAATTAGCT-1	156
GSM6339597	TGAGAACCAATTAGGA-1	31
GSM6339597	TGAGAACCAGGCATGA-1	119
GSM6339597	TGAGAACCATAACGGG-1	253
GSM6339597	TGAGAACCATTCCTCG-1	17
GSM6339597	TGAGCAAAGTTACCGG-1	228
GSM6339597	TGAGCACGTACTGATG-1	28
GSM6339597	TGAGCACGTTCCTGAT-1	10
GSM6339597	TGAGCCGGTACGGTAC-1	170
GSM6339597	TGAGCCGGTCACCAAA-1	486
GSM6339597	TGAGCCGGTCCGTGAG-1	16
GSM6339597	TGAGCCGGTTAAGGCC-1	7
GSM6339597	TGAGCCGGTTAGGCTA-1	278
GSM6339597	TGAGCTTAGACAACGA-1	337
GSM6339597	TGAGCTTAGAGAGGAG-1	192
GSM6339597	TGAGCTTAGCAAGGGT-1	27
GSM6339597	TGAGCTTAGCGCCTAA-1	23
GSM6339597	TGAGCTTAGCTCGCTT-1	209
GSM6339597	TGAGCTTAGGGATGCG-1	49
GSM6339597	TGAGCTTAGTTATGTG-1	156
GSM6339597	TGAGGAGGTACGGTAC-1	240
GSM6339597	TGAGGAGGTAGCCTCC-1	111
GSM6339597	TGAGGAGGTTAAGGCC-1	172
GSM6339597	TGAGGAGGTTTGCAGA-1	368
GSM6339597	TGAGGCACAATTAGGA-1	158
GSM6339597	TGAGGCACACATACTG-1	346
GSM6339597	TGAGGCACACCGTTCC-1	57
GSM6339597	TGAGGCACATCACTTC-1	93
GSM6339597	TGAGGGAGTAGCTAGC-1	3
GSM6339597	TGAGGGAGTCATTACC-1	74
GSM6339597	TGAGGGAGTGGAAGGC-1	75
GSM6339597	TGAGGGAGTGTTGTAG-1	365
GSM6339597	TGAGGGAGTTCGGTAA-1	285
GSM6339597	TGAGGGAGTTTAACGG-1	121
GSM6339597	TGAGGGCCAAGCGATG-1	181
GSM6339597	TGAGGTGCACAATACT-1	280
GSM6339597	TGAGTGAAGATAACCC-1	113
GSM6339597	TGAGTGAAGCTAATCA-1	440
GSM6339597	TGAGTGAAGGAACGGT-1	100
GSM6339597	TGAGTTTCAACACTTG-1	152
GSM6339597	TGAGTTTCAATGCCTA-1	368
GSM6339597	TGAGTTTCAGGCCATT-1	215
GSM6339597	TGAGTTTCAGTAAAGC-1	169
GSM6339597	TGAGTTTCAGTTTCTC-1	31
GSM6339597	TGAGTTTCATCAATCG-1	10
GSM6339597	TGAGTTTCATGTCGCG-1	82
GSM6339597	TGATCAATCCGTCCAT-1	224
GSM6339597	TGATCAATCGTAACGT-1	156
GSM6339597	TGATCAATCTTGACCC-1	331
GSM6339597	TGATCACAGCTTAGTA-1	170
GSM6339597	TGATCAGGTTAGTTGG-1	108
GSM6339597	TGATCAGGTTGCTGGG-1	266
GSM6339597	TGATCAGGTTTGTTGC-1	6
GSM6339597	TGATCCTGTGCAATAT-1	23
GSM6339597	TGATCCTGTGTTGTAG-1	13
GSM6339597	TGATCCTGTGTTTGTC-1	136
GSM6339597	TGATCCTGTTGAGCCG-1	21
GSM6339597	TGATCGAGTAGCTGGT-1	113
GSM6339597	TGATCGAGTCCTAAGA-1	306
GSM6339597	TGATCGAGTTCACCCA-1	49
GSM6339597	TGATGAACACAGGGAC-1	84
GSM6339597	TGATGAACAGCGCTTG-1	358
GSM6339597	TGATGAACAGGCATCT-1	23
GSM6339597	TGATGAACATAAGCAA-1	16
GSM6339597	TGATGAACATAGTCAT-1	39
GSM6339597	TGATGAACATTCCTCG-1	197
GSM6339597	TGATGACTCACTTCAT-1	242
GSM6339597	TGATGACTCATTTGTC-1	224
GSM6339597	TGATGACTCCTCCCTC-1	48
GSM6339597	TGATGACTCCTGAATA-1	304
GSM6339597	TGATGATGTATGGTGC-1	6
GSM6339597	TGATGATGTCCTTCAG-1	310
GSM6339597	TGATGATGTCGTAAAT-1	153
GSM6339597	TGATGATGTGCTTACT-1	10
GSM6339597	TGATGATGTGGGTGAA-1	45
GSM6339597	TGATGATGTTTGGGTA-1	229
GSM6339597	TGATTAGTCACGTTAA-1	106
GSM6339597	TGATTAGTCGCATTAA-1	32
GSM6339597	TGATTAGTCTCACAAA-1	145
GSM6339597	TGATTAGTCTCCATGC-1	107
GSM6339597	TGATTCAAGATAAAGC-1	45
GSM6339597	TGATTCAAGCGCATTG-1	31
GSM6339597	TGATTCAAGCTCAATA-1	504
GSM6339597	TGATTCAAGGATCACT-1	101
GSM6339597	TGATTGCAGGAACGGT-1	184
GSM6339597	TGCAAGCGTTGGTTGA-1	41
GSM6339597	TGCAATATCAATCTCT-1	112
GSM6339597	TGCAATATCCTAAGTA-1	149
GSM6339597	TGCAATATCCTTAATC-1	32
GSM6339597	TGCAATATCTAGCGTG-1	299
GSM6339597	TGCACACCAAGGCCAA-1	6
GSM6339597	TGCACACCAATCTCTC-1	7
GSM6339597	TGCACACCAATGCGCT-1	7
GSM6339597	TGCACCTTCAATGTGC-1	32
GSM6339597	TGCACCTTCAGGCTAT-1	58
GSM6339597	TGCACCTTCAGTTCCC-1	110
GSM6339597	TGCACCTTCCTCCTAA-1	413
GSM6339597	TGCACCTTCGAAGTAG-1	4
GSM6339597	TGCACTTGTGGACATC-1	50
GSM6339597	TGCAGGCTCCAGCACA-1	249
GSM6339597	TGCAGGCTCCAGGTTG-1	209
GSM6339597	TGCAGGCTCCTCATGC-1	345
GSM6339597	TGCATCCTCACTTCAT-1	129
GSM6339597	TGCATCCTCAGCATTA-1	109
GSM6339597	TGCATCCTCCGCTAGA-1	178
GSM6339597	TGCATCCTCGTTATAG-1	90
GSM6339597	TGCATCCTCTATTGTC-1	202
GSM6339597	TGCATCCTCTCACTCA-1	70
GSM6339597	TGCATCCTCTTGAGCG-1	152
GSM6339597	TGCATGAGTAATAGCT-1	348
GSM6339597	TGCATGAGTACAAAGA-1	191
GSM6339597	TGCATGAGTCAAAGAA-1	397
GSM6339597	TGCATGAGTCACAAAT-1	77
GSM6339597	TGCATTAAGAGAGGCT-1	10
GSM6339597	TGCATTAAGCTATTGA-1	20
GSM6339597	TGCATTAAGGCCGGAA-1	90
GSM6339597	TGCATTAAGTCAGGCC-1	464
GSM6339597	TGCCATTGTACTGATG-1	71
GSM6339597	TGCCATTGTCATGCAA-1	101
GSM6339597	TGCCATTGTCCACAAA-1	7
GSM6339597	TGCCATTGTGCAACTA-1	51
GSM6339597	TGCCATTGTGTGTCCC-1	169
GSM6339597	TGCCATTGTTACCGGG-1	35
GSM6339597	TGCCATTGTTTATCGC-1	45
GSM6339597	TGCCGGTAGGGTGGAT-1	63
GSM6339597	TGCCTGTTCACGCCAA-1	135
GSM6339597	TGCCTGTTCATGGTTA-1	206
GSM6339597	TGCCTGTTCCGCCAAA-1	95
GSM6339597	TGCCTGTTCCGCTAGA-1	264
GSM6339597	TGCCTGTTCCGGGACT-1	236
GSM6339597	TGCCTGTTCGGGCCAT-1	219
GSM6339597	TGCCTGTTCTTGCAGG-1	298
GSM6339597	TGCGATTAGACAAGTG-1	162
GSM6339597	TGCGATTAGCCGGTAC-1	9
GSM6339597	TGCGATTAGGGCCACT-1	542
GSM6339597	TGCGATTAGGGTCTAT-1	147
GSM6339597	TGCGCAGGTAATCGCA-1	54
GSM6339597	TGCGCAGGTCCAAATG-1	57
GSM6339597	TGCGCAGGTTAGTACG-1	97
GSM6339597	TGCGCAGGTTGCATCT-1	224
GSM6339597	TGCGCAGGTTGCTTCG-1	467
GSM6339597	TGCGCAGGTTTAACCC-1	64
GSM6339597	TGCGCGAGTAATGACT-1	11
GSM6339597	TGCGCGAGTGGACCTG-1	17
GSM6339597	TGCGCGAGTGTTAGCA-1	38
GSM6339597	TGCGCGAGTTAGCTGA-1	8
GSM6339597	TGCGCGAGTTAGTACG-1	27
GSM6339597	TGCGGTTCAAACGGGC-1	27
GSM6339597	TGCGGTTCAGGCCATT-1	40
GSM6339597	TGCTAACAGCACAGCC-1	82
GSM6339597	TGCTAGCCAAGTGTTT-1	135
GSM6339597	TGCTAGCCAGATTCAT-1	158
GSM6339597	TGCTAGCCAGCTAACC-1	31
GSM6339597	TGCTAGCCAGGTTACC-1	51
GSM6339597	TGCTAGCCATAAGTCT-1	409
GSM6339597	TGCTAGCCATCGCTTT-1	61
GSM6339597	TGCTATGCAATCTCTC-1	25
GSM6339597	TGCTATGCACTGGCCA-1	199
GSM6339597	TGCTATGCATCATGGC-1	159
GSM6339597	TGCTCAACAAACCTTG-1	119
GSM6339597	TGCTCAACAACTGGCT-1	198
GSM6339597	TGCTCAACACGTGCTG-1	54
GSM6339597	TGCTCAACACTTCACT-1	82
GSM6339597	TGCTCACTCACAGCGC-1	48
GSM6339597	TGCTCACTCCGTAAAC-1	6
GSM6339597	TGCTCACTCTTGACCC-1	228
GSM6339597	TGCTCCGTCAAACCTA-1	178
GSM6339597	TGCTCCGTCCTAATGA-1	22
GSM6339597	TGCTCCGTCTAACCTT-1	210
GSM6339597	TGCTCCGTCTAAGGAG-1	325
GSM6339597	TGCTCTCAGAATCTCA-1	84
GSM6339597	TGCTCTCAGAGGAGGA-1	497
GSM6339597	TGCTCTCAGCATTTCT-1	113
GSM6339597	TGCTCTCAGGACAACA-1	355
GSM6339597	TGCTCTCAGGAGTCTT-1	176
GSM6339597	TGCTCTCAGGATAAAC-1	95
GSM6339597	TGCTCTCAGGCCATCA-1	241
GSM6339597	TGCTGGATCACTAGGT-1	172
GSM6339597	TGCTGGATCCCGCCTA-1	128
GSM6339597	TGCTGGATCCGCTAGA-1	168
GSM6339597	TGCTGGATCCGGGACT-1	231
GSM6339597	TGCTGGATCCTCAGTC-1	148
GSM6339597	TGCTGGATCTGTAAGC-1	210
GSM6339597	TGCTTAAAGACAAAGT-1	62
GSM6339597	TGCTTAAAGCTACTGG-1	152
GSM6339597	TGCTTAAAGGACCGCT-1	43
GSM6339597	TGCTTAAAGGCCTTAG-1	28
GSM6339597	TGCTTAAAGGTTTGAC-1	28
GSM6339597	TGCTTAAAGTCATCCC-1	244
GSM6339597	TGCTTCATCAAGGACA-1	91
GSM6339597	TGCTTCATCTAAGTGC-1	216
GSM6339597	TGCTTCCAGATAGACG-1	255
GSM6339597	TGCTTCCAGGACAACA-1	157
GSM6339597	TGCTTCCAGTTAGCTA-1	53
GSM6339597	TGCTTGCTCCACCTTA-1	120
GSM6339597	TGCTTGCTCCATCAGG-1	130
GSM6339597	TGCTTGCTCTGCAAGT-1	163
GSM6339597	TGCTTGCTCTGTAATG-1	158
GSM6339597	TGCTTGCTCTTTGAGA-1	114
GSM6339597	TGCTTGTGTCATAGAT-1	69
GSM6339597	TGCTTGTGTCCGGTTC-1	78
GSM6339597	TGCTTGTGTGCTCCAC-1	93
GSM6339597	TGCTTTAGTACCGTTT-1	76
GSM6339597	TGCTTTAGTTTAAAGC-1	101
GSM6339597	TGCTTTAGTTTATGGG-1	79
GSM6339597	TGCTTTAGTTTGGGTA-1	35
GSM6339597	TGGAACAAGATAGACG-1	403
GSM6339597	TGGAACAAGCCTGACA-1	219
GSM6339597	TGGAACAAGGAGGCAT-1	109
GSM6339597	TGGAACAAGGAGTAAT-1	5
GSM6339597	TGGAACAAGGCCGGAA-1	80
GSM6339597	TGGAACAAGGGACGCA-1	258
GSM6339597	TGGAACAAGTTGGGCC-1	76
GSM6339597	TGGACAAAGCACTAAC-1	37
GSM6339597	TGGACAAAGCGGATAA-1	310
GSM6339597	TGGACAAAGCGGATTT-1	31
GSM6339597	TGGACAAAGCTATTGA-1	162
GSM6339597	TGGACAAAGGTAAGGC-1	59
GSM6339597	TGGACCGGTCACCTAT-1	230
GSM6339597	TGGACCGGTCCACAAA-1	126
GSM6339597	TGGACCGGTGTTGTGA-1	111
GSM6339597	TGGACCGGTTCGGGAT-1	273
GSM6339597	TGGACGGAGAAACTGG-1	100
GSM6339597	TGGACGGAGAGGAAGG-1	60
GSM6339597	TGGACGGAGCATGTTA-1	100
GSM6339597	TGGACGGAGGCTAATC-1	398
GSM6339597	TGGACGGAGTTCCCAC-1	264
GSM6339597	TGGACTAGTAGTTAAC-1	123
GSM6339597	TGGACTAGTGCAATGC-1	159
GSM6339597	TGGACTAGTTAACGAT-1	200
GSM6339597	TGGACTAGTTACGCAA-1	70
GSM6339597	TGGACTAGTTAGACCA-1	189
GSM6339597	TGGACTAGTTATAGCG-1	271
GSM6339597	TGGATTCAGCACTAAC-1	25
GSM6339597	TGGATTCAGCCGCTAA-1	298
GSM6339597	TGGATTCAGGATCACT-1	231
GSM6339597	TGGATTCAGTTGTCTT-1	103
GSM6339597	TGGATTGGTCACAAAT-1	281
GSM6339597	TGGATTGGTCTATCGT-1	232
GSM6339597	TGGATTGGTGAGGTGA-1	128
GSM6339597	TGGATTGGTGTTCCCA-1	49
GSM6339597	TGGATTGGTTAGGCGT-1	164
GSM6339597	TGGATTGGTTGCCTCA-1	264
GSM6339597	TGGCCAATCCAGGTCA-1	17
GSM6339597	TGGCCAATCGTTTCTG-1	33
GSM6339597	TGGCCAATCTATTGTC-1	340
GSM6339597	TGGCCATCATCATGGC-1	201
GSM6339597	TGGCCTGCAAGGTATA-1	36
GSM6339597	TGGCCTGCAAGTGAAC-1	7
GSM6339597	TGGCCTGCACCTCACC-1	53
GSM6339597	TGGCCTGCACGGTTTA-1	211
GSM6339597	TGGCCTGCAGCAATAA-1	170
GSM6339597	TGGCCTGCAGGCTGTT-1	232
GSM6339597	TGGCCTGCAGGGAGGA-1	312
GSM6339597	TGGCCTTTCATGCTTT-1	239
GSM6339597	TGGCCTTTCCGTCCAT-1	113
GSM6339597	TGGCCTTTCGCTAGTG-1	100
GSM6339597	TGGCGGTTCAAGCCTG-1	170
GSM6339597	TGGCGGTTCCGTTATT-1	15
GSM6339597	TGGCGGTTCGTTAGTA-1	197
GSM6339597	TGGCGGTTCTTAGGAC-1	137
GSM6339597	TGGCGGTTCTTTAAGG-1	145
GSM6339597	TGGCTAAGTTCGCTTG-1	133
GSM6339597	TGGCTATAGCTACTGG-1	106
GSM6339597	TGGCTATAGTTTGAGC-1	181
GSM6339597	TGGCTTTGTAACCACA-1	233
GSM6339597	TGGCTTTGTGCAATGC-1	16
GSM6339597	TGGGCATGTAATGACT-1	468
GSM6339597	TGGGCATGTATTGCAG-1	89
GSM6339597	TGGGCATGTCTTACTA-1	71
GSM6339597	TGGGCATGTTGGTTCT-1	54
GSM6339597	TGGGCCTAGAGGAAGG-1	139
GSM6339597	TGGGCCTAGGGACCTC-1	301
GSM6339597	TGGTAAACAATGAAGC-1	210
GSM6339597	TGGTAAACACCTCAGG-1	130
GSM6339597	TGGTCAAGTCATAGAT-1	91
GSM6339597	TGGTCAAGTGCGCATG-1	115
GSM6339597	TGGTCAGTCAAAGGCA-1	339
GSM6339597	TGGTCAGTCCGCATGA-1	136
GSM6339597	TGGTCAGTCTTGGACG-1	145
GSM6339597	TGGTCATAGAATCGCT-1	169
GSM6339597	TGGTCATAGGACCTTG-1	215
GSM6339597	TGGTCATAGGAGCATA-1	133
GSM6339597	TGGTCATAGGCATGTT-1	159
GSM6339597	TGGTCATAGGTTAGCT-1	138
GSM6339597	TGGTCATAGTTTGTCT-1	147
GSM6339597	TGGTCCTTCTTGGACG-1	205
GSM6339597	TGGTGATTCATCCTCA-1	295
GSM6339597	TGGTGATTCTAATCCT-1	3
GSM6339597	TGGTGCATCGTTACAA-1	63
GSM6339597	TGGTGCATCTTGTCCA-1	127
GSM6339597	TGGTTAATCATCCTAT-1	127
GSM6339597	TGGTTAATCATGCTCC-1	133
GSM6339597	TGGTTAATCATTAGTG-1	342
GSM6339597	TGGTTAATCGAGGAGT-1	541
GSM6339597	TGGTTCCTCAAGCTAC-1	82
GSM6339597	TGGTTCCTCAGGTCCA-1	369
GSM6339597	TGGTTCCTCCAAACAC-1	328
GSM6339597	TGGTTCCTCCGTCCAT-1	83
GSM6339597	TGGTTCCTCCTCATGC-1	143
GSM6339597	TGGTTCCTCGGTTAGT-1	97
GSM6339597	TGGTTCCTCTCGCCTG-1	257
GSM6339597	TGGTTCTGTCAACAAT-1	421
GSM6339597	TGGTTCTGTTAGAGCC-1	173
GSM6339597	TGGTTGAGTAGCAGCT-1	220
GSM6339597	TGGTTGAGTATTACCC-1	503
GSM6339597	TGGTTGAGTATTGGTG-1	7
GSM6339597	TGGTTGAGTCGCAAAC-1	365
GSM6339597	TGGTTGAGTGACCTGG-1	217
GSM6339597	TGGTTGAGTTGCTTCG-1	91
GSM6339597	TGTAACTCAACAGCCT-1	55
GSM6339597	TGTAACTCAATGCGCT-1	151
GSM6339597	TGTAACTCAATTAGGA-1	179
GSM6339597	TGTAACTCACAGCCAT-1	68
GSM6339597	TGTAAGCTCATGGCTG-1	83
GSM6339597	TGTAAGCTCGATAACC-1	133
GSM6339597	TGTAAGCTCGTGCCTT-1	220
GSM6339597	TGTAAGCTCTATTGTC-1	199
GSM6339597	TGTAAGCTCTTTGTAC-1	34
GSM6339597	TGTAAGTGTCATTACC-1	299
GSM6339597	TGTAAGTGTTAGACCA-1	114
GSM6339597	TGTAAGTGTTCCTGAT-1	25
GSM6339597	TGTAAGTGTTGAGCCG-1	183
GSM6339597	TGTAATGTCAATGACC-1	52
GSM6339597	TGTAATGTCATTGCGG-1	428
GSM6339597	TGTAATGTCCCGAACA-1	235
GSM6339597	TGTAATGTCCGTGACA-1	114
GSM6339597	TGTAATGTCCTCAGCT-1	149
GSM6339597	TGTAATGTCGTTAACA-1	249
GSM6339597	TGTATCCGTCGAAGTC-1	29
GSM6339597	TGTATCCGTTCGCGCT-1	286
GSM6339597	TGTATCGCAAACTGTT-1	98
GSM6339597	TGTATCGCAGAAATTG-1	86
GSM6339597	TGTATCGCAGGAACCA-1	160
GSM6339597	TGTATCGCAGGTTACC-1	63
GSM6339597	TGTATCGCATAGGCGA-1	123
GSM6339597	TGTCAATCACATAACT-1	68
GSM6339597	TGTCAATCACTAAGCC-1	309
GSM6339597	TGTCAATCACTAGGTC-1	178
GSM6339597	TGTCAATCATAAGTTC-1	64
GSM6339597	TGTCAGTAGGACCGCT-1	28
GSM6339597	TGTCAGTAGGACGTAA-1	124
GSM6339597	TGTCAGTAGGCATGTT-1	140
GSM6339597	TGTCAGTAGGTGTCCA-1	210
GSM6339597	TGTCAGTAGTCATTAG-1	13
GSM6339597	TGTCAGTAGTTTAACG-1	102
GSM6339597	TGTCATAAGGAGTCGG-1	226
GSM6339597	TGTCATAAGGGACGCA-1	129
GSM6339597	TGTCATAAGGGCCATC-1	248
GSM6339597	TGTCATAAGTCACCTC-1	236
GSM6339597	TGTCATAAGTGGACAA-1	64
GSM6339597	TGTCCTGGTCCTTCTC-1	193
GSM6339597	TGTCCTTCAAAGCCTC-1	35
GSM6339597	TGTCCTTCAACCTAAT-1	123
GSM6339597	TGTCCTTCAATCCTGA-1	108
GSM6339597	TGTCCTTCACGGTACT-1	212
GSM6339597	TGTCCTTCATATTGAC-1	118
GSM6339597	TGTGAAACAGCTCATA-1	404
GSM6339597	TGTGAAACATAGCGGA-1	103
GSM6339597	TGTGATCAGAGAGCCG-1	111
GSM6339597	TGTGATCAGATAACCC-1	150
GSM6339597	TGTGATCAGCAGGTGG-1	38
GSM6339597	TGTGATCAGCGAGCGA-1	221
GSM6339597	TGTGATCAGGTCGAGG-1	97
GSM6339597	TGTGCAAGTAACAGGG-1	68
GSM6339597	TGTGCAAGTAAGCACC-1	254
GSM6339597	TGTGCAAGTAATCACG-1	12
GSM6339597	TGTGCAAGTACCGAAC-1	122
GSM6339597	TGTGCAAGTTGTTGTC-1	95
GSM6339597	TGTGCAAGTTTAGCGA-1	126
GSM6339597	TGTGCGCAGAGGAGTC-1	11
GSM6339597	TGTGCGCAGCTAATTG-1	187
GSM6339597	TGTGCGCAGGACCTGC-1	179
GSM6339597	TGTGCGCAGGAGGTTA-1	301
GSM6339597	TGTGCGCAGGCTAAGA-1	119
GSM6339597	TGTGCGCAGTTATGGC-1	148
GSM6339597	TGTGCGGGTACAATGT-1	224
GSM6339597	TGTGCGGGTGCCGCAA-1	74
GSM6339597	TGTGCGGGTTAAGTGT-1	224
GSM6339597	TGTGCGGGTTCACCCA-1	76
GSM6339597	TGTGCGGGTTTACCGT-1	154
GSM6339597	TGTGCGGGTTTGGCGG-1	30
GSM6339597	TGTGCTGAGAACCTAC-1	275
GSM6339597	TGTGCTGAGACAGGCG-1	135
GSM6339597	TGTGCTGAGACTATTG-1	268
GSM6339597	TGTGCTGAGGCTATGT-1	77
GSM6339597	TGTGCTGAGGCTCATG-1	66
GSM6339597	TGTGCTGAGTAACGGA-1	32
GSM6339597	TGTGCTGAGTCACCAG-1	37
GSM6339597	TGTGCTGAGTTCCTCA-1	115
GSM6339597	TGTGGAGCAAGCGATG-1	67
GSM6339597	TGTGGCCAGATACTTG-1	8
GSM6339597	TGTGGCCAGCGATAGA-1	350
GSM6339597	TGTGGCCAGGACTTAC-1	104
GSM6339597	TGTGGCCAGGTGTCCA-1	190
GSM6339597	TGTGGCCAGGTTTGAC-1	405
GSM6339597	TGTGGCCAGTCAATTG-1	86
GSM6339597	TGTGGCGGTATTACCC-1	155
GSM6339597	TGTGGCGGTCGTAAAT-1	19
GSM6339597	TGTGGCGGTTACGCAA-1	40
GSM6339597	TGTGGCTCAAATTCGT-1	77
GSM6339597	TGTGGCTCAGAAACGT-1	159
GSM6339597	TGTGGCTCATAGCTGC-1	372
GSM6339597	TGTGGCTCATCCTGAA-1	119
GSM6339597	TGTGGCTCATTGACAT-1	291
GSM6339597	TGTGGCTCATTGTTGG-1	196
GSM6339597	TGTGTGAGTAGTTGGC-1	49
GSM6339597	TGTGTGAGTGGTTATG-1	90
GSM6339597	TGTGTGAGTTTAACCC-1	233
GSM6339597	TGTGTTAAGCCAGTAT-1	162
GSM6339597	TGTGTTAAGCCATCAG-1	161
GSM6339597	TGTGTTAAGCTGTCAG-1	110
GSM6339597	TGTGTTAAGGCCTGGT-1	119
GSM6339597	TGTGTTAAGGTGAAAT-1	61
GSM6339597	TGTTACTTCAGTTCCC-1	67
GSM6339597	TGTTACTTCATAGACC-1	43
GSM6339597	TGTTAGCAGCTTAACA-1	601
GSM6339597	TGTTAGCAGTAGCGGG-1	155
GSM6339597	TGTTATGAGAGGAGTC-1	206
GSM6339597	TGTTATGAGATGGAGC-1	390
GSM6339597	TGTTATGAGGACCTGC-1	85
GSM6339597	TGTTATGAGTTAGTGC-1	93
GSM6339597	TGTTCATTCACAGCGC-1	85
GSM6339597	TGTTCCTCACATTGCA-1	45
GSM6339597	TGTTCCTCACCTCAGG-1	39
GSM6339597	TGTTCCTCAGCATGGA-1	74
GSM6339597	TGTTCCTCATCAATCG-1	111
GSM6339597	TGTTCCTCATTGTCCT-1	51
GSM6339597	TGTTCCTCATTGTTGG-1	230
GSM6339597	TGTTGCACATAGCAGG-1	89
GSM6339597	TGTTGGCCAAACATAG-1	113
GSM6339597	TGTTGGCCAACTGGCT-1	357
GSM6339597	TGTTGGCCAAGGACCA-1	116
GSM6339597	TGTTGGCCACCGGTAT-1	146
GSM6339597	TGTTGGCCAGATAGAC-1	224
GSM6339597	TGTTGGCCATCATGTG-1	22
GSM6339597	TGTTGGCCATCGCTCC-1	41
GSM6339597	TGTTGGCCATGTGGGA-1	34
GSM6339597	TGTTGTAAGATGCCTG-1	126
GSM6339597	TGTTGTAAGCCATCAG-1	121
GSM6339597	TGTTGTAAGGGCCATC-1	172
GSM6339597	TGTTGTAAGTTAGACC-1	254
GSM6339597	TGTTGTAAGTTTAACG-1	203
GSM6339597	TGTTGTGCAACCTGGT-1	74
GSM6339597	TGTTGTGCAAGTAAGC-1	148
GSM6339597	TGTTGTGCAGCATGAG-1	256
GSM6339597	TGTTGTGCAGCCTGCA-1	169
GSM6339597	TGTTGTGCAGGATGGC-1	197
GSM6339597	TGTTGTGCAGGCCAAA-1	471
GSM6339597	TGTTGTTTCAGGAACA-1	48
GSM6339597	TGTTGTTTCATGGCTG-1	182
GSM6339597	TGTTGTTTCCAGGTTG-1	217
GSM6339597	TGTTGTTTCCCGCAAA-1	60
GSM6339597	TGTTGTTTCCTCCTAA-1	348
GSM6339597	TGTTGTTTCCTCGATC-1	118
GSM6339597	TGTTGTTTCTCGACCT-1	467
GSM6339597	TGTTGTTTCTTAGGAC-1	22
GSM6339597	TGTTGTTTCTTGGACG-1	112
GSM6339597	TGTTTGTTCACTTCAT-1	12
GSM6339597	TGTTTGTTCGTTAAGC-1	15
GSM6339597	TGTTTGTTCTTGACCC-1	47
GSM6339597	TGTTTGTTCTTGGATA-1	17
GSM6339597	TTAAAGGCACCGGCTA-1	13
GSM6339597	TTAAAGGCATGAGCAG-1	178
GSM6339597	TTAAAGGCATTGCAGC-1	156
GSM6339597	TTAACCAAGCAGGTGG-1	63
GSM6339597	TTAACTGAGCTAATCA-1	248
GSM6339597	TTAACTGAGTATCGCG-1	117
GSM6339597	TTAAGCCAGAGAGGCT-1	120
GSM6339597	TTAAGCCAGTTCCCGT-1	156
GSM6339597	TTAAGCCAGTTTGGGT-1	206
GSM6339597	TTAAGGACAAAGCGCA-1	41
GSM6339597	TTAAGGACAACACTTG-1	268
GSM6339597	TTAAGGACAATGCCTA-1	199
GSM6339597	TTAAGGACAATGCGCT-1	148
GSM6339597	TTAAGGACAATTAGGA-1	41
GSM6339597	TTAAGGACACGTGCTG-1	167
GSM6339597	TTAAGGACACTTACAG-1	89
GSM6339597	TTAAGGACAGTTGCGT-1	89
GSM6339597	TTAAGGACATAAAGCA-1	153
GSM6339597	TTAAGGACATGACTAT-1	26
GSM6339597	TTAAGGTGTTAACGGC-1	171
GSM6339597	TTAAGGTGTTAGGATT-1	241
GSM6339597	TTAAGGTGTTATGTGG-1	205
GSM6339597	TTAAGGTGTTTAACGG-1	37
GSM6339597	TTAAGTGTCGCAGGCT-1	174
GSM6339597	TTAAGTGTCGTTACAA-1	208
GSM6339597	TTAAGTGTCTTAGCGG-1	120
GSM6339597	TTAATCGAGAACCTAC-1	33
GSM6339597	TTAATCGAGCCAGGTC-1	23
GSM6339597	TTAATCGAGCGAGCGA-1	84
GSM6339597	TTAATCGAGCTTTGGG-1	206
GSM6339597	TTAATCGAGGTCCGTA-1	145
GSM6339597	TTAATCGAGTAACGAG-1	110
GSM6339597	TTAATCGAGTGAACGA-1	228
GSM6339597	TTACACCGTAGGTTGC-1	101
GSM6339597	TTACACCGTTCATTTG-1	123
GSM6339597	TTACAGCAGCAAGGGT-1	64
GSM6339597	TTACAGCAGCTACTGG-1	52
GSM6339597	TTACAGCAGGACGTAA-1	158
GSM6339597	TTACAGCAGGCACAGG-1	274
GSM6339597	TTACAGCAGTTAGGCT-1	24
GSM6339597	TTACCGTGTACAAAGA-1	172
GSM6339597	TTACCGTGTATTACCC-1	107
GSM6339597	TTACCGTGTCACTCGC-1	13
GSM6339597	TTACCGTGTCTATCGT-1	40
GSM6339597	TTACCGTGTGCGCATG-1	178
GSM6339597	TTACCGTGTGTTTCAC-1	123
GSM6339597	TTACCGTGTTCAAGAT-1	35
GSM6339597	TTACCGTGTTCCGGGA-1	56
GSM6339597	TTACCGTGTTGTAAAC-1	195
GSM6339597	TTACCTGTCACAGCGC-1	46
GSM6339597	TTACCTGTCTCACTCA-1	72
GSM6339597	TTACCTGTCTTGCAGG-1	218
GSM6339597	TTACGTTTCAGGCTAT-1	342
GSM6339597	TTACGTTTCCCAGTAG-1	52
GSM6339597	TTACGTTTCTGCAACG-1	137
GSM6339597	TTACGTTTCTTGGATA-1	217
GSM6339597	TTAGAAGCAACAGCCT-1	327
GSM6339597	TTAGAAGCAACTCGCG-1	198
GSM6339597	TTAGAAGCAACTGGGA-1	190
GSM6339597	TTAGAAGCAATCTCTC-1	241
GSM6339597	TTAGAAGCAATTAAGG-1	198
GSM6339597	TTAGAAGCACATGCTA-1	94
GSM6339597	TTAGAAGCAGGTTTGC-1	11
GSM6339597	TTAGACTCAGAACCGA-1	112
GSM6339597	TTAGACTCAGGCTGTT-1	14
GSM6339597	TTAGACTCATGTGGGA-1	190
GSM6339597	TTAGACTCATTGCGAC-1	22
GSM6339597	TTAGACTCATTGTCCT-1	346
GSM6339597	TTAGCAATCCGGTTGA-1	186
GSM6339597	TTAGCAATCCTGTTCA-1	110
GSM6339597	TTAGCAATCCTTGAGG-1	285
GSM6339597	TTAGCAATCGCAGGCT-1	210
GSM6339597	TTAGCAATCTACCTGC-1	89
GSM6339597	TTAGCAATCTATTGTC-1	250
GSM6339597	TTAGCAGGTCAAAGGG-1	28
GSM6339597	TTAGCAGGTGGATTAT-1	97
GSM6339597	TTAGCCTGTTGCGGAT-1	23
GSM6339597	TTAGCCTGTTGGTTCT-1	38
GSM6339597	TTAGCCTGTTTGAGCA-1	138
GSM6339597	TTAGCGGTCACCATTT-1	375
GSM6339597	TTAGCGGTCCCGCAAA-1	86
GSM6339597	TTAGCTGCAAATACCT-1	23
GSM6339597	TTAGCTGCACCTCGCT-1	5
GSM6339597	TTAGGAACAACAGGAT-1	69
GSM6339597	TTAGGAACAAGGTCCT-1	111
GSM6339597	TTAGGAACACAAAGAC-1	174
GSM6339597	TTAGGAACAGTCTATG-1	70
GSM6339597	TTAGGAACAGTTTCTC-1	32
GSM6339597	TTAGGAACATCCTAGA-1	48
GSM6339597	TTAGGATGTAAGGTTT-1	124
GSM6339597	TTAGGATGTGGTGAGA-1	197
GSM6339597	TTAGGATGTGTCACGG-1	57
GSM6339597	TTAGGATGTGTTGTGA-1	23
GSM6339597	TTAGGATGTTTAGCTC-1	58
GSM6339597	TTAGGCCCAAACCCTA-1	74
GSM6339597	TTAGGCCCAAGATTCT-1	248
GSM6339597	TTAGGCCCAATTAAGG-1	162
GSM6339597	TTAGGCCCATTGTGAT-1	72
GSM6339597	TTAGGCGTCACTAGGT-1	552
GSM6339597	TTAGGCGTCAGGCTAT-1	242
GSM6339597	TTAGGCGTCTCAATAG-1	166
GSM6339597	TTAGGCGTCTCAATTC-1	111
GSM6339597	TTAGGCGTCTCGACCT-1	10
GSM6339597	TTAGGCGTCTTGCAGG-1	189
GSM6339597	TTAGGCTAGCATTTCT-1	111
GSM6339597	TTAGGCTAGTTATGGC-1	22
GSM6339597	TTAGTCAAGCAGCTCA-1	168
GSM6339597	TTAGTCAAGCAGGTTT-1	309
GSM6339597	TTAGTCAAGCCTGGTA-1	148
GSM6339597	TTAGTCAAGGTGCGGA-1	140
GSM6339597	TTAGTCAAGTCAGTAC-1	312
GSM6339597	TTAGTCAAGTCCTGAG-1	78
GSM6339597	TTATAGCCAATAGCCC-1	132
GSM6339597	TTATAGCCATTATGAC-1	43
GSM6339597	TTATCCGTCCGCAACA-1	97
GSM6339597	TTATCCGTCCTAGTAA-1	505
GSM6339597	TTATCCTAGAGCAAGC-1	6
GSM6339597	TTATCCTAGATTGAGG-1	433
GSM6339597	TTATCCTAGGATGATG-1	105
GSM6339597	TTATCCTAGGCAACAA-1	13
GSM6339597	TTATCCTAGTGAGCGG-1	57
GSM6339597	TTATGACCAAGTCGCT-1	139
GSM6339597	TTATGACCACCCACAG-1	251
GSM6339597	TTATGACCAGGATAAC-1	57
GSM6339597	TTATGACCATAATGTC-1	195
GSM6339597	TTATGCGCAAGGTCCT-1	6
GSM6339597	TTATGCGCAGGTATTT-1	54
GSM6339597	TTATGCGCAGTTATGT-1	11
GSM6339597	TTATTGCTCACTAATG-1	129
GSM6339597	TTATTGCTCAGCAAGA-1	155
GSM6339597	TTATTGCTCAGGTTTA-1	152
GSM6339597	TTATTGCTCGGGACCT-1	304
GSM6339597	TTCAACCGTATTGCAG-1	174
GSM6339597	TTCAACCGTGAAACAA-1	64
GSM6339597	TTCAACCGTGTAATAC-1	292
GSM6339597	TTCAACCGTTCGCTTG-1	161
GSM6339597	TTCACTGTCACAAGCT-1	10
GSM6339597	TTCACTGTCAGAAACG-1	234
GSM6339597	TTCACTGTCATCCTCA-1	463
GSM6339597	TTCACTGTCATGGTGT-1	239
GSM6339597	TTCACTGTCCTTGAGG-1	250
GSM6339597	TTCACTGTCGTGCTTC-1	78
GSM6339597	TTCACTGTCTCCTCTT-1	130
GSM6339597	TTCAGCACAACTAGAA-1	158
GSM6339597	TTCAGCACAAGGTGGC-1	71
GSM6339597	TTCAGCACAATGCCCG-1	121
GSM6339597	TTCAGCACACCGTTCC-1	8
GSM6339597	TTCAGCACAGTTTACG-1	131
GSM6339597	TTCAGCACATCACTTC-1	84
GSM6339597	TTCAGCACATGTTGTG-1	38
GSM6339597	TTCAGGTAGCATTAGC-1	126
GSM6339597	TTCAGGTAGCTATTGA-1	109
GSM6339597	TTCAGGTAGTACTGGT-1	58
GSM6339597	TTCAGTTTCACTAAGC-1	173
GSM6339597	TTCAGTTTCATGTTTC-1	123
GSM6339597	TTCAGTTTCCTCCCTC-1	58
GSM6339597	TTCAGTTTCGTAACGT-1	72
GSM6339597	TTCATCCCAAACCTAT-1	51
GSM6339597	TTCATCCCAAACTCAT-1	212
GSM6339597	TTCATCCCAAGCTACC-1	24
GSM6339597	TTCATCCCAATATACC-1	73
GSM6339597	TTCATCCCACTTCACT-1	144
GSM6339597	TTCATCCCAGGTTCAC-1	116
GSM6339597	TTCATCCCAGTTAGCC-1	62
GSM6339597	TTCATCCCATAGCGGA-1	112
GSM6339597	TTCATTCAGCATGTTA-1	140
GSM6339597	TTCATTCAGCCAGTAT-1	353
GSM6339597	TTCATTCAGCGCCTTT-1	279
GSM6339597	TTCCACGGTCCAAATG-1	6
GSM6339597	TTCCACGGTGTTTGCT-1	38
GSM6339597	TTCCCACAGACAGGCG-1	151
GSM6339597	TTCCCACAGCAGGTGG-1	16
GSM6339597	TTCCCACAGTCACGAT-1	4
GSM6339597	TTCCCACAGTGAACCT-1	150
GSM6339597	TTCCCGCCAAACATAG-1	15
GSM6339597	TTCCCGCCAAACTCAT-1	72
GSM6339597	TTCCCGCCACCGGCTA-1	23
GSM6339597	TTCCCGCCATAAGGAC-1	48
GSM6339597	TTCCTCAAGACTAAGG-1	207
GSM6339597	TTCCTCAAGGCCATCA-1	12
GSM6339597	TTCCTCAAGTAACGAG-1	55
GSM6339597	TTCCTTCTCAAATCGC-1	581
GSM6339597	TTCCTTCTCATCCTAT-1	150
GSM6339597	TTCCTTCTCTTGTTCG-1	28
GSM6339597	TTCCTTGAGAAAGGAA-1	47
GSM6339597	TTCCTTGAGAAGGTGC-1	403
GSM6339597	TTCCTTGAGGATTGCT-1	11
GSM6339597	TTCCTTGAGGCTATGT-1	24
GSM6339597	TTCCTTGAGTAAGAAC-1	162
GSM6339597	TTCCTTGAGTTAGGCT-1	129
GSM6339597	TTCGCAACAATCCCTT-1	18
GSM6339597	TTCGCAACACCTCAGG-1	187
GSM6339597	TTCGCAACAGTAGCCT-1	61
GSM6339597	TTCGGTACAGTTGCGT-1	226
GSM6339597	TTCGGTACATGGAGGC-1	130
GSM6339597	TTCGTGCTCCGGTTAG-1	115
GSM6339597	TTCGTGCTCCTCAGCT-1	142
GSM6339597	TTCGTGCTCCTGCGAA-1	63
GSM6339597	TTCGTTAGTCCTTAGT-1	209
GSM6339597	TTCTTAGGTAGGTTTG-1	5
GSM6339597	TTCTTAGGTGAAACAA-1	265
GSM6339597	TTCTTAGGTGGAAGGC-1	213
GSM6339597	TTCTTAGGTGGTGAGA-1	184
GSM6339597	TTGACATCAAGACTCC-1	156
GSM6339597	TTGACATCAATTTAGC-1	250
GSM6339597	TTGACATCATTTAAGC-1	43
GSM6339597	TTGACGTAGCCTAATA-1	148
GSM6339597	TTGACGTAGGCTAGAA-1	23
GSM6339597	TTGACGTAGTCAATCA-1	156
GSM6339597	TTGACGTAGTGTGATC-1	221
GSM6339597	TTGACTAAGATGGACA-1	173
GSM6339597	TTGACTAAGCTCCTTA-1	406
GSM6339597	TTGACTAAGGCTAATC-1	233
GSM6339597	TTGACTAAGTCTCACC-1	235
GSM6339597	TTGAGCTAGAGAAGGG-1	360
GSM6339597	TTGAGCTAGCACAGCC-1	86
GSM6339597	TTGAGCTAGTCAGTAC-1	193
GSM6339597	TTGAGCTAGTGGCGGA-1	391
GSM6339597	TTGAGCTAGTTGCGTG-1	115
GSM6339597	TTGAGGCGTCCACAAA-1	208
GSM6339597	TTGAGGCGTCTCAGCC-1	70
GSM6339597	TTGAGGCGTGACATAT-1	97
GSM6339597	TTGAGGCGTTCGCTTG-1	16
GSM6339597	TTGAGGCGTTGTCCAT-1	161
GSM6339597	TTGATGTCAAACATAG-1	154
GSM6339597	TTGATGTCAGTTAGCC-1	29
GSM6339597	TTGATGTCATCACTTC-1	71
GSM6339597	TTGATGTCATCTAGCA-1	157
GSM6339597	TTGCAACAGCTACTGG-1	81
GSM6339597	TTGCAACAGGAAGCTA-1	104
GSM6339597	TTGCAACAGGACTTAC-1	296
GSM6339597	TTGCAAGGTCGACTCC-1	13
GSM6339597	TTGCAAGGTGTTGTGA-1	120
GSM6339597	TTGCAATCAAAGCTAA-1	424
GSM6339597	TTGCAATCAAGTGAAC-1	101
GSM6339597	TTGCAATCACTATGGC-1	425
GSM6339597	TTGCAATCAGATTCAT-1	222
GSM6339597	TTGCAATCAGCTAATT-1	193
GSM6339597	TTGCAATCAGTTAAAG-1	237
GSM6339597	TTGCAATCATTAAGCT-1	252
GSM6339597	TTGCAATCATTGCGGT-1	104
GSM6339597	TTGCACACAAAGCTCC-1	187
GSM6339597	TTGCACACAATTGAGA-1	163
GSM6339597	TTGCAGCCAAGGTGGC-1	147
GSM6339597	TTGCAGCCACCAAAGG-1	154
GSM6339597	TTGCAGCCAGTTAAAG-1	116
GSM6339597	TTGCAGCCATAGACTT-1	232
GSM6339597	TTGCAGCCATTCAGCA-1	85
GSM6339597	TTGCATTTCCTAGTAA-1	138
GSM6339597	TTGCATTTCGATTTAG-1	99
GSM6339597	TTGCCCGTCAATCTAG-1	134
GSM6339597	TTGCCCGTCCTTGCAC-1	46
GSM6339597	TTGCCCGTCTAGCTAA-1	75
GSM6339597	TTGCCCGTCTGCAAAC-1	113
GSM6339597	TTGCGAGTCACCATTT-1	66
GSM6339597	TTGCGAGTCATCCACC-1	213
GSM6339597	TTGCGAGTCATTTAGG-1	12
GSM6339597	TTGCGAGTCCACCTTA-1	65
GSM6339597	TTGCGAGTCCTAAGAC-1	90
GSM6339597	TTGCGTCTCAATAGCC-1	11
GSM6339597	TTGCGTCTCGGGACTC-1	92
GSM6339597	TTGCGTCTCTAACCAA-1	42
GSM6339597	TTGCTCTCAATTATGC-1	122
GSM6339597	TTGCTCTCAGCTTAAT-1	348
GSM6339597	TTGCTCTCAGGAACTG-1	363
GSM6339597	TTGCTCTCATGCTCCC-1	8
GSM6339597	TTGCTTAGTCATTGTC-1	37
GSM6339597	TTGCTTAGTTTGTTGC-1	28
GSM6339597	TTGCTTTAGAGAGGCT-1	42
GSM6339597	TTGCTTTAGATGGACA-1	161
GSM6339597	TTGCTTTAGCGATACT-1	22
GSM6339597	TTGCTTTAGCTGTCAG-1	275
GSM6339597	TTGCTTTAGCTTAGCG-1	110
GSM6339597	TTGCTTTAGGAACCGG-1	84
GSM6339597	TTGCTTTAGGAAGCTA-1	540
GSM6339597	TTGCTTTAGGACCTCA-1	74
GSM6339597	TTGCTTTAGTCCTGAG-1	155
GSM6339597	TTGCTTTAGTGATTCA-1	276
GSM6339597	TTGCTTTAGTTTCCGC-1	119
GSM6339597	TTGGAGGCAAACCTAT-1	94
GSM6339597	TTGGAGGCAACTGGGA-1	259
GSM6339597	TTGGAGGCAGCATGTC-1	218
GSM6339597	TTGGAGGCAGCATTAT-1	152
GSM6339597	TTGGAGGCAGCTACGT-1	153
GSM6339597	TTGGATATCCGTTAAA-1	52
GSM6339597	TTGGATATCCTAAGTA-1	125
GSM6339597	TTGGATATCCTGGTGA-1	74
GSM6339597	TTGGATATCGCGCTAA-1	142
GSM6339597	TTGGATATCTAATCAG-1	160
GSM6339597	TTGGATCAGAATCGCT-1	143
GSM6339597	TTGGATCAGGAACCAA-1	86
GSM6339597	TTGGATTCAATCGCAC-1	155
GSM6339597	TTGGATTCACATAACT-1	354
GSM6339597	TTGGATTCACCAGGTT-1	147
GSM6339597	TTGGATTCAGTTTGTG-1	133
GSM6339597	TTGGATTCATCCCTCA-1	221
GSM6339597	TTGGATTCATGGCCCA-1	321
GSM6339597	TTGGATTCATTAAAGG-1	60
GSM6339597	TTGGCGGGTACTTAGG-1	107
GSM6339597	TTGGCGGGTCACAGAC-1	332
GSM6339597	TTGGCGGGTCATAACG-1	116
GSM6339597	TTGGCGGGTTCGGTAA-1	371
GSM6339597	TTGGCGGGTTGTAACG-1	57
GSM6339597	TTGGCTACAGCTAATT-1	16
GSM6339597	TTGGCTGAGATGGAGC-1	459
GSM6339597	TTGGCTGAGGAAGCTA-1	252
GSM6339597	TTGGCTGAGGTGAAAT-1	147
GSM6339597	TTGGCTGAGTCACTCC-1	221
GSM6339597	TTGGCTTGTACAATGT-1	25
GSM6339597	TTGGGCCAGCATGGTT-1	109
GSM6339597	TTGGGCCAGCCGGTAC-1	84
GSM6339597	TTGGGCCAGCTTCCCG-1	168
GSM6339597	TTGGGCCAGGTTAGAG-1	319
GSM6339597	TTGGGCCAGTTTCCTG-1	12
GSM6339597	TTGGGCGGTACCGTAA-1	67
GSM6339597	TTGGGCGGTCAGGCAT-1	219
GSM6339597	TTGGGCGGTCATAACG-1	448
GSM6339597	TTGGGCGGTCTAACAG-1	210
GSM6339597	TTGGGCGGTGTTTCAC-1	105
GSM6339597	TTGGGCGGTTGTGATG-1	85
GSM6339597	TTGGGCGGTTTCGCCA-1	111
GSM6339597	TTGGGTTAGCGAGGTG-1	118
GSM6339597	TTGGGTTAGGGTGAGT-1	328
GSM6339597	TTGGTGAGTACCGTAA-1	54
GSM6339597	TTGTAAGTCAAACTCA-1	437
GSM6339597	TTGTAAGTCCCATAGG-1	38
GSM6339597	TTGTAAGTCCTTAGGG-1	61
GSM6339597	TTGTAAGTCTTTGACT-1	175
GSM6339597	TTGTCAAAGCTCAAAC-1	53
GSM6339597	TTGTCAAAGGCATTGT-1	72
GSM6339597	TTGTCAAAGGCCTAAT-1	297
GSM6339597	TTGTCCATCATAAGCC-1	134
GSM6339597	TTGTCCATCGAGCAAA-1	222
GSM6339597	TTGTCCCAGGCGTAAA-1	81
GSM6339597	TTGTCCCAGGTGCTGC-1	178
GSM6339597	TTGTCCCAGTTATCTC-1	221
GSM6339597	TTGTCCGGTTAGCAGC-1	426
GSM6339597	TTGTCCGGTTCAAGAT-1	278
GSM6339597	TTGTCCGGTTCCGCAC-1	177
GSM6339597	TTGTCCGGTTTATCGC-1	163
GSM6339597	TTGTGAGGTAACGTGC-1	143
GSM6339597	TTGTGAGGTAGCTAAT-1	21
GSM6339597	TTGTGAGGTCCAAGAC-1	195
GSM6339597	TTGTGAGGTGAGAAAC-1	70
GSM6339597	TTGTGAGGTTGCGCGA-1	540
GSM6339597	TTGTGAGGTTGTTGCT-1	164
GSM6339597	TTGTGCCTCAGCACCA-1	16
GSM6339597	TTGTGCCTCATTAGTG-1	34
GSM6339597	TTGTGCCTCCCTCTAA-1	30
GSM6339597	TTGTGCCTCCTGAATA-1	11
GSM6339597	TTGTGCCTCGCTATAA-1	465
GSM6339597	TTGTGCCTCGGGCCAT-1	36
GSM6339597	TTGTGCGAGCCTGTGA-1	63
GSM6339597	TTGTGCGAGGATTGCT-1	7
GSM6339597	TTGTGCGAGTTCCCAC-1	37
GSM6339597	TTGTGTGCAAACGGGC-1	87
GSM6339597	TTGTGTGCAAGGTAAC-1	205
GSM6339597	TTGTGTGCAATATGGA-1	417
GSM6339597	TTGTGTGCAGAGAGCC-1	188
GSM6339597	TTGTGTGCATAGCGGA-1	20
GSM6339597	TTGTGTGCATCCGTAA-1	20
GSM6339597	TTGTTCCCAACTCGCG-1	139
GSM6339597	TTGTTCCCATTGACAT-1	60
GSM6339597	TTGTTGCGTGGATTGC-1	321
GSM6339597	TTGTTGTTCAGCATTA-1	145
GSM6339597	TTGTTGTTCCGTCCAT-1	297
GSM6339597	TTGTTTGGTACGCGCA-1	194
GSM6339597	TTGTTTGGTGAGGTAG-1	286
GSM6339597	TTGTTTGGTGTGTCCC-1	171
GSM6339597	TTGTTTGGTTAAGTGT-1	62
GSM6339597	TTTAACCTCCTAAGAC-1	133
GSM6339597	TTTAACCTCCTCATGC-1	285
GSM6339597	TTTAACCTCCTCGATC-1	156
GSM6339597	TTTAACCTCGTTACTT-1	37
GSM6339597	TTTAACCTCTAACCTT-1	20
GSM6339597	TTTAACCTCTGCAAAC-1	85
GSM6339597	TTTAACCTCTTGAGCG-1	155
GSM6339597	TTTAACGAGCCATCAG-1	70
GSM6339597	TTTAAGCCAAACTCAT-1	63
GSM6339597	TTTAAGCCAACTCGCG-1	62
GSM6339597	TTTAAGCCAATGAAGC-1	37
GSM6339597	TTTAAGCCACAGGGAC-1	317
GSM6339597	TTTAAGCCATCGCTTT-1	43
GSM6339597	TTTAAGGTCAGGAACA-1	163
GSM6339597	TTTAAGGTCCCTCAAC-1	187
GSM6339597	TTTAAGGTCCGCTAGA-1	138
GSM6339597	TTTAAGGTCGTTACTT-1	55
GSM6339597	TTTACGAAGCCGCAAC-1	419
GSM6339597	TTTACGAAGCGCAATT-1	223
GSM6339597	TTTACGAAGGCGAAAC-1	162
GSM6339597	TTTACGAAGGTCAAAG-1	192
GSM6339597	TTTACGAAGTCATTGA-1	72
GSM6339597	TTTACGCGTAATCGGC-1	20
GSM6339597	TTTACGCGTGCGCAAT-1	201
GSM6339597	TTTACGCGTTAAGCCA-1	157
GSM6339597	TTTACGCGTTTCGCCA-1	45
GSM6339597	TTTAGCAAGCATGTCG-1	132
GSM6339597	TTTAGCAAGCCATCAG-1	127
GSM6339597	TTTAGCAAGCCGCAAC-1	363
GSM6339597	TTTAGCAAGCTAATCA-1	23
GSM6339597	TTTAGCAAGCTGAGGG-1	267
GSM6339597	TTTAGCAAGTTATCTC-1	606
GSM6339597	TTTAGCTTCCGCATGA-1	72
GSM6339597	TTTAGCTTCCGTAAAC-1	204
GSM6339597	TTTAGCTTCGTAACGT-1	165
GSM6339597	TTTAGCTTCTACCTAT-1	5
GSM6339597	TTTAGCTTCTGTAATG-1	122
GSM6339597	TTTAGGATCCCGCAAA-1	206
GSM6339597	TTTAGGATCGACCTGA-1	72
GSM6339597	TTTATGGAGATAACCC-1	203
GSM6339597	TTTATGGAGCAAGGAC-1	277
GSM6339597	TTTATGGAGCTCGCTT-1	162
GSM6339597	TTTATGGAGGCATGAA-1	171
GSM6339597	TTTATGGAGGGATTAG-1	25
GSM6339597	TTTATGGAGTCACTAA-1	283
GSM6339597	TTTCACCCAATATACC-1	99
GSM6339597	TTTCACCCACAAAGCG-1	92
GSM6339597	TTTCACCCACAAGCCT-1	150
GSM6339597	TTTCACCCATGAGCAG-1	124
GSM6339597	TTTCACCCATTGCGAC-1	171
GSM6339597	TTTCAGTTCAAAGGCA-1	91
GSM6339597	TTTCAGTTCACAGGAA-1	113
GSM6339597	TTTCAGTTCCCGCATT-1	204
GSM6339597	TTTCATCAGCTTAGTA-1	122
GSM6339597	TTTCCACCAAATACCT-1	44
GSM6339597	TTTCCACCAATTATGC-1	126
GSM6339597	TTTCCACCACCACAAC-1	95
GSM6339597	TTTCCACCAGCATGAG-1	356
GSM6339597	TTTCCACCAGCCTAAC-1	153
GSM6339597	TTTCCACCATCATGTG-1	230
GSM6339597	TTTCCACCATTAGGCC-1	155
GSM6339597	TTTCCGGGTAGGTTGC-1	302
GSM6339597	TTTCCGGGTCCCGAAG-1	149
GSM6339597	TTTCCGGGTTGAGCCG-1	23
GSM6339597	TTTCCTGAGAAACTGG-1	57
GSM6339597	TTTCCTGAGACTCGCA-1	210
GSM6339597	TTTCCTGAGTAGCCAT-1	140
GSM6339597	TTTCGTCCAGGCAAGC-1	215
GSM6339597	TTTCGTCCATAAGTCT-1	243
GSM6339597	TTTCGTCCATGCTTAG-1	57
GSM6339597	TTTCTCACACCTAAGC-1	186
GSM6339597	TTTCTCACACGCAACT-1	128
GSM6339597	TTTCTCACAGGATGGC-1	217
GSM6339597	TTTCTTGCAAATGCCC-1	151
GSM6339597	TTTCTTGCACTTCACT-1	49
GSM6339597	TTTCTTGCAGCAAGAT-1	114
GSM6339597	TTTCTTGCAGTAAAGC-1	129
GSM6339597	TTTCTTGCATCCATCT-1	156
GSM6339597	TTTCTTGCATTGCAGC-1	149
GSM6339597	TTTGACCGTACTTCAC-1	137
GSM6339597	TTTGACCGTAGCCTCC-1	277
GSM6339597	TTTGACCGTATTGCAG-1	7
GSM6339597	TTTGACCGTGGACCTG-1	67
GSM6339597	TTTGACCGTGTTTGCT-1	78
GSM6339597	TTTGACCGTTTGGGTA-1	99
GSM6339597	TTTGACTTCATCCTGC-1	4
GSM6339597	TTTGACTTCATGCTCC-1	153
GSM6339597	TTTGACTTCCTAAGAC-1	118
GSM6339597	TTTGAGTCACAGGATG-1	102
GSM6339597	TTTGAGTCACCTCGCT-1	53
GSM6339597	TTTGAGTCAGTAAAGC-1	111
GSM6339597	TTTGAGTCAGTTAGCC-1	100
GSM6339597	TTTGAGTCATGTTGGC-1	45
GSM6339597	TTTGCATTCATGGCCA-1	71
GSM6339597	TTTGCATTCCGCCAAA-1	186
GSM6339597	TTTGCATTCGTGCTTC-1	157
GSM6339597	TTTGCGACACCTGCTC-1	198
GSM6339597	TTTGCGACAGGCCTTG-1	14
GSM6339597	TTTGCGACATAATCAC-1	379
GSM6339597	TTTGCGGAGCAACATC-1	480
GSM6339597	TTTGCGGAGCCAGTAT-1	61
GSM6339597	TTTGCGGAGCCTGTTC-1	214
GSM6339597	TTTGGCTGTAAGTCGC-1	69
GSM6339597	TTTGGCTGTGAGCACT-1	299
GSM6339597	TTTGGCTGTGTTAAAC-1	27
GSM6339597	TTTGGCTGTTACCTGT-1	19
GSM6339597	TTTGGCTGTTAGCTGA-1	55
GSM6339597	TTTGGTAAGGAAGCAC-1	35
GSM6339597	TTTGGTAAGGCAATAG-1	18
GSM6339597	TTTGGTAAGGTTACAC-1	208
GSM6339597	TTTGGTGCAACACTTG-1	63
GSM6339597	TTTGGTGCAACAGGAT-1	110
GSM6339597	TTTGGTGCAAGACTCC-1	560
GSM6339597	TTTGGTGCAAGGTAAC-1	172
GSM6339597	TTTGGTGCACAACCTA-1	78
GSM6339597	TTTGGTGCACTAAGCC-1	105
GSM6339597	TTTGGTGCACTTCATC-1	114
GSM6339597	TTTGGTGCAGCACGAA-1	59
GSM6339597	TTTGGTGCAGCTCATA-1	146
GSM6339597	TTTGGTGCAGGAACCA-1	261
GSM6339597	TTTGGTGCATCGCTCC-1	132
GSM6339597	TTTGGTGCATGAAATG-1	23
GSM6339597	TTTGTCCCAAGCCACT-1	192
GSM6339597	TTTGTCCCATCCTAGA-1	28
GSM6339597	TTTGTCCCATTCAGCA-1	42
GSM6339597	TTTGTCTAGAGGAAGG-1	120
GSM6339597	TTTGTCTAGCACCACA-1	349
GSM6339597	TTTGTCTAGCCTGGTA-1	445
GSM6339597	TTTGTCTAGCTAATTG-1	99
GSM6339597	TTTGTCTAGGAGCACG-1	89
GSM6339597	TTTGTCTAGGAGCATA-1	121
GSM6339597	TTTGTGAAGCAGCTCA-1	215
GSM6339597	TTTGTGAAGTAAGGGC-1	161
GSM6339597	TTTGTGAAGTGTGATC-1	128
GSM6339597	TTTGTGGCAAGGACCA-1	115
GSM6339597	TTTGTGTTCCCTGGAA-1	155
GSM6339597	TTTGTTGGTCATAGAT-1	62
GSM6339597	TTTGTTGGTGTTTGTC-1	172
GSM6339597	TTTGTTGGTTACGCAA-1	52
GSM6339597	TTTGTTGGTTCACCCA-1	153
GSM6339597	TTTGTTGGTTTAGCGA-1	19
