config	peak	n_donors	n_high	n_low	FC_equal_donor	FC_pooled	delta_pp	positive_donors	negative_donors	high_open_total	low_open_total	p_donor_t	p_donor_signflip	p_paired_nuclei	q_donor_t_all_candidates	q_donor_signflip_all_candidates	q_paired_nuclei_all_candidates	q_donor_t_HSMM	q_donor_signflip_HSMM	q_paired_nuclei_HSMM	q_donor_t_muscle_selective	q_donor_signflip_muscle_selective	q_paired_nuclei_muscle_selective	q_donor_t_fusion_promoter	q_donor_signflip_fusion_promoter	q_paired_nuclei_fusion_promoter
C000	chr3-8733222-8734203	5	38	129	0.5886731172609784	0.9429824561403508	-6.654625068418173	2	3	5	18	0.406309585501415	0.375	NA	0.7861686903896479	1.0	NA	0.81261917100283	1.0	NA	0.8055417764856343	1.0	NA	0.6230080311021696	1.0	NA
C001	chr3-8733222-8734203	3	12	12	0.08333333333333334	0.3333333333333333	-36.66666666666667	0	2	1	3	0.3680665114164313	0.5	0.5	0.8817644859501763	1.0	1.0	0.8323198153770518	1.0	1.0	0.7688199865217284	1.0	1.0	0.8837221644216916	1.0	1.0
C002	chr3-8733222-8734203	4	17	17	1.764705882352941	1.0	12.5	1	1	3	3	0.717685644210786	1.0	1.0	1.0	1.0	1.0	1.0	1.0	1.0	0.9453652278914492	1.0	1.0	1.0	1.0	1.0
C003	chr3-8733222-8734203	4	21	21	1.0	0.6	0.0	1	1	3	5	1.0	1.0	0.7265625	1.0	1.0	1.0	1.0	1.0	1.0	1.0	1.0	1.0	1.0	1.0	1.0
C004	chr3-8733222-8734203	4	16	124	0.0	0.0	-15.22304324028462	0	4	0	17	0.009129605210970374	0.125	NA	0.7393890482839724	1.0	NA	0.7281242561534692	1.0	NA	0.4311695983558115	1.0	NA	0.15484721627461984	0.71875	NA
C005	chr3-8733222-8734203	1	3	3	NA	NA	0.0	0	0	0	0	NA	NA	1.0	NA	NA	1.0	NA	NA	1.0	NA	NA	1.0	NA	NA	1.0
C006	chr3-8733222-8734203	1	4	4	NA	NA	0.0	0	0	0	0	NA	NA	1.0	NA	NA	1.0	NA	NA	1.0	NA	NA	1.0	NA	NA	1.0
C007	chr3-8733222-8734203	3	6	6	0.0	0.0	-33.33333333333333	0	1	0	1	0.42264973081037427	1.0	1.0	0.929768856245458	1.0	1.0	0.8502718113949883	1.0	1.0	0.8587882828168243	1.0	1.0	1.0	1.0	1.0
C008	chr3-8733222-8734203	3	4	97	0.0	0.0	-16.593687283342458	0	3	0	14	0.031085440592485133	0.25	NA	0.44290622808721114	0.8774285714285713	NA	0.4021496703017351	0.7916666666666667	NA	0.25293580247898667	0.6631944444444444	NA	0.49365284460357634	1.0	NA
C009	chr3-8733222-8734203	1	1	1	NA	NA	0.0	0	0	0	0	NA	NA	1.0	NA	NA	1.0	NA	NA	1.0	NA	NA	1.0	NA	NA	1.0
C010	chr3-8733222-8734203	1	1	1	NA	NA	0.0	0	0	0	0	NA	NA	1.0	NA	NA	1.0	NA	NA	1.0	NA	NA	1.0	NA	NA	1.0
C011	chr3-8733222-8734203	1	1	1	NA	NA	0.0	0	0	0	0	NA	NA	1.0	NA	NA	1.0	NA	NA	1.0	NA	NA	1.0	NA	NA	1.0
C012	chr3-8733222-8734203	4	16	145	0.0	0.0	-15.951956422168422	0	4	0	22	0.009397748435060273	0.125	NA	0.7196250774471847	1.0	NA	0.6670320615332532	1.0	NA	0.5062527270662259	1.0	NA	0.17758993424554714	0.71875	NA
C013	chr3-8733222-8734203	1	3	3	NA	NA	0.0	0	0	0	0	NA	NA	1.0	NA	NA	1.0	NA	NA	1.0	NA	NA	1.0	NA	NA	1.0
C014	chr3-8733222-8734203	1	4	4	NA	NA	0.0	0	0	0	0	NA	NA	1.0	NA	NA	1.0	NA	NA	1.0	NA	NA	1.0	NA	NA	1.0
C015	chr3-8733222-8734203	3	7	7	0.0	0.0	-40.0	0	2	0	2	0.3206337795132427	0.5	0.5	0.893910002285578	1.0	1.0	0.819732748225792	1.0	1.0	0.8237356998447091	1.0	1.0	1.0	1.0	1.0
C016	chr3-8733222-8734203	6	44	44	1.4833641404805913	0.8571428571428571	5.097465886939572	2	2	6	7	0.630719429311559	0.75	NA	0.918578517446724	1.0	NA	0.898352816113226	1.0	NA	0.8308097310241915	1.0	NA	1.0	1.0	NA
C017	chr3-8733222-8734203	1	2	2	NA	NA	0.0	0	0	0	0	NA	NA	1.0	NA	NA	1.0	NA	NA	1.0	NA	NA	1.0	NA	NA	1.0
C018	chr3-8733222-8734203	1	3	3	inf	inf	33.33333333333333	1	0	1	0	NA	NA	1.0	NA	NA	1.0	NA	NA	1.0	NA	NA	1.0	NA	NA	1.0
C019	chr3-8733222-8734203	1	5	5	1.0	1.0	0.0	0	0	1	1	NA	NA	1.0	NA	NA	1.0	NA	NA	1.0	NA	NA	1.0	NA	NA	1.0
C020	chr3-8733222-8734203	6	57	58	1.3242001060632844	0.7122807017543858	3.9696969696969697	1	2	7	10	0.6981626396072049	1.0	NA	0.9012431552054335	1.0	NA	0.8799936956228406	1.0	NA	0.8468272710317376	1.0	NA	0.9464734529366455	1.0	NA
C021	chr3-8733222-8734203	1	4	4	inf	inf	25.0	1	0	1	0	NA	NA	1.0	NA	NA	1.0	NA	NA	1.0	NA	NA	1.0	NA	NA	1.0
C022	chr3-8733222-8734203	1	6	6	inf	inf	16.666666666666664	1	0	1	0	NA	NA	1.0	NA	NA	1.0	NA	NA	1.0	NA	NA	1.0	NA	NA	1.0
C023	chr3-8733222-8734203	3	11	11	0.09523809523809523	0.33333333333333337	-45.23809523809524	1	2	1	3	0.30482635339862774	0.5	0.625	0.9063947788538124	1.0	1.0	0.8436549101389961	1.0	1.0	0.7688199865217284	1.0	1.0	0.8837221644216916	1.0	1.0
C024	chr3-8733222-8734203	6	169	815	0.9717087009557557	1.459436312675179	-0.35590218013558195	5	1	23	76	0.9547130822657269	1.0	NA	0.9860231801369652	1.0	NA	0.9815910651880955	1.0	NA	0.9721962972829832	1.0	NA	0.9547130822657269	1.0	NA
C025	chr3-8733222-8734203	6	112	112	2.495416666666666	1.5454545454545454	9.295519295519295	4	0	17	11	0.12955065846112504	0.125	0.26317596435546875	0.7252695104180577	1.0	1.0	0.743379378108306	1.0	1.0	0.7424295867069197	1.0	1.0	0.6884367415989477	1.0	1.0
C026	chr3-8733222-8734203	6	137	137	0.9662113034000366	1.2857142857142858	-0.4813762626262634	3	1	18	14	0.967167351587016	1.0	0.5412561893463135	1.0	1.0	1.0	1.0	1.0	1.0	1.0	1.0	1.0	0.9830320174497909	1.0	1.0
C027	chr3-8733222-8734203	6	145	145	0.9154271921373651	1.2352941176470589	-1.3678513899184739	4	2	21	17	0.902066385848662	0.90625	0.5715881884098053	0.9855019106870297	1.0	1.0	0.9856444215982184	1.0	1.0	0.9901993086039911	1.0	1.0	0.9668651208556645	1.0	1.0
C028	chr3-8733222-8734203	3	20	77	0.5093902752765629	0.9625	-4.939134939134939	1	2	2	8	0.3964496865322704	0.5	NA	0.790955102570786	1.0	NA	0.7913113573201533	1.0	NA	0.7688199865217284	1.0	NA	0.6943531291884719	1.0	NA
C029	chr3-8733222-8734203	3	10	10	0.09999999999999999	0.33333333333333337	-37.5	0	2	1	3	0.35549661336451044	0.5	0.5	0.9900513526458118	1.0	1.0	0.9406477739944555	1.0	1.0	0.8774575933128422	1.0	1.0	0.9720943808638608	1.0	1.0
C030	chr3-8733222-8734203	3	13	13	0.14285714285714288	0.3333333333333333	-20.0	0	2	1	3	0.3206337795132427	0.5	0.625	0.9172843274336815	1.0	1.0	0.8725123215522012	1.0	1.0	0.8322278204616648	1.0	1.0	0.810078650719884	1.0	1.0
C031	chr3-8733222-8734203	3	15	15	0.07692307692307691	0.25	-36.36363636363636	0	2	1	4	0.37274995181282	0.5	0.375	0.89268041493718	1.0	1.0	0.8603940948639764	1.0	1.0	0.8154151372200151	1.0	1.0	0.810078650719884	1.0	1.0
C032	chr3-8733222-8734203	3	5	77	0.0	0.0	-10.067340067340067	0	3	0	8	0.0033499440291781995	0.25	NA	0.7182940361475705	1.0	NA	0.6796843633408215	1.0	NA	0.319919654786518	1.0	NA	0.07704871267109858	0.9583333333333334	NA
C033	chr3-8733222-8734203	1	1	1	NA	NA	0.0	0	0	0	0	NA	NA	1.0	NA	NA	1.0	NA	NA	1.0	NA	NA	1.0	NA	NA	1.0
C034	chr3-8733222-8734203	1	2	2	NA	NA	0.0	0	0	0	0	NA	NA	1.0	NA	NA	1.0	NA	NA	1.0	NA	NA	1.0	NA	NA	1.0
C035	chr3-8733222-8734203	1	2	2	NA	NA	0.0	0	0	0	0	NA	NA	1.0	NA	NA	1.0	NA	NA	1.0	NA	NA	1.0	NA	NA	1.0
C036	chr3-8733222-8734203	1	1	45	0.0	0.0	-11.11111111111111	0	1	0	5	NA	NA	NA	NA	NA	NA	NA	NA	NA	NA	NA	NA	NA	NA	NA
C038	chr3-8733222-8734203	1	1	1	NA	NA	0.0	0	0	0	0	NA	NA	1.0	NA	NA	1.0	NA	NA	1.0	NA	NA	1.0	NA	NA	1.0
C039	chr3-8733222-8734203	1	1	1	NA	NA	0.0	0	0	0	0	NA	NA	1.0	NA	NA	1.0	NA	NA	1.0	NA	NA	1.0	NA	NA	1.0
C040	chr3-8733222-8734203	3	5	92	0.0	0.0	-9.722222222222221	0	3	0	10	0.019803941180393154	0.25	NA	0.6856615548434546	1.0	NA	0.6640713994049681	1.0	NA	0.46376424259108834	1.0	NA	0.21105152302098829	0.9583333333333334	NA
C041	chr3-8733222-8734203	1	1	1	NA	NA	0.0	0	0	0	0	NA	NA	1.0	NA	NA	1.0	NA	NA	1.0	NA	NA	1.0	NA	NA	1.0
C042	chr3-8733222-8734203	1	2	2	NA	NA	0.0	0	0	0	0	NA	NA	1.0	NA	NA	1.0	NA	NA	1.0	NA	NA	1.0	NA	NA	1.0
C043	chr3-8733222-8734203	1	2	2	NA	NA	0.0	0	0	0	0	NA	NA	1.0	NA	NA	1.0	NA	NA	1.0	NA	NA	1.0	NA	NA	1.0
C044	chr3-8733222-8734203	6	34	34	4.706896551724138	1.3333333333333333	17.063492063492067	2	1	4	3	0.36321746764912244	0.5	NA	0.736750887153537	1.0	NA	0.7148139280323446	1.0	NA	0.6959542662079435	1.0	NA	0.8354001755929816	1.0	NA
C045	chr3-8733222-8734203	1	2	2	inf	inf	50.0	1	0	1	0	NA	NA	1.0	NA	NA	1.0	NA	NA	1.0	NA	NA	1.0	NA	NA	1.0
C046	chr3-8733222-8734203	1	4	4	inf	inf	25.0	1	0	1	0	NA	NA	1.0	NA	NA	1.0	NA	NA	1.0	NA	NA	1.0	NA	NA	1.0
C047	chr3-8733222-8734203	2	6	6	inf	inf	10.0	1	0	1	0	0.49999999999999956	1.0	1.0	1.0	1.0	1.0	1.0	1.0	1.0	1.0	1.0	1.0	1.0	1.0	1.0
C048	chr3-8733222-8734203	6	44	44	4.339285714285714	1.0	17.314814814814813	2	2	5	5	0.3645702304665365	0.5	NA	0.7360915041175106	1.0	NA	0.7406912009082505	1.0	NA	0.7178650929804997	1.0	NA	0.6450088692869493	1.0	NA
C049	chr3-8733222-8734203	2	4	4	1.0	1.0	0.0	0	0	1	1	1.0	1.0	1.0	1.0	1.0	1.0	1.0	1.0	1.0	1.0	1.0	1.0	1.0	1.0	1.0
C050	chr3-8733222-8734203	2	7	7	1.0	1.0	0.0	0	0	1	1	1.0	1.0	1.0	1.0	1.0	1.0	1.0	1.0	1.0	1.0	1.0	1.0	1.0	1.0	1.0
C051	chr3-8733222-8734203	3	11	11	3.3333333333333335	2.0	11.11111111111111	1	0	2	1	0.42264973081037427	1.0	1.0	0.9076624638592024	1.0	1.0	0.8586903441810773	1.0	1.0	0.8154151372200149	1.0	1.0	0.7477649083568161	1.0	1.0
C052	chr3-8733222-8734203	6	125	774	0.9492917479288231	1.2384	-0.6572988338187251	3	3	14	70	0.9337862031770485	0.90625	NA	0.9827475770927745	1.0	NA	0.9790847587198203	1.0	NA	0.9868560258536394	1.0	NA	0.9337862031770485	1.0	NA
C053	chr3-8733222-8734203	6	102	102	3.0274914089347074	1.8571428571428568	9.181450357920944	4	0	13	7	0.13283305080402807	0.125	0.1795654296875	0.7282264969010894	1.0	1.0	0.722204671880222	1.0	1.0	0.7685547464433163	1.0	1.0	0.642615519686909	1.0	0.9583333333333334
C054	chr3-8733222-8734203	6	119	119	0.9396922814644332	1.4	-0.8176733005108294	3	2	14	10	0.9445924701112338	0.9375	0.480682373046875	1.0	1.0	1.0	1.0	1.0	1.0	1.0	1.0	1.0	0.9445924701112338	1.0	1.0
C055	chr3-8733222-8734203	6	122	122	0.8830138797091871	1.2727272727272727	-1.6585457271364334	3	3	14	11	0.88783623876501	0.84375	0.6476058959960938	1.0	1.0	1.0	0.9852889744403229	1.0	1.0	0.980280619048827	1.0	1.0	0.9297689648361911	1.0	1.0
C056	chr3-8733222-8734203	6	29	65	1.3964049195837276	1.4008620689655173	4.408670033670035	2	3	5	8	0.6166866216104352	0.75	NA	0.9292662487564506	1.0	NA	0.9351743242114232	1.0	NA	0.9735828227412193	1.0	NA	0.9015702288652887	1.0	NA
C057	chr3-8733222-8734203	3	4	4	0.0	0.0	-33.33333333333333	0	1	0	1	0.42264973081037427	1.0	1.0	0.9494932869924355	1.0	1.0	0.8886037373185328	1.0	1.0	0.8408968602581405	1.0	1.0	0.9720943808638608	1.0	1.0
C058	chr3-8733222-8734203	4	11	11	1.4444444444444444	1.4999999999999998	5.0	1	0	3	2	0.39100221895577053	1.0	1.0	0.7207489882432001	1.0	1.0	0.674232397728774	1.0	1.0	0.6667984269692159	1.0	1.0	0.6917731566140556	1.0	1.0
C059	chr3-8733222-8734203	6	16	16	3.25	2.5	15.0	3	0	5	2	0.12188913791398952	0.25	0.375	0.7338426599674046	1.0	1.0	0.7278537535312493	1.0	1.0	0.6670628492402152	1.0	1.0	0.791256729425204	1.0	1.0
C060	chr3-8733222-8734203	5	11	59	2.4968474148802016	1.5324675324675325	14.987373737373739	2	2	2	7	0.4686413366787723	0.875	NA	0.8031236299891237	1.0	NA	0.785663417373236	1.0	NA	0.809786385964912	1.0	NA	0.8494235399026786	1.0	NA
C061	chr3-8733222-8734203	1	1	1	NA	NA	0.0	0	0	0	0	NA	NA	1.0	NA	NA	1.0	NA	NA	1.0	NA	NA	1.0	NA	NA	1.0
C062	chr3-8733222-8734203	3	4	4	0.5	1.0	-16.666666666666664	1	1	1	1	0.7418011102528389	1.0	1.0	1.0	1.0	1.0	1.0	1.0	1.0	1.0	1.0	1.0	1.0	1.0	1.0
C063	chr3-8733222-8734203	5	6	6	1.4999999999999998	2.0	10.0	2	1	2	1	0.7780495489000209	1.0	1.0	1.0	1.0	1.0	1.0	1.0	1.0	1.0	1.0	1.0	1.0	1.0	1.0
C064	chr3-8733222-8734203	3	4	41	0.0	0.0	-9.280303030303031	0	2	0	5	0.2286094565603914	0.5	NA	0.751132710253854	1.0	NA	0.7324976753571691	1.0	NA	0.6899666545707821	1.0	NA	1.0	1.0	NA
C065	chr3-8733222-8734203	1	1	1	NA	NA	0.0	0	0	0	0	NA	NA	1.0	NA	NA	1.0	NA	NA	1.0	NA	NA	1.0	NA	NA	1.0
C066	chr3-8733222-8734203	1	1	1	NA	NA	0.0	0	0	0	0	NA	NA	1.0	NA	NA	1.0	NA	NA	1.0	NA	NA	1.0	NA	NA	1.0
C067	chr3-8733222-8734203	1	1	1	NA	NA	0.0	0	0	0	0	NA	NA	1.0	NA	NA	1.0	NA	NA	1.0	NA	NA	1.0	NA	NA	1.0
C068	chr3-8733222-8734203	5	11	76	2.499482508797351	1.3818181818181818	14.99792960662526	2	2	2	10	0.4765150448832276	0.875	NA	0.7815914392423449	1.0	NA	0.7847583243181243	1.0	NA	0.8132230686464348	1.0	NA	0.7828461451653025	1.0	NA
C069	chr3-8733222-8734203	1	1	1	NA	NA	0.0	0	0	0	0	NA	NA	1.0	NA	NA	1.0	NA	NA	1.0	NA	NA	1.0	NA	NA	1.0
C070	chr3-8733222-8734203	3	4	4	inf	inf	16.666666666666664	1	0	1	0	0.42264973081037427	1.0	1.0	1.0	1.0	1.0	0.985542326844191	1.0	1.0	0.9278861906296723	1.0	1.0	1.0	1.0	1.0
C071	chr3-8733222-8734203	5	6	6	inf	inf	30.0	2	0	2	0	0.20799999999999985	0.5	0.5	0.8242999766744301	1.0	1.0	0.7893464844112357	1.0	1.0	0.7762509191664267	1.0	1.0	0.6142658732072397	1.0	1.0
C072	chr3-8733222-8734203	6	26	26	1.102739726027397	0.75	1.4880952380952384	2	2	3	4	0.9034866626917948	1.0	NA	1.0	1.0	NA	1.0	1.0	NA	1.0	1.0	NA	1.0	1.0	NA
C073	chr3-8733222-8734203	1	1	1	NA	NA	0.0	0	0	0	0	NA	NA	1.0	NA	NA	1.0	NA	NA	1.0	NA	NA	1.0	NA	NA	1.0
C074	chr3-8733222-8734203	1	1	1	NA	NA	0.0	0	0	0	0	NA	NA	1.0	NA	NA	1.0	NA	NA	1.0	NA	NA	1.0	NA	NA	1.0
C075	chr3-8733222-8734203	2	2	2	NA	NA	0.0	0	0	0	0	1.0	1.0	1.0	1.0	1.0	1.0	1.0	1.0	1.0	1.0	1.0	1.0	1.0	1.0	1.0
C076	chr3-8733222-8734203	6	33	33	1.0141843971631206	0.8	0.18518518518518545	2	2	4	5	0.9832162187067748	1.0	NA	1.0	1.0	NA	1.0	1.0	NA	1.0	1.0	NA	1.0	1.0	NA
C077	chr3-8733222-8734203	2	2	2	NA	NA	0.0	0	0	0	0	1.0	1.0	1.0	1.0	1.0	1.0	1.0	1.0	1.0	1.0	1.0	1.0	1.0	1.0	1.0
C078	chr3-8733222-8734203	4	5	5	inf	inf	12.5	1	0	1	0	0.39100221895577053	1.0	1.0	0.8907773103955277	1.0	1.0	0.8153826761150825	1.0	1.0	0.7394200378272493	1.0	1.0	0.7494209196652268	1.0	1.0
C079	chr3-8733222-8734203	6	8	8	inf	inf	5.555555555555555	1	0	1	0	0.36321746764912244	1.0	1.0	0.7995991707171721	1.0	1.0	0.7379428154613854	1.0	1.0	0.6937453632098238	1.0	1.0	0.7594547050845287	1.0	1.0
C080	chr3-8733222-8734203	6	94	424	0.8523445680307531	1.149770546516479	-2.063286869412566	5	1	13	51	0.697713062389591	1.0	NA	0.939987505739239	1.0	NA	0.9216851861385191	1.0	NA	0.8989440623982378	1.0	NA	0.7294272924982087	1.0	NA
C081	chr3-8733222-8734203	6	48	48	1.5530726256983238	1.5	2.9605263157894735	2	0	6	4	0.2162761634565145	0.5	0.75390625	0.7145681250163074	1.0	1.0	0.7111853469618319	1.0	1.0	0.8161710155409698	1.0	1.0	0.7948812971626117	1.0	1.0
C082	chr3-8733222-8734203	6	70	70	2.576923076923077	1.7999999999999998	7.321428571428572	4	0	9	5	0.11521609195881452	0.125	0.4239501953125	0.7837678907392296	1.0	1.0	0.8112999219706564	1.0	1.0	0.8832649505663029	1.0	1.0	0.75436348845377	0.9583333333333334	1.0
C083	chr3-8733222-8734203	6	77	77	2.676334106728538	1.8	7.017288267288267	4	0	9	5	0.12785691128395557	0.125	0.4239501953125	0.789413194020138	1.0	1.0	0.7812602134339615	1.0	1.0	0.8258873371545522	1.0	1.0	0.9282224173255351	1.0	1.0
C084	chr3-8733222-8734203	6	19	54	2.2264150943396226	1.4210526315789473	12.037037037037035	2	2	3	6	0.48198235345997437	0.75	NA	0.8275914708676895	1.0	NA	0.8650348497440291	1.0	NA	0.8841854267238454	1.0	NA	0.8086548236707436	1.0	NA
C085	chr3-8733222-8734203	3	3	3	0.0	0.0	-33.33333333333333	0	1	0	1	0.42264973081037427	1.0	1.0	1.0	1.0	1.0	1.0	1.0	1.0	1.0	1.0	1.0	1.0	1.0	1.0
C086	chr3-8733222-8734203	3	8	8	0.4285714285714286	0.5	-11.11111111111111	0	1	1	2	0.42264973081037427	1.0	1.0	0.8406459347918779	1.0	1.0	0.7813308537143134	1.0	1.0	0.8072609858478148	1.0	1.0	0.810078650719884	1.0	1.0
C087	chr3-8733222-8734203	5	11	11	2.9999999999999996	1.4999999999999998	20.0	1	0	3	2	0.373900966300059	1.0	1.0	0.7427230708327821	1.0	1.0	0.6924591902957771	1.0	1.0	0.6674306968533763	1.0	1.0	0.8468669299189447	1.0	1.0
C088	chr3-8733222-8734203	5	6	49	2.5714285714285716	1.6333333333333333	12.22222222222222	1	2	1	5	0.5635845829534171	1.0	NA	0.8438655554607235	1.0	NA	0.8237005443165326	1.0	NA	0.768890395315019	1.0	NA	0.9881816253088161	1.0	NA
C089	chr3-8733222-8734203	1	1	1	NA	NA	0.0	0	0	0	0	NA	NA	1.0	NA	NA	1.0	NA	NA	1.0	NA	NA	1.0	NA	NA	1.0
C090	chr3-8733222-8734203	3	3	3	0.0	0.0	-33.33333333333333	0	1	0	1	0.42264973081037427	1.0	1.0	1.0	1.0	1.0	1.0	1.0	1.0	1.0	1.0	1.0	1.0	1.0	1.0
C091	chr3-8733222-8734203	4	4	4	1.0	1.0	0.0	1	1	1	1	1.0	1.0	1.0	1.0	1.0	1.0	1.0	1.0	1.0	1.0	1.0	1.0	1.0	1.0	1.0
C092	chr3-8733222-8734203	2	2	15	0.0	0.0	-8.333333333333332	0	1	0	2	0.49999999999999956	1.0	NA	0.9091178211959732	1.0	NA	0.8104265402843595	1.0	NA	0.7519685039370072	1.0	NA	0.8846153846153839	1.0	NA
C093	chr3-8733222-8734203	1	1	1	NA	NA	0.0	0	0	0	0	NA	NA	1.0	NA	NA	1.0	NA	NA	1.0	NA	NA	1.0	NA	NA	1.0
C094	chr3-8733222-8734203	1	1	1	NA	NA	0.0	0	0	0	0	NA	NA	1.0	NA	NA	1.0	NA	NA	1.0	NA	NA	1.0	NA	NA	1.0
C095	chr3-8733222-8734203	1	1	1	NA	NA	0.0	0	0	0	0	NA	NA	1.0	NA	NA	1.0	NA	NA	1.0	NA	NA	1.0	NA	NA	1.0
C096	chr3-8733222-8734203	5	6	61	2.4668852459016395	1.4523809523809523	11.892610313662946	1	2	1	7	0.5754736555966373	1.0	NA	0.8062406917597049	1.0	NA	0.7935967347340724	1.0	NA	0.7477242735983519	1.0	NA	0.9337812594705194	1.0	NA
C097	chr3-8733222-8734203	1	1	1	NA	NA	0.0	0	0	0	0	NA	NA	1.0	NA	NA	1.0	NA	NA	1.0	NA	NA	1.0	NA	NA	1.0
C098	chr3-8733222-8734203	3	3	3	NA	NA	0.0	0	0	0	0	1.0	1.0	1.0	1.0	1.0	1.0	1.0	1.0	1.0	1.0	1.0	1.0	1.0	1.0	1.0
C099	chr3-8733222-8734203	4	4	4	inf	inf	25.0	1	0	1	0	0.39100221895577053	1.0	1.0	1.0	1.0	1.0	1.0	1.0	1.0	0.9335177977569021	1.0	1.0	0.8993051035982722	1.0	1.0
C100	chr3-8733222-8734203	6	21	21	1.2000000000000002	0.75	2.777777777777778	1	1	3	4	0.8090084953266751	1.0	NA	1.0	1.0	NA	1.0	1.0	NA	1.0	1.0	NA	1.0	1.0	NA
C101	chr3-8733222-8734203	1	1	1	NA	NA	0.0	0	0	0	0	NA	NA	1.0	NA	NA	1.0	NA	NA	1.0	NA	NA	1.0	NA	NA	1.0
C102	chr3-8733222-8734203	2	2	2	NA	NA	0.0	0	0	0	0	1.0	1.0	1.0	1.0	1.0	1.0	1.0	1.0	1.0	1.0	1.0	1.0	1.0	1.0	1.0
C103	chr3-8733222-8734203	4	4	4	1.0	1.0	0.0	0	0	1	1	1.0	1.0	1.0	1.0	1.0	1.0	1.0	1.0	1.0	1.0	1.0	1.0	1.0	1.0	1.0
C104	chr3-8733222-8734203	6	26	26	1.1136363636363638	0.6	1.4880952380952384	1	2	3	5	0.8951911053118479	1.0	NA	1.0	1.0	NA	1.0	1.0	NA	1.0	1.0	NA	1.0	1.0	NA
C105	chr3-8733222-8734203	1	1	1	NA	NA	0.0	0	0	0	0	NA	NA	1.0	NA	NA	1.0	NA	NA	1.0	NA	NA	1.0	NA	NA	1.0
C106	chr3-8733222-8734203	3	4	4	1.0	1.0	0.0	0	0	1	1	1.0	1.0	1.0	1.0	1.0	1.0	1.0	1.0	1.0	1.0	1.0	1.0	1.0	1.0	1.0
C107	chr3-8733222-8734203	4	7	7	0.5	0.5	-8.333333333333332	0	1	1	2	0.39100221895577053	1.0	1.0	0.909672586676645	1.0	1.0	0.851737317725309	1.0	1.0	0.7699115857788883	1.0	1.0	0.9992278928869691	1.0	1.0
C108	chr3-8733222-8734203	6	73	401	0.8067985079946124	1.0986301369863012	-2.554147733221743	4	2	9	45	0.6475539509595105	0.84375	NA	0.9300804323035784	1.0	NA	0.9227643801173026	1.0	NA	0.9296062120426727	1.0	NA	0.7740502224969512	1.0	NA
C109	chr3-8733222-8734203	6	47	47	1.5766129032258067	1.5	3.258145363408521	2	0	6	4	0.22712713204061122	0.5	0.75390625	0.7168642950838405	1.0	1.0	0.7194230150733588	1.0	1.0	0.8268704456732008	1.0	1.0	0.7103287473965776	1.0	1.0
C110	chr3-8733222-8734203	6	64	64	2.3116621983914207	1.6	6.8121693121693125	3	0	8	5	0.1536027479616627	0.25	0.5810546875	0.771441776264357	1.0	1.0	0.7705376561603633	1.0	1.0	0.8764691032626502	1.0	1.0	0.8354001755929816	1.0	1.0
C111	chr3-8733222-8734203	6	70	70	2.5630961115187088	1.7999999999999998	7.351621808143547	4	0	9	5	0.11370910526300275	0.125	0.4239501953125	0.7860752946796723	1.0	1.0	0.7845497301221045	1.0	1.0	0.8583738159425651	1.0	1.0	1.0	1.0	1.0
C112	chr3-8733222-8734203	6	2240	2549	1.0884205553188033	1.0790871305418719	2.1938180749457312	4	2	495	522	0.1245153416256534	0.15625	NA	0.7831925905638218	0.7439437984496124	NA	0.7609376096169811	0.7744565217391305	NA	0.7199281107039647	0.7278963414634146	NA	0.5227051191458507	0.5750000000000001	NA
C113	chr3-8733222-8734203	6	1707	1707	0.8232238419899749	1.0080213903743316	-6.102200585465766	3	3	377	374	0.4123664351798055	0.8125	0.9313608154905139	0.7254808321371499	1.0	1.0	0.71895916439432	1.0	1.0	0.741913466977686	1.0	1.0	0.5927767505709703	1.0	1.0
C114	chr3-8733222-8734203	6	1886	1886	0.9186243248867884	1.0317848410757946	-2.4612760017162967	3	3	422	409	0.5239880272869224	0.90625	0.6186320646909514	0.7586092198340859	1.0	1.0	0.7776497080871269	1.0	1.0	0.7305234541007458	1.0	1.0	0.6269908577138786	1.0	0.8037974039713541
C115	chr3-8733222-8734203	6	1937	1937	1.009031533489437	1.0167865707434052	0.24441314191192323	3	2	424	417	0.8402640629606234	0.875	0.8034471355976817	0.9171229706668645	1.0	1.0	0.9172452644392758	1.0	1.0	0.927690381650168	1.0	1.0	0.9251199450283276	1.0	0.9725939009866673
C116	chr3-8733222-8734203	6	1045	2549	1.1733300597816516	1.1682157326440448	4.300522844596387	5	1	250	522	0.134505278997647	0.15625	NA	0.8147733467502192	0.8630283273381295	NA	0.8206907693424587	0.8784246575342466	NA	0.8079312756638007	0.765224358974359	NA	0.9770586458203216	0.8984375	NA
C117	chr3-8733222-8734203	6	846	846	0.7299678411631685	1.0102040816326532	-10.387379410019244	2	4	198	196	0.4031466200554352	0.625	0.9523598320677091	0.7488239100088571	1.0	1.0	0.7316572124824415	1.0	1.0	0.7707298060783168	1.0	1.0	0.671465198574672	1.0	1.0
C118	chr3-8733222-8734203	6	945	945	0.8089520687565744	1.0271493212669685	-6.397065090484226	2	4	227	221	0.43368744912512164	0.625	0.7757741925968771	0.7785366793239406	1.0	1.0	0.808076618437661	1.0	1.0	0.7760095656382505	1.0	1.0	0.8972804666322836	1.0	0.9912670238737873
C119	chr3-8733222-8734203	6	978	978	0.9599528201938798	1.0173913043478262	-1.2546686341622286	2	4	234	230	0.6332190514778763	0.625	0.8660170861232837	0.8549271350291358	1.0	1.0	0.8725868964589182	1.0	1.0	0.914874782242354	1.0	1.0	0.8573481168009015	1.0	1.0
C120	chr3-8733222-8734203	6	464	2549	1.1524861479573318	1.2523574778702604	3.7833608527055285	5	1	119	522	0.26765124604629476	0.28125	NA	0.8543568800512636	0.9635416666666666	NA	0.8499395496391731	0.943014705882353	NA	0.8196904488899436	0.865036231884058	NA	0.7587991107834161	0.9241071428571428	NA
C121	chr3-8733222-8734203	6	374	374	0.808759429424292	1.0326086956521738	-7.605820729288867	3	3	95	92	0.42713120896040424	0.625	0.8603106786164318	0.770937091591354	1.0	1.0	0.7385988583008963	1.0	1.0	0.7624780376035092	1.0	1.0	0.743794529445043	1.0	1.0
C122	chr3-8733222-8734203	6	424	424	0.6818705477402942	1.0	-12.565819162707603	2	4	107	107	0.3713826765466049	0.5	1.0	0.7970880786903367	1.0	1.0	0.7955769822260865	1.0	1.0	0.7736158866181675	1.0	1.0	0.5965561604115635	0.9583333333333334	1.0
C123	chr3-8733222-8734203	6	446	446	0.8279911857419407	0.9913043478260869	-5.894451026201188	2	4	114	115	0.3779672198217278	0.5	1.0	0.8199668225540906	1.0	1.0	0.8355077660762633	1.0	1.0	0.8421345747961619	1.0	1.0	0.6555176449723791	0.9583333333333334	1.0
C124	chr3-8733222-8734203	6	1045	3744	1.1765386464350258	1.1677885005271267	4.368186420781735	5	1	250	767	0.16390994338961426	0.15625	NA	0.86177942117995	0.9939798032107716	NA	0.86143263602493	0.9880585516178737	NA	0.8822288155568596	0.9579475308641975	NA	0.9627335140009147	1.0	NA
C125	chr3-8733222-8734203	6	930	930	0.9406115392319554	1.051643192488263	-1.796112570209375	2	3	224	213	0.5924736675272737	0.8125	0.5756217109802368	0.8085053277048655	1.0	1.0	0.7986058305987997	1.0	1.0	0.7761081797940834	1.0	1.0	0.9654927742905338	1.0	1.0
C126	chr3-8733222-8734203	6	1004	1004	0.9574534653851089	1.0254237288135593	-1.315839824207019	2	4	242	236	0.4868276198154389	0.5625	0.7863131860337712	0.8119736927210477	1.0	1.0	0.8315108793697574	1.0	1.0	0.8465347938385079	1.0	1.0	0.846510025417394	1.0	1.0
C127	chr3-8733222-8734203	6	1028	1028	0.9529203887613785	1.0081967213114755	-1.4469824538866831	2	4	246	244	0.3873389649899482	0.375	0.9572596133404462	0.8350853608574069	1.0	1.0	0.8534054131047736	1.0	1.0	0.8819803929138677	1.0	1.0	0.8929989318704299	1.0	1.0
C128	chr3-8733222-8734203	6	1198	1199	1.020588798174642	0.9633502779288827	0.5552263951572216	2	4	257	267	0.7637964833544877	0.84375	NA	0.899738780353522	1.0	NA	0.895605933624805	1.0	NA	0.8841522928527706	1.0	NA	0.856023803907973	1.0	NA
C129	chr3-8733222-8734203	6	469	469	0.7811504358049713	0.9380530973451328	-8.642633489251848	2	4	106	113	0.3550635662237842	0.40625	0.6321848782933405	0.7523086665934587	1.0	1.0	0.7319715165440782	1.0	1.0	0.7460451096286779	1.0	1.0	0.6961668129941514	1.0	1.0
C130	chr3-8733222-8734203	6	658	658	0.7345992412928989	1.0070422535211268	-9.758943523257518	3	3	143	142	0.3876999576399802	0.5625	1.0	0.7685665496220343	1.0	1.0	0.7542889509963729	1.0	1.0	0.6780977723100304	0.9507743362831859	1.0	0.6369356446942531	1.0	1.0
C131	chr3-8733222-8734203	6	794	794	0.9672948450840766	1.0532544378698225	-1.0273665844184094	3	2	178	169	0.730761761052374	0.875	0.6178471186895035	0.8644444032905197	1.0	1.0	0.8668104636114699	1.0	1.0	0.8813129537637792	1.0	1.0	0.8003581192478383	1.0	1.0
C132	chr3-8733222-8734203	6	1597	1598	1.0503060533496063	1.0035265397983537	1.2982796233119847	3	3	346	345	0.2971367119239167	0.40625	NA	0.7921060251112098	0.9639045825486503	NA	0.7897584290662745	0.9642857142857143	NA	0.7719161011525906	0.9947916666666667	NA	0.7524858532244381	0.9583333333333333	NA
C133	chr3-8733222-8734203	6	888	888	0.87929948633448	1.01	-4.182020553971772	3	3	202	200	0.39446511989344857	0.5	0.9533472972446329	0.7501793042341108	1.0	1.0	0.762290691670882	1.0	1.0	0.7621981848792115	1.0	1.0	0.6048465171699544	0.8846153846153847	1.0
C134	chr3-8733222-8734203	6	1083	1083	0.9513423731248181	1.1227272727272726	-1.465704360157417	5	1	247	220	0.7700037884505865	1.0	0.14661432348641507	0.890657931793579	1.0	1.0	0.9012313092614362	1.0	1.0	0.8967727048418416	1.0	1.0	0.8433374825887376	1.0	0.8264590681169383
C135	chr3-8733222-8734203	6	1168	1168	1.093388421641883	1.114406779661017	2.5482122100789515	5	0	263	236	0.03049565963404764	0.0625	0.16269328673232283	0.8001509421178912	1.0	1.0	0.8013624859667481	0.9980544747081711	1.0	0.7906291195290431	0.9455445544554456	1.0	0.2805162216597885	0.4791666666666667	0.6637604119279373
C136	chr3-8733222-8734203	6	4789	3946	0.9215822392379306	1.0540617846716336	-2.1991139956567847	4	2	1017	795	0.4571355943922489	0.5625	NA	0.8364698265682862	1.0	NA	0.8534051296960714	1.0	NA	0.8283300407799179	0.9894719251336899	NA	0.7744096571648951	0.9583333333333333	NA
C137	chr3-8733222-8734203	6	3254	3254	0.9999184585716274	0.9819819819819819	-0.0022247786649456924	3	3	654	666	0.999171901095143	1.0	0.7277100202771153	0.999171901095143	1.0	1.0	0.999171901095143	1.0	1.0	0.999171901095143	1.0	1.0	0.999171901095143	1.0	0.9626007782655506
C138	chr3-8733222-8734203	6	3417	3417	0.8344333100684379	0.9857752489331436	-4.83446252686226	1	4	693	703	0.21708778180473742	0.3125	0.782231102165806	0.7622293556543536	1.0	1.0	0.7637608105398916	1.0	1.0	0.7322886576601351	0.9627016129032258	1.0	0.642615519686909	0.7786458333333334	0.9995175194340855
C139	chr3-8733222-8734203	6	3457	3457	0.8423279453391322	0.9901685393258427	-4.468687329405854	2	3	705	712	0.224833122712992	0.4375	0.855604807266464	0.7529626656455228	0.9919250645994832	1.0	0.743328537780074	0.9877073459715641	1.0	0.7543828796768851	0.971656976744186	1.0	0.6153305598019639	0.8214285714285714	0.9839455283564337
C140	chr3-8733222-8734203	6	1912	2380	1.1294889094054905	1.0831114492202358	3.011867042113044	5	1	402	462	0.04582729011226234	0.0625	NA	0.7999892704147319	0.8455396475770924	NA	0.7799767614821456	0.8784246575342466	NA	0.7521701533945986	0.8842592592592593	NA	0.527013836291017	0.43125	NA
C141	chr3-8733222-8734203	6	1586	1586	0.8204274178098712	1.0060606060606059	-6.0135148916007095	4	2	332	330	0.41843253880176756	0.875	0.9638258342242109	0.720043411679171	1.0	1.0	0.7198649088562259	1.0	1.0	0.7512225772621073	1.0	1.0	0.6847643789595118	1.0	1.0
C142	chr3-8733222-8734203	6	1717	1717	0.9054574480926433	1.0342857142857143	-2.696080157719832	4	2	362	350	0.5252462921306185	0.9375	0.6262390181010004	0.7703110616681611	1.0	1.0	0.8103506539662412	1.0	1.0	0.77769024648797	1.0	1.0	0.6711480399446791	1.0	0.8472645539013535
C143	chr3-8733222-8734203	6	1750	1750	1.0362557197230529	1.0426136363636362	0.9161135473198448	3	2	367	352	0.30138960803868853	0.375	0.5381206621763912	0.7786600014858539	1.0	1.0	0.8080321214222276	0.9980544747081711	1.0	0.8038632590454942	1.0	0.9961090986979657	0.6638731741494188	0.8385416666666667	0.8339070787703583
C144	chr3-8733222-8734203	6	831	2380	1.1882847815535256	1.1406483608649673	4.379438599769942	4	2	184	462	0.14708243560080922	0.1875	NA	0.828504993980966	0.9832863729508198	NA	0.8409487347231733	0.993330464716007	NA	0.8666180386109775	1.0	NA	0.54953545111302	0.71875	NA
C145	chr3-8733222-8734203	6	756	756	0.7251853188068225	1.0121951219512195	-10.2509641320545	2	3	166	164	0.4093406800467664	0.6875	0.9487629958476216	0.7492917088146286	1.0	1.0	0.7503459463062777	1.0	1.0	0.728648868067104	1.0	1.0	0.6724882600768305	0.9583333333333333	1.0
C146	chr3-8733222-8734203	6	810	810	0.7609556472363503	1.00561797752809	-7.578425257655409	2	3	179	178	0.42047996430219126	0.625	0.9999999999999998	0.789036321282531	1.0	1.0	0.8027887357571846	1.0	1.0	0.7840535778271028	1.0	1.0	0.75400683951496	0.9583333333333333	1.0
C147	chr3-8733222-8734203	6	821	821	0.9621170990797114	1.0167597765363128	-1.1113637405885497	2	3	182	179	0.6833845980410129	0.625	0.9022490316611458	0.8726295636523704	1.0	1.0	0.890918167204675	1.0	1.0	0.8683593386333708	1.0	1.0	0.9023756758751552	1.0	1.0
C148	chr3-8733222-8734203	6	339	2380	1.1065544833822045	1.1245195315991776	2.478420261331171	3	3	74	462	0.5241131507984673	0.65625	NA	0.8647743759788903	1.0	NA	0.8658255393809859	0.9980544747081711	NA	0.8675288136218566	0.9799440298507464	NA	0.7090942628449852	0.943359375	NA
C149	chr3-8733222-8734203	6	315	315	0.7478918680454234	0.9452054794520548	-10.138888888888891	1	4	69	73	0.27312388230715967	0.25	0.7666042612518517	0.7574874843909205	1.0	1.0	0.7355460608688035	1.0	1.0	0.715184181062616	1.0	1.0	0.739847591924363	1.0	1.0
C150	chr3-8733222-8734203	6	332	332	0.6898638575936601	0.9358974358974358	-12.119576037112752	2	4	73	78	0.3242902833535847	0.34375	0.7043793154248918	0.7566401296106622	1.0	1.0	0.7320396897097876	1.0	1.0	0.7510943304652781	1.0	1.0	0.5904080637376352	1.0	1.0
C151	chr3-8733222-8734203	6	336	336	0.8665769266424117	0.9487179487179487	-4.276630452231681	2	4	74	78	0.3005027680148185	0.34375	0.7769647513696718	0.7912329843543608	1.0	1.0	0.7713076531494873	1.0	1.0	0.8122764091642546	1.0	1.0	0.652131245252748	1.0	1.0
C152	chr3-8733222-8734203	6	831	3461	1.1514876306073067	1.1269625539746584	3.6361488559953874	4	2	184	680	0.23389210985078013	0.3125	NA	0.8635898353884096	1.0	NA	0.8970503782225397	1.0	NA	0.9016228307912274	1.0	NA	0.7983580907973181	0.9951923076923078	NA
C153	chr3-8733222-8734203	6	796	796	0.9046635593911632	0.9889502762430938	-2.901469142882258	2	4	179	181	0.359692292161728	0.40625	0.9513068870401618	0.7814921177549315	1.0	1.0	0.7814806556114914	1.0	1.0	0.7958461644854528	1.0	1.0	0.8352670785067516	1.0	1.0
C154	chr3-8733222-8734203	6	821	821	0.9821803643131966	0.9786096256684491	-0.5306033819096122	2	3	183	187	0.6119515376097597	0.625	0.855702374862973	0.833763607808151	1.0	1.0	0.8507618937501538	1.0	1.0	0.8634171055540324	1.0	1.0	0.9700437743926827	1.0	1.0
C155	chr3-8733222-8734203	6	828	828	0.940584719007172	0.9735449735449736	-1.7889340922951162	2	4	184	189	0.29368352446933155	0.3125	0.8087638468604971	0.8390893381936632	1.0	1.0	0.8543274657478571	1.0	1.0	0.8681356266912827	1.0	1.0	1.0	1.0	1.0
C156	chr3-8733222-8734203	6	1078	1077	1.0452794614729481	0.985631920929807	1.1020374631713328	3	3	220	223	0.5965970954926889	0.625	NA	0.84384836788436	1.0	NA	0.8284793317044584	1.0	NA	0.826130343702287	1.0	NA	0.9247698752326878	1.0	NA
C157	chr3-8733222-8734203	6	448	448	0.7114702411559575	0.8761904761904762	-11.458302790052882	2	4	92	105	0.2123183179516945	0.15625	0.3223076486087749	0.7566279403932373	1.0	1.0	0.738515774171716	1.0	1.0	0.7794891721458695	1.0	1.0	0.7594547050845287	0.71875	1.0
C158	chr3-8733222-8734203	6	612	612	0.7915493568093527	0.9694656488549619	-7.042256144824152	3	3	127	131	0.34696403433043854	0.40625	0.8240980930696906	0.7771970031145256	1.0	1.0	0.7677467928040093	1.0	1.0	0.7876771875062408	1.0	1.0	0.8069813703768048	1.0	1.0
C159	chr3-8733222-8734203	6	734	734	0.9295132339049414	1.0	-2.0466725377979977	3	3	153	153	0.4744948804435374	0.65625	1.0	0.802729531113532	1.0	1.0	0.8014811265186327	1.0	1.0	0.8754429980091079	1.0	1.0	0.8025910896220453	1.0	1.0
C160	chr3-8733222-8734203	6	1431	1432	1.1057419202993661	1.0350870873466997	2.5377830231608094	4	2	301	291	0.11543803828400213	0.125	NA	0.8078892331267415	1.0	NA	0.8103245296008948	1.0	NA	0.7928002367378614	0.9865702479338844	NA	0.642615519686909	0.5989583333333334	NA
C161	chr3-8733222-8734203	6	837	837	0.8900518102305912	0.9470899470899472	-3.7565400106621176	2	3	179	189	0.43334638417503274	0.625	0.5825647483051822	0.7668738003447111	1.0	1.0	0.7651836231575342	1.0	1.0	0.7752921565764924	1.0	1.0	0.6557465252875612	0.9583333333333333	0.8729057312011718
C162	chr3-8733222-8734203	6	1003	1003	0.973811528141213	1.0285714285714285	-0.77083206467761	3	2	216	210	0.8012275702865472	0.875	0.7771773262533892	0.9047975014816833	1.0	1.0	0.9176558369100062	1.0	1.0	0.9166366192767923	1.0	1.0	0.9699070587679256	1.0	1.0
C163	chr3-8733222-8734203	6	1090	1090	1.0856052388596493	1.055045871559633	2.224490986582842	4	1	230	218	0.19504226788822587	0.25	0.5496892933576372	0.7911332977230174	0.9887314874436576	1.0	0.8049037889102861	1.0	1.0	0.772319026910618	0.9455445544554456	1.0	0.6408531659184564	0.8214285714285714	0.9673513187666722
C164	chr3-8733222-8734203	6	4292	3781	0.9417506207171111	1.0341484663073868	-1.532718006739655	3	3	864	736	0.4319355985749928	0.53125	NA	0.7976848150836875	1.0	NA	0.795041068857933	0.99893216080402	NA	0.8021678286625363	0.9947916666666666	NA	0.7096084833732024	0.9399038461538463	NA
C165	chr3-8733222-8734203	6	3113	3113	0.9965698552268282	0.9789983844911146	-0.09185002762177319	3	3	606	619	0.9662737956382418	1.0	0.6962919520091098	0.9794723039554798	1.0	1.0	0.9773772782870173	1.0	1.0	0.9720354616272149	1.0	1.0	0.9662737956382418	1.0	0.8897063831227513
C166	chr3-8733222-8734203	6	3261	3261	0.8423573384650372	0.9799072642967542	-4.371104895787827	2	4	634	647	0.19092109083979703	0.25	0.705616069778081	0.742028376675266	0.98303457106274	1.0	0.7411913833181188	1.0	1.0	0.7445651876463351	0.9830882352941176	1.0	0.5266395818460374	0.6388888888888888	0.967417292997302
C167	chr3-8733222-8734203	6	3298	3298	0.8378963254220746	0.9709923664122139	-4.356440918156166	2	4	636	655	0.1705938065518075	0.1875	0.5709629690288537	0.7483868860608698	0.969381313131313	1.0	0.7483624257530488	0.9642857142857143	1.0	0.7595762950424614	0.9845360824742267	1.0	0.5290643214845815	0.4791666666666667	0.875476552510909
C168	chr3-8733222-8734203	6	635	1166	1.0569055412464252	0.98123031496063	1.6436783011194704	4	2	171	320	0.6687865033521563	0.65625	NA	0.9517563048738724	0.9840545654296874	NA	0.9548102196284958	0.9954721862871928	NA	0.930915159010632	0.9641826923076923	NA	0.9459352890188462	0.9703125	NA
C169	chr3-8733222-8734203	6	485	485	1.032906554535369	0.8692810457516341	1.0617722184659317	3	2	133	153	0.7770858826405995	0.6875	0.1611222709609803	0.9570347169940526	1.0	1.0	0.9531715162333922	1.0	1.0	0.9050207535631373	1.0	1.0	0.8955456982908505	0.9583333333333333	0.9583333333333334
C170	chr3-8733222-8734203	6	567	567	1.0406316028199079	0.8604651162790697	1.2392259120447042	3	2	148	172	0.786221157694421	0.8125	0.11568423859513763	0.975728045500153	1.0	1.0	0.9550045794205247	1.0	1.0	0.9432630649801688	1.0	1.0	0.9558898651614955	1.0	1.0
C171	chr3-8733222-8734203	6	586	586	1.0886713660777796	0.8800000000000001	2.615669899343528	3	2	154	175	0.6470921264077506	0.75	0.1764078744100362	0.9439568095245758	1.0	1.0	0.9233887645262199	1.0	1.0	0.8988359763835967	1.0	1.0	0.8471936976507366	1.0	0.9781371220946312
C172	chr3-8733222-8734203	6	200	1166	1.0478322386696253	1.02025	1.3816020561999252	4	2	56	320	0.7927411684043134	0.8125	NA	0.9428036635717297	0.9925169053301512	NA	0.940291836743151	0.9924107142857144	NA	0.9289175654308213	0.9760220125786163	NA	0.8682403272999624	0.9835526315789473	NA
C173	chr3-8733222-8734203	6	149	149	0.861308303990278	0.6666666666666667	-4.540142125758564	2	3	38	57	0.44848311332874774	0.5	0.010973562899720513	0.8375824465520589	1.0	1.0	0.8404856911962415	1.0	1.0	0.7448719534416592	0.9744897959183674	0.7111981047480354	0.757689307665005	1.0	0.2523919466935718
C174	chr3-8733222-8734203	6	175	175	0.9178106352332518	0.746031746031746	-2.684331797235023	2	3	47	63	0.6827059986207858	0.6875	0.05589722669971112	0.9516663273556479	1.0	1.0	0.9621653222320417	1.0	1.0	0.9462309654911283	1.0	1.0	1.0	1.0	1.0
C175	chr3-8733222-8734203	6	180	180	0.9457585571400455	0.7846153846153846	-1.822691197691197	1	3	51	65	0.8243532413985004	0.875	0.10885696440971612	0.981821578940736	1.0	1.0	0.9966265050530378	1.0	1.0	0.9731884584106861	1.0	1.0	0.959023236861898	1.0	1.0
C176	chr3-8733222-8734203	6	69	1166	1.1868188469342824	1.1089673913043478	5.396136794768268	4	2	21	320	0.5132485148928352	0.5	NA	0.8414233587125688	0.9391437308868501	NA	0.83104053999629	0.9378427787934186	NA	0.8757486002359262	1.0	NA	0.7682782903077712	0.8846153846153847	NA
C177	chr3-8733222-8734203	6	45	45	1.7705749718151074	0.8666666666666666	18.082010582010586	2	3	13	15	0.3935120721041189	0.5	0.7744140625	0.7673719977061194	1.0	1.0	0.7939158301286561	1.0	1.0	0.722445495937478	1.0	1.0	0.7219278482980425	1.0	1.0
C178	chr3-8733222-8734203	6	57	57	1.8688628847621471	0.8888888888888888	18.75	2	2	16	18	0.3758615186635831	0.5	0.8145294189453125	0.7490400543905669	1.0	1.0	0.7331443310814377	1.0	1.0	0.6974578510509405	1.0	1.0	0.7573140465219544	1.0	1.0
C179	chr3-8733222-8734203	6	61	61	1.174520766773163	0.9500000000000001	5.277777777777778	2	2	19	20	0.6379577550763109	0.75	1.0	0.9116650841504658	1.0	1.0	0.9513730475411265	1.0	1.0	0.9295041263726427	1.0	1.0	0.8631193156914795	1.0	1.0
C180	chr3-8733222-8734203	6	200	1601	1.0231362223927896	1.0305287356321842	0.6844047413841485	4	2	56	435	0.879982398877942	0.90625	NA	0.9666388067422579	1.0	NA	0.957322062774989	0.9987244897959183	NA	0.9645757007215885	1.0	NA	0.879982398877942	0.9925595238095238	NA
C181	chr3-8733222-8734203	6	159	159	0.9977641140301846	0.8163265306122449	-0.06349206349206363	2	2	40	49	0.9902394931627065	1.0	0.2806097176983541	1.0	1.0	1.0	1.0	1.0	1.0	1.0	1.0	1.0	1.0	1.0	1.0
C182	chr3-8733222-8734203	6	187	187	0.9980154289924925	0.8793103448275861	-0.059510448399337224	2	2	51	58	0.9828809855094796	1.0	0.45702078541058977	1.0	1.0	1.0	1.0	1.0	1.0	1.0	1.0	1.0	1.0	1.0	1.0
C183	chr3-8733222-8734203	6	192	192	0.9819480226787631	0.8983050847457628	-0.5458019346908243	2	2	53	59	0.8270928007257745	0.875	0.5446122234192592	0.9686912097081961	1.0	1.0	0.9718389624336391	1.0	1.0	0.9859017166058783	1.0	1.0	0.9252623584321147	1.0	1.0
C184	chr3-8733222-8734203	6	452	452	0.8398875257940182	0.7761194029850745	-4.918200763716262	3	3	104	134	0.28731177003936503	0.3125	NA	0.8363733746015726	0.9873328189300411	NA	0.8299802267438744	0.9790076335877863	NA	0.7706919648267848	0.8908582089552239	NA	0.9282224173255351	1.0	NA
C185	chr3-8733222-8734203	6	125	125	0.8029398567075051	0.7777777777777779	-6.820276158511454	2	4	35	45	0.479488495344208	0.5	0.16414940178310644	0.8747803769317506	1.0	1.0	0.897931586696692	1.0	1.0	0.8033535316731907	1.0	1.0	0.7419351338248248	1.0	1.0
C186	chr3-8733222-8734203	6	190	190	0.8875989445910292	0.8064516129032258	-3.593117408906882	3	2	50	62	0.6372809592533438	0.6875	0.1945051658673991	0.9369762904360053	1.0	1.0	0.9545259331298259	1.0	1.0	0.9016345423510271	1.0	1.0	0.8234558987058628	1.0	0.8385416666666667
C187	chr3-8733222-8734203	6	251	251	0.9419950007997135	0.8333333333333333	-1.7474068835454966	3	2	65	78	0.797799733374575	0.8125	0.19276043534155876	0.9741721595202067	1.0	1.0	0.9732689106826553	1.0	1.0	0.9580308179201014	1.0	1.0	0.9174696933807612	1.0	0.8385416666666667
C188	chr3-8733222-8734203	6	600	604	0.8850743116222559	0.7964835164835165	-3.5532428226911015	2	4	144	182	0.5045081590146481	0.59375	NA	0.9287284671309005	1.0	NA	0.9302323174833466	1.0	NA	0.9141312202321445	0.9744897959183674	NA	0.9580210086469377	1.0	NA
C189	chr3-8733222-8734203	6	237	237	0.6895796889249654	0.7325581395348836	-11.807889167682092	2	4	63	86	0.2008117416181629	0.25	0.01918660866014698	0.8440356395110644	1.0	1.0	0.8581424222390127	1.0	1.0	0.7957703568430743	0.9744897959183674	0.917316436767578	0.7487864754896801	1.0	0.3836403323148331
C190	chr3-8733222-8734203	6	324	324	0.7233969947228482	0.7610619469026549	-10.212423801675683	1	4	86	113	0.1559730781806965	0.1875	0.02170295356283634	0.8560559041830046	1.0	1.0	0.8727426740234183	1.0	0.9975391748920084	0.8068506286685818	0.9646464646464645	0.5686975544847805	0.9524975589053553	1.0	0.49916793194523584
C191	chr3-8733222-8734203	6	373	373	0.7601452446272509	0.7377049180327869	-8.09861077577105	2	4	90	122	0.2917816469821302	0.3125	0.008083354723191837	0.8603736567258415	0.9887314874436576	1.0	0.8626414856666659	1.0	0.9917221700881064	0.7790660015948127	0.9182692307692307	0.5538565335872173	0.6961668129941514	1.0	0.18591715863341227
C192	chr3-8733222-8734203	6	1801	3028	1.0353216348615357	1.0370759963057932	1.0211855932158846	3	3	491	796	0.41744442510223967	0.4375	NA	0.8842073505892094	0.9631272401433693	NA	0.901880188591293	0.9827586206896551	NA	0.8387863109571162	0.9082880434782609	NA	0.8905354407336621	0.96875	NA
C193	chr3-8733222-8734203	6	1488	1488	0.9458682328269038	0.9875	-1.6728814909932814	2	4	395	400	0.40746383167157	0.40625	0.8627230538349454	0.8492646442466542	0.9780254777070063	1.0	0.8700879828265021	1.0	1.0	0.8916698383555536	1.0	1.0	0.6452291113116253	0.71875	0.955530402852686
C194	chr3-8733222-8734203	6	1626	1626	0.9380539330009922	0.9732142857142857	-1.9250979517432794	2	4	436	448	0.31361263865970884	0.40625	0.6539534467404389	0.8674382542062512	0.9645100502512562	1.0	0.8926553619479953	0.9986095661846496	1.0	0.936134250471968	1.0	1.0	0.7594547050845287	0.9583333333333334	0.9152731935305416
C195	chr3-8733222-8734203	6	1667	1667	1.004050175348868	0.980477223427332	0.12491836451493932	3	3	452	461	0.9596627187611888	1.0	0.7497698640726823	0.9902052716714651	1.0	1.0	0.9846139494489797	1.0	1.0	0.985460103674124	1.0	1.0	0.9596627187611888	1.0	0.9628411403102597
C196	chr3-8733222-8734203	6	536	1048	1.0000796387340216	0.9221445961680957	0.002235468982779663	2	4	133	282	0.9996054615903296	1.0	NA	1.0	1.0	NA	1.0	1.0	NA	0.9996054615903296	1.0	NA	0.9996054615903296	1.0	NA
C197	chr3-8733222-8734203	6	435	435	0.9782070502634128	0.8296296296296296	-0.6931316863477154	2	3	112	135	0.8546124341716969	0.875	0.08262582271649302	0.9763819885942265	1.0	1.0	0.9637827509372626	1.0	1.0	0.9601822054517299	1.0	1.0	0.9492141944593221	1.0	1.0
C198	chr3-8733222-8734203	6	490	490	1.05800490995545	0.8299319727891157	1.6730002367882395	2	3	122	147	0.7713443193023735	0.875	0.07254166975912647	0.9725161299935818	1.0	1.0	0.9551481230805857	1.0	1.0	0.9629200325931591	1.0	1.0	0.9542515509578567	1.0	0.8509144475460133
C199	chr3-8733222-8734203	6	506	506	1.067819140596728	0.8211920529801324	1.904922396882518	2	3	124	151	0.7628075742569489	0.875	0.055638679233657576	0.963599523546698	1.0	1.0	0.9627527247715157	1.0	1.0	0.9585279387044556	1.0	1.0	0.8772287103954912	1.0	0.8161772635332832
C200	chr3-8733222-8734203	6	159	1048	0.9616441995844195	0.9349212721352426	-1.076651998455456	2	4	40	282	0.8746225917417281	0.90625	NA	0.9756960642051896	1.0	NA	0.9771887632742294	1.0	NA	0.9841678382008331	1.0	NA	0.8746225917417281	0.90625	NA
C201	chr3-8733222-8734203	6	135	135	0.8497838410292436	0.673469387755102	-4.696806816372033	2	3	33	49	0.4333478079167569	0.4375	0.022628841205914796	0.8481082496321607	1.0	1.0	0.8716667370602985	1.0	1.0	0.7593525808449594	0.9845360824742267	1.0	0.7666922755450315	1.0	0.5204633477360403
C202	chr3-8733222-8734203	6	146	146	0.9323726099651504	0.72	-1.9553376906318083	2	3	36	50	0.8033507207602183	0.8125	0.05946337525377034	0.9893742276713007	1.0	1.0	1.0	1.0	1.0	0.972021602989327	1.0	1.0	0.9238533288742511	1.0	1.0
C203	chr3-8733222-8734203	6	150	150	1.0721753860478682	0.78	2.0024120759414883	3	3	39	50	0.8305707702770387	0.875	0.16077960181198847	0.9948060980970304	1.0	1.0	1.0	1.0	1.0	0.9755848687796587	1.0	1.0	1.0	1.0	1.0
C204	chr3-8733222-8734203	6	53	1048	1.321431085406234	0.9816673357420046	9.022609793530796	3	3	14	282	0.5679662444556604	0.625	NA	0.8345570989106856	0.9772785132382893	NA	0.8278145857657848	0.9745440729483282	NA	0.8739585398456308	1.0	NA	0.8708815748320126	1.0	NA
C205	chr3-8733222-8734203	6	41	41	1.8542713567839197	0.923076923076923	18.51851851851852	2	2	12	13	0.3821393468396079	0.5	1.0	0.7655250711966314	1.0	1.0	0.7880052290151989	1.0	1.0	0.6575550923095955	1.0	1.0	0.713096325668003	1.0	1.0
C206	chr3-8733222-8734203	6	48	48	2.194891277988845	1.0	20.582010582010582	3	2	13	13	0.32664857830436295	0.4375	1.0	0.7396822567310716	1.0	1.0	0.7511207902084995	1.0	1.0	0.7148376848454622	1.0	1.0	0.596714411137844	1.0	1.0
C207	chr3-8733222-8734203	6	50	50	2.360725201444846	1.076923076923077	22.31601731601732	3	2	14	13	0.28535680640037686	0.375	1.0	0.7521516137224921	1.0	1.0	0.7597123391184962	1.0	1.0	0.7089952800117344	1.0	1.0	0.6937337658137076	1.0	1.0
C208	chr3-8733222-8734203	6	159	1425	0.9484783171620189	0.9559748427672956	-1.4662949872533193	2	4	40	375	0.8086453252858625	0.8125	NA	0.9569748724288569	0.9984743897559023	NA	0.9625243392242391	1.0	NA	0.9913383522327379	1.0	NA	0.8549518862409726	0.8494318181818181	NA
C209	chr3-8733222-8734203	6	140	140	1.0373731272925473	0.8333333333333334	0.9948083317648534	2	3	35	42	0.8237729600431639	0.875	0.3916029105474905	0.9870400739597989	1.0	1.0	0.9826426001007337	1.0	1.0	0.9650001952523153	1.0	1.0	1.0	1.0	1.0
C210	chr3-8733222-8734203	6	155	155	0.9957805907172997	0.8478260869565217	-0.10893246187363842	2	3	39	46	0.9763255349304575	1.0	0.4010619910279374	1.0	1.0	1.0	1.0	1.0	1.0	1.0	1.0	1.0	1.0	1.0	1.0
C211	chr3-8733222-8734203	6	159	159	1.0884239918717433	0.8695652173913043	2.192960090018914	3	3	40	46	0.6240112833020387	0.65625	0.48845566937989204	0.9125422147716956	1.0	1.0	0.9415229068645466	1.0	1.0	0.9459218659578523	1.0	1.0	0.8442505597615818	1.0	1.0
C212	chr3-8733222-8734203	6	399	399	0.857604726609285	0.773109243697479	-4.335945986458727	3	3	92	119	0.40876992843866483	0.4375	NA	0.8846590343167587	0.9938511326860842	NA	0.8444863629745886	0.9642857142857143	NA	0.8161647946075966	0.9182692307692307	NA	0.7273434977212156	1.0	NA
C213	chr3-8733222-8734203	6	123	123	0.8346312414109025	0.7777777777777778	-5.968915343915345	2	4	35	45	0.46351650115404697	0.46875	0.18392482137699062	0.844831064620262	1.0	1.0	0.8584258667582169	1.0	1.0	0.8431585878135521	1.0	1.0	0.7843603201019401	1.0	1.0
C214	chr3-8733222-8734203	6	190	190	0.8340055515512139	0.761904761904762	-5.53306342780027	2	2	48	63	0.5156283083978795	0.75	0.08643723427347082	0.896398438338975	1.0	1.0	0.890436680094995	1.0	1.0	0.8890150903247083	1.0	1.0	0.8471036495108021	1.0	0.9181688096788194
C215	chr3-8733222-8734203	6	241	241	0.7866444057279532	0.7142857142857143	-6.900074184925111	3	3	55	77	0.3971314822525106	0.46875	0.026301665131122268	0.8568779354961433	1.0	1.0	0.868002092309012	1.0	1.0	0.8612935300799749	1.0	0.8956522842703706	0.7698777319692205	1.0	0.359375
C216	chr3-8733222-8734203	6	528	530	0.9080374702086264	0.7952085792994884	-2.683194890663458	2	4	122	154	0.6060982755455927	0.59375	NA	0.930930864563336	1.0	NA	0.9237638360825603	1.0	NA	0.9453746919272935	0.9865702479338844	NA	0.7744589076415906	0.853515625	NA
C217	chr3-8733222-8734203	6	239	239	0.7730615626853492	0.7469879518072289	-8.32483789415701	2	4	62	83	0.19653284881975022	0.21875	0.03751423180190034	0.8336628125190246	1.0	1.0	0.8613300169205478	1.0	1.0	0.7420775299006986	0.8842592592592592	1.0	0.7594547050845287	1.0	0.8628273314437078
C218	chr3-8733222-8734203	6	304	304	0.7173727863024165	0.71	-9.809988984128152	2	4	71	100	0.17458748853724065	0.1875	0.008735108684333146	0.8499075254593816	1.0	1.0	0.8629928786206541	1.0	1.0	0.8517194268115936	0.9646464646464645	0.5898180091986234	0.75962522356369	1.0	0.20090749973966235
C219	chr3-8733222-8734203	6	357	357	0.8103269094634035	0.7232142857142857	-6.1271323908031095	2	4	81	112	0.3890334553858923	0.40625	0.00903049068721997	0.886163164846586	1.0	1.0	0.9125096041679045	1.0	1.0	0.8300653688174907	0.9646464646464645	0.9837237330651154	0.7990587094002238	1.0	0.20770128580605932
C220	chr3-8733222-8734203	6	1584	2839	1.0042085968575765	1.0273531237792288	0.12066884214357217	4	2	415	724	0.9329997965973456	0.78125	NA	0.9922783675785286	1.0	NA	0.9868637023802851	0.9983532934131736	NA	0.9836385621117062	1.0	NA	0.9636770368264999	1.0	NA
C221	chr3-8733222-8734203	6	1394	1394	0.9061792415415854	0.9702702702702701	-2.8898702715452766	2	3	359	370	0.32897558731291354	0.3125	0.6531388247954583	0.856255107092943	1.0	1.0	0.8729853137886242	1.0	1.0	0.8970626235989384	1.0	1.0	0.6676691502581655	0.8846153846153847	0.9606321627001982
C222	chr3-8733222-8734203	6	1486	1486	0.8909216644006593	0.9621212121212122	-3.3688699480547597	2	3	381	396	0.28718626824934534	0.3125	0.5457872623460123	0.8863913638443981	1.0	1.0	0.9120546414010302	1.0	1.0	0.9466180340140399	1.0	1.0	0.7759154542649461	1.0	1.0
C223	chr3-8733222-8734203	6	1501	1501	0.9548644200652419	0.9774436090225566	-1.378100114361409	2	2	390	399	0.5720281937871599	0.625	0.7318723414408046	0.9097596807173732	1.0	1.0	0.9203364694724615	1.0	1.0	0.8909149166988417	1.0	1.0	0.9856565698913926	1.0	1.0
C224	chr3-8733222-8734203	6	2744	2044	0.9537912099970038	1.004247248637675	-1.0348237252416541	2	4	515	382	0.47224260518761907	0.5	NA	0.6831561153355309	0.8739328400682982	NA	0.6872637062730457	0.8564273789649415	NA	0.6833207393245094	0.8162393162393162	NA	0.6479806711146514	0.71875	NA
C225	chr3-8733222-8734203	5	1630	1630	0.9223127845603107	0.9316770186335404	-1.7826107822196144	1	4	300	322	0.29995802604755245	0.3125	0.344752243326888	0.8627203667550452	1.0	1.0	0.8469898337455773	1.0	1.0	0.7758142350525463	0.9744897959183674	1.0	0.7192816891610967	0.9583333333333333	0.7592392772359737
C226	chr3-8733222-8734203	6	1780	1780	0.8822554755985209	0.8892128279883381	-2.109932224913581	1	4	305	343	0.15090721255377418	0.1875	0.09923391396041993	0.7317599185391006	1.0	1.0	0.736931554294732	1.0	1.0	0.7162580500594186	0.9362745098039216	1.0	0.5359878054812357	0.5390625	0.7147857370038182
C227	chr3-8733222-8734203	6	1832	1832	0.918485732475311	0.9002849002849004	-2.116003159176312	1	4	316	351	0.11500686973976308	0.1875	0.13324121266819192	0.7391297428668865	1.0	1.0	0.7469670012412291	1.0	1.0	0.7431732269734537	0.9362745098039216	1.0	0.6566382411702859	0.71875	0.8300934507434911
C228	chr3-8733222-8734203	6	1446	2044	1.0118857176653846	1.0583157727039025	0.2661749556927606	3	2	286	382	0.8537779230919345	0.8125	NA	0.9132539191275969	1.0	NA	0.9258011772808632	1.0	NA	0.9303622419696634	0.9821993670886077	NA	0.9184050568507762	0.8898809523809524	NA
C229	chr3-8733222-8734203	5	1006	1006	0.8780906214991634	0.9183673469387756	-2.832377736272957	1	4	180	196	0.17862861585427994	0.1875	0.3734493964788416	0.8369473003134045	0.9842948717948717	1.0	0.8499414637012228	1.0	1.0	0.8542891407292429	1.0	1.0	0.6478298816705272	0.8214285714285714	0.8625
C230	chr3-8733222-8734203	5	1129	1129	0.8719357425748997	0.9541284403669725	-2.839145901598291	2	3	208	218	0.30127264928489156	0.3125	0.6149524312082372	0.8899235913552134	1.0	1.0	0.9055185819313805	1.0	1.0	0.8821704172667353	1.0	1.0	0.6903909629077699	0.8984375	0.9020679086170762
C231	chr3-8733222-8734203	6	1188	1188	0.9189844788496876	0.9471365638766521	-2.116316587003958	2	3	215	227	0.26465393466141396	0.3125	0.5411916872729623	0.7524720281462803	1.0	1.0	0.7777171837308656	1.0	1.0	0.8066219096056317	1.0	1.0	0.6288317359516051	0.8625	1.0
C232	chr3-8733222-8734203	6	743	2044	0.933815095363733	1.0370297294821476	-1.4821792469792983	2	4	144	382	0.5444023569149794	0.53125	NA	0.747032903523638	0.9120578141499471	NA	0.7560318277906386	0.9117298578199052	NA	0.6826938121420024	0.8201335877862596	NA	0.6812496164761125	0.8385416666666666	NA
C233	chr3-8733222-8734203	5	531	531	0.9120011469421309	0.9494949494949494	-1.7243223288170801	2	3	94	99	0.4502744368053607	0.4375	0.7449138782509724	0.8337737280313992	1.0	1.0	0.8254305978841429	1.0	1.0	0.8017545243707431	0.9646464646464645	1.0	0.8297054877909541	0.9583333333333334	1.0
C234	chr3-8733222-8734203	5	612	612	0.8713698069672706	0.9083333333333333	-2.630934293596905	2	3	109	120	0.2612229580525366	0.25	0.4670792638740865	0.8698044007339152	1.0	1.0	0.8767210059965526	1.0	1.0	0.8050802515841945	1.0	1.0	0.7512939537779763	0.9583333333333334	0.8415364583333333
C235	chr3-8733222-8734203	5	655	655	0.9033445793134993	0.9302325581395349	-1.9520389059201744	2	3	120	129	0.2849251866648006	0.3125	0.5648284358631904	0.9061182623036407	1.0	1.0	0.9084052232801547	1.0	1.0	0.9092900533458722	1.0	1.0	0.6137627815495473	0.8214285714285714	0.8138827201512543
C236	chr3-8733222-8734203	6	1446	3342	1.1292795396620567	1.0818398516818222	2.5941888245067766	4	2	286	611	0.36349746331687866	0.40625	NA	0.7386560368908336	0.960287679799875	NA	0.7600422746636923	0.9771428571428571	NA	0.677608085652591	0.8451327433628318	NA	0.69478662918485	0.90625	NA
C237	chr3-8733222-8734203	5	1225	1225	0.871216517076235	0.9297520661157025	-2.9535707540429805	1	4	225	242	0.1666136672587837	0.1875	0.3971327573019479	0.8751863055027103	1.0	1.0	0.8419206205603653	0.9865384615384616	1.0	0.8138173071627722	1.0	1.0	0.6056336961830076	0.71875	0.9134053417944802
C238	chr3-8733222-8734203	6	1328	1328	0.9446649277305684	0.9805447470817121	-0.9786273063546513	3	2	252	257	0.2827432009634944	0.5	0.8355219091557854	0.727108030096583	0.9990240728692258	1.0	0.7059270840616029	0.957089552238806	1.0	0.7139036965297973	1.0	1.0	0.6101587555605562	0.8624999999999999	1.0
C239	chr3-8733222-8734203	6	1379	1379	0.9737646462097037	0.9924812030075189	-0.5572305749126218	3	2	264	266	0.4831347106321754	0.625	0.9594150392163514	0.7428298233921571	1.0	1.0	0.7338860040523488	1.0	1.0	0.7275532527389179	1.0	1.0	0.6545356887922527	0.8455882352941178	1.0
C240	chr3-8733222-8734203	6	1199	1199	0.6946584201986027	0.7748091603053434	-8.592091213711239	0	6	203	262	0.050899796728007776	0.03125	NA	0.6917098684516778	0.6231737012987013	NA	0.7009461197562029	0.6380597014925373	NA	0.643506720451347	0.45913461538461536	NA	0.3877379306697673	0.359375	NA
C241	chr3-8733222-8734203	5	577	577	0.8133153416054018	0.853448275862069	-4.243532257790164	1	4	99	116	0.12786925098928903	0.125	0.22902156233365906	0.8470809364430673	1.0	1.0	0.8547044931658198	1.0	1.0	0.8762420015830141	1.0	1.0	0.40108144265586715	0.4107142857142857	0.7840909090909091
C242	chr3-8733222-8734203	6	738	738	0.8339642088000397	0.8979591836734694	-3.096869476043201	1	4	132	147	0.12978670547094723	0.1875	0.34415251140915015	0.7119974217074969	1.0	1.0	0.7144211183364725	1.0	1.0	0.737445262180478	1.0	1.0	0.5196500629984206	0.5227272727272727	0.7915507762410454
C243	chr3-8733222-8734203	6	848	848	0.8679322946266839	0.8982035928143712	-2.4603567157762445	1	4	150	167	0.24511539573328245	0.25	0.314457128263418	0.7186904970266669	1.0	1.0	0.7237763073540061	1.0	1.0	0.7525661130644327	1.0	1.0	0.5769511445532659	0.8214285714285714	1.0
C244	chr3-8733222-8734203	6	1597	1599	0.7376368387500456	0.82004410109446	-6.616163397370118	0	6	267	326	0.07144722260661031	0.03125	NA	0.6933869033397388	0.6112659235668789	NA	0.6871527411049762	0.6021126760563381	NA	0.6231240150813899	0.4421296296296296	NA	0.45154449273353703	0.4791666666666667	NA
C245	chr3-8733222-8734203	5	1007	1007	0.9230702940810396	0.978494623655914	-1.7288594459753928	1	4	182	186	0.46356333363170454	0.4375	0.8606766223836347	0.8712102408498978	1.0	1.0	0.8591824906091328	1.0	1.0	0.8806641495522708	1.0	1.0	0.592330926307178	0.71875	1.0
C246	chr3-8733222-8734203	6	1175	1175	0.8816387474450934	0.9459459459459459	-2.168269736350357	1	4	210	222	0.31717861416050236	0.3125	0.5448916292850753	0.726433854173799	1.0	1.0	0.7306770802540703	1.0	1.0	0.731489169463188	1.0	1.0	0.5478199199854816	0.798611111111111	1.0
C247	chr3-8733222-8734203	6	1247	1247	0.9207209239182044	0.9399141630901288	-1.4276581685417589	1	2	219	233	0.4448160327795422	0.75	0.4769355844341231	0.7154266521672087	0.9957846952010375	1.0	0.7133646757029135	0.9852752880921896	1.0	0.7329728529412832	0.9947916666666666	1.0	0.6018099267017336	0.9583333333333333	1.0
C248	chr3-8733222-8734203	6	4788	2544	1.0055791154662168	1.1006963135320982	0.11999034818101263	4	2	897	433	0.9556040223040855	0.96875	NA	0.971098594472484	1.0	NA	0.9650095737047163	1.0	NA	0.9556040223040855	1.0	NA	0.9556040223040855	1.0	NA
C249	chr3-8733222-8734203	5	2263	2263	1.079761280150447	1.028497409326425	1.4665309589064603	3	2	397	386	0.37835386950917993	0.5	0.6924368429183194	0.8203882525669371	0.9743020304568528	1.0	0.7848155541178362	0.9500000000000001	1.0	0.7459037546403823	0.9362745098039216	1.0	0.7940054595174535	0.9583333333333334	1.0
C250	chr3-8733222-8734203	6	2380	2380	0.682609626000248	1.047029702970297	-7.597833848775755	2	3	423	404	0.4138894300677596	0.8125	0.4818857696051664	0.6826145774052794	1.0	1.0	0.6812006516967192	1.0	1.0	0.6766468897842832	1.0	1.0	0.7878479924125267	1.0	1.0
C251	chr3-8733222-8734203	6	2409	2409	0.747377305270234	1.0464547677261613	-5.393361922706697	3	3	428	409	0.3896485004698869	0.5625	0.4791891497559344	0.679648427671365	0.9988074588031223	1.0	0.6786638309318062	0.9954721862871928	1.0	0.6508538042609141	0.9424342105263158	1.0	0.8019290995774289	1.0	1.0
C252	chr3-8733222-8734203	6	2339	1945	0.8467278392269237	0.9261015833683379	-3.296769362636639	2	4	382	343	0.12916315756279853	0.125	NA	0.6851145087378206	0.8308982683982683	NA	0.6954707840452061	0.847466960352423	NA	0.6845917871337404	0.8232758620689655	NA	0.5951180428578945	0.3194444444444444	NA
C253	chr3-8733222-8734203	5	1545	1545	0.8850582764154704	0.9137931034482758	-2.497100274600501	1	4	265	290	0.1828792557059214	0.25	0.2605078371405623	0.8463390493091928	1.0	1.0	0.8398162968549615	1.0	1.0	0.8113862257053504	1.0	1.0	0.7010371468726987	0.8214285714285714	0.8230513334274292
C254	chr3-8733222-8734203	6	1685	1685	0.8971312791699095	0.8925081433224756	-1.7531772555232374	1	4	274	307	0.20222268832095466	0.25	0.139425639558273	0.7225106362979622	1.0	1.0	0.7074104807353409	0.9827586206896551	1.0	0.7087499301489629	0.9009433962264151	1.0	0.6092967625534375	0.6388888888888888	0.5716691378236638
C255	chr3-8733222-8734203	6	1731	1731	0.9033037481925774	0.8881789137380192	-2.4310405154053343	1	4	278	313	0.12995961988168972	0.1875	0.12021263940561891	0.726889170384814	1.0	1.0	0.7190838331779347	1.0	1.0	0.780793863898647	0.9947916666666667	0.972943999098889	0.692312559301706	0.71875	0.6912226765823087
C256	chr3-8733222-8734203	6	1154	1945	0.8739563028459298	0.9434543810096457	-2.711105506930274	2	4	192	343	0.19583253602294062	0.21875	NA	0.720887611378826	0.9632998745294855	NA	0.7316891317172418	0.9808795411089866	NA	0.7478109938938777	0.9342391304347826	NA	0.6720781138692861	0.62890625	NA
C257	chr3-8733222-8734203	5	928	928	0.8319932576604404	0.9047619047619048	-3.6084798901574713	1	4	152	168	0.1531285340656272	0.125	0.348521255466871	0.8540853184583825	1.0	1.0	0.8598738533287181	1.0	1.0	0.8367554071398728	1.0	1.0	0.6327651729265081	0.71875	0.9124062950214007
C258	chr3-8733222-8734203	5	1031	1031	0.8117074710376436	0.9130434782608695	-3.8895175875796486	2	3	168	184	0.24606374669119954	0.25	0.3700563944724199	0.8817164060160627	1.0	1.0	0.8751092272010405	1.0	1.0	0.8567149012166241	1.0	1.0	0.6882356793635067	0.9078947368421053	0.9733072916666667
C259	chr3-8733222-8734203	6	1065	1065	0.8928215908369824	0.9206349206349206	-2.6949711366801155	2	3	174	189	0.25117357974329496	0.25	0.40366488978299764	0.7448489437449738	1.0	1.0	0.7611567901674916	1.0	1.0	0.8034803474243534	1.0	1.0	0.555646301735194	0.7666666666666666	0.9596024825153179
C260	chr3-8733222-8734203	6	550	1945	0.7700167153961687	0.8866684336072091	-4.946768172225307	2	4	86	343	0.12661709664685603	0.1875	NA	0.7505791767552933	0.9443419434194341	NA	0.7463888156871232	0.9606741573033707	NA	0.6716488303311057	0.8526785714285715	NA	0.606108858460035	0.6388888888888888	NA
C261	chr3-8733222-8734203	5	472	472	0.9444391849700463	0.9736842105263158	-0.9583245842957268	1	3	74	76	0.6684612087188123	0.625	0.928492164124851	0.8890620926701917	1.0	1.0	0.8883953369760382	1.0	1.0	0.8928397962607914	1.0	1.0	0.8541448778073713	1.0	1.0
C262	chr3-8733222-8734203	5	529	529	0.8939523676407597	0.9120879120879121	-1.9378968968744037	1	3	83	91	0.3487652812614283	0.375	0.5598211377107976	0.8647494431641434	1.0	1.0	0.8689695431351717	1.0	1.0	0.7839503956739813	0.955	1.0	0.7630860963126755	1.0	0.9197061548105959
C263	chr3-8733222-8734203	5	543	543	0.9002301102948069	0.9042553191489361	-1.763746350685768	1	4	85	94	0.35371250023320744	0.3125	0.512356476909519	0.881658502127606	1.0	1.0	0.8759953632384685	1.0	1.0	0.8027442866386043	0.9182692307692307	1.0	0.7136059243563982	0.798611111111111	0.9016462053571428
C264	chr3-8733222-8734203	6	1154	3130	0.9917128478401691	0.977040459646031	-0.15708487750845657	4	2	192	533	0.9539315330897298	0.96875	NA	0.9696787802858357	1.0	NA	0.965220663658839	1.0	NA	0.9640260466673989	1.0	NA	0.9996846010976981	1.0	NA
C265	chr3-8733222-8734203	5	1068	1068	0.8258629341661096	0.9052631578947369	-3.632871183764927	0	4	172	190	0.19635340821220895	0.125	0.31647193433067433	0.8625901287716489	0.9868251928020566	1.0	0.8553041807049843	0.9808795411089866	1.0	0.7735611670220788	0.9271844660194175	1.0	0.7296126459360889	0.71875	1.0
C266	chr3-8733222-8734203	6	1135	1135	0.8852899060001373	0.9543147208121827	-1.8667314828178554	0	3	188	197	0.23507252593292496	0.25	0.6436869744705723	0.7130351679775572	0.9938511326860842	1.0	0.7092577741297557	0.9967616580310882	1.0	0.6838692381245379	0.9845360824742267	1.0	0.6250481758947868	0.9399038461538463	1.0
C267	chr3-8733222-8734203	6	1149	1149	0.9220377792877177	0.9595959595959597	-1.6532876841525657	1	3	190	198	0.24143072772617838	0.375	0.6861754232113881	0.7165000774623834	1.0	1.0	0.7274644607646931	1.0	1.0	0.7345323988764083	0.9646464646464645	1.0	0.6757192821091663	0.9399038461538463	1.0
C268	chr3-8733222-8734203	6	1073	1073	0.8789321355095493	0.8832487309644671	-2.7134399594581335	1	4	174	197	0.07300165247529586	0.125	NA	0.7102705433928533	0.9261158021712907	NA	0.7096300464282185	0.8521594684385382	NA	0.6995853945253926	0.955	NA	0.596714411137844	0.5750000000000001	NA
C269	chr3-8733222-8734203	5	544	544	0.81406103587054	0.9574468085106382	-3.846632000478154	1	4	90	94	0.33540805271752444	0.3125	0.8102758772916917	0.8703184252312756	1.0	1.0	0.8620254439238292	1.0	1.0	0.838941396120517	1.0	1.0	0.5934142471156202	0.798611111111111	1.0
C270	chr3-8733222-8734203	6	680	680	0.8784680058053984	0.9913793103448276	-1.9413026933462691	2	3	115	116	0.35725117747169716	0.4375	1.0	0.736196508571398	1.0	1.0	0.7391557626897287	1.0	1.0	0.7378329701548186	1.0	1.0	0.6859380306256001	1.0	1.0
C271	chr3-8733222-8734203	6	783	783	0.8792030880355535	0.9629629629629629	-1.9615603799014418	1	3	130	135	0.2941910954551121	0.375	0.7915970183423262	0.7283269546814947	1.0	1.0	0.7538649641292875	1.0	1.0	0.8101014098343245	1.0	1.0	0.6440711828583114	1.0	1.0
C272	chr3-8733222-8734203	6	1429	1431	0.9154710422302458	0.9143213557671829	-1.7538643444015776	1	4	231	253	0.14894939450223163	0.1875	NA	0.7122942080686409	0.9478395061728396	NA	0.7044061000379757	0.9128113879003559	NA	0.710211614640238	0.8526785714285715	NA	0.642615519686909	0.71875	NA
C273	chr3-8733222-8734203	5	921	921	1.0347067800911307	1.0328947368421053	0.6840427810374294	3	2	157	152	0.7003059628649861	0.75	0.8015050364897324	0.8958809270490178	1.0	1.0	0.873794716630273	1.0	1.0	0.8799897296527129	1.0	1.0	0.8311439183441479	1.0	0.9608501955291532
C274	chr3-8733222-8734203	6	1081	1081	0.9769048484428359	1.0112359550561796	-0.37283998949410707	2	2	180	178	0.7820212866381958	0.75	0.9528613199332714	0.8895526615745337	1.0	1.0	0.8968873226558048	1.0	1.0	0.910768693584728	1.0	1.0	0.8175677087581138	0.9583333333333333	0.9961731981120564
C275	chr3-8733222-8734203	6	1154	1154	0.9418319634354853	1.0052083333333333	-0.9509303297004066	2	3	193	192	0.4861240491368826	0.4375	1.0	0.7564080725322219	1.0	1.0	0.7661788534685318	1.0	1.0	0.7582843915898986	1.0	1.0	0.588337949391059	0.9241071428571428	1.0
C276	chr3-8733222-8734203	6	4284	2461	0.9058513704966881	1.0207984337525862	-2.0107797872496738	3	3	725	408	0.46441871821835623	0.4375	NA	0.6770319458310251	0.9538583655438984	NA	0.6759847467959021	0.9586794019933554	NA	0.6491382837057029	0.9362745098039216	NA	0.7484872497932941	0.98828125	NA
C277	chr3-8733222-8734203	5	2190	2190	1.019883532218612	1.0273972602739727	0.3704583129678171	2	3	375	365	0.8204019429595415	0.9375	0.7146961639314512	0.9248150268097544	1.0	1.0	0.9012124127157276	1.0	1.0	0.8954101206015567	1.0	1.0	0.8576929403667933	1.0	1.0
C278	chr3-8733222-8734203	6	2300	2300	0.6662737122214846	1.0395778364116095	-7.926541369944778	2	4	394	379	0.3931493082550155	0.65625	0.5718002290572518	0.6955006943012004	1.0	1.0	0.7141767990940308	0.9941860465116279	1.0	0.6774586389511731	0.9362745098039216	1.0	0.755263470126349	1.0	1.0
C279	chr3-8733222-8734203	6	2328	2328	0.717087234982203	1.0182291666666665	-5.991735593619895	2	4	391	384	0.33926018824716064	0.40625	0.8079272430189915	0.6846199778503916	0.99772579597141	1.0	0.6982011724472085	0.9922630560928434	1.0	0.6333497056389301	0.9362745098039216	1.0	0.6864051783626103	0.9583333333333334	1.0
C280	chr3-8733222-8734203	6	877	926	1.1888328839511564	1.1093341801019008	4.921332250972354	4	2	249	237	0.2418786723370517	0.21875	NA	0.9075789374577402	1.0	NA	0.9025382918343736	0.9852752880921896	NA	0.8448674392491582	0.955	NA	0.7149329088669353	0.8727678571428571	NA
C281	chr3-8733222-8734203	6	607	607	1.1118077559329897	1.079268292682927	3.212674639433081	4	1	177	164	0.20636400275039907	0.1875	0.43575910980737403	0.857261985185468	1.0	1.0	0.8197495311160472	0.9606741573033707	1.0	0.7001953895171814	0.8377192982456141	1.0	0.4053656460780846	0.5227272727272727	0.7709584250438156
C282	chr3-8733222-8734203	6	730	730	1.1326564684783618	1.0454545454545454	3.677494482810965	4	1	207	198	0.3420068122352854	0.375	0.6332695825448595	0.8589984951684733	0.98303457106274	1.0	0.8552509357002397	0.9961165048543689	1.0	0.8506562344614438	1.0	1.0	0.6414961463943142	0.8625	0.9710133599021179
C283	chr3-8733222-8734203	6	756	756	1.2292679681228262	1.0837438423645318	6.316195382638698	5	1	220	203	0.24996374687422715	0.1875	0.33812832392737047	0.8562598202296482	0.970606826801517	1.0	0.8426665499835312	0.9606741573033707	1.0	0.8692092494961913	1.0	1.0	0.5805582899335586	0.71875	0.7282515787500747
C284	chr3-8733222-8734203	6	408	926	1.1762731253525642	1.1300157193679161	4.5940018423997335	4	2	118	237	0.3358276160994639	0.375	NA	0.9211598899721728	1.0	NA	0.8842544442350336	0.9715909090909092	NA	0.8157387530051581	0.9301948051948052	NA	0.7835946027693699	0.8625	NA
C285	chr3-8733222-8734203	6	307	307	1.427117144788102	1.1794871794871795	10.03504798794654	4	1	92	78	0.14965310029146384	0.125	0.23520336797252533	0.8420080112827423	1.0	1.0	0.80808141575204	1.0	1.0	0.7256532491475073	0.9182692307692307	1.0	0.6589756826470912	0.71875	1.0
C286	chr3-8733222-8734203	6	360	360	1.2366932669446435	1.129032258064516	5.916023585160266	4	1	105	93	0.2257672821479773	0.1875	0.34201470886630897	0.8527835192281766	0.9944948186528498	1.0	0.8354510672185974	1.0	1.0	0.6794888172319541	0.8377192982456141	1.0	0.6820093422386245	0.8214285714285714	0.976019310951233
C287	chr3-8733222-8734203	6	372	372	1.2536395459311722	1.1443298969072166	6.655159504424211	4	2	111	97	0.2488474482274898	0.1875	0.27184203624171277	0.8577816146668293	1.0	1.0	0.8531975247472567	1.0	1.0	0.7467483352422891	0.9182692307692307	1.0	0.5221251097456135	0.6388888888888888	0.7815458541949243
C288	chr3-8733222-8734203	6	177	926	1.184040073586523	1.1478700326587046	4.796422798091438	3	3	52	237	0.34321500808878336	0.375	NA	0.9485525859281607	1.0	NA	0.9440489217388055	1.0	NA	0.9097965571345734	0.9947916666666666	NA	0.7461119944665707	0.9399038461538463	NA
C289	chr3-8733222-8734203	6	130	130	1.2972587040134709	1.0	7.873661459868357	4	2	39	39	0.41158842550452923	0.34375	1.0	0.8510980391594919	1.0	1.0	0.8536801563544396	1.0	1.0	0.7670992723007232	1.0	1.0	0.6502636699714943	1.0	1.0
C290	chr3-8733222-8734203	6	149	149	1.017122715889064	0.8979591836734694	0.5478395061728397	2	2	44	49	0.9292400504504352	1.0	0.5966417603730826	1.0	1.0	1.0	1.0	1.0	1.0	1.0	1.0	1.0	1.0	1.0	1.0
C291	chr3-8733222-8734203	6	155	155	1.067022919293233	0.9400000000000001	2.0809316749250004	2	2	47	50	0.7733393961904176	0.75	0.8013064925040663	0.9833576729629506	1.0	1.0	1.0	1.0	1.0	0.9670891839845157	1.0	1.0	0.9985002892145006	1.0	1.0
C292	chr3-8733222-8734203	6	408	1395	1.103881102652294	1.096347506393862	2.884878234745039	3	3	118	368	0.4703727902978655	0.5625	NA	0.9281131605600116	0.9975961538461539	NA	0.9409025709505278	0.9993506493506493	NA	0.8627318497994942	0.9474206349206349	NA	0.7691077249434723	0.8624999999999999	NA
C293	chr3-8733222-8734203	6	333	333	1.249169613666646	1.053763440860215	6.538837354587566	4	2	98	93	0.4010417828573702	0.53125	0.7345393172729973	0.8603144072178894	1.0	1.0	0.8322289831583196	1.0	1.0	0.7622336591673464	1.0	1.0	0.8682859043333334	1.0	1.0
C294	chr3-8733222-8734203	6	371	371	1.0823774524382699	1.0093457943925235	2.3538801509302005	3	3	108	107	0.6456937441829809	0.75	0.9999999999999991	0.9414731396087082	1.0	1.0	0.9274363132292591	1.0	1.0	0.8872482384097075	1.0	1.0	0.9720899901485114	1.0	1.0
C295	chr3-8733222-8734203	6	385	385	1.1037407626537417	1.036697247706422	2.986218754363915	3	3	113	109	0.5579604884499866	0.78125	0.8090726851888611	0.9595946673033487	1.0	1.0	0.9456219336817115	1.0	1.0	0.9350973695808898	1.0	1.0	0.9418988657146089	1.0	1.0
C296	chr3-8733222-8734203	6	454	454	1.1453655274494057	1.059322033898305	3.8875353906506547	4	2	125	118	0.43067562844992957	0.4375	NA	0.8216487008625958	0.9455049261083743	NA	0.8324518689944619	0.9642857142857143	NA	0.8359865708432103	0.9455445544554456	NA	0.5826787914322576	0.763671875	NA
C297	chr3-8733222-8734203	6	176	176	1.634256007578986	1.319148936170213	16.65824265824266	6	0	62	47	0.05384573997322948	0.03125	0.11001559898513334	0.8478281037633613	1.0	1.0	0.8318328611785706	1.0	1.0	0.8618936262631761	1.0	1.0	0.740682354899204	0.71875	0.9082641601562499
C298	chr3-8733222-8734203	6	257	257	1.1664915621102312	1.0540540540540542	5.195998709137573	4	1	78	74	0.2126224577930863	0.1875	0.7825558614117515	0.8559503941119326	1.0	1.0	0.8668772517197109	1.0	1.0	0.7924937762229807	0.9744897959183674	1.0	0.596714411137844	0.8214285714285714	1.0
C299	chr3-8733222-8734203	6	318	318	1.147552226561577	1.0681818181818181	4.316967278208697	5	1	94	88	0.18684917711526589	0.15625	0.6561782216034291	0.8930635981014774	1.0	1.0	0.9156520296602155	1.0	1.0	0.8499217669288982	1.0	1.0	0.4829706015668936	0.71875	1.0
C300	chr3-8733222-8734203	6	601	602	1.0076797335613972	0.9705563191781813	0.21545834006797132	4	2	156	161	0.950816267873958	0.96875	NA	0.9911136819873944	1.0	NA	1.0	1.0	NA	1.0	1.0	NA	0.950816267873958	1.0	NA
C301	chr3-8733222-8734203	6	312	312	1.4897169157868162	1.0786516853932586	12.1984649122807	3	1	96	89	0.2174560953784403	0.375	0.6030463891288803	0.84258684998558	1.0	1.0	0.8269307476860879	1.0	1.0	0.798014001496969	1.0	1.0	0.7057573822953793	0.9241071428571428	1.0
C302	chr3-8733222-8734203	6	404	404	1.1259285575624682	1.0	3.5792329596420216	3	2	118	118	0.45303917153551576	0.6875	1.0	0.8786092843234188	1.0	1.0	0.855850683438958	1.0	1.0	0.8519622729549969	1.0	1.0	0.6946600630211242	1.0	1.0
C303	chr3-8733222-8734203	6	458	458	1.0076473355867177	0.9767441860465116	0.2225826816259315	4	2	126	129	0.9519406676510234	0.9375	0.8798851146775631	1.0	1.0	1.0	1.0	1.0	1.0	0.997490270783672	1.0	1.0	0.9578450892614365	1.0	1.0
C304	chr3-8733222-8734203	6	1803	1309	1.3873420280920155	1.1644948188662458	8.182715570671654	5	1	486	303	0.16876252804294226	0.0625	NA	0.6579933485125262	0.48346977329974816	NA	0.6874974477349901	0.513	NA	0.7720864644876496	0.6631944444444444	NA	0.4789938711149637	0.359375	NA
C305	chr3-8733222-8734203	6	994	994	1.3131265851134202	1.0541666666666667	7.324633923588435	4	2	253	240	0.35338842311907653	0.4375	0.504387924756745	0.8034782035899037	1.0	1.0	0.8072597105867797	1.0	1.0	0.835638063055633	1.0	0.9600972118853734	0.6657200696914498	0.943359375	1.0
C306	chr3-8733222-8734203	6	1140	1140	1.116007844904902	1.0223880597014925	2.682056542140593	4	2	274	268	0.6710636283613431	0.5625	0.796028868566036	0.845166975410855	1.0	1.0	0.8590640026937503	1.0	1.0	0.8465813880217481	0.9947916666666666	1.0	0.853539473314409	0.9583333333333333	1.0
C307	chr3-8733222-8734203	6	1180	1180	0.946304203387233	0.9855595667870036	-1.2380942418710452	3	2	273	277	0.8169592629682247	0.8125	0.8795881792616486	0.9218341887982464	1.0	1.0	0.9292685186312623	1.0	1.0	0.9125100539586604	1.0	1.0	0.848183381136818	1.0	1.0
C308	chr3-8733222-8734203	6	752	843	1.124298330609005	1.0738653310797375	3.2205616729222584	4	2	205	214	0.4289111984742428	0.5	NA	0.8993826454896409	1.0	NA	0.884810920578173	0.9916237113402062	NA	0.8335196992956309	0.9424342105263158	NA	0.9613590288954437	0.98828125	NA
C309	chr3-8733222-8734203	6	557	557	1.0789714056714557	1.034013605442177	2.2158819877619322	5	1	152	147	0.5123121165741413	0.5	0.7870072092190423	0.8716451241186437	1.0	1.0	0.8695407690944205	1.0	1.0	0.8182900353632027	0.9182692307692307	1.0	0.7364486675753282	0.8214285714285714	1.0
C310	chr3-8733222-8734203	6	662	662	1.1317977094565321	1.0393258426966292	3.6473111082656486	4	1	185	178	0.43954751181252366	0.5	0.7114763589543259	0.87120742132631	1.0	1.0	0.8741148423755609	1.0	1.0	0.8455306861078619	1.0	1.0	0.6913215818724847	0.8455882352941178	1.0
C311	chr3-8733222-8734203	6	680	680	1.093736345533458	1.010989010989011	2.585852031178927	4	2	184	182	0.5675363675667895	0.59375	0.9501808900638606	0.882483131543094	1.0	1.0	0.8743127824677568	1.0	1.0	0.9120173198338397	1.0	1.0	0.7326845506482295	0.8784722222222222	1.0
C312	chr3-8733222-8734203	6	338	843	1.0946044886720938	1.09553171487032	2.451196156947261	4	2	94	214	0.6073722377353334	0.59375	NA	0.9401412006477868	1.0	NA	0.9111285918854789	0.9865384615384615	NA	0.8951716837168232	1.0	NA	0.9087910269994494	0.9583333333333334	NA
C313	chr3-8733222-8734203	6	282	282	1.4053045243802174	1.1714285714285713	9.389665782758794	5	1	82	70	0.19749692364402754	0.1875	0.294233708444292	0.8342863449143275	1.0	1.0	0.790900341742702	1.0	1.0	0.7244929149252342	0.8842592592592592	1.0	0.7168994621167721	1.0	1.0
C314	chr3-8733222-8734203	6	318	318	1.2236505412490202	1.1375	5.56361963850833	4	2	91	80	0.3298604708934327	0.3125	0.3711606948508093	0.8498303378869349	1.0	1.0	0.8367583130859881	1.0	1.0	0.767440995193056	0.9095238095238096	1.0	0.8354001755929816	1.0	1.0
C315	chr3-8733222-8734203	6	325	325	1.1152096637671727	1.0833333333333335	3.041722204683901	3	2	91	84	0.5000998438768096	0.625	0.5946154859354928	0.883141606716918	1.0	1.0	0.857273943798622	1.0	1.0	0.8370046931222684	1.0	1.0	0.7257335483129969	1.0	1.0
C316	chr3-8733222-8734203	6	136	843	1.017676359160486	1.0137781748213301	0.45799331777143887	3	3	35	214	0.9104265128565283	0.90625	NA	0.9978796768541521	1.0	NA	0.9918830847643473	1.0	NA	0.9554193573413309	1.0	NA	0.9518095361681886	1.0	NA
C317	chr3-8733222-8734203	6	116	116	1.2076637824474659	0.9411764705882354	5.490196078431373	3	3	32	34	0.5812983042497835	0.625	0.880395821280672	0.9015360769108729	1.0	1.0	0.9213424709138325	1.0	1.0	0.9207475404526687	1.0	1.0	0.8356163123590638	1.0	1.0
C318	chr3-8733222-8734203	6	127	127	0.9012650295695764	0.825	-3.078144078144078	1	3	33	40	0.5295893295959582	0.625	0.3916029105474905	0.9354309316636055	1.0	1.0	0.9222279294082255	1.0	1.0	0.86721323286458	1.0	1.0	0.7612846612941899	1.0	0.9006866942592282
C319	chr3-8733222-8734203	6	130	130	0.9285391782621188	0.85	-2.125763125763125	1	3	34	40	0.706018875761965	0.75	0.48845566937989204	0.987118560080829	1.0	1.0	0.9906470333965209	1.0	1.0	0.9988859649669282	1.0	1.0	0.8792954933071117	1.0	1.0
C320	chr3-8733222-8734203	6	338	1257	1.0383599138876736	1.0756304050978607	1.047739359263461	3	3	94	325	0.7824955892887844	0.78125	NA	0.9749532551104734	1.0	NA	0.973408055594256	1.0	NA	0.9642365003494052	1.0	NA	0.9556161123917185	0.9982638888888888	NA
C321	chr3-8733222-8734203	6	303	303	1.230303992770935	1.0476190476190477	6.011793073823876	4	2	88	84	0.4617443326885946	0.5625	0.7910074494028783	0.8643024800768172	1.0	1.0	0.8174159876728789	1.0	1.0	0.7939819019563004	1.0	1.0	0.8871745487806431	1.0	1.0
C322	chr3-8733222-8734203	6	325	325	1.0538148208906777	1.0	1.5376161622741655	3	3	92	92	0.8018530683954437	0.78125	1.0	0.976476486011563	1.0	1.0	0.9630994975891276	1.0	1.0	0.977937651706344	1.0	1.0	0.972603984232819	1.0	1.0
C323	chr3-8733222-8734203	6	331	331	1.0137970065891277	0.9893617021276595	0.4020451665058003	3	3	93	94	0.9439366272443666	0.9375	0.9999999999999993	1.0	1.0	1.0	1.0	1.0	1.0	1.0	1.0	1.0	0.9868428375736559	1.0	1.0
C324	chr3-8733222-8734203	6	401	401	0.9597156663616718	0.9433962264150944	-1.1015367418582036	4	2	100	106	0.8252025913803692	0.84375	NA	0.9720740921093648	1.0	NA	0.9794057673373812	1.0	NA	1.0	1.0	NA	0.9489829800874247	1.0	NA
C325	chr3-8733222-8734203	6	171	171	1.2547514541779035	1.0888888888888888	6.504360465116278	2	1	49	45	0.3479218231264549	0.5	0.7122308826373509	0.7944735350074466	1.0	1.0	0.7928960038468077	1.0	1.0	0.7846138476727288	1.0	1.0	0.596714411137844	0.9583333333333334	1.0
C326	chr3-8733222-8734203	6	238	238	1.0631961237313579	1.0153846153846156	1.946936966877146	3	1	66	65	0.5855595076833147	0.625	0.9999999999999991	0.9078303475762876	1.0	1.0	0.931496850211017	1.0	1.0	0.8526735728662787	1.0	1.0	0.7088351935113809	0.9583333333333334	1.0
C327	chr3-8733222-8734203	6	296	296	1.0714046314186856	1.037037037037037	2.0928679506648518	4	1	84	81	0.5820651700866376	0.625	0.852155526629713	0.9224335739075327	1.0	1.0	0.9296866784602333	1.0	1.0	0.8965681248915144	1.0	1.0	0.8367186819995416	1.0	1.0
C328	chr3-8733222-8734203	6	532	535	1.092515492775954	0.9697234156820626	2.42682331790449	4	2	135	140	0.655794972807799	0.625	NA	0.9147359645000569	1.0	NA	0.9176500237777621	1.0	NA	0.9382394481368269	1.0	NA	0.8489730590095161	1.0	NA
C329	chr3-8733222-8734203	6	314	314	1.5018404005678003	1.0952380952380951	12.088834638714241	4	2	92	84	0.2553150719152001	0.28125	0.5330527502675584	0.8289273726809498	1.0	1.0	0.8276953308702877	1.0	1.0	0.7152014053709523	0.955	1.0	0.7743452434140167	0.9583333333333333	1.0
C330	chr3-8733222-8734203	6	393	393	1.1315307344492418	1.0091743119266057	3.6117232535740977	3	2	110	109	0.4899671447753574	0.625	0.9999999999999993	0.8734960357250497	1.0	1.0	0.8935232794163251	1.0	1.0	0.8325825709527342	1.0	1.0	0.7809920393909037	1.0	1.0
C331	chr3-8733222-8734203	6	441	441	1.1891176988257777	1.050420168067227	5.186886240759132	5	1	125	119	0.3407254285351147	0.40625	0.7079478517624375	0.8741524394474004	1.0	1.0	0.883478347099238	1.0	1.0	0.8510004590885413	1.0	1.0	0.6492501293621669	0.8846153846153847	1.0
C332	chr3-8733222-8734203	6	1595	1243	1.343248362131114	1.1703621307625758	7.189512666944335	5	1	419	279	0.18532699553303572	0.09375	NA	0.7492986013390419	0.6517402376910016	NA	0.7716213702380313	0.6821808510638299	NA	0.7602884316191807	0.7958333333333334	NA	0.6089315567514031	0.43125	NA
C333	chr3-8733222-8734203	6	942	942	1.2585475234252215	1.0225225225225225	6.110959546907908	2	2	227	222	0.4509721923307817	0.75	0.817109214229002	0.8143649985986894	1.0	1.0	0.789027005211319	1.0	1.0	0.8362688226716437	1.0	1.0	0.674113598399719	1.0	1.0
C334	chr3-8733222-8734203	6	1077	1077	1.0501755370743342	0.9676113360323887	1.1647339103946304	2	3	239	247	0.8636692287849178	0.875	0.7075401313542936	0.9382081720024851	1.0	1.0	0.9387342726392394	1.0	1.0	0.9349563519377068	1.0	1.0	0.9567510413103726	1.0	1.0
C335	chr3-8733222-8734203	6	1114	1114	0.894669642639014	0.9527559055118111	-2.4327339327339326	3	3	242	254	0.6846479178503118	0.6875	0.5520322544378884	0.8602920440745938	1.0	1.0	0.8604603543976252	1.0	1.0	0.8382548224962151	0.9879310344827587	1.0	0.8610675382932955	1.0	1.0
C336	chr3-8733222-8734203	6	460	284	1.8769200963312396	1.370608695652174	14.56081959589883	5	1	111	50	0.10969964932069595	0.0625	NA	0.7624096200031656	0.8511640798226163	NA	0.7284804226001244	0.8665540540540541	NA	0.689819075984427	0.8232758620689655	NA	0.9273434730675039	1.0	NA
C337	chr3-8733222-8734203	5	151	151	1.2902327653413521	1.6956521739130435	6.531328320802003	3	1	39	23	0.28419894827401615	0.375	0.01658900337497471	0.7301523942788515	1.0	1.0	0.7074228049291093	1.0	1.0	0.6982894317574431	1.0	1.0	0.5990745267824086	0.8846153846153847	0.3815470776244183
C338	chr3-8733222-8734203	5	210	210	1.2391934978047252	1.4705882352941175	5.112414467253176	3	1	50	34	0.16519770034537776	0.25	0.06401750413722565	0.7792562016860409	1.0	1.0	0.7534663677825375	1.0	1.0	0.7443201895380623	1.0	1.0	0.5615514608952094	0.8214285714285714	0.6522495229058368
C339	chr3-8733222-8734203	5	239	239	1.2303383128295255	1.4000000000000001	4.496381667113375	3	0	56	40	0.12515171010160103	0.25	0.08050685743008208	0.8038280961241309	1.0	1.0	0.7740735619416543	1.0	1.0	0.7840013715997659	1.0	1.0	0.6726728290215976	1.0	0.8385416666666667
C340	chr3-8733222-8734203	6	280	284	1.7933344629573178	1.278	13.172921960232278	4	2	63	50	0.17295681487069836	0.125	NA	0.7337918175176246	0.7802337398373983	NA	0.6995374817517338	0.8015625000000001	NA	0.627427884265187	0.7958333333333334	NA	0.7838155502079994	0.9583333333333334	NA
C341	chr3-8733222-8734203	5	94	94	1.1034704917036409	1.125	2.36740369906828	3	1	18	16	0.762106648885477	0.75	0.8450189828872681	0.9168449669039613	1.0	1.0	0.924265956816491	1.0	1.0	0.9327987417449028	1.0	1.0	1.0	1.0	1.0
C342	chr3-8733222-8734203	5	132	132	0.7792992676884546	1.2999999999999998	-4.264709750387964	3	2	26	20	0.6629184618098202	0.6875	0.4050322461407632	0.8737436035270205	1.0	1.0	0.873112120432446	1.0	1.0	0.8854365468928368	1.0	1.0	0.8968896836250508	1.0	1.0
C343	chr3-8733222-8734203	5	156	156	1.3493193131159666	1.3599999999999999	5.989990401755108	4	1	34	25	0.27437095167121195	0.3125	0.23269319190831084	0.7949802100386325	1.0	1.0	0.7795406759010306	1.0	1.0	0.7640533843035537	1.0	1.0	0.9555246916557061	1.0	1.0
C344	chr3-8733222-8734203	6	169	284	1.813537601097852	1.3779881656804733	13.508384964177647	4	1	41	50	0.15524558389431384	0.1875	NA	0.7546518060158536	0.9584893882646691	NA	0.7253446587256593	0.9846449136276392	NA	0.705334332412932	0.955	NA	0.8377361195953477	1.0	NA
C345	chr3-8733222-8734203	5	54	54	1.2698042266303644	1.1	6.83415435139573	2	2	11	10	0.4263111247366026	0.5	1.0	0.7815592700949668	1.0	1.0	0.8148879267897521	1.0	1.0	0.7829367771604913	1.0	1.0	0.6128222418088662	1.0	1.0
C346	chr3-8733222-8734203	5	80	80	0.8589076723016904	1.25	-2.6184012066365003	3	1	15	12	0.7538025503203394	1.0	0.6776394844055176	0.9440977292144218	1.0	1.0	0.9454785044360247	1.0	1.0	0.9706752673695335	1.0	1.0	0.9124978240719898	1.0	1.0
C347	chr3-8733222-8734203	5	98	98	1.3842076968035204	1.5	6.192516801329004	4	0	21	14	0.03659602896140601	0.125	0.26493089646101	0.7886331507606327	1.0	1.0	0.7967006913799669	1.0	1.0	0.7847811490473765	1.0	1.0	0.6794257739281097	1.0	1.0
C348	chr3-8733222-8734203	6	280	464	1.4815222916624986	1.0653061224489795	9.678215754102713	4	2	63	98	0.3242399095694481	0.34375	NA	0.7429681175509558	0.8784324942791761	NA	0.7136407185343031	0.8646067415730337	NA	0.6309965845876031	0.8232758620689655	NA	0.828613102233034	1.0	NA
C349	chr3-8733222-8734203	5	133	133	0.8277840499650679	0.7741935483870968	-5.465286404416839	0	3	24	31	0.2566685954266733	0.25	0.3603776529357674	0.7670672808042307	1.0	1.0	0.7609741202251817	1.0	1.0	0.7439071308678257	1.0	1.0	0.5374826390563348	0.8214285714285714	1.0
C350	chr3-8733222-8734203	5	171	171	0.8888346949558996	0.9473684210526315	-2.922008547008547	2	2	36	38	0.5946623032724281	0.875	0.8956832138895906	0.8494633879614717	1.0	1.0	0.8632082386995045	1.0	1.0	0.8843661576641118	1.0	1.0	0.9118155316843897	1.0	1.0
C351	chr3-8733222-8734203	5	200	200	1.1630313334952633	1.0	3.7665544332211005	3	1	45	45	0.6414941208794203	0.625	1.0	0.9092474420824653	1.0	1.0	0.8989414837771375	1.0	1.0	0.9586362118489451	1.0	1.0	0.9895730891629514	1.0	1.0
C352	chr3-8733222-8734203	6	188	188	0.5383218534752662	0.8636363636363635	-18.25361457714399	2	4	38	44	0.3252817518697699	0.3125	NA	0.747724378099843	1.0	NA	0.7037088659045025	1.0	NA	0.6676434432734007	0.9947916666666667	NA	0.6782086611964775	0.9583333333333333	NA
C353	chr3-8733222-8734203	5	65	65	0.4561506768687463	0.5384615384615384	-9.08108108108108	0	2	7	13	0.30904751649287066	0.5	0.210113525390625	0.724905219386036	1.0	1.0	0.7420162309939274	1.0	1.0	0.7558091215077696	1.0	1.0	0.6615170942231813	1.0	1.0
C354	chr3-8733222-8734203	5	98	98	0.8210804347167986	0.9444444444444444	-2.7158423177883595	2	2	17	18	0.6620908070779552	0.875	1.0	0.8787724582900341	1.0	1.0	0.8811524045082112	1.0	1.0	0.9119883019555197	1.0	1.0	1.0	1.0	1.0
C355	chr3-8733222-8734203	5	126	126	1.3968139029688629	1.04	7.248677248677248	3	2	26	25	0.5690391383931714	0.75	0.9999999999999996	0.8611654806909361	1.0	1.0	0.8683135040645094	1.0	1.0	0.8703198770935905	1.0	1.0	1.0	1.0	1.0
C356	chr3-8733222-8734203	6	250	250	0.6860904764956572	0.8813559322033898	-9.651901382053747	2	4	52	59	0.3079562249040427	0.3125	NA	0.7594606004228834	0.9990240728692258	NA	0.7550602747767967	1.0	NA	0.7003438357276701	1.0	NA	0.6433948607761991	1.0	NA
C357	chr3-8733222-8734203	5	100	100	0.7521549407794329	0.625	-6.906259359089548	1	3	15	24	0.39967005382898174	0.5	0.0931396484375	0.7614061633429299	1.0	1.0	0.7361965443959341	1.0	1.0	0.7581185933182033	1.0	1.0	0.6021008310896917	1.0	1.0
C358	chr3-8733222-8734203	5	149	149	0.9388343912290826	0.9333333333333335	-1.3207423437602468	2	2	28	30	0.7848582529169384	0.75	0.880395821280672	0.9238404349206278	1.0	1.0	0.9396319340639193	1.0	1.0	0.9520029892726972	1.0	1.0	1.0	1.0	1.0
C359	chr3-8733222-8734203	5	179	179	1.414726746916479	1.111111111111111	8.445887445887445	3	1	40	36	0.3740962865697669	0.5	0.6988834276200058	0.8139116977980596	1.0	1.0	0.8061762974563386	1.0	1.0	0.7713911033879538	1.0	1.0	0.7767303737700176	1.0	1.0
C360	chr3-8733222-8734203	5	740	289	0.861182555200024	0.9056012534273404	-3.9860012035111962	1	4	160	69	0.29775102998720065	0.3125	NA	0.7816900967473299	0.8462852733686067	NA	0.7699676262099313	0.8415354330708661	NA	0.7743676976072508	0.8777573529411765	NA	0.4891624064075439	0.5528846153846154	NA
C361	chr3-8733222-8734203	5	200	200	1.0004994260151248	0.9433962264150942	0.015240599222801077	1	3	50	53	0.9976062959336074	1.0	0.8175538505509841	1.0	1.0	1.0	1.0	1.0	1.0	1.0	1.0	1.0	1.0	1.0	1.0
C362	chr3-8733222-8734203	5	247	247	0.7959280393576855	0.8225806451612904	-6.536020813860283	1	4	51	62	0.12111087308154755	0.1875	0.28909608069606096	0.7924550618073125	1.0	1.0	0.7632388593402305	1.0	1.0	0.7720598837138216	0.9947916666666667	1.0	0.7166435187417798	1.0	1.0
C363	chr3-8733222-8734203	5	261	261	0.7887573244838655	0.8333333333333333	-6.386156815883812	0	5	55	66	0.054015354251884716	0.0625	0.2836071084054854	0.8179121353649706	1.0	1.0	0.7948736687972772	1.0	1.0	0.7517377322453817	1.0	1.0	0.7230953113748491	1.0	1.0
C364	chr3-8733222-8734203	6	390	270	2.322299620635982	1.434065934065934	21.2106971975393	6	0	87	42	0.24007293560828252	0.03125	NA	0.7866190669446118	1.0	NA	0.7448682522826366	0.9734345351043642	NA	0.716567252743353	0.8925233644859814	NA	0.7228252928856539	0.71875	NA
C365	chr3-8733222-8734203	5	143	143	1.3744147342727173	1.9473684210526316	7.994787964937218	3	1	37	19	0.17385661809938882	0.25	0.0050976432976312935	0.7459181666286725	1.0	1.0	0.7012631946263693	1.0	1.0	0.7127182867398295	1.0	0.973649869847577	0.6142658732072397	1.0	0.11724579584551975
C366	chr3-8733222-8734203	5	201	201	1.3022114478684779	1.6551724137931032	6.1276495272438485	3	1	48	29	0.14885797085636582	0.25	0.0204147137996349	0.7859740986226874	1.0	1.0	0.768872073209352	1.0	1.0	0.7847811490473765	1.0	1.0	0.6056533241499986	0.9583333333333333	0.36771201968563483
C367	chr3-8733222-8734203	5	228	228	1.2688641323073389	1.5294117647058822	5.1906873614190685	3	0	52	34	0.11123047332605661	0.25	0.038460053348927506	0.7989865057395196	1.0	1.0	0.7564633492941157	1.0	1.0	0.8206141563918886	1.0	1.0	0.7200671764781043	1.0	0.44229061351266635
C368	chr3-8733222-8734203	6	218	270	2.1868978553468192	1.2680209698558322	19.0387493282815	4	2	43	42	0.29953896694917836	0.21875	NA	0.7995282411074025	1.0	NA	0.7492094587219641	1.0	NA	0.6736425241137396	0.868181818181818	NA	0.596714411137844	0.8846153846153847	NA
C369	chr3-8733222-8734203	5	86	86	1.2120343839541547	1.4166666666666665	4.4848484848484835	3	1	17	12	0.5526643093835373	0.625	0.4048728942871094	0.8222376324253541	1.0	1.0	0.8425461833989736	1.0	1.0	0.844471064738045	1.0	1.0	0.8610411292239286	1.0	1.0
C370	chr3-8733222-8734203	5	124	124	0.8086537786137409	1.5	-3.4375449112291214	3	2	24	16	0.7415290032593057	0.8125	0.22948101302608848	0.908000065811294	1.0	1.0	0.9174607051325303	1.0	1.0	0.9317897343587329	1.0	1.0	0.8976403723665279	1.0	1.0
C371	chr3-8733222-8734203	5	144	144	1.5719537815126052	1.6111111111111112	8.642857142857144	4	1	29	18	0.20738565793660557	0.25	0.11727520595741225	0.779867299640755	1.0	1.0	0.7522007674977658	1.0	1.0	0.7558102461684735	1.0	1.0	1.0	1.0	1.0
C372	chr3-8733222-8734203	6	124	270	2.295089537376485	1.4516129032258065	20.774226652036585	4	2	28	42	0.25747280071275774	0.15625	NA	0.8104619418105246	1.0	NA	0.7694705596258153	1.0	NA	0.7401894444465233	1.0	NA	0.6812959029033767	0.9583333333333334	NA
C373	chr3-8733222-8734203	5	50	50	1.3433734939759037	1.375	8.76923076923077	3	1	11	8	0.30614370782695893	0.375	0.6072387695312499	0.7480455162915186	1.0	1.0	0.7734322407739124	1.0	1.0	0.7762509191664267	1.0	1.0	0.6142658732072397	1.0	1.0
C374	chr3-8733222-8734203	5	74	74	0.947005571030641	1.5555555555555556	-0.8992083185631567	3	2	14	9	0.9252315120899354	1.0	0.38331031799316406	1.0	1.0	1.0	1.0	1.0	1.0	1.0	1.0	1.0	1.0	1.0	1.0
C375	chr3-8733222-8734203	5	89	89	1.4373346163098386	1.6363636363636365	7.15587044534413	3	0	18	11	0.085988609511949	0.25	0.2295229434967041	0.77427502866317	1.0	1.0	0.7813083328388197	1.0	1.0	0.7618758192363886	1.0	1.0	0.7166435187417798	1.0	1.0
C376	chr3-8733222-8734203	6	218	442	1.845076356026859	1.0137614678899083	16.06701417319818	4	2	43	86	0.38894498807116	0.59375	NA	0.8013282338285385	1.0	NA	0.7663530673619712	1.0	NA	0.7140737738831664	1.0	NA	0.6389810518311914	0.9583333333333333	NA
C377	chr3-8733222-8734203	5	120	120	0.8594223389214302	0.8399999999999999	-3.8095238095238093	0	1	21	25	0.373900966300059	1.0	0.6358280026288412	0.7689006744567145	1.0	1.0	0.7237835023551498	1.0	1.0	0.723139371252802	1.0	1.0	0.7166435187417798	1.0	1.0
C378	chr3-8733222-8734203	5	156	156	0.8635499977906412	0.9375000000000001	-3.0726368159203976	2	2	30	32	0.5709497666909227	0.625	0.8898839652765371	0.845870577225783	1.0	1.0	0.8542211527964213	1.0	1.0	0.8560720068991549	1.0	1.0	0.8902478414031529	1.0	1.0
C379	chr3-8733222-8734203	5	181	181	1.3002306469864395	1.027777777777778	5.888066941547417	3	1	37	36	0.5433312492856022	0.625	1.0	0.8781948771347812	1.0	1.0	0.8923216587809577	1.0	1.0	0.8919927771434887	1.0	1.0	0.9263566372271038	1.0	1.0
C380	chr3-8733222-8734203	6	168	168	0.5766131196582477	1.064516129032258	-14.944228154739832	2	3	33	31	0.4262350425735329	0.75	NA	0.781599054216885	1.0	NA	0.799344258069191	1.0	NA	0.7538760857589787	1.0	NA	0.6535603986127504	1.0	NA
C381	chr3-8733222-8734203	5	59	59	0.5351043643263758	0.7000000000000001	-7.777777777777778	1	1	7	10	0.5102492390442804	1.0	0.6072387695312499	0.7880871686877671	1.0	1.0	0.8321971518763644	1.0	1.0	0.87849127029976	1.0	1.0	0.7364384217388044	1.0	1.0
C382	chr3-8733222-8734203	5	93	93	1.0338300065598351	1.25	0.3846973572037504	3	1	15	12	0.95382245887715	1.0	0.6776394844055176	1.0	1.0	1.0	1.0	1.0	1.0	1.0	1.0	1.0	1.0	1.0	1.0
C383	chr3-8733222-8734203	5	115	115	2.0960069185207306	1.6428571428571428	12.042589554279463	4	1	23	14	0.16411699405616675	0.25	0.16275565745308995	0.7990604505967162	1.0	1.0	0.7701805927355638	1.0	1.0	0.8333376917827796	1.0	1.0	0.8901491402367355	1.0	1.0
C384	chr3-8733222-8734203	6	220	221	0.579114131159838	0.9811839323467231	-14.676343767486259	2	3	42	43	0.4406506246602083	0.6875	NA	0.7768954982176538	1.0	NA	0.7824048605712883	1.0	NA	0.7737462581142092	1.0	NA	0.6671203321492093	1.0	NA
C385	chr3-8733222-8734203	5	90	90	0.8313980263157894	0.7368421052631579	-4.470172684458399	1	2	14	19	0.5652452728580393	0.75	0.38331031799316406	0.8366543127861185	1.0	1.0	0.8557215642336655	1.0	1.0	0.8434519305928554	1.0	1.0	0.8783091736522721	1.0	1.0
C386	chr3-8733222-8734203	5	138	138	1.064865615667755	1.0952380952380951	1.1446078431372548	3	1	23	21	0.7853685510564075	0.75	0.860050065908581	0.9277063360077585	1.0	1.0	0.9326568432122943	1.0	1.0	0.909123595465296	1.0	1.0	1.0	1.0	1.0
C387	chr3-8733222-8734203	5	162	162	1.4952427827704542	1.32	8.505642820711314	4	1	33	25	0.24642550941193192	0.3125	0.31232680747326935	0.8076155564390589	1.0	1.0	0.7733391195880082	1.0	1.0	0.7554357139477551	1.0	1.0	0.9540301709897359	1.0	1.0
C388	chr3-8733222-8734203	5	657	283	0.7911420371736058	0.8229173765873827	-5.950685404296121	1	4	128	67	0.1992231702064044	0.1875	NA	0.8584022477850439	0.969381313131313	NA	0.8514318436828995	0.9752851711026616	NA	0.8256393675604218	0.9845360824742267	NA	0.6841432256262324	0.9583333333333334	NA
C389	chr3-8733222-8734203	5	195	195	0.9918345439737729	0.9230769230769231	-0.24916506168974453	1	3	48	52	0.9613220487604339	1.0	0.7275470834894697	1.0	1.0	1.0	1.0	1.0	1.0	1.0	1.0	1.0	1.0	1.0	1.0
C390	chr3-8733222-8734203	5	241	241	0.7798554898501968	0.7999999999999999	-7.004860842259217	0	4	48	60	0.07161076881212246	0.125	0.2407931245390016	0.7888817633130976	1.0	1.0	0.7528985567651492	1.0	1.0	0.713391017654202	0.9947916666666667	1.0	0.7817929295364869	1.0	1.0
C391	chr3-8733222-8734203	5	255	255	0.7693055509752524	0.796875	-6.923058938151789	0	5	51	64	0.03422306958199203	0.0625	0.1979791406725175	0.8240042849801691	1.0	1.0	0.7752847482761138	1.0	1.0	0.7517377322453817	1.0	1.0	0.7650950877172852	1.0	1.0
C392	chr3-8733222-8734203	5	116	89	1.294350291870928	1.242200328407225	7.425263591980233	5	0	34	21	0.10453393232585036	0.0625	NA	0.8853121569063077	1.0	NA	0.8948637642963916	1.0	NA	0.8424233178717908	1.0	NA	0.669640318490424	0.71875	NA
C393	chr3-8733222-8734203	4	20	20	0.9777777777777777	0.6666666666666667	-0.5681818181818177	1	1	4	6	0.9608989080632726	1.0	0.6875	1.0	1.0	1.0	1.0	1.0	1.0	1.0	1.0	1.0	1.0	1.0	1.0
C394	chr3-8733222-8734203	5	45	45	2.0031645569620258	1.2727272727272727	22.414141414141415	3	1	14	11	0.3242740662905532	0.375	0.629058837890625	0.7465863897968017	1.0	1.0	0.7581470186242303	1.0	1.0	0.7135056504942523	1.0	1.0	0.7699544641908617	1.0	1.0
C395	chr3-8733222-8734203	5	60	60	1.7790441176470586	1.2	17.54865424430642	2	2	18	15	0.44951275537270186	0.75	0.7011080384254456	0.8508991497842854	1.0	1.0	0.8437636260900758	1.0	1.0	0.8037134350413959	1.0	1.0	0.7623977469742388	1.0	1.0
C396	chr3-8733222-8734203	5	53	89	1.240219827527299	1.2794249775381852	6.05977160094807	4	1	16	21	0.07092285216102813	0.125	NA	0.8467919376898829	1.0	NA	0.8093299397127859	1.0	NA	0.7439071308678257	1.0	NA	0.7166435187417798	0.9583333333333334	NA
C397	chr3-8733222-8734203	4	8	8	1.1	1.5	5.0	1	0	3	2	0.39100221895577053	1.0	1.0	0.8091427320843473	1.0	1.0	0.7991399933239454	1.0	1.0	0.8297935980061353	1.0	1.0	0.8175500941802475	1.0	1.0
C398	chr3-8733222-8734203	5	18	18	1.4605263157894735	1.5999999999999999	17.5	2	1	8	5	0.5205216562712277	0.75	0.453125	0.8759937280176199	1.0	1.0	0.9280184037466427	1.0	1.0	0.8978414394307084	1.0	1.0	0.9604588460162923	1.0	1.0
C399	chr3-8733222-8734203	5	29	29	1.2656250000000002	1.1111111111111112	9.444444444444441	2	2	10	9	0.745515215832948	0.75	1.0	1.0	1.0	1.0	1.0	1.0	1.0	1.0	1.0	1.0	0.9526027757865446	1.0	1.0
C400	chr3-8733222-8734203	4	28	64	0.8209089046008812	0.9795918367346939	-4.393539467068878	2	2	6	14	0.7548285875894797	0.75	NA	0.9986567946040162	1.0	NA	0.9954423275922958	1.0	NA	0.9547831803284147	1.0	NA	1.0	1.0	NA
C401	chr3-8733222-8734203	2	4	4	1.0	1.0	0.0	0	0	1	1	1.0	1.0	1.0	1.0	1.0	1.0	1.0	1.0	1.0	1.0	1.0	1.0	1.0	1.0	1.0
C402	chr3-8733222-8734203	3	8	8	1.0	1.0	0.0	0	0	1	1	1.0	1.0	1.0	1.0	1.0	1.0	1.0	1.0	1.0	1.0	1.0	1.0	1.0	1.0	1.0
C403	chr3-8733222-8734203	4	15	15	0.6000000000000001	1.0	-8.333333333333332	1	1	3	3	0.6041813035905922	1.0	1.0	0.9678877325647933	1.0	1.0	1.0	1.0	1.0	0.9306341047242186	1.0	1.0	0.8685106239114763	1.0	1.0
C404	chr3-8733222-8734203	5	53	152	1.0695384569592883	1.1765844218674406	2.034111332922877	3	2	16	39	0.6010851140631424	0.625	NA	0.9500921625670433	1.0	NA	0.9186210080321368	1.0	NA	0.9042702973232459	1.0	NA	0.8174363171616669	1.0	NA
C405	chr3-8733222-8734203	4	10	10	0.9090909090909091	0.7499999999999999	-4.166666666666666	0	1	3	4	0.39100221895577053	1.0	1.0	0.7533047769216884	1.0	1.0	0.7820044379115411	1.0	1.0	0.7944832321335337	1.0	1.0	0.8175500941802475	1.0	1.0
C406	chr3-8733222-8734203	5	28	28	0.9219409282700424	1.0	-4.111111111111112	3	2	12	12	0.8443628688656366	0.8125	1.0	1.0	1.0	1.0	1.0	1.0	1.0	1.0	1.0	1.0	1.0	1.0	1.0
C407	chr3-8733222-8734203	5	35	35	0.9162330905306971	1.0	-4.128205128205127	3	2	13	13	0.8404361602471648	0.75	1.0	1.0	1.0	1.0	1.0	1.0	1.0	1.0	1.0	1.0	1.0	1.0	1.0
C408	chr3-8733222-8734203	6	55	55	1.0011706555671178	0.8823529411764706	0.03246753246753202	2	2	15	17	0.9962722128212664	1.0	NA	1.0	1.0	NA	1.0	1.0	NA	1.0	1.0	NA	1.0	1.0	NA
C409	chr3-8733222-8734203	3	3	3	1.0	1.0	0.0	0	0	2	2	1.0	1.0	1.0	1.0	1.0	1.0	1.0	1.0	1.0	1.0	1.0	1.0	1.0	1.0	1.0
C410	chr3-8733222-8734203	5	12	12	1.5636363636363637	2.0	20.666666666666664	3	0	6	3	0.09974384042774176	0.25	0.25	0.7539395059143015	1.0	1.0	0.7893464844112357	1.0	1.0	0.7762509191664267	1.0	1.0	0.6615170942231813	1.0	1.0
C411	chr3-8733222-8734203	5	20	20	1.2487562189054726	1.0	7.142857142857142	1	1	6	6	0.5537667547526959	1.0	1.0	0.9275439400431874	1.0	1.0	0.9403438985236675	1.0	1.0	0.9190349359109237	1.0	1.0	1.0	1.0	1.0
C412	chr3-8733222-8734203	6	71	74	0.9178778211036275	0.8053777208706785	-2.298280423280424	2	3	17	22	0.684773329807917	0.625	NA	0.9267403238040614	1.0	NA	0.9372074951900617	1.0	NA	0.8962520607090733	1.0	NA	0.8749881436434496	1.0	NA
C413	chr3-8733222-8734203	4	8	8	1.2857142857142858	1.3333333333333333	12.5	1	0	4	3	0.39100221895577053	1.0	1.0	0.82697507879695	1.0	1.0	0.8627274766637001	1.0	1.0	0.8391171215792379	1.0	1.0	0.8175500941802475	1.0	1.0
C414	chr3-8733222-8734203	5	22	22	1.1486486486486487	1.142857142857143	5.0	1	1	8	7	0.7040000000000001	1.0	1.0	0.9809364791288568	1.0	1.0	1.0	1.0	1.0	1.0	1.0	1.0	0.9524705882352943	1.0	1.0
C415	chr3-8733222-8734203	6	32	32	1.8087535680304476	1.0	18.162393162393165	2	2	9	9	0.39976401680230605	0.5	1.0	0.7779944839036007	1.0	1.0	0.7842406907058622	1.0	1.0	0.7413099729052472	1.0	1.0	0.6567551704609313	1.0	1.0
C416	chr3-8733222-8734203	5	205	100	1.1197429138040027	0.993676603432701	3.1891429340614965	2	3	55	27	0.7333292308292749	0.75	NA	0.9657099581082745	1.0	NA	0.9791959673396324	1.0	NA	0.9415076182111067	1.0	NA	0.8057677801098975	0.9078947368421053	NA
C417	chr3-8733222-8734203	5	38	38	1.1372549019607843	0.6428571428571429	4.666666666666668	1	3	9	14	0.8591563182713459	1.0	0.30175781249999994	1.0	1.0	1.0	1.0	1.0	1.0	1.0	1.0	1.0	1.0	1.0	1.0
C418	chr3-8733222-8734203	5	68	68	0.9505914372448444	0.8571428571428571	-1.7289377289377288	1	2	18	21	0.7269845744674871	0.75	0.720100131817162	0.9416006859405215	1.0	1.0	0.9525074793720514	1.0	1.0	0.9525805536465882	1.0	1.0	0.9856535849810186	1.0	1.0
C419	chr3-8733222-8734203	5	83	83	0.8225217716207284	0.7599999999999999	-5.765639589169003	1	3	19	25	0.19597863325279635	0.25	0.32693958282470703	0.805836907223014	1.0	1.0	0.7888777559022567	1.0	1.0	0.8011859620616701	1.0	1.0	0.7697147435861744	1.0	1.0
C420	chr3-8733222-8734203	5	94	82	1.3133738206089571	1.3085106382978724	7.570767638158944	5	0	27	18	0.05150958858860998	0.0625	NA	0.8742972514175987	1.0	NA	0.8884179135734447	1.0	NA	0.8039772962961181	0.9744897959183674	NA	0.4885135606200961	0.71875	NA
C421	chr3-8733222-8734203	3	18	18	1.0526315789473684	0.7999999999999999	1.6666666666666663	1	1	4	5	0.9098330365332568	1.0	1.0	1.0	1.0	1.0	1.0	1.0	1.0	1.0	1.0	1.0	1.0	1.0	1.0
C422	chr3-8733222-8734203	5	41	41	2.0000000000000004	1.2222222222222223	21.77777777777778	2	1	11	9	0.3414343163175901	0.5	0.79052734375	0.7244478659353194	1.0	1.0	0.729320135786807	1.0	1.0	0.7001478878756007	1.0	1.0	0.5733148149934237	1.0	1.0
C423	chr3-8733222-8734203	5	54	54	1.7468403655454017	1.153846153846154	16.62770562770563	3	2	15	13	0.48161909357934923	0.8125	0.8388197422027588	0.8904819963497179	1.0	1.0	0.917349739504271	1.0	1.0	0.8439380447124376	1.0	1.0	0.7326359673077905	1.0	1.0
C424	chr3-8733222-8734203	5	36	82	1.3926414239215525	1.3919753086419755	9.485785953177258	4	1	11	18	0.17967741091227032	0.1875	NA	0.784920194732237	1.0	NA	0.7734322407739124	1.0	NA	0.7597349421628857	1.0	NA	0.7817929295364869	1.0	NA
C425	chr3-8733222-8734203	3	7	7	1.1	1.5	6.666666666666667	1	0	3	2	0.42264973081037427	1.0	1.0	0.8884033698279667	1.0	1.0	0.9052998409424718	1.0	1.0	0.9278861906296723	1.0	1.0	1.0	1.0	1.0
C426	chr3-8733222-8734203	5	16	16	1.3273809523809526	1.4	15.714285714285714	2	1	7	5	0.5573665317731822	0.75	0.6875	0.931070723085177	1.0	1.0	0.9789221097451514	1.0	1.0	1.0	1.0	1.0	1.0	1.0	1.0
C427	chr3-8733222-8734203	5	25	25	1.3136094674556213	1.125	11.777777777777779	2	2	9	8	0.6599853738107391	0.75	1.0	0.9652777611691882	1.0	1.0	0.9950534635467655	1.0	1.0	0.9756863232357799	1.0	1.0	1.0	1.0	1.0
C428	chr3-8733222-8734203	4	20	59	0.5047681254082299	0.9076923076923078	-12.26384575569358	1	3	4	13	0.3515169669771719	0.375	NA	0.8199667965251679	1.0	NA	0.7897013319854735	1.0	NA	0.8064231464011485	1.0	NA	0.8019660072019643	1.0	NA
C429	chr3-8733222-8734203	2	4	4	1.0	1.0	0.0	0	0	1	1	1.0	1.0	1.0	1.0	1.0	1.0	1.0	1.0	1.0	1.0	1.0	1.0	1.0	1.0	1.0
C430	chr3-8733222-8734203	3	8	8	1.0	1.0	0.0	0	0	1	1	1.0	1.0	1.0	1.0	1.0	1.0	1.0	1.0	1.0	1.0	1.0	1.0	1.0	1.0	1.0
C431	chr3-8733222-8734203	4	14	14	0.375	1.0	-20.833333333333332	1	1	3	3	0.491832125045292	1.0	1.0	0.8577038364645608	1.0	1.0	0.9125131289267081	1.0	1.0	0.8168690076839197	1.0	1.0	0.8701645289262859	1.0	1.0
C432	chr3-8733222-8734203	5	36	140	1.1911209395737248	1.258169934640523	5.398448043184887	4	1	11	34	0.5633064347834087	0.5625	NA	0.8803446039681162	1.0	NA	0.8666576358167988	1.0	NA	0.9283610723547165	1.0	NA	0.80975300000115	1.0	NA
C433	chr3-8733222-8734203	3	9	9	0.9090909090909091	0.75	-5.555555555555555	0	1	3	4	0.42264973081037427	1.0	1.0	0.8230547389465184	1.0	1.0	0.8742714189746855	1.0	1.0	0.8969566509420165	1.0	1.0	0.8837221644216916	1.0	1.0
C434	chr3-8733222-8734203	5	24	24	1.119047619047619	1.0	5.555555555555556	2	2	10	10	0.8415958224260158	0.875	1.0	1.0	1.0	1.0	1.0	1.0	1.0	1.0	1.0	1.0	1.0	1.0	1.0
C435	chr3-8733222-8734203	5	29	29	1.11	1.0	5.0	2	2	11	11	0.8570547739376042	0.875	1.0	1.0	1.0	1.0	1.0	1.0	1.0	1.0	1.0	1.0	1.0	1.0	1.0
C436	chr3-8733222-8734203	6	49	50	0.850063211125158	0.7288629737609329	-3.7436868686868685	2	3	10	14	0.6880033664787051	0.75	NA	0.9697776975406703	1.0	NA	0.9984619018586891	1.0	NA	0.9955200227078234	1.0	NA	0.9837135932117261	1.0	NA
C437	chr3-8733222-8734203	3	4	4	1.0	1.0	0.0	0	0	2	2	1.0	1.0	1.0	1.0	1.0	1.0	1.0	1.0	1.0	1.0	1.0	1.0	1.0	1.0	1.0
C438	chr3-8733222-8734203	4	12	12	1.25	1.3333333333333333	8.333333333333332	1	0	4	3	0.39100221895577053	1.0	1.0	0.7946841921993192	1.0	1.0	0.8271510858734444	1.0	1.0	0.8584071703511744	1.0	1.0	0.9992278928869691	1.0	1.0
C439	chr3-8733222-8734203	5	19	19	0.7205882352941175	0.5714285714285714	-9.047619047619047	1	3	4	7	0.4847568946907781	0.625	0.375	0.9033303541234099	1.0	1.0	0.9647286217896694	1.0	1.0	0.9663809698916609	1.0	1.0	0.929117381490658	1.0	1.0
C440	chr3-8733222-8734203	6	62	63	0.8977233128121731	0.7903225806451614	-2.6877289377289384	2	3	14	18	0.6613345154257149	0.6875	NA	0.9194342014171106	1.0	NA	0.9266668471050844	1.0	NA	0.9983739722402365	1.0	NA	0.9797815466478261	1.0	NA
C441	chr3-8733222-8734203	3	9	9	1.3	1.3333333333333333	16.666666666666664	1	0	4	3	0.42264973081037427	1.0	1.0	0.839015722895061	1.0	1.0	0.870760288778	1.0	1.0	0.8154151372200149	1.0	1.0	0.810078650719884	1.0	1.0
C442	chr3-8733222-8734203	4	20	20	1.142241379310345	1.1666666666666667	6.25	1	0	7	6	0.39100221895577053	1.0	1.0	0.7476760986383383	1.0	1.0	0.7583521297705492	1.0	1.0	0.9219928866734836	1.0	1.0	0.6423607882844801	1.0	1.0
C443	chr3-8733222-8734203	6	30	30	1.429845904298459	0.8	11.324786324786325	1	2	8	10	0.5573570734727238	1.0	0.7744140625	0.8787031371145476	1.0	1.0	0.898679635044949	1.0	1.0	0.8955366779449752	1.0	1.0	0.9156580492766175	1.0	1.0
C444	chr3-8733222-8734203	5	176	96	1.083006609233455	0.9818181818181817	2.160931605070078	2	3	45	25	0.7838891954278258	0.75	NA	0.982823243130584	1.0	NA	0.9845489001333674	1.0	NA	0.9790981772475148	1.0	NA	0.8585453092780949	1.0	NA
C445	chr3-8733222-8734203	5	36	36	1.0789803593815293	0.5833333333333334	2.4705882352941178	1	3	7	12	0.9279610524359462	1.0	0.30175781249999994	1.0	1.0	1.0	1.0	1.0	1.0	1.0	1.0	1.0	1.0	1.0	1.0
C446	chr3-8733222-8734203	5	64	64	1.044153720359771	0.9444444444444444	1.4285714285714286	2	1	17	18	0.7255700176327529	1.0	1.0	0.9469721734594917	1.0	1.0	0.9716650322904755	1.0	1.0	0.9238924891190385	1.0	1.0	1.0	1.0	1.0
C447	chr3-8733222-8734203	5	78	78	0.8975729011770042	0.8095238095238095	-2.7862333744686683	1	2	17	21	0.43001690519189933	0.5	0.557197093963623	0.8525383575495951	1.0	1.0	0.838778221914237	1.0	1.0	0.9648885385890525	1.0	1.0	0.7607991399548989	1.0	1.0
