config	module	n_peaks	n_donors	FC_equal_donor	delta_pp	p_donor_t	p_donor_signflip	positive_donors	q_donor_t	q_donor_signflip
C000	all_candidates	3071	5	0.9084495534700213	-0.826202070074082	0.7030042449727865	0.9375	3	0.7030042449727865	0.9375
C000	HSMM	1026	5	0.8759608461766308	-1.174771752710831	0.5942704920575714	0.875	3	0.7030042449727865	0.9375
C000	muscle_selective	191	5	0.8251421056967375	-1.6423083646409133	0.4833320995108358	0.75	3	0.7030042449727865	0.9375
C000	fusion_promoter	23	5	0.7728059375871786	-2.157722725938618	0.32267271586762697	0.4375	2	0.7030042449727865	0.9375
C001	all_candidates	3071	3	1.0659811482433597	0.5014653207424322	0.3530020918910429	0.25	3	0.4240363797680159	0.6666666666666666
C001	HSMM	1026	3	1.0990546650226058	0.7829759584145566	0.4240363797680159	0.5	2	0.4240363797680159	0.6666666666666666
C001	muscle_selective	191	3	0.9520833333333334	-0.4013961605584639	0.42264973081037427	1.0	0	0.4240363797680159	1.0
C001	fusion_promoter	23	3	0.5205479452054794	-5.0724637681159415	0.3688312557327974	0.5	1	0.4240363797680159	0.6666666666666666
C002	all_candidates	3071	4	1.0117710514626563	0.1161611101370136	0.8507002415764343	0.75	3	0.9738479702559161	1.0
C002	HSMM	1026	4	1.0637806637806637	0.6213450292397661	0.38929948930320746	0.5	2	0.9738479702559161	1.0
C002	muscle_selective	191	4	1.0368763557483733	0.3423278292388244	0.7468699309088267	1.0	1	0.9738479702559161	1.0
C002	fusion_promoter	23	4	1.0167364016736402	0.16722408026755842	0.9738479702559161	1.0	2	0.9738479702559161	1.0
C003	all_candidates	3071	4	0.9419587869103503	-0.675869501170703	0.2849700311083738	0.5	2	0.9460476516609165	1.0
C003	HSMM	1026	4	0.9923223579120937	-0.08644295924997575	0.9141994956612122	0.875	2	0.9460476516609165	1.0
C003	muscle_selective	191	4	1.01001213592233	0.10284218399401815	0.9460476516609165	1.0	2	0.9460476516609165	1.0
C003	fusion_promoter	23	4	0.9284294234592446	-0.9316770186335411	0.8750826206149156	1.0	2	0.9460476516609165	1.0
C004	all_candidates	3071	4	1.2819596811465115	2.195081528795626	0.22081624873660685	0.375	3	0.3946422863508728	0.6666666666666666
C004	HSMM	1026	4	1.2244340966641791	1.8268685496201118	0.2581415314156612	0.375	3	0.3946422863508728	0.6666666666666666
C004	muscle_selective	191	4	1.149758998660853	1.1897597698283735	0.2959817147631546	0.5	2	0.3946422863508728	0.6666666666666666
C004	fusion_promoter	23	4	1.0892175422815844	0.845807255102609	0.6600883217480228	0.75	2	0.6600883217480228	0.75
C005	all_candidates	3071	1	1.0385109114249036	0.325626831650927	NA	NA	1	NA	NA
C005	HSMM	1026	1	0.9962406015037593	-0.032488628979858436	NA	NA	0	NA	NA
C005	muscle_selective	191	1	1.195121951219512	1.3961605584642212	NA	NA	1	NA	NA
C005	fusion_promoter	23	1	0.4	-4.347826086956521	NA	NA	0	NA	NA
C006	all_candidates	3071	1	1.0822179732313575	0.7000976880494947	NA	NA	1	NA	NA
C006	HSMM	1026	1	1.0826210826210825	0.70662768031189	NA	NA	1	NA	NA
C006	muscle_selective	191	1	1.096774193548387	0.785340314136125	NA	NA	1	NA	NA
C006	fusion_promoter	23	1	0.4	-6.521739130434782	NA	NA	0	NA	NA
C007	all_candidates	3071	3	0.9403254972875225	-0.895473787040052	0.6228775838773934	1.0	2	0.8893433329655025	1.0
C007	HSMM	1026	3	0.9676357652221612	-0.4792072774528917	0.8414957504434202	1.0	2	0.8893433329655025	1.0
C007	muscle_selective	191	3	1.0666666666666667	0.7853403141361246	0.8893433329655025	0.75	2	0.8893433329655025	1.0
C007	fusion_promoter	23	3	0.5517241379310346	-9.420289855072463	0.14466279655230035	0.25	0	0.5786511862092014	1.0
C008	all_candidates	3071	3	0.9185546434951671	-0.6818676947468089	0.7551588356905522	1.0	2	0.9391107287940752	1.0
C008	HSMM	1026	3	0.8479564816888494	-1.3340165370144366	0.5232247224259856	0.75	1	0.9391107287940752	1.0
C008	muscle_selective	191	3	0.7990017068782581	-1.7341518996450689	0.40076667858140225	0.25	0	0.9391107287940752	1.0
C008	fusion_promoter	23	3	0.9767939203380985	-0.2410170576087616	0.9391107287940752	1.0	1	0.9391107287940752	1.0
C009	all_candidates	3071	1	0.8879999999999999	-0.9117551286225989	NA	NA	0	NA	NA
C009	HSMM	1026	1	0.75	-2.046783625730994	NA	NA	0	NA	NA
C009	muscle_selective	191	1	0.9285714285714287	-0.523560209424083	NA	NA	0	NA	NA
C009	fusion_promoter	23	1	0.3333333333333333	-8.695652173913043	NA	NA	0	NA	NA
C010	all_candidates	3071	1	0.8879999999999999	-0.9117551286225989	NA	NA	0	NA	NA
C010	HSMM	1026	1	0.75	-2.046783625730994	NA	NA	0	NA	NA
C010	muscle_selective	191	1	0.9285714285714287	-0.523560209424083	NA	NA	0	NA	NA
C010	fusion_promoter	23	1	0.3333333333333333	-8.695652173913043	NA	NA	0	NA	NA
C011	all_candidates	3071	1	0.8879999999999999	-0.9117551286225989	NA	NA	0	NA	NA
C011	HSMM	1026	1	0.75	-2.046783625730994	NA	NA	0	NA	NA
C011	muscle_selective	191	1	0.9285714285714287	-0.523560209424083	NA	NA	0	NA	NA
C011	fusion_promoter	23	1	0.3333333333333333	-8.695652173913043	NA	NA	0	NA	NA
C012	all_candidates	3071	4	1.2842850320438732	2.2091773609917675	0.2256589630468345	0.375	3	0.37891140147994307	0.6666666666666666
C012	HSMM	1026	4	1.232065636681346	1.8772878486392868	0.25476689861654117	0.375	3	0.37891140147994307	0.6666666666666666
C012	muscle_selective	191	4	1.1674743171524098	1.3103099826259659	0.2841835511099573	0.5	2	0.37891140147994307	0.6666666666666666
C012	fusion_promoter	23	4	1.1183551482496394	1.0928063008344042	0.6444953547230302	0.75	2	0.6444953547230302	0.75
C013	all_candidates	3071	1	1.0385109114249036	0.325626831650927	NA	NA	1	NA	NA
C013	HSMM	1026	1	0.9962406015037593	-0.032488628979858436	NA	NA	0	NA	NA
C013	muscle_selective	191	1	1.195121951219512	1.3961605584642212	NA	NA	1	NA	NA
C013	fusion_promoter	23	1	0.4	-4.347826086956521	NA	NA	0	NA	NA
C014	all_candidates	3071	1	1.0822179732313575	0.7000976880494947	NA	NA	1	NA	NA
C014	HSMM	1026	1	1.0826210826210825	0.70662768031189	NA	NA	1	NA	NA
C014	muscle_selective	191	1	1.096774193548387	0.785340314136125	NA	NA	1	NA	NA
C014	fusion_promoter	23	1	0.4	-6.521739130434782	NA	NA	0	NA	NA
C015	all_candidates	3071	3	0.9327999999999996	-1.0029306414848635	0.5732166718634613	1.0	2	0.9211526034464634	1.0
C015	HSMM	1026	3	0.9646330680813442	-0.5198180636777096	0.8275677850363842	1.0	2	0.9211526034464634	1.0
C015	muscle_selective	191	3	1.048048048048048	0.5584642233856879	0.9211526034464634	0.75	2	0.9211526034464634	1.0
C015	fusion_promoter	23	3	0.5479452054794519	-9.565217391304348	0.13841350501324684	0.25	0	0.5536540200529874	1.0
C016	all_candidates	3071	6	0.9970853670743413	-0.030427542317174386	0.9929105295533043	1.0	1	0.9929105295533043	1.0
C016	HSMM	1026	6	1.023860172308429	0.2533281845506033	0.9439477735039279	1.0	1	0.9929105295533043	1.0
C016	muscle_selective	191	6	0.9921269280586894	-0.08211883694109953	0.9814862018443722	1.0	1	0.9929105295533043	1.0
C016	fusion_promoter	23	6	0.9081206185862798	-1.0177769302483266	0.8358400215491825	0.75	2	0.9929105295533043	1.0
C017	all_candidates	3071	1	0.9404517453798767	-0.47215890589384635	NA	NA	0	NA	NA
C017	HSMM	1026	1	0.7988165680473372	-1.6569200779727096	NA	NA	0	NA	NA
C017	muscle_selective	191	1	0.9642857142857144	-0.2617801047120408	NA	NA	0	NA	NA
C017	fusion_promoter	23	1	1.0	0.0	NA	NA	0	NA	NA
C018	all_candidates	3071	1	0.9428571428571425	-0.4558775643113022	NA	NA	0	NA	NA
C018	HSMM	1026	1	0.839080459770115	-1.3645224171539947	NA	NA	0	NA	NA
C018	muscle_selective	191	1	0.8571428571428572	-1.221640488656195	NA	NA	0	NA	NA
C018	fusion_promoter	23	1	1.3333333333333335	2.8985507246376816	NA	NA	1	NA	NA
C019	all_candidates	3071	1	0.9352088661551577	-0.4949527841094106	NA	NA	0	NA	NA
C019	HSMM	1026	1	0.8289156626506027	-1.3840155945419084	NA	NA	0	NA	NA
C019	muscle_selective	191	1	0.7380952380952382	-2.303664921465967	NA	NA	0	NA	NA
C019	fusion_promoter	23	1	1.0	0.0	NA	NA	0	NA	NA
C020	all_candidates	3071	6	1.0110980943359964	0.11556533845685085	0.9728805636625117	1.0	1	0.9728805636625117	1.0
C020	HSMM	1026	6	1.0335739369577892	0.35737280912719016	0.9208378761182235	1.0	1	0.9728805636625117	1.0
C020	muscle_selective	191	6	1.0125880712046702	0.1322801689293852	0.9699719390566421	1.0	1	0.9728805636625117	1.0
C020	fusion_promoter	23	6	0.9054883747274222	-1.0468975468975457	0.8337447576399418	0.75	2	0.9728805636625117	1.0
C021	all_candidates	3071	1	0.9639448568398727	-0.27678280690328905	NA	NA	0	NA	NA
C021	HSMM	1026	1	0.8757575757575758	-0.9990253411306036	NA	NA	0	NA	NA
C021	muscle_selective	191	1	0.9464285714285715	-0.39267015706806185	NA	NA	0	NA	NA
C021	fusion_promoter	23	1	1.1428571428571428	1.0869565217391297	NA	NA	1	NA	NA
C022	all_candidates	3071	1	0.9779614325068869	-0.17366764354716235	NA	NA	0	NA	NA
C022	HSMM	1026	1	0.9272727272727272	-0.5847953216374269	NA	NA	0	NA	NA
C022	muscle_selective	191	1	0.9101123595505618	-0.6980802792321119	NA	NA	0	NA	NA
C022	fusion_promoter	23	1	0.9166666666666667	-0.7246376811594193	NA	NA	0	NA	NA
C023	all_candidates	3071	3	0.8470673952641165	-1.6273588562745145	0.13329695536470007	0.25	0	0.1777292738196001	0.3333333333333333
C023	HSMM	1026	3	0.8152196329140031	-2.07927225471085	0.10157186124627499	0.25	0	0.1777292738196001	0.3333333333333333
C023	muscle_selective	191	3	0.6909492273730684	-3.4904013961605584	0.10377857010355836	0.25	0	0.1777292738196001	0.3333333333333333
C023	fusion_promoter	23	3	0.6696428571428571	-3.8302277432712217	0.4988547330270099	0.75	1	0.4988547330270099	0.75
C024	all_candidates	3071	6	1.0920892286719235	0.8595055461367872	0.19422057306289897	0.25	4	0.3447327846451583	0.4583333333333333
C024	HSMM	1026	6	1.080090452691667	0.7856719579734316	0.2585495884838687	0.34375	4	0.3447327846451583	0.4583333333333333
C024	muscle_selective	191	6	1.122092349604957	1.142948719110861	0.12634253912297053	0.125	5	0.3447327846451583	0.4583333333333333
C024	fusion_promoter	23	6	1.0133806742687974	0.1385821378783271	0.9363144429383268	1.0	3	0.9363144429383268	1.0
C025	all_candidates	3071	6	1.0066902599675374	0.07523573788634197	0.34174170488476513	0.4375	4	0.6834834097695303	0.71875
C025	HSMM	1026	6	0.9939647705913066	-0.0723925918857791	0.5691681635322074	0.59375	3	0.695121301579853	0.71875
C025	muscle_selective	191	6	1.0561816316391355	0.6478667735212246	0.09522697480528752	0.125	4	0.3809078992211501	0.5
C025	fusion_promoter	23	6	1.0722501268752638	0.8576849881197721	0.695121301579853	0.71875	3	0.695121301579853	0.71875
C026	all_candidates	3071	6	1.0147351664359547	0.15248233949654022	0.3810373482976986	0.5625	4	0.683079231175129	0.9166666666666666
C026	HSMM	1026	6	0.9957246339925588	-0.047263020198556424	0.5123094233813468	0.6875	3	0.683079231175129	0.9166666666666666
C026	muscle_selective	191	6	1.0505251791517942	0.5359798085108436	0.14455485435442367	0.15625	4	0.5782194174176947	0.625
C026	fusion_promoter	23	6	1.007815145992549	0.0837482604663535	0.9551051234595808	1.0	3	0.9551051234595808	1.0
C027	all_candidates	3071	6	1.0104121006210134	0.1087308422329819	0.5799053794063334	0.71875	3	0.8516825394886952	0.875
C027	HSMM	1026	6	1.0021923163508368	0.024269567308083523	0.8516825394886952	0.84375	4	0.8516825394886952	0.875
C027	muscle_selective	191	6	1.038029149673978	0.40603681180983997	0.2491529197508099	0.25	4	0.8516825394886952	0.875
C027	fusion_promoter	23	6	1.0271484918070457	0.29027050607437554	0.8475717777667897	0.875	3	0.8516825394886952	0.875
C028	all_candidates	3071	3	1.3155351173518817	1.7648181503603397	0.21772459093087632	0.25	3	0.5784583650160999	1.0
C028	HSMM	1026	3	1.231983616372621	1.3839979239589157	0.28922918250804996	0.5	2	0.5784583650160999	1.0
C028	muscle_selective	191	3	1.0004649373136247	0.0029493484990907037	0.998064631236294	1.0	1	0.998064631236294	1.0
C028	fusion_promoter	23	3	0.9889216765029508	-0.07482855308942327	0.9470679479518679	1.0	2	0.998064631236294	1.0
C029	all_candidates	3071	3	1.0661187214611874	0.49115380440681683	0.3649826388384897	0.25	3	0.4501176622317705	1.0
C029	HSMM	1026	3	1.0979057591623038	0.7594217024041584	0.4429266198538314	0.75	2	0.4501176622317705	1.0
C029	muscle_selective	191	3	0.9173126614987079	-0.6980802792321116	0.42264973081037427	1.0	0	0.4501176622317705	1.0
C029	fusion_promoter	23	3	0.5614035087719298	-4.528985507246377	0.4501176622317705	0.5	1	0.4501176622317705	1.0
C030	all_candidates	3071	3	1.0862814150792388	0.5850428741995033	0.26959338105625463	0.25	3	0.4934122822017173	0.6666666666666666
C030	HSMM	1026	3	1.0659875996457042	0.4840805717998692	0.653790635020892	1.0	1	0.653790635020892	1.0
C030	muscle_selective	191	3	0.8967889908256883	-0.7853403141361256	0.28625357285367026	0.5	0	0.4934122822017173	0.6666666666666666
C030	fusion_promoter	23	3	0.5689655172413793	-3.6231884057971007	0.37005921165128797	0.5	1	0.4934122822017173	0.6666666666666666
C031	all_candidates	3071	3	0.9776839565741857	-0.1460387002555669	0.5888103555891884	1.0	2	0.6220244472125931	1.0
C031	HSMM	1026	3	0.963484945547726	-0.2525252525252514	0.6220244472125931	0.75	1	0.6220244472125931	1.0
C031	muscle_selective	191	3	0.7871443624868282	-1.6024115500555307	0.07188951907170506	0.25	0	0.28755807628682023	1.0
C031	fusion_promoter	23	3	0.5144927536231885	-4.413702239789197	0.3560965762628706	0.5	1	0.6220244472125931	1.0
C032	all_candidates	3071	3	1.6330549124846403	3.5407367937488545	0.12063342751610125	0.25	3	0.31067143992991053	0.5
C032	HSMM	1026	3	1.4349404549079923	2.594824134785112	0.20473419646193092	0.25	3	0.31067143992991053	0.5
C032	muscle_selective	191	3	1.1967486452688627	1.2480829234755983	0.2330035799474329	0.5	2	0.31067143992991053	0.6666666666666666
C032	fusion_promoter	23	3	1.180104031209363	1.2165129556433898	0.6657009490027899	0.75	2	0.6657009490027899	0.75
C033	all_candidates	3071	1	1.0693069306930694	0.45587756431129944	NA	NA	1	NA	NA
C033	HSMM	1026	1	0.958904109589041	-0.29239766081871343	NA	NA	0	NA	NA
C033	muscle_selective	191	1	0.9166666666666666	-0.5235602094240837	NA	NA	0	NA	NA
C033	fusion_promoter	23	1	0.0	-4.3478260869565215	NA	NA	0	NA	NA
C034	all_candidates	3071	1	1.0354609929078014	0.24422012373819524	NA	NA	1	NA	NA
C034	HSMM	1026	1	0.869281045751634	-0.9746588693957114	NA	NA	0	NA	NA
C034	muscle_selective	191	1	0.96	-0.26178010471204216	NA	NA	0	NA	NA
C034	fusion_promoter	23	1	0.3333333333333333	-4.3478260869565215	NA	NA	0	NA	NA
C035	all_candidates	3071	1	1.0354609929078014	0.24422012373819524	NA	NA	1	NA	NA
C035	HSMM	1026	1	0.869281045751634	-0.9746588693957114	NA	NA	0	NA	NA
C035	muscle_selective	191	1	0.96	-0.26178010471204216	NA	NA	0	NA	NA
C035	fusion_promoter	23	1	0.3333333333333333	-4.3478260869565215	NA	NA	0	NA	NA
C036	all_candidates	3071	1	1.297065697221501	1.655631535149607	NA	NA	1	NA	NA
C036	HSMM	1026	1	1.0358056265984654	0.21225904266839943	NA	NA	1	NA	NA
C036	muscle_selective	191	1	1.0773480662983426	0.48865619546247796	NA	NA	1	NA	NA
C036	fusion_promoter	23	1	0.7500000000000001	-1.4492753623188401	NA	NA	0	NA	NA
C038	all_candidates	3071	1	1.004524886877828	0.03256268316509242	NA	NA	1	NA	NA
C038	HSMM	1026	1	0.7875	-1.6569200779727096	NA	NA	0	NA	NA
C038	muscle_selective	191	1	1.0	0.0	NA	NA	0	NA	NA
C038	fusion_promoter	23	1	0.5	-4.3478260869565215	NA	NA	0	NA	NA
C039	all_candidates	3071	1	1.004524886877828	0.03256268316509242	NA	NA	1	NA	NA
C039	HSMM	1026	1	0.7875	-1.6569200779727096	NA	NA	0	NA	NA
C039	muscle_selective	191	1	1.0	0.0	NA	NA	0	NA	NA
C039	fusion_promoter	23	1	0.5	-4.3478260869565215	NA	NA	0	NA	NA
C040	all_candidates	3071	3	1.6144437973209114	3.4762602533686957	0.12156294933401703	0.25	3	0.27118636595500256	0.3333333333333333
C040	HSMM	1026	3	1.4231795531265057	2.5455227575110557	0.20338977446625192	0.25	3	0.27118636595500256	0.3333333333333333
C040	muscle_selective	191	3	1.2274101444407117	1.4065486578575563	0.1677622022888896	0.25	3	0.27118636595500256	0.3333333333333333
C040	fusion_promoter	23	3	1.2141918528252302	1.4061421670117322	0.6630497705464256	0.75	2	0.6630497705464256	0.75
C041	all_candidates	3071	1	1.0693069306930694	0.45587756431129944	NA	NA	1	NA	NA
C041	HSMM	1026	1	0.958904109589041	-0.29239766081871343	NA	NA	0	NA	NA
C041	muscle_selective	191	1	0.9166666666666666	-0.5235602094240837	NA	NA	0	NA	NA
C041	fusion_promoter	23	1	0.0	-4.3478260869565215	NA	NA	0	NA	NA
C042	all_candidates	3071	1	1.0354609929078014	0.24422012373819524	NA	NA	1	NA	NA
C042	HSMM	1026	1	0.869281045751634	-0.9746588693957114	NA	NA	0	NA	NA
C042	muscle_selective	191	1	0.96	-0.26178010471204216	NA	NA	0	NA	NA
C042	fusion_promoter	23	1	0.3333333333333333	-4.3478260869565215	NA	NA	0	NA	NA
C043	all_candidates	3071	1	1.0354609929078014	0.24422012373819524	NA	NA	1	NA	NA
C043	HSMM	1026	1	0.869281045751634	-0.9746588693957114	NA	NA	0	NA	NA
C043	muscle_selective	191	1	0.96	-0.26178010471204216	NA	NA	0	NA	NA
C043	fusion_promoter	23	1	0.3333333333333333	-4.3478260869565215	NA	NA	0	NA	NA
C044	all_candidates	3071	6	1.1353970912803126	1.2168106144009851	0.6835022131436715	0.71875	3	0.9682858285820235	1.0
C044	HSMM	1026	6	1.1318850355356669	1.2402147343667786	0.6877222380151005	0.71875	3	0.9682858285820235	1.0
C044	muscle_selective	191	6	0.9726486464792407	-0.28317958946231214	0.9089902946300423	0.8125	2	0.9682858285820235	1.0
C044	fusion_promoter	23	6	1.0201185557751034	0.1932367149758452	0.9682858285820235	1.0	3	0.9682858285820235	1.0
C045	all_candidates	3071	1	0.9890350877192983	-0.08140670791273175	NA	NA	0	NA	NA
C045	HSMM	1026	1	0.9565217391304348	-0.341130604288499	NA	NA	0	NA	NA
C045	muscle_selective	191	1	0.9285714285714287	-0.523560209424083	NA	NA	0	NA	NA
C045	fusion_promoter	23	1	1.3333333333333333	2.1739130434782608	NA	NA	1	NA	NA
C046	all_candidates	3071	1	0.9368879216539716	-0.47215890589384635	NA	NA	0	NA	NA
C046	HSMM	1026	1	0.8473520249221183	-1.1939571150097472	NA	NA	0	NA	NA
C046	muscle_selective	191	1	0.9056603773584905	-0.6544502617801053	NA	NA	0	NA	NA
C046	fusion_promoter	23	1	1.2	1.0869565217391304	NA	NA	1	NA	NA
C047	all_candidates	3071	2	1.1334269662921372	0.9280364702051562	0.6559582607547332	1.0	1	0.7217654468616249	1.0
C047	HSMM	1026	2	1.1621983914209102	1.1793372319688042	0.7217654468616249	1.0	1	0.7217654468616249	1.0
C047	muscle_selective	191	2	0.7964071856287424	-1.7801047120418856	0.41561507368231687	0.5	0	0.7217654468616249	1.0
C047	fusion_promoter	23	2	0.6190476190476191	-3.478260869565218	0.6256659163780023	1.0	1	0.7217654468616249	1.0
C048	all_candidates	3071	6	1.1292996632108963	1.1830052944510607	0.691014644310173	0.75	2	0.9866777276751373	1.0
C048	HSMM	1026	6	1.1185891870838167	1.140305754097179	0.7098803876180014	0.75	2	0.9866777276751373	1.0
C048	muscle_selective	191	6	0.982093886110663	-0.18833624200116386	0.9395658064693895	0.8125	2	0.9866777276751373	1.0
C048	fusion_promoter	23	6	1.0079129574678536	0.08051529790660214	0.9866777276751373	1.0	3	0.9866777276751373	1.0
C049	all_candidates	3071	2	1.1084070796460177	0.7977857375447774	0.377322886885288	0.5	2	0.6666666666666661	1.0
C049	HSMM	1026	2	1.1574468085106382	1.2020792722547087	0.48232066365339427	0.5	2	0.6666666666666661	1.0
C049	muscle_selective	191	2	0.9647058823529412	-0.26178010471204216	0.49999999999999956	1.0	0	0.6666666666666661	1.0
C049	fusion_promoter	23	2	0.9090909090909091	-0.7246376811594201	0.8743340836219977	1.0	1	0.8743340836219977	1.0
C050	all_candidates	3071	2	1.0744680851063833	0.5508520568761534	0.610166063094166	1.0	1	0.7361167278570391	1.0
C050	HSMM	1026	2	1.091954022988505	0.7147498375568488	0.7361167278570391	1.0	1	0.7361167278570391	1.0
C050	muscle_selective	191	2	0.9583333333333335	-0.30541012216404806	0.49999999999999944	1.0	0	0.7361167278570391	1.0
C050	fusion_promoter	23	2	0.7727272727272728	-1.8115942028985497	0.6051369134225072	1.0	1	0.7361167278570391	1.0
C051	all_candidates	3071	3	0.9536847333457524	-0.38558351811361863	0.7352954758675806	0.75	1	0.8821938963450466	1.0
C051	HSMM	1026	3	0.974880594374669	-0.21968501500664409	0.8821938963450466	1.0	1	0.8821938963450466	1.0
C051	muscle_selective	191	3	0.9137577002053391	-0.6980802792321092	0.2697032566597785	0.5	0	0.8821938963450466	1.0
C051	fusion_promoter	23	3	1.1869158878504673	1.3802622498274677	0.7201085768123799	0.75	2	0.8821938963450466	1.0
C052	all_candidates	3071	6	1.1377935205481144	1.224344654662623	0.2086551369179276	0.1875	4	0.2895812725321129	0.2916666666666667
C052	HSMM	1026	6	1.1366287423411272	1.2726057561798994	0.21718595439908467	0.21875	4	0.2895812725321129	0.2916666666666667
C052	muscle_selective	191	6	1.2017141981982755	1.7881915794282919	0.15910236913510745	0.15625	5	0.2895812725321129	0.2916666666666667
C052	fusion_promoter	23	6	1.0553577576690238	0.5467264625214252	0.5463012403468706	0.53125	3	0.5463012403468706	0.53125
C053	all_candidates	3071	6	1.0108550123852724	0.1186921456234102	0.3452720686247672	0.46875	3	0.6905441372495345	0.9166666666666666
C053	HSMM	1026	6	0.999556768214545	-0.0051569252348978665	0.9684782086939185	0.96875	3	0.9684782086939185	0.96875
C053	muscle_selective	191	6	1.0611015051033437	0.6823555483857321	0.12844204962326464	0.15625	5	0.5137681984930585	0.625
C053	fusion_promoter	23	6	1.0724595506925854	0.8423659318799999	0.6981372352920228	0.6875	3	0.9308496470560303	0.9166666666666666
C054	all_candidates	3071	6	1.0187426259501726	0.1869983377248244	0.34414647832167894	0.5	2	0.6882929566433579	0.9166666666666666
C054	HSMM	1026	6	1.00348006928593	0.03703154003580819	0.6447895066734998	0.6875	3	0.8597193422313331	0.9166666666666666
C054	muscle_selective	191	6	1.0563825604070205	0.5739339553901008	0.20224586151252283	0.21875	4	0.6882929566433579	0.875
C054	fusion_promoter	23	6	0.9970130301150055	-0.031204493447056086	0.983807682617335	1.0	4	0.983807682617335	1.0
C055	all_candidates	3071	6	1.0147184281133872	0.14685279199107593	0.4794583992228134	0.53125	2	0.8835201973025061	0.90625
C055	HSMM	1026	6	0.9977080188245967	-0.024383722693561753	0.8089899196378036	0.84375	3	0.8835201973025061	0.90625
C055	muscle_selective	191	6	1.0445477910334109	0.4547409977384796	0.29571936733445636	0.28125	4	0.8835201973025061	0.90625
C055	fusion_promoter	23	6	0.9783463815161351	-0.23099863111922234	0.8835201973025061	0.90625	4	0.8835201973025061	0.90625
C056	all_candidates	3071	6	1.1989649374307112	2.139405972237249	0.09771416789990575	0.125	4	0.1954283357998115	0.16666666666666666
C056	HSMM	1026	6	1.1934788970011796	2.1969491864715893	0.159987315563983	0.125	4	0.2062664569430275	0.16666666666666666
C056	muscle_selective	191	6	1.155594211106504	1.6950702487351712	0.2062664569430275	0.21875	4	0.2062664569430275	0.21875
C056	fusion_promoter	23	6	1.5280181217275057	6.5048126189430535	0.04433099496804923	0.09375	5	0.17732397987219692	0.16666666666666666
C057	all_candidates	3071	3	0.9608811241929358	-0.5589927276674257	0.20370080791000866	0.5	1	0.2492522592910803	0.5
C057	HSMM	1026	3	0.9176598049837487	-1.2345679012345678	0.2492522592910803	0.5	1	0.2492522592910803	0.5
C057	muscle_selective	191	3	0.9171974522292994	-1.1343804537521818	0.14466279655230002	0.25	0	0.2492522592910803	0.5
C057	fusion_promoter	23	3	1.6666666666666667	7.246376811594203	0.1993592309745643	0.5	2	0.2492522592910803	0.5
C058	all_candidates	3071	4	1.063962761628853	0.799820905242583	0.3722677199419656	0.375	3	0.7445354398839312	0.75
C058	HSMM	1026	4	1.0522802068641277	0.6773879142300161	0.6796736100592268	0.875	2	0.9030105503407311	1.0
C058	muscle_selective	191	4	1.0103573278094249	0.130890052356019	0.9030105503407311	1.0	2	0.9030105503407311	1.0
C058	fusion_promoter	23	4	1.3144104803493453	3.9130434782608705	0.07294217268351852	0.25	3	0.2917686907340741	0.75
C059	all_candidates	3071	6	0.9366768759571201	-0.8976446325843978	0.34168841392629534	0.3125	2	0.49227821382055514	0.5
C059	HSMM	1026	6	0.9296203633199175	-1.0510071474983742	0.3870229668727437	0.40625	1	0.49227821382055514	0.5
C059	muscle_selective	191	6	0.9547482472912682	-0.6195462478185011	0.49227821382055514	0.5	2	0.49227821382055514	0.5
C059	fusion_promoter	23	6	1.5321637426900585	6.5942028985507255	0.061832327016842784	0.125	4	0.24732930806737113	0.5
C060	all_candidates	3071	5	1.2677875595018857	2.6036784319916806	0.13931341800673772	0.1875	4	0.33177523075777393	0.375
C060	HSMM	1026	5	1.2263314537096397	2.30969539449068	0.26421303046896094	0.3125	4	0.33177523075777393	0.375
C060	muscle_selective	191	5	1.1566787003610115	1.5779522978475888	0.33177523075777393	0.375	4	0.33177523075777393	0.375
C060	fusion_promoter	23	5	1.578868676800399	6.376262626262627	0.24553142917248663	0.25	4	0.33177523075777393	0.375
C061	all_candidates	3071	1	1.0036231884057971	0.03256268316509242	NA	NA	1	NA	NA
C061	HSMM	1026	1	0.7884615384615384	-2.144249512670565	NA	NA	0	NA	NA
C061	muscle_selective	191	1	0.7647058823529412	-2.0942408376963346	NA	NA	0	NA	NA
C061	fusion_promoter	23	1	1.0	0.0	NA	NA	0	NA	NA
C062	all_candidates	3071	3	0.9780329505741387	-0.2387930098773472	0.8970770793310014	1.0	2	0.8970770793310014	1.0
C062	HSMM	1026	3	0.8590971272229821	-1.6731643924626383	0.3504259347747476	0.5	1	0.8338209004897635	1.0
C062	muscle_selective	191	3	0.8778625954198472	-1.3961605584642225	0.6253656753673227	0.75	1	0.8338209004897635	1.0
C062	fusion_promoter	23	3	0.7272727272727272	-4.3478260869565215	0.42264973081037427	1.0	0	0.8338209004897635	1.0
C063	all_candidates	3071	5	0.9494873718429607	-0.6577661999348744	0.5772255758854984	0.5	3	0.7924716053610704	0.8333333333333334
C063	HSMM	1026	5	0.9410909090909091	-0.7894736842105265	0.5943537040208028	0.625	2	0.7924716053610704	0.8333333333333334
C063	muscle_selective	191	5	0.8357664233576642	-2.3560209424083762	0.07117252352444585	0.125	1	0.2846900940977834	0.5
C063	fusion_promoter	23	5	1.0555555555555554	0.8695652173913049	0.8712193191878356	1.0	2	0.8712193191878356	1.0
C064	all_candidates	3071	3	1.0789890324460716	0.874854865818768	0.8596970151282801	1.0	2	0.9519560275788019	1.0
C064	HSMM	1026	3	0.9771085605980818	-0.2675389371296017	0.9519560275788019	1.0	2	0.9519560275788019	1.0
C064	muscle_selective	191	3	0.9112954690491383	-1.0107620709714973	0.7770795060940046	1.0	2	0.9519560275788019	1.0
C064	fusion_promoter	23	3	1.3100323624595467	3.9443346508563897	0.7032199293639323	0.75	2	0.9519560275788019	1.0
C065	all_candidates	3071	1	1.0036231884057971	0.03256268316509242	NA	NA	1	NA	NA
C065	HSMM	1026	1	0.7884615384615384	-2.144249512670565	NA	NA	0	NA	NA
C065	muscle_selective	191	1	0.7647058823529412	-2.0942408376963346	NA	NA	0	NA	NA
C065	fusion_promoter	23	1	1.0	0.0	NA	NA	0	NA	NA
C066	all_candidates	3071	1	1.0036231884057971	0.03256268316509242	NA	NA	1	NA	NA
C066	HSMM	1026	1	0.7884615384615384	-2.144249512670565	NA	NA	0	NA	NA
C066	muscle_selective	191	1	0.7647058823529412	-2.0942408376963346	NA	NA	0	NA	NA
C066	fusion_promoter	23	1	1.0	0.0	NA	NA	0	NA	NA
C067	all_candidates	3071	1	1.0036231884057971	0.03256268316509242	NA	NA	1	NA	NA
C067	HSMM	1026	1	0.7884615384615384	-2.144249512670565	NA	NA	0	NA	NA
C067	muscle_selective	191	1	0.7647058823529412	-2.0942408376963346	NA	NA	0	NA	NA
C067	fusion_promoter	23	1	1.0	0.0	NA	NA	0	NA	NA
C068	all_candidates	3071	5	1.2479567263146722	2.44917491014932	0.162273798593583	0.1875	4	0.3568942992941482	0.3125
C068	HSMM	1026	5	1.2017558596963238	2.101007349291108	0.29457706975777626	0.3125	4	0.3568942992941482	0.3125
C068	muscle_selective	191	5	1.1437397231844961	1.4640174303274702	0.3568942992941482	0.3125	4	0.3568942992941482	0.3125
C068	fusion_promoter	23	5	1.4953097427324231	5.760734539562518	0.28304757516797013	0.3125	4	0.3568942992941482	0.3125
C069	all_candidates	3071	1	1.0036231884057971	0.03256268316509242	NA	NA	1	NA	NA
C069	HSMM	1026	1	0.7884615384615384	-2.144249512670565	NA	NA	0	NA	NA
C069	muscle_selective	191	1	0.7647058823529412	-2.0942408376963346	NA	NA	0	NA	NA
C069	fusion_promoter	23	1	1.0	0.0	NA	NA	0	NA	NA
C070	all_candidates	3071	3	1.0950251537171605	0.9226093563442963	0.3503875165021869	0.25	3	0.7192450847042156	1.0
C070	HSMM	1026	3	0.9387144992526159	-0.6660168940870699	0.5315127003694413	0.75	1	0.7192450847042156	1.0
C070	muscle_selective	191	3	1.1386138613861387	1.2216404886561958	0.5394338135281617	0.5	2	0.7192450847042156	1.0
C070	fusion_promoter	23	3	1.0	0.0	1.0	1.0	0	1.0	1.0
C071	all_candidates	3071	5	0.9581125410042898	-0.5405405405405403	0.5326888725906306	0.75	3	0.5326888725906306	0.75
C071	HSMM	1026	5	0.9157820240622786	-1.1598440545808968	0.11332863327298533	0.125	1	0.4533145330919413	0.5
C071	muscle_selective	191	5	0.9308943089430893	-0.8900523560209418	0.4554287252873208	0.5	2	0.5326888725906306	0.75
C071	fusion_promoter	23	5	1.1875	2.6086956521739135	0.4263172079403687	0.75	2	0.5326888725906306	0.75
C072	all_candidates	3071	6	0.9277090794422997	-0.8294439017331207	0.6399339060381727	0.625	3	0.8847450400247231	0.9375
C072	HSMM	1026	6	0.9470228552554205	-0.6358488814629054	0.7417627118286438	0.75	3	0.8847450400247231	0.9375
C072	muscle_selective	191	6	0.9626410208988353	-0.4196792154907314	0.8479841169612407	0.90625	2	0.8847450400247231	0.9375
C072	fusion_promoter	23	6	1.0294906166219837	0.3795721187025531	0.8847450400247231	0.9375	3	0.8847450400247231	0.9375
C073	all_candidates	3071	1	1.0036231884057971	0.03256268316509242	NA	NA	1	NA	NA
C073	HSMM	1026	1	0.7884615384615384	-2.144249512670565	NA	NA	0	NA	NA
C073	muscle_selective	191	1	0.7647058823529412	-2.0942408376963346	NA	NA	0	NA	NA
C073	fusion_promoter	23	1	1.0	0.0	NA	NA	0	NA	NA
C074	all_candidates	3071	1	1.0036231884057971	0.03256268316509242	NA	NA	1	NA	NA
C074	HSMM	1026	1	0.7884615384615384	-2.144249512670565	NA	NA	0	NA	NA
C074	muscle_selective	191	1	0.7647058823529412	-2.0942408376963346	NA	NA	0	NA	NA
C074	fusion_promoter	23	1	1.0	0.0	NA	NA	0	NA	NA
C075	all_candidates	3071	2	1.0100446428571428	0.14653207424291867	0.42083315167887037	0.5	2	0.8746110143396509	1.0
C075	HSMM	1026	2	0.9817629179331305	-0.29239766081871343	0.9003041487233734	1.0	1	0.9003041487233734	1.0
C075	muscle_selective	191	2	0.9444444444444444	-0.7853403141361265	0.6559582607547382	1.0	1	0.8746110143396509	1.0
C075	fusion_promoter	23	2	0.8750000000000001	-2.1739130434782608	0.49999999999999944	1.0	0	0.8746110143396509	1.0
C076	all_candidates	3071	6	0.9187554200169293	-0.9349711156939494	0.4859962329399098	0.53125	2	0.8054054496848153	0.875
C076	HSMM	1026	6	0.9283013227710935	-0.8658219623131915	0.5474347173733723	0.53125	2	0.8054054496848153	0.875
C076	muscle_selective	191	6	0.9610512710038779	-0.4382392864068228	0.8054054496848153	0.875	1	0.8054054496848153	0.875
C076	fusion_promoter	23	6	1.0675458346735285	0.8454106280193222	0.7358383343498184	0.8125	3	0.8054054496848153	0.875
C077	all_candidates	3071	2	0.9741176470588235	-0.35818951481602146	0.5276616991333238	1.0	1	0.5276616991333238	1.0
C077	HSMM	1026	2	0.8878205128205129	-1.705653021442495	0.16023081252789984	0.5	0	0.40966552939826717	1.0
C077	muscle_selective	191	2	0.8095238095238095	-3.1413612565445033	0.20483276469913358	0.5	0	0.40966552939826717	1.0
C077	fusion_promoter	23	2	1.6	6.521739130434782	0.49999999999999956	1.0	1	0.5276616991333238	1.0
C078	all_candidates	3071	4	1.042517006802721	0.6105503093454898	0.3711749575557511	0.375	3	0.7423499151115022	0.75
C078	HSMM	1026	4	1.007171314741036	0.10964912280701719	0.9293653721868731	1.0	2	0.9293653721868731	1.0
C078	muscle_selective	191	4	1.017467248908297	0.26178010471204183	0.90913171228949	1.0	2	0.9293653721868731	1.0
C078	fusion_promoter	23	4	1.7222222222222223	7.065217391304349	0.13531021604638316	0.25	3	0.5412408641855326	0.75
C079	all_candidates	3071	6	0.9489821563206834	-0.7344694091682064	0.40341232326491117	0.46875	3	0.40341232326491117	0.46875
C079	HSMM	1026	6	0.9350877192982457	-1.0017327268789247	0.400186119194076	0.40625	2	0.40341232326491117	0.46875
C079	muscle_selective	191	6	0.9263565891472868	-1.1052937754508447	0.340157480493979	0.34375	2	0.40341232326491117	0.46875
C079	fusion_promoter	23	6	1.8974358974358974	8.454106280193237	0.03074465151686977	0.0625	5	0.12297860606747908	0.25
C080	all_candidates	3071	6	1.0813952611488544	0.8483756693070542	0.0392917225891757	0.0625	5	0.07623402057545366	0.125
C080	HSMM	1026	6	1.0610282222347498	0.6790400669941967	0.16919107995802649	0.1875	5	0.16919107995802649	0.1875
C080	muscle_selective	191	6	1.093308011933223	0.9559895936052535	0.05717551543159024	0.09375	5	0.07623402057545366	0.125
C080	fusion_promoter	23	6	1.163779254855135	1.9588727174478269	0.012266642551366046	0.03125	6	0.049066570205464184	0.125
C081	all_candidates	3071	6	1.0030873501519537	0.03301061481149707	0.7217211695106374	0.71875	4	0.7217211695106374	0.71875
C081	HSMM	1026	6	0.9440288751675207	-0.6613923165169694	0.1792022381398569	0.125	0	0.3584044762797138	0.25
C081	muscle_selective	191	6	1.0256441617742993	0.2626151289694992	0.7101886037590137	0.65625	4	0.7217211695106374	0.71875
C081	fusion_promoter	23	6	1.132699097685367	1.759153318077804	0.08141037488838844	0.125	4	0.32564149955355376	0.25
C082	all_candidates	3071	6	0.983395159400182	-0.1899575995961529	0.4309854196303966	0.5	4	0.5746472261738621	0.6666666666666666
C082	HSMM	1026	6	0.9604944882280457	-0.49270552925524125	0.057880482045549776	0.03125	0	0.2315219281821991	0.125
C082	muscle_selective	191	6	1.0551050780930573	0.5833610349317144	0.14149496239758985	0.15625	4	0.2829899247951797	0.3125
C082	fusion_promoter	23	6	0.9811057120810829	-0.26052449965493324	0.8199885891653309	0.84375	3	0.8199885891653309	0.84375
C083	all_candidates	3071	6	0.9669706357822788	-0.37290745122068153	0.29844038749263024	0.40625	2	0.5968807749852605	0.8125
C083	HSMM	1026	6	0.9371212399503592	-0.772376448546045	0.12428877082289086	0.03125	0	0.49715508329156344	0.125
C083	muscle_selective	191	6	1.0042099910255509	0.0450453657259971	0.9343422766517866	0.96875	3	0.9343422766517866	0.96875
C083	fusion_promoter	23	6	0.9569242308265308	-0.5901405357927106	0.7116175803261597	0.875	2	0.9343422766517866	0.96875
C084	all_candidates	3071	6	1.1540798781020327	1.5427174162114163	0.23919371855734795	0.1875	5	0.4783874371146959	0.375
C084	HSMM	1026	6	1.1548081310805143	1.6401471786462105	0.3798022782179579	0.4375	4	0.5064030376239439	0.46875
C084	muscle_selective	191	6	1.1163456640555087	1.1705310396409851	0.5110319648584587	0.46875	4	0.5110319648584587	0.46875
C084	fusion_promoter	23	6	1.4472165243524304	5.391649413388544	0.15774767150004418	0.125	4	0.4783874371146959	0.375
C085	all_candidates	3071	3	0.9584996009577016	-0.5644198415282746	0.20273150853384364	0.5	1	0.5394065133195569	1.0
C085	HSMM	1026	3	0.9489559164733179	-0.7147498375568551	0.6342465767605348	0.75	1	0.8456621023473797	1.0
C085	muscle_selective	191	3	1.0000000000000002	0.0	1.0	1.0	1	1.0	1.0
C085	fusion_promoter	23	3	1.5	5.797101449275362	0.26970325665977846	0.5	2	0.5394065133195569	1.0
C086	all_candidates	3071	3	1.0037375415282392	0.04070335395636772	0.45978819545074756	0.75	2	0.6130509272676634	1.0
C086	HSMM	1026	3	0.9370860927152319	-0.7201646090534957	0.4331282516095084	0.5	1	0.6130509272676634	1.0
C086	muscle_selective	191	3	1.0132352941176475	0.13089005235602152	0.9182594685812799	1.0	2	0.9182594685812799	1.0
C086	fusion_promoter	23	3	1.2659574468085106	3.0193236714975837	0.21374317034695126	0.5	2	0.6130509272676634	1.0
C087	all_candidates	3071	5	0.9960849269688301	-0.04233148811462084	0.9406510940414623	1.0	3	0.9406510940414623	1.0
C087	HSMM	1026	5	0.9887882708063821	-0.1267056530214425	0.9115078337781641	0.9375	2	0.9406510940414623	1.0
C087	muscle_selective	191	5	0.9333333333333333	-0.7591623036649218	0.4408417619400225	0.4375	2	0.881683523880045	0.875
C087	fusion_promoter	23	5	1.4727272727272727	5.652173913043478	0.13497133155226632	0.125	4	0.5398853262090653	0.5
C088	all_candidates	3071	5	0.9376161826140872	-0.564600745323604	0.7856879904404319	0.75	2	0.9192935283267708	1.0
C088	HSMM	1026	5	0.9108335424542408	-0.852052971936037	0.7456599933007901	0.8125	2	0.9192935283267708	1.0
C088	muscle_selective	191	5	0.8532731376975171	-1.3504529211335472	0.5746140245042748	0.5	1	0.9192935283267708	1.0
C088	fusion_promoter	23	5	1.0559839088166276	0.5762594893029682	0.9192935283267708	1.0	1	0.9192935283267708	1.0
C089	all_candidates	3071	1	1.0036231884057971	0.03256268316509242	NA	NA	1	NA	NA
C089	HSMM	1026	1	0.7884615384615384	-2.144249512670565	NA	NA	0	NA	NA
C089	muscle_selective	191	1	0.7647058823529412	-2.0942408376963346	NA	NA	0	NA	NA
C089	fusion_promoter	23	1	1.0	0.0	NA	NA	0	NA	NA
C090	all_candidates	3071	3	0.9220607661822986	-0.6403994355801585	0.675936664704054	1.0	2	0.675936664704054	1.0
C090	HSMM	1026	3	0.7949640287769785	-1.8518518518518516	0.26796630539664607	0.5	1	0.5635329744138323	1.0
C090	muscle_selective	191	3	0.7346938775510203	-2.2687609075043627	0.30611133351128905	0.5	1	0.5635329744138323	1.0
C090	fusion_promoter	23	3	0.6666666666666666	-4.3478260869565215	0.42264973081037427	1.0	0	0.5635329744138323	1.0
C091	all_candidates	3071	4	0.9949195596951738	-0.04884402474763915	0.9675560234088207	1.0	3	0.9675560234088207	1.0
C091	HSMM	1026	4	0.9572446555819477	-0.43859649122807015	0.8081931258747477	1.0	2	0.9675560234088207	1.0
C091	muscle_selective	191	4	0.8148148148148149	-1.963350785340314	0.20485552209320637	0.25	1	0.8194220883728255	1.0
C091	fusion_promoter	23	4	1.0833333333333335	1.086956521739131	0.8728885715695381	1.0	1	0.9675560234088207	1.0
C092	all_candidates	3071	2	0.6008302931186323	-4.305058070118293	0.2812963605951022	0.5	0	0.37506181412680295	0.6666666666666666
C092	HSMM	1026	2	0.522477876106196	-5.478395061728366	0.1180246627651766	0.5	0	0.2360493255303532	0.6666666666666666
C092	muscle_selective	191	2	0.4878048780487806	-5.497382198952877	0.010104227213323541	0.5	0	0.040416908853294166	0.6666666666666666
C092	fusion_promoter	23	2	0.5070422535211268	-6.340579710144927	0.49999999999999944	1.0	0	0.49999999999999944	1.0
C093	all_candidates	3071	1	1.0036231884057971	0.03256268316509242	NA	NA	1	NA	NA
C093	HSMM	1026	1	0.7884615384615384	-2.144249512670565	NA	NA	0	NA	NA
C093	muscle_selective	191	1	0.7647058823529412	-2.0942408376963346	NA	NA	0	NA	NA
C093	fusion_promoter	23	1	1.0	0.0	NA	NA	0	NA	NA
C094	all_candidates	3071	1	1.0036231884057971	0.03256268316509242	NA	NA	1	NA	NA
C094	HSMM	1026	1	0.7884615384615384	-2.144249512670565	NA	NA	0	NA	NA
C094	muscle_selective	191	1	0.7647058823529412	-2.0942408376963346	NA	NA	0	NA	NA
C094	fusion_promoter	23	1	1.0	0.0	NA	NA	0	NA	NA
C095	all_candidates	3071	1	1.0036231884057971	0.03256268316509242	NA	NA	1	NA	NA
C095	HSMM	1026	1	0.7884615384615384	-2.144249512670565	NA	NA	0	NA	NA
C095	muscle_selective	191	1	0.7647058823529412	-2.0942408376963346	NA	NA	0	NA	NA
C095	fusion_promoter	23	1	1.0	0.0	NA	NA	0	NA	NA
C096	all_candidates	3071	5	0.9088726444572398	-0.8508251723216445	0.7038475040163731	0.6875	2	0.9384633386884974	1.0
C096	HSMM	1026	5	0.8820226629214963	-1.1641875303771707	0.6750581300681201	0.75	2	0.9384633386884974	1.0
C096	muscle_selective	191	5	0.8223184483930691	-1.6969154203929613	0.5059749430974281	0.4375	1	0.9384633386884974	1.0
C096	fusion_promoter	23	5	0.9947380946085304	-0.05749716848114872	0.9921895743069227	1.0	1	0.9921895743069227	1.0
C097	all_candidates	3071	1	1.0036231884057971	0.03256268316509242	NA	NA	1	NA	NA
C097	HSMM	1026	1	0.7884615384615384	-2.144249512670565	NA	NA	0	NA	NA
C097	muscle_selective	191	1	0.7647058823529412	-2.0942408376963346	NA	NA	0	NA	NA
C097	fusion_promoter	23	1	1.0	0.0	NA	NA	0	NA	NA
C098	all_candidates	3071	3	1.0738461538461541	0.521002930641485	0.29058013844142483	0.25	3	0.7358367403515806	1.0
C098	HSMM	1026	3	0.8947368421052632	-0.8447043534762833	0.3679183701757903	0.5	1	0.7358367403515806	1.0
C098	muscle_selective	191	3	1.0588235294117645	0.34904013961605596	0.8218258387250503	0.75	2	1.0	1.0
C098	fusion_promoter	23	3	1.0	0.0	1.0	1.0	0	1.0	1.0
C099	all_candidates	3071	4	1.0940409683426446	0.8222077499185935	0.13018693352298688	0.125	4	0.5207477340919475	0.5
C099	HSMM	1026	4	1.0333333333333334	0.31676413255360625	0.819367157921653	0.875	2	0.9999999999999999	1.0
C099	muscle_selective	191	4	1.0000000000000002	-1.734723475976807e-16	0.9999999999999999	1.0	2	0.9999999999999999	1.0
C099	fusion_promoter	23	4	1.4444444444444449	4.347826086956522	0.39100221895577053	1.0	1	0.7820044379115411	1.0
C100	all_candidates	3071	6	1.013816102906144	0.13115525163716196	0.9445689406473708	0.96875	2	0.9568482449709215	1.0
C100	HSMM	1026	6	1.0106064726679354	0.10558804418453009	0.9568482449709215	1.0	1	0.9568482449709215	1.0
C100	muscle_selective	191	6	1.0368000000000002	0.33449680046538693	0.8908478625057188	1.0	1	0.9568482449709215	1.0
C100	fusion_promoter	23	6	1.1010101010101012	1.2077294685990332	0.5142794546719082	0.5625	3	0.9568482449709215	1.0
C101	all_candidates	3071	1	1.0036231884057971	0.03256268316509242	NA	NA	1	NA	NA
C101	HSMM	1026	1	0.7884615384615384	-2.144249512670565	NA	NA	0	NA	NA
C101	muscle_selective	191	1	0.7647058823529412	-2.0942408376963346	NA	NA	0	NA	NA
C101	fusion_promoter	23	1	1.0	0.0	NA	NA	0	NA	NA
C102	all_candidates	3071	2	1.095823095823096	0.6349723217193095	0.4832507137913892	0.5	2	0.8746110143396516	1.0
C102	HSMM	1026	2	0.8831168831168831	-0.8771929824561403	0.6144982940974004	1.0	1	0.8746110143396516	1.0
C102	muscle_selective	191	2	0.8571428571428571	-0.7853403141361255	0.6559582607547387	1.0	1	0.8746110143396516	1.0
C102	fusion_promoter	23	2	1.0	0.0	1.0	1.0	0	1.0	1.0
C103	all_candidates	3071	4	0.9625719769673703	-0.3174861608596554	0.6408895350500359	0.75	2	0.6408895350500359	0.75
C103	HSMM	1026	4	0.8672086720867208	-1.1939571150097466	0.12170851004554634	0.25	1	0.2868932567593999	0.5
C103	muscle_selective	191	4	0.8333333333333335	-1.4397905759162304	0.16273310982429356	0.25	1	0.2868932567593999	0.5
C103	fusion_promoter	23	4	1.3	3.260869565217391	0.21516994256954994	0.5	2	0.2868932567593999	0.6666666666666666
C104	all_candidates	3071	6	0.9278568252556662	-0.7547564776480752	0.7191423723994255	0.71875	1	0.9836117175889835	1.0
C104	HSMM	1026	6	0.9383360723815583	-0.6748158977691141	0.7597893832570846	0.78125	1	0.9836117175889835	1.0
C104	muscle_selective	191	6	0.994850455136541	-0.05142109199700642	0.9836117175889835	1.0	1	0.9836117175889835	1.0
C104	fusion_promoter	23	6	1.0087260034904013	0.1078329882677707	0.9548046090547258	0.9375	3	0.9836117175889835	1.0
C105	all_candidates	3071	1	1.0036231884057971	0.03256268316509242	NA	NA	1	NA	NA
C105	HSMM	1026	1	0.7884615384615384	-2.144249512670565	NA	NA	0	NA	NA
C105	muscle_selective	191	1	0.7647058823529412	-2.0942408376963346	NA	NA	0	NA	NA
C105	fusion_promoter	23	1	1.0	0.0	NA	NA	0	NA	NA
C106	all_candidates	3071	3	1.010786802030457	0.09226093563442944	0.8993059903262162	0.75	2	1.0	1.0
C106	HSMM	1026	3	0.881326352530541	-1.10461338531514	0.2860671065381261	0.5	1	0.9113378920963657	1.0
C106	muscle_selective	191	3	0.9120879120879123	-0.6980802792321112	0.45566894604818287	0.75	1	0.9113378920963657	1.0
C106	fusion_promoter	23	3	1.0	0.0	1.0	1.0	0	1.0	1.0
C107	all_candidates	3071	4	0.9484099904462948	-0.5128622598502071	0.41618737724644056	0.5	2	0.5549165029952541	0.6666666666666666
C107	HSMM	1026	4	0.9108571428571423	-0.9502923976608249	0.26451563779970005	0.375	1	0.5290312755994001	0.6666666666666666
C107	muscle_selective	191	4	0.8720682302771855	-1.30890052356021	0.2061647191040581	0.375	1	0.5290312755994001	0.6666666666666666
C107	fusion_promoter	23	4	1.0416666666666667	0.5434782608695659	0.7176856442107857	1.0	2	0.7176856442107857	1.0
C108	all_candidates	3071	6	1.0022622981912226	0.023063997417738354	0.9465308461761152	0.96875	3	0.9465308461761152	0.96875
C108	HSMM	1026	6	0.9872258630953207	-0.13932190119671148	0.7523675680631804	0.875	2	0.9465308461761152	0.96875
C108	muscle_selective	191	6	1.0127113000845087	0.12764409534990484	0.7906989354481981	0.78125	3	0.9465308461761152	0.96875
C108	fusion_promoter	23	6	1.0863107954703453	1.0136292114028576	0.15321198352549342	0.125	5	0.6128479341019737	0.5
C109	all_candidates	3071	6	1.0043703751409043	0.04628766122107507	0.6347186760902888	0.6875	4	0.7085348807642993	0.6875
C109	HSMM	1026	6	0.9426225864713312	-0.6718350901176365	0.17198391380136127	0.125	0	0.34396782760272254	0.25
C109	muscle_selective	191	6	1.0260580066981722	0.26417334387849983	0.7085348807642993	0.625	4	0.7085348807642993	0.6875
C109	fusion_promoter	23	6	1.1233123103164608	1.6426936907486114	0.08177874943432986	0.125	4	0.32711499773731945	0.25
C110	all_candidates	3071	6	0.9816472465402675	-0.20547089348611816	0.39012053377448297	0.5	4	0.5201607116993107	0.6666666666666666
C110	HSMM	1026	6	0.9557308076043544	-0.541782493921616	0.035759123616264515	0.03125	0	0.14303649446505806	0.125
C110	muscle_selective	191	6	1.048576557006485	0.502091470677859	0.20718989545155928	0.25	4	0.41437979090311855	0.5
C110	fusion_promoter	23	6	0.9735763399153736	-0.36292421875945824	0.7368091499457047	0.75	3	0.7368091499457047	0.75
C111	all_candidates	3071	6	0.967247533329007	-0.3593358006663272	0.3191103078157036	0.46875	3	0.6382206156314072	0.9375
C111	HSMM	1026	6	0.9333512529263845	-0.7970930412450962	0.11190968076044826	0.03125	0	0.44763872304179303	0.125
C111	muscle_selective	191	6	0.9977357711327786	-0.023507215061961566	0.9650996310436379	1.0	3	0.9650996310436379	1.0
C111	fusion_promoter	23	6	0.9562459877900059	-0.5947880097218473	0.7023294953883077	0.875	3	0.9364393271844103	1.0
C112	all_candidates	3071	6	1.0744219643604176	0.7222566907194341	0.021838998200259488	0.0625	5	0.0353179455223639	0.08333333333333333
C112	HSMM	1026	6	1.0774321190965352	0.7058955338745908	0.02570371055526594	0.0625	5	0.0353179455223639	0.08333333333333333
C112	muscle_selective	191	6	1.0743775942006537	0.7323310339813296	0.026488459141772922	0.0625	5	0.0353179455223639	0.08333333333333333
C112	fusion_promoter	23	6	1.0221297749985478	0.27082016972650563	0.6376275486000479	0.5625	5	0.6376275486000479	0.5625
C113	all_candidates	3071	6	0.9908217843321139	-0.10144050098142403	0.3653808195057627	0.5	3	0.3896161030860232	0.5625
C113	HSMM	1026	6	0.987444352876446	-0.13057899795195504	0.3064761035876051	0.46875	3	0.3896161030860232	0.5625
C113	muscle_selective	191	6	0.9693752845732233	-0.35001685006521616	0.3661072378411176	0.5	2	0.3896161030860232	0.5625
C113	fusion_promoter	23	6	0.9322967974674177	-0.9732438499270434	0.3896161030860232	0.5625	2	0.3896161030860232	0.5625
C114	all_candidates	3071	6	0.9875003873441935	-0.13016788198505802	0.4136102091321648	0.65625	3	0.5252249030217735	0.75
C114	HSMM	1026	6	0.9827551375127662	-0.1696350942519128	0.3721108370226891	0.46875	3	0.5252249030217735	0.75
C114	muscle_selective	191	6	0.9741457717007905	-0.2762555335554888	0.3805548777236837	0.53125	2	0.5252249030217735	0.75
C114	fusion_promoter	23	6	0.9626238477179359	-0.48885326277855884	0.5252249030217735	0.75	3	0.5252249030217735	0.75
C115	all_candidates	3071	6	0.991889084632162	-0.08249525253858103	0.43488590733841453	0.46875	3	0.5449921604601111	0.6875
C115	HSMM	1026	6	0.9950145579406227	-0.047689192450162704	0.5449921604601111	0.5625	3	0.5449921604601111	0.6875
C115	muscle_selective	191	6	0.982374844502354	-0.1827734964202611	0.3723455147312195	0.4375	3	0.5449921604601111	0.6875
C115	fusion_promoter	23	6	0.9633049722138579	-0.4638347787947199	0.4364802835991358	0.6875	3	0.5449921604601111	0.6875
C116	all_candidates	3071	6	1.086572047427123	0.8401718635201181	0.1722184318544862	0.1875	5	0.24600914646138083	0.25
C116	HSMM	1026	6	1.0916253906875175	0.8352858585104532	0.1445027109446329	0.15625	5	0.24600914646138083	0.25
C116	muscle_selective	191	6	1.0829747023868255	0.8169792293806556	0.18450685984603563	0.1875	5	0.24600914646138083	0.25
C116	fusion_promoter	23	6	1.0207386735370667	0.2537961225353401	0.7743453914953689	0.78125	4	0.7743453914953689	0.78125
C117	all_candidates	3071	6	0.9756405582041949	-0.2723831500242501	0.36928175385369966	0.5625	2	0.37053567385021324	0.59375
C117	HSMM	1026	6	0.9626569863150655	-0.39486641449389154	0.3675218126818397	0.53125	2	0.37053567385021324	0.59375
C117	muscle_selective	191	6	0.9241126010074477	-0.8930538544022308	0.37053567385021324	0.59375	3	0.37053567385021324	0.59375
C117	fusion_promoter	23	6	0.9122397276598013	-1.2982267730799781	0.3296281464675205	0.34375	1	0.37053567385021324	0.59375
C118	all_candidates	3071	6	0.9750617442374977	-0.27269276266425335	0.36943998219668567	0.53125	2	0.3951821076513721	0.6875
C118	HSMM	1026	6	0.9739589313607679	-0.2692059071456961	0.3951821076513721	0.6875	3	0.3951821076513721	0.6875
C118	muscle_selective	191	6	0.9507029205900459	-0.5542114927866194	0.3166817748075216	0.3125	2	0.3951821076513721	0.6875
C118	fusion_promoter	23	6	0.9048988983393108	-1.314809576780703	0.34221861040304524	0.4375	1	0.3951821076513721	0.6875
C119	all_candidates	3071	6	0.9914772644565336	-0.08942082050615816	0.4426080768429714	0.53125	2	0.44817584669422394	0.65625
C119	HSMM	1026	6	0.9896632480600963	-0.1023135236179516	0.44817584669422394	0.65625	2	0.44817584669422394	0.65625
C119	muscle_selective	191	6	0.956927937747709	-0.4675838578576179	0.32156638693447875	0.34375	2	0.44817584669422394	0.65625
C119	fusion_promoter	23	6	0.9125231564697539	-1.1674712510855956	0.335975128650432	0.375	1	0.44817584669422394	0.65625
C120	all_candidates	3071	6	1.0989512699415014	0.9603108085715277	0.2273613899114387	0.25	5	0.30314851988191827	0.3333333333333333
C120	HSMM	1026	6	1.1080427349275046	0.9849515284198709	0.19178162465630416	0.1875	5	0.30314851988191827	0.3333333333333333
C120	muscle_selective	191	6	1.102118033559856	1.0054668466861	0.20338096325408198	0.21875	5	0.30314851988191827	0.3333333333333333
C120	fusion_promoter	23	6	1.006551834469238	0.0801801610317047	0.9583178978871387	0.9375	3	0.9583178978871387	0.9375
C121	all_candidates	3071	6	0.9604238285153004	-0.46173434031852634	0.32576515424326896	0.3125	3	0.4125527118001987	0.5
C121	HSMM	1026	6	0.9550565053368506	-0.49480012724712963	0.27951804724497753	0.34375	2	0.4125527118001987	0.5
C121	muscle_selective	191	6	0.9333037651877696	-0.8028301829711476	0.4125527118001987	0.71875	3	0.4125527118001987	0.71875
C121	fusion_promoter	23	6	0.9174798774972315	-1.2790590928245444	0.2990134939247548	0.375	3	0.4125527118001987	0.5
C122	all_candidates	3071	6	0.9667428760922679	-0.39605663175834194	0.362699934416336	0.4375	3	0.4363144690574681	0.5833333333333334
C122	HSMM	1026	6	0.9700393467384755	-0.3367134764008633	0.34950746430887	0.40625	2	0.4363144690574681	0.5833333333333334
C122	muscle_selective	191	6	0.9703396372665639	-0.358108599258207	0.4363144690574681	0.625	3	0.4363144690574681	0.625
C122	fusion_promoter	23	6	0.8526013867013716	-2.3118080953351905	0.3357671770291104	0.375	3	0.4363144690574681	0.5833333333333334
C123	all_candidates	3071	6	0.9699279689722219	-0.33583611081473375	0.36416914195175143	0.5	3	0.4639470626655223	0.6666666666666666
C123	HSMM	1026	6	0.9802813839908284	-0.20693510699769588	0.37493006178746935	0.4375	3	0.4639470626655223	0.6666666666666666
C123	muscle_selective	191	6	0.9658526068674818	-0.3884294214866105	0.4639470626655223	0.6875	3	0.4639470626655223	0.6875
C123	fusion_promoter	23	6	0.838635892273906	-2.3885021641803617	0.32028932368932944	0.34375	3	0.4639470626655223	0.6666666666666666
C124	all_candidates	3071	6	1.0594252869253722	0.5914934308876263	0.33848067889698125	0.375	5	0.5201912265256793	0.5
C124	HSMM	1026	6	1.062810150294641	0.5881215011611204	0.29530569872250145	0.34375	5	0.5201912265256793	0.5
C124	muscle_selective	191	6	1.0531483319468116	0.5381256810278384	0.39014341989425944	0.375	5	0.5201912265256793	0.5
C124	fusion_promoter	23	6	1.0145183230949593	0.17876197288876255	0.8287605083978306	0.8125	4	0.8287605083978306	0.8125
C125	all_candidates	3071	6	0.9811915138455183	-0.20584668266062944	0.36127792837428657	0.40625	2	0.5110733988938236	0.625
C125	HSMM	1026	6	0.9776048623726186	-0.23137992702826904	0.42783237746739367	0.625	2	0.5110733988938236	0.625
C125	muscle_selective	191	6	0.9643055975152867	-0.39908788131621453	0.42256008143414764	0.625	3	0.5110733988938236	0.625
C125	fusion_promoter	23	6	0.9900392432274824	-0.12909569329515477	0.5110733988938236	0.46875	2	0.5110733988938236	0.625
C126	all_candidates	3071	6	0.9828136245578029	-0.1896399914138952	0.34124577219750896	0.375	2	0.44465210123823656	0.75
C126	HSMM	1026	6	0.9841097529987193	-0.16539236859517623	0.44465210123823656	0.75	3	0.44465210123823656	0.75
C126	muscle_selective	191	6	0.9716683326502223	-0.3194531111143426	0.411083235750765	0.5625	3	0.44465210123823656	0.75
C126	fusion_promoter	23	6	0.9368584537928951	-0.8644190895973453	0.3275101466211548	0.3125	1	0.44465210123823656	0.75
C127	all_candidates	3071	6	0.9869633372124679	-0.14077261886603631	0.350646644750001	0.4375	2	0.4501568083704883	0.7083333333333334
C127	HSMM	1026	6	0.9884646439647813	-0.11740583914546451	0.4501568083704883	0.71875	2	0.4501568083704883	0.71875
C127	muscle_selective	191	6	0.9669461919274699	-0.3668247859009643	0.3980304999512489	0.53125	2	0.4501568083704883	0.7083333333333334
C127	fusion_promoter	23	6	0.9456762562927494	-0.7277765816802101	0.3002066996154649	0.28125	1	0.4501568083704883	0.7083333333333334
C128	all_candidates	3071	6	0.9275741025075613	-0.7703637938917723	0.13149067840879294	0.15625	1	0.1722796856853608	0.1875
C128	HSMM	1026	6	0.9324381396568727	-0.6754522801232392	0.1722796856853608	0.15625	1	0.1722796856853608	0.1875
C128	muscle_selective	191	6	0.9212639511042277	-0.8537447449774969	0.15040435923861856	0.1875	2	0.1722796856853608	0.1875
C128	fusion_promoter	23	6	0.9256443573045108	-0.9838557418924075	0.028798141463829797	0.03125	0	0.11519256585531919	0.125
C129	all_candidates	3071	6	0.9793557867044913	-0.235043080613756	0.4211932478262219	0.71875	3	0.5615909971016292	0.71875
C129	HSMM	1026	6	0.9676084939032968	-0.34766679215184837	0.41880130973798513	0.6875	3	0.5615909971016292	0.71875
C129	muscle_selective	191	6	0.9291500255056682	-0.8447314704744441	0.33318754926915073	0.375	2	0.5615909971016292	0.71875
C129	fusion_promoter	23	6	0.9506978022808963	-0.7286710863953039	0.5867042998433993	0.71875	2	0.5867042998433993	0.71875
C130	all_candidates	3071	6	0.9859589044081088	-0.15817758672457038	0.4359755396316479	0.75	3	0.43972502830426125	0.8125
C130	HSMM	1026	6	0.9882729456385094	-0.12529306279911123	0.4207548140711783	0.5625	2	0.43972502830426125	0.8125
C130	muscle_selective	191	6	0.9666498750955115	-0.3892073484933636	0.2731384304315765	0.28125	1	0.43972502830426125	0.8125
C130	fusion_promoter	23	6	0.8862426485951498	-1.6362403260389253	0.43972502830426125	0.8125	3	0.43972502830426125	0.8125
C131	all_candidates	3071	6	0.9813632581114139	-0.19780147284857302	0.4341637874465968	0.90625	3	0.45196654943074427	0.90625
C131	HSMM	1026	6	0.9862250654064754	-0.13794923391848316	0.42796266215384154	0.6875	3	0.45196654943074427	0.90625
C131	muscle_selective	191	6	0.9513293510683056	-0.5363013460042423	0.37384510723994796	0.5	3	0.45196654943074427	0.90625
C131	fusion_promoter	23	6	0.8908254211229311	-1.4901901488493736	0.45196654943074427	0.875	4	0.45196654943074427	0.90625
C132	all_candidates	3071	6	0.92557202544439	-0.7790860524968535	0.02616415628295201	0.0625	1	0.054489369282208225	0.125
C132	HSMM	1026	6	0.9276870313203857	-0.7118774085475333	0.027244684641104112	0.0625	1	0.054489369282208225	0.125
C132	muscle_selective	191	6	0.9242471224700607	-0.8042847602306554	0.04837892955707767	0.09375	1	0.06450523940943689	0.125
C132	fusion_promoter	23	6	0.9195325141310714	-1.0475058102705832	0.15423719656075305	0.15625	1	0.15423719656075305	0.15625
C133	all_candidates	3071	6	0.9757984911601265	-0.2680561879902765	0.3328442466332251	0.4375	3	0.4264650190104803	0.75
C133	HSMM	1026	6	0.9681819127895177	-0.3317796180797255	0.3529479968553822	0.375	2	0.4264650190104803	0.75
C133	muscle_selective	191	6	0.940954693262009	-0.6777473762168283	0.3964962467053645	0.75	3	0.4264650190104803	0.75
C133	fusion_promoter	23	6	0.9523364914181458	-0.6766913841599491	0.4264650190104803	0.5625	2	0.4264650190104803	0.75
C134	all_candidates	3071	6	0.9887807297756739	-0.12092745163025456	0.5115567324516286	0.96875	4	0.7450350980848592	0.96875
C134	HSMM	1026	6	0.9908753255720709	-0.09279062459741257	0.594583945725498	0.96875	4	0.7450350980848592	0.96875
C134	muscle_selective	191	6	0.9902159919759135	-0.10727248113095282	0.7450350980848592	0.875	3	0.7450350980848592	0.96875
C134	fusion_promoter	23	6	0.9493155357855181	-0.6766178623377227	0.537051756761912	0.625	3	0.7450350980848592	0.96875
C135	all_candidates	3071	6	0.9940611917988783	-0.06205281320657655	0.6101340243589948	0.9375	4	0.6734414823168916	0.9375
C135	HSMM	1026	6	0.9954230047666291	-0.045081529105005694	0.6734414823168916	0.9375	4	0.6734414823168916	0.9375
C135	muscle_selective	191	6	0.9840405361267097	-0.1705039037305493	0.6541711080120208	0.875	3	0.6734414823168916	0.9375
C135	fusion_promoter	23	6	0.9632385519394439	-0.47908504188547235	0.543431489846187	0.75	3	0.6734414823168916	0.9375
C136	all_candidates	3071	6	1.0330851670607277	0.32244868490718587	0.48254629195641124	0.46875	5	0.7097528545428338	0.7083333333333334
C136	HSMM	1026	6	1.0299527473701768	0.2757518168652476	0.5323146409071253	0.53125	5	0.7097528545428338	0.7083333333333334
C136	muscle_selective	191	6	1.047877625366505	0.4669245627805119	0.18767908137954856	0.1875	5	0.7097528545428338	0.7083333333333334
C136	fusion_promoter	23	6	1.0126198319526807	0.15321431114253894	0.8101510281295583	0.78125	5	0.8101510281295583	0.78125
C137	all_candidates	3071	6	0.9933355813020593	-0.06949525640038978	0.330048531554499	0.46875	3	0.330048531554499	0.46875
C137	HSMM	1026	6	0.9833944653203226	-0.16397521915854502	0.30393148318888996	0.15625	1	0.330048531554499	0.3125
C137	muscle_selective	191	6	0.9845820377643314	-0.16048966891718935	0.2269479008103086	0.03125	0	0.330048531554499	0.125
C137	fusion_promoter	23	6	0.9766678269088301	-0.30700765278627307	0.31572777215392545	0.375	2	0.330048531554499	0.46875
C138	all_candidates	3071	6	0.9941933852961765	-0.05974970383383268	0.25455666258410514	0.3125	3	0.4095651782374701	0.5
C138	HSMM	1026	6	0.9909748034433499	-0.0876154529735159	0.12045352201049515	0.15625	2	0.4095651782374701	0.5
C138	muscle_selective	191	6	1.0098750090569677	0.10139385616425936	0.6295997380453277	0.84375	3	0.6295997380453277	0.84375
C138	fusion_promoter	23	6	0.982765607759183	-0.21994984287050678	0.30717388367810256	0.375	2	0.4095651782374701	0.5
C139	all_candidates	3071	6	0.991588697497959	-0.08446608929394	0.3073698554640316	0.375	3	0.4690436358981595	0.5833333333333334
C139	HSMM	1026	6	0.9906963378007966	-0.08813537971699738	0.24685615512858472	0.25	3	0.4690436358981595	0.5833333333333334
C139	muscle_selective	191	6	1.0065989309494936	0.066228191893187	0.7537336433394829	0.875	3	0.7537336433394829	0.875
C139	fusion_promoter	23	6	0.9734158673471772	-0.33144755895889444	0.3517827269236196	0.4375	2	0.4690436358981595	0.5833333333333334
C140	all_candidates	3071	6	1.0582064061311165	0.5369976825223269	0.043681724313154466	0.03125	6	0.09904481959403931	0.041666666666666664
C140	HSMM	1026	6	1.0648878357968725	0.561592240225712	0.07428361469552948	0.03125	6	0.09904481959403931	0.041666666666666664
C140	muscle_selective	191	6	1.0605729974515437	0.566855371996174	0.04994134949912674	0.03125	6	0.09904481959403931	0.041666666666666664
C140	fusion_promoter	23	6	1.008701874951812	0.10153866029199154	0.84911800723059	0.875	4	0.84911800723059	0.875
C141	all_candidates	3071	6	0.9907840645002292	-0.09854776625962379	0.3785096153721399	0.59375	3	0.42010164597413996	0.75
C141	HSMM	1026	6	0.988243317806701	-0.11831688664925832	0.3546550606319041	0.46875	3	0.42010164597413996	0.75
C141	muscle_selective	191	6	0.9713578963678609	-0.31634243766757497	0.42010164597413996	0.75	3	0.42010164597413996	0.75
C141	fusion_promoter	23	6	0.9318846875894683	-0.9513138901828008	0.39798743445349294	0.75	2	0.42010164597413996	0.75
C142	all_candidates	3071	6	0.9888214028489658	-0.10973630156309924	0.3151453759236225	0.3125	3	0.4862799108563049	0.6875
C142	HSMM	1026	6	0.9863182122007814	-0.12671526623229412	0.28671026835296426	0.34375	2	0.4862799108563049	0.6875
C142	muscle_selective	191	6	0.9734209580442952	-0.2685897054887756	0.3809264911391487	0.53125	2	0.4862799108563049	0.7083333333333334
C142	fusion_promoter	23	6	0.953481923960097	-0.5755743481956672	0.4862799108563049	0.84375	3	0.4862799108563049	0.84375
C143	all_candidates	3071	6	0.9920157067470028	-0.07677594259867261	0.26903975042915557	0.375	3	0.6184382146960222	0.875
C143	HSMM	1026	6	0.9982565364601622	-0.015747702413149156	0.843550006048367	0.875	4	0.843550006048367	0.875
C143	muscle_selective	191	6	0.9842304892728352	-0.1547341216084009	0.3945510724473286	0.5	2	0.6184382146960222	0.875
C143	fusion_promoter	23	6	0.9612055496310576	-0.4639946679565768	0.46382866102201664	0.84375	3	0.6184382146960222	0.875
C144	all_candidates	3071	6	1.0554840024654697	0.5118814701238263	0.2706186188520869	0.28125	5	0.36930756615873866	0.4166666666666667
C144	HSMM	1026	6	1.0648650153295063	0.5613947332934203	0.22989047158710038	0.3125	4	0.36930756615873866	0.4166666666666667
C144	muscle_selective	191	6	1.0474874320788954	0.4443977862868559	0.276980674619054	0.28125	5	0.36930756615873866	0.4166666666666667
C144	fusion_promoter	23	6	1.0034884024870783	0.0407047581192153	0.9507789546751549	0.875	3	0.9507789546751549	0.875
C145	all_candidates	3071	6	0.9734836932425543	-0.2848356693362331	0.34598016601478354	0.375	2	0.4001292144879512	0.75
C145	HSMM	1026	6	0.9635297663987821	-0.3702924985467233	0.4001292144879512	0.75	4	0.4001292144879512	0.75
C145	muscle_selective	191	6	0.9216619917359946	-0.8844250854027023	0.37863926409294113	0.5625	3	0.4001292144879512	0.75
C145	fusion_promoter	23	6	0.9164390538007113	-1.1929372832932288	0.37083631971725617	0.5625	3	0.4001292144879512	0.75
C146	all_candidates	3071	6	0.9833073724925874	-0.1685779663654646	0.3257914893596381	0.375	2	0.4633488339168876	0.75
C146	HSMM	1026	6	0.9850708287867134	-0.14214769551319228	0.4633488339168876	0.6875	3	0.4633488339168876	0.78125
C146	muscle_selective	191	6	0.9530829071767664	-0.48790378137770474	0.33484728130116376	0.375	3	0.4633488339168876	0.75
C146	fusion_promoter	23	6	0.8945555083613455	-1.347357272942004	0.40308180974528707	0.78125	3	0.4633488339168876	0.78125
C147	all_candidates	3071	6	0.9951107886592367	-0.04740436956108714	0.31418574536964333	0.34375	2	0.5395760001933508	0.8125
C147	HSMM	1026	6	0.9998797067821625	-0.0010975893345632295	0.9825057145328995	0.9375	3	0.9825057145328995	0.9375
C147	muscle_selective	191	6	0.9575294100056349	-0.42661667816222715	0.34366387800516807	0.40625	3	0.5395760001933508	0.8125
C147	fusion_promoter	23	6	0.9092988626330113	-1.1206572675799416	0.4046820001450131	0.71875	3	0.5395760001933508	0.9375
C148	all_candidates	3071	6	1.016564684220157	0.15282161585274842	0.6927047981123698	0.6875	4	0.6927047981123698	0.75
C148	HSMM	1026	6	1.0321552440288209	0.27829770106187257	0.5202133586600063	0.53125	4	0.6927047981123698	0.75
C148	muscle_selective	191	6	1.019927943942171	0.18649006243243726	0.6393446749501333	0.625	3	0.6927047981123698	0.75
C148	fusion_promoter	23	6	0.9433862702027671	-0.6606027217785772	0.6296670964608289	0.75	3	0.6927047981123698	0.75
C149	all_candidates	3071	6	0.9569850349795884	-0.4684418166549874	0.3185794929633673	0.40625	3	0.4184354000155634	0.6666666666666666
C149	HSMM	1026	6	0.9569493447418177	-0.4408641221115783	0.34020060978527333	0.5	4	0.4184354000155634	0.6666666666666666
C149	muscle_selective	191	6	0.9292324125516536	-0.7941385027265815	0.4184354000155634	0.71875	3	0.4184354000155634	0.71875
C149	fusion_promoter	23	6	0.9045232065009245	-1.4220027026373963	0.2623629788463694	0.25	2	0.4184354000155634	0.6666666666666666
C150	all_candidates	3071	6	0.9597938288861932	-0.4247997346004668	0.3262048728221227	0.40625	3	0.461082692510614	0.7083333333333334
C150	HSMM	1026	6	0.9694639134195117	-0.3025704472576726	0.38438248547967185	0.53125	4	0.461082692510614	0.7083333333333334
C150	muscle_selective	191	6	0.9470869397148459	-0.5675553937517644	0.461082692510614	0.71875	3	0.461082692510614	0.71875
C150	fusion_promoter	23	6	0.8287163062226611	-2.469523455540196	0.3608080224370874	0.4375	2	0.461082692510614	0.7083333333333334
C151	all_candidates	3071	6	0.964409451674052	-0.34781641626461474	0.32644173894495937	0.40625	3	0.5087966977328708	0.75
C151	HSMM	1026	6	0.9842319444627754	-0.1439351094108452	0.472876332476009	0.5625	4	0.5087966977328708	0.75
C151	muscle_selective	191	6	0.9510050761978148	-0.4875115846081436	0.5087966977328708	0.78125	3	0.5087966977328708	0.78125
C151	fusion_promoter	23	6	0.8196249846750334	-2.414697496085906	0.35062844404616794	0.40625	2	0.5087966977328708	0.75
C152	all_candidates	3071	6	1.030125024975663	0.2847677209072525	0.5278972135241755	0.5	4	0.9371511569352989	0.9166666666666666
C152	HSMM	1026	6	1.036189927905487	0.3218849856913921	0.4373585253696892	0.3125	4	0.9371511569352989	0.9166666666666666
C152	muscle_selective	191	6	1.0157639169022301	0.15212947902985804	0.7028633677014742	0.6875	4	0.9371511569352989	0.9166666666666666
C152	fusion_promoter	23	6	1.0011592498809778	0.013558287672056865	0.9807330348709051	1.0	3	0.9807330348709051	1.0
C153	all_candidates	3071	6	0.9801048531781725	-0.20570839702203128	0.36643084129464926	0.46875	2	0.6540713183229975	0.96875
C153	HSMM	1026	6	0.9790072963585345	-0.20498102869810214	0.49055348874224813	0.75	2	0.6540713183229975	0.96875
C153	muscle_selective	191	6	0.9619281418957721	-0.40167764125971983	0.4231548202730042	0.625	4	0.6540713183229975	0.96875
C153	fusion_promoter	23	6	0.9988907229649302	-0.013654594063012651	0.9376464033275711	0.96875	4	0.9376464033275711	0.96875
C154	all_candidates	3071	6	0.989261981755469	-0.10902368501484287	0.3283742258624509	0.28125	1	0.6230731640210565	0.9583333333333334
C154	HSMM	1026	6	0.9925692012101244	-0.07113916576710495	0.6101380894091115	0.71875	2	0.6230731640210565	0.9583333333333334
C154	muscle_selective	191	6	0.9744847200714191	-0.26528539682731955	0.4179772279264037	0.5625	4	0.6230731640210565	0.9583333333333334
C154	fusion_promoter	23	6	0.9833117079568624	-0.20904721005133506	0.6230731640210565	1.0	4	0.6230731640210565	1.0
C155	all_candidates	3071	6	0.9963880222888346	-0.03595610410767902	0.4080991576237174	0.28125	1	0.6741482914922416	0.90625
C155	HSMM	1026	6	1.0022699883527204	0.02126758189079104	0.7144971559923448	0.6875	2	0.7144971559923448	0.90625
C155	muscle_selective	191	6	0.9690818955569529	-0.318087910004214	0.4023165257727089	0.5625	4	0.6741482914922416	0.90625
C155	fusion_promoter	23	6	0.9658585030533694	-0.4229637283156791	0.5056112186191812	0.90625	4	0.6741482914922416	0.90625
C156	all_candidates	3071	6	0.9911661338850138	-0.08309916127675286	0.8381080818430917	0.875	3	0.9443230661362414	1.0
C156	HSMM	1026	6	0.9958046186179329	-0.03707941384742848	0.9295205222317808	0.96875	3	0.9443230661362414	1.0
C156	muscle_selective	191	6	0.9809893480732763	-0.18273210911669546	0.6396898976482392	0.65625	3	0.9443230661362414	1.0
C156	fusion_promoter	23	6	0.9981563727632963	-0.021430753469167445	0.9443230661362414	1.0	3	0.9443230661362414	1.0
C157	all_candidates	3071	6	0.9806059418277925	-0.21078933847289266	0.47987200604189195	0.65625	2	0.5330033036543028	0.8125
C157	HSMM	1026	6	0.9711692778948644	-0.29450853115050823	0.5016371630790382	0.8125	3	0.5330033036543028	0.8125
C157	muscle_selective	191	6	0.936065235718361	-0.7216741471199044	0.41795310281122805	0.625	3	0.5330033036543028	0.8125
C157	fusion_promoter	23	6	0.9407626334639101	-0.8405468608642502	0.5330033036543028	0.5625	2	0.5330033036543028	0.8125
C158	all_candidates	3071	6	0.9949992424243698	-0.050688350965945546	0.7319288512275348	1.0	5	0.8148456985656851	1.0
C158	HSMM	1026	6	0.9973462040015996	-0.025332758040860884	0.8148456985656851	0.96875	4	0.8148456985656851	1.0
C158	muscle_selective	191	6	0.966374716795083	-0.35248556666445435	0.45737238892389936	0.875	4	0.8148456985656851	1.0
C158	fusion_promoter	23	6	0.8983920454815741	-1.311381414655813	0.4825446518405279	0.5625	2	0.8148456985656851	1.0
C159	all_candidates	3071	6	0.9878650551240927	-0.11719355487112779	0.48197973428462354	0.84375	3	0.6426396457128314	0.84375
C159	HSMM	1026	6	0.9976226015824897	-0.021547718378790486	0.7240048857406292	0.78125	4	0.7240048857406292	0.84375
C159	muscle_selective	191	6	0.9547733647374245	-0.45329581108810985	0.3827481793725415	0.5625	2	0.6426396457128314	0.84375
C159	fusion_promoter	23	6	0.8769054433827863	-1.5355923658737156	0.4421115216369456	0.59375	2	0.6426396457128314	0.84375
C160	all_candidates	3071	6	1.0026457616242803	0.024748071277925592	0.9128770477897651	0.9375	3	0.9128770477897651	0.9375
C160	HSMM	1026	6	1.006165368705819	0.054238283054970866	0.8156803261678357	0.875	3	0.9128770477897651	0.9375
C160	muscle_selective	191	6	0.9929002350518542	-0.06774268351764229	0.737939645769049	0.6875	3	0.9128770477897651	0.9375
C160	fusion_promoter	23	6	0.9856039262360692	-0.16983330088757045	0.7374758527851307	0.625	3	0.9128770477897651	0.9375
C161	all_candidates	3071	6	0.9785101778119529	-0.23096287147845834	0.40954342260857013	0.75	3	0.4515067113548026	0.875
C161	HSMM	1026	6	0.9724112019254739	-0.2788431391824079	0.44578891951179833	0.875	4	0.4515067113548026	0.875
C161	muscle_selective	191	6	0.9450828068718458	-0.6129520518446125	0.4515067113548026	0.78125	3	0.4515067113548026	0.875
C161	fusion_promoter	23	6	0.9483845173476588	-0.7207254460531253	0.4150201513957399	0.53125	2	0.4515067113548026	0.875
C162	all_candidates	3071	6	0.993155884326093	-0.06965807368805253	0.6571702397682111	0.9375	4	0.8302221590947669	0.9375
C162	HSMM	1026	6	0.9964147412722266	-0.03431867133665452	0.8302221590947669	0.90625	4	0.8302221590947669	0.9375
C162	muscle_selective	191	6	0.9806662884502766	-0.2006407857518936	0.6526473206734018	0.84375	3	0.8302221590947669	0.9375
C162	fusion_promoter	23	6	0.9479038892440621	-0.6624138944562312	0.498118118807624	0.6875	3	0.8302221590947669	0.9375
C163	all_candidates	3071	6	0.9961273073746333	-0.038425355885653045	0.558441459707788	0.75	2	0.7088080880461447	0.8125
C163	HSMM	1026	6	1.0014289865772774	0.01332635649684867	0.7088080880461447	0.6875	4	0.7088080880461447	0.8125
C163	muscle_selective	191	6	0.9793769014728219	-0.20980434266110126	0.5313570294787757	0.8125	3	0.7088080880461447	0.8125
C163	fusion_promoter	23	6	0.962972619039008	-0.46075398514708765	0.6159161940591276	0.71875	3	0.7088080880461447	0.8125
C164	all_candidates	3071	6	1.0041842402737535	0.03962081248452254	0.9270623472372134	0.875	5	0.9739319506424664	0.96875
C164	HSMM	1026	6	1.001547981777992	0.013853032655309025	0.9739319506424664	0.9375	5	0.9739319506424664	0.96875
C164	muscle_selective	191	6	1.0169891638426176	0.16143597194098955	0.6117931508426266	0.5625	5	0.9739319506424664	0.96875
C164	fusion_promoter	23	6	0.9928809039306291	-0.0835034866278899	0.8943947576519163	0.96875	4	0.9739319506424664	0.96875
C165	all_candidates	3071	6	0.9916248809998259	-0.08564865054693448	0.23338447539534402	0.25	3	0.3719778575331581	0.3333333333333333
C165	HSMM	1026	6	0.982272312275494	-0.1717305212234983	0.2789833931498686	0.0625	1	0.3719778575331581	0.125
C165	muscle_selective	191	6	0.9827443661572557	-0.1762857590434214	0.18603742579990284	0.03125	0	0.3719778575331581	0.125
C165	fusion_promoter	23	6	0.9791494210461354	-0.26862064301822663	0.3832632123893338	0.46875	3	0.3832632123893338	0.46875
C166	all_candidates	3071	6	0.9901296828359838	-0.09824748912447556	0.12307876821774369	0.15625	1	0.24615753643548738	0.3125
C166	HSMM	1026	6	0.9856503625541242	-0.13500953244553413	0.11443347235847767	0.125	2	0.24615753643548738	0.3125
C166	muscle_selective	191	6	1.0057620789315505	0.05753774721372895	0.7655757447867189	0.90625	3	0.7655757447867189	0.90625
C166	fusion_promoter	23	6	0.9737648761655501	-0.3234800736259827	0.34429143356505704	0.34375	2	0.45905524475340936	0.4583333333333333
C167	all_candidates	3071	6	0.9809127592278417	-0.1850536354934526	0.10642248240706428	0.15625	1	0.21284496481412857	0.3125
C167	HSMM	1026	6	0.9789734832529163	-0.19263606052407542	0.0831246893551937	0.09375	1	0.21284496481412857	0.3125
C167	muscle_selective	191	6	0.9956634974918319	-0.04222674707767607	0.8042949179186518	0.78125	2	0.8042949179186518	0.78125
C167	fusion_promoter	23	6	0.9547109744754584	-0.544589918471896	0.3119791887869303	0.34375	2	0.41597225171590707	0.4583333333333333
C168	all_candidates	3071	6	1.0556216009750081	0.6306305741809686	0.01139360001276076	0.03125	6	0.02278720002552152	0.041666666666666664
C168	HSMM	1026	6	1.057855496596213	0.6197629247443368	0.008494561142271035	0.03125	6	0.02278720002552152	0.041666666666666664
C168	muscle_selective	191	6	1.0556564456934676	0.6235604174060791	0.021959602502118775	0.03125	6	0.029279470002825034	0.041666666666666664
C168	fusion_promoter	23	6	1.066679028202881	0.9065989251800733	0.22960926227914244	0.1875	4	0.22960926227914244	0.1875
C169	all_candidates	3071	6	1.0098339195880948	0.12038770239730182	0.0953736683993234	0.0625	5	0.1947163420188247	0.125
C169	HSMM	1026	6	1.016044615268581	0.18590585502646986	0.09735817100941235	0.0625	5	0.1947163420188247	0.125
C169	muscle_selective	191	6	1.011124233330726	0.13472953322469322	0.5459653850691927	0.625	3	0.5459653850691927	0.625
C169	fusion_promoter	23	6	1.0602067270751434	0.8586744209594556	0.2944824441706557	0.34375	4	0.39264325889420765	0.4583333333333333
C170	all_candidates	3071	6	1.0104857544457508	0.12416163165798293	0.09735189756532121	0.09375	5	0.29577714281672113	0.1875
C170	HSMM	1026	6	1.0155548257486509	0.1745269909127753	0.14788857140836056	0.0625	5	0.29577714281672113	0.1875
C170	muscle_selective	191	6	1.0179682183445475	0.21052307947904936	0.42788053765597567	0.625	3	0.42788053765597567	0.625
C170	fusion_promoter	23	6	1.0607263803786773	0.8369044767567042	0.2745397985121686	0.25	4	0.36605306468289145	0.3333333333333333
C171	all_candidates	3071	6	1.010814565126479	0.12661388174371294	0.13499854842077236	0.0625	5	0.3048993413387036	0.125
C171	HSMM	1026	6	1.0132224338874738	0.14665600026540632	0.1524496706693518	0.0625	5	0.3048993413387036	0.125
C171	muscle_selective	191	6	1.0127168076666402	0.1473095949244858	0.5149414031482915	0.6875	4	0.5149414031482915	0.6875
C171	fusion_promoter	23	6	1.0587504425222316	0.8046268886969169	0.3437805751948278	0.4375	3	0.4583741002597704	0.5833333333333334
C172	all_candidates	3071	6	1.1457189647564823	1.6521429229397133	0.0053200380078359385	0.03125	6	0.007093384010447918	0.03125
C172	HSMM	1026	6	1.139668750656313	1.4961674947892458	0.0030924220120589416	0.03125	6	0.006421409267425126	0.03125
C172	muscle_selective	191	6	1.1073271986542486	1.2024661646642543	0.003210704633712563	0.03125	6	0.006421409267425126	0.03125
C172	fusion_promoter	23	6	1.1824906388267342	2.4812271785417805	0.02522202990062553	0.03125	6	0.02522202990062553	0.03125
C173	all_candidates	3071	6	1.010014950025859	0.1281462898478956	0.046150582707941465	0.09375	5	0.18460233083176586	0.375
C173	HSMM	1026	6	1.0034387772393694	0.041838164935582386	0.7986712625922678	0.8125	4	0.8797383917169697	0.90625
C173	muscle_selective	191	6	1.0044265665420098	0.0545168232358949	0.8797383917169697	0.90625	3	0.8797383917169697	0.90625
C173	fusion_promoter	23	6	1.0716607140352006	1.0700953635736248	0.24827027774106966	0.4375	3	0.4965405554821393	0.875
C174	all_candidates	3071	6	1.0090064129407557	0.11252101443511517	0.10503176105513197	0.125	5	0.4201270442205279	0.5
C174	HSMM	1026	6	1.010002740944003	0.11805106404003177	0.40742812856019106	0.40625	4	0.5533437430286894	0.5833333333333334
C174	muscle_selective	191	6	1.0167508254232445	0.2018441222123031	0.6476128812313908	0.65625	4	0.6476128812313908	0.65625
C174	fusion_promoter	23	6	1.0625687886980524	0.9254574901489355	0.41500780727151704	0.4375	3	0.5533437430286894	0.5833333333333334
C175	all_candidates	3071	6	1.0099215369167531	0.12424644954765716	0.19765757910466195	0.1875	5	0.7414650797464954	0.7083333333333334
C175	HSMM	1026	6	1.0088699874127374	0.10487955297897184	0.5560988098098716	0.53125	4	0.7414650797464954	0.7083333333333334
C175	muscle_selective	191	6	1.0062747407300718	0.07604246151366942	0.8603727017954084	0.875	3	0.8603727017954084	0.875
C175	fusion_promoter	23	6	1.0662141751991498	0.9861686220381888	0.4040153756115143	0.4375	3	0.7414650797464954	0.7083333333333334
C176	all_candidates	3071	6	1.2789958688980885	3.1632193592624938	0.040235135361306254	0.03125	6	0.05364684714840834	0.041666666666666664
C176	HSMM	1026	6	1.2665015484657491	2.854832969091441	0.03403665466795129	0.03125	6	0.05364684714840834	0.041666666666666664
C176	muscle_selective	191	6	1.2180612015706787	2.4431012828302614	0.024657276665307298	0.03125	6	0.05364684714840834	0.041666666666666664
C176	fusion_promoter	23	6	1.1978939585787503	2.6906578422415186	0.15391453637310673	0.1875	5	0.15391453637310673	0.1875
C177	all_candidates	3071	6	1.000610106630667	0.008950430637176657	0.965566948255622	0.9375	5	0.965566948255622	0.9375
C177	HSMM	1026	6	0.9828031980606511	-0.23778582258114703	0.44850104049760153	0.5	3	0.965566948255622	0.9375
C177	muscle_selective	191	6	0.9883484987018576	-0.1650322723621153	0.7513781243359424	0.75	2	0.965566948255622	0.9375
C177	fusion_promoter	23	6	1.085367142102483	1.3940648723257427	0.6494849389867213	0.625	3	0.965566948255622	0.9375
C178	all_candidates	3071	6	1.01062430424623	0.15066140000660627	0.5679764330781437	0.5625	4	0.8715620649278734	0.875
C178	HSMM	1026	6	0.9972694420407884	-0.03635976255477388	0.9147499249754389	0.90625	2	0.9147499249754389	0.90625
C178	muscle_selective	191	6	1.0163919474839642	0.21954406344344923	0.653671548695905	0.65625	4	0.8715620649278734	0.875
C178	fusion_promoter	23	6	1.1107946913115898	1.7225659238891755	0.5796370096198975	0.625	3	0.8715620649278734	0.875
C179	all_candidates	3071	6	1.0025908438336015	0.03705381651950186	0.924993103346666	0.90625	5	0.924993103346666	0.90625
C179	HSMM	1026	6	0.9951354845943869	-0.06536570895838896	0.8797909557981531	0.84375	3	0.924993103346666	0.90625
C179	muscle_selective	191	6	0.9724415388483783	-0.3811619495662288	0.5938480041759079	0.59375	3	0.924993103346666	0.90625
C179	fusion_promoter	23	6	1.0425428663862828	0.6905061961772745	0.7658447129197457	0.875	3	0.924993103346666	0.90625
C180	all_candidates	3071	6	1.1400798202715947	1.5960627297932448	0.0067723800858419106	0.03125	6	0.013544760171683821	0.03125
C180	HSMM	1026	6	1.1330793168482287	1.4338702622012942	0.004508390468960491	0.03125	6	0.013544760171683821	0.03125
C180	muscle_selective	191	6	1.0960471992079692	1.08716255786474	0.010643614605595585	0.03125	6	0.014191486140794114	0.03125
C180	fusion_promoter	23	6	1.1804133190104973	2.4572997955572298	0.019467352508121347	0.03125	6	0.019467352508121347	0.03125
C181	all_candidates	3071	6	1.0023779107956896	0.03119169083024946	0.8121055625599014	0.8125	5	0.8796205994252536	0.875
C181	HSMM	1026	6	0.9968105777800382	-0.03977923203069336	0.744394686890165	0.8125	3	0.8796205994252536	0.875
C181	muscle_selective	191	6	1.0038306669212698	0.04793069060084938	0.8796205994252536	0.875	4	0.8796205994252536	0.875
C181	fusion_promoter	23	6	1.1142807404398536	1.6989302967563822	0.08993430061909782	0.09375	5	0.3597372024763913	0.375
C182	all_candidates	3071	6	1.0068735374984863	0.08581126394045421	0.2712125916392473	0.28125	4	0.5424251832784946	0.5625
C182	HSMM	1026	6	1.0016284329111995	0.019226033033701316	0.8918588907361544	0.875	3	0.8918588907361544	0.875
C182	muscle_selective	191	6	1.0058979063488576	0.07133894346663013	0.8299718313303914	0.75	4	0.8918588907361544	0.875
C182	fusion_promoter	23	6	1.0878775503435691	1.276815341126936	0.08483088770012068	0.09375	5	0.3393235508004827	0.375
C183	all_candidates	3071	6	1.0039813181079433	0.05040959525564638	0.6245369261126927	0.59375	4	0.9800278434394734	0.9375
C183	HSMM	1026	6	0.9996445338338308	-0.004253681966473929	0.9800278434394734	0.9375	3	0.9800278434394734	0.9375
C183	muscle_selective	191	6	0.9932290906878029	-0.0832817775807891	0.7658388547165598	0.875	4	0.9800278434394734	0.9375
C183	fusion_promoter	23	6	1.0858424224006533	1.260256115328577	0.09722616601052661	0.125	4	0.38890466404210644	0.5
C184	all_candidates	3071	6	0.9158300247370049	-1.0083283372952063	0.07528975180567149	0.125	2	0.13078636519701328	0.20833333333333334
C184	HSMM	1026	6	0.918830906108869	-0.9182485370421866	0.09105056506165866	0.125	2	0.13078636519701328	0.20833333333333334
C184	muscle_selective	191	6	0.9145998313047086	-1.005615170819172	0.09808977389775997	0.15625	1	0.13078636519701328	0.20833333333333334
C184	fusion_promoter	23	6	0.9304105470951203	-0.9997924317868079	0.3204562207578851	0.3125	1	0.3204562207578851	0.3125
C185	all_candidates	3071	6	1.020346276758138	0.25814971598103453	0.06882280101805097	0.0625	5	0.13764560203610193	0.125
C185	HSMM	1026	6	1.0094291948889755	0.11374944202314566	0.18750140627402442	0.21875	4	0.2500018750320326	0.2916666666666667
C185	muscle_selective	191	6	1.0035104157792736	0.04349360139320295	0.8807290757360284	0.75	4	0.8807290757360284	0.75
C185	fusion_promoter	23	6	0.891745533070416	-1.7232897859496328	0.05249930205815021	0.0625	0	0.13764560203610193	0.125
C186	all_candidates	3071	6	1.0064436841831848	0.07949147137479226	0.44983884715914996	0.46875	4	0.44983884715914996	0.46875
C186	HSMM	1026	6	1.0082868842893167	0.09612315514131489	0.3935211314017936	0.40625	4	0.44983884715914996	0.46875
C186	muscle_selective	191	6	1.0217578769496098	0.2570108315492676	0.41489259139501317	0.4375	4	0.44983884715914996	0.46875
C186	fusion_promoter	23	6	0.9442864180266648	-0.857145651195995	0.3389619305758273	0.375	2	0.44983884715914996	0.46875
C187	all_candidates	3071	6	1.0092624347636012	0.11238908052077894	0.19702791826520416	0.21875	4	0.3940558365304083	0.4166666666666667
C187	HSMM	1026	6	1.0133288005345802	0.15225788550653935	0.09711810275014345	0.09375	5	0.3884724110005738	0.375
C187	muscle_selective	191	6	1.0259788471755271	0.30475089343214556	0.3347771345866558	0.3125	4	0.44636951278220777	0.4166666666666667
C187	fusion_promoter	23	6	1.0062999598372886	0.09040830849913946	0.9176610978896506	0.90625	3	0.9176610978896506	0.90625
C188	all_candidates	3071	6	0.9538693805225109	-0.5408922879372083	0.286692327799525	0.28125	1	0.49683152889460563	0.5
C188	HSMM	1026	6	0.9573597957373391	-0.4722950138088149	0.33251593738285823	0.34375	1	0.49683152889460563	0.5
C188	muscle_selective	191	6	0.9564691223358153	-0.502239888841487	0.3726236466709542	0.375	1	0.49683152889460563	0.5
C188	fusion_promoter	23	6	0.9775703600894532	-0.31379419364707384	0.7574024570035003	0.8125	1	0.7574024570035003	0.8125
C189	all_candidates	3071	6	1.0146848253890792	0.17913205200749915	0.00125185570870997	0.03125	6	0.00500742283483988	0.125
C189	HSMM	1026	6	1.00877013663366	0.10137151454278324	0.4721214970184937	0.5	5	0.4721214970184937	0.5
C189	muscle_selective	191	6	1.0256323040107806	0.30503219508906826	0.23855910416146342	0.28125	4	0.34841985521888547	0.375
C189	fusion_promoter	23	6	0.9555348128515175	-0.6638101866372125	0.2613148914141641	0.28125	1	0.34841985521888547	0.375
C190	all_candidates	3071	6	1.0075630376654585	0.0908744862017362	0.07176606625823588	0.125	4	0.2870642650329435	0.4583333333333333
C190	HSMM	1026	6	1.0078420551510359	0.08911337364993117	0.462369816840361	0.5	4	0.462369816840361	0.5
C190	muscle_selective	191	6	1.0220690996655493	0.2585799211126944	0.3073638405118259	0.34375	4	0.4098184540157679	0.4583333333333333
C190	fusion_promoter	23	6	0.972172985047978	-0.40948072403060337	0.29255969651451136	0.3125	1	0.4098184540157679	0.4583333333333333
C191	all_candidates	3071	6	1.0038012290250413	0.044881943233020596	0.4450079988140904	0.4375	4	0.6179120286168852	0.5833333333333334
C191	HSMM	1026	6	1.0054052207847055	0.06033332789534262	0.46343402146266394	0.4375	4	0.6179120286168852	0.5833333333333334
C191	muscle_selective	191	6	1.0240328557865934	0.27608504400059936	0.24205180406065754	0.28125	5	0.6179120286168852	0.5833333333333334
C191	fusion_promoter	23	6	0.9829407494686301	-0.24220292588430933	0.7274147125995448	0.71875	2	0.7274147125995448	0.71875
C192	all_candidates	3071	6	1.0330338997695276	0.3710428376578107	0.18664271250894038	0.1875	5	0.4281308336787733	0.5
C192	HSMM	1026	6	1.029104030683664	0.31049563404113234	0.2826994073283142	0.25	5	0.4281308336787733	0.5
C192	muscle_selective	191	6	1.0232205282703664	0.26086397686832763	0.32109812525908	0.375	4	0.4281308336787733	0.5
C192	fusion_promoter	23	6	1.0064679660628528	0.0906282691119266	0.8263858845400471	0.9375	4	0.8263858845400471	0.9375
C193	all_candidates	3071	6	0.9917031431765247	-0.09954742182021632	0.1245455089432266	0.125	1	0.3206003782607494	0.25
C193	HSMM	1026	6	0.9910216315023369	-0.1021587736014757	0.3435200072925471	0.40625	1	0.40272345889371236	0.5416666666666666
C193	muscle_selective	191	6	0.9821332053584888	-0.21424207944972817	0.1603001891303747	0.125	2	0.3206003782607494	0.25
C193	fusion_promoter	23	6	0.9746026273075608	-0.37514892987643456	0.40272345889371236	0.59375	2	0.40272345889371236	0.59375
C194	all_candidates	3071	6	0.9848325809598295	-0.17988611796982723	0.1217694040843421	0.0625	1	0.2248334754211522	0.15625
C194	HSMM	1026	6	0.9865532305647753	-0.15099503576336143	0.19391090223839527	0.15625	1	0.2248334754211522	0.15625
C194	muscle_selective	191	6	0.9886199939361292	-0.13465373294651098	0.2248334754211522	0.125	1	0.2248334754211522	0.15625
C194	fusion_promoter	23	6	0.9844351160138318	-0.22759224709744152	0.08112464570511799	0.09375	1	0.2248334754211522	0.15625
C195	all_candidates	3071	6	0.9806693705463981	-0.2276150183947983	0.13273812876953348	0.09375	1	0.16497411502753093	0.125
C195	HSMM	1026	6	0.9811002650893532	-0.21097514570061274	0.16497411502753093	0.125	1	0.16497411502753093	0.125
C195	muscle_selective	191	6	0.9835857515934874	-0.193114614729943	0.143117590516736	0.03125	0	0.16497411502753093	0.125
C195	fusion_promoter	23	6	0.9765164529775469	-0.34279833950457417	0.03781621621058678	0.0625	1	0.1512648648423471	0.125
C196	all_candidates	3071	6	1.0283668742555474	0.31193587666256567	0.3771305305401685	0.40625	5	0.44544498023939605	0.5416666666666666
C196	HSMM	1026	6	1.0312868087783895	0.3250689718402023	0.34025752494362216	0.375	5	0.44544498023939605	0.5416666666666666
C196	muscle_selective	191	6	1.030618208889841	0.3330250802051552	0.3878886122194912	0.3125	5	0.44544498023939605	0.5416666666666666
C196	fusion_promoter	23	6	1.0479206496154794	0.6299478821368449	0.44544498023939605	0.71875	3	0.44544498023939605	0.71875
C197	all_candidates	3071	6	1.010006470091284	0.11906829611707376	0.0734791959468191	0.09375	5	0.1469583918936382	0.1875
C197	HSMM	1026	6	1.016834201505042	0.18929268512033331	0.06018311028658739	0.03125	6	0.1469583918936382	0.125
C197	muscle_selective	191	6	1.0154568124441965	0.18138958663409058	0.391975503003728	0.5	4	0.391975503003728	0.5
C197	fusion_promoter	23	6	1.0604971596664456	0.8423745598802422	0.28766635302535887	0.1875	4	0.38355513736714514	0.25
C198	all_candidates	3071	6	1.0124942929554543	0.14169054350304927	0.14356808975834984	0.09375	5	0.3742649935681	0.25
C198	HSMM	1026	6	1.0148626612798621	0.15964911755975722	0.18713249678405	0.125	4	0.3742649935681	0.25
C198	muscle_selective	191	6	1.020162388666646	0.22532977548199823	0.2867645009385077	0.34375	4	0.38235266791801026	0.4583333333333333
C198	fusion_promoter	23	6	1.0541321892109619	0.720811486281453	0.39550811041788814	0.6875	3	0.39550811041788814	0.6875
C199	all_candidates	3071	6	1.009230759187712	0.10265308999347772	0.17998115909133103	0.1875	4	0.37701066366857755	0.375
C199	HSMM	1026	6	1.0116625203385643	0.12278773562028461	0.18850533183428878	0.15625	5	0.37701066366857755	0.375
C199	muscle_selective	191	6	1.017368320848122	0.1902381987605617	0.32698489890113125	0.46875	3	0.43597986520150833	0.625
C199	fusion_promoter	23	6	1.0379895432341844	0.5016764804479763	0.5531554667671488	0.875	2	0.5531554667671488	0.875
C200	all_candidates	3071	6	1.0762281709499402	0.8382418562384722	0.08852755157581282	0.125	4	0.23366245514646555	0.3125
C200	HSMM	1026	6	1.0729622726580355	0.7580757476439821	0.11683122757323278	0.15625	4	0.23366245514646555	0.3125
C200	muscle_selective	191	6	1.0405567638391182	0.4411237632801311	0.3213272630510109	0.3125	4	0.3213272630510109	0.3125
C200	fusion_promoter	23	6	1.1153559270347053	1.516428147584451	0.19629034293658146	0.25	5	0.2617204572487753	0.3125
C201	all_candidates	3071	6	1.0096705687516232	0.12196461711914038	0.04538288834204609	0.09375	5	0.18153155336818436	0.375
C201	HSMM	1026	6	1.0027337703519457	0.03279034791239949	0.8429415474310888	0.8125	4	0.9707355917495669	0.96875
C201	muscle_selective	191	6	1.001071707289815	0.013053220144047575	0.9707355917495669	0.96875	3	0.9707355917495669	0.96875
C201	fusion_promoter	23	6	1.0634140176489846	0.92940639490734	0.3419534848626999	0.40625	4	0.6839069697253998	0.8125
C202	all_candidates	3071	6	1.004254518884822	0.05139796068214415	0.4299808370933743	0.4375	4	0.8699112804614973	1.0
C202	HSMM	1026	6	0.9988144588835102	-0.013605940535186637	0.9359605081541247	1.0	4	0.9359605081541247	1.0
C202	muscle_selective	191	6	1.0045081608797566	0.05218492283475459	0.8969518246479152	0.875	3	0.9359605081541247	1.0
C202	fusion_promoter	23	6	1.0713153989956996	1.0072700577815665	0.4349556402307487	0.5	2	0.8699112804614973	1.0
C203	all_candidates	3071	6	1.004652281404733	0.05454963924133709	0.5243763904556651	0.5625	4	0.9015333893905818	0.90625
C203	HSMM	1026	6	0.9978695219859421	-0.02374362133851065	0.9015333893905818	0.90625	4	0.9015333893905818	0.90625
C203	muscle_selective	191	6	1.0048854655921073	0.05522558063365187	0.8900685578267238	0.84375	3	0.9015333893905818	0.90625
C203	fusion_promoter	23	6	1.051431002325933	0.7120664690997157	0.5136425787275032	0.5625	2	0.9015333893905818	0.90625
C204	all_candidates	3071	6	1.2487596167484147	2.7354811259645686	0.09686503327339577	0.0625	5	0.12915337769786103	0.08333333333333333
C204	HSMM	1026	6	1.2195985682337263	2.2816223060315513	0.08060520603182449	0.0625	5	0.12915337769786103	0.08333333333333333
C204	muscle_selective	191	6	1.1994173753742887	2.169003016056865	0.07725837548394912	0.03125	6	0.12915337769786103	0.08333333333333333
C204	fusion_promoter	23	6	1.2532577874214466	3.3292371472624795	0.29601183474343445	0.4375	3	0.29601183474343445	0.4375
C205	all_candidates	3071	6	1.0032504079907199	0.04691083713054291	0.8375583102248464	0.78125	5	0.8375583102248464	0.78125
C205	HSMM	1026	6	0.985546539751892	-0.1966836117162961	0.5321595967302999	0.625	3	0.8375583102248464	0.78125
C205	muscle_selective	191	6	0.9866846658894275	-0.18564144680559708	0.6982947519413294	0.71875	2	0.8375583102248464	0.78125
C205	fusion_promoter	23	6	1.0987983978638185	1.5771526001705034	0.6063239433748351	0.5625	4	0.8375583102248464	0.78125
C206	all_candidates	3071	6	1.007934508968175	0.11025020853810096	0.5226955884855353	0.5625	4	0.7540082376115032	0.75
C206	HSMM	1026	6	0.9871541749994344	-0.16808183551797393	0.5655061782086274	0.5625	2	0.7540082376115032	0.75
C206	muscle_selective	191	6	0.997351899788747	-0.03503523205920488	0.9389936632216541	0.9375	3	0.9389936632216541	0.9375
C206	fusion_promoter	23	6	1.1339906703149671	2.018815153826596	0.5237413204099854	0.5625	4	0.7540082376115032	0.75
C207	all_candidates	3071	6	1.0148201535066543	0.20347596441445875	0.12905911446876808	0.0625	5	0.5162364578750723	0.25
C207	HSMM	1026	6	0.9928085587165257	-0.09301341249632993	0.7432679039348502	0.625	2	0.7551868606148608	0.75
C207	muscle_selective	191	6	1.0118087648167802	0.1545570255958771	0.7551868606148608	0.75	3	0.7551868606148608	0.75
C207	fusion_promoter	23	6	1.1136231077175958	1.6982178767075793	0.5831833587464255	0.5625	4	0.7551868606148608	0.75
C208	all_candidates	3071	6	1.0701460681028216	0.7757440831189749	0.06659348643025248	0.125	4	0.20042710583714657	0.25
C208	HSMM	1026	6	1.0661914721932197	0.6920947222373102	0.10021355291857328	0.125	4	0.20042710583714657	0.25
C208	muscle_selective	191	6	1.0294121112925159	0.32337010196181215	0.3691679079172907	0.375	4	0.3691679079172907	0.375
C208	fusion_promoter	23	6	1.1092359303701735	1.4438995666863579	0.17194952965848398	0.21875	5	0.2292660395446453	0.2916666666666667
C209	all_candidates	3071	6	0.9992476618873536	-0.009523496951473778	0.9399677446497507	0.875	4	0.9399677446497507	0.875
C209	HSMM	1026	6	0.9956691247874618	-0.05200634252884133	0.6518908695366417	0.65625	3	0.9399677446497507	0.875
C209	muscle_selective	191	6	0.9951342787916901	-0.059220378478287476	0.8433401377069094	0.875	2	0.9399677446497507	0.875
C209	fusion_promoter	23	6	1.1233290887840524	1.728822794512776	0.13485296086277976	0.1875	4	0.539411843451119	0.75
C210	all_candidates	3071	6	1.0040848225224568	0.04915439890633965	0.45068895477896387	0.5	4	0.6355878726826303	0.65625
C210	HSMM	1026	6	0.9949007143180645	-0.058275151082745266	0.6355878726826303	0.65625	3	0.6355878726826303	0.65625
C210	muscle_selective	191	6	0.9878386661762902	-0.14144110232807508	0.5449560340521302	0.5	2	0.6355878726826303	0.65625
C210	fusion_promoter	23	6	1.105276918384243	1.4303305863408147	0.16461046424796624	0.21875	4	0.6355878726826303	0.65625
C211	all_candidates	3071	6	1.0013258587976581	0.015670398554882538	0.8503169307720438	0.90625	3	0.8503169307720438	0.90625
C211	HSMM	1026	6	0.9926465728234568	-0.08258360740874605	0.5657389967787757	0.625	3	0.754318662371701	0.8333333333333334
C211	muscle_selective	191	6	0.983334096762477	-0.19181858987833503	0.3016368610070241	0.375	2	0.6032737220140482	0.75
C211	fusion_promoter	23	6	1.097025674019832	1.296776941917605	0.18121718038157272	0.21875	4	0.6032737220140482	0.75
C212	all_candidates	3071	6	0.9565028808584354	-0.4895510332061464	0.3068467117306157	0.375	2	0.4973695371655762	0.5833333333333334
C212	HSMM	1026	6	0.956130860499931	-0.4677941066691105	0.3114624730625097	0.34375	2	0.4973695371655762	0.5833333333333334
C212	muscle_selective	191	6	0.9510775580838865	-0.5416678736209541	0.37302715287418214	0.4375	3	0.4973695371655762	0.5833333333333334
C212	fusion_promoter	23	6	0.9819403779956841	-0.243585071582475	0.8117885078232395	0.875	3	0.8117885078232395	0.875
C213	all_candidates	3071	6	1.017223732105175	0.2136818401878685	0.0444373033479264	0.09375	5	0.1777492133917056	0.375
C213	HSMM	1026	6	0.999117566002669	-0.010475004383387585	0.937690071139381	0.75	3	0.9509211430000477	0.9375
C213	muscle_selective	191	6	0.9985947291643634	-0.017053796504057243	0.9509211430000477	0.9375	3	0.9509211430000477	0.9375
C213	fusion_promoter	23	6	0.9447179273845016	-0.8597883597883613	0.2716209512591855	0.28125	2	0.543241902518371	0.5625
C214	all_candidates	3071	6	1.020795026223721	0.25273615159475904	0.009204204182987596	0.03125	6	0.036816816731950384	0.125
C214	HSMM	1026	6	1.0084593722186221	0.09786696267151812	0.3455155577247143	0.34375	4	0.6560776155201655	0.625
C214	muscle_selective	191	6	1.015824902095278	0.1859186861942426	0.5337217713579832	0.53125	4	0.6560776155201655	0.625
C214	fusion_promoter	23	6	0.9757192208746783	-0.36709730645657324	0.6560776155201655	0.625	3	0.6560776155201655	0.625
C215	all_candidates	3071	6	1.009081358694065	0.10456091855238862	0.027483848013771708	0.0625	5	0.10993539205508683	0.25
C215	HSMM	1026	6	1.0015388559506764	0.016883281056821624	0.8884043367369645	0.90625	5	0.8884043367369645	0.90625
C215	muscle_selective	191	6	1.0140463581458663	0.15839337420401856	0.5686555709129639	0.5625	4	0.8884043367369645	0.90625
C215	fusion_promoter	23	6	0.9753800524512091	-0.34429677668168723	0.6839807746650342	0.6875	2	0.8884043367369645	0.90625
C216	all_candidates	3071	6	0.9813379310826122	-0.2067411222752317	0.6513665048315564	0.75	3	0.9597307619372255	1.0
C216	HSMM	1026	6	0.9828117392345571	-0.1800199335631621	0.6887224814571395	0.75	2	0.9597307619372255	1.0
C216	muscle_selective	191	6	0.9840543044898248	-0.1734543297197147	0.7269185656636725	0.75	4	0.9597307619372255	1.0
C216	fusion_promoter	23	6	0.9961370732472845	-0.05132589785062982	0.9597307619372255	1.0	3	0.9597307619372255	1.0
C217	all_candidates	3071	6	1.0118633388076508	0.14314185672300236	0.009635238830507384	0.03125	6	0.03854095532202954	0.125
C217	HSMM	1026	6	1.003747680753978	0.04290875810608445	0.7786077855932143	0.8125	3	0.7786077855932143	0.8125
C217	muscle_selective	191	6	1.0179081015187406	0.21120566076306518	0.32208092462376514	0.375	4	0.42944123283168684	0.5
C217	fusion_promoter	23	6	0.9444527378722651	-0.821609536343639	0.15759783645149159	0.1875	1	0.31519567290298317	0.375
C218	all_candidates	3071	6	1.0071083502213865	0.084032074646974	0.32656799182351265	0.375	4	0.4354239890980169	0.5
C218	HSMM	1026	6	1.0086692339562184	0.09699302532378863	0.46607021858187336	0.53125	3	0.46607021858187336	0.53125
C218	muscle_selective	191	6	1.024857480726389	0.2861414694077317	0.2455198560785291	0.28125	5	0.4354239890980169	0.5
C218	fusion_promoter	23	6	0.9446553109758059	-0.801669025052624	0.23907899732119559	0.25	1	0.4354239890980169	0.5
C219	all_candidates	3071	6	0.9989050300449512	-0.012586970872177985	0.8620787212362984	0.9375	4	0.9205897413240165	0.9375
C219	HSMM	1026	6	1.0009193098844864	0.010013317699893165	0.9205897413240165	0.90625	4	0.9205897413240165	0.9375
C219	muscle_selective	191	6	1.0188806094771223	0.21111937246796178	0.2095862651126124	0.21875	5	0.8383450604504497	0.875
C219	fusion_promoter	23	6	0.9724943167356187	-0.3837904508807666	0.6482105221423188	0.65625	1	0.9205897413240165	0.9375
C220	all_candidates	3071	6	1.0361206090022728	0.38974331518501526	0.2887194212926526	0.3125	4	0.5347903811453906	0.5
C220	HSMM	1026	6	1.0315525608841403	0.3236530452730315	0.3888379274266634	0.34375	4	0.5347903811453906	0.5
C220	muscle_selective	191	6	1.0271161842121777	0.2928332374615169	0.40109278585904296	0.375	3	0.5347903811453906	0.5
C220	fusion_promoter	23	6	1.0156739559907357	0.20987708199788602	0.6445440265205796	0.65625	4	0.6445440265205796	0.65625
C221	all_candidates	3071	6	0.9939179343318278	-0.07092866550218366	0.2478420491252753	0.3125	2	0.4956840982505506	0.625
C221	HSMM	1026	6	0.9933005081056531	-0.0741149796607774	0.5258713055687533	0.78125	2	0.5725830779218621	0.78125
C221	muscle_selective	191	6	0.9878844241253862	-0.1412000847684402	0.16434950475447413	0.125	1	0.4956840982505506	0.5
C221	fusion_promoter	23	6	0.9818129262520928	-0.25935748057912317	0.5725830779218621	0.75	4	0.5725830779218621	0.78125
C222	all_candidates	3071	6	0.9869697427778134	-0.14813857282456633	0.15297765639357117	0.15625	1	0.3054034330676072	0.2916666666666667
C222	HSMM	1026	6	0.9890758986888509	-0.1176959826574512	0.2894696947187769	0.21875	1	0.3054034330676072	0.2916666666666667
C222	muscle_selective	191	6	0.9929136568889106	-0.08056113322404955	0.3054034330676072	0.3125	2	0.3054034330676072	0.3125
C222	fusion_promoter	23	6	0.9919039449432454	-0.11261943218522734	0.08871984973607208	0.09375	1	0.3054034330676072	0.2916666666666667
C223	all_candidates	3071	6	0.9794164861439455	-0.23251234194879442	0.15845255172229405	0.15625	1	0.21127006896305875	0.20833333333333334
C223	HSMM	1026	6	0.9815778986745307	-0.19735052784184104	0.23538228429241945	0.21875	1	0.23538228429241945	0.21875
C223	muscle_selective	191	6	0.9840369674038907	-0.1803975521636244	0.10188179212249997	0.09375	1	0.21127006896305875	0.1875
C223	fusion_promoter	23	6	0.9844590366749525	-0.21461946468623455	0.12388584430756941	0.09375	1	0.21127006896305875	0.1875
C224	all_candidates	3071	6	1.1129280766680387	1.122985466412219	0.02500320412125204	0.03125	6	0.062063985696909275	0.0625
C224	HSMM	1026	6	1.1165192408621396	1.0698489361190064	0.031031992848454638	0.03125	6	0.062063985696909275	0.0625
C224	muscle_selective	191	6	1.1486637151513912	1.373525790810983	0.07165301404145755	0.0625	5	0.09553735205527673	0.08333333333333333
C224	fusion_promoter	23	6	1.042805470452524	0.5322979699820023	0.3885375636129197	0.375	5	0.3885375636129197	0.375
C225	all_candidates	3071	5	0.9992390171441162	-0.007425320313652062	0.5007667497307176	0.5	1	0.6676889996409567	0.6666666666666666
C225	HSMM	1026	5	0.998033773425611	-0.017844729566030143	0.47000612361183136	0.4375	1	0.6676889996409567	0.6666666666666666
C225	muscle_selective	191	5	1.0015927761576748	0.014791044667595427	0.9099028111339282	0.75	3	0.9099028111339282	0.75
C225	fusion_promoter	23	5	1.0129351183355644	0.15146725111140014	0.49165749768519024	0.5	3	0.6676889996409567	0.6666666666666666
C226	all_candidates	3071	6	1.015766289602306	0.1638743534605083	0.27378502561636625	0.21875	4	0.5721914318291671	0.7916666666666666
C226	HSMM	1026	6	1.017135565360311	0.16494849337127884	0.4291435738718753	0.59375	4	0.5721914318291671	0.7916666666666666
C226	muscle_selective	191	6	0.9924537908995725	-0.0720043851210757	0.7213056638288391	0.875	3	0.7213056638288391	0.875
C226	fusion_promoter	23	6	1.0644447304598292	0.7360679066345241	0.3644344521189612	0.4375	3	0.5721914318291671	0.7916666666666666
C227	all_candidates	3071	6	0.9797889626170977	-0.20958921143841314	0.40456872021494417	0.5	3	0.5527287267974277	0.6666666666666666
C227	HSMM	1026	6	0.962806449830176	-0.35619359294881225	0.3446843398704018	0.4375	3	0.5527287267974277	0.6666666666666666
C227	muscle_selective	191	6	0.9582369830873683	-0.3935576284236725	0.41454654509807076	0.5	3	0.5527287267974277	0.6666666666666666
C227	fusion_promoter	23	6	0.9986278870213746	-0.017866539156394474	0.9402022233109067	0.9375	2	0.9402022233109067	0.9375
C228	all_candidates	3071	6	1.1206841680886321	1.2001140087418203	0.0289705015451948	0.0625	5	0.062128593737913324	0.08333333333333333
C228	HSMM	1026	6	1.1247888130696286	1.1457779669200985	0.031064296868956662	0.0625	5	0.062128593737913324	0.08333333333333333
C228	muscle_selective	191	6	1.16279765685565	1.5041113438280644	0.08524967911571164	0.0625	5	0.11366623882094885	0.08333333333333333
C228	fusion_promoter	23	6	1.0591920580829077	0.7360697598577766	0.35160996706638387	0.34375	5	0.35160996706638387	0.34375
C229	all_candidates	3071	5	1.0014630378092517	0.01482753195348019	0.5543025574965275	0.5625	4	0.715052788914032	0.75
C229	HSMM	1026	5	1.0028309489424971	0.026737812227297514	0.6032340259651954	0.5625	4	0.715052788914032	0.75
C229	muscle_selective	191	5	1.0045682194711483	0.044006196606841685	0.715052788914032	0.8125	4	0.715052788914032	0.8125
C229	fusion_promoter	23	5	1.0241283141884614	0.2922600729205396	0.44031602176667584	0.5	2	0.715052788914032	0.75
C230	all_candidates	3071	5	1.0083583998523136	0.08101628259433641	0.1488366026778934	0.1875	4	0.4888750283450731	0.625
C230	HSMM	1026	5	1.0070641365443305	0.06376304783590386	0.28997940692869845	0.3125	4	0.4888750283450731	0.625
C230	muscle_selective	191	5	1.0017844530011082	0.0164798143263592	0.9228214405442667	0.8125	3	0.9228214405442667	0.8125
C230	fusion_promoter	23	5	1.0244512861782138	0.2830355857261574	0.36665627125880484	0.5	2	0.4888750283450731	0.6666666666666666
C231	all_candidates	3071	6	0.9867341508641227	-0.14125630051439073	0.5761636704983311	0.84375	3	0.5761636704983311	0.84375
C231	HSMM	1026	6	0.9730659251488883	-0.26505369404484064	0.4812065558763496	0.78125	3	0.5761636704983311	0.84375
C231	muscle_selective	191	6	0.9657207030518817	-0.33196750683963916	0.484996727949418	0.625	3	0.5761636704983311	0.84375
C231	fusion_promoter	23	6	1.0199866796290191	0.268523557789205	0.23406964171034703	0.1875	4	0.5761636704983311	0.75
C232	all_candidates	3071	6	1.139706847402732	1.3892803616298635	0.04417427268167053	0.0625	5	0.10014022120703082	0.08333333333333333
C232	HSMM	1026	6	1.149515161674428	1.3728087779108002	0.05007011060351541	0.0625	5	0.10014022120703082	0.08333333333333333
C232	muscle_selective	191	6	1.2126602408869127	1.9647990448832635	0.10534143728101594	0.0625	5	0.14045524970802126	0.08333333333333333
C232	fusion_promoter	23	6	1.0246137753231248	0.3060791646391036	0.7461563804826884	0.78125	4	0.7461563804826884	0.78125
C233	all_candidates	3071	5	1.0078997007684043	0.08163216301315918	0.40038676755226743	0.5625	3	0.8141739059163072	0.8333333333333334
C233	HSMM	1026	5	1.0072370525139385	0.06983227020612909	0.42452404742716443	0.5625	3	0.8141739059163072	0.8333333333333334
C233	muscle_selective	191	5	0.9990030115241147	-0.009954134466751974	0.883836278559487	0.875	2	0.883836278559487	0.875
C233	fusion_promoter	23	5	1.0232385647463158	0.27889640410204364	0.6106304294372304	0.625	3	0.8141739059163072	0.8333333333333334
C234	all_candidates	3071	5	1.0102982652987798	0.10399559256735551	0.2100633172294922	0.3125	4	0.4201266344589844	0.625
C234	HSMM	1026	5	1.0139359017274812	0.13066879655462021	0.2002450023877925	0.25	3	0.4201266344589844	0.625
C234	muscle_selective	191	5	1.0022807779971163	0.022170702615024462	0.8364488818632246	0.8125	3	0.8364488818632246	0.8125
C234	fusion_promoter	23	5	1.0166061167921292	0.19711492058212682	0.6694598367001063	0.75	3	0.8364488818632246	0.8125
C235	all_candidates	3071	5	1.0119241273522874	0.11473229665352025	0.23652525543285394	0.25	4	0.3685182983275526	0.4166666666666667
C235	HSMM	1026	5	1.0139015568405567	0.12405333323235068	0.21296003848184414	0.1875	4	0.3685182983275526	0.4166666666666667
C235	muscle_selective	191	5	1.017719206034066	0.16321564386397341	0.2763887237456645	0.3125	4	0.3685182983275526	0.4166666666666667
C235	fusion_promoter	23	5	1.0117140278354118	0.132541434463955	0.6632034911203992	0.6875	3	0.6632034911203992	0.6875
C236	all_candidates	3071	6	1.0709200371234424	0.7380186738018174	0.06658161863131327	0.09375	5	0.13316323726262655	0.1875
C236	HSMM	1026	6	1.0717824250531087	0.6916833090291553	0.0663883934164739	0.09375	5	0.13316323726262655	0.1875
C236	muscle_selective	191	6	1.111383166288061	1.0766926040472904	0.1260495526117774	0.15625	5	0.16806607014903652	0.20833333333333334
C236	fusion_promoter	23	6	1.041182137902117	0.5209696587517937	0.46396628967203185	0.4375	5	0.46396628967203185	0.4375
C237	all_candidates	3071	5	1.0002180119391129	0.002240872512645209	0.9512397266835652	1.0	3	0.9512397266835652	1.0
C237	HSMM	1026	5	1.0032915960186573	0.031451621563906296	0.6197777292383733	0.625	3	0.8263703056511643	0.8333333333333334
C237	muscle_selective	191	5	0.987052161119936	-0.12865208260450123	0.4137186945851817	0.4375	2	0.8263703056511643	0.8333333333333334
C237	fusion_promoter	23	5	1.0592924384813491	0.703259136419484	0.3725156114396758	0.5	2	0.8263703056511643	0.8333333333333334
C238	all_candidates	3071	6	0.97320730743217	-0.3157001912099888	0.4254383424172165	0.71875	3	0.5440494805681734	0.78125
C238	HSMM	1026	6	0.9550352482661463	-0.494398197705635	0.4077277003621458	0.78125	3	0.5440494805681734	0.78125
C238	muscle_selective	191	6	0.9546725965913111	-0.5059400161967899	0.2969673597030887	0.21875	2	0.5440494805681734	0.78125
C238	fusion_promoter	23	6	0.9266726097500181	-1.0325442058389673	0.5440494805681734	0.78125	2	0.5440494805681734	0.78125
C239	all_candidates	3071	6	1.0250368343653926	0.2775743668005817	0.2800277561225807	0.25	3	0.5561944640520186	0.5
C239	HSMM	1026	6	1.0210874746122633	0.21702901321533816	0.2822340549870272	0.25	4	0.5561944640520186	0.5
C239	muscle_selective	191	6	1.0484038010668295	0.49668233978167653	0.4171458480390139	0.75	3	0.5561944640520186	0.78125
C239	fusion_promoter	23	6	0.9846532646871106	-0.20561547756278326	0.7786914507237837	0.78125	2	0.7786914507237837	0.78125
C240	all_candidates	3071	6	0.8850103116156254	-1.2873795622304003	0.006251244988861179	0.03125	0	0.011053013947917342	0.03125
C240	HSMM	1026	6	0.8814152255967547	-1.2291414632793494	0.008289760460938007	0.03125	0	0.011053013947917342	0.03125
C240	muscle_selective	191	6	0.900944347475997	-1.037412178063559	0.003440303592464714	0.03125	0	0.011053013947917342	0.03125
C240	fusion_promoter	23	6	0.8514054930447275	-2.0975394395774987	0.0687308061001733	0.03125	0	0.0687308061001733	0.03125
C241	all_candidates	3071	5	1.0019975936991576	0.0206041389953715	0.7891598127378442	0.8125	3	0.9002636729856206	1.0
C241	HSMM	1026	5	1.0011441940739987	0.01104758594930158	0.9002636729856206	1.0	2	0.9002636729856206	1.0
C241	muscle_selective	191	5	0.9839771850649451	-0.15901080599707074	0.14737838693099373	0.1875	1	0.5895135477239749	0.75
C241	fusion_promoter	23	5	1.0065611147783353	0.08214352060516239	0.8788466746677048	0.875	2	0.9002636729856206	1.0
C242	all_candidates	3071	6	0.9731608505667214	-0.31387894988058396	0.42696147789653666	0.84375	3	0.44593433960520523	0.875
C242	HSMM	1026	6	0.9579255251268253	-0.45878965411489225	0.44593433960520523	0.875	3	0.44593433960520523	0.875
C242	muscle_selective	191	6	0.9621978602443485	-0.41555350713092964	0.39249333362059513	0.65625	4	0.44593433960520523	0.875
C242	fusion_promoter	23	6	0.8858278699698899	-1.645861858586221	0.30227296706034207	0.25	2	0.44593433960520523	0.875
C243	all_candidates	3071	6	0.9658464494713257	-0.38877248565758143	0.3143034864075576	0.21875	1	0.3698199448281962	0.5
C243	HSMM	1026	6	0.9494429830241029	-0.5366327634017052	0.36364148132250046	0.5	3	0.3698199448281962	0.5
C243	muscle_selective	191	6	0.9540569908706912	-0.4920361240516975	0.30563454795117573	0.25	2	0.3698199448281962	0.5
C243	fusion_promoter	23	6	0.8948816683022393	-1.4617853682403468	0.3698199448281962	0.5	1	0.3698199448281962	0.5
C244	all_candidates	3071	6	0.8990717832494589	-1.1051345716594323	0.01576151738222625	0.03125	0	0.023673616562370065	0.041666666666666664
C244	HSMM	1026	6	0.8956426696862979	-1.0582698559247616	0.01775521242177755	0.03125	0	0.023673616562370065	0.041666666666666664
C244	muscle_selective	191	6	0.900612370227862	-1.0291180572899683	0.0017284451453835042	0.03125	0	0.006913780581534017	0.041666666666666664
C244	fusion_promoter	23	6	0.8714788264966187	-1.7533964247845824	0.10850655083596493	0.0625	0	0.10850655083596493	0.0625
C245	all_candidates	3071	5	1.0021088626185406	0.021551545140562622	0.703057258662225	1.0	1	0.9374096782163001	1.0
C245	HSMM	1026	5	1.000131585951879	0.0012523488334922894	0.9818717738191529	1.0	2	0.9818717738191529	1.0
C245	muscle_selective	191	5	0.9864395832049948	-0.1335136797928399	0.0851912814039368	0.125	1	0.3407651256157472	0.5
C245	fusion_promoter	23	5	1.0168179592603703	0.20401969225885747	0.40639412650251533	0.3125	4	0.8127882530050307	0.625
C246	all_candidates	3071	6	0.9686563125837	-0.3633713086169346	0.3477508473519165	0.15625	1	0.43114659354754703	0.5
C246	HSMM	1026	6	0.9499519235352097	-0.5417878997422146	0.3579808645962551	0.375	2	0.43114659354754703	0.5
C246	muscle_selective	191	6	0.9492456815113844	-0.5555694944812885	0.24664090014584727	0.25	3	0.43114659354754703	0.5
C246	fusion_promoter	23	6	0.9078393838763266	-1.281992309684837	0.43114659354754703	0.6875	3	0.43114659354754703	0.6875
C247	all_candidates	3071	6	0.9385471582841388	-0.6748514880594396	0.34040722198360923	0.1875	2	0.4614554719281792	0.375
C247	HSMM	1026	6	0.9293330093736598	-0.7219169351201794	0.3460916039461344	0.28125	1	0.4614554719281792	0.375
C247	muscle_selective	191	6	0.9302426077639969	-0.7168391729239567	0.24791520096064218	0.15625	2	0.4614554719281792	0.375
C247	fusion_promoter	23	6	0.9599607196758164	-0.5057600775889679	0.5535348460646627	0.78125	3	0.5535348460646627	0.78125
C248	all_candidates	3071	6	0.9964948234309737	-0.037564697334237576	0.9508611473454831	0.9375	4	0.9747593729198669	0.96875
C248	HSMM	1026	6	0.9912189932264311	-0.08757921527898561	0.8846114999829252	0.90625	4	0.9747593729198669	0.96875
C248	muscle_selective	191	6	1.001703193172998	0.01729450145064223	0.9747593729198669	0.96875	4	0.9747593729198669	0.96875
C248	fusion_promoter	23	6	1.042029230480842	0.5108939598951918	0.34280548366227337	0.375	4	0.9747593729198669	0.96875
C249	all_candidates	3071	5	0.9956532479263569	-0.04086476018738447	0.3852580704109336	0.5	2	0.5633846101500856	0.75
C249	HSMM	1026	5	0.9951771507949899	-0.04218675279348397	0.42253845761256414	0.5625	2	0.5633846101500856	0.75
C249	muscle_selective	191	5	1.0030636992810302	0.027282550659985114	0.7960290171918513	0.9375	2	0.7960290171918513	0.9375
C249	fusion_promoter	23	5	1.0322425171032354	0.35048592611521767	0.27828881048910536	0.3125	3	0.5633846101500856	0.75
C250	all_candidates	3071	6	0.9351163233108771	-0.7023619696621821	0.29481895045738893	0.4375	3	0.408797913450504	0.5833333333333334
C250	HSMM	1026	6	0.9189209488763419	-0.8213344188316483	0.306598435087878	0.4375	3	0.408797913450504	0.5833333333333334
C250	muscle_selective	191	6	0.9180120708909031	-0.8563470500645192	0.2886098081176751	0.0625	1	0.408797913450504	0.25
C250	fusion_promoter	23	6	0.9623582690450388	-0.4709794333707887	0.5805010850887959	0.84375	3	0.5805010850887959	0.84375
C251	all_candidates	3071	6	0.9283438833883257	-0.7721654368838398	0.2525066249372603	0.4375	3	0.3375494933579856	0.5833333333333334
C251	HSMM	1026	6	0.9173180586724592	-0.829200723191166	0.2531621200184892	0.375	3	0.3375494933579856	0.5833333333333334
C251	muscle_selective	191	6	0.916722519467693	-0.8508853130766719	0.2438593676432952	0.0625	1	0.3375494933579856	0.25
C251	fusion_promoter	23	6	0.9534825779001062	-0.5681620090357553	0.50776494310585	0.78125	2	0.50776494310585	0.78125
C252	all_candidates	3071	6	1.063536614020265	0.6157909183079301	0.052639658429349825	0.03125	6	0.10527931685869965	0.0625
C252	HSMM	1026	6	1.0619722780507403	0.5545685676350876	0.051485910209094855	0.03125	6	0.10527931685869965	0.0625
C252	muscle_selective	191	6	1.0753015896538278	0.6771309520802299	0.12690922273504393	0.09375	5	0.16921229698005857	0.125
C252	fusion_promoter	23	6	1.008460143388712	0.10283779042609871	0.8308957771140084	0.78125	4	0.8308957771140084	0.78125
C253	all_candidates	3071	5	0.9990179522475297	-0.009246345243776044	0.31363976395196985	0.3125	1	0.6272795279039397	0.625
C253	HSMM	1026	5	0.9974030534804317	-0.022751131200890867	0.31249288672434516	0.3125	1	0.6272795279039397	0.625
C253	muscle_selective	191	5	0.9969408326741859	-0.027364045046387172	0.8319672791862859	0.75	3	0.8617438291922853	0.875
C253	fusion_promoter	23	5	1.0022978684092345	0.02597870594445772	0.8617438291922853	0.875	3	0.8617438291922853	0.875
C254	all_candidates	3071	6	1.0119522849618665	0.121211929927813	0.4328143661371653	0.6875	3	0.5441187907591558	0.71875
C254	HSMM	1026	6	1.0136722477097464	0.12846328335520765	0.5441187907591558	0.71875	3	0.5441187907591558	0.71875
C254	muscle_selective	191	6	0.9841267894526405	-0.14758756100574122	0.496672625609508	0.6875	3	0.5441187907591558	0.71875
C254	fusion_promoter	23	6	1.0590779902986756	0.658271629636466	0.4256644551217301	0.6875	3	0.5441187907591558	0.71875
C255	all_candidates	3071	6	0.9739393239760007	-0.26439209509062495	0.2720302673851521	0.3125	2	0.3760141055572623	0.5
C255	HSMM	1026	6	0.9564971716423766	-0.40769105393094934	0.26510203835938734	0.375	2	0.3760141055572623	0.5
C255	muscle_selective	191	6	0.9452758908854745	-0.5040622608659526	0.2820105791679467	0.34375	2	0.3760141055572623	0.5
C255	fusion_promoter	23	6	0.9958965522734091	-0.05238707530845257	0.7987492719720538	0.8125	2	0.7987492719720538	0.8125
C256	all_candidates	3071	6	1.0506414835317328	0.49081252014051546	0.07465985941637526	0.09375	5	0.14931971883275053	0.1875
C256	HSMM	1026	6	1.047889109577013	0.42854314443144137	0.07074760290533454	0.09375	5	0.14931971883275053	0.1875
C256	muscle_selective	191	6	1.0646436774420873	0.5812923080847983	0.22413287649049324	0.21875	5	0.29884383532065767	0.2916666666666667
C256	fusion_promoter	23	6	1.0120421163695077	0.1463786820855145	0.8151968768688853	0.78125	4	0.8151968768688853	0.78125
C257	all_candidates	3071	5	1.0001406960000137	0.001355448319687036	0.9158862154093789	0.875	3	0.9158862154093789	0.875
C257	HSMM	1026	5	0.9986910893964526	-0.011769452903060973	0.7871759861380071	0.75	2	0.9158862154093789	0.875
C257	muscle_selective	191	5	0.9963881713715894	-0.03304382460649985	0.7520384917227153	0.875	3	0.9158862154093789	0.875
C257	fusion_promoter	23	5	1.0131715108680555	0.153273921611419	0.6813671593182231	0.8125	2	0.9158862154093789	0.875
C258	all_candidates	3071	5	1.0044035790023655	0.040480887995492654	0.3952541281581922	0.4375	3	0.5729531752706857	0.6875
C258	HSMM	1026	5	1.0036226105786394	0.031043007973779735	0.5726900253990099	0.625	3	0.5729531752706857	0.6875
C258	muscle_selective	191	5	0.989156198025068	-0.09474292541040596	0.5662851439186583	0.5625	3	0.5729531752706857	0.6875
C258	fusion_promoter	23	5	1.0154655426213628	0.17088741633681764	0.5729531752706857	0.6875	2	0.5729531752706857	0.6875
C259	all_candidates	3071	6	0.9817677353871038	-0.1871188970763934	0.4287108151601266	0.59375	2	0.4287108151601266	0.625
C259	HSMM	1026	6	0.967669192714051	-0.3065742488621253	0.397488554720812	0.625	3	0.4287108151601266	0.625
C259	muscle_selective	191	6	0.9527822706880148	-0.4390448159365015	0.3264813703515552	0.375	3	0.4287108151601266	0.625
C259	fusion_promoter	23	6	1.0174100485220472	0.22656022913376656	0.39087798117522593	0.5	2	0.4287108151601266	0.625
C260	all_candidates	3071	6	1.0632097474054358	0.6126229576601441	0.0517345031255432	0.03125	6	0.10955240444157115	0.125
C260	HSMM	1026	6	1.0648615175444534	0.5804233765590272	0.05477620222078557	0.0625	5	0.10955240444157115	0.125
C260	muscle_selective	191	6	1.1118348720505136	1.0056474735189789	0.186467523119602	0.09375	5	0.2486233641594693	0.125
C260	fusion_promoter	23	6	0.9714433801074717	-0.34712173976909183	0.703867444496203	0.84375	3	0.703867444496203	0.84375
C261	all_candidates	3071	5	1.0073529073542962	0.07134366410738613	0.4842855779168676	0.625	3	0.624086517427898	0.75
C261	HSMM	1026	5	1.0065086444056057	0.05896028974673618	0.5461566342333455	0.75	2	0.624086517427898	0.75
C261	muscle_selective	191	5	0.9894942197791039	-0.09867731706177536	0.2902447163287012	0.375	1	0.624086517427898	0.75
C261	fusion_promoter	23	5	1.0269644324412643	0.3045240943228683	0.624086517427898	0.625	3	0.624086517427898	0.75
C262	all_candidates	3071	5	1.0126137934606472	0.11887185966230174	0.2667999588140146	0.375	3	0.5335999176280292	0.625
C262	HSMM	1026	5	1.0154804244051177	0.1355618898579429	0.23516754704791226	0.25	3	0.5335999176280292	0.625
C262	muscle_selective	191	5	0.9901172079941986	-0.09010679783838876	0.5704127723295753	0.625	3	0.6365289364106577	0.625
C262	fusion_promoter	23	5	1.0230645759417407	0.2554401341128512	0.6365289364106577	0.625	2	0.6365289364106577	0.625
C263	all_candidates	3071	5	1.0118479443120465	0.10566087817659985	0.19953171665781375	0.3125	3	0.3990634333156275	0.625
C263	HSMM	1026	5	1.014343152377867	0.11862327054812563	0.1365910500474109	0.25	3	0.3990634333156275	0.625
C263	muscle_selective	191	5	1.0016203855931554	0.013890114235721868	0.9025653697144946	0.875	3	0.9025653697144946	0.875
C263	fusion_promoter	23	5	1.0077603793456473	0.08229760410515069	0.852758302701149	0.875	2	0.9025653697144946	0.875
C264	all_candidates	3071	6	1.0107676107087906	0.10847553137722094	0.5923682635482042	0.59375	4	0.9490948736824837	0.90625
C264	HSMM	1026	6	1.0052451541034015	0.0489282159838658	0.8309182649843199	0.8125	4	0.9490948736824837	0.90625
C264	muscle_selective	191	6	1.0270994709895322	0.25259288223814086	0.44355218527799023	0.40625	5	0.9490948736824837	0.90625
C264	fusion_promoter	23	6	1.003022494802192	0.037070503839505456	0.9490948736824837	0.90625	5	0.9490948736824837	0.90625
C265	all_candidates	3071	5	1.0006462273250731	0.006126234676427922	0.7171723293677468	0.6875	3	0.7171723293677468	0.6875
C265	HSMM	1026	5	1.0033670891851754	0.029651655128992153	0.3161754365398753	0.375	3	0.5698395484744595	0.6666666666666666
C265	muscle_selective	191	5	0.9820288678965396	-0.16393301020309753	0.2927839748455218	0.3125	2	0.5698395484744595	0.6666666666666666
C265	fusion_promoter	23	5	1.058707251526217	0.6479592848879475	0.4273796613558446	0.5	2	0.5698395484744595	0.6666666666666666
C266	all_candidates	3071	6	0.9709163353627135	-0.3227744437879498	0.41097188886036123	0.8125	3	0.5442609012334743	0.875
C266	HSMM	1026	6	0.9526031147501504	-0.49044460838002296	0.41033921089393066	0.875	3	0.5442609012334743	0.875
C266	muscle_selective	191	6	0.9463580966135288	-0.5615811964010093	0.2418099487898564	0.15625	2	0.5442609012334743	0.625
C266	fusion_promoter	23	6	0.9213592643174133	-1.0430245054621656	0.5442609012334743	0.75	2	0.5442609012334743	0.875
C267	all_candidates	3071	6	0.977719203001871	-0.23235132141177992	0.4168673791572046	0.875	3	0.5558231722096062	0.90625
C267	HSMM	1026	6	0.9626081312315645	-0.36099890547697855	0.4111584274157861	0.90625	3	0.5558231722096062	0.90625
C267	muscle_selective	191	6	0.9467422899983395	-0.5124930002540236	0.25325358793882635	0.1875	2	0.5558231722096062	0.75
C267	fusion_promoter	23	6	0.9860158860088017	-0.18037124318220424	0.8019903297162141	0.78125	2	0.8019903297162141	0.90625
C268	all_candidates	3071	6	0.869685867937489	-1.375313345099121	0.16781246792026527	0.03125	0	0.17286372815020065	0.041666666666666664
C268	HSMM	1026	6	0.8657164087221614	-1.3132876116781684	0.1631166215866051	0.03125	0	0.17286372815020065	0.041666666666666664
C268	muscle_selective	191	6	0.8954432233533609	-1.0121125895695973	0.07514430225496664	0.0625	1	0.17286372815020065	0.0625
C268	fusion_promoter	23	6	0.8681673366320644	-1.748984624228909	0.17286372815020065	0.03125	0	0.17286372815020065	0.041666666666666664
C269	all_candidates	3071	5	1.0016413021127852	0.016066689838700465	0.7897957625977238	0.6875	3	0.9903609719008968	1.0
C269	HSMM	1026	5	0.9999141017445826	-0.0007835252999424669	0.9903609719008968	1.0	2	0.9903609719008968	1.0
C269	muscle_selective	191	5	0.984778024135629	-0.14235814155266036	0.17806624926825848	0.25	2	0.7122649970730339	1.0
C269	fusion_promoter	23	5	1.0065388287915318	0.07732760241121545	0.8529637885200039	1.0	2	0.9903609719008968	1.0
C270	all_candidates	3071	6	0.9669308463671165	-0.37071777273088685	0.3381604353582162	0.3125	3	0.38327508988445175	0.5
C270	HSMM	1026	6	0.9504043330310619	-0.5178871857846568	0.38327508988445175	0.625	2	0.38327508988445175	0.625
C270	muscle_selective	191	6	0.9508883881106528	-0.515789636081249	0.28388534065546905	0.25	3	0.38327508988445175	0.5
C270	fusion_promoter	23	6	0.8866781071507301	-1.5561668724356275	0.3293425794672276	0.375	1	0.38327508988445175	0.5
C271	all_candidates	3071	6	0.9632170634507693	-0.4040441138273204	0.2947755793551899	0.15625	1	0.33934946387314036	0.375
C271	HSMM	1026	6	0.9448872829267527	-0.5634336589274594	0.33934946387314036	0.4375	3	0.33934946387314036	0.4375
C271	muscle_selective	191	6	0.9534222043323647	-0.4773289991118851	0.319531618382221	0.28125	2	0.33934946387314036	0.375
C271	fusion_promoter	23	6	0.8808290128391019	-1.607342958011417	0.31191422680219855	0.25	2	0.33934946387314036	0.375
C272	all_candidates	3071	6	0.9416983072397895	-0.6010674321446415	0.030032187868986985	0.03125	0	0.06691155179792573	0.041666666666666664
C272	HSMM	1026	6	0.936215718150739	-0.6092837227157171	0.03345577589896286	0.03125	0	0.06691155179792573	0.041666666666666664
C272	muscle_selective	191	6	0.9575089371804141	-0.40882342740718	0.1792747359228662	0.21875	2	0.1792747359228662	0.21875
C272	fusion_promoter	23	6	0.9105982669806076	-1.1529861179176752	0.1387054096491501	0.03125	0	0.1792747359228662	0.041666666666666664
C273	all_candidates	3071	5	1.0020868717648208	0.020217037576164276	0.6927418973062675	0.9375	2	0.9236558630750232	1.0
C273	HSMM	1026	5	0.999711742428967	-0.002602525391201538	0.9684475357666452	1.0	2	0.9684475357666452	1.0
C273	muscle_selective	191	5	0.9940287536675375	-0.055242250675473226	0.2540308960509954	0.3125	2	0.9236558630750232	1.0
C273	fusion_promoter	23	5	1.0203304671012343	0.23790547536070825	0.5029568206762454	0.5625	2	0.9236558630750232	1.0
C274	all_candidates	3071	6	0.9648630046946342	-0.3938194006061053	0.3058830726516258	0.125	1	0.4345216217476434	0.25
C274	HSMM	1026	6	0.945282995721139	-0.5726811308217735	0.328616686715162	0.125	2	0.4345216217476434	0.25
C274	muscle_selective	191	6	0.9469317422700628	-0.5587553453312727	0.24227313684081517	0.1875	2	0.4345216217476434	0.25
C274	fusion_promoter	23	6	0.906307160111532	-1.2692859290012848	0.4345216217476434	0.8125	3	0.4345216217476434	0.8125
C275	all_candidates	3071	6	0.9629299352920971	-0.4078764476905895	0.28906900128269114	0.125	1	0.4073868369971864	0.2916666666666667
C275	HSMM	1026	6	0.9440788025515444	-0.5737575379663706	0.328145191833009	0.21875	2	0.4073868369971864	0.2916666666666667
C275	muscle_selective	191	6	0.9479612078618875	-0.5373013919340586	0.260543006963307	0.21875	2	0.4073868369971864	0.2916666666666667
C275	fusion_promoter	23	6	0.8993130795085944	-1.3400611931532966	0.4073868369971864	0.65625	2	0.4073868369971864	0.65625
C276	all_candidates	3071	6	0.9603409047011857	-0.4164312503119139	0.5118205615307659	0.59375	4	0.5355425810263997	0.59375
C276	HSMM	1026	6	0.9520384930804101	-0.46859543244851776	0.4746053178616802	0.53125	4	0.5355425810263997	0.59375
C276	muscle_selective	191	6	0.9497820387030569	-0.4991434316431574	0.4667978688715614	0.5625	4	0.5355425810263997	0.59375
C276	fusion_promoter	23	6	1.0202488157071392	0.24090239238746952	0.5355425810263997	0.5625	4	0.5355425810263997	0.59375
C277	all_candidates	3071	5	0.9936533581774741	-0.057896226718545524	0.3276524300228754	0.3125	1	0.46385676206746057	0.5
C277	HSMM	1026	5	0.9954598968228148	-0.03849461132594101	0.39121403739026944	0.5	2	0.46385676206746057	0.5
C277	muscle_selective	191	5	0.9953309214481396	-0.04036030267005608	0.46385676206746057	0.5	2	0.46385676206746057	0.5
C277	fusion_promoter	23	5	1.0239294175497964	0.25242351157017173	0.35242664401172696	0.375	3	0.46385676206746057	0.5
C278	all_candidates	3071	6	0.9324645735578955	-0.7156403135904383	0.2834759953031319	0.21875	2	0.4014553535483689	0.375
C278	HSMM	1026	6	0.9164615299397757	-0.8283307037704123	0.3010915151612767	0.28125	2	0.4014553535483689	0.375
C278	muscle_selective	191	6	0.9156974033536965	-0.8613168238249526	0.28547397576824923	0.09375	1	0.4014553535483689	0.375
C278	fusion_promoter	23	6	0.9569754214337631	-0.5265574026926512	0.5336805400630478	0.8125	3	0.5336805400630478	0.8125
C279	all_candidates	3071	6	0.9259593575716655	-0.7811423624878057	0.24206805065080486	0.21875	2	0.33118827422313885	0.2916666666666667
C279	HSMM	1026	6	0.9154866367470017	-0.8296427912698969	0.24839120566735412	0.1875	2	0.33118827422313885	0.2916666666666667
C279	muscle_selective	191	6	0.9139299398995107	-0.8600216145894677	0.23839631028849523	0.0625	1	0.33118827422313885	0.25
C279	fusion_promoter	23	6	0.9406582452610517	-0.708754210612411	0.40303853255280486	0.5625	2	0.40303853255280486	0.5625
C280	all_candidates	3071	6	1.0245173166983308	0.2954070569613002	0.5152836498624787	0.53125	4	0.5711479471957106	0.625
C280	HSMM	1026	6	1.0240098215175844	0.27014940594227016	0.5258980672776787	0.5625	4	0.5711479471957106	0.625
C280	muscle_selective	191	6	1.052444931176049	0.5937193903671121	0.31695071830212934	0.375	5	0.5711479471957106	0.625
C280	fusion_promoter	23	6	0.9908649991208935	-0.1304675165548513	0.5711479471957106	0.625	2	0.5711479471957106	0.625
C281	all_candidates	3071	6	0.9950083061193847	-0.06462599281641551	0.2907392396658859	0.28125	1	0.5814784793317718	0.375
C281	HSMM	1026	6	0.9963019332392742	-0.044568354457061074	0.6313836700821203	0.8125	3	0.6313836700821203	0.8125
C281	muscle_selective	191	6	1.0190667634499262	0.2336152193590058	0.449768914837045	0.28125	5	0.5996918864493933	0.375
C281	fusion_promoter	23	6	0.9310003018962484	-1.0758758099897432	0.10078806131979767	0.0625	1	0.4031522452791907	0.25
C282	all_candidates	3071	6	0.9821980995909021	-0.22683398890161166	0.09447495545642054	0.125	1	0.16506737710216254	0.20833333333333334
C282	HSMM	1026	6	0.9804714564416764	-0.232259674406273	0.08144915714555111	0.125	1	0.16506737710216254	0.20833333333333334
C282	muscle_selective	191	6	1.0113678744261572	0.13577656202855187	0.6068286958372475	0.5625	4	0.6068286958372475	0.5625
C282	fusion_promoter	23	6	0.9378234199027853	-0.9428773407014692	0.12380053282662191	0.15625	1	0.16506737710216254	0.20833333333333334
C283	all_candidates	3071	6	0.9783339312309238	-0.27412089223543595	0.11946346782261061	0.0625	1	0.23892693564522122	0.1875
C283	HSMM	1026	6	0.9812313801997091	-0.22142895318052344	0.10599141591169284	0.09375	1	0.23892693564522122	0.1875
C283	muscle_selective	191	6	1.005592707772884	0.066248849488358	0.7850693920981757	0.6875	4	0.7850693920981757	0.6875
C283	fusion_promoter	23	6	0.9544321877515048	-0.6857234595205148	0.1966144270679947	0.21875	1	0.26215256942399295	0.2916666666666667
C284	all_candidates	3071	6	1.025456846347916	0.30672736954390434	0.42201165376934546	0.5	4	0.5791401208332312	0.6666666666666666
C284	HSMM	1026	6	1.0240827581649918	0.2709700614375261	0.4343550906249234	0.46875	4	0.5791401208332312	0.6666666666666666
C284	muscle_selective	191	6	1.0506391220879419	0.5732761588313231	0.32435274558990473	0.40625	4	0.5791401208332312	0.6666666666666666
C284	fusion_promoter	23	6	0.9882493840095156	-0.16782414217109226	0.7486838565759897	0.84375	3	0.7486838565759897	0.84375
C285	all_candidates	3071	6	1.0003058494452008	0.003881598167816113	0.9526655691184474	0.96875	4	0.9526655691184474	0.96875
C285	HSMM	1026	6	0.995505853388228	-0.05311602219311024	0.26513350803776514	0.3125	2	0.6339139954138443	0.75
C285	muscle_selective	191	6	1.0273384241480956	0.3264218808360978	0.3647281771200679	0.375	3	0.6339139954138443	0.75
C285	fusion_promoter	23	6	0.9611583378163758	-0.5751974068766756	0.4754354965603832	0.59375	2	0.6339139954138443	0.7916666666666666
C286	all_candidates	3071	6	0.993304278854027	-0.08438183105178784	0.1828130451553884	0.15625	1	0.3416751830542112	0.3125
C286	HSMM	1026	6	0.9912443356458631	-0.10292633738747184	0.14898304986872832	0.15625	1	0.3416751830542112	0.3125
C286	muscle_selective	191	6	1.0314129895283146	0.36936312771204194	0.3416751830542112	0.28125	5	0.3416751830542112	0.375
C286	fusion_promoter	23	6	0.940200417822749	-0.8839928914007237	0.32408572598628854	0.46875	2	0.3416751830542112	0.46875
C287	all_candidates	3071	6	0.9782872468077407	-0.274007251400126	0.166798279824304	0.03125	0	0.333596559648608	0.125
C287	HSMM	1026	6	0.9776730079686726	-0.2629950343712443	0.1322547612458334	0.09375	1	0.333596559648608	0.1875
C287	muscle_selective	191	6	1.0108240107015205	0.12795232517283536	0.6102547372744629	0.59375	4	0.6102547372744629	0.59375
C287	fusion_promoter	23	6	0.9467293669612369	-0.7951847525856468	0.37890711273475847	0.46875	2	0.5052094836463447	0.59375
C288	all_candidates	3071	6	1.0301017972314481	0.36269398640975126	0.46797799747960594	0.5	4	0.5925739459844839	0.59375
C288	HSMM	1026	6	1.0256134259381358	0.288192554712079	0.5415171030786168	0.5	4	0.5925739459844839	0.59375
C288	muscle_selective	191	6	1.0467002363108175	0.5286847596268983	0.45637755918059986	0.5	5	0.5925739459844839	0.59375
C288	fusion_promoter	23	6	1.0200572256168319	0.28646044481435085	0.5925739459844839	0.59375	4	0.5925739459844839	0.59375
C289	all_candidates	3071	6	0.9967513041000289	-0.04311426891402369	0.6702531233980695	0.6875	1	0.6702531233980695	0.6875
C289	HSMM	1026	6	0.983284476840558	-0.20741811247289346	0.01045215127570386	0.0625	1	0.04180860510281544	0.25
C289	muscle_selective	191	6	0.9797528766895214	-0.25683331198767384	0.604588812100753	0.59375	2	0.6702531233980695	0.6875
C289	fusion_promoter	23	6	0.9605932591698004	-0.6171465549276659	0.11181065135919017	0.125	1	0.22362130271838035	0.25
C290	all_candidates	3071	6	0.9898724967722226	-0.13213195818617163	0.01904786729358769	0.0625	1	0.04998166920364069	0.125
C290	HSMM	1026	6	0.9823696639062086	-0.21494444537004095	0.024990834601820344	0.0625	1	0.04998166920364069	0.125
C290	muscle_selective	191	6	0.9885023206680882	-0.1428696618487207	0.7797715664963342	0.8125	2	0.7797715664963342	0.8125
C290	fusion_promoter	23	6	0.9041663580780277	-1.5026683595524162	0.13074809430416018	0.15625	2	0.1743307924055469	0.20833333333333334
C291	all_candidates	3071	6	0.9838542254966256	-0.210244677859283	0.01959214202855077	0.03125	0	0.03918428405710154	0.0625
C291	HSMM	1026	6	0.9769144117328814	-0.2814326737756945	0.002048932869673894	0.03125	0	0.008195731478695576	0.0625
C291	muscle_selective	191	6	0.9968774777115734	-0.03833761627470682	0.9395320397179929	1.0	2	0.9395320397179929	1.0
C291	fusion_promoter	23	6	0.9433213694908557	-0.8846866137575629	0.20817179913865094	0.15625	2	0.2775623988515346	0.20833333333333334
C292	all_candidates	3071	6	1.0234261126192599	0.28281930512891407	0.1960376463633285	0.21875	5	0.37502630066253434	0.375
C292	HSMM	1026	6	1.020988443823601	0.2368697230302247	0.20089247260089618	0.21875	5	0.37502630066253434	0.375
C292	muscle_selective	191	6	1.0391109447048712	0.4476799748966064	0.28126972549690077	0.28125	4	0.37502630066253434	0.375
C292	fusion_promoter	23	6	0.9878130944253672	-0.17413217388689978	0.783598360183963	0.75	4	0.783598360183963	0.75
C293	all_candidates	3071	6	1.0058212895011114	0.07340661522605858	0.571690497409522	0.9375	2	0.7256335076266537	0.9375
C293	HSMM	1026	6	1.0021526489253028	0.02526402896667011	0.7256335076266537	0.78125	2	0.7256335076266537	0.9375
C293	muscle_selective	191	6	1.0228874933549867	0.27468455070522463	0.4688083413578406	0.4375	3	0.7256335076266537	0.9375
C293	fusion_promoter	23	6	0.9546347622184806	-0.6781069040372578	0.5511086638062525	0.71875	2	0.7256335076266537	0.9375
C294	all_candidates	3071	6	0.9977454569629232	-0.02822168161836965	0.607760777824476	0.59375	2	0.607760777824476	0.59375
C294	HSMM	1026	6	0.9928871514135713	-0.08329379070736004	0.13305350042417236	0.15625	2	0.5322140016966894	0.59375
C294	muscle_selective	191	6	1.0155443862555846	0.1847262534349774	0.5776059512162333	0.59375	3	0.607760777824476	0.59375
C294	fusion_promoter	23	6	0.9468503879814819	-0.7847785947025426	0.42746268505728596	0.59375	2	0.607760777824476	0.59375
C295	all_candidates	3071	6	0.9912387634261141	-0.110251592616535	0.09293817073750497	0.09375	1	0.1961462314604457	0.1875
C295	HSMM	1026	6	0.9867534358127673	-0.1560605255309094	0.09807311573022286	0.09375	1	0.1961462314604457	0.1875
C295	muscle_selective	191	6	1.003413529620312	0.04086416314080625	0.854592444802529	0.9375	3	0.854592444802529	0.9375
C295	fusion_promoter	23	6	0.9586853406179245	-0.6144429923356971	0.5590147080088783	0.84375	3	0.7453529440118377	0.9375
C296	all_candidates	3071	6	0.9069062260947405	-1.1906219164692196	0.0034361802045136123	0.03125	0	0.007995845873256555	0.041666666666666664
C296	HSMM	1026	6	0.9059526898998672	-1.1239772055031627	0.003997922936628278	0.03125	0	0.007995845873256555	0.041666666666666664
C296	muscle_selective	191	6	0.9191481017388657	-0.9799891250813619	0.013405809650759432	0.03125	0	0.017874412867679244	0.041666666666666664
C296	fusion_promoter	23	6	0.9058751203687994	-1.382732546046917	0.13758563517732725	0.15625	1	0.13758563517732725	0.15625
C297	all_candidates	3071	6	1.006349381390771	0.08249276565784497	0.3897923419166418	0.40625	4	0.7503753248563351	0.75
C297	HSMM	1026	6	0.9950528671617768	-0.06035845217132116	0.4800132777777975	0.4375	2	0.7503753248563351	0.75
C297	muscle_selective	191	6	1.0182743971047143	0.22494875374456602	0.5627814936422513	0.5625	3	0.7503753248563351	0.75
C297	fusion_promoter	23	6	0.9867794729082375	-0.19920032963511178	0.7863900363444061	0.9375	4	0.7863900363444061	0.9375
C298	all_candidates	3071	6	0.9984893509651483	-0.019266403733887022	0.8986021744291006	0.9375	2	0.8986021744291006	0.9375
C298	HSMM	1026	6	0.99183713151089	-0.09749542426073544	0.6097513519834958	0.625	2	0.8986021744291006	0.9375
C298	muscle_selective	191	6	1.010441885155968	0.12718213865048034	0.7130409780515754	0.75	3	0.8986021744291006	0.9375
C298	fusion_promoter	23	6	0.9441855203732242	-0.8385159163847683	0.4080156386939871	0.5625	1	0.8986021744291006	0.9375
C299	all_candidates	3071	6	0.9922147021270697	-0.09882881471495603	0.10791480766560634	0.09375	1	0.28946879602688763	0.3125
C299	HSMM	1026	6	0.9886608037739661	-0.13468443273245945	0.14473439801344382	0.15625	1	0.28946879602688763	0.3125
C299	muscle_selective	191	6	1.0208745780038118	0.2500364955736547	0.45671271413408643	0.5625	3	0.45671271413408643	0.5625
C299	fusion_promoter	23	6	0.958146350918609	-0.628919472271501	0.2731616979477999	0.28125	3	0.36421559726373315	0.375
C300	all_candidates	3071	6	0.9168271768626491	-1.0533996503999383	0.0041335750718353844	0.03125	0	0.005511433429113846	0.041666666666666664
C300	HSMM	1026	6	0.908747544830846	-1.0835306106148557	0.0034598096504657792	0.03125	0	0.005511433429113846	0.041666666666666664
C300	muscle_selective	191	6	0.934403873892671	-0.7902402680619819	0.000813538330331565	0.03125	0	0.00325415332132626	0.041666666666666664
C300	fusion_promoter	23	6	0.908994710198213	-1.333754327741681	0.058650107099895835	0.09375	1	0.058650107099895835	0.09375
C301	all_candidates	3071	6	1.0020909282544537	0.027013333225804046	0.6260660657190048	0.625	3	0.801914171964961	0.8125
C301	HSMM	1026	6	0.9947143359059917	-0.06395428734231128	0.589455546305825	0.59375	2	0.801914171964961	0.8125
C301	muscle_selective	191	6	1.0344471477098578	0.41662952036697715	0.2178283404194228	0.21875	5	0.801914171964961	0.8125
C301	fusion_promoter	23	6	0.9927825109112595	-0.10682376497509634	0.801914171964961	0.8125	3	0.801914171964961	0.8125
C302	all_candidates	3071	6	0.9856399223455861	-0.18418947711101227	0.029758404406796227	0.0625	1	0.059516808813592455	0.125
C302	HSMM	1026	6	0.9771646740816625	-0.27509278018576827	0.009840176583920224	0.0625	1	0.039360706335680895	0.125
C302	muscle_selective	191	6	1.0218785693835524	0.2643745940328178	0.4080229163424328	0.40625	3	0.4080229163424328	0.40625
C302	fusion_promoter	23	6	0.9545571823110122	-0.680155980186449	0.2753345376013672	0.375	2	0.36711271680182295	0.40625
C303	all_candidates	3071	6	0.9729114502813703	-0.3454517767569394	0.024603647751655494	0.03125	0	0.04920729550331099	0.0625
C303	HSMM	1026	6	0.9634054177194018	-0.4370489999441959	0.010483683327270893	0.03125	0	0.04193473330908357	0.0625
C303	muscle_selective	191	6	1.0066940939407985	0.08039321319943532	0.7217415870324815	0.75	3	0.7217415870324815	0.75
C303	fusion_promoter	23	6	0.9326323752413013	-1.01590061172516	0.08951992268248384	0.09375	1	0.11935989690997845	0.125
C304	all_candidates	3071	6	1.1097642635383316	1.2035976429243358	0.12155644442120497	0.0625	5	0.15430171220144945	0.0625
C304	HSMM	1026	6	1.106211733388636	1.0912573115830027	0.1288853344669023	0.0625	5	0.15430171220144945	0.0625
C304	muscle_selective	191	6	1.0959777154328498	1.0189611793931412	0.15430171220144945	0.0625	5	0.15430171220144945	0.0625
C304	fusion_promoter	23	6	1.1497409708238058	1.8520113735359616	0.05537406540888845	0.03125	6	0.15430171220144945	0.0625
C305	all_candidates	3071	6	1.0003587630042623	0.004356550605744599	0.9240919665827309	0.90625	3	0.9240919665827309	0.90625
C305	HSMM	1026	6	1.0021786888422055	0.02477510563631639	0.5835728721071275	0.625	3	0.9240919665827309	0.90625
C305	muscle_selective	191	6	0.998792381679648	-0.014173552946488213	0.8699962994481545	0.84375	3	0.9240919665827309	0.90625
C305	fusion_promoter	23	6	1.0778762924074308	1.0594547340934786	0.4521724324129097	0.71875	4	0.9240919665827309	0.90625
C306	all_candidates	3071	6	1.008167541193634	0.09645590695014453	0.5049220195418184	0.59375	4	0.9889940549003924	1.0
C306	HSMM	1026	6	1.0031315661993172	0.03460732009631523	0.663272262560539	0.65625	4	0.9889940549003924	1.0
C306	muscle_selective	191	6	0.999728331208412	-0.0031043569835928716	0.9889940549003924	1.0	3	0.9889940549003924	1.0
C306	fusion_promoter	23	6	1.016992168690779	0.22664665703271228	0.7448484615111359	0.75	3	0.9889940549003924	1.0
C307	all_candidates	3071	6	0.9761911156421214	-0.27747704342240553	0.2622660858577611	0.25	3	0.37011729274333666	0.375
C307	HSMM	1026	6	0.9765660509977679	-0.2557289269291554	0.2775879695575025	0.28125	2	0.37011729274333666	0.375
C307	muscle_selective	191	6	0.9485738415740291	-0.5799274226099514	0.14579802696098315	0.15625	2	0.37011729274333666	0.375
C307	fusion_promoter	23	6	1.0393905910902723	0.5178479093111691	0.6919228429574535	0.84375	3	0.6919228429574535	0.84375
C308	all_candidates	3071	6	1.0035569741905028	0.04161251600154289	0.9234917457427609	0.90625	2	0.9871049105062419	1.0
C308	HSMM	1026	6	1.000611760717111	0.006683983409189419	0.9871049105062419	1.0	2	0.9871049105062419	1.0
C308	muscle_selective	191	6	1.0300954393208996	0.3302523039627199	0.5261245984147596	0.75	2	0.9871049105062419	1.0
C308	fusion_promoter	23	6	0.9686229581848944	-0.4403870235127183	0.24436734188710246	0.3125	2	0.9774693675484099	1.0
C309	all_candidates	3071	6	0.9941496180690339	-0.07361785454233342	0.2662945729340062	0.3125	2	0.4870394524519774	0.4166666666666667
C309	HSMM	1026	6	0.9975935203808088	-0.028165454753154018	0.7825141027011524	0.90625	4	0.7825141027011524	0.90625
C309	muscle_selective	191	6	1.0232635693129284	0.27612021204698584	0.365279589338983	0.28125	5	0.4870394524519774	0.4166666666666667
C309	fusion_promoter	23	6	0.9157905859740655	-1.285928885226132	0.1307490572445553	0.09375	1	0.4870394524519774	0.375
C310	all_candidates	3071	6	0.9760339852726336	-0.2961725351064857	0.0704059529882786	0.09375	1	0.1408119059765572	0.1875
C310	HSMM	1026	6	0.9741061551910114	-0.2986958238189017	0.06881012896020579	0.09375	1	0.1408119059765572	0.1875
C310	muscle_selective	191	6	1.0066053284510479	0.07640479958735841	0.7156499472813411	0.78125	5	0.7156499472813411	0.78125
C310	fusion_promoter	23	6	0.9460905883703076	-0.80352823939771	0.22875623305436887	0.3125	1	0.3050083107391585	0.4166666666666667
C311	all_candidates	3071	6	0.9716356013483031	-0.34690658959860876	0.07563414755489757	0.09375	1	0.15126829510979514	0.1875
C311	HSMM	1026	6	0.9738890377896356	-0.29776744954663953	0.07546979602411621	0.09375	1	0.15126829510979514	0.1875
C311	muscle_selective	191	6	1.0011193203185855	0.012793019291417601	0.9510337924988578	0.96875	5	0.9510337924988578	0.96875
C311	fusion_promoter	23	6	0.9372169949054011	-0.9258881762693518	0.1779347385443193	0.21875	1	0.23724631805909238	0.2916666666666667
C312	all_candidates	3071	6	0.996048375086775	-0.04622947655136579	0.9166423820304502	0.9375	2	0.9166423820304502	0.9375
C312	HSMM	1026	6	0.9906988795021856	-0.10162230649240038	0.8044168568382024	0.78125	2	0.9166423820304502	0.9375
C312	muscle_selective	191	6	1.0200008872297142	0.21947973639728585	0.6999669271763658	0.75	2	0.9166423820304502	0.9375
C312	fusion_promoter	23	6	0.9640421049104045	-0.5046807944356919	0.4641081388853407	0.53125	2	0.9166423820304502	0.9375
C313	all_candidates	3071	6	0.9995077304930916	-0.006078821661741063	0.9328403375843508	0.96875	3	0.9328403375843508	0.96875
C313	HSMM	1026	6	0.9928722794381583	-0.0820316953583118	0.30692378797377223	0.34375	2	0.6921248496917696	0.6875
C313	muscle_selective	191	6	1.0291433403524437	0.3381685442832785	0.3460624248458848	0.3125	4	0.6921248496917696	0.6875
C313	fusion_promoter	23	6	0.9689279157860149	-0.44947331707638866	0.5823404149250784	0.6875	2	0.7764538865667712	0.9166666666666666
C314	all_candidates	3071	6	0.9904789419093054	-0.11538636371730866	0.13343760348778153	0.15625	2	0.26687520697556305	0.3125
C314	HSMM	1026	6	0.9866111814166775	-0.15147714374919044	0.11527054988187112	0.125	1	0.26687520697556305	0.3125
C314	muscle_selective	191	6	1.0270922203383797	0.3065120845404752	0.3745494947416574	0.375	4	0.49939932632220985	0.5
C314	fusion_promoter	23	6	0.9677593108682616	-0.4614848114274599	0.5842296509461442	0.8125	4	0.5842296509461442	0.8125
C315	all_candidates	3071	6	0.9792160649849542	-0.25032497789118946	0.16686219786787274	0.125	2	0.33372439573574547	0.25
C315	HSMM	1026	6	0.9763409923276836	-0.26614502098906195	0.10779349690394673	0.125	1	0.33372439573574547	0.25
C315	muscle_selective	191	6	1.0094648516113993	0.10657424142635809	0.6838413500324141	0.625	3	0.6838413500324141	0.625
C315	fusion_promoter	23	6	0.9450905560890666	-0.7916379414624823	0.3700072015899556	0.4375	3	0.4933429354532741	0.5833333333333334
C316	all_candidates	3071	6	1.0031533816494875	0.03689094643943014	0.9369512132523268	0.90625	3	0.9369512132523268	0.90625
C316	HSMM	1026	6	0.9942389954954736	-0.06294365991717557	0.890431943521337	0.90625	3	0.9369512132523268	0.90625
C316	muscle_selective	191	6	1.0088513074898011	0.09712982290839417	0.8793359126420509	0.875	3	0.9369512132523268	0.90625
C316	fusion_promoter	23	6	0.9822055626916288	-0.24975073582445287	0.749335481527219	0.78125	2	0.9369512132523268	0.90625
C317	all_candidates	3071	6	0.996840174662384	-0.04068207115690223	0.7169418497560665	0.75	2	0.7169418497560665	0.75
C317	HSMM	1026	6	0.980359484157531	-0.2368962529781219	0.07107461078166923	0.0625	1	0.27867271509514385	0.25
C317	muscle_selective	191	6	0.9779307425692767	-0.27208876569824897	0.5881260555162808	0.59375	2	0.7169418497560665	0.75
C317	fusion_promoter	23	6	0.9660757023026697	-0.5186132423984098	0.13933635754757193	0.15625	2	0.27867271509514385	0.3125
C318	all_candidates	3071	6	0.9942067680773177	-0.0722426385077142	0.49876989511318504	0.5	2	0.6500078399557023	0.65625
C318	HSMM	1026	6	0.984065457475116	-0.18613366274184512	0.32337598935310696	0.34375	2	0.6467519787062139	0.65625
C318	muscle_selective	191	6	0.9804575579660737	-0.23323041124088034	0.6500078399557023	0.65625	2	0.6500078399557023	0.65625
C318	fusion_promoter	23	6	0.940346752865119	-0.9052396878483828	0.19165425091042174	0.15625	2	0.6467519787062139	0.625
C319	all_candidates	3071	6	0.9859902901416281	-0.17331219740859732	0.04149728927133458	0.0625	1	0.08299457854266916	0.125
C319	HSMM	1026	6	0.9726142190399266	-0.31801607532601084	0.03079151918313022	0.0625	1	0.08299457854266916	0.125
C319	muscle_selective	191	6	0.9860034316217594	-0.16332649316942205	0.7554370343135245	0.78125	2	0.7554370343135245	0.78125
C319	fusion_promoter	23	6	0.9368369424985872	-0.9434623347666821	0.17073399408583873	0.125	2	0.22764532544778496	0.16666666666666666
C320	all_candidates	3071	6	0.9986299540119299	-0.015986531553327403	0.9598189995391951	0.9375	2	0.9598189995391951	0.9375
C320	HSMM	1026	6	0.9923086605491435	-0.08389781415398152	0.7673881938689816	0.84375	2	0.9598189995391951	0.9375
C320	muscle_selective	191	6	1.0134223422791846	0.1482461942415708	0.7424047535059897	0.78125	2	0.9598189995391951	0.9375
C320	fusion_promoter	23	6	0.96802296958025	-0.4469623964502948	0.5584681460307135	0.53125	1	0.9598189995391951	0.9375
C321	all_candidates	3071	6	1.0055328509269028	0.06781246849483571	0.616170000368709	0.8125	3	0.9257360704900921	0.96875
C321	HSMM	1026	6	1.000569319937945	0.006493480043276087	0.9396016917020785	0.96875	3	0.9396016917020785	0.96875
C321	muscle_selective	191	6	1.0236625198855607	0.27619587951362223	0.44722251073381836	0.46875	3	0.9257360704900921	0.96875
C321	fusion_promoter	23	6	0.9687653661113219	-0.4532721069181764	0.6943020528675691	0.78125	2	0.9257360704900921	0.96875
C322	all_candidates	3071	6	0.9970667983404872	-0.03518850787197168	0.6140306890684739	0.5625	2	0.7669207901255339	0.7916666666666666
C322	HSMM	1026	6	0.9914780658359996	-0.09559474790835966	0.13173670529245313	0.09375	1	0.5269468211698125	0.375
C322	muscle_selective	191	6	1.0121034938458453	0.13825264956004724	0.6183427797500098	0.59375	3	0.7669207901255339	0.7916666666666666
C322	fusion_promoter	23	6	0.9772709625835694	-0.3231129242251598	0.7669207901255339	0.8125	2	0.7669207901255339	0.8125
C323	all_candidates	3071	6	0.987925031292609	-0.14488342574699536	0.07751330879516347	0.09375	1	0.15502661759032693	0.1875
C323	HSMM	1026	6	0.9818419453341218	-0.20376593452034727	0.06272895618848617	0.09375	1	0.15502661759032693	0.1875
C323	muscle_selective	191	6	0.9946648772657687	-0.061059369468150056	0.7510559957550027	0.71875	2	0.7510559957550027	0.8125
C323	fusion_promoter	23	6	0.9593136429621519	-0.5812256215541031	0.5754876799577313	0.8125	2	0.7510559957550027	0.8125
C324	all_candidates	3071	6	0.9361495617534671	-0.7754683553949013	0.06643233258021401	0.0625	1	0.13286466516042802	0.125
C324	HSMM	1026	6	0.9345954019657787	-0.7428190080087684	0.06182424790221204	0.03125	0	0.13286466516042802	0.125
C324	muscle_selective	191	6	0.953302167710833	-0.5348551256572247	0.14491538999800518	0.1875	2	0.1732943765068994	0.21875
C324	fusion_promoter	23	6	0.8953205498327407	-1.509495969536996	0.1732943765068994	0.21875	2	0.1732943765068994	0.21875
C325	all_candidates	3071	6	0.9995984948696001	-0.0051419999281914625	0.9580988119050593	0.96875	2	0.9580988119050593	0.96875
C325	HSMM	1026	6	0.9887663334462937	-0.1344950451607588	0.2784002699096872	0.3125	2	0.9580988119050593	0.96875
C325	muscle_selective	191	6	1.0091284609363227	0.11089581758795333	0.7561421955432844	0.71875	3	0.9580988119050593	0.96875
C325	fusion_promoter	23	6	0.9034810527768883	-1.462896478379289	0.5060840190952745	0.90625	3	0.9580988119050593	0.96875
C326	all_candidates	3071	6	0.998687895754391	-0.01661586931380269	0.9022841990281246	0.90625	2	0.9022841990281246	0.90625
C326	HSMM	1026	6	0.9895019918596959	-0.12425618423050333	0.5463666941869241	0.53125	2	0.9022841990281246	0.90625
C326	muscle_selective	191	6	1.0111986900805654	0.1345574242948888	0.6869412862247113	0.6875	4	0.9022841990281246	0.90625
C326	fusion_promoter	23	6	0.9085447424681712	-1.4210237644554258	0.28543630892211713	0.4375	2	0.9022841990281246	0.90625
C327	all_candidates	3071	6	0.9837477407747366	-0.20660020249998481	0.027480754621600177	0.03125	0	0.054961509243200354	0.0625
C327	HSMM	1026	6	0.9778375130860386	-0.26337474625387075	0.013797139270603954	0.03125	0	0.054961509243200354	0.0625
C327	muscle_selective	191	6	1.0018630304245002	0.022331509950746994	0.9426557451773786	0.84375	2	0.9426557451773786	0.84375
C327	fusion_promoter	23	6	0.940739290288753	-0.897159363017836	0.3695658527729912	0.375	3	0.4927544703639883	0.5
C328	all_candidates	3071	6	0.9511988754233817	-0.5861097589152592	0.07675213095182293	0.125	1	0.15350426190364586	0.16666666666666666
C328	HSMM	1026	6	0.9490026402277879	-0.571755431218874	0.06999773223512436	0.125	1	0.15350426190364586	0.16666666666666666
C328	muscle_selective	191	6	0.9813510688851318	-0.209175459846288	0.40232771919220395	0.40625	2	0.40232771919220395	0.40625
C328	fusion_promoter	23	6	0.9030477329446515	-1.3991549157418766	0.13053410138454763	0.09375	1	0.17404546851273017	0.16666666666666666
C329	all_candidates	3071	6	1.0037982868744126	0.04787836120389785	0.6080827894018235	0.625	3	0.7495810489661066	0.78125
C329	HSMM	1026	6	0.9966696584463314	-0.03919458004878276	0.7495810489661066	0.78125	2	0.7495810489661066	0.78125
C329	muscle_selective	191	6	1.0404118374393214	0.4722771230496774	0.18708143099156968	0.1875	4	0.7483257239662787	0.75
C329	fusion_promoter	23	6	0.9658500033436144	-0.5068266116934256	0.4084842354095208	0.46875	1	0.7495810489661066	0.78125
C330	all_candidates	3071	6	0.9910322995636145	-0.1117329570501852	0.23637207011274763	0.25	1	0.3272957709941683	0.4375
C330	HSMM	1026	6	0.98534216584758	-0.17095506531922672	0.19948218885585947	0.1875	1	0.3272957709941683	0.4375
C330	muscle_selective	191	6	1.037537384231738	0.4347773476262817	0.24547182824562622	0.34375	4	0.3272957709941683	0.4375
C330	fusion_promoter	23	6	0.9457570084726256	-0.8114736003755174	0.38132268498102734	0.4375	2	0.38132268498102734	0.4375
C331	all_candidates	3071	6	0.9809791842137147	-0.2346197820797289	0.027972075282109692	0.0625	1	0.06272033038416719	0.125
C331	HSMM	1026	6	0.9748782582133403	-0.2895983261204441	0.031360165192083594	0.0625	1	0.06272033038416719	0.125
C331	muscle_selective	191	6	1.023482437005741	0.26780901923880057	0.3695409889717769	0.375	3	0.3695409889717769	0.375
C331	fusion_promoter	23	6	0.9221599187071357	-1.164931230181005	0.2449006890291485	0.21875	1	0.32653425203886466	0.2916666666666667
C332	all_candidates	3071	6	1.0905233720234073	0.9690624158802248	0.22555760438430109	0.15625	5	0.29579128202704547	0.25
C332	HSMM	1026	6	1.0851575743048878	0.8544718999456533	0.24915349022396488	0.1875	5	0.29579128202704547	0.25
C332	muscle_selective	191	6	1.0751379903643594	0.7768944795622391	0.29579128202704547	0.3125	5	0.29579128202704547	0.3125
C332	fusion_promoter	23	6	1.1426498268914451	1.7245527138335142	0.07318669328083796	0.0625	5	0.29274677312335184	0.25
C333	all_candidates	3071	6	0.9999692828666333	-0.00036424537444949834	0.994104007092921	1.0	4	0.994104007092921	1.0
C333	HSMM	1026	6	1.0010741188479888	0.01193100254919174	0.7773869517659882	0.78125	3	0.994104007092921	1.0
C333	muscle_selective	191	6	0.9958415680921799	-0.0475506087179402	0.6835082233142794	0.65625	3	0.994104007092921	1.0
C333	fusion_promoter	23	6	1.0754490453445948	1.0036347731827202	0.4767179323613967	0.8125	3	0.994104007092921	1.0
C334	all_candidates	3071	6	1.0005815649609802	0.006709004469860706	0.9690837966356796	0.96875	3	0.9690837966356796	0.96875
C334	HSMM	1026	6	0.9937999282239455	-0.06694891661773299	0.5863094471843366	0.59375	3	0.9690837966356796	0.96875
C334	muscle_selective	191	6	0.9927498913457878	-0.0807527921375728	0.7637985925879004	0.75	3	0.9690837966356796	0.96875
C334	fusion_promoter	23	6	1.0103566045399077	0.13514792591491537	0.846277648186208	0.84375	3	0.9690837966356796	0.96875
C335	all_candidates	3071	6	0.9689230186066284	-0.3537977363278646	0.20178033896320222	0.21875	2	0.28319005348409093	0.2916666666666667
C335	HSMM	1026	6	0.9685913096872414	-0.3349508227675937	0.21239254011306818	0.21875	2	0.28319005348409093	0.2916666666666667
C335	muscle_selective	191	6	0.943318389866893	-0.6230924398463639	0.13528254735344653	0.125	2	0.28319005348409093	0.2916666666666667
C335	fusion_promoter	23	6	1.0365491983503026	0.46976051323877543	0.7198603566555839	0.84375	3	0.7198603566555839	0.84375
C336	all_candidates	3071	6	1.2072167432526555	1.8996197106566377	0.10710523496390023	0.0625	5	0.20764649069566518	0.08333333333333333
C336	HSMM	1026	6	1.2585240499682293	2.1573825169083087	0.1238561210517307	0.0625	5	0.20764649069566518	0.08333333333333333
C336	muscle_selective	191	6	1.3289694830064525	2.808403985299646	0.15573486802174888	0.0625	5	0.20764649069566518	0.08333333333333333
C336	fusion_promoter	23	6	1.1658007052367214	1.9020210104984385	0.3737314164942152	0.5	3	0.3737314164942152	0.5
C337	all_candidates	3071	5	0.9849405505206648	-0.16533518752923554	0.32378456975648234	0.375	2	0.4317127596753098	0.5
C337	HSMM	1026	5	1.0114704758369581	0.11503905963739611	0.18307347903338966	0.1875	4	0.4317127596753098	0.5
C337	muscle_selective	191	5	0.9884140000724045	-0.12178351638257924	0.46234128219575765	0.5	1	0.46234128219575765	0.5
C337	fusion_promoter	23	5	0.7911007341220844	-3.0418437397842424	0.30722999917071475	0.3125	2	0.4317127596753098	0.5
C338	all_candidates	3071	5	0.9735793231028398	-0.27565309415290884	0.2495543363979561	0.25	2	0.3477796975093029	0.3333333333333333
C338	HSMM	1026	5	0.9966224994351763	-0.03243323362169315	0.8905073662234815	0.875	3	0.8905073662234815	0.875
C338	muscle_selective	191	5	0.9697177839860702	-0.3087952412390867	0.26083477313197717	0.1875	1	0.3477796975093029	0.3333333333333333
C338	fusion_promoter	23	5	0.807793188358102	-2.602806263395323	0.16841993021821208	0.25	2	0.3477796975093029	0.3333333333333333
C339	all_candidates	3071	5	0.9446889613376331	-0.5623354574280226	0.30784522461669356	0.3125	2	0.30784522461669356	0.3125
C339	HSMM	1026	5	0.9570783259864065	-0.4031487933926939	0.28453218427572724	0.3125	2	0.30784522461669356	0.3125
C339	muscle_selective	191	5	0.9687560671037466	-0.3053179740703718	0.29056751111254037	0.3125	1	0.30784522461669356	0.3125
C339	fusion_promoter	23	5	0.865225051355718	-1.7187139477701514	0.1778472454534705	0.25	2	0.30784522461669356	0.3125
C340	all_candidates	3071	6	1.2654703063338857	2.4336480662232494	0.04662571974134237	0.0625	5	0.1312183350221669	0.08333333333333333
C340	HSMM	1026	6	1.3135193399296647	2.6163180669651993	0.06560916751108345	0.03125	6	0.1312183350221669	0.0625
C340	muscle_selective	191	6	1.380065342333987	3.2446080175288086	0.100896280829423	0.03125	6	0.13452837443923066	0.0625
C340	fusion_promoter	23	6	1.195971530127827	2.248132583214728	0.3087081622252687	0.375	3	0.3087081622252687	0.375
C341	all_candidates	3071	5	0.9770114589433465	-0.2663506125665169	0.11426631949032219	0.125	1	0.4350708739322254	0.5
C341	HSMM	1026	5	1.002254781448518	0.02381333825609594	0.7806470978808674	1.0	1	0.7806470978808674	1.0
C341	muscle_selective	191	5	0.9889822616745996	-0.12102970481571636	0.5880250297398186	0.5625	2	0.7806470978808674	0.75
C341	fusion_promoter	23	5	0.7659415194420998	-3.614542332505002	0.2175354369661127	0.25	1	0.4350708739322254	0.5
C342	all_candidates	3071	5	0.9692696129376864	-0.3406608748959855	0.32299191312249004	0.4375	2	0.5938961360639117	0.75
C342	HSMM	1026	5	0.992763908681678	-0.07377479824774089	0.6625159198325441	0.75	2	0.6625159198325441	0.75
C342	muscle_selective	191	5	0.9500358083702904	-0.5392688059387263	0.44542210204793375	0.625	3	0.5938961360639117	0.75
C342	fusion_promoter	23	5	0.7734662886061997	-3.1594157154832194	0.25374269731215887	0.25	2	0.5938961360639117	0.75
C343	all_candidates	3071	5	0.951145268856832	-0.5186923330084239	0.37139311500779115	0.4375	2	0.4822942680889897	0.5
C343	HSMM	1026	5	0.9594741564890356	-0.3989739954652127	0.3763832265265732	0.5	3	0.4822942680889897	0.5
C343	muscle_selective	191	5	0.9808225048486863	-0.19629200488455373	0.4822942680889897	0.5	3	0.4822942680889897	0.5
C343	fusion_promoter	23	5	0.8855285544084446	-1.472093550098667	0.21650605461685968	0.25	2	0.4822942680889897	0.5
C344	all_candidates	3071	6	1.2526275499125912	2.3159145623851605	0.08043281584173025	0.0625	5	0.16592121380743388	0.08333333333333333
C344	HSMM	1026	6	1.2999629066208578	2.5031896666649263	0.09540877396984737	0.0625	5	0.16592121380743388	0.08333333333333333
C344	muscle_selective	191	6	1.3673041630962157	3.1356661597584425	0.12444091035557542	0.0625	5	0.16592121380743388	0.08333333333333333
C344	fusion_promoter	23	6	1.1869818446604774	2.145005334073909	0.3727595217033098	0.4375	3	0.3727595217033098	0.4375
C345	all_candidates	3071	5	0.9765327980268305	-0.264805728037974	0.16783161225204193	0.25	2	0.40828320315805683	0.5
C345	HSMM	1026	5	1.0136578750335512	0.13925618644311688	0.30621240236854264	0.375	3	0.40828320315805683	0.5
C345	muscle_selective	191	5	0.9772837111620982	-0.24326206380728965	0.23310068421273544	0.25	1	0.40828320315805683	0.5
C345	fusion_promoter	23	5	0.835115292946503	-2.4596273291925455	0.4174226522669634	0.75	2	0.4174226522669634	0.75
C346	all_candidates	3071	5	0.9718662263193378	-0.3078239336212468	0.34607388920216203	0.375	2	0.5788498546820167	0.75
C346	HSMM	1026	5	0.9951879239106953	-0.04827134032500652	0.6233381767894448	0.625	2	0.6233381767894448	0.75
C346	muscle_selective	191	5	0.9478508481452973	-0.5521625484668313	0.4341373910115125	0.75	3	0.5788498546820167	0.75
C346	fusion_promoter	23	5	0.7527591125793008	-3.455308544822612	0.20123927312450943	0.25	2	0.5788498546820167	0.75
C347	all_candidates	3071	5	0.9484304786167997	-0.5481360390366863	0.5286292774961844	1.0	4	0.6699684624053036	1.0
C347	HSMM	1026	5	0.9471839967770004	-0.521189630654096	0.5345630455442096	1.0	4	0.6699684624053036	1.0
C347	muscle_selective	191	5	0.9653037529498034	-0.354070391035394	0.6699684624053036	1.0	4	0.6699684624053036	1.0
C347	fusion_promoter	23	5	0.908880550122976	-1.1852389613544814	0.3876400026846507	0.5	3	0.6699684624053036	1.0
C348	all_candidates	3071	6	1.2618074362327498	2.407036510877218	0.04726318151009663	0.03125	6	0.14554408996196183	0.041666666666666664
C348	HSMM	1026	6	1.3011310008174537	2.5368636098524773	0.07277204498098092	0.03125	6	0.14554408996196183	0.041666666666666664
C348	muscle_selective	191	6	1.3572286882024733	3.1009653664620607	0.1158750672232788	0.03125	6	0.1545000896310384	0.041666666666666664
C348	fusion_promoter	23	6	1.2065454970673042	2.3486689488567256	0.26616400686834535	0.28125	4	0.26616400686834535	0.28125
C349	all_candidates	3071	5	0.9921967673256312	-0.0910845630208168	0.17252890431113033	0.1875	1	0.2627067216634824	0.25
C349	HSMM	1026	5	0.9873618887489475	-0.13685469429710717	0.02611755177585596	0.125	1	0.10447020710342383	0.25
C349	muscle_selective	191	5	0.9281889531750193	-0.8484206190413444	0.3303162584784812	0.4375	2	0.3303162584784812	0.4375
C349	fusion_promoter	23	5	0.7850966506645579	-3.2852717805856804	0.1970300412476118	0.125	0	0.2627067216634824	0.25
C350	all_candidates	3071	5	0.989102736628918	-0.12394101701331289	0.4570394456568974	0.4375	2	0.4570394456568974	0.4375
C350	HSMM	1026	5	0.9874908357232615	-0.13296908581996697	0.08153218229049217	0.125	1	0.32612872916196867	0.4166666666666667
C350	muscle_selective	191	5	0.9260041153494094	-0.8442296505123797	0.3337784282944341	0.3125	2	0.4450379043925788	0.4166666666666667
C350	fusion_promoter	23	5	0.8574002262606184	-2.0258732813080624	0.18162944105643947	0.25	2	0.36325888211287893	0.4166666666666667
C351	all_candidates	3071	5	0.9742614544617688	-0.2734713537926628	0.5311018246033253	0.6875	2	0.5311018246033253	0.6875
C351	HSMM	1026	5	0.9673864062386146	-0.32506951691486263	0.3626784587360016	0.4375	1	0.5311018246033253	0.6666666666666666
C351	muscle_selective	191	5	0.9849856526501384	-0.15654509022746427	0.41636039015344023	0.5	2	0.5311018246033253	0.6666666666666666
C351	fusion_promoter	23	5	0.9155626035358078	-1.0769775045137353	0.27751646402500746	0.3125	2	0.5311018246033253	0.6666666666666666
C352	all_candidates	3071	6	0.7719560896617442	-2.546328139878769	0.05046095693713187	0.03125	0	0.09358786616946248	0.041666666666666664
C352	HSMM	1026	6	0.7493622308660586	-2.6113483572490543	0.08906818373247377	0.03125	0	0.09358786616946248	0.041666666666666664
C352	muscle_selective	191	6	0.6860324911408716	-3.537168212252908	0.08973781942784897	0.03125	0	0.09358786616946248	0.041666666666666664
C352	fusion_promoter	23	6	0.6332826385161329	-5.29484960431252	0.09358786616946248	0.0625	1	0.09358786616946248	0.0625
C353	all_candidates	3071	5	0.9656530861235277	-0.3854962982283072	0.08842089702241036	0.1875	1	0.20945727747356935	0.3333333333333333
C353	HSMM	1026	5	1.0058785711936573	0.0593560067244292	0.8450161039613425	0.875	2	0.8450161039613425	0.875
C353	muscle_selective	191	5	0.9046856131616579	-1.058672189562242	0.157092958105177	0.25	2	0.20945727747356935	0.3333333333333333
C353	fusion_promoter	23	5	0.7851058961124812	-3.0096499661717067	0.12645556295706734	0.125	1	0.20945727747356935	0.3333333333333333
C354	all_candidates	3071	5	0.9499573922076725	-0.5421348863583033	0.2248671551351944	0.1875	1	0.2248671551351944	0.25
C354	HSMM	1026	5	0.9667176176294014	-0.33091705581754144	0.15711738166818912	0.1875	1	0.2248671551351944	0.25
C354	muscle_selective	191	5	0.8739992506274455	-1.3638413104664195	0.21651512175700574	0.125	1	0.2248671551351944	0.25
C354	fusion_promoter	23	5	0.8086436973830285	-2.4941243399793858	0.15662942385684334	0.25	2	0.2248671551351944	0.25
C355	all_candidates	3071	5	1.0016781912060317	0.017573511549419385	0.9446399891598884	1.0	2	0.9446399891598884	1.0
C355	HSMM	1026	5	1.0182335113445562	0.1766891508606866	0.6939176281480145	0.875	2	0.9446399891598884	1.0
C355	muscle_selective	191	5	0.9941479593235204	-0.05914291254605463	0.9023669298200484	0.875	1	0.9446399891598884	1.0
C355	fusion_promoter	23	5	1.0313280799538727	0.3749712445364625	0.7723652167407841	0.6875	3	0.9446399891598884	1.0
C356	all_candidates	3071	6	0.867759267084572	-1.4793699301578462	0.0207895056941344	0.0625	1	0.027719340925512533	0.0625
C356	HSMM	1026	6	0.8729136721009046	-1.3181757029564776	0.018081321884419545	0.0625	1	0.027719340925512533	0.0625
C356	muscle_selective	191	6	0.8654387425242123	-1.478531299158394	0.013711086680925869	0.03125	0	0.027719340925512533	0.0625
C356	fusion_promoter	23	6	0.7782690139176267	-3.1453529270028002	0.02798343193441957	0.0625	1	0.02798343193441957	0.0625
C357	all_candidates	3071	5	0.9800625569590042	-0.2282366151427448	0.24828231768004724	0.4375	2	0.4965646353600945	0.875
C357	HSMM	1026	5	1.000724950929016	0.007587685729581739	0.9515765347861345	1.0	3	0.9515765347861345	1.0
C357	muscle_selective	191	5	0.9758752657051583	-0.2689333891546683	0.5327194855435686	0.75	3	0.7102926473914248	1.0
C357	fusion_promoter	23	5	0.7630977795424482	-3.4650832714819573	0.22792806971453222	0.125	1	0.4965646353600945	0.5
C358	all_candidates	3071	5	0.9639263545616877	-0.39628800359704897	0.22191826940512652	0.125	1	0.29159568499046934	0.25
C358	HSMM	1026	5	0.9782176041582802	-0.220302050292627	0.0830391335985278	0.125	1	0.29159568499046934	0.25
C358	muscle_selective	191	5	0.9400976691210916	-0.6479044716347413	0.29159568499046934	0.3125	1	0.29159568499046934	0.375
C358	fusion_promoter	23	5	0.8091930631746592	-2.5824359116919995	0.27725905186953886	0.375	2	0.29159568499046934	0.375
C359	all_candidates	3071	5	0.992826751128257	-0.0759665630777881	0.6867628888855892	0.875	3	0.8066537923373311	1.0
C359	HSMM	1026	5	1.0092298294461857	0.09075592041728531	0.7930414701399734	1.0	1	0.8066537923373311	1.0
C359	muscle_selective	191	5	1.0109468179991654	0.1124597631355237	0.8066537923373311	0.875	2	0.8066537923373311	1.0
C359	fusion_promoter	23	5	0.9676388080523555	-0.39852665029611234	0.5949254544244738	0.75	3	0.8066537923373311	1.0
C360	all_candidates	3071	5	1.1457707999544118	1.2323500086863626	0.04676818257836578	0.125	4	0.05214901412527498	0.125
C360	HSMM	1026	5	1.1502973519299327	1.1822387451861625	0.05214901412527498	0.125	4	0.05214901412527498	0.125
C360	muscle_selective	191	5	1.1229753636999953	1.0404156155773394	0.037061662054423794	0.0625	5	0.05214901412527498	0.125
C360	fusion_promoter	23	5	1.1727522026764492	1.723866368041528	0.033612346081121	0.0625	5	0.05214901412527498	0.125
C361	all_candidates	3071	5	1.0029224423638008	0.029198433918526112	0.8420882782055347	1.0	1	0.8420882782055347	1.0
C361	HSMM	1026	5	1.0106596518285553	0.09865867295174498	0.7160294690133487	0.9375	2	0.8420882782055347	1.0
C361	muscle_selective	191	5	0.9715514895412584	-0.28851591483719174	0.19569920040408428	0.1875	1	0.7827968016163371	0.75
C361	fusion_promoter	23	5	1.04334380946487	0.48828643910135444	0.4823885651915469	0.4375	4	0.8420882782055347	0.875
C362	all_candidates	3071	5	0.987600801785128	-0.11749730774649204	0.4444960088475636	0.625	3	0.530116515299192	0.625
C362	HSMM	1026	5	0.975734982762358	-0.2138878907900733	0.3076848531926599	0.375	2	0.530116515299192	0.625
C362	muscle_selective	191	5	0.9544412537111389	-0.43186150089044634	0.07474858197599842	0.0625	0	0.29899432790399366	0.25
C362	fusion_promoter	23	5	1.0502309356824542	0.5546595974938799	0.530116515299192	0.5	3	0.530116515299192	0.625
C363	all_candidates	3071	5	0.9791776284678139	-0.18839398762528992	0.245979961688134	0.3125	1	0.3279732822508453	0.4166666666666667
C363	HSMM	1026	5	0.9759958355899964	-0.20226993651770903	0.17966918659002423	0.1875	1	0.3279732822508453	0.375
C363	muscle_selective	191	5	0.9415416458274892	-0.5297665425961506	0.06653579984378434	0.0625	0	0.26614319937513736	0.25
C363	fusion_promoter	23	5	1.0198307662349861	0.2117875969372865	0.7904165694881549	0.75	3	0.7904165694881549	0.75
C364	all_candidates	3071	6	1.087784845537465	0.7726705760783675	0.10471232309934804	0.09375	5	0.1466865489561091	0.125
C364	HSMM	1026	6	1.1338215011996553	1.0659936797554808	0.09658376272309746	0.09375	5	0.1466865489561091	0.125
C364	muscle_selective	191	6	1.1822616777106876	1.4886424909182192	0.11001491171708183	0.09375	5	0.1466865489561091	0.125
C364	fusion_promoter	23	6	1.0504170016086154	0.5618606167410712	0.7203337574847444	0.78125	3	0.7203337574847444	0.78125
C365	all_candidates	3071	5	0.9818014159917451	-0.19181865864117548	0.2588316386537537	0.25	2	0.3539938469717763	0.5
C365	HSMM	1026	5	1.0092891600635348	0.08929408466809285	0.3406064664624649	0.5	3	0.3539938469717763	0.5
C365	muscle_selective	191	5	0.9865440398972954	-0.1352722798374134	0.35330182223252743	0.4375	2	0.3539938469717763	0.5
C365	fusion_promoter	23	5	0.7971223279345881	-2.7996044621612426	0.3539938469717763	0.375	2	0.3539938469717763	0.5
C366	all_candidates	3071	5	0.9736987244330535	-0.26577239581792506	0.27586712031956484	0.25	2	0.3678228270927531	0.3333333333333333
C366	HSMM	1026	5	0.9960853958112459	-0.03639197856353679	0.8789860124434845	1.0	3	0.8789860124434845	1.0
C366	muscle_selective	191	5	0.9740717375693407	-0.2547093606922472	0.268829862496621	0.25	1	0.3678228270927531	0.3333333333333333
C366	fusion_promoter	23	5	0.8180636795381532	-2.377323009830284	0.21450304832373865	0.25	2	0.3678228270927531	0.3333333333333333
C367	all_candidates	3071	5	0.9573716654898643	-0.41823156471995376	0.31065181782120127	0.4375	2	0.3456819870022758	0.4375
C367	HSMM	1026	5	0.9783782236886813	-0.1940316731715938	0.3456819870022758	0.375	2	0.3456819870022758	0.4375
C367	muscle_selective	191	5	0.9686723630742179	-0.2947725241174338	0.33984506305634693	0.3125	1	0.3456819870022758	0.4375
C367	fusion_promoter	23	5	0.8822947170310307	-1.473135383527748	0.18913099125556188	0.25	2	0.3456819870022758	0.4375
C368	all_candidates	3071	6	1.1208569219302444	1.0637666093636442	0.06459839197110293	0.09375	5	0.09104099103368764	0.125
C368	HSMM	1026	6	1.1618672242819452	1.2893999581328919	0.06600539797015677	0.09375	5	0.09104099103368764	0.125
C368	muscle_selective	191	6	1.214425673350205	1.7513454967727877	0.06828074327526573	0.0625	5	0.09104099103368764	0.125
C368	fusion_promoter	23	6	1.0629105430210954	0.7010920001896365	0.6669076226226638	0.71875	3	0.6669076226226638	0.71875
C369	all_candidates	3071	5	0.9689892118339527	-0.3390663390663298	0.06659651556757637	0.125	1	0.2663860622703055	0.5
C369	HSMM	1026	5	0.9939746526006001	-0.059985823143721695	0.7149754480861794	0.6875	2	0.7149754480861794	0.6875
C369	muscle_selective	191	5	0.9867996434828042	-0.13628430905917893	0.48136789128463386	0.4375	2	0.6418238550461784	0.5833333333333334
C369	fusion_promoter	23	5	0.7676146788990825	-3.3372859025032944	0.2688075682827117	0.375	1	0.5376151365654234	0.5833333333333334
C370	all_candidates	3071	5	0.9599207901233245	-0.4271584499866153	0.27322364430198265	0.3125	2	0.49298887768332983	0.5625
C370	HSMM	1026	5	0.9817873539781441	-0.17867683426317602	0.49298887768332983	0.5625	2	0.49298887768332983	0.5625
C370	muscle_selective	191	5	0.9419904985514089	-0.5983108468641694	0.3936451375826169	0.5	3	0.49298887768332983	0.5625
C370	fusion_promoter	23	5	0.7722132856335442	-3.0330340902423276	0.28079297459148295	0.3125	2	0.49298887768332983	0.5625
C371	all_candidates	3071	5	0.9656364638843657	-0.3438800246029186	0.3982440164898925	0.4375	2	0.7119559922252208	0.8333333333333334
C371	HSMM	1026	5	0.9823763468477765	-0.16188619697391354	0.5399488772088087	0.625	3	0.7119559922252208	0.8333333333333334
C371	muscle_selective	191	5	0.9888405753033112	-0.10674810936591254	0.7119559922252208	0.9375	3	0.7119559922252208	0.9375
C371	fusion_promoter	23	5	0.9179735981044793	-1.0034506556245684	0.31326136523829157	0.3125	2	0.7119559922252208	0.8333333333333334
C372	all_candidates	3071	6	1.108516759685203	0.9551501367549697	0.16029426310104244	0.15625	5	0.21372568413472326	0.20833333333333334
C372	HSMM	1026	6	1.147080344736868	1.1716108136602066	0.12809383940383554	0.125	5	0.21372568413472326	0.20833333333333334
C372	muscle_selective	191	6	1.201772320613183	1.647997833273239	0.10037829470929654	0.125	4	0.21372568413472326	0.20833333333333334
C372	fusion_promoter	23	6	1.0436514517089936	0.4864635102510176	0.7974240427369388	0.78125	3	0.7974240427369388	0.78125
C373	all_candidates	3071	5	0.9771384512628095	-0.24806085047049511	0.21148476763346172	0.25	2	0.5363080280652864	0.6666666666666666
C373	HSMM	1026	5	1.0127306834313528	0.12550607287449472	0.3549212387167443	0.5	2	0.5363080280652864	0.6666666666666666
C373	muscle_selective	191	5	0.9919462385273121	-0.08269566384749766	0.720709676131823	0.6875	2	0.720709676131823	0.6875
C373	fusion_promoter	23	5	0.8175551470588236	-2.655518394648828	0.4022310210489648	0.5	3	0.5363080280652864	0.6666666666666666
C374	all_candidates	3071	5	0.967282582139689	-0.3394006580948151	0.34583388424146494	0.375	2	0.49140928848764437	0.5625
C374	HSMM	1026	5	0.9890362764496871	-0.10430911392993723	0.5061793016254565	0.5625	2	0.5061793016254565	0.5625
C374	muscle_selective	191	5	0.9357654344999717	-0.6476729935605154	0.36855696636573326	0.5	3	0.49140928848764437	0.5625
C374	fusion_promoter	23	5	0.7774913511910646	-2.8912555420269297	0.28917376893822894	0.3125	2	0.49140928848764437	0.5625
C375	all_candidates	3071	5	0.9506997129604077	-0.49666752504419953	0.48108176836586386	0.75	3	0.5018913744882085	1.0
C375	HSMM	1026	5	0.9566027568675718	-0.40249125525364476	0.5018913744882085	0.75	3	0.5018913744882085	1.0
C375	muscle_selective	191	5	0.9305487147960534	-0.6824682696134893	0.48271409207237925	1.0	4	0.5018913744882085	1.0
C375	fusion_promoter	23	5	0.9259399151606718	-0.9347679399166814	0.45909483386142286	0.5	3	0.5018913744882085	1.0
C376	all_candidates	3071	6	1.117182168574737	1.0348145790494616	0.04429932907860891	0.0625	5	0.09949022635456008	0.08333333333333333
C376	HSMM	1026	6	1.1483986193362299	1.1959759092320361	0.06161331251508978	0.0625	5	0.09949022635456008	0.08333333333333333
C376	muscle_selective	191	6	1.2010853481423853	1.6606287233109565	0.07461766976592006	0.0625	5	0.09949022635456008	0.08333333333333333
C376	fusion_promoter	23	6	1.0855788488154456	0.9337989037140232	0.5133320205906421	0.65625	3	0.5133320205906421	0.65625
C377	all_candidates	3071	5	0.978914376561435	-0.2316566670534287	0.16512160690413466	0.1875	1	0.4902952835014254	0.375
C377	HSMM	1026	5	0.9898832306692067	-0.10218714090462738	0.5107117043371225	0.5625	2	0.5107117043371225	0.5625
C377	muscle_selective	191	5	0.9786586516429903	-0.22687609075043605	0.3677214626260691	0.5	2	0.4902952835014254	0.5625
C377	fusion_promoter	23	5	0.7746214344406621	-3.1984007996001984	0.2720624227650449	0.1875	1	0.4902952835014254	0.375
C378	all_candidates	3071	5	0.9768942684913899	-0.25006779842242727	0.23706207000434343	0.3125	2	0.2961822261935219	0.3125
C378	HSMM	1026	5	0.9833885943845262	-0.16747548805678636	0.09636779862037925	0.125	1	0.2961822261935219	0.3125
C378	muscle_selective	191	5	0.948783785919455	-0.5402464119194613	0.2961822261935219	0.3125	1	0.2961822261935219	0.3125
C378	fusion_promoter	23	5	0.865522169834568	-1.770668397144712	0.22317666864423338	0.25	2	0.2961822261935219	0.3125
C379	all_candidates	3071	5	0.9778690646269198	-0.22089243233924583	0.27215197250739115	0.3125	2	0.5443039450147823	0.5833333333333334
C379	HSMM	1026	5	0.9764532219804085	-0.21913111395731158	0.024337320969292645	0.0625	0	0.09734928387717058	0.25
C379	muscle_selective	191	5	0.9858668634500667	-0.1358177152050885	0.4854337893258702	0.4375	2	0.6100430174092751	0.5833333333333334
C379	fusion_promoter	23	5	0.9655818075140028	-0.4042539729407668	0.6100430174092751	0.625	2	0.6100430174092751	0.625
C380	all_candidates	3071	6	0.8057475049301094	-1.9318318299254507	0.15539533041765433	0.1875	2	0.22365005446502706	0.25
C380	HSMM	1026	6	0.785499876342303	-1.9767465315188342	0.22365005446502706	0.25	2	0.22365005446502706	0.25
C380	muscle_selective	191	6	0.723848627246878	-2.7152713047530206	0.2106507568576729	0.1875	2	0.22365005446502706	0.25
C380	fusion_promoter	23	6	0.6539290509941379	-4.404545746368469	0.16696522405231992	0.09375	1	0.22365005446502706	0.25
C381	all_candidates	3071	5	0.956321644741039	-0.46199986561430845	0.03206766094702647	0.0625	0	0.12827064378810588	0.25
C381	HSMM	1026	5	1.0025891131900706	0.02460626875831512	0.9379791742116212	0.9375	2	0.9379791742116212	0.9375
C381	muscle_selective	191	5	0.8957658309478121	-1.1014709548740953	0.13299861475688934	0.125	1	0.2123387026055212	0.25
C381	fusion_promoter	23	5	0.7783305986344148	-2.890269151138716	0.1592540269541409	0.1875	1	0.2123387026055212	0.25
C382	all_candidates	3071	5	0.9441734167831276	-0.5689322576821467	0.2049933051596813	0.1875	1	0.30586808687357214	0.375
C382	HSMM	1026	5	0.9625818475252328	-0.35008886595574273	0.08485765472638597	0.125	1	0.30586808687357214	0.375
C382	muscle_selective	191	5	0.8746434490734891	-1.2735501667090694	0.2575178325275538	0.5	2	0.30586808687357214	0.5
C382	fusion_promoter	23	5	0.8626037913206956	-1.6253382260276512	0.30586808687357214	0.3125	1	0.30586808687357214	0.4166666666666667
C383	all_candidates	3071	5	0.9892478925866889	-0.10349310240094721	0.6483074483334966	0.6875	3	0.6716263153698133	0.8125
C383	HSMM	1026	5	1.0281490683750543	0.24608810521732236	0.6234040048807414	0.8125	2	0.6716263153698133	0.8125
C383	muscle_selective	191	5	0.9756160615437075	-0.22675726248305383	0.44586781905297324	0.625	2	0.6716263153698133	0.8125
C383	fusion_promoter	23	5	0.9634554358835447	-0.39818513630797325	0.6716263153698133	0.6875	2	0.6716263153698133	0.8125
C384	all_candidates	3071	6	0.8080065770458482	-1.9151166130302315	0.1265801549375709	0.125	2	0.20194031197489687	0.125
C384	HSMM	1026	6	0.7823482412403414	-2.023312165945175	0.18293020192677978	0.125	2	0.20194031197489687	0.125
C384	muscle_selective	191	6	0.7291535820971363	-2.682662989802624	0.20194031197489687	0.09375	1	0.20194031197489687	0.125
C384	fusion_promoter	23	6	0.650130614213131	-4.449570168998645	0.16053436554387016	0.09375	1	0.20194031197489687	0.125
C385	all_candidates	3071	5	0.9733250703214261	-0.2971644451851002	0.1227073013977789	0.125	1	0.4908292055911156	0.5
C385	HSMM	1026	5	0.9990193278091062	-0.009944648624685692	0.9404551887314798	1.0	2	0.9404551887314798	1.0
C385	muscle_selective	191	5	0.9734672905852105	-0.2884375659244756	0.4861552032108122	0.625	2	0.6482069376144163	0.8333333333333334
C385	fusion_promoter	23	5	0.7839346796142604	-3.047914818101153	0.29908465044028154	0.25	2	0.5981693008805631	0.5
C386	all_candidates	3071	5	0.9573086968910873	-0.4532378320915134	0.1657089296220732	0.125	1	0.3051542134960623	0.25
C386	HSMM	1026	5	0.9725915276974411	-0.2670278637770876	0.04129047136042728	0.0625	0	0.16516188544170912	0.25
C386	muscle_selective	191	5	0.9291186647070401	-0.7417231290421942	0.22886566012204673	0.1875	1	0.3051542134960623	0.25
C386	fusion_promoter	23	5	0.8216115296974535	-2.285858908780903	0.3359255909014973	0.4375	2	0.3359255909014973	0.4375
C387	all_candidates	3071	5	0.9786320607318472	-0.21531369969922942	0.18038881112346553	0.3125	2	0.7091370162773709	0.75
C387	HSMM	1026	5	1.0087623930350218	0.08067067728206825	0.8269934183114276	1.0	1	0.8269934183114276	1.0
C387	muscle_selective	191	5	0.9872263097276331	-0.1249010249942617	0.7053837936820131	0.625	2	0.8269934183114276	0.8333333333333334
C387	fusion_promoter	23	5	0.8851342818322714	-1.3663300947398638	0.35456850813868546	0.375	2	0.7091370162773709	0.75
C388	all_candidates	3071	5	1.0734950086237989	0.6134211563709366	0.2573414814366579	0.3125	4	0.31292806822665026	0.3125
C388	HSMM	1026	5	1.0766218229105797	0.5946133049868924	0.2677066591463293	0.3125	4	0.31292806822665026	0.3125
C388	muscle_selective	191	5	1.0519788075613528	0.434184923096031	0.31292806822665026	0.3125	4	0.31292806822665026	0.3125
C388	fusion_promoter	23	5	1.097439934197661	0.9639380997753719	0.16782352210914142	0.1875	4	0.31292806822665026	0.3125
C389	all_candidates	3071	5	1.002162215033116	0.021407325817666134	0.8898219731743457	1.0	1	0.8898219731743457	1.0
C389	HSMM	1026	5	1.0084453180144808	0.07750688450357243	0.7821564330546693	0.9375	2	0.8898219731743457	1.0
C389	muscle_selective	191	5	0.9657382875279067	-0.34496268129290036	0.1445535344133722	0.1875	1	0.5782141376534888	0.625
C389	fusion_promoter	23	5	1.0565929743644111	0.6321085551350275	0.3470365612642628	0.3125	4	0.6940731225285256	0.625
C390	all_candidates	3071	5	0.981144124682782	-0.17665176964656248	0.2656248438007667	0.3125	1	0.35416645840102223	0.4166666666666667
C390	HSMM	1026	5	0.9686246651875866	-0.2734840169141424	0.21085891955417663	0.1875	1	0.35416645840102223	0.375
C390	muscle_selective	191	5	0.9433877032722825	-0.5313688966652419	0.02612727640521834	0.0625	0	0.10450910562087336	0.25
C390	fusion_promoter	23	5	1.037014022518731	0.40565522158985357	0.6368688450867198	0.6875	3	0.6368688450867198	0.6875
C391	all_candidates	3071	5	0.9760156872406028	-0.21432391488907507	0.22450325621282363	0.375	1	0.2993376749504315	0.5
C391	HSMM	1026	5	0.9709149924055823	-0.24188908599062559	0.16952040874043503	0.25	1	0.2993376749504315	0.5
C391	muscle_selective	191	5	0.9365927716597058	-0.5675813675029647	0.04071466952137058	0.0625	0	0.16285867808548232	0.25
C391	fusion_promoter	23	5	1.0164446244391965	0.17415406075609985	0.8379062451223751	0.875	3	0.8379062451223751	0.875
C392	all_candidates	3071	5	1.0681301111886876	0.7403889481589024	0.28116781176399197	0.3125	4	0.2937671424735742	0.3125
C392	HSMM	1026	5	1.0590504205449485	0.609159519436577	0.2729585545140919	0.3125	4	0.2937671424735742	0.3125
C392	muscle_selective	191	5	1.0615729540084724	0.6467089051264795	0.2937671424735742	0.3125	3	0.2937671424735742	0.3125
C392	fusion_promoter	23	5	1.1798391774423962	2.14356411656994	0.21692668737627233	0.25	3	0.2937671424735742	0.3125
C393	all_candidates	3071	4	1.0200859877274484	0.2791880050916223	0.5319860162377305	0.75	2	0.586887323912552	1.0
C393	HSMM	1026	4	1.0535306043221322	0.6872452596136767	0.3807764220953593	0.5	2	0.586887323912552	1.0
C393	muscle_selective	191	4	1.1380233690360273	1.6866968110423597	0.586887323912552	1.0	1	0.586887323912552	1.0
C393	fusion_promoter	23	4	0.8072625698324024	-3.4090909090909087	0.5326353036794037	0.75	2	0.586887323912552	1.0
C394	all_candidates	3071	5	0.9578505018020005	-0.5041920343125064	0.4523417190171815	0.6875	2	0.6023566283913797	0.6875
C394	HSMM	1026	5	0.9519310750943814	-0.5376375844212142	0.5686606867056649	0.6875	2	0.6023566283913797	0.6875
C394	muscle_selective	191	5	0.9412925101165756	-0.6437146332434285	0.6023566283913797	0.625	2	0.6023566283913797	0.6875
C394	fusion_promoter	23	5	1.0901384268698355	1.1067193675889349	0.13673032176735733	0.25	4	0.5469212870694293	0.6875
C395	all_candidates	3071	5	1.018050984761416	0.20081197713466017	0.44509155222909264	0.5	3	0.7624550415798936	0.8125
C395	HSMM	1026	5	1.0093563597815645	0.09785131104734444	0.7624550415798936	0.8125	2	0.7624550415798936	0.8125
C395	muscle_selective	191	5	1.0324296328962685	0.3427639209564995	0.6363678001939355	0.8125	3	0.7624550415798936	0.8125
C395	fusion_promoter	23	5	1.2156274803774583	2.6411018093437746	0.09809538944288441	0.125	4	0.39238155777153766	0.5
C396	all_candidates	3071	5	1.0989114782458922	1.0748986617165204	0.24484660400988234	0.3125	3	0.36633945598124534	0.4166666666666667
C396	HSMM	1026	5	1.0847051607730716	0.8738118129242729	0.274754591985934	0.3125	3	0.36633945598124534	0.4166666666666667
C396	muscle_selective	191	5	1.0944010798188464	0.991507065975803	0.40532870851603087	0.5	3	0.40532870851603087	0.5
C396	fusion_promoter	23	5	1.2508162344593203	2.9895637184639723	0.0383790034731641	0.0625	5	0.1535160138926564	0.25
C397	all_candidates	3071	4	0.9824229613972638	-0.25724519700422355	0.712163302961708	0.875	2	0.9832262652176561	1.0
C397	HSMM	1026	4	0.9985825655563426	-0.01949317738791749	0.9832262652176561	1.0	1	0.9832262652176561	1.0
C397	muscle_selective	191	4	1.0704761904761906	0.9685863874345554	0.7694083799400577	1.0	1	0.9832262652176561	1.0
C397	fusion_promoter	23	4	0.8414634146341464	-2.8260869565217384	0.6786963696084407	0.75	2	0.9832262652176561	1.0
C398	all_candidates	3071	5	0.9571566793523838	-0.5407033539563622	0.4226511236839399	0.5	2	0.9843492224954671	1.0
C398	HSMM	1026	5	0.9561965370469854	-0.5165692007797273	0.5766224923835696	0.625	2	0.9843492224954671	1.0
C398	muscle_selective	191	5	1.0023201856148494	0.026178010471205188	0.9843492224954671	1.0	2	0.9843492224954671	1.0
C398	fusion_promoter	23	5	1.0631578947368423	0.9130434782608702	0.7702781605404533	1.0	1	0.9843492224954671	1.0
C399	all_candidates	3071	5	0.9603600095842819	-0.4788523463222236	0.4882660351108204	0.625	2	0.6628571769733311	0.75
C399	HSMM	1026	5	0.9632003107097773	-0.4104396794455317	0.6628571769733311	0.75	3	0.6628571769733311	0.75
C399	muscle_selective	191	5	0.9498007968127488	-0.5497382198952884	0.5809069531877054	0.5625	1	0.6628571769733311	0.75
C399	fusion_promoter	23	5	1.102888086642599	1.376811594202899	0.4238737752799093	0.5	2	0.6628571769733311	0.75
C400	all_candidates	3071	4	1.1115022447245155	1.3412862615554129	0.3519601994955366	0.375	3	0.4191225187886384	0.5
C400	HSMM	1026	4	1.1003644359516325	1.1435451134883596	0.4191225187886384	0.5	2	0.4191225187886384	0.5
C400	muscle_selective	191	4	1.1752055115911795	2.045247253516422	0.3373782646253477	0.5	2	0.4191225187886384	0.5
C400	fusion_promoter	23	4	1.2342885438078293	3.03231508474475	0.17583262532352084	0.25	3	0.4191225187886384	0.5
C401	all_candidates	3071	2	0.9780432676783982	-0.36904374253772104	0.781199764014037	1.0	1	0.8743340836219977	1.0
C401	HSMM	1026	2	0.9536945812807885	-0.7634827810266344	0.013543058168130843	0.5	0	0.05417223267252337	1.0
C401	muscle_selective	191	2	0.9320388349514563	-1.2216404886561942	0.6392089745461285	1.0	1	0.8743340836219977	1.0
C401	fusion_promoter	23	2	0.9166666666666666	-1.4492753623188395	0.8743340836219977	1.0	1	0.8743340836219977	1.0
C402	all_candidates	3071	3	0.9591427583823021	-0.6414848583523268	0.02984696136343477	0.25	0	0.05969392272686954	0.5
C402	HSMM	1026	3	0.9561309651187679	-0.6660168940870621	0.21139262568435765	0.5	1	0.2818568342458102	0.6666666666666666
C402	muscle_selective	191	3	1.0851808634772462	1.2739965095986037	0.01984721742226341	0.25	3	0.05969392272686954	0.5
C402	fusion_promoter	23	3	1.3368421052631576	4.637681159420291	0.6009962655569469	0.75	2	0.6009962655569469	0.75
C403	all_candidates	3071	4	1.0268151016456923	0.3758276348637832	0.5297948350125097	0.75	2	0.6453466753042982	0.75
C403	HSMM	1026	4	1.0271186440677964	0.35737491877842475	0.6453466753042982	0.75	2	0.6453466753042982	0.75
C403	muscle_selective	191	4	1.1993006993006992	2.4869109947643993	0.20580988338321837	0.125	4	0.6453466753042982	0.5
C403	fusion_promoter	23	4	1.3625	5.253623188405797	0.33256588840975104	0.375	3	0.6453466753042982	0.75
C404	all_candidates	3071	5	1.0712367207566043	0.7941490254988472	0.47938338291324906	0.6875	3	0.5085043284694666	0.75
C404	HSMM	1026	5	1.0602811730169093	0.636180556548094	0.5061847173102245	0.75	2	0.5085043284694666	0.75
C404	muscle_selective	191	5	1.07974636489922	0.8489546850509972	0.5085043284694666	0.75	2	0.5085043284694666	0.75
C404	fusion_promoter	23	5	1.1549629715961265	2.0003479948117135	0.2779318196066648	0.125	4	0.5085043284694666	0.5
C405	all_candidates	3071	4	0.9714004914004916	-0.39482253337674905	0.5808221030292764	0.5	1	0.8713622756087824	1.0
C405	HSMM	1026	4	0.9877087929404355	-0.1583820662767993	0.8713622756087824	1.0	1	0.8713622756087824	1.0
C405	muscle_selective	191	4	1.0792792792792791	0.9598603839441542	0.7715588384367201	1.0	1	0.8713622756087824	1.0
C405	fusion_promoter	23	4	0.8061224489795917	-3.4420289855072466	0.601293212511935	0.75	2	0.8713622756087824	1.0
C406	all_candidates	3071	5	1.0013271888396236	0.017620029668235226	0.963589305101555	0.9375	2	0.963589305101555	0.9375
C406	HSMM	1026	5	0.9864646307395588	-0.16948234784492158	0.7183435335865244	0.75	2	0.963589305101555	0.9375
C406	muscle_selective	191	5	1.017260840936883	0.213496218731824	0.7419814852059754	0.75	2	0.963589305101555	0.9375
C406	fusion_promoter	23	5	0.9635780885780888	-0.6038647342995151	0.8307379050259021	0.875	2	0.963589305101555	0.9375
C407	all_candidates	3071	5	1.0054844394373186	0.07088645642862462	0.8815042766673344	0.9375	2	0.9964811153240647	1.0
C407	HSMM	1026	5	0.9998201011155791	-0.002174239016352747	0.9964811153240647	1.0	2	0.9964811153240647	1.0
C407	muscle_selective	191	5	1.0097500305382503	0.11786817022419044	0.8805090977639008	1.0	1	0.9964811153240647	1.0
C407	fusion_promoter	23	5	0.9846250611503251	-0.24526198439241723	0.9240471792744476	0.875	2	0.9964811153240647	1.0
C408	all_candidates	3071	6	0.8440894795582126	-2.0837720837720353	0.12446375058920003	0.1875	1	0.3343906815601384	0.375
C408	HSMM	1026	6	0.8384667514752072	-1.982913934668314	0.1671953407800692	0.1875	1	0.3343906815601384	0.375
C408	muscle_selective	191	6	0.8524047222396768	-1.8189373163195157	0.27095075527689777	0.28125	1	0.3612676737025304	0.375
C408	fusion_promoter	23	6	0.9237416814390748	-1.0975699019177283	0.6123926009535077	0.65625	1	0.6123926009535077	0.65625
C409	all_candidates	3071	3	0.9432907348242813	-0.7706501682405297	0.2763761659504792	0.5	1	0.5527523319009584	0.6666666666666666
C409	HSMM	1026	3	0.949367088607595	-0.649772579597141	0.1533324866653967	0.25	0	0.5527523319009584	0.6666666666666666
C409	muscle_selective	191	3	0.911392405063291	-1.2216404886561953	0.4226497308103745	0.5	1	0.5635329744138327	0.6666666666666666
C409	fusion_promoter	23	3	1.1	1.4492753623188406	0.8075499102701247	1.0	2	0.8075499102701247	1.0
C410	all_candidates	3071	5	0.9574815298341391	-0.6221643330077093	0.26245549390364115	0.375	2	0.5249109878072823	0.6666666666666666
C410	HSMM	1026	5	0.9811173075041587	-0.25081221572448853	0.6685023925137857	0.8125	3	0.6685023925137857	0.8125
C410	muscle_selective	191	5	1.0409593101589867	0.5305410122164054	0.4318603371474668	0.5	3	0.5758137828632891	0.6666666666666666
C410	fusion_promoter	23	5	1.2946273830155983	4.92753623188406	0.1415802635227842	0.25	3	0.5249109878072823	0.6666666666666666
C411	all_candidates	3071	5	0.9725939690029299	-0.36637670372610354	0.5702953703828568	0.6875	2	0.7603938271771424	0.875
C411	HSMM	1026	5	0.9887570055132814	-0.13742690058480167	0.8388749230036682	0.875	3	0.8388749230036682	0.875
C411	muscle_selective	191	5	1.0400528169014085	0.47643979057591607	0.48225217620197663	0.625	3	0.7603938271771424	0.875
C411	fusion_promoter	23	5	1.1770615320217668	2.627329192546584	0.16234202018551006	0.1875	4	0.6493680807420402	0.75
C412	all_candidates	3071	6	0.8473775156619446	-2.059384039805801	0.06026807971506875	0.0625	1	0.1637744365027077	0.25
C412	HSMM	1026	6	0.8405324677905625	-1.9914337025691649	0.08188721825135385	0.125	1	0.1637744365027077	0.25
C412	muscle_selective	191	6	0.8631877478432799	-1.7155253608133252	0.21069760680261174	0.25	1	0.2809301424034823	0.3333333333333333
C412	fusion_promoter	23	6	0.9431623800305233	-0.7978203358638152	0.6517340630589161	0.75	3	0.6517340630589161	0.75
C413	all_candidates	3071	4	1.0117579581301976	0.16688375122110022	0.7893584692447743	0.75	3	0.7893584692447743	1.0
C413	HSMM	1026	4	1.030621572212066	0.40813840155945436	0.6320849807299858	0.875	2	0.7893584692447743	1.0
C413	muscle_selective	191	4	1.099273607748184	1.341623036649214	0.6779532725429316	1.0	1	0.7893584692447743	1.0
C413	fusion_promoter	23	4	0.8307692307692307	-2.9891304347826084	0.6580499811111826	0.75	2	0.7893584692447743	1.0
C414	all_candidates	3071	5	0.9770077152375934	-0.31052958763803223	0.5755048188291871	0.75	2	0.9937405202876046	1.0
C414	HSMM	1026	5	0.9907684540766651	-0.11341485025695765	0.8633595028685073	0.8125	3	0.9937405202876046	1.0
C414	muscle_selective	191	5	1.0914902117459049	1.089957163255592	0.3599229311513227	0.5	2	0.9937405202876046	1.0
C414	fusion_promoter	23	5	1.0012033694344165	0.019762845849802257	0.9937405202876046	1.0	2	0.9937405202876046	1.0
C415	all_candidates	3071	6	1.0316897014573931	0.4064003762798942	0.6448103253843892	0.71875	3	0.6448103253843892	0.71875
C415	HSMM	1026	6	1.0335115160576012	0.3958614484930259	0.5445167550810303	0.59375	4	0.6448103253843892	0.71875
C415	muscle_selective	191	6	1.0604742243282437	0.7324249339956141	0.4036689677296141	0.5	2	0.6448103253843892	0.71875
C415	fusion_promoter	23	6	1.29635499207607	4.1694537346711265	0.2217666040655371	0.25	4	0.6448103253843892	0.71875
C416	all_candidates	3071	5	1.1249395531335593	1.2633778666277444	0.07480705212953306	0.125	4	0.10757698365822711	0.16666666666666666
C416	HSMM	1026	5	1.1099913907869356	1.063480640024533	0.08068273774367034	0.125	4	0.10757698365822711	0.16666666666666666
C416	muscle_selective	191	5	1.074483383100288	0.7560636604432642	0.3062894146158039	0.3125	4	0.3062894146158039	0.3125
C416	fusion_promoter	23	5	1.2377798021673272	2.5674621986226907	0.07560547297559954	0.125	4	0.10757698365822711	0.16666666666666666
C417	all_candidates	3071	5	1.0138815521126572	0.1502225116682923	0.7623969062268046	0.6875	3	0.9498322683303445	0.75
C417	HSMM	1026	5	1.0048422036274065	0.04938271604939427	0.9498322683303445	0.75	3	0.9498322683303445	0.75
C417	muscle_selective	191	5	0.9445332115955258	-0.5654450261780131	0.6286287280492053	0.625	2	0.9498322683303445	0.75
C417	fusion_promoter	23	5	1.227312013828868	2.541062801932368	0.20156128061832962	0.25	4	0.8062451224733185	0.75
C418	all_candidates	3071	5	0.9899302314247238	-0.11213252177110027	0.7625984458115367	0.875	3	0.8681263484475321	0.9375
C418	HSMM	1026	5	0.9820725345834574	-0.19075823461787822	0.7188696018474882	0.9375	3	0.8681263484475321	0.9375
C418	muscle_selective	191	5	0.9458119890083794	-0.6126613351744261	0.36152823412709867	0.4375	2	0.8681263484475321	0.9375
C418	fusion_promoter	23	5	1.0144134049759355	0.18028348463131325	0.8681263484475321	0.9375	3	0.8681263484475321	0.9375
C419	all_candidates	3071	5	1.0332729825835307	0.3789451089238338	0.250131524690716	0.375	3	0.5356373712040304	0.75
C419	HSMM	1026	5	1.0275580688626669	0.29973717882215467	0.2977253152587275	0.375	3	0.5356373712040304	0.75
C419	muscle_selective	191	5	0.9850745129629237	-0.17209536519668875	0.5356373712040304	0.75	2	0.5356373712040304	0.75
C419	fusion_promoter	23	5	1.0645448242481326	0.8012016400763201	0.4236004411365693	0.5625	2	0.5356373712040304	0.75
C420	all_candidates	3071	5	1.007577039299331	0.07858818961501507	0.9118984511869584	0.8125	3	0.9931315007433916	1.0
C420	HSMM	1026	5	1.0021846422987053	0.021520418164229227	0.9701621867046646	1.0	2	0.9931315007433916	1.0
C420	muscle_selective	191	5	1.0002991679900812	0.002985060314893012	0.9931315007433916	1.0	1	0.9931315007433916	1.0
C420	fusion_promoter	23	5	1.1195276079411778	1.3697552919670108	0.406555295768945	0.4375	3	0.9931315007433916	1.0
C421	all_candidates	3071	3	1.0066314677930313	0.08520568761533295	0.798950290584336	1.0	2	0.798950290584336	1.0
C421	HSMM	1026	3	1.014168128457698	0.17056530214424787	0.6814889713647002	0.75	2	0.798950290584336	1.0
C421	muscle_selective	191	3	0.9278846153846153	-0.9162303664921481	0.18442758075035162	0.5	0	0.7377103230014065	1.0
C421	fusion_promoter	23	3	1.1326530612244896	1.8840579710144918	0.4540513167644499	0.5	2	0.798950290584336	1.0
C422	all_candidates	3071	5	0.9545358723912577	-0.5149969246354827	0.42663815895532975	0.5625	2	0.5666276027293151	0.6875
C422	HSMM	1026	5	0.9512364460599132	-0.5172189733593238	0.5666276027293151	0.6875	2	0.5666276027293151	0.6875
C422	muscle_selective	191	5	0.9051562327481503	-0.9994182664339755	0.27127624349880325	0.3125	2	0.5666276027293151	0.6875
C422	fusion_promoter	23	5	1.154310344827586	1.729468599033817	0.30067623435432583	0.375	3	0.5666276027293151	0.6875
C423	all_candidates	3071	5	1.0134252489232751	0.14226650371228194	0.5341367779151943	0.6875	2	0.9305742784613478	0.875
C423	HSMM	1026	5	1.001795720186179	0.017982667105479744	0.9305742784613478	0.875	2	0.9305742784613478	0.875
C423	muscle_selective	191	5	1.0147256193441798	0.15069921352644247	0.706304245289433	0.75	3	0.9305742784613478	0.875
C423	fusion_promoter	23	5	1.2111123791512461	2.437229437229437	0.120961826040943	0.0625	5	0.483847304163772	0.25
C424	all_candidates	3071	5	0.989881323279201	-0.10494976380252137	0.8579166755177985	0.875	3	0.8579166755177985	0.875
C424	HSMM	1026	5	0.9615240432774753	-0.3790179648303088	0.5547316480603282	0.625	3	0.8004215566934629	0.875
C424	muscle_selective	191	5	0.9646798215371157	-0.3524202673417363	0.6003161675200972	0.75	3	0.8004215566934629	0.875
C424	fusion_promoter	23	5	1.2242948371771583	2.5703604838765504	0.15156005236668516	0.125	4	0.6062402094667406	0.5
C425	all_candidates	3071	3	0.9447445593455787	-0.7771627048735359	0.26920815486164906	0.5	1	0.35894420648219877	0.6666666666666666
C425	HSMM	1026	3	0.935328185328185	-0.8706952566601733	0.013157390439019572	0.25	0	0.05262956175607829	0.5
C425	muscle_selective	191	3	0.8651162790697674	-2.0244328097731232	0.06910600657411413	0.25	0	0.13821201314822826	0.5
C425	fusion_promoter	23	3	1.1346153846153846	2.028985507246378	0.7438833933573891	1.0	2	0.7438833933573891	1.0
C426	all_candidates	3071	5	0.9477374269675798	-0.6366469739963665	0.31731915024383794	0.4375	2	0.38514619191308685	0.5
C426	HSMM	1026	5	0.9358660530696173	-0.72960178223336	0.38514619191308685	0.4375	2	0.38514619191308685	0.5
C426	muscle_selective	191	5	0.9030544488711819	-1.091997008227374	0.13722423188939717	0.125	1	0.38514619191308685	0.5
C426	fusion_promoter	23	5	1.217872340425532	3.180124223602485	0.38397699680661834	0.5	2	0.38514619191308685	0.5
C427	all_candidates	3071	5	0.9335921434713795	-0.7711566988675383	0.19454971778144686	0.125	1	0.3890994355628937	0.375
C427	HSMM	1026	5	0.9236086140077512	-0.8282434481264876	0.3084052181117956	0.375	2	0.41120695748239416	0.5
C427	muscle_selective	191	5	0.907652567000323	-0.9982547993019187	0.17260516096368822	0.1875	1	0.3890994355628937	0.375
C427	fusion_promoter	23	5	1.0722627737226276	0.9565217391304346	0.41814170207320456	0.75	2	0.41814170207320456	0.75
C428	all_candidates	3071	4	1.0352441063061062	0.4083471286523019	0.7554169372972697	0.875	2	0.8995906121651345	0.875
C428	HSMM	1026	4	1.0167707853160608	0.18445747016495628	0.8995906121651345	0.875	2	0.8995906121651345	0.875
C428	muscle_selective	191	4	1.148750602524331	1.667340763985992	0.4513761578657473	0.5	2	0.8995906121651345	0.875
C428	fusion_promoter	23	4	1.0591510715448433	0.74109393284724	0.6693085676951287	0.875	2	0.8995906121651345	0.875
C429	all_candidates	3071	2	0.9780432676783982	-0.36904374253772104	0.781199764014037	1.0	1	0.8743340836219977	1.0
C429	HSMM	1026	2	0.9536945812807885	-0.7634827810266344	0.013543058168130843	0.5	0	0.05417223267252337	1.0
C429	muscle_selective	191	2	0.9320388349514563	-1.2216404886561942	0.6392089745461285	1.0	1	0.8743340836219977	1.0
C429	fusion_promoter	23	2	0.9166666666666666	-1.4492753623188395	0.8743340836219977	1.0	1	0.8743340836219977	1.0
C430	all_candidates	3071	3	0.9591427583823021	-0.6414848583523268	0.02984696136343477	0.25	0	0.05969392272686954	0.5
C430	HSMM	1026	3	0.9561309651187679	-0.6660168940870621	0.21139262568435765	0.5	1	0.2818568342458102	0.6666666666666666
C430	muscle_selective	191	3	1.0851808634772462	1.2739965095986037	0.01984721742226341	0.25	3	0.05969392272686954	0.5
C430	fusion_promoter	23	3	1.3368421052631576	4.637681159420291	0.6009962655569469	0.75	2	0.6009962655569469	0.75
C431	all_candidates	3071	4	0.9772119290597445	-0.31205904699880205	0.3184946036486549	0.375	1	0.6369892072973098	0.75
C431	HSMM	1026	4	0.9851312875672252	-0.19087069525666328	0.6215875239402628	0.75	1	0.6573884076778997	0.75
C431	muscle_selective	191	4	1.1394148020654047	1.7670157068062842	0.12621738194195245	0.125	4	0.5048695277678098	0.5
C431	fusion_promoter	23	4	1.2125000000000001	3.079710144927536	0.6573884076778997	0.625	3	0.6573884076778997	0.75
C432	all_candidates	3071	5	0.9556383383608262	-0.4766011822130882	0.6082906923640082	0.625	2	0.6082906923640082	0.6875
C432	HSMM	1026	5	0.9291236927119477	-0.7225336263886782	0.39165995157831446	0.375	2	0.6082906923640082	0.6875
C432	muscle_selective	191	5	0.9377144968074062	-0.6393483204588175	0.47778240333429217	0.5	2	0.6082906923640082	0.6875
C432	fusion_promoter	23	5	1.118068308639503	1.481582300232185	0.6028441585393979	0.6875	3	0.6082906923640082	0.6875
C433	all_candidates	3071	3	0.9258690492810279	-0.9605991533702366	0.15079339725028137	0.25	0	0.20105786300037518	0.3333333333333333
C433	HSMM	1026	3	0.9142102947646287	-1.0558804418453491	0.004466931936332999	0.25	0	0.017867727745331997	0.3333333333333333
C433	muscle_selective	191	3	0.8412698412698413	-2.036067481093658	0.06691545604422652	0.25	0	0.13383091208845305	0.3333333333333333
C433	fusion_promoter	23	3	1.0806451612903225	1.2077294685990332	0.8368311667087907	1.0	2	0.8368311667087907	1.0
C434	all_candidates	3071	5	0.9542005178109105	-0.5568218821230722	0.42933986479495306	0.5	2	0.5142427917441222	0.6666666666666666
C434	HSMM	1026	5	0.912730627306273	-1.0244747671648295	0.2162318815653568	0.25	1	0.5142427917441222	0.6666666666666666
C434	muscle_selective	191	5	0.9556701030927839	-0.5002908667830093	0.5142427917441222	0.75	2	0.5142427917441222	0.75
C434	fusion_promoter	23	5	1.1660377358490568	2.1256038647343005	0.29347272055636053	0.5	2	0.5142427917441222	0.6666666666666666
C435	all_candidates	3071	5	0.9529271186583304	-0.5519868170470557	0.4293496983702413	0.5	2	0.4293496983702413	0.5
C435	HSMM	1026	5	0.9150712857572227	-0.9597436351822377	0.2323939399451232	0.25	1	0.4293496983702413	0.5
C435	muscle_selective	191	5	0.9396970355874467	-0.6600031730921786	0.3608241805867921	0.5	1	0.4293496983702413	0.5
C435	fusion_promoter	23	5	1.1769436997319036	2.1739130434782608	0.23444482623069737	0.5	2	0.4293496983702413	0.5
C436	all_candidates	3071	6	0.787205216830645	-2.6799458275361787	0.04072888337360739	0.03125	0	0.13110077662774489	0.125
C436	HSMM	1026	6	0.7739577260821054	-2.6363907102211206	0.06820323118916996	0.0625	1	0.13110077662774489	0.125
C436	muscle_selective	191	6	0.779322628067398	-2.5800544714157287	0.10547146119861651	0.125	1	0.13110077662774489	0.125
C436	fusion_promoter	23	6	0.8427533222591362	-2.0786671058410184	0.13110077662774489	0.125	1	0.13110077662774489	0.125
C437	all_candidates	3071	3	0.9301010101010101	-0.9388906979268431	0.11733545045952543	0.25	0	0.15644726727936722	0.3333333333333333
C437	HSMM	1026	3	0.9111675126903552	-1.1371020142949968	0.03774955135062374	0.25	0	0.15099820540249495	0.3333333333333333
C437	muscle_selective	191	3	0.8607594936708859	-1.9197207678883073	0.09273529127344528	0.25	0	0.15644726727936722	0.3333333333333333
C437	fusion_promoter	23	3	1.1578947368421053	2.1739130434782608	0.7294991095997704	1.0	2	0.7294991095997704	1.0
C438	all_candidates	3071	4	0.9599940400804585	-0.43715402149137395	0.27367199157419414	0.25	1	0.7367024886499147	0.875
C438	HSMM	1026	4	0.984292354543998	-0.15919428200129246	0.7367024886499147	0.875	2	0.7367024886499147	0.875
C438	muscle_selective	191	4	0.9560253699788583	-0.453752181500873	0.4877351722798635	0.75	2	0.7367024886499147	0.875
C438	fusion_promoter	23	4	1.1527377521613833	1.9202898550724639	0.5844899406553722	0.625	3	0.7367024886499147	0.875
C439	all_candidates	3071	5	0.9622259835693345	-0.4256407870865767	0.5636527260545996	0.625	2	0.9700530596982542	1.0
C439	HSMM	1026	5	0.9795113033397246	-0.21326464308920348	0.7694495508023786	0.8125	2	0.9700530596982542	1.0
C439	muscle_selective	191	5	0.9307071665875654	-0.7279980054849161	0.563035077599038	0.625	2	0.9700530596982542	1.0
C439	fusion_promoter	23	5	1.004212299915754	0.05175983436853049	0.9700530596982542	1.0	3	0.9700530596982542	1.0
C440	all_candidates	3071	6	0.8424628702132401	-1.9417815803357754	0.008425742970433666	0.03125	0	0.03370297188173466	0.0625
C440	HSMM	1026	6	0.8349450391382623	-1.884478825268303	0.029210688291673316	0.03125	0	0.05493195917447429	0.0625
C440	muscle_selective	191	6	0.846040689928142	-1.7654894552800282	0.04119896938085572	0.0625	1	0.05493195917447429	0.08333333333333333
C440	fusion_promoter	23	6	0.9363396472893534	-0.8084487975792316	0.36160642934259274	0.375	1	0.36160642934259274	0.375
C441	all_candidates	3071	3	0.9760115987873998	-0.32924490755815994	0.6014231141886173	1.0	2	0.7798480876971464	1.0
C441	HSMM	1026	3	0.9839704069050558	-0.21117608836906665	0.6425926905016657	0.75	1	0.7798480876971464	1.0
C441	muscle_selective	191	3	0.8546511627906976	-2.1815008726003495	0.07023999586799781	0.25	0	0.28095998347199125	1.0
C441	fusion_promoter	23	3	1.1129032258064515	1.6908212560386469	0.7798480876971464	1.0	2	0.7798480876971464	1.0
C442	all_candidates	3071	4	1.0068112065814578	0.0724026326435867	0.7518347178087448	0.625	3	0.7518347178087448	0.75
C442	HSMM	1026	4	1.0396951413147035	0.3922632760352119	0.2713904327099873	0.25	3	0.7518347178087448	0.75
C442	muscle_selective	191	4	0.9793854531310775	-0.21021735681421538	0.5989815184298602	0.75	1	0.7518347178087448	0.75
C442	fusion_promoter	23	4	1.1616405307599518	2.206851119894597	0.5208092186504907	0.5	3	0.7518347178087448	0.75
C443	all_candidates	3071	6	1.0118979898316582	0.13985254949110462	0.8846307262588085	0.8125	3	0.8846307262588085	0.8125
C443	HSMM	1026	6	1.0150999809560086	0.16512970460339227	0.8163421208046229	0.75	4	0.8846307262588085	0.8125
C443	muscle_selective	191	6	0.9612134323601279	-0.44927730791604986	0.7090830184085981	0.65625	3	0.8846307262588085	0.8125
C443	fusion_promoter	23	6	1.1865959498553518	2.516722408026757	0.46324499957429144	0.65625	3	0.8846307262588085	0.8125
C444	all_candidates	3071	5	1.0539632983859129	0.5393881268874651	0.36174420358383397	0.375	4	0.577309318958391	0.6666666666666666
C444	HSMM	1026	5	1.0421895602381905	0.40281055015791695	0.4329819892187932	0.5	3	0.577309318958391	0.6666666666666666
C444	muscle_selective	191	5	1.001147415615643	0.011495686580439007	0.9870966469645451	1.0	3	0.9870966469645451	1.0
C444	fusion_promoter	23	5	1.1503742493121363	1.630305312565086	0.09847985540847348	0.1875	4	0.39391942163389393	0.6666666666666666
C445	all_candidates	3071	5	1.0128138792965438	0.1335602079755091	0.7914879714964771	0.6875	3	0.9081043469130137	0.6875
C445	HSMM	1026	5	1.0088974260970693	0.08675100969562533	0.9081043469130137	0.6875	3	0.9081043469130137	0.6875
C445	muscle_selective	191	5	0.9332407187635255	-0.6544844814016376	0.5973660949988149	0.625	2	0.9081043469130137	0.6875
C445	fusion_promoter	23	5	1.169002854864844	1.8672918442739415	0.205392318091417	0.25	4	0.821569272365668	0.6875
C446	all_candidates	3071	5	0.9882167526305273	-0.12636560829330623	0.7270803960927108	0.9375	3	0.7270803960927108	0.9375
C446	HSMM	1026	5	0.980712083971311	-0.19748445187041802	0.7046218982506866	0.9375	3	0.7270803960927108	0.9375
C446	muscle_selective	191	5	0.9447960798325756	-0.5991855730075674	0.3394638319685901	0.375	2	0.7270803960927108	0.9375
C446	fusion_promoter	23	5	1.054691997697179	0.6556245686680461	0.5543761409414023	0.5625	3	0.7270803960927108	0.9375
C447	all_candidates	3071	5	1.0145208363009486	0.1573461176579445	0.6709435199168753	0.75	3	0.6709435199168753	0.75
C447	HSMM	1026	5	1.0208831979356352	0.2146661769984856	0.4550375292112693	0.5	3	0.6623142295185086	0.75
C447	muscle_selective	191	5	0.9868978412646391	-0.1412026019355865	0.4967356721388815	0.75	2	0.6623142295185086	0.75
C447	fusion_promoter	23	5	1.0944585302741	1.079415043609417	0.30148360857180406	0.5	2	0.6623142295185086	0.75
