config	celltype	time	qc	rule	caliper	column	Sample	donor	group	n_nuclei	raw_ATAC_size	raw_RNA_size	mean_log_RNA	mean_log_ATAC
C000	Satellite Cells	Pre	author	2plus_vs_1	none	0	E_M1	E	low	29	250741	76568	7.806683427854542	8.839652165735842
C000	Satellite Cells	Pre	author	2plus_vs_1	none	1	E_M1	E	high	6	52629	50769	9.01626686814548	8.826749087258897
C000	Satellite Cells	Pre	author	2plus_vs_1	none	2	G_M1	G	low	5	63092	23378	8.391585561610448	9.039180632781784
C000	Satellite Cells	Pre	author	2plus_vs_1	none	3	G_M1	G	high	1	4014	13938	9.542445945729886	8.22121009392507
C000	Satellite Cells	Pre	author	2plus_vs_1	none	4	I_M1	I	low	14	102162	55537	8.128365884932053	8.597025816338574
C000	Satellite Cells	Pre	author	2plus_vs_1	none	5	I_M1	I	high	6	51548	45717	8.706748358576204	8.806218282828628
C000	Satellite Cells	Pre	author	2plus_vs_1	none	6	J_M1	J	low	54	277344	161369	7.86970911570551	8.347252959507873
C000	Satellite Cells	Pre	author	2plus_vs_1	none	7	J_M1	J	high	21	98958	101356	8.369543763595649	8.272927432630027
C000	Satellite Cells	Pre	author	2plus_vs_1	none	8	N_M1	N	low	27	133593	107683	7.9664308640670995	8.14506225520296
C000	Satellite Cells	Pre	author	2plus_vs_1	none	9	N_M1	N	high	4	27784	16972	8.25022698111505	8.613566703287084
C001	Satellite Cells	Pre	author	2plus_vs_1	0.1	10	I_M1	I	low	1	6219	2711	7.905441649060286	8.628913441026645
C001	Satellite Cells	Pre	author	2plus_vs_1	0.1	11	I_M1	I	high	1	6825	2881	7.966239776559467	8.70996000607173
C001	Satellite Cells	Pre	author	2plus_vs_1	0.1	12	J_M1	J	low	10	60934	33839	8.043115700748498	8.591937809348197
C001	Satellite Cells	Pre	author	2plus_vs_1	0.1	13	J_M1	J	high	10	59230	33502	8.043204626498142	8.567860469081594
C001	Satellite Cells	Pre	author	2plus_vs_1	0.1	14	N_M1	N	low	1	6028	2112	7.655864017616056	8.56483984488359
C001	Satellite Cells	Pre	author	2plus_vs_1	0.1	15	N_M1	N	high	1	5936	2050	7.62608275807238	8.564649132572534
C002	Satellite Cells	Pre	author	2plus_vs_1	0.2	16	E_M1	E	low	1	18443	6879	8.836373930927389	9.588502797556337
C002	Satellite Cells	Pre	author	2plus_vs_1	0.2	17	E_M1	E	high	1	16383	6544	8.786456678344	9.469700127423375
C002	Satellite Cells	Pre	author	2plus_vs_1	0.2	18	I_M1	I	low	1	6219	2711	7.905441649060286	8.628913441026645
C002	Satellite Cells	Pre	author	2plus_vs_1	0.2	19	I_M1	I	high	1	6825	2881	7.966239776559467	8.70996000607173
C002	Satellite Cells	Pre	author	2plus_vs_1	0.2	20	J_M1	J	low	13	80258	50780	8.162090219956685	8.609619472322565
C002	Satellite Cells	Pre	author	2plus_vs_1	0.2	21	J_M1	J	high	13	77477	49332	8.144167907454566	8.574687220461463
C002	Satellite Cells	Pre	author	2plus_vs_1	0.2	22	N_M1	N	low	2	9082	5115	7.831782015250042	8.258375613368889
C002	Satellite Cells	Pre	author	2plus_vs_1	0.2	23	N_M1	N	high	2	9731	5676	7.911121948677641	8.353501704711185
C003	Satellite Cells	Pre	author	2plus_vs_1	0.3	24	E_M1	E	low	1	18443	6879	8.836373930927389	9.588502797556337
C003	Satellite Cells	Pre	author	2plus_vs_1	0.3	25	E_M1	E	high	1	16383	6544	8.786456678344	9.469700127423375
C003	Satellite Cells	Pre	author	2plus_vs_1	0.3	26	I_M1	I	low	3	27925	13102	8.224995701007447	8.804129162293869
C003	Satellite Cells	Pre	author	2plus_vs_1	0.3	27	I_M1	I	high	3	26526	15410	8.275730783102183	8.718651123455869
C003	Satellite Cells	Pre	author	2plus_vs_1	0.3	28	J_M1	J	low	14	82425	54247	8.161321871238382	8.540951155078234
C003	Satellite Cells	Pre	author	2plus_vs_1	0.3	29	J_M1	J	high	14	79718	54012	8.166103559872102	8.51036334194862
C003	Satellite Cells	Pre	author	2plus_vs_1	0.3	30	N_M1	N	low	3	30534	9377	8.017245161900549	8.806924828603444
C003	Satellite Cells	Pre	author	2plus_vs_1	0.3	31	N_M1	N	high	3	22293	9583	8.031008303505985	8.646759584227015
C004	Satellite Cells	Pre	author	3plus_vs_1	none	32	E_M1	E	low	29	250741	76568	7.806683427854542	8.839652165735842
C004	Satellite Cells	Pre	author	3plus_vs_1	none	33	E_M1	E	high	4	29535	33970	9.018881587842106	8.694467490252475
C004	Satellite Cells	Pre	author	3plus_vs_1	none	34	I_M1	I	low	14	102162	55537	8.128365884932053	8.597025816338574
C004	Satellite Cells	Pre	author	3plus_vs_1	none	35	I_M1	I	high	3	32542	25323	9.008655417278865	9.07249404443516
C004	Satellite Cells	Pre	author	3plus_vs_1	none	36	J_M1	J	low	54	277344	161369	7.86970911570551	8.347252959507873
C004	Satellite Cells	Pre	author	3plus_vs_1	none	37	J_M1	J	high	7	38025	40101	8.602561310898198	8.344877450572577
C004	Satellite Cells	Pre	author	3plus_vs_1	none	38	N_M1	N	low	27	133593	107683	7.9664308640670995	8.14506225520296
C004	Satellite Cells	Pre	author	3plus_vs_1	none	39	N_M1	N	high	2	18053	11296	8.589332013552461	8.873631701862983
C005	Satellite Cells	Pre	author	3plus_vs_1	0.1	40	J_M1	J	low	3	22369	14389	8.414417477822843	8.778251819171947
C005	Satellite Cells	Pre	author	3plus_vs_1	0.1	41	J_M1	J	high	3	22012	13573	8.361913753381836	8.76573915026237
C006	Satellite Cells	Pre	author	3plus_vs_1	0.2	42	J_M1	J	low	4	29862	20650	8.49637683383872	8.787457136590076
C006	Satellite Cells	Pre	author	3plus_vs_1	0.2	43	J_M1	J	high	4	29909	18781	8.410971109472674	8.78886097253803
C007	Satellite Cells	Pre	author	3plus_vs_1	0.3	44	I_M1	I	low	1	17795	7992	8.98632143762602	9.597845154707354
C007	Satellite Cells	Pre	author	3plus_vs_1	0.3	45	I_M1	I	high	1	16876	10535	9.262553243423117	9.551302513870247
C007	Satellite Cells	Pre	author	3plus_vs_1	0.3	46	J_M1	J	low	4	29862	20650	8.49637683383872	8.787457136590076
C007	Satellite Cells	Pre	author	3plus_vs_1	0.3	47	J_M1	J	high	4	29909	18781	8.410971109472674	8.78886097253803
C007	Satellite Cells	Pre	author	3plus_vs_1	0.3	48	N_M1	N	low	1	19779	3612	8.19229373114764	9.506213803454253
C007	Satellite Cells	Pre	author	3plus_vs_1	0.3	49	N_M1	N	high	1	12562	3907	8.270781013162674	9.23327534325868
C008	Satellite Cells	Pre	author	4plus_vs_1	none	50	E_M1	E	low	29	250741	76568	7.806683427854542	8.839652165735842
C008	Satellite Cells	Pre	author	4plus_vs_1	none	51	E_M1	E	high	2	8323	20413	9.224168353909253	8.271849508153572
C008	Satellite Cells	Pre	author	4plus_vs_1	none	52	I_M1	I	low	14	102162	55537	8.128365884932053	8.597025816338574
C008	Satellite Cells	Pre	author	4plus_vs_1	none	53	I_M1	I	high	1	8755	9085	9.114490046319348	8.947025655972697
C008	Satellite Cells	Pre	author	4plus_vs_1	none	54	J_M1	J	low	54	277344	161369	7.86970911570551	8.347252959507873
C008	Satellite Cells	Pre	author	4plus_vs_1	none	55	J_M1	J	high	1	6421	4666	8.448271745949816	8.670257567143075
C009	Satellite Cells	Pre	author	4plus_vs_1	0.1	56	J_M1	J	low	1	7114	5044	8.52615293278771	8.760766624241956
C009	Satellite Cells	Pre	author	4plus_vs_1	0.1	57	J_M1	J	high	1	6421	4666	8.448271745949816	8.670257567143075
C010	Satellite Cells	Pre	author	4plus_vs_1	0.2	58	J_M1	J	low	1	7114	5044	8.52615293278771	8.760766624241956
C010	Satellite Cells	Pre	author	4plus_vs_1	0.2	59	J_M1	J	high	1	6421	4666	8.448271745949816	8.670257567143075
C011	Satellite Cells	Pre	author	4plus_vs_1	0.3	60	J_M1	J	low	1	7114	5044	8.52615293278771	8.760766624241956
C011	Satellite Cells	Pre	author	4plus_vs_1	0.3	61	J_M1	J	high	1	6421	4666	8.448271745949816	8.670257567143075
C012	Satellite Cells	Pre	author	3plus_vs_1to2	none	62	E_M1	E	low	31	273835	93367	7.8843836859769745	8.855888302222027
C012	Satellite Cells	Pre	author	3plus_vs_1to2	none	63	E_M1	E	high	4	29535	33970	9.018881587842106	8.694467490252475
C012	Satellite Cells	Pre	author	3plus_vs_1to2	none	64	I_M1	I	low	17	121168	75931	8.177155664039375	8.586952293670961
C012	Satellite Cells	Pre	author	3plus_vs_1to2	none	65	I_M1	I	high	3	32542	25323	9.008655417278865	9.07249404443516
C012	Satellite Cells	Pre	author	3plus_vs_1to2	none	66	J_M1	J	low	68	338277	222624	7.948629148637042	8.324544025656584
C012	Satellite Cells	Pre	author	3plus_vs_1to2	none	67	J_M1	J	high	7	38025	40101	8.602561310898198	8.344877450572577
C012	Satellite Cells	Pre	author	3plus_vs_1to2	none	68	N_M1	N	low	29	143324	113359	7.962616456109206	8.159437389651803
C012	Satellite Cells	Pre	author	3plus_vs_1to2	none	69	N_M1	N	high	2	18053	11296	8.589332013552461	8.873631701862983
C013	Satellite Cells	Pre	author	3plus_vs_1to2	0.1	70	J_M1	J	low	3	22369	14389	8.414417477822843	8.778251819171947
C013	Satellite Cells	Pre	author	3plus_vs_1to2	0.1	71	J_M1	J	high	3	22012	13573	8.361913753381836	8.76573915026237
C014	Satellite Cells	Pre	author	3plus_vs_1to2	0.2	72	J_M1	J	low	4	29862	20650	8.49637683383872	8.787457136590076
C014	Satellite Cells	Pre	author	3plus_vs_1to2	0.2	73	J_M1	J	high	4	29909	18781	8.410971109472674	8.78886097253803
C015	Satellite Cells	Pre	author	3plus_vs_1to2	0.3	74	I_M1	I	low	1	17795	7992	8.98632143762602	9.597845154707354
C015	Satellite Cells	Pre	author	3plus_vs_1to2	0.3	75	I_M1	I	high	1	16876	10535	9.262553243423117	9.551302513870247
C015	Satellite Cells	Pre	author	3plus_vs_1to2	0.3	76	J_M1	J	low	5	35526	28551	8.592075701265243	8.742399020683855
C015	Satellite Cells	Pre	author	3plus_vs_1to2	0.3	77	J_M1	J	high	5	34339	26735	8.525088075732516	8.698127094717064
C015	Satellite Cells	Pre	author	3plus_vs_1to2	0.3	78	N_M1	N	low	1	19779	3612	8.19229373114764	9.506213803454253
C015	Satellite Cells	Pre	author	3plus_vs_1to2	0.3	79	N_M1	N	high	1	12562	3907	8.270781013162674	9.23327534325868
C016	Satellite Cells	Pre	author	positive_q25	none	80	E_M1	E	low	9	84670	46958	8.492436685687837	8.86713421237934
C016	Satellite Cells	Pre	author	positive_q25	none	81	E_M1	E	high	9	69133	15493	7.441626167320152	8.735847287241915
C016	Satellite Cells	Pre	author	positive_q25	none	82	G_M1	G	low	2	8433	21904	9.262754617555126	8.26421136027669
C016	Satellite Cells	Pre	author	positive_q25	none	83	G_M1	G	high	2	42009	6759	8.122754923313142	9.619197885597499
C016	Satellite Cells	Pre	author	positive_q25	none	84	I_M1	I	low	5	50986	45416	9.051035232967624	8.879863873099731
C016	Satellite Cells	Pre	author	positive_q25	none	85	I_M1	I	high	5	31256	17350	7.908908406289977	8.571880906696682
C016	Satellite Cells	Pre	author	positive_q25	none	86	J_M1	J	low	19	122200	103297	8.517727773806266	8.556346514651102
C016	Satellite Cells	Pre	author	positive_q25	none	87	J_M1	J	high	19	86721	38232	7.537693764613619	8.26709889962207
C016	Satellite Cells	Pre	author	positive_q25	none	88	L_M1	L	low	1	21148	2541	7.8407064517494	9.591785974240127
C016	Satellite Cells	Pre	author	positive_q25	none	89	L_M1	L	high	1	12116	1865	7.531552381407289	9.13755460225053
C016	Satellite Cells	Pre	author	positive_q25	none	90	N_M1	N	low	8	38302	66830	8.909797820912297	8.270122612932068
C016	Satellite Cells	Pre	author	positive_q25	none	91	N_M1	N	high	8	36881	12346	7.19168502696054	7.992493403762506
C017	Satellite Cells	Pre	author	positive_q25	0.1	92	J_M1	J	low	2	13277	8062	8.269416931247275	8.690167941137531
C017	Satellite Cells	Pre	author	positive_q25	0.1	93	J_M1	J	high	2	12486	7919	8.2679560168644	8.645905386941777
C018	Satellite Cells	Pre	author	positive_q25	0.2	94	J_M1	J	low	3	18987	11498	8.227062713114796	8.644813142570465
C018	Satellite Cells	Pre	author	positive_q25	0.2	95	J_M1	J	high	3	17795	10641	8.148467175467518	8.58513073195038
C019	Satellite Cells	Pre	author	positive_q25	0.3	96	J_M1	J	low	5	30986	18879	8.221213943310712	8.625236832628168
C019	Satellite Cells	Pre	author	positive_q25	0.3	97	J_M1	J	high	5	28237	16074	8.05206680445458	8.538814668971145
C020	Satellite Cells	Pre	author	positive_q33	none	98	E_M1	E	low	12	109755	63672	8.462328809057562	8.852600516380448
C020	Satellite Cells	Pre	author	positive_q33	none	99	E_M1	E	high	12	99460	25485	7.574916410320259	8.814569534963903
C020	Satellite Cells	Pre	author	positive_q33	none	100	G_M1	G	low	2	8433	21904	9.262754617555126	8.26421136027669
C020	Satellite Cells	Pre	author	positive_q33	none	101	G_M1	G	high	2	42009	6759	8.122754923313142	9.619197885597499
C020	Satellite Cells	Pre	author	positive_q33	none	102	I_M1	I	low	7	70363	59889	8.970915938747451	8.816961751127844
C020	Satellite Cells	Pre	author	positive_q33	none	103	I_M1	I	high	7	43927	25226	7.982541294460738	8.59013225190998
C020	Satellite Cells	Pre	author	positive_q33	none	104	J_M1	J	low	25	147761	123742	8.415665315461773	8.466566631419298
C020	Satellite Cells	Pre	author	positive_q33	none	105	J_M1	J	high	25	115235	56453	7.618894040025449	8.265083140266078
C020	Satellite Cells	Pre	author	positive_q33	none	106	L_M1	L	low	1	21148	2541	7.8407064517494	9.591785974240127
C020	Satellite Cells	Pre	author	positive_q33	none	107	L_M1	L	high	1	12116	1865	7.531552381407289	9.13755460225053
C020	Satellite Cells	Pre	author	positive_q33	none	108	N_M1	N	low	11	64652	77284	8.703820930105715	8.312608303457084
C020	Satellite Cells	Pre	author	positive_q33	none	109	N_M1	N	high	10	44096	17686	7.317680971456727	8.013936218891564
C021	Satellite Cells	Pre	author	positive_q33	0.1	110	J_M1	J	low	4	24355	13874	8.122146886319547	8.608915473208127
C021	Satellite Cells	Pre	author	positive_q33	0.1	111	J_M1	J	high	4	23551	13353	8.087802959765373	8.580534291524158
C022	Satellite Cells	Pre	author	positive_q33	0.2	112	J_M1	J	low	6	38167	23024	8.199975704711838	8.650846335206738
C022	Satellite Cells	Pre	author	positive_q33	0.2	113	J_M1	J	high	6	36134	21282	8.136412866669682	8.592049964036791
C023	Satellite Cells	Pre	author	positive_q33	0.3	114	E_M1	E	low	2	20614	5329	7.887937863994585	9.037104075013342
C023	Satellite Cells	Pre	author	positive_q33	0.3	115	E_M1	E	high	2	16470	3979	7.596007830129101	8.834197694382883
C023	Satellite Cells	Pre	author	positive_q33	0.3	116	J_M1	J	low	7	43877	26460	8.191744072160123	8.63702593666811
C023	Satellite Cells	Pre	author	positive_q33	0.3	117	J_M1	J	high	7	41747	23489	8.074045658202154	8.585162129511914
C023	Satellite Cells	Pre	author	positive_q33	0.3	118	N_M1	N	low	2	24506	7265	8.197935734042796	8.92796732046337
C023	Satellite Cells	Pre	author	positive_q33	0.3	119	N_M1	N	high	2	16357	7533	8.233471076222788	8.687814810054256
C024	Satellite Cells	Pre	author	detected_vs_zero	none	120	E_M1	E	low	220	1499559	475123	7.6037787042043385	8.554045067832776
C024	Satellite Cells	Pre	author	detected_vs_zero	none	121	E_M1	E	high	35	303370	127337	8.014040589047273	8.837440209425507
C024	Satellite Cells	Pre	author	detected_vs_zero	none	122	G_M1	G	low	43	513705	122288	7.8743501581000315	8.935213623381076
C024	Satellite Cells	Pre	author	detected_vs_zero	none	123	G_M1	G	high	6	67106	37316	8.583395625630354	8.902852209638999
C024	Satellite Cells	Pre	author	detected_vs_zero	none	124	I_M1	I	low	128	616179	277226	7.586320305211705	8.287451776465293
C024	Satellite Cells	Pre	author	detected_vs_zero	none	125	I_M1	I	high	20	153710	101254	8.301880627025302	8.659783556285591
C024	Satellite Cells	Pre	author	detected_vs_zero	none	126	J_M1	J	low	288	1357801	665246	7.668007231734214	8.302315465211214
C024	Satellite Cells	Pre	author	detected_vs_zero	none	127	J_M1	J	high	75	376302	262725	8.009662817114748	8.326441811982077
C024	Satellite Cells	Pre	author	detected_vs_zero	none	128	L_M1	L	low	10	160223	28415	7.911461759456721	9.31314689634534
C024	Satellite Cells	Pre	author	detected_vs_zero	none	129	L_M1	L	high	2	33264	4406	7.6861294165783445	9.364670288245328
C024	Satellite Cells	Pre	author	detected_vs_zero	none	130	N_M1	N	low	126	733068	344727	7.73942944855622	8.378545394406306
C024	Satellite Cells	Pre	author	detected_vs_zero	none	131	N_M1	N	high	31	161377	124655	8.003049717879739	8.205514442052525
C025	Satellite Cells	Pre	author	detected_vs_zero	0.1	132	E_M1	E	low	26	220111	62584	7.745055157426156	8.827956422262755
C025	Satellite Cells	Pre	author	detected_vs_zero	0.1	133	E_M1	E	high	26	220405	62187	7.734520556179711	8.83212446460402
C025	Satellite Cells	Pre	author	detected_vs_zero	0.1	134	G_M1	G	low	3	49327	10434	8.15233117734977	9.301077082291497
C025	Satellite Cells	Pre	author	detected_vs_zero	0.1	135	G_M1	G	high	3	48869	10538	8.160996378413307	9.311468126691969
C025	Satellite Cells	Pre	author	detected_vs_zero	0.1	136	I_M1	I	low	9	48347	24930	7.858383854244028	8.451767087330497
C025	Satellite Cells	Pre	author	detected_vs_zero	0.1	137	I_M1	I	high	9	49415	24152	7.834834549042329	8.477816966593826
C025	Satellite Cells	Pre	author	detected_vs_zero	0.1	138	J_M1	J	low	55	279309	150318	7.824288461882474	8.388083713300208
C025	Satellite Cells	Pre	author	detected_vs_zero	0.1	139	J_M1	J	high	55	279082	150407	7.82773998732103	8.386024500772224
C025	Satellite Cells	Pre	author	detected_vs_zero	0.1	140	L_M1	L	low	1	21083	2397	7.7823903355874595	9.573802232603889
C025	Satellite Cells	Pre	author	detected_vs_zero	0.1	141	L_M1	L	high	1	21148	2541	7.8407064517494	9.591785974240127
C025	Satellite Cells	Pre	author	detected_vs_zero	0.1	142	N_M1	N	low	18	100206	52608	7.8181950449488005	8.33266283442688
C025	Satellite Cells	Pre	author	detected_vs_zero	0.1	143	N_M1	N	high	18	101719	52078	7.804445883798975	8.346298702368916
C026	Satellite Cells	Pre	author	detected_vs_zero	0.2	144	E_M1	E	low	31	270726	90163	7.874806039069087	8.84712621799725
C026	Satellite Cells	Pre	author	detected_vs_zero	0.2	145	E_M1	E	high	31	271953	90125	7.871645453268763	8.857551088743294
C026	Satellite Cells	Pre	author	detected_vs_zero	0.2	146	G_M1	G	low	3	49327	10434	8.15233117734977	9.301077082291497
C026	Satellite Cells	Pre	author	detected_vs_zero	0.2	147	G_M1	G	high	3	48869	10538	8.160996378413307	9.311468126691969
C026	Satellite Cells	Pre	author	detected_vs_zero	0.2	148	I_M1	I	low	11	55292	30406	7.861437677077856	8.385264923851423
C026	Satellite Cells	Pre	author	detected_vs_zero	0.2	149	I_M1	I	high	11	55787	29229	7.83144481867165	8.39011380194728
C026	Satellite Cells	Pre	author	detected_vs_zero	0.2	150	J_M1	J	low	64	315255	182694	7.862212565876803	8.33044733488978
C026	Satellite Cells	Pre	author	detected_vs_zero	0.2	151	J_M1	J	high	64	315320	182930	7.86469251272793	8.335393122249545
C026	Satellite Cells	Pre	author	detected_vs_zero	0.2	152	L_M1	L	low	2	31005	4445	7.70374874191318	9.272434835667989
C026	Satellite Cells	Pre	author	detected_vs_zero	0.2	153	L_M1	L	high	2	33264	4406	7.6861294165783445	9.364670288245328
C026	Satellite Cells	Pre	author	detected_vs_zero	0.2	154	N_M1	N	low	26	132180	83983	7.9053285107952656	8.233588138580682
C026	Satellite Cells	Pre	author	detected_vs_zero	0.2	155	N_M1	N	high	26	134493	83865	7.902291356231089	8.230048097925527
C027	Satellite Cells	Pre	author	detected_vs_zero	0.3	156	E_M1	E	low	31	270726	90163	7.874806039069086	8.84712621799725
C027	Satellite Cells	Pre	author	detected_vs_zero	0.3	157	E_M1	E	high	31	269893	89790	7.8700352193144605	8.853718744545457
C027	Satellite Cells	Pre	author	detected_vs_zero	0.3	158	G_M1	G	low	4	61674	14535	8.19405586767041	9.264620413133176
C027	Satellite Cells	Pre	author	detected_vs_zero	0.3	159	G_M1	G	high	4	58673	15412	8.243716129667966	9.222172634320152
C027	Satellite Cells	Pre	author	detected_vs_zero	0.3	160	I_M1	I	low	14	84092	42657	7.948250704908276	8.485478810391331
C027	Satellite Cells	Pre	author	detected_vs_zero	0.3	161	I_M1	I	high	14	89114	43192	7.946095291288614	8.496113340570057
C027	Satellite Cells	Pre	author	detected_vs_zero	0.3	162	J_M1	J	low	67	328817	195620	7.881611414030302	8.327412343879512
C027	Satellite Cells	Pre	author	detected_vs_zero	0.3	163	J_M1	J	high	67	326718	198941	7.896458450721778	8.323716215096393
C027	Satellite Cells	Pre	author	detected_vs_zero	0.3	164	L_M1	L	low	2	31005	4445	7.70374874191318	9.272434835667989
C027	Satellite Cells	Pre	author	detected_vs_zero	0.3	165	L_M1	L	high	2	33264	4406	7.6861294165783445	9.364670288245328
C027	Satellite Cells	Pre	author	detected_vs_zero	0.3	166	N_M1	N	low	27	150159	87513	7.915106580615011	8.278403120760606
C027	Satellite Cells	Pre	author	detected_vs_zero	0.3	167	N_M1	N	high	27	149232	86492	7.90124272746714	8.27123409958214
C028	Satellite Cells	Pre	trim95	2plus_vs_1	none	168	I_M1	I	low	10	48638	28292	7.8859936062475615	8.345471134344871
C028	Satellite Cells	Pre	trim95	2plus_vs_1	none	169	I_M1	I	high	3	16561	10578	8.071187355992521	8.441268273319965
C028	Satellite Cells	Pre	trim95	2plus_vs_1	none	170	J_M1	J	low	45	197341	108796	7.7296819427501555	8.229327110248814
C028	Satellite Cells	Pre	trim95	2plus_vs_1	none	171	J_M1	J	high	13	62678	44075	8.073249090832885	8.359739097983098
C028	Satellite Cells	Pre	trim95	2plus_vs_1	none	172	N_M1	N	low	22	85884	62149	7.7606344665123	8.006510049419012
C028	Satellite Cells	Pre	trim95	2plus_vs_1	none	173	N_M1	N	high	4	27784	16972	8.25022698111505	8.613566703287084
C029	Satellite Cells	Pre	trim95	2plus_vs_1	0.1	174	I_M1	I	low	1	6219	2711	7.905441649060286	8.628913441026645
C029	Satellite Cells	Pre	trim95	2plus_vs_1	0.1	175	I_M1	I	high	1	6825	2881	7.966239776559467	8.70996000607173
C029	Satellite Cells	Pre	trim95	2plus_vs_1	0.1	176	J_M1	J	low	8	44228	22215	7.889132760780144	8.515447164895484
C029	Satellite Cells	Pre	trim95	2plus_vs_1	0.1	177	J_M1	J	high	8	42974	22641	7.906514414686855	8.493516526284292
C029	Satellite Cells	Pre	trim95	2plus_vs_1	0.1	178	N_M1	N	low	1	6028	2112	7.655864017616056	8.56483984488359
C029	Satellite Cells	Pre	trim95	2plus_vs_1	0.1	179	N_M1	N	high	1	5936	2050	7.62608275807238	8.564649132572534
C030	Satellite Cells	Pre	trim95	2plus_vs_1	0.2	180	I_M1	I	low	1	6219	2711	7.905441649060286	8.628913441026645
C030	Satellite Cells	Pre	trim95	2plus_vs_1	0.2	181	I_M1	I	high	1	6825	2881	7.966239776559467	8.70996000607173
C030	Satellite Cells	Pre	trim95	2plus_vs_1	0.2	182	J_M1	J	low	10	55181	29961	7.957295292460524	8.515567348144218
C030	Satellite Cells	Pre	trim95	2plus_vs_1	0.2	183	J_M1	J	high	10	54081	30028	7.960950924665606	8.49903259561765
C030	Satellite Cells	Pre	trim95	2plus_vs_1	0.2	184	N_M1	N	low	2	9082	5115	7.831782015250042	8.258375613368889
C030	Satellite Cells	Pre	trim95	2plus_vs_1	0.2	185	N_M1	N	high	2	9731	5676	7.911121948677641	8.353501704711185
C031	Satellite Cells	Pre	trim95	2plus_vs_1	0.3	186	I_M1	I	low	2	10130	5110	7.844332832698162	8.407271166087126
C031	Satellite Cells	Pre	trim95	2plus_vs_1	0.3	187	I_M1	I	high	2	9650	4875	7.782319552941716	8.302325428248677
C031	Satellite Cells	Pre	trim95	2plus_vs_1	0.3	188	J_M1	J	low	11	57348	33428	7.974935114773243	8.436721501122191
C031	Satellite Cells	Pre	trim95	2plus_vs_1	0.3	189	J_M1	J	high	11	56322	34708	8.005525117086922	8.42404353431438
C031	Satellite Cells	Pre	trim95	2plus_vs_1	0.3	190	N_M1	N	low	2	10755	5765	7.9297208772770045	8.45728034117804
C031	Satellite Cells	Pre	trim95	2plus_vs_1	0.3	191	N_M1	N	high	2	9731	5676	7.911121948677641	8.353501704711185
C032	Satellite Cells	Pre	trim95	3plus_vs_1	none	192	I_M1	I	low	10	48638	28292	7.8859936062475615	8.345471134344871
C032	Satellite Cells	Pre	trim95	3plus_vs_1	none	193	I_M1	I	high	1	6911	5703	8.648922962094131	8.71915396346254
C032	Satellite Cells	Pre	trim95	3plus_vs_1	none	194	J_M1	J	low	45	197341	108796	7.7296819427501555	8.229327110248814
C032	Satellite Cells	Pre	trim95	3plus_vs_1	none	195	J_M1	J	high	2	12177	7378	8.177041029304373	8.618501268694281
C032	Satellite Cells	Pre	trim95	3plus_vs_1	none	196	N_M1	N	low	22	85884	62149	7.7606344665123	8.006510049419012
C032	Satellite Cells	Pre	trim95	3plus_vs_1	none	197	N_M1	N	high	2	18053	11296	8.589332013552461	8.873631701862983
C033	Satellite Cells	Pre	trim95	3plus_vs_1	0.1	198	J_M1	J	low	1	5663	2765	7.925157512224703	8.53895468319775
C033	Satellite Cells	Pre	trim95	3plus_vs_1	0.1	199	J_M1	J	high	1	5756	2712	7.905810312658931	8.566744970245486
C034	Satellite Cells	Pre	trim95	3plus_vs_1	0.2	200	J_M1	J	low	2	11258	7604	8.20491375596769	8.53856314049959
C034	Satellite Cells	Pre	trim95	3plus_vs_1	0.2	201	J_M1	J	high	2	12177	7378	8.177041029304373	8.618501268694281
C035	Satellite Cells	Pre	trim95	3plus_vs_1	0.3	202	J_M1	J	low	2	11258	7604	8.20491375596769	8.53856314049959
C035	Satellite Cells	Pre	trim95	3plus_vs_1	0.3	203	J_M1	J	high	2	12177	7378	8.177041029304373	8.618501268694281
C036	Satellite Cells	Pre	trim95	4plus_vs_1	none	204	J_M1	J	low	45	197341	108796	7.7296819427501555	8.229327110248814
C036	Satellite Cells	Pre	trim95	4plus_vs_1	none	205	J_M1	J	high	1	6421	4666	8.448271745949816	8.670257567143075
C038	Satellite Cells	Pre	trim95	4plus_vs_1	0.2	206	J_M1	J	low	1	5595	4839	8.484669999710677	8.53817159780143
C038	Satellite Cells	Pre	trim95	4plus_vs_1	0.2	207	J_M1	J	high	1	6421	4666	8.448271745949816	8.670257567143075
C039	Satellite Cells	Pre	trim95	4plus_vs_1	0.3	208	J_M1	J	low	1	5595	4839	8.484669999710677	8.53817159780143
C039	Satellite Cells	Pre	trim95	4plus_vs_1	0.3	209	J_M1	J	high	1	6421	4666	8.448271745949816	8.670257567143075
C040	Satellite Cells	Pre	trim95	3plus_vs_1to2	none	210	I_M1	I	low	12	58288	33167	7.868714597363254	8.33828018332884
C040	Satellite Cells	Pre	trim95	3plus_vs_1to2	none	211	I_M1	I	high	1	6911	5703	8.648922962094131	8.71915396346254
C040	Satellite Cells	Pre	trim95	3plus_vs_1to2	none	212	J_M1	J	low	56	247842	145493	7.793461491892423	8.245702244599793
C040	Satellite Cells	Pre	trim95	3plus_vs_1to2	none	213	J_M1	J	high	2	12177	7378	8.177041029304373	8.618501268694281
C040	Satellite Cells	Pre	trim95	3plus_vs_1to2	none	214	N_M1	N	low	24	95615	67825	7.773175090026079	8.03542602069336
C040	Satellite Cells	Pre	trim95	3plus_vs_1to2	none	215	N_M1	N	high	2	18053	11296	8.589332013552461	8.873631701862983
C041	Satellite Cells	Pre	trim95	3plus_vs_1to2	0.1	216	J_M1	J	low	1	5663	2765	7.925157512224703	8.53895468319775
C041	Satellite Cells	Pre	trim95	3plus_vs_1to2	0.1	217	J_M1	J	high	1	5756	2712	7.905810312658931	8.566744970245486
C042	Satellite Cells	Pre	trim95	3plus_vs_1to2	0.2	218	J_M1	J	low	2	11258	7604	8.20491375596769	8.53856314049959
C042	Satellite Cells	Pre	trim95	3plus_vs_1to2	0.2	219	J_M1	J	high	2	12177	7378	8.177041029304373	8.618501268694281
C043	Satellite Cells	Pre	trim95	3plus_vs_1to2	0.3	220	J_M1	J	low	2	11258	7604	8.20491375596769	8.53856314049959
C043	Satellite Cells	Pre	trim95	3plus_vs_1to2	0.3	221	J_M1	J	high	2	12177	7378	8.177041029304373	8.618501268694281
C044	Satellite Cells	Pre	trim95	positive_q25	none	222	E_M1	E	low	6	43663	20449	8.118507127753864	8.710472227022429
C044	Satellite Cells	Pre	trim95	positive_q25	none	223	E_M1	E	high	6	43655	10052	7.413927148328997	8.68123071428339
C044	Satellite Cells	Pre	trim95	positive_q25	none	224	G_M1	G	low	1	6860	3779	8.237479288613633	8.696008608880904
C044	Satellite Cells	Pre	trim95	positive_q25	none	225	G_M1	G	high	1	21592	3117	8.044947049617722	9.647497926816836
C044	Satellite Cells	Pre	trim95	positive_q25	none	226	I_M1	I	low	4	13771	15198	8.2072961315095	8.040487453460633
C044	Satellite Cells	Pre	trim95	positive_q25	none	227	I_M1	I	high	4	22501	8265	7.607512996282635	8.47809471937768
C044	Satellite Cells	Pre	trim95	positive_q25	none	228	J_M1	J	low	15	72607	51567	8.129965019431532	8.331940831299198
C044	Satellite Cells	Pre	trim95	positive_q25	none	229	J_M1	J	high	15	65509	30037	7.527173272987687	8.21540625205994
C044	Satellite Cells	Pre	trim95	positive_q25	none	230	L_M1	L	low	1	21148	2541	7.8407064517494	9.591785974240127
C044	Satellite Cells	Pre	trim95	positive_q25	none	231	L_M1	L	high	1	12116	1865	7.531552381407289	9.13755460225053
C044	Satellite Cells	Pre	trim95	positive_q25	none	232	N_M1	N	low	7	31682	34377	8.465190506318038	8.143900239631472
C044	Satellite Cells	Pre	trim95	positive_q25	none	233	N_M1	N	high	7	29435	10864	7.175951124792341	7.881225292112775
C045	Satellite Cells	Pre	trim95	positive_q25	0.1	234	J_M1	J	low	2	11078	5812	7.9748768413918185	8.52766300527872
C045	Satellite Cells	Pre	trim95	positive_q25	0.1	235	J_M1	J	high	2	11065	5434	7.907649902666345	8.515163196106537
C046	Satellite Cells	Pre	trim95	positive_q25	0.2	236	J_M1	J	low	4	22992	13540	8.100858865900198	8.561960159480586
C046	Satellite Cells	Pre	trim95	positive_q25	0.2	237	J_M1	J	high	4	22172	12821	8.04317343362348	8.518130034528813
C047	Satellite Cells	Pre	trim95	positive_q25	0.3	238	I_M1	I	low	1	4954	2736	7.914617709040679	8.414938957377482
C047	Satellite Cells	Pre	trim95	positive_q25	0.3	239	I_M1	I	high	1	6825	2881	7.966239776559467	8.70996000607173
C047	Satellite Cells	Pre	trim95	positive_q25	0.3	240	J_M1	J	low	5	29155	16558	8.083223278661526	8.57348197919109
C047	Satellite Cells	Pre	trim95	positive_q25	0.3	241	J_M1	J	high	5	27785	15028	7.974507228378181	8.523271052095582
C048	Satellite Cells	Pre	trim95	positive_q33	none	242	E_M1	E	low	8	61323	25541	8.04951738085844	8.759415199868887
C048	Satellite Cells	Pre	trim95	positive_q33	none	243	E_M1	E	high	8	57277	13966	7.455365067019361	8.681014958276283
C048	Satellite Cells	Pre	trim95	positive_q33	none	244	G_M1	G	low	1	6860	3779	8.237479288613633	8.696008608880904
C048	Satellite Cells	Pre	trim95	positive_q33	none	245	G_M1	G	high	1	21592	3117	8.044947049617722	9.647497926816836
C048	Satellite Cells	Pre	trim95	positive_q33	none	246	I_M1	I	low	5	19990	17909	8.146925235019657	8.158172650973835
C048	Satellite Cells	Pre	trim95	positive_q33	none	247	I_M1	I	high	5	29412	13968	7.8157949894449334	8.526306568194652
C048	Satellite Cells	Pre	trim95	positive_q33	none	248	J_M1	J	low	20	90758	67471	8.10361841211289	8.257501048004375
C048	Satellite Cells	Pre	trim95	positive_q33	none	249	J_M1	J	high	20	91470	39970	7.533862352100653	8.272317631494309
C048	Satellite Cells	Pre	trim95	positive_q33	none	250	L_M1	L	low	1	21148	2541	7.8407064517494	9.591785974240127
C048	Satellite Cells	Pre	trim95	positive_q33	none	251	L_M1	L	high	1	12116	1865	7.531552381407289	9.13755460225053
C048	Satellite Cells	Pre	trim95	positive_q33	none	252	N_M1	N	low	9	41116	40310	8.36079249975791	8.177151894258255
C048	Satellite Cells	Pre	trim95	positive_q33	none	253	N_M1	N	high	9	40301	14060	7.220072063920485	7.9996675457850905
C049	Satellite Cells	Pre	trim95	positive_q33	0.1	254	I_M1	I	low	1	6219	2711	7.905441649060286	8.628913441026645
C049	Satellite Cells	Pre	trim95	positive_q33	0.1	255	I_M1	I	high	1	6825	2881	7.966239776559467	8.70996000607173
C049	Satellite Cells	Pre	trim95	positive_q33	0.1	256	J_M1	J	low	3	17135	8391	7.934853575689424	8.54780017705685
C049	Satellite Cells	Pre	trim95	positive_q33	0.1	257	J_M1	J	high	3	17130	8687	7.967646697703891	8.550626532984518
C050	Satellite Cells	Pre	trim95	positive_q33	0.2	258	I_M1	I	low	1	6219	2711	7.905441649060286	8.628913441026645
C050	Satellite Cells	Pre	trim95	positive_q33	0.2	259	I_M1	I	high	1	6825	2881	7.966239776559467	8.70996000607173
C050	Satellite Cells	Pre	trim95	positive_q33	0.2	260	J_M1	J	low	6	33808	19042	8.039830734927097	8.539483023254904
C050	Satellite Cells	Pre	trim95	positive_q33	0.2	261	J_M1	J	high	6	33850	18281	7.993362738278314	8.539651411203065
C051	Satellite Cells	Pre	trim95	positive_q33	0.3	262	E_M1	E	low	3	24911	7704	7.851119215536319	8.852460273834351
C051	Satellite Cells	Pre	trim95	positive_q33	0.3	263	E_M1	E	high	3	19879	5822	7.57123082330222	8.656227645064874
C051	Satellite Cells	Pre	trim95	positive_q33	0.3	264	I_M1	I	low	1	6219	2711	7.905441649060286	8.628913441026645
C051	Satellite Cells	Pre	trim95	positive_q33	0.3	265	I_M1	I	high	1	6825	2881	7.966239776559467	8.70996000607173
C051	Satellite Cells	Pre	trim95	positive_q33	0.3	266	J_M1	J	low	7	40127	21931	8.029713741524153	8.555891595584699
C051	Satellite Cells	Pre	trim95	positive_q33	0.3	267	J_M1	J	high	7	39163	20347	7.942004284193094	8.530283623937285
C052	Satellite Cells	Pre	trim95	detected_vs_zero	none	268	E_M1	E	low	209	1375209	427533	7.570599264006639	8.52875276775381
C052	Satellite Cells	Pre	trim95	detected_vs_zero	none	269	E_M1	E	high	23	178544	55241	7.741046309368282	8.76352868910478
C052	Satellite Cells	Pre	trim95	detected_vs_zero	none	270	G_M1	G	low	40	445234	113136	7.868887699807956	8.87852307570987
C052	Satellite Cells	Pre	trim95	detected_vs_zero	none	271	G_M1	G	high	3	48869	10538	8.160996378413307	9.311468126691969
C052	Satellite Cells	Pre	trim95	detected_vs_zero	none	272	I_M1	I	low	123	566011	249567	7.546395175678915	8.260799755253611
C052	Satellite Cells	Pre	trim95	detected_vs_zero	none	273	I_M1	I	high	13	65199	38870	7.928730625419475	8.367578166416045
C052	Satellite Cells	Pre	trim95	detected_vs_zero	none	274	J_M1	J	low	276	1256085	609047	7.639245016897044	8.277290641357679
C052	Satellite Cells	Pre	trim95	detected_vs_zero	none	275	J_M1	J	high	58	260019	152871	7.806688372492837	8.258557383361671
C052	Satellite Cells	Pre	trim95	detected_vs_zero	none	276	L_M1	L	low	9	136102	23813	7.8533504500833295	9.272911146677586
C052	Satellite Cells	Pre	trim95	detected_vs_zero	none	277	L_M1	L	high	2	33264	4406	7.6861294165783445	9.364670288245328
C052	Satellite Cells	Pre	trim95	detected_vs_zero	none	278	N_M1	N	low	117	601009	285962	7.663390368076022	8.326686532959151
C052	Satellite Cells	Pre	trim95	detected_vs_zero	none	279	N_M1	N	high	26	113668	79121	7.835956391835802	8.09990338078333
C053	Satellite Cells	Pre	trim95	detected_vs_zero	0.1	280	E_M1	E	low	21	167417	48171	7.707163787612184	8.782461034585234
C053	Satellite Cells	Pre	trim95	detected_vs_zero	0.1	281	E_M1	E	high	21	166651	47739	7.694483528537554	8.782618377158638
C053	Satellite Cells	Pre	trim95	detected_vs_zero	0.1	282	G_M1	G	low	3	47642	10619	8.17128440516374	9.274137554924003
C053	Satellite Cells	Pre	trim95	detected_vs_zero	0.1	283	G_M1	G	high	3	48869	10538	8.160996378413307	9.311468126691969
C053	Satellite Cells	Pre	trim95	detected_vs_zero	0.1	284	I_M1	I	low	9	48347	24930	7.858383854244028	8.451767087330497
C053	Satellite Cells	Pre	trim95	detected_vs_zero	0.1	285	I_M1	I	high	9	49415	24152	7.834834549042329	8.477816966593826
C053	Satellite Cells	Pre	trim95	detected_vs_zero	0.1	286	J_M1	J	low	51	245212	128893	7.771103005662096	8.348133754116224
C053	Satellite Cells	Pre	trim95	detected_vs_zero	0.1	287	J_M1	J	high	51	244111	129399	7.776173648857925	8.343751928134848
C053	Satellite Cells	Pre	trim95	detected_vs_zero	0.1	288	L_M1	L	low	1	21083	2397	7.7823903355874595	9.573802232603889
C053	Satellite Cells	Pre	trim95	detected_vs_zero	0.1	289	L_M1	L	high	1	21148	2541	7.8407064517494	9.591785974240127
C053	Satellite Cells	Pre	trim95	detected_vs_zero	0.1	290	N_M1	N	low	17	81836	48888	7.794456651807752	8.26502519923023
C053	Satellite Cells	Pre	trim95	detected_vs_zero	0.1	291	N_M1	N	high	17	81940	48466	7.78163130454317	8.278068402305072
C054	Satellite Cells	Pre	trim95	detected_vs_zero	0.2	292	E_M1	E	low	23	178906	54906	7.743123825037067	8.760205789062358
C054	Satellite Cells	Pre	trim95	detected_vs_zero	0.2	293	E_M1	E	high	23	178544	55241	7.741046309368281	8.76352868910478
C054	Satellite Cells	Pre	trim95	detected_vs_zero	0.2	294	G_M1	G	low	3	47642	10619	8.17128440516374	9.274137554924003
C054	Satellite Cells	Pre	trim95	detected_vs_zero	0.2	295	G_M1	G	high	3	48869	10538	8.160996378413307	9.311468126691969
C054	Satellite Cells	Pre	trim95	detected_vs_zero	0.2	296	I_M1	I	low	11	55292	30406	7.861437677077856	8.385264923851423
C054	Satellite Cells	Pre	trim95	detected_vs_zero	0.2	297	I_M1	I	high	11	55787	29229	7.83144481867165	8.39011380194728
C054	Satellite Cells	Pre	trim95	detected_vs_zero	0.2	298	J_M1	J	low	57	257525	146431	7.787618470930943	8.264510543955776
C054	Satellite Cells	Pre	trim95	detected_vs_zero	0.2	299	J_M1	J	high	57	257778	148191	7.795379974794464	8.268810093222724
C054	Satellite Cells	Pre	trim95	detected_vs_zero	0.2	300	L_M1	L	low	2	31005	4445	7.70374874191318	9.272434835667989
C054	Satellite Cells	Pre	trim95	detected_vs_zero	0.2	301	L_M1	L	high	2	33264	4406	7.6861294165783445	9.364670288245328
C054	Satellite Cells	Pre	trim95	detected_vs_zero	0.2	302	N_M1	N	low	23	104996	65058	7.802449168158362	8.174149280469338
C054	Satellite Cells	Pre	trim95	detected_vs_zero	0.2	303	N_M1	N	high	23	105557	65010	7.799586650705597	8.165552127136664
C055	Satellite Cells	Pre	trim95	detected_vs_zero	0.3	304	E_M1	E	low	23	178906	54906	7.743123825037067	8.760205789062358
C055	Satellite Cells	Pre	trim95	detected_vs_zero	0.3	305	E_M1	E	high	23	178544	55241	7.741046309368281	8.76352868910478
C055	Satellite Cells	Pre	trim95	detected_vs_zero	0.3	306	G_M1	G	low	3	47642	10619	8.17128440516374	9.274137554924003
C055	Satellite Cells	Pre	trim95	detected_vs_zero	0.3	307	G_M1	G	high	3	48869	10538	8.160996378413307	9.311468126691969
C055	Satellite Cells	Pre	trim95	detected_vs_zero	0.3	308	I_M1	I	low	12	58612	34282	7.894885948793944	8.355964382520982
C055	Satellite Cells	Pre	trim95	detected_vs_zero	0.3	309	I_M1	I	high	12	58288	33167	7.868714597363254	8.33828018332884
C055	Satellite Cells	Pre	trim95	detected_vs_zero	0.3	310	J_M1	J	low	58	260002	148898	7.788024417725674	8.255893475004322
C055	Satellite Cells	Pre	trim95	detected_vs_zero	0.3	311	J_M1	J	high	58	260019	152871	7.806688372492836	8.258557383361671
C055	Satellite Cells	Pre	trim95	detected_vs_zero	0.3	312	L_M1	L	low	2	31005	4445	7.70374874191318	9.272434835667989
C055	Satellite Cells	Pre	trim95	detected_vs_zero	0.3	313	L_M1	L	high	2	33264	4406	7.6861294165783445	9.364670288245328
C055	Satellite Cells	Pre	trim95	detected_vs_zero	0.3	314	N_M1	N	low	24	112685	70879	7.838572082997828	8.20095330715986
C055	Satellite Cells	Pre	trim95	detected_vs_zero	0.3	315	N_M1	N	high	24	111048	72399	7.845765665840457	8.180070291025439
C056	Satellite Cells	Post	author	2plus_vs_1	none	316	E_M2	E	low	22	188750	69803	7.922717317553034	8.730205738168642
C056	Satellite Cells	Post	author	2plus_vs_1	none	317	E_M2	E	high	8	85483	45507	8.322032875459904	8.912215895058315
C056	Satellite Cells	Post	author	2plus_vs_1	none	318	G_M2	G	low	16	173485	67236	8.071451987694584	8.880914828109423
C056	Satellite Cells	Post	author	2plus_vs_1	none	319	G_M2	G	high	11	114323	47104	8.185915968319541	8.77069631534764
C056	Satellite Cells	Post	author	2plus_vs_1	none	320	I_M2	I	low	9	42691	40193	8.105506044300817	8.162513628650501
C056	Satellite Cells	Post	author	2plus_vs_1	none	321	I_M2	I	high	5	25361	49711	9.068176036517652	8.233333621182373
C056	Satellite Cells	Post	author	2plus_vs_1	none	322	J_M2	J	low	9	74955	24839	7.886060046427845	8.683089033987658
C056	Satellite Cells	Post	author	2plus_vs_1	none	323	J_M2	J	high	2	28958	4435	7.698375310819685	9.343435455540469
C056	Satellite Cells	Post	author	2plus_vs_1	none	324	L_M2	L	low	3	29075	8892	7.87931608927888	8.902178727364612
C056	Satellite Cells	Post	author	2plus_vs_1	none	325	L_M2	L	high	2	29625	12426	8.656892324553557	9.236601700182334
C056	Satellite Cells	Post	author	2plus_vs_1	none	326	N_M2	N	low	6	91821	24130	8.18215029372778	9.244616513345028
C056	Satellite Cells	Post	author	2plus_vs_1	none	327	N_M2	N	high	1	15663	6929	8.84361509218395	9.354007721788596
C057	Satellite Cells	Post	author	2plus_vs_1	0.1	328	E_M2	E	low	2	28133	5706	7.884798381611061	9.315514187781513
C057	Satellite Cells	Post	author	2plus_vs_1	0.1	329	E_M2	E	high	2	26002	5614	7.888909543525976	9.243460296006093
C057	Satellite Cells	Post	author	2plus_vs_1	0.1	330	G_M2	G	low	1	15809	4990	8.515391569469609	9.41954725755152
C057	Satellite Cells	Post	author	2plus_vs_1	0.1	331	G_M2	G	high	1	15029	4742	8.464425125877582	9.435402082446297
C057	Satellite Cells	Post	author	2plus_vs_1	0.1	332	L_M2	L	low	1	8009	4127	8.325548307161398	8.746716349694486
C057	Satellite Cells	Post	author	2plus_vs_1	0.1	333	L_M2	L	high	1	8664	3856	8.257644958208228	8.827321452697849
C058	Satellite Cells	Post	author	2plus_vs_1	0.2	334	E_M2	E	low	5	61408	16638	7.998356600079395	9.182911253661205
C058	Satellite Cells	Post	author	2plus_vs_1	0.2	335	E_M2	E	high	5	61254	15521	7.9557324525749635	9.165956834332121
C058	Satellite Cells	Post	author	2plus_vs_1	0.2	336	G_M2	G	low	4	45838	15120	8.210446313787324	8.953449731434748
C058	Satellite Cells	Post	author	2plus_vs_1	0.2	337	G_M2	G	high	4	50550	14893	8.179578028121206	9.008879119152443
C058	Satellite Cells	Post	author	2plus_vs_1	0.2	338	J_M2	J	low	1	12637	2565	7.850103545175582	9.246672301223573
C058	Satellite Cells	Post	author	2plus_vs_1	0.2	339	J_M2	J	high	1	15386	2464	7.80994708647679	9.398644000447685
C058	Satellite Cells	Post	author	2plus_vs_1	0.2	340	L_M2	L	low	1	8009	4127	8.325548307161398	8.746716349694486
C058	Satellite Cells	Post	author	2plus_vs_1	0.2	341	L_M2	L	high	1	8664	3856	8.257644958208228	8.827321452697849
C059	Satellite Cells	Post	author	2plus_vs_1	0.3	342	E_M2	E	low	5	61408	16638	7.998356600079395	9.182911253661205
C059	Satellite Cells	Post	author	2plus_vs_1	0.3	343	E_M2	E	high	5	61254	15521	7.9557324525749635	9.165956834332121
C059	Satellite Cells	Post	author	2plus_vs_1	0.3	344	G_M2	G	low	5	70774	18897	8.215747060642151	9.115351848627629
C059	Satellite Cells	Post	author	2plus_vs_1	0.3	345	G_M2	G	high	5	68895	19784	8.209795453039094	9.09561981835429
C059	Satellite Cells	Post	author	2plus_vs_1	0.3	346	I_M2	I	low	2	19288	18942	8.94287702942253	8.751910587660628
C059	Satellite Cells	Post	author	2plus_vs_1	0.3	347	I_M2	I	high	2	15684	14787	8.73965029413434	8.547851302718971
C059	Satellite Cells	Post	author	2plus_vs_1	0.3	348	J_M2	J	low	2	25423	5230	7.869219022957118	9.251423044771464
C059	Satellite Cells	Post	author	2plus_vs_1	0.3	349	J_M2	J	high	2	28958	4435	7.698375310819685	9.343435455540469
C059	Satellite Cells	Post	author	2plus_vs_1	0.3	350	L_M2	L	low	1	8009	4127	8.325548307161398	8.746716349694486
C059	Satellite Cells	Post	author	2plus_vs_1	0.3	351	L_M2	L	high	1	8664	3856	8.257644958208228	8.827321452697849
C059	Satellite Cells	Post	author	2plus_vs_1	0.3	352	N_M2	N	low	1	20279	7383	8.907070776182689	9.568993358298544
C059	Satellite Cells	Post	author	2plus_vs_1	0.3	353	N_M2	N	high	1	15663	6929	8.84361509218395	9.354007721788596
C060	Satellite Cells	Post	author	3plus_vs_1	none	354	E_M2	E	low	22	188750	69803	7.922717317553034	8.730205738168642
C060	Satellite Cells	Post	author	3plus_vs_1	none	355	E_M2	E	high	2	23056	12023	8.452792089259626	9.086740595402823
C060	Satellite Cells	Post	author	3plus_vs_1	none	356	G_M2	G	low	16	173485	67236	8.071451987694584	8.880914828109423
C060	Satellite Cells	Post	author	3plus_vs_1	none	357	G_M2	G	high	4	35016	23112	8.527903554480057	8.45979505224283
C060	Satellite Cells	Post	author	3plus_vs_1	none	358	I_M2	I	low	9	42691	40193	8.105506044300817	8.162513628650501
C060	Satellite Cells	Post	author	3plus_vs_1	none	359	I_M2	I	high	2	16999	17494	9.03015290316423	8.762813207474172
C060	Satellite Cells	Post	author	3plus_vs_1	none	360	J_M2	J	low	9	74955	24839	7.886060046427845	8.683089033987658
C060	Satellite Cells	Post	author	3plus_vs_1	none	361	J_M2	J	high	1	13572	1971	7.586803535162581	9.288226910633254
C060	Satellite Cells	Post	author	3plus_vs_1	none	362	L_M2	L	low	3	29075	8892	7.87931608927888	8.902178727364612
C060	Satellite Cells	Post	author	3plus_vs_1	none	363	L_M2	L	high	2	29625	12426	8.656892324553557	9.236601700182334
C061	Satellite Cells	Post	author	3plus_vs_1	0.1	364	L_M2	L	low	1	8009	4127	8.325548307161398	8.746716349694486
C061	Satellite Cells	Post	author	3plus_vs_1	0.1	365	L_M2	L	high	1	8664	3856	8.257644958208228	8.827321452697849
C062	Satellite Cells	Post	author	3plus_vs_1	0.2	366	E_M2	E	low	1	8458	2417	7.790696031174738	8.869398159883518
C062	Satellite Cells	Post	author	3plus_vs_1	0.2	367	E_M2	E	high	1	6701	2247	7.717796211013582	8.685584842676693
C062	Satellite Cells	Post	author	3plus_vs_1	0.2	368	G_M2	G	low	2	23197	6505	8.065254147182447	8.855348469778004
C062	Satellite Cells	Post	author	3plus_vs_1	0.2	369	G_M2	G	high	2	29062	7005	8.099841044771416	8.969756869726254
C062	Satellite Cells	Post	author	3plus_vs_1	0.2	370	L_M2	L	low	1	8009	4127	8.325548307161398	8.746716349694486
C062	Satellite Cells	Post	author	3plus_vs_1	0.2	371	L_M2	L	high	1	8664	3856	8.257644958208228	8.827321452697849
C063	Satellite Cells	Post	author	3plus_vs_1	0.3	372	E_M2	E	low	1	8458	2417	7.790696031174738	8.869398159883518
C063	Satellite Cells	Post	author	3plus_vs_1	0.3	373	E_M2	E	high	1	6701	2247	7.717796211013582	8.685584842676693
C063	Satellite Cells	Post	author	3plus_vs_1	0.3	374	G_M2	G	low	2	28716	6351	8.045277430579645	8.950762527330392
C063	Satellite Cells	Post	author	3plus_vs_1	0.3	375	G_M2	G	high	2	29062	7005	8.099841044771416	8.969756869726254
C063	Satellite Cells	Post	author	3plus_vs_1	0.3	376	I_M2	I	low	1	16061	15052	9.619332585860503	9.480596490604585
C063	Satellite Cells	Post	author	3plus_vs_1	0.3	377	I_M2	I	high	1	13227	11352	9.337237305164534	9.3425083355536
C063	Satellite Cells	Post	author	3plus_vs_1	0.3	378	J_M2	J	low	1	12637	2565	7.850103545175582	9.246672301223573
C063	Satellite Cells	Post	author	3plus_vs_1	0.3	379	J_M2	J	high	1	13572	1971	7.586803535162581	9.288226910633254
C063	Satellite Cells	Post	author	3plus_vs_1	0.3	380	L_M2	L	low	1	8009	4127	8.325548307161398	8.746716349694486
C063	Satellite Cells	Post	author	3plus_vs_1	0.3	381	L_M2	L	high	1	8664	3856	8.257644958208228	8.827321452697849
C064	Satellite Cells	Post	author	4plus_vs_1	none	382	E_M2	E	low	22	188750	69803	7.922717317553034	8.730205738168642
C064	Satellite Cells	Post	author	4plus_vs_1	none	383	E_M2	E	high	1	16355	9776	9.18778796750567	9.487896348128954
C064	Satellite Cells	Post	author	4plus_vs_1	none	384	G_M2	G	low	16	173485	67236	8.071451987694584	8.880914828109423
C064	Satellite Cells	Post	author	4plus_vs_1	none	385	G_M2	G	high	1	2927	5874	8.67846133901236	7.933079771880415
C064	Satellite Cells	Post	author	4plus_vs_1	none	386	L_M2	L	low	3	29075	8892	7.87931608927888	8.902178727364612
C064	Satellite Cells	Post	author	4plus_vs_1	none	387	L_M2	L	high	2	29625	12426	8.656892324553557	9.236601700182334
C065	Satellite Cells	Post	author	4plus_vs_1	0.1	388	L_M2	L	low	1	8009	4127	8.325548307161398	8.746716349694486
C065	Satellite Cells	Post	author	4plus_vs_1	0.1	389	L_M2	L	high	1	8664	3856	8.257644958208228	8.827321452697849
C066	Satellite Cells	Post	author	4plus_vs_1	0.2	390	L_M2	L	low	1	8009	4127	8.325548307161398	8.746716349694486
C066	Satellite Cells	Post	author	4plus_vs_1	0.2	391	L_M2	L	high	1	8664	3856	8.257644958208228	8.827321452697849
C067	Satellite Cells	Post	author	4plus_vs_1	0.3	392	L_M2	L	low	1	8009	4127	8.325548307161398	8.746716349694486
C067	Satellite Cells	Post	author	4plus_vs_1	0.3	393	L_M2	L	high	1	8664	3856	8.257644958208228	8.827321452697849
C068	Satellite Cells	Post	author	3plus_vs_1to2	none	394	E_M2	E	low	28	251177	103287	7.998944993261671	8.756741864620393
C068	Satellite Cells	Post	author	3plus_vs_1to2	none	395	E_M2	E	high	2	23056	12023	8.452792089259626	9.086740595402823
C068	Satellite Cells	Post	author	3plus_vs_1to2	none	396	G_M2	G	low	23	252792	91228	8.04681274942209	8.901439848243632
C068	Satellite Cells	Post	author	3plus_vs_1to2	none	397	G_M2	G	high	4	35016	23112	8.527903554480057	8.45979505224283
C068	Satellite Cells	Post	author	3plus_vs_1to2	none	398	I_M2	I	low	12	51053	72410	8.352510731247262	8.091972029068168
C068	Satellite Cells	Post	author	3plus_vs_1to2	none	399	I_M2	I	high	2	16999	17494	9.03015290316423	8.762813207474172
C068	Satellite Cells	Post	author	3plus_vs_1to2	none	400	J_M2	J	low	10	90341	27303	7.8784487504327405	8.75464453063366
C068	Satellite Cells	Post	author	3plus_vs_1to2	none	401	J_M2	J	high	1	13572	1971	7.586803535162581	9.288226910633254
C068	Satellite Cells	Post	author	3plus_vs_1to2	none	402	L_M2	L	low	3	29075	8892	7.87931608927888	8.902178727364612
C068	Satellite Cells	Post	author	3plus_vs_1to2	none	403	L_M2	L	high	2	29625	12426	8.656892324553557	9.236601700182334
C069	Satellite Cells	Post	author	3plus_vs_1to2	0.1	404	L_M2	L	low	1	8009	4127	8.325548307161398	8.746716349694486
C069	Satellite Cells	Post	author	3plus_vs_1to2	0.1	405	L_M2	L	high	1	8664	3856	8.257644958208228	8.827321452697849
C070	Satellite Cells	Post	author	3plus_vs_1to2	0.2	406	E_M2	E	low	1	6151	2510	7.828436359157585	8.567886305731756
C070	Satellite Cells	Post	author	3plus_vs_1to2	0.2	407	E_M2	E	high	1	6701	2247	7.717796211013582	8.685584842676693
C070	Satellite Cells	Post	author	3plus_vs_1to2	0.2	408	G_M2	G	low	2	23197	6505	8.065254147182447	8.855348469778004
C070	Satellite Cells	Post	author	3plus_vs_1to2	0.2	409	G_M2	G	high	2	29062	7005	8.099841044771416	8.969756869726254
C070	Satellite Cells	Post	author	3plus_vs_1to2	0.2	410	L_M2	L	low	1	8009	4127	8.325548307161398	8.746716349694486
C070	Satellite Cells	Post	author	3plus_vs_1to2	0.2	411	L_M2	L	high	1	8664	3856	8.257644958208228	8.827321452697849
C071	Satellite Cells	Post	author	3plus_vs_1to2	0.3	412	E_M2	E	low	1	6151	2510	7.828436359157585	8.567886305731756
C071	Satellite Cells	Post	author	3plus_vs_1to2	0.3	413	E_M2	E	high	1	6701	2247	7.717796211013582	8.685584842676693
C071	Satellite Cells	Post	author	3plus_vs_1to2	0.3	414	G_M2	G	low	2	28716	6351	8.045277430579645	8.950762527330392
C071	Satellite Cells	Post	author	3plus_vs_1to2	0.3	415	G_M2	G	high	2	29062	7005	8.099841044771416	8.969756869726254
C071	Satellite Cells	Post	author	3plus_vs_1to2	0.3	416	I_M2	I	low	1	16061	15052	9.619332585860503	9.480596490604585
C071	Satellite Cells	Post	author	3plus_vs_1to2	0.3	417	I_M2	I	high	1	13227	11352	9.337237305164534	9.3425083355536
C071	Satellite Cells	Post	author	3plus_vs_1to2	0.3	418	J_M2	J	low	1	15386	2464	7.80994708647679	9.398644000447685
C071	Satellite Cells	Post	author	3plus_vs_1to2	0.3	419	J_M2	J	high	1	13572	1971	7.586803535162581	9.288226910633254
C071	Satellite Cells	Post	author	3plus_vs_1to2	0.3	420	L_M2	L	low	1	8009	4127	8.325548307161398	8.746716349694486
C071	Satellite Cells	Post	author	3plus_vs_1to2	0.3	421	L_M2	L	high	1	8664	3856	8.257644958208228	8.827321452697849
C072	Satellite Cells	Post	author	positive_q25	none	422	E_M2	E	low	8	63662	54706	8.660778342276593	8.515127623006602
C072	Satellite Cells	Post	author	positive_q25	none	423	E_M2	E	high	8	66670	14933	7.504215399869653	8.794410173867956
C072	Satellite Cells	Post	author	positive_q25	none	424	G_M2	G	low	7	104085	49365	8.715890763867385	9.211247177634194
C072	Satellite Cells	Post	author	positive_q25	none	425	G_M2	G	high	7	58858	18834	7.736330433217474	8.57365081247946
C072	Satellite Cells	Post	author	positive_q25	none	426	I_M2	I	low	4	27219	51742	9.433400077383894	8.467935249476973
C072	Satellite Cells	Post	author	positive_q25	none	427	I_M2	I	high	4	12771	12793	7.903588805813161	7.967794547776786
C072	Satellite Cells	Post	author	positive_q25	none	428	J_M2	J	low	3	26013	10827	8.174493733306383	8.830018747067031
C072	Satellite Cells	Post	author	positive_q25	none	429	J_M2	J	high	3	32844	6134	7.6117113838945585	8.95879767394301
C072	Satellite Cells	Post	author	positive_q25	none	430	L_M2	L	low	2	21985	7611	8.24088581517801	9.00719089414497
C072	Satellite Cells	Post	author	positive_q25	none	431	L_M2	L	high	2	15754	5137	7.706910797844422	8.759737923250874
C072	Satellite Cells	Post	author	positive_q25	none	432	N_M2	N	low	2	25082	12781	8.750519903200487	8.97815281443013
C072	Satellite Cells	Post	author	positive_q25	none	433	N_M2	N	high	2	39898	3897	7.573805553234105	9.551377421805562
C073	Satellite Cells	Post	author	positive_q25	0.1	434	L_M2	L	low	1	8009	4127	8.325548307161398	8.746716349694486
C073	Satellite Cells	Post	author	positive_q25	0.1	435	L_M2	L	high	1	8664	3856	8.257644958208228	8.827321452697849
C074	Satellite Cells	Post	author	positive_q25	0.2	436	L_M2	L	low	1	8009	4127	8.325548307161398	8.746716349694486
C074	Satellite Cells	Post	author	positive_q25	0.2	437	L_M2	L	high	1	8664	3856	8.257644958208228	8.827321452697849
C075	Satellite Cells	Post	author	positive_q25	0.3	438	G_M2	G	low	1	19417	3931	8.276903481267057	9.572132202294377
C075	Satellite Cells	Post	author	positive_q25	0.3	439	G_M2	G	high	1	20859	2938	7.985824666418917	9.595602772766828
C075	Satellite Cells	Post	author	positive_q25	0.3	440	L_M2	L	low	1	8009	4127	8.325548307161398	8.746716349694486
C075	Satellite Cells	Post	author	positive_q25	0.3	441	L_M2	L	high	1	8664	3856	8.257644958208228	8.827321452697849
C076	Satellite Cells	Post	author	positive_q33	none	442	E_M2	E	low	10	86815	61291	8.548537504821045	8.642083453622496
C076	Satellite Cells	Post	author	positive_q33	none	443	E_M2	E	high	10	89174	20526	7.580060752462134	8.8553397890751
C076	Satellite Cells	Post	author	positive_q33	none	444	G_M2	G	low	9	119627	66293	8.783774638734005	9.080855429546546
C076	Satellite Cells	Post	author	positive_q33	none	445	G_M2	G	high	9	90439	26676	7.8514663572904135	8.714449021152454
C076	Satellite Cells	Post	author	positive_q33	none	446	I_M2	I	low	5	30446	55632	9.200004356504024	8.378993136524912
C076	Satellite Cells	Post	author	positive_q33	none	447	I_M2	I	high	5	15371	15149	7.875900025237755	7.937357744628466
C076	Satellite Cells	Post	author	positive_q33	none	448	J_M2	J	low	4	39492	13648	8.117170583082977	8.939454026011191
C076	Satellite Cells	Post	author	positive_q33	none	449	J_M2	J	high	4	37081	8213	7.618814331094761	8.771289266912175
C076	Satellite Cells	Post	author	positive_q33	none	450	L_M2	L	low	2	21985	7611	8.24088581517801	9.00719089414497
C076	Satellite Cells	Post	author	positive_q33	none	451	L_M2	L	high	2	15754	5137	7.706910797844422	8.759737923250874
C076	Satellite Cells	Post	author	positive_q33	none	452	N_M2	N	low	3	37208	16692	8.590947945851894	9.026375134435648
C076	Satellite Cells	Post	author	positive_q33	none	453	N_M2	N	high	3	55561	10826	7.997075399550719	9.485587521799907
C077	Satellite Cells	Post	author	positive_q33	0.1	454	E_M2	E	low	1	15625	3896	8.26796230533871	9.423191133804961
C077	Satellite Cells	Post	author	positive_q33	0.1	455	E_M2	E	high	1	14243	3684	8.212025804623437	9.326611153641569
C077	Satellite Cells	Post	author	positive_q33	0.1	456	L_M2	L	low	1	8009	4127	8.325548307161398	8.746716349694486
C077	Satellite Cells	Post	author	positive_q33	0.1	457	L_M2	L	high	1	8664	3856	8.257644958208228	8.827321452697849
C078	Satellite Cells	Post	author	positive_q33	0.2	458	E_M2	E	low	1	15625	3896	8.26796230533871	9.423191133804961
C078	Satellite Cells	Post	author	positive_q33	0.2	459	E_M2	E	high	1	14243	3684	8.212025804623437	9.326611153641569
C078	Satellite Cells	Post	author	positive_q33	0.2	460	G_M2	G	low	2	26249	7556	8.236394436290926	9.12784346546292
C078	Satellite Cells	Post	author	positive_q33	0.2	461	G_M2	G	high	2	31581	7842	8.254442091545702	9.207242751507934
C078	Satellite Cells	Post	author	positive_q33	0.2	462	J_M2	J	low	1	13479	2821	7.945201132412759	9.267759862843668
C078	Satellite Cells	Post	author	positive_q33	0.2	463	J_M2	J	high	1	15386	2464	7.80994708647679	9.398644000447685
C078	Satellite Cells	Post	author	positive_q33	0.2	464	L_M2	L	low	1	8009	4127	8.325548307161398	8.746716349694486
C078	Satellite Cells	Post	author	positive_q33	0.2	465	L_M2	L	high	1	8664	3856	8.257644958208228	8.827321452697849
C079	Satellite Cells	Post	author	positive_q33	0.3	466	E_M2	E	low	1	15625	3896	8.26796230533871	9.423191133804961
C079	Satellite Cells	Post	author	positive_q33	0.3	467	E_M2	E	high	1	14243	3684	8.212025804623437	9.326611153641569
C079	Satellite Cells	Post	author	positive_q33	0.3	468	G_M2	G	low	3	51185	11333	8.236579640214437	9.339549082774996
C079	Satellite Cells	Post	author	positive_q33	0.3	469	G_M2	G	high	3	52440	10780	8.164902949836772	9.336696091927564
C079	Satellite Cells	Post	author	positive_q33	0.3	470	I_M2	I	low	1	3227	3890	8.266421472984554	8.02322468471667
C079	Satellite Cells	Post	author	positive_q33	0.3	471	I_M2	I	high	1	2457	3435	8.142063283104147	7.753194269884341
C079	Satellite Cells	Post	author	positive_q33	0.3	472	J_M2	J	low	1	13479	2821	7.945201132412759	9.267759862843668
C079	Satellite Cells	Post	author	positive_q33	0.3	473	J_M2	J	high	1	15386	2464	7.80994708647679	9.398644000447685
C079	Satellite Cells	Post	author	positive_q33	0.3	474	L_M2	L	low	1	8009	4127	8.325548307161398	8.746716349694486
C079	Satellite Cells	Post	author	positive_q33	0.3	475	L_M2	L	high	1	8664	3856	8.257644958208228	8.827321452697849
C079	Satellite Cells	Post	author	positive_q33	0.3	476	N_M2	N	low	1	20279	7383	8.907070776182689	9.568993358298544
C079	Satellite Cells	Post	author	positive_q33	0.3	477	N_M2	N	high	1	15663	6929	8.84361509218395	9.354007721788596
C080	Satellite Cells	Post	author	detected_vs_zero	none	478	E_M2	E	low	149	1303199	344795	7.6782933058428995	8.784627405445024
C080	Satellite Cells	Post	author	detected_vs_zero	none	479	E_M2	E	high	30	274233	115310	8.0292014663282	8.77874178000589
C080	Satellite Cells	Post	author	detected_vs_zero	none	480	G_M2	G	low	89	931603	228796	7.734971072005365	8.847011848082591
C080	Satellite Cells	Post	author	detected_vs_zero	none	481	G_M2	G	high	27	287808	114340	8.11808546128253	8.836010989576847
C080	Satellite Cells	Post	author	detected_vs_zero	none	482	I_M2	I	low	81	269509	192897	7.697954617135336	7.973216251399177
C080	Satellite Cells	Post	author	detected_vs_zero	none	483	I_M2	I	high	14	68052	89904	8.44931675580683	8.18780648312617
C080	Satellite Cells	Post	author	detected_vs_zero	none	484	J_M2	J	low	59	530803	171189	7.836916338284677	8.731344427769645
C080	Satellite Cells	Post	author	detected_vs_zero	none	485	J_M2	J	high	11	103913	29274	7.851935549044543	8.80315201972453
C080	Satellite Cells	Post	author	detected_vs_zero	none	486	L_M2	L	low	15	152971	36320	7.755174800841918	8.927066837917689
C080	Satellite Cells	Post	author	detected_vs_zero	none	487	L_M2	L	high	5	58700	21318	8.190346583388749	9.0359479164917
C080	Satellite Cells	Post	author	detected_vs_zero	none	488	N_M2	N	low	31	415635	97726	7.944398937383046	9.109032236125167
C080	Satellite Cells	Post	author	detected_vs_zero	none	489	N_M2	N	high	7	107484	31059	8.276645264935805	9.260243828836966
C081	Satellite Cells	Post	author	detected_vs_zero	0.1	490	E_M2	E	low	19	180920	45544	7.741811912477214	8.926837436568412
C081	Satellite Cells	Post	author	detected_vs_zero	0.1	491	E_M2	E	high	19	182645	45543	7.738678489904671	8.938534268025627
C081	Satellite Cells	Post	author	detected_vs_zero	0.1	492	G_M2	G	low	11	104497	25246	7.695846074660175	8.7851715376005
C081	Satellite Cells	Post	author	detected_vs_zero	0.1	493	G_M2	G	high	11	104565	25235	7.698422178464378	8.795698183423148
C081	Satellite Cells	Post	author	detected_vs_zero	0.1	494	I_M2	I	low	8	23714	20742	7.817848378321387	7.901604114001964
C081	Satellite Cells	Post	author	detected_vs_zero	0.1	495	I_M2	I	high	8	23834	20668	7.812066058178949	7.903990418863769
C081	Satellite Cells	Post	author	detected_vs_zero	0.1	496	J_M2	J	low	8	90047	22851	7.922069462040183	9.009505072740783
C081	Satellite Cells	Post	author	detected_vs_zero	0.1	497	J_M2	J	high	8	91546	22634	7.916644878956524	9.021149234308744
C081	Satellite Cells	Post	author	detected_vs_zero	0.1	498	L_M2	L	low	1	7801	3600	8.188966863648876	8.768885326134862
C081	Satellite Cells	Post	author	detected_vs_zero	0.1	499	L_M2	L	high	1	8664	3856	8.257644958208228	8.827321452697849
C081	Satellite Cells	Post	author	detected_vs_zero	0.1	500	N_M2	N	low	1	14715	3282	8.096512917501594	9.318207742845189
C081	Satellite Cells	Post	author	detected_vs_zero	0.1	501	N_M2	N	high	1	14715	3541	8.17244681834278	9.285818833152089
C082	Satellite Cells	Post	author	detected_vs_zero	0.2	502	E_M2	E	low	24	226839	63382	7.810137602432324	8.871127820220947
C082	Satellite Cells	Post	author	detected_vs_zero	0.2	503	E_M2	E	high	24	229973	63939	7.811979383301284	8.884962343872834
C082	Satellite Cells	Post	author	detected_vs_zero	0.2	504	G_M2	G	low	21	199725	67569	7.912282078134159	8.747851985924854
C082	Satellite Cells	Post	author	detected_vs_zero	0.2	505	G_M2	G	high	21	208043	69847	7.923336274115107	8.771885720642778
C082	Satellite Cells	Post	author	detected_vs_zero	0.2	506	I_M2	I	low	9	27981	26160	7.9044948446819125	7.944120523293069
C082	Satellite Cells	Post	author	detected_vs_zero	0.2	507	I_M2	I	high	9	27606	26810	7.913288551843946	7.935004603367211
C082	Satellite Cells	Post	author	detected_vs_zero	0.2	508	J_M2	J	low	10	98746	27476	7.885969986461684	8.855807187405068
C082	Satellite Cells	Post	author	detected_vs_zero	0.2	509	J_M2	J	high	10	100027	27575	7.893290750944567	8.864515010622176
C082	Satellite Cells	Post	author	detected_vs_zero	0.2	510	L_M2	L	low	2	24230	6846	8.13722681787586	9.098135345481692
C082	Satellite Cells	Post	author	detected_vs_zero	0.2	511	L_M2	L	high	2	21985	7611	8.24088581517801	9.00719089414497
C082	Satellite Cells	Post	author	detected_vs_zero	0.2	512	N_M2	N	low	4	69448	10572	7.842461853366119	9.42764089964654
C082	Satellite Cells	Post	author	detected_vs_zero	0.2	513	N_M2	N	high	4	66739	11349	7.897965488991424	9.377848362802474
C083	Satellite Cells	Post	author	detected_vs_zero	0.3	514	E_M2	E	low	26	235845	69529	7.827118966133061	8.825755755786263
C083	Satellite Cells	Post	author	detected_vs_zero	0.3	515	E_M2	E	high	26	238916	71730	7.847026163482045	8.837369732821005
C083	Satellite Cells	Post	author	detected_vs_zero	0.3	516	G_M2	G	low	24	240873	79030	7.950717709723865	8.806044202312501
C083	Satellite Cells	Post	author	detected_vs_zero	0.3	517	G_M2	G	high	24	247697	84015	7.985112930501072	8.811913622028626
C083	Satellite Cells	Post	author	detected_vs_zero	0.3	518	I_M2	I	low	9	27981	26160	7.9044948446819125	7.944120523293069
C083	Satellite Cells	Post	author	detected_vs_zero	0.3	519	I_M2	I	high	9	27606	26810	7.913288551843946	7.935004603367211
C083	Satellite Cells	Post	author	detected_vs_zero	0.3	520	J_M2	J	low	11	102511	29996	7.88110098107316	8.788099973840396
C083	Satellite Cells	Post	author	detected_vs_zero	0.3	521	J_M2	J	high	11	103913	29274	7.851935549044544	8.803152019724532
C083	Satellite Cells	Post	author	detected_vs_zero	0.3	522	L_M2	L	low	3	35352	10115	8.122332966547672	9.09315309242636
C083	Satellite Cells	Post	author	detected_vs_zero	0.3	523	L_M2	L	high	3	30649	11467	8.246472196188083	8.947234413662596
C083	Satellite Cells	Post	author	detected_vs_zero	0.3	524	N_M2	N	low	4	67309	12146	7.941023593185662	9.404113015116234
C083	Satellite Cells	Post	author	detected_vs_zero	0.3	525	N_M2	N	high	4	66739	11349	7.897965488991424	9.377848362802474
C084	Satellite Cells	Post	trim95	2plus_vs_1	none	526	E_M2	E	low	18	146090	44507	7.755775147010116	8.718134929241012
C084	Satellite Cells	Post	trim95	2plus_vs_1	none	527	E_M2	E	high	5	51614	12503	7.797867275138894	8.991402470070792
C084	Satellite Cells	Post	trim95	2plus_vs_1	none	528	G_M2	G	low	12	111458	30417	7.760014741507761	8.774261766232398
C084	Satellite Cells	Post	trim95	2plus_vs_1	none	529	G_M2	G	high	9	86174	32175	8.03965839734699	8.75079865809786
C084	Satellite Cells	Post	trim95	2plus_vs_1	none	530	I_M2	I	low	7	21377	17233	7.764923597475351	7.925532725860829
C084	Satellite Cells	Post	trim95	2plus_vs_1	none	531	I_M2	I	high	2	6229	9577	8.432565892134036	7.968156174639543
C084	Satellite Cells	Post	trim95	2plus_vs_1	none	532	J_M2	J	low	9	74955	24839	7.886060046427845	8.683089033987658
C084	Satellite Cells	Post	trim95	2plus_vs_1	none	533	J_M2	J	high	1	13572	1971	7.586803535162581	9.288226910633254
C084	Satellite Cells	Post	trim95	2plus_vs_1	none	534	L_M2	L	low	3	29075	8892	7.87931608927888	8.902178727364612
C084	Satellite Cells	Post	trim95	2plus_vs_1	none	535	L_M2	L	high	1	8664	3856	8.257644958208228	8.827321452697849
C084	Satellite Cells	Post	trim95	2plus_vs_1	none	536	N_M2	N	low	5	71542	16747	8.037166197236797	9.179741144354324
C084	Satellite Cells	Post	trim95	2plus_vs_1	none	537	N_M2	N	high	1	15663	6929	8.84361509218395	9.354007721788596
C085	Satellite Cells	Post	trim95	2plus_vs_1	0.1	538	E_M2	E	low	1	12508	1810	7.501634457883413	9.207837241758064
C085	Satellite Cells	Post	trim95	2plus_vs_1	0.1	539	E_M2	E	high	1	11759	1930	7.565793282428515	9.160309438370618
C085	Satellite Cells	Post	trim95	2plus_vs_1	0.1	540	G_M2	G	low	1	15809	4990	8.515391569469609	9.41954725755152
C085	Satellite Cells	Post	trim95	2plus_vs_1	0.1	541	G_M2	G	high	1	15029	4742	8.464425125877582	9.435402082446297
C085	Satellite Cells	Post	trim95	2plus_vs_1	0.1	542	L_M2	L	low	1	8009	4127	8.325548307161398	8.746716349694486
C085	Satellite Cells	Post	trim95	2plus_vs_1	0.1	543	L_M2	L	high	1	8664	3856	8.257644958208228	8.827321452697849
C086	Satellite Cells	Post	trim95	2plus_vs_1	0.2	544	E_M2	E	low	4	44508	9613	7.761987888368321	9.103092309391045
C086	Satellite Cells	Post	trim95	2plus_vs_1	0.2	545	E_M2	E	high	4	45463	9993	7.790225004134221	9.097281511155554
C086	Satellite Cells	Post	trim95	2plus_vs_1	0.2	546	G_M2	G	low	3	26421	11189	8.188293924627414	8.747222241148206
C086	Satellite Cells	Post	trim95	2plus_vs_1	0.2	547	G_M2	G	high	3	25428	10197	8.087877608819277	8.760543876101623
C086	Satellite Cells	Post	trim95	2plus_vs_1	0.2	548	L_M2	L	low	1	8009	4127	8.325548307161398	8.746716349694486
C086	Satellite Cells	Post	trim95	2plus_vs_1	0.2	549	L_M2	L	high	1	8664	3856	8.257644958208228	8.827321452697849
C087	Satellite Cells	Post	trim95	2plus_vs_1	0.3	550	E_M2	E	low	4	44508	9613	7.761987888368321	9.103092309391045
C087	Satellite Cells	Post	trim95	2plus_vs_1	0.3	551	E_M2	E	high	4	45463	9993	7.790225004134221	9.097281511155554
C087	Satellite Cells	Post	trim95	2plus_vs_1	0.3	552	G_M2	G	low	4	45838	15120	8.210446313787324	8.953449731434748
C087	Satellite Cells	Post	trim95	2plus_vs_1	0.3	553	G_M2	G	high	4	43773	15088	8.148574494792118	8.931053560866639
C087	Satellite Cells	Post	trim95	2plus_vs_1	0.3	554	I_M2	I	low	1	3227	3890	8.266421472984554	8.02322468471667
C087	Satellite Cells	Post	trim95	2plus_vs_1	0.3	555	I_M2	I	high	1	2457	3435	8.142063283104147	7.753194269884341
C087	Satellite Cells	Post	trim95	2plus_vs_1	0.3	556	J_M2	J	low	1	12637	2565	7.850103545175582	9.246672301223573
C087	Satellite Cells	Post	trim95	2plus_vs_1	0.3	557	J_M2	J	high	1	13572	1971	7.586803535162581	9.288226910633254
C087	Satellite Cells	Post	trim95	2plus_vs_1	0.3	558	L_M2	L	low	1	8009	4127	8.325548307161398	8.746716349694486
C087	Satellite Cells	Post	trim95	2plus_vs_1	0.3	559	L_M2	L	high	1	8664	3856	8.257644958208228	8.827321452697849
C088	Satellite Cells	Post	trim95	3plus_vs_1	none	560	E_M2	E	low	18	146090	44507	7.755775147010116	8.718134929241012
C088	Satellite Cells	Post	trim95	3plus_vs_1	none	561	E_M2	E	high	1	6701	2247	7.717796211013582	8.685584842676693
C088	Satellite Cells	Post	trim95	3plus_vs_1	none	562	G_M2	G	low	12	111458	30417	7.760014741507761	8.774261766232398
C088	Satellite Cells	Post	trim95	3plus_vs_1	none	563	G_M2	G	high	2	6867	8183	8.2117320712641	8.059354331514012
C088	Satellite Cells	Post	trim95	3plus_vs_1	none	564	I_M2	I	low	7	21377	17233	7.764923597475351	7.925532725860829
C088	Satellite Cells	Post	trim95	3plus_vs_1	none	565	I_M2	I	high	1	3772	6142	8.723068501163928	8.183118079394745
C088	Satellite Cells	Post	trim95	3plus_vs_1	none	566	J_M2	J	low	9	74955	24839	7.886060046427845	8.683089033987658
C088	Satellite Cells	Post	trim95	3plus_vs_1	none	567	J_M2	J	high	1	13572	1971	7.586803535162581	9.288226910633254
C088	Satellite Cells	Post	trim95	3plus_vs_1	none	568	L_M2	L	low	3	29075	8892	7.87931608927888	8.902178727364612
C088	Satellite Cells	Post	trim95	3plus_vs_1	none	569	L_M2	L	high	1	8664	3856	8.257644958208228	8.827321452697849
C089	Satellite Cells	Post	trim95	3plus_vs_1	0.1	570	L_M2	L	low	1	8009	4127	8.325548307161398	8.746716349694486
C089	Satellite Cells	Post	trim95	3plus_vs_1	0.1	571	L_M2	L	high	1	8664	3856	8.257644958208228	8.827321452697849
C090	Satellite Cells	Post	trim95	3plus_vs_1	0.2	572	E_M2	E	low	1	8458	2417	7.790696031174738	8.869398159883518
C090	Satellite Cells	Post	trim95	3plus_vs_1	0.2	573	E_M2	E	high	1	6701	2247	7.717796211013582	8.685584842676693
C090	Satellite Cells	Post	trim95	3plus_vs_1	0.2	574	G_M2	G	low	1	3780	2574	7.853604813097837	8.138564737261632
C090	Satellite Cells	Post	trim95	3plus_vs_1	0.2	575	G_M2	G	high	1	3940	2309	7.745002803515839	8.185628891147607
C090	Satellite Cells	Post	trim95	3plus_vs_1	0.2	576	L_M2	L	low	1	8009	4127	8.325548307161398	8.746716349694486
C090	Satellite Cells	Post	trim95	3plus_vs_1	0.2	577	L_M2	L	high	1	8664	3856	8.257644958208228	8.827321452697849
C091	Satellite Cells	Post	trim95	3plus_vs_1	0.3	578	E_M2	E	low	1	8458	2417	7.790696031174738	8.869398159883518
C091	Satellite Cells	Post	trim95	3plus_vs_1	0.3	579	E_M2	E	high	1	6701	2247	7.717796211013582	8.685584842676693
C091	Satellite Cells	Post	trim95	3plus_vs_1	0.3	580	G_M2	G	low	1	3780	2574	7.853604813097837	8.138564737261632
C091	Satellite Cells	Post	trim95	3plus_vs_1	0.3	581	G_M2	G	high	1	3940	2309	7.745002803515839	8.185628891147607
C091	Satellite Cells	Post	trim95	3plus_vs_1	0.3	582	J_M2	J	low	1	12637	2565	7.850103545175582	9.246672301223573
C091	Satellite Cells	Post	trim95	3plus_vs_1	0.3	583	J_M2	J	high	1	13572	1971	7.586803535162581	9.288226910633254
C091	Satellite Cells	Post	trim95	3plus_vs_1	0.3	584	L_M2	L	low	1	8009	4127	8.325548307161398	8.746716349694486
C091	Satellite Cells	Post	trim95	3plus_vs_1	0.3	585	L_M2	L	high	1	8664	3856	8.257644958208228	8.827321452697849
C092	Satellite Cells	Post	trim95	4plus_vs_1	none	586	G_M2	G	low	12	111458	30417	7.760014741507761	8.774261766232398
C092	Satellite Cells	Post	trim95	4plus_vs_1	none	587	G_M2	G	high	1	2927	5874	8.67846133901236	7.933079771880415
C092	Satellite Cells	Post	trim95	4plus_vs_1	none	588	L_M2	L	low	3	29075	8892	7.87931608927888	8.902178727364612
C092	Satellite Cells	Post	trim95	4plus_vs_1	none	589	L_M2	L	high	1	8664	3856	8.257644958208228	8.827321452697849
C093	Satellite Cells	Post	trim95	4plus_vs_1	0.1	590	L_M2	L	low	1	8009	4127	8.325548307161398	8.746716349694486
C093	Satellite Cells	Post	trim95	4plus_vs_1	0.1	591	L_M2	L	high	1	8664	3856	8.257644958208228	8.827321452697849
C094	Satellite Cells	Post	trim95	4plus_vs_1	0.2	592	L_M2	L	low	1	8009	4127	8.325548307161398	8.746716349694486
C094	Satellite Cells	Post	trim95	4plus_vs_1	0.2	593	L_M2	L	high	1	8664	3856	8.257644958208228	8.827321452697849
C095	Satellite Cells	Post	trim95	4plus_vs_1	0.3	594	L_M2	L	low	1	8009	4127	8.325548307161398	8.746716349694486
C095	Satellite Cells	Post	trim95	4plus_vs_1	0.3	595	L_M2	L	high	1	8664	3856	8.257644958208228	8.827321452697849
C096	Satellite Cells	Post	trim95	3plus_vs_1to2	none	596	E_M2	E	low	22	191003	54763	7.767067855039227	8.781720737909795
C096	Satellite Cells	Post	trim95	3plus_vs_1to2	none	597	E_M2	E	high	1	6701	2247	7.717796211013582	8.685584842676693
C096	Satellite Cells	Post	trim95	3plus_vs_1to2	none	598	G_M2	G	low	19	190765	54409	7.844928333246727	8.83840107656008
C096	Satellite Cells	Post	trim95	3plus_vs_1to2	none	599	G_M2	G	high	2	6867	8183	8.2117320712641	8.059354331514012
C096	Satellite Cells	Post	trim95	3plus_vs_1to2	none	600	I_M2	I	low	8	23834	20668	7.81206605817895	7.903990418863769
C096	Satellite Cells	Post	trim95	3plus_vs_1to2	none	601	I_M2	I	high	1	3772	6142	8.723068501163928	8.183118079394745
C096	Satellite Cells	Post	trim95	3plus_vs_1to2	none	602	J_M2	J	low	9	74955	24839	7.886060046427845	8.683089033987658
C096	Satellite Cells	Post	trim95	3plus_vs_1to2	none	603	J_M2	J	high	1	13572	1971	7.586803535162581	9.288226910633254
C096	Satellite Cells	Post	trim95	3plus_vs_1to2	none	604	L_M2	L	low	3	29075	8892	7.87931608927888	8.902178727364612
C096	Satellite Cells	Post	trim95	3plus_vs_1to2	none	605	L_M2	L	high	1	8664	3856	8.257644958208228	8.827321452697849
C097	Satellite Cells	Post	trim95	3plus_vs_1to2	0.1	606	L_M2	L	low	1	8009	4127	8.325548307161398	8.746716349694486
C097	Satellite Cells	Post	trim95	3plus_vs_1to2	0.1	607	L_M2	L	high	1	8664	3856	8.257644958208228	8.827321452697849
C098	Satellite Cells	Post	trim95	3plus_vs_1to2	0.2	608	E_M2	E	low	1	6151	2510	7.828436359157585	8.567886305731756
C098	Satellite Cells	Post	trim95	3plus_vs_1to2	0.2	609	E_M2	E	high	1	6701	2247	7.717796211013582	8.685584842676693
C098	Satellite Cells	Post	trim95	3plus_vs_1to2	0.2	610	G_M2	G	low	1	3780	2574	7.853604813097837	8.138564737261632
C098	Satellite Cells	Post	trim95	3plus_vs_1to2	0.2	611	G_M2	G	high	1	3940	2309	7.745002803515839	8.185628891147607
C098	Satellite Cells	Post	trim95	3plus_vs_1to2	0.2	612	L_M2	L	low	1	8009	4127	8.325548307161398	8.746716349694486
C098	Satellite Cells	Post	trim95	3plus_vs_1to2	0.2	613	L_M2	L	high	1	8664	3856	8.257644958208228	8.827321452697849
C099	Satellite Cells	Post	trim95	3plus_vs_1to2	0.3	614	E_M2	E	low	1	6151	2510	7.828436359157585	8.567886305731756
C099	Satellite Cells	Post	trim95	3plus_vs_1to2	0.3	615	E_M2	E	high	1	6701	2247	7.717796211013582	8.685584842676693
C099	Satellite Cells	Post	trim95	3plus_vs_1to2	0.3	616	G_M2	G	low	1	3780	2574	7.853604813097837	8.138564737261632
C099	Satellite Cells	Post	trim95	3plus_vs_1to2	0.3	617	G_M2	G	high	1	3940	2309	7.745002803515839	8.185628891147607
C099	Satellite Cells	Post	trim95	3plus_vs_1to2	0.3	618	J_M2	J	low	1	12637	2565	7.850103545175582	9.246672301223573
C099	Satellite Cells	Post	trim95	3plus_vs_1to2	0.3	619	J_M2	J	high	1	13572	1971	7.586803535162581	9.288226910633254
C099	Satellite Cells	Post	trim95	3plus_vs_1to2	0.3	620	L_M2	L	low	1	8009	4127	8.325548307161398	8.746716349694486
C099	Satellite Cells	Post	trim95	3plus_vs_1to2	0.3	621	L_M2	L	high	1	8664	3856	8.257644958208228	8.827321452697849
C100	Satellite Cells	Post	trim95	positive_q25	none	622	E_M2	E	low	6	55226	21083	8.156934780285349	8.853308211647642
C100	Satellite Cells	Post	trim95	positive_q25	none	623	E_M2	E	high	6	49408	11475	7.520694069752369	8.80005463135781
C100	Satellite Cells	Post	trim95	positive_q25	none	624	G_M2	G	low	6	62831	24474	8.256188711515726	8.903540757368557
C100	Satellite Cells	Post	trim95	positive_q25	none	625	G_M2	G	high	6	37999	15896	7.694748061017234	8.403325485764897
C100	Satellite Cells	Post	trim95	positive_q25	none	626	I_M2	I	low	3	10373	9299	8.024136521073281	8.080172981908705
C100	Satellite Cells	Post	trim95	positive_q25	none	627	I_M2	I	high	3	8999	6651	7.630428907362905	7.8960200372374665
C100	Satellite Cells	Post	trim95	positive_q25	none	628	J_M2	J	low	3	26013	10827	8.174493733306383	8.830018747067031
C100	Satellite Cells	Post	trim95	positive_q25	none	629	J_M2	J	high	3	21695	5749	7.555103412634085	8.562171022400337
C100	Satellite Cells	Post	trim95	positive_q25	none	630	L_M2	L	low	1	8009	4127	8.325548307161398	8.746716349694486
C100	Satellite Cells	Post	trim95	positive_q25	none	631	L_M2	L	high	1	8664	3856	8.257644958208228	8.827321452697849
C100	Satellite Cells	Post	trim95	positive_q25	none	632	N_M2	N	low	2	16929	9309	8.432886530686499	8.755066022504202
C100	Satellite Cells	Post	trim95	positive_q25	none	633	N_M2	N	high	2	39898	3897	7.573805553234105	9.551377421805562
C101	Satellite Cells	Post	trim95	positive_q25	0.1	634	L_M2	L	low	1	8009	4127	8.325548307161398	8.746716349694486
C101	Satellite Cells	Post	trim95	positive_q25	0.1	635	L_M2	L	high	1	8664	3856	8.257644958208228	8.827321452697849
C102	Satellite Cells	Post	trim95	positive_q25	0.2	636	G_M2	G	low	1	3780	2574	7.853604813097837	8.138564737261632
C102	Satellite Cells	Post	trim95	positive_q25	0.2	637	G_M2	G	high	1	3940	2309	7.745002803515839	8.185628891147607
C102	Satellite Cells	Post	trim95	positive_q25	0.2	638	L_M2	L	low	1	8009	4127	8.325548307161398	8.746716349694486
C102	Satellite Cells	Post	trim95	positive_q25	0.2	639	L_M2	L	high	1	8664	3856	8.257644958208228	8.827321452697849
C103	Satellite Cells	Post	trim95	positive_q25	0.3	640	E_M2	E	low	1	12794	2788	7.933438387627489	9.249272581977971
C103	Satellite Cells	Post	trim95	positive_q25	0.3	641	E_M2	E	high	1	12760	2132	7.665284718471351	9.216620609933333
C103	Satellite Cells	Post	trim95	positive_q25	0.3	642	G_M2	G	low	1	3780	2574	7.853604813097837	8.138564737261632
C103	Satellite Cells	Post	trim95	positive_q25	0.3	643	G_M2	G	high	1	3940	2309	7.745002803515839	8.185628891147607
C103	Satellite Cells	Post	trim95	positive_q25	0.3	644	I_M2	I	low	1	3227	3890	8.266421472984554	8.02322468471667
C103	Satellite Cells	Post	trim95	positive_q25	0.3	645	I_M2	I	high	1	2457	3435	8.142063283104147	7.753194269884341
C103	Satellite Cells	Post	trim95	positive_q25	0.3	646	L_M2	L	low	1	8009	4127	8.325548307161398	8.746716349694486
C103	Satellite Cells	Post	trim95	positive_q25	0.3	647	L_M2	L	high	1	8664	3856	8.257644958208228	8.827321452697849
C104	Satellite Cells	Post	trim95	positive_q33	none	648	E_M2	E	low	8	74635	26068	8.07294708874959	8.886861716328863
C104	Satellite Cells	Post	trim95	positive_q33	none	649	E_M2	E	high	8	66670	14933	7.504215399869653	8.794410173867956
C104	Satellite Cells	Post	trim95	positive_q33	none	650	G_M2	G	low	7	77860	29216	8.285936770710277	8.979520946665378
C104	Satellite Cells	Post	trim95	positive_q33	none	651	G_M2	G	high	7	58858	18834	7.736330433217474	8.57365081247946
C104	Satellite Cells	Post	trim95	positive_q33	none	652	I_M2	I	low	3	10373	9299	8.024136521073281	8.080172981908705
C104	Satellite Cells	Post	trim95	positive_q33	none	653	I_M2	I	high	3	8999	6651	7.630428907362905	7.8960200372374665
C104	Satellite Cells	Post	trim95	positive_q33	none	654	J_M2	J	low	4	39492	13648	8.117170583082977	8.939454026011191
C104	Satellite Cells	Post	trim95	positive_q33	none	655	J_M2	J	high	4	23612	7932	7.588555893691762	8.293841505733619
C104	Satellite Cells	Post	trim95	positive_q33	none	656	L_M2	L	low	2	21985	7611	8.24088581517801	9.00719089414497
C104	Satellite Cells	Post	trim95	positive_q33	none	657	L_M2	L	high	2	15754	5137	7.706910797844422	8.759737923250874
C104	Satellite Cells	Post	trim95	positive_q33	none	658	N_M2	N	low	2	16929	9309	8.432886530686499	8.755066022504202
C104	Satellite Cells	Post	trim95	positive_q33	none	659	N_M2	N	high	2	39898	3897	7.573805553234105	9.551377421805562
C105	Satellite Cells	Post	trim95	positive_q33	0.1	660	L_M2	L	low	1	8009	4127	8.325548307161398	8.746716349694486
C105	Satellite Cells	Post	trim95	positive_q33	0.1	661	L_M2	L	high	1	8664	3856	8.257644958208228	8.827321452697849
C106	Satellite Cells	Post	trim95	positive_q33	0.2	662	E_M2	E	low	2	19409	4985	7.820984014142311	8.987522230372518
C106	Satellite Cells	Post	trim95	positive_q33	0.2	663	E_M2	E	high	2	19461	4379	7.6915404647424666	8.951102726305013
C106	Satellite Cells	Post	trim95	positive_q33	0.2	664	G_M2	G	low	1	3780	2574	7.853604813097837	8.138564737261632
C106	Satellite Cells	Post	trim95	positive_q33	0.2	665	G_M2	G	high	1	3940	2309	7.745002803515839	8.185628891147607
C106	Satellite Cells	Post	trim95	positive_q33	0.2	666	L_M2	L	low	1	8009	4127	8.325548307161398	8.746716349694486
C106	Satellite Cells	Post	trim95	positive_q33	0.2	667	L_M2	L	high	1	8664	3856	8.257644958208228	8.827321452697849
C107	Satellite Cells	Post	trim95	positive_q33	0.3	668	E_M2	E	low	3	32203	7773	7.858468805304038	9.074772347574337
C107	Satellite Cells	Post	trim95	positive_q33	0.3	669	E_M2	E	high	3	31220	6309	7.649624737304483	9.020838296993547
C107	Satellite Cells	Post	trim95	positive_q33	0.3	670	G_M2	G	low	2	23197	6505	8.065254147182447	8.855348469778004
C107	Satellite Cells	Post	trim95	positive_q33	0.3	671	G_M2	G	high	2	24799	5247	7.865413734967378	8.890615831957216
C107	Satellite Cells	Post	trim95	positive_q33	0.3	672	I_M2	I	low	1	3227	3890	8.266421472984554	8.02322468471667
C107	Satellite Cells	Post	trim95	positive_q33	0.3	673	I_M2	I	high	1	2457	3435	8.142063283104147	7.753194269884341
C107	Satellite Cells	Post	trim95	positive_q33	0.3	674	L_M2	L	low	1	8009	4127	8.325548307161398	8.746716349694486
C107	Satellite Cells	Post	trim95	positive_q33	0.3	675	L_M2	L	high	1	8664	3856	8.257644958208228	8.827321452697849
C108	Satellite Cells	Post	trim95	detected_vs_zero	none	676	E_M2	E	low	142	1210359	317499	7.6557513237664825	8.768127645468507
C108	Satellite Cells	Post	trim95	detected_vs_zero	none	677	E_M2	E	high	23	197704	57010	7.764925609646807	8.777540916377921
C108	Satellite Cells	Post	trim95	detected_vs_zero	none	678	G_M2	G	low	85	853754	204682	7.70262521820032	8.822764220684762
C108	Satellite Cells	Post	trim95	detected_vs_zero	none	679	G_M2	G	high	21	197632	62592	7.879862022581715	8.764206148460454
C108	Satellite Cells	Post	trim95	detected_vs_zero	none	680	I_M2	I	low	78	248295	180072	7.673069507157475	7.942739406472781
C108	Satellite Cells	Post	trim95	detected_vs_zero	none	681	I_M2	I	high	9	27606	26810	7.913288551843946	7.935004603367211
C108	Satellite Cells	Post	trim95	detected_vs_zero	none	682	J_M2	J	low	53	460101	133851	7.765016689802239	8.706004040969182
C108	Satellite Cells	Post	trim95	detected_vs_zero	none	683	J_M2	J	high	10	88527	26810	7.85613439530132	8.743602821652217
C108	Satellite Cells	Post	trim95	detected_vs_zero	none	684	L_M2	L	low	15	152971	36320	7.755174800841918	8.927066837917689
C108	Satellite Cells	Post	trim95	detected_vs_zero	none	685	L_M2	L	high	4	37739	12748	7.973898306511217	8.883464408697922
C108	Satellite Cells	Post	trim95	detected_vs_zero	none	686	N_M2	N	low	28	361517	78874	7.890625732385225	9.076043041665704
C108	Satellite Cells	Post	trim95	detected_vs_zero	none	687	N_M2	N	high	6	87205	23676	8.171574346394657	9.208785573926702
C109	Satellite Cells	Post	trim95	detected_vs_zero	0.1	688	E_M2	E	low	19	180920	45544	7.741811912477214	8.926837436568412
C109	Satellite Cells	Post	trim95	detected_vs_zero	0.1	689	E_M2	E	high	19	182645	45543	7.738678489904671	8.938534268025627
C109	Satellite Cells	Post	trim95	detected_vs_zero	0.1	690	G_M2	G	low	11	104497	25246	7.695846074660175	8.7851715376005
C109	Satellite Cells	Post	trim95	detected_vs_zero	0.1	691	G_M2	G	high	11	104565	25235	7.698422178464378	8.795698183423148
C109	Satellite Cells	Post	trim95	detected_vs_zero	0.1	692	I_M2	I	low	8	23714	20742	7.817848378321387	7.901604114001964
C109	Satellite Cells	Post	trim95	detected_vs_zero	0.1	693	I_M2	I	high	8	23834	20668	7.812066058178949	7.903990418863769
C109	Satellite Cells	Post	trim95	detected_vs_zero	0.1	694	J_M2	J	low	7	73775	20195	7.927371821508805	8.947741677472036
C109	Satellite Cells	Post	trim95	detected_vs_zero	0.1	695	J_M2	J	high	7	76160	20170	7.9318874207393435	8.967221410574608
C109	Satellite Cells	Post	trim95	detected_vs_zero	0.1	696	L_M2	L	low	1	7801	3600	8.188966863648876	8.768885326134862
C109	Satellite Cells	Post	trim95	detected_vs_zero	0.1	697	L_M2	L	high	1	8664	3856	8.257644958208228	8.827321452697849
C109	Satellite Cells	Post	trim95	detected_vs_zero	0.1	698	N_M2	N	low	1	14715	3282	8.096512917501594	9.318207742845189
C109	Satellite Cells	Post	trim95	detected_vs_zero	0.1	699	N_M2	N	high	1	14715	3541	8.17244681834278	9.285818833152089
C110	Satellite Cells	Post	trim95	detected_vs_zero	0.2	700	E_M2	E	low	21	186299	49241	7.720930783403499	8.813186945215133
C110	Satellite Cells	Post	trim95	detected_vs_zero	0.2	701	E_M2	E	high	21	188761	49219	7.717053046217818	8.826234489347339
C110	Satellite Cells	Post	trim95	detected_vs_zero	0.2	702	G_M2	G	low	19	173376	51215	7.803329309581314	8.728105997982318
C110	Satellite Cells	Post	trim95	detected_vs_zero	0.2	703	G_M2	G	high	19	178285	52272	7.81431323530168	8.741178550747208
C110	Satellite Cells	Post	trim95	detected_vs_zero	0.2	704	I_M2	I	low	9	27981	26160	7.9044948446819125	7.944120523293069
C110	Satellite Cells	Post	trim95	detected_vs_zero	0.2	705	I_M2	I	high	9	27606	26810	7.913288551843946	7.935004603367211
C110	Satellite Cells	Post	trim95	detected_vs_zero	0.2	706	J_M2	J	low	9	82474	24820	7.8860829909841135	8.79069144826985
C110	Satellite Cells	Post	trim95	detected_vs_zero	0.2	707	J_M2	J	high	9	84641	25111	7.902551158107652	8.805167345086009
C110	Satellite Cells	Post	trim95	detected_vs_zero	0.2	708	L_M2	L	low	2	24230	6846	8.13722681787586	9.098135345481692
C110	Satellite Cells	Post	trim95	detected_vs_zero	0.2	709	L_M2	L	high	2	21985	7611	8.24088581517801	9.00719089414497
C110	Satellite Cells	Post	trim95	detected_vs_zero	0.2	710	N_M2	N	low	4	69448	10572	7.842461853366119	9.42764089964654
C110	Satellite Cells	Post	trim95	detected_vs_zero	0.2	711	N_M2	N	high	4	66739	11349	7.897965488991424	9.377848362802474
C111	Satellite Cells	Post	trim95	detected_vs_zero	0.3	712	E_M2	E	low	23	195305	55388	7.747884222285101	8.766935122376427
C111	Satellite Cells	Post	trim95	detected_vs_zero	0.3	713	E_M2	E	high	23	197704	57010	7.764925609646807	8.777540916377921
C111	Satellite Cells	Post	trim95	detected_vs_zero	0.3	714	G_M2	G	low	21	192103	59587	7.851744376414693	8.752491067082135
C111	Satellite Cells	Post	trim95	detected_vs_zero	0.3	715	G_M2	G	high	21	197632	62592	7.879862022581715	8.764206148460456
C111	Satellite Cells	Post	trim95	detected_vs_zero	0.3	716	I_M2	I	low	9	27981	26160	7.9044948446819125	7.944120523293069
C111	Satellite Cells	Post	trim95	detected_vs_zero	0.3	717	I_M2	I	high	9	27606	26810	7.913288551843946	7.935004603367211
C111	Satellite Cells	Post	trim95	detected_vs_zero	0.3	718	J_M2	J	low	10	86239	27340	7.880715784604495	8.722725087262234
C111	Satellite Cells	Post	trim95	detected_vs_zero	0.3	719	J_M2	J	high	10	88527	26810	7.85613439530132	8.743602821652216
C111	Satellite Cells	Post	trim95	detected_vs_zero	0.3	720	L_M2	L	low	3	35352	10115	8.122332966547672	9.09315309242636
C111	Satellite Cells	Post	trim95	detected_vs_zero	0.3	721	L_M2	L	high	3	30649	11467	8.246472196188083	8.947234413662596
C111	Satellite Cells	Post	trim95	detected_vs_zero	0.3	722	N_M2	N	low	4	67309	12146	7.941023593185662	9.404113015116234
C111	Satellite Cells	Post	trim95	detected_vs_zero	0.3	723	N_M2	N	high	4	66739	11349	7.897965488991424	9.377848362802474
C112	Fast	Pre	author	2plus_vs_1	none	724	E_M1	E	low	514	4370764	2119394	8.256256064206259	8.774832264264425
C112	Fast	Pre	author	2plus_vs_1	none	725	E_M1	E	high	326	3063163	1669482	8.453855201086848	8.84757888826833
C112	Fast	Pre	author	2plus_vs_1	none	726	G_M1	G	low	156	2139087	749606	8.411263276763943	9.115380554554145
C112	Fast	Pre	author	2plus_vs_1	none	727	G_M1	G	high	182	2472026	966505	8.492604739588325	9.089676236057915
C112	Fast	Pre	author	2plus_vs_1	none	728	I_M1	I	low	518	2523694	1878765	8.13056951904255	8.308657181784797
C112	Fast	Pre	author	2plus_vs_1	none	729	I_M1	I	high	625	3495544	2657433	8.276878162725922	8.440560273662495
C112	Fast	Pre	author	2plus_vs_1	none	730	J_M1	J	low	860	4425845	3471078	8.255553667929664	8.38310972164539
C112	Fast	Pre	author	2plus_vs_1	none	731	J_M1	J	high	716	3988543	3408887	8.400817225174304	8.434211655316085
C112	Fast	Pre	author	2plus_vs_1	none	732	L_M1	L	low	17	263293	81813	8.448811626453502	9.178173505514971
C112	Fast	Pre	author	2plus_vs_1	none	733	L_M1	L	high	31	518034	178957	8.605238685084496	9.244663975004501
C112	Fast	Pre	author	2plus_vs_1	none	734	N_M1	N	low	484	2999563	2225187	8.310890338402869	8.42351265475262
C112	Fast	Pre	author	2plus_vs_1	none	735	N_M1	N	high	360	2723450	2199442	8.567599461901429	8.613649610556594
C113	Fast	Pre	author	2plus_vs_1	0.1	736	E_M1	E	low	275	2527829	1252214	8.379875071343728	8.85555570456503
C113	Fast	Pre	author	2plus_vs_1	0.1	737	E_M1	E	high	275	2526361	1262358	8.387242303932506	8.856064532361525
C113	Fast	Pre	author	2plus_vs_1	0.1	738	G_M1	G	low	108	1707433	533639	8.456670174437114	9.312756681931324
C113	Fast	Pre	author	2plus_vs_1	0.1	739	G_M1	G	high	108	1690007	534311	8.45847298921427	9.3028708505754
C113	Fast	Pre	author	2plus_vs_1	0.1	740	I_M1	I	low	426	2183602	1600578	8.177237727511633	8.374877913019622
C113	Fast	Pre	author	2plus_vs_1	0.1	741	I_M1	I	high	426	2188662	1608969	8.180600657780332	8.375174369431342
C113	Fast	Pre	author	2plus_vs_1	0.1	742	J_M1	J	low	620	3271613	2670538	8.329505567964386	8.408194648113696
C113	Fast	Pre	author	2plus_vs_1	0.1	743	J_M1	J	high	620	3283309	2692003	8.335067780032682	8.410672031402235
C113	Fast	Pre	author	2plus_vs_1	0.1	744	L_M1	L	low	5	105696	27673	8.604601654825448	9.588077621768434
C113	Fast	Pre	author	2plus_vs_1	0.1	745	L_M1	L	high	5	97231	28339	8.617484767269584	9.528729394297331
C113	Fast	Pre	author	2plus_vs_1	0.1	746	N_M1	N	low	273	1917977	1392020	8.445189180029962	8.588883047571116
C113	Fast	Pre	author	2plus_vs_1	0.1	747	N_M1	N	high	273	1925252	1400538	8.451492285425896	8.587859399972718
C114	Fast	Pre	author	2plus_vs_1	0.2	748	E_M1	E	low	303	2780512	1416154	8.394865019809021	8.843818726574865
C114	Fast	Pre	author	2plus_vs_1	0.2	749	E_M1	E	high	303	2781908	1456599	8.413629143775195	8.84306778041503
C114	Fast	Pre	author	2plus_vs_1	0.2	750	G_M1	G	low	142	2055721	694232	8.436009591683383	9.1910112868416
C114	Fast	Pre	author	2plus_vs_1	0.2	751	G_M1	G	high	142	2041634	709843	8.44986509867633	9.185967458697787
C114	Fast	Pre	author	2plus_vs_1	0.2	752	I_M1	I	low	464	2343127	1739464	8.169563955148547	8.355294421683155
C114	Fast	Pre	author	2plus_vs_1	0.2	753	I_M1	I	high	464	2383750	1791465	8.19348286187229	8.36503822512067
C114	Fast	Pre	author	2plus_vs_1	0.2	754	J_M1	J	low	653	3423830	2818265	8.3299991983851	8.393823122184093
C114	Fast	Pre	author	2plus_vs_1	0.2	755	J_M1	J	high	653	3437142	2870716	8.343207260142412	8.395880193075389
C114	Fast	Pre	author	2plus_vs_1	0.2	756	L_M1	L	low	10	176543	53617	8.568042079035362	9.2967962582582
C114	Fast	Pre	author	2plus_vs_1	0.2	757	L_M1	L	high	10	160104	54434	8.582725767339738	9.237283863994406
C114	Fast	Pre	author	2plus_vs_1	0.2	758	N_M1	N	low	314	2190456	1652440	8.456127292709798	8.565401601847986
C114	Fast	Pre	author	2plus_vs_1	0.2	759	N_M1	N	high	314	2222391	1698212	8.478093631405345	8.567803695377975
C115	Fast	Pre	author	2plus_vs_1	0.3	760	E_M1	E	low	312	2871576	1463303	8.397443897288339	8.846212260661876
C115	Fast	Pre	author	2plus_vs_1	0.3	761	E_M1	E	high	312	2878266	1523799	8.424729983132533	8.841852691369853
C115	Fast	Pre	author	2plus_vs_1	0.3	762	G_M1	G	low	152	2116956	737579	8.424179261737393	9.136567054612655
C115	Fast	Pre	author	2plus_vs_1	0.3	763	G_M1	G	high	152	2065221	781337	8.462386517167218	9.111215331785253
C115	Fast	Pre	author	2plus_vs_1	0.3	764	I_M1	I	low	471	2375044	1761485	8.166014839069044	8.351436639177999
C115	Fast	Pre	author	2plus_vs_1	0.3	765	I_M1	I	high	471	2429523	1857707	8.205878690487827	8.363564211369946
C115	Fast	Pre	author	2plus_vs_1	0.3	766	J_M1	J	low	662	3468247	2861355	8.331126753968787	8.390973173111307
C115	Fast	Pre	author	2plus_vs_1	0.3	767	J_M1	J	high	662	3492295	2962498	8.353965085693051	8.394959901000128
C115	Fast	Pre	author	2plus_vs_1	0.3	768	L_M1	L	low	14	230644	70592	8.496866700656991	9.264226770993407
C115	Fast	Pre	author	2plus_vs_1	0.3	769	L_M1	L	high	14	217773	68985	8.453480692003483	9.215872686155425
C115	Fast	Pre	author	2plus_vs_1	0.3	770	N_M1	N	low	326	2269723	1714837	8.457478674701951	8.56735003897575
C115	Fast	Pre	author	2plus_vs_1	0.3	771	N_M1	N	high	326	2322832	1811415	8.499090314497733	8.573567719801748
C116	Fast	Pre	author	3plus_vs_1	none	772	E_M1	E	low	514	4370764	2119394	8.256256064206259	8.774832264264425
C116	Fast	Pre	author	3plus_vs_1	none	773	E_M1	E	high	153	1479094	857061	8.532681331353029	8.852323961442933
C116	Fast	Pre	author	3plus_vs_1	none	774	G_M1	G	low	156	2139087	749606	8.411263276763943	9.115380554554145
C116	Fast	Pre	author	3plus_vs_1	none	775	G_M1	G	high	89	1077397	495440	8.550594039443776	8.937317760855347
C116	Fast	Pre	author	3plus_vs_1	none	776	I_M1	I	low	518	2523694	1878765	8.13056951904255	8.308657181784797
C116	Fast	Pre	author	3plus_vs_1	none	777	I_M1	I	high	321	1889289	1465144	8.35183388285961	8.47853429342048
C116	Fast	Pre	author	3plus_vs_1	none	778	J_M1	J	low	860	4425845	3471078	8.255553667929664	8.38310972164539
C116	Fast	Pre	author	3plus_vs_1	none	779	J_M1	J	high	319	1865219	1622568	8.458248493047543	8.47038062271818
C116	Fast	Pre	author	3plus_vs_1	none	780	L_M1	L	low	17	263293	81813	8.448811626453502	9.178173505514971
C116	Fast	Pre	author	3plus_vs_1	none	781	L_M1	L	high	15	254557	89964	8.650909238232012	9.264589485196703
C116	Fast	Pre	author	3plus_vs_1	none	782	N_M1	N	low	484	2999563	2225187	8.310890338402869	8.42351265475262
C116	Fast	Pre	author	3plus_vs_1	none	783	N_M1	N	high	148	1287944	1138959	8.790546476364222	8.741164661623758
C117	Fast	Pre	author	3plus_vs_1	0.1	784	E_M1	E	low	124	1155390	593661	8.422935464636215	8.847597265042678
C117	Fast	Pre	author	3plus_vs_1	0.1	785	E_M1	E	high	124	1156751	596645	8.426083933602518	8.849127224302613
C117	Fast	Pre	author	3plus_vs_1	0.1	786	G_M1	G	low	60	888792	309726	8.501350230626263	9.22762083751696
C117	Fast	Pre	author	3plus_vs_1	0.1	787	G_M1	G	high	60	885619	311138	8.506531381424713	9.223743241995424
C117	Fast	Pre	author	3plus_vs_1	0.1	788	I_M1	I	low	270	1451803	1105780	8.26855067776026	8.418541200230393
C117	Fast	Pre	author	3plus_vs_1	0.1	789	I_M1	I	high	270	1458512	1112138	8.272746763625875	8.420918850908533
C117	Fast	Pre	author	3plus_vs_1	0.1	790	J_M1	J	low	280	1546449	1286811	8.388417314145928	8.437689740584194
C117	Fast	Pre	author	3plus_vs_1	0.1	791	J_M1	J	high	280	1543064	1291965	8.391070627197811	8.436557253861842
C117	Fast	Pre	author	3plus_vs_1	0.1	792	L_M1	L	low	3	62325	16696	8.624184463760539	9.577763780393886
C117	Fast	Pre	author	3plus_vs_1	0.1	793	L_M1	L	high	3	56604	16984	8.63832783665203	9.511551025019115
C117	Fast	Pre	author	3plus_vs_1	0.1	794	N_M1	N	low	109	867459	664322	8.614245234208614	8.714959655977829
C117	Fast	Pre	author	3plus_vs_1	0.1	795	N_M1	N	high	109	878733	665069	8.61940266337577	8.718767346976867
C118	Fast	Pre	author	3plus_vs_1	0.2	796	E_M1	E	low	142	1343519	723141	8.465427165137204	8.849323714716178
C118	Fast	Pre	author	3plus_vs_1	0.2	797	E_M1	E	high	142	1342098	744245	8.480376449994488	8.849200935926133
C118	Fast	Pre	author	3plus_vs_1	0.2	798	G_M1	G	low	75	1036370	385518	8.490088524774544	9.12570608469823
C118	Fast	Pre	author	3plus_vs_1	0.2	799	G_M1	G	high	75	1024549	392582	8.501164969478966	9.115482088622063
C118	Fast	Pre	author	3plus_vs_1	0.2	800	I_M1	I	low	290	1566338	1196379	8.275166563639518	8.421458011952318
C118	Fast	Pre	author	3plus_vs_1	0.2	801	I_M1	I	high	290	1590848	1217558	8.287478891096551	8.428868012773023
C118	Fast	Pre	author	3plus_vs_1	0.2	802	J_M1	J	low	296	1651116	1371946	8.394247109597853	8.437731383127282
C118	Fast	Pre	author	3plus_vs_1	0.2	803	J_M1	J	high	296	1654297	1385862	8.399519255256513	8.438471801558363
C118	Fast	Pre	author	3plus_vs_1	0.2	804	L_M1	L	low	7	138128	40503	8.65435263394772	9.369749955351129
C118	Fast	Pre	author	3plus_vs_1	0.2	805	L_M1	L	high	7	124165	42481	8.699992129049804	9.29333938717869
C118	Fast	Pre	author	3plus_vs_1	0.2	806	N_M1	N	low	135	1131634	909627	8.694012074442835	8.724698790817039
C118	Fast	Pre	author	3plus_vs_1	0.2	807	N_M1	N	high	135	1143656	929333	8.714070285767857	8.727648345841425
C119	Fast	Pre	author	3plus_vs_1	0.3	808	E_M1	E	low	148	1401363	762933	8.477651032172263	8.845917052351497
C119	Fast	Pre	author	3plus_vs_1	0.3	809	E_M1	E	high	148	1397588	800734	8.506166872238543	8.841551270033143
C119	Fast	Pre	author	3plus_vs_1	0.3	810	G_M1	G	low	82	1061194	418703	8.486062493754341	9.029655357315995
C119	Fast	Pre	author	3plus_vs_1	0.3	811	G_M1	G	high	82	1047307	430009	8.504234315934768	9.013920176679175
C119	Fast	Pre	author	3plus_vs_1	0.3	812	I_M1	I	low	297	1610958	1227489	8.277500713517483	8.425647310720441
C119	Fast	Pre	author	3plus_vs_1	0.3	813	I_M1	I	high	297	1651541	1278583	8.30560800522195	8.438798397555104
C119	Fast	Pre	author	3plus_vs_1	0.3	814	J_M1	J	low	302	1688758	1415963	8.403830773603177	8.439020342858676
C119	Fast	Pre	author	3plus_vs_1	0.3	815	J_M1	J	high	302	1697197	1452572	8.417646602460236	8.440761462497356
C119	Fast	Pre	author	3plus_vs_1	0.3	816	L_M1	L	low	10	169824	53689	8.56980208535567	9.259304618261238
C119	Fast	Pre	author	3plus_vs_1	0.3	817	L_M1	L	high	10	160072	53181	8.54028740642632	9.202574553107002
C119	Fast	Pre	author	3plus_vs_1	0.3	818	N_M1	N	low	139	1168406	947207	8.705881486980763	8.721386438480245
C119	Fast	Pre	author	3plus_vs_1	0.3	819	N_M1	N	high	139	1173245	985522	8.734963922759707	8.719991155064726
C120	Fast	Pre	author	4plus_vs_1	none	820	E_M1	E	low	514	4370764	2119394	8.256256064206259	8.774832264264425
C120	Fast	Pre	author	4plus_vs_1	none	821	E_M1	E	high	65	650422	399867	8.647331905884466	8.884194604366174
C120	Fast	Pre	author	4plus_vs_1	none	822	G_M1	G	low	156	2139087	749606	8.411263276763943	9.115380554554145
C120	Fast	Pre	author	4plus_vs_1	none	823	G_M1	G	high	39	457052	230268	8.636931011619254	8.906220065682481
C120	Fast	Pre	author	4plus_vs_1	none	824	I_M1	I	low	518	2523694	1878765	8.13056951904255	8.308657181784797
C120	Fast	Pre	author	4plus_vs_1	none	825	I_M1	I	high	153	974902	728188	8.389138833179242	8.541588966245945
C120	Fast	Pre	author	4plus_vs_1	none	826	J_M1	J	low	860	4425845	3471078	8.255553667929664	8.38310972164539
C120	Fast	Pre	author	4plus_vs_1	none	827	J_M1	J	high	142	848098	743732	8.4871516649024	8.485780421470162
C120	Fast	Pre	author	4plus_vs_1	none	828	L_M1	L	low	17	263293	81813	8.448811626453502	9.178173505514971
C120	Fast	Pre	author	4plus_vs_1	none	829	L_M1	L	high	8	130925	50494	8.699210573278403	9.257082048167694
C120	Fast	Pre	author	4plus_vs_1	none	830	N_M1	N	low	484	2999563	2225187	8.310890338402869	8.42351265475262
C120	Fast	Pre	author	4plus_vs_1	none	831	N_M1	N	high	57	562576	559509	9.031997543892297	8.830630925693328
C121	Fast	Pre	author	4plus_vs_1	0.1	832	E_M1	E	low	51	514173	271568	8.521428293730324	8.914304825533218
C121	Fast	Pre	author	4plus_vs_1	0.1	833	E_M1	E	high	51	512014	275200	8.532140358612049	8.911663509479272
C121	Fast	Pre	author	4plus_vs_1	0.1	834	G_M1	G	low	27	404908	148421	8.585447306277459	9.273726683206734
C121	Fast	Pre	author	4plus_vs_1	0.1	835	G_M1	G	high	27	401185	150317	8.598161652146112	9.272594247839447
C121	Fast	Pre	author	4plus_vs_1	0.1	836	I_M1	I	low	130	746469	549600	8.295622999720417	8.473743025687243
C121	Fast	Pre	author	4plus_vs_1	0.1	837	I_M1	I	high	130	749425	555062	8.302178865555508	8.474637699148595
C121	Fast	Pre	author	4plus_vs_1	0.1	838	J_M1	J	low	128	734676	605199	8.413335193440842	8.455975187469436
C121	Fast	Pre	author	4plus_vs_1	0.1	839	J_M1	J	high	128	729969	606333	8.415103044355726	8.45076265865075
C121	Fast	Pre	author	4plus_vs_1	0.1	840	L_M1	L	low	2	43449	10947	8.60779912874511	9.61101594686085
C121	Fast	Pre	author	4plus_vs_1	0.1	841	L_M1	L	high	2	39766	11762	8.679579262614247	9.560951325492054
C121	Fast	Pre	author	4plus_vs_1	0.1	842	N_M1	N	low	36	306264	268488	8.813581810010882	8.792591375030929
C121	Fast	Pre	author	4plus_vs_1	0.1	843	N_M1	N	high	36	312163	265545	8.807797116376978	8.798618243591868
C122	Fast	Pre	author	4plus_vs_1	0.2	844	E_M1	E	low	59	594579	328652	8.566885251720251	8.908351474607775
C122	Fast	Pre	author	4plus_vs_1	0.2	845	E_M1	E	high	59	592592	341849	8.597121810739077	8.904758144629508
C122	Fast	Pre	author	4plus_vs_1	0.2	846	G_M1	G	low	35	451943	194786	8.588623920153399	9.045008694224716
C122	Fast	Pre	author	4plus_vs_1	0.2	847	G_M1	G	high	35	446272	200897	8.611746474383425	9.035620170808325
C122	Fast	Pre	author	4plus_vs_1	0.2	848	I_M1	I	low	140	825707	610181	8.32191147924361	8.494238433579595
C122	Fast	Pre	author	4plus_vs_1	0.2	849	I_M1	I	high	140	844845	616751	8.329701208889949	8.504945832400887
C122	Fast	Pre	author	4plus_vs_1	0.2	850	J_M1	J	low	134	798112	651051	8.435289521566824	8.484961035013024
C122	Fast	Pre	author	4plus_vs_1	0.2	851	J_M1	J	high	134	796179	659114	8.442130857065195	8.481805795447812
C122	Fast	Pre	author	4plus_vs_1	0.2	852	L_M1	L	low	4	101204	22781	8.639445910903326	9.743652297596444
C122	Fast	Pre	author	4plus_vs_1	0.2	853	L_M1	L	high	4	90354	23483	8.677658423379853	9.655951683760215
C122	Fast	Pre	author	4plus_vs_1	0.2	854	N_M1	N	low	52	494591	443739	8.936823217621482	8.815670338475078
C122	Fast	Pre	author	4plus_vs_1	0.2	855	N_M1	N	high	52	505267	443189	8.93920025689316	8.822269381494362
C123	Fast	Pre	author	4plus_vs_1	0.3	856	E_M1	E	low	65	654699	373705	8.59757666051292	8.89855964809061
C123	Fast	Pre	author	4plus_vs_1	0.3	857	E_M1	E	high	65	650422	399867	8.647331905884466	8.884194604366174
C123	Fast	Pre	author	4plus_vs_1	0.3	858	G_M1	G	low	37	456456	203842	8.579094019520449	8.968726913164176
C123	Fast	Pre	author	4plus_vs_1	0.3	859	G_M1	G	high	37	450501	211620	8.61041063981493	8.953809125917228
C123	Fast	Pre	author	4plus_vs_1	0.3	860	I_M1	I	low	145	865252	636776	8.330114446921668	8.506092135028094
C123	Fast	Pre	author	4plus_vs_1	0.3	861	I_M1	I	high	145	890275	656506	8.351858232457575	8.519271469666979
C123	Fast	Pre	author	4plus_vs_1	0.3	862	J_M1	J	low	140	842180	700015	8.459258195145225	8.495888285323336
C123	Fast	Pre	author	4plus_vs_1	0.3	863	J_M1	J	high	140	840535	715665	8.472139844007518	8.49119832914262
C123	Fast	Pre	author	4plus_vs_1	0.3	864	L_M1	L	low	6	119436	32389	8.582082891461654	9.468227768389598
C123	Fast	Pre	author	4plus_vs_1	0.3	865	L_M1	L	high	6	106345	31477	8.548557657363277	9.36512041696885
C123	Fast	Pre	author	4plus_vs_1	0.3	866	N_M1	N	low	53	503535	458203	8.948948953466553	8.818740866327039
C123	Fast	Pre	author	4plus_vs_1	0.3	867	N_M1	N	high	53	511318	470027	8.96294386209456	8.818386853399941
C124	Fast	Pre	author	3plus_vs_1to2	none	868	E_M1	E	low	687	5954833	2931815	8.288460216680226	8.792094520096974
C124	Fast	Pre	author	3plus_vs_1to2	none	869	E_M1	E	high	153	1479094	857061	8.532681331353029	8.852323961442933
C124	Fast	Pre	author	3plus_vs_1to2	none	870	G_M1	G	low	249	3533716	1220671	8.420916723974917	9.16023759340105
C124	Fast	Pre	author	3plus_vs_1to2	none	871	G_M1	G	high	89	1077397	495440	8.550594039443776	8.937317760855347
C124	Fast	Pre	author	3plus_vs_1to2	none	872	I_M1	I	low	822	4129949	3071054	8.155407769063025	8.34260959004332
C124	Fast	Pre	author	3plus_vs_1to2	none	873	I_M1	I	high	321	1889289	1465144	8.35183388285961	8.47853429342048
C124	Fast	Pre	author	3plus_vs_1to2	none	874	J_M1	J	low	1257	6549169	5257397	8.28685761206217	8.390070395524464
C124	Fast	Pre	author	3plus_vs_1to2	none	875	J_M1	J	high	319	1865219	1622568	8.458248493047543	8.47038062271818
C124	Fast	Pre	author	3plus_vs_1to2	none	876	L_M1	L	low	33	526770	170806	8.503895706480264	9.201354258816467
C124	Fast	Pre	author	3plus_vs_1to2	none	877	L_M1	L	high	15	254557	89964	8.650909238232012	9.264589485196703
C124	Fast	Pre	author	3plus_vs_1to2	none	878	N_M1	N	low	696	4435069	3285670	8.34167507409425	8.454312664914262
C124	Fast	Pre	author	3plus_vs_1to2	none	879	N_M1	N	high	148	1287944	1138959	8.790546476364222	8.741164661623758
C125	Fast	Pre	author	3plus_vs_1to2	0.1	880	E_M1	E	low	134	1247167	674149	8.460752351429246	8.83825456978321
C125	Fast	Pre	author	3plus_vs_1to2	0.1	881	E_M1	E	high	134	1252180	677871	8.465137054538937	8.837945955464276
C125	Fast	Pre	author	3plus_vs_1to2	0.1	882	G_M1	G	low	68	976086	353331	8.504475297297663	9.196776266436894
C125	Fast	Pre	author	3plus_vs_1to2	0.1	883	G_M1	G	high	68	977077	354432	8.505992509696355	9.19495476293939
C125	Fast	Pre	author	3plus_vs_1to2	0.1	884	I_M1	I	low	297	1673690	1276341	8.306860236879361	8.450325513111704
C125	Fast	Pre	author	3plus_vs_1to2	0.1	885	I_M1	I	high	297	1675313	1281780	8.309370908568297	8.452954753580352
C125	Fast	Pre	author	3plus_vs_1to2	0.1	886	J_M1	J	low	298	1714789	1418409	8.41400957126966	8.461472722128248
C125	Fast	Pre	author	3plus_vs_1to2	0.1	887	J_M1	J	high	298	1711252	1422602	8.416081146290534	8.460353569092343
C125	Fast	Pre	author	3plus_vs_1to2	0.1	888	L_M1	L	low	6	109134	33574	8.627443219673554	9.261253126177904
C125	Fast	Pre	author	3plus_vs_1to2	0.1	889	L_M1	L	high	6	106858	34366	8.650937037558274	9.26480227770834
C125	Fast	Pre	author	3plus_vs_1to2	0.1	890	N_M1	N	low	127	1051242	805499	8.6540267281109	8.718304117733757
C125	Fast	Pre	author	3plus_vs_1to2	0.1	891	N_M1	N	high	127	1054350	806054	8.657432124684249	8.716463384886646
C126	Fast	Pre	author	3plus_vs_1to2	0.2	892	E_M1	E	low	148	1413285	791941	8.498810605855496	8.853310436739674
C126	Fast	Pre	author	3plus_vs_1to2	0.2	893	E_M1	E	high	148	1431717	803057	8.507233685036846	8.856692347710712
C126	Fast	Pre	author	3plus_vs_1to2	0.2	894	G_M1	G	low	80	1055637	418657	8.50310058831863	9.068528245836282
C126	Fast	Pre	author	3plus_vs_1to2	0.2	895	G_M1	G	high	80	1050831	427638	8.516124158527152	9.061491073933164
C126	Fast	Pre	author	3plus_vs_1to2	0.2	896	I_M1	I	low	309	1758223	1349868	8.320532889900848	8.456038356189246
C126	Fast	Pre	author	3plus_vs_1to2	0.2	897	I_M1	I	high	309	1763312	1360003	8.324828031156752	8.459698706009291
C126	Fast	Pre	author	3plus_vs_1to2	0.2	898	J_M1	J	low	313	1826022	1537814	8.436913208432994	8.469419474883663
C126	Fast	Pre	author	3plus_vs_1to2	0.2	899	J_M1	J	high	313	1819111	1550326	8.440683488106245	8.46784660989852
C126	Fast	Pre	author	3plus_vs_1to2	0.2	900	L_M1	L	low	11	218769	63485	8.651474104688923	9.399828795319944
C126	Fast	Pre	author	3plus_vs_1to2	0.2	901	L_M1	L	high	11	206931	64347	8.660957991928784	9.367703338431316
C126	Fast	Pre	author	3plus_vs_1to2	0.2	902	N_M1	N	low	143	1225821	1005542	8.734561159014595	8.737599443997981
C126	Fast	Pre	author	3plus_vs_1to2	0.2	903	N_M1	N	high	143	1230559	1022203	8.748207771798926	8.73496443386811
C127	Fast	Pre	author	3plus_vs_1to2	0.3	904	E_M1	E	low	153	1461143	832177	8.514730867326946	8.85128910878902
C127	Fast	Pre	author	3plus_vs_1to2	0.3	905	E_M1	E	high	153	1479094	857061	8.532681331353029	8.852323961442933
C127	Fast	Pre	author	3plus_vs_1to2	0.3	906	G_M1	G	low	85	1071851	443264	8.501001950661022	8.999159263074782
C127	Fast	Pre	author	3plus_vs_1to2	0.3	907	G_M1	G	high	85	1065366	459892	8.527409238274645	8.985833144057153
C127	Fast	Pre	author	3plus_vs_1to2	0.3	908	I_M1	I	low	315	1793483	1385647	8.327479983919437	8.457168697679911
C127	Fast	Pre	author	3plus_vs_1to2	0.3	909	I_M1	I	high	315	1815522	1411724	8.338555454938785	8.465570260046126
C127	Fast	Pre	author	3plus_vs_1to2	0.3	910	J_M1	J	low	317	1852620	1569898	8.44378491965932	8.47040383715732
C127	Fast	Pre	author	3plus_vs_1to2	0.3	911	J_M1	J	high	317	1851438	1601786	8.453331348534979	8.470384537938854
C127	Fast	Pre	author	3plus_vs_1to2	0.3	912	L_M1	L	low	13	242666	71189	8.590335376315137	9.354247204888843
C127	Fast	Pre	author	3plus_vs_1to2	0.3	913	L_M1	L	high	13	229977	70947	8.57394614857174	9.315608338032469
C127	Fast	Pre	author	3plus_vs_1to2	0.3	914	N_M1	N	low	145	1238029	1028414	8.742474419285037	8.734326687745837
C127	Fast	Pre	author	3plus_vs_1to2	0.3	915	N_M1	N	high	145	1238969	1060467	8.762310737620417	8.727073915648383
C128	Fast	Pre	author	positive_q25	none	916	E_M1	E	low	210	2034393	1239721	8.637408968072085	8.887072462087424
C128	Fast	Pre	author	positive_q25	none	917	E_M1	E	high	210	1794593	827045	8.189187691613883	8.758149944982424
C128	Fast	Pre	author	positive_q25	none	918	G_M1	G	low	85	1220398	549970	8.740407805054245	9.19139503892915
C128	Fast	Pre	author	positive_q25	none	919	G_M1	G	high	85	1062935	337433	8.194030050176801	8.97282103515694
C128	Fast	Pre	author	positive_q25	none	920	I_M1	I	low	286	1552592	1401881	8.450966072724079	8.394129147344982
C128	Fast	Pre	author	positive_q25	none	921	I_M1	I	high	286	1461985	957387	8.052635439741076	8.364813012653935
C128	Fast	Pre	author	positive_q25	none	922	J_M1	J	low	395	2220086	2133448	8.560861915566125	8.438269563230085
C128	Fast	Pre	author	positive_q25	none	923	J_M1	J	high	394	2072857	1521099	8.204934186842443	8.397232647663364
C128	Fast	Pre	author	positive_q25	none	924	L_M1	L	low	12	206754	71589	8.656442922985155	9.23356643865617
C128	Fast	Pre	author	positive_q25	none	925	L_M1	L	high	12	211819	60342	8.441401693174138	9.305396460491497
C128	Fast	Pre	author	positive_q25	none	926	N_M1	N	low	211	1704678	1552148	8.814603341453969	8.649038540730382
C128	Fast	Pre	author	positive_q25	none	927	N_M1	N	high	211	1213364	763709	8.076985633875795	8.387101224199597
C129	Fast	Pre	author	positive_q25	0.1	928	E_M1	E	low	81	771164	423390	8.545517166247787	8.884789007477078
C129	Fast	Pre	author	positive_q25	0.1	929	E_M1	E	high	81	770924	419227	8.530836265436651	8.884646659047299
C129	Fast	Pre	author	positive_q25	0.1	930	G_M1	G	low	25	383551	141739	8.63107835031154	9.28364744623005
C129	Fast	Pre	author	positive_q25	0.1	931	G_M1	G	high	25	384232	143946	8.645404211737974	9.277605197649864
C129	Fast	Pre	author	positive_q25	0.1	932	I_M1	I	low	144	783699	606952	8.326602432132253	8.44237584411713
C129	Fast	Pre	author	positive_q25	0.1	933	I_M1	I	high	144	786017	600287	8.311462141544007	8.442571442077913
C129	Fast	Pre	author	positive_q25	0.1	934	J_M1	J	low	161	904605	803485	8.49386662942721	8.454300445781783
C129	Fast	Pre	author	positive_q25	0.1	935	J_M1	J	high	161	904271	797339	8.483610274346214	8.451525345789772
C129	Fast	Pre	author	positive_q25	0.1	936	L_M1	L	low	2	43449	10947	8.60779912874511	9.61101594686085
C129	Fast	Pre	author	positive_q25	0.1	937	L_M1	L	high	2	39538	10860	8.597424737271579	9.538413910190396
C129	Fast	Pre	author	positive_q25	0.1	938	N_M1	N	low	56	430948	319216	8.624272733031349	8.706761765479017
C129	Fast	Pre	author	positive_q25	0.1	939	N_M1	N	high	56	433565	315038	8.604405121353542	8.708863212351506
C130	Fast	Pre	author	positive_q25	0.2	940	E_M1	E	low	118	1076584	607167	8.531205967756172	8.842871144955378
C130	Fast	Pre	author	positive_q25	0.2	941	E_M1	E	high	118	1071844	578568	8.470400557866213	8.831920008358747
C130	Fast	Pre	author	positive_q25	0.2	942	G_M1	G	low	34	490187	188596	8.610520634367234	9.168706831457085
C130	Fast	Pre	author	positive_q25	0.2	943	G_M1	G	high	34	488375	183545	8.575570435064682	9.15998999712164
C130	Fast	Pre	author	positive_q25	0.2	944	I_M1	I	low	173	924443	725670	8.323434992355693	8.416975421451916
C130	Fast	Pre	author	positive_q25	0.2	945	I_M1	I	high	173	937042	696594	8.274980163955474	8.42400523740654
C130	Fast	Pre	author	positive_q25	0.2	946	J_M1	J	low	240	1323781	1160549	8.466807662850691	8.440373921360441
C130	Fast	Pre	author	positive_q25	0.2	947	J_M1	J	high	240	1321169	1085575	8.38711350537331	8.436016487213404
C130	Fast	Pre	author	positive_q25	0.2	948	L_M1	L	low	5	120080	28530	8.642947755480938	9.697173727569146
C130	Fast	Pre	author	positive_q25	0.2	949	L_M1	L	high	5	111287	28439	8.643837938307998	9.639813591961925
C130	Fast	Pre	author	positive_q25	0.2	950	N_M1	N	low	88	624047	486548	8.598140421281538	8.616778110847745
C130	Fast	Pre	author	positive_q25	0.2	951	N_M1	N	high	88	632386	461779	8.530393293117543	8.619987072783262
C131	Fast	Pre	author	positive_q25	0.3	952	E_M1	E	low	145	1317048	747892	8.53526513949113	8.844510146831428
C131	Fast	Pre	author	positive_q25	0.3	953	E_M1	E	high	145	1317620	679214	8.417822373152228	8.8324253290546
C131	Fast	Pre	author	positive_q25	0.3	954	G_M1	G	low	42	582384	229991	8.598487752161951	9.097416076485164
C131	Fast	Pre	author	positive_q25	0.3	955	G_M1	G	high	42	575671	215027	8.516944061754362	9.081528166336687
C131	Fast	Pre	author	positive_q25	0.3	956	I_M1	I	low	201	1075108	858624	8.341061721655398	8.412308893435362
C131	Fast	Pre	author	positive_q25	0.3	957	I_M1	I	high	201	1079605	768195	8.212871226391327	8.41201655448526
C131	Fast	Pre	author	positive_q25	0.3	958	J_M1	J	low	295	1592737	1447033	8.481192402368052	8.423690850763295
C131	Fast	Pre	author	positive_q25	0.3	959	J_M1	J	high	295	1592404	1254522	8.320236279260675	8.419318612335578
C131	Fast	Pre	author	positive_q25	0.3	960	L_M1	L	low	7	138312	38138	8.59277892608019	9.474375151113936
C131	Fast	Pre	author	positive_q25	0.3	961	L_M1	L	high	7	124613	35793	8.525800315152166	9.383476503543813
C131	Fast	Pre	author	positive_q25	0.3	962	N_M1	N	low	104	728944	568494	8.58915345624707	8.605016499456896
C131	Fast	Pre	author	positive_q25	0.3	963	N_M1	N	high	104	731023	519032	8.476839460650739	8.598640703336654
C132	Fast	Pre	author	positive_q33	none	964	E_M1	E	low	280	2641474	1555987	8.573701326034405	8.857657843157197
C132	Fast	Pre	author	positive_q33	none	965	E_M1	E	high	280	2398804	1101961	8.188400412218726	8.763228788461253
C132	Fast	Pre	author	positive_q33	none	966	G_M1	G	low	113	1581007	688998	8.674791998080778	9.164330371371268
C132	Fast	Pre	author	positive_q33	none	967	G_M1	G	high	113	1463666	471717	8.246906220478866	9.003498958557419
C132	Fast	Pre	author	positive_q33	none	968	I_M1	I	low	381	2018385	1747411	8.37717433210535	8.373922848624122
C132	Fast	Pre	author	positive_q33	none	969	I_M1	I	high	381	1977728	1307013	8.075901312488305	8.381370827664965
C132	Fast	Pre	author	positive_q33	none	970	J_M1	J	low	526	2890794	2679531	8.498135027783876	8.419421298971372
C132	Fast	Pre	author	positive_q33	none	971	J_M1	J	high	526	2757564	2067989	8.220276710053472	8.390239073861837
C132	Fast	Pre	author	positive_q33	none	972	L_M1	L	low	16	274467	90761	8.599413816712476	9.267013944088735
C132	Fast	Pre	author	positive_q33	none	973	L_M1	L	high	16	250067	83897	8.491743746470062	9.14483035994392
C132	Fast	Pre	author	positive_q33	none	974	N_M1	N	low	282	2199158	1892428	8.721007952889968	8.630636342235068
C132	Fast	Pre	author	positive_q33	none	975	N_M1	N	high	281	1712136	1119702	8.14654774263512	8.429946225003446
C133	Fast	Pre	author	positive_q33	0.1	976	E_M1	E	low	147	1382538	711989	8.464341795593723	8.881644353582628
C133	Fast	Pre	author	positive_q33	0.1	977	E_M1	E	high	147	1392352	705297	8.45193075522445	8.88562081703188
C133	Fast	Pre	author	positive_q33	0.1	978	G_M1	G	low	44	681877	237641	8.578840330786502	9.260659760795013
C133	Fast	Pre	author	positive_q33	0.1	979	G_M1	G	high	44	677463	237542	8.574350449844054	9.253808460009559
C133	Fast	Pre	author	positive_q33	0.1	980	I_M1	I	low	240	1283062	963845	8.269415011184206	8.42016732859033
C133	Fast	Pre	author	positive_q33	0.1	981	I_M1	I	high	240	1284315	951881	8.253601075978175	8.421099864126509
C133	Fast	Pre	author	positive_q33	0.1	982	J_M1	J	low	330	1806386	1541072	8.423821641164544	8.438208942264158
C133	Fast	Pre	author	positive_q33	0.1	983	J_M1	J	high	330	1813502	1509593	8.39900618246475	8.441495899488848
C133	Fast	Pre	author	positive_q33	0.1	984	L_M1	L	low	4	79477	20750	8.545064839457783	9.536316395246043
C133	Fast	Pre	author	positive_q33	0.1	985	L_M1	L	high	4	71447	20769	8.538512210431339	9.469749931720315
C133	Fast	Pre	author	positive_q33	0.1	986	N_M1	N	low	123	946739	664382	8.552917080351877	8.70940765836129
C133	Fast	Pre	author	positive_q33	0.1	987	N_M1	N	high	123	951042	661683	8.54366902055125	8.706982477337482
C134	Fast	Pre	author	positive_q33	0.2	988	E_M1	E	low	188	1700108	918753	8.472761056683318	8.839435802086674
C134	Fast	Pre	author	positive_q33	0.2	989	E_M1	E	high	188	1713951	874893	8.414773595735644	8.841097151900257
C134	Fast	Pre	author	positive_q33	0.2	990	G_M1	G	low	59	888601	310885	8.555013783079312	9.221713174427624
C134	Fast	Pre	author	positive_q33	0.2	991	G_M1	G	high	59	887987	303217	8.516335211730214	9.204762729747813
C134	Fast	Pre	author	positive_q33	0.2	992	I_M1	I	low	278	1488313	1121960	8.274774815100697	8.416764018754296
C134	Fast	Pre	author	positive_q33	0.2	993	I_M1	I	high	278	1497209	1062894	8.20987120588131	8.421064361818967
C134	Fast	Pre	author	positive_q33	0.2	994	J_M1	J	low	395	2116584	1834797	8.421907266374296	8.410167657067014
C134	Fast	Pre	author	positive_q33	0.2	995	J_M1	J	high	395	2125459	1719996	8.345920504861676	8.412894286176765
C134	Fast	Pre	author	positive_q33	0.2	996	L_M1	L	low	8	155280	44557	8.611021800522945	9.375027990907551
C134	Fast	Pre	author	positive_q33	0.2	997	L_M1	L	high	8	145299	43747	8.596567911409318	9.323758718077238
C134	Fast	Pre	author	positive_q33	0.2	998	N_M1	N	low	155	1139794	828794	8.546150757848507	8.645548109887981
C134	Fast	Pre	author	positive_q33	0.2	999	N_M1	N	high	155	1147795	806553	8.507215022255432	8.642504080740162
C135	Fast	Pre	author	positive_q33	0.3	1000	E_M1	E	low	205	1849586	1013060	8.483400586591165	8.839402247479631
C135	Fast	Pre	author	positive_q33	0.3	1001	E_M1	E	high	205	1874105	945706	8.398941943471574	8.841475629423968
C135	Fast	Pre	author	positive_q33	0.3	1002	G_M1	G	low	72	1040167	376376	8.547958369879435	9.14997938506044
C135	Fast	Pre	author	positive_q33	0.3	1003	G_M1	G	high	72	1039589	352695	8.463349861969142	9.135133778103892
C135	Fast	Pre	author	positive_q33	0.3	1004	I_M1	I	low	294	1572764	1195607	8.281591969666803	8.407371848589218
C135	Fast	Pre	author	positive_q33	0.3	1005	I_M1	I	high	294	1580450	1095322	8.177077542208535	8.412697623767498
C135	Fast	Pre	author	positive_q33	0.3	1006	J_M1	J	low	413	2195774	1929137	8.427345846323723	8.400799064080935
C135	Fast	Pre	author	positive_q33	0.3	1007	J_M1	J	high	413	2205544	1756680	8.317319182829443	8.400411261193225
C135	Fast	Pre	author	positive_q33	0.3	1008	L_M1	L	low	12	212032	65280	8.577786582827775	9.314079875833409
C135	Fast	Pre	author	positive_q33	0.3	1009	L_M1	L	high	12	200458	59713	8.488413569126175	9.261705818789034
C135	Fast	Pre	author	positive_q33	0.3	1010	N_M1	N	low	172	1236583	915733	8.545081344896728	8.626527356578451
C135	Fast	Pre	author	positive_q33	0.3	1011	N_M1	N	high	172	1241113	860026	8.462344672870396	8.620078332745676
C136	Fast	Pre	author	detected_vs_zero	none	1012	E_M1	E	low	805	6567035	2965559	8.14568102298775	8.719291437031345
C136	Fast	Pre	author	detected_vs_zero	none	1013	E_M1	E	high	840	7433927	3788876	8.332943348281344	8.803064882627845
C136	Fast	Pre	author	detected_vs_zero	none	1014	G_M1	G	low	218	2690577	837583	8.138930572940929	8.959504380350243
C136	Fast	Pre	author	detected_vs_zero	none	1015	G_M1	G	high	338	4611113	1716111	8.455062525977073	9.101539767671559
C136	Fast	Pre	author	detected_vs_zero	none	1016	I_M1	I	low	677	3259174	2246680	8.037172611035102	8.311560666418824
C136	Fast	Pre	author	detected_vs_zero	none	1017	I_M1	I	high	1143	6019238	4536198	8.210572058239494	8.380782669469452
C136	Fast	Pre	author	detected_vs_zero	none	1018	J_M1	J	low	1317	6685865	4938024	8.17363688912665	8.3701273534551
C136	Fast	Pre	author	detected_vs_zero	none	1019	J_M1	J	high	1576	8414388	6879965	8.321549040383447	8.406326082373955
C136	Fast	Pre	author	detected_vs_zero	none	1020	L_M1	L	low	23	419412	120865	8.51830825392473	9.399125438538002
C136	Fast	Pre	author	detected_vs_zero	none	1021	L_M1	L	high	48	781327	260770	8.549837435152687	9.221115267060293
C136	Fast	Pre	author	detected_vs_zero	none	1022	N_M1	N	low	906	5060616	3346548	8.095034788737022	8.341077559281233
C136	Fast	Pre	author	detected_vs_zero	none	1023	N_M1	N	high	844	5723013	4424629	8.4203871209378	8.504613725948628
C137	Fast	Pre	author	detected_vs_zero	0.1	1024	E_M1	E	low	643	5508034	2545840	8.231903874233158	8.79107936213415
C137	Fast	Pre	author	detected_vs_zero	0.1	1025	E_M1	E	high	643	5509090	2566084	8.23785802444406	8.791937223550187
C137	Fast	Pre	author	detected_vs_zero	0.1	1026	G_M1	G	low	158	2295441	691206	8.32436453365782	9.195060708983537
C137	Fast	Pre	author	detected_vs_zero	0.1	1027	G_M1	G	high	158	2289026	701409	8.334029818875678	9.197695229636565
C137	Fast	Pre	author	detected_vs_zero	0.1	1028	I_M1	I	low	636	3091277	2158802	8.073057087508602	8.326742653008116
C137	Fast	Pre	author	detected_vs_zero	0.1	1029	I_M1	I	high	636	3102005	2186543	8.083506762904983	8.329032043811827
C137	Fast	Pre	author	detected_vs_zero	0.1	1030	J_M1	J	low	1171	6039518	4572759	8.227905915852576	8.394001689256386
C137	Fast	Pre	author	detected_vs_zero	0.1	1031	J_M1	J	high	1171	6047452	4620244	8.23687127664123	8.394257773110297
C137	Fast	Pre	author	detected_vs_zero	0.1	1032	L_M1	L	low	12	233660	55988	8.409926217329694	9.51098001755591
C137	Fast	Pre	author	detected_vs_zero	0.1	1033	L_M1	L	high	12	230742	56733	8.425648864502703	9.501517211068803
C137	Fast	Pre	author	detected_vs_zero	0.1	1034	N_M1	N	low	634	3740062	2650975	8.254534461746319	8.416061172602207
C137	Fast	Pre	author	detected_vs_zero	0.1	1035	N_M1	N	high	634	3753663	2677910	8.262781393953624	8.418931507778801
C138	Fast	Pre	author	detected_vs_zero	0.2	1036	E_M1	E	low	674	5740627	2654088	8.225903534931195	8.777601277176046
C138	Fast	Pre	author	detected_vs_zero	0.2	1037	E_M1	E	high	674	5749128	2753012	8.255313687381118	8.775060871591528
C138	Fast	Pre	author	detected_vs_zero	0.2	1038	G_M1	G	low	180	2426634	757658	8.276057978751036	9.086422653019639
C138	Fast	Pre	author	detected_vs_zero	0.2	1039	G_M1	G	high	180	2373894	795756	8.315651398285134	9.075894106051233
C138	Fast	Pre	author	detected_vs_zero	0.2	1040	I_M1	I	low	660	3202415	2227219	8.063270991568874	8.319869706056958
C138	Fast	Pre	author	detected_vs_zero	0.2	1041	I_M1	I	high	660	3242673	2336457	8.10167014562336	8.324593694576228
C138	Fast	Pre	author	detected_vs_zero	0.2	1042	J_M1	J	low	1209	6165189	4711873	8.224721210767685	8.377860626815304
C138	Fast	Pre	author	detected_vs_zero	0.2	1043	J_M1	J	high	1209	6180192	4857872	8.249446014561208	8.375392821503281
C138	Fast	Pre	author	detected_vs_zero	0.2	1044	L_M1	L	low	20	400152	103091	8.506511220012495	9.527907616504873
C138	Fast	Pre	author	detected_vs_zero	0.2	1045	L_M1	L	high	20	391395	110490	8.562814565562416	9.509409605234108
C138	Fast	Pre	author	detected_vs_zero	0.2	1046	N_M1	N	low	674	4002243	2817012	8.254942691078385	8.410888312042278
C138	Fast	Pre	author	detected_vs_zero	0.2	1047	N_M1	N	high	674	4030073	2918410	8.281990181660476	8.414421513023221
C139	Fast	Pre	author	detected_vs_zero	0.3	1048	E_M1	E	low	683	5762281	2680559	8.22166837436054	8.762682358431636
C139	Fast	Pre	author	detected_vs_zero	0.3	1049	E_M1	E	high	683	5768766	2844913	8.267215540394321	8.75864314334491
C139	Fast	Pre	author	detected_vs_zero	0.3	1050	G_M1	G	low	190	2507564	781258	8.24845861290114	9.065871784418123
C139	Fast	Pre	author	detected_vs_zero	0.3	1051	G_M1	G	high	190	2417202	879421	8.34653440158912	9.038829361394788
C139	Fast	Pre	author	detected_vs_zero	0.3	1052	I_M1	I	low	661	3208169	2228517	8.061918614904883	8.320230761047656
C139	Fast	Pre	author	detected_vs_zero	0.3	1053	I_M1	I	high	661	3285416	2439141	8.132803418854747	8.3225044396981
C139	Fast	Pre	author	detected_vs_zero	0.3	1054	J_M1	J	low	1214	6175943	4725717	8.223476422629581	8.374622241515178
C139	Fast	Pre	author	detected_vs_zero	0.3	1055	J_M1	J	high	1214	6184245	4935054	8.256852048138343	8.367914210710277
C139	Fast	Pre	author	detected_vs_zero	0.3	1056	L_M1	L	low	22	410654	111575	8.490194925983063	9.420408822814688
C139	Fast	Pre	author	detected_vs_zero	0.3	1057	L_M1	L	high	22	404045	121667	8.561008485368763	9.415391713687477
C139	Fast	Pre	author	detected_vs_zero	0.3	1058	N_M1	N	low	687	4094526	2866431	8.254256852034318	8.410240650764788
C139	Fast	Pre	author	detected_vs_zero	0.3	1059	N_M1	N	high	687	4140759	3052510	8.298679837171397	8.416754745402002
C140	Fast	Pre	trim95	2plus_vs_1	none	1060	E_M1	E	low	474	3801072	1830537	8.211452730363048	8.736236528434047
C140	Fast	Pre	trim95	2plus_vs_1	none	1061	E_M1	E	high	271	2288277	1178905	8.335712189405516	8.779949532980021
C140	Fast	Pre	trim95	2plus_vs_1	none	1062	G_M1	G	low	138	1797699	625186	8.360894014012146	9.062079349533736
C140	Fast	Pre	trim95	2plus_vs_1	none	1063	G_M1	G	high	159	2117674	767702	8.422309015163517	9.064586889745717
C140	Fast	Pre	trim95	2plus_vs_1	none	1064	I_M1	I	low	490	2260045	1690343	8.094880926640053	8.271397235892904
C140	Fast	Pre	trim95	2plus_vs_1	none	1065	I_M1	I	high	543	2725626	2036551	8.18323509757143	8.368883297365636
C140	Fast	Pre	trim95	2plus_vs_1	none	1066	J_M1	J	low	819	4039005	3173048	8.225268371790486	8.35472688213219
C140	Fast	Pre	trim95	2plus_vs_1	none	1067	J_M1	J	high	615	3075505	2568544	8.305032144992778	8.360634882878719
C140	Fast	Pre	trim95	2plus_vs_1	none	1068	L_M1	L	low	16	231757	76902	8.445647573742662	9.12946842655928
C140	Fast	Pre	trim95	2plus_vs_1	none	1069	L_M1	L	high	29	462087	156830	8.556555482787285	9.204783120501016
C140	Fast	Pre	trim95	2plus_vs_1	none	1070	N_M1	N	low	443	2432078	1790860	8.231018276732183	8.356456369788626
C140	Fast	Pre	trim95	2plus_vs_1	none	1071	N_M1	N	high	295	1854386	1414001	8.399457512481826	8.506674695587778
C141	Fast	Pre	trim95	2plus_vs_1	0.1	1072	E_M1	E	low	253	2185993	1090078	8.337688036752793	8.81128463383471
C141	Fast	Pre	trim95	2plus_vs_1	0.1	1073	E_M1	E	high	253	2189141	1099611	8.345510657083324	8.81209003892857
C141	Fast	Pre	trim95	2plus_vs_1	0.1	1074	G_M1	G	low	95	1440270	455288	8.431999650118088	9.272688110882896
C141	Fast	Pre	trim95	2plus_vs_1	0.1	1075	G_M1	G	high	95	1431641	457213	8.43470394500783	9.265533014490003
C141	Fast	Pre	trim95	2plus_vs_1	0.1	1076	I_M1	I	low	403	1961951	1444235	8.142024104727902	8.339604199786526
C141	Fast	Pre	trim95	2plus_vs_1	0.1	1077	I_M1	I	high	403	1967979	1452178	8.145628023022317	8.340254875399422
C141	Fast	Pre	trim95	2plus_vs_1	0.1	1078	J_M1	J	low	585	2946061	2416606	8.29784979374858	8.375881311803637
C141	Fast	Pre	trim95	2plus_vs_1	0.1	1079	J_M1	J	high	585	2957579	2430096	8.30191527391754	8.378262803011854
C141	Fast	Pre	trim95	2plus_vs_1	0.1	1080	L_M1	L	low	5	105696	27673	8.604601654825448	9.588077621768434
C141	Fast	Pre	trim95	2plus_vs_1	0.1	1081	L_M1	L	high	5	97231	28339	8.617484767269584	9.528729394297331
C141	Fast	Pre	trim95	2plus_vs_1	0.1	1082	N_M1	N	low	245	1546823	1103677	8.358307690199995	8.531294975656799
C141	Fast	Pre	trim95	2plus_vs_1	0.1	1083	N_M1	N	high	245	1553198	1113509	8.365680872329111	8.529337223861505
C142	Fast	Pre	trim95	2plus_vs_1	0.2	1084	E_M1	E	low	266	2267798	1139758	8.329396250813895	8.794455827988264
C142	Fast	Pre	trim95	2plus_vs_1	0.2	1085	E_M1	E	high	266	2267690	1158908	8.341978540657752	8.792088551317244
C142	Fast	Pre	trim95	2plus_vs_1	0.2	1086	G_M1	G	low	123	1692080	572540	8.395800091692312	9.138311852417372
C142	Fast	Pre	trim95	2plus_vs_1	0.2	1087	G_M1	G	high	123	1673321	586947	8.411747019917854	9.132426830850198
C142	Fast	Pre	trim95	2plus_vs_1	0.2	1088	I_M1	I	low	437	2090212	1554384	8.131686408378565	8.318832868725869
C142	Fast	Pre	trim95	2plus_vs_1	0.2	1089	I_M1	I	high	437	2103819	1589207	8.150000652894365	8.32415891111439
C142	Fast	Pre	trim95	2plus_vs_1	0.2	1090	J_M1	J	low	606	3009462	2497794	8.294432164209494	8.356285566925774
C142	Fast	Pre	trim95	2plus_vs_1	0.2	1091	J_M1	J	high	606	3024428	2523145	8.301998949634264	8.358982262273862
C142	Fast	Pre	trim95	2plus_vs_1	0.2	1092	L_M1	L	low	9	145007	48706	8.575664924502961	9.223389757086213
C142	Fast	Pre	trim95	2plus_vs_1	0.2	1093	L_M1	L	high	9	133644	49602	8.593781666839144	9.173362329196419
C142	Fast	Pre	trim95	2plus_vs_1	0.2	1094	N_M1	N	low	276	1691875	1239177	8.348775227785213	8.494696247035211
C142	Fast	Pre	trim95	2plus_vs_1	0.2	1095	N_M1	N	high	276	1701833	1273843	8.369303780402742	8.493560607438143
C143	Fast	Pre	trim95	2plus_vs_1	0.3	1096	E_M1	E	low	270	2287726	1154512	8.326698349039216	8.787979699263856
C143	Fast	Pre	trim95	2plus_vs_1	0.3	1097	E_M1	E	high	270	2285963	1178044	8.341550918734189	8.783956645434493
C143	Fast	Pre	trim95	2plus_vs_1	0.3	1098	G_M1	G	low	131	1745055	600206	8.374123794071883	9.085483973395258
C143	Fast	Pre	trim95	2plus_vs_1	0.3	1099	G_M1	G	high	131	1703464	619591	8.396853988664985	9.063718774965713
C143	Fast	Pre	trim95	2plus_vs_1	0.3	1100	I_M1	I	low	442	2109279	1566720	8.12736282268731	8.3145025037718
C143	Fast	Pre	trim95	2plus_vs_1	0.3	1101	I_M1	I	high	442	2121892	1610923	8.149931976930958	8.319058618795834
C143	Fast	Pre	trim95	2plus_vs_1	0.3	1102	J_M1	J	low	607	3010971	2501422	8.294271176141956	8.35451245767694
C143	Fast	Pre	trim95	2plus_vs_1	0.3	1103	J_M1	J	high	607	3025667	2526056	8.30146286472435	8.356912273960026
C143	Fast	Pre	trim95	2plus_vs_1	0.3	1104	L_M1	L	low	13	199108	65681	8.496669026105453	9.210901540392433
C143	Fast	Pre	trim95	2plus_vs_1	0.3	1105	L_M1	L	high	13	191313	64153	8.451192847400282	9.169972302230743
C143	Fast	Pre	trim95	2plus_vs_1	0.3	1106	N_M1	N	low	287	1759990	1292967	8.353980299582618	8.496759720739677
C143	Fast	Pre	trim95	2plus_vs_1	0.3	1107	N_M1	N	high	287	1782561	1355979	8.389803728095838	8.50006500721569
C144	Fast	Pre	trim95	3plus_vs_1	none	1108	E_M1	E	low	474	3801072	1830537	8.211452730363048	8.736236528434047
C144	Fast	Pre	trim95	3plus_vs_1	none	1109	E_M1	E	high	116	948331	517981	8.362927470618109	8.739629705812114
C144	Fast	Pre	trim95	3plus_vs_1	none	1110	G_M1	G	low	138	1797699	625186	8.360894014012146	9.062079349533736
C144	Fast	Pre	trim95	3plus_vs_1	none	1111	G_M1	G	high	79	955707	401554	8.479733435901919	8.930363959055088
C144	Fast	Pre	trim95	3plus_vs_1	none	1112	I_M1	I	low	490	2260045	1690343	8.094880926640053	8.271397235892904
C144	Fast	Pre	trim95	3plus_vs_1	none	1113	I_M1	I	high	262	1326035	1024825	8.23221227654981	8.375293581384975
C144	Fast	Pre	trim95	3plus_vs_1	none	1114	J_M1	J	low	819	4039005	3173048	8.225268371790486	8.35472688213219
C144	Fast	Pre	trim95	3plus_vs_1	none	1115	J_M1	J	high	258	1299477	1099739	8.326537448749555	8.363478187562782
C144	Fast	Pre	trim95	3plus_vs_1	none	1116	L_M1	L	low	16	231757	76902	8.445647573742662	9.12946842655928
C144	Fast	Pre	trim95	3plus_vs_1	none	1117	L_M1	L	high	14	234213	79194	8.605644711223531	9.240316774487042
C144	Fast	Pre	trim95	3plus_vs_1	none	1118	N_M1	N	low	443	2432078	1790860	8.231018276732183	8.356456369788626
C144	Fast	Pre	trim95	3plus_vs_1	none	1119	N_M1	N	high	102	710277	545510	8.518946850712467	8.60965849859231
C145	Fast	Pre	trim95	3plus_vs_1	0.1	1120	E_M1	E	low	109	915376	480251	8.359305703657855	8.771511245510307
C145	Fast	Pre	trim95	3plus_vs_1	0.1	1121	E_M1	E	high	109	916818	482223	8.361850790710722	8.773151910709787
C145	Fast	Pre	trim95	3plus_vs_1	0.1	1122	G_M1	G	low	55	795128	271318	8.46261498844051	9.200905122591472
C145	Fast	Pre	trim95	3plus_vs_1	0.1	1123	G_M1	G	high	55	792233	274270	8.471924891650255	9.196535558766593
C145	Fast	Pre	trim95	3plus_vs_1	0.1	1124	I_M1	I	low	247	1235894	949921	8.219904444778983	8.368238493750656
C145	Fast	Pre	trim95	3plus_vs_1	0.1	1125	I_M1	I	high	247	1241309	954181	8.223066726959702	8.369967123701421
C145	Fast	Pre	trim95	3plus_vs_1	0.1	1126	J_M1	J	low	253	1285553	1079611	8.331026696011776	8.377765797044189
C145	Fast	Pre	trim95	3plus_vs_1	0.1	1127	J_M1	J	high	253	1286773	1082358	8.332745864169853	8.377676952513395
C145	Fast	Pre	trim95	3plus_vs_1	0.1	1128	L_M1	L	low	3	62325	16696	8.624184463760539	9.577763780393886
C145	Fast	Pre	trim95	3plus_vs_1	0.1	1129	L_M1	L	high	3	56604	16984	8.63832783665203	9.511551025019115
C145	Fast	Pre	trim95	3plus_vs_1	0.1	1130	N_M1	N	low	89	640231	448992	8.470040961603047	8.663876174230525
C145	Fast	Pre	trim95	3plus_vs_1	0.1	1131	N_M1	N	high	89	645794	453462	8.479041523226131	8.664373424413231
C146	Fast	Pre	trim95	3plus_vs_1	0.2	1132	E_M1	E	low	116	947410	511196	8.354660339978473	8.739782195253918
C146	Fast	Pre	trim95	3plus_vs_1	0.2	1133	E_M1	E	high	116	948331	517981	8.36292747061811	8.739629705812112
C146	Fast	Pre	trim95	3plus_vs_1	0.2	1134	G_M1	G	low	69	937550	337966	8.449278497010573	9.10550737327741
C146	Fast	Pre	trim95	3plus_vs_1	0.2	1135	G_M1	G	high	69	928713	344764	8.461304015136172	9.098074465635877
C146	Fast	Pre	trim95	3plus_vs_1	0.2	1136	I_M1	I	low	261	1307099	1011700	8.225879544863316	8.368815673819098
C146	Fast	Pre	trim95	3plus_vs_1	0.2	1137	I_M1	I	high	261	1318091	1020299	8.231501155971701	8.373456362797883
C146	Fast	Pre	trim95	3plus_vs_1	0.2	1138	J_M1	J	low	258	1298484	1096340	8.324865021411101	8.36421001845178
C146	Fast	Pre	trim95	3plus_vs_1	0.2	1139	J_M1	J	high	258	1299477	1099739	8.326537448749555	8.363478187562782
C146	Fast	Pre	trim95	3plus_vs_1	0.2	1140	L_M1	L	low	6	106592	35592	8.680171994634511	9.271799153108638
C146	Fast	Pre	trim95	3plus_vs_1	0.2	1141	L_M1	L	high	6	98964	36529	8.701382388365873	9.210332265249834
C146	Fast	Pre	trim95	3plus_vs_1	0.2	1142	N_M1	N	low	100	694809	514690	8.488000750840765	8.615221687341034
C146	Fast	Pre	trim95	3plus_vs_1	0.2	1143	N_M1	N	high	100	697450	527513	8.507227308687545	8.613427261298092
C147	Fast	Pre	trim95	3plus_vs_1	0.3	1144	E_M1	E	low	116	947410	511196	8.354660339978473	8.739782195253918
C147	Fast	Pre	trim95	3plus_vs_1	0.3	1145	E_M1	E	high	116	948331	517981	8.36292747061811	8.739629705812112
C147	Fast	Pre	trim95	3plus_vs_1	0.3	1146	G_M1	G	low	75	955578	365081	8.445192304111522	9.007803699410786
C147	Fast	Pre	trim95	3plus_vs_1	0.3	1147	G_M1	G	high	75	946244	373281	8.459930353233492	8.997025535822607
C147	Fast	Pre	trim95	3plus_vs_1	0.3	1148	I_M1	I	low	262	1315297	1015354	8.225795467868357	8.370784883943648
C147	Fast	Pre	trim95	3plus_vs_1	0.3	1149	I_M1	I	high	262	1326035	1024825	8.232212276549811	8.375293581384975
C147	Fast	Pre	trim95	3plus_vs_1	0.3	1150	J_M1	J	low	258	1298484	1096340	8.324865021411101	8.36421001845178
C147	Fast	Pre	trim95	3plus_vs_1	0.3	1151	J_M1	J	high	258	1299477	1099739	8.326537448749555	8.363478187562782
C147	Fast	Pre	trim95	3plus_vs_1	0.3	1152	L_M1	L	low	9	138288	48778	8.57762048708108	9.181732379311812
C147	Fast	Pre	trim95	3plus_vs_1	0.3	1153	L_M1	L	high	9	135099	48131	8.541725837977237	9.142159804769058
C147	Fast	Pre	trim95	3plus_vs_1	0.3	1154	N_M1	N	low	101	697317	521933	8.491960434683959	8.60662706634281
C147	Fast	Pre	trim95	3plus_vs_1	0.3	1155	N_M1	N	high	101	699976	536519	8.51315334852018	8.60516194333797
C148	Fast	Pre	trim95	4plus_vs_1	none	1156	E_M1	E	low	474	3801072	1830537	8.211452730363048	8.736236528434047
C148	Fast	Pre	trim95	4plus_vs_1	none	1157	E_M1	E	high	43	346980	206886	8.44358189607015	8.733742991618781
C148	Fast	Pre	trim95	4plus_vs_1	none	1158	G_M1	G	low	138	1797699	625186	8.360894014012146	9.062079349533736
C148	Fast	Pre	trim95	4plus_vs_1	none	1159	G_M1	G	high	34	393799	189134	8.586631781447768	8.892840874761973
C148	Fast	Pre	trim95	4plus_vs_1	none	1160	I_M1	I	low	490	2260045	1690343	8.094880926640053	8.271397235892904
C148	Fast	Pre	trim95	4plus_vs_1	none	1161	I_M1	I	high	115	591600	451410	8.236789902053083	8.39172762862982
C148	Fast	Pre	trim95	4plus_vs_1	none	1162	J_M1	J	low	819	4039005	3173048	8.225268371790486	8.35472688213219
C148	Fast	Pre	trim95	4plus_vs_1	none	1163	J_M1	J	high	113	571674	487530	8.343360233519295	8.364015084882737
C148	Fast	Pre	trim95	4plus_vs_1	none	1164	L_M1	L	low	16	231757	76902	8.445647573742662	9.12946842655928
C148	Fast	Pre	trim95	4plus_vs_1	none	1165	L_M1	L	high	7	110581	39724	8.615581709982353	9.207464135744226
C148	Fast	Pre	trim95	4plus_vs_1	none	1166	N_M1	N	low	443	2432078	1790860	8.231018276732183	8.356456369788626
C148	Fast	Pre	trim95	4plus_vs_1	none	1167	N_M1	N	high	27	176506	147750	8.569564917441097	8.576328753243788
C149	Fast	Pre	trim95	4plus_vs_1	0.1	1168	E_M1	E	low	40	335448	184476	8.406177321987668	8.778553132626792
C149	Fast	Pre	trim95	4plus_vs_1	0.1	1169	E_M1	E	high	40	333900	186820	8.416243700403097	8.777075356495128
C149	Fast	Pre	trim95	4plus_vs_1	0.1	1170	G_M1	G	low	24	344898	128102	8.558285430360812	9.236968825070356
C149	Fast	Pre	trim95	4plus_vs_1	0.1	1171	G_M1	G	high	24	343892	130945	8.577725914115488	9.239343869820926
C149	Fast	Pre	trim95	4plus_vs_1	0.1	1172	I_M1	I	low	113	578158	437341	8.225871729026359	8.393402683010907
C149	Fast	Pre	trim95	4plus_vs_1	0.1	1173	I_M1	I	high	113	581435	439924	8.229435145816469	8.395165888924835
C149	Fast	Pre	trim95	4plus_vs_1	0.1	1174	J_M1	J	low	113	572433	486840	8.342202593800552	8.366901658930564
C149	Fast	Pre	trim95	4plus_vs_1	0.1	1175	J_M1	J	high	113	571674	487530	8.343360233519295	8.36401508488274
C149	Fast	Pre	trim95	4plus_vs_1	0.1	1176	L_M1	L	low	2	43449	10947	8.60779912874511	9.61101594686085
C149	Fast	Pre	trim95	4plus_vs_1	0.1	1177	L_M1	L	high	2	39766	11762	8.679579262614247	9.560951325492054
C149	Fast	Pre	trim95	4plus_vs_1	0.1	1178	N_M1	N	low	23	164054	120553	8.52999501298196	8.69685516509228
C149	Fast	Pre	trim95	4plus_vs_1	0.1	1179	N_M1	N	high	23	164268	119998	8.525751393387589	8.692385756179153
C150	Fast	Pre	trim95	4plus_vs_1	0.2	1180	E_M1	E	low	43	347772	201799	8.422984655405806	8.733003135415027
C150	Fast	Pre	trim95	4plus_vs_1	0.2	1181	E_M1	E	high	43	346980	206886	8.44358189607015	8.733742991618781
C150	Fast	Pre	trim95	4plus_vs_1	0.2	1182	G_M1	G	low	31	387155	164989	8.549262051559914	9.011858475862262
C150	Fast	Pre	trim95	4plus_vs_1	0.2	1183	G_M1	G	high	31	386529	170575	8.574348455239958	9.011355949422972
C150	Fast	Pre	trim95	4plus_vs_1	0.2	1184	I_M1	I	low	115	586793	448880	8.233387679363027	8.387662658136751
C150	Fast	Pre	trim95	4plus_vs_1	0.2	1185	I_M1	I	high	115	591600	451410	8.236789902053083	8.39172762862982
C150	Fast	Pre	trim95	4plus_vs_1	0.2	1186	J_M1	J	low	113	572433	486840	8.342202593800552	8.366901658930564
C150	Fast	Pre	trim95	4plus_vs_1	0.2	1187	J_M1	J	high	113	571674	487530	8.343360233519295	8.36401508488274
C150	Fast	Pre	trim95	4plus_vs_1	0.2	1188	L_M1	L	low	3	69668	17870	8.68611572459544	9.672384807193234
C150	Fast	Pre	trim95	4plus_vs_1	0.2	1189	L_M1	L	high	3	62716	17793	8.687997478305428	9.598617081705722
C150	Fast	Pre	trim95	4plus_vs_1	0.2	1190	N_M1	N	low	27	176023	146370	8.56526784787687	8.577083566562658
C150	Fast	Pre	trim95	4plus_vs_1	0.2	1191	N_M1	N	high	27	176506	147750	8.569564917441097	8.576328753243788
C151	Fast	Pre	trim95	4plus_vs_1	0.3	1192	E_M1	E	low	43	347772	201799	8.422984655405806	8.733003135415027
C151	Fast	Pre	trim95	4plus_vs_1	0.3	1193	E_M1	E	high	43	346980	206886	8.44358189607015	8.733742991618781
C151	Fast	Pre	trim95	4plus_vs_1	0.3	1194	G_M1	G	low	33	391668	174045	8.540962579249848	8.928339522452717
C151	Fast	Pre	trim95	4plus_vs_1	0.3	1195	G_M1	G	high	33	390758	181298	8.575117247944585	8.921098973113885
C151	Fast	Pre	trim95	4plus_vs_1	0.3	1196	I_M1	I	low	115	586793	448880	8.233387679363027	8.387662658136751
C151	Fast	Pre	trim95	4plus_vs_1	0.3	1197	I_M1	I	high	115	591600	451410	8.236789902053083	8.39172762862982
C151	Fast	Pre	trim95	4plus_vs_1	0.3	1198	J_M1	J	low	113	572433	486840	8.342202593800552	8.366901658930564
C151	Fast	Pre	trim95	4plus_vs_1	0.3	1199	J_M1	J	high	113	571674	487530	8.343360233519295	8.36401508488274
C151	Fast	Pre	trim95	4plus_vs_1	0.3	1200	L_M1	L	low	5	87900	27478	8.598612175788592	9.370382368306306
C151	Fast	Pre	trim95	4plus_vs_1	0.3	1201	L_M1	L	high	5	78707	25787	8.528940937115307	9.272553402377882
C151	Fast	Pre	trim95	4plus_vs_1	0.3	1202	N_M1	N	low	27	176023	146370	8.56526784787687	8.577083566562658
C151	Fast	Pre	trim95	4plus_vs_1	0.3	1203	N_M1	N	high	27	176506	147750	8.569564917441097	8.576328753243788
C152	Fast	Pre	trim95	3plus_vs_1to2	none	1204	E_M1	E	low	629	5141018	2491461	8.237054071429696	8.754444184485086
C152	Fast	Pre	trim95	3plus_vs_1to2	none	1205	E_M1	E	high	116	948331	517981	8.362927470618109	8.739629705812114
C152	Fast	Pre	trim95	3plus_vs_1to2	none	1206	G_M1	G	low	218	2959666	991334	8.362621861965245	9.111639967614098
C152	Fast	Pre	trim95	3plus_vs_1to2	none	1207	G_M1	G	high	79	955707	401554	8.479733435901919	8.930363959055088
C152	Fast	Pre	trim95	3plus_vs_1to2	none	1208	I_M1	I	low	771	3659636	2702069	8.110439293876604	8.304748842716211
C152	Fast	Pre	trim95	3plus_vs_1to2	none	1209	I_M1	I	high	262	1326035	1024825	8.23221227654981	8.375293581384975
C152	Fast	Pre	trim95	3plus_vs_1to2	none	1210	J_M1	J	low	1176	5815033	4641853	8.244764374055766	8.355896596127106
C152	Fast	Pre	trim95	3plus_vs_1to2	none	1211	J_M1	J	high	258	1299477	1099739	8.326537448749555	8.363478187562782
C152	Fast	Pre	trim95	3plus_vs_1to2	none	1212	L_M1	L	low	31	459631	154538	8.47714336205111	9.149863563763207
C152	Fast	Pre	trim95	3plus_vs_1to2	none	1213	L_M1	L	high	14	234213	79194	8.605644711223531	9.240316774487042
C152	Fast	Pre	trim95	3plus_vs_1to2	none	1214	N_M1	N	low	636	3576187	2659351	8.262969314468275	8.38552522037475
C152	Fast	Pre	trim95	3plus_vs_1to2	none	1215	N_M1	N	high	102	710277	545510	8.518946850712467	8.60965849859231
C153	Fast	Pre	trim95	3plus_vs_1to2	0.1	1216	E_M1	E	low	113	932371	505658	8.372574978443197	8.755342512764495
C153	Fast	Pre	trim95	3plus_vs_1to2	0.1	1217	E_M1	E	high	113	934720	508016	8.376277501077578	8.755805033928464
C153	Fast	Pre	trim95	3plus_vs_1to2	0.1	1218	G_M1	G	low	62	875155	308150	8.465460148432227	9.179073930175708
C153	Fast	Pre	trim95	3plus_vs_1to2	0.1	1219	G_M1	G	high	62	877042	309154	8.466680341333403	9.177489081750139
C153	Fast	Pre	trim95	3plus_vs_1to2	0.1	1220	I_M1	I	low	261	1315263	1020116	8.233926208047455	8.37329803804665
C153	Fast	Pre	trim95	3plus_vs_1to2	0.1	1221	I_M1	I	high	261	1323824	1023126	8.235253766000023	8.378084624258365
C153	Fast	Pre	trim95	3plus_vs_1to2	0.1	1222	J_M1	J	low	256	1295036	1089715	8.32724363546041	8.369291392544074
C153	Fast	Pre	trim95	3plus_vs_1to2	0.1	1223	J_M1	J	high	256	1294129	1091557	8.328289657107632	8.367832065203672
C153	Fast	Pre	trim95	3plus_vs_1to2	0.1	1224	L_M1	L	low	6	109134	33574	8.627443219673554	9.261253126177904
C153	Fast	Pre	trim95	3plus_vs_1to2	0.1	1225	L_M1	L	high	6	106858	34366	8.650937037558274	9.26480227770834
C153	Fast	Pre	trim95	3plus_vs_1to2	0.1	1226	N_M1	N	low	98	683114	506142	8.489499420526709	8.620207298315979
C153	Fast	Pre	trim95	3plus_vs_1to2	0.1	1227	N_M1	N	high	98	687381	510213	8.495912838845562	8.616558511677411
C154	Fast	Pre	trim95	3plus_vs_1to2	0.2	1228	E_M1	E	low	116	945442	515779	8.360183082417903	8.74003572321969
C154	Fast	Pre	trim95	3plus_vs_1to2	0.2	1229	E_M1	E	high	116	948331	517981	8.36292747061811	8.739629705812114
C154	Fast	Pre	trim95	3plus_vs_1to2	0.2	1230	G_M1	G	low	73	941524	359593	8.454549710670436	9.041343092340835
C154	Fast	Pre	trim95	3plus_vs_1to2	0.2	1231	G_M1	G	high	73	941688	365399	8.46515105367355	9.037481038965389
C154	Fast	Pre	trim95	3plus_vs_1to2	0.2	1232	I_M1	I	low	262	1317448	1023111	8.232424417252053	8.370463294828566
C154	Fast	Pre	trim95	3plus_vs_1to2	0.2	1233	I_M1	I	high	262	1326035	1024825	8.23221227654981	8.375293581384977
C154	Fast	Pre	trim95	3plus_vs_1to2	0.2	1234	J_M1	J	low	258	1300325	1097348	8.325471240508827	8.364612754630587
C154	Fast	Pre	trim95	3plus_vs_1to2	0.2	1235	J_M1	J	high	258	1299477	1099739	8.326537448749555	8.363478187562782
C154	Fast	Pre	trim95	3plus_vs_1to2	0.2	1236	L_M1	L	low	10	187233	58574	8.666677868175118	9.34406619797133
C154	Fast	Pre	trim95	3plus_vs_1to2	0.2	1237	L_M1	L	high	10	183981	58316	8.656570400152882	9.337078812861142
C154	Fast	Pre	trim95	3plus_vs_1to2	0.2	1238	N_M1	N	low	102	711979	537271	8.507347701668907	8.616019012258887
C154	Fast	Pre	trim95	3plus_vs_1to2	0.2	1239	N_M1	N	high	102	710277	545510	8.518946850712469	8.609658498592308
C155	Fast	Pre	trim95	3plus_vs_1to2	0.3	1240	E_M1	E	low	116	945442	515779	8.360183082417903	8.74003572321969
C155	Fast	Pre	trim95	3plus_vs_1to2	0.3	1241	E_M1	E	high	116	948331	517981	8.36292747061811	8.739629705812114
C155	Fast	Pre	trim95	3plus_vs_1to2	0.3	1242	G_M1	G	low	77	951189	377611	8.450986220677168	8.971512975508817
C155	Fast	Pre	trim95	3plus_vs_1to2	0.3	1243	G_M1	G	high	77	950996	388743	8.472738152489988	8.962884758330654
C155	Fast	Pre	trim95	3plus_vs_1to2	0.3	1244	I_M1	I	low	262	1317448	1023111	8.232424417252053	8.370463294828566
C155	Fast	Pre	trim95	3plus_vs_1to2	0.3	1245	I_M1	I	high	262	1326035	1024825	8.23221227654981	8.375293581384977
C155	Fast	Pre	trim95	3plus_vs_1to2	0.3	1246	J_M1	J	low	258	1300325	1097348	8.325471240508827	8.364612754630587
C155	Fast	Pre	trim95	3plus_vs_1to2	0.3	1247	J_M1	J	high	258	1299477	1099739	8.326537448749555	8.363478187562782
C155	Fast	Pre	trim95	3plus_vs_1to2	0.3	1248	L_M1	L	low	13	228279	71693	8.59784894129707	9.313633445895517
C155	Fast	Pre	trim95	3plus_vs_1to2	0.3	1249	L_M1	L	high	13	229977	70947	8.57394614857174	9.315608338032469
C155	Fast	Pre	trim95	3plus_vs_1to2	0.3	1250	N_M1	N	low	102	711979	537271	8.507347701668907	8.616019012258887
C155	Fast	Pre	trim95	3plus_vs_1to2	0.3	1251	N_M1	N	high	102	710277	545510	8.518946850712469	8.609658498592308
C156	Fast	Pre	trim95	positive_q25	none	1252	E_M1	E	low	187	1600885	938921	8.514285735735335	8.80476018286029
C156	Fast	Pre	trim95	positive_q25	none	1253	E_M1	E	high	187	1496826	699190	8.153224964505965	8.710626931155462
C156	Fast	Pre	trim95	positive_q25	none	1254	G_M1	G	low	75	986365	419519	8.618005054141044	9.087261011736404
C156	Fast	Pre	trim95	positive_q25	none	1255	G_M1	G	high	75	906927	291255	8.179627645070093	8.938425086064731
C156	Fast	Pre	trim95	positive_q25	none	1256	I_M1	I	low	259	1230500	1107839	8.345738395475172	8.29655688119646
C156	Fast	Pre	trim95	positive_q25	none	1257	I_M1	I	high	260	1246470	833907	8.019271753959416	8.320684329976642
C156	Fast	Pre	trim95	positive_q25	none	1258	J_M1	J	low	359	1783469	1730693	8.47346797620166	8.355801291850751
C156	Fast	Pre	trim95	positive_q25	none	1259	J_M1	J	high	359	1792841	1318296	8.16928605478928	8.361143820617416
C156	Fast	Pre	trim95	positive_q25	none	1260	L_M1	L	low	12	168808	63378	8.553579674378511	9.11161048986225
C156	Fast	Pre	trim95	positive_q25	none	1261	L_M1	L	high	12	193578	54971	8.38386349452427	9.137431664089485
C156	Fast	Pre	trim95	positive_q25	none	1262	N_M1	N	low	185	1159948	1023240	8.59931045680415	8.501012726811384
C156	Fast	Pre	trim95	positive_q25	none	1263	N_M1	N	high	185	990163	619393	8.014327113440633	8.342047402395153
C157	Fast	Pre	trim95	positive_q25	0.1	1264	E_M1	E	low	78	666184	381592	8.487430728267514	8.788809659924217
C157	Fast	Pre	trim95	positive_q25	0.1	1265	E_M1	E	high	78	668690	379123	8.477506123621863	8.790306358930296
C157	Fast	Pre	trim95	positive_q25	0.1	1266	G_M1	G	low	23	331197	125318	8.591180389618819	9.203533274671313
C157	Fast	Pre	trim95	positive_q25	0.1	1267	G_M1	G	high	23	337309	126697	8.597443968935208	9.208979497528949
C157	Fast	Pre	trim95	positive_q25	0.1	1268	I_M1	I	low	143	725209	568209	8.27505634249028	8.385282485670855
C157	Fast	Pre	trim95	positive_q25	0.1	1269	I_M1	I	high	143	724116	561155	8.258951760246301	8.381430406967661
C157	Fast	Pre	trim95	positive_q25	0.1	1270	J_M1	J	low	153	777769	712252	8.43909576827385	8.380473408629626
C157	Fast	Pre	trim95	positive_q25	0.1	1271	J_M1	J	high	153	777841	704515	8.426104731810048	8.37995836640928
C157	Fast	Pre	trim95	positive_q25	0.1	1272	L_M1	L	low	2	43449	10947	8.60779912874511	9.61101594686085
C157	Fast	Pre	trim95	positive_q25	0.1	1273	L_M1	L	high	2	39538	10860	8.597424737271579	9.538413910190396
C157	Fast	Pre	trim95	positive_q25	0.1	1274	N_M1	N	low	49	350780	253528	8.539755872332428	8.690906577620309
C157	Fast	Pre	trim95	positive_q25	0.1	1275	N_M1	N	high	49	350334	250003	8.524280693794717	8.684386848979596
C158	Fast	Pre	trim95	positive_q25	0.2	1276	E_M1	E	low	114	948028	550275	8.474944773650359	8.767766835446158
C158	Fast	Pre	trim95	positive_q25	0.2	1277	E_M1	E	high	114	954014	520573	8.407675720555062	8.769217717341789
C158	Fast	Pre	trim95	positive_q25	0.2	1278	G_M1	G	low	31	439631	167718	8.584730947780919	9.16719113216302
C158	Fast	Pre	trim95	positive_q25	0.2	1279	G_M1	G	high	31	446444	165422	8.560937186574387	9.16513631377348
C158	Fast	Pre	trim95	positive_q25	0.2	1280	I_M1	I	low	165	810237	654591	8.274489421804128	8.347005077523898
C158	Fast	Pre	trim95	positive_q25	0.2	1281	I_M1	I	high	165	816526	628045	8.225405483366782	8.354281020424942
C158	Fast	Pre	trim95	positive_q25	0.2	1282	J_M1	J	low	223	1134408	1016436	8.419246973828871	8.383166174592183
C158	Fast	Pre	trim95	positive_q25	0.2	1283	J_M1	J	high	223	1138141	946796	8.339049983911629	8.384732468409984
C158	Fast	Pre	trim95	positive_q25	0.2	1284	L_M1	L	low	5	90932	28591	8.645416173258491	9.248796680711974
C158	Fast	Pre	trim95	positive_q25	0.2	1285	L_M1	L	high	5	85752	28148	8.633340533097845	9.191988469638748
C158	Fast	Pre	trim95	positive_q25	0.2	1286	N_M1	N	low	74	489248	374586	8.517900097343485	8.602263265247966
C158	Fast	Pre	trim95	positive_q25	0.2	1287	N_M1	N	high	74	491653	356642	8.457149808538503	8.598274876974461
C159	Fast	Pre	trim95	positive_q25	0.3	1288	E_M1	E	low	130	1091750	627808	8.476167614298909	8.778185426076009
C159	Fast	Pre	trim95	positive_q25	0.3	1289	E_M1	E	high	130	1087040	573053	8.369207529146351	8.772527087867289
C159	Fast	Pre	trim95	positive_q25	0.3	1290	G_M1	G	low	40	518675	211360	8.56208485342164	9.042663664701282
C159	Fast	Pre	trim95	positive_q25	0.3	1291	G_M1	G	high	40	523467	200323	8.491770484359213	9.028130867358017
C159	Fast	Pre	trim95	positive_q25	0.3	1292	I_M1	I	low	191	950494	766363	8.286509893425428	8.361422449947804
C159	Fast	Pre	trim95	positive_q25	0.3	1293	I_M1	I	high	191	945427	690473	8.166737662303095	8.358474291182024
C159	Fast	Pre	trim95	positive_q25	0.3	1294	J_M1	J	low	277	1403393	1276534	8.43086221195029	8.38125095686622
C159	Fast	Pre	trim95	positive_q25	0.3	1295	J_M1	J	high	277	1402226	1107747	8.274303344939232	8.3760080958513
C159	Fast	Pre	trim95	positive_q25	0.3	1296	L_M1	L	low	7	109164	38199	8.594542081635582	9.154105831930242
C159	Fast	Pre	trim95	positive_q25	0.3	1297	L_M1	L	high	7	101743	36142	8.535344988021354	9.075265444995143
C159	Fast	Pre	trim95	positive_q25	0.3	1298	N_M1	N	low	89	577535	445698	8.508654167132134	8.575074938753623
C159	Fast	Pre	trim95	positive_q25	0.3	1299	N_M1	N	high	89	578971	407308	8.401148392356793	8.56606337841571
C160	Fast	Pre	trim95	positive_q33	none	1300	E_M1	E	low	249	2128484	1181383	8.453765033333937	8.802761610747972
C160	Fast	Pre	trim95	positive_q33	none	1301	E_M1	E	high	248	1993846	925356	8.155846999773212	8.715721426870804
C160	Fast	Pre	trim95	positive_q33	none	1302	G_M1	G	low	99	1295596	521320	8.550848760307414	9.078194283235664
C160	Fast	Pre	trim95	positive_q33	none	1303	G_M1	G	high	99	1275989	396276	8.215594264417042	9.006257041688306
C160	Fast	Pre	trim95	positive_q33	none	1304	I_M1	I	low	345	1632139	1396343	8.282668122324178	8.295571400075376
C160	Fast	Pre	trim95	positive_q33	none	1305	I_M1	I	high	344	1676576	1121516	8.037103067173831	8.339030113977877
C160	Fast	Pre	trim95	positive_q33	none	1306	J_M1	J	low	478	2350209	2181218	8.415090546446331	8.343690759210057
C160	Fast	Pre	trim95	positive_q33	none	1307	J_M1	J	high	478	2374751	1783087	8.18374590568684	8.3564214677359
C160	Fast	Pre	trim95	positive_q33	none	1308	L_M1	L	low	15	211322	78062	8.528921856793927	9.099580409404627
C160	Fast	Pre	trim95	positive_q33	none	1309	L_M1	L	high	15	229723	73127	8.438885821811349	9.114191888264717
C160	Fast	Pre	trim95	positive_q33	none	1310	N_M1	N	low	246	1495581	1303023	8.54932984823087	8.45867543238686
C160	Fast	Pre	trim95	positive_q33	none	1311	N_M1	N	high	247	1381671	875652	8.074684231093773	8.38783350499041
C161	Fast	Pre	trim95	positive_q33	0.1	1312	E_M1	E	low	143	1265018	645996	8.404282527673091	8.842721469115633
C161	Fast	Pre	trim95	positive_q33	0.1	1313	E_M1	E	high	143	1269285	641742	8.39529615288038	8.841418728875245
C161	Fast	Pre	trim95	positive_q33	0.1	1314	G_M1	G	low	43	660431	218630	8.517135289566461	9.254024198478998
C161	Fast	Pre	trim95	positive_q33	0.1	1315	G_M1	G	high	43	665562	218114	8.507521981518567	9.25561306085181
C161	Fast	Pre	trim95	positive_q33	0.1	1316	I_M1	I	low	229	1156797	869041	8.22312079452304	8.383026613981688
C161	Fast	Pre	trim95	positive_q33	0.1	1317	I_M1	I	high	229	1162513	856718	8.20450678816302	8.385608698103733
C161	Fast	Pre	trim95	positive_q33	0.1	1318	J_M1	J	low	307	1566151	1339958	8.370886724751582	8.389521025600768
C161	Fast	Pre	trim95	positive_q33	0.1	1319	J_M1	J	high	307	1570429	1313004	8.346590701654435	8.391305087041426
C161	Fast	Pre	trim95	positive_q33	0.1	1320	L_M1	L	low	4	79477	20750	8.545064839457783	9.536316395246043
C161	Fast	Pre	trim95	positive_q33	0.1	1321	L_M1	L	high	4	71447	20769	8.538512210431339	9.469749931720315
C161	Fast	Pre	trim95	positive_q33	0.1	1322	N_M1	N	low	111	760641	537078	8.467816626847618	8.628499112490706
C161	Fast	Pre	trim95	positive_q33	0.1	1323	N_M1	N	high	111	758265	531365	8.453840585969681	8.617341084991514
C162	Fast	Pre	trim95	positive_q33	0.2	1324	E_M1	E	low	175	1491304	792694	8.40785611621177	8.797113127424886
C162	Fast	Pre	trim95	positive_q33	0.2	1325	E_M1	E	high	175	1492900	767151	8.366732967189343	8.793609781585744
C162	Fast	Pre	trim95	positive_q33	0.2	1326	G_M1	G	low	55	792805	275723	8.502378048541596	9.170764079675212
C162	Fast	Pre	trim95	positive_q33	0.2	1327	G_M1	G	high	55	801923	270953	8.470971526322996	9.16372483827778
C162	Fast	Pre	trim95	positive_q33	0.2	1328	I_M1	I	low	261	1305567	989533	8.223093063619546	8.372526854298409
C162	Fast	Pre	trim95	positive_q33	0.2	1329	I_M1	I	high	261	1316907	937750	8.157849504655973	8.379655230268312
C162	Fast	Pre	trim95	positive_q33	0.2	1330	J_M1	J	low	369	1849769	1609553	8.371837988472507	8.368938221942983
C162	Fast	Pre	trim95	positive_q33	0.2	1331	J_M1	J	high	369	1862687	1507474	8.296817305230547	8.372699765331959
C162	Fast	Pre	trim95	positive_q33	0.2	1332	L_M1	L	low	7	123744	39646	8.62696256205094	9.291824165493479
C162	Fast	Pre	trim95	positive_q33	0.2	1333	L_M1	L	high	7	117661	38057	8.589414576095917	9.251730607813458
C162	Fast	Pre	trim95	positive_q33	0.2	1334	N_M1	N	low	136	897607	656144	8.465775435652601	8.58341924323651
C162	Fast	Pre	trim95	positive_q33	0.2	1335	N_M1	N	high	136	899486	633790	8.421162475328492	8.576083572296106
C163	Fast	Pre	trim95	positive_q33	0.3	1336	E_M1	E	low	187	1593527	850551	8.41251203730752	8.799401710462
C163	Fast	Pre	trim95	positive_q33	0.3	1337	E_M1	E	high	187	1602574	801864	8.341260388789816	8.79839592272648
C163	Fast	Pre	trim95	positive_q33	0.3	1338	G_M1	G	low	71	985159	354603	8.500422536360798	9.127383927055746
C163	Fast	Pre	trim95	positive_q33	0.3	1339	G_M1	G	high	71	983367	328584	8.40261113444771	9.099827463280812
C163	Fast	Pre	trim95	positive_q33	0.3	1340	I_M1	I	low	276	1371859	1049924	8.22650377997955	8.3611886657615
C163	Fast	Pre	trim95	positive_q33	0.3	1341	I_M1	I	high	276	1374354	963988	8.124449991404477	8.361939128265222
C163	Fast	Pre	trim95	positive_q33	0.3	1342	J_M1	J	low	388	1927663	1699397	8.376161625772903	8.356718485105473
C163	Fast	Pre	trim95	positive_q33	0.3	1343	J_M1	J	high	388	1941712	1549367	8.270640110544434	8.360813166064426
C163	Fast	Pre	trim95	positive_q33	0.3	1344	L_M1	L	low	11	180496	60369	8.584909320373301	9.255591249199533
C163	Fast	Pre	trim95	positive_q33	0.3	1345	L_M1	L	high	11	175485	54663	8.484874664276914	9.217651139756354
C163	Fast	Pre	trim95	positive_q33	0.3	1346	N_M1	N	low	157	1009009	753861	8.462513872192616	8.550987655526926
C163	Fast	Pre	trim95	positive_q33	0.3	1347	N_M1	N	high	157	1004101	696634	8.365293351792474	8.538765208274059
C164	Fast	Pre	trim95	detected_vs_zero	none	1348	E_M1	E	low	772	6060131	2748775	8.120343303071351	8.692221495087413
C164	Fast	Pre	trim95	detected_vs_zero	none	1349	E_M1	E	high	745	6089349	3009442	8.256653151034872	8.752137500557483
C164	Fast	Pre	trim95	detected_vs_zero	none	1350	G_M1	G	low	205	2454370	750987	8.105260935903729	8.935372480032015
C164	Fast	Pre	trim95	detected_vs_zero	none	1351	G_M1	G	high	297	3915373	1392888	8.393772752002274	9.063421770051262
C164	Fast	Pre	trim95	detected_vs_zero	none	1352	I_M1	I	low	654	3052127	2089367	8.010518838213997	8.290429093712884
C164	Fast	Pre	trim95	detected_vs_zero	none	1353	I_M1	I	high	1033	4985671	3726894	8.141324600227408	8.322641119125908
C164	Fast	Pre	trim95	detected_vs_zero	none	1354	J_M1	J	low	1257	6142227	4556086	8.148821076259678	8.343213679070688
C164	Fast	Pre	trim95	detected_vs_zero	none	1355	J_M1	J	high	1434	7114510	5741592	8.259476684565527	8.35726064814273
C164	Fast	Pre	trim95	detected_vs_zero	none	1356	L_M1	L	low	20	349073	95221	8.440379810103483	9.369388113413757
C164	Fast	Pre	trim95	detected_vs_zero	none	1357	L_M1	L	high	45	693844	233732	8.517121559571418	9.178004562655065
C164	Fast	Pre	trim95	detected_vs_zero	none	1358	N_M1	N	low	873	4513454	3071230	8.064118153096976	8.305644292248418
C164	Fast	Pre	trim95	detected_vs_zero	none	1359	N_M1	N	high	738	4286464	3204861	8.298348323542676	8.4165029905349
C165	Fast	Pre	trim95	detected_vs_zero	0.1	1360	E_M1	E	low	609	5011226	2327064	8.205210911822464	8.761777194674732
C165	Fast	Pre	trim95	detected_vs_zero	0.1	1361	E_M1	E	high	609	5005529	2342783	8.210284853264975	8.761327917506135
C165	Fast	Pre	trim95	detected_vs_zero	0.1	1362	G_M1	G	low	145	2044522	610443	8.29715678740892	9.166856415780417
C165	Fast	Pre	trim95	detected_vs_zero	0.1	1363	G_M1	G	high	145	2032118	621709	8.310084666341556	9.167685642127674
C165	Fast	Pre	trim95	detected_vs_zero	0.1	1364	I_M1	I	low	614	2908086	2013872	8.048328587870035	8.30836814833784
C165	Fast	Pre	trim95	detected_vs_zero	0.1	1365	I_M1	I	high	614	2919511	2038459	8.058555542082482	8.310834747339486
C165	Fast	Pre	trim95	detected_vs_zero	0.1	1366	J_M1	J	low	1122	5582311	4238169	8.203557398405225	8.369471043816127
C165	Fast	Pre	trim95	detected_vs_zero	0.1	1367	J_M1	J	high	1122	5586467	4281867	8.212239453065557	8.369407118467908
C165	Fast	Pre	trim95	detected_vs_zero	0.1	1368	L_M1	L	low	12	233660	55988	8.409926217329694	9.51098001755591
C165	Fast	Pre	trim95	detected_vs_zero	0.1	1369	L_M1	L	high	12	230742	56733	8.425648864502703	9.501517211068803
C165	Fast	Pre	trim95	detected_vs_zero	0.1	1370	N_M1	N	low	611	3393260	2436480	8.222504944610796	8.387018583851813
C165	Fast	Pre	trim95	detected_vs_zero	0.1	1371	N_M1	N	high	611	3415952	2462435	8.231198713161469	8.390147622874727
C166	Fast	Pre	trim95	detected_vs_zero	0.2	1372	E_M1	E	low	637	5189211	2426041	8.201194847577947	8.745401806189864
C166	Fast	Pre	trim95	detected_vs_zero	0.2	1373	E_M1	E	high	637	5119433	2488588	8.222825356801089	8.734704270879512
C166	Fast	Pre	trim95	detected_vs_zero	0.2	1374	G_M1	G	low	168	2191799	684915	8.253085669124472	9.05551283969094
C166	Fast	Pre	trim95	detected_vs_zero	0.2	1375	G_M1	G	high	168	2154852	716411	8.290301555586657	9.049157608768436
C166	Fast	Pre	trim95	detected_vs_zero	0.2	1376	I_M1	I	low	637	2995368	2069906	8.036848221282021	8.298474194851295
C166	Fast	Pre	trim95	detected_vs_zero	0.2	1377	I_M1	I	high	637	3004319	2166828	8.073858970209693	8.29791434337064
C166	Fast	Pre	trim95	detected_vs_zero	0.2	1378	J_M1	J	low	1154	5664669	4345332	8.199470130512816	8.351391134916444
C166	Fast	Pre	trim95	detected_vs_zero	0.2	1379	J_M1	J	high	1154	5657554	4445198	8.218753518398676	8.346940192262887
C166	Fast	Pre	trim95	detected_vs_zero	0.2	1380	L_M1	L	low	18	338571	86737	8.452974012816227	9.483162249802747
C166	Fast	Pre	trim95	detected_vs_zero	0.2	1381	L_M1	L	high	18	329492	93601	8.51667379155071	9.464120600965295
C166	Fast	Pre	trim95	detected_vs_zero	0.2	1382	N_M1	N	low	647	3566478	2580336	8.222952934003978	8.375494875534292
C166	Fast	Pre	trim95	detected_vs_zero	0.2	1383	N_M1	N	high	647	3624069	2668781	8.249034297367318	8.381562849822304
C167	Fast	Pre	trim95	detected_vs_zero	0.3	1384	E_M1	E	low	646	5229313	2451805	8.196715464529392	8.734891748431378
C167	Fast	Pre	trim95	detected_vs_zero	0.3	1385	E_M1	E	high	646	5142425	2529978	8.223180862008919	8.721230495455327
C167	Fast	Pre	trim95	detected_vs_zero	0.3	1386	G_M1	G	low	178	2272729	708515	8.224916251061469	9.03531302564037
C167	Fast	Pre	trim95	detected_vs_zero	0.3	1387	G_M1	G	high	178	2204511	784029	8.31220601947079	9.011943714426732
C167	Fast	Pre	trim95	detected_vs_zero	0.3	1388	I_M1	I	low	638	3001122	2071204	8.035488506227772	8.298881801215021
C167	Fast	Pre	trim95	detected_vs_zero	0.3	1389	I_M1	I	high	638	2976574	2220906	8.092984106387101	8.284258163616636
C167	Fast	Pre	trim95	detected_vs_zero	0.3	1390	J_M1	J	low	1158	5673948	4356716	8.198611952345061	8.349044007070141
C167	Fast	Pre	trim95	detected_vs_zero	0.3	1391	J_M1	J	high	1158	5653180	4476501	8.221619674131695	8.34033368844543
C167	Fast	Pre	trim95	detected_vs_zero	0.3	1392	L_M1	L	low	20	349073	95221	8.44037981010348	9.369388113413757
C167	Fast	Pre	trim95	detected_vs_zero	0.3	1393	L_M1	L	high	20	336906	105399	8.52525362939242	9.356984881842017
C167	Fast	Pre	trim95	detected_vs_zero	0.3	1394	N_M1	N	low	658	3607810	2624034	8.22335761179	8.368954428523919
C167	Fast	Pre	trim95	detected_vs_zero	0.3	1395	N_M1	N	high	658	3685923	2758113	8.26227589102006	8.378397761467827
C168	Fast	Post	author	2plus_vs_1	none	1396	E_M2	E	low	392	4220424	1800353	8.371087786561976	8.951700462243073
C168	Fast	Post	author	2plus_vs_1	none	1397	E_M2	E	high	242	2679753	1296314	8.514624106301007	8.983192921085978
C168	Fast	Post	author	2plus_vs_1	none	1398	G_M2	G	low	149	1760325	595799	8.201340497838196	9.006039599201792
C168	Fast	Post	author	2plus_vs_1	none	1399	G_M2	G	high	50	609624	259764	8.432693158744373	9.005290951624588
C168	Fast	Post	author	2plus_vs_1	none	1400	I_M2	I	low	378	1509971	1340675	8.11093108863939	8.14895820983355
C168	Fast	Post	author	2plus_vs_1	none	1401	I_M2	I	high	157	712331	712920	8.310763995706562	8.244534787783511
C168	Fast	Post	author	2plus_vs_1	none	1402	J_M2	J	low	121	1439383	503663	8.290563442931184	9.067884778036994
C168	Fast	Post	author	2plus_vs_1	none	1403	J_M2	J	high	54	665872	249694	8.400681401866404	9.143263786240103
C168	Fast	Post	author	2plus_vs_1	none	1404	L_M2	L	low	25	328679	139608	8.5448393833985	9.158626989271022
C168	Fast	Post	author	2plus_vs_1	none	1405	L_M2	L	high	46	631396	293226	8.709885890259311	9.172602937307044
C168	Fast	Post	author	2plus_vs_1	none	1406	N_M2	N	low	101	1273624	612424	8.55433231304867	9.010392205092053
C168	Fast	Post	author	2plus_vs_1	none	1407	N_M2	N	high	86	1209449	621702	8.760275668763509	9.138260059683931
C169	Fast	Post	author	2plus_vs_1	0.1	1408	E_M2	E	low	200	2329471	993653	8.4662071116448	9.065433044019322
C169	Fast	Post	author	2plus_vs_1	0.1	1409	E_M2	E	high	200	2334753	999873	8.471005344254982	9.062798092398014
C169	Fast	Post	author	2plus_vs_1	0.1	1410	G_M2	G	low	36	428740	147705	8.2693414443686	9.055226432530835
C169	Fast	Post	author	2plus_vs_1	0.1	1411	G_M2	G	high	36	438639	147229	8.266974862689759	9.066653435714963
C169	Fast	Post	author	2plus_vs_1	0.1	1412	I_M2	I	low	136	566197	521731	8.19343133413186	8.196619896332985
C169	Fast	Post	author	2plus_vs_1	0.1	1413	I_M2	I	high	136	569544	524241	8.199364918994181	8.20243134262593
C169	Fast	Post	author	2plus_vs_1	0.1	1414	J_M2	J	low	40	524363	175107	8.360205390905222	9.23041871838102
C169	Fast	Post	author	2plus_vs_1	0.1	1415	J_M2	J	high	40	528325	177655	8.370953384394834	9.237156243075743
C169	Fast	Post	author	2plus_vs_1	0.1	1416	L_M2	L	low	15	210245	76510	8.508053166614898	9.255874594499002
C169	Fast	Post	author	2plus_vs_1	0.1	1417	L_M2	L	high	15	206496	78011	8.523078602850372	9.23896198203392
C169	Fast	Post	author	2plus_vs_1	0.1	1418	N_M2	N	low	58	862013	385274	8.751878307580277	9.221246414216585
C169	Fast	Post	author	2plus_vs_1	0.1	1419	N_M2	N	high	58	860477	383499	8.749106149124934	9.217116511784754
C170	Fast	Post	author	2plus_vs_1	0.2	1420	E_M2	E	low	231	2571379	1170348	8.476591626071311	8.997671502884858
C170	Fast	Post	author	2plus_vs_1	0.2	1421	E_M2	E	high	231	2565657	1187488	8.488634144729193	8.991008756677532
C170	Fast	Post	author	2plus_vs_1	0.2	1422	G_M2	G	low	42	506726	186132	8.330282097478046	9.046984556742135
C170	Fast	Post	author	2plus_vs_1	0.2	1423	G_M2	G	high	42	500841	184085	8.322642708081865	9.044728120209122
C170	Fast	Post	author	2plus_vs_1	0.2	1424	I_M2	I	low	149	624722	613168	8.24756066208067	8.202427224406195
C170	Fast	Post	author	2plus_vs_1	0.2	1425	I_M2	I	high	149	629906	622134	8.259922828072423	8.206780984421165
C170	Fast	Post	author	2plus_vs_1	0.2	1426	J_M2	J	low	53	649025	233728	8.359144189718473	9.14544910131934
C170	Fast	Post	author	2plus_vs_1	0.2	1427	J_M2	J	high	53	656683	240788	8.387588734667055	9.146359996377376
C170	Fast	Post	author	2plus_vs_1	0.2	1428	L_M2	L	low	20	283049	109051	8.554424798054514	9.220653224147167
C170	Fast	Post	author	2plus_vs_1	0.2	1429	L_M2	L	high	20	280497	116801	8.61218300727218	9.226474177331848
C170	Fast	Post	author	2plus_vs_1	0.2	1430	N_M2	N	low	72	1001889	474992	8.692342127817707	9.132250002560939
C170	Fast	Post	author	2plus_vs_1	0.2	1431	N_M2	N	high	72	1002510	484543	8.704339517064776	9.126036254844125
C171	Fast	Post	author	2plus_vs_1	0.3	1432	E_M2	E	low	237	2637296	1205723	8.479335459365531	8.99815389876638
C171	Fast	Post	author	2plus_vs_1	0.3	1433	E_M2	E	high	237	2630590	1237852	8.496699936378374	8.98947427263326
C171	Fast	Post	author	2plus_vs_1	0.3	1434	G_M2	G	low	45	528467	198699	8.328551099531998	8.983660884880855
C171	Fast	Post	author	2plus_vs_1	0.3	1435	G_M2	G	high	45	521929	200728	8.33220754458971	8.97932156892474
C171	Fast	Post	author	2plus_vs_1	0.3	1436	I_M2	I	low	153	649273	640662	8.262378286359622	8.211726590250397
C171	Fast	Post	author	2plus_vs_1	0.3	1437	I_M2	I	high	153	659103	659312	8.282332105608125	8.219701693971531
C171	Fast	Post	author	2plus_vs_1	0.3	1438	J_M2	J	low	53	649025	233728	8.359144189718473	9.14544910131934
C171	Fast	Post	author	2plus_vs_1	0.3	1439	J_M2	J	high	53	656683	240788	8.387588734667055	9.146359996377376
C171	Fast	Post	author	2plus_vs_1	0.3	1440	L_M2	L	low	22	302528	117337	8.533873870314416	9.19813902953389
C171	Fast	Post	author	2plus_vs_1	0.3	1441	L_M2	L	high	22	302174	125977	8.599227246549255	9.192205056729398
C171	Fast	Post	author	2plus_vs_1	0.3	1442	N_M2	N	low	76	1031417	502955	8.688751172226771	9.103630359097092
C171	Fast	Post	author	2plus_vs_1	0.3	1443	N_M2	N	high	76	1032913	513679	8.705002365410147	9.096895779233876
C172	Fast	Post	author	3plus_vs_1	none	1444	E_M2	E	low	392	4220424	1800353	8.371087786561976	8.951700462243073
C172	Fast	Post	author	3plus_vs_1	none	1445	E_M2	E	high	82	938149	455641	8.566743531548287	9.01977350056213
C172	Fast	Post	author	3plus_vs_1	none	1446	G_M2	G	low	149	1760325	595799	8.201340497838196	9.006039599201792
C172	Fast	Post	author	3plus_vs_1	none	1447	G_M2	G	high	14	210671	102047	8.733985022994512	9.21619818765568
C172	Fast	Post	author	3plus_vs_1	none	1448	I_M2	I	low	378	1509971	1340675	8.11093108863939	8.14895820983355
C172	Fast	Post	author	3plus_vs_1	none	1449	I_M2	I	high	35	172694	189539	8.4732889029496	8.296205706394872
C172	Fast	Post	author	3plus_vs_1	none	1450	J_M2	J	low	121	1439383	503663	8.290563442931184	9.067884778036994
C172	Fast	Post	author	3plus_vs_1	none	1451	J_M2	J	high	10	141044	48636	8.444638315338937	9.241361674416655
C172	Fast	Post	author	3plus_vs_1	none	1452	L_M2	L	low	25	328679	139608	8.5448393833985	9.158626989271022
C172	Fast	Post	author	3plus_vs_1	none	1453	L_M2	L	high	30	430947	200013	8.75259766543084	9.233902736333365
C172	Fast	Post	author	3plus_vs_1	none	1454	N_M2	N	low	101	1273624	612424	8.55433231304867	9.010392205092053
C172	Fast	Post	author	3plus_vs_1	none	1455	N_M2	N	high	29	430298	241139	8.856378268399673	9.20498782504495
C173	Fast	Post	author	3plus_vs_1	0.1	1456	E_M2	E	low	73	880281	378160	8.513795213693395	9.092193705015454
C173	Fast	Post	author	3plus_vs_1	0.1	1457	E_M2	E	high	73	883309	378106	8.51444723936704	9.091775491814376
C173	Fast	Post	author	3plus_vs_1	0.1	1458	G_M2	G	low	6	76349	22549	8.195097088592622	9.031582435281791
C173	Fast	Post	author	3plus_vs_1	0.1	1459	G_M2	G	high	6	77504	22309	8.183478489866502	9.029071577191713
C173	Fast	Post	author	3plus_vs_1	0.1	1460	I_M2	I	low	28	114050	117321	8.300244609376893	8.183614603916924
C173	Fast	Post	author	3plus_vs_1	0.1	1461	I_M2	I	high	28	115508	119058	8.310126929730766	8.195261068159907
C173	Fast	Post	author	3plus_vs_1	0.1	1462	J_M2	J	low	8	115911	35903	8.389297780962071	9.342969792503606
C173	Fast	Post	author	3plus_vs_1	0.1	1463	J_M2	J	high	8	118624	36766	8.410592829846744	9.35973154325092
C173	Fast	Post	author	3plus_vs_1	0.1	1464	L_M2	L	low	12	174285	65285	8.579821359662864	9.285207762951428
C173	Fast	Post	author	3plus_vs_1	0.1	1465	L_M2	L	high	12	169563	66151	8.589779489323035	9.264109682178097
C173	Fast	Post	author	3plus_vs_1	0.1	1466	N_M2	N	low	22	363628	147204	8.761788319777558	9.362572026804921
C173	Fast	Post	author	3plus_vs_1	0.1	1467	N_M2	N	high	22	355689	145416	8.749732884660979	9.34660008549912
C174	Fast	Post	author	3plus_vs_1	0.2	1468	E_M2	E	low	80	924514	427525	8.539305043841631	9.040577848896334
C174	Fast	Post	author	3plus_vs_1	0.2	1469	E_M2	E	high	80	926670	431604	8.546067645024271	9.03792965310841
C174	Fast	Post	author	3plus_vs_1	0.2	1470	G_M2	G	low	10	132000	53657	8.498820495641333	9.043615958673266
C174	Fast	Post	author	3plus_vs_1	0.2	1471	G_M2	G	high	10	130848	50858	8.456326354627512	9.044966165055376
C174	Fast	Post	author	3plus_vs_1	0.2	1472	I_M2	I	low	31	127228	135752	8.338378852291612	8.195207630669685
C174	Fast	Post	author	3plus_vs_1	0.2	1473	I_M2	I	high	31	127380	138062	8.352134842160291	8.196808316123759
C174	Fast	Post	author	3plus_vs_1	0.2	1474	J_M2	J	low	10	136245	48906	8.432948469921643	9.226952620866616
C174	Fast	Post	author	3plus_vs_1	0.2	1475	J_M2	J	high	10	141044	48636	8.444638315338937	9.241361674416657
C174	Fast	Post	author	3plus_vs_1	0.2	1476	L_M2	L	low	16	239162	93239	8.626832687544436	9.26348845468609
C174	Fast	Post	author	3plus_vs_1	0.2	1477	L_M2	L	high	16	233999	99439	8.677799896476815	9.258519867929603
C174	Fast	Post	author	3plus_vs_1	0.2	1478	N_M2	N	low	28	428633	211610	8.8133858468274	9.2318096961593
C174	Fast	Post	author	3plus_vs_1	0.2	1479	N_M2	N	high	28	421426	213855	8.80788847871322	9.214214704192774
C175	Fast	Post	author	3plus_vs_1	0.3	1480	E_M2	E	low	80	924514	427525	8.539305043841631	9.040577848896334
C175	Fast	Post	author	3plus_vs_1	0.3	1481	E_M2	E	high	80	926670	431604	8.546067645024271	9.03792965310841
C175	Fast	Post	author	3plus_vs_1	0.3	1482	G_M2	G	low	11	156508	62829	8.555656783811182	9.112987351871007
C175	Fast	Post	author	3plus_vs_1	0.3	1483	G_M2	G	high	11	148830	60699	8.523425251609185	9.09195487342679
C175	Fast	Post	author	3plus_vs_1	0.3	1484	I_M2	I	low	33	138154	151707	8.377502685767586	8.209534043178287
C175	Fast	Post	author	3plus_vs_1	0.3	1485	I_M2	I	high	33	140234	157002	8.40019826541468	8.2236541659172
C175	Fast	Post	author	3plus_vs_1	0.3	1486	J_M2	J	low	10	136245	48906	8.432948469921643	9.226952620866616
C175	Fast	Post	author	3plus_vs_1	0.3	1487	J_M2	J	high	10	141044	48636	8.444638315338937	9.241361674416657
C175	Fast	Post	author	3plus_vs_1	0.3	1488	L_M2	L	low	18	255267	102884	8.61008228384768	9.213998340012914
C175	Fast	Post	author	3plus_vs_1	0.3	1489	L_M2	L	high	18	254236	107586	8.64588476700866	9.208234061961315
C175	Fast	Post	author	3plus_vs_1	0.3	1490	N_M2	N	low	28	428633	211610	8.8133858468274	9.2318096961593
C175	Fast	Post	author	3plus_vs_1	0.3	1491	N_M2	N	high	28	421426	213855	8.80788847871322	9.214214704192774
C176	Fast	Post	author	4plus_vs_1	none	1492	E_M2	E	low	392	4220424	1800353	8.371087786561976	8.951700462243073
C176	Fast	Post	author	4plus_vs_1	none	1493	E_M2	E	high	23	272541	131694	8.59766526407698	9.047425762704723
C176	Fast	Post	author	4plus_vs_1	none	1494	G_M2	G	low	149	1760325	595799	8.201340497838196	9.006039599201792
C176	Fast	Post	author	4plus_vs_1	none	1495	G_M2	G	high	4	84720	43583	9.082418435831567	9.678579026237085
C176	Fast	Post	author	4plus_vs_1	none	1496	I_M2	I	low	378	1509971	1340675	8.11093108863939	8.14895820983355
C176	Fast	Post	author	4plus_vs_1	none	1497	I_M2	I	high	11	60898	66560	8.576069739245357	8.375271815683071
C176	Fast	Post	author	4plus_vs_1	none	1498	J_M2	J	low	121	1439383	503663	8.290563442931184	9.067884778036994
C176	Fast	Post	author	4plus_vs_1	none	1499	J_M2	J	high	2	32285	10325	8.536424211825642	9.463571382518499
C176	Fast	Post	author	4plus_vs_1	none	1500	L_M2	L	low	25	328679	139608	8.5448393833985	9.158626989271022
C176	Fast	Post	author	4plus_vs_1	none	1501	L_M2	L	high	17	256226	125407	8.857326903831009	9.267340466528637
C176	Fast	Post	author	4plus_vs_1	none	1502	N_M2	N	low	101	1273624	612424	8.55433231304867	9.010392205092053
C176	Fast	Post	author	4plus_vs_1	none	1503	N_M2	N	high	12	182454	111660	8.994739504873355	9.236490408024121
C177	Fast	Post	author	4plus_vs_1	0.1	1504	E_M2	E	low	20	259985	112541	8.586275411484506	9.192613951053037
C177	Fast	Post	author	4plus_vs_1	0.1	1505	E_M2	E	high	20	259688	113642	8.596053098339034	9.18018136950646
C177	Fast	Post	author	4plus_vs_1	0.1	1506	G_M2	G	low	1	20734	2510	7.828436359157585	9.590761138978086
C177	Fast	Post	author	4plus_vs_1	0.1	1507	G_M2	G	high	1	20877	2546	7.842671474979457	9.592605086913911
C177	Fast	Post	author	4plus_vs_1	0.1	1508	I_M2	I	low	7	28529	28700	8.276838977793819	8.160072118373348
C177	Fast	Post	author	4plus_vs_1	0.1	1509	I_M2	I	high	7	29534	29250	8.287280690721238	8.191621063614189
C177	Fast	Post	author	4plus_vs_1	0.1	1510	J_M2	J	low	2	31660	9783	8.48799577659036	9.448408688909348
C177	Fast	Post	author	4plus_vs_1	0.1	1511	J_M2	J	high	2	32285	10325	8.536424211825642	9.463571382518499
C177	Fast	Post	author	4plus_vs_1	0.1	1512	L_M2	L	low	6	106798	34946	8.657575901287789	9.491845456925276
C177	Fast	Post	author	4plus_vs_1	0.1	1513	L_M2	L	high	6	101591	36056	8.684519582089115	9.466700459138
C177	Fast	Post	author	4plus_vs_1	0.1	1514	N_M2	N	low	9	140133	58362	8.761547492069608	9.285513071374785
C177	Fast	Post	author	4plus_vs_1	0.1	1515	N_M2	N	high	9	137448	58405	8.761917336805821	9.269119944184538
C178	Fast	Post	author	4plus_vs_1	0.2	1516	E_M2	E	low	23	272842	129340	8.583265496838958	9.065012638692817
C178	Fast	Post	author	4plus_vs_1	0.2	1517	E_M2	E	high	23	272541	131694	8.597665264076976	9.047425762704727
C178	Fast	Post	author	4plus_vs_1	0.2	1518	G_M2	G	low	1	20734	2510	7.828436359157585	9.590761138978086
C178	Fast	Post	author	4plus_vs_1	0.2	1519	G_M2	G	high	1	20877	2546	7.842671474979457	9.592605086913911
C178	Fast	Post	author	4plus_vs_1	0.2	1520	I_M2	I	low	8	32395	33829	8.310091722840195	8.164099819970136
C178	Fast	Post	author	4plus_vs_1	0.2	1521	I_M2	I	high	8	32904	34391	8.319520277859311	8.176492623156106
C178	Fast	Post	author	4plus_vs_1	0.2	1522	J_M2	J	low	2	31660	9783	8.48799577659036	9.448408688909348
C178	Fast	Post	author	4plus_vs_1	0.2	1523	J_M2	J	high	2	32285	10325	8.536424211825642	9.463571382518499
C178	Fast	Post	author	4plus_vs_1	0.2	1524	L_M2	L	low	11	184394	69961	8.716309606270155	9.363505519329838
C178	Fast	Post	author	4plus_vs_1	0.2	1525	L_M2	L	high	11	175735	74289	8.771178006399436	9.344145051046285
C178	Fast	Post	author	4plus_vs_1	0.2	1526	N_M2	N	low	12	177246	108399	8.979058544065397	9.210698279948181
C178	Fast	Post	author	4plus_vs_1	0.2	1527	N_M2	N	high	12	182454	111660	8.994739504873356	9.236490408024121
C179	Fast	Post	author	4plus_vs_1	0.3	1528	E_M2	E	low	23	272842	129340	8.583265496838958	9.065012638692817
C179	Fast	Post	author	4plus_vs_1	0.3	1529	E_M2	E	high	23	272541	131694	8.597665264076976	9.047425762704727
C179	Fast	Post	author	4plus_vs_1	0.3	1530	G_M2	G	low	2	45242	11682	8.476228012333621	9.69873121141326
C179	Fast	Post	author	4plus_vs_1	0.3	1531	G_M2	G	high	2	38859	12387	8.51854284820269	9.577223522027413
C179	Fast	Post	author	4plus_vs_1	0.3	1532	I_M2	I	low	10	43615	49987	8.447458009734529	8.227183516587345
C179	Fast	Post	author	4plus_vs_1	0.3	1533	I_M2	I	high	10	45758	53331	8.484652487458991	8.269147066067987
C179	Fast	Post	author	4plus_vs_1	0.3	1534	J_M2	J	low	2	31660	9783	8.48799577659036	9.448408688909348
C179	Fast	Post	author	4plus_vs_1	0.3	1535	J_M2	J	high	2	32285	10325	8.536424211825642	9.463571382518499
C179	Fast	Post	author	4plus_vs_1	0.3	1536	L_M2	L	low	12	199285	74390	8.68963004433424	9.362879888085564
C179	Fast	Post	author	4plus_vs_1	0.3	1537	L_M2	L	high	12	200545	79303	8.753261902984372	9.383583282332536
C179	Fast	Post	author	4plus_vs_1	0.3	1538	N_M2	N	low	12	177246	108399	8.979058544065397	9.210698279948181
C179	Fast	Post	author	4plus_vs_1	0.3	1539	N_M2	N	high	12	182454	111660	8.994739504873356	9.236490408024121
C180	Fast	Post	author	3plus_vs_1to2	none	1540	E_M2	E	low	552	5962028	2641026	8.404950138532932	8.955394639594198
C180	Fast	Post	author	3plus_vs_1to2	none	1541	E_M2	E	high	82	938149	455641	8.566743531548287	9.01977350056213
C180	Fast	Post	author	3plus_vs_1to2	none	1542	G_M2	G	low	185	2159278	753516	8.2235600096929	8.989933368838468
C180	Fast	Post	author	3plus_vs_1to2	none	1543	G_M2	G	high	14	210671	102047	8.733985022994512	9.21619818765568
C180	Fast	Post	author	3plus_vs_1to2	none	1544	I_M2	I	low	500	2049608	1864056	8.148313574456767	8.168661930550545
C180	Fast	Post	author	3plus_vs_1to2	none	1545	I_M2	I	high	35	172694	189539	8.4732889029496	8.296205706394872
C180	Fast	Post	author	3plus_vs_1to2	none	1546	J_M2	J	low	165	1964211	704721	8.317264176618604	9.082040520335001
C180	Fast	Post	author	3plus_vs_1to2	none	1547	J_M2	J	high	10	141044	48636	8.444638315338937	9.241361674416655
C180	Fast	Post	author	3plus_vs_1to2	none	1548	L_M2	L	low	41	529128	232821	8.5779952579016	9.11922750629021
C180	Fast	Post	author	3plus_vs_1to2	none	1549	L_M2	L	high	30	430947	200013	8.75259766543084	9.233902736333365
C180	Fast	Post	author	3plus_vs_1to2	none	1550	N_M2	N	low	158	2052775	992987	8.610989249037893	9.044274246334254
C180	Fast	Post	author	3plus_vs_1to2	none	1551	N_M2	N	high	29	430298	241139	8.856378268399673	9.20498782504495
C181	Fast	Post	author	3plus_vs_1to2	0.1	1552	E_M2	E	low	75	894056	391789	8.516364503363553	9.07655488137934
C181	Fast	Post	author	3plus_vs_1to2	0.1	1553	E_M2	E	high	75	895488	392729	8.518919373015398	9.074270225866174
C181	Fast	Post	author	3plus_vs_1to2	0.1	1554	G_M2	G	low	8	116780	39421	8.405140097147786	9.18447074451514
C181	Fast	Post	author	3plus_vs_1to2	0.1	1555	G_M2	G	high	8	118615	39470	8.399223421283947	9.184948777584312
C181	Fast	Post	author	3plus_vs_1to2	0.1	1556	I_M2	I	low	30	123444	131297	8.335620864567526	8.19674390539337
C181	Fast	Post	author	3plus_vs_1to2	0.1	1557	I_M2	I	high	30	124010	132921	8.345699423971439	8.201015475329568
C181	Fast	Post	author	3plus_vs_1to2	0.1	1558	J_M2	J	low	8	117455	36578	8.40455997798058	9.35348184897547
C181	Fast	Post	author	3plus_vs_1to2	0.1	1559	J_M2	J	high	8	118624	36766	8.410592829846744	9.35973154325092
C181	Fast	Post	author	3plus_vs_1to2	0.1	1560	L_M2	L	low	14	211777	75425	8.571895030520105	9.318823529106211
C181	Fast	Post	author	3plus_vs_1to2	0.1	1561	L_M2	L	high	14	204821	77711	8.599571381186577	9.296567886833207
C181	Fast	Post	author	3plus_vs_1to2	0.1	1562	N_M2	N	low	24	379177	154013	8.70296451636416	9.312010003068472
C181	Fast	Post	author	3plus_vs_1to2	0.1	1563	N_M2	N	high	24	374832	156137	8.714060786361715	9.302957830597895
C182	Fast	Post	author	3plus_vs_1to2	0.2	1564	E_M2	E	low	81	935180	437991	8.546976522606068	9.040777533512731
C182	Fast	Post	author	3plus_vs_1to2	0.2	1565	E_M2	E	high	81	936182	443240	8.556140204420368	9.037904199738254
C182	Fast	Post	author	3plus_vs_1to2	0.2	1566	G_M2	G	low	11	149052	62190	8.548174973335191	9.08528373967784
C182	Fast	Post	author	3plus_vs_1to2	0.2	1567	G_M2	G	high	11	146828	61010	8.526253459416033	9.082278509922281
C182	Fast	Post	author	3plus_vs_1to2	0.2	1568	I_M2	I	low	32	131725	143025	8.355831133640397	8.200602342790125
C182	Fast	Post	author	3plus_vs_1to2	0.2	1569	I_M2	I	high	32	131714	146147	8.372314673661554	8.200656838178848
C182	Fast	Post	author	3plus_vs_1to2	0.2	1570	J_M2	J	low	10	137789	49581	8.44515822753645	9.235362266044106
C182	Fast	Post	author	3plus_vs_1to2	0.2	1571	J_M2	J	high	10	141044	48636	8.444638315338937	9.241361674416655
C182	Fast	Post	author	3plus_vs_1to2	0.2	1572	L_M2	L	low	25	354339	150604	8.667061315758751	9.188601963206743
C182	Fast	Post	author	3plus_vs_1to2	0.2	1573	L_M2	L	high	25	349755	158821	8.70993819377679	9.198963923616859
C182	Fast	Post	author	3plus_vs_1to2	0.2	1574	N_M2	N	low	28	423119	213135	8.803733565284826	9.219297793107568
C182	Fast	Post	author	3plus_vs_1to2	0.2	1575	N_M2	N	high	28	421426	213855	8.80788847871322	9.214214704192775
C183	Fast	Post	author	3plus_vs_1to2	0.3	1576	E_M2	E	low	81	935180	437991	8.546976522606068	9.040777533512731
C183	Fast	Post	author	3plus_vs_1to2	0.3	1577	E_M2	E	high	81	936182	443240	8.556140204420368	9.037904199738254
C183	Fast	Post	author	3plus_vs_1to2	0.3	1578	G_M2	G	low	12	173560	71362	8.596162031016396	9.145401868358721
C183	Fast	Post	author	3plus_vs_1to2	0.3	1579	G_M2	G	high	12	164810	70851	8.581933522916856	9.122242130523835
C183	Fast	Post	author	3plus_vs_1to2	0.3	1580	I_M2	I	low	33	140004	156665	8.391134288454115	8.22189946937019
C183	Fast	Post	author	3plus_vs_1to2	0.3	1581	I_M2	I	high	33	140234	157002	8.40019826541468	8.2236541659172
C183	Fast	Post	author	3plus_vs_1to2	0.3	1582	J_M2	J	low	10	137789	49581	8.44515822753645	9.235362266044106
C183	Fast	Post	author	3plus_vs_1to2	0.3	1583	J_M2	J	high	10	141044	48636	8.444638315338937	9.241361674416655
C183	Fast	Post	author	3plus_vs_1to2	0.3	1584	L_M2	L	low	28	400550	165936	8.65149895462452	9.206602649919933
C183	Fast	Post	author	3plus_vs_1to2	0.3	1585	L_M2	L	high	28	400721	178913	8.718436049720706	9.224509470163824
C183	Fast	Post	author	3plus_vs_1to2	0.3	1586	N_M2	N	low	28	423119	213135	8.803733565284826	9.219297793107568
C183	Fast	Post	author	3plus_vs_1to2	0.3	1587	N_M2	N	high	28	421426	213855	8.80788847871322	9.214214704192775
C184	Fast	Post	author	positive_q25	none	1588	E_M2	E	low	159	1878900	1055547	8.763112020282481	9.003613536525565
C184	Fast	Post	author	positive_q25	none	1589	E_M2	E	high	159	1636315	640596	8.244307113628597	8.92930869182759
C184	Fast	Post	author	positive_q25	none	1590	G_M2	G	low	50	639937	310643	8.696006898863537	9.127859279564468
C184	Fast	Post	author	positive_q25	none	1591	G_M2	G	high	50	495133	147954	7.929718683406736	8.8405433393896
C184	Fast	Post	author	positive_q25	none	1592	I_M2	I	low	134	643668	730832	8.54066651690283	8.303779460748382
C184	Fast	Post	author	positive_q25	none	1593	I_M2	I	high	134	503396	415639	7.978022474657318	8.100279955354788
C184	Fast	Post	author	positive_q25	none	1594	J_M2	J	low	44	502980	242841	8.59442613573714	9.024282911654305
C184	Fast	Post	author	positive_q25	none	1595	J_M2	J	high	44	509306	160627	8.159290042944779	9.060722560233952
C184	Fast	Post	author	positive_q25	none	1596	L_M2	L	low	18	246218	119808	8.737561785496633	9.157714206862002
C184	Fast	Post	author	positive_q25	none	1597	L_M2	L	high	18	242551	108183	8.647506143231688	9.140460871984608
C184	Fast	Post	author	positive_q25	none	1598	N_M2	N	low	47	677147	453302	9.084471180352033	9.190393438133846
C184	Fast	Post	author	positive_q25	none	1599	N_M2	N	high	47	548339	188236	8.104281922408815	8.968007143711606
C185	Fast	Post	author	positive_q25	0.1	1600	E_M2	E	low	51	615438	280072	8.603735035412182	9.121533477933456
C185	Fast	Post	author	positive_q25	0.1	1601	E_M2	E	high	51	616106	275190	8.583985928223568	9.119989051488558
C185	Fast	Post	author	positive_q25	0.1	1602	G_M2	G	low	5	60398	22711	8.421167603377931	9.173335566307511
C185	Fast	Post	author	positive_q25	0.1	1603	G_M2	G	high	5	64088	22589	8.415568497502017	9.218225959555093
C185	Fast	Post	author	positive_q25	0.1	1604	I_M2	I	low	37	161685	163168	8.379260784785755	8.254873315380404
C185	Fast	Post	author	positive_q25	0.1	1605	I_M2	I	high	37	162953	161392	8.361737350449589	8.260639965768904
C185	Fast	Post	author	positive_q25	0.1	1606	J_M2	J	low	15	212016	71385	8.465697299852872	9.324610871034235
C185	Fast	Post	author	positive_q25	0.1	1607	J_M2	J	high	15	212911	70810	8.45448933358936	9.334030217632183
C185	Fast	Post	author	positive_q25	0.1	1608	L_M2	L	low	8	119359	41848	8.558616745625256	9.289489169250626
C185	Fast	Post	author	positive_q25	0.1	1609	L_M2	L	high	8	115558	41340	8.543210069459674	9.270304552381972
C185	Fast	Post	author	positive_q25	0.1	1610	N_M2	N	low	9	142098	64358	8.872177380830912	9.307291715138266
C185	Fast	Post	author	positive_q25	0.1	1611	N_M2	N	high	9	140060	64173	8.869452679046114	9.287184432962471
C186	Fast	Post	author	positive_q25	0.2	1612	E_M2	E	low	76	866248	413898	8.596039965568002	9.039457242322676
C186	Fast	Post	author	positive_q25	0.2	1613	E_M2	E	high	76	865408	389086	8.524871607950335	9.037137934860615
C186	Fast	Post	author	positive_q25	0.2	1614	G_M2	G	low	13	149111	63108	8.481610123250073	9.057202247880651
C186	Fast	Post	author	positive_q25	0.2	1615	G_M2	G	high	13	147364	55931	8.36034275659804	9.066935790684449
C186	Fast	Post	author	positive_q25	0.2	1616	I_M2	I	low	57	239920	243239	8.34953950892408	8.21983354902025
C186	Fast	Post	author	positive_q25	0.2	1617	I_M2	I	high	57	242713	228358	8.273498186167158	8.230578275233647
C186	Fast	Post	author	positive_q25	0.2	1618	J_M2	J	low	19	253813	90465	8.466044019467944	9.25939715492263
C186	Fast	Post	author	positive_q25	0.2	1619	J_M2	J	high	19	258227	85362	8.40122916498139	9.280845001217374
C186	Fast	Post	author	positive_q25	0.2	1620	L_M2	L	low	12	191923	72541	8.669264945131616	9.328890972686972
C186	Fast	Post	author	positive_q25	0.2	1621	L_M2	L	high	12	185520	75321	8.697178436523572	9.324810956097005
C186	Fast	Post	author	positive_q25	0.2	1622	N_M2	N	low	13	195570	94254	8.878846884151923	9.233313999645254
C186	Fast	Post	author	positive_q25	0.2	1623	N_M2	N	high	13	194587	91048	8.838679783552642	9.232466414493286
C187	Fast	Post	author	positive_q25	0.3	1624	E_M2	E	low	101	1136142	561968	8.61718039205193	9.017594117191624
C187	Fast	Post	author	positive_q25	0.3	1625	E_M2	E	high	101	1100978	483820	8.454112204678543	8.98733874425588
C187	Fast	Post	author	positive_q25	0.3	1626	G_M2	G	low	16	201861	76626	8.468807146253429	9.117371023161251
C187	Fast	Post	author	positive_q25	0.3	1627	G_M2	G	high	16	202303	66434	8.322915947008681	9.129694523733106
C187	Fast	Post	author	positive_q25	0.3	1628	I_M2	I	low	74	309541	321813	8.366988243240145	8.221857704995422
C187	Fast	Post	author	positive_q25	0.3	1629	I_M2	I	high	74	308999	284316	8.224702951261992	8.216480198594306
C187	Fast	Post	author	positive_q25	0.3	1630	J_M2	J	low	28	355447	136619	8.489249111104845	9.192248071493268
C187	Fast	Post	author	positive_q25	0.3	1631	J_M2	J	high	28	365657	118565	8.338867778954322	9.222997184339208
C187	Fast	Post	author	positive_q25	0.3	1632	L_M2	L	low	16	230678	99895	8.703003653414108	9.200080117450337
C187	Fast	Post	author	positive_q25	0.3	1633	L_M2	L	high	16	218207	99562	8.684342872636146	9.155922170570644
C187	Fast	Post	author	positive_q25	0.3	1634	N_M2	N	low	16	243079	114399	8.86613960111977	9.239039664991067
C187	Fast	Post	author	positive_q25	0.3	1635	N_M2	N	high	16	241704	105926	8.776902115912279	9.244734197592829
C188	Fast	Post	author	positive_q33	none	1636	E_M2	E	low	212	2448721	1301114	8.679966169709008	8.994309062202833
C188	Fast	Post	author	positive_q33	none	1637	E_M2	E	high	211	2199461	878907	8.273862318947549	8.934893954505986
C188	Fast	Post	author	positive_q33	none	1638	G_M2	G	low	67	882123	398662	8.63504509700895	9.15659506310067
C188	Fast	Post	author	positive_q33	none	1639	G_M2	G	high	67	706871	206608	7.954611347096399	8.880154642376233
C188	Fast	Post	author	positive_q33	none	1640	I_M2	I	low	179	837140	919414	8.480252720816484	8.278147019462166
C188	Fast	Post	author	positive_q33	none	1641	I_M2	I	high	178	691564	572964	7.9962806128602235	8.12567684427264
C188	Fast	Post	author	positive_q33	none	1642	J_M2	J	low	59	708046	304559	8.52525315443377	9.080808176978328
C188	Fast	Post	author	positive_q33	none	1643	J_M2	J	high	58	678318	228119	8.22236013777043	9.069312049294707
C188	Fast	Post	author	positive_q33	none	1644	L_M2	L	low	24	300115	155110	8.708938042524244	9.064445513528531
C188	Fast	Post	author	positive_q33	none	1645	L_M2	L	high	24	324782	140029	8.62159963262892	9.159237426854437
C188	Fast	Post	author	positive_q33	none	1646	N_M2	N	low	63	838105	552099	8.990131844212838	9.04197428246485
C188	Fast	Post	author	positive_q33	none	1647	N_M2	N	high	62	758290	286473	8.246894969710516	9.004524575756239
C189	Fast	Post	author	positive_q33	0.1	1648	E_M2	E	low	105	1237001	550791	8.55025040578663	9.079135077642073
C189	Fast	Post	author	positive_q33	0.1	1649	E_M2	E	high	105	1242653	545660	8.53952536015869	9.081359980720261
C189	Fast	Post	author	positive_q33	0.1	1650	G_M2	G	low	15	185763	74298	8.474073099940247	9.13000490095798
C189	Fast	Post	author	positive_q33	0.1	1651	G_M2	G	high	15	186295	73682	8.463537087557247	9.136715668353181
C189	Fast	Post	author	positive_q33	0.1	1652	I_M2	I	low	61	258361	263740	8.354241082574653	8.23238519359579
C189	Fast	Post	author	positive_q33	0.1	1653	I_M2	I	high	61	260546	262967	8.347457351710654	8.240038718449776
C189	Fast	Post	author	positive_q33	0.1	1654	J_M2	J	low	26	336212	122338	8.451159795263244	9.199802282430012
C189	Fast	Post	author	positive_q33	0.1	1655	J_M2	J	high	26	344528	122763	8.450162444191166	9.2226614251817
C189	Fast	Post	author	positive_q33	0.1	1656	L_M2	L	low	11	149031	54803	8.503747328593018	9.206174305044108
C189	Fast	Post	author	positive_q33	0.1	1657	L_M2	L	high	11	146719	54373	8.490304239719542	9.199888452138929
C189	Fast	Post	author	positive_q33	0.1	1658	N_M2	N	low	19	292749	132058	8.83398161199234	9.216816081906714
C189	Fast	Post	author	positive_q33	0.1	1659	N_M2	N	high	19	291316	129935	8.81841340151628	9.201267813999555
C190	Fast	Post	author	positive_q33	0.2	1660	E_M2	E	low	134	1519276	698744	8.545200492055137	9.03553071777089
C190	Fast	Post	author	positive_q33	0.2	1661	E_M2	E	high	134	1523567	666600	8.490106556401173	9.035606014831382
C190	Fast	Post	author	positive_q33	0.2	1662	G_M2	G	low	21	261597	102141	8.460060786534447	9.093682130311281
C190	Fast	Post	author	positive_q33	0.2	1663	G_M2	G	high	21	263432	97584	8.409231849615939	9.095530581487989
C190	Fast	Post	author	positive_q33	0.2	1664	I_M2	I	low	85	359297	357326	8.326763939978251	8.237246399120203
C190	Fast	Post	author	positive_q33	0.2	1665	I_M2	I	high	85	359612	344071	8.276057492589215	8.23409898229267
C190	Fast	Post	author	positive_q33	0.2	1666	J_M2	J	low	38	481678	180598	8.451533203536414	9.177808569949685
C190	Fast	Post	author	positive_q33	0.2	1667	J_M2	J	high	38	487918	175350	8.416076966143024	9.184251801889431
C190	Fast	Post	author	positive_q33	0.2	1668	L_M2	L	low	18	243637	106115	8.63827518619308	9.137346944484712
C190	Fast	Post	author	positive_q33	0.2	1669	L_M2	L	high	18	238992	107692	8.64033241266684	9.14499915998487
C190	Fast	Post	author	positive_q33	0.2	1670	N_M2	N	low	28	418568	206624	8.874835190427037	9.206377152191221
C190	Fast	Post	author	positive_q33	0.2	1671	N_M2	N	high	28	409265	195299	8.817868711496386	9.177323728051835
C191	Fast	Post	author	positive_q33	0.3	1672	E_M2	E	low	147	1653126	770473	8.550749175200284	9.015316043165242
C191	Fast	Post	author	positive_q33	0.3	1673	E_M2	E	high	147	1637459	710734	8.458184227303946	9.006570545130712
C191	Fast	Post	author	positive_q33	0.3	1674	G_M2	G	low	26	315617	124520	8.448475595118019	9.077314544082835
C191	Fast	Post	author	positive_q33	0.3	1675	G_M2	G	high	26	315291	113546	8.34373973122834	9.084584948785421
C191	Fast	Post	author	positive_q33	0.3	1676	I_M2	I	low	103	417224	439854	8.333698677292347	8.18313536945281
C191	Fast	Post	author	positive_q33	0.3	1677	I_M2	I	high	103	419599	402384	8.228980438907023	8.184143673462774
C191	Fast	Post	author	positive_q33	0.3	1678	J_M2	J	low	43	534262	206770	8.461832624481936	9.141988708224153
C191	Fast	Post	author	positive_q33	0.3	1679	J_M2	J	high	43	533368	190953	8.37303452710584	9.144944060796123
C191	Fast	Post	author	positive_q33	0.3	1680	L_M2	L	low	21	281584	126299	8.661560245067205	9.141138921331494
C191	Fast	Post	author	positive_q33	0.3	1681	L_M2	L	high	21	272666	123236	8.620682699205597	9.114257078047956
C191	Fast	Post	author	positive_q33	0.3	1682	N_M2	N	low	33	482868	238227	8.856072019460575	9.157363306264639
C191	Fast	Post	author	positive_q33	0.3	1683	N_M2	N	high	33	470628	217448	8.753714341839721	9.130896234579787
C192	Fast	Post	author	detected_vs_zero	none	1684	E_M2	E	low	858	8700545	3498853	8.247938213951436	8.896472552876622
C192	Fast	Post	author	detected_vs_zero	none	1685	E_M2	E	high	634	6900177	3096667	8.425876097881922	8.963721243063237
C192	Fast	Post	author	detected_vs_zero	none	1686	G_M2	G	low	580	6242927	1945954	8.036249041244174	8.865831103401117
C192	Fast	Post	author	detected_vs_zero	none	1687	G_M2	G	high	199	2369949	855563	8.259469307111104	9.005851496795458
C192	Fast	Post	author	detected_vs_zero	none	1688	I_M2	I	low	908	3635512	2955163	8.034715538531307	8.157412719578465
C192	Fast	Post	author	detected_vs_zero	none	1689	I_M2	I	high	535	2222302	2053595	8.169573642675925	8.177005915886157
C192	Fast	Post	author	detected_vs_zero	none	1690	J_M2	J	low	470	5465075	1823160	8.204268003402376	9.072488506177836
C192	Fast	Post	author	detected_vs_zero	none	1691	J_M2	J	high	175	2105255	753357	8.324542698831195	9.091144586282525
C192	Fast	Post	author	detected_vs_zero	none	1692	L_M2	L	low	40	563108	184235	8.376037579828786	9.206181677917602
C192	Fast	Post	author	detected_vs_zero	none	1693	L_M2	L	high	71	960075	432834	8.651770923054798	9.167681828843655
C192	Fast	Post	author	detected_vs_zero	none	1694	N_M2	N	low	172	2170816	828180	8.290672475508288	8.96021269577803
C192	Fast	Post	author	detected_vs_zero	none	1695	N_M2	N	high	187	2483073	1234126	8.649044230650148	9.069197742497943
C193	Fast	Post	author	detected_vs_zero	0.1	1696	E_M2	E	low	546	5935208	2419364	8.349894313731992	8.98199206750997
C193	Fast	Post	author	detected_vs_zero	0.1	1697	E_M2	E	high	546	5945618	2434704	8.355170844536737	8.982962854320935
C193	Fast	Post	author	detected_vs_zero	0.1	1698	G_M2	G	low	179	2129477	679367	8.175272058164992	9.021065604907289
C193	Fast	Post	author	detected_vs_zero	0.1	1699	G_M2	G	high	179	2127590	683941	8.179775623651883	9.02094526681116
C193	Fast	Post	author	detected_vs_zero	0.1	1700	I_M2	I	low	485	1909383	1668522	8.100448125451557	8.14496840578274
C193	Fast	Post	author	detected_vs_zero	0.1	1701	I_M2	I	high	485	1904924	1677725	8.103226900035827	8.144057891690101
C193	Fast	Post	author	detected_vs_zero	0.1	1702	J_M2	J	low	160	2004115	671044	8.307658707177351	9.163367234312034
C193	Fast	Post	author	detected_vs_zero	0.1	1703	J_M2	J	high	160	2018698	674201	8.311610295765023	9.168320561393134
C193	Fast	Post	author	detected_vs_zero	0.1	1704	L_M2	L	low	22	309874	107420	8.463512089479725	9.232479186769696
C193	Fast	Post	author	detected_vs_zero	0.1	1705	L_M2	L	high	22	298961	108304	8.468029778787217	9.215292179243919
C193	Fast	Post	author	detected_vs_zero	0.1	1706	N_M2	N	low	96	1444146	528547	8.540600626378051	9.222084306669052
C193	Fast	Post	author	detected_vs_zero	0.1	1707	N_M2	N	high	96	1421374	537215	8.55237915519197	9.213327448348378
C194	Fast	Post	author	detected_vs_zero	0.2	1708	E_M2	E	low	593	6379617	2660476	8.36154079496674	8.95956384361804
C194	Fast	Post	author	detected_vs_zero	0.2	1709	E_M2	E	high	593	6378501	2730638	8.382440703054375	8.959343329499823
C194	Fast	Post	author	detected_vs_zero	0.2	1710	G_M2	G	low	188	2249278	742324	8.201546434949165	9.012685451218786
C194	Fast	Post	author	detected_vs_zero	0.2	1711	G_M2	G	high	188	2235657	746724	8.207024838274961	9.01077584620324
C194	Fast	Post	author	detected_vs_zero	0.2	1712	I_M2	I	low	511	2059118	1811971	8.120058165759023	8.156950655021317
C194	Fast	Post	author	detected_vs_zero	0.2	1713	I_M2	I	high	511	2070659	1835711	8.128058294093856	8.159789839650145
C194	Fast	Post	author	detected_vs_zero	0.2	1714	J_M2	J	low	171	2068894	723067	8.315062093639868	9.108974506940799
C194	Fast	Post	author	detected_vs_zero	0.2	1715	J_M2	J	high	171	2081988	727450	8.320078026255807	9.109996531848372
C194	Fast	Post	author	detected_vs_zero	0.2	1716	L_M2	L	low	32	461211	152591	8.44150825326252	9.24610013542681
C194	Fast	Post	author	detected_vs_zero	0.2	1717	L_M2	L	high	32	435577	165581	8.516658616509378	9.213936542796844
C194	Fast	Post	author	detected_vs_zero	0.2	1718	N_M2	N	low	131	1867535	692079	8.472307174597601	9.145169340470064
C194	Fast	Post	author	detected_vs_zero	0.2	1719	N_M2	N	high	131	1787282	724543	8.50413697300607	9.1141206177072
C195	Fast	Post	author	detected_vs_zero	0.3	1720	E_M2	E	low	605	6499324	2716430	8.362990151091745	8.95717692243521
C195	Fast	Post	author	detected_vs_zero	0.3	1721	E_M2	E	high	605	6510157	2835325	8.395735914732873	8.956443793475048
C195	Fast	Post	author	detected_vs_zero	0.3	1722	G_M2	G	low	194	2313256	780114	8.217683310791507	8.999723210065413
C195	Fast	Post	author	detected_vs_zero	0.3	1723	G_M2	G	high	194	2308341	805212	8.23531275452807	9.002084979489926
C195	Fast	Post	author	detected_vs_zero	0.3	1724	I_M2	I	low	521	2114781	1855676	8.124864787528226	8.162860909478049
C195	Fast	Post	author	detected_vs_zero	0.3	1725	I_M2	I	high	521	2112244	1908724	8.14255449327167	8.162601882352707
C195	Fast	Post	author	detected_vs_zero	0.3	1726	J_M2	J	low	174	2093389	738889	8.315409160190862	9.101521929782367
C195	Fast	Post	author	detected_vs_zero	0.3	1727	J_M2	J	high	174	2103243	743901	8.319772769014042	9.099887212322985
C195	Fast	Post	author	detected_vs_zero	0.3	1728	L_M2	L	low	34	487016	165710	8.451334146129005	9.240445472716981
C195	Fast	Post	author	detected_vs_zero	0.3	1729	L_M2	L	high	34	452525	181363	8.535413960027208	9.192573767925047
C195	Fast	Post	author	detected_vs_zero	0.3	1730	N_M2	N	low	139	1927718	746569	8.485711837106448	9.108724960929642
C195	Fast	Post	author	detected_vs_zero	0.3	1731	N_M2	N	high	139	1797135	798161	8.533683413880171	9.063194646581156
C196	Fast	Post	trim95	2plus_vs_1	none	1732	E_M2	E	low	347	3533905	1461828	8.304256523234391	8.911933635379004
C196	Fast	Post	trim95	2plus_vs_1	none	1733	E_M2	E	high	206	2127109	969398	8.418223062783625	8.938689465206844
C196	Fast	Post	trim95	2plus_vs_1	none	1734	G_M2	G	low	134	1541005	479350	8.123011769702149	8.981735891232937
C196	Fast	Post	trim95	2plus_vs_1	none	1735	G_M2	G	high	38	390532	146071	8.21930960957837	8.870693810698711
C196	Fast	Post	trim95	2plus_vs_1	none	1736	I_M2	I	low	347	1301747	1134496	8.054846675906443	8.104011518959638
C196	Fast	Post	trim95	2plus_vs_1	none	1737	I_M2	I	high	124	471286	440201	8.137824196173021	8.1307698315493
C196	Fast	Post	trim95	2plus_vs_1	none	1738	J_M2	J	low	106	1208982	417974	8.247804145061101	9.043317963581488
C196	Fast	Post	trim95	2plus_vs_1	none	1739	J_M2	J	high	47	567639	202148	8.341628757620194	9.116625651966748
C196	Fast	Post	trim95	2plus_vs_1	none	1740	L_M2	L	low	23	287924	112798	8.462641043120962	9.139898290309517
C196	Fast	Post	trim95	2plus_vs_1	none	1741	L_M2	L	high	42	549005	251632	8.660940581666539	9.132311114413664
C196	Fast	Post	trim95	2plus_vs_1	none	1742	N_M2	N	low	91	1113889	489263	8.468517481303618	8.980037735778623
C196	Fast	Post	trim95	2plus_vs_1	none	1743	N_M2	N	high	79	1096123	500807	8.67870029017029	9.118903455992506
C197	Fast	Post	trim95	2plus_vs_1	0.1	1744	E_M2	E	low	178	1944580	829342	8.414804568960971	9.014183175699811
C197	Fast	Post	trim95	2plus_vs_1	0.1	1745	E_M2	E	high	178	1937002	835228	8.420551105814814	9.009133830965371
C197	Fast	Post	trim95	2plus_vs_1	0.1	1746	G_M2	G	low	33	361663	126493	8.2172919695135	8.992759763018633
C197	Fast	Post	trim95	2plus_vs_1	0.1	1747	G_M2	G	high	33	371107	126475	8.216450268977962	9.005538503228848
C197	Fast	Post	trim95	2plus_vs_1	0.1	1748	I_M2	I	low	121	462307	420230	8.119028646836147	8.136928179772427
C197	Fast	Post	trim95	2plus_vs_1	0.1	1749	I_M2	I	high	121	464061	423746	8.126149366959343	8.141315255465544
C197	Fast	Post	trim95	2plus_vs_1	0.1	1750	J_M2	J	low	35	450127	147681	8.326843857827285	9.210793179811324
C197	Fast	Post	trim95	2plus_vs_1	0.1	1751	J_M2	J	high	35	456573	149342	8.334620647394193	9.221719940306162
C197	Fast	Post	trim95	2plus_vs_1	0.1	1752	L_M2	L	low	15	210245	76510	8.508053166614898	9.255874594499002
C197	Fast	Post	trim95	2plus_vs_1	0.1	1753	L_M2	L	high	15	206496	78011	8.523078602850372	9.23896198203392
C197	Fast	Post	trim95	2plus_vs_1	0.1	1754	N_M2	N	low	53	776506	334352	8.709089204851345	9.206125316103703
C197	Fast	Post	trim95	2plus_vs_1	0.1	1755	N_M2	N	high	53	777186	332998	8.70694637489076	9.201920679998041
C198	Fast	Post	trim95	2plus_vs_1	0.2	1756	E_M2	E	low	201	2107019	929692	8.404816654264064	8.953964568278007
C198	Fast	Post	trim95	2plus_vs_1	0.2	1757	E_M2	E	high	201	2092301	941932	8.41658512605263	8.945622561224653
C198	Fast	Post	trim95	2plus_vs_1	0.2	1758	G_M2	G	low	35	376063	133985	8.216514095500264	8.97844967732186
C198	Fast	Post	trim95	2plus_vs_1	0.2	1759	G_M2	G	high	35	384647	133549	8.213655277829627	8.987674505333706
C198	Fast	Post	trim95	2plus_vs_1	0.2	1760	I_M2	I	low	123	468519	429813	8.124800947209863	8.133718176435426
C198	Fast	Post	trim95	2plus_vs_1	0.2	1761	I_M2	I	high	123	469474	434392	8.133519223378933	8.13618657949168
C198	Fast	Post	trim95	2plus_vs_1	0.2	1762	J_M2	J	low	47	560184	195007	8.310228101444249	9.115996819157214
C198	Fast	Post	trim95	2plus_vs_1	0.2	1763	J_M2	J	high	47	567639	202148	8.341628757620194	9.116625651966748
C198	Fast	Post	trim95	2plus_vs_1	0.2	1764	L_M2	L	low	19	249366	97821	8.513792782638276	9.180041471978585
C198	Fast	Post	trim95	2plus_vs_1	0.2	1765	L_M2	L	high	19	250095	102650	8.556684317206315	9.185149085684014
C198	Fast	Post	trim95	2plus_vs_1	0.2	1766	N_M2	N	low	65	894198	385366	8.61811580950429	9.123055549944567
C198	Fast	Post	trim95	2plus_vs_1	0.2	1767	N_M2	N	high	65	889039	393957	8.634137939685523	9.10961414649912
C199	Fast	Post	trim95	2plus_vs_1	0.3	1768	E_M2	E	low	206	2153879	953496	8.404421492991023	8.952725957290049
C199	Fast	Post	trim95	2plus_vs_1	0.3	1769	E_M2	E	high	206	2127109	969398	8.418223062783625	8.938689465206844
C199	Fast	Post	trim95	2plus_vs_1	0.3	1770	G_M2	G	low	38	382933	146988	8.225336020287088	8.870381943948288
C199	Fast	Post	trim95	2plus_vs_1	0.3	1771	G_M2	G	high	38	390532	146071	8.21930960957837	8.870693810698711
C199	Fast	Post	trim95	2plus_vs_1	0.3	1772	I_M2	I	low	124	470418	434227	8.126961932418155	8.128801267070674
C199	Fast	Post	trim95	2plus_vs_1	0.3	1773	I_M2	I	high	124	471286	440201	8.137824196173021	8.1307698315493
C199	Fast	Post	trim95	2plus_vs_1	0.3	1774	J_M2	J	low	47	560184	195007	8.310228101444249	9.115996819157214
C199	Fast	Post	trim95	2plus_vs_1	0.3	1775	J_M2	J	high	47	567639	202148	8.341628757620194	9.116625651966748
C199	Fast	Post	trim95	2plus_vs_1	0.3	1776	L_M2	L	low	21	268845	106107	8.496132955045432	9.160322958780732
C199	Fast	Post	trim95	2plus_vs_1	0.3	1777	L_M2	L	high	21	265937	115752	8.571515417863864	9.13988189465942
C199	Fast	Post	trim95	2plus_vs_1	0.3	1778	N_M2	N	low	70	931380	410508	8.604077266296144	9.080374679209166
C199	Fast	Post	trim95	2plus_vs_1	0.3	1779	N_M2	N	high	70	928809	429442	8.640621834830627	9.069428390593062
C200	Fast	Post	trim95	3plus_vs_1	none	1780	E_M2	E	low	347	3533905	1461828	8.304256523234391	8.911933635379004
C200	Fast	Post	trim95	3plus_vs_1	none	1781	E_M2	E	high	68	751103	331857	8.466473099970438	8.996788306806588
C200	Fast	Post	trim95	3plus_vs_1	none	1782	G_M2	G	low	134	1541005	479350	8.123011769702149	8.981735891232937
C200	Fast	Post	trim95	3plus_vs_1	none	1783	G_M2	G	high	7	80283	28029	8.250395690495363	8.866162712476042
C200	Fast	Post	trim95	3plus_vs_1	none	1784	I_M2	I	low	347	1301747	1134496	8.054846675906443	8.104011518959638
C200	Fast	Post	trim95	3plus_vs_1	none	1785	I_M2	I	high	24	87229	93324	8.234230042423652	8.109238441586564
C200	Fast	Post	trim95	3plus_vs_1	none	1786	J_M2	J	low	106	1208982	417974	8.247804145061101	9.043317963581488
C200	Fast	Post	trim95	3plus_vs_1	none	1787	J_M2	J	high	9	121496	40085	8.376940300076054	9.198878803798486
C200	Fast	Post	trim95	3plus_vs_1	none	1788	L_M2	L	low	23	287924	112798	8.462641043120962	9.139898290309517
C200	Fast	Post	trim95	3plus_vs_1	none	1789	L_M2	L	high	26	348556	158419	8.680103209268909	9.178246683817338
C200	Fast	Post	trim95	3plus_vs_1	none	1790	N_M2	N	low	91	1113889	489263	8.468517481303618	8.980037735778623
C200	Fast	Post	trim95	3plus_vs_1	none	1791	N_M2	N	high	25	362501	158495	8.694314184133063	9.172661873528416
C201	Fast	Post	trim95	3plus_vs_1	0.1	1792	E_M2	E	low	65	740530	316011	8.463192971131546	9.046912828155735
C201	Fast	Post	trim95	3plus_vs_1	0.1	1793	E_M2	E	high	65	742390	316113	8.46456657587064	9.046842378725424
C201	Fast	Post	trim95	3plus_vs_1	0.1	1794	G_M2	G	low	6	76349	22549	8.195097088592622	9.031582435281791
C201	Fast	Post	trim95	3plus_vs_1	0.1	1795	G_M2	G	high	6	77504	22309	8.183478489866502	9.029071577191713
C201	Fast	Post	trim95	3plus_vs_1	0.1	1796	I_M2	I	low	23	83284	87875	8.218540603736994	8.103266968699481
C201	Fast	Post	trim95	3plus_vs_1	0.1	1797	I_M2	I	high	23	83859	88183	8.220709723058338	8.110918654701218
C201	Fast	Post	trim95	3plus_vs_1	0.1	1798	J_M2	J	low	8	115911	35903	8.389297780962071	9.342969792503606
C201	Fast	Post	trim95	3plus_vs_1	0.1	1799	J_M2	J	high	8	118624	36766	8.410592829846744	9.35973154325092
C201	Fast	Post	trim95	3plus_vs_1	0.1	1800	L_M2	L	low	12	174285	65285	8.579821359662864	9.285207762951428
C201	Fast	Post	trim95	3plus_vs_1	0.1	1801	L_M2	L	high	12	169563	66151	8.589779489323035	9.264109682178097
C201	Fast	Post	trim95	3plus_vs_1	0.1	1802	N_M2	N	low	21	343339	134593	8.728126079311116	9.354198787213614
C201	Fast	Post	trim95	3plus_vs_1	0.1	1803	N_M2	N	high	21	337696	132855	8.716937704739392	9.339907783483559
C202	Fast	Post	trim95	3plus_vs_1	0.2	1804	E_M2	E	low	68	750326	330638	8.46309932308119	8.999861455748013
C202	Fast	Post	trim95	3plus_vs_1	0.2	1805	E_M2	E	high	68	751103	331857	8.466473099970443	8.996788306806588
C202	Fast	Post	trim95	3plus_vs_1	0.2	1806	G_M2	G	low	6	76349	22549	8.195097088592622	9.031582435281791
C202	Fast	Post	trim95	3plus_vs_1	0.2	1807	G_M2	G	high	6	77504	22309	8.183478489866502	9.029071577191713
C202	Fast	Post	trim95	3plus_vs_1	0.2	1808	I_M2	I	low	24	87272	92238	8.225315759704324	8.108125209250028
C202	Fast	Post	trim95	3plus_vs_1	0.2	1809	I_M2	I	high	24	87229	93324	8.234230042423652	8.109238441586564
C202	Fast	Post	trim95	3plus_vs_1	0.2	1810	J_M2	J	low	9	119091	38893	8.34641614514739	9.18992265701765
C202	Fast	Post	trim95	3plus_vs_1	0.2	1811	J_M2	J	high	9	121496	40085	8.376940300076052	9.198878803798486
C202	Fast	Post	trim95	3plus_vs_1	0.2	1812	L_M2	L	low	15	205479	82009	8.580192660649862	9.21490258397515
C202	Fast	Post	trim95	3plus_vs_1	0.2	1813	L_M2	L	high	15	202984	86720	8.624232729322568	9.208836621377932
C202	Fast	Post	trim95	3plus_vs_1	0.2	1814	N_M2	N	low	24	367568	150190	8.688194442486816	9.243375900295739
C202	Fast	Post	trim95	3plus_vs_1	0.2	1815	N_M2	N	high	24	358427	148039	8.670951154738667	9.212294495455966
C203	Fast	Post	trim95	3plus_vs_1	0.3	1816	E_M2	E	low	68	750326	330638	8.46309932308119	8.999861455748013
C203	Fast	Post	trim95	3plus_vs_1	0.3	1817	E_M2	E	high	68	751103	331857	8.466473099970443	8.996788306806588
C203	Fast	Post	trim95	3plus_vs_1	0.3	1818	G_M2	G	low	7	79984	28839	8.273922550160822	8.900117516425356
C203	Fast	Post	trim95	3plus_vs_1	0.3	1819	G_M2	G	high	7	80283	28029	8.250395690495363	8.866162712476042
C203	Fast	Post	trim95	3plus_vs_1	0.3	1820	I_M2	I	low	24	87272	92238	8.225315759704324	8.108125209250028
C203	Fast	Post	trim95	3plus_vs_1	0.3	1821	I_M2	I	high	24	87229	93324	8.234230042423652	8.109238441586564
C203	Fast	Post	trim95	3plus_vs_1	0.3	1822	J_M2	J	low	9	119091	38893	8.34641614514739	9.18992265701765
C203	Fast	Post	trim95	3plus_vs_1	0.3	1823	J_M2	J	high	9	121496	40085	8.376940300076052	9.198878803798486
C203	Fast	Post	trim95	3plus_vs_1	0.3	1824	L_M2	L	low	17	221584	91654	8.567944001076187	9.168217270875427
C203	Fast	Post	trim95	3plus_vs_1	0.3	1825	L_M2	L	high	17	217999	97361	8.614397068071376	9.144542450300278
C203	Fast	Post	trim95	3plus_vs_1	0.3	1826	N_M2	N	low	25	371998	158119	8.6998029973725	9.203759552083941
C203	Fast	Post	trim95	3plus_vs_1	0.3	1827	N_M2	N	high	25	362501	158495	8.694314184133063	9.172661873528416
C204	Fast	Post	trim95	4plus_vs_1	none	1828	E_M2	E	low	347	3533905	1461828	8.304256523234391	8.911933635379004
C204	Fast	Post	trim95	4plus_vs_1	none	1829	E_M2	E	high	19	220170	95273	8.49010841263057	9.034627413912581
C204	Fast	Post	trim95	4plus_vs_1	none	1830	G_M2	G	low	134	1541005	479350	8.123011769702149	8.981735891232937
C204	Fast	Post	trim95	4plus_vs_1	none	1831	G_M2	G	high	1	20877	2546	7.842671474979457	9.592605086913911
C204	Fast	Post	trim95	4plus_vs_1	none	1832	I_M2	I	low	347	1301747	1134496	8.054846675906443	8.104011518959638
C204	Fast	Post	trim95	4plus_vs_1	none	1833	I_M2	I	high	7	23382	27031	8.236030164402257	8.05193306863127
C204	Fast	Post	trim95	4plus_vs_1	none	1834	J_M2	J	low	106	1208982	417974	8.247804145061101	9.043317963581488
C204	Fast	Post	trim95	4plus_vs_1	none	1835	J_M2	J	high	2	32285	10325	8.536424211825642	9.463571382518499
C204	Fast	Post	trim95	4plus_vs_1	none	1836	L_M2	L	low	23	287924	112798	8.462641043120962	9.139898290309517
C204	Fast	Post	trim95	4plus_vs_1	none	1837	L_M2	L	high	14	193883	93305	8.774115771933952	9.198022097252533
C204	Fast	Post	trim95	4plus_vs_1	none	1838	N_M2	N	low	91	1113889	489263	8.468517481303618	8.980037735778623
C204	Fast	Post	trim95	4plus_vs_1	none	1839	N_M2	N	high	10	141522	68861	8.811228292085097	9.164355844492801
C205	Fast	Post	trim95	4plus_vs_1	0.1	1840	E_M2	E	low	17	213817	85909	8.49977977295099	9.181642558879686
C205	Fast	Post	trim95	4plus_vs_1	0.1	1841	E_M2	E	high	17	214592	86077	8.504457889341213	9.171867964891662
C205	Fast	Post	trim95	4plus_vs_1	0.1	1842	G_M2	G	low	1	20734	2510	7.828436359157585	9.590761138978086
C205	Fast	Post	trim95	4plus_vs_1	0.1	1843	G_M2	G	high	1	20877	2546	7.842671474979457	9.592605086913911
C205	Fast	Post	trim95	4plus_vs_1	0.1	1844	I_M2	I	low	6	19482	21816	8.183462072232329	8.01973656590962
C205	Fast	Post	trim95	4plus_vs_1	0.1	1845	I_M2	I	high	6	20012	21890	8.18450229383166	8.048822990078227
C205	Fast	Post	trim95	4plus_vs_1	0.1	1846	J_M2	J	low	2	31660	9783	8.48799577659036	9.448408688909348
C205	Fast	Post	trim95	4plus_vs_1	0.1	1847	J_M2	J	high	2	32285	10325	8.536424211825642	9.463571382518499
C205	Fast	Post	trim95	4plus_vs_1	0.1	1848	L_M2	L	low	6	106798	34946	8.657575901287789	9.491845456925276
C205	Fast	Post	trim95	4plus_vs_1	0.1	1849	L_M2	L	high	6	101591	36056	8.684519582089115	9.466700459138
C205	Fast	Post	trim95	4plus_vs_1	0.1	1850	N_M2	N	low	9	136939	58033	8.75568928117697	9.27594155630449
C205	Fast	Post	trim95	4plus_vs_1	0.1	1851	N_M2	N	high	9	137448	58405	8.76191733680582	9.269119944184538
C206	Fast	Post	trim95	4plus_vs_1	0.2	1852	E_M2	E	low	19	220093	94820	8.484875246035669	9.054965095450088
C206	Fast	Post	trim95	4plus_vs_1	0.2	1853	E_M2	E	high	19	220170	95273	8.49010841263057	9.034627413912583
C206	Fast	Post	trim95	4plus_vs_1	0.2	1854	G_M2	G	low	1	20734	2510	7.828436359157585	9.590761138978086
C206	Fast	Post	trim95	4plus_vs_1	0.2	1855	G_M2	G	high	1	20877	2546	7.842671474979457	9.592605086913911
C206	Fast	Post	trim95	4plus_vs_1	0.2	1856	I_M2	I	low	7	23348	26945	8.234804767365542	8.04438758951505
C206	Fast	Post	trim95	4plus_vs_1	0.2	1857	I_M2	I	high	7	23382	27031	8.236030164402257	8.051933068631268
C206	Fast	Post	trim95	4plus_vs_1	0.2	1858	J_M2	J	low	2	31660	9783	8.48799577659036	9.448408688909348
C206	Fast	Post	trim95	4plus_vs_1	0.2	1859	J_M2	J	high	2	32285	10325	8.536424211825642	9.463571382518499
C206	Fast	Post	trim95	4plus_vs_1	0.2	1860	L_M2	L	low	10	150711	58731	8.655297257800866	9.300628419727802
C206	Fast	Post	trim95	4plus_vs_1	0.2	1861	L_M2	L	high	10	148477	62599	8.711638347638699	9.29298287451844
C206	Fast	Post	trim95	4plus_vs_1	0.2	1862	N_M2	N	low	9	136939	58033	8.75568928117697	9.27594155630449
C206	Fast	Post	trim95	4plus_vs_1	0.2	1863	N_M2	N	high	9	137448	58405	8.76191733680582	9.269119944184538
C207	Fast	Post	trim95	4plus_vs_1	0.3	1864	E_M2	E	low	19	220093	94820	8.484875246035669	9.054965095450088
C207	Fast	Post	trim95	4plus_vs_1	0.3	1865	E_M2	E	high	19	220170	95273	8.49010841263057	9.034627413912583
C207	Fast	Post	trim95	4plus_vs_1	0.3	1866	G_M2	G	low	1	20734	2510	7.828436359157585	9.590761138978086
C207	Fast	Post	trim95	4plus_vs_1	0.3	1867	G_M2	G	high	1	20877	2546	7.842671474979457	9.592605086913911
C207	Fast	Post	trim95	4plus_vs_1	0.3	1868	I_M2	I	low	7	23348	26945	8.234804767365542	8.04438758951505
C207	Fast	Post	trim95	4plus_vs_1	0.3	1869	I_M2	I	high	7	23382	27031	8.236030164402257	8.051933068631268
C207	Fast	Post	trim95	4plus_vs_1	0.3	1870	J_M2	J	low	2	31660	9783	8.48799577659036	9.448408688909348
C207	Fast	Post	trim95	4plus_vs_1	0.3	1871	J_M2	J	high	2	32285	10325	8.536424211825642	9.463571382518499
C207	Fast	Post	trim95	4plus_vs_1	0.3	1872	L_M2	L	low	11	165602	63160	8.631738858277078	9.305662012879687
C207	Fast	Post	trim95	4plus_vs_1	0.3	1873	L_M2	L	high	11	164308	69078	8.714360653351813	9.301091629799226
C207	Fast	Post	trim95	4plus_vs_1	0.3	1874	N_M2	N	low	10	141369	65962	8.777961184522162	9.17364412017412
C207	Fast	Post	trim95	4plus_vs_1	0.3	1875	N_M2	N	high	10	141522	68861	8.811228292085097	9.164355844492805
C208	Fast	Post	trim95	3plus_vs_1to2	none	1876	E_M2	E	low	485	4909911	2099369	8.329919162263446	8.911400817415002
C208	Fast	Post	trim95	3plus_vs_1to2	none	1877	E_M2	E	high	68	751103	331857	8.466473099970438	8.996788306806588
C208	Fast	Post	trim95	3plus_vs_1to2	none	1878	G_M2	G	low	165	1851254	597392	8.139785287700597	8.961065668148075
C208	Fast	Post	trim95	3plus_vs_1to2	none	1879	G_M2	G	high	7	80283	28029	8.250395690495363	8.866162712476042
C208	Fast	Post	trim95	3plus_vs_1to2	none	1880	I_M2	I	low	447	1685804	1481373	8.068233726726673	8.11115376642736
C208	Fast	Post	trim95	3plus_vs_1to2	none	1881	I_M2	I	high	24	87229	93324	8.234230042423652	8.109238441586564
C208	Fast	Post	trim95	3plus_vs_1to2	none	1882	J_M2	J	low	144	1655125	580037	8.270356446416262	9.057522226027002
C208	Fast	Post	trim95	3plus_vs_1to2	none	1883	J_M2	J	high	9	121496	40085	8.376940300076054	9.198878803798486
C208	Fast	Post	trim95	3plus_vs_1to2	none	1884	L_M2	L	low	39	488373	206011	8.531219614891926	9.106161889826721
C208	Fast	Post	trim95	3plus_vs_1to2	none	1885	L_M2	L	high	26	348556	158419	8.680103209268909	9.178246683817338
C208	Fast	Post	trim95	3plus_vs_1to2	none	1886	N_M2	N	low	145	1847511	831575	8.544100407715556	9.02248455269691
C208	Fast	Post	trim95	3plus_vs_1to2	none	1887	N_M2	N	high	25	362501	158495	8.694314184133063	9.172661873528416
C209	Fast	Post	trim95	3plus_vs_1to2	0.1	1888	E_M2	E	low	66	743755	317930	8.454227300982055	9.029716589172569
C209	Fast	Post	trim95	3plus_vs_1to2	0.1	1889	E_M2	E	high	66	745057	319100	8.457563439058248	9.0284779200688
C209	Fast	Post	trim95	3plus_vs_1to2	0.1	1890	G_M2	G	low	6	76349	22549	8.195097088592622	9.031582435281791
C209	Fast	Post	trim95	3plus_vs_1to2	0.1	1891	G_M2	G	high	6	77504	22309	8.183478489866502	9.029071577191713
C209	Fast	Post	trim95	3plus_vs_1to2	0.1	1892	I_M2	I	low	23	83727	87151	8.211847950817585	8.110546154463664
C209	Fast	Post	trim95	3plus_vs_1to2	0.1	1893	I_M2	I	high	23	83859	88183	8.220709723058338	8.110918654701216
C209	Fast	Post	trim95	3plus_vs_1to2	0.1	1894	J_M2	J	low	8	117455	36578	8.40455997798058	9.35348184897547
C209	Fast	Post	trim95	3plus_vs_1to2	0.1	1895	J_M2	J	high	8	118624	36766	8.410592829846744	9.35973154325092
C209	Fast	Post	trim95	3plus_vs_1to2	0.1	1896	L_M2	L	low	14	211777	75425	8.571895030520105	9.318823529106211
C209	Fast	Post	trim95	3plus_vs_1to2	0.1	1897	L_M2	L	high	14	204821	77711	8.599571381186577	9.296567886833207
C209	Fast	Post	trim95	3plus_vs_1to2	0.1	1898	N_M2	N	low	23	361544	141475	8.67019104138401	9.3040063703092
C209	Fast	Post	trim95	3plus_vs_1to2	0.1	1899	N_M2	N	high	23	356839	143576	8.682566400420297	9.294949978544503
C210	Fast	Post	trim95	3plus_vs_1to2	0.2	1900	E_M2	E	low	68	750442	329394	8.460332652674976	8.999232598700493
C210	Fast	Post	trim95	3plus_vs_1to2	0.2	1901	E_M2	E	high	68	751103	331857	8.466473099970441	8.99678830680659
C210	Fast	Post	trim95	3plus_vs_1to2	0.2	1902	G_M2	G	low	6	76349	22549	8.195097088592622	9.031582435281791
C210	Fast	Post	trim95	3plus_vs_1to2	0.2	1903	G_M2	G	high	6	77504	22309	8.183478489866502	9.029071577191713
C210	Fast	Post	trim95	3plus_vs_1to2	0.2	1904	I_M2	I	low	24	87526	91919	8.222599782795946	8.113254547861887
C210	Fast	Post	trim95	3plus_vs_1to2	0.2	1905	I_M2	I	high	24	87229	93324	8.234230042423652	8.109238441586564
C210	Fast	Post	trim95	3plus_vs_1to2	0.2	1906	J_M2	J	low	9	120635	39568	8.359982542497177	9.199266707214862
C210	Fast	Post	trim95	3plus_vs_1to2	0.2	1907	J_M2	J	high	9	121496	40085	8.376940300076052	9.198878803798486
C210	Fast	Post	trim95	3plus_vs_1to2	0.2	1908	L_M2	L	low	24	320656	139374	8.639587491791906	9.1551155235341
C210	Fast	Post	trim95	3plus_vs_1to2	0.2	1909	L_M2	L	high	24	315359	144264	8.666835689523138	9.158664312492606
C210	Fast	Post	trim95	3plus_vs_1to2	0.2	1910	N_M2	N	low	24	363382	146033	8.659968855501901	9.227241121221674
C210	Fast	Post	trim95	3plus_vs_1to2	0.2	1911	N_M2	N	high	24	358427	148039	8.670951154738667	9.212294495455966
C211	Fast	Post	trim95	3plus_vs_1to2	0.3	1912	E_M2	E	low	68	750442	329394	8.460332652674976	8.999232598700493
C211	Fast	Post	trim95	3plus_vs_1to2	0.3	1913	E_M2	E	high	68	751103	331857	8.466473099970441	8.99678830680659
C211	Fast	Post	trim95	3plus_vs_1to2	0.3	1914	G_M2	G	low	7	79984	28839	8.273922550160822	8.900117516425356
C211	Fast	Post	trim95	3plus_vs_1to2	0.3	1915	G_M2	G	high	7	80283	28029	8.250395690495363	8.866162712476042
C211	Fast	Post	trim95	3plus_vs_1to2	0.3	1916	I_M2	I	low	24	87526	91919	8.222599782795946	8.113254547861887
C211	Fast	Post	trim95	3plus_vs_1to2	0.3	1917	I_M2	I	high	24	87229	93324	8.234230042423652	8.109238441586564
C211	Fast	Post	trim95	3plus_vs_1to2	0.3	1918	J_M2	J	low	9	120635	39568	8.359982542497177	9.199266707214862
C211	Fast	Post	trim95	3plus_vs_1to2	0.3	1919	J_M2	J	high	9	121496	40085	8.376940300076052	9.198878803798486
C211	Fast	Post	trim95	3plus_vs_1to2	0.3	1920	L_M2	L	low	26	350327	150343	8.635938203521947	9.168106983230201
C211	Fast	Post	trim95	3plus_vs_1to2	0.3	1921	L_M2	L	high	26	348556	158419	8.680103209268909	9.178246683817338
C211	Fast	Post	trim95	3plus_vs_1to2	0.3	1922	N_M2	N	low	25	367812	153962	8.672706433866983	9.188270164172838
C211	Fast	Post	trim95	3plus_vs_1to2	0.3	1923	N_M2	N	high	25	362501	158495	8.694314184133063	9.172661873528416
C212	Fast	Post	trim95	positive_q25	none	1924	E_M2	E	low	139	1430846	750375	8.584269759704043	8.899028773309505
C212	Fast	Post	trim95	positive_q25	none	1925	E_M2	E	high	139	1427792	554685	8.236931386872719	8.937653574672597
C212	Fast	Post	trim95	positive_q25	none	1926	G_M2	G	low	43	542043	216390	8.514805205377234	9.14673359299502
C212	Fast	Post	trim95	positive_q25	none	1927	G_M2	G	high	43	432758	123716	7.902859507198503	8.847370335911624
C212	Fast	Post	trim95	positive_q25	none	1928	I_M2	I	low	118	461189	505316	8.353114616558852	8.149182255996099
C212	Fast	Post	trim95	positive_q25	none	1929	I_M2	I	high	118	425640	345905	7.938662212457278	8.072110846595718
C212	Fast	Post	trim95	positive_q25	none	1930	J_M2	J	low	39	458219	191973	8.495020033504105	9.086070421763111
C212	Fast	Post	trim95	positive_q25	none	1931	J_M2	J	high	39	443963	139737	8.140708662570427	9.054417841119633
C212	Fast	Post	trim95	positive_q25	none	1932	L_M2	L	low	17	210495	97320	8.627504495907447	9.088679489511604
C212	Fast	Post	trim95	positive_q25	none	1933	L_M2	L	high	17	215293	96493	8.605207999068444	9.098384051729306
C212	Fast	Post	trim95	positive_q25	none	1934	N_M2	N	low	43	562346	312319	8.880063766627273	9.021430867618717
C212	Fast	Post	trim95	positive_q25	none	1935	N_M2	N	high	43	481188	165954	8.057296347862797	8.930940700901647
C213	Fast	Post	trim95	positive_q25	0.1	1936	E_M2	E	low	56	676077	294776	8.558556042704796	9.148763674255106
C213	Fast	Post	trim95	positive_q25	0.1	1937	E_M2	E	high	56	679621	290260	8.541316957275969	9.152694183289793
C213	Fast	Post	trim95	positive_q25	0.1	1938	G_M2	G	low	6	71766	26295	8.384269126578237	9.075288343145031
C213	Fast	Post	trim95	positive_q25	0.1	1939	G_M2	G	high	6	73482	25709	8.360610767140441	9.082970199063077
C213	Fast	Post	trim95	positive_q25	0.1	1940	I_M2	I	low	32	124266	129447	8.297920403228922	8.159427496329391
C213	Fast	Post	trim95	positive_q25	0.1	1941	I_M2	I	high	32	125179	126233	8.269332768494472	8.164784645416992
C213	Fast	Post	trim95	positive_q25	0.1	1942	J_M2	J	low	12	169731	56643	8.456551114785393	9.324894486662483
C213	Fast	Post	trim95	positive_q25	0.1	1943	J_M2	J	high	12	168992	56346	8.447868845952545	9.325409555376533
C213	Fast	Post	trim95	positive_q25	0.1	1944	L_M2	L	low	8	119359	41848	8.558616745625256	9.289489169250626
C213	Fast	Post	trim95	positive_q25	0.1	1945	L_M2	L	high	8	115558	41340	8.543210069459674	9.270304552381972
C213	Fast	Post	trim95	positive_q25	0.1	1946	N_M2	N	low	9	138914	62656	8.843816171138226	9.297591515451504
C213	Fast	Post	trim95	positive_q25	0.1	1947	N_M2	N	high	9	138129	62392	8.838884646467072	9.277581197339897
C214	Fast	Post	trim95	positive_q25	0.2	1948	E_M2	E	low	78	878876	402696	8.540794794672628	9.055598969544011
C214	Fast	Post	trim95	positive_q25	0.2	1949	E_M2	E	high	78	883379	379741	8.472770219029057	9.057191857046854
C214	Fast	Post	trim95	positive_q25	0.2	1950	G_M2	G	low	13	161835	56506	8.376442194876097	9.122541475060803
C214	Fast	Post	trim95	positive_q25	0.2	1951	G_M2	G	high	13	169814	51515	8.280367851254772	9.13987108101025
C214	Fast	Post	trim95	positive_q25	0.2	1952	I_M2	I	low	57	223006	226615	8.28302192973203	8.168992538975994
C214	Fast	Post	trim95	positive_q25	0.2	1953	I_M2	I	high	57	223823	207520	8.186512624636032	8.16906557253751
C214	Fast	Post	trim95	positive_q25	0.2	1954	J_M2	J	low	19	258015	87435	8.431016554560976	9.273518083796011
C214	Fast	Post	trim95	positive_q25	0.2	1955	J_M2	J	high	19	257224	81526	8.351886408318828	9.276876955200056
C214	Fast	Post	trim95	positive_q25	0.2	1956	L_M2	L	low	12	163272	65633	8.589704261273665	9.197593734144283
C214	Fast	Post	trim95	positive_q25	0.2	1957	L_M2	L	high	12	163494	67171	8.59764425803233	9.2086899322288
C214	Fast	Post	trim95	positive_q25	0.2	1958	N_M2	N	low	11	173760	75513	8.83014521275433	9.317815932458844
C214	Fast	Post	trim95	positive_q25	0.2	1959	N_M2	N	high	11	170479	73188	8.794354506353079	9.293489327140302
C215	Fast	Post	trim95	positive_q25	0.3	1960	E_M2	E	low	96	1042326	494673	8.540213182757618	9.00227937782426
C215	Fast	Post	trim95	positive_q25	0.3	1961	E_M2	E	high	96	1033698	443290	8.415715741175497	8.994055126351222
C215	Fast	Post	trim95	positive_q25	0.3	1962	G_M2	G	low	17	209398	76657	8.409099914553758	9.08432020307534
C215	Fast	Post	trim95	positive_q25	0.3	1963	G_M2	G	high	17	209249	66860	8.265750791368859	9.077203740623949
C215	Fast	Post	trim95	positive_q25	0.3	1964	I_M2	I	low	73	280725	291483	8.28773188344124	8.144168611796033
C215	Fast	Post	trim95	positive_q25	0.3	1965	I_M2	I	high	73	278797	251713	8.128884341814107	8.129088328472179
C215	Fast	Post	trim95	positive_q25	0.3	1966	J_M2	J	low	25	317534	116193	8.44031258474287	9.187037140562625
C215	Fast	Post	trim95	positive_q25	0.3	1967	J_M2	J	high	25	314296	103142	8.31104615774506	9.186769367257249
C215	Fast	Post	trim95	positive_q25	0.3	1968	L_M2	L	low	16	202027	92987	8.643333140520646	9.101607188543321
C215	Fast	Post	trim95	positive_q25	0.3	1969	L_M2	L	high	16	196181	91412	8.609692238767714	9.06883140266949
C215	Fast	Post	trim95	positive_q25	0.3	1970	N_M2	N	low	14	195623	95289	8.820256708353035	9.097192275029604
C215	Fast	Post	trim95	positive_q25	0.3	1971	N_M2	N	high	14	188734	92754	8.774351375862524	9.06424193566475
C216	Fast	Post	trim95	positive_q33	none	1972	E_M2	E	low	185	1912558	944474	8.525337843122424	8.911637105047523
C216	Fast	Post	trim95	positive_q33	none	1973	E_M2	E	high	184	1854108	740629	8.248399170766913	8.905423368834203
C216	Fast	Post	trim95	positive_q33	none	1974	G_M2	G	low	58	730916	274447	8.449068785742078	9.14535300750975
C216	Fast	Post	trim95	positive_q33	none	1975	G_M2	G	high	57	577581	167159	7.923800359194577	8.849689323537799
C216	Fast	Post	trim95	positive_q33	none	1976	I_M2	I	low	157	610987	636979	8.296299773539568	8.14547075053215
C216	Fast	Post	trim95	positive_q33	none	1977	I_M2	I	high	157	571979	466859	7.948736816131925	8.081349700229385
C216	Fast	Post	trim95	positive_q33	none	1978	J_M2	J	low	51	577263	240395	8.44982837515679	9.037918648705324
C216	Fast	Post	trim95	positive_q33	none	1979	J_M2	J	high	51	587097	190244	8.177418616547408	9.064910677252442
C216	Fast	Post	trim95	positive_q33	none	1980	L_M2	L	low	22	259360	128300	8.637921473972792	9.036303557728552
C216	Fast	Post	trim95	positive_q33	none	1981	L_M2	L	high	22	274460	121148	8.575958727860717	9.10237881826998
C216	Fast	Post	trim95	positive_q33	none	1982	N_M2	N	low	57	720926	396076	8.827548681368466	8.96469893898955
C216	Fast	Post	trim95	positive_q33	none	1983	N_M2	N	high	57	692687	251505	8.210189972920597	9.001975315065772
C217	Fast	Post	trim95	positive_q33	0.1	1984	E_M2	E	low	106	1189481	517208	8.48215986962927	9.021888056595765
C217	Fast	Post	trim95	positive_q33	0.1	1985	E_M2	E	high	106	1184363	510954	8.46826812652114	9.017755945783952
C217	Fast	Post	trim95	positive_q33	0.1	1986	G_M2	G	low	15	170841	62461	8.331029550520041	9.06848104609926
C217	Fast	Post	trim95	positive_q33	0.1	1987	G_M2	G	high	15	178703	62375	8.327879140705171	9.093999351523703
C217	Fast	Post	trim95	positive_q33	0.1	1988	I_M2	I	low	63	251319	246158	8.261206173433038	8.189411953919931
C217	Fast	Post	trim95	positive_q33	0.1	1989	I_M2	I	high	63	253002	243609	8.247019103443996	8.196958864633544
C217	Fast	Post	trim95	positive_q33	0.1	1990	J_M2	J	low	21	271249	96731	8.429636152630833	9.226485077361367
C217	Fast	Post	trim95	positive_q33	0.1	1991	J_M2	J	high	21	274688	96478	8.424177312784716	9.243475448740124
C217	Fast	Post	trim95	positive_q33	0.1	1992	L_M2	L	low	11	149031	54803	8.503747328593018	9.206174305044108
C217	Fast	Post	trim95	positive_q33	0.1	1993	L_M2	L	high	11	146719	54373	8.490304239719542	9.199888452138929
C217	Fast	Post	trim95	positive_q33	0.1	1994	N_M2	N	low	23	362587	151187	8.772551970750058	9.294266848221634
C217	Fast	Post	trim95	positive_q33	0.1	1995	N_M2	N	high	23	360210	149337	8.761264961818293	9.273806580059755
C218	Fast	Post	trim95	positive_q33	0.2	1996	E_M2	E	low	126	1348976	610319	8.47582869777442	8.971400948204678
C218	Fast	Post	trim95	positive_q33	0.2	1997	E_M2	E	high	126	1346493	587871	8.431413094106073	8.970775631351524
C218	Fast	Post	trim95	positive_q33	0.2	1998	G_M2	G	low	21	254940	86655	8.322116891208086	9.11524707181654
C218	Fast	Post	trim95	positive_q33	0.2	1999	G_M2	G	high	21	252565	82590	8.26855757540504	9.10094858246663
C218	Fast	Post	trim95	positive_q33	0.2	2000	I_M2	I	low	82	323075	316890	8.25123936717025	8.17765945579856
C218	Fast	Post	trim95	positive_q33	0.2	2001	I_M2	I	high	82	323932	303367	8.199595293235571	8.176924217505356
C218	Fast	Post	trim95	positive_q33	0.2	2002	J_M2	J	low	32	410633	143811	8.405117767336197	9.20671755285868
C218	Fast	Post	trim95	positive_q33	0.2	2003	J_M2	J	high	32	408220	140360	8.372812903312546	9.201051701033247
C218	Fast	Post	trim95	positive_q33	0.2	2004	L_M2	L	low	17	209954	94885	8.597795309441906	9.087056969727918
C218	Fast	Post	trim95	positive_q33	0.2	2005	L_M2	L	high	17	211734	96002	8.597612284352723	9.103189297847232
C218	Fast	Post	trim95	positive_q33	0.2	2006	N_M2	N	low	26	402954	169737	8.76741163784468	9.284991475237575
C218	Fast	Post	trim95	positive_q33	0.2	2007	N_M2	N	high	26	396583	162671	8.717543693951935	9.263149167995525
C219	Fast	Post	trim95	positive_q33	0.3	2008	E_M2	E	low	139	1472491	673200	8.475948393343993	8.960303003987258
C219	Fast	Post	trim95	positive_q33	0.3	2009	E_M2	E	high	139	1456666	630992	8.400270341135311	8.949089324912688
C219	Fast	Post	trim95	positive_q33	0.3	2010	G_M2	G	low	24	284700	100754	8.335453426934347	9.081387824937712
C219	Fast	Post	trim95	positive_q33	0.3	2011	G_M2	G	high	24	274016	94220	8.261339372392351	9.037067660045691
C219	Fast	Post	trim95	positive_q33	0.3	2012	I_M2	I	low	103	393290	396407	8.24729709789736	8.139244292618919
C219	Fast	Post	trim95	positive_q33	0.3	2013	I_M2	I	high	103	391056	357252	8.128193072527313	8.132085350672297
C219	Fast	Post	trim95	positive_q33	0.3	2014	J_M2	J	low	38	463130	172833	8.416528934291165	9.147230815936888
C219	Fast	Post	trim95	positive_q33	0.3	2015	J_M2	J	high	38	463802	158962	8.320156326993896	9.150353756626814
C219	Fast	Post	trim95	positive_q33	0.3	2016	L_M2	L	low	20	247901	115069	8.628316602772413	9.09858204163056
C219	Fast	Post	trim95	positive_q33	0.3	2017	L_M2	L	high	20	240113	110292	8.573808258424151	9.065786559558873
C219	Fast	Post	trim95	positive_q33	0.3	2018	N_M2	N	low	33	480053	216425	8.774775165577523	9.180515162386701
C219	Fast	Post	trim95	positive_q33	0.3	2019	N_M2	N	high	33	470128	200069	8.676884285950718	9.162368039512172
C220	Fast	Post	trim95	detected_vs_zero	none	2020	E_M2	E	low	815	7983665	3196510	8.218030792179142	8.87273791993829
C220	Fast	Post	trim95	detected_vs_zero	none	2021	E_M2	E	high	553	5661014	2431226	8.346710604874794	8.921900544862792
C220	Fast	Post	trim95	detected_vs_zero	none	2022	G_M2	G	low	539	5386871	1707809	7.994701831917275	8.81306221616893
C220	Fast	Post	trim95	detected_vs_zero	none	2023	G_M2	G	high	172	1931537	625421	8.144286873860848	8.957203338556772
C220	Fast	Post	trim95	detected_vs_zero	none	2024	I_M2	I	low	858	3266297	2664249	8.001821410021426	8.125559967533906
C220	Fast	Post	trim95	detected_vs_zero	none	2025	I_M2	I	high	471	1773033	1574697	8.076692137717602	8.111056170257129
C220	Fast	Post	trim95	detected_vs_zero	none	2026	J_M2	J	low	438	4945939	1613932	8.165953129035483	9.051360836099896
C220	Fast	Post	trim95	detected_vs_zero	none	2027	J_M2	J	high	153	1776621	620122	8.276626084866837	9.06583731883709
C220	Fast	Post	trim95	detected_vs_zero	none	2028	L_M2	L	low	36	485705	158584	8.338577766730843	9.1739063619534
C220	Fast	Post	trim95	detected_vs_zero	none	2029	L_M2	L	high	65	836929	364430	8.59077305264272	9.134995807422968
C220	Fast	Post	trim95	detected_vs_zero	none	2030	N_M2	N	low	153	1754480	692953	8.238234365163716	8.880046941817707
C220	Fast	Post	trim95	detected_vs_zero	none	2031	N_M2	N	high	170	2210012	990070	8.566190668953425	9.044569452819193
C221	Fast	Post	trim95	detected_vs_zero	0.1	2032	E_M2	E	low	511	5342966	2180400	8.32088072435658	8.953209220576694
C221	Fast	Post	trim95	detected_vs_zero	0.1	2033	E_M2	E	high	511	5338408	2192224	8.325316459231017	8.952540526866354
C221	Fast	Post	trim95	detected_vs_zero	0.1	2034	G_M2	G	low	167	1917968	598823	8.13245630109737	8.989549961292452
C221	Fast	Post	trim95	detected_vs_zero	0.1	2035	G_M2	G	high	167	1915670	601916	8.13618248083606	8.989617094671384
C221	Fast	Post	trim95	detected_vs_zero	0.1	2036	I_M2	I	low	462	1745999	1532781	8.072973788707092	8.115962614005431
C221	Fast	Post	trim95	detected_vs_zero	0.1	2037	I_M2	I	high	462	1746370	1537440	8.07428568563821	8.116134488514977
C221	Fast	Post	trim95	detected_vs_zero	0.1	2038	J_M2	J	low	143	1717549	573868	8.272046004872823	9.124954292361773
C221	Fast	Post	trim95	detected_vs_zero	0.1	2039	J_M2	J	high	143	1730381	576585	8.276194209920138	9.128919373771282
C221	Fast	Post	trim95	detected_vs_zero	0.1	2040	L_M2	L	low	21	288296	102712	8.463811196110019	9.212011180723692
C221	Fast	Post	trim95	detected_vs_zero	0.1	2041	L_M2	L	high	21	280010	103463	8.467217714086704	9.198756314424894
C221	Fast	Post	trim95	detected_vs_zero	0.1	2042	N_M2	N	low	90	1294888	489331	8.525279969228759	9.186457904724135
C221	Fast	Post	trim95	detected_vs_zero	0.1	2043	N_M2	N	high	90	1289165	498622	8.53901894225675	9.183678827073482
C222	Fast	Post	trim95	detected_vs_zero	0.2	2044	E_M2	E	low	545	5610005	2336670	8.325652240241688	8.927746584642387
C222	Fast	Post	trim95	detected_vs_zero	0.2	2045	E_M2	E	high	545	5591108	2385083	8.342305263133222	8.925669939585447
C222	Fast	Post	trim95	detected_vs_zero	0.2	2046	G_M2	G	low	171	1930176	614218	8.134769424020622	8.961748958888618
C222	Fast	Post	trim95	detected_vs_zero	0.2	2047	G_M2	G	high	171	1927902	619131	8.140762964821613	8.962149977944314
C222	Fast	Post	trim95	detected_vs_zero	0.2	2048	I_M2	I	low	471	1771440	1564772	8.073027597768494	8.11032824811881
C222	Fast	Post	trim95	detected_vs_zero	0.2	2049	I_M2	I	high	471	1773033	1574697	8.076692137717602	8.111056170257129
C222	Fast	Post	trim95	detected_vs_zero	0.2	2050	J_M2	J	low	151	1755461	609175	8.27667063964031	9.075759821966205
C222	Fast	Post	trim95	detected_vs_zero	0.2	2051	J_M2	J	high	151	1764155	613755	8.282879856558596	9.074836550325372
C222	Fast	Post	trim95	detected_vs_zero	0.2	2052	L_M2	L	low	29	392496	137109	8.43112958629663	9.198316945402933
C222	Fast	Post	trim95	detected_vs_zero	0.2	2053	L_M2	L	high	29	372490	147934	8.501168726515344	9.170308120183138
C222	Fast	Post	trim95	detected_vs_zero	0.2	2054	N_M2	N	low	119	1585000	606132	8.43306013112798	9.088703588791638
C222	Fast	Post	trim95	detected_vs_zero	0.2	2055	N_M2	N	high	119	1537978	632994	8.462593739483896	9.065479341197479
C223	Fast	Post	trim95	detected_vs_zero	0.3	2056	E_M2	E	low	550	5639192	2358656	8.326186698912236	8.922524431095862
C223	Fast	Post	trim95	detected_vs_zero	0.3	2057	E_M2	E	high	550	5624311	2412941	8.344732223318628	8.920926952659762
C223	Fast	Post	trim95	detected_vs_zero	0.3	2058	G_M2	G	low	172	1934269	619025	8.136765162696168	8.957516515576572
C223	Fast	Post	trim95	detected_vs_zero	0.3	2059	G_M2	G	high	172	1931537	625421	8.144286873860848	8.957203338556772
C223	Fast	Post	trim95	detected_vs_zero	0.3	2060	I_M2	I	low	471	1771440	1564772	8.073027597768494	8.11032824811881
C223	Fast	Post	trim95	detected_vs_zero	0.3	2061	I_M2	I	high	471	1773033	1574697	8.076692137717602	8.111056170257129
C223	Fast	Post	trim95	detected_vs_zero	0.3	2062	J_M2	J	low	153	1767933	616241	8.272349263535428	9.067844461365198
C223	Fast	Post	trim95	detected_vs_zero	0.3	2063	J_M2	J	high	153	1776621	620122	8.276626084866837	9.06583731883709
C223	Fast	Post	trim95	detected_vs_zero	0.3	2064	L_M2	L	low	30	409613	140059	8.41642191258484	9.206283599533187
C223	Fast	Post	trim95	detected_vs_zero	0.3	2065	L_M2	L	high	30	373771	152458	8.49221185534052	9.143527303366644
C223	Fast	Post	trim95	detected_vs_zero	0.3	2066	N_M2	N	low	125	1611117	642214	8.44190681202946	9.047703553041861
C223	Fast	Post	trim95	detected_vs_zero	0.3	2067	N_M2	N	high	125	1525708	681353	8.482348009321308	9.009224826034455
C224	Slow	Pre	author	2plus_vs_1	none	2068	E_M1	E	low	707	6255851	3263330	8.355433186934178	8.791159604327126
C224	Slow	Pre	author	2plus_vs_1	none	2069	E_M1	E	high	750	7433907	4396083	8.570831170310987	8.90752689574335
C224	Slow	Pre	author	2plus_vs_1	none	2070	G_M1	G	low	74	960737	346484	8.373674206268163	9.022998082083706
C224	Slow	Pre	author	2plus_vs_1	none	2071	G_M1	G	high	122	1630942	716851	8.573078702611397	9.093488180806846
C224	Slow	Pre	author	2plus_vs_1	none	2072	I_M1	I	low	376	2085476	1638847	8.301643706058915	8.441444314637646
C224	Slow	Pre	author	2plus_vs_1	none	2073	I_M1	I	high	711	4569978	3786488	8.496562022283511	8.556710053572205
C224	Slow	Pre	author	2plus_vs_1	none	2074	J_M1	J	low	493	2695749	2217187	8.351268834893746	8.449032656204587
C224	Slow	Pre	author	2plus_vs_1	none	2075	J_M1	J	high	707	4268764	3934575	8.553868947787702	8.495730963597783
C224	Slow	Pre	author	2plus_vs_1	none	2076	L_M1	L	low	3	45958	15042	8.512163422764301	9.359500138162966
C224	Slow	Pre	author	2plus_vs_1	none	2077	L_M1	L	high	11	217861	100979	9.020679597694782	9.483842032869854
C224	Slow	Pre	author	2plus_vs_1	none	2078	N_M1	N	low	391	2657574	2012385	8.445719213488019	8.542171437468735
C224	Slow	Pre	author	2plus_vs_1	none	2079	N_M1	N	high	443	3690474	3484771	8.81751434812536	8.693463625437271
C225	Slow	Pre	author	2plus_vs_1	0.1	2080	E_M1	E	low	554	5333763	2669722	8.423941609663942	8.907773181947967
C225	Slow	Pre	author	2plus_vs_1	0.1	2081	E_M1	E	high	554	5336786	2695451	8.43067351444137	8.906401805507347
C225	Slow	Pre	author	2plus_vs_1	0.1	2082	G_M1	G	low	42	653063	210205	8.470516621246047	9.311004752981571
C225	Slow	Pre	author	2plus_vs_1	0.1	2083	G_M1	G	high	42	657872	210576	8.47298151167458	9.311347660886048
C225	Slow	Pre	author	2plus_vs_1	0.1	2084	I_M1	I	low	343	1949511	1539953	8.347078078045444	8.470890102478844
C225	Slow	Pre	author	2plus_vs_1	0.1	2085	I_M1	I	high	343	1960664	1551766	8.352841662938028	8.473681464640952
C225	Slow	Pre	author	2plus_vs_1	0.1	2086	J_M1	J	low	424	2361842	1995335	8.409937483320455	8.469110832574337
C225	Slow	Pre	author	2plus_vs_1	0.1	2087	J_M1	J	high	424	2378645	2016243	8.417418415459526	8.472251260248752
C225	Slow	Pre	author	2plus_vs_1	0.1	2088	N_M1	N	low	267	1996891	1537557	8.582824249159158	8.66247721552725
C225	Slow	Pre	author	2plus_vs_1	0.1	2089	N_M1	N	high	267	1996530	1547848	8.586940264249112	8.661311060721005
C226	Slow	Pre	author	2plus_vs_1	0.2	2090	E_M1	E	low	598	5643304	2911305	8.430907268749069	8.876634852044566
C226	Slow	Pre	author	2plus_vs_1	0.2	2091	E_M1	E	high	598	5648371	3015686	8.458510833191715	8.875109933207801
C226	Slow	Pre	author	2plus_vs_1	0.2	2092	G_M1	G	low	60	843952	302416	8.469049832320277	9.145452744798757
C226	Slow	Pre	author	2plus_vs_1	0.2	2093	G_M1	G	high	60	851713	317154	8.5087197637775	9.13999760183111
C226	Slow	Pre	author	2plus_vs_1	0.2	2094	I_M1	I	low	360	2007399	1608992	8.338330606013143	8.448027908562908
C226	Slow	Pre	author	2plus_vs_1	0.2	2095	I_M1	I	high	360	2078525	1680394	8.37584681649185	8.466136347347959
C226	Slow	Pre	author	2plus_vs_1	0.2	2096	J_M1	J	low	451	2490718	2110121	8.402280451395512	8.456384262092167
C226	Slow	Pre	author	2plus_vs_1	0.2	2097	J_M1	J	high	451	2522229	2215679	8.441615220372753	8.457817062974154
C226	Slow	Pre	author	2plus_vs_1	0.2	2098	L_M1	L	low	1	14355	5497	8.612139668725192	9.263881138904212
C226	Slow	Pre	author	2plus_vs_1	0.2	2099	L_M1	L	high	1	14825	6562	8.789203094473724	9.337677620437377
C226	Slow	Pre	author	2plus_vs_1	0.2	2100	N_M1	N	low	310	2248840	1770444	8.574622920262733	8.619823515116392
C226	Slow	Pre	author	2plus_vs_1	0.2	2101	N_M1	N	high	310	2296396	1843211	8.60435785778068	8.62134629754946
C227	Slow	Pre	author	2plus_vs_1	0.3	2102	E_M1	E	low	612	5727849	3005734	8.43453870471983	8.863944114659157
C227	Slow	Pre	author	2plus_vs_1	0.3	2103	E_M1	E	high	612	5701770	3185675	8.482166117588527	8.856695436583058
C227	Slow	Pre	author	2plus_vs_1	0.3	2104	G_M1	G	low	68	904128	332652	8.434557923771534	9.064775849249312
C227	Slow	Pre	author	2plus_vs_1	0.3	2105	G_M1	G	high	68	887551	372655	8.538039024050622	9.038252508939083
C227	Slow	Pre	author	2plus_vs_1	0.3	2106	I_M1	I	low	367	2035510	1624875	8.326501002281473	8.442455398404245
C227	Slow	Pre	author	2plus_vs_1	0.3	2107	I_M1	I	high	367	2144888	1757624	8.393637972487252	8.46687787561336
C227	Slow	Pre	author	2plus_vs_1	0.3	2108	J_M1	J	low	461	2529589	2139489	8.392950156193715	8.44902172610151
C227	Slow	Pre	author	2plus_vs_1	0.3	2109	J_M1	J	high	461	2557831	2306025	8.451783092865544	8.436820922446529
C227	Slow	Pre	author	2plus_vs_1	0.3	2110	L_M1	L	low	2	31741	10895	8.60305434947174	9.365941212110084
C227	Slow	Pre	author	2plus_vs_1	0.3	2111	L_M1	L	high	2	34775	11189	8.629296108861823	9.370459401105986
C227	Slow	Pre	author	2plus_vs_1	0.3	2112	N_M1	N	low	322	2318382	1821647	8.56562918484964	8.606788511814562
C227	Slow	Pre	author	2plus_vs_1	0.3	2113	N_M1	N	high	322	2420345	1969274	8.626646973648798	8.623139045498542
C228	Slow	Pre	author	3plus_vs_1	none	2114	E_M1	E	low	707	6255851	3263330	8.355433186934178	8.791159604327126
C228	Slow	Pre	author	3plus_vs_1	none	2115	E_M1	E	high	319	3303816	2180005	8.697619401882802	8.9252310136812
C228	Slow	Pre	author	3plus_vs_1	none	2116	G_M1	G	low	74	960737	346484	8.373674206268163	9.022998082083706
C228	Slow	Pre	author	3plus_vs_1	none	2117	G_M1	G	high	67	850066	439203	8.686840009349893	9.020078434960636
C228	Slow	Pre	author	3plus_vs_1	none	2118	I_M1	I	low	376	2085476	1638847	8.301643706058915	8.441444314637646
C228	Slow	Pre	author	3plus_vs_1	none	2119	I_M1	I	high	426	2843462	2408686	8.551123076981275	8.583611929325334
C228	Slow	Pre	author	3plus_vs_1	none	2120	J_M1	J	low	493	2695749	2217187	8.351268834893746	8.449032656204587
C228	Slow	Pre	author	3plus_vs_1	none	2121	J_M1	J	high	401	2495452	2371956	8.614659958063188	8.515876753985648
C228	Slow	Pre	author	3plus_vs_1	none	2122	L_M1	L	low	3	45958	15042	8.512163422764301	9.359500138162966
C228	Slow	Pre	author	3plus_vs_1	none	2123	L_M1	L	high	9	177737	85096	9.033126667026242	9.469434424884525
C228	Slow	Pre	author	3plus_vs_1	none	2124	N_M1	N	low	391	2657574	2012385	8.445719213488019	8.542171437468735
C228	Slow	Pre	author	3plus_vs_1	none	2125	N_M1	N	high	224	1978875	2036277	8.957532556089614	8.74600645830879
C229	Slow	Pre	author	3plus_vs_1	0.1	2126	E_M1	E	low	247	2531180	1315671	8.521678385071668	8.955177808138044
C229	Slow	Pre	author	3plus_vs_1	0.1	2127	E_M1	E	high	247	2535502	1322717	8.525003789561632	8.953219340909278
C229	Slow	Pre	author	3plus_vs_1	0.1	2128	G_M1	G	low	30	476732	158390	8.524280358369644	9.34098797037352
C229	Slow	Pre	author	3plus_vs_1	0.1	2129	G_M1	G	high	30	476137	159286	8.528919900753738	9.332242646031581
C229	Slow	Pre	author	3plus_vs_1	0.1	2130	I_M1	I	low	284	1662370	1351641	8.415395885043912	8.500375244463507
C229	Slow	Pre	author	3plus_vs_1	0.1	2131	I_M1	I	high	284	1678790	1361688	8.420612615175353	8.506391976089752
C229	Slow	Pre	author	3plus_vs_1	0.1	2132	J_M1	J	low	301	1718147	1529496	8.490797809102549	8.485466326829767
C229	Slow	Pre	author	3plus_vs_1	0.1	2133	J_M1	J	high	301	1733390	1543374	8.497187348171082	8.490382954523739
C229	Slow	Pre	author	3plus_vs_1	0.1	2134	N_M1	N	low	144	1195754	939734	8.712462615512932	8.750942429196458
C229	Slow	Pre	author	3plus_vs_1	0.1	2135	N_M1	N	high	144	1197052	948007	8.720224167446368	8.748463803459266
C230	Slow	Pre	author	3plus_vs_1	0.2	2136	E_M1	E	low	274	2774616	1527291	8.558174615475458	8.93360268044226
C230	Slow	Pre	author	3plus_vs_1	0.2	2137	E_M1	E	high	274	2787479	1566021	8.575396242359304	8.935193524389842
C230	Slow	Pre	author	3plus_vs_1	0.2	2138	G_M1	G	low	45	639055	242445	8.542313504729316	9.17850967109127
C230	Slow	Pre	author	3plus_vs_1	0.2	2139	G_M1	G	high	45	648294	249552	8.567574271088564	9.177659606885307
C230	Slow	Pre	author	3plus_vs_1	0.2	2140	I_M1	I	low	310	1781925	1460241	8.402688574970714	8.47744520585351
C230	Slow	Pre	author	3plus_vs_1	0.2	2141	I_M1	I	high	310	1843893	1502949	8.428907137851368	8.496875470274981
C230	Slow	Pre	author	3plus_vs_1	0.2	2142	J_M1	J	low	330	1855369	1677806	8.492195553797625	8.462707902578579
C230	Slow	Pre	author	3plus_vs_1	0.2	2143	J_M1	J	high	330	1874303	1735529	8.517855813483889	8.466259535544427
C230	Slow	Pre	author	3plus_vs_1	0.2	2144	N_M1	N	low	170	1353866	1123247	8.725988610974628	8.692307388218858
C230	Slow	Pre	author	3plus_vs_1	0.2	2145	N_M1	N	high	170	1384037	1170423	8.755947570901885	8.697793564387554
C231	Slow	Pre	author	3plus_vs_1	0.3	2146	E_M1	E	low	291	2942782	1667960	8.580149547356807	8.924522382917823
C231	Slow	Pre	author	3plus_vs_1	0.3	2147	E_M1	E	high	291	2961261	1739383	8.612762161048629	8.925882551029822
C231	Slow	Pre	author	3plus_vs_1	0.3	2148	G_M1	G	low	55	735239	286053	8.505773010915705	9.079114318632335
C231	Slow	Pre	author	3plus_vs_1	0.3	2149	G_M1	G	high	55	718331	315845	8.603054005154423	9.056015591382298
C231	Slow	Pre	author	3plus_vs_1	0.3	2150	I_M1	I	low	320	1826267	1503613	8.39826495159465	8.469929780998951
C231	Slow	Pre	author	3plus_vs_1	0.3	2151	I_M1	I	high	320	1948829	1604741	8.452313135945934	8.507386221162843
C231	Slow	Pre	author	3plus_vs_1	0.3	2152	J_M1	J	low	342	1908402	1732852	8.488943946824715	8.453353472278774
C231	Slow	Pre	author	3plus_vs_1	0.3	2153	J_M1	J	high	342	1936580	1843580	8.535515391713126	8.453201936677678
C231	Slow	Pre	author	3plus_vs_1	0.3	2154	L_M1	L	low	2	31741	10895	8.60305434947174	9.365941212110084
C231	Slow	Pre	author	3plus_vs_1	0.3	2155	L_M1	L	high	2	34775	11189	8.629296108861823	9.370459401105986
C231	Slow	Pre	author	3plus_vs_1	0.3	2156	N_M1	N	low	178	1413010	1179544	8.731115447063939	8.688074171890571
C231	Slow	Pre	author	3plus_vs_1	0.3	2157	N_M1	N	high	178	1469004	1267932	8.782803776020739	8.70853194075889
C232	Slow	Pre	author	4plus_vs_1	none	2158	E_M1	E	low	707	6255851	3263330	8.355433186934178	8.791159604327126
C232	Slow	Pre	author	4plus_vs_1	none	2159	E_M1	E	high	147	1560790	1170476	8.835010393097809	8.925756854199333
C232	Slow	Pre	author	4plus_vs_1	none	2160	G_M1	G	low	74	960737	346484	8.373674206268163	9.022998082083706
C232	Slow	Pre	author	4plus_vs_1	none	2161	G_M1	G	high	32	387119	221233	8.723646989416228	8.969515337100717
C232	Slow	Pre	author	4plus_vs_1	none	2162	I_M1	I	low	376	2085476	1638847	8.301643706058915	8.441444314637646
C232	Slow	Pre	author	4plus_vs_1	none	2163	I_M1	I	high	231	1633528	1418099	8.633969840152885	8.6309154697288
C232	Slow	Pre	author	4plus_vs_1	none	2164	J_M1	J	low	493	2695749	2217187	8.351268834893746	8.449032656204587
C232	Slow	Pre	author	4plus_vs_1	none	2165	J_M1	J	high	211	1379782	1317217	8.669846887139638	8.556540852176642
C232	Slow	Pre	author	4plus_vs_1	none	2166	L_M1	L	low	3	45958	15042	8.512163422764301	9.359500138162966
C232	Slow	Pre	author	4plus_vs_1	none	2167	L_M1	L	high	7	142962	73907	9.14850682650179	9.497713003106966
C232	Slow	Pre	author	4plus_vs_1	none	2168	N_M1	N	low	391	2657574	2012385	8.445719213488019	8.542171437468735
C232	Slow	Pre	author	4plus_vs_1	none	2169	N_M1	N	high	115	1020852	1215307	9.083116641230866	8.746110317486952
C233	Slow	Pre	author	4plus_vs_1	0.1	2170	E_M1	E	low	106	1154193	622378	8.615373354971105	9.006959594555083
C233	Slow	Pre	author	4plus_vs_1	0.1	2171	E_M1	E	high	106	1165084	626044	8.618895189075644	9.00783687225372
C233	Slow	Pre	author	4plus_vs_1	0.1	2172	G_M1	G	low	15	239270	77032	8.514873894735448	9.370785944877401
C233	Slow	Pre	author	4plus_vs_1	0.1	2173	G_M1	G	high	15	240633	79150	8.535634138143502	9.367744280518979
C233	Slow	Pre	author	4plus_vs_1	0.1	2174	I_M1	I	low	174	1097289	903104	8.503620267990149	8.563726172624529
C233	Slow	Pre	author	4plus_vs_1	0.1	2175	I_M1	I	high	174	1103388	910804	8.510056042685815	8.567714398889166
C233	Slow	Pre	author	4plus_vs_1	0.1	2176	J_M1	J	low	166	1010404	907365	8.56620576169829	8.535478395419728
C233	Slow	Pre	author	4plus_vs_1	0.1	2177	J_M1	J	high	166	1013841	910009	8.567167152674125	8.539599299210659
C233	Slow	Pre	author	4plus_vs_1	0.1	2178	N_M1	N	low	70	550344	479907	8.756500058257497	8.683707520038269
C233	Slow	Pre	author	4plus_vs_1	0.1	2179	N_M1	N	high	70	555761	485704	8.76494315517489	8.688809344931638
C234	Slow	Pre	author	4plus_vs_1	0.2	2180	E_M1	E	low	123	1329450	782514	8.680233624758072	8.97731780073717
C234	Slow	Pre	author	4plus_vs_1	0.2	2181	E_M1	E	high	123	1342843	800634	8.697031058772072	8.98481928669145
C234	Slow	Pre	author	4plus_vs_1	0.2	2182	G_M1	G	low	20	297541	109092	8.554717645272973	9.22181543072401
C234	Slow	Pre	author	4plus_vs_1	0.2	2183	G_M1	G	high	20	299801	110780	8.561769750072475	9.2088354632745
C234	Slow	Pre	author	4plus_vs_1	0.2	2184	I_M1	I	low	194	1208559	1020746	8.518406503514978	8.553854065273088
C234	Slow	Pre	author	4plus_vs_1	0.2	2185	I_M1	I	high	194	1245333	1053898	8.54266052447011	8.571570491620673
C234	Slow	Pre	author	4plus_vs_1	0.2	2186	J_M1	J	low	186	1108272	1023854	8.572495993950401	8.493220308756248
C234	Slow	Pre	author	4plus_vs_1	0.2	2187	J_M1	J	high	186	1117268	1051981	8.591516031690082	8.496840867602309
C234	Slow	Pre	author	4plus_vs_1	0.2	2188	N_M1	N	low	89	724444	655097	8.82930730039346	8.700521198816157
C234	Slow	Pre	author	4plus_vs_1	0.2	2189	N_M1	N	high	89	744971	679579	8.856499578061714	8.71222225125244
C235	Slow	Pre	author	4plus_vs_1	0.3	2190	E_M1	E	low	134	1419654	889828	8.713887507871346	8.943083960997475
C235	Slow	Pre	author	4plus_vs_1	0.3	2191	E_M1	E	high	134	1425562	923600	8.74761898390839	8.944541138107338
C235	Slow	Pre	author	4plus_vs_1	0.3	2192	G_M1	G	low	29	366774	160451	8.56205966627308	9.010220327128568
C235	Slow	Pre	author	4plus_vs_1	0.3	2193	G_M1	G	high	29	363044	172306	8.62328415664702	8.987620458150005
C235	Slow	Pre	author	4plus_vs_1	0.3	2194	I_M1	I	low	207	1276812	1093085	8.521299627262099	8.543616580222558
C235	Slow	Pre	author	4plus_vs_1	0.3	2195	I_M1	I	high	207	1354445	1153287	8.562819673447512	8.580013031934994
C235	Slow	Pre	author	4plus_vs_1	0.3	2196	J_M1	J	low	190	1142537	1051161	8.57771918003837	8.500061819809435
C235	Slow	Pre	author	4plus_vs_1	0.3	2197	J_M1	J	high	190	1165157	1105135	8.611029041841036	8.509019044425598
C235	Slow	Pre	author	4plus_vs_1	0.3	2198	N_M1	N	low	95	767803	712047	8.849131853804757	8.694614472884943
C235	Slow	Pre	author	4plus_vs_1	0.3	2199	N_M1	N	high	95	788176	770128	8.902875274541588	8.709503668167114
C236	Slow	Pre	author	3plus_vs_1to2	none	2200	E_M1	E	low	1138	10385942	5479408	8.401471047183737	8.830269172849288
C236	Slow	Pre	author	3plus_vs_1to2	none	2201	E_M1	E	high	319	3303816	2180005	8.697619401882802	8.9252310136812
C236	Slow	Pre	author	3plus_vs_1to2	none	2202	G_M1	G	low	129	1741613	624132	8.399606297333268	9.091179542560207
C236	Slow	Pre	author	3plus_vs_1to2	none	2203	G_M1	G	high	67	850066	439203	8.686840009349893	9.020078434960636
C236	Slow	Pre	author	3plus_vs_1to2	none	2204	I_M1	I	low	661	3811992	3016649	8.350522239830115	8.473805186839638
C236	Slow	Pre	author	3plus_vs_1to2	none	2205	I_M1	I	high	426	2843462	2408686	8.551123076981275	8.583611929325334
C236	Slow	Pre	author	3plus_vs_1to2	none	2206	J_M1	J	low	799	4469061	3779806	8.398350736552171	8.456806398528471
C236	Slow	Pre	author	3plus_vs_1to2	none	2207	J_M1	J	high	401	2495452	2371956	8.614659958063188	8.515876753985648
C236	Slow	Pre	author	3plus_vs_1to2	none	2208	L_M1	L	low	5	86082	30925	8.693165167939863	9.43517059041931
C236	Slow	Pre	author	3plus_vs_1to2	none	2209	L_M1	L	high	9	177737	85096	9.033126667026242	9.469434424884525
C236	Slow	Pre	author	3plus_vs_1to2	none	2210	N_M1	N	low	610	4369173	3460879	8.527783239556191	8.577193395832486
C236	Slow	Pre	author	3plus_vs_1to2	none	2211	N_M1	N	high	224	1978875	2036277	8.957532556089614	8.74600645830879
C237	Slow	Pre	author	3plus_vs_1to2	0.1	2212	E_M1	E	low	275	2896990	1589872	8.587214245353954	8.968469567575099
C237	Slow	Pre	author	3plus_vs_1to2	0.1	2213	E_M1	E	high	275	2896815	1596440	8.590232562985433	8.966776697412627
C237	Slow	Pre	author	3plus_vs_1to2	0.1	2214	G_M1	G	low	43	650182	233133	8.558070786826791	9.297663194512715
C237	Slow	Pre	author	3plus_vs_1to2	0.1	2215	G_M1	G	high	43	652754	232881	8.557451234295645	9.295474720200962
C237	Slow	Pre	author	3plus_vs_1to2	0.1	2216	I_M1	I	low	371	2341126	1901511	8.48129005637498	8.558930834154824
C237	Slow	Pre	author	3plus_vs_1to2	0.1	2217	I_M1	I	high	371	2351722	1916139	8.486182010503077	8.560900752306498
C237	Slow	Pre	author	3plus_vs_1to2	0.1	2218	J_M1	J	low	358	2161513	1955765	8.551340092879798	8.510274397575408
C237	Slow	Pre	author	3plus_vs_1to2	0.1	2219	J_M1	J	high	358	2173271	1963229	8.554126925925825	8.513510033580843
C237	Slow	Pre	author	3plus_vs_1to2	0.1	2220	N_M1	N	low	178	1542754	1296836	8.80537681211657	8.75681615110206
C237	Slow	Pre	author	3plus_vs_1to2	0.1	2221	N_M1	N	high	178	1545410	1303572	8.80895679352889	8.754808620849282
C238	Slow	Pre	author	3plus_vs_1to2	0.2	2222	E_M1	E	low	295	3082545	1772112	8.616125350728472	8.949541120504533
C238	Slow	Pre	author	3plus_vs_1to2	0.2	2223	E_M1	E	high	295	3068911	1799963	8.626990498932132	8.947134424256028
C238	Slow	Pre	author	3plus_vs_1to2	0.2	2224	G_M1	G	low	55	758549	310038	8.592651941380726	9.128990569616976
C238	Slow	Pre	author	3plus_vs_1to2	0.2	2225	G_M1	G	high	55	770152	315045	8.600868057563748	9.134763770771658
C238	Slow	Pre	author	3plus_vs_1to2	0.2	2226	I_M1	I	low	399	2509395	2065754	8.49208449998118	8.550550176320629
C238	Slow	Pre	author	3plus_vs_1to2	0.2	2227	I_M1	I	high	399	2558609	2107742	8.505804361646533	8.557804004345346
C238	Slow	Pre	author	3plus_vs_1to2	0.2	2228	J_M1	J	low	374	2235515	2067994	8.562464187411512	8.489760200196999
C238	Slow	Pre	author	3plus_vs_1to2	0.2	2229	J_M1	J	high	374	2247047	2105425	8.574529116380786	8.493587367279027
C238	Slow	Pre	author	3plus_vs_1to2	0.2	2230	L_M1	L	low	1	25299	9321	9.140132476932687	9.75967491717028
C238	Slow	Pre	author	3plus_vs_1to2	0.2	2231	L_M1	L	high	1	21129	7915	8.976641306722456	9.620992006771647
C238	Slow	Pre	author	3plus_vs_1to2	0.2	2232	N_M1	N	low	204	1783974	1566745	8.850517295726785	8.749495616519852
C238	Slow	Pre	author	3plus_vs_1to2	0.2	2233	N_M1	N	high	204	1795488	1604788	8.86386896122315	8.749878203806317
C239	Slow	Pre	author	3plus_vs_1to2	0.3	2234	E_M1	E	low	306	3211651	1865059	8.63091042345375	8.948803294094837
C239	Slow	Pre	author	3plus_vs_1to2	0.3	2235	E_M1	E	high	306	3207527	1930692	8.653132249983068	8.947334714522926
C239	Slow	Pre	author	3plus_vs_1to2	0.3	2236	G_M1	G	low	64	816912	366339	8.598071399368294	9.035830600573435
C239	Slow	Pre	author	3plus_vs_1to2	0.3	2237	G_M1	G	high	64	828944	383032	8.633119596003585	9.035646201291192
C239	Slow	Pre	author	3plus_vs_1to2	0.3	2238	I_M1	I	low	409	2589057	2128469	8.49688811958939	8.558076363390171
C239	Slow	Pre	author	3plus_vs_1to2	0.3	2239	I_M1	I	high	409	2670918	2203297	8.519237955262732	8.572318169021681
C239	Slow	Pre	author	3plus_vs_1to2	0.3	2240	J_M1	J	low	383	2288762	2126454	8.566923230880104	8.485888585106716
C239	Slow	Pre	author	3plus_vs_1to2	0.3	2241	J_M1	J	high	383	2284005	2197348	8.589182296145612	8.486682980001934
C239	Slow	Pre	author	3plus_vs_1to2	0.3	2242	L_M1	L	low	4	71865	26778	8.783861067587473	9.457308740456956
C239	Slow	Pre	author	3plus_vs_1to2	0.3	2243	L_M1	L	high	4	90530	30526	8.894654417545013	9.595573028247813
C239	Slow	Pre	author	3plus_vs_1to2	0.3	2244	N_M1	N	low	213	1866214	1665345	8.866810478910791	8.74976592811659
C239	Slow	Pre	author	3plus_vs_1to2	0.3	2245	N_M1	N	high	213	1882618	1758795	8.899934526813679	8.752023076235819
C240	Slow	Pre	author	positive_q25	none	2246	E_M1	E	low	365	3851906	2484730	8.75224401300446	8.951606690806853
C240	Slow	Pre	author	positive_q25	none	2247	E_M1	E	high	365	3285445	1524711	8.249911197484137	8.82725829587658
C240	Slow	Pre	author	positive_q25	none	2248	G_M1	G	low	49	642318	327247	8.7301125004121	9.027633665700455
C240	Slow	Pre	author	positive_q25	none	2249	G_M1	G	high	49	577904	224823	8.29141053035072	8.943975610282877
C240	Slow	Pre	author	positive_q25	none	2250	I_M1	I	low	272	1732558	1606999	8.619891856873862	8.545186433998536
C240	Slow	Pre	author	positive_q25	none	2251	I_M1	I	high	272	1570236	1125836	8.259911652982002	8.468451905479798
C240	Slow	Pre	author	positive_q25	none	2252	J_M1	J	low	300	1884360	1785726	8.649888865756587	8.542949281958544
C240	Slow	Pre	author	positive_q25	none	2253	J_M1	J	high	300	1594064	1351961	8.346986718273726	8.40212262032756
C240	Slow	Pre	author	positive_q25	none	2254	L_M1	L	low	4	75979	41975	9.083517469211511	9.517985719060881
C240	Slow	Pre	author	positive_q25	none	2255	L_M1	L	high	4	66242	27786	8.81004477349676	9.290659588852735
C240	Slow	Pre	author	positive_q25	none	2256	N_M1	N	low	209	1815475	1854652	9.010103108151531	8.740656457291703
C240	Slow	Pre	author	positive_q25	none	2257	N_M1	N	high	209	1451984	978334	8.351700025670427	8.565797899955085
C241	Slow	Pre	author	positive_q25	0.1	2258	E_M1	E	low	146	1523400	830241	8.617913157155355	8.983816550026308
C241	Slow	Pre	author	positive_q25	0.1	2259	E_M1	E	high	146	1521714	821093	8.605018453427915	8.98003268951874
C241	Slow	Pre	author	positive_q25	0.1	2260	G_M1	G	low	18	303760	94289	8.550703865916148	9.424483205785549
C241	Slow	Pre	author	positive_q25	0.1	2261	G_M1	G	high	18	301367	95672	8.561360254838036	9.415193019954476
C241	Slow	Pre	author	positive_q25	0.1	2262	I_M1	I	low	164	990432	811470	8.477070849211755	8.53832488029831
C241	Slow	Pre	author	positive_q25	0.1	2263	I_M1	I	high	164	997260	798032	8.457116693445547	8.542079940697194
C241	Slow	Pre	author	positive_q25	0.1	2264	J_M1	J	low	184	1064969	966592	8.54511487818111	8.498183358322835
C241	Slow	Pre	author	positive_q25	0.1	2265	J_M1	J	high	184	1070385	955724	8.531246825872122	8.501716087778036
C241	Slow	Pre	author	positive_q25	0.1	2266	N_M1	N	low	65	507786	426614	8.761691735901284	8.714774633020859
C241	Slow	Pre	author	positive_q25	0.1	2267	N_M1	N	high	65	509018	424033	8.748558013009893	8.714440395963788
C242	Slow	Pre	author	positive_q25	0.2	2268	E_M1	E	low	206	2059489	1150200	8.601196731582869	8.943627035001116
C242	Slow	Pre	author	positive_q25	0.2	2269	E_M1	E	high	206	2046398	1083019	8.526523258402241	8.93414829678014
C242	Slow	Pre	author	positive_q25	0.2	2270	G_M1	G	low	23	347124	126456	8.58897573260965	9.254708769593533
C242	Slow	Pre	author	positive_q25	0.2	2271	G_M1	G	high	23	344784	125725	8.571950590301642	9.233939335719564
C242	Slow	Pre	author	positive_q25	0.2	2272	I_M1	I	low	189	1118663	935463	8.478826071111367	8.506886015755311
C242	Slow	Pre	author	positive_q25	0.2	2273	I_M1	I	high	189	1135164	896314	8.426556148375324	8.51442462126053
C242	Slow	Pre	author	positive_q25	0.2	2274	J_M1	J	low	219	1235274	1160731	8.552986510760476	8.471196758454987
C242	Slow	Pre	author	positive_q25	0.2	2275	J_M1	J	high	219	1233746	1120633	8.507262467638613	8.46409941380474
C242	Slow	Pre	author	positive_q25	0.2	2276	L_M1	L	low	1	25299	9321	9.140132476932687	9.75967491717028
C242	Slow	Pre	author	positive_q25	0.2	2277	L_M1	L	high	1	21129	7915	8.976641306722456	9.620992006771647
C242	Slow	Pre	author	positive_q25	0.2	2278	N_M1	N	low	100	795406	654883	8.762028153739465	8.687521159014707
C242	Slow	Pre	author	positive_q25	0.2	2279	N_M1	N	high	100	818049	626031	8.702505537913503	8.696542768513503
C243	Slow	Pre	author	positive_q25	0.3	2280	E_M1	E	low	243	2361860	1356053	8.604318692809219	8.913187850003222
C243	Slow	Pre	author	positive_q25	0.3	2281	E_M1	E	high	243	2328942	1207729	8.465801739765944	8.894727095755721
C243	Slow	Pre	author	positive_q25	0.3	2282	G_M1	G	low	32	446835	176271	8.59192697684897	9.13838898384325
C243	Slow	Pre	author	positive_q25	0.3	2283	G_M1	G	high	32	429088	166791	8.518051652906358	9.105615271235571
C243	Slow	Pre	author	positive_q25	0.3	2284	I_M1	I	low	212	1225523	1059578	8.49052303912077	8.47755000088623
C243	Slow	Pre	author	positive_q25	0.3	2285	I_M1	I	high	212	1256321	962372	8.375695850648583	8.490874426705185
C243	Slow	Pre	author	positive_q25	0.3	2286	J_M1	J	low	237	1327037	1263692	8.55893829508252	8.467071275726424
C243	Slow	Pre	author	positive_q25	0.3	2287	J_M1	J	high	237	1322310	1180878	8.476889766550448	8.455852647989634
C243	Slow	Pre	author	positive_q25	0.3	2288	L_M1	L	low	1	25299	9321	9.140132476932687	9.75967491717028
C243	Slow	Pre	author	positive_q25	0.3	2289	L_M1	L	high	1	21129	7915	8.976641306722456	9.620992006771647
C243	Slow	Pre	author	positive_q25	0.3	2290	N_M1	N	low	123	952553	813354	8.775731455344058	8.669250577774566
C243	Slow	Pre	author	positive_q25	0.3	2291	N_M1	N	high	123	957352	718759	8.62613531180259	8.665152997956957
C244	Slow	Pre	author	positive_q33	none	2292	E_M1	E	low	487	4985883	3062631	8.66944753066193	8.924108550602101
C244	Slow	Pre	author	positive_q33	none	2293	E_M1	E	high	486	4396597	2112101	8.286722812170831	8.83049196627711
C244	Slow	Pre	author	positive_q33	none	2294	G_M1	G	low	66	871134	421107	8.673690472531622	9.028078506261133
C244	Slow	Pre	author	positive_q33	none	2295	G_M1	G	high	66	805422	307209	8.328055672892269	8.985649920987093
C244	Slow	Pre	author	positive_q33	none	2296	I_M1	I	low	363	2283429	2019004	8.550826612676728	8.536519655091826
C244	Slow	Pre	author	positive_q33	none	2297	I_M1	I	high	362	2110249	1566927	8.301704867310153	8.478493270852168
C244	Slow	Pre	author	positive_q33	none	2298	J_M1	J	low	400	2463606	2262753	8.586528136002427	8.52874730406421
C244	Slow	Pre	author	positive_q33	none	2299	J_M1	J	high	400	2177214	1851147	8.372542045147435	8.420411086420415
C244	Slow	Pre	author	positive_q33	none	2300	L_M1	L	low	5	90196	46122	8.932890289239094	9.483712173302452
C244	Slow	Pre	author	positive_q33	none	2301	L_M1	L	high	5	76325	33218	8.768085168107714	9.231262828434124
C244	Slow	Pre	author	positive_q33	none	2302	N_M1	N	low	278	2398746	2364057	8.933881707157296	8.736099833983648
C244	Slow	Pre	author	positive_q33	none	2303	N_M1	N	high	278	1974957	1424947	8.410122778016767	8.578614994422125
C245	Slow	Pre	author	positive_q33	0.1	2304	E_M1	E	low	282	2809151	1488763	8.536983542049272	8.937106459241827
C245	Slow	Pre	author	positive_q33	0.1	2305	E_M1	E	high	282	2817305	1463597	8.5164754518131	8.934971473393773
C245	Slow	Pre	author	positive_q33	0.1	2306	G_M1	G	low	30	492764	147571	8.48005149799535	9.39936963516481
C245	Slow	Pre	author	positive_q33	0.1	2307	G_M1	G	high	30	493390	149258	8.48745209539782	9.394742664347008
C245	Slow	Pre	author	positive_q33	0.1	2308	I_M1	I	low	265	1574104	1264522	8.428115656759054	8.516266211451082
C245	Slow	Pre	author	positive_q33	0.1	2309	I_M1	I	high	265	1583703	1257138	8.419822558034868	8.518434633819561
C245	Slow	Pre	author	positive_q33	0.1	2310	J_M1	J	low	296	1699368	1500412	8.49660474413269	8.491786137820803
C245	Slow	Pre	author	positive_q33	0.1	2311	J_M1	J	high	296	1706069	1484579	8.482643216334958	8.492257799567476
C245	Slow	Pre	author	positive_q33	0.1	2312	N_M1	N	low	134	1111340	874614	8.721217527529708	8.752827077196388
C245	Slow	Pre	author	positive_q33	0.1	2313	N_M1	N	high	134	1111282	866587	8.707046162397692	8.751832738147733
C246	Slow	Pre	author	positive_q33	0.2	2314	E_M1	E	low	346	3330659	1836615	8.542613345173638	8.897840106647196
C246	Slow	Pre	author	positive_q33	0.2	2315	E_M1	E	high	346	3334629	1740597	8.476510030451156	8.897344779627128
C246	Slow	Pre	author	positive_q33	0.2	2316	G_M1	G	low	40	588300	201883	8.495467466522712	9.189069790253015
C246	Slow	Pre	author	positive_q33	0.2	2317	G_M1	G	high	40	577509	203186	8.49113495381574	9.177189156328069
C246	Slow	Pre	author	positive_q33	0.2	2318	I_M1	I	low	287	1691207	1384158	8.437428234177917	8.501783818265283
C246	Slow	Pre	author	positive_q33	0.2	2319	I_M1	I	high	287	1710178	1340516	8.395154118241368	8.5048055879934
C246	Slow	Pre	author	positive_q33	0.2	2320	J_M1	J	low	329	1871073	1684516	8.506017507607227	8.478855820291942
C246	Slow	Pre	author	positive_q33	0.2	2321	J_M1	J	high	329	1873665	1648948	8.47560137131281	8.472727857959764
C246	Slow	Pre	author	positive_q33	0.2	2322	L_M1	L	low	1	25299	9321	9.140132476932687	9.75967491717028
C246	Slow	Pre	author	positive_q33	0.2	2323	L_M1	L	high	1	21129	7915	8.976641306722456	9.620992006771647
C246	Slow	Pre	author	positive_q33	0.2	2324	N_M1	N	low	172	1388592	1110317	8.71979558178328	8.707054659769645
C246	Slow	Pre	author	positive_q33	0.2	2325	N_M1	N	high	172	1394337	1070516	8.667798976228733	8.697729164111616
C247	Slow	Pre	author	positive_q33	0.3	2326	E_M1	E	low	368	3504530	1956613	8.546092276935463	8.88302100517429
C247	Slow	Pre	author	positive_q33	0.3	2327	E_M1	E	high	368	3511243	1801309	8.443167231934403	8.882450049900195
C247	Slow	Pre	author	positive_q33	0.3	2328	G_M1	G	low	47	656589	250154	8.534787795358902	9.12607211715564
C247	Slow	Pre	author	positive_q33	0.3	2329	G_M1	G	high	47	637741	255745	8.535560839022434	9.111261346870558
C247	Slow	Pre	author	positive_q33	0.3	2330	I_M1	I	low	300	1749130	1455882	8.444453975414351	8.486166809013346
C247	Slow	Pre	author	positive_q33	0.3	2331	I_M1	I	high	300	1776272	1372834	8.369412190170141	8.48813120303149
C247	Slow	Pre	author	positive_q33	0.3	2332	J_M1	J	low	341	1932748	1753619	8.510131373664649	8.476546224988871
C247	Slow	Pre	author	positive_q33	0.3	2333	J_M1	J	high	341	1931562	1677728	8.452324980913913	8.465243674357168
C247	Slow	Pre	author	positive_q33	0.3	2334	L_M1	L	low	2	39654	14818	8.876136072828938	9.511778028037245
C247	Slow	Pre	author	positive_q33	0.3	2335	L_M1	L	high	2	31212	13347	8.78844402663699	9.307333896765666
C247	Slow	Pre	author	positive_q33	0.3	2336	N_M1	N	low	189	1501716	1264074	8.739132775661675	8.68709715886638
C247	Slow	Pre	author	positive_q33	0.3	2337	N_M1	N	high	189	1496899	1160900	8.635152589170843	8.673994155821374
C248	Slow	Pre	author	detected_vs_zero	none	2338	E_M1	E	low	1037	8831508	4327138	8.257177699916713	8.768668881773037
C248	Slow	Pre	author	detected_vs_zero	none	2339	E_M1	E	high	1457	13689758	7659413	8.466310666366304	8.851060406360187
C248	Slow	Pre	author	detected_vs_zero	none	2340	G_M1	G	low	86	1287200	322218	8.113665663845048	9.232552938385421
C248	Slow	Pre	author	detected_vs_zero	none	2341	G_M1	G	high	196	2591679	1063335	8.497793331543033	9.06687457210525
C248	Slow	Pre	author	detected_vs_zero	none	2342	I_M1	I	low	412	2167362	1612569	8.200591468294352	8.391952771356301
C248	Slow	Pre	author	detected_vs_zero	none	2343	I_M1	I	high	1087	6655454	5425335	8.42913857527298	8.516838924005144
C248	Slow	Pre	author	detected_vs_zero	none	2344	J_M1	J	low	468	2372378	2016330	8.316186980602751	8.362271550807995
C248	Slow	Pre	author	detected_vs_zero	none	2345	J_M1	J	high	1200	6964513	6151762	8.47063406807377	8.476545742310412
C248	Slow	Pre	author	detected_vs_zero	none	2346	L_M1	L	low	3	64619	14435	8.4462919176147	9.628918646465713
C248	Slow	Pre	author	detected_vs_zero	none	2347	L_M1	L	high	14	263819	116021	8.911711845923962	9.45719734114695
C248	Slow	Pre	author	detected_vs_zero	none	2348	N_M1	N	low	538	3452286	2441158	8.292793867387127	8.48099976267135
C248	Slow	Pre	author	detected_vs_zero	none	2349	N_M1	N	high	834	6348048	5497156	8.643207516418885	8.622534074483196
C249	Slow	Pre	author	detected_vs_zero	0.1	2350	E_M1	E	low	926	8121359	4037828	8.316667243614715	8.809998354803286
C249	Slow	Pre	author	detected_vs_zero	0.1	2351	E_M1	E	high	926	8146757	4075105	8.324207640836844	8.810805005383054
C249	Slow	Pre	author	detected_vs_zero	0.1	2352	G_M1	G	low	58	938723	252616	8.31282639574295	9.351727588084305
C249	Slow	Pre	author	detected_vs_zero	0.1	2353	G_M1	G	high	58	920008	251406	8.310528230041873	9.335320132882924
C249	Slow	Pre	author	detected_vs_zero	0.1	2354	I_M1	I	low	383	2069583	1536906	8.246352803738391	8.426832182410786
C249	Slow	Pre	author	detected_vs_zero	0.1	2355	I_M1	I	high	383	2081609	1566982	8.26046974408012	8.430154635265998
C249	Slow	Pre	author	detected_vs_zero	0.1	2356	J_M1	J	low	445	2291907	1936884	8.33520682992466	8.389858933280312
C249	Slow	Pre	author	detected_vs_zero	0.1	2357	J_M1	J	high	445	2279036	1968233	8.347456212199063	8.382210240622259
C249	Slow	Pre	author	detected_vs_zero	0.1	2358	N_M1	N	low	451	3026728	2191171	8.401842642085995	8.535835915956321
C249	Slow	Pre	author	detected_vs_zero	0.1	2359	N_M1	N	high	451	3029109	2214097	8.408132344208964	8.537105847696461
C250	Slow	Pre	author	detected_vs_zero	0.2	2360	E_M1	E	low	961	8332995	4159295	8.30696634793174	8.791754307260561
C250	Slow	Pre	author	detected_vs_zero	0.2	2361	E_M1	E	high	961	8455861	4329980	8.339620996355533	8.793969835735918
C250	Slow	Pre	author	detected_vs_zero	0.2	2362	G_M1	G	low	74	1125062	300943	8.227747456953628	9.252392037164798
C250	Slow	Pre	author	detected_vs_zero	0.2	2363	G_M1	G	high	74	1046988	317860	8.282576936467365	9.21557632845816
C250	Slow	Pre	author	detected_vs_zero	0.2	2364	I_M1	I	low	398	2119312	1592078	8.233879433773215	8.407279887949432
C250	Slow	Pre	author	detected_vs_zero	0.2	2365	I_M1	I	high	398	2158428	1704684	8.285123221371743	8.411515538644611
C250	Slow	Pre	author	detected_vs_zero	0.2	2366	J_M1	J	low	464	2353795	2009450	8.323814051202866	8.364889423433693
C250	Slow	Pre	author	detected_vs_zero	0.2	2367	J_M1	J	high	464	2332672	2089486	8.351097844745658	8.35237908774209
C250	Slow	Pre	author	detected_vs_zero	0.2	2368	L_M1	L	low	2	43673	10733	8.56098858596524	9.638685513557858
C250	Slow	Pre	author	detected_vs_zero	0.2	2369	L_M1	L	high	2	35346	12062	8.653511438035938	9.483804998520188
C250	Slow	Pre	author	detected_vs_zero	0.2	2370	N_M1	N	low	481	3187037	2336365	8.393220638586387	8.515779967297938
C250	Slow	Pre	author	detected_vs_zero	0.2	2371	N_M1	N	high	481	3235748	2451879	8.427953324419066	8.523924258883039
C251	Slow	Pre	author	detected_vs_zero	0.3	2372	E_M1	E	low	972	8390506	4190274	8.301189236713643	8.785943711536719
C251	Slow	Pre	author	detected_vs_zero	0.3	2373	E_M1	E	high	972	8547434	4520473	8.357531919243613	8.787351288151607
C251	Slow	Pre	author	detected_vs_zero	0.3	2374	G_M1	G	low	77	1155921	309358	8.216480321679153	9.23397320670539
C251	Slow	Pre	author	detected_vs_zero	0.3	2375	G_M1	G	high	77	1041839	345283	8.319621753479444	9.171082353208147
C251	Slow	Pre	author	detected_vs_zero	0.3	2376	I_M1	I	low	403	2139562	1600670	8.223827573264737	8.403398373294355
C251	Slow	Pre	author	detected_vs_zero	0.3	2377	I_M1	I	high	403	2190181	1810666	8.320747791744484	8.402910508326737
C251	Slow	Pre	author	detected_vs_zero	0.3	2378	J_M1	J	low	464	2353795	2009450	8.323814051202866	8.364889423433693
C251	Slow	Pre	author	detected_vs_zero	0.3	2379	J_M1	J	high	464	2336382	2174455	8.379188259998639	8.34424368960111
C251	Slow	Pre	author	detected_vs_zero	0.3	2380	L_M1	L	low	3	64619	14435	8.4462919176147	9.628918646465713
C251	Slow	Pre	author	detected_vs_zero	0.3	2381	L_M1	L	high	3	49701	17559	8.63972084826569	9.410497045314864
C251	Slow	Pre	author	detected_vs_zero	0.3	2382	N_M1	N	low	490	3232460	2360523	8.383997100799355	8.510192673233869
C251	Slow	Pre	author	detected_vs_zero	0.3	2383	N_M1	N	high	490	3275126	2587713	8.454734201839106	8.513537217107968
C252	Slow	Pre	trim95	2plus_vs_1	none	2384	E_M1	E	low	667	5571218	2888673	8.312699856540808	8.753428746973919
C252	Slow	Pre	trim95	2plus_vs_1	none	2385	E_M1	E	high	631	5696151	3068316	8.443515833871343	8.850927580871453
C252	Slow	Pre	trim95	2plus_vs_1	none	2386	G_M1	G	low	70	889942	313891	8.34056233212071	9.00287561670689
C252	Slow	Pre	trim95	2plus_vs_1	none	2387	G_M1	G	high	102	1322078	515233	8.46638171358373	9.070787733480222
C252	Slow	Pre	trim95	2plus_vs_1	none	2388	I_M1	I	low	357	1878360	1470176	8.261905907147005	8.407268958560067
C252	Slow	Pre	trim95	2plus_vs_1	none	2389	I_M1	I	high	623	3554394	2904855	8.401661615239288	8.478846601265534
C252	Slow	Pre	trim95	2plus_vs_1	none	2390	J_M1	J	low	472	2442919	2036390	8.320378218956662	8.415056530457633
C252	Slow	Pre	trim95	2plus_vs_1	none	2391	J_M1	J	high	613	3231496	2999157	8.45676379677611	8.407766760766165
C252	Slow	Pre	trim95	2plus_vs_1	none	2392	L_M1	L	low	3	45958	15042	8.512163422764301	9.359500138162966
C252	Slow	Pre	trim95	2plus_vs_1	none	2393	L_M1	L	high	9	164296	67798	8.877362525326529	9.413499502523075
C252	Slow	Pre	trim95	2plus_vs_1	none	2394	N_M1	N	low	376	2436852	1866329	8.420862218998685	8.513615926454102
C252	Slow	Pre	trim95	2plus_vs_1	none	2395	N_M1	N	high	361	2561412	2242465	8.655977628500182	8.589629995224955
C253	Slow	Pre	trim95	2plus_vs_1	0.1	2396	E_M1	E	low	520	4728460	2375716	8.384488949374612	8.868883481472123
C253	Slow	Pre	trim95	2plus_vs_1	0.1	2397	E_M1	E	high	520	4734392	2390565	8.389670020078865	8.86744383390646
C253	Slow	Pre	trim95	2plus_vs_1	0.1	2398	G_M1	G	low	39	587658	187979	8.440914089629018	9.283752574113313
C253	Slow	Pre	trim95	2plus_vs_1	0.1	2399	G_M1	G	high	39	586294	189162	8.445038187192663	9.273908387184735
C253	Slow	Pre	trim95	2plus_vs_1	0.1	2400	I_M1	I	low	327	1763997	1395329	8.310431043182545	8.43650447662329
C253	Slow	Pre	trim95	2plus_vs_1	0.1	2401	I_M1	I	high	327	1772179	1405098	8.315437624323932	8.438281744761422
C253	Slow	Pre	trim95	2plus_vs_1	0.1	2402	J_M1	J	low	404	2125929	1821619	8.378024228478893	8.433103214942351
C253	Slow	Pre	trim95	2plus_vs_1	0.1	2403	J_M1	J	high	404	2142100	1836286	8.384283205340333	8.43614879760144
C253	Slow	Pre	trim95	2plus_vs_1	0.1	2404	N_M1	N	low	255	1827469	1405895	8.55291628155266	8.637251808421604
C253	Slow	Pre	trim95	2plus_vs_1	0.1	2405	N_M1	N	high	255	1826288	1415692	8.556846381292862	8.635653593861235
C254	Slow	Pre	trim95	2plus_vs_1	0.2	2406	E_M1	E	low	559	4996107	2568335	8.389736040386586	8.840440193474171
C254	Slow	Pre	trim95	2plus_vs_1	0.2	2407	E_M1	E	high	559	4969859	2629058	8.409877808927355	8.834234224969101
C254	Slow	Pre	trim95	2plus_vs_1	0.2	2408	G_M1	G	low	56	773157	269823	8.43447253435397	9.129046424700245
C254	Slow	Pre	trim95	2plus_vs_1	0.2	2409	G_M1	G	high	56	765575	284485	8.477744888219721	9.112429330713606
C254	Slow	Pre	trim95	2plus_vs_1	0.2	2410	I_M1	I	low	342	1812861	1442818	8.297381986048965	8.415130311988282
C254	Slow	Pre	trim95	2plus_vs_1	0.2	2411	I_M1	I	high	342	1870050	1505089	8.334441627918332	8.432223582553966
C254	Slow	Pre	trim95	2plus_vs_1	0.2	2412	J_M1	J	low	430	2237888	1929324	8.37086387749838	8.419448569931879
C254	Slow	Pre	trim95	2plus_vs_1	0.2	2413	J_M1	J	high	430	2262696	2003458	8.404104039061066	8.41919506982788
C254	Slow	Pre	trim95	2plus_vs_1	0.2	2414	L_M1	L	low	1	14355	5497	8.612139668725192	9.263881138904212
C254	Slow	Pre	trim95	2plus_vs_1	0.2	2415	L_M1	L	high	1	14825	6562	8.789203094473724	9.337677620437377
C254	Slow	Pre	trim95	2plus_vs_1	0.2	2416	N_M1	N	low	297	2059367	1632958	8.548227286981195	8.593100836099175
C254	Slow	Pre	trim95	2plus_vs_1	0.2	2417	N_M1	N	high	297	2054762	1692083	8.575534686933599	8.58763673785593
C255	Slow	Pre	trim95	2plus_vs_1	0.3	2418	E_M1	E	low	569	5045767	2617699	8.390617250289596	8.830699496690693
C255	Slow	Pre	trim95	2plus_vs_1	0.3	2419	E_M1	E	high	569	5002495	2704491	8.419335291927775	8.82117148744203
C255	Slow	Pre	trim95	2plus_vs_1	0.3	2420	G_M1	G	low	63	832039	293206	8.395314652359295	9.075894066438764
C255	Slow	Pre	trim95	2plus_vs_1	0.3	2421	G_M1	G	high	63	807476	324803	8.491350194649861	9.043069656801485
C255	Slow	Pre	trim95	2plus_vs_1	0.3	2422	I_M1	I	low	349	1840972	1458701	8.285763578513796	8.409930231609465
C255	Slow	Pre	trim95	2plus_vs_1	0.3	2423	I_M1	I	high	349	1924437	1564168	8.3485788127617	8.431641753602422
C255	Slow	Pre	trim95	2plus_vs_1	0.3	2424	J_M1	J	low	440	2276759	1958692	8.361802285795978	8.412574087727128
C255	Slow	Pre	trim95	2plus_vs_1	0.3	2425	J_M1	J	high	440	2292245	2063378	8.408743218800533	8.398723455889643
C255	Slow	Pre	trim95	2plus_vs_1	0.3	2426	L_M1	L	low	2	31741	10895	8.60305434947174	9.365941212110084
C255	Slow	Pre	trim95	2plus_vs_1	0.3	2427	L_M1	L	high	2	34775	11189	8.629296108861823	9.370459401105986
C255	Slow	Pre	trim95	2plus_vs_1	0.3	2428	N_M1	N	low	308	2111347	1679612	8.54026011026496	8.577499258576895
C255	Slow	Pre	trim95	2plus_vs_1	0.3	2429	N_M1	N	high	308	2120227	1801756	8.597032651943229	8.578387588748958
C256	Slow	Pre	trim95	3plus_vs_1	none	2430	E_M1	E	low	667	5571218	2888673	8.312699856540808	8.753428746973919
C256	Slow	Pre	trim95	3plus_vs_1	none	2431	E_M1	E	high	235	2121968	1187389	8.482959765768868	8.846644068675682
C256	Slow	Pre	trim95	3plus_vs_1	none	2432	G_M1	G	low	70	889942	313891	8.34056233212071	9.00287561670689
C256	Slow	Pre	trim95	3plus_vs_1	none	2433	G_M1	G	high	53	652766	282824	8.541038039090935	9.000027984563323
C256	Slow	Pre	trim95	3plus_vs_1	none	2434	I_M1	I	low	357	1878360	1470176	8.261905907147005	8.407268958560067
C256	Slow	Pre	trim95	3plus_vs_1	none	2435	I_M1	I	high	360	2077218	1730040	8.43398315740691	8.4876462237324
C256	Slow	Pre	trim95	3plus_vs_1	none	2436	J_M1	J	low	472	2442919	2036390	8.320378218956662	8.415056530457633
C256	Slow	Pre	trim95	3plus_vs_1	none	2437	J_M1	J	high	332	1754117	1683293	8.494982025515304	8.405967869365174
C256	Slow	Pre	trim95	3plus_vs_1	none	2438	L_M1	L	low	3	45958	15042	8.512163422764301	9.359500138162966
C256	Slow	Pre	trim95	3plus_vs_1	none	2439	L_M1	L	high	7	124172	51915	8.852418165218909	9.374877569300002
C256	Slow	Pre	trim95	3plus_vs_1	none	2440	N_M1	N	low	376	2436852	1866329	8.420862218998685	8.513615926454102
C256	Slow	Pre	trim95	3plus_vs_1	none	2441	N_M1	N	high	167	1226452	1127318	8.748654499020658	8.62262259381984
C257	Slow	Pre	trim95	3plus_vs_1	0.1	2442	E_M1	E	low	218	2034465	1063432	8.453072025554114	8.887153165906696
C257	Slow	Pre	trim95	3plus_vs_1	0.1	2443	E_M1	E	high	218	2032364	1065516	8.454927132479936	8.88345524315321
C257	Slow	Pre	trim95	3plus_vs_1	0.1	2444	G_M1	G	low	27	413232	135120	8.479464687409813	9.307652268927702
C257	Slow	Pre	trim95	3plus_vs_1	0.1	2445	G_M1	G	high	27	411092	136431	8.48632406583565	9.293380009685787
C257	Slow	Pre	trim95	3plus_vs_1	0.1	2446	I_M1	I	low	269	1483866	1216048	8.377487475127904	8.461261658418477
C257	Slow	Pre	trim95	3plus_vs_1	0.1	2447	I_M1	I	high	269	1494930	1225304	8.382930381584229	8.46609305160293
C257	Slow	Pre	trim95	3plus_vs_1	0.1	2448	J_M1	J	low	281	1482234	1355780	8.450670590453617	8.43486145978986
C257	Slow	Pre	trim95	3plus_vs_1	0.1	2449	J_M1	J	high	281	1494968	1363784	8.455254662744318	8.439164093620139
C257	Slow	Pre	trim95	3plus_vs_1	0.1	2450	N_M1	N	low	133	1032224	821509	8.672782223291541	8.70941977764645
C257	Slow	Pre	trim95	3plus_vs_1	0.1	2451	N_M1	N	high	133	1032944	828765	8.680339463311109	8.706685819466534
C258	Slow	Pre	trim95	3plus_vs_1	0.2	2452	E_M1	E	low	233	2115305	1156961	8.469164274189394	8.852655352290007
C258	Slow	Pre	trim95	3plus_vs_1	0.2	2453	E_M1	E	high	233	2109222	1171515	8.47870952002127	8.848280630599318
C258	Slow	Pre	trim95	3plus_vs_1	0.2	2454	G_M1	G	low	41	568260	209852	8.502233651156706	9.159326104741346
C258	Slow	Pre	trim95	3plus_vs_1	0.2	2455	G_M1	G	high	41	569573	215716	8.525580573675324	9.153061484205098
C258	Slow	Pre	trim95	3plus_vs_1	0.2	2456	I_M1	I	low	293	1590118	1306048	8.362219249513926	8.438798746499588
C258	Slow	Pre	trim95	3plus_vs_1	0.2	2457	I_M1	I	high	293	1634668	1349396	8.391236152214274	8.45578701229903
C258	Slow	Pre	trim95	3plus_vs_1	0.2	2458	J_M1	J	low	309	1602539	1497009	8.454587432032827	8.41173848128826
C258	Slow	Pre	trim95	3plus_vs_1	0.2	2459	J_M1	J	high	309	1620038	1527980	8.472591548212554	8.41491172820704
C258	Slow	Pre	trim95	3plus_vs_1	0.2	2460	N_M1	N	low	155	1143011	973064	8.687889485429288	8.64111962894837
C258	Slow	Pre	trim95	3plus_vs_1	0.2	2461	N_M1	N	high	155	1144209	1005910	8.712900886180238	8.640065876675168
C259	Slow	Pre	trim95	3plus_vs_1	0.3	2462	E_M1	E	low	235	2132096	1172205	8.473078978415492	8.85264797779285
C259	Slow	Pre	trim95	3plus_vs_1	0.3	2463	E_M1	E	high	235	2121968	1187389	8.482959765768868	8.84664406867568
C259	Slow	Pre	trim95	3plus_vs_1	0.3	2464	G_M1	G	low	49	644771	242710	8.46743226535648	9.085105593198644
C259	Slow	Pre	trim95	3plus_vs_1	0.3	2465	G_M1	G	high	49	636821	262388	8.546901807426487	9.0716029927463
C259	Slow	Pre	trim95	3plus_vs_1	0.3	2466	I_M1	I	low	302	1631729	1337439	8.355464919120207	8.433980296480165
C259	Slow	Pre	trim95	3plus_vs_1	0.3	2467	I_M1	I	high	302	1710582	1402685	8.398167656660112	8.465067092724507
C259	Slow	Pre	trim95	3plus_vs_1	0.3	2468	J_M1	J	low	318	1637717	1540114	8.454219816729008	8.403399029345504
C259	Slow	Pre	trim95	3plus_vs_1	0.3	2469	J_M1	J	high	318	1655126	1582791	8.47905436118165	8.400798080417076
C259	Slow	Pre	trim95	3plus_vs_1	0.3	2470	L_M1	L	low	2	31741	10895	8.60305434947174	9.365941212110084
C259	Slow	Pre	trim95	3plus_vs_1	0.3	2471	L_M1	L	high	2	34775	11189	8.629296108861823	9.370459401105986
C259	Slow	Pre	trim95	3plus_vs_1	0.3	2472	N_M1	N	low	159	1168765	1002156	8.692555487174959	8.634525357140074
C259	Slow	Pre	trim95	3plus_vs_1	0.3	2473	N_M1	N	high	159	1171925	1052384	8.729141165685908	8.637962883560245
C260	Slow	Pre	trim95	4plus_vs_1	none	2474	E_M1	E	low	667	5571218	2888673	8.312699856540808	8.753428746973919
C260	Slow	Pre	trim95	4plus_vs_1	none	2475	E_M1	E	high	93	833193	496102	8.541223399623044	8.834892751087372
C260	Slow	Pre	trim95	4plus_vs_1	none	2476	G_M1	G	low	70	889942	313891	8.34056233212071	9.00287561670689
C260	Slow	Pre	trim95	4plus_vs_1	none	2477	G_M1	G	high	26	332163	140164	8.548594502120238	8.996785752078926
C260	Slow	Pre	trim95	4plus_vs_1	none	2478	I_M1	I	low	357	1878360	1470176	8.261905907147005	8.407268958560067
C260	Slow	Pre	trim95	4plus_vs_1	none	2479	I_M1	I	high	184	1092144	929561	8.487785008659829	8.514821866301647
C260	Slow	Pre	trim95	4plus_vs_1	none	2480	J_M1	J	low	472	2442919	2036390	8.320378218956662	8.415056530457633
C260	Slow	Pre	trim95	4plus_vs_1	none	2481	J_M1	J	high	164	866855	841660	8.516832585189698	8.41027204489109
C260	Slow	Pre	trim95	4plus_vs_1	none	2482	L_M1	L	low	3	45958	15042	8.512163422764301	9.359500138162966
C260	Slow	Pre	trim95	4plus_vs_1	none	2483	L_M1	L	high	5	89397	40726	8.941666987761742	9.37664483657761
C260	Slow	Pre	trim95	4plus_vs_1	none	2484	N_M1	N	low	376	2436852	1866329	8.420862218998685	8.513615926454102
C260	Slow	Pre	trim95	4plus_vs_1	none	2485	N_M1	N	high	78	565274	543821	8.781808635880981	8.616346648418467
C261	Slow	Pre	trim95	4plus_vs_1	0.1	2486	E_M1	E	low	85	797026	435542	8.504139944218416	8.896126912247418
C261	Slow	Pre	trim95	4plus_vs_1	0.1	2487	E_M1	E	high	85	797542	435153	8.504340181343899	8.893605367138766
C261	Slow	Pre	trim95	4plus_vs_1	0.1	2488	G_M1	G	low	15	239270	77032	8.514873894735448	9.370785944877401
C261	Slow	Pre	trim95	4plus_vs_1	0.1	2489	G_M1	G	high	15	240633	79150	8.535634138143502	9.367744280518979
C261	Slow	Pre	trim95	4plus_vs_1	0.1	2490	I_M1	I	low	159	917917	767189	8.447561635089887	8.5028761583677
C261	Slow	Pre	trim95	4plus_vs_1	0.1	2491	I_M1	I	high	159	922045	773835	8.454524117235103	8.50667027615888
C261	Slow	Pre	trim95	4plus_vs_1	0.1	2492	J_M1	J	low	148	799884	748211	8.504340217185696	8.456099546250147
C261	Slow	Pre	trim95	4plus_vs_1	0.1	2493	J_M1	J	high	148	805190	747082	8.502962562530579	8.460750715282945
C261	Slow	Pre	trim95	4plus_vs_1	0.1	2494	N_M1	N	low	65	474375	417898	8.7070604940675	8.634009015141636
C261	Slow	Pre	trim95	4plus_vs_1	0.1	2495	N_M1	N	high	65	475350	419633	8.71074863987568	8.636721963971702
C262	Slow	Pre	trim95	4plus_vs_1	0.2	2496	E_M1	E	low	92	827714	483148	8.528031842927298	8.838505759896961
C262	Slow	Pre	trim95	4plus_vs_1	0.2	2497	E_M1	E	high	92	827699	487760	8.53591954371784	8.838257240185248
C262	Slow	Pre	trim95	4plus_vs_1	0.2	2498	G_M1	G	low	19	291547	95676	8.49459284988609	9.25543931416395
C262	Slow	Pre	trim95	4plus_vs_1	0.2	2499	G_M1	G	high	19	295325	99108	8.519492696831414	9.255413586007958
C262	Slow	Pre	trim95	4plus_vs_1	0.2	2500	I_M1	I	low	177	1015387	867235	8.462972631844908	8.496264089278302
C262	Slow	Pre	trim95	4plus_vs_1	0.2	2501	I_M1	I	high	177	1042116	889990	8.484472930532327	8.513550658146626
C262	Slow	Pre	trim95	4plus_vs_1	0.2	2502	J_M1	J	low	164	858193	833663	8.508322950912973	8.406523944386633
C262	Slow	Pre	trim95	4plus_vs_1	0.2	2503	J_M1	J	high	164	866855	841660	8.516832585189702	8.41027204489109
C262	Slow	Pre	trim95	4plus_vs_1	0.2	2504	N_M1	N	low	77	553025	518834	8.755402727261776	8.60937695539678
C262	Slow	Pre	trim95	4plus_vs_1	0.2	2505	N_M1	N	high	77	559668	531785	8.773835494549829	8.617122498478802
C263	Slow	Pre	trim95	4plus_vs_1	0.3	2506	E_M1	E	low	93	832096	490600	8.532207542625732	8.832874861180699
C263	Slow	Pre	trim95	4plus_vs_1	0.3	2507	E_M1	E	high	93	833193	496102	8.541223399623048	8.83489275108737
C263	Slow	Pre	trim95	4plus_vs_1	0.3	2508	G_M1	G	low	26	329474	131926	8.492768801406775	8.997207936090208
C263	Slow	Pre	trim95	4plus_vs_1	0.3	2509	G_M1	G	high	26	332163	140164	8.548594502120238	8.996785752078928
C263	Slow	Pre	trim95	4plus_vs_1	0.3	2510	I_M1	I	low	182	1045105	891860	8.462679117165017	8.494568115007866
C263	Slow	Pre	trim95	4plus_vs_1	0.3	2511	I_M1	I	high	182	1079212	913117	8.481994840989513	8.51593628741868
C263	Slow	Pre	trim95	4plus_vs_1	0.3	2512	J_M1	J	low	164	858024	835104	8.509406353591142	8.40620144130359
C263	Slow	Pre	trim95	4plus_vs_1	0.3	2513	J_M1	J	high	164	866855	841660	8.516832585189702	8.41027204489109
C263	Slow	Pre	trim95	4plus_vs_1	0.3	2514	N_M1	N	low	78	557402	528297	8.76052897954891	8.605455517492624
C263	Slow	Pre	trim95	4plus_vs_1	0.3	2515	N_M1	N	high	78	565274	543821	8.781808635880983	8.61634664841847
C264	Slow	Pre	trim95	3plus_vs_1to2	none	2516	E_M1	E	low	1063	9145401	4769600	8.352712841514444	8.790697009993139
C264	Slow	Pre	trim95	3plus_vs_1to2	none	2517	E_M1	E	high	235	2121968	1187389	8.482959765768868	8.846644068675682
C264	Slow	Pre	trim95	3plus_vs_1to2	none	2518	G_M1	G	low	119	1559254	546300	8.359120016488829	9.062354275652176
C264	Slow	Pre	trim95	3plus_vs_1to2	none	2519	G_M1	G	high	53	652766	282824	8.541038039090935	9.000027984563323
C264	Slow	Pre	trim95	3plus_vs_1to2	none	2520	I_M1	I	low	620	3355536	2644991	8.30242202980495	8.432522274597916
C264	Slow	Pre	trim95	3plus_vs_1to2	none	2521	I_M1	I	high	360	2077218	1730040	8.43398315740691	8.4876462237324
C264	Slow	Pre	trim95	3plus_vs_1to2	none	2522	J_M1	J	low	753	3920298	3352254	8.354423232802418	8.41312931486909
C264	Slow	Pre	trim95	3plus_vs_1to2	none	2523	J_M1	J	high	332	1754117	1683293	8.494982025515304	8.405967869365174
C264	Slow	Pre	trim95	3plus_vs_1to2	none	2524	L_M1	L	low	5	86082	30925	8.693165167939863	9.43517059041931
C264	Slow	Pre	trim95	3plus_vs_1to2	none	2525	L_M1	L	high	7	124172	51915	8.852418165218909	9.374877569300002
C264	Slow	Pre	trim95	3plus_vs_1to2	none	2526	N_M1	N	low	570	3771812	2981476	8.473731257711616	8.52982112886849
C264	Slow	Pre	trim95	3plus_vs_1to2	none	2527	N_M1	N	high	167	1226452	1127318	8.748654499020658	8.62262259381984
C265	Slow	Pre	trim95	3plus_vs_1to2	0.1	2528	E_M1	E	low	223	2056797	1098901	8.462256929738166	8.872055736747443
C265	Slow	Pre	trim95	3plus_vs_1to2	0.1	2529	E_M1	E	high	223	2058988	1100805	8.463950768714037	8.87118104045417
C265	Slow	Pre	trim95	3plus_vs_1to2	0.1	2530	G_M1	G	low	39	566266	203402	8.524089563963507	9.261947913220073
C265	Slow	Pre	trim95	3plus_vs_1to2	0.1	2531	G_M1	G	high	39	565746	204070	8.52669829620601	9.25628176152025
C265	Slow	Pre	trim95	3plus_vs_1to2	0.1	2532	I_M1	I	low	336	1928884	1577019	8.414960042301313	8.493805990456305
C265	Slow	Pre	trim95	3plus_vs_1to2	0.1	2533	I_M1	I	high	336	1932213	1586720	8.419096977603514	8.494534490424602
C265	Slow	Pre	trim95	3plus_vs_1to2	0.1	2534	J_M1	J	low	318	1690458	1581050	8.47847701608486	8.425557855989409
C265	Slow	Pre	trim95	3plus_vs_1to2	0.1	2535	J_M1	J	high	318	1701806	1585584	8.480436362377617	8.429271426771125
C265	Slow	Pre	trim95	3plus_vs_1to2	0.1	2536	N_M1	N	low	152	1150185	994445	8.723442734742083	8.665338580020402
C265	Slow	Pre	trim95	3plus_vs_1to2	0.1	2537	N_M1	N	high	152	1149323	995756	8.725175214611447	8.663238118984305
C266	Slow	Pre	trim95	3plus_vs_1to2	0.2	2538	E_M1	E	low	234	2118073	1165382	8.472039850219891	8.850595340812308
C266	Slow	Pre	trim95	3plus_vs_1to2	0.2	2539	E_M1	E	high	234	2116474	1179047	8.480625499199922	8.848017078567102
C266	Slow	Pre	trim95	3plus_vs_1to2	0.2	2540	G_M1	G	low	47	629465	247414	8.533189871113835	9.115024994388765
C266	Slow	Pre	trim95	3plus_vs_1to2	0.2	2541	G_M1	G	high	47	630031	249300	8.536090186486955	9.118225874330065
C266	Slow	Pre	trim95	3plus_vs_1to2	0.2	2542	I_M1	I	low	357	2043774	1689408	8.423044553529806	8.486360236535786
C266	Slow	Pre	trim95	3plus_vs_1to2	0.2	2543	I_M1	I	high	357	2054550	1714651	8.433940121972991	8.487953989934397
C266	Slow	Pre	trim95	3plus_vs_1to2	0.2	2544	J_M1	J	low	330	1728090	1657546	8.487302278853777	8.402874218624868
C266	Slow	Pre	trim95	3plus_vs_1to2	0.2	2545	J_M1	J	high	330	1742445	1670352	8.493567606593489	8.407225102094156
C266	Slow	Pre	trim95	3plus_vs_1to2	0.2	2546	L_M1	L	low	1	25299	9321	9.140132476932687	9.75967491717028
C266	Slow	Pre	trim95	3plus_vs_1to2	0.2	2547	L_M1	L	high	1	21129	7915	8.976641306722456	9.620992006771647
C266	Slow	Pre	trim95	3plus_vs_1to2	0.2	2548	N_M1	N	low	166	1224868	1107416	8.740383617286207	8.62915551058143
C266	Slow	Pre	trim95	3plus_vs_1to2	0.2	2549	N_M1	N	high	166	1224059	1114789	8.744514580051566	8.627998785377512
C267	Slow	Pre	trim95	3plus_vs_1to2	0.3	2550	E_M1	E	low	235	2122206	1173718	8.474407590084532	8.848080964728092
C267	Slow	Pre	trim95	3plus_vs_1to2	0.3	2551	E_M1	E	high	235	2121968	1187389	8.482959765768868	8.846644068675682
C267	Slow	Pre	trim95	3plus_vs_1to2	0.3	2552	G_M1	G	low	53	653222	275201	8.51806112316313	9.00416102061376
C267	Slow	Pre	trim95	3plus_vs_1to2	0.3	2553	G_M1	G	high	53	652766	282824	8.541038039090935	9.000027984563323
C267	Slow	Pre	trim95	3plus_vs_1to2	0.3	2554	I_M1	I	low	359	2061017	1699353	8.42305723117575	8.488780734857249
C267	Slow	Pre	trim95	3plus_vs_1to2	0.3	2555	I_M1	I	high	359	2075987	1721432	8.43223780841178	8.491550805234814
C267	Slow	Pre	trim95	3plus_vs_1to2	0.3	2556	J_M1	J	low	332	1737275	1664666	8.48590340060544	8.400905627143558
C267	Slow	Pre	trim95	3plus_vs_1to2	0.3	2557	J_M1	J	high	332	1754117	1683293	8.494982025515304	8.405967869365174
C267	Slow	Pre	trim95	3plus_vs_1to2	0.3	2558	L_M1	L	low	3	57040	20216	8.782080391958722	9.497185780463482
C267	Slow	Pre	trim95	3plus_vs_1to2	0.3	2559	L_M1	L	high	3	55904	19104	8.745077841482034	9.453970269661207
C267	Slow	Pre	trim95	3plus_vs_1to2	0.3	2560	N_M1	N	low	167	1226765	1119796	8.744476639448688	8.622479457540921
C267	Slow	Pre	trim95	3plus_vs_1to2	0.3	2561	N_M1	N	high	167	1226452	1127318	8.74865449902066	8.622622593819843
C268	Slow	Pre	trim95	positive_q25	none	2562	E_M1	E	low	325	3017738	1805275	8.604918949561313	8.86282713152802
C268	Slow	Pre	trim95	positive_q25	none	2563	E_M1	E	high	325	2805681	1270620	8.20252604100027	8.803624485857595
C268	Slow	Pre	trim95	positive_q25	none	2564	G_M1	G	low	43	553464	240221	8.606843830100809	8.991521104176394
C268	Slow	Pre	trim95	positive_q25	none	2565	G_M1	G	high	43	512677	182171	8.257153990663886	8.945180214586447
C268	Slow	Pre	trim95	positive_q25	none	2566	I_M1	I	low	245	1361851	1237719	8.500500597473437	8.451315989577838
C268	Slow	Pre	trim95	positive_q25	none	2567	I_M1	I	high	245	1351236	976250	8.230423039514458	8.441742694916762
C268	Slow	Pre	trim95	positive_q25	none	2568	J_M1	J	low	272	1447626	1432885	8.552470547263821	8.43181051812042
C268	Slow	Pre	trim95	positive_q25	none	2569	J_M1	J	high	272	1366822	1160129	8.30456197956066	8.366522371857137
C268	Slow	Pre	trim95	positive_q25	none	2570	L_M1	L	low	3	57040	20216	8.782080391958722	9.49718578046348
C268	Slow	Pre	trim95	positive_q25	none	2571	L_M1	L	high	3	36478	18257	8.69265969911293	9.07440155870045
C268	Slow	Pre	trim95	positive_q25	none	2572	N_M1	N	low	185	1429522	1347970	8.858987641404772	8.667369123077133
C268	Slow	Pre	trim95	positive_q25	none	2573	N_M1	N	high	185	1155609	817377	8.30659150665271	8.509114194331538
C269	Slow	Pre	trim95	positive_q25	0.1	2574	E_M1	E	low	135	1285375	697691	8.537751036445973	8.907144848581376
C269	Slow	Pre	trim95	positive_q25	0.1	2575	E_M1	E	high	135	1282896	691015	8.526503773275376	8.903971665163652
C269	Slow	Pre	trim95	positive_q25	0.1	2576	G_M1	G	low	18	294041	93349	8.539164934928058	9.394748484823701
C269	Slow	Pre	trim95	positive_q25	0.1	2577	G_M1	G	high	18	292149	95097	8.55431849341364	9.383877306347294
C269	Slow	Pre	trim95	positive_q25	0.1	2578	I_M1	I	low	156	887692	728926	8.42772860911481	8.490111024235535
C269	Slow	Pre	trim95	positive_q25	0.1	2579	I_M1	I	high	156	890569	720024	8.41253733811157	8.491108075195193
C269	Slow	Pre	trim95	positive_q25	0.1	2580	J_M1	J	low	169	905345	841704	8.500773101807223	8.444720014824961
C269	Slow	Pre	trim95	positive_q25	0.1	2581	J_M1	J	high	169	907717	832791	8.487506010084417	8.445216410255444
C269	Slow	Pre	trim95	positive_q25	0.1	2582	N_M1	N	low	66	483342	408289	8.705945935377343	8.67048838094758
C269	Slow	Pre	trim95	positive_q25	0.1	2583	N_M1	N	high	66	483671	404922	8.694111192989965	8.669991341695317
C270	Slow	Pre	trim95	positive_q25	0.2	2584	E_M1	E	low	189	1733741	958279	8.519873944548152	8.868947036607183
C270	Slow	Pre	trim95	positive_q25	0.2	2585	E_M1	E	high	189	1721236	903053	8.449710558394859	8.859492508900361
C270	Slow	Pre	trim95	positive_q25	0.2	2586	G_M1	G	low	23	338639	118213	8.531295213551282	9.202230156463763
C270	Slow	Pre	trim95	positive_q25	0.2	2587	G_M1	G	high	23	332665	117353	8.51852218065553	9.18355465012598
C270	Slow	Pre	trim95	positive_q25	0.2	2588	I_M1	I	low	179	994952	833668	8.426148379314606	8.463972750550985
C270	Slow	Pre	trim95	positive_q25	0.2	2589	I_M1	I	high	179	1004575	801721	8.3768482110328	8.46857874437165
C270	Slow	Pre	trim95	positive_q25	0.2	2590	J_M1	J	low	199	1043457	989856	8.499481352000664	8.420086027071406
C270	Slow	Pre	trim95	positive_q25	0.2	2591	J_M1	J	high	199	1044816	960445	8.461867450372058	8.416494127358652
C270	Slow	Pre	trim95	positive_q25	0.2	2592	L_M1	L	low	1	25299	9321	9.140132476932687	9.75967491717028
C270	Slow	Pre	trim95	positive_q25	0.2	2593	L_M1	L	high	1	21129	7915	8.976641306722456	9.620992006771647
C270	Slow	Pre	trim95	positive_q25	0.2	2594	N_M1	N	low	89	610887	541756	8.694336238728859	8.5888724158025
C270	Slow	Pre	trim95	positive_q25	0.2	2595	N_M1	N	high	89	605135	519009	8.639668203250956	8.581549001047303
C271	Slow	Pre	trim95	positive_q25	0.3	2596	E_M1	E	low	227	2071834	1156944	8.526224715103352	8.866878078452615
C271	Slow	Pre	trim95	positive_q25	0.3	2597	E_M1	E	high	227	2056351	1034406	8.396717119124784	8.860606718133848
C271	Slow	Pre	trim95	positive_q25	0.3	2598	G_M1	G	low	29	393529	153188	8.555562355244854	9.092957418921426
C271	Slow	Pre	trim95	positive_q25	0.3	2599	G_M1	G	high	29	380913	148168	8.51548441951817	9.06780380977125
C271	Slow	Pre	trim95	positive_q25	0.3	2600	I_M1	I	low	199	1085109	933852	8.434713373691821	8.438068566282054
C271	Slow	Pre	trim95	positive_q25	0.3	2601	I_M1	I	high	199	1105500	861456	8.337694804855747	8.446677114233829
C271	Slow	Pre	trim95	positive_q25	0.3	2602	J_M1	J	low	213	1113867	1063791	8.50360447564154	8.417622508102898
C271	Slow	Pre	trim95	positive_q25	0.3	2603	J_M1	J	high	213	1108595	1004974	8.435757228407649	8.40881832599258
C271	Slow	Pre	trim95	positive_q25	0.3	2604	L_M1	L	low	1	25299	9321	9.140132476932687	9.75967491717028
C271	Slow	Pre	trim95	positive_q25	0.3	2605	L_M1	L	high	1	21129	7915	8.976641306722456	9.620992006771647
C271	Slow	Pre	trim95	positive_q25	0.3	2606	N_M1	N	low	114	780568	706445	8.714681492169005	8.582579785716712
C271	Slow	Pre	trim95	positive_q25	0.3	2607	N_M1	N	high	114	755011	616492	8.558496156226541	8.567380100143389
C272	Slow	Pre	trim95	positive_q33	none	2608	E_M1	E	low	433	3948101	2266325	8.538938923606965	8.842292902745283
C272	Slow	Pre	trim95	positive_q33	none	2609	E_M1	E	high	433	3701769	1735761	8.227221113987362	8.789726965626256
C272	Slow	Pre	trim95	positive_q33	none	2610	G_M1	G	low	58	751314	311859	8.557021949494601	8.991331641458263
C272	Slow	Pre	trim95	positive_q33	none	2611	G_M1	G	high	57	686125	244771	8.27899677189517	8.966830738730966
C272	Slow	Pre	trim95	positive_q33	none	2612	I_M1	I	low	328	1817554	1588596	8.449043683352471	8.452334933665508
C272	Slow	Pre	trim95	positive_q33	none	2613	I_M1	I	high	327	1806608	1342315	8.26275168299211	8.446727878149856
C272	Slow	Pre	trim95	positive_q33	none	2614	J_M1	J	low	362	1938205	1807937	8.490953718977721	8.442491886232684
C272	Slow	Pre	trim95	positive_q33	none	2615	J_M1	J	high	362	1839307	1573284	8.326493156748404	8.37637812071979
C272	Slow	Pre	trim95	positive_q33	none	2616	L_M1	L	low	4	71257	24363	8.669155686306397	9.459543832914793
C272	Slow	Pre	trim95	positive_q33	none	2617	L_M1	L	high	4	66242	27786	8.81004477349676	9.290659588852735
C272	Slow	Pre	trim95	positive_q33	none	2618	N_M1	N	low	246	1863473	1658832	8.769310872481851	8.651096528993842
C272	Slow	Pre	trim95	positive_q33	none	2619	N_M1	N	high	246	1564222	1132630	8.339354766116315	8.5134621582954
C273	Slow	Pre	trim95	positive_q33	0.1	2620	E_M1	E	low	257	2380831	1244219	8.466428880264575	8.882681833447949
C273	Slow	Pre	trim95	positive_q33	0.1	2621	E_M1	E	high	257	2373199	1225280	8.448534147461611	8.875325833268638
C273	Slow	Pre	trim95	positive_q33	0.1	2622	G_M1	G	low	26	418595	131501	8.50655297710304	9.384103724741179
C273	Slow	Pre	trim95	positive_q33	0.1	2623	G_M1	G	high	26	418186	132568	8.511422523289427	9.372933968533905
C273	Slow	Pre	trim95	positive_q33	0.1	2624	I_M1	I	low	247	1381208	1114066	8.385148683129138	8.47783904613016
C273	Slow	Pre	trim95	positive_q33	0.1	2625	I_M1	I	high	247	1389261	1107134	8.376892384444709	8.480903906628665
C273	Slow	Pre	trim95	positive_q33	0.1	2626	J_M1	J	low	267	1422722	1273588	8.450357198499827	8.441902676384782
C273	Slow	Pre	trim95	positive_q33	0.1	2627	J_M1	J	high	267	1428254	1266559	8.442395257245282	8.442911323572448
C273	Slow	Pre	trim95	positive_q33	0.1	2628	N_M1	N	low	124	899428	709716	8.617977171902186	8.648525609948546
C273	Slow	Pre	trim95	positive_q33	0.1	2629	N_M1	N	high	124	898035	704716	8.606421864260192	8.648906127860737
C274	Slow	Pre	trim95	positive_q33	0.2	2630	E_M1	E	low	315	2851998	1524381	8.46767821771848	8.854136408433982
C274	Slow	Pre	trim95	positive_q33	0.2	2631	E_M1	E	high	315	2819167	1450145	8.406860032357038	8.842037871095236
C274	Slow	Pre	trim95	positive_q33	0.2	2632	G_M1	G	low	36	530080	176111	8.471458232252763	9.209855470302404
C274	Slow	Pre	trim95	positive_q33	0.2	2633	G_M1	G	high	36	516620	173660	8.450719650838376	9.189637330000785
C274	Slow	Pre	trim95	positive_q33	0.2	2634	I_M1	I	low	269	1486040	1213305	8.384822210696834	8.463878598669279
C274	Slow	Pre	trim95	positive_q33	0.2	2635	I_M1	I	high	269	1507262	1178772	8.346240158495478	8.472544408023134
C274	Slow	Pre	trim95	positive_q33	0.2	2636	J_M1	J	low	305	1610923	1451494	8.448219154134003	8.432034046040412
C274	Slow	Pre	trim95	positive_q33	0.2	2637	J_M1	J	high	305	1611255	1419828	8.418098603715606	8.426548106847505
C274	Slow	Pre	trim95	positive_q33	0.2	2638	L_M1	L	low	1	25299	9321	9.140132476932687	9.75967491717028
C274	Slow	Pre	trim95	positive_q33	0.2	2639	L_M1	L	high	1	21129	7915	8.976641306722456	9.620992006771647
C274	Slow	Pre	trim95	positive_q33	0.2	2640	N_M1	N	low	155	1065812	890703	8.625314525108271	8.582675240155119
C274	Slow	Pre	trim95	positive_q33	0.2	2641	N_M1	N	high	155	1055052	866813	8.584324074372736	8.576108877037976
C275	Slow	Pre	trim95	positive_q33	0.3	2642	E_M1	E	low	337	3014142	1637732	8.472381474426385	8.837704692946271
C275	Slow	Pre	trim95	positive_q33	0.3	2643	E_M1	E	high	337	2980330	1513463	8.376718565850046	8.826949201051733
C275	Slow	Pre	trim95	positive_q33	0.3	2644	G_M1	G	low	44	598906	218038	8.483832398332252	9.084191417353983
C275	Slow	Pre	trim95	positive_q33	0.3	2645	G_M1	G	high	44	580822	214204	8.455192504856443	9.072970582746448
C275	Slow	Pre	trim95	positive_q33	0.3	2646	I_M1	I	low	283	1546732	1284816	8.39169643023565	8.446780912200488
C275	Slow	Pre	trim95	positive_q33	0.3	2647	I_M1	I	high	283	1579606	1212117	8.317631195654682	8.458230673001324
C275	Slow	Pre	trim95	positive_q33	0.3	2648	J_M1	J	low	317	1670005	1513683	8.451399939966256	8.429631609121095
C275	Slow	Pre	trim95	positive_q33	0.3	2649	J_M1	J	high	317	1663943	1451567	8.397459846123274	8.41590789905657
C275	Slow	Pre	trim95	positive_q33	0.3	2650	L_M1	L	low	1	25299	9321	9.140132476932687	9.75967491717028
C275	Slow	Pre	trim95	positive_q33	0.3	2651	L_M1	L	high	1	21129	7915	8.976641306722456	9.620992006771647
C275	Slow	Pre	trim95	positive_q33	0.3	2652	N_M1	N	low	172	1196174	996658	8.635394600520879	8.595551342680375
C275	Slow	Pre	trim95	positive_q33	0.3	2653	N_M1	N	high	172	1167336	929853	8.545769649993735	8.572007826726143
C276	Slow	Pre	trim95	detected_vs_zero	none	2654	E_M1	E	low	1000	8256142	4019549	8.230624121303991	8.748726305281899
C276	Slow	Pre	trim95	detected_vs_zero	none	2655	E_M1	E	high	1298	11267369	5956989	8.376293756152187	8.800826099970333
C276	Slow	Pre	trim95	detected_vs_zero	none	2656	G_M1	G	low	81	1176916	291805	8.07927942439899	9.2049804748298
C276	Slow	Pre	trim95	detected_vs_zero	none	2657	G_M1	G	high	172	2212020	829124	8.415176151360408	9.043149081305028
C276	Slow	Pre	trim95	detected_vs_zero	none	2658	I_M1	I	low	403	2054481	1533380	8.181749811956012	8.372853439014714
C276	Slow	Pre	trim95	detected_vs_zero	none	2659	I_M1	I	high	980	5432754	4375031	8.350750607291385	8.452771888565685
C276	Slow	Pre	trim95	detected_vs_zero	none	2660	J_M1	J	low	459	2278752	1944328	8.305153544897156	8.34885824339277
C276	Slow	Pre	trim95	detected_vs_zero	none	2661	J_M1	J	high	1085	5674415	5035547	8.397432927899816	8.410937978548997
C276	Slow	Pre	trim95	detected_vs_zero	none	2662	L_M1	L	low	3	64619	14435	8.4462919176147	9.628918646465713
C276	Slow	Pre	trim95	detected_vs_zero	none	2663	L_M1	L	high	12	210254	82840	8.78606274968597	9.399999661433048
C276	Slow	Pre	trim95	detected_vs_zero	none	2664	N_M1	N	low	515	3052499	2200782	8.255586337601153	8.436080386327923
C276	Slow	Pre	trim95	detected_vs_zero	none	2665	N_M1	N	high	737	4998264	4108794	8.536027297465498	8.550849411971441
C277	Slow	Pre	trim95	detected_vs_zero	0.1	2666	E_M1	E	low	893	7603021	3753825	8.290356432921099	8.791133835983512
C277	Slow	Pre	trim95	detected_vs_zero	0.1	2667	E_M1	E	high	893	7614212	3785172	8.29757828028203	8.791628462216034
C277	Slow	Pre	trim95	detected_vs_zero	0.1	2668	G_M1	G	low	53	828230	221613	8.276031891200974	9.320111797108995
C277	Slow	Pre	trim95	detected_vs_zero	0.1	2669	G_M1	G	high	53	800414	221911	8.277726573001015	9.296267897130706
C277	Slow	Pre	trim95	detected_vs_zero	0.1	2670	I_M1	I	low	375	1963873	1473612	8.231009162392093	8.408096752559295
C277	Slow	Pre	trim95	detected_vs_zero	0.1	2671	I_M1	I	high	375	1977629	1500419	8.244643887511009	8.411927682934985
C277	Slow	Pre	trim95	detected_vs_zero	0.1	2672	J_M1	J	low	438	2214655	1880033	8.325007685573532	8.378091106326044
C277	Slow	Pre	trim95	detected_vs_zero	0.1	2673	J_M1	J	high	438	2203374	1908208	8.33666900222951	8.370716366301346
C277	Slow	Pre	trim95	detected_vs_zero	0.1	2674	N_M1	N	low	431	2684403	1988942	8.36642805663176	8.49258900843261
C277	Slow	Pre	trim95	detected_vs_zero	0.1	2675	N_M1	N	high	431	2682899	2009296	8.3727230764227	8.493621132842593
C278	Slow	Pre	trim95	detected_vs_zero	0.2	2676	E_M1	E	low	925	7774204	3855332	8.280131532964374	8.771872568555857
C278	Slow	Pre	trim95	detected_vs_zero	0.2	2677	E_M1	E	high	925	7766259	3973146	8.306384675947452	8.76671333092199
C278	Slow	Pre	trim95	detected_vs_zero	0.2	2678	G_M1	G	low	69	1014778	270530	8.1956477985538	9.221461978409598
C278	Slow	Pre	trim95	detected_vs_zero	0.2	2679	G_M1	G	high	69	941582	286666	8.251538671442365	9.184974348939809
C278	Slow	Pre	trim95	detected_vs_zero	0.2	2680	I_M1	I	low	389	2006431	1512889	8.215129830135574	8.387847787989738
C278	Slow	Pre	trim95	detected_vs_zero	0.2	2681	I_M1	I	high	389	2044665	1605481	8.261487583189368	8.392493950734929
C278	Slow	Pre	trim95	detected_vs_zero	0.2	2682	J_M1	J	low	456	2271754	1939551	8.311384398065117	8.353371369404883
C278	Slow	Pre	trim95	detected_vs_zero	0.2	2683	J_M1	J	high	456	2249002	2009337	8.336203702742496	8.340696261353374
C278	Slow	Pre	trim95	detected_vs_zero	0.2	2684	L_M1	L	low	2	43673	10733	8.56098858596524	9.638685513557858
C278	Slow	Pre	trim95	detected_vs_zero	0.2	2685	L_M1	L	high	2	35346	12062	8.653511438035938	9.483804998520188
C278	Slow	Pre	trim95	detected_vs_zero	0.2	2686	N_M1	N	low	459	2803925	2098434	8.355218299970845	8.469281000219711
C278	Slow	Pre	trim95	detected_vs_zero	0.2	2687	N_M1	N	high	459	2845648	2206753	8.390005256956215	8.477005308340507
C279	Slow	Pre	trim95	detected_vs_zero	0.3	2688	E_M1	E	low	935	7823029	3883485	8.274797833537551	8.765882232667964
C279	Slow	Pre	trim95	detected_vs_zero	0.3	2689	E_M1	E	high	935	7799558	4067659	8.314581366363822	8.759168690077123
C279	Slow	Pre	trim95	detected_vs_zero	0.3	2690	G_M1	G	low	72	1045637	278945	8.184935709096372	9.203052814949753
C279	Slow	Pre	trim95	detected_vs_zero	0.3	2691	G_M1	G	high	72	939420	307629	8.280128907461222	9.141863109584284
C279	Slow	Pre	trim95	detected_vs_zero	0.3	2692	I_M1	I	low	394	2026681	1521481	8.205086297732711	8.384124209547613
C279	Slow	Pre	trim95	detected_vs_zero	0.3	2693	I_M1	I	high	394	2065143	1686366	8.290353628352282	8.382198003933386
C279	Slow	Pre	trim95	detected_vs_zero	0.3	2694	J_M1	J	low	456	2271754	1939551	8.311384398065119	8.353371369404883
C279	Slow	Pre	trim95	detected_vs_zero	0.3	2695	J_M1	J	high	456	2240822	2065723	8.356378994214413	8.330176159523518
C279	Slow	Pre	trim95	detected_vs_zero	0.3	2696	L_M1	L	low	3	64619	14435	8.4462919176147	9.628918646465713
C279	Slow	Pre	trim95	detected_vs_zero	0.3	2697	L_M1	L	high	3	49701	17559	8.63972084826569	9.410497045314864
C279	Slow	Pre	trim95	detected_vs_zero	0.3	2698	N_M1	N	low	468	2849348	2122592	8.346291991278312	8.46432526648533
C279	Slow	Pre	trim95	detected_vs_zero	0.3	2699	N_M1	N	high	468	2906112	2327205	8.416633661076693	8.470175607708887
C280	Slow	Post	author	2plus_vs_1	none	2700	E_M2	E	low	210	2166185	1013011	8.417487115301107	8.927516522840167
C280	Slow	Post	author	2plus_vs_1	none	2701	E_M2	E	high	216	2408535	1207737	8.568638813915166	9.023114927746589
C280	Slow	Post	author	2plus_vs_1	none	2702	G_M2	G	low	248	2774641	978251	8.17542889947264	8.914707460968337
C280	Slow	Post	author	2plus_vs_1	none	2703	G_M2	G	high	182	2125653	898094	8.401170233913584	8.95762560726855
C280	Slow	Post	author	2plus_vs_1	none	2704	I_M2	I	low	221	1023617	940600	8.302835788142133	8.29264837293629
C280	Slow	Post	author	2plus_vs_1	none	2705	I_M2	I	high	195	946105	1016224	8.45799533075788	8.31635037965337
C280	Slow	Post	author	2plus_vs_1	none	2706	J_M2	J	low	173	2184706	813853	8.407495622451474	9.163486739098936
C280	Slow	Post	author	2plus_vs_1	none	2707	J_M2	J	high	184	2195655	893840	8.452723217944913	9.088979857404
C280	Slow	Post	author	2plus_vs_1	none	2708	L_M2	L	low	17	269635	99721	8.620133578747177	9.366598802733925
C280	Slow	Post	author	2plus_vs_1	none	2709	L_M2	L	high	40	608625	284828	8.796956844837798	9.263911403129184
C280	Slow	Post	author	2plus_vs_1	none	2710	N_M2	N	low	57	818154	365116	8.63713438772425	9.110308277401895
C280	Slow	Post	author	2plus_vs_1	none	2711	N_M2	N	high	60	1022204	547419	8.954383705569795	9.375294059335927
C281	Slow	Post	author	2plus_vs_1	0.1	2712	E_M2	E	low	149	1712473	759667	8.500690779279463	9.080620351768593
C281	Slow	Post	author	2plus_vs_1	0.1	2713	E_M2	E	high	149	1733165	766121	8.507689089822668	9.085187496417712
C281	Slow	Post	author	2plus_vs_1	0.1	2714	G_M2	G	low	136	1681694	588720	8.325311174802142	9.038589796482132
C281	Slow	Post	author	2plus_vs_1	0.1	2715	G_M2	G	high	136	1679722	591211	8.330960357658816	9.039910994496987
C281	Slow	Post	author	2plus_vs_1	0.1	2716	I_M2	I	low	152	703443	663788	8.338480044162614	8.30715624182236
C281	Slow	Post	author	2plus_vs_1	0.1	2717	I_M2	I	high	152	698255	670003	8.347267976747366	8.299771092048472
C281	Slow	Post	author	2plus_vs_1	0.1	2718	J_M2	J	low	130	1695882	598457	8.407758108981643	9.23208886184695
C281	Slow	Post	author	2plus_vs_1	0.1	2719	J_M2	J	high	130	1690004	607267	8.421761830701152	9.229231372902065
C281	Slow	Post	author	2plus_vs_1	0.1	2720	L_M2	L	low	11	173220	61592	8.594728539083635	9.37878106339481
C281	Slow	Post	author	2plus_vs_1	0.1	2721	L_M2	L	high	11	175085	62399	8.608998921216546	9.382288890839991
C281	Slow	Post	author	2plus_vs_1	0.1	2722	N_M2	N	low	29	515275	211034	8.866248453878066	9.440850240501907
C281	Slow	Post	author	2plus_vs_1	0.1	2723	N_M2	N	high	29	517009	215189	8.884815469930276	9.447549180566513
C282	Slow	Post	author	2plus_vs_1	0.2	2724	E_M2	E	low	181	2016133	923156	8.489886542745268	9.035401279796648
C282	Slow	Post	author	2plus_vs_1	0.2	2725	E_M2	E	high	181	2032316	954883	8.521322377641004	9.036720210699148
C282	Slow	Post	author	2plus_vs_1	0.2	2726	G_M2	G	low	165	1938560	717351	8.314568946063465	8.967012352522584
C282	Slow	Post	author	2plus_vs_1	0.2	2727	G_M2	G	high	165	1928704	732623	8.336674315588084	8.970086530403112
C282	Slow	Post	author	2plus_vs_1	0.2	2728	I_M2	I	low	173	801361	769863	8.35107815347157	8.302332834096202
C282	Slow	Post	author	2plus_vs_1	0.2	2729	I_M2	I	high	173	792698	790640	8.371820189367531	8.293317324011168
C282	Slow	Post	author	2plus_vs_1	0.2	2730	J_M2	J	low	154	1996301	715646	8.410147643963978	9.21473909549359
C282	Slow	Post	author	2plus_vs_1	0.2	2731	J_M2	J	high	154	1960251	725380	8.425223663776954	9.196392536558868
C282	Slow	Post	author	2plus_vs_1	0.2	2732	L_M2	L	low	16	261039	95860	8.642708148482098	9.401862969551678
C282	Slow	Post	author	2plus_vs_1	0.2	2733	L_M2	L	high	16	244723	99535	8.674888842618195	9.33865051653068
C282	Slow	Post	author	2plus_vs_1	0.2	2734	N_M2	N	low	41	693143	300747	8.8666436370787	9.38396300795743
C282	Slow	Post	author	2plus_vs_1	0.2	2735	N_M2	N	high	41	693939	308659	8.894430466117118	9.384133778484207
C283	Slow	Post	author	2plus_vs_1	0.3	2736	E_M2	E	low	183	2024304	929679	8.485497827013463	9.023234689217864
C283	Slow	Post	author	2plus_vs_1	0.3	2737	E_M2	E	high	183	2028178	969654	8.5257995866527	9.018995554190987
C283	Slow	Post	author	2plus_vs_1	0.3	2738	G_M2	G	low	171	2031075	758689	8.327266589985848	8.97514186256435
C283	Slow	Post	author	2plus_vs_1	0.3	2739	G_M2	G	high	171	2013220	790490	8.358089861053221	8.976342218831553
C283	Slow	Post	author	2plus_vs_1	0.3	2740	I_M2	I	low	179	830866	800190	8.353674494801927	8.297535926918092
C283	Slow	Post	author	2plus_vs_1	0.3	2741	I_M2	I	high	179	825671	832015	8.381570238780705	8.290424610504004
C283	Slow	Post	author	2plus_vs_1	0.3	2742	J_M2	J	low	164	2108592	766759	8.413346595820185	9.195122450297292
C283	Slow	Post	author	2plus_vs_1	0.3	2743	J_M2	J	high	164	2043763	785526	8.439851471015691	9.162889140958798
C283	Slow	Post	author	2plus_vs_1	0.3	2744	L_M2	L	low	17	269635	99721	8.620133578747177	9.366598802733925
C283	Slow	Post	author	2plus_vs_1	0.3	2745	L_M2	L	high	17	245038	110569	8.711535307313587	9.290640271662356
C283	Slow	Post	author	2plus_vs_1	0.3	2746	N_M2	N	low	42	705561	305791	8.858536715547965	9.378315350394951
C283	Slow	Post	author	2plus_vs_1	0.3	2747	N_M2	N	high	42	720414	311794	8.881473304672628	9.392248272099089
C284	Slow	Post	author	3plus_vs_1	none	2748	E_M2	E	low	210	2166185	1013011	8.417487115301107	8.927516522840167
C284	Slow	Post	author	3plus_vs_1	none	2749	E_M2	E	high	99	1106667	579634	8.6077089529251	9.051671580358036
C284	Slow	Post	author	3plus_vs_1	none	2750	G_M2	G	low	248	2774641	978251	8.17542889947264	8.914707460968337
C284	Slow	Post	author	3plus_vs_1	none	2751	G_M2	G	high	68	790180	402433	8.547581027025284	8.965446998949922
C284	Slow	Post	author	3plus_vs_1	none	2752	I_M2	I	low	221	1023617	940600	8.302835788142133	8.29264837293629
C284	Slow	Post	author	3plus_vs_1	none	2753	I_M2	I	high	95	463393	535653	8.527459487154124	8.296621247351414
C284	Slow	Post	author	3plus_vs_1	none	2754	J_M2	J	low	173	2184706	813853	8.407495622451474	9.163486739098936
C284	Slow	Post	author	3plus_vs_1	none	2755	J_M2	J	high	76	923301	393875	8.513116590642412	9.104362282493156
C284	Slow	Post	author	3plus_vs_1	none	2756	L_M2	L	low	17	269635	99721	8.620133578747177	9.366598802733925
C284	Slow	Post	author	3plus_vs_1	none	2757	L_M2	L	high	31	485527	239695	8.88174136705346	9.283663627825986
C284	Slow	Post	author	3plus_vs_1	none	2758	N_M2	N	low	57	818154	365116	8.63713438772425	9.110308277401895
C284	Slow	Post	author	3plus_vs_1	none	2759	N_M2	N	high	39	645170	390667	9.024653684632698	9.367781709789773
C285	Slow	Post	author	3plus_vs_1	0.1	2760	E_M2	E	low	84	962563	436068	8.520987588027516	9.091339390440384
C285	Slow	Post	author	3plus_vs_1	0.1	2761	E_M2	E	high	84	965672	437539	8.523668661899412	9.088034763481756
C285	Slow	Post	author	3plus_vs_1	0.1	2762	G_M2	G	low	54	620441	249890	8.399205050523337	8.966711732556943
C285	Slow	Post	author	3plus_vs_1	0.1	2763	G_M2	G	high	54	621387	249726	8.39865567051738	8.973622670963428
C285	Slow	Post	author	3plus_vs_1	0.1	2764	I_M2	I	low	74	336721	349968	8.419157423320911	8.286179544578117
C285	Slow	Post	author	3plus_vs_1	0.1	2765	I_M2	I	high	74	334510	350799	8.422158773490917	8.281230227082325
C285	Slow	Post	author	3plus_vs_1	0.1	2766	J_M2	J	low	64	830677	310127	8.45406418316158	9.209543262110707
C285	Slow	Post	author	3plus_vs_1	0.1	2767	J_M2	J	high	64	837601	313674	8.4656324194783	9.217124886687456
C285	Slow	Post	author	3plus_vs_1	0.1	2768	L_M2	L	low	8	127236	44961	8.587733064472209	9.383622176375649
C285	Slow	Post	author	3plus_vs_1	0.1	2769	L_M2	L	high	8	127877	45464	8.601351368680254	9.384158922988025
C285	Slow	Post	author	3plus_vs_1	0.1	2770	N_M2	N	low	23	390930	169922	8.877177492449547	9.403403853448157
C285	Slow	Post	author	3plus_vs_1	0.1	2771	N_M2	N	high	23	390265	173145	8.895764273506	9.405495019315723
C286	Slow	Post	author	3plus_vs_1	0.2	2772	E_M2	E	low	95	1061335	519634	8.56170459461823	9.047475547020106
C286	Slow	Post	author	3plus_vs_1	0.2	2773	E_M2	E	high	95	1058096	523613	8.569068201317348	9.044180620564804
C286	Slow	Post	author	3plus_vs_1	0.2	2774	G_M2	G	low	61	701002	293716	8.420455701499312	8.965512770203471
C286	Slow	Post	author	3plus_vs_1	0.2	2775	G_M2	G	high	61	707452	299122	8.431565279166179	8.976809205319581
C286	Slow	Post	author	3plus_vs_1	0.2	2776	I_M2	I	low	85	390362	414029	8.442535960160022	8.28534902723063
C286	Slow	Post	author	3plus_vs_1	0.2	2777	I_M2	I	high	85	386743	420678	8.451380579429864	8.279134325301492
C286	Slow	Post	author	3plus_vs_1	0.2	2778	J_M2	J	low	70	896787	344002	8.466108434211732	9.19570236903189
C286	Slow	Post	author	3plus_vs_1	0.2	2779	J_M2	J	high	70	899696	348825	8.480741087362528	9.194444270958602
C286	Slow	Post	author	3plus_vs_1	0.2	2780	L_M2	L	low	15	248197	91168	8.65530020399461	9.41397438832002
C286	Slow	Post	author	3plus_vs_1	0.2	2781	L_M2	L	high	15	236639	94374	8.685923469170376	9.369126456263237
C286	Slow	Post	author	3plus_vs_1	0.2	2782	N_M2	N	low	34	558191	257653	8.902407436932409	9.357520446523377
C286	Slow	Post	author	3plus_vs_1	0.2	2783	N_M2	N	high	34	562818	267033	8.934737345284214	9.363553760684825
C287	Slow	Post	author	3plus_vs_1	0.3	2784	E_M2	E	low	96	1076773	527109	8.565431142263618	9.05134622259932
C287	Slow	Post	author	3plus_vs_1	0.3	2785	E_M2	E	high	96	1072348	533002	8.575092496847398	9.04751302005665
C287	Slow	Post	author	3plus_vs_1	0.3	2786	G_M2	G	low	64	769999	326337	8.461163083740669	9.0026644343151
C287	Slow	Post	author	3plus_vs_1	0.3	2787	G_M2	G	high	64	762947	344709	8.48642896631052	8.99966752063916
C287	Slow	Post	author	3plus_vs_1	0.3	2788	I_M2	I	low	88	402324	429162	8.440164574572533	8.273342908026928
C287	Slow	Post	author	3plus_vs_1	0.3	2789	I_M2	I	high	88	401584	441366	8.452368759778734	8.267947758721165
C287	Slow	Post	author	3plus_vs_1	0.3	2790	J_M2	J	low	74	917907	366302	8.471733145643842	9.152279850280797
C287	Slow	Post	author	3plus_vs_1	0.3	2791	J_M2	J	high	74	919279	378953	8.503282588573363	9.147900487983584
C287	Slow	Post	author	3plus_vs_1	0.3	2792	L_M2	L	low	16	261039	95860	8.642708148482097	9.401862969551678
C287	Slow	Post	author	3plus_vs_1	0.3	2793	L_M2	L	high	16	234021	105783	8.726842740190275	9.309174190953048
C287	Slow	Post	author	3plus_vs_1	0.3	2794	N_M2	N	low	34	565208	254583	8.89382881943324	9.371285868022868
C287	Slow	Post	author	3plus_vs_1	0.3	2795	N_M2	N	high	34	562818	267033	8.934737345284214	9.363553760684825
C288	Slow	Post	author	4plus_vs_1	none	2796	E_M2	E	low	210	2166185	1013011	8.417487115301107	8.927516522840167
C288	Slow	Post	author	4plus_vs_1	none	2797	E_M2	E	high	40	440818	237955	8.62767755248884	9.04626942650089
C288	Slow	Post	author	4plus_vs_1	none	2798	G_M2	G	low	248	2774641	978251	8.17542889947264	8.914707460968337
C288	Slow	Post	author	4plus_vs_1	none	2799	G_M2	G	high	33	417376	230934	8.688202344538714	9.034232366021005
C288	Slow	Post	author	4plus_vs_1	none	2800	I_M2	I	low	221	1023617	940600	8.302835788142133	8.29264837293629
C288	Slow	Post	author	4plus_vs_1	none	2801	I_M2	I	high	34	190418	212811	8.620642237127639	8.399699042676886
C288	Slow	Post	author	4plus_vs_1	none	2802	J_M2	J	low	173	2184706	813853	8.407495622451474	9.163486739098936
C288	Slow	Post	author	4plus_vs_1	none	2803	J_M2	J	high	35	418954	197363	8.598063811282081	9.056514140456303
C288	Slow	Post	author	4plus_vs_1	none	2804	L_M2	L	low	17	269635	99721	8.620133578747177	9.366598802733925
C288	Slow	Post	author	4plus_vs_1	none	2805	L_M2	L	high	19	285243	159210	8.968808343185254	9.217097336988685
C288	Slow	Post	author	4plus_vs_1	none	2806	N_M2	N	low	57	818154	365116	8.63713438772425	9.110308277401895
C288	Slow	Post	author	4plus_vs_1	none	2807	N_M2	N	high	16	264603	217450	9.249074363938218	9.387320107341225
C289	Slow	Post	author	4plus_vs_1	0.1	2808	E_M2	E	low	36	397167	190685	8.547710243644612	9.085651125760835
C289	Slow	Post	author	4plus_vs_1	0.1	2809	E_M2	E	high	36	402352	192410	8.553101575130633	9.089899587032667
C289	Slow	Post	author	4plus_vs_1	0.1	2810	G_M2	G	low	25	333930	123220	8.462112502907658	9.106382454596382
C289	Slow	Post	author	4plus_vs_1	0.1	2811	G_M2	G	high	25	329598	124045	8.464712434017168	9.104517578616376
C289	Slow	Post	author	4plus_vs_1	0.1	2812	I_M2	I	low	26	123715	125430	8.4471110579798	8.340097600403137
C289	Slow	Post	author	4plus_vs_1	0.1	2813	I_M2	I	high	26	122585	126260	8.452595838027797	8.334747770905274
C289	Slow	Post	author	4plus_vs_1	0.1	2814	J_M2	J	low	29	374043	149079	8.518496697224283	9.219412612105263
C289	Slow	Post	author	4plus_vs_1	0.1	2815	J_M2	J	high	29	377408	150465	8.528711761103013	9.2254557053643
C289	Slow	Post	author	4plus_vs_1	0.1	2816	L_M2	L	low	4	74683	25638	8.722068659173384	9.544905270830611
C289	Slow	Post	author	4plus_vs_1	0.1	2817	L_M2	L	high	4	76765	26285	8.750086064607062	9.558136618956269
C289	Slow	Post	author	4plus_vs_1	0.1	2818	N_M2	N	low	10	165898	75334	8.895184066831385	9.372385366461724
C289	Slow	Post	author	4plus_vs_1	0.1	2819	N_M2	N	high	10	166439	76710	8.91105482340879	9.383436254137973
C290	Slow	Post	author	4plus_vs_1	0.2	2820	E_M2	E	low	39	424325	220975	8.593990945811193	9.036072666346866
C290	Slow	Post	author	4plus_vs_1	0.2	2821	E_M2	E	high	39	429859	222325	8.60128437688867	9.043237723702648
C290	Slow	Post	author	4plus_vs_1	0.2	2822	G_M2	G	low	27	353568	135122	8.47072365336529	9.090447691420652
C290	Slow	Post	author	4plus_vs_1	0.2	2823	G_M2	G	high	27	347991	137942	8.483055133341882	9.087347987211414
C290	Slow	Post	author	4plus_vs_1	0.2	2824	I_M2	I	low	30	148051	150527	8.484775038770406	8.360440222542412
C290	Slow	Post	author	4plus_vs_1	0.2	2825	I_M2	I	high	30	146967	152026	8.491242403791498	8.356849935522808
C290	Slow	Post	author	4plus_vs_1	0.2	2826	J_M2	J	low	32	410201	168559	8.538229701933762	9.203549137056275
C290	Slow	Post	author	4plus_vs_1	0.2	2827	J_M2	J	high	32	412609	170277	8.552167164510458	9.197824890270848
C290	Slow	Post	author	4plus_vs_1	0.2	2828	L_M2	L	low	8	148995	56932	8.824693066582428	9.538467824979985
C290	Slow	Post	author	4plus_vs_1	0.2	2829	L_M2	L	high	8	146298	54777	8.789661333835028	9.524431307209095
C290	Slow	Post	author	4plus_vs_1	0.2	2830	N_M2	N	low	13	203787	100453	8.925745843605776	9.324619874363314
C290	Slow	Post	author	4plus_vs_1	0.2	2831	N_M2	N	high	13	204043	104646	8.959854245052524	9.328821044462671
C291	Slow	Post	author	4plus_vs_1	0.3	2832	E_M2	E	low	39	424325	220975	8.593990945811193	9.036072666346866
C291	Slow	Post	author	4plus_vs_1	0.3	2833	E_M2	E	high	39	429859	222325	8.60128437688867	9.043237723702648
C291	Slow	Post	author	4plus_vs_1	0.3	2834	G_M2	G	low	29	396450	159617	8.535655405274865	9.130927009731975
C291	Slow	Post	author	4plus_vs_1	0.3	2835	G_M2	G	high	29	390143	173210	8.572642116411435	9.119241154172578
C291	Slow	Post	author	4plus_vs_1	0.3	2836	I_M2	I	low	31	157217	162232	8.513261547514947	8.38138776731612
C291	Slow	Post	author	4plus_vs_1	0.3	2837	I_M2	I	high	31	159161	166290	8.525897947657825	8.385307195855495
C291	Slow	Post	author	4plus_vs_1	0.3	2838	J_M2	J	low	33	412574	177171	8.554072073656652	9.159140141923942
C291	Slow	Post	author	4plus_vs_1	0.3	2839	J_M2	J	high	33	414932	182441	8.581160123044796	9.151245380523513
C291	Slow	Post	author	4plus_vs_1	0.3	2840	L_M2	L	low	10	180593	68664	8.795064797193728	9.496824596682524
C291	Slow	Post	author	4plus_vs_1	0.3	2841	L_M2	L	high	10	171741	72490	8.835807826040012	9.44957150694902
C291	Slow	Post	author	4plus_vs_1	0.3	2842	N_M2	N	low	13	203787	100453	8.925745843605776	9.324619874363314
C291	Slow	Post	author	4plus_vs_1	0.3	2843	N_M2	N	high	13	204043	104646	8.959854245052524	9.328821044462671
C292	Slow	Post	author	3plus_vs_1to2	none	2844	E_M2	E	low	327	3468053	1641114	8.459740341526983	8.953075864630742
C292	Slow	Post	author	3plus_vs_1to2	none	2845	E_M2	E	high	99	1106667	579634	8.6077089529251	9.051671580358036
C292	Slow	Post	author	3plus_vs_1to2	none	2846	G_M2	G	low	362	4110114	1473912	8.219016132054609	8.926753908603397
C292	Slow	Post	author	3plus_vs_1to2	none	2847	G_M2	G	high	68	790180	402433	8.547581027025284	8.965446998949922
C292	Slow	Post	author	3plus_vs_1to2	none	2848	I_M2	I	low	321	1506329	1421171	8.330614166347528	8.305871015429728
C292	Slow	Post	author	3plus_vs_1to2	none	2849	I_M2	I	high	95	463393	535653	8.527459487154124	8.296621247351414
C292	Slow	Post	author	3plus_vs_1to2	none	2850	J_M2	J	low	281	3457060	1313818	8.408544319918667	9.130690271021253
C292	Slow	Post	author	3plus_vs_1to2	none	2851	J_M2	J	high	76	923301	393875	8.513116590642412	9.104362282493156
C292	Slow	Post	author	3plus_vs_1to2	none	2852	L_M2	L	low	26	392733	144854	8.58025239436756	9.307502434963023
C292	Slow	Post	author	3plus_vs_1to2	none	2853	L_M2	L	high	31	485527	239695	8.88174136705346	9.283663627825986
C292	Slow	Post	author	3plus_vs_1to2	none	2854	N_M2	N	low	78	1195188	521868	8.68741267607429	9.185406778080287
C292	Slow	Post	author	3plus_vs_1to2	none	2855	N_M2	N	high	39	645170	390667	9.024653684632698	9.367781709789773
C293	Slow	Post	author	3plus_vs_1to2	0.1	2856	E_M2	E	low	92	1031400	493621	8.54783039892817	9.066554530986425
C293	Slow	Post	author	3plus_vs_1to2	0.1	2857	E_M2	E	high	92	1036004	496229	8.552577486585822	9.066857566014033
C293	Slow	Post	author	3plus_vs_1to2	0.1	2858	G_M2	G	low	56	633162	257248	8.39228202562487	8.949681176305015
C293	Slow	Post	author	3plus_vs_1to2	0.1	2859	G_M2	G	high	56	629889	256376	8.388225972872053	8.948266090676437
C293	Slow	Post	author	3plus_vs_1to2	0.1	2860	I_M2	I	low	80	367262	393984	8.451883838680178	8.294785196771358
C293	Slow	Post	author	3plus_vs_1to2	0.1	2861	I_M2	I	high	80	364796	394863	8.45301701689176	8.28852716418611
C293	Slow	Post	author	3plus_vs_1to2	0.1	2862	J_M2	J	low	68	869840	333284	8.465657581587733	9.193798786112927
C293	Slow	Post	author	3plus_vs_1to2	0.1	2863	J_M2	J	high	68	869886	334458	8.469536407617698	9.195721398611237
C293	Slow	Post	author	3plus_vs_1to2	0.1	2864	L_M2	L	low	10	159551	57551	8.620552975220072	9.387773363622232
C293	Slow	Post	author	3plus_vs_1to2	0.1	2865	L_M2	L	high	10	163725	57081	8.611982845030417	9.407357913757732
C293	Slow	Post	author	3plus_vs_1to2	0.1	2866	N_M2	N	low	27	471965	196807	8.866096469668218	9.432811221989994
C293	Slow	Post	author	3plus_vs_1to2	0.1	2867	N_M2	N	high	27	471332	198636	8.874221686882565	9.430298182550729
C294	Slow	Post	author	3plus_vs_1to2	0.2	2868	E_M2	E	low	96	1069087	531097	8.569870797320485	9.049632055380613
C294	Slow	Post	author	3plus_vs_1to2	0.2	2869	E_M2	E	high	96	1072348	533002	8.575092496847398	9.047513020056648
C294	Slow	Post	author	3plus_vs_1to2	0.2	2870	G_M2	G	low	62	719951	303181	8.434181575602643	8.97848727628724
C294	Slow	Post	author	3plus_vs_1to2	0.2	2871	G_M2	G	high	62	720795	309441	8.444634210776977	8.981921346848543
C294	Slow	Post	author	3plus_vs_1to2	0.2	2872	I_M2	I	low	88	402981	442100	8.466491570451245	8.280459285711503
C294	Slow	Post	author	3plus_vs_1to2	0.2	2873	I_M2	I	high	88	400760	446370	8.47023254749807	8.273119036798533
C294	Slow	Post	author	3plus_vs_1to2	0.2	2874	J_M2	J	low	73	920283	363285	8.479091492853133	9.175549104112315
C294	Slow	Post	author	3plus_vs_1to2	0.2	2875	J_M2	J	high	73	916956	366789	8.489506530935413	9.168273082769542
C294	Slow	Post	author	3plus_vs_1to2	0.2	2876	L_M2	L	low	17	278232	104374	8.677066645812745	9.40361071691702
C294	Slow	Post	author	3plus_vs_1to2	0.2	2877	L_M2	L	high	17	273244	109647	8.715766540668916	9.389315700842705
C294	Slow	Post	author	3plus_vs_1to2	0.2	2878	N_M2	N	low	35	578940	267996	8.91584045534822	9.36599325562826
C294	Slow	Post	author	3plus_vs_1to2	0.2	2879	N_M2	N	high	35	573017	275899	8.939176043972667	9.354252474642731
C295	Slow	Post	author	3plus_vs_1to2	0.3	2880	E_M2	E	low	96	1069087	531097	8.569870797320485	9.049632055380613
C295	Slow	Post	author	3plus_vs_1to2	0.3	2881	E_M2	E	high	96	1072348	533002	8.575092496847398	9.047513020056648
C295	Slow	Post	author	3plus_vs_1to2	0.3	2882	G_M2	G	low	66	794354	346829	8.48580202486166	9.01260447974738
C295	Slow	Post	author	3plus_vs_1to2	0.3	2883	G_M2	G	high	66	785571	367927	8.51270114353422	9.00437872993966
C295	Slow	Post	author	3plus_vs_1to2	0.3	2884	I_M2	I	low	93	425726	485904	8.490123248015617	8.273209540966835
C295	Slow	Post	author	3plus_vs_1to2	0.3	2885	I_M2	I	high	93	433768	499183	8.500270736487725	8.27859171932151
C295	Slow	Post	author	3plus_vs_1to2	0.3	2886	J_M2	J	low	75	926823	378492	8.4910523417433	9.14431890548068
C295	Slow	Post	author	3plus_vs_1to2	0.3	2887	J_M2	J	high	75	922057	384330	8.5044397785501	9.130955386752102
C295	Slow	Post	author	3plus_vs_1to2	0.3	2888	L_M2	L	low	20	330519	118903	8.647407785097473	9.413178490347786
C295	Slow	Post	author	3plus_vs_1to2	0.3	2889	L_M2	L	high	20	322369	134772	8.756103877012546	9.383808564309238
C295	Slow	Post	author	3plus_vs_1to2	0.3	2890	N_M2	N	low	35	585957	264926	8.907506941206172	9.379365379370624
C295	Slow	Post	author	3plus_vs_1to2	0.3	2891	N_M2	N	high	35	573017	275899	8.939176043972667	9.354252474642731
C296	Slow	Post	author	positive_q25	none	2892	E_M2	E	low	107	1253978	699265	8.745779740242583	9.073045597105093
C296	Slow	Post	author	positive_q25	none	2893	E_M2	E	high	107	1100010	483291	8.365795002291598	8.965307471316775
C296	Slow	Post	author	positive_q25	none	2894	G_M2	G	low	108	1305692	644208	8.632435315951879	8.977848631082567
C296	Slow	Post	author	positive_q25	none	2895	G_M2	G	high	108	1191203	359186	8.026517556302965	8.908658920247039
C296	Slow	Post	author	positive_q25	none	2896	I_M2	I	low	104	532549	630735	8.658271021248707	8.362132593006677
C296	Slow	Post	author	positive_q25	none	2897	I_M2	I	high	104	453239	411422	8.230309724706755	8.241595336986979
C296	Slow	Post	author	positive_q25	none	2898	J_M2	J	low	90	1159724	525091	8.647462224850583	9.183983094362448
C296	Slow	Post	author	positive_q25	none	2899	J_M2	J	high	90	1063973	392172	8.338164283361577	9.109126387016191
C296	Slow	Post	author	positive_q25	none	2900	L_M2	L	low	15	241264	93087	8.688647824739844	9.376851465976161
C296	Slow	Post	author	positive_q25	none	2901	L_M2	L	high	15	208824	89955	8.648610438609007	9.191541683606395
C296	Slow	Post	author	positive_q25	none	2902	N_M2	N	low	30	508599	334616	9.18225564795326	9.38101021716609
C296	Slow	Post	author	positive_q25	none	2903	N_M2	N	high	30	432389	167064	8.41857506529686	9.106806638385759
C297	Slow	Post	author	positive_q25	0.1	2904	E_M2	E	low	50	588907	274478	8.600556067878419	9.14160016640583
C297	Slow	Post	author	positive_q25	0.1	2905	E_M2	E	high	50	589056	271728	8.586401172797968	9.136818952929154
C297	Slow	Post	author	positive_q25	0.1	2906	G_M2	G	low	33	401627	158435	8.468972918006317	9.00184885665005
C297	Slow	Post	author	positive_q25	0.1	2907	G_M2	G	high	33	400587	156722	8.457495841740322	9.005121211164708
C297	Slow	Post	author	positive_q25	0.1	2908	I_M2	I	low	42	185237	204069	8.48016904535142	8.25887837050732
C297	Slow	Post	author	positive_q25	0.1	2909	I_M2	I	high	42	184618	199300	8.455094956184812	8.253832289168919
C297	Slow	Post	author	positive_q25	0.1	2910	J_M2	J	low	37	471885	199444	8.583089900082953	9.181485010652427
C297	Slow	Post	author	positive_q25	0.1	2911	J_M2	J	high	37	477525	200415	8.586552163812126	9.193427359088078
C297	Slow	Post	author	positive_q25	0.1	2912	L_M2	L	low	5	80252	28315	8.59313688035012	9.387112532996824
C297	Slow	Post	author	positive_q25	0.1	2913	L_M2	L	high	5	78356	28231	8.596231146443383	9.372398231132198
C297	Slow	Post	author	positive_q25	0.1	2914	N_M2	N	low	9	169652	74137	9.004431315076033	9.504640104951534
C297	Slow	Post	author	positive_q25	0.1	2915	N_M2	N	high	9	174838	74237	8.999193845515656	9.529805430932035
C298	Slow	Post	author	positive_q25	0.2	2916	E_M2	E	low	70	791547	392267	8.621956386610792	9.067088256492315
C298	Slow	Post	author	positive_q25	0.2	2917	E_M2	E	high	70	766620	364700	8.538199512264033	9.040035145343712
C298	Slow	Post	author	positive_q25	0.2	2918	G_M2	G	low	51	584638	235484	8.430434882535593	8.979879303973775
C298	Slow	Post	author	positive_q25	0.2	2919	G_M2	G	high	51	591385	220160	8.354697143542271	8.979159567824514
C298	Slow	Post	author	positive_q25	0.2	2920	I_M2	I	low	61	279704	305065	8.499163014087285	8.274225485476116
C298	Slow	Post	author	positive_q25	0.2	2921	I_M2	I	high	61	277756	286222	8.423797300307708	8.267174882311837
C298	Slow	Post	author	positive_q25	0.2	2922	J_M2	J	low	50	621909	262595	8.557815697079073	9.169868586065808
C298	Slow	Post	author	positive_q25	0.2	2923	J_M2	J	high	50	623619	254499	8.519664406194584	9.16130891409554
C298	Slow	Post	author	positive_q25	0.2	2924	L_M2	L	low	9	147243	51539	8.62219435994718	9.413222875863816
C298	Slow	Post	author	positive_q25	0.2	2925	L_M2	L	high	9	147861	48945	8.571922552494028	9.418819536110185
C298	Slow	Post	author	positive_q25	0.2	2926	N_M2	N	low	16	291293	128421	8.981161917860899	9.44095626835669
C298	Slow	Post	author	positive_q25	0.2	2927	N_M2	N	high	16	286678	122498	8.917475544393627	9.416575702977662
C299	Slow	Post	author	positive_q25	0.3	2928	E_M2	E	low	77	847701	433775	8.627145138403023	9.031463813783008
C299	Slow	Post	author	positive_q25	0.3	2929	E_M2	E	high	77	839827	390879	8.509578928308818	9.03264324056449
C299	Slow	Post	author	positive_q25	0.3	2930	G_M2	G	low	69	811410	324249	8.44790926571708	9.007465926414659
C299	Slow	Post	author	positive_q25	0.3	2931	G_M2	G	high	69	807774	276532	8.27548106931953	8.992486048014698
C299	Slow	Post	author	positive_q25	0.3	2932	I_M2	I	low	77	341866	393569	8.522830693174987	8.252022699414479
C299	Slow	Post	author	positive_q25	0.3	2933	I_M2	I	high	77	342812	335759	8.34555346408213	8.256919234731862
C299	Slow	Post	author	positive_q25	0.3	2934	J_M2	J	low	64	803688	333921	8.552985762474451	9.191517259972
C299	Slow	Post	author	positive_q25	0.3	2935	J_M2	J	high	64	801449	306734	8.452455489269804	9.178406514583841
C299	Slow	Post	author	positive_q25	0.3	2936	L_M2	L	low	12	196569	72477	8.653671489296345	9.394986571329769
C299	Slow	Post	author	positive_q25	0.3	2937	L_M2	L	high	12	187253	69825	8.616710438628013	9.374057324584813
C299	Slow	Post	author	positive_q25	0.3	2938	N_M2	N	low	19	339601	154995	8.99736716535026	9.43506861832614
C299	Slow	Post	author	positive_q25	0.3	2939	N_M2	N	high	19	334433	139536	8.874215069399515	9.405356929339769
C300	Slow	Post	author	positive_q33	none	2940	E_M2	E	low	142	1604177	869037	8.674991639298785	9.029354060944343
C300	Slow	Post	author	positive_q33	none	2941	E_M2	E	high	142	1480697	641820	8.367951931495007	8.980724925933133
C300	Slow	Post	author	positive_q33	none	2942	G_M2	G	low	144	1712825	823857	8.574583769553193	8.964080893245017
C300	Slow	Post	author	positive_q33	none	2943	G_M2	G	high	143	1549621	482004	8.045170045409284	8.890397872570896
C300	Slow	Post	author	positive_q33	none	2944	I_M2	I	low	139	713838	802018	8.601660691823572	8.377560676923917
C300	Slow	Post	author	positive_q33	none	2945	I_M2	I	high	139	606284	570359	8.259799013721464	8.243603868964872
C300	Slow	Post	author	positive_q33	none	2946	J_M2	J	low	119	1511239	650105	8.577246639146479	9.165546133608428
C300	Slow	Post	author	positive_q33	none	2947	J_M2	J	high	119	1407506	535453	8.367982664093661	9.083816085790286
C300	Slow	Post	author	positive_q33	none	2948	L_M2	L	low	19	321260	129267	8.749328057687073	9.411203266207993
C300	Slow	Post	author	positive_q33	none	2949	L_M2	L	high	19	269534	124690	8.732190807070934	9.219444726596087
C300	Slow	Post	author	positive_q33	none	2950	N_M2	N	low	39	629923	395066	9.087934521544696	9.273718361230086
C300	Slow	Post	author	positive_q33	none	2951	N_M2	N	high	39	564367	228351	8.500889309427498	9.122429236724106
C301	Slow	Post	author	positive_q33	0.1	2952	E_M2	E	low	80	933862	416368	8.542532675880015	9.121813975912882
C301	Slow	Post	author	positive_q33	0.1	2953	E_M2	E	high	80	925644	411580	8.526732187537661	9.1098974598947
C301	Slow	Post	author	positive_q33	0.1	2954	G_M2	G	low	64	746922	281560	8.374388750138916	8.965377248308165
C301	Slow	Post	author	positive_q33	0.1	2955	G_M2	G	high	64	747135	276406	8.354281311463321	8.971750759579873
C301	Slow	Post	author	positive_q33	0.1	2956	I_M2	I	low	76	346278	354988	8.435189737253925	8.30324198159613
C301	Slow	Post	author	positive_q33	0.1	2957	I_M2	I	high	76	344031	348571	8.412540429673854	8.299013162982158
C301	Slow	Post	author	positive_q33	0.1	2958	J_M2	J	low	68	875491	335337	8.490699359101178	9.200997841119253
C301	Slow	Post	author	positive_q33	0.1	2959	J_M2	J	high	68	883481	331372	8.474118294231056	9.207392240230675
C301	Slow	Post	author	positive_q33	0.1	2960	L_M2	L	low	8	132836	45277	8.593578189086186	9.420439722621193
C301	Slow	Post	author	positive_q33	0.1	2961	L_M2	L	high	8	134910	45787	8.60786608878821	9.432176316010858
C301	Slow	Post	author	positive_q33	0.1	2962	N_M2	N	low	16	286574	121166	8.914043025241403	9.458573632765233
C301	Slow	Post	author	positive_q33	0.1	2963	N_M2	N	high	16	286954	122497	8.922843831184839	9.460392471760828
C302	Slow	Post	author	positive_q33	0.2	2964	E_M2	E	low	98	1089907	517724	8.557560795892238	9.05127218450257
C302	Slow	Post	author	positive_q33	0.2	2965	E_M2	E	high	98	1064024	497499	8.509054595043606	9.02428928857185
C302	Slow	Post	author	positive_q33	0.2	2966	G_M2	G	low	84	985803	367064	8.369937314363556	8.989320805985496
C302	Slow	Post	author	positive_q33	0.2	2967	G_M2	G	high	84	978094	345518	8.302133839651319	8.987266754636318
C302	Slow	Post	author	positive_q33	0.2	2968	I_M2	I	low	97	449489	465674	8.455007311161475	8.302912633859373
C302	Slow	Post	author	positive_q33	0.2	2969	I_M2	I	high	97	446007	443351	8.392126642333961	8.29947386890955
C302	Slow	Post	author	positive_q33	0.2	2970	J_M2	J	low	89	1132141	442156	8.497350316757638	9.192390188070487
C302	Slow	Post	author	positive_q33	0.2	2971	J_M2	J	high	89	1124229	417990	8.431394774126222	9.180523544973488
C302	Slow	Post	author	positive_q33	0.2	2972	L_M2	L	low	12	206708	74293	8.676692981673371	9.454950101567807
C302	Slow	Post	author	positive_q33	0.2	2973	L_M2	L	high	12	197741	75384	8.689986887067972	9.423237403583526
C302	Slow	Post	author	positive_q33	0.2	2974	N_M2	N	low	24	417812	182631	8.922973947948634	9.40587028599016
C302	Slow	Post	author	positive_q33	0.2	2975	N_M2	N	high	24	410479	180967	8.904125819833327	9.387079248286229
C303	Slow	Post	author	positive_q33	0.3	2976	E_M2	E	low	109	1208652	582995	8.569913988880998	9.043310308447927
C303	Slow	Post	author	positive_q33	0.3	2977	E_M2	E	high	109	1165074	528755	8.456142533056365	9.009677059295754
C303	Slow	Post	author	positive_q33	0.3	2978	G_M2	G	low	98	1163794	433830	8.383665598012854	9.005599602222116
C303	Slow	Post	author	positive_q33	0.3	2979	G_M2	G	high	98	1166378	384147	8.248542959795227	8.990356503749492
C303	Slow	Post	author	positive_q33	0.3	2980	I_M2	I	low	109	497062	533487	8.473197426063994	8.284582573296053
C303	Slow	Post	author	positive_q33	0.3	2981	I_M2	I	high	109	482386	485555	8.358969593762472	8.256556043909454
C303	Slow	Post	author	positive_q33	0.3	2982	J_M2	J	low	100	1250741	506002	8.514730898302167	9.161856307143228
C303	Slow	Post	author	positive_q33	0.3	2983	J_M2	J	high	100	1230136	463359	8.40696702795035	9.140132915356146
C303	Slow	Post	author	positive_q33	0.3	2984	L_M2	L	low	16	269036	107338	8.739744573688288	9.428873233774524
C303	Slow	Post	author	positive_q33	0.3	2985	L_M2	L	high	16	247963	104560	8.723937126171798	9.361563277890468
C303	Slow	Post	author	positive_q33	0.3	2986	N_M2	N	low	26	452252	200744	8.937464265794237	9.408657060819648
C303	Slow	Post	author	positive_q33	0.3	2987	N_M2	N	high	26	441130	190002	8.866932351411325	9.380891630946563
C304	Slow	Post	author	detected_vs_zero	none	2988	E_M2	E	low	258	2622336	1118940	8.290502221982637	8.909030092117607
C304	Slow	Post	author	detected_vs_zero	none	2989	E_M2	E	high	426	4574720	2220748	8.494127413189924	8.975988953496943
C304	Slow	Post	author	detected_vs_zero	none	2990	G_M2	G	low	416	4230735	1457790	8.056151506028467	8.848814196891706
C304	Slow	Post	author	detected_vs_zero	none	2991	G_M2	G	high	430	4900294	1876345	8.270975231724389	8.93287281591401
C304	Slow	Post	author	detected_vs_zero	none	2992	I_M2	I	low	338	1410608	1268068	8.182121037126452	8.208829464859182
C304	Slow	Post	author	detected_vs_zero	none	2993	I_M2	I	high	416	1969722	1956824	8.375566823743265	8.303758688584919
C304	Slow	Post	author	detected_vs_zero	none	2994	J_M2	J	low	233	2632280	981458	8.28284031006503	9.020821324245565
C304	Slow	Post	author	detected_vs_zero	none	2995	J_M2	J	high	357	4380361	1707693	8.430806203882268	9.125085433127317
C304	Slow	Post	author	detected_vs_zero	none	2996	L_M2	L	low	7	103747	36096	8.519886739225443	9.309113076452146
C304	Slow	Post	author	detected_vs_zero	none	2997	L_M2	L	high	57	878260	384549	8.74422008126691	9.294537469677966
C304	Slow	Post	author	detected_vs_zero	none	2998	N_M2	N	low	57	615893	249719	8.105247363601137	8.752263337053163
C304	Slow	Post	author	detected_vs_zero	none	2999	N_M2	N	high	117	1840358	912535	8.799826345593761	9.246198421983449
C305	Slow	Post	author	detected_vs_zero	0.1	3000	E_M2	E	low	208	2269943	945962	8.37587872326953	9.022227964204676
C305	Slow	Post	author	detected_vs_zero	0.1	3001	E_M2	E	high	208	2258839	947314	8.375399518149532	9.01835270304487
C305	Slow	Post	author	detected_vs_zero	0.1	3002	G_M2	G	low	290	3297291	1097711	8.165767252706935	8.978308177957931
C305	Slow	Post	author	detected_vs_zero	0.1	3003	G_M2	G	high	290	3315443	1096453	8.166010726706673	8.979431470078707
C305	Slow	Post	author	detected_vs_zero	0.1	3004	I_M2	I	low	273	1176331	1075689	8.240722648284407	8.250126066961503
C305	Slow	Post	author	detected_vs_zero	0.1	3005	I_M2	I	high	273	1183491	1084315	8.247394784659434	8.254290808726497
C305	Slow	Post	author	detected_vs_zero	0.1	3006	J_M2	J	low	188	2277361	828132	8.363000164350234	9.139601215073126
C305	Slow	Post	author	detected_vs_zero	0.1	3007	J_M2	J	high	188	2284279	837080	8.371276843728031	9.142730850919705
C305	Slow	Post	author	detected_vs_zero	0.1	3008	L_M2	L	low	7	103747	36096	8.519886739225441	9.309113076452146
C305	Slow	Post	author	detected_vs_zero	0.1	3009	L_M2	L	high	7	100844	35568	8.514882221023434	9.294522264666062
C305	Slow	Post	author	detected_vs_zero	0.1	3010	N_M2	N	low	28	437693	173933	8.609368685205967	9.213066408266197
C305	Slow	Post	author	detected_vs_zero	0.1	3011	N_M2	N	high	28	433586	171975	8.600082651564803	9.210742120622912
C306	Slow	Post	author	detected_vs_zero	0.2	3012	E_M2	E	low	235	2475486	1066321	8.358659004671132	8.96690454978306
C306	Slow	Post	author	detected_vs_zero	0.2	3013	E_M2	E	high	235	2430530	1121162	8.406791101945563	8.946624159394748
C306	Slow	Post	author	detected_vs_zero	0.2	3014	G_M2	G	low	339	3717049	1278468	8.159117240585289	8.929353803957783
C306	Slow	Post	author	detected_vs_zero	0.2	3015	G_M2	G	high	339	3757812	1314563	8.18183517708832	8.929669718342813
C306	Slow	Post	author	detected_vs_zero	0.2	3016	I_M2	I	low	312	1327659	1208726	8.223824944473632	8.23131737972245
C306	Slow	Post	author	detected_vs_zero	0.2	3017	I_M2	I	high	312	1369272	1277935	8.270049750015138	8.249028018027687
C306	Slow	Post	author	detected_vs_zero	0.2	3018	J_M2	J	low	211	2467050	927659	8.353567878547162	9.081298325040828
C306	Slow	Post	author	detected_vs_zero	0.2	3019	J_M2	J	high	211	2477905	964607	8.384420334258387	9.076224266176911
C306	Slow	Post	author	detected_vs_zero	0.2	3020	L_M2	L	low	7	103747	36096	8.51988673922544	9.309113076452144
C306	Slow	Post	author	detected_vs_zero	0.2	3021	L_M2	L	high	7	111864	35392	8.502114442090482	9.380945927870513
C306	Slow	Post	author	detected_vs_zero	0.2	3022	N_M2	N	low	36	529281	208172	8.494107014520027	9.102304358425137
C306	Slow	Post	author	detected_vs_zero	0.2	3023	N_M2	N	high	36	521973	224883	8.560822179464664	9.090828722696507
C307	Slow	Post	author	detected_vs_zero	0.3	3024	E_M2	E	low	243	2520130	1093517	8.346086197282931	8.94088696624585
C307	Slow	Post	author	detected_vs_zero	0.3	3025	E_M2	E	high	243	2451490	1203244	8.434587427895563	8.909728203925814
C307	Slow	Post	author	detected_vs_zero	0.3	3026	G_M2	G	low	352	3798469	1338847	8.159231331382792	8.908598832258866
C307	Slow	Post	author	detected_vs_zero	0.3	3027	G_M2	G	high	352	3868387	1411164	8.2041461915656	8.908477598252661
C307	Slow	Post	author	detected_vs_zero	0.3	3028	I_M2	I	low	324	1367449	1242003	8.212737314857744	8.223055345042257
C307	Slow	Post	author	detected_vs_zero	0.3	3029	I_M2	I	high	324	1417924	1351088	8.285869366093848	8.243170831653373
C307	Slow	Post	author	detected_vs_zero	0.3	3030	J_M2	J	low	216	2511865	948882	8.349031864023832	9.06924269703926
C307	Slow	Post	author	detected_vs_zero	0.3	3031	J_M2	J	high	216	2520699	1005038	8.400001165739047	9.057098697016869
C307	Slow	Post	author	detected_vs_zero	0.3	3032	L_M2	L	low	7	103747	36096	8.519886739225441	9.309113076452144
C307	Slow	Post	author	detected_vs_zero	0.3	3033	L_M2	L	high	7	103014	39036	8.558918421735797	9.281887272492781
C307	Slow	Post	author	detected_vs_zero	0.3	3034	N_M2	N	low	38	537274	212882	8.455602623411986	9.05141701127188
C307	Slow	Post	author	detected_vs_zero	0.3	3035	N_M2	N	high	38	477505	245047	8.570885829610997	8.96770554874626
C308	Slow	Post	trim95	2plus_vs_1	none	3036	E_M2	E	low	195	1897047	887199	8.373255102136094	8.883039357987961
C308	Slow	Post	trim95	2plus_vs_1	none	3037	E_M2	E	high	187	1979549	934576	8.483951133829596	8.987977741405016
C308	Slow	Post	trim95	2plus_vs_1	none	3038	G_M2	G	low	222	2312075	785855	8.099697006307192	8.870639446455732
C308	Slow	Post	trim95	2plus_vs_1	none	3039	G_M2	G	high	154	1616498	645821	8.301034768794668	8.874960804679763
C308	Slow	Post	trim95	2plus_vs_1	none	3040	I_M2	I	low	204	880524	810739	8.251854621293264	8.2429222991202
C308	Slow	Post	trim95	2plus_vs_1	none	3041	I_M2	I	high	161	683689	686915	8.31902804526767	8.232669549458995
C308	Slow	Post	trim95	2plus_vs_1	none	3042	J_M2	J	low	152	1861723	663728	8.349566395919384	9.142000307039627
C308	Slow	Post	trim95	2plus_vs_1	none	3043	J_M2	J	high	167	1939099	777446	8.41965894565921	9.078591096001961
C308	Slow	Post	trim95	2plus_vs_1	none	3044	L_M2	L	low	16	247000	91771	8.597576115800033	9.344881168153613
C308	Slow	Post	trim95	2plus_vs_1	none	3045	L_M2	L	high	34	478189	209922	8.687563154824737	9.210258717939833
C308	Slow	Post	trim95	2plus_vs_1	none	3046	N_M2	N	low	54	766202	330948	8.60083810453143	9.09520384485245
C308	Slow	Post	trim95	2plus_vs_1	none	3047	N_M2	N	high	49	792148	356057	8.828981710477795	9.3295122381022
C309	Slow	Post	trim95	2plus_vs_1	0.1	3048	E_M2	E	low	136	1490128	659447	8.460107558508776	9.043767362756384
C309	Slow	Post	trim95	2plus_vs_1	0.1	3049	E_M2	E	high	136	1502740	663732	8.464957161026675	9.046648659822912
C309	Slow	Post	trim95	2plus_vs_1	0.1	3050	G_M2	G	low	121	1360498	499470	8.292199632575297	8.963950005966698
C309	Slow	Post	trim95	2plus_vs_1	0.1	3051	G_M2	G	high	121	1358482	499890	8.293876024295034	8.96498384873967
C309	Slow	Post	trim95	2plus_vs_1	0.1	3052	I_M2	I	low	142	615569	586117	8.296910213272879	8.260626776924749
C309	Slow	Post	trim95	2plus_vs_1	0.1	3053	I_M2	I	high	142	612640	592176	8.305969859965344	8.254864262457211
C309	Slow	Post	trim95	2plus_vs_1	0.1	3054	J_M2	J	low	119	1507911	533819	8.386471826885492	9.207327486230175
C309	Slow	Post	trim95	2plus_vs_1	0.1	3055	J_M2	J	high	119	1496281	542252	8.401000219437147	9.201864534058203
C309	Slow	Post	trim95	2plus_vs_1	0.1	3056	L_M2	L	low	11	173220	61592	8.594728539083635	9.37878106339481
C309	Slow	Post	trim95	2plus_vs_1	0.1	3057	L_M2	L	high	11	175085	62399	8.608998921216546	9.382288890839991
C309	Slow	Post	trim95	2plus_vs_1	0.1	3058	N_M2	N	low	28	488163	204091	8.866984710932991	9.426431090354978
C309	Slow	Post	trim95	2plus_vs_1	0.1	3059	N_M2	N	high	28	488321	209505	8.892328271230095	9.429856787436865
C310	Slow	Post	trim95	2plus_vs_1	0.2	3060	E_M2	E	low	165	1744896	790111	8.44179010622841	9.001317820034028
C310	Slow	Post	trim95	2plus_vs_1	0.2	3061	E_M2	E	high	165	1750074	806909	8.46200049154578	9.000391636232136
C310	Slow	Post	trim95	2plus_vs_1	0.2	3062	G_M2	G	low	146	1560840	590534	8.265247004428508	8.893208912058377
C310	Slow	Post	trim95	2plus_vs_1	0.2	3063	G_M2	G	high	146	1542808	601706	8.285421398286788	8.892131373145167
C310	Slow	Post	trim95	2plus_vs_1	0.2	3064	I_M2	I	low	157	673672	650267	8.297148703590302	8.246780440828974
C310	Slow	Post	trim95	2plus_vs_1	0.2	3065	I_M2	I	high	157	668745	667702	8.318422253416461	8.238675313457378
C310	Slow	Post	trim95	2plus_vs_1	0.2	3066	J_M2	J	low	140	1756954	627700	8.380779573673985	9.187245690795443
C310	Slow	Post	trim95	2plus_vs_1	0.2	3067	J_M2	J	high	140	1709054	639771	8.399899811645287	9.161866982482618
C310	Slow	Post	trim95	2plus_vs_1	0.2	3068	L_M2	L	low	15	238404	87910	8.620151825987472	9.381048437120524
C310	Slow	Post	trim95	2plus_vs_1	0.2	3069	L_M2	L	high	15	221705	88463	8.63300134467527	9.310771233005644
C310	Slow	Post	trim95	2plus_vs_1	0.2	3070	N_M2	N	low	39	657973	281670	8.85340786527502	9.385687328881703
C310	Slow	Post	trim95	2plus_vs_1	0.2	3071	N_M2	N	high	39	645493	286133	8.874420180043565	9.368518042170127
C311	Slow	Post	trim95	2plus_vs_1	0.3	3072	E_M2	E	low	168	1755166	803867	8.440229482421248	8.98015567344099
C311	Slow	Post	trim95	2plus_vs_1	0.3	3073	E_M2	E	high	168	1752012	829419	8.470211466494623	8.974428852736521
C311	Slow	Post	trim95	2plus_vs_1	0.3	3074	G_M2	G	low	149	1583070	601511	8.263056184043425	8.887420656789974
C311	Slow	Post	trim95	2plus_vs_1	0.3	3075	G_M2	G	high	149	1572985	615798	8.288134450313038	8.890979546173655
C311	Slow	Post	trim95	2plus_vs_1	0.3	3076	I_M2	I	low	161	685661	665261	8.294153288429591	8.236998466558749
C311	Slow	Post	trim95	2plus_vs_1	0.3	3077	I_M2	I	high	161	683689	686915	8.31902804526767	8.232669549458995
C311	Slow	Post	trim95	2plus_vs_1	0.3	3078	J_M2	J	low	146	1820096	648913	8.371761074324994	9.172932520646905
C311	Slow	Post	trim95	2plus_vs_1	0.3	3079	J_M2	J	high	146	1750139	671539	8.40628694633176	9.13497413905871
C311	Slow	Post	trim95	2plus_vs_1	0.3	3080	L_M2	L	low	16	247000	91771	8.597576115800035	9.344881168153613
C311	Slow	Post	trim95	2plus_vs_1	0.3	3081	L_M2	L	high	16	226649	102119	8.718587595276336	9.276874074092078
C311	Slow	Post	trim95	2plus_vs_1	0.3	3082	N_M2	N	low	40	670391	286714	8.845226491962839	9.379714180417993
C311	Slow	Post	trim95	2plus_vs_1	0.3	3083	N_M2	N	high	40	656433	295683	8.87937765344492	9.36103842498017
C312	Slow	Post	trim95	3plus_vs_1	none	3084	E_M2	E	low	195	1897047	887199	8.373255102136094	8.883039357987961
C312	Slow	Post	trim95	3plus_vs_1	none	3085	E_M2	E	high	86	925694	439446	8.510440593997986	9.031462031455613
C312	Slow	Post	trim95	3plus_vs_1	none	3086	G_M2	G	low	222	2312075	785855	8.099697006307192	8.870639446455732
C312	Slow	Post	trim95	3plus_vs_1	none	3087	G_M2	G	high	51	509829	221502	8.352912835911031	8.859881440061155
C312	Slow	Post	trim95	3plus_vs_1	none	3088	I_M2	I	low	204	880524	810739	8.251854621293264	8.2429222991202
C312	Slow	Post	trim95	3plus_vs_1	none	3089	I_M2	I	high	78	319783	353562	8.378060493778934	8.19370268014317
C312	Slow	Post	trim95	3plus_vs_1	none	3090	J_M2	J	low	152	1861723	663728	8.349566395919384	9.142000307039627
C312	Slow	Post	trim95	3plus_vs_1	none	3091	J_M2	J	high	64	745375	308743	8.455059457912299	9.095733926569025
C312	Slow	Post	trim95	3plus_vs_1	none	3092	L_M2	L	low	16	247000	91771	8.597576115800033	9.344881168153613
C312	Slow	Post	trim95	3plus_vs_1	none	3093	L_M2	L	high	25	355091	164789	8.753314233967458	9.2154365098957
C312	Slow	Post	trim95	3plus_vs_1	none	3094	N_M2	N	low	54	766202	330948	8.60083810453143	9.09520384485245
C312	Slow	Post	trim95	3plus_vs_1	none	3095	N_M2	N	high	34	544659	255882	8.878222704625225	9.33235745859786
C313	Slow	Post	trim95	3plus_vs_1	0.1	3096	E_M2	E	low	79	875578	391675	8.48499891983931	9.06842714055537
C313	Slow	Post	trim95	3plus_vs_1	0.1	3097	E_M2	E	high	79	880067	394285	8.48980696778238	9.067087531817142
C313	Slow	Post	trim95	3plus_vs_1	0.1	3098	G_M2	G	low	48	495289	209544	8.356922281124975	8.887236529875636
C313	Slow	Post	trim95	3plus_vs_1	0.1	3099	G_M2	G	high	48	496329	209152	8.357018947531971	8.89345692870856
C313	Slow	Post	trim95	3plus_vs_1	0.1	3100	I_M2	I	low	69	293251	308234	8.37751056856316	8.237671721764123
C313	Slow	Post	trim95	3plus_vs_1	0.1	3101	I_M2	I	high	69	292185	309270	8.38051480890857	8.235075980853857
C313	Slow	Post	trim95	3plus_vs_1	0.1	3102	J_M2	J	low	55	683080	253806	8.412841452901876	9.16754677781516
C313	Slow	Post	trim95	3plus_vs_1	0.1	3103	J_M2	J	high	55	687151	257330	8.4257779981013	9.1737253696871
C313	Slow	Post	trim95	3plus_vs_1	0.1	3104	L_M2	L	low	8	127236	44961	8.587733064472209	9.383622176375649
C313	Slow	Post	trim95	3plus_vs_1	0.1	3105	L_M2	L	high	8	127877	45464	8.601351368680254	9.384158922988025
C313	Slow	Post	trim95	3plus_vs_1	0.1	3106	N_M2	N	low	23	390930	169922	8.877177492449547	9.403403853448157
C313	Slow	Post	trim95	3plus_vs_1	0.1	3107	N_M2	N	high	23	390265	173145	8.895764273506	9.405495019315723
C314	Slow	Post	trim95	3plus_vs_1	0.2	3108	E_M2	E	low	86	920292	434504	8.502230615725079	9.030764061907009
C314	Slow	Post	trim95	3plus_vs_1	0.2	3109	E_M2	E	high	86	925694	439446	8.510440593997986	9.03146203145561
C314	Slow	Post	trim95	3plus_vs_1	0.2	3110	G_M2	G	low	51	509253	221133	8.347751874897103	8.855818945147561
C314	Slow	Post	trim95	3plus_vs_1	0.2	3111	G_M2	G	high	51	509829	221502	8.352912835911033	8.859881440061155
C314	Slow	Post	trim95	3plus_vs_1	0.2	3112	I_M2	I	low	76	318286	341966	8.380904767807873	8.219520801925787
C314	Slow	Post	trim95	3plus_vs_1	0.2	3113	I_M2	I	high	76	316206	346740	8.389065606887362	8.213904823602633
C314	Slow	Post	trim95	3plus_vs_1	0.2	3114	J_M2	J	low	60	726214	278234	8.418670070403433	9.145492027596664
C314	Slow	Post	trim95	3plus_vs_1	0.2	3115	J_M2	J	high	60	724964	284117	8.437289659181939	9.140879669991943
C314	Slow	Post	trim95	3plus_vs_1	0.2	3116	L_M2	L	low	14	225562	83218	8.632032148144118	9.392538204912954
C314	Slow	Post	trim95	3plus_vs_1	0.2	3117	L_M2	L	high	14	213621	83302	8.641832194699537	9.341432648181593
C314	Slow	Post	trim95	3plus_vs_1	0.2	3118	N_M2	N	low	31	513989	229596	8.881896657214899	9.365541748956014
C314	Slow	Post	trim95	3plus_vs_1	0.2	3119	N_M2	N	high	31	512581	233809	8.89866589359832	9.3609263068689
C315	Slow	Post	trim95	3plus_vs_1	0.3	3120	E_M2	E	low	86	920292	434504	8.502230615725079	9.030764061907009
C315	Slow	Post	trim95	3plus_vs_1	0.3	3121	E_M2	E	high	86	925694	439446	8.510440593997986	9.03146203145561
C315	Slow	Post	trim95	3plus_vs_1	0.3	3122	G_M2	G	low	51	509253	221133	8.347751874897103	8.855818945147561
C315	Slow	Post	trim95	3plus_vs_1	0.3	3123	G_M2	G	high	51	509829	221502	8.352912835911033	8.859881440061155
C315	Slow	Post	trim95	3plus_vs_1	0.3	3124	I_M2	I	low	78	321796	348736	8.37225636207219	8.199443231131744
C315	Slow	Post	trim95	3plus_vs_1	0.3	3125	I_M2	I	high	78	319783	353562	8.378060493778934	8.19370268014317
C315	Slow	Post	trim95	3plus_vs_1	0.3	3126	J_M2	J	low	63	744961	291922	8.418092676797457	9.120016070581856
C315	Slow	Post	trim95	3plus_vs_1	0.3	3127	J_M2	J	high	63	742597	303366	8.452916404278701	9.115078625472943
C315	Slow	Post	trim95	3plus_vs_1	0.3	3128	L_M2	L	low	15	238404	87910	8.620151825987472	9.381048437120528
C315	Slow	Post	trim95	3plus_vs_1	0.3	3129	L_M2	L	high	15	216052	94672	8.698365566311333	9.298936964554768
C315	Slow	Post	trim95	3plus_vs_1	0.3	3130	N_M2	N	low	32	529064	238660	8.889092890526587	9.364247175120983
C315	Slow	Post	trim95	3plus_vs_1	0.3	3131	N_M2	N	high	32	522867	245052	8.912069769799198	9.351248216039219
C316	Slow	Post	trim95	4plus_vs_1	none	3132	E_M2	E	low	195	1897047	887199	8.373255102136094	8.883039357987961
C316	Slow	Post	trim95	4plus_vs_1	none	3133	E_M2	E	high	35	382913	183877	8.539326849087548	9.06479123816938
C316	Slow	Post	trim95	4plus_vs_1	none	3134	G_M2	G	low	222	2312075	785855	8.099697006307192	8.870639446455732
C316	Slow	Post	trim95	4plus_vs_1	none	3135	G_M2	G	high	21	229814	95367	8.401735722336916	8.952319793824389
C316	Slow	Post	trim95	4plus_vs_1	none	3136	I_M2	I	low	204	880524	810739	8.251854621293264	8.2429222991202
C316	Slow	Post	trim95	4plus_vs_1	none	3137	I_M2	I	high	25	110523	116519	8.421336977526282	8.276824507810806
C316	Slow	Post	trim95	4plus_vs_1	none	3138	J_M2	J	low	152	1861723	663728	8.349566395919384	9.142000307039627
C316	Slow	Post	trim95	4plus_vs_1	none	3139	J_M2	J	high	27	313259	136611	8.508412487439667	9.091058222613148
C316	Slow	Post	trim95	4plus_vs_1	none	3140	L_M2	L	low	16	247000	91771	8.597576115800033	9.344881168153613
C316	Slow	Post	trim95	4plus_vs_1	none	3141	L_M2	L	high	15	210051	104706	8.82342442940047	9.161988398544118
C316	Slow	Post	trim95	4plus_vs_1	none	3142	N_M2	N	low	54	766202	330948	8.60083810453143	9.09520384485245
C316	Slow	Post	trim95	4plus_vs_1	none	3143	N_M2	N	high	13	204043	104646	8.959854245052524	9.328821044462671
C317	Slow	Post	trim95	4plus_vs_1	0.1	3144	E_M2	E	low	34	374763	174398	8.521558811084374	9.087917867468779
C317	Slow	Post	trim95	4plus_vs_1	0.1	3145	E_M2	E	high	34	379137	176024	8.526695925968415	9.09119485757609
C317	Slow	Post	trim95	4plus_vs_1	0.1	3146	G_M2	G	low	20	228585	91343	8.408614756303805	8.984239209627493
C317	Slow	Post	trim95	4plus_vs_1	0.1	3147	G_M2	G	high	20	224764	91789	8.412680572915463	8.97735107305643
C317	Slow	Post	trim95	4plus_vs_1	0.1	3148	I_M2	I	low	24	107948	111689	8.416535573173	8.296073998216135
C317	Slow	Post	trim95	4plus_vs_1	0.1	3149	I_M2	I	high	24	107987	111512	8.417276355224047	8.296736641051206
C317	Slow	Post	trim95	4plus_vs_1	0.1	3150	J_M2	J	low	24	298024	116621	8.468740681292124	9.18379904473359
C317	Slow	Post	trim95	4plus_vs_1	0.1	3151	J_M2	J	high	24	299189	118501	8.484079811224255	9.186760721000192
C317	Slow	Post	trim95	4plus_vs_1	0.1	3152	L_M2	L	low	4	74683	25638	8.722068659173384	9.544905270830611
C317	Slow	Post	trim95	4plus_vs_1	0.1	3153	L_M2	L	high	4	76765	26285	8.750086064607062	9.558136618956269
C317	Slow	Post	trim95	4plus_vs_1	0.1	3154	N_M2	N	low	10	165898	75334	8.895184066831385	9.372385366461724
C317	Slow	Post	trim95	4plus_vs_1	0.1	3155	N_M2	N	high	10	166439	76710	8.91105482340879	9.383436254137973
C318	Slow	Post	trim95	4plus_vs_1	0.2	3156	E_M2	E	low	35	377909	181707	8.532285660846073	9.05665221396475
C318	Slow	Post	trim95	4plus_vs_1	0.2	3157	E_M2	E	high	35	382913	183877	8.539326849087546	9.064791238169379
C318	Slow	Post	trim95	4plus_vs_1	0.2	3158	G_M2	G	low	21	233297	94458	8.392756131463955	8.95548933147529
C318	Slow	Post	trim95	4plus_vs_1	0.2	3159	G_M2	G	high	21	229814	95367	8.401735722336918	8.952319793824389
C318	Slow	Post	trim95	4plus_vs_1	0.2	3160	I_M2	I	low	25	110795	116824	8.42163534406087	8.280727963146438
C318	Slow	Post	trim95	4plus_vs_1	0.2	3161	I_M2	I	high	25	110523	116519	8.421336977526282	8.276824507810806
C318	Slow	Post	trim95	4plus_vs_1	0.2	3162	J_M2	J	low	26	311206	126654	8.472429393673455	9.145685981814355
C318	Slow	Post	trim95	4plus_vs_1	0.2	3163	J_M2	J	high	26	310108	129949	8.497031232627249	9.132969884028011
C318	Slow	Post	trim95	4plus_vs_1	0.2	3164	L_M2	L	low	7	126360	48982	8.802355935251134	9.513380234831562
C318	Slow	Post	trim95	4plus_vs_1	0.2	3165	L_M2	L	high	7	126024	45531	8.748957702940311	9.505957409191533
C318	Slow	Post	trim95	4plus_vs_1	0.2	3166	N_M2	N	low	13	203787	100453	8.925745843605776	9.324619874363314
C318	Slow	Post	trim95	4plus_vs_1	0.2	3167	N_M2	N	high	13	204043	104646	8.959854245052524	9.328821044462671
C319	Slow	Post	trim95	4plus_vs_1	0.3	3168	E_M2	E	low	35	377909	181707	8.532285660846073	9.05665221396475
C319	Slow	Post	trim95	4plus_vs_1	0.3	3169	E_M2	E	high	35	382913	183877	8.539326849087546	9.064791238169379
C319	Slow	Post	trim95	4plus_vs_1	0.3	3170	G_M2	G	low	21	233297	94458	8.392756131463955	8.95548933147529
C319	Slow	Post	trim95	4plus_vs_1	0.3	3171	G_M2	G	high	21	229814	95367	8.401735722336918	8.952319793824389
C319	Slow	Post	trim95	4plus_vs_1	0.3	3172	I_M2	I	low	25	110795	116824	8.42163534406087	8.280727963146438
C319	Slow	Post	trim95	4plus_vs_1	0.3	3173	I_M2	I	high	25	110523	116519	8.421336977526282	8.276824507810806
C319	Slow	Post	trim95	4plus_vs_1	0.3	3174	J_M2	J	low	26	311206	126654	8.472429393673455	9.145685981814355
C319	Slow	Post	trim95	4plus_vs_1	0.3	3175	J_M2	J	high	26	310481	131234	8.505271743232392	9.13775208134356
C319	Slow	Post	trim95	4plus_vs_1	0.3	3176	L_M2	L	low	10	173741	64845	8.729611181627531	9.464189814633965
C319	Slow	Post	trim95	4plus_vs_1	0.3	3177	L_M2	L	high	10	167013	67623	8.794361433458535	9.424442224998247
C319	Slow	Post	trim95	4plus_vs_1	0.3	3178	N_M2	N	low	13	203787	100453	8.925745843605776	9.324619874363314
C319	Slow	Post	trim95	4plus_vs_1	0.3	3179	N_M2	N	high	13	204043	104646	8.959854245052524	9.328821044462671
C320	Slow	Post	trim95	3plus_vs_1to2	none	3180	E_M2	E	low	296	2950902	1382329	8.403330121144752	8.906212086977055
C320	Slow	Post	trim95	3plus_vs_1to2	none	3181	E_M2	E	high	86	925694	439446	8.510440593997986	9.031462031455613
C320	Slow	Post	trim95	3plus_vs_1to2	none	3182	G_M2	G	low	325	3418744	1210174	8.15536472357881	8.874375284894576
C320	Slow	Post	trim95	3plus_vs_1to2	none	3183	G_M2	G	high	51	509829	221502	8.352912835911031	8.859881440061155
C320	Slow	Post	trim95	3plus_vs_1to2	none	3184	I_M2	I	low	287	1244430	1144092	8.255237419920432	8.250547517185547
C320	Slow	Post	trim95	3plus_vs_1to2	none	3185	I_M2	I	high	78	319783	353562	8.378060493778934	8.19370268014317
C320	Slow	Post	trim95	3plus_vs_1to2	none	3186	J_M2	J	low	255	3055447	1132431	8.368993454111557	9.112085444713465
C320	Slow	Post	trim95	3plus_vs_1to2	none	3187	J_M2	J	high	64	745375	308743	8.455059457912299	9.095733926569025
C320	Slow	Post	trim95	3plus_vs_1to2	none	3188	L_M2	L	low	25	370098	136904	8.564220370706206	9.291239294120786
C320	Slow	Post	trim95	3plus_vs_1to2	none	3189	L_M2	L	high	25	355091	164789	8.753314233967458	9.2154365098957
C320	Slow	Post	trim95	3plus_vs_1to2	none	3190	N_M2	N	low	69	1013691	431123	8.62617086233118	9.144738459372652
C320	Slow	Post	trim95	3plus_vs_1to2	none	3191	N_M2	N	high	34	544659	255882	8.878222704625225	9.33235745859786
C321	Slow	Post	trim95	3plus_vs_1to2	0.1	3192	E_M2	E	low	84	909427	423119	8.497336951637028	9.04200339211144
C321	Slow	Post	trim95	3plus_vs_1to2	0.1	3193	E_M2	E	high	84	913081	424735	8.501140427514159	9.042597604356207
C321	Slow	Post	trim95	3plus_vs_1to2	0.1	3194	G_M2	G	low	50	503435	216952	8.351000039041864	8.867435204831855
C321	Slow	Post	trim95	3plus_vs_1to2	0.1	3195	G_M2	G	high	50	504831	215802	8.347003155088622	8.868264188477323
C321	Slow	Post	trim95	3plus_vs_1to2	0.1	3196	I_M2	I	low	73	311295	332414	8.394606309084708	8.242307562135194
C321	Slow	Post	trim95	3plus_vs_1to2	0.1	3197	I_M2	I	high	73	309898	332908	8.394701852313641	8.238753102598123
C321	Slow	Post	trim95	3plus_vs_1to2	0.1	3198	J_M2	J	low	59	722243	276963	8.428998097207248	9.15224782136318
C321	Slow	Post	trim95	3plus_vs_1to2	0.1	3199	J_M2	J	high	59	719436	278114	8.432979504524809	9.151999282887411
C321	Slow	Post	trim95	3plus_vs_1to2	0.1	3200	L_M2	L	low	10	159551	57551	8.620552975220072	9.387773363622232
C321	Slow	Post	trim95	3plus_vs_1to2	0.1	3201	L_M2	L	high	10	163725	57081	8.611982845030417	9.407357913757732
C321	Slow	Post	trim95	3plus_vs_1to2	0.1	3202	N_M2	N	low	27	471965	196807	8.866096469668218	9.432811221989994
C321	Slow	Post	trim95	3plus_vs_1to2	0.1	3203	N_M2	N	high	27	471332	198636	8.874221686882565	9.430298182550729
C322	Slow	Post	trim95	3plus_vs_1to2	0.2	3204	E_M2	E	low	86	923102	437614	8.506190979258124	9.033025255091147
C322	Slow	Post	trim95	3plus_vs_1to2	0.2	3205	E_M2	E	high	86	925694	439446	8.510440593997984	9.03146203145561
C322	Slow	Post	trim95	3plus_vs_1to2	0.2	3206	G_M2	G	low	51	508556	221577	8.350997436099071	8.858942605682678
C322	Slow	Post	trim95	3plus_vs_1to2	0.2	3207	G_M2	G	high	51	509829	221502	8.352912835911033	8.859881440061159
C322	Slow	Post	trim95	3plus_vs_1to2	0.2	3208	I_M2	I	low	77	319741	350301	8.390550247377085	8.208136076885491
C322	Slow	Post	trim95	3plus_vs_1to2	0.2	3209	I_M2	I	high	77	317650	352006	8.391405225232766	8.201330151446685
C322	Slow	Post	trim95	3plus_vs_1to2	0.2	3210	J_M2	J	low	63	749710	297517	8.435972901708945	9.124530800377244
C322	Slow	Post	trim95	3plus_vs_1to2	0.2	3211	J_M2	J	high	63	742224	302081	8.449515558632136	9.113105020231604
C322	Slow	Post	trim95	3plus_vs_1to2	0.2	3212	L_M2	L	low	16	255597	96424	8.6580674995572	9.384206326973153
C322	Slow	Post	trim95	3plus_vs_1to2	0.2	3213	L_M2	L	high	16	250226	98575	8.679051867475593	9.366345446557482
C322	Slow	Post	trim95	3plus_vs_1to2	0.2	3214	N_M2	N	low	32	526997	238276	8.890294127382028	9.364389349184481
C322	Slow	Post	trim95	3plus_vs_1to2	0.2	3215	N_M2	N	high	32	522780	242675	8.904647953153997	9.350835133192108
C323	Slow	Post	trim95	3plus_vs_1to2	0.3	3216	E_M2	E	low	86	923102	437614	8.506190979258124	9.033025255091147
C323	Slow	Post	trim95	3plus_vs_1to2	0.3	3217	E_M2	E	high	86	925694	439446	8.510440593997984	9.03146203145561
C323	Slow	Post	trim95	3plus_vs_1to2	0.3	3218	G_M2	G	low	51	508556	221577	8.350997436099071	8.858942605682678
C323	Slow	Post	trim95	3plus_vs_1to2	0.3	3219	G_M2	G	high	51	509829	221502	8.352912835911033	8.859881440061159
C323	Slow	Post	trim95	3plus_vs_1to2	0.3	3220	I_M2	I	low	78	320963	352005	8.379772353170402	8.194637986620933
C323	Slow	Post	trim95	3plus_vs_1to2	0.3	3221	I_M2	I	high	78	319783	353562	8.378060493778934	8.19370268014317
C323	Slow	Post	trim95	3plus_vs_1to2	0.3	3222	J_M2	J	low	64	753877	304112	8.441570492052234	9.111190959952015
C323	Slow	Post	trim95	3plus_vs_1to2	0.3	3223	J_M2	J	high	64	745375	308743	8.455059457912299	9.095733926569025
C323	Slow	Post	trim95	3plus_vs_1to2	0.3	3224	L_M2	L	low	19	307884	110953	8.629847511370945	9.397341518470357
C323	Slow	Post	trim95	3plus_vs_1to2	0.3	3225	L_M2	L	high	19	293368	120971	8.716309588781188	9.349503614314221
C323	Slow	Post	trim95	3plus_vs_1to2	0.3	3226	N_M2	N	low	33	542072	247340	8.897017824224662	9.3631689260648
C323	Slow	Post	trim95	3plus_vs_1to2	0.3	3227	N_M2	N	high	33	533066	253918	8.91746437675619	9.341756110983836
C324	Slow	Post	trim95	positive_q25	none	3228	E_M2	E	low	96	982884	544671	8.631670682464643	8.946080862571426
C324	Slow	Post	trim95	positive_q25	none	3229	E_M2	E	high	96	980377	413094	8.32567500091038	8.964965578017406
C324	Slow	Post	trim95	positive_q25	none	3230	G_M2	G	low	94	992841	451717	8.46225981471497	8.889119948894816
C324	Slow	Post	trim95	positive_q25	none	3231	G_M2	G	high	94	964893	308595	8.010570091442967	8.863120091152789
C324	Slow	Post	trim95	positive_q25	none	3232	I_M2	I	low	92	397745	449735	8.483246429636337	8.250500903523916
C324	Slow	Post	trim95	positive_q25	none	3233	I_M2	I	high	92	377725	347958	8.202037985621754	8.198130877582853
C324	Slow	Post	trim95	positive_q25	none	3234	J_M2	J	low	80	994238	416205	8.550120856722392	9.164542867923952
C324	Slow	Post	trim95	positive_q25	none	3235	J_M2	J	high	80	915453	336262	8.305586875267256	9.078204149774495
C324	Slow	Post	trim95	positive_q25	none	3236	L_M2	L	low	13	210033	81276	8.699209532477518	9.395101453844122
C324	Slow	Post	trim95	positive_q25	none	3237	L_M2	L	high	13	183120	75889	8.624161262501017	9.187448854857108
C324	Slow	Post	trim95	positive_q25	none	3238	N_M2	N	low	26	427757	214847	9.009223062137297	9.35228887097566
C324	Slow	Post	trim95	positive_q25	none	3239	N_M2	N	high	26	369500	143745	8.392877480055036	9.092331732474442
C325	Slow	Post	trim95	positive_q25	0.1	3240	E_M2	E	low	48	541267	250388	8.554436618955558	9.090428396324862
C325	Slow	Post	trim95	positive_q25	0.1	3241	E_M2	E	high	48	546199	246968	8.53658217964552	9.09091634645636
C325	Slow	Post	trim95	positive_q25	0.1	3242	G_M2	G	low	32	341905	148157	8.43141689229974	8.912150131539818
C325	Slow	Post	trim95	positive_q25	0.1	3243	G_M2	G	high	32	342969	146750	8.419798307491664	8.913987280278548
C325	Slow	Post	trim95	positive_q25	0.1	3244	I_M2	I	low	43	185960	200551	8.43966452812627	8.245679345403182
C325	Slow	Post	trim95	positive_q25	0.1	3245	I_M2	I	high	43	186253	196379	8.417862738777881	8.246336375298466
C325	Slow	Post	trim95	positive_q25	0.1	3246	J_M2	J	low	37	440743	185796	8.515795758770324	9.105632103698165
C325	Slow	Post	trim95	positive_q25	0.1	3247	J_M2	J	high	37	443161	185602	8.51076461292015	9.110673022662468
C325	Slow	Post	trim95	positive_q25	0.1	3248	L_M2	L	low	3	54355	13770	8.423888890443147	9.50143848773071
C325	Slow	Post	trim95	positive_q25	0.1	3249	L_M2	L	high	3	52652	14165	8.455365188531681	9.475233671569157
C325	Slow	Post	trim95	positive_q25	0.1	3250	N_M2	N	low	8	145146	66503	9.011458811691174	9.474607852366955
C325	Slow	Post	trim95	positive_q25	0.1	3251	N_M2	N	high	8	151046	66623	9.005299257628803	9.504973940603161
C326	Slow	Post	trim95	positive_q25	0.2	3252	E_M2	E	low	60	659122	316776	8.566168962186232	9.05930502043743
C326	Slow	Post	trim95	positive_q25	0.2	3253	E_M2	E	high	60	658625	298949	8.502983078189628	9.055211500108035
C326	Slow	Post	trim95	positive_q25	0.2	3254	G_M2	G	low	51	563149	225305	8.385519640706088	8.967761542047821
C326	Slow	Post	trim95	positive_q25	0.2	3255	G_M2	G	high	51	561956	211308	8.31169866646187	8.963337605545988
C326	Slow	Post	trim95	positive_q25	0.2	3256	I_M2	I	low	59	251375	271261	8.425552233897998	8.230306596703793
C326	Slow	Post	trim95	positive_q25	0.2	3257	I_M2	I	high	59	250618	254730	8.356516371949137	8.225869189208858
C326	Slow	Post	trim95	positive_q25	0.2	3258	J_M2	J	low	48	566948	238338	8.505372849517071	9.112551995607461
C326	Slow	Post	trim95	positive_q25	0.2	3259	J_M2	J	high	48	562256	230572	8.463458633078325	9.0960978106869
C326	Slow	Post	trim95	positive_q25	0.2	3260	L_M2	L	low	8	136450	46400	8.631867610134426	9.458121063149195
C326	Slow	Post	trim95	positive_q25	0.2	3261	L_M2	L	high	8	137101	44102	8.58272585847166	9.459460204391851
C326	Slow	Post	trim95	positive_q25	0.2	3262	N_M2	N	low	12	215303	96286	8.97632201265814	9.466621150260313
C326	Slow	Post	trim95	positive_q25	0.2	3263	N_M2	N	high	12	218182	95347	8.94948537834007	9.470763175881244
C327	Slow	Post	trim95	positive_q25	0.3	3264	E_M2	E	low	73	789979	390035	8.577400876664075	9.033682601251334
C327	Slow	Post	trim95	positive_q25	0.3	3265	E_M2	E	high	73	782785	347373	8.45198121424594	9.026048596024149
C327	Slow	Post	trim95	positive_q25	0.3	3266	G_M2	G	low	64	713341	285093	8.394057429278892	8.982286599591639
C327	Slow	Post	trim95	positive_q25	0.3	3267	G_M2	G	high	64	699052	250718	8.251690582901407	8.954056730780959
C327	Slow	Post	trim95	positive_q25	0.3	3268	I_M2	I	low	74	310854	343766	8.436213688517979	8.220167474934371
C327	Slow	Post	trim95	positive_q25	0.3	3269	I_M2	I	high	74	307185	303778	8.30213296235765	8.210348013213366
C327	Slow	Post	trim95	positive_q25	0.3	3270	J_M2	J	low	59	708547	293676	8.50841271685127	9.139002671554069
C327	Slow	Post	trim95	positive_q25	0.3	3271	J_M2	J	high	59	699640	270262	8.409342307973624	9.124944075219952
C327	Slow	Post	trim95	positive_q25	0.3	3272	L_M2	L	low	10	177180	63477	8.704030905011845	9.488342934472653
C327	Slow	Post	trim95	positive_q25	0.3	3273	L_M2	L	high	10	165910	61713	8.682248389497186	9.435769805319847
C327	Slow	Post	trim95	positive_q25	0.3	3274	N_M2	N	low	16	286812	129846	8.98952255462125	9.468571922316151
C327	Slow	Post	trim95	positive_q25	0.3	3275	N_M2	N	high	16	288303	118659	8.879289432023349	9.458981193289558
C328	Slow	Post	trim95	positive_q33	none	3276	E_M2	E	low	128	1324206	695104	8.580927465357716	8.961054833864397
C328	Slow	Post	trim95	positive_q33	none	3277	E_M2	E	high	127	1353085	564061	8.354286016232853	9.009891053674526
C328	Slow	Post	trim95	positive_q33	none	3278	G_M2	G	low	126	1337648	575652	8.40253193019305	8.896258741557517
C328	Slow	Post	trim95	positive_q33	none	3279	G_M2	G	high	126	1267111	421118	8.036030208485311	8.842911454070519
C328	Slow	Post	trim95	positive_q33	none	3280	I_M2	I	low	122	529368	569326	8.433711879744463	8.252484040979535
C328	Slow	Post	trim95	positive_q33	none	3281	I_M2	I	high	122	508623	471912	8.223956179157618	8.218418627808393
C328	Slow	Post	trim95	positive_q33	none	3282	J_M2	J	low	107	1333420	523265	8.483135492420047	9.165740785908003
C328	Slow	Post	trim95	positive_q33	none	3283	J_M2	J	high	106	1211924	453311	8.328479391583521	9.072689179687336
C328	Slow	Post	trim95	positive_q33	none	3284	L_M2	L	low	17	262317	105365	8.678466560005887	9.345673527132957
C328	Slow	Post	trim95	positive_q33	none	3285	L_M2	L	high	17	237599	103808	8.671469321216833	9.19577604458773
C328	Slow	Post	trim95	positive_q33	none	3286	N_M2	N	low	35	555158	265711	8.913844404321095	9.26063519330205
C328	Slow	Post	trim95	positive_q33	none	3287	N_M2	N	high	34	487404	200504	8.489951064056397	9.122867253951549
C329	Slow	Post	trim95	positive_q33	0.1	3288	E_M2	E	low	81	939627	409664	8.515225041532814	9.122452145625234
C329	Slow	Post	trim95	positive_q33	0.1	3289	E_M2	E	high	81	944116	407411	8.507002780462704	9.120624085856013
C329	Slow	Post	trim95	positive_q33	0.1	3290	G_M2	G	low	66	715273	275546	8.320181340166503	8.939411212926021
C329	Slow	Post	trim95	positive_q33	0.1	3291	G_M2	G	high	66	727970	272531	8.30839896357014	8.95200434740129
C329	Slow	Post	trim95	positive_q33	0.1	3292	I_M2	I	low	76	333472	341613	8.39881381450884	8.268947429130685
C329	Slow	Post	trim95	positive_q33	0.1	3293	I_M2	I	high	76	330769	334761	8.3766515174037	8.26323408447642
C329	Slow	Post	trim95	positive_q33	0.1	3294	J_M2	J	low	65	810735	305957	8.446192699689895	9.175733467160173
C329	Slow	Post	trim95	positive_q33	0.1	3295	J_M2	J	high	65	812065	304422	8.436662939011047	9.177831955970452
C329	Slow	Post	trim95	positive_q33	0.1	3296	L_M2	L	low	9	144947	55136	8.66054077336513	9.395461169341495
C329	Slow	Post	trim95	positive_q33	0.1	3297	L_M2	L	high	9	145979	55114	8.667058596330921	9.400443056805766
C329	Slow	Post	trim95	positive_q33	0.1	3298	N_M2	N	low	17	293712	123707	8.869948887624341	9.422157937284554
C329	Slow	Post	trim95	positive_q33	0.1	3299	N_M2	N	high	17	294742	125784	8.885438079799558	9.428553529236405
C330	Slow	Post	trim95	positive_q33	0.2	3300	E_M2	E	low	94	1048776	478882	8.522173405089523	9.068527990312868
C330	Slow	Post	trim95	positive_q33	0.2	3301	E_M2	E	high	94	1040726	458774	8.470872630875148	9.049803899023484
C330	Slow	Post	trim95	positive_q33	0.2	3302	G_M2	G	low	81	866582	336756	8.318094996614628	8.933740830741193
C330	Slow	Post	trim95	positive_q33	0.2	3303	G_M2	G	high	81	873475	322759	8.269663704853079	8.937563572353932
C330	Slow	Post	trim95	positive_q33	0.2	3304	I_M2	I	low	96	414307	429051	8.39422114220528	8.252496540224051
C330	Slow	Post	trim95	positive_q33	0.2	3305	I_M2	I	high	96	408686	403900	8.326798563420505	8.24098052792789
C330	Slow	Post	trim95	positive_q33	0.2	3306	J_M2	J	low	86	1068674	403587	8.444740422544216	9.176154142538872
C330	Slow	Post	trim95	positive_q33	0.2	3307	J_M2	J	high	86	1034475	384711	8.386337512360356	9.144064292903733
C330	Slow	Post	trim95	positive_q33	0.2	3308	L_M2	L	low	12	200284	72747	8.664555201330055	9.426534666644189
C330	Slow	Post	trim95	positive_q33	0.2	3309	L_M2	L	high	12	195121	73350	8.673783946280901	9.40919165836427
C330	Slow	Post	trim95	positive_q33	0.2	3310	N_M2	N	low	24	399583	175807	8.878804806638604	9.365627919695118
C330	Slow	Post	trim95	positive_q33	0.2	3311	N_M2	N	high	24	399022	178491	8.888607449021482	9.360792111174034
C331	Slow	Post	trim95	positive_q33	0.3	3312	E_M2	E	low	106	1173147	547935	8.536524649657737	9.054461841751065
C331	Slow	Post	trim95	positive_q33	0.3	3313	E_M2	E	high	106	1133133	497074	8.425250507765753	9.015652542723368
C331	Slow	Post	trim95	positive_q33	0.3	3314	G_M2	G	low	95	1007626	397736	8.325771439960159	8.920277446095989
C331	Slow	Post	trim95	positive_q33	0.3	3315	G_M2	G	high	95	1007306	364752	8.230044730628096	8.908653529464976
C331	Slow	Post	trim95	positive_q33	0.3	3316	I_M2	I	low	106	454790	475884	8.399096602266145	8.243013859864543
C331	Slow	Post	trim95	positive_q33	0.3	3317	I_M2	I	high	106	445790	434649	8.298541381464293	8.227593844607
C331	Slow	Post	trim95	positive_q33	0.3	3318	J_M2	J	low	95	1165196	451615	8.45763319770967	9.155588783540367
C331	Slow	Post	trim95	positive_q33	0.3	3319	J_M2	J	high	95	1127632	419526	8.369826452322142	9.123391896765227
C331	Slow	Post	trim95	positive_q33	0.3	3320	L_M2	L	low	15	241064	94904	8.698667641694856	9.390259075972256
C331	Slow	Post	trim95	positive_q33	0.3	3321	L_M2	L	high	15	230972	92901	8.68106074713574	9.352423423333992
C331	Slow	Post	trim95	positive_q33	0.3	3322	N_M2	N	low	24	399583	175807	8.878804806638602	9.365627919695118
C331	Slow	Post	trim95	positive_q33	0.3	3323	N_M2	N	high	24	398687	177088	8.876661480582626	9.35254431911571
C332	Slow	Post	trim95	detected_vs_zero	none	3324	E_M2	E	low	245	2424999	1009505	8.255909506866136	8.888278589242583
C332	Slow	Post	trim95	detected_vs_zero	none	3325	E_M2	E	high	382	3876596	1821775	8.427443997232128	8.934409718456521
C332	Slow	Post	trim95	detected_vs_zero	none	3326	G_M2	G	low	389	3718153	1256958	8.003074104496411	8.80241563182831
C332	Slow	Post	trim95	detected_vs_zero	none	3327	G_M2	G	high	376	3928573	1431676	8.182159813283446	8.872409364451743
C332	Slow	Post	trim95	detected_vs_zero	none	3328	I_M2	I	low	330	1345656	1209774	8.167275558361826	8.192506436255805
C332	Slow	Post	trim95	detected_vs_zero	none	3329	I_M2	I	high	365	1564213	1497654	8.281484542553207	8.23839985337923
C332	Slow	Post	trim95	detected_vs_zero	none	3330	J_M2	J	low	217	2351531	884563	8.255494901164909	8.982649369888954
C332	Slow	Post	trim95	detected_vs_zero	none	3331	J_M2	J	high	319	3800822	1441174	8.386260614748696	9.108804889349063
C332	Slow	Post	trim95	detected_vs_zero	none	3332	L_M2	L	low	7	103747	36096	8.519886739225443	9.309113076452146
C332	Slow	Post	trim95	detected_vs_zero	none	3333	L_M2	L	high	50	725189	301693	8.658767302336832	9.253337902008242
C332	Slow	Post	trim95	detected_vs_zero	none	3334	N_M2	N	low	55	568160	231011	8.06910621804142	8.716758685300826
C332	Slow	Post	trim95	detected_vs_zero	none	3335	N_M2	N	high	103	1558350	687005	8.709372441340864	9.20667094455379
C333	Slow	Post	trim95	detected_vs_zero	0.1	3336	E_M2	E	low	200	2135024	887372	8.356283053289374	9.004339353034092
C333	Slow	Post	trim95	detected_vs_zero	0.1	3337	E_M2	E	high	200	2117367	888089	8.355285072432828	8.99889145248115
C333	Slow	Post	trim95	detected_vs_zero	0.1	3338	G_M2	G	low	265	2770261	949698	8.126654723840938	8.91838196904087
C333	Slow	Post	trim95	detected_vs_zero	0.1	3339	G_M2	G	high	265	2797025	949061	8.12640425206736	8.920738956648536
C333	Slow	Post	trim95	detected_vs_zero	0.1	3340	I_M2	I	low	266	1123044	1025064	8.226715708972431	8.23477867856348
C333	Slow	Post	trim95	detected_vs_zero	0.1	3341	I_M2	I	high	266	1130867	1033372	8.23348326394699	8.239283978810917
C333	Slow	Post	trim95	detected_vs_zero	0.1	3342	J_M2	J	low	178	2099462	773807	8.35135846453182	9.115897022910868
C333	Slow	Post	trim95	detected_vs_zero	0.1	3343	J_M2	J	high	178	2090754	783289	8.360577213614695	9.115713132184835
C333	Slow	Post	trim95	detected_vs_zero	0.1	3344	L_M2	L	low	7	103747	36096	8.519886739225441	9.309113076452146
C333	Slow	Post	trim95	detected_vs_zero	0.1	3345	L_M2	L	high	7	100844	35568	8.514882221023434	9.294522264666062
C333	Slow	Post	trim95	detected_vs_zero	0.1	3346	N_M2	N	low	26	389960	155225	8.571694825106942	9.173406804268023
C333	Slow	Post	trim95	detected_vs_zero	0.1	3347	N_M2	N	high	26	389027	153712	8.56169904547445	9.174194663366883
C334	Slow	Post	trim95	detected_vs_zero	0.2	3348	E_M2	E	low	224	2302970	969265	8.326332628893756	8.945874585510117
C334	Slow	Post	trim95	detected_vs_zero	0.2	3349	E_M2	E	high	224	2221935	1012131	8.367769272827976	8.91429936161622
C334	Slow	Post	trim95	detected_vs_zero	0.2	3350	G_M2	G	low	314	3219014	1109061	8.114317141318017	8.878471329011521
C334	Slow	Post	trim95	detected_vs_zero	0.2	3351	G_M2	G	high	314	3272564	1137983	8.136014856096594	8.881362316967174
C334	Slow	Post	trim95	detected_vs_zero	0.2	3352	I_M2	I	low	302	1256029	1144475	8.210199882165096	8.215456631248523
C334	Slow	Post	trim95	detected_vs_zero	0.2	3353	I_M2	I	high	302	1277422	1188418	8.243265053900538	8.224701475716229
C334	Slow	Post	trim95	detected_vs_zero	0.2	3354	J_M2	J	low	196	2203370	841089	8.333601244625124	9.046248388377697
C334	Slow	Post	trim95	detected_vs_zero	0.2	3355	J_M2	J	high	196	2182471	865945	8.356312752893281	9.03425562221303
C334	Slow	Post	trim95	detected_vs_zero	0.2	3356	L_M2	L	low	7	103747	36096	8.51988673922544	9.309113076452144
C334	Slow	Post	trim95	detected_vs_zero	0.2	3357	L_M2	L	high	7	111864	35392	8.502114442090482	9.380945927870513
C334	Slow	Post	trim95	detected_vs_zero	0.2	3358	N_M2	N	low	34	481548	189464	8.458517493815716	9.065461011259416
C334	Slow	Post	trim95	detected_vs_zero	0.2	3359	N_M2	N	high	34	463748	202760	8.517327608618414	9.039684399943708
C335	Slow	Post	trim95	detected_vs_zero	0.3	3360	E_M2	E	low	231	2345003	986731	8.310517388612187	8.924097082352816
C335	Slow	Post	trim95	detected_vs_zero	0.3	3361	E_M2	E	high	231	2234341	1054197	8.375432130738774	8.881191055179153
C335	Slow	Post	trim95	detected_vs_zero	0.3	3362	G_M2	G	low	325	3285887	1138015	8.104265319347707	8.85803004255195
C335	Slow	Post	trim95	detected_vs_zero	0.3	3363	G_M2	G	high	325	3348438	1193934	8.146418452956365	8.858326000127814
C335	Slow	Post	trim95	detected_vs_zero	0.3	3364	I_M2	I	low	315	1298410	1181154	8.199126079076425	8.206237114076517
C335	Slow	Post	trim95	detected_vs_zero	0.3	3365	I_M2	I	high	315	1327032	1263790	8.259195256141489	8.218435582310372
C335	Slow	Post	trim95	detected_vs_zero	0.3	3366	J_M2	J	low	200	2231116	851987	8.324657419683906	9.03169983638583
C335	Slow	Post	trim95	detected_vs_zero	0.3	3367	J_M2	J	high	200	2217420	890596	8.36456682149776	9.016449641823096
C335	Slow	Post	trim95	detected_vs_zero	0.3	3368	L_M2	L	low	7	103747	36096	8.519886739225441	9.309113076452144
C335	Slow	Post	trim95	detected_vs_zero	0.3	3369	L_M2	L	high	7	103014	39036	8.558918421735797	9.281887272492781
C335	Slow	Post	trim95	detected_vs_zero	0.3	3370	N_M2	N	low	36	489541	194174	8.419851165463024	9.013793441884625
C335	Slow	Post	trim95	detected_vs_zero	0.3	3371	N_M2	N	high	36	423337	221441	8.528266437037153	8.917345172396658
C336	Intermediate	Pre	author	2plus_vs_1	none	3372	E_M1	E	low	82	825877	419172	8.47570037403625	8.88222931607012
C336	Intermediate	Pre	author	2plus_vs_1	none	3373	E_M1	E	high	91	884788	668794	8.780186565245101	8.833598579973824
C336	Intermediate	Pre	author	2plus_vs_1	none	3374	G_M1	G	low	12	160805	60604	8.384947999911363	9.039722666212093
C336	Intermediate	Pre	author	2plus_vs_1	none	3375	G_M1	G	high	23	343863	181183	8.83185625565313	9.148311441150554
C336	Intermediate	Pre	author	2plus_vs_1	none	3376	I_M1	I	low	42	200464	174876	8.234368008405804	8.25742808900653
C336	Intermediate	Pre	author	2plus_vs_1	none	3377	I_M1	I	high	87	585044	565341	8.615790337284086	8.520520263184123
C336	Intermediate	Pre	author	2plus_vs_1	none	3378	J_M1	J	low	104	548596	462852	8.333814692739834	8.39506246830734
C336	Intermediate	Pre	author	2plus_vs_1	none	3379	J_M1	J	high	168	1102552	1121745	8.72005249676145	8.561025674591816
C336	Intermediate	Pre	author	2plus_vs_1	none	3380	L_M1	L	low	2	19517	4082	7.544351004144089	8.684651877067008
C336	Intermediate	Pre	author	2plus_vs_1	none	3381	L_M1	L	high	2	33381	23540	9.373364927592487	9.342681582784987
C336	Intermediate	Pre	author	2plus_vs_1	none	3382	N_M1	N	low	42	303651	206257	8.359342895413446	8.517645111945527
C336	Intermediate	Pre	author	2plus_vs_1	none	3383	N_M1	N	high	89	722498	746663	8.898556839114955	8.628845555625162
C337	Intermediate	Pre	author	2plus_vs_1	0.1	3384	E_M1	E	low	38	403455	208323	8.555856407501736	8.9796666820573
C337	Intermediate	Pre	author	2plus_vs_1	0.1	3385	E_M1	E	high	38	402065	209777	8.562510607345981	8.98178048187601
C337	Intermediate	Pre	author	2plus_vs_1	0.1	3386	G_M1	G	low	2	42485	13461	8.80993433067061	9.645330672415486
C337	Intermediate	Pre	author	2plus_vs_1	0.1	3387	G_M1	G	high	2	39505	14370	8.877183278451572	9.602467163132289
C337	Intermediate	Pre	author	2plus_vs_1	0.1	3388	I_M1	I	low	21	115633	95225	8.337736436261475	8.464729635065684
C337	Intermediate	Pre	author	2plus_vs_1	0.1	3389	I_M1	I	high	21	115175	97369	8.361731371669212	8.46611044454206
C337	Intermediate	Pre	author	2plus_vs_1	0.1	3390	J_M1	J	low	70	380028	347425	8.459333400449614	8.43745385933682
C337	Intermediate	Pre	author	2plus_vs_1	0.1	3391	J_M1	J	high	70	383490	350628	8.467945317745826	8.445754716439739
C337	Intermediate	Pre	author	2plus_vs_1	0.1	3392	N_M1	N	low	20	171840	118885	8.610316097326093	8.72158549412517
C337	Intermediate	Pre	author	2plus_vs_1	0.1	3393	N_M1	N	high	20	172978	120863	8.626191518548033	8.72290757962739
C338	Intermediate	Pre	author	2plus_vs_1	0.2	3394	E_M1	E	low	55	574178	306609	8.565811148729765	8.92292513920857
C338	Intermediate	Pre	author	2plus_vs_1	0.2	3395	E_M1	E	high	55	551894	321244	8.60524283575615	8.898661030945219
C338	Intermediate	Pre	author	2plus_vs_1	0.2	3396	G_M1	G	low	5	96147	25326	8.471777649414383	9.55765849019811
C338	Intermediate	Pre	author	2plus_vs_1	0.2	3397	G_M1	G	high	5	95056	27278	8.51284503248132	9.536243265177452
C338	Intermediate	Pre	author	2plus_vs_1	0.2	3398	I_M1	I	low	35	181650	147469	8.253641019112099	8.353796533884491
C338	Intermediate	Pre	author	2plus_vs_1	0.2	3399	I_M1	I	high	35	187663	150650	8.268751277060877	8.372187627711138
C338	Intermediate	Pre	author	2plus_vs_1	0.2	3400	J_M1	J	low	84	448575	406939	8.436430530912762	8.412121764807349
C338	Intermediate	Pre	author	2plus_vs_1	0.2	3401	J_M1	J	high	84	462605	427323	8.48320083028993	8.439386789024436
C338	Intermediate	Pre	author	2plus_vs_1	0.2	3402	N_M1	N	low	31	239164	163957	8.482524938749469	8.624424694994074
C338	Intermediate	Pre	author	2plus_vs_1	0.2	3403	N_M1	N	high	31	218716	173827	8.53646775139217	8.599343702028033
C339	Intermediate	Pre	author	2plus_vs_1	0.3	3404	E_M1	E	low	65	676700	355120	8.548752402325515	8.913683050880032
C339	Intermediate	Pre	author	2plus_vs_1	0.3	3405	E_M1	E	high	65	643657	394962	8.6377588411168	8.86868125395533
C339	Intermediate	Pre	author	2plus_vs_1	0.3	3406	G_M1	G	low	7	128962	43344	8.610174100155728	9.51373489469499
C339	Intermediate	Pre	author	2plus_vs_1	0.3	3407	G_M1	G	high	7	114245	44866	8.64309443420119	9.420569581404044
C339	Intermediate	Pre	author	2plus_vs_1	0.3	3408	I_M1	I	low	41	196008	173360	8.25656015545598	8.256743083638888
C339	Intermediate	Pre	author	2plus_vs_1	0.3	3409	I_M1	I	high	41	211477	190589	8.326519730530391	8.287410261602004
C339	Intermediate	Pre	author	2plus_vs_1	0.3	3410	J_M1	J	low	91	484196	430638	8.412547549197742	8.407504686191345
C339	Intermediate	Pre	author	2plus_vs_1	0.3	3411	J_M1	J	high	91	507908	487310	8.51775227445617	8.436784388357097
C339	Intermediate	Pre	author	2plus_vs_1	0.3	3412	N_M1	N	low	35	272776	182613	8.47449513042047	8.6175307180656
C339	Intermediate	Pre	author	2plus_vs_1	0.3	3413	N_M1	N	high	35	255948	203157	8.562759384433962	8.595475136166904
C340	Intermediate	Pre	author	3plus_vs_1	none	3414	E_M1	E	low	82	825877	419172	8.47570037403625	8.88222931607012
C340	Intermediate	Pre	author	3plus_vs_1	none	3415	E_M1	E	high	47	481863	393021	8.91221019881575	8.85849779617263
C340	Intermediate	Pre	author	3plus_vs_1	none	3416	G_M1	G	low	12	160805	60604	8.384947999911363	9.039722666212093
C340	Intermediate	Pre	author	3plus_vs_1	none	3417	G_M1	G	high	16	237814	138785	8.928536622296711	9.162755770475481
C340	Intermediate	Pre	author	3plus_vs_1	none	3418	I_M1	I	low	42	200464	174876	8.234368008405804	8.25742808900653
C340	Intermediate	Pre	author	3plus_vs_1	none	3419	I_M1	I	high	46	374359	370279	8.862844707709742	8.708940818681883
C340	Intermediate	Pre	author	3plus_vs_1	none	3420	J_M1	J	low	104	548596	462852	8.333814692739834	8.39506246830734
C340	Intermediate	Pre	author	3plus_vs_1	none	3421	J_M1	J	high	108	763415	789916	8.814328371602473	8.637741978519907
C340	Intermediate	Pre	author	3plus_vs_1	none	3422	L_M1	L	low	2	19517	4082	7.544351004144089	8.684651877067008
C340	Intermediate	Pre	author	3plus_vs_1	none	3423	L_M1	L	high	2	33381	23540	9.373364927592487	9.342681582784987
C340	Intermediate	Pre	author	3plus_vs_1	none	3424	N_M1	N	low	42	303651	206257	8.359342895413446	8.517645111945527
C340	Intermediate	Pre	author	3plus_vs_1	none	3425	N_M1	N	high	61	555716	591329	9.076985484390374	8.739469197975394
C341	Intermediate	Pre	author	3plus_vs_1	0.1	3426	E_M1	E	low	18	208342	108660	8.654958996100113	9.035508529219456
C341	Intermediate	Pre	author	3plus_vs_1	0.1	3427	E_M1	E	high	18	207790	109091	8.657648367817965	9.03761189003697
C341	Intermediate	Pre	author	3plus_vs_1	0.1	3428	G_M1	G	low	2	42485	13461	8.80993433067061	9.645330672415486
C341	Intermediate	Pre	author	3plus_vs_1	0.1	3429	G_M1	G	high	2	39505	14370	8.877183278451572	9.602467163132289
C341	Intermediate	Pre	author	3plus_vs_1	0.1	3430	I_M1	I	low	10	64247	52554	8.495677509592415	8.621515651654942
C341	Intermediate	Pre	author	3plus_vs_1	0.1	3431	I_M1	I	high	10	62808	54510	8.532281061493325	8.597317791613332
C341	Intermediate	Pre	author	3plus_vs_1	0.1	3432	J_M1	J	low	47	274658	251075	8.533354912354486	8.516194417834559
C341	Intermediate	Pre	author	3plus_vs_1	0.1	3433	J_M1	J	high	47	277308	251693	8.537179178127733	8.525142442579888
C341	Intermediate	Pre	author	3plus_vs_1	0.1	3434	N_M1	N	low	17	153521	108085	8.68727851411829	8.75816218887258
C341	Intermediate	Pre	author	3plus_vs_1	0.1	3435	N_M1	N	high	17	152399	109222	8.701242349620944	8.747238148636782
C342	Intermediate	Pre	author	3plus_vs_1	0.2	3436	E_M1	E	low	29	314636	187275	8.724876682661627	8.955035575996945
C342	Intermediate	Pre	author	3plus_vs_1	0.2	3437	E_M1	E	high	29	305057	194460	8.751942977849675	8.930585688121337
C342	Intermediate	Pre	author	3plus_vs_1	0.2	3438	G_M1	G	low	3	61671	17329	8.626873338680577	9.608563504962676
C342	Intermediate	Pre	author	3plus_vs_1	0.2	3439	G_M1	G	high	3	53974	19396	8.726872226468947	9.498062017404726
C342	Intermediate	Pre	author	3plus_vs_1	0.2	3440	I_M1	I	low	19	123365	96734	8.449759760709632	8.620913750182794
C342	Intermediate	Pre	author	3plus_vs_1	0.2	3441	I_M1	I	high	19	130393	99269	8.484953020503971	8.656115564746843
C342	Intermediate	Pre	author	3plus_vs_1	0.2	3442	J_M1	J	low	58	327016	304904	8.521284309372945	8.462168464396928
C342	Intermediate	Pre	author	3plus_vs_1	0.2	3443	J_M1	J	high	58	334482	318806	8.563720603207353	8.48999935795836
C342	Intermediate	Pre	author	3plus_vs_1	0.2	3444	N_M1	N	low	23	186237	138787	8.647442680443238	8.649056521186058
C342	Intermediate	Pre	author	3plus_vs_1	0.2	3445	N_M1	N	high	23	176138	146402	8.69723063480079	8.635990711177381
C343	Intermediate	Pre	author	3plus_vs_1	0.3	3446	E_M1	E	low	34	393201	217482	8.716784227235145	9.001059034957086
C343	Intermediate	Pre	author	3plus_vs_1	0.3	3447	E_M1	E	high	34	364341	237868	8.77710016269661	8.943597387779961
C343	Intermediate	Pre	author	3plus_vs_1	0.3	3448	G_M1	G	low	6	108580	38057	8.616337219926429	9.488052625785572
C343	Intermediate	Pre	author	3plus_vs_1	0.3	3449	G_M1	G	high	6	91890	38668	8.628252961951068	9.374648793085862
C343	Intermediate	Pre	author	3plus_vs_1	0.3	3450	I_M1	I	low	24	137723	119512	8.42612805081371	8.45534116061581
C343	Intermediate	Pre	author	3plus_vs_1	0.3	3451	I_M1	I	high	24	147694	136015	8.53248888066273	8.479587325108902
C343	Intermediate	Pre	author	3plus_vs_1	0.3	3452	J_M1	J	low	66	365303	339154	8.501095514080506	8.446999281526095
C343	Intermediate	Pre	author	3plus_vs_1	0.3	3453	J_M1	J	high	66	391699	390638	8.623295724275346	8.499520907345985
C343	Intermediate	Pre	author	3plus_vs_1	0.3	3454	N_M1	N	low	26	217632	152783	8.623752773220685	8.691455443112053
C343	Intermediate	Pre	author	3plus_vs_1	0.3	3455	N_M1	N	high	26	218442	172747	8.731768867215367	8.684827593684828
C344	Intermediate	Pre	author	4plus_vs_1	none	3456	E_M1	E	low	82	825877	419172	8.47570037403625	8.88222931607012
C344	Intermediate	Pre	author	4plus_vs_1	none	3457	E_M1	E	high	22	218976	203700	9.026014303206672	8.803987120353568
C344	Intermediate	Pre	author	4plus_vs_1	none	3458	G_M1	G	low	12	160805	60604	8.384947999911363	9.039722666212093
C344	Intermediate	Pre	author	4plus_vs_1	none	3459	G_M1	G	high	12	168962	115712	9.04418390116753	9.103701195838378
C344	Intermediate	Pre	author	4plus_vs_1	none	3460	I_M1	I	low	42	200464	174876	8.234368008405804	8.25742808900653
C344	Intermediate	Pre	author	4plus_vs_1	none	3461	I_M1	I	high	27	237530	221172	8.854826346168947	8.784968325280843
C344	Intermediate	Pre	author	4plus_vs_1	none	3462	J_M1	J	low	104	548596	462852	8.333814692739834	8.39506246830734
C344	Intermediate	Pre	author	4plus_vs_1	none	3463	J_M1	J	high	64	477648	511911	8.903853324650019	8.682239482776641
C344	Intermediate	Pre	author	4plus_vs_1	none	3464	L_M1	L	low	2	19517	4082	7.544351004144089	8.684651877067008
C344	Intermediate	Pre	author	4plus_vs_1	none	3465	L_M1	L	high	2	33381	23540	9.373364927592487	9.342681582784987
C344	Intermediate	Pre	author	4plus_vs_1	none	3466	N_M1	N	low	42	303651	206257	8.359342895413446	8.517645111945527
C344	Intermediate	Pre	author	4plus_vs_1	none	3467	N_M1	N	high	42	343507	406378	9.078457037851038	8.622909354135164
C345	Intermediate	Pre	author	4plus_vs_1	0.1	3468	E_M1	E	low	7	88497	46134	8.7382929805033	9.063323327955128
C345	Intermediate	Pre	author	4plus_vs_1	0.1	3469	E_M1	E	high	7	83965	47282	8.758214095837697	9.058579365128045
C345	Intermediate	Pre	author	4plus_vs_1	0.1	3470	G_M1	G	low	2	42485	13461	8.80993433067061	9.645330672415486
C345	Intermediate	Pre	author	4plus_vs_1	0.1	3471	G_M1	G	high	2	39505	14370	8.877183278451572	9.602467163132289
C345	Intermediate	Pre	author	4plus_vs_1	0.1	3472	I_M1	I	low	6	37738	30196	8.442238332756405	8.598934233033196
C345	Intermediate	Pre	author	4plus_vs_1	0.1	3473	I_M1	I	high	6	37409	30935	8.461137778458417	8.594946697697777
C345	Intermediate	Pre	author	4plus_vs_1	0.1	3474	J_M1	J	low	29	176898	173661	8.657452645500168	8.536624964625629
C345	Intermediate	Pre	author	4plus_vs_1	0.1	3475	J_M1	J	high	29	179250	172515	8.652326136035544	8.548776694889124
C345	Intermediate	Pre	author	4plus_vs_1	0.1	3476	N_M1	N	low	10	66963	55355	8.552126325745903	8.514603442968355
C345	Intermediate	Pre	author	4plus_vs_1	0.1	3477	N_M1	N	high	10	68117	56198	8.5736279145469	8.50911319960878
C346	Intermediate	Pre	author	4plus_vs_1	0.2	3478	E_M1	E	low	15	157237	100415	8.765273131242042	8.858658164850263
C346	Intermediate	Pre	author	4plus_vs_1	0.2	3479	E_M1	E	high	15	147495	104330	8.790637022409937	8.815968307065361
C346	Intermediate	Pre	author	4plus_vs_1	0.2	3480	G_M1	G	low	3	61671	17329	8.626873338680577	9.608563504962676
C346	Intermediate	Pre	author	4plus_vs_1	0.2	3481	G_M1	G	high	3	53974	19396	8.726872226468947	9.498062017404726
C346	Intermediate	Pre	author	4plus_vs_1	0.2	3482	I_M1	I	low	13	86236	61417	8.37740720271891	8.637028052867496
C346	Intermediate	Pre	author	4plus_vs_1	0.2	3483	I_M1	I	high	13	90068	63225	8.404338720953685	8.668012902049082
C346	Intermediate	Pre	author	4plus_vs_1	0.2	3484	J_M1	J	low	34	203487	198196	8.628818223521215	8.515313461347732
C346	Intermediate	Pre	author	4plus_vs_1	0.2	3485	J_M1	J	high	34	211225	204483	8.656966403145692	8.555344410651898
C346	Intermediate	Pre	author	4plus_vs_1	0.2	3486	N_M1	N	low	15	113142	94726	8.678329122717711	8.545084092768263
C346	Intermediate	Pre	author	4plus_vs_1	0.2	3487	N_M1	N	high	15	108835	99212	8.716111911000915	8.538489821678821
C347	Intermediate	Pre	author	4plus_vs_1	0.3	3488	E_M1	E	low	17	177350	119647	8.810196379985118	8.88436046183055
C347	Intermediate	Pre	author	4plus_vs_1	0.3	3489	E_M1	E	high	17	178650	131784	8.87713130724795	8.882873918830706
C347	Intermediate	Pre	author	4plus_vs_1	0.3	3490	G_M1	G	low	5	96557	33634	8.660644755271282	9.55038918046168
C347	Intermediate	Pre	author	4plus_vs_1	0.3	3491	G_M1	G	high	5	75339	33942	8.661694348182634	9.362482166512422
C347	Intermediate	Pre	author	4plus_vs_1	0.3	3492	I_M1	I	low	16	103753	80130	8.440851781578552	8.591285481113301
C347	Intermediate	Pre	author	4plus_vs_1	0.3	3493	I_M1	I	high	16	107817	86610	8.504310314033829	8.607821839657214
C347	Intermediate	Pre	author	4plus_vs_1	0.3	3494	J_M1	J	low	41	240968	234036	8.612785059430289	8.494044074348547
C347	Intermediate	Pre	author	4plus_vs_1	0.3	3495	J_M1	J	high	41	255685	261364	8.705824336962479	8.5440770630849
C347	Intermediate	Pre	author	4plus_vs_1	0.3	3496	N_M1	N	low	19	141244	117055	8.662032440253824	8.57544827181709
C347	Intermediate	Pre	author	4plus_vs_1	0.3	3497	N_M1	N	high	19	140064	134218	8.779639078933311	8.57313932277645
C348	Intermediate	Pre	author	3plus_vs_1to2	none	3498	E_M1	E	low	126	1228802	694945	8.532781974316958	8.855959351390906
C348	Intermediate	Pre	author	3plus_vs_1to2	none	3499	E_M1	E	high	47	481863	393021	8.91221019881575	8.85849779617263
C348	Intermediate	Pre	author	3plus_vs_1to2	none	3500	G_M1	G	low	19	266854	103002	8.468183364326899	9.067565411231586
C348	Intermediate	Pre	author	3plus_vs_1to2	none	3501	G_M1	G	high	16	237814	138785	8.928536622296711	9.162755770475481
C348	Intermediate	Pre	author	3plus_vs_1to2	none	3502	I_M1	I	low	83	411149	369938	8.285859748700132	8.282963433444895
C348	Intermediate	Pre	author	3plus_vs_1to2	none	3503	I_M1	I	high	46	374359	370279	8.862844707709742	8.708940818681883
C348	Intermediate	Pre	author	3plus_vs_1to2	none	3504	J_M1	J	low	164	887733	794681	8.413037093706095	8.405260221678285
C348	Intermediate	Pre	author	3plus_vs_1to2	none	3505	J_M1	J	high	108	763415	789916	8.814328371602473	8.637741978519907
C348	Intermediate	Pre	author	3plus_vs_1to2	none	3506	L_M1	L	low	2	19517	4082	7.544351004144089	8.684651877067008
C348	Intermediate	Pre	author	3plus_vs_1to2	none	3507	L_M1	L	high	2	33381	23540	9.373364927592487	9.342681582784987
C348	Intermediate	Pre	author	3plus_vs_1to2	none	3508	N_M1	N	low	70	470433	361591	8.41954065343976	8.465724686797891
C348	Intermediate	Pre	author	3plus_vs_1to2	none	3509	N_M1	N	high	61	555716	591329	9.076985484390374	8.739469197975394
C349	Intermediate	Pre	author	3plus_vs_1to2	0.1	3510	E_M1	E	low	25	280237	163728	8.732157813077523	9.017234708955261
C349	Intermediate	Pre	author	3plus_vs_1to2	0.1	3511	E_M1	E	high	25	277932	165934	8.746027382705087	9.016308403395339
C349	Intermediate	Pre	author	3plus_vs_1to2	0.1	3512	G_M1	G	low	3	64446	24038	8.962133437655714	9.681728248075714
C349	Intermediate	Pre	author	3plus_vs_1to2	0.1	3513	G_M1	G	high	3	64145	24419	8.989898156796789	9.665401525226555
C349	Intermediate	Pre	author	3plus_vs_1to2	0.1	3514	I_M1	I	low	19	123447	112720	8.604916807527204	8.624607483310234
C349	Intermediate	Pre	author	3plus_vs_1to2	0.1	3515	I_M1	I	high	19	122381	112340	8.60753135389111	8.617305134210845
C349	Intermediate	Pre	author	3plus_vs_1to2	0.1	3516	J_M1	J	low	63	406870	380311	8.642742086916723	8.593624946546974
C349	Intermediate	Pre	author	3plus_vs_1to2	0.1	3517	J_M1	J	high	63	410576	382014	8.646172565550842	8.602862595942401
C349	Intermediate	Pre	author	3plus_vs_1to2	0.1	3518	N_M1	N	low	23	200933	158223	8.76659719160421	8.730431405151387
C349	Intermediate	Pre	author	3plus_vs_1to2	0.1	3519	N_M1	N	high	23	203527	158759	8.774675828201135	8.739125370493225
C350	Intermediate	Pre	author	3plus_vs_1to2	0.2	3520	E_M1	E	low	36	386257	259128	8.811005884969875	8.93469671103969
C350	Intermediate	Pre	author	3plus_vs_1to2	0.2	3521	E_M1	E	high	36	381016	265503	8.836422961500103	8.93052689954249
C350	Intermediate	Pre	author	3plus_vs_1to2	0.2	3522	G_M1	G	low	5	101895	31386	8.660445311095819	9.612999826386028
C350	Intermediate	Pre	author	3plus_vs_1to2	0.2	3523	G_M1	G	high	5	100844	33146	8.722514617205501	9.590454340524271
C350	Intermediate	Pre	author	3plus_vs_1to2	0.2	3524	I_M1	I	low	26	175567	154096	8.594338358295689	8.651207496996797
C350	Intermediate	Pre	author	3plus_vs_1to2	0.2	3525	I_M1	I	high	26	184217	156546	8.610724083779571	8.67810101181905
C350	Intermediate	Pre	author	3plus_vs_1to2	0.2	3526	J_M1	J	low	72	446659	424297	8.621394440945917	8.5340065605062
C350	Intermediate	Pre	author	3plus_vs_1to2	0.2	3527	J_M1	J	high	72	454717	444907	8.660814094180836	8.549661609073498
C350	Intermediate	Pre	author	3plus_vs_1to2	0.2	3528	N_M1	N	low	32	266454	215367	8.751140659599512	8.70836543962809
C350	Intermediate	Pre	author	3plus_vs_1to2	0.2	3529	N_M1	N	high	32	262223	225638	8.798444888390282	8.693253747766477
C351	Intermediate	Pre	author	3plus_vs_1to2	0.3	3530	E_M1	E	low	40	429348	294760	8.825421589662799	8.932661033641338
C351	Intermediate	Pre	author	3plus_vs_1to2	0.3	3531	E_M1	E	high	40	421165	312075	8.866144920531326	8.93145409798608
C351	Intermediate	Pre	author	3plus_vs_1to2	0.3	3532	G_M1	G	low	10	175811	64465	8.657663068257984	9.421603723129468
C351	Intermediate	Pre	author	3plus_vs_1to2	0.3	3533	G_M1	G	high	10	157003	63100	8.640891771765302	9.34774367434753
C351	Intermediate	Pre	author	3plus_vs_1to2	0.3	3534	I_M1	I	low	33	214342	195703	8.593503999452661	8.569236894149952
C351	Intermediate	Pre	author	3plus_vs_1to2	0.3	3535	I_M1	I	high	33	235525	211147	8.65569614050527	8.607269483692912
C351	Intermediate	Pre	author	3plus_vs_1to2	0.3	3536	J_M1	J	low	81	496686	472393	8.61551288959936	8.525387800170211
C351	Intermediate	Pre	author	3plus_vs_1to2	0.3	3537	J_M1	J	high	81	507665	504273	8.675934766270641	8.54233156825661
C351	Intermediate	Pre	author	3plus_vs_1to2	0.3	3538	N_M1	N	low	36	286607	237660	8.734227153682156	8.651245624826116
C351	Intermediate	Pre	author	3plus_vs_1to2	0.3	3539	N_M1	N	high	36	284724	259157	8.805487208892227	8.636230206897684
C352	Intermediate	Pre	author	positive_q25	none	3540	E_M1	E	low	44	540674	330205	8.863456629160506	9.05198457102766
C352	Intermediate	Pre	author	positive_q25	none	3541	E_M1	E	high	44	368433	245474	8.479899821369726	8.670907883697286
C352	Intermediate	Pre	author	positive_q25	none	3542	G_M1	G	low	9	156756	61307	8.741392920569202	9.449248368840479
C352	Intermediate	Pre	author	positive_q25	none	3543	G_M1	G	high	9	145550	48646	8.394000525503236	9.354596518814567
C352	Intermediate	Pre	author	positive_q25	none	3544	I_M1	I	low	33	229318	233668	8.796338197465246	8.573289886965604
C352	Intermediate	Pre	author	positive_q25	none	3545	I_M1	I	high	33	178201	140004	8.197623229823563	8.3306009605447
C352	Intermediate	Pre	author	positive_q25	none	3546	J_M1	J	low	68	410686	407937	8.651631708419746	8.486367014197748
C352	Intermediate	Pre	author	positive_q25	none	3547	J_M1	J	high	68	409446	392220	8.557368474500603	8.501307850747262
C352	Intermediate	Pre	author	positive_q25	none	3548	L_M1	L	low	1	10077	11680	9.365718869155696	9.0583540149783
C352	Intermediate	Pre	author	positive_q25	none	3549	L_M1	L	high	1	4104	1268	7.1459844677143876	7.993957547573565
C352	Intermediate	Pre	author	positive_q25	none	3550	N_M1	N	low	33	296084	281900	8.946582274708955	8.669003156405823
C352	Intermediate	Pre	author	positive_q25	none	3551	N_M1	N	high	33	208668	181921	8.451567870018774	8.448030241262485
C353	Intermediate	Pre	author	positive_q25	0.1	3552	E_M1	E	low	11	129152	77495	8.824901562761598	8.983142952237493
C353	Intermediate	Pre	author	positive_q25	0.1	3553	E_M1	E	high	11	122103	78778	8.844003871822848	8.96896560129757
C353	Intermediate	Pre	author	positive_q25	0.1	3554	G_M1	G	low	1	19887	6085	8.713746330456916	9.571156728415465
C353	Intermediate	Pre	author	positive_q25	0.1	3555	G_M1	G	high	1	18233	6657	8.80357441813497	9.54180006677385
C353	Intermediate	Pre	author	positive_q25	0.1	3556	I_M1	I	low	6	40630	30952	8.515495809875885	8.648278530519391
C353	Intermediate	Pre	author	positive_q25	0.1	3557	I_M1	I	high	6	38160	30742	8.522300332661755	8.589717547785062
C353	Intermediate	Pre	author	positive_q25	0.1	3558	J_M1	J	low	37	227168	217550	8.640461734316329	8.56039345096175
C353	Intermediate	Pre	author	positive_q25	0.1	3559	J_M1	J	high	37	228882	216768	8.638863203280705	8.564966081543862
C353	Intermediate	Pre	author	positive_q25	0.1	3560	N_M1	N	low	10	70499	64493	8.718848453921517	8.57233826857843
C353	Intermediate	Pre	author	positive_q25	0.1	3561	N_M1	N	high	10	71956	64955	8.721872119944049	8.565896116570709
C354	Intermediate	Pre	author	positive_q25	0.2	3562	E_M1	E	low	19	199974	128638	8.792931391006881	8.873157566964007
C354	Intermediate	Pre	author	positive_q25	0.2	3563	E_M1	E	high	19	190641	132758	8.808088217480593	8.838538785869298
C354	Intermediate	Pre	author	positive_q25	0.2	3564	G_M1	G	low	2	39073	9953	8.487248842578715	9.553092949236262
C354	Intermediate	Pre	author	positive_q25	0.2	3565	G_M1	G	high	2	32811	10710	8.555516872573458	9.446950191893933
C354	Intermediate	Pre	author	positive_q25	0.2	3566	I_M1	I	low	11	73150	55680	8.498440899020139	8.637955605819991
C354	Intermediate	Pre	author	positive_q25	0.2	3567	I_M1	I	high	11	74436	53872	8.46570718172023	8.632177725846859
C354	Intermediate	Pre	author	positive_q25	0.2	3568	J_M1	J	low	49	299887	289250	8.638467349236905	8.537462790310897
C354	Intermediate	Pre	author	positive_q25	0.2	3569	J_M1	J	high	49	300834	292342	8.638784809677032	8.545062946433276
C354	Intermediate	Pre	author	positive_q25	0.2	3570	N_M1	N	low	17	119329	115955	8.769693115808781	8.531455034708213
C354	Intermediate	Pre	author	positive_q25	0.2	3571	N_M1	N	high	17	114900	116676	8.758186474695595	8.509554831276342
C355	Intermediate	Pre	author	positive_q25	0.3	3572	E_M1	E	low	27	280688	194217	8.824314214134102	8.878291566241248
C355	Intermediate	Pre	author	positive_q25	0.3	3573	E_M1	E	high	27	265061	189432	8.765789721628373	8.837625973203707
C355	Intermediate	Pre	author	positive_q25	0.3	3574	G_M1	G	low	4	71888	27971	8.721707034793901	9.478509427586728
C355	Intermediate	Pre	author	positive_q25	0.3	3575	G_M1	G	high	4	72269	32381	8.827466718174641	9.526202298052386
C355	Intermediate	Pre	author	positive_q25	0.3	3576	I_M1	I	low	18	119362	101179	8.577881813662698	8.56491566923864
C355	Intermediate	Pre	author	positive_q25	0.3	3577	I_M1	I	high	18	121744	97456	8.494933050518597	8.564043467930597
C355	Intermediate	Pre	author	positive_q25	0.3	3578	J_M1	J	low	56	342429	332670	8.645244435829275	8.530839726094362
C355	Intermediate	Pre	author	positive_q25	0.3	3579	J_M1	J	high	56	343532	329686	8.61841210546014	8.526634414100874
C355	Intermediate	Pre	author	positive_q25	0.3	3580	N_M1	N	low	21	152903	144104	8.769246787860336	8.58621168655374
C355	Intermediate	Pre	author	positive_q25	0.3	3581	N_M1	N	high	21	149373	145019	8.762056656305202	8.542901717811977
C356	Intermediate	Pre	author	positive_q33	none	3582	E_M1	E	low	58	678150	403096	8.781088406175336	9.009098105982467
C356	Intermediate	Pre	author	positive_q33	none	3583	E_M1	E	high	58	520185	318286	8.479737743	8.769398930100655
C356	Intermediate	Pre	author	positive_q33	none	3584	G_M1	G	low	12	205609	85203	8.796872366094378	9.334767766119375
C356	Intermediate	Pre	author	positive_q33	none	3585	G_M1	G	high	12	171218	68687	8.44494134482729	9.083151162872895
C356	Intermediate	Pre	author	positive_q33	none	3586	I_M1	I	low	43	290233	297877	8.763977822685575	8.557058198725132
C356	Intermediate	Pre	author	positive_q33	none	3587	I_M1	I	high	43	220417	174840	8.153489268000774	8.29080402100825
C356	Intermediate	Pre	author	positive_q33	none	3588	J_M1	J	low	91	544011	534784	8.618141911817363	8.483483098784006
C356	Intermediate	Pre	author	positive_q33	none	3589	J_M1	J	high	91	556340	535527	8.557785173321484	8.501355900006992
C356	Intermediate	Pre	author	positive_q33	none	3590	L_M1	L	low	2	25490	14494	8.654218204864744	9.216850110769375
C356	Intermediate	Pre	author	positive_q33	none	3591	L_M1	L	high	2	27408	13128	8.263497726871831	8.810483349082618
C356	Intermediate	Pre	author	positive_q33	none	3592	N_M1	N	low	44	386998	381634	8.947255095880756	8.696777328818712
C356	Intermediate	Pre	author	positive_q33	none	3593	N_M1	N	high	44	284560	250931	8.482969115561254	8.48077167759584
C357	Intermediate	Pre	author	positive_q33	0.1	3594	E_M1	E	low	21	241286	135378	8.729583176690918	9.043201900559566
C357	Intermediate	Pre	author	positive_q33	0.1	3595	E_M1	E	high	21	238151	135598	8.728497745903955	9.045959950143658
C357	Intermediate	Pre	author	positive_q33	0.1	3596	G_M1	G	low	2	42485	13461	8.80993433067061	9.645330672415486
C357	Intermediate	Pre	author	positive_q33	0.1	3597	G_M1	G	high	2	39505	14370	8.877183278451572	9.602467163132289
C357	Intermediate	Pre	author	positive_q33	0.1	3598	I_M1	I	low	9	60360	49373	8.561112604568176	8.657428710213303
C357	Intermediate	Pre	author	positive_q33	0.1	3599	I_M1	I	high	9	57756	49630	8.571029855790181	8.61217405865794
C357	Intermediate	Pre	author	positive_q33	0.1	3600	J_M1	J	low	53	331704	305271	8.605977253053123	8.587513841458193
C357	Intermediate	Pre	author	positive_q33	0.1	3601	J_M1	J	high	53	334500	303216	8.601565241817866	8.595453573528028
C357	Intermediate	Pre	author	positive_q33	0.1	3602	N_M1	N	low	15	115870	97629	8.711396313090745	8.688266007013032
C357	Intermediate	Pre	author	positive_q33	0.1	3603	N_M1	N	high	15	117496	97578	8.705636420459546	8.678831080974515
C358	Intermediate	Pre	author	positive_q33	0.2	3604	E_M1	E	low	34	360903	212159	8.70419510383916	8.952613827973927
C358	Intermediate	Pre	author	positive_q33	0.2	3605	E_M1	E	high	34	352894	211549	8.680488322974725	8.941867388382851
C358	Intermediate	Pre	author	positive_q33	0.2	3606	G_M1	G	low	3	61671	17329	8.626873338680577	9.608563504962676
C358	Intermediate	Pre	author	positive_q33	0.2	3607	G_M1	G	high	3	54083	18423	8.687275294638363	9.519011547759531
C358	Intermediate	Pre	author	positive_q33	0.2	3608	I_M1	I	low	17	106328	90421	8.520252112110704	8.588127932296297
C358	Intermediate	Pre	author	positive_q33	0.2	3609	I_M1	I	high	17	105964	88020	8.48770020533425	8.561351614752992
C358	Intermediate	Pre	author	positive_q33	0.2	3610	J_M1	J	low	69	439805	408841	8.622614698773633	8.579221175591123
C358	Intermediate	Pre	author	positive_q33	0.2	3611	J_M1	J	high	69	446768	408666	8.617879892042666	8.591606929758797
C358	Intermediate	Pre	author	positive_q33	0.2	3612	N_M1	N	low	26	188538	181387	8.764364059943645	8.59196828626659
C358	Intermediate	Pre	author	positive_q33	0.2	3613	N_M1	N	high	26	184839	179085	8.75622394493568	8.58098391788474
C359	Intermediate	Pre	author	positive_q33	0.3	3614	E_M1	E	low	43	447968	282097	8.731839103991922	8.905808133643205
C359	Intermediate	Pre	author	positive_q33	0.3	3615	E_M1	E	high	43	424920	271785	8.664764766846057	8.868947610942818
C359	Intermediate	Pre	author	positive_q33	0.3	3616	G_M1	G	low	5	94486	35347	8.758590094011982	9.526708465352483
C359	Intermediate	Pre	author	positive_q33	0.3	3617	G_M1	G	high	5	93541	40094	8.852131802293346	9.553588690340053
C359	Intermediate	Pre	author	positive_q33	0.3	3618	I_M1	I	low	24	152540	135920	8.573471194274541	8.547881051304692
C359	Intermediate	Pre	author	positive_q33	0.3	3619	I_M1	I	high	24	152029	128202	8.46818432093838	8.520583267843213
C359	Intermediate	Pre	author	positive_q33	0.3	3620	J_M1	J	low	77	475231	449931	8.610964005337534	8.539634656430094
C359	Intermediate	Pre	author	positive_q33	0.3	3621	J_M1	J	high	77	480718	449282	8.58926490079412	8.54290005586543
C359	Intermediate	Pre	author	positive_q33	0.3	3622	N_M1	N	low	30	218471	211571	8.775495002168574	8.615337298185725
C359	Intermediate	Pre	author	positive_q33	0.3	3623	N_M1	N	high	30	210765	208727	8.752185339933327	8.557537655133187
C360	Intermediate	Pre	author	detected_vs_zero	none	3624	E_M1	E	low	83	791130	361774	8.281561730543684	8.89243606473485
C360	Intermediate	Pre	author	detected_vs_zero	none	3625	E_M1	E	high	173	1710665	1087966	8.63586363068368	8.856648986678428
C360	Intermediate	Pre	author	detected_vs_zero	none	3626	G_M1	G	low	9	100160	36529	8.245376690273883	8.738846441905414
C360	Intermediate	Pre	author	detected_vs_zero	none	3627	G_M1	G	high	35	504668	241787	8.67863056797024	9.111081004028794
C360	Intermediate	Pre	author	detected_vs_zero	none	3628	I_M1	I	low	48	225722	156264	7.985294328434638	8.268382317146077
C360	Intermediate	Pre	author	detected_vs_zero	none	3629	I_M1	I	high	129	785508	740217	8.491606323230691	8.434862346010021
C360	Intermediate	Pre	author	detected_vs_zero	none	3630	J_M1	J	low	94	507329	400606	8.250624182525657	8.381896466293362
C360	Intermediate	Pre	author	detected_vs_zero	none	3631	J_M1	J	high	272	1651148	1584597	8.572373336400245	8.49756915454187
C360	Intermediate	Pre	author	detected_vs_zero	none	3632	N_M1	N	low	55	319267	242747	8.247852271708673	8.388869112381338
C360	Intermediate	Pre	author	detected_vs_zero	none	3633	N_M1	N	high	131	1026149	952920	8.725679086172487	8.59319350497978
C361	Intermediate	Pre	author	detected_vs_zero	0.1	3634	E_M1	E	low	62	610282	295506	8.400233814028855	8.943683372121077
C361	Intermediate	Pre	author	detected_vs_zero	0.1	3635	E_M1	E	high	62	605136	294411	8.401800856925869	8.93807009940418
C361	Intermediate	Pre	author	detected_vs_zero	0.1	3636	G_M1	G	low	4	69448	15497	8.203415289019329	9.457880308527212
C361	Intermediate	Pre	author	detected_vs_zero	0.1	3637	G_M1	G	high	4	73364	16167	8.247757105121662	9.498603969991388
C361	Intermediate	Pre	author	detected_vs_zero	0.1	3638	I_M1	I	low	29	139153	109279	8.189907285228877	8.317914680693075
C361	Intermediate	Pre	author	detected_vs_zero	0.1	3639	I_M1	I	high	29	141632	110516	8.197292811904576	8.336010280877804
C361	Intermediate	Pre	author	detected_vs_zero	0.1	3640	J_M1	J	low	77	424109	352005	8.363073461143424	8.451098514388155
C361	Intermediate	Pre	author	detected_vs_zero	0.1	3641	J_M1	J	high	77	427240	353985	8.371247542574162	8.459328666208652
C361	Intermediate	Pre	author	detected_vs_zero	0.1	3642	N_M1	N	low	28	196715	148498	8.516601057570075	8.639091679308155
C361	Intermediate	Pre	author	detected_vs_zero	0.1	3643	N_M1	N	high	28	195469	151852	8.533357494314194	8.63981961516519
C362	Intermediate	Pre	author	detected_vs_zero	0.2	3644	E_M1	E	low	71	668033	333034	8.370355295755408	8.89407009479142
C362	Intermediate	Pre	author	detected_vs_zero	0.2	3645	E_M1	E	high	71	667954	341772	8.39951396151513	8.886656845342085
C362	Intermediate	Pre	author	detected_vs_zero	0.2	3646	G_M1	G	low	6	94169	20721	8.085143881795043	9.364262431459471
C362	Intermediate	Pre	author	detected_vs_zero	0.2	3647	G_M1	G	high	6	93042	20775	8.094146149915904	9.357141569310201
C362	Intermediate	Pre	author	detected_vs_zero	0.2	3648	I_M1	I	low	41	191946	144389	8.111968600008634	8.28416060312011
C362	Intermediate	Pre	author	detected_vs_zero	0.2	3649	I_M1	I	high	41	203388	150289	8.148130099354354	8.322078970171185
C362	Intermediate	Pre	author	detected_vs_zero	0.2	3650	J_M1	J	low	86	474768	382667	8.32646489912834	8.434858204668155
C362	Intermediate	Pre	author	detected_vs_zero	0.2	3651	J_M1	J	high	86	484351	405479	8.36321031165239	8.44733692158797
C362	Intermediate	Pre	author	detected_vs_zero	0.2	3652	N_M1	N	low	43	269337	218028	8.45772435374848	8.505917691780668
C362	Intermediate	Pre	author	detected_vs_zero	0.2	3653	N_M1	N	high	43	274230	218598	8.445954063588113	8.508974390702026
C363	Intermediate	Pre	author	detected_vs_zero	0.3	3654	E_M1	E	low	77	730448	349066	8.332703191798755	8.903457172173487
C363	Intermediate	Pre	author	detected_vs_zero	0.3	3655	E_M1	E	high	77	730662	399364	8.456637684723313	8.868899998692212
C363	Intermediate	Pre	author	detected_vs_zero	0.3	3656	G_M1	G	low	7	95999	26622	8.170558549467591	9.091387952414786
C363	Intermediate	Pre	author	detected_vs_zero	0.3	3657	G_M1	G	high	7	97116	30513	8.262894967952684	9.09730554818074
C363	Intermediate	Pre	author	detected_vs_zero	0.3	3658	I_M1	I	low	43	202354	151344	8.113847341654386	8.272765951827983
C363	Intermediate	Pre	author	detected_vs_zero	0.3	3659	I_M1	I	high	43	206568	168468	8.186631265036194	8.271560547356009
C363	Intermediate	Pre	author	detected_vs_zero	0.3	3660	J_M1	J	low	88	494592	392325	8.325387954696048	8.435438628146999
C363	Intermediate	Pre	author	detected_vs_zero	0.3	3661	J_M1	J	high	88	494302	438136	8.407344705307887	8.426739953806733
C363	Intermediate	Pre	author	detected_vs_zero	0.3	3662	N_M1	N	low	46	277236	227189	8.420427631874343	8.450638355015121
C363	Intermediate	Pre	author	detected_vs_zero	0.3	3663	N_M1	N	high	46	288101	242845	8.468823166889829	8.468806894948331
C364	Intermediate	Pre	trim95	2plus_vs_1	none	3664	E_M1	E	low	75	687305	368477	8.440958457422937	8.814877133054134
C364	Intermediate	Pre	trim95	2plus_vs_1	none	3665	E_M1	E	high	75	636227	456685	8.635359902461897	8.728411605131953
C364	Intermediate	Pre	trim95	2plus_vs_1	none	3666	G_M1	G	low	11	140013	47009	8.281985917101851	8.985926366825067
C364	Intermediate	Pre	trim95	2plus_vs_1	none	3667	G_M1	G	high	19	272856	126312	8.69234355978247	9.14887986964268
C364	Intermediate	Pre	trim95	2plus_vs_1	none	3668	I_M1	I	low	42	200464	174876	8.234368008405804	8.25742808900653
C364	Intermediate	Pre	trim95	2plus_vs_1	none	3669	I_M1	I	high	75	422334	415711	8.49225814184242	8.404331232481267
C364	Intermediate	Pre	trim95	2plus_vs_1	none	3670	J_M1	J	low	100	498002	431893	8.311970633433639	8.359592556787119
C364	Intermediate	Pre	trim95	2plus_vs_1	none	3671	J_M1	J	high	145	862820	845968	8.617365695853087	8.49471589796355
C364	Intermediate	Pre	trim95	2plus_vs_1	none	3672	L_M1	L	low	2	19517	4082	7.544351004144089	8.684651877067008
C364	Intermediate	Pre	trim95	2plus_vs_1	none	3673	L_M1	L	high	1	10077	11680	9.365718869155696	9.0583540149783
C364	Intermediate	Pre	trim95	2plus_vs_1	none	3674	N_M1	N	low	40	263636	191801	8.333018962803243	8.465371480506903
C364	Intermediate	Pre	trim95	2plus_vs_1	none	3675	N_M1	N	high	75	517876	538571	8.772523242297847	8.524805297293861
C365	Intermediate	Pre	trim95	2plus_vs_1	0.1	3676	E_M1	E	low	35	343368	181797	8.510449085811501	8.920906103374065
C365	Intermediate	Pre	trim95	2plus_vs_1	0.1	3677	E_M1	E	high	35	336702	184552	8.522125166625065	8.920109843378746
C365	Intermediate	Pre	trim95	2plus_vs_1	0.1	3678	G_M1	G	low	2	42485	13461	8.80993433067061	9.645330672415486
C365	Intermediate	Pre	trim95	2plus_vs_1	0.1	3679	G_M1	G	high	2	39505	14370	8.877183278451572	9.602467163132289
C365	Intermediate	Pre	trim95	2plus_vs_1	0.1	3680	I_M1	I	low	21	115633	95225	8.337736436261475	8.464729635065684
C365	Intermediate	Pre	trim95	2plus_vs_1	0.1	3681	I_M1	I	high	21	115175	97369	8.361731371669212	8.46611044454206
C365	Intermediate	Pre	trim95	2plus_vs_1	0.1	3682	J_M1	J	low	67	341582	320424	8.431603284731345	8.399557855261259
C365	Intermediate	Pre	trim95	2plus_vs_1	0.1	3683	J_M1	J	high	67	344986	323308	8.440564355235331	8.407961260884251
C365	Intermediate	Pre	trim95	2plus_vs_1	0.1	3684	N_M1	N	low	18	131825	104429	8.579704380627044	8.628081911170415
C365	Intermediate	Pre	trim95	2plus_vs_1	0.1	3685	N_M1	N	high	18	132853	107207	8.603672835825286	8.633422958131083
C366	Intermediate	Pre	trim95	2plus_vs_1	0.2	3686	E_M1	E	low	51	498780	272426	8.529245306853154	8.87519192220629
C366	Intermediate	Pre	trim95	2plus_vs_1	0.2	3687	E_M1	E	high	51	471167	285829	8.567800482779527	8.841683918804412
C366	Intermediate	Pre	trim95	2plus_vs_1	0.2	3688	G_M1	G	low	5	96147	25326	8.471777649414383	9.55765849019811
C366	Intermediate	Pre	trim95	2plus_vs_1	0.2	3689	G_M1	G	high	5	95056	27278	8.51284503248132	9.536243265177452
C366	Intermediate	Pre	trim95	2plus_vs_1	0.2	3690	I_M1	I	low	35	181650	147469	8.253641019112099	8.353796533884491
C366	Intermediate	Pre	trim95	2plus_vs_1	0.2	3691	I_M1	I	high	35	187663	150650	8.268751277060877	8.372187627711138
C366	Intermediate	Pre	trim95	2plus_vs_1	0.2	3692	J_M1	J	low	81	410129	379938	8.412645020274065	8.37983746163882
C366	Intermediate	Pre	trim95	2plus_vs_1	0.2	3693	J_M1	J	high	81	426353	401688	8.462507456605188	8.410054595513092
C366	Intermediate	Pre	trim95	2plus_vs_1	0.2	3694	N_M1	N	low	29	199149	149501	8.454711379517189	8.559687243564841
C366	Intermediate	Pre	trim95	2plus_vs_1	0.2	3695	N_M1	N	high	29	187856	158947	8.510689532725058	8.543001957610484
C367	Intermediate	Pre	trim95	2plus_vs_1	0.3	3696	E_M1	E	low	60	578933	314419	8.512638789193462	8.859094398288097
C367	Intermediate	Pre	trim95	2plus_vs_1	0.3	3697	E_M1	E	high	60	537996	345228	8.592140016408338	8.804486633287558
C367	Intermediate	Pre	trim95	2plus_vs_1	0.3	3698	G_M1	G	low	6	108170	29749	8.458947965045681	9.494110383899264
C367	Intermediate	Pre	trim95	2plus_vs_1	0.3	3699	G_M1	G	high	6	98890	33527	8.52759491035443	9.425930699663095
C367	Intermediate	Pre	trim95	2plus_vs_1	0.3	3700	I_M1	I	low	41	196008	173360	8.25656015545598	8.256743083638888
C367	Intermediate	Pre	trim95	2plus_vs_1	0.3	3701	I_M1	I	high	41	207527	192266	8.330721559691385	8.28052508799559
C367	Intermediate	Pre	trim95	2plus_vs_1	0.3	3702	J_M1	J	low	88	445750	403637	8.389839875255927	8.377631052185675
C367	Intermediate	Pre	trim95	2plus_vs_1	0.3	3703	J_M1	J	high	88	469925	453096	8.490512811718387	8.41090096679418
C367	Intermediate	Pre	trim95	2plus_vs_1	0.3	3704	N_M1	N	low	33	232761	168157	8.44956625665095	8.560222413662425
C367	Intermediate	Pre	trim95	2plus_vs_1	0.3	3705	N_M1	N	high	33	227222	183718	8.528230484954916	8.549266078553632
C368	Intermediate	Pre	trim95	3plus_vs_1	none	3706	E_M1	E	low	75	687305	368477	8.440958457422937	8.814877133054134
C368	Intermediate	Pre	trim95	3plus_vs_1	none	3707	E_M1	E	high	34	283258	226338	8.715942397537919	8.688646435233494
C368	Intermediate	Pre	trim95	3plus_vs_1	none	3708	G_M1	G	low	11	140013	47009	8.281985917101851	8.985926366825067
C368	Intermediate	Pre	trim95	3plus_vs_1	none	3709	G_M1	G	high	13	188768	94491	8.780380874170634	9.213551546442469
C368	Intermediate	Pre	trim95	3plus_vs_1	none	3710	I_M1	I	low	42	200464	174876	8.234368008405804	8.25742808900653
C368	Intermediate	Pre	trim95	3plus_vs_1	none	3711	I_M1	I	high	36	233220	241462	8.708788402706265	8.550596402397815
C368	Intermediate	Pre	trim95	3plus_vs_1	none	3712	J_M1	J	low	100	498002	431893	8.311970633433639	8.359592556787119
C368	Intermediate	Pre	trim95	3plus_vs_1	none	3713	J_M1	J	high	87	546088	540340	8.683393151572712	8.557173527952596
C368	Intermediate	Pre	trim95	3plus_vs_1	none	3714	L_M1	L	low	2	19517	4082	7.544351004144089	8.684651877067008
C368	Intermediate	Pre	trim95	3plus_vs_1	none	3715	L_M1	L	high	1	10077	11680	9.365718869155696	9.0583540149783
C368	Intermediate	Pre	trim95	3plus_vs_1	none	3716	N_M1	N	low	40	263636	191801	8.333018962803243	8.465371480506903
C368	Intermediate	Pre	trim95	3plus_vs_1	none	3717	N_M1	N	high	47	351094	383237	8.929017000828088	8.606399232402113
C369	Intermediate	Pre	trim95	3plus_vs_1	0.1	3718	E_M1	E	low	15	148255	82134	8.568829096542572	8.90956888172434
C369	Intermediate	Pre	trim95	3plus_vs_1	0.1	3719	E_M1	E	high	15	142427	83866	8.582443224896883	8.904880015175547
C369	Intermediate	Pre	trim95	3plus_vs_1	0.1	3720	G_M1	G	low	2	42485	13461	8.80993433067061	9.645330672415486
C369	Intermediate	Pre	trim95	3plus_vs_1	0.1	3721	G_M1	G	high	2	39505	14370	8.877183278451572	9.602467163132289
C369	Intermediate	Pre	trim95	3plus_vs_1	0.1	3722	I_M1	I	low	10	64247	52554	8.495677509592415	8.621515651654942
C369	Intermediate	Pre	trim95	3plus_vs_1	0.1	3723	I_M1	I	high	10	62808	54510	8.532281061493325	8.597317791613332
C369	Intermediate	Pre	trim95	3plus_vs_1	0.1	3724	J_M1	J	low	44	236212	224074	8.496176430140634	8.463857813344346
C369	Intermediate	Pre	trim95	3plus_vs_1	0.1	3725	J_M1	J	high	44	238606	224940	8.501594455225515	8.472397513750563
C369	Intermediate	Pre	trim95	3plus_vs_1	0.1	3726	N_M1	N	low	15	113506	93629	8.660806109651723	8.650834781959862
C369	Intermediate	Pre	trim95	3plus_vs_1	0.1	3727	N_M1	N	high	15	112274	95566	8.684226707830039	8.643100678709134
C370	Intermediate	Pre	trim95	3plus_vs_1	0.2	3728	E_M1	E	low	26	261552	160210	8.683224761987107	8.897043263912526
C370	Intermediate	Pre	trim95	3plus_vs_1	0.2	3729	E_M1	E	high	26	242267	167857	8.713838392150306	8.848824845731366
C370	Intermediate	Pre	trim95	3plus_vs_1	0.2	3730	G_M1	G	low	3	61671	17329	8.626873338680577	9.608563504962676
C370	Intermediate	Pre	trim95	3plus_vs_1	0.2	3731	G_M1	G	high	3	53974	19396	8.726872226468947	9.498062017404726
C370	Intermediate	Pre	trim95	3plus_vs_1	0.2	3732	I_M1	I	low	19	123365	96734	8.449759760709632	8.620913750182794
C370	Intermediate	Pre	trim95	3plus_vs_1	0.2	3733	I_M1	I	high	19	130393	99269	8.484953020503971	8.656115564746843
C370	Intermediate	Pre	trim95	3plus_vs_1	0.2	3734	J_M1	J	low	55	288570	277903	8.4908831270756	8.41735231061725
C370	Intermediate	Pre	trim95	3plus_vs_1	0.2	3735	J_M1	J	high	55	298659	293026	8.537331062069853	8.449807370567678
C370	Intermediate	Pre	trim95	3plus_vs_1	0.2	3736	N_M1	N	low	21	146222	124331	8.624739931188545	8.562003071706826
C370	Intermediate	Pre	trim95	3plus_vs_1	0.2	3737	N_M1	N	high	21	137082	131826	8.677548599197006	8.544338186872059
C371	Intermediate	Pre	trim95	3plus_vs_1	0.3	3738	E_M1	E	low	28	276867	169786	8.664535396082345	8.87994334381283
C371	Intermediate	Pre	trim95	3plus_vs_1	0.3	3739	E_M1	E	high	28	254736	176844	8.684035294504486	8.825632726497373
C371	Intermediate	Pre	trim95	3plus_vs_1	0.3	3740	G_M1	G	low	5	87788	24462	8.436098481748513	9.459366759048816
C371	Intermediate	Pre	trim95	3plus_vs_1	0.3	3741	G_M1	G	high	5	76535	27329	8.486685238884933	9.371897977333084
C371	Intermediate	Pre	trim95	3plus_vs_1	0.3	3742	I_M1	I	low	24	137723	119512	8.42612805081371	8.45534116061581
C371	Intermediate	Pre	trim95	3plus_vs_1	0.3	3743	I_M1	I	high	24	147694	136015	8.53248888066273	8.479587325108902
C371	Intermediate	Pre	trim95	3plus_vs_1	0.3	3744	J_M1	J	low	63	326857	312153	8.473593428172071	8.407151725867447
C371	Intermediate	Pre	trim95	3plus_vs_1	0.3	3745	J_M1	J	high	63	352179	356820	8.591261869082295	8.464547950447685
C371	Intermediate	Pre	trim95	3plus_vs_1	0.3	3746	N_M1	N	low	24	177617	138327	8.601913708687613	8.61881691831156
C371	Intermediate	Pre	trim95	3plus_vs_1	0.3	3747	N_M1	N	high	24	175845	153778	8.699918634068121	8.609159588674133
C372	Intermediate	Pre	trim95	4plus_vs_1	none	3748	E_M1	E	low	75	687305	368477	8.440958457422937	8.814877133054134
C372	Intermediate	Pre	trim95	4plus_vs_1	none	3749	E_M1	E	high	14	107486	93238	8.753185422354768	8.584958779451435
C372	Intermediate	Pre	trim95	4plus_vs_1	none	3750	G_M1	G	low	11	140013	47009	8.281985917101851	8.985926366825067
C372	Intermediate	Pre	trim95	4plus_vs_1	none	3751	G_M1	G	high	10	144556	81467	8.903390013496843	9.220776237562001
C372	Intermediate	Pre	trim95	4plus_vs_1	none	3752	I_M1	I	low	42	200464	174876	8.234368008405804	8.25742808900653
C372	Intermediate	Pre	trim95	4plus_vs_1	none	3753	I_M1	I	high	19	126786	117734	8.620616663115177	8.590566634748141
C372	Intermediate	Pre	trim95	4plus_vs_1	none	3754	J_M1	J	low	100	498002	431893	8.311970633433639	8.359592556787119
C372	Intermediate	Pre	trim95	4plus_vs_1	none	3755	J_M1	J	high	46	296355	294641	8.721850851759298	8.581464037703523
C372	Intermediate	Pre	trim95	4plus_vs_1	none	3756	L_M1	L	low	2	19517	4082	7.544351004144089	8.684651877067008
C372	Intermediate	Pre	trim95	4plus_vs_1	none	3757	L_M1	L	high	1	10077	11680	9.365718869155696	9.0583540149783
C372	Intermediate	Pre	trim95	4plus_vs_1	none	3758	N_M1	N	low	40	263636	191801	8.333018962803243	8.465371480506903
C372	Intermediate	Pre	trim95	4plus_vs_1	none	3759	N_M1	N	high	34	235381	288693	8.961349801463255	8.501213953213545
C373	Intermediate	Pre	trim95	4plus_vs_1	0.1	3760	E_M1	E	low	6	66331	38014	8.694307047540113	8.953929732704255
C373	Intermediate	Pre	trim95	4plus_vs_1	0.1	3761	E_M1	E	high	6	62628	39620	8.727223306648913	8.953272911517153
C373	Intermediate	Pre	trim95	4plus_vs_1	0.1	3762	G_M1	G	low	2	42485	13461	8.80993433067061	9.645330672415486
C373	Intermediate	Pre	trim95	4plus_vs_1	0.1	3763	G_M1	G	high	2	39505	14370	8.877183278451572	9.602467163132289
C373	Intermediate	Pre	trim95	4plus_vs_1	0.1	3764	I_M1	I	low	6	37738	30196	8.442238332756405	8.598934233033196
C373	Intermediate	Pre	trim95	4plus_vs_1	0.1	3765	I_M1	I	high	6	37409	30935	8.461137778458417	8.594946697697777
C373	Intermediate	Pre	trim95	4plus_vs_1	0.1	3766	J_M1	J	low	26	138452	146660	8.60885418327046	8.45041269704116
C373	Intermediate	Pre	trim95	4plus_vs_1	0.1	3767	J_M1	J	high	26	140548	145762	8.605392023190385	8.462243075213639
C373	Intermediate	Pre	trim95	4plus_vs_1	0.1	3768	N_M1	N	low	10	66963	55355	8.552126325745903	8.514603442968355
C373	Intermediate	Pre	trim95	4plus_vs_1	0.1	3769	N_M1	N	high	10	68117	56198	8.5736279145469	8.50911319960878
C374	Intermediate	Pre	trim95	4plus_vs_1	0.2	3770	E_M1	E	low	13	115994	82972	8.718195491553272	8.731665906815119
C374	Intermediate	Pre	trim95	4plus_vs_1	0.2	3771	E_M1	E	high	13	105962	85598	8.738716319178401	8.683609729891751
C374	Intermediate	Pre	trim95	4plus_vs_1	0.2	3772	G_M1	G	low	3	61671	17329	8.626873338680577	9.608563504962676
C374	Intermediate	Pre	trim95	4plus_vs_1	0.2	3773	G_M1	G	high	3	53974	19396	8.726872226468947	9.498062017404726
C374	Intermediate	Pre	trim95	4plus_vs_1	0.2	3774	I_M1	I	low	13	86236	61417	8.37740720271891	8.637028052867496
C374	Intermediate	Pre	trim95	4plus_vs_1	0.2	3775	I_M1	I	high	13	90068	63225	8.404338720953685	8.668012902049082
C374	Intermediate	Pre	trim95	4plus_vs_1	0.2	3776	J_M1	J	low	31	165041	171195	8.585287149846724	8.44094399466935
C374	Intermediate	Pre	trim95	4plus_vs_1	0.2	3777	J_M1	J	high	31	174907	179936	8.625259992577817	8.488870368711863
C374	Intermediate	Pre	trim95	4plus_vs_1	0.2	3778	N_M1	N	low	14	94884	87438	8.662915371384532	8.474327282565635
C374	Intermediate	Pre	trim95	4plus_vs_1	0.2	3779	N_M1	N	high	14	87004	91547	8.698207782729755	8.454004015627385
C375	Intermediate	Pre	trim95	4plus_vs_1	0.3	3780	E_M1	E	low	13	115994	82972	8.718195491553272	8.731665906815119
C375	Intermediate	Pre	trim95	4plus_vs_1	0.3	3781	E_M1	E	high	13	105962	85598	8.738716319178401	8.683609729891751
C375	Intermediate	Pre	trim95	4plus_vs_1	0.3	3782	G_M1	G	low	4	75765	20039	8.4464232163851	9.530115985709761
C375	Intermediate	Pre	trim95	4plus_vs_1	0.3	3783	G_M1	G	high	4	59984	22603	8.493095040907857	9.35600199017809
C375	Intermediate	Pre	trim95	4plus_vs_1	0.3	3784	I_M1	I	low	16	103753	80130	8.440851781578552	8.591285481113301
C375	Intermediate	Pre	trim95	4plus_vs_1	0.3	3785	I_M1	I	high	16	107817	86610	8.504310314033829	8.607821839657214
C375	Intermediate	Pre	trim95	4plus_vs_1	0.3	3786	J_M1	J	low	38	202522	207035	8.576007091636026	8.431695084137301
C375	Intermediate	Pre	trim95	4plus_vs_1	0.3	3787	J_M1	J	high	38	219535	231565	8.670489949101192	8.490008502049553
C375	Intermediate	Pre	trim95	4plus_vs_1	0.3	3788	N_M1	N	low	18	122986	109767	8.64913859574669	8.522102096051093
C375	Intermediate	Pre	trim95	4plus_vs_1	0.3	3789	N_M1	N	high	18	120367	121994	8.744550232521657	8.515839158052607
C376	Intermediate	Pre	trim95	3plus_vs_1to2	none	3790	E_M1	E	low	116	1040274	598824	8.486050305819596	8.79597134970705
C376	Intermediate	Pre	trim95	3plus_vs_1to2	none	3791	E_M1	E	high	34	283258	226338	8.715942397537919	8.688646435233494
C376	Intermediate	Pre	trim95	3plus_vs_1to2	none	3792	G_M1	G	low	17	224101	78830	8.359495374104068	8.993984556149094
C376	Intermediate	Pre	trim95	3plus_vs_1to2	none	3793	G_M1	G	high	13	188768	94491	8.780380874170634	9.213551546442469
C376	Intermediate	Pre	trim95	3plus_vs_1to2	none	3794	I_M1	I	low	81	389578	349125	8.26230166041728	8.2631524899759
C376	Intermediate	Pre	trim95	3plus_vs_1to2	none	3795	I_M1	I	high	36	233220	241462	8.708788402706265	8.550596402397815
C376	Intermediate	Pre	trim95	3plus_vs_1to2	none	3796	J_M1	J	low	158	814734	737521	8.387720791488828	8.374803569313613
C376	Intermediate	Pre	trim95	3plus_vs_1to2	none	3797	J_M1	J	high	87	546088	540340	8.683393151572712	8.557173527952596
C376	Intermediate	Pre	trim95	3plus_vs_1to2	none	3798	L_M1	L	low	2	19517	4082	7.544351004144089	8.684651877067008
C376	Intermediate	Pre	trim95	3plus_vs_1to2	none	3799	L_M1	L	high	1	10077	11680	9.365718869155696	9.0583540149783
C376	Intermediate	Pre	trim95	3plus_vs_1to2	none	3800	N_M1	N	low	68	430418	347135	8.405826509493355	8.433448420506124
C376	Intermediate	Pre	trim95	3plus_vs_1to2	none	3801	N_M1	N	high	47	351094	383237	8.929017000828088	8.606399232402113
C377	Intermediate	Pre	trim95	3plus_vs_1to2	0.1	3802	E_M1	E	low	21	198522	125731	8.652355013449291	8.89048469156596
C377	Intermediate	Pre	trim95	3plus_vs_1to2	0.1	3803	E_M1	E	high	21	192373	129639	8.677979903071316	8.88770077434557
C377	Intermediate	Pre	trim95	3plus_vs_1to2	0.1	3804	G_M1	G	low	2	42485	13461	8.80993433067061	9.645330672415486
C377	Intermediate	Pre	trim95	3plus_vs_1to2	0.1	3805	G_M1	G	high	2	39505	14370	8.877183278451572	9.602467163132289
C377	Intermediate	Pre	trim95	3plus_vs_1to2	0.1	3806	I_M1	I	low	18	116353	100826	8.561641440015547	8.616213238684816
C377	Intermediate	Pre	trim95	3plus_vs_1to2	0.1	3807	I_M1	I	high	18	115453	101500	8.569555844570544	8.610916276609604
C377	Intermediate	Pre	trim95	3plus_vs_1to2	0.1	3808	J_M1	J	low	58	346019	327109	8.591349998453367	8.541905282809486
C377	Intermediate	Pre	trim95	3plus_vs_1to2	0.1	3809	J_M1	J	high	58	349318	327498	8.594047284561094	8.549249446492945
C377	Intermediate	Pre	trim95	3plus_vs_1to2	0.1	3810	N_M1	N	low	21	160918	143767	8.755242491031513	8.651127944621233
C377	Intermediate	Pre	trim95	3plus_vs_1to2	0.1	3811	N_M1	N	high	21	163402	145103	8.76951546297717	8.663968817864562
C378	Intermediate	Pre	trim95	3plus_vs_1to2	0.2	3812	E_M1	E	low	30	279063	191340	8.715769028695153	8.816994313926333
C378	Intermediate	Pre	trim95	3plus_vs_1to2	0.2	3813	E_M1	E	high	30	272564	201620	8.755431623752079	8.812380880333997
C378	Intermediate	Pre	trim95	3plus_vs_1to2	0.2	3814	G_M1	G	low	4	79934	20809	8.508923725963292	9.577618933133493
C378	Intermediate	Pre	trim95	3plus_vs_1to2	0.2	3815	G_M1	G	high	4	76204	23097	8.59931129313507	9.540250363301567
C378	Intermediate	Pre	trim95	3plus_vs_1to2	0.2	3816	I_M1	I	low	25	168473	142202	8.562756955718035	8.646227641413958
C378	Intermediate	Pre	trim95	3plus_vs_1to2	0.2	3817	I_M1	I	high	25	176791	145568	8.583019798011343	8.674953004658667
C378	Intermediate	Pre	trim95	3plus_vs_1to2	0.2	3818	J_M1	J	low	67	385808	371095	8.575312659442508	8.484785180999063
C378	Intermediate	Pre	trim95	3plus_vs_1to2	0.2	3819	J_M1	J	high	67	391147	388705	8.613719182210422	8.498823191336642
C378	Intermediate	Pre	trim95	3plus_vs_1to2	0.2	3820	N_M1	N	low	30	226439	200911	8.742161933731643	8.651381952888762
C378	Intermediate	Pre	trim95	3plus_vs_1to2	0.2	3821	N_M1	N	high	30	220017	211767	8.795825790103818	8.634759143528898
C379	Intermediate	Pre	trim95	3plus_vs_1to2	0.3	3822	E_M1	E	low	31	282744	194616	8.695734016437205	8.794663627037922
C379	Intermediate	Pre	trim95	3plus_vs_1to2	0.3	3823	E_M1	E	high	31	276169	204084	8.72493212254965	8.789630447766783
C379	Intermediate	Pre	trim95	3plus_vs_1to2	0.3	3824	G_M1	G	low	8	133058	40293	8.47407101501724	9.353753984053647
C379	Intermediate	Pre	trim95	3plus_vs_1to2	0.3	3825	G_M1	G	high	8	125468	43340	8.504277941456175	9.331943743541895
C379	Intermediate	Pre	trim95	3plus_vs_1to2	0.3	3826	I_M1	I	low	31	192771	174890	8.55179701076215	8.535942071582905
C379	Intermediate	Pre	trim95	3plus_vs_1to2	0.3	3827	I_M1	I	high	31	201137	196598	8.647904094453313	8.551771780460573
C379	Intermediate	Pre	trim95	3plus_vs_1to2	0.3	3828	J_M1	J	low	76	435835	419191	8.574501217001185	8.481428244529972
C379	Intermediate	Pre	trim95	3plus_vs_1to2	0.3	3829	J_M1	J	high	76	449311	451186	8.638588496826594	8.502326314113867
C379	Intermediate	Pre	trim95	3plus_vs_1to2	0.3	3830	N_M1	N	low	35	262251	228437	8.72067044344036	8.62207202334589
C379	Intermediate	Pre	trim95	3plus_vs_1to2	0.3	3831	N_M1	N	high	35	251907	252566	8.80552437021964	8.592848406353983
C380	Intermediate	Pre	trim95	positive_q25	none	3832	E_M1	E	low	38	395572	246209	8.75130465660033	8.920811800958163
C380	Intermediate	Pre	trim95	positive_q25	none	3833	E_M1	E	high	38	269604	178059	8.359883008318475	8.54749312575786
C380	Intermediate	Pre	trim95	positive_q25	none	3834	G_M1	G	low	8	115861	44784	8.603866831187684	9.142980409229843
C380	Intermediate	Pre	trim95	positive_q25	none	3835	G_M1	G	high	8	122643	31701	8.226027204096338	9.301992723357813
C380	Intermediate	Pre	trim95	positive_q25	none	3836	I_M1	I	low	30	182584	194632	8.726306757864375	8.480068177150907
C380	Intermediate	Pre	trim95	positive_q25	none	3837	I_M1	I	high	30	146009	115277	8.140367400579846	8.26728238239045
C380	Intermediate	Pre	trim95	positive_q25	none	3838	J_M1	J	low	62	337687	350777	8.610205771935137	8.416600718738051
C380	Intermediate	Pre	trim95	positive_q25	none	3839	J_M1	J	high	62	342193	316821	8.469823974811385	8.442450426359398
C380	Intermediate	Pre	trim95	positive_q25	none	3840	L_M1	L	low	1	10077	11680	9.365718869155696	9.0583540149783
C380	Intermediate	Pre	trim95	positive_q25	none	3841	L_M1	L	high	1	4104	1268	7.1459844677143876	7.993957547573565
C380	Intermediate	Pre	trim95	positive_q25	none	3842	N_M1	N	low	29	207477	200045	8.775013800069871	8.53915436083296
C380	Intermediate	Pre	trim95	positive_q25	none	3843	N_M1	N	high	29	158135	148542	8.386033961501155	8.365687102051037
C381	Intermediate	Pre	trim95	positive_q25	0.1	3844	E_M1	E	low	9	84765	58847	8.759046889112508	8.81113830261309
C381	Intermediate	Pre	trim95	positive_q25	0.1	3845	E_M1	E	high	9	80570	60046	8.780866600357937	8.811780388542852
C381	Intermediate	Pre	trim95	positive_q25	0.1	3846	G_M1	G	low	1	19887	6085	8.713746330456916	9.571156728415465
C381	Intermediate	Pre	trim95	positive_q25	0.1	3847	G_M1	G	high	1	18233	6657	8.80357441813497	9.54180006677385
C381	Intermediate	Pre	trim95	positive_q25	0.1	3848	I_M1	I	low	6	40630	30952	8.515495809875885	8.648278530519391
C381	Intermediate	Pre	trim95	positive_q25	0.1	3849	I_M1	I	high	6	38160	30742	8.522300332661755	8.589717547785062
C381	Intermediate	Pre	trim95	positive_q25	0.1	3850	J_M1	J	low	35	205134	197538	8.610664222165825	8.5314516726838
C381	Intermediate	Pre	trim95	positive_q25	0.1	3851	J_M1	J	high	35	205644	197386	8.612089507979618	8.532278800774346
C381	Intermediate	Pre	trim95	positive_q25	0.1	3852	N_M1	N	low	8	45284	45949	8.61132416203672	8.421214852914424
C381	Intermediate	Pre	trim95	positive_q25	0.1	3853	N_M1	N	high	8	45061	47322	8.63628410812984	8.407055345381977
C382	Intermediate	Pre	trim95	positive_q25	0.2	3854	E_M1	E	low	16	130559	99867	8.72024080675633	8.679880121771639
C382	Intermediate	Pre	trim95	positive_q25	0.2	3855	E_M1	E	high	16	125021	100371	8.716790221280611	8.664046859048783
C382	Intermediate	Pre	trim95	positive_q25	0.2	3856	G_M1	G	low	2	39073	9953	8.487248842578715	9.553092949236262
C382	Intermediate	Pre	trim95	positive_q25	0.2	3857	G_M1	G	high	2	32811	10710	8.555516872573458	9.446950191893933
C382	Intermediate	Pre	trim95	positive_q25	0.2	3858	I_M1	I	low	12	78382	62836	8.529891338913345	8.624002703936476
C382	Intermediate	Pre	trim95	positive_q25	0.2	3859	I_M1	I	high	12	79754	59918	8.485841379932976	8.62031474824463
C382	Intermediate	Pre	trim95	positive_q25	0.2	3860	J_M1	J	low	46	259159	253721	8.587701458029896	8.481644172116715
C382	Intermediate	Pre	trim95	positive_q25	0.2	3861	J_M1	J	high	46	261199	252478	8.575887319875966	8.491107341949302
C382	Intermediate	Pre	trim95	positive_q25	0.2	3862	N_M1	N	low	17	109010	108665	8.70280592504925	8.484700715567207
C382	Intermediate	Pre	trim95	positive_q25	0.2	3863	N_M1	N	high	17	100489	107900	8.683751256965818	8.443728585209715
C383	Intermediate	Pre	trim95	positive_q25	0.3	3864	E_M1	E	low	23	192827	137055	8.675921402984006	8.710820567187241
C383	Intermediate	Pre	trim95	positive_q25	0.3	3865	E_M1	E	high	23	181252	130792	8.608011241908935	8.673235465964273
C383	Intermediate	Pre	trim95	positive_q25	0.3	3866	G_M1	G	low	3	51096	14376	8.4564324094532	9.427518583625853
C383	Intermediate	Pre	trim95	positive_q25	0.3	3867	G_M1	G	high	3	49362	15436	8.524026591980052	9.44312743658031
C383	Intermediate	Pre	trim95	positive_q25	0.3	3868	I_M1	I	low	16	93937	83167	8.529969886269456	8.502567751860047
C383	Intermediate	Pre	trim95	positive_q25	0.3	3869	I_M1	I	high	16	96025	76551	8.427940067265565	8.496189506831954
C383	Intermediate	Pre	trim95	positive_q25	0.3	3870	J_M1	J	low	53	298787	293886	8.592132564514712	8.476017690047334
C383	Intermediate	Pre	trim95	positive_q25	0.3	3871	J_M1	J	high	53	301853	289038	8.560327301444644	8.476086637422117
C383	Intermediate	Pre	trim95	positive_q25	0.3	3872	N_M1	N	low	20	130649	127129	8.701431834090432	8.517972391442933
C383	Intermediate	Pre	trim95	positive_q25	0.3	3873	N_M1	N	high	20	121136	124248	8.661603865291635	8.473861140775213
C384	Intermediate	Pre	trim95	positive_q33	none	3874	E_M1	E	low	50	506655	312232	8.706843291390168	8.897833834788793
C384	Intermediate	Pre	trim95	positive_q33	none	3875	E_M1	E	high	50	394863	238940	8.385129547775769	8.673900310242631
C384	Intermediate	Pre	trim95	positive_q33	none	3876	G_M1	G	low	10	146083	63355	8.698643069329433	9.168945155063827
C384	Intermediate	Pre	trim95	positive_q33	none	3877	G_M1	G	high	10	145576	41410	8.23584111049547	9.137345334564206
C384	Intermediate	Pre	trim95	positive_q33	none	3878	I_M1	I	low	39	238267	251685	8.704749805572288	8.486319507862182
C384	Intermediate	Pre	trim95	positive_q33	none	3879	I_M1	I	high	39	179738	146271	8.103017562772495	8.218870621382955
C384	Intermediate	Pre	trim95	positive_q33	none	3880	J_M1	J	low	82	450630	448581	8.564737376540222	8.432193724287057
C384	Intermediate	Pre	trim95	positive_q33	none	3881	J_M1	J	high	82	461897	414197	8.450875565448134	8.455579124518405
C384	Intermediate	Pre	trim95	positive_q33	none	3882	L_M1	L	low	1	10077	11680	9.365718869155696	9.0583540149783
C384	Intermediate	Pre	trim95	positive_q33	none	3883	L_M1	L	high	1	4104	1268	7.1459844677143876	7.993957547573565
C384	Intermediate	Pre	trim95	positive_q33	none	3884	N_M1	N	low	39	286397	282856	8.807220595156675	8.600281988681916
C384	Intermediate	Pre	trim95	positive_q33	none	3885	N_M1	N	high	38	233740	200379	8.410321234647068	8.447955297370124
C385	Intermediate	Pre	trim95	positive_q33	0.1	3886	E_M1	E	low	18	176911	104952	8.639859478939094	8.924779625777926
C385	Intermediate	Pre	trim95	positive_q33	0.1	3887	E_M1	E	high	18	172799	108294	8.664473284149128	8.929374517437736
C385	Intermediate	Pre	trim95	positive_q33	0.1	3888	G_M1	G	low	2	42485	13461	8.80993433067061	9.645330672415486
C385	Intermediate	Pre	trim95	positive_q33	0.1	3889	G_M1	G	high	2	39505	14370	8.877183278451572	9.602467163132289
C385	Intermediate	Pre	trim95	positive_q33	0.1	3890	I_M1	I	low	8	54540	46008	8.616066633295356	8.669671536039154
C385	Intermediate	Pre	trim95	positive_q33	0.1	3891	I_M1	I	high	8	51533	46158	8.623311831170945	8.609346011803868
C385	Intermediate	Pre	trim95	positive_q33	0.1	3892	J_M1	J	low	49	292310	266135	8.56081591830847	8.554377719958154
C385	Intermediate	Pre	trim95	positive_q33	0.1	3893	J_M1	J	high	49	293482	265114	8.558855498561604	8.558762136572502
C385	Intermediate	Pre	trim95	positive_q33	0.1	3894	N_M1	N	low	13	98937	87405	8.735227542040048	8.653433624912687
C385	Intermediate	Pre	trim95	positive_q33	0.1	3895	N_M1	N	high	13	101301	87990	8.744840896232198	8.652701492383434
C386	Intermediate	Pre	trim95	positive_q33	0.2	3896	E_M1	E	low	30	275714	172661	8.63468804557986	8.844446515679483
C386	Intermediate	Pre	trim95	positive_q33	0.2	3897	E_M1	E	high	30	265276	169860	8.60034778658271	8.830475905170918
C386	Intermediate	Pre	trim95	positive_q33	0.2	3898	G_M1	G	low	3	61671	17329	8.626873338680577	9.608563504962676
C386	Intermediate	Pre	trim95	positive_q33	0.2	3899	G_M1	G	high	3	54083	18423	8.687275294638363	9.519011547759531
C386	Intermediate	Pre	trim95	positive_q33	0.2	3900	I_M1	I	low	17	106328	90421	8.520252112110704	8.588127932296297
C386	Intermediate	Pre	trim95	positive_q33	0.2	3901	I_M1	I	high	17	105964	88020	8.48770020533425	8.561351614752992
C386	Intermediate	Pre	trim95	positive_q33	0.2	3902	J_M1	J	low	64	371950	344807	8.552567906329891	8.51730605715056
C386	Intermediate	Pre	trim95	positive_q33	0.2	3903	J_M1	J	high	64	378280	342399	8.543740460942368	8.5315031085579
C386	Intermediate	Pre	trim95	positive_q33	0.2	3904	N_M1	N	low	24	171886	158157	8.714130045625083	8.58964563222762
C386	Intermediate	Pre	trim95	positive_q33	0.2	3905	N_M1	N	high	24	166302	157529	8.708139612657494	8.562386123649004
C387	Intermediate	Pre	trim95	positive_q33	0.3	3906	E_M1	E	low	37	335868	209791	8.621858498698147	8.793875238967422
C387	Intermediate	Pre	trim95	positive_q33	0.3	3907	E_M1	E	high	37	317556	199616	8.549494748384916	8.763850961944216
C387	Intermediate	Pre	trim95	positive_q33	0.3	3908	G_M1	G	low	4	73694	21752	8.568854889810975	9.500515091823265
C387	Intermediate	Pre	trim95	positive_q33	0.3	3909	G_M1	G	high	4	70634	23149	8.630717978677081	9.498129142307913
C387	Intermediate	Pre	trim95	positive_q33	0.3	3910	I_M1	I	low	22	125126	116211	8.525923276726003	8.48076103718405
C387	Intermediate	Pre	trim95	positive_q33	0.3	3911	I_M1	I	high	22	123624	106401	8.404891473746858	8.444154910256854
C387	Intermediate	Pre	trim95	positive_q33	0.3	3912	J_M1	J	low	73	422371	396465	8.557581685378763	8.499175366207325
C387	Intermediate	Pre	trim95	positive_q33	0.3	3913	J_M1	J	high	73	424747	388932	8.526570369464714	8.497227261880028
C387	Intermediate	Pre	trim95	positive_q33	0.3	3914	N_M1	N	low	26	187549	168727	8.702871206616386	8.604769133439406
C387	Intermediate	Pre	trim95	positive_q33	0.3	3915	N_M1	N	high	26	175621	166564	8.67685729795615	8.543543404630308
C388	Intermediate	Pre	trim95	detected_vs_zero	none	3916	E_M1	E	low	83	791130	361774	8.281561730543684	8.89243606473485
C388	Intermediate	Pre	trim95	detected_vs_zero	none	3917	E_M1	E	high	150	1323532	825162	8.538159179942417	8.771644369093043
C388	Intermediate	Pre	trim95	detected_vs_zero	none	3918	G_M1	G	low	9	100160	36529	8.245376690273883	8.738846441905414
C388	Intermediate	Pre	trim95	detected_vs_zero	none	3919	G_M1	G	high	30	412869	173321	8.541879090799577	9.08913025194289
C388	Intermediate	Pre	trim95	detected_vs_zero	none	3920	I_M1	I	low	48	225722	156264	7.985294328434638	8.268382317146077
C388	Intermediate	Pre	trim95	detected_vs_zero	none	3921	I_M1	I	high	117	622798	590587	8.399682196506198	8.351596770721105
C388	Intermediate	Pre	trim95	detected_vs_zero	none	3922	J_M1	J	low	88	428067	350604	8.199175802461372	8.319617019951346
C388	Intermediate	Pre	trim95	detected_vs_zero	none	3923	J_M1	J	high	245	1360822	1277861	8.492714649967597	8.439563513809905
C388	Intermediate	Pre	trim95	detected_vs_zero	none	3924	N_M1	N	low	55	319267	242747	8.247852271708673	8.388869112381338
C388	Intermediate	Pre	trim95	detected_vs_zero	none	3925	N_M1	N	high	115	781512	730372	8.619652188560593	8.504132665367964
C389	Intermediate	Pre	trim95	detected_vs_zero	0.1	3926	E_M1	E	low	61	591283	290753	8.399143521669982	8.932742756761527
C389	Intermediate	Pre	trim95	detected_vs_zero	0.1	3927	E_M1	E	high	61	582052	290985	8.403583295334457	8.925338805181633
C389	Intermediate	Pre	trim95	detected_vs_zero	0.1	3928	G_M1	G	low	4	69448	15497	8.203415289019329	9.457880308527212
C389	Intermediate	Pre	trim95	detected_vs_zero	0.1	3929	G_M1	G	high	4	73364	16167	8.247757105121662	9.498603969991388
C389	Intermediate	Pre	trim95	detected_vs_zero	0.1	3930	I_M1	I	low	29	139153	109279	8.189907285228877	8.317914680693075
C389	Intermediate	Pre	trim95	detected_vs_zero	0.1	3931	I_M1	I	high	29	141632	110516	8.197292811904576	8.336010280877804
C389	Intermediate	Pre	trim95	detected_vs_zero	0.1	3932	J_M1	J	low	73	377599	318041	8.327429972444282	8.410280960699648
C389	Intermediate	Pre	trim95	detected_vs_zero	0.1	3933	J_M1	J	high	73	381137	320018	8.335855304932757	8.419689491609454
C389	Intermediate	Pre	trim95	detected_vs_zero	0.1	3934	N_M1	N	low	28	196715	148498	8.516601057570075	8.639091679308155
C389	Intermediate	Pre	trim95	detected_vs_zero	0.1	3935	N_M1	N	high	28	196647	150898	8.53099728187526	8.643364393237235
C390	Intermediate	Pre	trim95	detected_vs_zero	0.2	3936	E_M1	E	low	70	649034	328281	8.36897834786734	8.88382736887339
C390	Intermediate	Pre	trim95	detected_vs_zero	0.2	3937	E_M1	E	high	70	636380	337254	8.398621678099245	8.868567878824841
C390	Intermediate	Pre	trim95	detected_vs_zero	0.2	3938	G_M1	G	low	6	94169	20721	8.085143881795043	9.364262431459471
C390	Intermediate	Pre	trim95	detected_vs_zero	0.2	3939	G_M1	G	high	6	93042	20775	8.094146149915904	9.357141569310201
C390	Intermediate	Pre	trim95	detected_vs_zero	0.2	3940	I_M1	I	low	41	191946	144389	8.111968600008634	8.28416060312011
C390	Intermediate	Pre	trim95	detected_vs_zero	0.2	3941	I_M1	I	high	41	203388	150289	8.148130099354354	8.322078970171185
C390	Intermediate	Pre	trim95	detected_vs_zero	0.2	3942	J_M1	J	low	81	413812	340287	8.28374943279277	8.385696802292413
C390	Intermediate	Pre	trim95	detected_vs_zero	0.2	3943	J_M1	J	high	81	423404	360047	8.322224731104043	8.399685845551565
C390	Intermediate	Pre	trim95	detected_vs_zero	0.2	3944	N_M1	N	low	43	269337	218028	8.45772435374848	8.505917691780668
C390	Intermediate	Pre	trim95	detected_vs_zero	0.2	3945	N_M1	N	high	43	268455	219575	8.448925245782425	8.50588218030209
C391	Intermediate	Pre	trim95	detected_vs_zero	0.3	3946	E_M1	E	low	77	730448	349066	8.332703191798755	8.903457172173487
C391	Intermediate	Pre	trim95	detected_vs_zero	0.3	3947	E_M1	E	high	77	709282	382709	8.42990541943553	8.85430963643277
C391	Intermediate	Pre	trim95	detected_vs_zero	0.3	3948	G_M1	G	low	7	95999	26622	8.170558549467591	9.091387952414786
C391	Intermediate	Pre	trim95	detected_vs_zero	0.3	3949	G_M1	G	high	7	97116	30513	8.262894967952684	9.09730554818074
C391	Intermediate	Pre	trim95	detected_vs_zero	0.3	3950	I_M1	I	low	43	202354	151344	8.113847341654386	8.272765951827983
C391	Intermediate	Pre	trim95	detected_vs_zero	0.3	3951	I_M1	I	high	43	206568	168468	8.186631265036194	8.271560547356009
C391	Intermediate	Pre	trim95	detected_vs_zero	0.3	3952	J_M1	J	low	82	415330	342323	8.275645578932211	8.372519868305833
C391	Intermediate	Pre	trim95	detected_vs_zero	0.3	3953	J_M1	J	high	82	435150	377396	8.352461631064811	8.387907139782945
C391	Intermediate	Pre	trim95	detected_vs_zero	0.3	3954	N_M1	N	low	46	277236	227189	8.420427631874341	8.450638355015121
C391	Intermediate	Pre	trim95	detected_vs_zero	0.3	3955	N_M1	N	high	46	278031	241646	8.466202614297952	8.456748621466222
C392	Intermediate	Post	author	2plus_vs_1	none	3956	E_M2	E	low	26	300460	142502	8.526899762933112	8.952163185335742
C392	Intermediate	Post	author	2plus_vs_1	none	3957	E_M2	E	high	46	543022	286590	8.609806554536974	9.017332809669323
C392	Intermediate	Post	author	2plus_vs_1	none	3958	G_M2	G	low	17	194048	80325	8.427289364857216	8.849183631480829
C392	Intermediate	Post	author	2plus_vs_1	none	3959	G_M2	G	high	29	393436	213787	8.723364966726082	9.083452650955117
C392	Intermediate	Post	author	2plus_vs_1	none	3960	I_M2	I	low	25	126531	123919	8.346421815487906	8.34367431126825
C392	Intermediate	Post	author	2plus_vs_1	none	3961	I_M2	I	high	17	71996	94905	8.45186209707365	8.170829906063004
C392	Intermediate	Post	author	2plus_vs_1	none	3962	J_M2	J	low	15	156830	76885	8.454268980212474	9.005824558511362
C392	Intermediate	Post	author	2plus_vs_1	none	3963	J_M2	J	high	13	138686	108407	8.973060236333147	8.999204281906998
C392	Intermediate	Post	author	2plus_vs_1	none	3964	N_M2	N	low	6	65722	35792	8.493132263451306	8.977343482992323
C392	Intermediate	Post	author	2plus_vs_1	none	3965	N_M2	N	high	11	146528	129046	9.02214338656535	9.177899527702262
C393	Intermediate	Post	author	2plus_vs_1	0.1	3966	E_M2	E	low	11	149539	51878	8.437430840298434	9.272766097444844
C393	Intermediate	Post	author	2plus_vs_1	0.1	3967	E_M2	E	high	11	144904	51481	8.432584673190185	9.252004990933699
C393	Intermediate	Post	author	2plus_vs_1	0.1	3968	G_M2	G	low	4	73694	16707	8.328974650568293	9.532542610722178
C393	Intermediate	Post	author	2plus_vs_1	0.1	3969	G_M2	G	high	4	73780	15932	8.279506796360607	9.526778733106568
C393	Intermediate	Post	author	2plus_vs_1	0.1	3970	I_M2	I	low	4	19899	17982	8.375070459372335	8.415827056325979
C393	Intermediate	Post	author	2plus_vs_1	0.1	3971	I_M2	I	high	4	20184	18147	8.390771648335438	8.423635871969282
C393	Intermediate	Post	author	2plus_vs_1	0.1	3972	J_M2	J	low	1	15878	8798	9.08239335764556	9.474088294132333
C393	Intermediate	Post	author	2plus_vs_1	0.1	3973	J_M2	J	high	1	17975	7977	8.984443032465352	9.57227147806062
C394	Intermediate	Post	author	2plus_vs_1	0.2	3974	E_M2	E	low	20	265812	102531	8.499519836432757	9.174059226473394
C394	Intermediate	Post	author	2plus_vs_1	0.2	3975	E_M2	E	high	20	247619	102397	8.501578437034976	9.126108754958072
C394	Intermediate	Post	author	2plus_vs_1	0.2	3976	G_M2	G	low	9	133131	44903	8.479328192899452	9.22972017225094
C394	Intermediate	Post	author	2plus_vs_1	0.2	3977	G_M2	G	high	9	133750	45666	8.489768494539327	9.199575315779715
C394	Intermediate	Post	author	2plus_vs_1	0.2	3978	I_M2	I	low	11	51356	47115	8.26932546352217	8.34595764454702
C394	Intermediate	Post	author	2plus_vs_1	0.2	3979	I_M2	I	high	11	53392	47789	8.268759244482863	8.379501679696743
C394	Intermediate	Post	author	2plus_vs_1	0.2	3980	J_M2	J	low	4	36714	28711	8.850129380966145	8.803699678832173
C394	Intermediate	Post	author	2plus_vs_1	0.2	3981	J_M2	J	high	4	41052	26983	8.803133697739336	8.868985843138315
C394	Intermediate	Post	author	2plus_vs_1	0.2	3982	N_M2	N	low	1	13514	14031	9.549095714611964	9.207837241758064
C394	Intermediate	Post	author	2plus_vs_1	0.2	3983	N_M2	N	high	1	9881	13109	9.481130576757746	9.037057839832897
C395	Intermediate	Post	author	2plus_vs_1	0.3	3984	E_M2	E	low	23	294389	123798	8.51920820818538	9.140843031260333
C395	Intermediate	Post	author	2plus_vs_1	0.3	3985	E_M2	E	high	23	284507	130450	8.576191471403858	9.108782826811536
C395	Intermediate	Post	author	2plus_vs_1	0.3	3986	G_M2	G	low	15	185888	70310	8.416573404583875	8.935111085527133
C395	Intermediate	Post	author	2plus_vs_1	0.3	3987	G_M2	G	high	15	186260	73692	8.438737606168347	8.884496191044855
C395	Intermediate	Post	author	2plus_vs_1	0.3	3988	I_M2	I	low	12	54609	51204	8.273240028981725	8.31944474486563
C395	Intermediate	Post	author	2plus_vs_1	0.3	3989	I_M2	I	high	12	57157	53103	8.283681399128955	8.342168384206579
C395	Intermediate	Post	author	2plus_vs_1	0.3	3990	J_M2	J	low	7	74115	49036	8.822862969343301	8.967919272555275
C395	Intermediate	Post	author	2plus_vs_1	0.3	3991	J_M2	J	high	7	75755	49200	8.8297388075898	9.011199075366534
C395	Intermediate	Post	author	2plus_vs_1	0.3	3992	N_M2	N	low	3	33563	21748	8.673715437890662	8.981201604159189
C395	Intermediate	Post	author	2plus_vs_1	0.3	3993	N_M2	N	high	3	33741	20775	8.661470811709291	8.99641484485002
C396	Intermediate	Post	author	3plus_vs_1	none	3994	E_M2	E	low	26	300460	142502	8.526899762933112	8.952163185335742
C396	Intermediate	Post	author	3plus_vs_1	none	3995	E_M2	E	high	20	218308	150931	8.805864108411932	8.89032083331276
C396	Intermediate	Post	author	3plus_vs_1	none	3996	G_M2	G	low	17	194048	80325	8.427289364857216	8.849183631480829
C396	Intermediate	Post	author	3plus_vs_1	none	3997	G_M2	G	high	15	185034	121552	8.813360814243023	8.988769817447858
C396	Intermediate	Post	author	3plus_vs_1	none	3998	I_M2	I	low	25	126531	123919	8.346421815487906	8.34367431126825
C396	Intermediate	Post	author	3plus_vs_1	none	3999	I_M2	I	high	4	18879	37441	8.945003882492	8.210501406544774
C396	Intermediate	Post	author	3plus_vs_1	none	4000	J_M2	J	low	15	156830	76885	8.454268980212474	9.005824558511362
C396	Intermediate	Post	author	3plus_vs_1	none	4001	J_M2	J	high	7	99003	64945	9.086195611503255	9.331796673140646
C396	Intermediate	Post	author	3plus_vs_1	none	4002	N_M2	N	low	6	65722	35792	8.493132263451306	8.977343482992323
C396	Intermediate	Post	author	3plus_vs_1	none	4003	N_M2	N	high	7	92262	110677	9.455743331913022	9.181826615876279
C397	Intermediate	Post	author	3plus_vs_1	0.1	4004	E_M2	E	low	5	59394	23394	8.422967222698983	9.171323934552778
C397	Intermediate	Post	author	3plus_vs_1	0.1	4005	E_M2	E	high	5	57896	23622	8.437178334512007	9.125095199352232
C397	Intermediate	Post	author	3plus_vs_1	0.1	4006	G_M2	G	low	1	22808	4776	8.471568013389962	9.664659134301736
C397	Intermediate	Post	author	3plus_vs_1	0.1	4007	G_M2	G	high	1	20818	4834	8.483636407887394	9.641798060358601
C397	Intermediate	Post	author	3plus_vs_1	0.1	4008	I_M2	I	low	1	5112	4899	8.496990484098719	8.463159302923751
C397	Intermediate	Post	author	3plus_vs_1	0.1	4009	I_M2	I	high	1	5125	5140	8.545002892055505	8.460411177317253
C397	Intermediate	Post	author	3plus_vs_1	0.1	4010	J_M2	J	low	1	15878	8798	9.08239335764556	9.474088294132333
C397	Intermediate	Post	author	3plus_vs_1	0.1	4011	J_M2	J	high	1	17975	7977	8.984443032465352	9.57227147806062
C398	Intermediate	Post	author	3plus_vs_1	0.2	4012	E_M2	E	low	8	113283	43130	8.542748540168136	9.29469114556482
C398	Intermediate	Post	author	3plus_vs_1	0.2	4013	E_M2	E	high	8	108639	44032	8.574081256764096	9.255420593422773
C398	Intermediate	Post	author	3plus_vs_1	0.2	4014	G_M2	G	low	5	60696	28241	8.606551456009797	8.969474003971083
C398	Intermediate	Post	author	3plus_vs_1	0.2	4015	G_M2	G	high	5	55011	28602	8.616959019629741	8.902628845225923
C398	Intermediate	Post	author	3plus_vs_1	0.2	4016	I_M2	I	low	2	8601	8924	8.398759545149229	8.285439682417142
C398	Intermediate	Post	author	3plus_vs_1	0.2	4017	I_M2	I	high	2	8861	8604	8.347735401839754	8.310750345081525
C398	Intermediate	Post	author	3plus_vs_1	0.2	4018	J_M2	J	low	2	28452	14048	8.824283585641709	9.358641501489732
C398	Intermediate	Post	author	3plus_vs_1	0.2	4019	J_M2	J	high	2	32342	13766	8.824165301516196	9.473299850071125
C398	Intermediate	Post	author	3plus_vs_1	0.2	4020	N_M2	N	low	1	13514	14031	9.549095714611964	9.207837241758064
C398	Intermediate	Post	author	3plus_vs_1	0.2	4021	N_M2	N	high	1	9881	13109	9.481130576757746	9.037057839832897
C399	Intermediate	Post	author	3plus_vs_1	0.3	4022	E_M2	E	low	12	146331	74871	8.650549811948764	9.140731397691457
C399	Intermediate	Post	author	3plus_vs_1	0.3	4023	E_M2	E	high	12	138826	73557	8.659466087447484	9.061849250517573
C399	Intermediate	Post	author	3plus_vs_1	0.3	4024	G_M2	G	low	9	98171	46120	8.508637084006791	8.874711010665315
C399	Intermediate	Post	author	3plus_vs_1	0.3	4025	G_M2	G	high	9	95549	48542	8.561709011044105	8.84690954657674
C399	Intermediate	Post	author	3plus_vs_1	0.3	4026	I_M2	I	low	3	15085	17799	8.629541791450313	8.419440510603403
C399	Intermediate	Post	author	3plus_vs_1	0.3	4027	I_M2	I	high	3	17400	19322	8.658414650123676	8.522277768908774
C399	Intermediate	Post	author	3plus_vs_1	0.3	4028	J_M2	J	low	4	55139	29670	8.887980485810871	9.297521374513577
C399	Intermediate	Post	author	3plus_vs_1	0.3	4029	J_M2	J	high	4	55929	30535	8.912116056346886	9.299395251558662
C399	Intermediate	Post	author	3plus_vs_1	0.3	4030	N_M2	N	low	1	13514	14031	9.549095714611964	9.207837241758064
C399	Intermediate	Post	author	3plus_vs_1	0.3	4031	N_M2	N	high	1	9881	13109	9.481130576757746	9.037057839832897
C400	Intermediate	Post	author	4plus_vs_1	none	4032	E_M2	E	low	26	300460	142502	8.526899762933112	8.952163185335742
C400	Intermediate	Post	author	4plus_vs_1	none	4033	E_M2	E	high	11	114677	93077	8.919993906271275	8.885184588496358
C400	Intermediate	Post	author	4plus_vs_1	none	4034	G_M2	G	low	17	194048	80325	8.427289364857216	8.849183631480829
C400	Intermediate	Post	author	4plus_vs_1	none	4035	G_M2	G	high	9	126252	82944	8.952424777040703	9.180989273154271
C400	Intermediate	Post	author	4plus_vs_1	none	4036	J_M2	J	low	15	156830	76885	8.454268980212474	9.005824558511362
C400	Intermediate	Post	author	4plus_vs_1	none	4037	J_M2	J	high	4	57382	44013	9.269449060374118	9.343965991478441
C400	Intermediate	Post	author	4plus_vs_1	none	4038	N_M2	N	low	6	65722	35792	8.493132263451306	8.977343482992323
C400	Intermediate	Post	author	4plus_vs_1	none	4039	N_M2	N	high	4	42366	74044	9.666516351945798	8.988274017201086
C401	Intermediate	Post	author	4plus_vs_1	0.1	4040	E_M2	E	low	3	31316	14487	8.448163356986873	9.061750561278538
C401	Intermediate	Post	author	4plus_vs_1	0.1	4041	E_M2	E	high	3	30692	14115	8.433215739437564	9.013916775723748
C401	Intermediate	Post	author	4plus_vs_1	0.1	4042	G_M2	G	low	1	22808	4776	8.471568013389962	9.664659134301736
C401	Intermediate	Post	author	4plus_vs_1	0.1	4043	G_M2	G	high	1	20818	4834	8.483636407887394	9.641798060358601
C402	Intermediate	Post	author	4plus_vs_1	0.2	4044	E_M2	E	low	5	63732	29601	8.62656863096451	9.196066438571671
C402	Intermediate	Post	author	4plus_vs_1	0.2	4045	E_M2	E	high	5	60609	31066	8.664962543932685	9.158588458083411
C402	Intermediate	Post	author	4plus_vs_1	0.2	4046	G_M2	G	low	2	38585	8624	8.363568333336854	9.537048118216788
C402	Intermediate	Post	author	4plus_vs_1	0.2	4047	G_M2	G	high	2	33724	9286	8.442484856604548	9.449892542901068
C402	Intermediate	Post	author	4plus_vs_1	0.2	4048	N_M2	N	low	1	13514	14031	9.549095714611964	9.207837241758064
C402	Intermediate	Post	author	4plus_vs_1	0.2	4049	N_M2	N	high	1	13212	16179	9.691531190612483	9.281916570465405
C403	Intermediate	Post	author	4plus_vs_1	0.3	4050	E_M2	E	low	6	75423	38758	8.709204374673266	9.194635545114743
C403	Intermediate	Post	author	4plus_vs_1	0.3	4051	E_M2	E	high	6	75320	39828	8.733851051786544	9.19874951257406
C403	Intermediate	Post	author	4plus_vs_1	0.3	4052	G_M2	G	low	6	71227	32149	8.553484337586406	8.941824786602725
C403	Intermediate	Post	author	4plus_vs_1	0.3	4053	G_M2	G	high	6	74059	34558	8.626334551738685	8.99260324803166
C403	Intermediate	Post	author	4plus_vs_1	0.3	4054	J_M2	J	low	2	28452	14048	8.824283585641709	9.358641501489732
C403	Intermediate	Post	author	4plus_vs_1	0.3	4055	J_M2	J	high	2	32283	17580	9.05366710941329	9.411569869112249
C403	Intermediate	Post	author	4plus_vs_1	0.3	4056	N_M2	N	low	1	13514	14031	9.549095714611964	9.207837241758064
C403	Intermediate	Post	author	4plus_vs_1	0.3	4057	N_M2	N	high	1	13212	16179	9.691531190612483	9.281916570465405
C404	Intermediate	Post	author	3plus_vs_1to2	none	4058	E_M2	E	low	52	625174	278161	8.492946407244673	9.033598757639671
C404	Intermediate	Post	author	3plus_vs_1to2	none	4059	E_M2	E	high	20	218308	150931	8.805864108411932	8.89032083331276
C404	Intermediate	Post	author	3plus_vs_1to2	none	4060	G_M2	G	low	31	402450	172560	8.517454549160767	9.000796817779179
C404	Intermediate	Post	author	3plus_vs_1to2	none	4061	G_M2	G	high	15	185034	121552	8.813360814243023	8.988769817447858
C404	Intermediate	Post	author	3plus_vs_1to2	none	4062	I_M2	I	low	38	179648	181383	8.330583829144254	8.280367383121005
C404	Intermediate	Post	author	3plus_vs_1to2	none	4063	I_M2	I	high	4	18879	37441	8.945003882492	8.210501406544774
C404	Intermediate	Post	author	3plus_vs_1to2	none	4064	J_M2	J	low	21	196513	120347	8.56478326166644	8.893068920498902
C404	Intermediate	Post	author	3plus_vs_1to2	none	4065	J_M2	J	high	7	99003	64945	9.086195611503255	9.331796673140646
C404	Intermediate	Post	author	3plus_vs_1to2	none	4066	N_M2	N	low	10	119988	54161	8.401216750953557	9.054816939154485
C404	Intermediate	Post	author	3plus_vs_1to2	none	4067	N_M2	N	high	7	92262	110677	9.455743331913022	9.181826615876279
C405	Intermediate	Post	author	3plus_vs_1to2	0.1	4068	E_M2	E	low	6	71086	30141	8.48959862494457	9.172961449939386
C405	Intermediate	Post	author	3plus_vs_1to2	0.1	4069	E_M2	E	high	6	69140	29972	8.490376538727167	9.129521228731443
C405	Intermediate	Post	author	3plus_vs_1to2	0.1	4070	G_M2	G	low	2	37445	8341	8.325383905906524	9.487467667445259
C405	Intermediate	Post	author	3plus_vs_1to2	0.1	4071	G_M2	G	high	2	33217	8471	8.34141288348273	9.429755593332098
C405	Intermediate	Post	author	3plus_vs_1to2	0.1	4072	I_M2	I	low	1	5112	4899	8.496990484098719	8.463159302923751
C405	Intermediate	Post	author	3plus_vs_1to2	0.1	4073	I_M2	I	high	1	5125	5140	8.545002892055505	8.460411177317253
C405	Intermediate	Post	author	3plus_vs_1to2	0.1	4074	J_M2	J	low	1	15878	8798	9.08239335764556	9.474088294132333
C405	Intermediate	Post	author	3plus_vs_1to2	0.1	4075	J_M2	J	high	1	17975	7977	8.984443032465352	9.57227147806062
C406	Intermediate	Post	author	3plus_vs_1to2	0.2	4076	E_M2	E	low	10	141956	56192	8.571090658406849	9.262277322662346
C406	Intermediate	Post	author	3plus_vs_1to2	0.2	4077	E_M2	E	high	10	132983	58651	8.61602363901097	9.215166304759565
C406	Intermediate	Post	author	3plus_vs_1to2	0.2	4078	G_M2	G	low	9	124085	60755	8.744134043342187	9.17840649449079
C406	Intermediate	Post	author	3plus_vs_1to2	0.2	4079	G_M2	G	high	9	121174	64060	8.78492652397074	9.161147639013475
C406	Intermediate	Post	author	3plus_vs_1to2	0.2	4080	I_M2	I	low	3	15898	18491	8.654566188829621	8.45639436110642
C406	Intermediate	Post	author	3plus_vs_1to2	0.2	4081	I_M2	I	high	3	17400	19322	8.658414650123676	8.522277768908774
C406	Intermediate	Post	author	3plus_vs_1to2	0.2	4082	J_M2	J	low	4	46571	27047	8.80020522963205	9.155895263572699
C406	Intermediate	Post	author	3plus_vs_1to2	0.2	4083	J_M2	J	high	4	52567	27677	8.835569513661977	9.265960184081194
C406	Intermediate	Post	author	3plus_vs_1to2	0.2	4084	N_M2	N	low	2	32412	17890	8.90375908853542	9.36473927589233
C406	Intermediate	Post	author	3plus_vs_1to2	0.2	4085	N_M2	N	high	2	31421	16515	8.807358997209356	9.375418308570527
C407	Intermediate	Post	author	3plus_vs_1to2	0.3	4086	E_M2	E	low	13	165405	82920	8.665809748260793	9.150891365149628
C407	Intermediate	Post	author	3plus_vs_1to2	0.3	4087	E_M2	E	high	13	157499	84158	8.70633776853212	9.103210122602245
C407	Intermediate	Post	author	3plus_vs_1to2	0.3	4088	G_M2	G	low	12	146136	75168	8.674261493367231	9.017076103860767
C407	Intermediate	Post	author	3plus_vs_1to2	0.3	4089	G_M2	G	high	12	142519	80185	8.734673813151415	8.991487696265585
C407	Intermediate	Post	author	3plus_vs_1to2	0.3	4090	I_M2	I	low	3	15898	18491	8.654566188829621	8.45639436110642
C407	Intermediate	Post	author	3plus_vs_1to2	0.3	4091	I_M2	I	high	3	17400	19322	8.658414650123676	8.522277768908774
C407	Intermediate	Post	author	3plus_vs_1to2	0.3	4092	J_M2	J	low	5	64684	33668	8.799794727327079	9.239712907970977
C407	Intermediate	Post	author	3plus_vs_1to2	0.3	4093	J_M2	J	high	5	73904	38512	8.926581451570579	9.353970496859054
C407	Intermediate	Post	author	3plus_vs_1to2	0.3	4094	N_M2	N	low	2	32412	17890	8.90375908853542	9.36473927589233
C407	Intermediate	Post	author	3plus_vs_1to2	0.3	4095	N_M2	N	high	2	31421	16515	8.807358997209356	9.375418308570527
C408	Intermediate	Post	author	positive_q25	none	4096	E_M2	E	low	18	235542	127212	8.777907723456448	9.005651298019533
C408	Intermediate	Post	author	positive_q25	none	4097	E_M2	E	high	18	169805	79570	8.299947924647718	8.797282625408748
C408	Intermediate	Post	author	positive_q25	none	4098	G_M2	G	low	12	153998	109694	8.966837672310325	9.119598862291953
C408	Intermediate	Post	author	positive_q25	none	4099	G_M2	G	high	12	124433	54318	8.325947144159029	8.835955704605627
C408	Intermediate	Post	author	positive_q25	none	4100	I_M2	I	low	11	69690	99592	8.982458577079651	8.47148963428338
C408	Intermediate	Post	author	positive_q25	none	4101	I_M2	I	high	11	42559	36169	8.044915289586605	8.149919609262488
C408	Intermediate	Post	author	positive_q25	none	4102	J_M2	J	low	7	71893	56583	8.959605020159831	8.946534154396616
C408	Intermediate	Post	author	positive_q25	none	4103	J_M2	J	high	7	91545	59342	8.913096994932312	9.266336420797401
C408	Intermediate	Post	author	positive_q25	none	4104	L_M2	L	low	2	38026	28076	9.507151551786244	9.546694911072306
C408	Intermediate	Post	author	positive_q25	none	4105	L_M2	L	high	2	33440	25596	9.455746188643282	9.412323244288338
C408	Intermediate	Post	author	positive_q25	none	4106	N_M2	N	low	5	79537	55864	9.201048443699943	9.377226511601616
C408	Intermediate	Post	author	positive_q25	none	4107	N_M2	N	high	5	50637	31697	8.466639414879193	8.902322923650358
C409	Intermediate	Post	author	positive_q25	0.1	4108	E_M2	E	low	1	10787	6666	8.80492526261806	9.107088742165708
C409	Intermediate	Post	author	positive_q25	0.1	4109	E_M2	E	high	1	9759	6114	8.718500048121273	9.020873347021357
C409	Intermediate	Post	author	positive_q25	0.1	4110	G_M2	G	low	1	22808	4776	8.471568013389962	9.664659134301736
C409	Intermediate	Post	author	positive_q25	0.1	4111	G_M2	G	high	1	20818	4834	8.483636407887394	9.641798060358601
C409	Intermediate	Post	author	positive_q25	0.1	4112	I_M2	I	low	1	5112	4899	8.496990484098719	8.463159302923751
C409	Intermediate	Post	author	positive_q25	0.1	4113	I_M2	I	high	1	5125	5140	8.545002892055505	8.460411177317253
C410	Intermediate	Post	author	positive_q25	0.2	4114	E_M2	E	low	5	78447	30833	8.685736739779069	9.380388837950273
C410	Intermediate	Post	author	positive_q25	0.2	4115	E_M2	E	high	5	74126	32051	8.707082584702523	9.339696356483298
C410	Intermediate	Post	author	positive_q25	0.2	4116	G_M2	G	low	3	43721	21942	8.80901999932811	9.212584310397942
C410	Intermediate	Post	author	positive_q25	0.2	4117	G_M2	G	high	3	45136	19709	8.726585745722701	9.294849652608184
C410	Intermediate	Post	author	positive_q25	0.2	4118	I_M2	I	low	2	9073	10012	8.518363819974926	8.340298920326969
C410	Intermediate	Post	author	positive_q25	0.2	4119	I_M2	I	high	2	9447	9654	8.480081678953296	8.381462447915705
C410	Intermediate	Post	author	positive_q25	0.2	4120	J_M2	J	low	1	12574	5250	8.566173813637858	9.24319470884713
C410	Intermediate	Post	author	positive_q25	0.2	4121	J_M2	J	high	1	14367	5789	8.663887570567042	9.374328222081633
C410	Intermediate	Post	author	positive_q25	0.2	4122	L_M2	L	low	1	23894	10033	9.213734605044198	9.727585347544357
C410	Intermediate	Post	author	positive_q25	0.2	4123	L_M2	L	high	1	20641	12127	9.403272107882152	9.620726684403415
C411	Intermediate	Post	author	positive_q25	0.3	4124	E_M2	E	low	7	99555	40873	8.638778649617674	9.295791456769026
C411	Intermediate	Post	author	positive_q25	0.3	4125	E_M2	E	high	7	96425	39792	8.577526264882003	9.26194936785951
C411	Intermediate	Post	author	positive_q25	0.3	4126	G_M2	G	low	5	60077	33608	8.75395858299223	9.042012788101395
C411	Intermediate	Post	author	positive_q25	0.3	4127	G_M2	G	high	5	65751	30346	8.662226899146964	9.193266226397721
C411	Intermediate	Post	author	positive_q25	0.3	4128	I_M2	I	low	2	9073	10012	8.518363819974926	8.340298920326969
C411	Intermediate	Post	author	positive_q25	0.3	4129	I_M2	I	high	2	9447	9654	8.480081678953296	8.381462447915705
C411	Intermediate	Post	author	positive_q25	0.3	4130	J_M2	J	low	4	55139	29670	8.887980485810871	9.297521374513577
C411	Intermediate	Post	author	positive_q25	0.3	4131	J_M2	J	high	4	55929	30535	8.912116056346886	9.299395251558662
C411	Intermediate	Post	author	positive_q25	0.3	4132	L_M2	L	low	2	38026	28076	9.507151551786244	9.546694911072306
C411	Intermediate	Post	author	positive_q25	0.3	4133	L_M2	L	high	2	33440	25596	9.455746188643282	9.412323244288338
C412	Intermediate	Post	author	positive_q33	none	4134	E_M2	E	low	24	298251	167250	8.762673301771416	8.98830321120856
C412	Intermediate	Post	author	positive_q33	none	4135	E_M2	E	high	24	240475	114238	8.36148372514579	8.843168850061504
C412	Intermediate	Post	author	positive_q33	none	4136	G_M2	G	low	16	228210	140822	8.937024304208247	9.219347065616528
C412	Intermediate	Post	author	positive_q33	none	4137	G_M2	G	high	15	142907	66876	8.32391018046438	8.685048161066643
C412	Intermediate	Post	author	positive_q33	none	4138	I_M2	I	low	15	87842	116996	8.820922024564306	8.437532572709706
C412	Intermediate	Post	author	positive_q33	none	4139	I_M2	I	high	14	51405	45525	8.03460693340073	8.091790422728181
C412	Intermediate	Post	author	positive_q33	none	4140	J_M2	J	low	10	112395	70382	8.801872595305912	9.05075310572196
C412	Intermediate	Post	author	positive_q33	none	4141	J_M2	J	high	9	113882	72315	8.876968334259525	9.192213975817083
C412	Intermediate	Post	author	positive_q33	none	4142	L_M2	L	low	3	58052	44788	9.579415080753803	9.552891213293792
C412	Intermediate	Post	author	positive_q33	none	4143	L_M2	L	high	3	52456	47869	9.640889245079869	9.460116014863772
C412	Intermediate	Post	author	positive_q33	none	4144	N_M2	N	low	6	89418	68973	9.247728799209577	9.320531732973494
C412	Intermediate	Post	author	positive_q33	none	4145	N_M2	N	high	6	69535	35556	8.431936589475807	9.005542654713064
C413	Intermediate	Post	author	positive_q33	0.1	4146	E_M2	E	low	4	45925	20006	8.495249621808059	9.131310736275504
C413	Intermediate	Post	author	positive_q33	0.1	4147	E_M2	E	high	4	45766	19892	8.490365024834716	9.110036446947285
C413	Intermediate	Post	author	positive_q33	0.1	4148	G_M2	G	low	1	22808	4776	8.471568013389962	9.664659134301736
C413	Intermediate	Post	author	positive_q33	0.1	4149	G_M2	G	high	1	20818	4834	8.483636407887394	9.641798060358601
C413	Intermediate	Post	author	positive_q33	0.1	4150	I_M2	I	low	2	9321	9673	8.484069868506776	8.373957948057093
C413	Intermediate	Post	author	positive_q33	0.1	4151	I_M2	I	high	2	9447	9654	8.480081678953296	8.381462447915705
C413	Intermediate	Post	author	positive_q33	0.1	4152	J_M2	J	low	1	15878	8798	9.08239335764556	9.474088294132333
C413	Intermediate	Post	author	positive_q33	0.1	4153	J_M2	J	high	1	17975	7977	8.984443032465352	9.57227147806062
C414	Intermediate	Post	author	positive_q33	0.2	4154	E_M2	E	low	11	131488	57670	8.52992302397898	9.028243397709279
C414	Intermediate	Post	author	positive_q33	0.2	4155	E_M2	E	high	11	130416	57010	8.493708669383302	9.024476043193923
C414	Intermediate	Post	author	positive_q33	0.2	4156	G_M2	G	low	4	48455	25026	8.712852403106048	8.900661601777315
C414	Intermediate	Post	author	positive_q33	0.2	4157	G_M2	G	high	4	47591	25241	8.699560670016552	8.910186075443168
C414	Intermediate	Post	author	positive_q33	0.2	4158	I_M2	I	low	4	17654	17961	8.406863968038085	8.318635189006335
C414	Intermediate	Post	author	positive_q33	0.2	4159	I_M2	I	high	4	17732	16564	8.313972709011866	8.31819723711712
C414	Intermediate	Post	author	positive_q33	0.2	4160	J_M2	J	low	2	28452	14048	8.824283585641709	9.358641501489732
C414	Intermediate	Post	author	positive_q33	0.2	4161	J_M2	J	high	2	32342	13766	8.824165301516196	9.473299850071125
C414	Intermediate	Post	author	positive_q33	0.2	4162	L_M2	L	low	1	23894	10033	9.213734605044198	9.727585347544357
C414	Intermediate	Post	author	positive_q33	0.2	4163	L_M2	L	high	1	20641	12127	9.403272107882152	9.620726684403415
C415	Intermediate	Post	author	positive_q33	0.3	4164	E_M2	E	low	13	158715	67742	8.529098612513842	9.0716143974181
C415	Intermediate	Post	author	positive_q33	0.3	4165	E_M2	E	high	13	153993	65895	8.475644924237454	9.043785818893573
C415	Intermediate	Post	author	positive_q33	0.3	4166	G_M2	G	low	6	68550	35325	8.653824504940024	8.944523090997306
C415	Intermediate	Post	author	positive_q33	0.3	4167	G_M2	G	high	6	68206	35878	8.654936656438823	8.953754412656123
C415	Intermediate	Post	author	positive_q33	0.3	4168	I_M2	I	low	4	17654	17961	8.406863968038085	8.318635189006335
C415	Intermediate	Post	author	positive_q33	0.3	4169	I_M2	I	high	4	17732	16564	8.313972709011866	8.31819723711712
C415	Intermediate	Post	author	positive_q33	0.3	4170	J_M2	J	low	5	58578	35411	8.841496960784898	9.054621083445127
C415	Intermediate	Post	author	positive_q33	0.3	4171	J_M2	J	high	5	60291	35531	8.83301144734635	9.098176072989194
C415	Intermediate	Post	author	positive_q33	0.3	4172	L_M2	L	low	3	58052	44788	9.579415080753803	9.552891213293792
C415	Intermediate	Post	author	positive_q33	0.3	4173	L_M2	L	high	3	52456	47869	9.640889245079869	9.460116014863772
C415	Intermediate	Post	author	positive_q33	0.3	4174	N_M2	N	low	1	15052	4664	8.447843113281444	9.312445594913337
C415	Intermediate	Post	author	positive_q33	0.3	4175	N_M2	N	high	1	18898	3859	8.258422462458876	9.521641310026597
C416	Intermediate	Post	author	detected_vs_zero	none	4176	E_M2	E	low	38	378320	151999	8.198020359055699	8.87051074518372
C416	Intermediate	Post	author	detected_vs_zero	none	4177	E_M2	E	high	72	843482	429092	8.579867990902244	8.993799334215531
C416	Intermediate	Post	author	detected_vs_zero	none	4178	G_M2	G	low	18	210333	85509	8.323659073771939	8.909657792445431
C416	Intermediate	Post	author	detected_vs_zero	none	4179	G_M2	G	high	46	587484	294112	8.613945722557155	8.996874969845054
C416	Intermediate	Post	author	detected_vs_zero	none	4180	I_M2	I	low	21	82530	73670	8.044287268478339	8.114142352897353
C416	Intermediate	Post	author	detected_vs_zero	none	4181	I_M2	I	high	42	198527	218824	8.389100024701182	8.273713480589935
C416	Intermediate	Post	author	detected_vs_zero	none	4182	J_M2	J	low	14	155772	55484	8.243820027770091	8.998117338140297
C416	Intermediate	Post	author	detected_vs_zero	none	4183	J_M2	J	high	28	295516	185292	8.695136349125644	9.002750858659336
C416	Intermediate	Post	author	detected_vs_zero	none	4184	N_M2	N	low	9	84656	34645	8.128120860915836	8.675674424867841
C416	Intermediate	Post	author	detected_vs_zero	none	4185	N_M2	N	high	17	212250	164838	8.835433578407452	9.107115041334048
C417	Intermediate	Post	author	detected_vs_zero	0.1	4186	E_M2	E	low	18	208374	85242	8.399240423105034	9.092236245218485
C417	Intermediate	Post	author	detected_vs_zero	0.1	4187	E_M2	E	high	18	210211	86720	8.420934989776526	9.097127246062605
C417	Intermediate	Post	author	detected_vs_zero	0.1	4188	G_M2	G	low	5	80231	19464	8.259908252509197	9.378633248087624
C417	Intermediate	Post	author	detected_vs_zero	0.1	4189	G_M2	G	high	5	77432	19333	8.25531765044678	9.356419113922403
C417	Intermediate	Post	author	detected_vs_zero	0.1	4190	I_M2	I	low	9	38436	29814	8.071849882832094	8.239634510746944
C417	Intermediate	Post	author	detected_vs_zero	0.1	4191	I_M2	I	high	9	37620	31081	8.103620812157954	8.22434524528601
C417	Intermediate	Post	author	detected_vs_zero	0.1	4192	J_M2	J	low	5	66230	20947	8.302537547277177	9.271301643190027
C417	Intermediate	Post	author	detected_vs_zero	0.1	4193	J_M2	J	high	5	63593	21423	8.32808346840938	9.247807279389658
C417	Intermediate	Post	author	detected_vs_zero	0.1	4194	N_M2	N	low	1	4572	2361	7.767263996757308	8.354203562921775
C417	Intermediate	Post	author	detected_vs_zero	0.1	4195	N_M2	N	high	1	5159	2240	7.714677473800927	8.452547997922705
C418	Intermediate	Post	author	detected_vs_zero	0.2	4196	E_M2	E	low	28	310545	125310	8.340859548196807	9.02353012321965
C418	Intermediate	Post	author	detected_vs_zero	0.2	4197	E_M2	E	high	28	326083	130252	8.374501772919823	9.057264131861402
C418	Intermediate	Post	author	detected_vs_zero	0.2	4198	G_M2	G	low	13	152149	56689	8.287973021995116	8.917067502545589
C418	Intermediate	Post	author	detected_vs_zero	0.2	4199	G_M2	G	high	13	161215	59153	8.31935389622789	8.953458854340393
C418	Intermediate	Post	author	detected_vs_zero	0.2	4200	I_M2	I	low	15	66117	48043	8.012116113606574	8.251713935964618
C418	Intermediate	Post	author	detected_vs_zero	0.2	4201	I_M2	I	high	15	67785	49893	8.049956572690526	8.272767065589894
C418	Intermediate	Post	author	detected_vs_zero	0.2	4202	J_M2	J	low	10	126507	44046	8.367102192779747	9.206682250290834
C418	Intermediate	Post	author	detected_vs_zero	0.2	4203	J_M2	J	high	10	119705	48678	8.457856510562618	9.150490723317526
C418	Intermediate	Post	author	detected_vs_zero	0.2	4204	N_M2	N	low	2	21631	6680	8.06913733899773	8.884109601508385
C418	Intermediate	Post	author	detected_vs_zero	0.2	4205	N_M2	N	high	2	18935	5984	7.971427184876124	8.844862511926223
C419	Intermediate	Post	author	detected_vs_zero	0.3	4206	E_M2	E	low	34	350603	145077	8.28745789046686	8.921274916502885
C419	Intermediate	Post	author	detected_vs_zero	0.3	4207	E_M2	E	high	34	397128	163370	8.41598594581501	9.018044909442906
C419	Intermediate	Post	author	detected_vs_zero	0.3	4208	G_M2	G	low	14	168216	62978	8.32074040254507	8.953357618000021
C419	Intermediate	Post	author	detected_vs_zero	0.3	4209	G_M2	G	high	14	186780	68748	8.42115650796506	9.031398316147989
C419	Intermediate	Post	author	detected_vs_zero	0.3	4210	I_M2	I	low	18	74692	60416	8.03199225776707	8.188937191169323
C419	Intermediate	Post	author	detected_vs_zero	0.3	4211	I_M2	I	high	18	72795	64514	8.110728919543153	8.177386323462539
C419	Intermediate	Post	author	detected_vs_zero	0.3	4212	J_M2	J	low	12	150662	49830	8.295032384962756	9.202490616387331
C419	Intermediate	Post	author	detected_vs_zero	0.3	4213	J_M2	J	high	12	140264	52735	8.340768145487154	9.146819950783014
C419	Intermediate	Post	author	detected_vs_zero	0.3	4214	N_M2	N	low	5	69128	23523	8.398807217374895	9.169143507075232
C419	Intermediate	Post	author	detected_vs_zero	0.3	4215	N_M2	N	high	5	68589	22927	8.365721561991181	9.183490887116262
C420	Intermediate	Post	trim95	2plus_vs_1	none	4216	E_M2	E	low	23	251823	118043	8.478080037449885	8.910087668047707
C420	Intermediate	Post	trim95	2plus_vs_1	none	4217	E_M2	E	high	39	437051	200282	8.474080488402036	8.989807094424142
C420	Intermediate	Post	trim95	2plus_vs_1	none	4218	G_M2	G	low	16	168498	75818	8.428144395463313	8.784415338464987
C420	Intermediate	Post	trim95	2plus_vs_1	none	4219	G_M2	G	high	25	319216	156665	8.614643177725858	9.009097600659954
C420	Intermediate	Post	trim95	2plus_vs_1	none	4220	I_M2	I	low	23	99496	97509	8.263926432393088	8.26204574822745
C420	Intermediate	Post	trim95	2plus_vs_1	none	4221	I_M2	I	high	14	54681	56501	8.245066531983797	8.134664267755001
C420	Intermediate	Post	trim95	2plus_vs_1	none	4222	J_M2	J	low	14	138717	70264	8.429705856077138	8.965170349436166
C420	Intermediate	Post	trim95	2plus_vs_1	none	4223	J_M2	J	high	8	65783	50912	8.748860746087063	8.777563792587227
C420	Intermediate	Post	trim95	2plus_vs_1	none	4224	N_M2	N	low	6	65722	35792	8.493132263451306	8.977343482992323
C420	Intermediate	Post	trim95	2plus_vs_1	none	4225	N_M2	N	high	8	90360	70429	8.841848057337197	9.025589574474093
C421	Intermediate	Post	trim95	2plus_vs_1	0.1	4226	E_M2	E	low	10	127342	45542	8.405757849395927	9.231453598424224
C421	Intermediate	Post	trim95	2plus_vs_1	0.1	4227	E_M2	E	high	10	126026	45349	8.403699209946605	9.216246872000024
C421	Intermediate	Post	trim95	2plus_vs_1	0.1	4228	G_M2	G	low	4	73694	16707	8.328974650568293	9.532542610722178
C421	Intermediate	Post	trim95	2plus_vs_1	0.1	4229	G_M2	G	high	4	73780	15932	8.279506796360607	9.526778733106568
C421	Intermediate	Post	trim95	2plus_vs_1	0.1	4230	I_M2	I	low	4	19899	17982	8.375070459372335	8.415827056325979
C421	Intermediate	Post	trim95	2plus_vs_1	0.1	4231	I_M2	I	high	4	20184	18147	8.390771648335438	8.423635871969282
C422	Intermediate	Post	trim95	2plus_vs_1	0.2	4232	E_M2	E	low	18	222142	91573	8.48874649196352	9.116081358838052
C422	Intermediate	Post	trim95	2plus_vs_1	0.2	4233	E_M2	E	high	18	210225	91364	8.489024447714108	9.076816298631456
C422	Intermediate	Post	trim95	2plus_vs_1	0.2	4234	G_M2	G	low	9	133131	44903	8.479328192899452	9.229720172250937
C422	Intermediate	Post	trim95	2plus_vs_1	0.2	4235	G_M2	G	high	9	130598	45787	8.492584530582807	9.185183250382472
C422	Intermediate	Post	trim95	2plus_vs_1	0.2	4236	I_M2	I	low	10	44872	38240	8.18714738146914	8.311809192304128
C422	Intermediate	Post	trim95	2plus_vs_1	0.2	4237	I_M2	I	high	10	46095	38222	8.179017221312106	8.337621475817919
C422	Intermediate	Post	trim95	2plus_vs_1	0.2	4238	J_M2	J	low	3	20836	19913	8.772708055406339	8.580236807065452
C422	Intermediate	Post	trim95	2plus_vs_1	0.2	4239	J_M2	J	high	3	23077	19006	8.742697252830665	8.634557298164214
C422	Intermediate	Post	trim95	2plus_vs_1	0.2	4240	N_M2	N	low	1	13514	14031	9.549095714611964	9.207837241758064
C422	Intermediate	Post	trim95	2plus_vs_1	0.2	4241	N_M2	N	high	1	9881	13109	9.481130576757746	9.037057839832897
C423	Intermediate	Post	trim95	2plus_vs_1	0.3	4242	E_M2	E	low	20	245752	99339	8.46191179066751	9.120758163267782
C423	Intermediate	Post	trim95	2plus_vs_1	0.3	4243	E_M2	E	high	20	239767	106790	8.527653469835888	9.105201354597316
C423	Intermediate	Post	trim95	2plus_vs_1	0.3	4244	G_M2	G	low	14	160338	65803	8.416785156685604	8.867227854512338
C423	Intermediate	Post	trim95	2plus_vs_1	0.3	4245	G_M2	G	high	14	162290	68979	8.437340857787794	8.821151158338504
C423	Intermediate	Post	trim95	2plus_vs_1	0.3	4246	I_M2	I	low	11	48125	42329	8.19888855124802	8.285990433764692
C423	Intermediate	Post	trim95	2plus_vs_1	0.3	4247	I_M2	I	high	11	48618	42385	8.193127603895995	8.28733527217415
C423	Intermediate	Post	trim95	2plus_vs_1	0.3	4248	J_M2	J	low	6	55247	38173	8.717319083485707	8.85698790836299
C423	Intermediate	Post	trim95	2plus_vs_1	0.3	4249	J_M2	J	high	6	54418	38365	8.752923741653936	8.895396963265874
C423	Intermediate	Post	trim95	2plus_vs_1	0.3	4250	N_M2	N	low	3	33563	21748	8.673715437890662	8.981201604159189
C423	Intermediate	Post	trim95	2plus_vs_1	0.3	4251	N_M2	N	high	3	33741	20775	8.661470811709291	8.99641484485002
C424	Intermediate	Post	trim95	3plus_vs_1	none	4252	E_M2	E	low	23	251823	118043	8.478080037449885	8.910087668047707
C424	Intermediate	Post	trim95	3plus_vs_1	none	4253	E_M2	E	high	14	138711	81121	8.590455339943484	8.822006956629048
C424	Intermediate	Post	trim95	3plus_vs_1	none	4254	G_M2	G	low	16	168498	75818	8.428144395463313	8.784415338464987
C424	Intermediate	Post	trim95	3plus_vs_1	none	4255	G_M2	G	high	13	144599	82454	8.657201605253265	8.88292629024089
C424	Intermediate	Post	trim95	3plus_vs_1	none	4256	I_M2	I	low	23	99496	97509	8.263926432393088	8.26204574822745
C424	Intermediate	Post	trim95	3plus_vs_1	none	4257	I_M2	I	high	2	8861	8604	8.347735401839754	8.310750345081525
C424	Intermediate	Post	trim95	3plus_vs_1	none	4258	J_M2	J	low	14	138717	70264	8.429705856077138	8.965170349436166
C424	Intermediate	Post	trim95	3plus_vs_1	none	4259	J_M2	J	high	3	34592	19700	8.785945007394185	9.163856419421384
C424	Intermediate	Post	trim95	3plus_vs_1	none	4260	N_M2	N	low	6	65722	35792	8.493132263451306	8.977343482992323
C424	Intermediate	Post	trim95	3plus_vs_1	none	4261	N_M2	N	high	4	36094	52060	9.420352632467464	8.880152025550457
C425	Intermediate	Post	trim95	3plus_vs_1	0.1	4262	E_M2	E	low	5	59394	23394	8.422967222698983	9.171323934552778
C425	Intermediate	Post	trim95	3plus_vs_1	0.1	4263	E_M2	E	high	5	57896	23622	8.437178334512007	9.125095199352232
C425	Intermediate	Post	trim95	3plus_vs_1	0.1	4264	G_M2	G	low	1	22808	4776	8.471568013389962	9.664659134301736
C425	Intermediate	Post	trim95	3plus_vs_1	0.1	4265	G_M2	G	high	1	20818	4834	8.483636407887394	9.641798060358601
C425	Intermediate	Post	trim95	3plus_vs_1	0.1	4266	I_M2	I	low	1	5112	4899	8.496990484098719	8.463159302923751
C425	Intermediate	Post	trim95	3plus_vs_1	0.1	4267	I_M2	I	high	1	5125	5140	8.545002892055505	8.460411177317253
C426	Intermediate	Post	trim95	3plus_vs_1	0.2	4268	E_M2	E	low	7	91810	38508	8.557598456765266	9.23595716882666
C426	Intermediate	Post	trim95	3plus_vs_1	0.2	4269	E_M2	E	high	7	86319	38776	8.575047750470473	9.18603978345784
C426	Intermediate	Post	trim95	3plus_vs_1	0.2	4270	G_M2	G	low	5	60696	28241	8.606551456009797	8.969474003971083
C426	Intermediate	Post	trim95	3plus_vs_1	0.2	4271	G_M2	G	high	5	55011	28602	8.616959019629741	8.902628845225923
C426	Intermediate	Post	trim95	3plus_vs_1	0.2	4272	I_M2	I	low	2	8601	8924	8.398759545149229	8.285439682417142
C426	Intermediate	Post	trim95	3plus_vs_1	0.2	4273	I_M2	I	high	2	8861	8604	8.347735401839754	8.310750345081525
C426	Intermediate	Post	trim95	3plus_vs_1	0.2	4274	J_M2	J	low	1	12574	5250	8.566173813637858	9.24319470884713
C426	Intermediate	Post	trim95	3plus_vs_1	0.2	4275	J_M2	J	high	1	14367	5789	8.663887570567042	9.374328222081633
C426	Intermediate	Post	trim95	3plus_vs_1	0.2	4276	N_M2	N	low	1	13514	14031	9.549095714611964	9.207837241758064
C426	Intermediate	Post	trim95	3plus_vs_1	0.2	4277	N_M2	N	high	1	9881	13109	9.481130576757746	9.037057839832897
C427	Intermediate	Post	trim95	3plus_vs_1	0.3	4278	E_M2	E	low	10	119891	56748	8.585720551779513	9.15504414063165
C427	Intermediate	Post	trim95	3plus_vs_1	0.3	4279	E_M2	E	high	10	112662	57093	8.602180494252925	9.080881101188595
C427	Intermediate	Post	trim95	3plus_vs_1	0.3	4280	G_M2	G	low	9	98171	46120	8.508637084006791	8.874711010665315
C427	Intermediate	Post	trim95	3plus_vs_1	0.3	4281	G_M2	G	high	9	95549	48542	8.561709011044105	8.84690954657674
C427	Intermediate	Post	trim95	3plus_vs_1	0.3	4282	I_M2	I	low	2	8601	8924	8.398759545149229	8.285439682417142
C427	Intermediate	Post	trim95	3plus_vs_1	0.3	4283	I_M2	I	high	2	8861	8604	8.347735401839754	8.310750345081525
C427	Intermediate	Post	trim95	3plus_vs_1	0.3	4284	J_M2	J	low	3	36271	18807	8.698598552918208	9.185526013448444
C427	Intermediate	Post	trim95	3plus_vs_1	0.3	4285	J_M2	J	high	3	34592	19700	8.785945007394185	9.163856419421384
C427	Intermediate	Post	trim95	3plus_vs_1	0.3	4286	N_M2	N	low	1	13514	14031	9.549095714611964	9.207837241758064
C427	Intermediate	Post	trim95	3plus_vs_1	0.3	4287	N_M2	N	high	1	9881	13109	9.481130576757746	9.037057839832897
C428	Intermediate	Post	trim95	4plus_vs_1	none	4288	E_M2	E	low	23	251823	118043	8.478080037449885	8.910087668047707
C428	Intermediate	Post	trim95	4plus_vs_1	none	4289	E_M2	E	high	8	81216	50455	8.680143301323863	8.878701783471566
C428	Intermediate	Post	trim95	4plus_vs_1	none	4290	G_M2	G	low	16	168498	75818	8.428144395463313	8.784415338464987
C428	Intermediate	Post	trim95	4plus_vs_1	none	4291	G_M2	G	high	8	108833	57232	8.802133876724916	9.133347511069243
C428	Intermediate	Post	trim95	4plus_vs_1	none	4292	J_M2	J	low	14	138717	70264	8.429705856077138	8.965170349436166
C428	Intermediate	Post	trim95	4plus_vs_1	none	4293	J_M2	J	high	1	10946	6745	8.816705015621595	9.117127990254003
C428	Intermediate	Post	trim95	4plus_vs_1	none	4294	N_M2	N	low	6	65722	35792	8.493132263451306	8.977343482992323
C428	Intermediate	Post	trim95	4plus_vs_1	none	4295	N_M2	N	high	3	26213	38951	9.400093317704039	8.82785008745631
C429	Intermediate	Post	trim95	4plus_vs_1	0.1	4296	E_M2	E	low	3	31316	14487	8.448163356986873	9.061750561278538
C429	Intermediate	Post	trim95	4plus_vs_1	0.1	4297	E_M2	E	high	3	30692	14115	8.433215739437564	9.013916775723748
C429	Intermediate	Post	trim95	4plus_vs_1	0.1	4298	G_M2	G	low	1	22808	4776	8.471568013389962	9.664659134301736
C429	Intermediate	Post	trim95	4plus_vs_1	0.1	4299	G_M2	G	high	1	20818	4834	8.483636407887394	9.641798060358601
C430	Intermediate	Post	trim95	4plus_vs_1	0.2	4300	E_M2	E	low	5	63732	29601	8.62656863096451	9.196066438571671
C430	Intermediate	Post	trim95	4plus_vs_1	0.2	4301	E_M2	E	high	5	60609	31066	8.664962543932685	9.158588458083411
C430	Intermediate	Post	trim95	4plus_vs_1	0.2	4302	G_M2	G	low	2	38585	8624	8.363568333336854	9.537048118216788
C430	Intermediate	Post	trim95	4plus_vs_1	0.2	4303	G_M2	G	high	2	33724	9286	8.442484856604548	9.449892542901068
C430	Intermediate	Post	trim95	4plus_vs_1	0.2	4304	N_M2	N	low	1	13514	14031	9.549095714611964	9.207837241758064
C430	Intermediate	Post	trim95	4plus_vs_1	0.2	4305	N_M2	N	high	1	13212	16179	9.691531190612483	9.281916570465405
C431	Intermediate	Post	trim95	4plus_vs_1	0.3	4306	E_M2	E	low	6	75423	38758	8.709204374673266	9.194635545114743
C431	Intermediate	Post	trim95	4plus_vs_1	0.3	4307	E_M2	E	high	6	75320	39828	8.733851051786544	9.19874951257406
C431	Intermediate	Post	trim95	4plus_vs_1	0.3	4308	G_M2	G	low	6	71227	32149	8.553484337586406	8.941824786602725
C431	Intermediate	Post	trim95	4plus_vs_1	0.3	4309	G_M2	G	high	6	74059	34558	8.626334551738685	8.99260324803166
C431	Intermediate	Post	trim95	4plus_vs_1	0.3	4310	J_M2	J	low	1	12574	5250	8.566173813637858	9.24319470884713
C431	Intermediate	Post	trim95	4plus_vs_1	0.3	4311	J_M2	J	high	1	10946	6745	8.816705015621595	9.117127990254003
C431	Intermediate	Post	trim95	4plus_vs_1	0.3	4312	N_M2	N	low	1	13514	14031	9.549095714611964	9.207837241758064
C431	Intermediate	Post	trim95	4plus_vs_1	0.3	4313	N_M2	N	high	1	13212	16179	9.691531190612483	9.281916570465405
C432	Intermediate	Post	trim95	3plus_vs_1to2	none	4314	E_M2	E	low	48	550163	237204	8.442054273954541	9.000549909475671
C432	Intermediate	Post	trim95	3plus_vs_1to2	none	4315	E_M2	E	high	14	138711	81121	8.590455339943484	8.822006956629048
C432	Intermediate	Post	trim95	3plus_vs_1to2	none	4316	G_M2	G	low	28	343115	150029	8.488313175080965	8.939287273528826
C432	Intermediate	Post	trim95	3plus_vs_1to2	none	4317	G_M2	G	high	13	144599	82454	8.657201605253265	8.88292629024089
C432	Intermediate	Post	trim95	3plus_vs_1to2	none	4318	I_M2	I	low	35	145316	145406	8.251593388260993	8.208310036218238
C432	Intermediate	Post	trim95	3plus_vs_1to2	none	4319	I_M2	I	high	2	8861	8604	8.347735401839754	8.310750345081525
C432	Intermediate	Post	trim95	3plus_vs_1to2	none	4320	J_M2	J	low	19	169908	101476	8.507838575347046	8.854806630238949
C432	Intermediate	Post	trim95	3plus_vs_1to2	none	4321	J_M2	J	high	3	34592	19700	8.785945007394185	9.163856419421384
C432	Intermediate	Post	trim95	3plus_vs_1to2	none	4322	N_M2	N	low	10	119988	54161	8.401216750953557	9.054816939154485
C432	Intermediate	Post	trim95	3plus_vs_1to2	none	4323	N_M2	N	high	4	36094	52060	9.420352632467464	8.880152025550457
C433	Intermediate	Post	trim95	3plus_vs_1to2	0.1	4324	E_M2	E	low	6	71086	30141	8.48959862494457	9.172961449939386
C433	Intermediate	Post	trim95	3plus_vs_1to2	0.1	4325	E_M2	E	high	6	69140	29972	8.490376538727167	9.129521228731443
C433	Intermediate	Post	trim95	3plus_vs_1to2	0.1	4326	G_M2	G	low	2	37445	8341	8.325383905906524	9.487467667445259
C433	Intermediate	Post	trim95	3plus_vs_1to2	0.1	4327	G_M2	G	high	2	33217	8471	8.34141288348273	9.429755593332098
C433	Intermediate	Post	trim95	3plus_vs_1to2	0.1	4328	I_M2	I	low	1	5112	4899	8.496990484098719	8.463159302923751
C433	Intermediate	Post	trim95	3plus_vs_1to2	0.1	4329	I_M2	I	high	1	5125	5140	8.545002892055505	8.460411177317253
C434	Intermediate	Post	trim95	3plus_vs_1to2	0.2	4330	E_M2	E	low	9	120483	51570	8.585789717786696	9.212993804876836
C434	Intermediate	Post	trim95	3plus_vs_1to2	0.2	4331	E_M2	E	high	9	110663	53395	8.621435621032251	9.15673075382426
C434	Intermediate	Post	trim95	3plus_vs_1to2	0.2	4332	G_M2	G	low	9	124085	60755	8.744134043342187	9.17840649449079
C434	Intermediate	Post	trim95	3plus_vs_1to2	0.2	4333	G_M2	G	high	9	121174	64060	8.78492652397074	9.161147639013475
C434	Intermediate	Post	trim95	3plus_vs_1to2	0.2	4334	I_M2	I	low	2	8601	8924	8.398759545149229	8.285439682417142
C434	Intermediate	Post	trim95	3plus_vs_1to2	0.2	4335	I_M2	I	high	2	8861	8604	8.347735401839754	8.310750345081525
C434	Intermediate	Post	trim95	3plus_vs_1to2	0.2	4336	J_M2	J	low	3	30693	18249	8.706142520294213	9.04983092005282
C434	Intermediate	Post	trim95	3plus_vs_1to2	0.2	4337	J_M2	J	high	3	34592	19700	8.785945007394185	9.163856419421384
C434	Intermediate	Post	trim95	3plus_vs_1to2	0.2	4338	N_M2	N	low	1	13514	14031	9.549095714611964	9.207837241758064
C434	Intermediate	Post	trim95	3plus_vs_1to2	0.2	4339	N_M2	N	high	1	9881	13109	9.481130576757746	9.037057839832897
C435	Intermediate	Post	trim95	3plus_vs_1to2	0.3	4340	E_M2	E	low	11	138965	64797	8.609648591072753	9.165750216451288
C435	Intermediate	Post	trim95	3plus_vs_1to2	0.3	4341	E_M2	E	high	11	131335	67694	8.662782080370636	9.128031963591297
C435	Intermediate	Post	trim95	3plus_vs_1to2	0.3	4342	G_M2	G	low	12	146136	75168	8.674261493367231	9.017076103860767
C435	Intermediate	Post	trim95	3plus_vs_1to2	0.3	4343	G_M2	G	high	12	142519	80185	8.734673813151415	8.991487696265585
C435	Intermediate	Post	trim95	3plus_vs_1to2	0.3	4344	I_M2	I	low	2	8601	8924	8.398759545149229	8.285439682417142
C435	Intermediate	Post	trim95	3plus_vs_1to2	0.3	4345	I_M2	I	high	2	8861	8604	8.347735401839754	8.310750345081525
C435	Intermediate	Post	trim95	3plus_vs_1to2	0.3	4346	J_M2	J	low	3	30693	18249	8.706142520294213	9.04983092005282
C435	Intermediate	Post	trim95	3plus_vs_1to2	0.3	4347	J_M2	J	high	3	34592	19700	8.785945007394185	9.163856419421384
C435	Intermediate	Post	trim95	3plus_vs_1to2	0.3	4348	N_M2	N	low	1	13514	14031	9.549095714611964	9.207837241758064
C435	Intermediate	Post	trim95	3plus_vs_1to2	0.3	4349	N_M2	N	high	1	9881	13109	9.481130576757746	9.037057839832897
C436	Intermediate	Post	trim95	positive_q25	none	4350	E_M2	E	low	16	190948	98921	8.685548652885636	8.930748164297476
C436	Intermediate	Post	trim95	positive_q25	none	4351	E_M2	E	high	16	141524	68777	8.263272383694286	8.750736310257597
C436	Intermediate	Post	trim95	positive_q25	none	4352	G_M2	G	low	11	143717	79519	8.821721696578479	9.11776135658654
C436	Intermediate	Post	trim95	positive_q25	none	4353	G_M2	G	high	11	106751	44258	8.24499489887421	8.771034138049869
C436	Intermediate	Post	trim95	positive_q25	none	4354	I_M2	I	low	11	52031	62900	8.613876533683694	8.356791543657543
C436	Intermediate	Post	trim95	positive_q25	none	4355	I_M2	I	high	10	38237	31655	8.007890771960156	8.134660198337322
C436	Intermediate	Post	trim95	positive_q25	none	4356	J_M2	J	low	6	56002	42415	8.826981344549319	8.866741903720472
C436	Intermediate	Post	trim95	positive_q25	none	4357	J_M2	J	high	6	52537	32574	8.543432133192047	8.811494605601586
C436	Intermediate	Post	trim95	positive_q25	none	4358	L_M2	L	low	2	34158	34755	9.762255318608606	9.465544146168511
C436	Intermediate	Post	trim95	positive_q25	none	4359	L_M2	L	high	2	33440	25596	9.455746188643282	9.412323244288338
C436	Intermediate	Post	trim95	positive_q25	none	4360	N_M2	N	low	4	61062	35746	9.023955574327621	9.329319733204882
C436	Intermediate	Post	trim95	positive_q25	none	4361	N_M2	N	high	4	29097	28291	8.549902414183752	8.699458960235908
C437	Intermediate	Post	trim95	positive_q25	0.1	4362	E_M2	E	low	2	19112	10817	8.568135343731893	8.980948187390968
C437	Intermediate	Post	trim95	positive_q25	0.1	4363	E_M2	E	high	2	17553	10465	8.548445418328527	8.901751500971027
C437	Intermediate	Post	trim95	positive_q25	0.1	4364	G_M2	G	low	1	22808	4776	8.471568013389962	9.664659134301736
C437	Intermediate	Post	trim95	positive_q25	0.1	4365	G_M2	G	high	1	20818	4834	8.483636407887394	9.641798060358601
C437	Intermediate	Post	trim95	positive_q25	0.1	4366	I_M2	I	low	1	5112	4899	8.496990484098719	8.463159302923751
C437	Intermediate	Post	trim95	positive_q25	0.1	4367	I_M2	I	high	1	5125	5140	8.545002892055505	8.460411177317253
C438	Intermediate	Post	trim95	positive_q25	0.2	4368	E_M2	E	low	5	65299	30362	8.66424599995057	9.210184567927133
C438	Intermediate	Post	trim95	positive_q25	0.2	4369	E_M2	E	high	5	59600	31146	8.669297582245788	9.148005034831977
C438	Intermediate	Post	trim95	positive_q25	0.2	4370	G_M2	G	low	2	28675	10060	8.522097955847151	9.112072618954112
C438	Intermediate	Post	trim95	positive_q25	0.2	4371	G_M2	G	high	2	27454	9649	8.481667697438025	9.16722801055279
C438	Intermediate	Post	trim95	positive_q25	0.2	4372	I_M2	I	low	3	13445	13187	8.385435539745837	8.3299280542783
C438	Intermediate	Post	trim95	positive_q25	0.2	4373	I_M2	I	high	3	13410	12050	8.280243456732125	8.323425076651441
C438	Intermediate	Post	trim95	positive_q25	0.2	4374	J_M2	J	low	2	16013	10991	8.610868337159435	8.66310731400923
C438	Intermediate	Post	trim95	positive_q25	0.2	4375	J_M2	J	high	2	17433	11293	8.63864980986191	8.672188763528885
C439	Intermediate	Post	trim95	positive_q25	0.3	4376	E_M2	E	low	7	86407	40402	8.623428121168745	9.174216978181068
C439	Intermediate	Post	trim95	positive_q25	0.3	4377	E_M2	E	high	7	80162	37896	8.513623125868525	9.094050310441649
C439	Intermediate	Post	trim95	positive_q25	0.3	4378	G_M2	G	low	4	45031	21726	8.59673220716778	8.949114061805345
C439	Intermediate	Post	trim95	positive_q25	0.3	4379	G_M2	G	high	4	48069	20286	8.523678163360692	9.104059548817412
C439	Intermediate	Post	trim95	positive_q25	0.3	4380	I_M2	I	low	3	13445	13187	8.385435539745837	8.3299280542783
C439	Intermediate	Post	trim95	positive_q25	0.3	4381	I_M2	I	high	3	13410	12050	8.280243456732125	8.323425076651441
C439	Intermediate	Post	trim95	positive_q25	0.3	4382	J_M2	J	low	4	35301	24695	8.695776804437553	8.827966833753152
C439	Intermediate	Post	trim95	positive_q25	0.3	4383	J_M2	J	high	4	38954	24696	8.71860700838169	8.94621715424387
C439	Intermediate	Post	trim95	positive_q25	0.3	4384	L_M2	L	low	1	14132	18043	9.800568498528287	9.365804474600255
C439	Intermediate	Post	trim95	positive_q25	0.3	4385	L_M2	L	high	1	12799	13469	9.50822026940441	9.20391980417326
C440	Intermediate	Post	trim95	positive_q33	none	4386	E_M2	E	low	21	246648	122467	8.618709226060087	8.971567052606428
C440	Intermediate	Post	trim95	positive_q33	none	4387	E_M2	E	high	21	189605	91783	8.299890427357944	8.755050706528879
C440	Intermediate	Post	trim95	positive_q33	none	4388	G_M2	G	low	14	157572	92281	8.721818243537722	8.909412440094139
C440	Intermediate	Post	trim95	positive_q33	none	4389	G_M2	G	high	14	140452	61344	8.302869090290542	8.751394790860823
C440	Intermediate	Post	trim95	positive_q33	none	4390	I_M2	I	low	13	58773	71014	8.566882363519785	8.312325376193373
C440	Intermediate	Post	trim95	positive_q33	none	4391	I_M2	I	high	12	44711	40730	8.076632049024749	8.108075145610693
C440	Intermediate	Post	trim95	positive_q33	none	4392	J_M2	J	low	8	85790	51511	8.72590129870722	8.999301212660338
C440	Intermediate	Post	trim95	positive_q33	none	4393	J_M2	J	high	8	71039	38254	8.39549802345128	8.843296335699257
C440	Intermediate	Post	trim95	positive_q33	none	4394	L_M2	L	low	2	34158	34755	9.762255318608606	9.465544146168511
C440	Intermediate	Post	trim95	positive_q33	none	4395	L_M2	L	high	2	33440	25596	9.455746188643282	9.412323244288338
C440	Intermediate	Post	trim95	positive_q33	none	4396	N_M2	N	low	5	70943	48855	9.115390574813645	9.270867354530484
C440	Intermediate	Post	trim95	positive_q33	none	4397	N_M2	N	high	5	47995	32150	8.491606423838777	8.863895430194045
C441	Intermediate	Post	trim95	positive_q33	0.1	4398	E_M2	E	low	6	73177	27388	8.401468887484357	9.186984575735002
C441	Intermediate	Post	trim95	positive_q33	0.1	4399	E_M2	E	high	6	72542	27331	8.399862432747385	9.173136899264113
C441	Intermediate	Post	trim95	positive_q33	0.1	4400	G_M2	G	low	1	22808	4776	8.471568013389962	9.664659134301736
C441	Intermediate	Post	trim95	positive_q33	0.1	4401	G_M2	G	high	1	20818	4834	8.483636407887394	9.641798060358601
C441	Intermediate	Post	trim95	positive_q33	0.1	4402	I_M2	I	low	2	9321	9673	8.484069868506776	8.373957948057093
C441	Intermediate	Post	trim95	positive_q33	0.1	4403	I_M2	I	high	2	9447	9654	8.480081678953296	8.381462447915705
C442	Intermediate	Post	trim95	positive_q33	0.2	4404	E_M2	E	low	11	127668	55417	8.481652699885114	9.019007255810992
C442	Intermediate	Post	trim95	positive_q33	0.2	4405	E_M2	E	high	11	122282	55365	8.460119455705186	8.991310546910714
C442	Intermediate	Post	trim95	positive_q33	0.2	4406	G_M2	G	low	3	45628	18908	8.710751882987218	9.2381039687902
C442	Intermediate	Post	trim95	positive_q33	0.2	4407	G_M2	G	high	3	45136	19709	8.726585745722701	9.294849652608184
C442	Intermediate	Post	trim95	positive_q33	0.2	4408	I_M2	I	low	4	17163	17842	8.39958160269567	8.287920900197355
C442	Intermediate	Post	trim95	positive_q33	0.2	4409	I_M2	I	high	4	17732	16564	8.313972709011866	8.31819723711712
C442	Intermediate	Post	trim95	positive_q33	0.2	4410	J_M2	J	low	2	16013	10991	8.610868337159435	8.66310731400923
C442	Intermediate	Post	trim95	positive_q33	0.2	4411	J_M2	J	high	2	17433	11293	8.63864980986191	8.672188763528885
C443	Intermediate	Post	trim95	positive_q33	0.3	4412	E_M2	E	low	13	148776	65457	8.487765119012664	9.029051986273286
C443	Intermediate	Post	trim95	positive_q33	0.3	4413	E_M2	E	high	13	137814	63697	8.432049832295514	8.9596328241807
C443	Intermediate	Post	trim95	positive_q33	0.3	4414	G_M2	G	low	6	67679	33321	8.587697863214794	8.885594450380452
C443	Intermediate	Post	trim95	positive_q33	0.3	4415	G_M2	G	high	6	67396	35477	8.642397536911725	8.891305504415888
C443	Intermediate	Post	trim95	positive_q33	0.3	4416	I_M2	I	low	5	20416	21931	8.382925331963907	8.235897289831946
C443	Intermediate	Post	trim95	positive_q33	0.3	4417	I_M2	I	high	5	20255	20727	8.318024453156465	8.21145243684099
C443	Intermediate	Post	trim95	positive_q33	0.3	4418	J_M2	J	low	4	39710	24548	8.687839629858907	8.909899489879164
C443	Intermediate	Post	trim95	positive_q33	0.3	4419	J_M2	J	high	4	38954	24696	8.71860700838169	8.94621715424387
C443	Intermediate	Post	trim95	positive_q33	0.3	4420	L_M2	L	low	1	14132	18043	9.800568498528287	9.365804474600255
C443	Intermediate	Post	trim95	positive_q33	0.3	4421	L_M2	L	high	1	12799	13469	9.50822026940441	9.20391980417326
C443	Intermediate	Post	trim95	positive_q33	0.3	4422	N_M2	N	low	1	15052	4664	8.447843113281444	9.312445594913337
C443	Intermediate	Post	trim95	positive_q33	0.3	4423	N_M2	N	high	1	18898	3859	8.258422462458876	9.521641310026597
C444	Intermediate	Post	trim95	detected_vs_zero	none	4424	E_M2	E	low	37	356057	144165	8.177254526738551	8.8484331523894
C444	Intermediate	Post	trim95	detected_vs_zero	none	4425	E_M2	E	high	62	688874	318325	8.475564192081077	8.960233758832883
C444	Intermediate	Post	trim95	detected_vs_zero	none	4426	G_M2	G	low	16	183964	67439	8.24845261156101	8.923839045169345
C444	Intermediate	Post	trim95	detected_vs_zero	none	4427	G_M2	G	high	41	487714	232483	8.541863165135597	8.92141671785216
C444	Intermediate	Post	trim95	detected_vs_zero	none	4428	I_M2	I	low	20	73489	67336	8.008809377264495	8.0709353603786
C444	Intermediate	Post	trim95	detected_vs_zero	none	4429	I_M2	I	high	37	154177	154010	8.256790253859844	8.213847350210848
C444	Intermediate	Post	trim95	detected_vs_zero	none	4430	J_M2	J	low	14	155772	55484	8.243820027770091	8.998117338140297
C444	Intermediate	Post	trim95	detected_vs_zero	none	4431	J_M2	J	high	22	204500	121176	8.54576217971711	8.896949783309282
C444	Intermediate	Post	trim95	detected_vs_zero	none	4432	N_M2	N	low	9	84656	34645	8.128120860915836	8.675674424867841
C444	Intermediate	Post	trim95	detected_vs_zero	none	4433	N_M2	N	high	14	156082	106221	8.692398431386101	9.004912678124763
C445	Intermediate	Post	trim95	detected_vs_zero	0.1	4434	E_M2	E	low	17	186111	77408	8.36588067418238	9.057227690315246
C445	Intermediate	Post	trim95	detected_vs_zero	0.1	4435	E_M2	E	high	17	188119	78205	8.383948693527302	9.064241826759073
C445	Intermediate	Post	trim95	detected_vs_zero	0.1	4436	G_M2	G	low	4	56601	15439	8.249753164086563	9.291484663329339
C445	Intermediate	Post	trim95	detected_vs_zero	0.1	4437	G_M2	G	high	4	54640	15136	8.233556187963332	9.272116306016091
C445	Intermediate	Post	trim95	detected_vs_zero	0.1	4438	I_M2	I	low	9	38436	29814	8.071849882832094	8.239634510746944
C445	Intermediate	Post	trim95	detected_vs_zero	0.1	4439	I_M2	I	high	9	37620	31081	8.103620812157954	8.22434524528601
C445	Intermediate	Post	trim95	detected_vs_zero	0.1	4440	J_M2	J	low	5	66230	20947	8.302537547277177	9.271301643190027
C445	Intermediate	Post	trim95	detected_vs_zero	0.1	4441	J_M2	J	high	5	63593	21423	8.32808346840938	9.247807279389658
C445	Intermediate	Post	trim95	detected_vs_zero	0.1	4442	N_M2	N	low	1	4572	2361	7.767263996757308	8.354203562921775
C445	Intermediate	Post	trim95	detected_vs_zero	0.1	4443	N_M2	N	high	1	5159	2240	7.714677473800927	8.452547997922705
C446	Intermediate	Post	trim95	detected_vs_zero	0.2	4444	E_M2	E	low	27	288282	117476	8.31769300721187	8.998943028576914
C446	Intermediate	Post	trim95	detected_vs_zero	0.2	4445	E_M2	E	high	27	304835	120698	8.345230732780765	9.035044162345887
C446	Intermediate	Post	trim95	detected_vs_zero	0.2	4446	G_M2	G	low	12	128519	52664	8.286926723311396	8.849554162164322
C446	Intermediate	Post	trim95	detected_vs_zero	0.2	4447	G_M2	G	high	12	135649	54067	8.30073227189946	8.878204999828062
C446	Intermediate	Post	trim95	detected_vs_zero	0.2	4448	I_M2	I	low	14	57076	41709	7.959135472238812	8.19981620258549
C446	Intermediate	Post	trim95	detected_vs_zero	0.2	4449	I_M2	I	high	14	58724	44166	8.006873348694102	8.222797787578106
C446	Intermediate	Post	trim95	detected_vs_zero	0.2	4450	J_M2	J	low	9	108624	38624	8.34140194232849	9.166549728509061
C446	Intermediate	Post	trim95	detected_vs_zero	0.2	4451	J_M2	J	high	9	101592	42057	8.420045820835442	9.103324860845685
C446	Intermediate	Post	trim95	detected_vs_zero	0.2	4452	N_M2	N	low	2	21631	6680	8.06913733899773	8.884109601508385
C446	Intermediate	Post	trim95	detected_vs_zero	0.2	4453	N_M2	N	high	2	18935	5984	7.971427184876124	8.844862511926223
C447	Intermediate	Post	trim95	detected_vs_zero	0.3	4454	E_M2	E	low	33	328340	137243	8.266885215790397	8.8980595600765
C447	Intermediate	Post	trim95	detected_vs_zero	0.3	4455	E_M2	E	high	33	359281	149398	8.364368177238958	8.96705972594116
C447	Intermediate	Post	trim95	detected_vs_zero	0.3	4456	G_M2	G	low	13	144586	58953	8.322295156110094	8.893829158836885
C447	Intermediate	Post	trim95	detected_vs_zero	0.3	4457	G_M2	G	high	13	161230	64241	8.421737095103937	8.965700008179814
C447	Intermediate	Post	trim95	detected_vs_zero	0.3	4458	I_M2	I	low	17	65651	54082	7.989530326297179	8.142505131633847
C447	Intermediate	Post	trim95	detected_vs_zero	0.3	4459	I_M2	I	high	17	66119	58925	8.080257999154565	8.146457594899061
C447	Intermediate	Post	trim95	detected_vs_zero	0.3	4460	J_M2	J	low	11	132779	44408	8.267453106610184	9.169273859120109
C447	Intermediate	Post	trim95	detected_vs_zero	0.3	4461	J_M2	J	high	11	122151	46114	8.299187729794422	9.107895993075642
C447	Intermediate	Post	trim95	detected_vs_zero	0.3	4462	N_M2	N	low	4	50408	17850	8.33759661787642	9.08239626794397
C447	Intermediate	Post	trim95	detected_vs_zero	0.3	4463	N_M2	N	high	4	47049	19521	8.423755098073736	9.05091891456829
